Date,Close,High,Low,Open,Volume,Ticker,SMA_20,EMA_20,SMA_50,EMA_50,SMA_100,EMA_100,SMA_200,EMA_200
2021-08-25,144.7061,146.6178,144.1598,146.1203,58991300,AAPL,,144.7061,,144.7061,,144.7061,,144.7061
2021-08-26,143.9062,145.4473,143.8769,144.6963,48597200,AAPL,,144.6299,,144.6747,,144.6902,,144.6981
2021-08-27,144.9402,145.0865,143.2138,143.8477,55802400,AAPL,,144.6594,,144.6851,,144.6952,,144.7005
2021-08-30,149.3488,149.7097,144.9499,145.3303,90956700,AAPL,,145.1060,,144.8680,,144.7873,,144.7468
2021-08-31,148.0906,149.0367,147.5639,148.9002,86453100,AAPL,,145.3903,,144.9944,,144.8527,,144.7800
2021-09-01,148.7538,151.1630,148.5880,149.0660,80313700,AAPL,,145.7106,,145.1418,,144.9300,,144.8196
2021-09-02,149.8658,150.9094,148.6466,150.0804,71115500,AAPL,,146.1064,,145.3271,,145.0277,,144.8698
2021-09-03,150.4998,150.8217,149.3196,149.9731,57808700,AAPL,,146.5248,,145.5299,,145.1361,,144.9258
2021-09-07,152.8309,153.3868,150.5875,151.1532,82278300,AAPL,,147.1254,,145.8162,,145.2884,,145.0045
2021-09-08,151.2898,153.1723,150.1877,153.1138,74420200,AAPL,,147.5220,,146.0309,,145.4073,,145.0670
2021-09-09,150.2754,152.2652,150.1584,151.6604,57305700,AAPL,,147.7842,,146.1973,,145.5037,,145.1188
2021-09-10,145.3010,151.6507,145.0377,151.1825,140893200,AAPL,,147.5477,,146.1622,,145.4997,,145.1206
2021-09-13,145.8668,147.6907,145.0865,146.9202,102404300,AAPL,,147.3876,,146.1506,,145.5069,,145.1281
2021-09-14,144.4719,147.3493,143.2917,146.6470,109296300,AAPL,,147.1099,,146.0848,,145.4864,,145.1215
2021-09-15,145.3596,145.7595,142.7651,144.9011,83281300,AAPL,,146.9432,,146.0563,,145.4839,,145.1239
2021-09-16,145.1254,145.3010,143.5941,144.7841,68034100,AAPL,,146.7701,,146.0198,,145.4768,,145.1239
2021-09-17,142.4627,145.1548,142.1701,145.1548,129868800,AAPL,,146.3599,,145.8803,,145.4171,,145.0974
2021-09-20,139.4195,141.2727,137.7907,140.2584,123478900,AAPL,,145.6989,,145.6270,,145.2984,,145.0409
2021-09-21,139.8975,141.0387,139.2635,140.3851,75834000,AAPL,,145.1464,,145.4023,,145.1914,,144.9898
2021-09-22,142.2579,142.8236,140.1608,140.8923,76404300,AAPL,146.2335,144.8713,,145.2790,,145.1333,,144.9626
2021-09-23,143.2138,143.4576,142.0531,143.0382,64838200,AAPL,146.1589,144.7134,,145.1980,,145.0953,,144.9452
2021-09-24,143.3015,143.8380,141.9750,142.0725,53477900,AAPL,146.1286,144.5790,,145.1236,,145.0598,,144.9288
2021-09-27,141.7897,142.3652,140.2779,141.8872,74150700,AAPL,145.9711,144.3133,,144.9929,,144.9951,,144.8976
2021-09-28,138.4149,141.1850,138.2003,139.7219,108972300,AAPL,145.4244,143.7516,,144.7349,,144.8648,,144.8331
2021-09-29,139.3123,140.8924,138.5320,138.9611,74602000,AAPL,144.9855,143.3288,,144.5222,,144.7548,,144.7781
2021-09-30,138.0150,140.8241,137.8004,140.1218,89056700,AAPL,144.4486,142.8227,,144.2671,,144.6213,,144.7109
2021-10-01,139.1367,139.4001,135.6839,138.4052,94639600,AAPL,143.9121,142.4716,,144.0659,,144.5127,,144.6554
2021-10-04,135.7131,138.7075,134.8646,138.2686,98322000,AAPL,143.1728,141.8280,,143.7383,,144.3385,,144.5664
2021-10-05,137.6347,138.7368,135.9278,136.0546,80861100,AAPL,142.4130,141.4286,,143.4990,,144.2057,,144.4974
2021-10-06,138.5027,138.6490,134.9621,136.0350,83221100,AAPL,141.7736,141.1500,,143.3030,,144.0928,,144.4378
2021-10-07,139.7609,140.6680,139.2050,139.5366,61732700,AAPL,141.2479,141.0177,,143.1641,,144.0070,,144.3913
2021-10-08,139.3805,140.6290,139.0489,140.4827,58773200,AAPL,140.9519,140.8617,,143.0157,,143.9154,,144.3414
2021-10-11,139.2927,141.2435,138.3174,138.7660,64452200,AAPL,140.6232,140.7123,,142.8697,,143.8239,,144.2912
2021-10-12,138.0248,139.7219,137.5664,139.7024,73035900,AAPL,140.3008,140.4564,,142.6797,,143.7090,,144.2288
2021-10-13,137.4395,137.9175,135.7716,137.7614,78762700,AAPL,139.9048,140.1690,,142.4742,,143.5849,,144.1613
2021-10-14,140.2193,140.3364,138.0247,138.6099,69907100,AAPL,139.6595,140.1738,,142.3858,,143.5182,,144.1220
2021-10-15,141.2728,141.3313,139.9755,140.2291,67940300,AAPL,139.6000,140.2785,,142.3422,,143.4738,,144.0937
2021-10-18,142.9406,143.2235,139.6341,139.9170,85589200,AAPL,139.7760,140.5320,,142.3656,,143.4632,,144.0822
2021-10-19,145.0962,145.4961,142.9406,143.3893,76378900,AAPL,140.0360,140.9667,,142.4727,,143.4956,,144.0923
2021-10-20,145.5839,146.0618,144.4720,145.0377,58418800,AAPL,140.2023,141.4064,,142.5947,,143.5369,,144.1071
2021-10-21,145.7985,145.9546,144.2281,145.1450,61421000,AAPL,140.3315,141.8247,,142.7204,,143.5817,,144.1240
2021-10-22,145.0279,146.4812,144.9792,146.0033,58883400,AAPL,140.4178,142.1298,,142.8109,,143.6103,,144.1330
2021-10-25,144.9791,145.6912,143.9843,145.0181,50720600,AAPL,140.5773,142.4012,,142.8959,,143.6374,,144.1414
2021-10-26,145.6424,147.1250,145.3400,145.6522,60893400,AAPL,140.9387,142.7099,,143.0036,,143.6771,,144.1563
2021-10-27,145.1840,146.0423,144.8329,145.6814,56094900,AAPL,141.2323,142.9455,,143.0891,,143.7070,,144.1665
2021-10-28,148.8124,149.3976,146.0326,146.1301,100077900,AAPL,141.7721,143.5042,,143.3135,,143.8081,,144.2128
2021-10-29,146.1106,146.2472,142.8041,143.5942,124953200,AAPL,142.1208,143.7525,,143.4232,,143.8537,,144.2317
2021-11-01,145.2913,146.0131,144.1599,145.3206,74588300,AAPL,142.5997,143.8990,,143.4965,,143.8821,,144.2422
2021-11-02,146.3252,147.8370,144.9889,144.9987,69122000,AAPL,143.0343,144.1301,,143.6074,,143.9305,,144.2629
2021-11-03,147.7590,148.2271,146.1301,146.6861,54511500,AAPL,143.4971,144.4757,143.7929,143.7702,,144.0063,,144.2977
2021-11-04,147.2420,148.6758,146.9299,147.8467,60394600,AAPL,143.8711,144.7392,143.8436,143.9064,,144.0704,,144.3270
2021-11-05,147.7695,148.6681,146.5778,148.3653,65463900,AAPL,144.2906,145.0278,143.9209,144.0579,,144.1437,,144.3613
2021-11-08,146.9490,148.0528,146.6755,147.8965,55020900,AAPL,144.6734,145.2107,143.9611,144.1712,,144.1992,,144.3870
2021-11-09,147.3104,147.9160,146.5778,146.7146,56787900,AAPL,145.1377,145.4107,143.9203,144.2943,,144.2608,,144.4161
2021-11-10,144.4875,146.6462,144.4191,146.5387,65187100,AAPL,145.4901,145.3228,143.8482,144.3019,,144.2653,,144.4168
2021-11-11,144.4386,145.9624,144.2530,145.5033,41000000,AAPL,145.7010,145.2386,143.7619,144.3073,,144.2687,,144.4170
2021-11-12,146.5094,146.9099,144.0577,144.9856,63804000,AAPL,145.9629,145.3596,143.6948,144.3936,,144.3131,,144.4378
2021-11-15,146.5192,148.3556,145.9624,146.8806,59222800,AAPL,146.1418,145.4700,143.6152,144.4770,,144.3568,,144.4586
2021-11-16,147.4960,147.9747,145.8745,146.4606,59256200,AAPL,146.2618,145.6630,143.5085,144.5954,,144.4190,,144.4888
2021-11-17,149.9282,151.4031,147.4862,147.4960,88807000,AAPL,146.4790,146.0692,143.4813,144.8045,,144.5280,,144.5429
2021-11-18,154.2066,154.9880,149.4984,150.1431,137827700,AAPL,146.8994,146.8442,143.5599,145.1732,,144.7197,,144.6391
2021-11-19,156.8244,157.2835,152.8977,153.9917,117305600,AAPL,147.4892,147.7947,143.7904,145.6301,,144.9594,,144.7603
2021-11-22,157.2835,161.8549,157.2639,157.9282,117467900,AAPL,148.1045,148.6984,144.0187,146.0871,,145.2034,,144.8849
2021-11-23,157.6644,158.0454,155.3690,157.3811,96041900,AAPL,148.7056,149.5523,144.2825,146.5411,,145.4502,,145.0121
2021-11-24,158.1821,158.3775,155.9355,157.0197,69463600,AAPL,149.3555,150.3742,144.5390,146.9976,,145.7023,,145.1431
2021-11-26,153.1712,156.7267,152.7316,155.8671,76959800,AAPL,149.5734,150.6406,144.6999,147.2397,,145.8502,,145.2230
2021-11-29,156.5216,157.4495,155.1052,155.6717,88748200,AAPL,150.0939,151.2007,144.9811,147.6037,,146.0615,,145.3354
2021-11-30,161.4641,161.6790,156.2090,156.2774,174048100,AAPL,150.9026,152.1781,145.4220,148.1473,,146.3665,,145.4959
2021-12-01,160.9464,166.3481,160.7120,163.5935,152052500,AAPL,151.6337,153.0132,145.8430,148.6492,,146.6552,,145.6496
2021-12-02,159.9599,160.3897,154.1382,155.0564,136739200,AAPL,152.2437,153.6748,146.1970,149.0928,,146.9187,,145.7920
2021-12-03,158.0844,161.1321,156.0136,160.2139,118023100,AAPL,152.7858,154.0948,146.4944,149.4454,,147.1398,,145.9143
2021-12-06,161.4837,163.9842,160.4678,160.4775,107497000,AAPL,153.4715,154.7985,146.8581,149.9175,,147.4238,,146.0693
2021-12-07,167.2077,167.5984,164.4336,165.1564,120405400,AAPL,154.4845,155.9803,147.3664,150.5955,,147.8156,,146.2796
2021-12-08,171.0172,171.8767,166.7388,168.1356,116998900,AAPL,155.6698,157.4124,148.0185,151.3964,,148.2750,,146.5257
2021-12-09,170.5092,172.6484,169.8841,170.8511,108923700,AAPL,156.9709,158.6597,148.6424,152.1459,,148.7153,,146.7644
2021-12-10,175.2858,175.4616,170.6362,171.1442,115402700,AAPL,158.5133,160.2431,149.3878,153.0533,,149.2415,,147.0482
2021-12-13,171.6619,177.9036,171.4567,176.9170,153237000,AAPL,159.7709,161.3306,150.0383,153.7831,,149.6854,,147.2931
2021-12-14,170.2846,173.6155,168.2138,171.1833,139380400,AAPL,160.9591,162.1834,150.7298,154.4302,,150.0933,,147.5219
2021-12-15,175.1393,175.3346,168.3115,171.0465,131063300,AAPL,162.3413,163.4173,151.4798,155.2423,,150.5893,,147.7967
2021-12-16,168.2626,176.9366,166.7877,175.1197,150185800,AAPL,163.2580,163.8787,152.0750,155.7529,,150.9393,,148.0003
2021-12-17,167.1686,169.4446,165.7523,165.9867,195432700,AAPL,163.9061,164.1921,152.6232,156.2006,,151.2606,,148.1910
2021-12-20,165.8109,166.6217,163.5741,164.3750,107499100,AAPL,164.3555,164.3462,153.1518,156.5775,,151.5488,,148.3664
2021-12-21,168.9757,169.1808,165.1955,167.5789,91185900,AAPL,164.9401,164.7872,153.7455,157.0637,,151.8938,,148.5714
2021-12-22,171.5642,171.7791,168.1552,169.0245,92135300,AAPL,165.6351,165.4326,154.4163,157.6323,,152.2834,,148.8002
2021-12-23,172.1894,172.7461,171.2028,171.7693,68356600,AAPL,166.3354,166.0761,155.1113,158.2032,,152.6775,,149.0329
2021-12-27,176.1454,176.2333,172.9611,172.9806,74919600,AAPL,167.4841,167.0351,155.8298,158.9068,,153.1422,,149.3027
2021-12-28,175.1295,177.1222,174.3872,175.9794,79144300,AAPL,168.4145,167.8060,156.5069,159.5430,,153.5776,,149.5597
2021-12-29,175.2174,176.4384,174.0062,175.1686,62348900,AAPL,169.1022,168.5118,157.1524,160.1577,,154.0061,,149.8150
2021-12-30,174.0648,176.3798,173.9574,175.3053,59773000,AAPL,169.7581,169.0407,157.7318,160.7031,,154.4033,,150.0563
2021-12-31,173.4495,175.0709,173.1466,173.9574,64062300,AAPL,170.4326,169.4606,158.2891,161.2029,,154.7805,,150.2891
2022-01-03,177.7864,178.6362,173.5862,173.7034,104487900,AAPL,171.4177,170.2535,158.9289,161.8532,,155.2361,,150.5627
2022-01-04,175.5300,178.6948,174.9635,178.3920,99310400,AAPL,172.1200,170.7560,159.5389,162.3896,,155.6379,,150.8111
2022-01-05,170.8609,175.9891,170.5874,175.4421,94537600,AAPL,172.3027,170.7660,160.0566,162.7218,,155.9394,,151.0106
2022-01-06,168.0087,171.2321,167.6570,168.6924,96904000,AAPL,172.1522,170.5034,160.5039,162.9291,,156.1784,,151.1797
2022-01-07,168.1748,170.0990,167.0612,168.8781,86709100,AAPL,172.0355,170.2816,160.9637,163.1348,,156.4159,,151.3488
2022-01-10,168.1943,168.4971,164.2676,165.1565,106765600,AAPL,171.6809,170.0828,161.3513,163.3333,,156.6492,,151.5165
2022-01-11,171.0172,171.1148,166.8560,168.3212,76138300,AAPL,171.6487,170.1718,161.8495,163.6346,,156.9337,,151.7105
2022-01-12,171.4567,173.0684,170.7632,172.0330,74805200,AAPL,171.7073,170.2942,162.3728,163.9413,,157.2213,,151.9070
2022-01-13,168.1943,172.5215,167.8036,171.7010,84505800,AAPL,171.3601,170.0942,162.8102,164.1081,,157.4385,,152.0690
2022-01-14,169.0538,169.7473,167.1198,167.3640,80440800,AAPL,171.3996,169.9951,163.2361,164.3021,153.5145,157.6685,,152.2380
2022-01-18,165.8597,168.5361,165.4788,167.5300,90956700,AAPL,171.3342,169.6013,163.6084,164.3631,153.7260,157.8307,,152.3736
2022-01-19,162.3726,167.1100,162.0893,166.0551,94815000,AAPL,171.1623,168.9128,163.9005,164.2851,153.9107,157.9207,,152.4731
2022-01-20,160.6925,165.7425,160.3701,163.1052,91420500,AAPL,170.7481,168.1299,164.1753,164.1442,154.0682,157.9756,,152.5549
2022-01-21,158.6412,162.4702,158.5338,160.6046,122848900,AAPL,170.1020,167.2263,164.4020,163.9284,154.1611,157.9888,,152.6154
2022-01-24,157.8695,158.5338,151.1101,156.3067,162294600,AAPL,169.3860,166.3351,164.6696,163.6908,154.2589,157.9864,,152.6677
2022-01-25,156.0723,158.9831,153.3763,155.2908,115798400,AAPL,168.3823,165.3577,164.9023,163.3920,154.3321,157.9485,,152.7016
2022-01-26,155.9843,160.5753,154.1577,159.7059,108275300,AAPL,167.4250,164.4650,165.0918,163.1015,154.3933,157.9096,,152.7342
2022-01-27,155.5253,160.0381,154.6071,158.6803,121954600,AAPL,166.4404,163.6136,165.2719,162.8044,154.4435,157.8624,,152.7620
2022-01-28,166.3774,166.3969,159.0221,161.8646,179935700,AAPL,166.0561,163.8768,165.6495,162.9445,154.5790,158.0310,,152.8975
2022-01-31,170.7242,170.9391,165.5765,166.2114,115541600,AAPL,165.9198,164.5290,166.0654,163.2496,154.7734,158.2823,,153.0749
2022-02-01,170.5581,170.7828,168.3115,169.9720,86213900,AAPL,165.5584,165.1032,166.3925,163.5362,154.9762,158.5254,,153.2488
2022-02-02,171.7596,171.7986,169.3078,170.6948,84914300,AAPL,165.3699,165.7371,166.6912,163.8587,155.2408,158.7875,,153.4330
2022-02-03,168.8878,172.1503,168.1259,170.4311,89418100,AAPL,165.2712,166.0372,166.9233,164.0559,155.4710,158.9875,,153.5868
2022-02-04,168.6042,170.2766,166.9317,167.9098,82465400,AAPL,165.3010,166.2816,167.1421,164.2343,155.7123,159.1779,,153.7362
2022-02-07,167.8902,170.1299,167.1958,169.0639,77251200,AAPL,165.2868,166.4348,167.3362,164.3777,155.9376,159.3504,,153.8771
2022-02-08,170.9906,171.4992,167.6653,167.9587,74829200,AAPL,165.4266,166.8687,167.6926,164.6370,156.1963,159.5809,,154.0473
2022-02-09,172.4087,172.7706,171.0590,172.1838,71285000,AAPL,165.4961,167.3963,168.0104,164.9418,156.4957,159.8350,,154.2300
2022-02-10,168.3401,171.6263,167.7826,170.3157,90865900,AAPL,165.3403,167.4862,168.1479,165.0750,156.7849,160.0034,,154.3704
2022-02-11,164.9365,169.2790,164.3496,168.5454,98670700,AAPL,165.1774,167.2434,168.2277,165.0696,157.0353,160.1011,,154.4756
2022-02-14,165.1712,165.8559,162.9022,163.6944,86185500,AAPL,164.9833,167.0460,168.3319,165.0736,157.2644,160.2015,,154.5820
2022-02-15,168.9954,169.1519,166.5111,167.2153,62527400,AAPL,165.1401,167.2317,168.5501,165.2274,157.5223,160.3756,,154.7254
2022-02-16,168.7606,169.5333,166.3155,168.0760,61177400,AAPL,165.4595,167.3773,168.6957,165.3659,157.7769,160.5416,,154.8651
2022-02-17,165.1712,168.1347,164.7702,167.2740,69589300,AAPL,165.6834,167.1672,168.6549,165.3583,158.0107,160.6333,,154.9676
2022-02-18,163.6260,166.7948,162.5404,166.0906,82772700,AAPL,165.9327,166.8299,168.5071,165.2904,158.2628,160.6926,,155.0538
2022-02-22,160.7114,163.0294,158.5891,161.3569,91162800,AAPL,166.0747,166.2472,168.3111,165.1108,158.4768,160.6929,,155.1101
2022-02-23,156.5547,162.5012,156.2418,161.9046,90009200,AAPL,166.0989,165.3241,167.9365,164.7753,158.6622,160.6110,,155.1244
2022-02-24,159.1661,159.2737,148.6620,149.2292,141147500,AAPL,166.2580,164.7377,167.6866,164.5553,158.8625,160.5824,,155.1647
2022-02-25,161.2297,161.4938,157.3371,160.2419,91974200,AAPL,166.5432,164.4036,167.5055,164.4249,159.1176,160.5952,,155.2250
2022-02-28,161.4938,161.7872,158.8629,159.4790,95056600,AAPL,166.2990,164.1264,167.2326,164.3099,159.3562,160.6130,,155.2874
2022-03-01,159.6160,162.9413,158.4130,161.0830,83474400,AAPL,165.7436,163.6969,167.0597,164.1259,159.5674,160.5933,,155.3304
2022-03-02,162.9022,163.6846,159.3715,160.7798,79724800,AAPL,165.3608,163.6212,166.9743,164.0779,159.7988,160.6390,,155.4058
2022-03-03,162.5795,165.2006,161.9144,164.7703,76678400,AAPL,164.9018,163.5220,166.9097,164.0191,160.0308,160.6774,,155.4772
2022-03-04,159.5866,161.9144,158.5401,160.8777,83737200,AAPL,164.4367,163.1472,166.7219,163.8453,160.2337,160.6558,,155.5181
2022-03-07,155.8016,161.3960,155.5473,159.7725,96418800,AAPL,163.7966,162.4476,166.4067,163.5299,160.4115,160.5597,,155.5209
2022-03-08,153.9825,159.3030,152.3785,155.3322,131148300,AAPL,163.1012,161.6414,166.0425,163.1555,160.5769,160.4294,,155.5056
2022-03-09,159.3715,159.8214,155.9092,157.9338,91454900,AAPL,162.5203,161.4252,165.7071,163.0071,160.7684,160.4085,,155.5440
2022-03-10,155.0388,156.8677,152.5545,156.6819,105342000,AAPL,161.6518,160.8170,165.3052,162.6946,160.9061,160.3022,,155.5390
2022-03-11,151.3320,155.7821,151.1071,155.4398,96970100,AAPL,160.8014,159.9137,164.8275,162.2490,160.9900,160.1245,,155.4971
2022-03-14,147.3123,150.7354,146.8037,148.1240,108732100,AAPL,159.9202,158.7135,164.2925,161.6632,161.0122,159.8708,,155.4157
2022-03-15,151.6841,152.1536,147.0776,147.5861,92964300,AAPL,159.2458,158.0441,163.8572,161.2719,161.0732,159.7087,,155.3786
2022-03-16,156.0853,156.4863,151.0680,153.6011,102300200,AAPL,158.6003,157.8575,163.4232,161.0685,161.1760,159.6370,,155.3856
2022-03-17,157.0927,157.4643,154.1683,155.1268,75615400,AAPL,158.0169,157.7847,163.0544,160.9126,161.2967,159.5866,,155.4026
2022-03-18,160.3789,160.8679,156.2515,156.9851,123511700,AAPL,157.7773,158.0317,162.8448,160.8917,161.4507,159.6023,,155.4521
2022-03-21,161.7481,162.6968,159.4301,159.9192,95811400,AAPL,157.6834,158.3857,162.7196,160.9252,161.6117,159.6448,,155.5148
2022-03-22,165.1126,165.6994,161.2885,161.8753,81532000,AAPL,157.9034,159.0263,162.6583,161.0895,161.8110,159.7530,,155.6103
2022-03-23,166.4721,168.8487,163.9683,164.3008,98062700,AAPL,158.3993,159.7354,162.6239,161.3005,161.9876,159.8861,,155.7183
2022-03-24,170.2473,170.3157,166.4721,167.3034,90131400,AAPL,158.9534,160.7366,162.6085,161.6514,162.2290,160.0913,,155.8629
2022-03-25,170.8830,171.4307,168.9563,170.0614,80546200,AAPL,159.4360,161.7029,162.5970,162.0134,162.4849,160.3050,,156.0124
2022-03-28,171.7437,171.8708,168.2228,168.3890,90371900,AAPL,159.9485,162.6592,162.6680,162.3950,162.7391,160.5315,,156.1689
2022-03-29,175.0299,175.0788,172.4674,172.8097,100589400,AAPL,160.7192,163.8373,162.7875,162.8905,163.0118,160.8186,,156.3566
2022-03-30,173.8661,175.6657,172.8196,174.6289,92633200,AAPL,161.2674,164.7924,162.9476,163.3209,163.2780,161.0769,,156.5308
2022-03-31,170.7754,174.1203,170.5700,173.9345,103049300,AAPL,161.6772,165.3623,163.1157,163.6132,163.5081,161.2690,,156.6725
2022-04-01,170.4820,171.0395,168.1640,170.2081,78751300,AAPL,162.2220,165.8498,163.3115,163.8826,163.7434,161.4514,,156.8099
2022-04-04,174.5213,174.5702,170.6092,170.7363,76468400,AAPL,163.1580,166.6757,163.6291,164.2998,164.0155,161.7102,,156.9862
2022-04-05,171.2155,174.3844,170.5896,173.6019,73401800,AAPL,164.0196,167.1081,163.8960,164.5710,164.2828,161.8984,,157.1277
2022-04-06,168.0565,169.8169,166.3938,168.5748,89058800,AAPL,164.4539,167.1984,164.1357,164.7077,164.5190,162.0204,,157.2365
2022-04-07,168.3597,169.5529,166.1200,167.4012,77594700,AAPL,165.1199,167.3090,164.3832,164.8509,164.7375,162.1459,,157.3472
2022-04-08,166.3547,168.0075,165.4842,168.0075,76575500,AAPL,165.8710,167.2181,164.5998,164.9099,164.9358,162.2293,,157.4368
2022-04-11,162.1100,165.3179,161.8654,165.0050,72246700,AAPL,166.6109,166.7316,164.5144,164.8001,165.0820,162.2269,,157.4833
2022-04-12,163.9780,166.1395,162.9804,164.3301,79265200,AAPL,167.2256,166.4694,164.3795,164.7678,165.2225,162.2616,,157.5479
2022-04-13,166.6578,167.2838,163.1076,163.7139,70618900,AAPL,167.7543,166.4873,164.3015,164.8420,165.3470,162.3486,,157.6386
2022-04-14,161.6601,167.5088,161.4156,166.8730,75329400,AAPL,167.9826,166.0276,164.0995,164.7172,165.3953,162.3350,,157.6786
2022-04-18,161.4449,162.9413,159.9779,160.3202,69023900,AAPL,168.0359,165.5911,163.9507,164.5888,165.4370,162.3174,,157.7161
2022-04-19,163.7237,164.1345,160.3104,161.3960,67723800,AAPL,168.1347,165.4133,163.8530,164.5549,165.4976,162.3452,,157.7758
2022-04-20,163.5575,165.1712,162.4523,165.0539,67929800,AAPL,168.0570,165.2365,163.7664,164.5158,165.5513,162.3692,,157.8334
2022-04-21,162.7653,167.7631,162.2665,165.2006,87227800,AAPL,167.8716,165.0012,163.6019,164.4472,165.6472,162.3771,,157.8824
2022-04-22,158.2370,164.1834,157.9533,162.8044,84882400,AAPL,167.2711,164.3570,163.3185,164.2036,165.6644,162.2951,,157.8860
2022-04-25,159.3030,159.5866,154.9801,157.5817,96046400,AAPL,166.6921,163.8756,163.1377,164.0114,165.6428,162.2358,,157.9001
2022-04-26,153.3565,158.7749,153.2783,158.6868,95623200,AAPL,165.7727,162.8738,162.9061,163.5936,165.5669,162.0600,,157.8549
2022-04-27,153.1316,156.2809,151.9677,152.4861,88063200,AAPL,164.6778,161.9460,162.6653,163.1833,165.4986,161.8832,,157.8079
2022-04-28,160.0463,160.9070,155.4398,155.7527,130216800,AAPL,163.9868,161.7651,162.4863,163.0603,165.5182,161.8468,,157.8301
2022-04-29,154.1879,162.5501,153.7967,158.2859,131747600,AAPL,163.1575,161.0434,162.1949,162.7124,165.4453,161.6952,,157.7939
2022-05-02,154.4911,154.7551,149.9041,153.2685,123055300,AAPL,162.3579,160.4194,161.9813,162.3900,165.3181,161.5525,,157.7610
2022-05-03,155.9777,157.1807,152.8871,154.6769,88966500,AAPL,161.4307,159.9964,161.8283,162.1385,165.1677,161.4421,,157.7433
2022-05-04,162.3741,162.8240,155.7625,156.1635,108256500,AAPL,160.9887,160.2228,161.8616,162.1477,165.0864,161.4606,,157.7894
2022-05-05,153.3272,160.4767,151.5472,160.2517,130525300,AAPL,160.2522,159.5661,161.7970,161.8018,164.8668,161.2995,,157.7450
2022-05-06,154.0520,156.1677,151.0156,152.8081,116124600,AAPL,159.5368,159.0409,161.6947,161.4979,164.6907,161.1560,,157.7082
2022-05-09,148.9391,152.6318,148.3809,151.7502,131577900,AAPL,158.6660,158.0789,161.4489,161.0054,164.4772,160.9141,,157.6210
2022-05-10,151.3389,153.5231,149.7913,152.3281,115366700,AAPL,158.1275,157.4370,161.2458,160.6263,164.2392,160.7245,,157.5584
2022-05-11,143.4932,152.2595,142.8174,150.3496,142689800,AAPL,157.1032,156.1090,160.9234,159.9545,163.9915,160.3833,,157.4185
2022-05-12,139.6341,143.1994,135.9513,139.8398,182602000,AAPL,155.7521,154.5400,160.4580,159.1576,163.7162,159.9724,,157.2415
2022-05-13,144.0907,145.0604,140.1728,141.6225,113990900,AAPL,154.8736,153.5448,160.0882,158.5667,163.4990,159.6579,,157.1107
2022-05-16,142.5530,144.4924,141.2209,142.5628,86643800,AAPL,153.9290,152.4980,159.7476,157.9387,163.2347,159.3192,,156.9658
2022-05-17,146.1770,146.6961,143.6695,145.8048,78336300,AAPL,153.0517,151.8960,159.5551,157.4775,162.9809,159.0590,,156.8585
2022-05-18,137.9299,144.3356,137.0287,143.8361,109742900,AAPL,151.7703,150.5659,159.2340,156.7109,162.6383,158.6406,,156.6701
2022-05-19,134.5311,138.7526,133.7965,137.0092,136095600,AAPL,150.3586,149.0387,158.7372,155.8411,162.2221,158.1631,,156.4498
2022-05-20,134.7661,137.8123,129.8883,136.2353,137426100,AAPL,149.1850,147.6794,158.3318,155.0146,161.8185,157.6998,,156.2341
2022-05-23,140.1728,140.3198,134.8249,134.9620,117726300,AAPL,148.2285,146.9645,158.1086,154.4326,161.4681,157.3528,,156.0743
2022-05-24,137.4792,139.0562,134.5114,137.9200,104132700,AAPL,147.4347,146.0612,157.9119,153.7678,161.1022,156.9592,,155.8892
2022-05-25,137.6360,138.8799,135.5007,135.5889,92482700,AAPL,146.6599,145.2588,157.6309,153.1352,160.7441,156.5766,,155.7076
2022-05-26,140.8291,141.3776,134.3254,134.5702,90601500,AAPL,145.6990,144.8369,157.3258,152.6526,160.3745,156.2648,,155.5596
2022-05-27,146.5688,146.6080,142.2787,142.4060,90978500,AAPL,145.3181,145.0018,157.1153,152.4140,160.0849,156.0728,,155.4701
2022-05-31,145.7852,147.5679,143.8263,146.0105,103718400,AAPL,144.8828,145.0764,156.8235,152.1540,159.8341,155.8690,,155.3738
2022-06-01,145.6579,148.6257,144.6490,146.8234,74286600,AAPL,144.3668,145.1318,156.5017,151.8993,159.6106,155.6668,,155.2771
2022-06-02,148.1066,148.1653,143.8458,144.7959,72348100,AAPL,143.6534,145.4151,156.1616,151.7506,159.4099,155.5171,,155.2057
2022-06-03,142.3962,144.9331,141.4951,143.8850,88570300,AAPL,143.1069,145.1276,155.6800,151.3837,159.1520,155.2573,,155.0783
2022-06-06,143.1407,145.5208,141.9261,144.0124,71598400,AAPL,142.5613,144.9384,155.1379,151.0605,158.8732,155.0174,,154.9595
2022-06-07,145.6579,145.9419,141.1425,141.3874,67808200,AAPL,142.3972,145.0069,154.6334,150.8486,158.6152,154.8320,,154.8669
2022-06-08,144.9233,146.7941,144.4335,145.5305,53950200,AAPL,142.0764,144.9989,154.0970,150.6162,158.3825,154.6358,,154.7680
2022-06-09,139.7125,144.9135,139.6047,144.0613,69473000,AAPL,141.8874,144.4955,153.3906,150.1886,158.0891,154.3403,155.8018,154.6182
2022-06-10,134.3156,137.8711,134.2470,137.4009,91437900,AAPL,141.6215,143.5260,152.5996,149.5662,157.7736,153.9438,155.7498,154.4162
2022-06-13,129.1733,132.4252,128.7424,130.1430,122207100,AAPL,140.8756,142.1590,151.7676,148.7664,157.4416,153.4533,155.6762,154.1650
2022-06-14,130.0352,131.1420,128.7815,130.3976,84784300,AAPL,140.2497,141.0044,150.9587,148.0319,157.1351,152.9896,155.6016,153.9249
2022-06-15,132.6505,134.5213,129.4476,131.5339,91533000,AAPL,139.5734,140.2088,150.1212,147.4287,156.8752,152.5868,155.5181,153.7132
2022-06-16,127.3906,129.6728,126.3916,129.3692,108123900,AAPL,139.0464,138.9880,149.2447,146.6429,156.5704,152.0879,155.4146,153.4513
2022-06-17,128.8599,130.3487,127.1458,127.4005,134520300,AAPL,138.7629,138.0234,148.4608,145.9455,156.2982,151.6279,155.3152,153.2066
2022-06-21,133.0814,134.2470,130.5838,130.6817,81000500,AAPL,138.6786,137.5528,147.7552,145.4410,156.0692,151.2607,155.2313,153.0064
2022-06-22,132.5721,134.9326,131.1616,132.0236,73409200,AAPL,138.2986,137.0784,147.0796,144.9364,155.8397,150.8906,155.1416,152.8030
2022-06-23,135.4322,135.7456,132.8464,134.0119,72433800,AAPL,138.1962,136.9216,146.5460,144.5637,155.5302,150.5845,155.0546,152.6302
2022-06-24,138.7526,138.9974,136.9014,137.0287,89116800,AAPL,138.2521,137.0960,146.0415,144.3358,155.2105,150.3502,154.9919,152.4921
2022-06-27,138.7526,140.5450,138.0767,139.7712,70207900,AAPL,138.1483,137.2538,145.4834,144.1168,154.8925,150.1205,154.9343,152.3554
2022-06-28,134.6192,140.4765,134.5017,139.2130,67083400,AAPL,137.5508,137.0029,144.9426,143.7444,154.5211,149.8136,154.8809,152.1789
2022-06-29,136.3725,137.7829,133.8650,134.6388,66242400,AAPL,137.0801,136.9428,144.4412,143.4553,154.1959,149.5474,154.8334,152.0216
2022-06-30,133.9140,135.5301,131.0246,134.4331,98964500,AAPL,136.4929,136.6544,143.8450,143.0811,153.8490,149.2378,154.7807,151.8415
2022-07-01,136.0786,136.1864,132.8758,133.2479,71051600,AAPL,135.8915,136.5995,143.2954,142.8065,153.5309,148.9773,154.7342,151.6846
2022-07-05,138.6547,138.7036,134.1197,134.9425,73353800,AAPL,135.7045,136.7953,142.8132,142.6437,153.2075,148.7729,154.7019,151.5550
2022-07-06,139.9868,141.1621,138.1845,138.4490,74064300,AAPL,135.5468,137.0992,142.4482,142.5395,152.8833,148.5989,154.6895,151.4399
2022-07-07,143.3463,143.5422,140.3393,140.3491,66253700,AAPL,135.4312,137.6942,142.1290,142.5711,152.6334,148.4949,154.7091,151.3593
2022-07-08,144.0222,144.5217,142.0240,142.2787,64547800,AAPL,135.3861,138.2968,141.9423,142.6280,152.4242,148.4063,154.7298,151.2863
2022-07-11,141.8967,143.6304,140.8291,142.6803,63141600,AAPL,135.4953,138.6397,141.7177,142.5994,152.1915,148.2774,154.7280,151.1929
2022-07-12,142.8664,145.4033,142.0731,142.7685,77588800,AAPL,135.9229,139.0422,141.3741,142.6098,151.9302,148.1702,154.7262,151.1100
2022-07-13,142.5040,143.4443,139.2032,140.0553,71185600,AAPL,136.5894,139.3719,141.1404,142.6057,151.6676,148.0580,154.7222,151.0244
2022-07-14,145.4228,145.8930,140.3100,141.1229,78140700,AAPL,137.3588,139.9482,140.9590,142.7162,151.4701,148.0059,154.7404,150.9687
2022-07-15,147.0879,147.7638,145.1584,146.7059,76259900,AAPL,138.0807,140.6282,140.7812,142.8876,151.3048,147.9877,154.7838,150.9301
2022-07-18,144.0516,148.4592,143.6891,147.6462,81420900,AAPL,138.9137,140.9542,140.4148,142.9332,151.1382,147.9097,154.8075,150.8616
2022-07-19,147.9009,148.1262,143.8949,144.8841,82982400,AAPL,139.8658,141.6158,140.3062,143.1281,151.0516,147.9096,154.8569,150.8322
2022-07-20,149.8990,150.5651,147.2838,148.0185,64823400,AAPL,140.7067,142.4047,140.2232,143.3936,150.9590,147.9490,154.9107,150.8229
2022-07-21,152.1616,152.3771,148.8216,151.3290,65086600,AAPL,141.6861,143.3339,140.2876,143.7374,150.8683,148.0324,154.9930,150.8362
2022-07-22,150.9275,153.0725,150.2615,152.2008,66675400,AAPL,142.4609,144.0571,140.2794,144.0194,150.7626,148.0897,155.0594,150.8371
2022-07-25,149.8109,151.8580,149.1546,150.8491,53623900,AAPL,143.0138,144.6051,140.4058,144.2465,150.6646,148.1238,155.1160,150.8269
2022-07-26,148.4886,149.9480,147.7050,149.1350,55138700,AAPL,143.5006,144.9749,140.5828,144.4129,150.5204,148.1310,155.1596,150.8036
2022-07-27,153.5721,154.1010,149.0371,149.4485,78620700,AAPL,144.4483,145.7937,140.7725,144.7720,150.4304,148.2388,155.2306,150.8312
2022-07-28,154.1206,154.4046,151.2409,153.7582,81378700,AAPL,145.3357,146.5868,141.0038,145.1387,150.3757,148.3552,155.3047,150.8639
2022-07-29,159.1747,160.2717,156.2265,157.9308,101786900,AAPL,146.5987,147.7856,141.2638,145.6891,150.4094,148.5695,155.4104,150.9466
2022-08-01,158.1952,160.2325,157.5879,157.7054,67829400,AAPL,147.7045,148.7770,141.6691,146.1795,150.4515,148.7601,155.5142,151.0187
2022-08-02,156.7260,159.0767,156.3538,156.8141,59907000,AAPL,148.6081,149.5340,142.1130,146.5931,150.4251,148.9178,155.5968,151.0755
2022-08-03,162.7204,163.1709,157.4508,157.5390,82507500,AAPL,149.7448,150.7899,142.6721,147.2256,150.5019,149.1911,155.7040,151.1914
2022-08-04,162.4070,163.7586,161.0553,162.6028,55474100,AAPL,150.6978,151.8963,143.1167,147.8209,150.6127,149.4528,155.8013,151.3030
2022-08-05,162.1813,162.6718,159.8764,160.0823,56697000,AAPL,151.6058,152.8758,143.6108,148.3841,150.7614,149.7049,155.8868,151.4112
2022-08-08,161.7105,164.5942,161.0534,163.1818,60276900,AAPL,152.5964,153.7172,144.0923,148.9067,150.8616,149.9426,155.9674,151.5137
2022-08-09,161.7596,162.6424,160.1216,160.8769,63135500,AAPL,153.5411,154.4831,144.5109,149.4107,150.9184,150.1766,156.0472,151.6156
2022-08-10,165.9968,166.0949,163.7016,164.4667,70170500,AAPL,154.7157,155.5797,144.8994,150.0611,151.0074,150.4899,156.1520,151.7587
2022-08-11,165.2612,167.7133,164.9669,166.8011,57149200,AAPL,155.7077,156.5017,145.2890,150.6572,151.0562,150.7824,156.2534,151.8931
2022-08-12,168.8020,168.8707,166.1537,166.5657,68039400,AAPL,156.7934,157.6732,145.7519,151.3688,151.1268,151.1392,156.3692,152.0613
2022-08-15,169.8711,170.0673,168.0664,168.2331,54091700,AAPL,158.0843,158.8349,146.1871,152.0944,151.1743,151.5101,156.4927,152.2386
2022-08-16,169.7142,170.3812,168.3705,169.4690,56377100,AAPL,159.1750,159.8710,146.7335,152.7853,151.2068,151.8706,156.5972,152.4124
2022-08-17,171.2050,172.7744,169.2630,169.4592,79542000,AAPL,160.2403,160.9504,147.2948,153.5077,151.2163,152.2535,156.7227,152.5994
2022-08-18,170.8127,171.5483,169.8024,170.4204,62290100,AAPL,161.1729,161.8897,147.7979,154.1863,151.2156,152.6210,156.8503,152.7807
2022-08-19,168.2331,170.4106,168.0271,169.7142,70346300,AAPL,162.0381,162.4938,148.2641,154.7372,151.1805,152.9301,156.9598,152.9344
2022-08-22,164.3588,166.6049,163.9370,166.4382,69026800,AAPL,162.7655,162.6715,148.7570,155.1145,151.0738,153.1565,157.0428,153.0481
2022-08-23,164.0253,165.4770,163.4564,163.8782,54147100,AAPL,163.5424,162.8004,149.3512,155.4639,150.9754,153.3717,157.1267,153.1573
2022-08-24,164.3196,164.8885,163.0641,164.1136,53841500,AAPL,164.0798,162.9451,150.0541,155.8112,150.9109,153.5885,157.2095,153.2684
2022-08-25,166.7717,166.8795,165.1239,165.5456,51218200,AAPL,164.7123,163.3095,150.7889,156.2410,150.8738,153.8495,157.3086,153.4027
2022-08-26,160.4845,167.7721,160.4256,167.3013,78961000,AAPL,164.7778,163.0405,151.3455,156.4074,150.7334,153.9809,157.3745,153.4732
2022-08-29,158.2874,159.7783,156.7573,158.0618,73314000,AAPL,164.7824,162.5878,151.9635,156.4812,150.6041,154.0662,157.4435,153.5211
2022-08-30,155.8648,159.4448,154.6976,159.0231,77906200,AAPL,164.7394,161.9475,152.5036,156.4570,150.4822,154.1018,157.5006,153.5444
2022-08-31,154.2071,157.5027,154.1286,157.2379,87991100,AAPL,164.3137,161.2103,152.9261,156.3688,150.3407,154.1039,157.5391,153.5510
2022-09-01,154.9330,155.3841,151.7060,153.6383,74229900,AAPL,163.9400,160.6125,153.3733,156.3125,150.2264,154.1203,157.5811,153.5648
2022-09-02,152.8242,157.2870,152.0003,156.6887,76957800,AAPL,163.4721,159.8707,153.7211,156.1757,150.1336,154.0946,157.6078,153.5574
2022-09-06,151.5687,154.0797,150.7448,153.4715,73714800,AAPL,162.9650,159.0801,153.9775,155.9950,150.0095,154.0446,157.6160,153.5376
2022-09-07,152.9713,153.6677,150.6663,151.8531,87449600,AAPL,162.5256,158.4983,154.2618,155.8764,149.8726,154.0234,157.6098,153.5320
2022-09-08,151.5000,153.3636,149.7541,151.6766,84923800,AAPL,161.8008,157.8318,154.5995,155.7048,149.7710,153.9734,157.5832,153.5118
2022-09-09,154.3542,154.7956,151.7844,152.4906,68028800,AAPL,161.2554,157.5006,154.9591,155.6518,149.7001,153.9809,157.5685,153.5201
2022-09-12,160.2981,161.1122,156.2473,156.5317,104956000,AAPL,160.8302,157.7670,155.4868,155.8340,149.6659,154.1060,157.5817,153.5876
2022-09-13,150.8919,157.4635,150.4309,156.8358,122656600,AAPL,159.8813,157.1122,155.7830,155.6402,149.5392,154.0424,157.5453,153.5608
2022-09-14,152.3337,154.0894,150.6663,151.8237,87965400,AAPL,159.0123,156.6571,156.0566,155.5106,149.4349,154.0086,157.5411,153.5486
2022-09-15,149.4501,152.2651,148.4791,151.6864,90481100,AAPL,157.9245,155.9708,156.2459,155.2729,149.3470,153.9183,157.5057,153.5078
2022-09-16,147.8121,148.4497,145.5268,148.3124,162278800,AAPL,156.7745,155.1938,156.3352,154.9803,149.2321,153.7974,157.4375,153.4511
2022-09-19,151.5197,151.5981,146.2428,146.4487,81474200,AAPL,155.9388,154.8438,156.4852,154.8446,149.2138,153.7523,157.3903,153.4319
2022-09-20,153.8932,155.0506,150.1465,150.4603,107689800,AAPL,155.4155,154.7533,156.7251,154.8073,149.2214,153.7551,157.3600,153.4365
2022-09-21,150.7742,155.6980,150.6565,154.3248,101696800,AAPL,154.7530,154.3743,156.8832,154.6491,149.1286,153.6960,157.3234,153.4100
2022-09-22,149.8130,151.5098,148.0181,149.4599,86652500,AAPL,154.0276,153.9399,157.0294,154.4595,149.0849,153.6191,157.2651,153.3742
2022-09-23,147.5472,148.5673,145.7131,148.2927,96029900,AAPL,153.0664,153.3311,157.0719,154.1884,149.0155,153.4989,157.1668,153.3162
2022-09-26,147.8808,150.8233,146.7724,146.7921,93339400,AAPL,152.4362,152.8120,157.0878,153.9411,148.9345,153.3877,157.0511,153.2621
2022-09-27,148.8518,151.7551,147.0765,149.8130,84442700,AAPL,151.9645,152.4349,157.1838,153.7415,148.7993,153.2978,156.9428,153.2182
2022-09-28,146.9686,147.7533,142.0644,144.8107,146691400,AAPL,151.5197,151.9143,157.1651,153.4759,148.7357,153.1725,156.8012,153.1561
2022-09-29,139.7496,143.9083,137.9841,143.3002,128138200,AAPL,150.7968,150.7557,156.9621,152.9376,148.5927,152.9067,156.6417,153.0227
2022-09-30,135.5516,140.3577,135.3554,138.5726,124925300,AAPL,149.8277,149.3077,156.6299,152.2558,148.4588,152.5630,156.4680,152.8488
2022-10-03,139.7202,140.3283,135.0514,135.5614,114311700,AAPL,149.1725,148.3946,156.4058,151.7642,148.3426,152.3087,156.2909,152.7182
2022-10-04,143.3002,143.4179,141.4955,142.2507,87830100,AAPL,148.7591,147.9094,156.2756,151.4323,148.3407,152.1303,156.1661,152.6245
2022-10-05,143.5945,144.5557,140.2694,141.3091,79471000,AAPL,148.2902,147.4985,156.1777,151.1249,148.3803,151.9613,156.0482,152.5346
2022-10-06,142.6431,144.7127,142.4371,143.0158,68402200,AAPL,147.8474,147.0361,155.9591,150.7923,148.3658,151.7768,155.9324,152.4362
2022-10-07,137.4054,140.3577,136.7777,139.8085,85925600,AAPL,147.0000,146.1189,155.6248,150.2673,148.3143,151.4922,155.7745,152.2866
2022-10-10,137.7291,139.1709,135.9146,137.7291,74899000,AAPL,145.8715,145.3198,155.1959,149.7756,148.2298,151.2197,155.6054,152.1418
2022-10-11,136.3167,138.6413,135.5713,137.2191,77033700,AAPL,145.1427,144.4624,154.7583,149.2478,148.2137,150.9246,155.4260,151.9843
2022-10-12,135.6889,137.6702,135.5124,136.4638,70433700,AAPL,144.3105,143.6268,154.3376,148.7161,148.2253,150.6229,155.2237,151.8222
2022-10-13,140.2499,140.8384,131.7950,132.4032,113224000,AAPL,143.8505,143.3052,153.8882,148.3841,148.2801,150.4175,155.0493,151.7070
2022-10-14,135.7282,141.7505,135.5418,141.5445,88598000,AAPL,143.2463,142.5836,153.3546,147.8878,148.2357,150.1266,154.8519,151.5480
2022-10-17,139.6809,140.1615,137.5819,138.3666,85250900,AAPL,142.6544,142.3071,152.9046,147.5659,148.2577,149.9197,154.6799,151.4300
2022-10-18,140.9952,143.8887,137.9154,142.7019,99136600,AAPL,142.0095,142.1822,152.4903,147.3083,148.2913,149.7430,154.5177,151.3261
2022-10-19,141.1032,142.1723,138.7884,138.9748,61758300,AAPL,141.5259,142.0794,152.0772,147.0649,148.2940,149.5719,154.3343,151.2244
2022-10-20,140.6422,143.0942,139.9163,140.2792,64522000,AAPL,141.0674,141.9426,151.5701,146.8131,148.2348,149.3951,154.1598,151.1191
2022-10-21,144.4478,145.0167,139.9163,140.1321,86548600,AAPL,140.9124,142.1811,151.1538,146.7203,148.2214,149.2971,154.0278,151.0527
2022-10-24,146.5861,147.3511,143.2022,144.3694,75981900,AAPL,140.8477,142.6007,150.7095,146.7150,148.2307,149.2435,153.9206,151.0083
2022-10-25,149.4206,149.5678,146.4978,147.2138,74732300,AAPL,140.8761,143.2502,150.3005,146.8211,148.2438,149.2470,153.8269,150.9925
2022-10-26,146.4880,149.0774,145.2031,148.0671,88194300,AAPL,140.8521,143.5585,149.8359,146.8081,148.2847,149.1923,153.7183,150.9477
2022-10-27,142.0252,146.1937,141.3680,145.2325,109180200,AAPL,140.9658,143.4125,149.2523,146.6205,148.2736,149.0504,153.5734,150.8589
2022-10-28,152.7555,154.4818,144.9873,145.3600,164762400,AAPL,141.8260,144.3023,148.8912,146.8611,148.3445,149.1238,153.4799,150.8778
2022-10-31,150.4015,151.2843,149.0087,150.2249,97943200,AAPL,142.3601,144.8832,148.5346,146.9999,148.3993,149.1491,153.3909,150.8730
2022-11-01,147.7630,152.4711,146.2722,152.1082,80379300,AAPL,142.5832,145.1575,148.2027,147.0299,148.4798,149.1216,153.2845,150.8421
2022-11-02,142.2507,149.2539,142.2213,146.0956,93604600,AAPL,142.5161,144.8806,147.7672,146.8424,148.5592,148.9856,153.1664,150.7566
2022-11-03,136.2186,140.0635,136.0911,139.3377,97918500,AAPL,142.1948,144.0557,147.2051,146.4258,148.6296,148.7328,153.0356,150.6119
2022-11-04,135.9533,140.1681,132.0235,139.5983,140814800,AAPL,142.1222,143.2840,146.5888,146.0151,148.6888,148.4797,152.9119,150.4661
2022-11-07,136.4839,136.7098,133.2908,134.7056,83374600,AAPL,142.0600,142.6364,146.1088,145.6414,148.7272,148.2422,152.8012,150.3270
2022-11-08,137.0537,138.9499,135.0790,137.9478,89908500,AAPL,142.0968,142.1047,145.6841,145.3046,148.8238,148.0206,152.6971,150.1949
2022-11-09,132.5049,136.1204,132.2298,136.0712,74917800,AAPL,141.9376,141.1904,145.2169,144.8026,148.8602,147.7134,152.5792,150.0189
2022-11-10,144.2945,144.2945,137.0537,138.7632,118854000,AAPL,142.1399,141.4861,145.0186,144.7827,148.9724,147.6457,152.5208,149.9619
2022-11-11,147.0748,147.3794,141.8383,143.2629,93979700,AAPL,142.7072,142.0183,144.8615,144.8726,149.1174,147.6344,152.4785,149.9332
2022-11-14,145.6797,147.6447,144.8446,146.3576,73374100,AAPL,143.0071,142.3670,144.7186,144.9043,149.2199,147.5957,152.3751,149.8909
2022-11-15,147.4089,150.8966,145.9548,149.5506,89868300,AAPL,143.3278,142.8472,144.6354,145.0025,149.3064,147.5920,152.2585,149.8662
2022-11-16,146.1807,147.2418,144.7070,146.5148,64218300,AAPL,143.5817,143.1647,144.4996,145.0487,149.3807,147.5640,152.1366,149.8295
2022-11-17,148.0770,148.8236,143.5871,143.8622,80389400,AAPL,143.9534,143.6325,144.4311,145.1674,149.5153,147.5742,152.0182,149.8120
2022-11-18,148.6369,150.0222,147.3401,149.6390,74829600,AAPL,144.1629,144.1091,144.3168,145.3035,149.6379,147.5952,151.9169,149.8004
2022-11-21,145.4144,147.7331,145.1295,147.5267,58724100,AAPL,144.1043,144.2334,144.0191,145.3078,149.7529,147.5520,151.8010,149.7567
2022-11-22,147.5464,147.7822,144.3534,145.5324,51804100,AAPL,144.0106,144.5490,143.9522,145.3956,149.8676,147.5519,151.6993,149.7347
2022-11-23,148.4208,149.1675,146.7211,146.8292,58301400,AAPL,144.1072,144.9177,143.8739,145.5143,149.9653,147.5691,151.5864,149.7216
2022-11-25,145.5127,146.2692,144.5400,145.7092,35195900,AAPL,144.2816,144.9744,143.7952,145.5142,150.0205,147.5284,151.4519,149.6798
2022-11-28,141.6909,144.0685,140.8656,142.5948,69246000,AAPL,143.7284,144.6617,143.6728,145.3643,150.0040,147.4128,151.3187,149.6003
2022-11-29,138.6944,142.2706,137.8888,141.7597,83763800,AAPL,143.1430,144.0934,143.4163,145.1027,149.9507,147.2402,151.1875,149.4918
2022-11-30,145.4341,146.1120,138.0853,138.9204,111380900,AAPL,143.0266,144.2211,143.2471,145.1157,149.9861,147.2044,151.0888,149.4514
2022-12-01,145.7092,146.5148,144.0390,145.6109,71250400,AAPL,143.1995,144.3628,143.1458,145.1390,150.0145,147.1748,150.9724,149.4142
2022-12-02,145.2180,145.4046,143.0958,143.4004,65447400,AAPL,143.6495,144.4442,143.0539,145.1421,150.0416,147.1360,150.8546,149.3724
2022-12-05,144.0587,148.2734,143.2137,145.1787,68826400,AAPL,144.0547,144.4075,142.9841,145.0996,150.0280,147.0751,150.7491,149.3195
2022-12-06,140.4039,144.7169,139.4313,144.4910,64727200,AAPL,144.2507,144.0262,142.8346,144.9154,149.9612,146.9430,150.6330,149.2308
2022-12-07,138.4685,140.8558,137.5449,139.6965,69721100,AAPL,144.3215,143.4969,142.6269,144.6626,149.9053,146.7752,150.5217,149.1237
2022-12-08,140.1485,141.0032,138.6257,139.8636,62128300,AAPL,144.7037,143.1780,142.4905,144.4856,149.8278,146.6440,150.4397,149.0344
2022-12-09,139.6670,143.0172,138.4291,139.8439,76097000,AAPL,144.4723,142.8436,142.4888,144.2966,149.7255,146.5058,150.3422,148.9412
2022-12-12,141.9562,141.9660,138.5863,140.1975,70462700,AAPL,144.2163,142.7591,142.6169,144.2049,149.6234,146.4157,150.2459,148.8717
2022-12-13,142.9190,147.3401,141.7105,146.8783,93886200,AAPL,144.0783,142.7743,142.6809,144.1544,149.5433,146.3465,150.1530,148.8125
2022-12-14,140.6986,144.0881,138.6846,142.8011,82291200,AAPL,143.7428,142.5766,142.6289,144.0189,149.4522,146.2346,150.0584,148.7317
2022-12-15,134.1063,139.3133,133.6445,138.6354,98931900,AAPL,143.1391,141.7699,142.4391,143.6302,149.3084,145.9945,149.9144,148.5862
2022-12-16,132.1512,135.2362,131.3849,134.2930,160156900,AAPL,142.3428,140.8539,142.2293,143.1800,149.0942,145.7204,149.7623,148.4227
2022-12-19,130.0487,132.8291,129.0172,132.7407,79592600,AAPL,141.4134,139.8248,142.0821,142.6651,148.8535,145.4100,149.6146,148.2399
2022-12-20,129.9800,130.9133,127.6122,129.0859,77432800,AAPL,140.6417,138.8872,141.9272,142.1676,148.5615,145.1045,149.4855,148.0582
2022-12-21,133.0747,134.4108,130.4220,130.6480,85928000,AAPL,139.9181,138.3336,141.8623,141.8110,148.3103,144.8663,149.3809,147.9091
2022-12-22,129.9112,132.2003,128.0150,131.9940,77852100,AAPL,138.9926,137.5315,141.7468,141.3444,148.0422,144.5701,149.2336,147.7300
2022-12-23,129.5477,130.0979,127.3666,128.6242,63814900,AAPL,138.1943,136.7711,141.5327,140.8817,147.7104,144.2726,149.1062,147.5491
2022-12-27,127.7498,129.1056,126.4627,129.0761,69007800,AAPL,137.4973,135.9120,141.3732,140.3668,147.3639,143.9455,148.9883,147.3521
2022-12-28,123.8297,128.7322,123.6627,127.3961,85438400,AAPL,136.7540,134.7613,141.0561,139.7183,146.9804,143.5471,148.8709,147.1180
2022-12-29,127.3371,128.1918,125.4901,125.7455,75703700,AAPL,135.8492,134.0542,140.7830,139.2327,146.6366,143.2261,148.7491,146.9212
2022-12-30,127.6515,127.6712,125.1954,126.1582,77034200,AAPL,134.9463,133.4444,140.5139,138.7786,146.2955,142.9177,148.6070,146.7295
2023-01-03,122.8767,128.6045,121.9925,127.9954,112117500,AAPL,133.8292,132.4380,140.1586,138.1550,145.8643,142.5209,148.4359,146.4921
2023-01-04,124.1441,126.4038,122.8866,124.6648,89113600,AAPL,132.8335,131.6481,139.7526,137.6055,145.4532,142.1570,148.2547,146.2697
2023-01-05,122.8276,125.5294,122.5722,124.9006,80962700,AAPL,131.9547,130.8080,139.2774,137.0260,144.9934,141.7742,148.0601,146.0365
2023-01-06,127.3470,128.0052,122.6999,123.8003,87754700,AAPL,131.3986,130.4784,138.8359,136.6464,144.5682,141.4885,147.8713,145.8505
2023-01-09,127.8676,131.0705,127.6122,128.1820,70790800,AAPL,130.7846,130.2298,138.4635,136.3022,144.1497,141.2188,147.6782,145.6716
2023-01-10,128.4375,128.9582,125.8733,127.9757,63896200,AAPL,130.2231,130.0591,138.1917,135.9937,143.7220,140.9657,147.4692,145.5001
2023-01-11,131.1491,131.1687,128.1722,128.9484,69458900,AAPL,129.6828,130.1629,137.7596,135.8037,143.3254,140.7713,147.2705,145.3573
2023-01-12,131.0705,131.9056,129.1350,131.5323,71379600,AAPL,129.0903,130.2493,137.3730,135.6181,142.9538,140.5792,147.0672,145.2152
2023-01-13,132.3968,132.5540,129.3512,129.7147,57809700,AAPL,128.6752,130.4539,137.0657,135.4918,142.6342,140.4172,146.8540,145.0876
2023-01-17,133.5561,134.8825,131.7779,132.4656,63646600,AAPL,128.6477,130.7493,136.8918,135.4159,142.3295,140.2813,146.6524,144.9729
2023-01-18,132.8389,136.1793,132.6621,134.4207,69672800,AAPL,128.6821,130.9483,136.8242,135.3148,142.0147,140.1340,146.4628,144.8521
2023-01-19,132.8979,133.8607,131.4242,131.7287,58280400,AAPL,128.8246,131.1340,136.7631,135.2201,141.6759,139.9907,146.2748,144.7332
2023-01-20,135.4523,135.5996,131.8663,132.9077,80223600,AAPL,129.0982,131.5453,136.7424,135.2292,141.4256,139.9008,146.0795,144.6408
2023-01-23,138.6355,140.8067,135.4817,135.6979,81760300,AAPL,129.3762,132.2205,136.7741,135.3627,141.2291,139.8758,145.9166,144.5811
2023-01-24,140.0305,140.6495,137.8396,137.8495,66435100,AAPL,129.8822,132.9643,136.9246,135.5458,141.0707,139.8788,145.7765,144.5358
2023-01-25,139.3723,139.9323,136.3758,138.4193,65799300,AAPL,130.3734,133.5746,136.8262,135.6959,140.9224,139.8688,145.6315,144.4844
2023-01-26,141.4355,141.7204,139.4116,140.6593,54105100,AAPL,131.0577,134.3233,136.7134,135.9209,140.7874,139.8998,145.5069,144.4541
2023-01-27,143.3709,144.6481,140.5709,140.6495,70555800,AAPL,132.0348,135.1849,136.6672,136.2131,140.6929,139.9685,145.4132,144.4433
2023-01-30,140.4923,142.9976,140.3449,142.4179,64015300,AAPL,132.6925,135.6904,136.5289,136.3809,140.5821,139.9789,145.2958,144.4040
2023-01-31,141.7596,141.8088,139.7849,140.1975,65874500,AAPL,133.3979,136.2684,136.4404,136.5918,140.4700,140.0142,145.1713,144.3777
2023-02-01,142.8797,144.0390,138.8418,141.4453,77663600,AAPL,134.3981,136.8981,136.3365,136.8384,140.3838,140.0709,145.0774,144.3628
2023-02-02,148.1752,148.5289,145.5717,146.2889,118339000,AAPL,135.5996,137.9721,136.3273,137.2830,140.3220,140.2314,145.0111,144.4007
2023-02-03,151.7907,154.6202,145.2376,145.4341,154357300,AAPL,137.0478,139.2881,136.4548,137.8519,140.2369,140.4603,144.9514,144.4742
2023-02-06,149.0692,150.4152,148.1359,149.8945,69858300,AAPL,138.1339,140.2197,136.4852,138.2918,140.2187,140.6308,144.8790,144.5200
2023-02-07,151.9380,152.5078,147.9983,147.9983,83322600,AAPL,139.3374,141.3357,136.5556,138.8270,140.2148,140.8547,144.8248,144.5938
2023-02-08,149.2559,151.8692,148.5190,151.1815,64120100,AAPL,140.3783,142.0900,136.6304,139.2359,140.2128,141.0210,144.7799,144.6402
2023-02-09,148.2243,151.6236,147.7822,151.0832,56007100,AAPL,141.2321,142.6742,136.7611,139.5884,140.2169,141.1637,144.7245,144.6758
2023-02-10,148.5884,148.9131,146.8271,147.0633,57450700,AAPL,142.1080,143.2375,136.9590,139.9414,140.1876,141.3107,144.7007,144.7148
2023-02-13,151.3828,151.7863,148.4998,148.5293,62199000,AAPL,143.0573,144.0132,137.0780,140.3901,140.1625,141.5102,144.6919,144.7811
2023-02-14,150.7432,151.3041,148.4408,149.6806,61707600,AAPL,143.9167,144.6542,137.1786,140.7961,140.1622,141.6930,144.6454,144.8404
2023-02-15,152.8391,153.0064,150.4284,150.6547,65573800,AAPL,144.9167,145.4337,137.3311,141.2683,140.1925,141.9137,144.6387,144.9200
2023-02-16,151.2451,153.8231,150.8908,151.0483,68167900,AAPL,145.8340,145.9872,137.4748,141.6596,140.2294,142.0985,144.6225,144.9830
2023-02-17,150.1037,150.5465,148.4310,149.9069,59144100,AAPL,146.5666,146.3792,137.6688,141.9907,140.2517,142.2570,144.5931,145.0339
2023-02-21,146.0990,148.8737,146.0301,147.7914,58867200,AAPL,146.9398,146.3525,137.8214,142.1518,140.2242,142.3331,144.5117,145.0445
2023-02-22,146.5220,147.5454,144.8001,146.4827,51011300,AAPL,147.2643,146.3687,137.9489,142.3232,140.2197,142.4160,144.4777,145.0592
2023-02-23,147.0042,147.9291,144.8788,147.6831,48394200,AAPL,147.6459,146.4292,138.0956,142.5068,140.2922,142.5069,144.4424,145.0786
2023-02-24,144.3573,144.8296,143.3832,144.7509,55469600,AAPL,147.7920,146.2319,138.1436,142.5793,140.3803,142.5435,144.4195,145.0714
2023-02-27,145.5479,146.7779,145.0854,145.3413,44998500,AAPL,147.9009,146.1667,138.1962,142.6958,140.4386,142.6030,144.3906,145.0761
2023-02-28,145.0461,146.6893,144.4754,144.6919,50547000,AAPL,148.1286,146.0600,138.2832,142.7879,140.4560,142.6514,144.3983,145.0758
2023-03-01,142.9798,144.8690,142.6846,144.4754,55479000,AAPL,148.1896,145.7667,138.4606,142.7955,140.4499,142.6579,144.4151,145.0550
2023-03-02,143.5702,144.3573,141.5924,142.0647,52238100,AAPL,148.2241,145.5575,138.6890,142.8258,140.4591,142.6760,144.4125,145.0402
2023-03-03,148.6080,148.6868,144.9674,145.6660,70732300,AAPL,148.2457,145.8480,139.0602,143.0526,140.5712,142.7934,144.4427,145.0757
2023-03-06,151.3632,153.7936,150.9991,151.3238,87558000,AAPL,148.2244,146.3732,139.4879,143.3785,140.7075,142.9631,144.4687,145.1383
2023-03-07,149.1690,151.5600,148.7065,151.2353,56182000,AAPL,148.2294,146.6395,139.8098,143.6056,140.8360,143.0860,144.5249,145.1784
2023-03-08,150.4186,151.0090,149.3953,150.3595,47204800,AAPL,148.1534,146.9994,140.2199,143.8727,140.9833,143.2312,144.6043,145.2305
2023-03-09,148.1751,152.0618,147.8209,151.0975,53833600,AAPL,148.0993,147.1114,140.5925,144.0415,141.0626,143.3291,144.6714,145.2598
2023-03-10,146.1186,148.5195,145.2429,147.8012,68572400,AAPL,147.9941,147.0168,140.9598,144.1229,141.1665,143.3844,144.7011,145.2684
2023-03-13,148.0571,150.6843,145.3315,145.4397,84457100,AAPL,147.9675,147.1159,141.4444,144.2772,141.2503,143.4769,144.7540,145.2961
2023-03-14,150.1430,150.9400,147.6930,148.8540,73695900,AAPL,147.9055,147.4042,141.9005,144.5072,141.3417,143.6089,144.8165,145.3443
2023-03-15,150.5366,150.7925,147.5159,148.7655,77167900,AAPL,147.8952,147.7025,142.3582,144.7437,141.4361,143.7461,144.8650,145.3960
2023-03-16,153.3508,153.9510,149.2083,149.7199,76161100,AAPL,147.9208,148.2405,142.9677,145.0812,141.5632,143.9363,144.8990,145.4751
2023-03-17,152.5144,154.2265,151.8059,153.5771,98944600,AAPL,147.9842,148.6475,143.5351,145.3727,141.6438,144.1061,144.9326,145.5452
2023-03-20,154.8759,155.2892,151.6780,152.5833,73641400,AAPL,148.2228,149.2407,144.1760,145.7454,141.7267,144.3194,144.9787,145.6380
2023-03-21,156.7257,156.8438,154.0297,154.7972,73938300,AAPL,148.7542,149.9535,144.7636,146.1760,141.7998,144.5651,145.0218,145.7484
2023-03-22,155.2990,159.5399,155.2793,156.7454,75701800,AAPL,149.1930,150.4626,145.3123,146.5338,141.8879,144.7776,145.0863,145.8434
2023-03-23,156.3813,158.9593,155.1514,156.2830,67622100,AAPL,149.6619,151.0263,145.8711,146.9199,142.0314,145.0074,145.1525,145.9482
2023-03-24,157.6802,157.7687,155.3187,156.3125,59196500,AAPL,150.3280,151.6600,146.4018,147.3419,142.0807,145.2583,145.2126,146.0650
2023-03-27,155.7418,158.1919,155.3383,157.3752,52390300,AAPL,150.8377,152.0488,146.8952,147.6713,142.1341,145.4659,145.2667,146.1613
2023-03-28,155.1219,155.9484,153.4787,155.4367,45992200,AAPL,151.3415,152.3414,147.3497,147.9635,142.2077,145.6571,145.3438,146.2504
2023-03-29,158.1919,158.4674,156.7947,156.8143,51305700,AAPL,152.1021,152.8986,147.8424,148.3646,142.3671,145.9053,145.4631,146.3692
2023-03-30,159.7564,159.8646,158.6839,158.9397,49501700,AAPL,152.9114,153.5517,148.3807,148.8113,142.6025,146.1796,145.6161,146.5025
2023-03-31,162.2556,162.3540,159.3136,159.8351,68749800,AAPL,153.5938,154.3807,148.9679,149.3386,142.8655,146.4980,145.7772,146.6592
2023-04-03,163.5052,163.6233,161.5865,161.6357,56976200,AAPL,154.2009,155.2497,149.5290,149.8941,143.1357,146.8347,145.9314,146.8268
2023-04-04,162.9740,164.1645,162.4623,163.9284,46278300,AAPL,154.8912,155.9853,150.0157,150.4071,143.3949,147.1543,146.1093,146.9875
2023-04-05,161.1339,162.4032,159.2054,162.0982,51511700,AAPL,155.4269,156.4757,150.4378,150.8277,143.6812,147.4312,146.2707,147.1283
2023-04-06,162.0195,162.3147,159.4022,159.8253,45390100,AAPL,156.1191,157.0037,150.8907,151.2666,143.8584,147.7200,146.4154,147.2764
2023-04-10,159.4317,159.4317,157.5129,158.8315,47716900,AAPL,156.7848,157.2349,151.2507,151.5868,143.9820,147.9519,146.5497,147.3974
2023-04-11,158.2214,159.7564,157.9361,159.7466,47644200,AAPL,157.2930,157.3289,151.5477,151.8470,144.1074,148.1553,146.6636,147.5051
2023-04-12,157.5326,159.4612,157.2177,158.6347,50133100,AAPL,157.6625,157.3483,151.8885,152.0700,144.2087,148.3410,146.7575,147.6048
2023-04-13,162.9050,163.1412,158.8314,159.0381,68445600,AAPL,158.2809,157.8775,152.3114,152.4949,144.3759,148.6294,146.8783,147.7571
2023-04-14,162.5607,163.6529,161.1930,161.9506,49386500,AAPL,158.7414,158.3235,152.7050,152.8896,144.5207,148.9053,147.0180,147.9044
2023-04-17,162.5803,162.7378,161.3996,162.4426,41516200,AAPL,159.2447,158.7289,152.9931,153.2696,144.6602,149.1760,147.1491,148.0504
2023-04-18,163.8005,164.7254,162.9936,163.4364,49923000,AAPL,159.6909,159.2119,153.2333,153.6826,144.8440,149.4656,147.2985,148.2071
2023-04-19,164.9419,165.4634,162.8854,163.1412,47720200,AAPL,160.1017,159.7576,153.5508,154.1241,145.0180,149.7721,147.4428,148.3736
2023-04-20,163.9776,165.1780,162.9051,163.4266,52456400,AAPL,160.5357,160.1595,153.7915,154.5106,145.1736,150.0534,147.5694,148.5289
2023-04-21,162.3737,163.7808,161.8522,162.4032,58337300,AAPL,160.8353,160.3704,154.0539,154.8189,145.3422,150.2974,147.6814,148.6667
2023-04-24,162.6787,162.9444,161.2618,162.3540,41949600,AAPL,161.0852,160.5902,154.3430,155.1271,145.5521,150.5425,147.7780,148.8061
2023-04-25,161.1438,163.6430,161.1044,162.5410,48714100,AAPL,161.3553,160.6430,154.5941,155.3631,145.7765,150.7525,147.8636,148.9289
2023-04-26,161.1339,162.6295,160.1893,160.4451,45498800,AAPL,161.6559,160.6897,154.7891,155.5894,145.9335,150.9580,147.9598,149.0503
2023-04-27,165.7094,165.8569,162.5410,162.5410,64902300,AAPL,162.0318,161.1678,155.0884,155.9863,146.1335,151.2501,148.0740,149.2161
2023-04-28,166.9590,167.1262,165.1878,165.7880,55275900,AAPL,162.3919,161.7193,155.3708,156.4166,146.3510,151.5612,148.1963,149.3926
2023-05-01,166.8704,167.7166,165.9357,166.5654,52472900,AAPL,162.6227,162.2099,155.6833,156.8265,146.5791,151.8644,148.3035,149.5665
2023-05-02,165.8372,167.6182,164.8533,167.3624,48425700,AAPL,162.7393,162.5554,155.9980,157.1799,146.8334,152.1411,148.3973,149.7284
2023-05-03,164.7647,168.1791,164.4794,166.7819,65136000,AAPL,162.8288,162.7658,156.3713,157.4773,147.0964,152.3910,148.5009,149.8780
2023-05-04,163.1313,164.3613,161.6751,162.2458,81235400,AAPL,162.9287,162.8006,156.7035,157.6990,147.3262,152.6037,148.5770,150.0099
2023-05-05,170.7866,171.5049,168.0216,168.2381,113453200,AAPL,163.3670,163.5612,157.1792,158.2123,147.6374,152.9638,148.6814,150.2166
2023-05-08,170.7177,171.0621,169.3500,169.7140,55962800,AAPL,163.9313,164.2427,157.7064,158.7027,147.9250,153.3153,148.7742,150.4206
2023-05-09,169.0154,170.7570,168.8482,170.2749,45326900,AAPL,164.4710,164.6973,158.1757,159.1071,148.1860,153.6262,148.8647,150.6057
2023-05-10,170.7767,171.2392,169.1434,170.2454,53724500,AAPL,165.1332,165.2763,158.6903,159.5647,148.4868,153.9658,148.9695,150.8064
2023-05-11,170.9637,171.7902,169.4090,171.0621,49514700,AAPL,165.5362,165.8179,159.2500,160.0118,148.8553,154.3024,149.0819,151.0069
2023-05-12,170.0375,171.5056,168.4905,171.0721,45533100,AAPL,165.9100,166.2198,159.7794,160.4049,149.2342,154.6140,149.1642,151.1963
2023-05-15,169.5448,170.6681,168.9536,170.6188,37266700,AAPL,166.2582,166.5365,160.1981,160.7634,149.6292,154.9097,149.2413,151.3789
2023-05-16,169.5448,170.5991,169.2788,169.4660,42110300,AAPL,166.5454,166.8230,160.5617,161.1077,150.0248,155.1995,149.2932,151.5596
2023-05-17,170.1558,170.3922,167.9191,169.1901,57951600,AAPL,166.8061,167.1404,160.9815,161.4626,150.3956,155.4956,149.3530,151.7447
2023-05-18,172.4811,172.6683,170.0474,170.4612,65496700,AAPL,167.2313,167.6490,161.4227,161.8947,150.8213,155.8320,149.4317,151.9510
2023-05-19,172.5895,173.8015,172.3727,173.8015,55809500,AAPL,167.7421,168.1195,161.9110,162.3141,151.2517,156.1638,149.4811,152.1563
2023-05-22,171.6436,172.1461,170.9046,171.4268,43570900,AAPL,168.1904,168.4552,162.4215,162.6799,151.6907,156.4703,149.5273,152.3502
2023-05-23,169.0423,170.8356,168.7664,170.5893,50747300,AAPL,168.5853,168.5111,162.8412,162.9294,152.1428,156.7193,149.5616,152.5163
2023-05-24,169.3182,169.8897,168.0176,168.5792,45143500,AAPL,168.9945,168.5880,163.2247,163.1800,152.5626,156.9688,149.5996,152.6835
2023-05-25,170.4513,171.3480,169.1704,169.8798,56058300,AAPL,169.2316,168.7654,163.6230,163.4651,152.9906,157.2358,149.6431,152.8603
2023-05-26,172.8556,173.1906,170.5696,170.7765,54835000,AAPL,169.5264,169.1550,164.0131,163.8334,153.4904,157.5451,149.6774,153.0593
2023-05-30,174.6981,176.3633,173.9788,174.3631,55964400,AAPL,169.9178,169.6829,164.4568,164.2594,153.9959,157.8847,149.7246,153.2746
2023-05-31,174.6488,176.7180,174.1660,174.7276,99625300,AAPL,170.3584,170.1558,164.8522,164.6669,154.5141,158.2167,149.7538,153.4873
2023-06-01,177.4471,177.4767,174.3335,175.0922,68901800,AAPL,170.9925,170.8502,165.2667,165.1681,155.0151,158.5975,149.7917,153.7257
2023-06-02,178.2945,179.1124,176.6293,178.3734,61996900,AAPL,171.7507,171.5592,165.7266,165.6828,155.5194,158.9875,149.8346,153.9701
2023-06-05,176.9447,182.2358,175.4272,179.9499,121946500,AAPL,172.0586,172.0721,166.1378,166.1245,156.0045,159.3431,149.8633,154.1987
2023-06-06,176.5801,177.4767,174.8262,177.3289,64848400,AAPL,172.3517,172.5014,166.5158,166.5345,156.4588,159.6844,149.8921,154.4214
2023-06-07,175.2104,178.5507,174.7178,175.8213,61944600,AAPL,172.6614,172.7594,166.9052,166.8747,156.9002,159.9919,149.9270,154.6283
2023-06-08,177.9201,178.1861,174.8557,175.2892,50214900,AAPL,173.0186,173.2509,167.3612,167.3079,157.3554,160.3469,149.9948,154.8601
2023-06-09,178.3044,179.5557,177.9792,178.8365,48900000,AAPL,173.3856,173.7322,167.7634,167.7391,157.8029,160.7025,150.0662,155.0933
2023-06-12,181.0928,181.1914,178.3142,178.6098,54274900,AAPL,173.9384,174.4332,168.1902,168.2628,158.2854,161.1063,150.1501,155.3520
2023-06-13,180.6199,181.4476,179.7627,180.1174,54929100,AAPL,174.4922,175.0224,168.5574,168.7474,158.7627,161.4927,150.2193,155.6035
2023-06-14,181.2505,181.6840,179.3488,180.6790,57462900,AAPL,175.0774,175.6156,168.9123,169.2377,159.2207,161.8839,150.3231,155.8586
2023-06-15,183.2803,183.7828,181.0830,181.2604,65433200,AAPL,175.7337,176.3456,169.3185,169.7884,159.6671,162.3076,150.4481,156.1315
2023-06-16,182.2063,184.2459,181.5658,183.9897,101256200,AAPL,176.2199,176.9037,169.7399,170.2754,160.0889,162.7016,150.5798,156.3909
2023-06-20,182.2950,183.3690,181.7038,181.7038,49799100,AAPL,176.7052,177.4172,170.1454,170.7467,160.5181,163.0896,150.7202,156.6487
2023-06-21,181.2604,182.6891,179.9105,182.1866,49515700,AAPL,177.1860,177.7832,170.5820,171.1590,160.9163,163.4494,150.8519,156.8936
2023-06-22,184.2557,184.3050,180.9746,181.0436,51245300,AAPL,177.9467,178.3996,171.1027,171.6726,161.3252,163.8614,151.0090,157.1659
2023-06-23,183.9404,184.8075,182.2949,182.8270,53117000,AAPL,178.6778,178.9273,171.6308,172.1537,161.7597,164.2591,151.1709,157.4323
2023-06-26,182.5511,185.2903,182.5117,184.0883,48088700,AAPL,179.2828,179.2724,172.0238,172.5614,162.1676,164.6213,151.3188,157.6822
2023-06-27,185.3002,185.6253,182.9452,183.1620,50730800,AAPL,179.9050,179.8465,172.4786,173.0610,162.5918,165.0308,151.4878,157.9570
2023-06-28,186.4727,187.1132,184.8469,185.1721,51216800,AAPL,180.4938,180.4776,172.9564,173.5869,162.9748,165.4553,151.6484,158.2407
2023-06-29,186.8077,187.2807,186.1673,186.3052,46347300,AAPL,181.1017,181.0804,173.4165,174.1054,163.3249,165.8782,151.7809,158.5250
2023-06-30,191.1234,191.6260,188.4532,188.8178,85213200,AAPL,181.7855,182.0369,173.9402,174.7728,163.7455,166.3781,151.9821,158.8494
2023-07-03,189.6356,191.0348,188.9459,190.9362,31458200,AAPL,182.3526,182.7606,174.4533,175.3556,164.1224,166.8386,152.1686,159.1557
2023-07-05,188.5222,190.1480,187.8226,188.7587,46920300,AAPL,182.9315,183.3093,174.9763,175.8720,164.5151,167.2680,152.3640,159.4479
2023-07-06,188.9951,189.2021,186.4234,187.0541,45094300,AAPL,183.5522,183.8508,175.5026,176.3866,164.9228,167.6982,152.5699,159.7419
2023-07-07,187.8817,189.8425,187.4482,188.6010,46815000,AAPL,184.1858,184.2347,176.0374,176.8374,165.3157,168.0979,152.7517,160.0219
2023-07-10,185.8421,187.2019,184.2952,186.4826,59922200,AAPL,184.5819,184.3878,176.5316,177.1905,165.6603,168.4493,152.9114,160.2788
2023-07-11,185.3199,186.5220,183.8616,186.3841,46638100,AAPL,184.9327,184.4766,176.9238,177.5093,166.0061,168.7834,153.0842,160.5280
2023-07-12,186.9851,188.8868,185.7042,186.8964,60750200,AAPL,185.2273,184.7155,177.3243,177.8809,166.3476,169.1438,153.2700,160.7912
2023-07-13,187.7438,188.3842,186.9949,187.7044,41342300,AAPL,185.5835,185.0039,177.7418,178.2677,166.7126,169.5121,153.4710,161.0594
2023-07-14,187.8916,188.3744,186.8471,187.4383,41616200,AAPL,185.9155,185.2789,178.1829,178.6451,167.0904,169.8761,153.6711,161.3264
2023-07-17,191.1432,191.4683,188.9951,189.0838,50520200,AAPL,186.3087,185.8374,178.7104,179.1352,167.5409,170.2972,153.8825,161.6231
2023-07-18,190.8870,191.4782,189.5962,190.5125,48288200,AAPL,186.7427,186.3183,179.2655,179.5961,167.9845,170.7049,154.1021,161.9143
2023-07-19,192.2369,195.3209,189.8228,190.2662,80507300,AAPL,187.2398,186.8820,179.6945,180.0918,168.4369,171.1313,154.3645,162.2160
2023-07-20,190.2958,193.5868,189.6750,192.2270,59581200,AAPL,187.6916,187.2071,180.0861,180.4920,168.8962,171.5108,154.6383,162.4954
2023-07-21,189.1233,192.1088,188.4237,191.2516,71951700,AAPL,187.9349,187.3896,180.4883,180.8304,169.3320,171.8595,154.8853,162.7603
2023-07-24,189.9214,192.0497,189.4287,190.5717,45377800,AAPL,188.2340,187.6307,180.8711,181.1869,169.7807,172.2172,155.1184,163.0306
2023-07-25,190.7786,191.5866,190.0889,190.4928,37283200,AAPL,188.6454,187.9305,181.2674,181.5631,170.2587,172.5847,155.3543,163.3067
2023-07-26,191.6457,192.7689,190.4830,190.8279,47471900,AAPL,188.9626,188.2843,181.6996,181.9585,170.7395,172.9622,155.5993,163.5887
2023-07-27,190.3844,194.3060,189.7243,193.1434,47460200,AAPL,189.1582,188.4844,182.1164,182.2889,171.1573,173.3072,155.8642,163.8553
2023-07-28,192.9562,193.7444,191.2910,191.8132,48291400,AAPL,189.4656,188.9102,182.5846,182.7072,171.5732,173.6963,156.1403,164.1449
2023-07-31,193.5671,193.6065,192.3945,193.1828,38824100,AAPL,189.5878,189.3537,183.0529,183.1331,172.0172,174.0898,156.4266,164.4376
2023-08-01,192.7394,193.8430,192.4142,193.3602,35175100,AAPL,189.7430,189.6762,183.4580,183.5098,172.4404,174.4591,156.7119,164.7192
2023-08-02,189.7538,192.3157,189.0345,192.1777,50389300,AAPL,189.8046,189.6836,183.8013,183.7547,172.8562,174.7619,156.9594,164.9683
2023-08-03,188.3645,189.5469,187.8916,188.7587,61235200,AAPL,189.7731,189.5580,184.1357,183.9355,173.2786,175.0313,157.2226,165.2011
2023-08-04,179.3193,184.6302,179.2503,182.7975,115956800,AAPL,189.3449,188.5829,184.3413,183.7544,173.5912,175.1162,157.4207,165.3416
2023-08-07,176.2254,180.4426,174.7474,179.4572,97576100,AAPL,188.8641,187.4059,184.4794,183.4592,173.8521,175.1382,157.5969,165.4499
2023-08-08,177.1614,177.6245,174.9740,177.0530,67823000,AAPL,188.4562,186.4303,184.6136,183.2122,174.1183,175.1782,157.7772,165.5664
2023-08-09,175.5750,178.2748,174.4124,178.2157,60378500,AAPL,187.8857,185.3964,184.6680,182.9127,174.3406,175.1861,157.9519,165.6660
2023-08-10,175.3582,178.0974,174.9937,176.8461,54686900,AAPL,187.2664,184.4404,184.6812,182.6165,174.5690,175.1895,158.1064,165.7625
2023-08-11,175.4175,176.2364,174.1940,174.9538,52036700,AAPL,186.6427,183.5811,184.6966,182.3341,174.7744,175.1940,158.2506,165.8585
2023-08-14,177.0652,177.2921,174.9439,175.5950,43675600,AAPL,185.9388,182.9605,184.6889,182.1275,174.9778,175.2311,158.3888,165.9700
2023-08-15,175.0820,177.0849,174.6873,176.4929,43622600,AAPL,185.1485,182.2102,184.6247,181.8512,175.1756,175.2281,158.5318,166.0607
2023-08-16,174.2137,176.1574,174.1447,174.7663,46964900,AAPL,184.2474,181.4486,184.5701,181.5517,175.3540,175.2080,158.6927,166.1418
2023-08-17,171.6780,175.1412,171.1649,174.7761,66062900,AAPL,183.3165,180.5181,184.4720,181.1645,175.4939,175.1381,158.7873,166.1969
2023-08-18,172.1615,172.7634,169.6653,170.0007,61172200,AAPL,182.4684,179.7222,184.4110,180.8115,175.6581,175.0792,158.8961,166.2563
2023-08-21,173.4935,173.7796,171.4215,172.7338,46311900,AAPL,181.6470,179.1290,184.3225,180.5245,175.8418,175.0478,159.0248,166.3283
2023-08-22,174.8649,175.3089,173.8980,174.6972,42038900,AAPL,180.8513,178.7229,184.2537,180.3025,176.0086,175.0442,159.1878,166.4132
2023-08-23,178.7030,179.1273,175.9503,176.1378,52722800,AAPL,180.2042,178.7210,184.2059,180.2398,176.1980,175.1166,159.4003,166.5355
2023-08-24,174.0263,178.6833,173.6612,178.2591,54945800,AAPL,179.3863,178.2739,184.0741,179.9961,176.3158,175.0950,159.5906,166.6100
2023-08-25,176.2265,176.7593,173.4738,175.0129,51449600,AAPL,178.5498,178.0789,183.9736,179.8483,176.4430,175.1174,159.7893,166.7057
2023-08-28,177.7854,178.1801,176.1673,177.6868,43820700,AAPL,177.7607,178.0510,183.8637,179.7674,176.5911,175.1703,159.9930,166.8160
2023-08-29,181.6630,182.4326,177.1047,177.3020,53003900,AAPL,177.2069,178.3950,183.8528,179.8418,176.7964,175.2988,160.2388,166.9637
2023-08-30,185.1459,185.3432,182.2747,182.4720,60813900,AAPL,176.9765,179.0379,183.9098,180.0498,177.0276,175.4938,160.4430,167.1446
2023-08-31,185.3629,186.5962,184.9781,185.3333,60794500,AAPL,176.8264,179.6403,183.9919,180.2581,177.2869,175.6892,160.6345,167.3259
2023-09-01,186.9317,187.3856,185.7675,186.9613,45766500,AAPL,177.2071,180.3347,184.0454,180.5198,177.5740,175.9119,160.8407,167.5210
2023-09-05,187.1685,187.4448,185.1064,185.7675,45280000,AAPL,177.7542,180.9856,184.1100,180.7806,177.8704,176.1348,161.0395,167.7165
2023-09-06,180.4691,186.3299,179.0483,185.8859,81755800,AAPL,177.9196,180.9364,184.0683,180.7683,178.0460,176.2206,161.2110,167.8434
2023-09-07,175.1905,175.8319,171.2242,172.8423,112488800,AAPL,177.9004,180.3892,183.8661,180.5496,178.1723,176.2002,161.3465,167.9165
2023-09-08,175.8022,177.8348,175.4175,175.9700,65551300,AAPL,177.9226,179.9523,183.6527,180.3634,178.3046,176.1923,161.4824,167.9950
2023-09-11,176.9665,177.8940,174.9735,177.6670,58953100,AAPL,178.0000,179.6679,183.4559,180.2302,178.4362,176.2077,161.6401,168.0842
2023-09-12,173.9473,177.7262,172.4871,177.0948,90370200,AAPL,177.8441,179.1231,183.1124,179.9838,178.5263,176.1629,161.7721,168.1426
2023-09-13,171.8853,174.9340,171.6583,174.1545,84267900,AAPL,177.6843,178.4338,182.7574,179.6662,178.6054,176.0782,161.8895,168.1798
2023-09-14,173.3948,173.7500,171.2636,171.6780,60895800,AAPL,177.6434,177.9539,182.4548,179.4203,178.7156,176.0251,162.0289,168.2317
2023-09-15,172.6746,174.1447,171.5005,174.1249,109259500,AAPL,177.6932,177.4511,182.1284,179.1558,178.8155,175.9587,162.1838,168.2759
2023-09-18,175.5951,176.9863,173.8191,174.1250,67257600,AAPL,177.8649,177.2743,181.8827,179.0161,178.9600,175.9515,162.3683,168.3487
2023-09-19,176.6804,177.2329,174.7663,175.1511,51826900,AAPL,178.0242,177.2178,181.6994,178.9245,179.1155,175.9659,162.5245,168.4316
2023-09-20,173.1481,177.3019,173.0593,176.8678,58436200,AAPL,177.9384,176.8302,181.4560,178.6980,179.1899,175.9101,162.6617,168.4786
2023-09-21,171.6089,173.9473,171.5399,172.2207,63149100,AAPL,177.5837,176.3329,181.1485,178.4200,179.2364,175.8250,162.7937,168.5097
2023-09-22,172.4575,174.7169,171.7274,172.3391,56725400,AAPL,177.5052,175.9638,180.8428,178.1862,179.2923,175.7583,162.9357,168.5490
2023-09-25,173.7303,174.6084,171.8260,171.8754,46172700,AAPL,177.3804,175.7511,180.5595,178.0114,179.3712,175.7181,163.1023,168.6005
2023-09-26,169.6653,172.8620,169.3693,172.4871,64588900,AAPL,176.9744,175.1715,180.1300,177.6841,179.4202,175.5983,163.2583,168.6111
2023-09-27,168.1557,170.7308,166.7941,170.3164,66921800,AAPL,176.2990,174.5033,179.6754,177.3105,179.4704,175.4509,163.3983,168.6066
2023-09-28,168.4122,169.7343,165.3832,167.0802,56294400,AAPL,175.4624,173.9232,179.1989,176.9615,179.4467,175.3115,163.5420,168.6047
2023-09-29,168.9253,170.7605,168.0669,169.7245,51861100,AAPL,174.6405,173.4472,178.7714,176.6464,179.4288,175.1850,163.6769,168.6079
2023-10-02,171.4314,171.9740,168.6490,168.9351,52164500,AAPL,173.8655,173.2552,178.4176,176.4419,179.4529,175.1107,163.8195,168.6360
2023-10-03,170.0994,171.3130,168.5405,169.9613,49594600,AAPL,173.0120,172.9547,178.0212,176.1931,179.4462,175.0115,163.9665,168.6505
2023-10-04,171.3426,171.8852,168.6885,168.8069,53020300,AAPL,172.5557,172.8012,177.6325,176.0029,179.4499,174.9388,164.1526,168.6773
2023-10-05,172.5759,173.1087,170.3756,171.4708,48527900,AAPL,172.4249,172.7797,177.2511,175.8685,179.4753,174.8920,164.3548,168.7161
2023-10-06,175.1215,175.6148,170.8690,171.4807,57266700,AAPL,172.3909,173.0027,176.9458,175.8392,179.5311,174.8966,164.5801,168.7798
2023-10-09,176.6014,176.6606,173.4540,174.4505,42390800,AAPL,172.3726,173.3455,176.6187,175.8691,179.6017,174.9303,164.8132,168.8577
2023-10-10,176.0095,177.3217,175.5753,175.7233,43698000,AAPL,172.4757,173.5992,176.2676,175.8746,179.6602,174.9517,165.0279,168.9288
2023-10-11,177.4006,177.4500,175.2300,175.8220,47551100,AAPL,172.7515,173.9612,175.9608,175.9345,179.7094,175.0002,165.2654,169.0131
2023-10-12,178.2985,179.9068,176.6508,177.6671,56743100,AAPL,172.9967,174.3743,175.7317,176.0272,179.7665,175.0655,165.5091,169.1055
2023-10-13,176.4633,179.5022,175.7628,178.9990,51427100,AAPL,173.1861,174.5732,175.4936,176.0443,179.8147,175.0932,165.7527,169.1787
2023-10-16,176.3351,176.6902,174.1545,174.3913,52517000,AAPL,173.2231,174.7410,175.4340,176.0557,179.8876,175.1178,166.0152,169.2499
2023-10-17,174.7860,176.0391,172.4674,174.2927,57549400,AAPL,173.1284,174.7453,175.4052,176.0059,179.9423,175.1112,166.2524,169.3050
2023-10-18,173.4935,175.2103,172.7732,173.2370,54764400,AAPL,173.1457,174.6261,175.3318,175.9074,179.9727,175.0792,166.4817,169.3467
2023-10-19,173.1186,175.4668,172.8522,173.6908,59302900,AAPL,173.2212,174.4825,175.2827,175.7980,179.9753,175.0404,166.7329,169.3842
2023-10-20,170.5730,173.0791,170.3362,172.9706,64244000,AAPL,173.1269,174.1102,175.1870,175.5931,179.9341,174.9519,166.9650,169.3961
2023-10-23,170.6914,171.6879,167.6623,168.6293,55980100,AAPL,172.9750,173.7846,175.0925,175.4009,179.8945,174.8675,167.2043,169.4089
2023-10-24,171.1255,171.3524,169.1621,170.7407,43816600,AAPL,173.0480,173.5313,174.9737,175.2332,179.8313,174.7934,167.4232,169.4260
2023-10-25,168.8168,170.7506,168.3728,169.5863,57157000,AAPL,173.0811,173.0823,174.8484,174.9816,179.7365,174.6751,167.6280,169.4200
2023-10-26,164.6629,169.0930,163.4592,168.0965,70625300,AAPL,172.8936,172.2805,174.6573,174.5769,179.6137,174.4768,167.8091,169.3726
2023-10-27,165.9752,166.7053,164.6037,164.6827,58499100,AAPL,172.7461,171.6800,174.5433,174.2396,179.5077,174.3085,167.9832,169.3388
2023-10-30,168.0175,168.8858,166.6165,166.7645,51131000,AAPL,172.5754,171.3312,174.4604,173.9956,179.4357,174.1839,168.1680,169.3257
2023-10-31,168.4912,168.6194,165.6595,167.0901,44846000,AAPL,172.4950,171.0607,174.3604,173.7797,179.3414,174.0712,168.3484,169.3174
2023-11-01,171.6484,171.9050,167.8498,168.7181,56934900,AAPL,172.5103,171.1167,174.2960,173.6962,179.2749,174.0232,168.5389,169.3406
2023-11-02,175.2004,175.4076,173.1185,173.1777,77334800,AAPL,172.6415,171.5056,174.2260,173.7552,179.2160,174.0465,168.7507,169.3989
2023-11-03,174.2927,174.4604,171.0367,171.9148,79829200,AAPL,172.6001,171.7710,174.2313,173.7762,179.1527,174.0514,168.9577,169.4476
2023-11-06,176.8382,177.0356,173.8586,174.0263,63841300,AAPL,172.6119,172.2536,174.2435,173.8963,179.1086,174.1066,169.1646,169.5211
2023-11-07,179.3937,180.0054,176.5817,176.7889,70530000,AAPL,172.7811,172.9336,174.2757,174.1119,179.0697,174.2113,169.3684,169.6193
2023-11-08,180.4494,181.0019,179.1667,179.9166,49340300,AAPL,172.9336,173.6494,174.2514,174.3604,179.0521,174.3348,169.5705,169.7271
2023-11-09,179.9758,181.6630,179.3838,180.5185,53763500,AAPL,173.0174,174.2519,174.1480,174.5806,179.0289,174.4465,169.7735,169.8291
2023-11-10,184.1549,184.3228,181.3194,181.7541,66133400,AAPL,173.4020,175.1951,174.1239,174.9561,179.0579,174.6387,169.9871,169.9716
2023-11-13,182.5741,183.7893,181.9912,183.5818,43627500,AAPL,173.7140,175.8978,174.0367,175.2548,179.0411,174.7959,170.1831,170.0970
2023-11-14,185.1823,185.8443,184.0561,185.4392,60108400,AAPL,174.2338,176.7821,173.9970,175.6442,179.0535,175.0015,170.4066,170.2471
2023-11-15,185.7455,187.2175,185.5182,185.5874,53790500,AAPL,174.8464,177.6357,174.1025,176.0403,179.0854,175.2143,170.6265,170.4013
2023-11-16,187.4250,188.6600,186.3778,187.2867,54412900,AAPL,175.5617,178.5680,174.3472,176.4867,179.1067,175.4561,170.8492,170.5707
2023-11-17,187.4052,188.0869,186.2987,187.9585,50922700,AAPL,176.4033,179.4097,174.5793,176.9149,179.1160,175.6927,171.0454,170.7382
2023-11-20,189.1440,189.5985,187.5930,187.6028,46505100,AAPL,177.3259,180.3368,174.8228,177.3945,179.1394,175.9591,171.2321,170.9214
2023-11-21,188.3438,189.2132,187.4546,189.1045,38134500,AAPL,178.1869,181.0993,175.1108,177.8239,179.1116,176.2043,171.4285,171.0947
2023-11-22,189.0057,190.6062,188.5315,189.1835,39617700,AAPL,179.1963,181.8523,175.4532,178.2624,179.1053,176.4578,171.6139,171.2729
2023-11-24,187.6819,188.6007,186.9705,188.5710,24048300,AAPL,180.3472,182.4075,175.7389,178.6318,179.0969,176.6801,171.8060,171.4362
2023-11-27,187.5040,188.3734,186.6247,187.6325,40552600,AAPL,181.4237,182.8929,176.0355,178.9797,179.0820,176.8944,172.0024,171.5961
2023-11-28,188.1067,188.7785,187.1187,187.4941,38415400,AAPL,182.4281,183.3894,176.2857,179.3376,179.0842,177.1164,172.2000,171.7604
2023-11-29,187.0891,189.7763,186.6939,188.6007,43014200,AAPL,183.3580,183.7418,176.4939,179.6416,179.0967,177.3139,172.3785,171.9129
2023-11-30,187.6621,188.0276,185.9233,187.5534,48794400,AAPL,184.1587,184.1152,176.7842,179.9561,179.1201,177.5188,172.5631,172.0696
2023-12-01,188.9366,189.2527,186.9508,188.0375,45704800,AAPL,184.8455,184.5743,177.1307,180.3083,179.1396,177.7449,172.7436,172.2374
2023-12-04,187.1483,187.7609,185.1922,187.6917,43389500,AAPL,185.4883,184.8195,177.4245,180.5765,179.1337,177.9311,172.9231,172.3858
2023-12-05,191.0903,192.0585,187.8893,187.9190,66628400,AAPL,186.2009,185.4167,177.7717,180.9888,179.1656,178.1917,173.1280,172.5719
2023-12-06,190.0035,192.4141,189.7961,192.1079,41089700,AAPL,186.7314,185.8535,178.1785,181.3424,179.1542,178.4256,173.3476,172.7454
2023-12-07,191.9301,192.6513,191.2583,191.2978,47477700,AAPL,187.3054,186.4323,178.6540,181.7576,179.1647,178.6930,173.5746,172.9363
2023-12-08,193.3527,193.6293,191.3373,191.8609,53406400,AAPL,187.9743,187.0914,179.1528,182.2123,179.1758,178.9833,173.8063,173.1394
2023-12-11,190.8532,191.1595,189.1144,190.7840,60943700,AAPL,188.3092,187.4496,179.5914,182.5511,179.1814,179.2184,174.0388,173.3157
2023-12-12,192.3648,192.3747,189.4108,190.7544,52696900,AAPL,188.7987,187.9177,180.0100,182.9360,179.2138,179.4787,174.2729,173.5052
2023-12-13,195.5756,195.6151,192.5031,192.7402,70404200,AAPL,189.3184,188.6471,180.5196,183.4317,179.2704,179.7974,174.5256,173.7248
2023-12-14,195.7238,197.2156,193.7973,195.6349,66831600,AAPL,189.8173,189.3210,181.0072,183.9137,179.3198,180.1128,174.7893,173.9437
2023-12-15,195.1903,196.0103,194.6272,195.1508,128538400,AAPL,190.2056,189.8800,181.4595,184.3559,179.3553,180.4114,175.0474,174.1551
2023-12-18,193.5306,194.2617,192.0486,193.7282,55751900,AAPL,190.5119,190.2277,181.8277,184.7157,179.3867,180.6712,175.2720,174.3479
2023-12-19,194.5679,194.5778,193.5305,193.7973,40714100,AAPL,190.7830,190.6410,182.1870,185.1021,179.4028,180.9463,175.4880,174.5491
2023-12-20,192.4833,195.2990,192.4833,194.5284,52242800,AAPL,190.9900,190.8165,182.5165,185.3915,179.3920,181.1748,175.7046,174.7276
2023-12-21,192.3351,194.7062,191.1693,193.7380,46482500,AAPL,191.1565,190.9611,182.8151,185.6638,179.3880,181.3958,175.9142,174.9028
2023-12-22,191.2681,193.0563,190.6457,192.8291,37149600,AAPL,191.3358,190.9904,183.0745,185.8836,179.4031,181.5913,176.1296,175.0656
2023-12-26,190.7248,191.5546,190.5074,191.2780,28919300,AAPL,191.4968,190.9651,183.3598,186.0735,179.4267,181.7721,176.3527,175.2214
2023-12-27,190.8236,191.1694,188.7884,190.1715,48087700,AAPL,191.6327,190.9516,183.6495,186.2597,179.5418,181.9514,176.5665,175.3767
2023-12-28,191.2484,192.3154,190.8433,191.8016,34049900,AAPL,191.8407,190.9799,183.9788,186.4554,179.6920,182.1355,176.7720,175.5346
2023-12-29,190.2110,192.0585,189.4207,191.5645,42672100,AAPL,191.9681,190.9066,184.3131,186.6027,179.8225,182.2954,176.9704,175.6806
2024-01-02,183.4040,186.1703,181.6751,184.8958,82488700,AAPL,191.6915,190.1921,184.5188,186.4772,179.9008,182.3173,177.1207,175.7575
2024-01-03,182.0308,183.6411,181.2206,182.0011,58414500,AAPL,191.4356,189.4148,184.7480,186.3028,179.9675,182.3117,177.2682,175.8199
2024-01-04,179.7189,180.8847,178.7014,179.9560,71983600,AAPL,190.8670,188.4914,184.9286,186.0447,180.0105,182.2603,177.3925,175.8587
2024-01-05,178.9977,180.5587,177.9999,179.7980,62379700,AAPL,190.3167,187.5873,185.0860,185.7683,180.0298,182.1957,177.5038,175.8899
2024-01-08,183.3250,183.3645,179.3139,179.8968,59144500,AAPL,189.8865,187.1813,185.3762,185.6725,180.1123,182.2181,177.6439,175.9639
2024-01-09,182.9100,182.9199,180.5290,181.7047,42841800,AAPL,189.3643,186.7745,185.7411,185.5642,180.1992,182.2318,177.7766,176.0330
2024-01-10,183.9474,184.1548,181.7047,182.1296,46792900,AAPL,189.0191,186.5053,186.1006,185.5008,180.3219,182.2658,177.9079,176.1118
2024-01-11,183.3546,184.7970,181.4083,184.2932,49128400,AAPL,188.5685,186.2052,186.4073,185.4166,180.4339,182.2873,178.0460,176.1838
2024-01-12,183.6807,184.4908,182.9595,183.8190,40477800,AAPL,187.9738,185.9648,186.7111,185.3485,180.5357,182.3149,178.1888,176.2584
2024-01-16,181.4182,182.0406,178.7507,179.9659,65603000,AAPL,187.2585,185.5318,186.9065,185.1944,180.6013,182.2972,178.3049,176.3098
2024-01-17,180.4797,180.7267,178.1284,179.0867,47317400,AAPL,186.5230,185.0506,187.0121,185.0095,180.6190,182.2612,178.4085,176.3513
2024-01-18,186.3580,186.8618,183.5917,183.8486,78005800,AAPL,186.1644,185.1751,187.2534,185.0624,180.7423,182.3423,178.5290,176.4508
2024-01-19,189.2527,189.6380,186.5457,187.0495,68903000,AAPL,185.8986,185.5635,187.5017,185.2267,180.8726,182.4791,178.6578,176.5782
2024-01-22,191.5547,192.9773,189.9443,189.9838,60133900,AAPL,185.8522,186.1341,187.7449,185.4749,181.0103,182.6588,178.8007,176.7272
2024-01-23,192.8291,193.3922,191.4954,192.6710,42355600,AAPL,185.8769,186.7717,187.9925,185.7633,181.1220,182.8602,178.9592,176.8875
2024-01-24,192.1573,194.0147,191.9992,193.0662,53631300,AAPL,185.9213,187.2846,188.2361,186.0140,181.1921,183.0443,179.1098,177.0394
2024-01-25,191.8313,193.9060,190.7841,192.8686,54822100,AAPL,185.9767,187.7176,188.3896,186.2421,181.2568,183.2183,179.2718,177.1866
2024-01-26,190.1024,192.4142,189.6281,191.9301,44594000,AAPL,185.9406,187.9447,188.5402,186.3935,181.2885,183.3546,179.4313,177.3151
2024-01-29,189.4207,189.8850,187.2966,189.6973,47145600,AAPL,185.8492,188.0853,188.6250,186.5122,181.3110,183.4748,179.5907,177.4355
2024-01-30,185.7751,189.4898,185.2120,188.6402,55859400,AAPL,185.6274,187.8653,188.6256,186.4833,181.3640,183.5203,179.7050,177.5185
2024-01-31,182.1789,184.8464,182.1296,184.7871,55467800,AAPL,185.5662,187.3237,188.5206,186.3145,181.4339,183.4938,179.8031,177.5649
2024-02-01,184.6093,184.6982,181.6059,181.7739,64885400,AAPL,185.6951,187.0652,188.4647,186.2477,181.5220,183.5158,179.9133,177.6350
2024-02-02,183.6115,185.0737,177.0910,177.6936,102551700,AAPL,185.8897,186.7363,188.3541,186.1443,181.5884,183.5177,180.0123,177.6945
2024-02-05,185.4194,186.9705,183.6016,185.8838,69668800,AAPL,186.2108,186.6109,188.2956,186.1158,181.7032,183.5554,180.1147,177.7713
2024-02-06,187.0199,187.0298,184.5204,184.6093,43490800,AAPL,186.3955,186.6498,188.2559,186.1513,181.8545,183.6240,180.2299,177.8634
2024-02-07,187.1286,188.7489,186.3383,188.3438,53439000,AAPL,186.6065,186.6954,188.2448,186.1896,181.9918,183.6934,180.3537,177.9555
2024-02-08,186.0517,187.2570,185.0934,187.1088,40962000,AAPL,186.7117,186.6341,188.2158,186.1842,182.1256,183.7401,180.4706,178.0361
2024-02-09,186.8134,187.9411,185.9726,186.6156,45155200,AAPL,186.8846,186.6512,188.1899,186.2089,182.2378,183.8010,180.5989,178.1234
2024-02-12,185.1317,186.6354,184.7756,186.3881,41781900,AAPL,186.9572,186.5065,188.1507,186.1667,182.3223,183.8273,180.7189,178.1932
2024-02-13,183.0445,184.2019,181.5310,183.7666,56529500,AAPL,187.0385,186.1768,188.0584,186.0442,182.4213,183.8118,180.8056,178.2414
2024-02-14,182.1641,183.5292,180.4726,183.3215,54630500,AAPL,187.1227,185.7946,187.9229,185.8921,182.5268,183.7792,180.8816,178.2805
2024-02-15,181.8772,182.5005,179.3943,181.5706,65434500,AAPL,186.8987,185.4215,187.8175,185.7346,182.6210,183.7415,180.9566,178.3163
2024-02-16,180.3439,182.8565,179.7108,181.4420,49752500,AAPL,186.4532,184.9380,187.6026,185.5232,182.6872,183.6742,181.0292,178.3364
2024-02-20,179.6020,180.4626,178.0588,179.8295,53665600,AAPL,185.8556,184.4298,187.3946,185.2910,182.7865,183.5936,181.1034,178.3490
2024-02-21,180.3539,180.9177,178.7117,179.9779,41371400,AAPL,185.2319,184.0416,187.1630,185.0974,182.9085,183.5294,181.1895,178.3690
2024-02-22,182.3817,182.9654,180.4923,181.5013,52292200,AAPL,184.7431,183.8835,186.9436,184.9909,183.0482,183.5067,181.2475,178.4089
2024-02-23,180.5517,183.0445,180.2648,183.0148,45119700,AAPL,184.1791,183.5662,186.7376,184.8168,183.1645,183.4482,181.2966,178.4302
2024-02-26,179.2064,180.7891,178.7019,180.2747,40867400,AAPL,183.6343,183.1510,186.4744,184.5968,183.2422,183.3642,181.3476,178.4380
2024-02-27,180.6605,181.9366,177.6236,179.1470,54318900,AAPL,183.1963,182.9138,186.1761,184.4424,183.3478,183.3107,181.3970,178.4601
2024-02-28,179.4635,181.1452,178.1874,180.5418,48953900,AAPL,182.8807,182.5852,185.8509,184.2472,183.4290,183.2345,181.4395,178.4701
2024-02-29,178.8008,180.6012,177.5939,179.3152,136682600,AAPL,182.7118,182.2248,185.5231,184.0336,183.4913,183.1467,181.4833,178.4733
2024-03-01,177.7225,178.5831,175.4671,177.6137,73563100,AAPL,182.3675,181.7960,185.2070,183.7861,183.5173,183.0393,181.5242,178.4659
2024-03-04,173.2117,174.9923,171.9158,174.2504,81510100,AAPL,181.8475,180.9784,184.7798,183.3714,183.4834,182.8447,181.5425,178.4136
2024-03-05,168.2854,170.1847,167.7908,168.9185,95132400,AAPL,180.9908,179.7696,184.2959,182.7798,183.4062,182.5564,181.5332,178.3128
2024-03-06,167.2962,169.3934,166.8609,169.2153,68587700,AAPL,180.0046,178.5816,183.7951,182.1726,183.3051,182.2542,181.5073,178.2032
2024-03-07,167.1775,168.8888,166.6730,167.3259,71765100,AAPL,179.0070,177.4955,183.3133,181.5846,183.1939,181.9556,181.4802,178.0935
2024-03-08,168.8888,171.8268,167.1181,167.1775,76267000,AAPL,178.1489,176.6758,182.8766,181.0867,183.1182,181.6969,181.4664,178.0019
2024-03-11,170.8870,172.4995,170.1946,171.0750,60139500,AAPL,177.3526,176.1245,182.4778,180.6867,183.0637,181.4828,181.4756,177.9311
2024-03-12,171.3619,172.1532,169.1658,171.2827,59825400,AAPL,176.6641,175.6709,182.0801,180.3210,183.0294,181.2824,181.4859,177.8657
2024-03-13,169.2845,171.3223,168.9185,170.9068,52488700,AAPL,175.9761,175.0627,181.6616,179.8882,182.9874,181.0448,181.4800,177.7804
2024-03-14,171.1344,172.4302,170.1946,171.0453,72913500,AAPL,175.4246,174.6886,181.4162,179.5449,182.9675,180.8486,181.4714,177.7142
2024-03-15,170.7584,170.7584,168.4536,169.3241,121752700,AAPL,174.8686,174.3143,181.1907,179.2004,182.9694,180.6488,181.4517,177.6450
2024-03-18,171.8466,175.7936,171.6488,173.6767,75604200,AAPL,174.4438,174.0793,181.0333,178.9120,182.9809,180.4745,181.4377,177.5873
2024-03-19,174.1811,174.7054,171.1640,172.4599,55215200,AAPL,174.1727,174.0890,180.9370,178.7265,183.0115,180.3499,181.4214,177.5534
2024-03-20,176.7432,176.7432,173.2018,173.8250,53423100,AAPL,173.9922,174.3417,180.8053,178.6487,183.0907,180.2785,181.4136,177.5454
2024-03-21,169.5219,175.5760,168.9977,175.1407,106181300,AAPL,173.3492,173.8827,180.5376,178.2908,183.1393,180.0654,181.3765,177.4655
2024-03-22,170.4221,171.1838,168.2261,169.9077,71160100,AAPL,172.8427,173.5531,180.2671,177.9822,183.1838,179.8745,181.3457,177.3954
2024-03-25,169.0076,170.0858,167.6226,168.7306,54288300,AAPL,172.3328,173.1202,179.9801,177.6303,183.1937,179.6593,181.3147,177.3120
2024-03-26,167.8799,169.5714,167.7512,168.1667,57388400,AAPL,171.6938,172.6211,179.6641,177.2479,183.1876,179.4260,181.2645,177.2181
2024-03-27,171.4410,171.7279,168.2755,168.5723,60273300,AAPL,171.2926,172.5088,179.4646,177.0202,183.1855,179.2679,181.2302,177.1606
2024-03-28,169.6308,170.3727,168.6712,169.8979,65672700,AAPL,170.8341,172.2347,179.2476,176.7304,183.1298,179.0771,181.1729,177.0857
2024-04-01,168.1964,169.4032,167.6523,169.3439,46240500,AAPL,170.3578,171.8501,178.8843,176.3957,183.0689,178.8616,181.1108,176.9973
2024-04-02,167.0192,167.5138,166.4158,167.2566,49329500,AAPL,170.0482,171.3900,178.4397,176.0280,182.9707,178.6271,181.0396,176.8980
2024-04-03,167.8205,168.8394,166.7620,166.9697,47691700,AAPL,170.0250,171.0500,177.9650,175.7061,182.8549,178.4131,180.9623,176.8077
2024-04-04,166.9995,170.0660,166.9995,168.4536,53704400,AAPL,170.0101,170.6643,177.4484,175.3647,182.7204,178.1871,180.8863,176.7101
2024-04-05,167.7513,168.5525,167.1281,167.7612,42104800,AAPL,170.0388,170.3868,176.9603,175.0661,182.5982,177.9805,180.8136,176.6209
2024-04-08,166.6334,167.3754,166.4257,167.2072,37425500,AAPL,169.9260,170.0294,176.4563,174.7354,182.4230,177.7558,180.7404,176.5215
2024-04-09,167.8403,168.2458,166.5345,166.8807,42373800,AAPL,169.7737,169.8209,176.0111,174.4650,182.2756,177.5594,180.6583,176.4352
2024-04-10,165.9706,167.2665,165.3079,166.9796,49709300,AAPL,169.5041,169.4542,175.5421,174.1319,182.0835,177.3300,180.5685,176.3310
2024-04-11,173.1524,173.5678,166.3466,166.5246,91070300,AAPL,169.6975,169.8064,175.2896,174.0935,181.9576,177.2472,180.5215,176.2994
2024-04-12,174.6461,176.4366,172.3313,172.3808,101670900,AAPL,169.8731,170.2673,175.1390,174.1152,181.8298,177.1957,180.4682,176.2830
2024-04-15,170.8277,174.7252,170.6397,173.4689,73531800,AAPL,169.8766,170.3207,174.8633,173.9863,181.6640,177.0696,180.3900,176.2287
2024-04-16,167.5534,171.8862,166.4554,169.8978,73711200,AAPL,169.6619,170.0571,174.5422,173.7340,181.4481,176.8812,180.2937,176.1424
2024-04-17,166.1882,168.8097,166.1882,167.7809,50901200,AAPL,169.2623,169.6887,174.1575,173.4381,181.2266,176.6694,180.1691,176.0433
2024-04-18,165.2386,166.8214,164.7539,166.2179,43122900,AAPL,168.6870,169.2649,173.7219,173.1165,180.9889,176.4431,180.0471,175.9358
2024-04-19,163.2206,164.6055,162.3105,164.4176,68149400,AAPL,168.3720,168.6892,173.2438,172.7285,180.7443,176.1813,179.9206,175.8093
2024-04-22,164.0516,165.4563,162.9931,163.7350,48116400,AAPL,168.0534,168.2475,172.8038,172.3882,180.5098,175.9411,179.7959,175.6923
2024-04-23,165.1001,165.2485,163.1415,163.5668,49537800,AAPL,167.8581,167.9478,172.3695,172.1024,180.2797,175.7264,179.6819,175.5869
2024-04-24,167.1973,167.4743,164.4176,164.7440,48251800,AAPL,167.8239,167.8763,172.0108,171.9100,180.0808,175.5575,179.5887,175.5034
2024-04-25,168.0579,168.7701,166.3366,167.7018,50558300,AAPL,167.6548,167.8936,171.7111,171.7590,179.8847,175.4090,179.5024,175.4293
2024-04-26,167.4743,169.4923,167.3556,168.0480,44838400,AAPL,167.5470,167.8537,171.4173,171.5909,179.6701,175.2519,179.4049,175.3502
2024-04-29,171.6290,174.1317,171.2333,171.5003,68169400,AAPL,167.7186,168.2132,171.2123,171.5924,179.5149,175.1801,179.3243,175.3132
2024-04-30,168.4931,173.1029,168.1667,171.4608,65934800,AAPL,167.7923,168.2399,170.9753,171.4709,179.2889,175.0477,179.2273,175.2453
2024-05-01,167.4743,170.8475,167.2863,167.7513,50383100,AAPL,167.7750,168.1670,170.7327,171.3142,179.0636,174.8977,179.1089,175.1680
2024-05-02,171.1640,171.5498,169.0471,170.6496,94214900,AAPL,167.9832,168.4524,170.5489,171.3083,178.8560,174.8238,179.0103,175.1281
2024-05-03,181.4024,184.9834,180.6902,184.6371,163224100,AAPL,168.6658,169.6857,170.5294,171.7041,178.7365,174.9541,178.9562,175.1906
2024-05-06,179.7504,182.2136,178.4743,180.3835,78569700,AAPL,169.3216,170.6443,170.5133,172.0197,178.6255,175.0491,178.9034,175.2359
2024-05-07,180.4330,182.9060,179.3646,181.4716,77305800,AAPL,169.9512,171.5765,170.5379,172.3496,178.5061,175.1557,178.8600,175.2876
2024-05-08,180.7693,181.0958,179.4932,180.8781,45057100,AAPL,170.6912,172.4520,170.5400,172.6798,178.3581,175.2668,178.8142,175.3422
2024-05-09,182.5796,182.6686,180.1461,180.5913,48983000,AAPL,171.1625,173.4166,170.6024,173.0680,178.2266,175.4116,178.7732,175.4142
2024-05-10,181.3215,183.3423,180.4102,183.1541,50759500,AAPL,171.4963,174.1694,170.6528,173.3917,178.0879,175.5287,178.7216,175.4730
2024-05-13,184.5211,185.3334,182.8768,183.6890,72044800,AAPL,172.1810,175.1553,170.7887,173.8281,177.9978,175.7067,178.6923,175.5630
2024-05-14,185.6602,186.5220,184.5310,185.7394,52393600,AAPL,173.0863,176.1558,171.0377,174.2921,177.9088,175.9038,178.6558,175.6635
2024-05-15,187.9286,188.8498,185.6008,186.1357,70400000,AAPL,174.1733,177.2770,171.4306,174.8269,177.8632,176.1419,178.6276,175.7855
2024-05-16,188.0474,189.2955,187.8691,188.6715,52845200,AAPL,175.3138,178.3027,171.8456,175.3453,177.8203,176.3777,178.6042,175.9075
2024-05-17,188.0771,189.0083,187.3937,187.7205,41282900,AAPL,176.5566,179.2336,172.2636,175.8446,177.7884,176.6094,178.5958,176.0286
2024-05-20,189.2361,190.1078,187.2253,187.5423,44361300,AAPL,177.8158,180.1863,172.6705,176.3698,177.7736,176.8594,178.6001,176.1600
2024-05-21,190.5338,190.9102,189.1173,189.2857,42309400,AAPL,179.0875,181.1717,173.0635,176.9252,177.7707,177.1302,178.6562,176.3031
2024-05-22,189.0974,190.9993,188.4734,190.4545,34648500,AAPL,180.1825,181.9266,173.4182,177.4026,177.7491,177.3672,178.7206,176.4304
2024-05-23,185.1154,189.1965,184.8678,189.1767,51005900,AAPL,181.0354,182.2303,173.7348,177.7050,177.6982,177.5206,178.7603,176.5168
2024-05-24,188.1861,188.7805,186.2644,187.0371,36327000,AAPL,182.0710,182.7975,174.0758,178.1161,177.7460,177.7318,178.8234,176.6329
2024-05-28,188.1960,191.1776,187.3144,189.7017,52280100,AAPL,182.8994,183.3116,174.4246,178.5114,177.8077,177.9390,178.8876,176.7480
2024-05-29,188.4932,190.4347,187.7206,187.8196,53068000,AAPL,183.8994,183.8051,174.7575,178.9028,177.8954,178.1480,178.9530,176.8648
2024-05-30,189.4837,190.3653,188.8300,188.9587,49889100,AAPL,184.9998,184.3459,175.0636,179.3177,178.0003,178.3725,179.0150,176.9904
2024-05-31,190.4347,190.7517,188.1168,189.6324,75158300,AAPL,185.9634,184.9258,175.3374,179.7537,178.0714,178.6113,179.0918,177.1242
2024-06-03,192.1979,193.1488,190.7022,191.0786,50080500,AAPL,186.5031,185.6184,175.7909,180.2417,178.1642,178.8804,179.1817,177.2741
2024-06-04,192.5149,193.4757,191.2073,192.8021,47471400,AAPL,187.1414,186.2752,176.2328,180.7230,178.2499,179.1504,179.2859,177.4258
2024-06-05,194.0205,195.0408,193.0300,193.5550,54156800,AAPL,187.8207,187.0129,176.7330,181.2445,178.3566,179.4448,179.3952,177.5909
2024-06-06,192.6436,194.6446,192.3366,193.8422,41181800,AAPL,188.4145,187.5491,177.2283,181.6915,178.4462,179.7062,179.4910,177.7407
2024-06-07,195.0309,195.0804,192.3068,192.8120,53103900,AAPL,189.0370,188.2617,177.7001,182.2146,178.5823,180.0096,179.5918,177.9127
2024-06-10,191.2965,195.4370,190.3356,195.0408,97010200,AAPL,189.5358,188.5507,178.1334,182.5708,178.6905,180.2331,179.6548,178.0459
2024-06-11,205.1940,205.2039,191.8017,191.8215,172373300,AAPL,190.5694,190.1358,178.8734,183.4580,178.8789,180.7274,179.8106,178.3160
2024-06-12,211.0581,218.1208,204.9464,205.4119,198134300,AAPL,191.8393,192.1284,179.7542,184.5403,179.0969,181.3280,179.9848,178.6418
2024-06-13,212.2171,214.7034,209.6020,212.7124,97862700,AAPL,193.0537,194.0416,180.6421,185.6257,179.3035,181.9397,180.1569,178.9759
2024-06-14,210.4836,213.1383,209.3048,211.8308,70122700,AAPL,194.1755,195.6075,181.5118,186.6005,179.4801,182.5049,180.3010,179.2894
2024-06-17,214.6241,216.8826,210.7114,211.3553,93728300,AAPL,195.5029,197.4186,182.4492,187.6995,179.7048,183.1409,180.4484,179.6410
2024-06-18,212.2666,216.5656,210.9888,215.5354,79943300,AAPL,196.6544,198.8327,183.3619,188.6629,179.9091,183.7177,180.5829,179.9656
2024-06-20,207.7001,212.2171,206.8780,211.9100,86172500,AAPL,197.5127,199.6772,184.1591,189.4094,180.0851,184.1926,180.6868,180.2416
2024-06-21,205.5308,209.8892,205.1544,208.4034,241805100,AAPL,198.3344,200.2347,184.9503,190.0416,180.2462,184.6151,180.7786,180.4932
2024-06-24,206.1747,210.6916,204.6393,205.7587,80727000,AAPL,199.3874,200.8004,185.6107,190.6743,180.4502,185.0420,180.9071,180.7488
2024-06-25,207.0959,209.3841,206.6402,207.1751,55549700,AAPL,200.3328,201.4000,186.2597,191.3183,180.6993,185.4787,181.0666,181.0109
2024-06-26,211.2364,212.8312,208.6511,209.5029,66213200,AAPL,201.4849,202.3368,187.0679,192.0994,180.9656,185.9888,181.2438,181.3117
2024-06-27,212.0784,213.7029,210.3449,212.6628,49772700,AAPL,202.6641,203.2646,187.9584,192.8829,181.2503,186.5054,181.4194,181.6178
2024-06-28,208.6313,214.0298,208.3143,213.7326,82542700,AAPL,203.6215,203.7757,188.8073,193.5005,181.4824,186.9436,181.5928,181.8866
2024-07-01,214.7034,215.4562,209.9190,210.0874,60402900,AAPL,204.8349,204.8164,189.7966,194.3320,181.7592,187.4933,181.8069,182.2132
2024-07-02,218.1902,218.2991,213.0690,214.1090,58046200,AAPL,206.1345,206.0901,190.8960,195.2676,182.0699,188.1011,182.0309,182.5711
2024-07-03,219.4581,219.4581,216.9618,217.9227,37369800,AAPL,207.4817,207.3632,192.0041,196.2162,182.4039,188.7220,182.2648,182.9382
2024-07-05,224.2028,224.3118,219.5571,219.5571,60412400,AAPL,208.9908,208.9670,193.1861,197.3137,182.7778,189.4246,182.5078,183.3488
2024-07-08,225.6688,225.6986,221.1420,224.9457,59085900,AAPL,210.6421,210.5577,194.3556,198.4257,183.1832,190.1423,182.7528,183.7699
2024-07-09,226.5207,227.2339,224.2326,225.7778,48076100,AAPL,212.2166,212.0779,195.5248,199.5275,183.6179,190.8627,183.0196,184.1952
2024-07-10,230.7801,230.8792,227.0853,227.1349,62627700,AAPL,214.1908,213.8591,196.7909,200.7531,184.1041,191.6532,183.3155,184.6588
2024-07-11,225.4212,230.1957,223.6382,229.2051,64710600,AAPL,215.2021,214.9603,197.8668,201.7204,184.5395,192.3218,183.5803,185.0644
2024-07-12,228.3632,230.4433,226.5207,226.7585,53046500,AAPL,216.0674,216.2367,199.0642,202.7653,185.0197,193.0355,183.8535,185.4952
2024-07-15,232.1867,234.9900,230.8891,234.2471,62631300,AAPL,217.0658,217.7558,200.3584,203.9190,185.5456,193.8108,184.1661,185.9598
2024-07-16,232.6028,234.0391,230.1363,232.7811,43234300,AAPL,218.1718,219.1698,201.5872,205.0439,186.0681,194.5789,184.4883,186.4239
2024-07-17,226.7189,229.2745,224.5000,227.2835,57345900,AAPL,218.7765,219.8887,202.4935,205.8939,186.5114,195.2154,184.7798,186.8248
2024-07-18,222.0632,228.2641,220.1712,228.1056,66034600,AAPL,219.2664,220.0958,203.3398,206.5280,186.9266,195.7470,185.0455,187.1755
2024-07-19,222.1920,224.6585,221.1717,222.6972,49151500,AAPL,219.9910,220.2955,204.1750,207.1423,187.3564,196.2707,185.2993,187.5239
2024-07-22,221.8453,225.6292,220.9835,224.8665,48201800,AAPL,220.8067,220.4431,204.9965,207.7188,187.7683,196.7771,185.5581,187.8654
2024-07-23,222.8854,224.7972,220.5774,222.2514,39960300,AAPL,221.6422,220.6757,205.8026,208.3136,188.2025,197.2941,185.8158,188.2139
2024-07-24,216.4765,222.6774,215.0798,221.8849,61777600,AAPL,222.1113,220.2757,206.5057,208.6337,188.5792,197.6740,186.0353,188.4951
2024-07-25,215.4364,218.7646,212.5935,216.8628,51391200,AAPL,222.3213,219.8148,207.1240,208.9005,188.9564,198.0257,186.2368,188.7632
2024-07-26,215.9019,217.4175,213.9703,216.6349,41601300,AAPL,222.5124,219.4422,207.7288,209.1751,189.3833,198.3797,186.4333,189.0332
2024-07-29,216.1793,217.2293,213.7128,214.9114,36311800,AAPL,222.8898,219.1314,208.2939,209.4497,189.8622,198.7321,186.6342,189.3033
2024-07-30,216.7340,218.2496,214.0793,217.1203,41643800,AAPL,222.9914,218.9031,208.8676,209.7354,190.3566,199.0886,186.8309,189.5762
2024-07-31,219.9830,221.7066,218.5467,219.3491,50036300,AAPL,223.0810,219.0060,209.5057,210.1373,190.8847,199.5024,187.0393,189.8788
2024-08-01,216.2982,222.3604,214.9708,222.2514,62501000,AAPL,222.9230,218.7481,210.0470,210.3789,191.3587,199.8350,187.2385,190.1417
2024-08-02,217.7840,223.4698,215.6543,217.0807,105568600,AAPL,222.6021,218.6563,210.5920,210.6693,191.8277,200.1904,187.4457,190.4167
2024-08-05,207.2940,211.4840,194.1493,197.2101,119548600,AAPL,221.6833,217.5741,210.9559,210.5369,192.1870,200.3310,187.6082,190.5847
2024-08-06,205.2733,208.0072,199.1715,203.3615,69660500,AAPL,220.6210,216.4026,211.3590,210.3305,192.5469,200.4289,187.7671,190.7308
2024-08-07,207.8388,211.6227,204.4412,204.9464,63516400,AAPL,219.4739,215.5870,211.7521,210.2328,192.9140,200.5756,187.9407,190.9010
2024-08-08,211.2958,212.1774,206.8581,211.0977,47161100,AAPL,218.7676,215.1783,212.2141,210.2745,193.3193,200.7879,188.1444,191.1040
2024-08-09,214.1982,214.7331,209.9685,210.0973,42201600,AAPL,218.0594,215.0850,212.7282,210.4283,193.7429,201.0535,188.3619,191.3338
2024-08-12,215.7254,217.6890,213.8114,214.2775,38028100,AAPL,217.2363,215.1460,213.2530,210.6361,194.1583,201.3440,188.5849,191.5765
2024-08-13,219.4344,220.0492,217.1931,217.1931,44155300,AAPL,216.5779,215.5544,213.8330,210.9811,194.5852,201.7022,188.8380,191.8537
2024-08-14,219.8807,221.1798,217.8774,218.7402,41960600,AAPL,216.2360,215.9664,214.3867,211.3301,195.0888,202.0622,189.1141,192.1325
2024-08-15,222.8558,223.4806,220.9120,222.7368,46414000,AAPL,216.2756,216.6226,214.9935,211.7821,195.6131,202.4740,189.3985,192.4382
2024-08-16,224.1747,224.9482,221.7946,222.0624,44340200,AAPL,216.3748,217.3418,215.5966,212.2681,196.1648,202.9037,189.6793,192.7540
2024-08-19,224.0161,224.1152,221.1897,223.8475,40687800,AAPL,216.4833,217.9775,216.2240,212.7288,196.7262,203.3217,189.9569,193.0651
2024-08-20,224.6309,225.2854,223.5797,223.8971,30299000,AAPL,216.5706,218.6111,216.8160,213.1955,197.2581,203.7437,190.2218,193.3792
2024-08-21,224.5218,226.0887,223.1830,224.6409,34765500,AAPL,216.9728,219.1740,217.4805,213.6397,197.8070,204.1552,190.4684,193.6891
2024-08-22,222.6673,226.4457,222.0426,225.9003,43695300,AAPL,217.3344,219.5067,217.8300,213.9937,198.3517,204.5217,190.7103,193.9774
2024-08-23,224.9582,226.3267,222.4690,223.7880,38677300,AAPL,217.7872,220.0259,218.1080,214.4237,198.9311,204.9264,190.9509,194.2857
2024-08-26,225.2954,225.3945,222.0327,224.8789,30602200,AAPL,218.2430,220.5278,218.3696,214.8500,199.5058,205.3298,191.1804,194.5942
2024-08-27,226.1383,226.9515,223.0244,224.1251,35934600,AAPL,218.7132,221.0621,218.6827,215.2927,200.0972,205.7418,191.4088,194.9081
2024-08-28,224.6111,227.9531,223.8078,226.0292,38052200,AAPL,218.9446,221.4001,218.8824,215.6581,200.6658,206.1155,191.6320,195.2036
2024-08-29,227.8837,230.9877,226.9813,228.1911,51906300,AAPL,219.5239,222.0176,219.1947,216.1376,201.2783,206.5465,191.8506,195.5288
2024-08-30,227.1003,228.4886,225.5929,228.2804,52990800,AAPL,219.9897,222.5017,219.5827,216.5675,201.8709,206.9535,192.0733,195.8430
2024-09-03,220.9220,227.1003,219.3352,226.6540,50190600,AAPL,220.6711,222.3512,219.8906,216.7382,202.4204,207.2301,192.2520,196.0925
2024-09-04,219.0179,219.9401,215.6758,219.8211,43840200,AAPL,221.3583,222.0337,220.1474,216.8276,202.8791,207.4635,192.4183,196.3206
2024-09-05,220.5352,223.6095,219.6823,219.7914,36615400,AAPL,221.9932,221.8910,220.4162,216.9730,203.3380,207.7224,192.5839,196.5616
2024-09-06,218.9881,223.3714,217.9468,222.0921,48423000,AAPL,222.3778,221.6146,220.5713,217.0521,203.8196,207.9455,192.7418,196.7847
2024-09-09,219.0774,219.4344,214.9122,218.9881,67180000,AAPL,222.6217,221.3729,220.7112,217.1315,204.3348,208.1659,192.8915,197.0065
2024-09-10,218.2840,219.6426,214.9320,217.1039,51591000,AAPL,222.7497,221.0787,220.9043,217.1767,204.8558,208.3663,193.0412,197.2182
2024-09-11,220.8129,221.2393,216.0824,219.6228,44587100,AAPL,222.8186,221.0534,221.0265,217.3193,205.4115,208.6127,193.2002,197.4530
2024-09-12,220.9220,221.6955,217.9964,220.6542,37455600,AAPL,222.8706,221.0409,221.0811,217.4606,205.9885,208.8565,193.3664,197.6865
2024-09-13,220.6542,222.1814,220.0691,221.7252,36766600,AAPL,222.7606,221.0041,221.1050,217.5858,206.5546,209.0901,193.5322,197.9151
2024-09-16,214.5255,215.4180,212.1454,214.7436,59357400,AAPL,222.2781,220.3871,220.9115,217.4658,207.0488,209.1977,193.6643,198.0804
2024-09-17,214.9916,215.1006,212.7206,213.9602,45519300,AAPL,221.8269,219.8732,220.6979,217.3688,207.5268,209.3125,193.8038,198.2486
2024-09-18,218.8592,220.8625,215.7353,215.7453,59894900,AAPL,221.5383,219.7766,220.5447,217.4272,208.0348,209.5015,193.9597,198.4537
2024-09-19,226.9713,227.9134,222.7665,223.1235,66781300,AAPL,221.6608,220.4618,220.4685,217.8015,208.6297,209.8474,194.1499,198.7375
2024-09-20,226.3069,231.1563,225.7317,228.0622,318679900,AAPL,221.8427,221.0185,220.4863,218.1350,209.1765,210.1734,194.3457,199.0118
2024-09-23,224.5913,227.5465,223.9367,225.4540,54146000,AAPL,221.8244,221.3588,220.4108,218.3882,209.7375,210.4589,194.5132,199.2663
2024-09-24,225.4838,227.4474,223.8574,226.7532,43556100,AAPL,221.8338,221.7516,220.2768,218.6665,210.3176,210.7564,194.6906,199.5272
2024-09-25,224.4921,225.4044,222.1616,223.0640,42308700,AAPL,221.7515,222.0126,220.1145,218.8949,210.8509,211.0284,194.8534,199.7756
2024-09-26,225.6325,226.6044,223.5400,225.4144,36636700,AAPL,221.8026,222.3574,220.0928,219.1591,211.2932,211.3176,195.0148,200.0329
2024-09-27,225.9003,227.6160,225.4144,226.5648,34026000,AAPL,221.7034,222.6948,220.1696,219.4235,211.7547,211.6063,195.1901,200.2903
2024-09-30,231.0671,231.0671,227.7449,228.1316,54541900,AAPL,221.9017,223.4922,220.3471,219.8801,212.2610,211.9917,195.3836,200.5965
2024-10-01,224.3334,227.7449,221.8839,227.6160,63285000,AAPL,222.0723,223.5723,220.3968,220.0548,212.6967,212.2361,195.5274,200.8327
2024-10-02,224.8987,225.4838,221.1699,224.0161,32880600,AAPL,222.3664,223.6986,220.4371,220.2447,213.1199,212.4868,195.6732,201.0721
2024-10-03,223.7979,224.9284,221.4674,223.2723,34044200,AAPL,222.5295,223.7081,220.5835,220.3841,213.5446,212.7108,195.8163,201.2983
2024-10-04,224.9185,226.1086,222.2707,226.0094,37245100,AAPL,222.8260,223.8233,220.7732,220.5619,213.9486,212.9526,195.9732,201.5333
2024-10-07,219.8509,223.8177,219.4939,222.6376,39505400,AAPL,222.8647,223.4450,220.8521,220.5340,214.2905,213.0892,196.0996,201.7156
2024-10-08,223.8970,224.1053,221.3980,222.4392,31855700,AAPL,223.1453,223.4881,221.0065,220.6659,214.6502,213.3032,196.2567,201.9363
2024-10-09,227.6358,227.8440,222.9649,223.3615,33591100,AAPL,223.4865,223.8831,221.2245,220.9392,215.0461,213.5870,196.4332,202.1920
2024-10-10,227.1399,227.5961,225.2854,225.8904,28183500,AAPL,223.7974,224.1933,221.3677,221.1824,215.4367,213.8554,196.6126,202.4402
2024-10-11,225.6623,227.5068,225.4540,227.3978,31759200,AAPL,224.0478,224.3332,221.5549,221.3581,215.8010,214.0892,196.7873,202.6713
2024-10-14,229.3812,229.8076,226.7036,226.8027,39882100,AAPL,224.7906,224.8139,221.7869,221.6727,216.1894,214.3920,196.9800,202.9371
2024-10-15,231.9100,235.5198,230.4423,231.6720,64751400,AAPL,225.6365,225.4897,222.2792,222.0742,216.6176,214.7389,197.1833,203.2253
2024-10-16,229.8572,230.1944,227.9333,229.6787,34082200,AAPL,226.1864,225.9057,222.7709,222.3794,217.0650,215.0382,197.3816,203.4903
2024-10-17,230.2242,231.9101,228.6077,231.4935,32993800,AAPL,226.3490,226.3170,223.2186,222.6870,217.4853,215.3390,197.6157,203.7563
2024-10-18,233.0505,234.2207,232.0687,234.2207,46431500,AAPL,226.6862,226.9583,223.6537,223.0934,217.9339,215.6897,197.8708,204.0478
2024-10-21,234.5182,234.8851,232.5050,232.5050,36254500,AAPL,227.1826,227.6783,224.0601,223.5414,218.3941,216.0625,198.1448,204.3510
2024-10-22,233.9034,234.2604,230.6704,231.9497,38846600,AAPL,227.6035,228.2711,224.4237,223.9478,218.8383,216.4158,198.4193,204.6451
2024-10-23,228.8457,233.1893,225.8705,232.1381,52287000,AAPL,227.8212,228.3258,224.6119,224.1399,219.2224,216.6619,198.6469,204.8859
2024-10-24,228.6572,228.9052,226.5152,228.0721,31109500,AAPL,227.9725,228.3574,224.7874,224.3170,219.5870,216.8995,198.8756,205.1224
2024-10-25,229.4903,231.2852,227.6655,227.8341,38802300,AAPL,228.1520,228.4653,224.9201,224.5199,219.9568,217.1488,199.1034,205.3649
2024-10-28,231.4637,232.7827,230.6208,231.3844,36087100,AAPL,228.1718,228.7509,225.0659,224.7922,220.3312,217.4323,199.3439,205.6246
2024-10-29,231.7315,232.3860,230.3927,231.1662,35417200,AAPL,228.5417,229.0347,225.2202,225.0643,220.7221,217.7154,199.5842,205.8843
2024-10-30,228.1911,231.5332,227.6457,230.6803,47070900,AAPL,228.7063,228.9544,225.2914,225.1870,221.0537,217.9228,199.8180,206.1063
2024-10-31,224.0359,227.9234,223.5003,227.4374,64370100,AAPL,228.7182,228.4860,225.2817,225.1418,221.3811,218.0439,200.0358,206.2847
2024-11-01,221.0608,223.4805,218.4427,219.1369,65276700,AAPL,228.5253,227.7788,225.2495,224.9818,221.5398,218.1036,200.2093,206.4317
2024-11-04,220.1682,220.9417,217.8873,219.1567,44944500,AAPL,228.5412,227.0540,225.1537,224.7930,221.6309,218.1445,200.3639,206.5684
2024-11-05,221.5963,222.0921,219.3054,219.9600,28111300,AAPL,228.4262,226.5342,225.0798,224.6676,221.7247,218.2129,200.5141,206.7179
2024-11-06,220.8723,224.1946,219.3550,220.7633,54561100,AAPL,228.0880,225.9950,224.9744,224.5188,221.8286,218.2655,200.6543,206.8588
2024-11-07,225.5929,225.9896,222.7070,222.7665,42137700,AAPL,228.0106,225.9567,224.9941,224.5609,221.9382,218.4106,200.8215,207.0452
2024-11-08,225.3248,227.0126,224.7788,225.5333,38328800,AAPL,227.9938,225.8965,224.9429,224.5909,222.0688,218.5475,200.9890,207.2271
2024-11-11,222.6145,224.0739,219.9042,223.3789,42005600,AAPL,227.6554,225.5839,224.8532,224.5134,222.2180,218.6281,201.1515,207.3802
2024-11-12,222.6145,223.9647,221.7508,222.9322,40398300,AAPL,227.1907,225.3011,224.8870,224.4389,222.3888,218.7070,201.3175,207.5318
2024-11-13,223.4981,225.0171,221.1551,222.3961,48566200,AAPL,226.8727,225.1294,224.9766,224.4020,222.5620,218.8019,201.5061,207.6906
2024-11-14,226.5757,227.2211,223.3789,223.3988,44923900,AAPL,226.6903,225.2672,225.0974,224.4873,222.7568,218.9558,201.7281,207.8785
2024-11-15,223.3789,225.2851,222.6542,224.7688,47923700,AAPL,226.2067,225.0873,225.1853,224.4438,222.8783,219.0434,201.9219,208.0328
2024-11-18,226.3772,228.0848,223.5477,223.6271,44633700,AAPL,225.7996,225.2102,225.3313,224.5196,223.0212,219.1886,202.1358,208.2153
2024-11-19,226.6353,228.5018,225.0270,225.3447,36211800,AAPL,225.4362,225.3459,225.4983,224.6026,223.2013,219.3361,202.3418,208.3986
2024-11-20,227.3501,228.2734,224.2625,226.4169,35169600,AAPL,225.3615,225.5368,225.6290,224.7103,223.3278,219.4948,202.5435,208.5872
2024-11-21,226.8736,228.5018,224.0838,227.2310,42108300,AAPL,225.2723,225.6641,225.7481,224.7952,223.4146,219.6409,202.7422,208.7691
2024-11-22,228.2138,229.0577,226.4169,226.4169,38168300,AAPL,225.2085,225.9069,225.8993,224.9292,223.5021,219.8107,202.9530,208.9626
2024-11-25,231.1922,231.5695,228.0848,229.7924,90152800,AAPL,225.1949,226.4103,226.2326,225.1748,223.5720,220.0360,203.1749,209.1838
2024-11-26,233.3665,233.8728,231.6489,231.6489,45986200,AAPL,225.2766,227.0728,226.6001,225.4961,223.6490,220.3000,203.4161,209.4244
2024-11-27,233.2374,233.9919,232.1255,232.7807,33498400,AAPL,225.5289,227.6599,226.8877,225.7997,223.7162,220.5562,203.6671,209.6614
2024-11-29,235.6201,236.0966,232.2843,233.1183,28481400,AAPL,226.1082,228.4180,227.0606,226.1848,223.7646,220.8545,203.9343,209.9197
2024-12-02,237.8638,239.0552,235.4513,235.5605,48137100,AAPL,226.9483,229.3176,227.2918,226.6428,223.8890,221.1913,204.2143,210.1977
2024-12-03,240.9018,241.0110,237.1788,238.0822,38861000,AAPL,227.9850,230.4209,227.6180,227.2020,224.0144,221.5816,204.5171,210.5032
2024-12-04,241.2592,242.3512,239.5118,241.1202,44383900,AAPL,228.9681,231.4531,227.9335,227.7532,224.1051,221.9713,204.8254,210.8092
2024-12-05,241.2890,242.7782,240.3855,242.2321,40033900,AAPL,229.9890,232.3898,228.2694,228.2840,224.1920,222.3538,205.1300,211.1125
2024-12-06,241.0904,242.8675,240.3359,241.1599,36870600,AAPL,230.7638,233.2185,228.5786,228.7862,224.3357,222.7248,205.4236,211.4108
2024-12-09,244.9722,245.4587,240.0083,240.0877,44649200,AAPL,231.7462,234.3379,228.9600,229.4210,224.5648,223.1654,205.7457,211.7448
2024-12-10,245.9849,246.4217,243.5724,245.1112,36914800,AAPL,232.9147,235.4471,229.2584,230.0705,224.8027,223.6172,206.0796,212.0855
2024-12-11,244.7141,248.9931,244.4858,246.1735,45205800,AAPL,234.0197,236.3297,229.6660,230.6448,225.0314,224.0350,206.3998,212.4101
2024-12-12,246.1735,246.9479,243.9099,245.1112,32777500,AAPL,235.1535,237.2672,230.0915,231.2538,225.2643,224.4734,206.7334,212.7461
2024-12-13,246.3423,247.4939,244.4659,246.0345,33155300,AAPL,236.1418,238.1315,230.5424,231.8455,225.5629,224.9064,207.0711,213.0804
2024-12-16,249.2313,249.5689,245.8658,246.2033,51694800,AAPL,237.4344,239.1886,231.0286,232.5273,225.9009,225.3881,207.4286,213.4401
2024-12-17,251.6537,252.0012,247.9804,248.2782,51356400,AAPL,238.6983,240.3758,231.6647,233.2773,226.2584,225.9082,207.8208,213.8203
2024-12-18,246.2629,252.4480,245.9551,250.3433,56774100,AAPL,239.6796,240.9364,232.1120,233.7866,226.5593,226.3113,208.2107,214.1431
2024-12-19,247.9903,250.1844,245.3098,245.7168,60882300,AAPL,240.7117,241.6082,232.5191,234.3436,226.8718,226.7406,208.6142,214.4799
2024-12-20,252.6565,253.1628,243.9199,246.2529,147495300,AAPL,242.0008,242.6605,233.0294,235.0617,227.1985,227.2538,209.0416,214.8598
2024-12-23,253.4308,253.8081,251.6240,252.9344,40858800,AAPL,243.2616,243.6862,233.5848,235.7821,227.5699,227.7721,209.4643,215.2436
2024-12-24,256.3398,256.3497,253.4507,253.6493,23234700,AAPL,244.5190,244.8913,234.1240,236.5883,227.9554,228.3378,209.8916,215.6525
2024-12-26,257.1538,258.2260,255.7738,256.3298,27237100,AAPL,245.7084,246.0592,234.6288,237.3948,228.4540,228.9084,210.3205,216.0654
2024-12-27,253.7485,256.8361,251.2368,255.9724,42355300,AAPL,246.7339,246.7915,235.1067,238.0361,228.9388,229.4003,210.7429,216.4404
2024-12-30,250.3829,251.6736,248.9434,250.4127,35557500,AAPL,247.4721,247.1335,235.5098,238.5203,229.3642,229.8158,211.1391,216.7781
2024-12-31,248.6158,251.4552,247.6329,250.6212,39480700,AAPL,248.0097,247.2747,235.8212,238.9162,229.7374,230.1881,211.5284,217.0949
2025-01-02,242.0931,247.3053,240.0778,247.1365,55740700,AAPL,248.0693,246.7812,235.9727,239.0408,230.0164,230.4238,211.8796,217.3437
2025-01-03,241.6067,242.4207,240.1472,241.6067,40244100,AAPL,248.0866,246.2884,236.1267,239.1414,230.2752,230.6453,212.2167,217.5851
2025-01-06,243.2348,245.5481,241.4478,242.5498,45045600,AAPL,248.1839,245.9976,236.4145,239.3019,230.5132,230.8946,212.5492,217.8403
2025-01-07,240.4650,243.7809,239.6112,241.2294,40856000,AAPL,248.1527,245.4707,236.6507,239.3475,230.7190,231.0841,212.9039,218.0654
2025-01-08,240.9514,241.9542,238.3205,240.1771,37628900,AAPL,247.9516,245.0403,236.8799,239.4104,230.9000,231.2795,213.2566,218.2931
2025-01-10,235.1436,238.4297,231.3213,238.2808,61710900,AAPL,247.4095,244.0977,236.9535,239.2431,231.0097,231.3560,213.5872,218.4608
2025-01-13,232.7112,232.9793,228.0649,231.8475,49630700,AAPL,246.8094,243.0133,236.9731,238.9869,231.0966,231.3828,213.9114,218.6026
2025-01-14,231.5993,234.4188,230.7951,233.0587,39435300,AAPL,246.0807,241.9262,237.0412,238.6972,231.1663,231.3871,214.2122,218.7319
2025-01-15,236.1562,237.2384,232.7410,232.9495,39832000,AAPL,245.5714,241.3767,237.2836,238.5976,231.2827,231.4816,214.5448,218.9053
2025-01-16,226.6154,236.2952,226.3871,235.6400,71759100,AAPL,244.4406,239.9709,237.3947,238.1277,231.3221,231.3852,214.8369,218.9820
2025-01-17,228.3230,230.6164,226.8339,230.4476,68488300,AAPL,243.2741,238.8616,237.5578,237.7432,231.3558,231.3246,215.1434,219.0750
2025-01-21,221.0359,222.8031,217.7994,222.3861,98070400,AAPL,242.0127,237.1639,237.5466,237.0880,231.3132,231.1208,215.4095,219.0945
2025-01-22,222.2174,222.5053,218.2065,218.2065,64126500,AAPL,240.7241,235.7404,237.5735,236.5049,231.2740,230.9445,215.6856,219.1256
2025-01-23,222.0486,225.3943,220.6984,223.1208,60234800,AAPL,239.1937,234.4364,237.5026,235.9379,231.2484,230.7684,215.9571,219.1546
2025-01-24,221.1749,224.0044,219.8148,223.1605,54697900,AAPL,237.5809,233.1734,237.4196,235.3590,231.1813,230.5784,216.2298,219.1747
2025-01-27,228.2039,230.4774,222.3663,222.4060,94863400,AAPL,236.1741,232.7001,237.5314,235.0784,231.1923,230.5314,216.5316,219.2646
2025-01-28,236.5434,238.4595,229.1471,229.1868,75707600,AAPL,235.1436,233.0662,237.8100,235.1359,231.3485,230.6504,216.8845,219.4365
2025-01-29,237.6355,238.1318,232.3240,232.4332,45486100,AAPL,234.3379,233.5013,238.0928,235.2339,231.5347,230.7887,217.2069,219.6176
2025-01-30,235.8782,239.0552,235.5010,236.9504,55658300,AAPL,233.6127,233.7277,238.2788,235.2592,231.6881,230.8895,217.5131,219.7794
2025-01-31,234.2997,245.4090,231.7581,245.4090,100959800,AAPL,232.8969,233.7822,238.4972,235.2215,231.8412,230.9570,217.8304,219.9239
2025-02-03,226.3672,230.1597,224.0739,228.3330,73063300,AAPL,232.1106,233.0760,238.4970,234.8743,231.9141,230.8662,218.1245,219.9880
2025-02-04,231.1227,231.4504,225.0170,225.6127,45067300,AAPL,231.5864,232.8900,238.5868,234.7272,232.0425,230.8712,218.4492,220.0988
2025-02-05,230.7951,230.9937,226.6254,226.8835,39620300,AAPL,230.9644,232.6905,238.6557,234.5730,232.1424,230.8697,218.7769,220.2052
2025-02-06,231.5397,232.1156,228.7698,229.6236,29925300,AAPL,230.5181,232.5809,238.7490,234.4540,232.2485,230.8830,219.1185,220.3180
2025-02-07,225.9900,232.3141,225.6226,230.9242,39707200,AAPL,229.7701,231.9532,238.7045,234.1221,232.3019,230.7861,219.4282,220.3744
2025-02-10,226.2583,229.1804,225.8111,228.1666,33115600,AAPL,229.3258,231.4108,238.6058,233.8137,232.4192,230.6965,219.7340,220.4330
2025-02-11,231.1979,233.7920,226.7354,226.8050,53718400,AAPL,229.2501,231.3905,238.5625,233.7111,232.5813,230.7064,220.0540,220.5401
2025-02-12,235.4220,235.5114,229.2698,229.7866,45243300,AAPL,229.4413,231.7745,238.6062,233.7782,232.7469,230.7998,220.3908,220.6882
2025-02-13,240.0535,240.8585,234.1299,235.4617,53614100,AAPL,229.6361,232.5630,238.6948,234.0243,232.8777,230.9830,220.7537,220.8809
2025-02-14,243.1047,244.0489,239.5168,239.7752,40896200,AAPL,230.4606,233.5669,238.7996,234.3804,233.0457,231.2230,221.1111,221.1020
2025-02-18,242.9755,243.6812,240.3616,242.6575,48822500,AAPL,231.1932,234.4630,238.8411,234.7175,233.2296,231.4558,221.4835,221.3196
2025-02-19,243.3731,244.5061,241.6736,243.1644,32204200,AAPL,232.3101,235.3116,238.8834,235.0569,233.4084,231.6917,221.8630,221.5391
2025-02-20,244.3272,245.2714,242.7966,243.4427,32316900,AAPL,233.4156,236.1702,238.9442,235.4205,233.6068,231.9420,222.2288,221.7658
2025-02-21,244.0489,247.1697,243.7209,244.4465,53197400,AAPL,234.5156,236.9206,239.0033,235.7588,233.7910,232.1817,222.5421,221.9875
2025-02-24,245.5894,247.3387,242.9258,243.4327,51326400,AAPL,235.7363,237.7462,239.0157,236.1443,233.9879,232.4472,222.8713,222.2224
2025-02-25,245.5298,248.4717,243.4128,246.4839,48013300,AAPL,236.6026,238.4875,239.0066,236.5124,234.1325,232.7063,223.1967,222.4543
2025-02-26,238.8906,243.4824,237.6682,242.8364,44433600,AAPL,236.7200,238.5259,238.8901,236.6057,234.2780,232.8287,223.4874,222.6179
2025-02-27,235.8493,240.9778,235.6108,237.9465,41153600,AAPL,236.6307,238.2710,238.6836,236.5760,234.3876,232.8885,223.7537,222.7495
2025-02-28,240.3616,240.6101,228.7928,235.5015,56833400,AAPL,236.8548,238.4701,238.5640,236.7245,234.5532,233.0365,224.0489,222.9248
2025-03-03,236.5749,242.5382,234.6666,240.3119,47184000,AAPL,236.9686,238.2896,238.3109,236.7186,234.6698,233.1066,224.3092,223.0606
2025-03-04,234.4877,238.6024,233.2454,236.2568,53798100,AAPL,237.3746,237.9275,237.9676,236.6311,234.8161,233.1339,224.5533,223.1743
2025-03-05,234.2989,235.1039,227.8287,233.9808,47227600,AAPL,237.5334,237.5819,237.7283,236.5396,234.9201,233.1570,224.7852,223.2850
2025-03-06,233.8914,236.4059,231.7347,233.0068,45170400,AAPL,237.6882,237.2304,237.4463,236.4358,234.9827,233.1715,225.0144,223.3905
2025-03-07,237.6085,239.8945,233.3249,233.6727,46273600,AAPL,237.9917,237.2664,237.1453,236.4818,235.0874,233.2594,225.2620,223.5320
2025-03-10,226.0894,234.7163,222.8493,234.1001,72071200,AAPL,237.9966,236.2020,236.5985,236.0742,235.0917,233.1174,225.4463,223.5574
2025-03-11,219.4900,224.4594,216.1207,222.4418,76137400,AAPL,237.6582,234.6103,235.8615,235.4239,234.9927,232.8476,225.5911,223.5170
2025-03-12,215.6536,220.3944,213.5962,218.7943,62547500,AAPL,236.8810,232.8049,235.0315,234.6486,234.8302,232.5071,225.7239,223.4387
2025-03-13,208.3982,215.5144,207.1459,214.6299,61368300,AAPL,235.5298,230.4805,234.1245,233.6191,234.6156,232.0297,225.8403,223.2891
2025-03-14,212.1849,212.6421,208.2988,209.9586,60107600,AAPL,234.1364,228.7380,233.3605,232.7786,234.4352,231.6367,225.9603,223.1786
2025-03-17,212.6918,213.9043,208.6864,212.0060,48073400,AAPL,232.6157,227.2098,232.6421,231.9909,234.2316,231.2616,226.0828,223.0742
2025-03-18,211.3898,213.8347,210.1971,212.8508,42432400,AAPL,231.0364,225.7032,232.0280,231.1830,234.0003,230.8681,226.1972,222.9580
2025-03-19,213.9242,217.4227,212.4433,212.9104,54385400,AAPL,229.5640,224.5814,231.4743,230.5062,233.8005,230.5326,226.3194,222.8681
2025-03-20,212.7912,216.1604,210.9227,212.6818,48862900,AAPL,227.9872,223.4585,230.8655,229.8115,233.6400,230.1812,226.4312,222.7678
2025-03-21,216.9357,217.5022,209.9884,210.2667,94127800,AAPL,226.6315,222.8373,230.3949,229.3065,233.5228,229.9190,226.5549,222.7098
2025-03-24,219.3806,220.1261,217.2438,219.6490,44299500,AAPL,225.3211,222.5081,229.9635,228.9173,233.4217,229.7103,226.6892,222.6766
2025-03-25,222.3822,222.7301,218.7346,219.4204,34493600,AAPL,224.1637,222.4961,229.7082,228.6610,233.3309,229.5652,226.8310,222.6737
2025-03-26,220.1758,223.6444,219.1222,222.1436,34466100,AAPL,223.2280,222.2751,229.4575,228.3282,233.2153,229.3792,226.9687,222.6489
2025-03-27,222.4816,223.6146,219.2117,220.0366,37094800,AAPL,222.5596,222.2948,229.2752,228.0990,233.1582,229.2426,227.1060,222.6472
2025-03-28,216.5679,222.4418,216.3493,220.3149,39818600,AAPL,221.3699,221.7493,228.8834,227.6468,233.0835,228.9917,227.2323,222.5867
2025-03-31,220.7721,224.2408,214.9082,215.6834,65299300,AAPL,220.5798,221.6563,228.7666,227.3772,233.0806,228.8289,227.3102,222.5686
2025-04-01,221.8256,222.3126,217.5618,218.4663,36412700,AAPL,219.9467,221.6724,228.6366,227.1595,233.0972,228.6902,227.3640,222.5613
2025-04-02,222.5213,223.8134,219.6689,219.9670,35905900,AAPL,219.3578,221.7532,228.6663,226.9776,233.1065,228.5681,227.4156,222.5609
2025-04-03,201.9479,206.2216,200.0197,204.2835,103419000,AAPL,217.7606,219.8670,228.2609,225.9960,232.9172,228.0409,227.3729,222.3558
2025-04-04,187.2284,198.6581,186.1948,192.7047,125910900,AAPL,215.2416,216.7586,227.5645,224.4757,232.5336,227.2328,227.2359,222.0062
2025-04-07,180.3507,192.9631,173.5525,176.1167,160466300,AAPL,212.9547,213.2912,226.7480,222.7453,232.0838,226.3044,227.0763,221.5917
2025-04-08,171.3660,189.1764,168.1756,185.5587,120859500,AAPL,210.5485,209.2983,225.6113,220.7304,231.5714,225.2165,226.8947,221.0920
2025-04-09,197.6344,199.3836,170.8392,170.8988,184395900,AAPL,209.6475,208.1874,224.8331,219.8247,231.3216,224.6703,226.8552,220.8586
2025-04-10,189.2560,193.5893,181.8813,187.9142,121880000,AAPL,208.6904,206.3844,223.8655,218.6259,230.9791,223.9691,226.7706,220.5441
2025-04-11,196.9387,198.3202,184.9226,184.9623,87435900,AAPL,207.9281,205.4848,223.0867,217.7755,230.6828,223.4338,226.7198,220.3092
2025-04-14,201.2819,211.6382,199.9303,210.1474,101352900,AAPL,207.3576,205.0846,222.4264,217.1287,230.4618,222.9952,226.6700,220.1199
2025-04-15,200.9043,202.2659,198.5786,200.6260,51343900,AAPL,206.8333,204.6864,221.9171,216.4924,230.2071,222.5577,226.6142,219.9287
2025-04-16,193.0824,199.4731,191.1940,197.1474,59732400,AAPL,205.7912,203.5813,221.1563,215.5744,229.8715,221.9740,226.5364,219.6616
2025-04-17,195.7758,197.6145,193.2315,195.9945,52164700,AAPL,204.9405,202.8379,220.4559,214.7980,229.5558,221.4553,226.4418,219.4239
2025-04-21,191.9792,192.6153,188.6497,192.0885,46742500,AAPL,203.6926,201.8038,219.6647,213.9031,229.2068,220.8716,226.3107,219.1508
2025-04-22,198.5190,200.3577,194.7720,194.9211,52976400,AAPL,202.6496,201.4909,219.1153,213.2998,228.9099,220.4290,226.2060,218.9455
2025-04-23,203.3492,206.7284,201.5602,204.7407,52929200,AAPL,201.6979,201.6679,218.6571,212.9096,228.6315,220.0907,226.1018,218.7904
2025-04-24,207.0962,207.5534,201.6994,203.6375,47311000,AAPL,201.0439,202.1849,218.1751,212.6816,228.3688,219.8334,226.0089,218.6740
2025-04-25,208.0006,208.4678,204.9395,205.1084,38222300,AAPL,200.3199,202.7388,217.6266,212.4980,228.1164,219.5991,225.9163,218.5678
2025-04-28,208.8554,210.2071,206.1918,208.7162,38743100,AAPL,199.9343,203.3213,217.0027,212.3552,227.8487,219.3864,225.8067,218.4712
2025-04-29,209.9188,210.9425,207.0962,207.4142,36827600,AAPL,199.3916,203.9496,216.3389,212.2596,227.5693,219.1989,225.7292,218.3861
2025-04-30,211.2009,212.2743,205.4066,208.0205,52286500,AAPL,198.8604,204.6402,215.7035,212.2181,227.2723,219.0405,225.6433,218.3146
2025-05-01,212.0160,213.2484,207.6230,207.8019,57365700,AAPL,198.3351,205.3427,215.0763,212.2102,226.9799,218.9014,225.5425,218.2519
2025-05-02,204.0947,205.7246,200.9242,204.8301,101010600,AAPL,198.4424,205.2238,214.2717,211.8919,226.6079,218.6082,225.3999,218.1110
2025-05-05,197.6742,202.8523,196.9983,201.8584,69018500,AAPL,198.9647,204.5048,213.3442,211.3344,226.1738,218.1937,225.2547,217.9077
2025-05-06,197.2965,199.4234,195.8156,196.9983,51216500,AAPL,199.8120,203.8183,212.3783,210.7839,225.6970,217.7799,225.1309,217.7026
2025-05-07,195.0503,198.2208,192.0686,197.9525,68536700,AAPL,200.9962,202.9833,211.3687,210.1669,225.1876,217.3298,224.9952,217.4772
2025-05-08,196.2827,198.8271,193.4899,196.5113,50478900,AAPL,200.9286,202.3451,210.5166,209.6224,224.7033,216.9130,224.8674,217.2663
2025-05-09,197.3163,199.3141,196.3324,197.7835,36453900,AAPL,201.3317,201.8662,209.7459,209.1398,224.2148,216.5250,224.7395,217.0678
2025-05-12,209.7761,210.2538,205.7556,209.9553,63775800,AAPL,201.9735,202.6195,209.1342,209.1648,223.8491,216.3913,224.7060,216.9952
2025-05-13,211.9058,212.3736,207.9947,209.4179,51909300,AAPL,202.5047,203.5039,208.6408,209.2723,223.4758,216.3025,224.6884,216.9446
2025-05-14,211.3087,212.9110,209.5671,211.4082,49325800,AAPL,203.0249,204.2472,208.1772,209.3521,223.0724,216.2036,224.6654,216.8885
2025-05-15,210.4330,211.9357,208.5322,209.9354,45029500,AAPL,203.8925,204.8364,207.6999,209.3945,222.7141,216.0893,224.6367,216.8243
2025-05-16,210.2439,211.5476,208.7610,211.3386,54737900,AAPL,204.6159,205.3514,207.2270,209.4278,222.3366,215.9736,224.6042,216.7588
2025-05-19,207.7758,208.4724,203.2775,206.9100,46140500,AAPL,205.4057,205.5823,206.6303,209.3630,221.8878,215.8112,224.5432,216.6694
2025-05-20,205.8650,207.4673,204.0438,206.6711,42496600,AAPL,205.7730,205.6092,206.2258,209.2258,221.4122,215.6143,224.4910,216.5619
2025-05-21,201.1180,206.0442,199.7446,204.1832,59211800,AAPL,205.6614,205.1814,205.8584,208.9079,220.8600,215.3272,224.4077,216.4082
2025-05-22,200.3915,201.7748,198.7395,199.7446,46742400,AAPL,205.3262,204.7253,205.5531,208.5739,220.2923,215.0315,224.3732,216.2489
2025-05-23,194.3308,196.7491,192.5295,192.7385,78432900,AAPL,204.6427,203.7353,205.2718,208.0154,219.6981,214.6216,224.3185,216.0308
2025-05-27,199.2470,199.7745,196.4804,197.3462,56288500,AAPL,204.1623,203.3079,205.0130,207.6715,219.1868,214.3171,224.2755,215.8638
2025-05-28,199.4560,201.7549,198.9385,199.6252,45339700,AAPL,203.6392,202.9410,204.7483,207.3493,218.6952,214.0228,224.2163,215.7005
2025-05-29,198.9883,202.8297,197.5552,202.6008,51396800,AAPL,203.0285,202.5646,204.5003,207.0214,218.2641,213.7251,224.1403,215.5342
2025-05-30,199.8839,200.9886,195.8335,198.4110,70819900,AAPL,202.4219,202.3093,204.2195,206.7415,217.8469,213.4510,224.0611,215.3785
2025-06-02,200.7299,201.1578,199.1575,199.3167,35423300,AAPL,202.2537,202.1588,203.9783,206.5058,217.4219,213.1991,223.9675,215.2327
2025-06-03,202.2923,202.7899,199.9934,200.3815,46381600,AAPL,202.4846,202.1716,203.6854,206.3406,217.0401,212.9832,223.8796,215.1040
2025-06-04,201.8445,205.2480,201.1279,201.9340,43604000,AAPL,202.7120,202.1404,203.3347,206.1642,216.6491,212.7626,223.7745,214.9721
2025-06-05,199.6650,203.7652,199.1873,202.5212,55126100,AAPL,202.9427,201.9047,202.8803,205.9094,216.2943,212.5032,223.6520,214.8197
2025-06-06,202.9392,204.7106,201.0782,202.0236,46607700,AAPL,203.2756,202.0032,202.5356,205.7929,215.9966,212.3138,223.5466,214.7015
2025-06-09,200.4811,205.0092,199.0579,203.4069,72862600,AAPL,203.4338,201.8582,202.0956,205.5846,215.6854,212.0795,223.4258,214.5600
2025-06-10,201.6952,203.3671,199.6053,199.6351,54672600,AAPL,203.0297,201.8427,201.7981,205.4321,215.3408,211.8739,223.3117,214.4320
2025-06-11,197.8239,203.5164,197.4557,202.5212,60989900,AAPL,202.3256,201.4599,201.3392,205.1337,215.0529,211.5957,223.1875,214.2668
2025-06-12,198.2419,198.7196,196.4107,198.1224,43904600,AAPL,201.6723,201.1535,200.8675,204.8634,214.7520,211.3313,223.0539,214.1073
2025-06-13,195.5051,199.4062,194.7587,198.7693,51447300,AAPL,200.9259,200.6155,200.3272,204.4964,214.4967,211.0179,222.9050,213.9222
2025-06-16,197.4656,197.7343,195.6146,196.3510,43020700,AAPL,200.2870,200.3155,200.2375,204.2207,214.2492,210.7495,222.7616,213.7585
2025-06-17,194.6990,197.4358,194.2711,196.2515,38856200,AAPL,199.6332,199.7806,200.3869,203.8473,213.9757,210.4317,222.6120,213.5688
2025-06-18,195.6345,196.6197,194.1317,194.9976,45394700,AAPL,199.1216,199.3858,200.6926,203.5252,213.7203,210.1387,222.4508,213.3904
2025-06-20,200.0332,200.7299,195.9131,197.2865,96813500,AAPL,199.0674,199.4474,201.2660,203.3883,213.4386,209.9386,222.3155,213.2575
2025-06-23,200.5308,201.3270,198.0030,200.6602,55814300,AAPL,199.0744,199.5506,201.3239,203.2762,213.0785,209.7523,222.2135,213.1308
2025-06-24,199.3366,202.4615,199.2371,201.6156,54064000,AAPL,199.3246,199.5302,201.5255,203.1218,212.6955,209.5460,222.1151,212.9936
2025-06-25,200.5905,202.6904,199.6550,200.4810,39525700,AAPL,199.3918,199.6312,201.5985,203.0225,212.3426,209.3687,222.0154,212.8702
2025-06-26,200.0332,201.6653,198.5006,200.4612,50799100,AAPL,199.4207,199.6695,201.5736,202.9053,212.0000,209.1838,221.9206,212.7424
2025-06-27,200.1129,202.2426,199.0380,200.9190,73188600,AAPL,199.4769,199.7117,201.5577,202.7958,211.7374,209.0042,221.8258,212.6168
2025-06-30,204.1832,206.3925,198.3016,201.0383,91912800,AAPL,199.6919,200.1376,201.7797,202.8502,211.4680,208.9087,221.7553,212.5328
2025-07-01,206.8204,209.1790,205.1485,205.6759,78788900,AAPL,199.9964,200.7740,202.0006,203.0059,211.2283,208.8674,221.6853,212.4760
2025-07-02,211.4182,212.3139,207.1389,207.9052,67941800,AAPL,200.4527,201.7878,202.3894,203.3358,211.0271,208.9179,221.6378,212.4655
2025-07-03,212.5229,213.6176,210.7912,211.1296,34955800,AAPL,200.9866,202.8101,202.6695,203.6960,210.8924,208.9893,221.5971,212.4661
2025-07-07,208.9402,215.1900,207.7957,211.6570,50229000,AAPL,201.4504,203.3940,202.7813,203.9017,210.7192,208.9883,221.5692,212.4310
2025-07-08,208.9999,210.4130,207.4474,209.0895,42848900,AAPL,201.7534,203.9279,202.8194,204.1016,210.4972,208.9885,221.5393,212.3968
2025-07-09,210.1245,210.3135,206.2233,208.5222,48749400,AAPL,202.2356,204.5180,202.8619,204.3378,210.2442,209.0110,221.4956,212.3742
2025-07-10,211.3884,212.4532,209.0198,209.4975,44443600,AAPL,202.7202,205.1723,202.9125,204.6143,209.9576,209.0581,221.4177,212.3644
2025-07-11,210.1443,211.1097,208.8506,209.5572,39765800,AAPL,203.3363,205.6459,202.9170,204.8312,209.6280,209.0796,221.3368,212.3423
2025-07-14,207.6166,209.8956,206.5418,208.9203,38840100,AAPL,203.8050,205.8335,202.8453,204.9404,209.2744,209.0506,221.2520,212.2953
2025-07-15,208.1042,210.8708,207.9151,208.2137,42296300,AAPL,204.4349,206.0498,202.7671,205.0645,208.9217,209.0319,221.1651,212.2536
2025-07-16,209.1492,211.3784,207.6365,209.2885,47490500,AAPL,205.0191,206.3450,202.8682,205.2246,208.5699,209.0342,221.0884,212.2227
2025-07-17,209.0098,210.7813,208.5819,209.5572,48068100,AAPL,205.7347,206.5988,203.0949,205.3731,208.2195,209.0337,221.0052,212.1907
2025-07-18,210.1643,210.7713,208.6914,209.8558,48974600,AAPL,206.4612,206.9383,203.3523,205.5610,207.8653,209.0561,220.9266,212.1706
2025-07-21,211.4580,214.7421,210.6121,211.0798,51377400,AAPL,207.0324,207.3688,203.6804,205.7922,207.5246,209.1037,220.8285,212.1635
2025-07-22,213.3688,213.9161,211.2092,212.1148,46404100,AAPL,207.6743,207.9402,204.0221,206.0894,207.2694,209.1881,220.7737,212.1755
2025-07-23,213.1200,214.1152,211.3883,213.9659,46989300,AAPL,208.3635,208.4335,204.3382,206.3651,207.0421,209.2660,220.7148,212.1849
2025-07-24,212.7319,214.6526,212.5030,212.8712,46022600,AAPL,208.9705,208.8429,204.3973,206.6147,206.7658,209.3346,220.6595,212.1903
2025-07-25,212.8513,214.2047,212.3736,213.6673,40268800,AAPL,209.6114,209.2246,204.4162,206.8593,206.5285,209.4043,220.5991,212.1969
2025-07-28,213.0204,213.8166,212.0352,213.0005,37858000,AAPL,210.2568,209.5861,204.4505,207.1009,206.3139,209.4759,220.5650,212.2051
2025-07-29,210.2538,213.7768,209.8060,213.1498,51411700,AAPL,210.5603,209.6497,204.4469,207.2246,206.0734,209.4913,220.4968,212.1857
2025-07-30,208.0445,211.3684,206.7209,210.8808,45512500,AAPL,210.6215,209.4969,204.4029,207.2567,205.8149,209.4626,220.3988,212.1445
2025-07-31,206.5716,208.8307,206.1636,207.4872,80698400,AAPL,210.3792,209.2183,204.3788,207.2299,205.5046,209.4054,220.2960,212.0890
2025-08-01,201.4066,212.5527,200.5308,209.8557,104434500,AAPL,209.8234,208.4743,204.2897,207.0015,205.2577,209.2470,220.1747,211.9827
2025-08-04,202.3719,206.8801,200.7100,203.5263,75109300,AAPL,209.4950,207.8931,204.3147,206.8199,205.0866,209.1108,220.0397,211.8871
2025-08-05,201.9440,204.3523,201.1876,202.4217,44155100,AAPL,209.1422,207.3265,204.3458,206.6287,204.9495,208.9689,219.8898,211.7882
2025-08-06,212.2243,214.3440,204.6011,204.6409,108483100,AAPL,209.2472,207.7930,204.7036,206.8482,204.9877,209.0334,219.8017,211.7925
2025-08-07,218.9717,219.7877,215.5383,217.8272,90224800,AAPL,209.6264,208.8576,205.0981,207.3236,205.0556,209.2302,219.7454,211.8639
2025-08-08,228.2469,229.8889,218.1955,219.7679,113854000,AAPL,210.5315,210.7042,205.6740,208.1441,205.2111,209.6068,219.7214,212.0269
2025-08-11,226.3439,228.7151,223.9328,227.0812,61806100,AAPL,211.4679,212.1937,206.2211,208.8578,205.3607,209.9382,219.6805,212.1694
2025-08-12,228.8048,229.9506,226.2343,227.1708,55626200,AAPL,212.5029,213.7757,206.7995,209.6401,205.5095,210.3118,219.6550,212.3349
2025-08-13,232.4713,234.1351,229.5819,230.2196,69878500,AAPL,213.6690,215.5562,207.4343,210.5354,205.7063,210.7506,219.6731,212.5353
2025-08-14,231.9233,234.2547,230.0004,233.1986,51916300,AAPL,214.8147,217.1150,208.0269,211.3741,205.8562,211.1698,219.6895,212.7282
2025-08-15,230.7376,233.4177,228.4959,233.1388,56038700,AAPL,215.8433,218.4124,208.6048,212.1335,205.9697,211.5573,219.6957,212.9074
2025-08-18,230.0402,232.2620,229.2631,230.8472,37476200,AAPL,216.7724,219.5198,209.2123,212.8357,206.0463,211.9233,219.6886,213.0779
2025-08-19,229.7114,232.0129,228.5059,230.4288,39402600,AAPL,217.5896,220.4904,209.7477,213.4975,206.1417,212.2756,219.6785,213.2434
2025-08-20,225.1782,229.6218,224.9391,229.1336,42263900,AAPL,218.1925,220.9369,210.2417,213.9556,206.1686,212.5311,219.6634,213.3621
2025-08-21,224.0723,225.6863,222.9564,225.4372,30621200,AAPL,218.7595,221.2355,210.6892,214.3523,206.2437,212.7596,219.6636,213.4687
2025-08-22,226.9218,228.2469,224.5804,225.3376,42477800,AAPL,219.4630,221.7771,211.2712,214.8452,206.3052,213.0400,219.6929,213.6026
2025-08-25,226.3240,228.4561,225.3974,225.6465,30983100,AAPL,220.1282,222.2101,211.8328,215.2954,206.3502,213.3031,219.7237,213.7292
2025-08-26,228.4660,228.6454,223.8631,226.0350,54575100,AAPL,221.0388,222.8059,212.4921,215.8119,206.4096,213.6033,219.7580,213.8758
2025-08-27,229.6417,230.0502,227.4199,227.7686,31259500,AAPL,222.1187,223.4569,213.1356,216.3542,206.6865,213.9209,219.8019,214.0327
2025-08-28,231.7041,232.5510,228.4960,229.9705,38074700,AAPL,223.3753,224.2424,213.8757,216.9562,207.1313,214.2731,219.8324,214.2085
2025-08-29,231.2856,232.5211,230.5185,231.6543,39418400,AAPL,224.8692,224.9132,214.5887,217.5181,207.6407,214.6100,219.8622,214.3784
2025-09-02,228.8746,230.0004,226.1347,228.4063,44075600,AAPL,226.1944,225.2904,215.1655,217.9635,208.2157,214.8924,219.8935,214.5227
2025-09-03,237.5923,237.9710,233.4975,236.3370,66427800,AAPL,227.9768,226.4620,215.9068,218.7332,208.6153,215.3419,219.9684,214.7522
2025-09-04,238.8975,239.0171,235.8687,237.5724,47549400,AAPL,229.3105,227.6464,216.6980,219.5240,209.1117,215.8084,220.0454,214.9925
2025-09-05,238.8078,240.4318,237.6123,239.1167,54870400,AAPL,230.3023,228.7094,217.4623,220.2802,209.5304,216.2638,220.1066,215.2294
2025-09-08,237.0045,239.2661,235.4702,238.4193,48999500,AAPL,230.7401,229.4994,218.2017,220.9361,209.8877,216.6745,220.1747,215.4461
2025-09-09,233.4875,237.9012,232.5011,236.1277,66313900,AAPL,231.0973,229.8792,218.8692,221.4283,210.2135,217.0074,220.2103,215.6256
2025-09-10,225.9553,231.5646,225.1184,231.3355,83440800,AAPL,230.9549,229.5055,219.3047,221.6058,210.5422,217.1846,220.2069,215.7284
2025-09-11,229.1834,229.6018,225.8158,226.0450,50208600,AAPL,230.7905,229.4748,219.7519,221.9030,210.8763,217.4222,220.2160,215.8623
2025-09-12,233.2086,233.6469,228.1771,228.3764,55824200,AAPL,230.8547,229.8304,220.1877,222.3463,211.2886,217.7348,220.2477,216.0349
2025-09-15,235.8288,237.3134,234.1650,236.1277,42699500,AAPL,231.1093,230.4017,220.6539,222.8751,211.6617,218.0931,220.2858,216.2318
2025-09-16,237.2735,240.3322,235.4503,236.3071,63421100,AAPL,231.4710,231.0562,221.2205,223.4397,212.0009,218.4729,220.3162,216.4412
2025-09-17,238.1104,239.2164,236.8551,238.0905,46508000,AAPL,231.8909,231.7280,221.8027,224.0150,212.3111,218.8618,220.3399,216.6568
2025-09-18,237.0045,240.3123,235.7790,239.0868,44249600,AAPL,232.4822,232.2305,222.3403,224.5244,212.6011,219.2211,220.3588,216.8593
2025-09-19,244.5965,245.3935,239.3259,240.3422,163741300,AAPL,233.5084,233.4082,223.0045,225.3116,212.9585,219.7235,220.4036,217.1353
2025-09-22,255.1375,255.6955,247.2068,247.3862,105517400,AAPL,234.9192,235.4777,223.9044,226.4812,213.4107,220.4248,220.4900,217.5134
2025-09-23,253.4936,256.3929,252.6467,254.9383,60275200,AAPL,236.2777,237.1935,224.8219,227.5405,213.8336,221.0796,220.5530,217.8714
2025-09-24,251.3814,254.7988,250.1161,254.2807,42303700,AAPL,237.4235,238.5447,225.6875,228.4754,214.2273,221.6797,220.6036,218.2048
2025-09-25,255.9246,256.2235,250.7836,252.2781,55202100,AAPL,238.7376,240.1999,226.6230,229.5519,214.7456,222.3578,220.6767,218.5802
2025-09-26,254.5198,256.6519,252.8460,253.1648,46076300,AAPL,239.8784,241.5637,227.5332,230.5310,215.3140,222.9947,220.7439,218.9378
2025-09-29,253.4936,254.0615,252.0788,253.6231,40127700,AAPL,240.9888,242.6999,228.3998,231.4315,215.8760,223.5986,220.7865,219.2816
2025-09-30,253.6929,254.9781,252.1785,253.9220,37704300,AAPL,242.2297,243.7469,229.2445,232.3045,216.4624,224.1945,220.8250,219.6240
2025-10-01,254.5098,257.8376,253.9918,254.1013,48713900,AAPL,243.0756,244.7719,230.0673,233.1753,217.0447,224.7948,220.8740,219.9711
2025-10-02,256.1837,257.2298,253.2146,255.6357,42630200,AAPL,243.9399,245.8587,230.9285,234.0776,217.6334,225.4164,220.9241,220.3315
2025-10-03,257.0704,258.2859,253.0154,253.7327,49155600,AAPL,244.8530,246.9265,231.8153,234.9793,218.1063,226.0432,220.9777,220.6970
2025-10-06,255.7453,258.1165,254.1113,257.0405,44664100,AAPL,245.7901,247.7664,232.6732,235.7936,218.5447,226.6314,221.0103,221.0458
2025-10-07,255.5361,256.4527,254.4899,255.8648,31955800,AAPL,246.8925,248.5064,233.5235,236.5678,218.9870,227.2037,221.0297,221.3890
2025-10-08,257.1102,257.5685,255.1674,255.5759,36496900,AAPL,248.4502,249.3258,234.4606,237.3734,219.4538,227.7959,221.0839,221.7444
2025-10-09,253.1050,257.0504,252.2083,256.8611,38322000,AAPL,249.6463,249.6857,235.3618,237.9903,219.8824,228.2971,221.1095,222.0564
2025-10-10,244.3673,255.4364,243.1020,254.0017,61999100,AAPL,250.2042,249.1792,236.1178,238.2404,220.2483,228.6153,221.0681,222.2784
2025-10-13,246.7485,248.7710,244.6562,248.4622,38142900,AAPL,250.7502,248.9477,237.0246,238.5741,220.6571,228.9744,221.0346,222.5219
2025-10-14,246.8581,247.9341,243.7994,245.6924,35478000,AAPL,251.2295,248.7487,237.9143,238.8989,221.1145,229.3285,220.9872,222.7641
2025-10-15,248.4223,250.8932,246.5592,248.5718,33893600,AAPL,251.7451,248.7176,238.8439,239.2724,221.5948,229.7066,220.9436,223.0194
2025-10-16,246.5393,248.1234,244.2278,247.3363,39777000,AAPL,252.2218,248.5101,239.5302,239.5574,222.1169,230.0400,220.9075,223.2534
2025-10-17,251.3615,252.4475,246.3600,247.1072,49147000,AAPL,252.5600,248.7817,240.1780,240.0203,222.6381,230.4622,220.9124,223.5331
2025-10-20,261.2748,263.4070,254.6892,254.9482,90483000,AAPL,252.8669,249.9715,240.8385,240.8538,223.2563,231.0723,220.9757,223.9086
2025-10-21,261.8029,264.3136,260.8663,260.9162,46695900,AAPL,253.2824,251.0983,241.5477,241.6753,223.8844,231.6808,221.0743,224.2857
2025-10-22,257.4988,261.8826,254.4899,261.6833,45015300,AAPL,253.5882,251.7079,242.1216,242.2959,224.4605,232.1921,221.1537,224.6162
2025-10-23,258.6246,259.6608,257.0604,258.9833,32754900,AAPL,253.7232,252.3666,242.6447,242.9362,225.0395,232.7155,221.2307,224.9546
2025-10-24,261.8527,263.1579,258.2261,260.2287,38253700,AAPL,254.0899,253.2701,243.2433,243.6780,225.6351,233.2925,221.3376,225.3217
2025-10-27,267.8207,268.1295,263.6760,263.9051,44888200,AAPL,254.8062,254.6558,243.9849,244.6248,226.2949,233.9762,221.4720,225.7446
2025-10-28,268.0100,268.8967,267.1631,268.0000,41534800,AAPL,255.5221,255.9277,244.7443,245.5419,226.9783,234.6501,221.6363,226.1651
2025-10-29,268.7074,270.4111,266.1269,268.2889,51086700,AAPL,256.2320,257.1448,245.5242,246.4503,227.6360,235.3245,221.8163,226.5884
2025-10-30,270.4011,273.1311,267.4919,270.9889,69886500,AAPL,256.9429,258.4073,246.4287,247.3896,228.3352,236.0191,222.0103,227.0244
2025-10-31,269.3749,276.2994,268.1694,275.9706,86167100,AAPL,257.5581,259.4518,247.3347,248.2517,229.0120,236.6796,222.1764,227.4458
2025-11-03,268.0598,269.8531,265.2701,269.4247,50194600,AAPL,258.1738,260.2716,248.1575,249.0285,229.7143,237.3010,222.3836,227.8499
2025-11-04,269.0462,270.4908,266.6351,267.3424,49274800,AAPL,258.8493,261.1073,249.0120,249.8135,230.4224,237.9296,222.5872,228.2598
2025-11-05,269.1458,270.7001,265.9476,267.6214,43683100,AAPL,259.4511,261.8729,249.8255,250.5717,231.1588,238.5478,222.8278,228.6666
2025-11-06,268.7771,272.3938,266.9041,266.9041,51204000,AAPL,260.2347,262.5304,250.6083,251.2856,231.8719,239.1464,223.0606,229.0657
2025-11-07,267.4819,271.2879,265.7882,268.8070,48227400,AAPL,261.3904,263.0020,251.3238,251.9207,232.5997,239.7075,223.2877,229.4480
2025-11-10,268.6986,272.9870,266.7340,268.2299,41312400,AAPL,262.4879,263.5445,252.0721,252.5787,233.3304,240.2816,223.5254,229.8385
2025-11-11,274.5028,275.1610,269.0676,269.0776,46208300,AAPL,263.8702,264.5882,252.9846,253.4385,234.0751,240.9592,223.7568,230.2830
2025-11-12,272.7277,274.9815,270.9625,274.2535,48398000,AAPL,265.0854,265.3634,253.6873,254.1949,234.7970,241.5883,223.9378,230.7053
2025-11-13,272.2091,275.9489,271.3514,273.3659,49602800,AAPL,266.3689,266.0153,254.3536,254.9013,235.5258,242.1946,224.1106,231.1183
2025-11-14,271.6705,275.2109,268.8681,270.3142,47431300,AAPL,267.3844,266.5539,255.0108,255.5590,236.2366,242.7783,224.2896,231.5218
2025-11-17,266.7339,269.7557,265.0087,268.0903,45018300,AAPL,267.6573,266.5711,255.6054,255.9972,236.9036,243.2527,224.4518,231.8722
2025-11-18,266.7140,269.9751,264.5998,269.2571,45677300,AAPL,267.9029,266.5847,256.2699,256.4175,237.5696,243.7173,224.6535,232.2188
2025-11-19,267.8310,271.4710,264.7793,264.8092,40424500,AAPL,268.4195,266.7034,257.1075,256.8651,238.2061,244.1948,224.8370,232.5732
2025-11-20,265.5273,274.6823,265.1982,270.0948,45823600,AAPL,268.7646,266.5914,257.8343,257.2047,238.7931,244.6172,225.0107,232.9011
2025-11-21,270.7530,272.5880,264.9488,265.2281,59030800,AAPL,269.2096,266.9877,258.5852,257.7360,239.3865,245.1347,225.2068,233.2777
2025-11-24,275.1710,276.2480,270.1646,270.1646,65585800,AAPL,269.5772,267.7671,259.3721,258.4198,240.0130,245.7295,225.4527,233.6946
2025-11-25,276.2182,279.6189,274.5028,274.5228,46914200,AAPL,269.9876,268.5719,260.1510,259.1177,240.6857,246.3333,225.7025,234.1177
2025-11-26,276.7966,278.7712,275.8791,276.2082,33431400,AAPL,270.3920,269.3552,260.9247,259.8110,241.3637,246.9365,225.9305,234.5424
2025-11-28,278.0930,278.2426,275.2408,276.5074,20135600,AAPL,270.7766,270.1874,261.7465,260.5280,242.0434,247.5535,226.1438,234.9757
2025-12-01,282.3315,282.6507,275.3904,277.2553,46587700,AAPL,271.4244,271.3440,262.5012,261.3830,242.7528,248.2421,226.3552,235.4469
2025-12-02,285.4131,286.6198,281.8628,282.2318,53669500,AAPL,272.2921,272.6839,263.1067,262.3254,243.5055,248.9782,226.5668,235.9441
2025-12-03,283.3787,287.8365,282.5310,285.4231,43538700,AAPL,273.0087,273.7025,263.7044,263.1510,244.2631,249.6594,226.7688,236.4161
2025-12-04,279.9380,283.9571,277.8337,283.3288,43989100,AAPL,273.5483,274.2963,264.2755,263.8093,244.9815,250.2590,226.9516,236.8491
2025-12-05,278.0232,280.3768,277.2952,279.7785,47265800,AAPL,274.0107,274.6513,264.7175,264.3667,245.6702,250.8087,227.1201,237.2588
2025-12-08,277.1357,278.9108,275.4004,277.3750,38211800,AAPL,274.4933,274.8879,265.1698,264.8675,246.3515,251.3301,227.2855,237.6556
2025-12-09,276.4276,279.2698,276.1683,277.4049,32193300,AAPL,274.8798,275.0345,265.6285,265.3208,247.0141,251.8271,227.4397,238.0414
2025-12-10,278.0232,278.9906,275.6896,276.9960,33038300,AAPL,275.0558,275.3191,266.1151,265.8189,247.6798,252.3458,227.6022,238.4392
2025-12-11,277.2753,278.8310,273.0667,278.3424,33248000,AAPL,275.2832,275.5054,266.5704,266.2682,248.3188,252.8394,227.7941,238.8256
2025-12-12,277.5246,278.4620,276.0686,277.1456,39532900,AAPL,275.5490,275.6977,266.9972,266.7096,248.9629,253.3283,228.0025,239.2107
2025-12-15,273.3659,279.3895,272.0993,279.3895,50409100,AAPL,275.6337,275.4757,267.3231,266.9707,249.5692,253.7250,228.1675,239.5506
2025-12-16,273.8645,274.7521,271.0522,272.0794,37648600,AAPL,275.9903,275.3222,267.6855,267.2410,250.1793,254.1238,228.3539,239.8920
2025-12-17,271.1021,275.4103,270.9026,274.2635,50138700,AAPL,276.2097,274.9203,267.9968,267.3924,250.7602,254.4600,228.5370,240.2025
2025-12-18,271.4511,272.8872,266.2254,272.8673,51630700,AAPL,276.3907,274.5899,268.2836,267.5516,251.3721,254.7965,228.7228,240.5135
2025-12-19,272.9271,273.8546,269.1673,271.4112,144632000,AAPL,276.7607,274.4315,268.6801,267.7624,252.0210,255.1555,228.9179,240.8360
2025-12-22,270.2344,273.1365,269.7757,272.1193,36571800,AAPL,276.7347,274.0318,269.1974,267.8593,252.6576,255.4541,229.0811,241.1285
2025-12-23,271.6207,271.7603,268.8283,270.1048,29642000,AAPL,276.5572,273.8022,269.6949,268.0068,253.3597,255.7742,229.3087,241.4319
2025-12-24,273.0667,274.6823,271.4611,271.6007,17910600,AAPL,276.3996,273.7321,270.2190,268.2053,254.0667,256.1167,229.5766,241.7467
2025-12-26,272.6578,274.6225,272.1193,273.4158,21521800,AAPL,276.1927,273.6298,270.7037,268.3799,254.7738,256.4442,229.8616,242.0543
2025-12-29,273.0169,273.6152,271.6107,271.9498,23715200,AAPL,275.9389,273.5714,271.2333,268.5617,255.3817,256.7724,230.1847,242.3624
2025-12-30,272.3387,273.3360,271.5409,272.0695,22139600,AAPL,275.4393,273.4540,271.6528,268.7098,255.9154,257.0806,230.4855,242.6606
2025-12-31,271.1220,272.9371,271.0123,272.3188,27293600,AAPL,274.7247,273.2319,271.8498,268.8044,256.3442,257.3587,230.7777,242.9438
2026-01-02,270.2743,277.0858,268.2698,271.5209,37838100,AAPL,274.0695,272.9503,272.0192,268.8621,256.7835,257.6144,231.0721,243.2158
2026-01-05,266.5345,270.7730,265.4176,269.9053,45647200,AAPL,273.3993,272.3392,272.1999,268.7708,257.1608,257.7911,231.3351,243.4478
2026-01-06,261.6478,266.8237,261.4085,266.2752,52352100,AAPL,272.5805,271.3210,272.2604,268.4915,257.4525,257.8674,231.5794,243.6289
2026-01-07,259.6233,262.9642,259.1047,262.4855,48309800,AAPL,271.7049,270.2069,272.2158,268.1437,257.7295,257.9022,231.7928,243.7880
2026-01-08,258.3368,258.5861,255.0059,256.3223,50419300,AAPL,270.8004,269.0765,272.0261,267.7591,258.0055,257.9108,231.9876,243.9328
2026-01-09,258.6659,259.5036,255.5245,258.3767,39997000,AAPL,269.8325,268.0850,271.8392,267.4025,258.2918,257.9258,232.1690,244.0794
2026-01-12,259.5435,260.5907,256.1029,258.4565,45263800,AAPL,268.9459,267.2715,271.6560,267.0943,258.5901,257.9578,232.3659,244.2333
2026-01-13,260.3414,261.0993,257.6886,258.0177,45730800,AAPL,268.0868,266.6115,271.4548,266.8295,258.9417,258.0050,232.5552,244.3936
2026-01-14,259.2543,261.1093,256.0131,258.7856,40019400,AAPL,267.3812,265.9108,271.2524,266.5324,259.2936,258.0297,232.7686,244.5414
2026-01-15,257.5091,260.3314,256.3522,259.9424,39388600,AAPL,266.5634,265.1106,271.0413,266.1786,259.5994,258.0194,232.9523,244.6705
2026-01-16,254.8363,258.1972,254.2380,257.1999,72142800,AAPL,265.7501,264.1321,270.7572,265.7338,259.8846,257.9564,233.1174,244.7716
2026-01-20,246.0303,254.0984,242.7592,252.0439,80267500,AAPL,264.4791,262.4082,270.2948,264.9611,260.0602,257.7202,233.2349,244.7841
2026-01-21,246.9777,250.8771,244.5144,248.0249,54641700,AAPL,263.1816,260.9386,269.8589,264.2559,260.2336,257.5075,233.4601,244.8060
2026-01-22,247.6758,250.3186,247.4764,248.5235,39708300,AAPL,262.0537,259.6755,269.4627,263.6057,260.3933,257.3128,233.7623,244.8345
2026-01-23,247.3667,248.7330,244.0158,246.6486,41689000,AAPL,260.8410,258.5032,269.0361,262.9688,260.5541,257.1159,234.0974,244.8597
2026-01-26,254.7167,255.8635,249.1219,250.7973,55969200,AAPL,259.9235,258.1426,268.6404,262.6452,260.8125,257.0684,234.5141,244.9578
2026-01-27,257.5689,261.2389,257.5090,258.4665,49648300,AAPL,259.1691,258.0879,268.3372,262.4462,261.0123,257.0783,234.8138,245.0833
2026-01-28,255.7439,258.1573,253.8191,256.9506,41288000,AAPL,258.3054,257.8647,268.0079,262.1833,261.1807,257.0519,235.1462,245.1893
2026-01-29,257.5789,258.9452,253.7194,257.2996,67253000,AAPL,257.5674,257.8375,267.7261,262.0028,261.3684,257.0623,235.4494,245.3126
2026-01-30,258.7756,261.1890,251.4954,254.4773,92443400,AAPL,256.9501,257.9268,267.5669,261.8762,261.5862,257.0962,235.7369,245.4466
2026-02-02,269.2771,269.7557,258.5064,259.3241,73913400,AAPL,256.9002,259.0078,267.6182,262.1664,261.9440,257.3374,236.0788,245.6837
2026-02-03,268.7485,271.1420,266.8836,268.4693,64394700,AAPL,257.0109,259.9355,267.6365,262.4246,262.3720,257.5634,236.4571,245.9132
2026-02-04,275.7394,278.1928,271.5508,271.5508,90545700,AAPL,257.7155,261.4406,267.8407,262.9467,262.8375,257.9233,236.8569,246.2100
2026-02-05,275.1610,278.7413,272.4883,277.3750,52977400,AAPL,258.4924,262.7473,267.9289,263.4257,263.2571,258.2646,237.2728,246.4981
2026-02-06,277.3650,280.1474,276.1782,276.3677,50453400,AAPL,259.4438,264.1395,267.9728,263.9723,263.6724,258.6429,237.6671,246.8052
2026-02-09,274.1308,277.7044,271.2160,277.4149,44623400,AAPL,260.2170,265.0910,267.9310,264.3707,264.0410,258.9496,238.0210,247.0771
2026-02-10,273.1924,274.8794,272.4538,274.4003,34376900,AAPL,260.8995,265.8626,267.8590,264.7167,264.3918,259.2316,238.3514,247.3369
2026-02-11,275.0092,279.6809,273.9611,274.2107,51931300,AAPL,261.6329,266.7337,267.7973,265.1203,264.7719,259.5440,238.6865,247.6123
2026-02-12,261.2638,275.2289,259.7165,275.0991,81077200,AAPL,261.7334,266.2128,267.3759,264.9691,264.9385,259.5781,238.9485,247.7481
2026-02-13,255.3244,261.7629,254.9949,261.5433,56290700,AAPL,261.6241,265.1758,266.7742,264.5908,264.9404,259.4939,239.1756,247.8235
2026-02-17,263.4099,265.8157,255.0848,257.5903,58469100,AAPL,262.0528,265.0076,266.3748,264.5445,265.0396,259.5714,239.4366,247.9786
2026-02-18,263.8791,266.3447,261.9825,263.1305,34203300,AAPL,262.9452,264.9001,266.0536,264.5184,265.1646,259.6567,239.6959,248.1368
2026-02-19,260.1158,264.0089,259.5867,262.1322,30845300,AAPL,263.6021,264.4445,265.6955,264.3458,265.2065,259.6658,239.9760,248.2560
2026-02-20,264.1087,264.2784,257.7001,258.5087,42070500,AAPL,264.4238,264.4125,265.4349,264.3365,265.3024,259.7538,240.3082,248.4137
2026-02-23,265.7058,268.9500,262.9108,263.0206,37308200,AAPL,265.3407,264.5357,265.2205,264.3902,265.4245,259.8716,240.6502,248.5858
2026-02-24,271.6552,274.4003,267.2331,267.3828,47014600,AAPL,266.1877,265.2137,265.0931,264.6751,265.6041,260.1050,241.0333,248.8153
2026-02-25,273.7415,274.4502,270.5672,271.2959,33714300,AAPL,266.9963,266.0259,265.0224,265.0306,265.7964,260.3750,241.4206,249.0634
2026-02-26,272.4638,275.6181,270.3176,274.4602,32345100,AAPL,267.8323,266.6390,264.9212,265.3221,265.9592,260.6144,241.7963,249.2962
2026-02-27,263.7094,272.3240,262.4217,272.3240,72366500,AAPL,268.1388,266.3600,264.7281,265.2589,266.0256,260.6757,242.0660,249.4396
2026-03-02,264.2484,266.0552,259.7365,261.9425,41827900,AAPL,268.4125,266.1589,264.5358,265.2193,266.1106,260.7464,242.3277,249.5870
2026-03-03,263.2802,265.0870,259.6666,263.0107,38568900,AAPL,268.1126,265.8847,264.3793,265.1432,266.1881,260.7966,242.5875,249.7232
2026-03-04,262.0523,265.6759,260.9543,264.1785,39803100,AAPL,267.7778,265.5198,264.1914,265.0220,266.2375,260.8215,242.8456,249.8459
2026-03-05,259.8263,261.0941,256.7917,260.3254,49658600,AAPL,266.9822,264.9775,263.9293,264.8182,266.3047,260.8018,243.0935,249.9452
2026-03-06,257.0013,258.3090,253.9169,258.1693,41120000,AAPL,266.0742,264.2179,263.6647,264.5117,266.4311,260.7265,243.3397,250.0154
2026-03-09,259.4171,260.6848,253.2281,255.2345,38218500,AAPL,265.1768,263.7607,263.4206,264.3119,266.5577,260.7006,243.6074,250.1090
2026-03-10,260.3654,262.0124,256.4923,257.1910,30590800,AAPL,264.4885,263.4373,263.1666,264.1571,266.6928,260.6939,243.9037,250.2110
2026-03-11,260.3454,261.6630,259.0876,260.6249,26218900,AAPL,263.8461,263.1428,262.9203,264.0077,266.8120,260.6870,244.2034,250.3119
2026-03-12,255.3044,258.4887,253.7272,258.1992,40794000,AAPL,262.8609,262.3963,262.5661,263.6664,266.8997,260.5804,244.5083,250.3615
2026-03-13,249.6744,255.8734,249.0755,255.0249,36930000,AAPL,262.2814,261.1847,262.1128,263.1177,266.8828,260.3645,244.7604,250.3547
2026-03-16,252.3696,253.4377,249.4349,251.6609,32074200,AAPL,262.1337,260.3452,261.7378,262.6962,266.7938,260.2062,245.0250,250.3748
2026-03-17,253.7771,254.6755,251.7308,252.5094,32361600,AAPL,261.6521,259.7196,261.4078,262.3464,266.7135,260.0789,245.2990,250.4086
2026-03-18,249.4948,254.4859,248.5564,252.1800,35757900,AAPL,260.9328,258.7458,261.0670,261.8424,266.6335,259.8693,245.5470,250.3995
2026-03-19,248.5165,251.3814,246.8595,248.9557,34864100,AAPL,260.3529,257.7716,260.8044,261.3198,266.5324,259.6445,245.7859,250.3808
2026-03-20,247.5482,248.7561,245.5618,247.5382,88331100,AAPL,259.5249,256.7980,260.5629,260.7798,266.3893,259.4049,246.0122,250.3526
2026-03-23,251.0420,254.1465,249.8342,253.5176,40546100,AAPL,258.7917,256.2498,260.4170,260.3979,266.2216,259.2393,246.2582,250.3595
2026-03-24,251.1917,254.3760,249.1055,249.9040,45152300,AAPL,257.7685,255.7681,260.2675,260.0369,266.0534,259.0800,246.5158,250.3677
2026-03-25,252.1700,254.5457,251.1518,253.6474,28476700,AAPL,256.6899,255.4254,260.1200,259.7284,265.8880,258.9431,246.7620,250.3857
2026-03-26,252.4395,256.5422,250.3233,251.6709,41796700,AAPL,255.6887,255.1410,259.9620,259.4425,265.7084,258.8144,247.0218,250.4061
2026-03-27,248.3568,255.0349,247.6281,253.4477,47900000,AAPL,254.9211,254.4949,259.7440,259.0078,265.4982,258.6073,247.2551,250.3857
2026-03-30,246.1907,250.4231,245.0726,249.6245,39446200,AAPL,254.0182,253.7040,259.5177,258.5052,265.2795,258.3614,247.4969,250.3440
2026-03-31,253.3379,255.0249,246.6598,247.4684,49598100,AAPL,253.5211,253.6692,259.4877,258.3025,265.1224,258.2619,247.7724,250.3738
2026-04-01,255.1746,255.7236,252.8787,253.6274,40059400,AAPL,253.1772,253.8125,259.6706,258.1799,264.9827,258.2008,248.0708,250.4215
2026-04-02,255.4641,255.6737,250.2035,253.7472,31289400,AAPL,252.9591,253.9698,259.8403,258.0734,264.8496,258.1466,248.3608,250.4717
2026-04-06,258.3988,261.6930,256.0031,256.0530,29329900,AAPL,253.0290,254.3916,260.0548,258.0861,264.7588,258.1516,248.6793,250.5506
2026-04-07,253.0484,255.7436,245.2623,255.7037,62148000,AAPL,252.7105,254.2637,260.1684,257.8886,264.6023,258.0505,248.9663,250.5754
2026-04-08,258.4388,259.2873,256.0730,257.9896,41032800,AAPL,252.6142,254.6613,260.2429,257.9101,264.4416,258.0582,249.2583,250.6537
2026-04-09,260.0259,260.6548,255.6138,258.5386,28121600,AAPL,252.5982,255.1722,260.2920,257.9931,264.3146,258.0972,249.5558,250.7469
2026-04-10,260.0160,261.7229,258.5586,259.5169,31291500,AAPL,252.8338,255.6336,260.3774,258.0724,264.1927,258.1352,249.8592,250.8392
2026-04-13,258.7383,259.7165,256.2028,259.2673,36234700,AAPL,253.2870,255.9292,260.4006,258.0986,264.0633,258.1471,250.1500,250.9178
2026-04-14,258.3689,261.4634,256.7318,258.7882,48370700,AAPL,253.5870,256.1616,260.3925,258.1092,263.9797,258.1515,250.4416,250.9919
2026-04-15,265.9554,266.0852,257.3507,257.7001,49913500,AAPL,254.1959,257.0943,260.3261,258.4169,263.9721,258.3061,250.7709,251.1408
2026-04-16,262.9308,266.6841,260.8045,266.3247,43323100,AAPL,254.8677,257.6502,260.2097,258.5939,263.9231,258.3976,251.0646,251.2581
2026-04-17,269.7486,271.8149,266.2449,266.4844,61436200,AAPL,255.9293,258.8024,260.0899,259.0313,263.9653,258.6224,251.3792,251.4421
2026-04-20,272.5636,273.7914,269.8085,269.8484,36590200,AAPL,257.1800,260.1130,260.0379,259.5620,263.9834,258.8985,251.6850,251.6523
2026-04-21,265.6959,272.3140,264.9272,271.0164,50209800,AAPL,257.9127,260.6447,259.8046,259.8025,263.8887,259.0331,251.9508,251.7920
2026-04-22,272.6834,273.2524,266.3946,267.3429,43249200,AAPL,258.9873,261.7912,259.7756,260.3077,263.8533,259.3034,252.2695,251.9999
2026-04-23,272.9429,275.2787,271.1661,274.5600,33399600,AAPL,260.0260,262.8533,259.7706,260.8032,263.8148,259.5735,252.5893,252.2083
2026-04-24,270.5771,272.5736,269.1696,272.2741,38157100,AAPL,260.9328,263.5889,259.6820,261.1865,263.7396,259.7914,252.8915,252.3910
2026-04-27,267.1333,267.8819,264.5978,265.6160,41466800,AAPL,261.8717,263.9265,259.7994,261.4197,263.5876,259.9367,253.1702,252.5377
2026-04-28,270.2278,272.7433,268.1814,271.8549,40018900,AAPL,263.0735,264.5266,260.0974,261.7651,263.4358,260.1405,253.4707,252.7137
2026-04-29,269.6887,270.5572,266.5643,267.0734,30047900,AAPL,263.8911,265.0182,260.2230,262.0758,263.2989,260.3296,253.7810,252.8826
2026-04-30,270.8666,275.5083,267.6624,270.0181,91848200,AAPL,264.6757,265.5752,260.3628,262.4205,263.2082,260.5383,254.0948,253.0616
2026-05-01,279.6410,286.7083,277.8741,278.3632,79915400,AAPL,265.8845,266.9148,260.7533,263.0959,263.2244,260.9165,254.4473,253.3261
2026-05-04,276.3369,280.1301,274.3704,279.1618,46668400,AAPL,266.7814,267.8121,260.9978,263.6151,263.2164,261.2219,254.7839,253.5550
2026-05-05,283.6738,284.0631,276.0075,276.4367,49311700,AAPL,268.3127,269.3228,261.3572,264.4017,263.2888,261.6665,255.1515,253.8547
2026-05-06,286.9978,287.5169,280.5693,281.4178,58336100,AAPL,269.7406,271.0061,261.6640,265.2878,263.3786,262.1681,255.5292,254.1845
2026-05-07,286.9279,291.6096,285.2709,288.7547,45224300,AAPL,271.0857,272.5225,261.9278,266.1365,263.4751,262.6584,255.8970,254.5103
2026-05-08,292.7975,294.2349,289.4834,289.4934,52692800,AAPL,272.7248,274.4534,262.3344,267.1820,263.6278,263.2552,256.2954,254.8913
2026-05-11,292.4278,293.6268,289.9799,291.7284,42247300,AAPL,274.4093,276.1653,262.9088,268.1720,263.8185,263.8329,256.6938,255.2648
2026-05-12,294.5460,295.0156,292.3079,292.3079,45748100,AAPL,276.2181,277.9158,263.5148,269.2063,264.0253,264.4410,257.1023,255.6556
2026-05-13,298.6125,300.6607,293.2471,293.2471,52684300,AAPL,277.8510,279.8869,264.2214,270.3595,264.3004,265.1177,257.5303,256.0831
2026-05-14,297.9530,300.1911,295.1255,299.5617,35324900,AAPL,279.6021,281.6075,264.9394,271.4416,264.5654,265.7679,257.9688,256.4997
2026-05-15,299.9713,302.9388,296.2645,297.6433,54862800,AAPL,281.1132,283.3564,265.7423,272.5604,264.8358,266.4452,258.4284,256.9322
2026-05-18,297.5833,300.4009,294.6559,299.9813,34483000,AAPL,282.3642,284.7114,266.5540,273.5417,265.1093,267.0618,258.8835,257.3367
2026-05-19,298.7124,300.2511,296.0946,296.7141,42243600,AAPL,284.0150,286.0448,267.3399,274.5288,265.3802,267.6885,259.3700,257.7484
2026-05-20,301.9896,302.5391,297.8231,297.9231,38229800,AAPL,285.4804,287.5634,268.1724,275.6057,265.6695,268.3678,259.8681,258.1886
2026-05-21,304.7272,305.2767,300.1411,300.8006,42965100,AAPL,287.0696,289.1980,269.0600,276.7477,265.9902,269.0878,260.3820,258.6517
2026-05-22,308.5539,311.1317,305.5765,305.8562,43670200,AAPL,288.9684,291.0414,270.1250,277.9950,266.3455,269.8693,260.8636,259.1482
2026-05-26,308.0643,311.5513,307.4049,309.2933,48000500,AAPL,291.0150,292.6627,271.2928,279.1742,266.7028,270.6256,261.3091,259.6350
2026-05-27,310.5822,312.9901,308.0343,308.0643,50430900,AAPL,293.0327,294.3693,272.4570,280.4059,267.0974,271.4168,261.7208,260.1419
2026-05-28,312.2407,312.5305,309.3033,310.4123,48220400,AAPL,295.1603,296.0713,273.6263,281.6543,267.5171,272.2252,262.1503,260.6603
2026-05-29,311.7911,314.7286,309.2633,311.5113,70026800,AAPL,297.2065,297.5684,274.8722,282.8361,267.9696,273.0087,262.5652,261.1691
2026-06-01,306.0461,310.6721,304.7572,309.3632,48849900,AAPL,298.5268,298.3758,276.0228,283.7463,268.4136,273.6629,262.9331,261.6156
2026-06-02,314.9284,315.1782,306.4257,307.1951,44534700,AAPL,300.4563,299.9523,277.3704,284.9692,268.9667,274.4800,263.3481,262.1461
2026-06-03,309.9926,316.6669,308.5839,313.9093,50836700,AAPL,301.7723,300.9085,278.5494,285.9505,269.4832,275.1833,263.7444,262.6222
2026-06-04,310.9618,313.2698,309.3832,312.9601,44869100,AAPL,302.9705,301.8660,279.7448,286.9313,270.0062,275.8918,264.1490,263.1031
2026-06-05,307.0752,314.8984,306.8853,312.5904,65310500,AAPL,303.9778,302.3621,280.8429,287.7213,270.4815,276.5092,264.5358,263.5407
2026-06-08,301.2802,317.1265,300.9105,308.4740,77949100,AAPL,304.4020,302.2590,281.8198,288.2530,270.8909,276.9998,264.9163,263.9162
2026-06-09,290.2996,300.4908,287.5320,300.0212,70108800,AAPL,304.2956,301.1200,282.6586,288.3332,271.2013,277.2631,265.2474,264.1787
2026-06-10,291.3287,294.4960,287.1324,290.4895,52793300,AAPL,304.1347,300.1875,283.5614,288.4507,271.5395,277.5417,265.5695,264.4489
2026-06-11,295.3752,296.7441,289.3404,293.4669,42572500,AAPL,303.9728,299.7292,284.4021,288.7223,271.9449,277.8948,265.9147,264.7566
2026-06-12,290.8792,296.8840,289.3704,295.7749,38742100,AAPL,303.6191,298.8864,285.1162,288.8068,272.3934,278.1519,266.2268,265.0165
2026-06-15,296.1646,297.5234,291.4486,293.8665,45732600,AAPL,303.4288,298.6271,285.9302,289.0954,272.8853,278.5086,266.5594,265.3265
2026-06-16,298.9821,300.2211,293.7167,294.9956,39874400,AAPL,303.4988,298.6610,286.7419,289.4831,273.3983,278.9140,266.8958,265.6613
2026-06-17,295.6950,301.8097,294.1063,300.5907,42745100,AAPL,303.3479,298.3785,287.5948,289.7267,273.8816,279.2463,267.2178,265.9602
2026-06-18,297.7532,300.3110,295.3652,297.8531,85962200,AAPL,303.1361,298.3189,288.3811,290.0415,274.3120,279.6128,267.5622,266.2765
2026-06-22,296.7541,302.1594,296.5043,297.0538,44879900,AAPL,302.7374,298.1699,289.1157,290.3047,274.7038,279.9522,267.8581,266.5798
2026-06-23,294.0464,301.3801,293.9265,297.2836,52010900,AAPL,302.0120,297.7772,289.7963,290.4514,275.0869,280.2313,268.1338,266.8531
2026-06-24,292.8274,299.4417,292.6876,295.1055,53081900,AAPL,301.2502,297.3058,290.4781,290.5446,275.4393,280.4807,268.4039,267.1115
2026-06-25,274.9129,288.5511,273.5141,287.1523,107013700,AAPL,299.4667,295.1731,290.8089,289.9316,275.6007,280.3705,268.5934,267.1892
2026-06-26,283.5355,285.7036,273.9737,274.7630,261775500,AAPL,298.0315,294.0648,291.1605,289.6808,275.7433,280.4332,268.8437,267.3518
2026-06-29,281.4972,288.1215,279.6089,286.4829,66427000,AAPL,296.5168,292.8679,291.5319,289.3599,275.8708,280.4542,269.1214,267.4926
2026-06-30,289.1107,289.6902,280.4581,280.9277,65100200,AAPL,295.6700,292.5100,291.9191,289.3501,276.0045,280.6256,269.4210,267.7077
2026-07-01,294.1263,296.3344,288.9508,293.1872,50164200,AAPL,294.6299,292.6640,292.3504,289.5374,276.1942,280.8930,269.7256,267.9705
2026-07-02,308.3640,309.1534,293.4269,293.8665,75352800,AAPL,294.5485,294.1592,293.2037,290.2757,276.5041,281.4370,270.0883,268.3725
2026-07-06,312.3906,313.9293,306.7355,307.0951,53590000,AAPL,294.6199,295.8955,293.9979,291.1429,276.8867,282.0499,270.4639,268.8105
2026-07-07,310.3923,315.2082,309.8827,315.0183,42490000,AAPL,294.7858,297.2762,294.7469,291.8978,277.2587,282.6111,270.8253,269.2242
2026-07-08,313.1200,314.5487,306.7854,311.6412,41323500,AAPL,295.3778,298.7851,295.5977,292.7301,277.6398,283.2153,271.2059,269.6610
2026-07-09,315.9475,316.2572,307.8945,310.2424,48124500,AAPL,296.6601,300.4196,296.5740,293.6405,278.1867,283.8634,271.5626,270.1215
2026-07-10,315.0483,316.6369,311.9010,314.4488,34132300,AAPL,297.8461,301.8128,297.4704,294.4801,278.7839,284.4810,271.8622,270.5686
2026-07-13,317.0366,323.1713,315.5079,316.7468,43257800,AAPL,298.9292,303.2627,298.4174,295.3646,279.3202,285.1256,272.1799,271.0309
2026-07-14,314.5887,315.9176,311.6412,313.4897,36336800,AAPL,300.1147,304.3414,299.2918,296.1185,279.8273,285.7091,272.4959,271.4644
2026-07-15,327.2178,328.4468,317.0466,317.3463,60957600,AAPL,301.6673,306.5201,300.2433,297.3381,280.4983,286.5310,272.8524,272.0191
2026-07-16,332.9728,334.3916,326.5084,327.7274,62970600,AAPL,303.3669,309.0394,301.3761,298.7355,281.1869,287.4506,273.2446,272.6256
2026-07-17,333.4524,334.7013,328.7165,331.6939,63407100,AAPL,305.2547,311.3644,302.3716,300.0970,281.8644,288.3616,273.6444,273.2309
2026-07-20,326.3086,333.4224,323.4011,333.2226,53468000,AAPL,306.6825,312.7877,303.1579,301.1249,282.4109,289.1130,274.0075,273.7590
2026-07-21,327.4576,329.3160,321.9423,322.8516,41338900,AAPL,308.2177,314.1848,303.9684,302.1575,282.9481,289.8723,274.3723,274.2933
2026-07-22,325.6092,328.7165,323.0614,327.5875,38755900,AAPL,309.7958,315.2729,304.6247,303.0772,283.4796,290.5800,274.7194,274.8039
2026-07-23,321.3828,323.0214,319.0748,321.4528,40840800,AAPL,311.2236,315.8548,305.2038,303.7951,284.0563,291.1899,275.0410,275.2674
2026-07-24,332.7330,334.0819,321.3429,321.5127,47489400,AAPL,314.1146,317.4622,305.9675,304.9299,284.7411,292.0126,275.4259,275.8392
2026-07-27,336.6197,339.2774,333.7322,334.2517,49604300,AAPL,316.7688,319.2867,306.7277,306.1726,285.4745,292.8959,275.8313,276.4440
2026-07-28,339.7869,342.5945,335.3108,339.7370,51859000,AAPL,319.6833,321.2391,307.5643,307.4908,286.2519,293.8244,276.2447,277.0742
2026-07-29,337.8986,344.2731,337.0593,339.4373,56090800,AAPL,322.1227,322.8258,308.3229,308.6833,287.0326,294.6972,276.6687,277.6795
2026-07-30,333.1427,334.4615,329.3060,332.8130,74817800,AAPL,324.0735,323.8083,309.0341,309.6425,287.7940,295.4585,277.1125,278.2313
2026-07-31,308.6438,310.4223,299.7415,304.5474,132489100,AAPL,324.0875,322.3641,309.2327,309.6033,288.2863,295.7195,277.4220,278.5339
2026-08-03,303.1586,311.5313,302.2993,309.3132,75052000,AAPL,323.6259,320.5350,309.2561,309.3506,288.7142,295.8669,277.7035,278.7790
2026-08-04,309.1134,310.1525,301.0604,302.4691,68001000,AAPL,323.5619,319.4472,309.3438,309.3413,289.2019,296.1292,278.0070,279.0808
2026-08-05,310.7320,311.4414,305.4066,309.0934,49438800,AAPL,323.4426,318.6172,309.3874,309.3958,289.7562,296.4183,278.3279,279.3957
2026-08-06,312.1408,316.0175,308.9636,314.0691,46139900,AAPL,323.2522,318.0004,309.4689,309.5035,290.3808,296.7297,278.6318,279.7216
2026-08-07,313.0600,314.5387,310.4722,311.1816,34437200,AAPL,323.1528,317.5299,309.5185,309.6430,290.9877,297.0530,278.8908,280.0533
2026-08-10,308.2600,308.2600,304.6100,306.8300,44812500,AAPL,322.7140,316.6470,309.4388,309.5887,291.5326,297.2750,279.1230,280.3340
2026-08-11,304.9100,309.9700,302.7900,307.7500,37476700,AAPL,322.2300,315.5292,309.3012,309.4052,292.0867,297.4261,279.3601,280.5785
2026-08-12,302.2500,305.6600,300.5700,305.1000,41657800,AAPL,320.9816,314.2645,309.2253,309.1246,292.6241,297.5217,279.5782,280.7941
2026-08-13,305.2600,306.0000,302.0500,304.2100,40349300,AAPL,319.5960,313.4070,309.0319,308.9731,293.2012,297.6749,279.7953,281.0376
2026-08-14,305.9300,307.4900,304.3000,306.0000,28229400,AAPL,318.2199,312.6949,308.9507,308.8538,293.7501,297.8384,279.9858,281.2853
2026-08-17,305.5900,307.6600,302.9400,306.2100,38169300,AAPL,317.1840,312.0182,308.8432,308.7258,294.2940,297.9919,280.1737,281.5271
2026-08-18,310.0300,311.4900,305.7400,307.5800,53424500,AAPL,316.3126,311.8289,308.9023,308.7769,294.8726,298.2302,280.3803,281.8107
2026-08-19,316.8300,319.2800,309.6000,310.1400,50505600,AAPL,315.8736,312.3052,309.2133,309.0927,295.5165,298.5986,280.6125,282.1592
2026-08-20,311.3000,320.2800,310.6500,317.4600,40959200,AAPL,315.3695,312.2094,309.6333,309.1793,296.1460,298.8501,280.8221,282.4491
2026-08-21,309.3500,312.3800,307.0100,312.0500,46768100,AAPL,314.2003,311.9371,309.9938,309.1860,296.7776,299.0580,281.0285,282.7168
2026-08-24,310.3400,313.3600,309.9700,311.4700,34379936,AAPL,312.8863,311.7850,310.2931,309.2312,297.3476,299.2814,281.2350,282.9916
