Date,Close,High,Low,Open,Volume,Ticker,SMA_20,EMA_20,SMA_50,EMA_50,SMA_100,EMA_100,SMA_200,EMA_200
2021-08-04,147.4000,147.4600,145.0100,145.1000,4631400,ABNB,,147.4000,,147.4000,,147.4000,,147.4000
2021-08-05,150.3200,150.4100,146.3990,146.6700,4737500,ABNB,,147.6781,,147.5145,,147.4578,,147.4290
2021-08-06,149.9900,150.1900,147.5500,148.9900,4043500,ABNB,,147.8983,,147.6116,,147.5080,,147.4545
2021-08-09,149.4400,151.0000,148.7000,148.7400,5541900,ABNB,,148.0451,,147.6833,,147.5462,,147.4743
2021-08-10,147.9500,150.7600,147.8500,149.3650,5149800,ABNB,,148.0360,,147.6937,,147.5542,,147.4790
2021-08-11,148.1600,149.2800,145.1580,147.5400,6717700,ABNB,,148.0479,,147.7120,,147.5662,,147.4858
2021-08-12,151.1500,151.6800,146.5500,148.8600,8794100,ABNB,,148.3433,,147.8469,,147.6372,,147.5223
2021-08-13,152.7600,152.7600,144.5100,146.6600,16789100,ABNB,,148.7639,,148.0395,,147.7386,,147.5744
2021-08-16,148.5700,152.0300,144.9000,151.9900,7715200,ABNB,,148.7455,,148.0603,,147.7551,,147.5843
2021-08-17,143.9000,148.2000,143.5800,145.0000,7855100,ABNB,,148.2840,,147.8972,,147.6787,,147.5476
2021-08-18,146.7400,148.6800,141.7000,144.0200,5190100,ABNB,,148.1369,,147.8518,,147.6602,,147.5396
2021-08-19,142.6500,145.2800,141.9200,143.7910,4732400,ABNB,,147.6144,,147.6478,,147.5609,,147.4909
2021-08-20,143.7000,143.9490,141.5000,142.0000,2996200,ABNB,,147.2416,,147.4930,,147.4845,,147.4532
2021-08-23,146.7900,147.6300,144.1500,144.9000,4727400,ABNB,,147.1986,,147.4654,,147.4707,,147.4466
2021-08-24,161.4200,161.9800,146.5000,147.0000,22096800,ABNB,,148.5530,,148.0127,,147.7470,,147.5857
2021-08-25,160.3500,163.0590,158.0000,158.7640,7267700,ABNB,,149.6765,,148.4965,,147.9965,,147.7127
2021-08-26,152.7300,159.5000,151.4500,159.3400,7243000,ABNB,,149.9673,,148.6625,,148.0903,,147.7626
2021-08-27,154.1800,156.4400,151.4500,152.2510,4818800,ABNB,,150.3685,,148.8789,,148.2108,,147.8264
2021-08-30,156.0200,157.4900,151.9200,154.4100,3968700,ABNB,,150.9068,,149.1589,,148.3655,,147.9080
2021-08-31,154.9900,158.1500,153.5800,155.9400,7404000,ABNB,150.4605,151.2956,,149.3876,,148.4967,,147.9784
2021-09-01,156.5900,158.6400,154.2900,154.8400,4324700,ABNB,150.9200,151.7999,,149.6700,,148.6569,,148.0641
2021-09-02,157.2000,159.4600,156.5000,156.5000,3301000,ABNB,151.2640,152.3142,,149.9653,,148.8261,,148.1550
2021-09-03,158.0000,160.6400,157.2000,158.0500,4456400,ABNB,151.6645,152.8557,,150.2804,,149.0078,,148.2530
2021-09-07,165.0000,165.7350,159.5500,159.7200,11008800,ABNB,152.4425,154.0123,,150.8576,,149.3244,,148.4196
2021-09-08,163.9300,166.5500,161.6000,163.2300,5866500,ABNB,153.2415,154.9568,,151.3703,,149.6137,,148.5740
2021-09-09,166.0000,166.9700,160.8300,163.0000,5935800,ABNB,154.1335,156.0086,,151.9440,,149.9381,,148.7473
2021-09-10,165.2000,168.2360,165.0100,166.9500,3985300,ABNB,154.8360,156.8839,,152.4638,,150.2403,,148.9111
2021-09-13,160.3200,162.9900,154.7900,160.2500,7520900,ABNB,155.2140,157.2112,,152.7719,,150.4399,,149.0246
2021-09-14,163.3000,164.7000,159.4100,160.6600,4655500,ABNB,155.9505,157.7911,,153.1848,,150.6946,,149.1666
2021-09-15,166.3700,166.6300,160.4900,162.3200,5656000,ABNB,157.0740,158.6081,,153.7019,,151.0050,,149.3378
2021-09-16,168.1500,169.4500,165.0400,165.2600,6094800,ABNB,158.1445,159.5169,,154.2685,,151.3445,,149.5250
2021-09-17,166.5900,170.0000,163.6100,169.3000,20024700,ABNB,159.3415,160.1905,,154.7517,,151.6464,,149.6948
2021-09-20,161.6400,166.5400,159.4450,162.2400,6846800,ABNB,160.2385,160.3285,,155.0218,,151.8443,,149.8136
2021-09-21,169.2900,170.0100,162.9600,164.0000,8592500,ABNB,161.3635,161.1820,,155.5813,,152.1898,,150.0074
2021-09-22,169.9600,171.8100,167.3710,170.0290,4353600,ABNB,161.7905,162.0180,,156.1452,,152.5416,,150.2060
2021-09-23,175.1300,176.0000,170.5000,171.5500,5370800,ABNB,162.5295,163.2668,,156.8897,,152.9889,,150.4540
2021-09-24,175.8800,176.9600,173.6100,174.5300,4084900,ABNB,163.6870,164.4680,,157.6344,,153.4422,,150.7070
2021-09-27,174.2600,176.3190,172.0200,175.0000,3551400,ABNB,164.6910,165.4006,,158.2864,,153.8545,,150.9413
2021-09-28,168.5800,173.5600,166.9000,172.5160,4362800,ABNB,165.3190,165.7034,,158.6901,,154.1461,,151.1168
2021-09-29,168.0700,171.2210,166.5500,170.1000,2788700,ABNB,165.9730,165.9288,,159.0579,,154.4218,,151.2855
2021-09-30,167.7500,169.5000,165.7100,168.1000,2662500,ABNB,166.5310,166.1022,,159.3988,,154.6857,,151.4493
2021-10-01,173.0100,173.2000,168.5500,170.3100,4963000,ABNB,167.3215,166.7601,,159.9325,,155.0486,,151.6639
2021-10-04,164.5000,172.2600,164.0300,171.9900,4459400,ABNB,167.6465,166.5449,,160.1117,,155.2357,,151.7916
2021-10-05,164.7400,166.5900,162.4300,165.6700,4340100,ABNB,167.6335,166.3730,,160.2932,,155.4239,,151.9204
2021-10-06,167.2500,167.3200,160.6300,161.3900,2461500,ABNB,167.7995,166.4565,,160.5660,,155.6581,,152.0730
2021-10-07,169.6000,171.2700,168.6000,170.0000,2119600,ABNB,167.9795,166.7559,,160.9203,,155.9342,,152.2474
2021-10-08,169.9700,174.1000,169.4800,170.1000,2265100,ABNB,168.2180,167.0620,,161.2752,,156.2121,,152.4237
2021-10-11,166.6700,171.5400,166.6300,170.0000,2046300,ABNB,168.5355,167.0247,,161.4867,,156.4192,,152.5655
2021-10-12,172.7500,175.9000,171.2300,172.6940,6028100,ABNB,169.0080,167.5699,,161.9284,,156.7426,,152.7663
2021-10-13,173.5800,175.1900,171.8000,173.0000,3521900,ABNB,169.3685,168.1423,160.3698,162.3853,,157.0760,,152.9734
2021-10-14,170.5000,176.7500,170.0400,175.2400,4139400,ABNB,169.4860,168.3669,160.8318,162.7036,,157.3418,,153.1478
2021-10-15,169.1800,172.9500,168.5800,171.9000,3592700,ABNB,169.6155,168.4443,161.2090,162.9575,,157.5762,,153.3073
2021-10-18,172.3200,172.7000,167.1100,167.5000,2793700,ABNB,170.1495,168.8134,161.6556,163.3247,,157.8682,,153.4965
2021-10-19,170.7400,172.8100,170.0600,172.5700,2776600,ABNB,170.2220,168.9969,162.0816,163.6155,,158.1231,,153.6681
2021-10-20,169.7600,171.9400,168.2000,170.0600,2687000,ABNB,170.2120,169.0696,162.5178,163.8565,,158.3535,,153.8282
2021-10-21,170.5000,171.5300,167.7000,169.0740,2889400,ABNB,169.9805,169.2058,162.9646,164.1170,,158.5940,,153.9941
2021-10-22,166.6400,169.4400,165.1600,169.3000,2986000,ABNB,169.5185,168.9614,163.2744,164.2159,,158.7534,,154.1199
2021-10-25,169.2400,170.3290,166.6500,166.6900,2620800,ABNB,169.2675,168.9880,163.6040,164.4129,,158.9610,,154.2704
2021-10-26,171.1400,172.0000,167.9000,170.4000,2937900,ABNB,169.3955,169.1929,164.0554,164.6768,,159.2022,,154.4382
2021-10-27,169.1000,172.6500,168.8800,170.7400,3009800,ABNB,169.4470,169.1841,164.5594,164.8502,,159.3982,,154.5841
2021-10-28,171.7000,171.8500,168.7100,170.2000,2143700,ABNB,169.6445,169.4237,165.0586,165.1188,,159.6418,,154.7544
2021-10-29,170.6600,171.3900,168.8490,171.3900,2294400,ABNB,169.5270,169.5414,165.6188,165.3361,,159.8600,,154.9127
2021-11-01,174.6000,175.4400,170.5000,170.5000,4401100,ABNB,170.0320,170.0232,166.2368,165.6994,,160.1518,,155.1086
2021-11-02,172.8700,175.3000,170.5800,174.9500,3292100,ABNB,170.4385,170.2943,166.7584,165.9806,,160.4037,,155.2853
2021-11-03,172.8700,173.7500,170.9300,171.8900,2827100,ABNB,170.7195,170.5396,166.9874,166.2508,,160.6506,,155.4603
2021-11-04,178.4500,179.4350,173.9600,175.9500,9664600,ABNB,171.1620,171.2930,167.3494,166.7292,,161.0030,,155.6890
2021-11-05,201.6200,203.2950,185.9440,186.1500,27330500,ABNB,172.7445,174.1813,168.3272,168.0975,,161.8073,,156.1461
2021-11-08,200.3200,211.3360,199.7500,203.3500,12855300,ABNB,174.4270,176.6707,169.2500,169.3611,,162.5699,,156.5856
2021-11-09,194.6800,201.5000,187.5000,201.4400,9056100,ABNB,175.5235,178.3859,170.0232,170.3540,,163.2058,,156.9647
2021-11-10,192.2200,195.0000,189.2800,190.2300,6704100,ABNB,176.4555,179.7034,170.7678,171.2115,,163.7803,,157.3155
2021-11-11,191.6100,197.9300,190.7700,195.2000,5899000,ABNB,177.5110,180.8374,171.4682,172.0114,,164.3314,,157.6567
2021-11-12,206.5400,208.1600,192.0600,192.4650,12057800,ABNB,179.3790,183.2852,172.4550,173.3655,,165.1672,,158.1431
2021-11-15,207.2100,209.2400,204.1600,206.2000,7479300,ABNB,181.1235,185.5638,173.4392,174.6927,,165.9997,,158.6313
2021-11-16,207.0400,209.9300,203.4700,205.5900,4431300,ABNB,182.9385,187.6091,174.2800,175.9612,,166.8124,,159.1130
2021-11-17,199.1100,212.5840,198.4000,207.0000,6383400,ABNB,184.4060,188.7045,174.9836,176.8690,,167.4520,,159.5110
2021-11-18,204.3300,205.0000,196.0000,199.3400,4597700,ABNB,186.0975,190.1926,175.7502,177.9459,,168.1822,,159.9569
2021-11-19,196.4200,199.3600,190.5000,196.6000,8181900,ABNB,187.5865,190.7857,176.3746,178.6704,,168.7414,,160.3198
2021-11-22,181.7300,190.7600,176.7200,190.4400,12619800,ABNB,188.2110,189.9232,176.8028,178.7904,,168.9986,,160.5328
2021-11-23,178.2700,183.7300,175.2500,181.1430,6451900,ABNB,188.5675,188.8134,177.1022,178.7700,,169.1822,,160.7093
2021-11-24,179.8900,182.7800,175.0000,175.6300,4763300,ABNB,189.1070,187.9636,177.3726,178.8139,,169.3942,,160.9001
2021-11-26,173.8600,174.6400,167.0400,167.7600,6044100,ABNB,189.2150,186.6204,177.4868,178.6196,,169.4827,,161.0291
2021-11-29,180.0800,180.7000,175.9000,176.8800,5317400,ABNB,189.6860,185.9975,177.7566,178.6769,,169.6925,,161.2187
2021-11-30,172.5400,180.6400,170.9210,176.4050,10682700,ABNB,189.5830,184.7158,177.9746,178.4362,,169.7489,,161.3313
2021-12-01,163.0800,180.1300,162.0300,174.0100,7645700,ABNB,189.0935,182.6553,177.8504,177.8340,,169.6168,,161.3487
2021-12-02,169.6000,170.2950,160.4900,161.3600,5687600,ABNB,188.9300,181.4119,177.8432,177.5111,,169.6165,,161.4308
2021-12-03,166.7500,170.7300,162.1400,168.9800,6460900,ABNB,188.3450,180.0155,177.6756,177.0891,,169.5597,,161.4837
2021-12-06,180.8500,181.9300,162.8500,167.2750,9813800,ABNB,187.3065,180.0950,177.7750,177.2366,,169.7833,,161.6764
2021-12-07,183.1400,187.5000,182.0200,185.6100,6264600,ABNB,186.4475,180.3850,177.9526,177.4681,,170.0478,,161.8900
2021-12-08,186.4900,187.5000,182.1400,186.0000,4218700,ABNB,186.0380,180.9664,178.3108,177.8219,,170.3734,,162.1348
2021-12-09,181.4600,185.3020,179.2800,182.0900,3518000,ABNB,185.5000,181.0134,178.5786,177.9646,,170.5929,,162.3271
2021-12-10,180.4200,181.1000,175.8540,178.1500,3980400,ABNB,184.9405,180.9569,178.8320,178.0609,,170.7875,,162.5071
2021-12-13,171.0400,180.0000,168.8900,178.2500,7263700,ABNB,183.1655,180.0124,178.7926,177.7855,,170.7925,,162.5920
2021-12-14,167.9600,169.9100,164.5000,168.2980,5660400,ABNB,181.2030,178.8646,178.8618,177.4002,,170.7364,,162.6454
2021-12-15,168.1400,168.9600,160.1800,167.6400,6678500,ABNB,179.2580,177.8432,178.9298,177.0371,,170.6850,,162.7001
2021-12-16,156.3800,167.7300,153.6000,166.2500,9415100,ABNB,177.1215,175.7991,178.7124,176.2270,,170.4017,,162.6372
2021-12-17,157.9100,158.3100,149.4400,154.6200,24062400,ABNB,174.8005,174.0954,178.4786,175.5087,,170.1544,,162.5902
2021-12-20,157.2300,158.4800,151.0000,151.1600,4639300,ABNB,172.8410,172.4891,178.2238,174.7919,,169.8985,,162.5368
2021-12-21,165.6600,167.2750,158.3700,159.5000,6293500,ABNB,172.0375,171.8387,178.2036,174.4338,,169.8145,,162.5679
2021-12-22,169.2900,170.6800,162.8000,165.6800,4802500,ABNB,171.5885,171.5960,178.1344,174.2321,,169.8041,,162.6348
2021-12-23,171.3100,171.9900,166.8900,170.5000,4017400,ABNB,171.1595,171.5688,178.0890,174.1175,169.2294,169.8340,,162.7211
2021-12-27,171.6800,172.4300,168.7800,169.8060,2725200,ABNB,171.0505,171.5794,178.1126,174.0219,169.4722,169.8705,,162.8103
2021-12-28,169.7100,172.7300,167.7300,171.3200,2292600,ABNB,170.5320,171.4013,178.1232,173.8528,169.6661,169.8673,,162.8789
2021-12-29,167.4400,170.4800,165.0200,169.5200,1995400,ABNB,170.2770,171.0241,178.0256,173.6013,169.8406,169.8193,,162.9243
2021-12-30,168.7800,170.8500,165.7100,167.0600,2181100,ABNB,170.5620,170.8103,177.9864,173.4122,170.0340,169.7987,,162.9826
2021-12-31,166.4900,170.8700,166.0800,168.7800,2596000,ABNB,170.4065,170.3989,177.9210,173.1408,170.2194,169.7332,,163.0175
2022-01-03,172.6800,172.8400,165.2200,165.2970,4224900,ABNB,170.7030,170.6161,177.9646,173.1227,170.4646,169.7915,,163.1136
2022-01-04,170.8000,175.9000,167.2000,174.1540,4080000,ABNB,170.2005,170.6336,178.0478,173.0316,170.6611,169.8115,,163.1901
2022-01-05,162.2500,175.1070,162.2400,169.8830,4804600,ABNB,169.1560,169.8352,177.9080,172.6088,170.7560,169.6618,,163.1807
2022-01-06,159.7500,163.7300,156.3400,160.2900,5049600,ABNB,167.8190,168.8747,177.6802,172.1045,170.8678,169.4655,,163.1466
2022-01-07,166.0500,166.8800,158.4550,159.1800,5624600,ABNB,167.0485,168.6057,177.6192,171.8671,171.0893,169.3979,,163.1755
2022-01-10,160.7100,161.7000,152.1000,159.7600,6973600,ABNB,166.0630,167.8537,177.3994,171.4296,171.2290,169.2258,,163.1510
2022-01-11,168.6100,169.3900,159.0780,160.7100,5331600,ABNB,165.9415,167.9257,177.3584,171.3190,171.4886,169.2136,,163.2053
2022-01-12,169.5400,171.0400,165.1100,170.2400,3534300,ABNB,166.0205,168.0795,177.2572,171.2492,171.7470,169.2201,,163.2683
2022-01-13,166.0000,171.9900,165.7650,170.2330,4893800,ABNB,165.9135,167.8814,177.1198,171.0434,171.9391,169.1563,,163.2955
2022-01-14,163.9900,167.6300,160.2400,165.7500,4144000,ABNB,166.2940,167.5108,176.9422,170.7668,171.9648,169.0540,,163.3024
2022-01-18,154.6900,160.7900,153.8700,156.9100,5775400,ABNB,166.1330,166.2898,176.4670,170.1363,171.9082,168.7696,,163.2167
2022-01-19,154.5800,160.2300,154.4400,157.0000,5127400,ABNB,166.0005,165.1746,175.5262,169.5263,171.9267,168.4886,,163.1308
2022-01-20,158.0000,165.2000,157.3500,157.8080,4941900,ABNB,165.6175,164.4913,174.6798,169.0743,171.9649,168.2809,,163.0797
2022-01-21,156.7300,160.2000,152.4100,156.8150,7242300,ABNB,164.9895,163.7521,173.9208,168.5902,171.9720,168.0522,,163.0165
2022-01-24,147.9000,151.1600,135.7600,150.0000,14606600,ABNB,163.8190,162.2424,173.0344,167.7788,171.9011,167.6531,,162.8661
2022-01-25,144.5600,147.3800,140.1300,143.9000,5704900,ABNB,162.4630,160.5583,172.0934,166.8682,171.7808,167.1958,,162.6840
2022-01-26,142.1400,152.4000,140.0410,149.2850,6990300,ABNB,161.0845,158.8042,170.8054,165.8985,171.6302,166.6997,,162.4795
2022-01-27,138.4100,145.5480,137.9200,143.4800,4493800,ABNB,159.6330,156.8619,169.4294,164.8205,171.4343,166.1395,,162.2401
2022-01-28,142.7700,143.1100,134.3740,138.5450,5604400,ABNB,158.3325,155.5198,168.1440,163.9558,171.2120,165.6767,,162.0463
2022-01-31,153.9700,153.9700,143.8100,144.8030,5463000,ABNB,157.7065,155.3722,167.2412,163.5642,171.1124,165.4449,,161.9660
2022-02-01,156.9400,157.3900,152.5000,155.3500,3799300,ABNB,156.9195,155.5215,166.2934,163.3044,171.0218,165.2765,,161.9159
2022-02-02,151.7600,156.5100,150.7120,156.3130,3678300,ABNB,155.9675,155.1633,165.4002,162.8517,170.8874,165.0088,,161.8149
2022-02-03,149.5700,152.1800,146.6800,147.9700,4577100,ABNB,155.3335,154.6306,164.7570,162.3309,170.7799,164.7031,,161.6931
2022-02-04,155.5600,157.2400,150.0000,150.1400,4687700,ABNB,155.1240,154.7191,164.3028,162.0653,170.7025,164.5221,,161.6320
2022-02-07,157.9100,160.8800,155.9500,156.7900,4690700,ABNB,154.7170,155.0230,163.8632,161.9024,170.6179,164.3911,,161.5950
2022-02-08,162.2600,163.0790,153.4400,154.0000,4309100,ABNB,154.7945,155.7122,163.6312,161.9164,170.5590,164.3489,,161.6016
2022-02-09,169.5300,170.0700,165.0800,165.3700,4868300,ABNB,154.8405,157.0282,163.4202,162.2150,170.5884,164.4515,,161.6805
2022-02-10,171.9500,177.0600,165.2450,165.2450,8261400,ABNB,154.9610,158.4493,163.4084,162.5967,170.6915,164.6000,,161.7827
2022-02-11,166.5300,176.7400,164.8300,175.3090,6464400,ABNB,154.9875,159.2189,163.4774,162.7510,170.6639,164.6382,,161.8299
2022-02-14,169.6600,171.8000,165.0300,166.6300,4847600,ABNB,155.2710,160.2133,163.4786,163.0219,170.6609,164.7377,,161.9078
2022-02-15,180.0700,180.6320,172.7500,172.9200,11733900,ABNB,156.5400,162.1044,163.7450,163.6905,170.7103,165.0413,,162.0886
2022-02-16,186.6400,191.7300,178.0000,178.2950,22252900,ABNB,158.1430,164.4412,163.8608,164.5905,170.8179,165.4690,,162.3328
2022-02-17,183.6000,188.9800,181.5400,184.9000,7779200,ABNB,159.4230,166.2658,163.8700,165.3359,170.9113,165.8280,,162.5445
2022-02-18,174.9000,182.6600,173.6200,180.2600,8848800,ABNB,160.3315,167.0881,163.6382,165.7110,170.9745,166.0077,,162.6674
2022-02-22,165.2400,176.3800,161.3200,172.1300,8392600,ABNB,161.1985,166.9121,163.3138,165.6925,170.9462,165.9925,,162.6930
2022-02-23,150.0400,166.6550,149.8500,165.9300,9778500,ABNB,161.4725,165.3052,162.7062,165.0787,170.7691,165.6766,,162.5671
2022-02-24,158.2600,158.9600,141.1800,141.3000,10354600,ABNB,162.2785,164.6343,162.4506,164.8113,170.6216,165.5297,,162.5242
2022-02-25,155.0900,159.4500,152.9100,159.2600,6173200,ABNB,163.1125,163.7253,162.1932,164.4301,170.5275,165.3230,,162.4503
2022-02-28,151.4900,155.0960,148.3000,155.0250,11078500,ABNB,163.5485,162.5600,161.8602,163.9226,170.3950,165.0491,,162.3412
2022-03-01,151.0100,154.2200,149.9500,150.5300,5165800,ABNB,163.4005,161.4600,161.7528,163.4162,170.2326,164.7711,,162.2285
2022-03-02,157.5300,158.0800,151.8900,152.4800,5028300,ABNB,163.4300,161.0857,161.7452,163.1854,170.1119,164.6277,,162.1817
2022-03-03,151.6900,159.2200,150.9900,158.3300,4045800,ABNB,163.4265,160.1909,161.6344,162.7346,169.9291,164.3715,,162.0773
2022-03-04,142.7000,151.8900,140.4600,150.7700,8390800,ABNB,163.0830,158.5251,161.1752,161.9489,169.6894,163.9423,,161.8845
2022-03-07,131.5900,145.2700,131.5200,145.0000,9177300,ABNB,161.8845,155.9598,160.4212,160.7584,169.2778,163.3017,,161.5831
2022-03-08,142.1300,144.4700,131.5000,131.6300,9587000,ABNB,161.0955,154.6427,159.8376,160.0279,168.9633,162.8825,,161.3895
2022-03-09,148.3100,150.9900,145.3300,145.4300,7023900,ABNB,160.3980,154.0396,159.3702,159.5683,168.7414,162.5939,,161.2594
2022-03-10,151.8000,152.8900,144.4090,145.2200,5302500,ABNB,159.5115,153.8263,159.0120,159.2637,168.5676,162.3802,,161.1652
2022-03-11,145.1400,155.0000,145.0000,154.1300,4577300,ABNB,158.1710,152.9990,158.5660,158.7098,168.2958,162.0388,,161.0058
2022-03-14,138.5000,144.6700,136.0400,143.4100,6330200,ABNB,156.7695,151.6182,157.9604,157.9173,167.9734,161.5726,,160.7818
2022-03-15,143.9500,144.7300,138.3200,140.0000,5488700,ABNB,155.4840,150.8879,157.5096,157.3696,167.7153,161.2237,,160.6144
2022-03-16,155.7500,156.9800,146.3100,148.1450,7105400,ABNB,154.2680,151.3509,157.1710,157.3060,167.5678,161.1153,,160.5660
2022-03-17,157.5500,157.6000,151.0500,153.7900,5031700,ABNB,152.8135,151.9413,156.9060,157.3156,167.4769,161.0447,,160.5360
2022-03-18,167.0000,167.1800,155.7000,156.0700,8467500,ABNB,151.9835,153.3755,157.0010,157.6954,167.4545,161.1626,,160.6003
2022-03-21,161.8000,165.9500,159.0000,164.5700,4584400,ABNB,151.3285,154.1778,157.0420,157.8564,167.3611,161.1752,,160.6122
2022-03-22,166.4400,168.1750,162.0000,163.6100,4099900,ABNB,151.3885,155.3456,157.0498,158.1930,167.3345,161.2795,,160.6702
2022-03-23,164.1600,166.8900,162.8800,163.6400,2814300,ABNB,152.0945,156.1851,157.1188,158.4270,167.2591,161.3365,,160.7049
2022-03-24,170.8300,171.0000,162.6680,164.8100,4223500,ABNB,152.7230,157.5799,157.1632,158.9134,167.2608,161.5245,,160.8057
2022-03-25,167.2200,170.6100,164.1340,169.9400,2952300,ABNB,153.3295,158.4980,157.1168,159.2391,167.1870,161.6373,,160.8695
2022-03-28,167.6500,168.7190,162.4300,167.2200,3829800,ABNB,154.1375,159.3696,157.1498,159.5689,167.1348,161.7564,,160.9370
2022-03-29,175.5200,178.8800,171.8100,172.1100,5452800,ABNB,155.3630,160.9077,157.3804,160.1945,167.1613,162.0289,,161.0821
2022-03-30,173.6300,176.8200,172.0200,173.1310,3707400,ABNB,156.1680,162.1194,157.7592,160.7214,167.1131,162.2586,,161.2069
2022-03-31,171.7600,176.1500,171.1640,173.5400,3232200,ABNB,157.1715,163.0375,158.1028,161.1543,166.8145,162.4468,,161.3119
2022-04-01,173.0700,177.9400,172.2300,173.0600,3644900,ABNB,158.6900,163.9930,158.4042,161.6215,166.5420,162.6571,,161.4289
2022-04-04,177.0200,177.0200,172.5850,175.0200,3495700,ABNB,160.9615,165.2337,158.8100,162.2254,166.3654,162.9416,,161.5841
2022-04-05,171.2100,179.0900,170.1200,177.1900,4065000,ABNB,162.4155,165.8028,159.2762,162.5777,166.1553,163.1053,,161.6798
2022-04-06,164.6600,168.7700,161.5800,167.0500,4287700,ABNB,163.2330,165.6940,159.6782,162.6594,165.8858,163.1361,,161.7095
2022-04-07,165.9100,167.8600,161.7100,163.1900,4146600,ABNB,163.9385,165.7146,160.1536,162.7869,165.4795,163.1910,,161.7513
2022-04-08,162.5600,164.9000,159.3500,162.5200,3448400,ABNB,164.8095,165.4141,160.6366,162.7780,165.0330,163.1785,,161.7593
2022-04-11,160.2500,163.5700,157.4100,159.8400,3877200,ABNB,165.8970,164.9223,160.9862,162.6788,164.5651,163.1205,,161.7443
2022-04-12,160.1100,166.1100,157.2800,163.7000,4113000,ABNB,166.7050,164.4640,161.1090,162.5781,164.1751,163.0609,,161.7281
2022-04-13,171.8500,172.9600,160.6500,160.8400,7211900,ABNB,167.5100,165.1674,161.4072,162.9417,163.8503,163.2350,,161.8288
2022-04-14,170.7000,174.6400,170.2950,171.6600,5125100,ABNB,168.1675,165.6943,161.7860,163.2459,163.5931,163.3828,,161.9170
2022-04-18,165.7400,170.1200,164.3500,169.2700,3339900,ABNB,168.1045,165.6987,162.1094,163.3438,163.4332,163.4295,,161.9551
2022-04-19,170.1200,170.8200,165.7100,165.7400,2857100,ABNB,168.5205,166.1198,162.4006,163.6095,163.3517,163.5619,,162.0363
2022-04-20,164.5500,172.6100,164.3100,172.6100,3997900,ABNB,168.4260,165.9703,162.5334,163.6464,163.1983,163.5815,,162.0613
2022-04-21,157.9100,170.9300,156.6800,168.9800,4714600,ABNB,168.1135,165.2026,162.4464,163.4214,163.0388,163.4692,,162.0200
2022-04-22,156.0900,161.6700,154.7800,157.8400,3863400,ABNB,167.3765,164.3348,162.1776,163.1339,162.7989,163.3231,,161.9610
2022-04-25,158.3900,159.7900,152.1000,154.3300,3868100,ABNB,166.9350,163.7686,161.9064,162.9479,162.6574,163.2254,,161.9255
2022-04-26,153.0400,159.2000,152.8000,158.4000,4075000,ABNB,166.2045,162.7468,161.6366,162.5593,162.5570,163.0237,,161.8371
2022-04-27,152.2300,157.3000,150.4400,153.8200,4826000,ABNB,165.0400,161.7452,161.2880,162.1543,162.3833,162.8100,,161.7415
2022-04-28,159.7400,161.2550,153.6600,154.0100,4854500,ABNB,164.3455,161.5542,160.8814,162.0596,162.3132,162.7492,,161.7216
2022-04-29,153.2100,163.2400,153.0000,158.8800,4033100,ABNB,163.4180,160.7596,160.2128,161.7125,162.0368,162.5603,,161.6369
2022-05-02,152.7800,155.1300,147.2110,153.2100,5945300,ABNB,162.4035,159.9996,159.5964,161.3622,161.7332,162.3666,,161.5487
2022-05-03,145.0000,154.4900,141.5800,154.0900,16774700,ABNB,160.8025,158.5711,158.9984,160.7206,161.3183,162.0227,,161.3841
2022-05-04,156.1800,158.7400,145.8720,152.5500,20598100,ABNB,160.0510,158.3433,158.8172,160.5425,161.0655,161.9070,,161.3323
2022-05-05,143.0900,153.8800,140.8580,152.1900,11367200,ABNB,158.9725,156.8906,158.6782,159.8581,160.6922,161.5344,,161.1508
2022-05-06,135.8400,143.1100,133.0400,142.7000,9573100,ABNB,157.4690,154.8858,158.2298,158.9162,160.3402,161.0256,,160.8989
2022-05-09,119.3700,131.8850,118.8300,131.7600,14430900,ABNB,155.3095,151.5034,157.5154,157.3654,159.8543,160.2007,,160.4857
2022-05-10,116.1300,123.4600,113.5300,122.9500,13638500,ABNB,153.1035,148.1345,156.8082,155.7483,159.3342,159.3281,,160.0444
2022-05-11,116.1500,123.7700,112.3670,114.5300,13661400,ABNB,150.9055,145.0883,156.1110,154.1954,158.9319,158.4730,,159.6076
2022-05-12,115.9400,120.4900,111.2200,113.6600,9264300,ABNB,148.1100,142.3123,155.2792,152.6952,158.5122,157.6308,,159.1731
2022-05-13,121.4500,123.2900,118.8200,119.9600,8595400,ABNB,145.6475,140.3254,154.6744,151.4699,158.1544,156.9143,,158.7977
2022-05-16,114.4400,121.0700,113.2500,121.0000,7588400,ABNB,143.0825,137.8601,154.1092,150.0178,157.6422,156.0733,,158.3564
2022-05-17,117.5000,120.1800,114.5100,119.9700,6962900,ABNB,140.4515,135.9211,153.8274,148.7426,157.1243,155.3094,,157.9498
2022-05-18,108.0300,117.0400,107.6200,116.1100,9718700,ABNB,137.6255,133.2648,153.1454,147.1460,156.4915,154.3732,162.8605,157.4531
2022-05-19,114.1700,116.3500,107.4500,108.1800,8926600,ABNB,135.4385,131.4462,152.4626,145.8528,155.9164,153.5771,162.6943,157.0225
2022-05-20,112.5500,116.2500,108.5000,115.4600,6961900,ABNB,133.2615,129.6466,151.6776,144.5468,155.3448,152.7647,162.5055,156.5799
2022-05-23,113.2800,115.1500,110.9300,113.5450,6000800,ABNB,131.0060,128.0879,151.0404,143.3207,154.8032,151.9828,162.3219,156.1491
2022-05-24,106.2400,111.4200,103.7410,111.2800,6415800,ABNB,128.6660,126.0071,150.3952,141.8665,154.1778,151.0770,162.1059,155.6525
2022-05-25,110.4000,111.9400,104.9700,105.8900,6203300,ABNB,126.5745,124.5207,149.7242,140.6325,153.6169,150.2715,161.9182,155.2022
2022-05-26,114.3000,115.5500,108.1100,109.7400,6883200,ABNB,124.3025,123.5473,148.8952,139.5999,153.0331,149.5592,161.7489,154.7952
2022-05-27,120.5000,120.7000,115.7700,116.0000,7391500,ABNB,122.6670,123.2571,148.1542,138.8509,152.5301,148.9838,161.5956,154.4540
2022-05-31,120.8700,122.2990,117.1600,120.5000,9117600,ABNB,121.0715,123.0298,147.2316,138.1458,152.1163,148.4271,161.4362,154.1198
2022-06-01,116.7200,121.0740,114.3950,121.0500,6879600,ABNB,119.6575,122.4288,146.3300,137.3055,151.6860,147.7992,161.2769,153.7477
2022-06-02,121.2600,123.0000,116.2700,117.1300,5166200,ABNB,117.9115,122.3175,145.4264,136.6763,151.2381,147.2737,161.1637,153.4244
2022-06-03,119.8300,121.5000,117.5600,118.0710,4584600,ABNB,116.7485,122.0806,144.5398,136.0157,150.8293,146.7303,161.0292,153.0901
2022-06-06,122.0200,124.1800,119.9200,123.3300,4160200,ABNB,116.0575,122.0748,143.5636,135.4668,150.3634,146.2409,160.9260,152.7810
2022-06-07,122.9000,123.9120,119.1200,119.7600,3331200,ABNB,116.2340,122.1534,142.6772,134.9740,149.8970,145.7788,160.8220,152.4837
2022-06-08,123.7700,125.5100,121.2300,121.4300,3775600,ABNB,116.6160,122.3074,141.7996,134.5346,149.4747,145.3429,160.7069,152.1980
2022-06-09,115.7200,122.9800,115.4200,122.3100,5315900,ABNB,116.5945,121.6800,140.6036,133.7968,148.9920,144.7563,160.4784,151.8350
2022-06-10,108.9100,115.1300,108.3200,111.8000,6936900,ABNB,116.2430,120.4638,139.3092,132.8208,148.5342,144.0465,160.2212,151.4079
2022-06-13,98.9300,105.3300,98.3600,102.8500,9587300,ABNB,115.1170,118.4130,137.8526,131.4918,147.9777,143.1531,159.9522,150.8857
2022-06-14,98.8700,101.3500,97.2010,99.5400,5915300,ABNB,114.3385,116.5517,136.3686,130.2125,147.3864,142.2762,159.6757,150.3681
2022-06-15,101.4700,103.6500,98.9200,100.0200,6260400,ABNB,113.5370,115.1154,134.8576,129.0853,146.8338,141.4682,159.4029,149.8816
2022-06-16,93.2600,97.5000,92.0900,96.1900,9435700,ABNB,112.7985,113.0339,133.2986,127.6804,146.2874,140.5136,159.0943,149.3182
2022-06-17,99.4900,100.6100,93.5300,93.5300,11293100,ABNB,112.0645,111.7440,131.9952,126.5749,145.8367,139.7012,158.8088,148.8224
2022-06-21,102.2700,104.8890,101.6200,102.6900,6532700,ABNB,111.5505,110.8417,130.7224,125.6218,145.4380,138.9600,158.5341,148.3592
2022-06-22,99.5300,102.5000,98.7200,99.0000,8986000,ABNB,110.8630,109.7644,129.4618,124.5986,145.0492,138.1792,158.2418,147.8733
2022-06-23,95.7200,100.8000,93.0200,100.0000,12340800,ABNB,110.3370,108.4269,128.1712,123.4661,144.5787,137.3384,157.8954,147.3544
2022-06-24,103.5100,104.1800,96.3300,97.5200,28797400,ABNB,109.9925,107.9586,127.0392,122.6835,144.0741,136.6686,157.5933,146.9181
2022-06-27,101.5000,104.1700,99.3300,103.9600,7352100,ABNB,109.3525,107.3435,125.6322,121.8528,143.5197,135.9722,157.2708,146.4662
2022-06-28,97.5300,105.4500,97.0900,103.3400,7744100,ABNB,108.2040,106.4089,124.1688,120.8989,142.9774,135.2109,156.9324,145.9793
2022-06-29,93.9300,97.0000,92.0500,96.8300,6522600,ABNB,106.8570,105.2204,122.7326,119.8413,142.4210,134.3935,156.6005,145.4614
2022-06-30,89.0800,92.9100,86.7100,92.4900,9007800,ABNB,105.4750,103.6832,121.1118,118.6350,141.7562,133.4962,156.2294,144.9004
2022-07-01,91.4100,91.4600,87.4300,89.0900,5995400,ABNB,103.9825,102.5143,119.6490,117.5674,141.0912,132.6628,155.8546,144.3681
2022-07-05,95.9400,96.0100,86.7500,88.8800,7648500,ABNB,102.7880,101.8882,118.4096,116.7192,140.4280,131.9356,155.4935,143.8862
2022-07-06,92.8800,96.1700,91.8000,95.2900,5703000,ABNB,101.3310,101.0303,117.1454,115.7844,139.6615,131.1622,155.1250,143.3787
2022-07-07,97.5000,97.5500,92.1600,93.6600,7480500,ABNB,100.0610,100.6941,115.9276,115.0673,138.9170,130.4957,154.8043,142.9222
2022-07-08,97.3500,98.1200,93.2420,96.2300,5669500,ABNB,98.7400,100.3756,114.8138,114.3725,138.2252,129.8393,154.4446,142.4688
2022-07-11,95.1000,97.0900,93.2700,96.0000,6041400,ABNB,97.7090,99.8732,113.6712,113.6167,137.4796,129.1514,154.0703,141.9974
2022-07-12,96.5500,97.6860,93.3200,95.3000,4170200,ABNB,97.0910,99.5567,112.4074,112.9475,136.6444,128.5058,153.6774,141.5452
2022-07-13,95.6400,96.5890,91.6100,93.7500,6967800,ABNB,96.9265,99.1836,111.2560,112.2687,135.7344,127.8550,153.2762,141.0884
2022-07-14,91.0500,94.5800,90.1700,94.2800,8334600,ABNB,96.5355,98.4090,110.0214,111.4366,134.8089,127.1262,152.8601,140.5905
2022-07-15,94.6600,95.6500,90.6600,92.5500,7497200,ABNB,96.1950,98.0520,109.0146,110.7787,134.0065,126.4833,152.4905,140.1335
2022-07-18,97.6700,101.8800,95.9800,96.7800,7171500,ABNB,96.4155,98.0156,107.8444,110.2646,133.3308,125.9127,152.1385,139.7110
2022-07-19,102.2000,102.7100,98.7600,99.7000,5603800,ABNB,96.5510,98.4141,107.0266,109.9484,132.8524,125.4432,151.8108,139.3378
2022-07-20,107.7300,108.9200,102.7500,103.1100,6834100,ABNB,96.8240,99.3013,106.4644,109.8614,132.3471,125.0924,151.4844,139.0233
2022-07-21,108.1400,108.5000,104.4100,106.9800,4284900,ABNB,97.2545,100.1431,106.2398,109.7939,131.8776,124.7567,151.2026,138.7160
2022-07-22,103.9700,110.1000,102.9300,108.3100,4243900,ABNB,97.6670,100.5076,105.9966,109.5655,131.4024,124.3451,150.8987,138.3702
2022-07-25,104.9500,105.2600,101.4790,103.7800,3142900,ABNB,97.7390,100.9307,105.7726,109.3845,130.9418,123.9611,150.5872,138.0377
2022-07-26,101.9100,103.6300,101.1000,102.3800,4191000,ABNB,97.7595,101.0239,105.4920,109.0914,130.3856,123.5244,150.2488,137.6782
2022-07-27,107.3600,107.9850,104.0600,105.7900,5362700,ABNB,98.2510,101.6274,105.2102,109.0235,129.9423,123.2043,149.9357,137.3765
2022-07-28,108.8400,110.0600,104.6800,108.1700,4471900,ABNB,98.9965,102.3143,105.0982,109.0163,129.6037,122.9199,149.6466,137.0926
2022-07-29,110.9800,111.1600,107.1100,108.1950,4637800,ABNB,100.0915,103.1396,104.9678,109.0933,129.3976,122.6834,149.3377,136.8328
2022-08-01,111.2000,113.9600,107.4800,110.0000,6019500,ABNB,101.0810,103.9072,105.0312,109.1759,129.0883,122.4560,149.0258,136.5777
2022-08-02,116.3400,117.7800,111.1000,111.6700,15208200,ABNB,102.1010,105.0913,105.0746,109.4569,128.7686,122.3349,148.7550,136.3763
2022-08-03,115.0200,115.5700,107.6500,108.2250,23354900,ABNB,103.2080,106.0369,105.1240,109.6750,128.4008,122.1901,148.4842,136.1638
2022-08-04,119.2200,119.2400,114.2550,114.3100,9180300,ABNB,104.2940,107.2924,105.2428,110.0493,128.1416,122.1313,148.2187,135.9952
2022-08-05,117.1100,118.8700,114.8200,115.5200,6495000,ABNB,105.2820,108.2274,105.4602,110.3262,127.9277,122.0318,147.9506,135.8073
2022-08-08,115.8200,119.6400,115.4300,118.1550,5382900,ABNB,106.3180,108.9505,105.5686,110.5417,127.6464,121.9088,147.6809,135.6085
2022-08-09,114.4400,115.6700,112.8000,115.0000,4201200,ABNB,107.2125,109.4734,105.5714,110.6945,127.2333,121.7609,147.4006,135.3978
2022-08-10,118.7300,120.3400,116.3000,119.3300,5529000,ABNB,108.3670,110.3549,105.5360,111.0097,126.8451,121.7009,147.1610,135.2320
2022-08-11,121.5000,127.0900,120.9600,121.3000,8110100,ABNB,109.8895,111.4164,105.5486,111.4210,126.3901,121.6969,146.9223,135.0953
2022-08-12,124.5100,125.0000,121.1200,122.8000,5012500,ABNB,111.3820,112.6634,105.7044,111.9343,126.0172,121.7526,146.6892,134.9900
2022-08-15,126.0400,126.4350,123.2000,123.5500,4884700,ABNB,112.8005,113.9373,105.8000,112.4875,125.6132,121.8375,146.4739,134.9010
2022-08-16,124.1800,125.4200,122.6200,124.2300,4370700,ABNB,113.8995,114.9128,105.8870,112.9460,125.2134,121.8839,146.2363,134.7943
2022-08-17,121.8700,123.2700,120.6400,121.6300,4336200,ABNB,114.6065,115.5754,105.8840,113.2960,124.7238,121.8837,145.9923,134.6657
2022-08-18,121.2700,122.2000,120.2800,121.5000,3373900,ABNB,115.2630,116.1178,105.8514,113.6087,124.2643,121.8715,145.7257,134.5324
2022-08-19,114.7600,119.2200,114.1000,118.1850,5288800,ABNB,115.8025,115.9885,105.6712,113.6538,123.7354,121.7307,145.4351,134.3356
2022-08-22,111.3900,114.2280,109.9700,110.3600,6057400,ABNB,116.1245,115.5505,105.5846,113.5651,123.0941,121.5259,145.1277,134.1073
2022-08-23,111.6000,114.0200,111.4100,112.4100,5447200,ABNB,116.6090,115.1743,105.6384,113.4880,122.4738,121.3294,144.7935,133.8834
2022-08-24,114.5100,115.5700,110.8400,110.9300,3634000,ABNB,116.9665,115.1110,105.9500,113.5281,121.9013,121.1943,144.3579,133.6906
2022-08-25,117.0300,117.9500,115.4200,115.8900,4021600,ABNB,117.3760,115.2938,106.3132,113.6654,121.3409,121.1119,143.9415,133.5248
2022-08-26,112.8200,118.2700,112.7800,117.0600,3778700,ABNB,117.4680,115.0582,106.5402,113.6323,120.6989,120.9477,143.5322,133.3188
2022-08-29,113.5400,115.8000,111.5300,111.7700,4620600,ABNB,117.5850,114.9136,106.9458,113.6286,120.1222,120.8010,143.1388,133.1220
2022-08-30,112.5600,116.0200,110.4400,114.5000,4507200,ABNB,117.3960,114.6894,107.2072,113.5867,119.6012,120.6378,142.7435,132.9174
2022-08-31,113.1200,115.5800,112.4000,113.4900,6191600,ABNB,117.3010,114.5400,107.4242,113.5684,119.0733,120.4889,142.2764,132.7204
2022-09-01,113.4000,114.0800,108.1700,111.1000,5661500,ABNB,117.0100,114.4314,107.7016,113.5618,118.5817,120.3486,141.8074,132.5282
2022-09-02,113.6400,116.4600,112.3300,114.3200,4121700,ABNB,116.8365,114.3560,108.0600,113.5649,118.1156,120.2157,141.3404,132.3402
2022-09-06,113.7000,114.5200,110.5000,114.0900,4067100,ABNB,116.7305,114.2935,108.2638,113.5702,117.6515,120.0867,140.9133,132.1548
2022-09-07,116.0700,116.4400,112.7100,112.8500,4619300,ABNB,116.8120,114.4627,108.5552,113.6682,117.0937,120.0071,140.4720,131.9947
2022-09-08,118.5800,119.3470,114.0000,114.0000,4064000,ABNB,116.8045,114.8549,108.9762,113.8608,116.5725,119.9789,140.0828,131.8612
2022-09-09,123.4800,123.7100,119.9000,120.0180,5413300,ABNB,116.9035,115.6763,109.5672,114.2381,116.1499,120.0482,139.7916,131.7778
2022-09-12,124.7900,127.2400,123.7850,124.2500,6993300,ABNB,116.9175,116.5443,110.2814,114.6519,115.6966,120.1421,139.5242,131.7083
2022-09-13,121.5400,123.8600,119.0500,119.7000,7126500,ABNB,116.6925,117.0201,110.8840,114.9220,115.2665,120.1698,139.2324,131.6071
2022-09-14,126.8000,127.0000,119.5100,121.6300,5690100,ABNB,116.8235,117.9515,111.5012,115.3878,114.9554,120.3011,138.9971,131.5593
2022-09-15,125.0400,129.3800,124.2800,125.2900,6606100,ABNB,116.9820,118.6266,112.1444,115.7663,114.6449,120.3949,138.7219,131.4944
2022-09-16,118.7500,122.2600,117.5900,121.1100,13704400,ABNB,116.8560,118.6383,112.5694,115.8833,114.2485,120.3624,138.4530,131.3676
2022-09-19,118.7800,119.7800,116.4700,116.8700,4715400,ABNB,117.0570,118.6518,112.9980,115.9969,113.9059,120.3310,138.2315,131.2424
2022-09-20,116.7100,121.6600,116.6200,117.9300,5610900,ABNB,117.3230,118.4669,113.4302,116.0249,113.5507,120.2593,137.9670,131.0978
2022-09-21,114.0100,119.3300,112.3600,116.3700,6898700,ABNB,117.4435,118.0424,113.7794,115.9459,113.0934,120.1356,137.7033,130.9277
2022-09-22,103.7200,113.7200,103.2600,112.6700,8399400,ABNB,116.9040,116.6784,113.9410,115.4664,112.5985,119.8105,137.3177,130.6570
2022-09-23,101.7500,103.1800,99.7100,102.2000,6245600,ABNB,116.1400,115.2566,114.1550,114.9285,112.0882,119.4529,136.9107,130.3694
2022-09-26,103.2300,105.3600,101.5600,101.7800,5278800,ABNB,115.6605,114.1112,114.3264,114.4698,111.6705,119.1316,136.4944,130.0993
2022-09-27,106.3700,108.1700,104.1400,106.0400,5081000,ABNB,115.3020,113.3740,114.5004,114.1521,111.1724,118.8789,136.1190,129.8632
2022-09-28,110.6900,111.1300,105.7800,106.7010,4518200,ABNB,115.2085,113.1184,114.6702,114.0163,110.8484,118.7168,135.7703,129.6725
2022-09-29,106.6600,109.4750,105.1700,109.1900,4259500,ABNB,114.8855,112.5033,114.6488,113.7279,110.5566,118.4780,135.4484,129.4435
2022-09-30,105.0400,109.0800,104.7300,104.7600,4750600,ABNB,114.4675,111.7925,114.5868,113.3872,110.4133,118.2119,135.1338,129.2007
2022-10-03,105.0000,106.3500,102.1800,105.4900,6208900,ABNB,114.0355,111.1456,114.6074,113.0583,110.3020,117.9503,134.8181,128.9599
2022-10-04,110.8100,111.6100,108.6800,109.1400,4835000,ABNB,113.8910,111.1136,114.7246,112.9701,110.2486,117.8089,134.5903,128.7793
2022-10-05,111.7600,112.3400,107.8400,110.5200,4008700,ABNB,113.6755,111.1752,114.9216,112.9226,110.2068,117.6891,134.3595,128.6099
2022-10-06,111.5800,114.4100,110.2000,112.0000,3446500,ABNB,113.3255,111.2137,115.0060,112.8700,110.1081,117.5681,134.1313,128.4405
2022-10-07,108.5400,109.5320,107.1000,108.8700,3352700,ABNB,112.5785,110.9591,115.0000,112.7002,110.0491,117.3894,133.8457,128.2424
2022-10-10,110.9900,111.6200,107.4100,108.5500,3945200,ABNB,111.8885,110.9620,115.0002,112.6331,109.9840,117.2627,133.5542,128.0708
2022-10-11,106.8200,111.0000,103.5950,110.9880,5696700,ABNB,111.1525,110.5676,114.9126,112.4051,109.9719,117.0559,133.2317,127.8593
2022-10-12,112.3500,112.9800,106.1100,107.4700,5547500,ABNB,110.4300,110.7373,114.8328,112.4030,109.9537,116.9627,132.9351,127.7050
2022-10-13,112.6500,113.1300,105.3000,107.3000,6172500,ABNB,109.8105,110.9195,114.7854,112.4127,109.9547,116.8773,132.6498,127.5552
2022-10-14,109.1600,116.4480,109.0100,115.0000,5001700,ABNB,109.3310,110.7519,114.5842,112.2851,109.9135,116.7245,132.3584,127.3722
2022-10-17,116.5000,116.7600,111.0300,112.3300,5423900,ABNB,109.2170,111.2993,114.5720,112.4504,110.0161,116.7200,132.0970,127.2640
2022-10-18,117.9400,120.7100,115.7000,120.0300,5580000,ABNB,109.2785,111.9318,114.6144,112.6657,110.0915,116.7442,131.8542,127.1712
2022-10-19,116.8700,118.8400,115.3000,116.2350,3408900,ABNB,109.4215,112.4021,114.6630,112.8306,110.1172,116.7467,131.5752,127.0687
2022-10-20,117.0000,120.5600,116.0000,116.3500,3962200,ABNB,110.0855,112.8400,114.6284,112.9941,110.0822,116.7517,131.3062,126.9685
2022-10-21,119.9500,120.3400,114.6400,116.7600,4146100,ABNB,110.9955,113.5171,114.5974,113.2668,110.0730,116.8150,131.0947,126.8987
2022-10-24,116.3900,119.0700,112.8240,118.3300,4452800,ABNB,111.6535,113.7907,114.4350,113.3893,110.0697,116.8066,130.8779,126.7941
2022-10-25,118.4500,119.3800,112.6300,115.3700,6278900,ABNB,112.2575,114.2345,114.2832,113.5878,110.0416,116.8391,130.6399,126.7111
2022-10-26,115.3100,119.9100,114.9700,117.0000,4263100,ABNB,112.4885,114.3369,114.1058,113.6553,109.9964,116.8089,130.4129,126.5977
2022-10-27,112.0600,116.3700,111.9250,116.0500,4594000,ABNB,112.7585,114.1201,113.9096,113.5928,109.8968,116.7148,130.1301,126.4530
2022-10-28,115.2100,115.2500,110.3900,111.1900,4757300,ABNB,113.2670,114.2239,113.7884,113.6562,109.8199,116.6850,129.8585,126.3411
2022-10-31,106.9100,113.8000,106.6700,113.0600,10733800,ABNB,113.3625,113.5273,113.6314,113.3916,109.6513,116.4915,129.5630,126.1478
2022-11-01,109.0500,113.1000,108.0000,110.9650,15979800,ABNB,113.2745,113.1009,113.5846,113.2214,109.5846,116.3441,129.2883,125.9777
2022-11-02,94.4100,104.9800,94.2500,102.6450,29191400,ABNB,112.4070,111.3208,113.2408,112.4837,109.4396,115.9098,128.9869,125.6636
2022-11-03,92.0200,95.3100,91.2720,94.0800,10099300,ABNB,111.4290,109.4826,112.7910,111.6812,109.3705,115.4367,128.6741,125.3288
2022-11-04,96.0900,96.1600,92.0100,94.9950,9717400,ABNB,110.8065,108.2071,112.3722,111.0697,109.3427,115.0536,128.3646,125.0379
2022-11-07,95.4600,97.2500,93.2800,96.7600,7972700,ABNB,110.0300,106.9931,112.0250,110.4576,109.2826,114.6656,128.0582,124.7436
2022-11-08,98.9000,101.9190,94.2700,95.5300,7829400,ABNB,109.6340,106.2224,111.7322,110.0044,109.3390,114.3534,127.8132,124.4864
2022-11-09,95.7900,99.0900,95.1500,97.7500,4650900,ABNB,108.8060,105.2288,111.3968,109.4469,109.3020,113.9858,127.5694,124.2009
2022-11-10,102.4000,102.5000,99.0400,100.9100,7343000,ABNB,108.2935,104.9594,111.1824,109.1706,109.3033,113.7564,127.3707,123.9839
2022-11-11,109.5700,109.7700,102.1600,103.4500,6864400,ABNB,108.3140,105.3985,111.1058,109.1862,109.4037,113.6735,127.2265,123.8405
2022-11-14,105.1600,108.6900,105.0400,107.7400,4951400,ABNB,107.7470,105.3758,110.9362,109.0284,109.4981,113.5049,127.0384,123.6546
2022-11-15,107.0100,111.2350,106.6000,109.2700,5357400,ABNB,107.2005,105.5314,110.8024,108.9492,109.5331,113.3763,126.8036,123.4890
2022-11-16,104.4300,107.7000,104.3800,107.7000,3681800,ABNB,106.5785,105.4265,110.5696,108.7720,109.5624,113.1992,126.5411,123.2994
2022-11-17,99.3000,101.9800,98.8500,101.8300,5181200,ABNB,105.6935,104.8430,110.1840,108.4005,109.5801,112.9239,126.2788,123.0606
2022-11-18,97.7700,100.8400,96.6000,100.8400,5913100,ABNB,104.5845,104.1694,109.6698,107.9836,109.6185,112.6238,126.0198,122.8089
2022-11-21,95.7100,97.8500,93.9200,97.0100,5145700,ABNB,103.5505,103.3638,109.0882,107.5023,109.6848,112.2889,125.7205,122.5393
2022-11-22,95.2800,95.3700,92.9800,93.5300,5951600,ABNB,102.3920,102.5939,108.5630,107.0230,109.7235,111.9521,125.4074,122.2681
2022-11-23,96.6300,97.0500,94.3400,95.5600,4337600,ABNB,101.4580,102.0259,107.9596,106.6155,109.7304,111.6487,125.0792,122.0130
2022-11-25,97.6700,98.8300,96.7600,96.9700,2245100,ABNB,100.7385,101.6110,107.4122,106.2646,109.7783,111.3719,124.7199,121.7707
2022-11-28,95.3000,98.3200,94.8100,97.0000,5133900,ABNB,99.7430,101.0100,106.9432,105.8347,109.7563,111.0536,124.3367,121.5073
2022-11-29,95.3800,97.2600,95.3000,96.1000,3694000,ABNB,99.1665,100.4738,106.4752,105.4247,109.7366,110.7433,123.9809,121.2474
2022-11-30,102.1400,102.2500,95.7200,95.8600,8387500,ABNB,98.8210,100.6325,106.1838,105.2959,109.8070,110.5729,123.6433,121.0572
2022-12-01,101.2700,102.7600,99.5500,101.4900,5040300,ABNB,99.1640,100.6932,105.9290,105.1380,109.8542,110.3887,123.2493,120.8604
2022-12-02,101.0000,101.7400,98.9700,99.2500,4128600,ABNB,99.6130,100.7224,105.8746,104.9757,109.9078,110.2028,122.8211,120.6627
2022-12-05,98.5100,101.1700,98.0400,100.0000,3601500,ABNB,99.7340,100.5117,105.8098,104.7222,109.9824,109.9712,122.3957,120.4423
2022-12-06,93.1200,98.5000,91.9000,98.2500,8380900,ABNB,99.6170,99.8077,105.6076,104.2672,109.9670,109.6376,121.9868,120.1705
2022-12-07,91.5000,91.6700,86.8800,88.8050,12640500,ABNB,99.2470,99.0165,105.3102,103.7665,109.9053,109.2784,121.6181,119.8852
2022-12-08,94.8300,95.6100,91.7500,92.9700,6115700,ABNB,99.1990,98.6178,104.9930,103.4160,109.8316,108.9923,121.3420,119.6359
2022-12-09,94.7000,96.6680,93.2400,93.8400,4405800,ABNB,98.8140,98.2447,104.7538,103.0742,109.7013,108.7093,121.0242,119.3878
2022-12-12,95.5800,95.9600,93.4900,93.7600,4664100,ABNB,98.1145,97.9909,104.5646,102.7803,109.5757,108.4493,120.7267,119.1509
2022-12-13,93.3400,100.6500,93.1200,100.3700,7378900,ABNB,97.5235,97.5480,104.3314,102.4101,109.4694,108.1501,120.4359,118.8940
2022-12-14,93.9300,95.2600,91.2100,93.5400,6737800,ABNB,96.8695,97.2034,103.9938,102.0776,109.3592,107.8685,120.1505,118.6456
2022-12-15,90.6100,92.7100,89.5200,91.5200,5332000,ABNB,96.1785,96.5755,103.5708,101.6279,109.2462,107.5268,119.8159,118.3667
2022-12-16,89.5700,91.2900,88.5600,89.8600,6830200,ABNB,95.6920,95.9083,103.1306,101.1550,109.0683,107.1712,119.5053,118.0801
2022-12-19,85.9300,89.7600,85.4000,89.5100,4717100,ABNB,95.1000,94.9580,102.6784,100.5580,108.8392,106.7506,119.2215,117.7602
2022-12-20,87.6200,90.8600,86.5200,86.7100,7325800,ABNB,94.6955,94.2591,102.2110,100.0506,108.6056,106.3717,119.0016,117.4603
2022-12-21,87.0700,88.7900,86.5900,87.4900,5594800,ABNB,94.2850,93.5744,101.8160,99.5415,108.3643,105.9895,118.7263,117.1579
2022-12-22,84.8700,86.0900,82.5800,85.5400,5643100,ABNB,93.6970,92.7454,101.2664,98.9662,108.0496,105.5713,118.4091,116.8367
2022-12-23,85.2500,85.5100,83.5000,84.7000,3057700,ABNB,93.0760,92.0316,100.7184,98.4283,107.7519,105.1689,118.0764,116.5224
2022-12-27,83.4900,84.9300,82.8300,84.7800,3982400,ABNB,92.4855,91.2181,100.2050,97.8425,107.3946,104.7396,117.7681,116.1937
2022-12-28,82.4900,84.2500,81.9100,83.2500,4931700,ABNB,91.8410,90.3869,99.5248,97.2404,107.0484,104.2990,117.4881,115.8583
2022-12-29,85.2300,85.5600,82.2900,82.9700,4031300,ABNB,90.9955,89.8957,98.8706,96.7694,106.7425,103.9214,117.1945,115.5536
2022-12-30,85.5000,86.0600,83.6000,83.6100,3372500,ABNB,90.2070,89.4771,98.2432,96.3275,106.4531,103.5567,116.8432,115.2545
2023-01-03,84.9000,88.1400,84.3000,87.3850,3901200,ABNB,89.4020,89.0412,97.6012,95.8794,106.1148,103.1872,116.4800,114.9525
2023-01-04,88.7200,88.8400,84.7900,85.8900,4817100,ABNB,88.9125,89.0106,96.9766,95.5986,105.7870,102.9007,116.0886,114.6915
2023-01-05,87.7100,88.5000,86.7500,88.4800,3419000,ABNB,88.6420,88.8867,96.4030,95.2892,105.4190,102.5999,115.7181,114.4230
2023-01-06,88.5200,88.7400,85.7100,88.5200,4348400,ABNB,88.4930,88.8518,95.8044,95.0238,105.0438,102.3211,115.3285,114.1653
2023-01-09,89.2400,92.0500,88.8800,90.2550,4319400,ABNB,88.2135,88.8888,95.2830,94.7970,104.6944,102.0621,114.9539,113.9173
2023-01-10,88.5400,89.6200,86.7500,88.8600,4165600,ABNB,87.9055,88.8555,94.8126,94.5516,104.3611,101.7943,114.5425,113.6647
2023-01-11,94.4400,94.8300,88.8640,89.0000,7718900,ABNB,87.8485,89.3874,94.3972,94.5472,104.0928,101.6487,114.1786,113.4735
2023-01-12,98.4900,98.9500,94.0200,95.3100,7695200,ABNB,88.1060,90.2543,94.2288,94.7018,103.9301,101.5861,113.8328,113.3244
2023-01-13,100.3700,100.7000,97.4200,97.5000,6529000,ABNB,88.4280,91.2177,94.0552,94.9241,103.8199,101.5621,113.4570,113.1955
2023-01-17,101.2700,102.7350,99.1000,99.9150,5496200,ABNB,88.9610,92.1751,94.1924,95.1730,103.7166,101.5563,113.0952,113.0768
2023-01-18,101.1100,103.8000,100.3200,101.4100,6062200,ABNB,89.5380,93.0260,94.3742,95.4058,103.5826,101.5474,112.7420,112.9577
2023-01-19,99.1000,100.5200,97.5700,99.8400,4996700,ABNB,90.1965,93.6045,94.4344,95.5507,103.4033,101.4990,112.3721,112.8198
2023-01-20,101.2800,101.3700,98.1110,99.0100,5104000,ABNB,90.8795,94.3355,94.5508,95.7753,103.2879,101.4946,111.9934,112.7050
2023-01-23,105.2200,105.3800,101.3500,101.9900,4442700,ABNB,91.7870,95.3721,94.6772,96.1457,103.2047,101.5684,111.6635,112.6305
2023-01-24,104.1300,106.3900,103.8200,104.7000,3514700,ABNB,92.7500,96.2062,94.8440,96.4588,103.1204,101.6191,111.3608,112.5460
2023-01-25,104.4400,104.6750,99.8410,100.3600,5169300,ABNB,93.7095,96.9904,94.8848,96.7718,103.0336,101.6750,111.0535,112.4653
2023-01-26,109.4200,109.4900,105.6750,106.3000,5196600,ABNB,95.0060,98.1741,94.8818,97.2678,102.9938,101.8284,110.7878,112.4350
2023-01-27,115.9400,117.1200,108.7350,108.8600,9548500,ABNB,96.6785,99.8661,95.0974,98.0001,103.0168,102.1078,110.5662,112.4699
2023-01-30,109.4800,115.0800,109.2750,114.1300,5469900,ABNB,97.8910,100.7817,95.1468,98.4503,102.9746,102.2538,110.3131,112.4401
2023-01-31,111.1100,111.2300,108.8200,109.4800,3867200,ABNB,99.1715,101.7654,95.2804,98.9467,102.9250,102.4292,110.0094,112.4269
2023-02-01,113.9900,114.8900,109.8300,111.1100,4053600,ABNB,100.6260,102.9296,95.5742,99.5367,102.8791,102.6581,109.7258,112.4424
2023-02-02,118.5200,119.8500,116.2400,116.2500,7166900,ABNB,102.1160,104.4144,95.9892,100.2811,102.8295,102.9722,109.4897,112.5029
2023-02-03,118.7000,121.4000,115.8500,116.0400,6130700,ABNB,103.6655,105.7750,96.4490,101.0034,102.7686,103.2836,109.2326,112.5646
2023-02-06,118.3500,119.3340,116.8100,117.4100,3204100,ABNB,105.1570,106.9726,96.9104,101.6837,102.7367,103.5820,109.0016,112.6221
2023-02-07,119.6900,120.2100,115.1380,117.9100,4397700,ABNB,106.6795,108.1838,97.3716,102.3898,102.6656,103.9009,108.8105,112.6925
2023-02-08,116.3600,119.8100,115.5700,119.3900,3605400,ABNB,108.0705,108.9625,97.7454,102.9377,102.5788,104.1476,108.6119,112.7290
2023-02-09,114.9400,119.2800,114.5200,118.0000,4508700,ABNB,109.0955,109.5317,98.1382,103.4083,102.5407,104.3614,108.3946,112.7510
2023-02-10,108.8700,113.3600,106.5380,112.2500,6463500,ABNB,109.6145,109.4687,98.4080,103.6225,102.4416,104.4506,108.1738,112.7124
2023-02-13,116.4200,116.9000,109.8100,110.0000,7657200,ABNB,110.4170,110.1307,98.6936,104.1244,102.4387,104.6877,107.9947,112.7492
2023-02-14,120.8700,121.3200,115.2000,116.2900,17145000,ABNB,111.3970,111.1535,99.0856,104.7811,102.5073,105.0081,107.8004,112.8300
2023-02-15,137.0100,138.7500,129.8500,130.0000,32481900,ABNB,113.1920,113.6161,99.8058,106.0449,102.8402,105.6418,107.7194,113.0706
2023-02-16,139.4200,144.6300,134.7300,135.6500,18705800,ABNB,115.2080,116.0736,100.6240,107.3538,103.2169,106.3107,107.6526,113.3328
2023-02-17,131.6000,138.4000,130.7300,137.4350,11386700,ABNB,116.7240,117.5523,101.3936,108.3046,103.5006,106.8115,107.5856,113.5146
2023-02-21,128.7800,132.8500,128.1450,129.7700,6618700,ABNB,117.9020,118.6216,102.1392,109.1076,103.7247,107.2465,107.4486,113.6665
2023-02-22,127.2100,128.8800,124.5500,128.1400,5759000,ABNB,119.0560,119.4395,102.7868,109.8175,103.8899,107.6418,107.3692,113.8012
2023-02-23,125.5200,128.8500,121.9200,128.2100,7013500,ABNB,120.1100,120.0186,103.4032,110.4332,104.0785,107.9958,107.3176,113.9178
2023-02-24,122.7800,124.8500,120.1910,123.0400,5119800,ABNB,120.7780,120.2816,103.9472,110.9174,104.2559,108.2886,107.3346,114.0060
2023-02-27,123.5300,125.0600,122.7300,123.9500,5011400,ABNB,121.1575,120.5910,104.5510,111.4120,104.4412,108.5904,107.3716,114.1008
2023-02-28,123.2800,126.3840,123.0300,125.1100,7317100,ABNB,121.8475,120.8471,105.1380,111.8775,104.5659,108.8813,107.4073,114.1921
2023-03-01,120.8300,123.3000,120.3900,122.3750,4645000,ABNB,122.3335,120.8455,105.7424,112.2285,104.6566,109.1179,107.4317,114.2582
2023-03-02,122.3800,123.2600,119.3600,119.6700,4087300,ABNB,122.7530,120.9916,106.3986,112.6266,104.7646,109.3805,107.4364,114.3390
2023-03-03,125.7300,125.8700,122.7000,123.1800,5499400,ABNB,123.1135,121.4429,107.1946,113.1405,104.9365,109.7042,107.4928,114.4523
2023-03-06,126.3300,129.4400,125.2800,126.3550,5292500,ABNB,123.4950,121.9083,107.9688,113.6577,105.0899,110.0335,107.5370,114.5705
2023-03-07,126.9400,130.8500,125.5000,125.7400,5590800,ABNB,123.9245,122.3875,108.7662,114.1786,105.2911,110.3682,107.6315,114.6936
2023-03-08,125.0000,127.6600,124.7400,126.9000,3290800,ABNB,124.1900,122.6363,109.5688,114.6030,105.4176,110.6580,107.6857,114.7962
2023-03-09,119.8400,125.2000,119.7100,125.0600,6147700,ABNB,124.3640,122.3700,110.2606,114.8083,105.4895,110.8398,107.7221,114.8463
2023-03-10,118.3000,121.4400,115.8500,119.7350,5254800,ABNB,124.5320,121.9824,110.9568,114.9453,105.5809,110.9875,107.7472,114.8807
2023-03-13,115.9600,117.9000,113.6600,115.7220,5282000,ABNB,124.8865,121.4088,111.6262,114.9851,105.5755,111.0860,107.7958,114.8914
2023-03-14,116.3600,119.1000,114.9100,118.9400,5416400,ABNB,124.8835,120.9280,112.2488,115.0390,105.5597,111.1904,107.8256,114.9061
2023-03-15,113.5800,114.3200,111.5100,113.8600,6305100,ABNB,124.5190,120.2282,112.8104,114.9818,105.5268,111.2378,107.8220,114.8929
2023-03-16,119.9900,120.0600,113.5100,113.9500,7691900,ABNB,123.6680,120.2055,113.5122,115.1782,105.5567,111.4111,107.8195,114.9436
2023-03-17,118.1500,119.9600,116.5500,119.7150,5513600,ABNB,122.6045,120.0097,114.1008,115.2947,105.5387,111.5445,107.8059,114.9755
2023-03-20,118.4000,119.0200,116.6250,118.0600,3997700,ABNB,121.9445,119.8564,114.7146,115.4165,105.5588,111.6803,107.8143,115.0096
2023-03-21,123.6900,124.4300,119.8500,120.0000,5374400,ABNB,121.6900,120.2215,115.4180,115.7409,105.6112,111.9181,107.8264,115.0959
2023-03-22,121.1700,125.4300,121.0000,123.8900,3971100,ABNB,121.3880,120.3119,116.0566,115.9538,105.6698,112.1013,107.8331,115.1564
2023-03-23,120.3000,124.6600,118.3300,122.5100,4028500,ABNB,121.1270,120.3107,116.6918,116.1243,105.7522,112.2636,107.8245,115.2076
2023-03-24,116.9200,119.7000,115.3900,119.5000,4290900,ABNB,120.8340,119.9878,117.1414,116.1555,105.7693,112.3558,107.7946,115.2246
2023-03-27,117.9100,119.2740,116.7400,117.9900,2819600,ABNB,120.5530,119.7899,117.5298,116.2243,105.8793,112.4658,107.7653,115.2513
2023-03-28,116.6100,118.3100,116.0150,117.9700,2941000,ABNB,120.2195,119.4871,117.8546,116.2394,105.9549,112.5479,107.7698,115.2648
2023-03-29,118.8000,119.1900,117.1510,118.3400,2711500,ABNB,120.1180,119.4216,118.2052,116.3398,106.1988,112.6717,107.8192,115.3000
2023-03-30,122.2800,122.6500,120.1100,120.8000,5437900,ABNB,120.1130,119.6939,118.6286,116.5728,106.5014,112.8620,107.9360,115.3695
2023-03-31,124.4000,125.9400,122.8000,123.3000,5533800,ABNB,120.0465,120.1421,119.1346,116.8797,106.7845,113.0904,108.0636,115.4593
2023-04-03,121.4600,123.0900,119.7110,123.0000,4230600,ABNB,119.8030,120.2676,119.5382,117.0593,107.0445,113.2562,108.1636,115.5190
2023-04-04,118.4600,122.0600,118.2100,121.6800,3349300,ABNB,119.3790,120.0954,119.8030,117.1143,107.2401,113.3592,108.2896,115.5483
2023-04-05,115.3400,117.8700,111.4900,117.8700,6737000,ABNB,118.8960,119.6425,120.0272,117.0447,107.4356,113.3984,108.3688,115.5462
2023-04-06,109.6900,113.4150,107.6600,113.3400,14400100,ABNB,118.3885,118.6947,120.1322,116.7563,107.5085,113.3250,108.4059,115.4879
2023-04-10,112.6000,112.6300,108.4000,108.6900,5406400,ABNB,118.1035,118.1142,120.1958,116.5933,107.5388,113.3106,108.4713,115.4592
2023-04-11,114.2500,114.8000,112.5900,113.5600,4845400,ABNB,118.0180,117.7462,120.1620,116.5014,107.6297,113.3292,108.5639,115.4472
2023-04-12,112.4200,115.8400,111.4000,114.8000,6068700,ABNB,117.8210,117.2389,120.2208,116.3413,107.6838,113.3112,108.6085,115.4171
2023-04-13,113.9500,114.4000,112.8100,113.1800,3878100,ABNB,117.8395,116.9257,120.2776,116.2476,107.7790,113.3239,108.6707,115.4025
2023-04-14,114.6500,115.1200,113.0200,113.8900,3415200,ABNB,117.5725,116.7090,120.2908,116.1849,107.9325,113.3501,108.7563,115.3950
2023-04-17,116.1700,116.1800,114.5900,115.4200,3287100,ABNB,117.4735,116.6576,120.2438,116.1843,108.1165,113.4060,108.8675,115.4027
2023-04-18,119.1900,121.3200,118.1000,119.8300,7162200,ABNB,117.5130,116.8988,120.2536,116.3022,108.3513,113.5205,109.0181,115.4404
2023-04-19,120.1000,120.3700,117.6400,118.1450,3309700,ABNB,117.3335,117.2037,120.2886,116.4511,108.5995,113.6508,109.1615,115.4867
2023-04-20,118.4000,119.7000,117.8200,118.3700,4369700,ABNB,117.1950,117.3176,120.2628,116.5276,108.8172,113.7449,109.2738,115.5157
2023-04-21,115.5000,115.7500,112.0200,114.9550,7357800,ABNB,116.9550,117.1445,120.2456,116.4873,108.9955,113.7796,109.3869,115.5156
2023-04-24,116.1200,116.4000,114.5100,115.5300,3239500,ABNB,116.9150,117.0470,120.2692,116.4729,109.2037,113.8260,109.4800,115.5216
2023-04-25,112.5050,115.4300,112.4700,115.3100,3659700,ABNB,116.6447,116.6144,120.3419,116.3173,109.3750,113.7998,109.5558,115.4916
2023-04-26,113.6800,114.6000,113.2000,113.5000,3615500,ABNB,116.4982,116.3349,120.2871,116.2138,109.4904,113.7974,109.6487,115.4735
2023-04-27,115.2500,115.8500,112.2870,114.4400,3870500,ABNB,116.3207,116.2316,120.1747,116.1760,109.6302,113.8262,109.7422,115.4713
2023-04-28,119.6700,120.4700,113.0000,114.6000,4974300,ABNB,116.1902,116.5591,119.8279,116.3131,109.8169,113.9419,109.8623,115.5131
2023-05-01,121.4200,122.6500,118.9800,119.2600,4830600,ABNB,116.0412,117.0220,119.4679,116.5133,110.0460,114.0900,110.0142,115.5719
2023-05-02,120.5800,121.7000,117.9400,120.2400,4861800,ABNB,115.9972,117.3609,119.2475,116.6728,110.3206,114.2185,110.1438,115.6217
2023-05-03,118.8600,121.1900,117.9700,120.8500,3687700,ABNB,116.0172,117.5036,119.0491,116.7586,110.5942,114.3104,110.2497,115.6539
2023-05-04,117.6300,119.1700,116.1800,118.9400,4939900,ABNB,116.1317,117.5157,118.8575,116.7927,110.8221,114.3761,110.3269,115.6736
2023-05-05,119.9000,120.3000,116.9300,120.0100,6624600,ABNB,116.6422,117.7428,118.7451,116.9146,111.0742,114.4855,110.3877,115.7156
2023-05-08,125.6500,127.5550,122.9800,123.1600,10142900,ABNB,117.2947,118.4958,118.8025,117.2572,111.3749,114.7066,110.4753,115.8145
2023-05-09,127.0700,128.9600,125.0100,126.6000,15410300,ABNB,117.9357,119.3124,118.8733,117.6420,111.7122,114.9514,110.5908,115.9265
2023-05-10,113.1900,115.5100,109.3700,109.8500,34191000,ABNB,117.9743,118.7293,118.6715,117.4674,111.9048,114.9165,110.6320,115.8993
2023-05-11,111.2000,114.4600,111.0400,113.1400,9579400,ABNB,117.8368,118.0122,118.4789,117.2216,112.1107,114.8430,110.6784,115.8525
2023-05-12,105.2750,111.5600,104.2100,111.3600,14768500,ABNB,117.3680,116.7992,118.1368,116.7531,112.2677,114.6535,110.6680,115.7472
2023-05-15,105.7800,106.1500,103.5500,105.0600,5422500,ABNB,116.8485,115.7497,117.7378,116.3228,112.4662,114.4778,110.6527,115.6481
2023-05-16,105.4100,107.5800,104.3000,105.7200,5585300,ABNB,116.1595,114.7650,117.3194,115.8948,112.6441,114.2982,110.6249,115.5462
2023-05-17,108.3300,109.9300,104.9400,106.0700,6887400,ABNB,115.5710,114.1521,116.9472,115.5982,112.8567,114.1800,110.6105,115.4744
2023-05-18,111.8700,112.3400,108.3400,108.3400,6945900,ABNB,115.2445,113.9348,116.6846,115.4520,113.1267,114.1343,110.5882,115.4385
2023-05-19,107.3800,110.8200,106.6450,110.8200,9203700,ABNB,114.8385,113.3105,116.4354,115.1354,113.3480,114.0005,110.5500,115.3583
2023-05-22,109.9300,110.7300,106.2000,106.2600,7350600,ABNB,114.5290,112.9886,116.2680,114.9313,113.6124,113.9199,110.5035,115.3043
2023-05-23,106.2500,109.7060,105.6700,109.0000,6498200,ABNB,114.2163,112.3468,116.0738,114.5909,113.8500,113.7681,110.4492,115.2142
2023-05-24,105.7100,106.5900,103.8200,105.4600,5371700,ABNB,113.8178,111.7147,115.8608,114.2426,114.0548,113.6085,110.3987,115.1197
2023-05-25,104.4200,106.5200,103.7400,106.1000,4834500,ABNB,113.2763,111.0200,115.6776,113.8574,114.2440,113.4265,110.3486,115.0132
2023-05-26,106.8100,107.6150,104.9900,105.1800,4677600,ABNB,112.6333,110.6190,115.4140,113.5810,114.4631,113.2955,110.2890,114.9316
2023-05-30,107.1900,108.7890,106.0200,107.7250,5460100,ABNB,111.9218,110.2925,115.1948,113.3304,114.6478,113.1746,110.2174,114.8545
2023-05-31,109.7700,110.0950,103.7400,105.6000,10263100,ABNB,111.3812,110.2427,115.0222,113.1908,114.8684,113.1072,110.1437,114.8040
2023-06-01,112.1600,113.5400,109.1100,109.8400,6644100,ABNB,111.0463,110.4253,114.7916,113.1503,115.1048,113.0884,110.0743,114.7776
2023-06-02,118.0600,118.4500,112.9300,112.9300,10150000,ABNB,111.0678,111.1524,114.7294,113.3429,115.3930,113.1869,110.0437,114.8103
2023-06-05,115.6900,116.5950,112.3150,115.1200,8324400,ABNB,110.8573,111.5846,114.6372,113.4349,115.6645,113.2365,110.0128,114.8191
2023-06-06,117.3000,119.0900,115.4100,115.9200,5025700,ABNB,110.4398,112.1289,114.6448,113.5865,115.8931,113.3169,109.9930,114.8437
2023-06-07,116.5500,120.1600,115.9200,118.1400,4637600,ABNB,109.9138,112.5500,114.6176,113.7027,116.0737,113.3809,110.0019,114.8607
2023-06-08,115.5000,116.3300,113.5800,114.9700,4432700,ABNB,110.0293,112.8309,114.5954,113.7732,116.2250,113.4229,110.0225,114.8671
2023-06-09,117.8600,122.7400,117.4500,120.2500,7427200,ABNB,110.3623,113.3099,114.5766,113.9335,116.3909,113.5108,110.0538,114.8969
2023-06-12,124.5900,125.0000,118.8800,119.3650,7876600,ABNB,111.3280,114.3842,114.6228,114.3514,116.6257,113.7302,110.1042,114.9933
2023-06-13,124.9000,125.7400,123.2200,124.6100,5276800,ABNB,112.2840,115.3857,114.6328,114.7650,116.8837,113.9513,110.1435,115.0919
2023-06-14,125.1400,126.3860,122.7650,125.3900,5696700,ABNB,113.2705,116.3147,114.7064,115.1719,117.1223,114.1729,110.2051,115.1919
2023-06-15,127.8500,128.3800,122.7500,122.9600,5599400,ABNB,114.2465,117.4133,114.8942,115.6691,117.3486,114.4437,110.2767,115.3178
2023-06-16,128.6800,129.2000,126.7900,128.6800,6894200,ABNB,115.0870,118.4863,115.1610,116.1793,117.5941,114.7256,110.3573,115.4508
2023-06-20,126.4500,127.6300,124.3950,126.3700,5383600,ABNB,116.0405,119.2447,115.4962,116.5821,117.8142,114.9578,110.4239,115.5602
2023-06-21,127.4600,129.2600,125.0900,125.0900,4711900,ABNB,116.9170,120.0271,115.7934,117.0087,117.9946,115.2054,110.4942,115.6786
2023-06-22,127.9600,128.6200,125.3500,126.5800,3935600,ABNB,118.0025,120.7827,116.0676,117.4381,118.1148,115.4579,110.5658,115.8008
2023-06-23,124.7300,126.8000,124.0000,125.9900,5800000,ABNB,118.9535,121.1586,116.3138,117.7241,118.2673,115.6415,110.6210,115.8897
2023-06-26,123.1300,126.7000,122.8000,122.9000,3645800,ABNB,119.8890,121.3463,116.4974,117.9361,118.3875,115.7898,110.6563,115.9617
2023-06-27,127.8900,128.1700,123.3200,124.4100,4507700,ABNB,120.9430,121.9695,116.7622,118.3264,118.5265,116.0294,110.7028,116.0804
2023-06-28,127.6300,131.8800,126.1700,127.3900,6130400,ABNB,121.9650,122.5086,116.9914,118.6913,118.6176,116.2592,110.7236,116.1953
2023-06-29,125.1000,128.0000,123.4200,127.6400,4242000,ABNB,122.7315,122.7554,117.1096,118.9426,118.6816,116.4342,110.7251,116.2839
2023-06-30,128.1600,131.1400,127.0200,127.2500,4604600,ABNB,123.5315,123.2702,117.2708,119.3041,118.7797,116.6664,110.7582,116.4021
2023-07-03,132.3500,134.2700,129.2300,129.2800,5001800,ABNB,124.2460,124.1349,117.5498,119.8157,118.9063,116.9770,110.7860,116.5608
2023-07-05,131.6900,132.9500,130.5350,131.8450,3429900,ABNB,125.0460,124.8544,117.8736,120.2813,119.0596,117.2683,110.8192,116.7113
2023-07-06,128.1600,129.3230,126.0600,129.1700,3733600,ABNB,125.5890,125.1693,118.1144,120.5903,119.1918,117.4840,110.8663,116.8252
2023-07-07,130.3200,131.6200,128.0600,128.1600,3149200,ABNB,126.2775,125.6598,118.4707,120.9719,119.4063,117.7382,110.9240,116.9595
2023-07-10,131.7100,133.3390,129.6100,130.1800,4052000,ABNB,127.0880,126.2360,118.8313,121.3930,119.5592,118.0149,110.9990,117.1063
2023-07-11,137.5400,138.0900,128.7700,129.4500,10045600,ABNB,128.0720,127.3126,119.2771,122.0262,119.7259,118.4015,111.1166,117.3096
2023-07-12,137.0200,140.3200,135.5200,139.3500,5583600,ABNB,128.6935,128.2371,119.6241,122.6142,119.7260,118.7702,111.2831,117.5057
2023-07-13,140.0900,140.6000,137.3000,138.9600,5532300,ABNB,129.4530,129.3659,119.9975,123.2995,119.7327,119.1923,111.4748,117.7305
2023-07-14,143.3400,143.5700,139.6900,140.2500,6728500,ABNB,130.3630,130.6968,120.4527,124.0854,119.8501,119.6705,111.6754,117.9853
2023-07-17,145.3600,147.4000,142.2900,142.2900,5755800,ABNB,131.2385,132.0933,120.9827,124.9197,120.0159,120.1792,111.8703,118.2577
2023-07-18,146.5300,147.5400,143.7500,144.0000,4122600,ABNB,132.1310,133.4682,121.5607,125.7672,120.2091,120.7010,112.0495,118.5390
2023-07-19,145.5350,147.6750,144.1900,145.7500,4968600,ABNB,133.0853,134.6174,122.0734,126.5424,120.4093,121.1928,112.2439,118.8076
2023-07-20,145.2800,146.2700,143.5000,143.5900,4246300,ABNB,133.9763,135.6329,122.4660,127.2772,120.6343,121.6698,112.4451,119.0710
2023-07-21,148.7700,149.9900,146.9100,147.0000,11813000,ABNB,135.0168,136.8841,122.9000,128.1200,120.8867,122.2064,112.6639,119.3665
2023-07-24,147.6200,148.2900,144.1800,147.0600,4370800,ABNB,136.1613,137.9065,123.5886,128.8847,121.1301,122.7096,112.8480,119.6476
2023-07-25,148.6500,150.7800,147.4600,147.6100,4121300,ABNB,137.4373,138.9297,124.3376,129.6598,121.4083,123.2233,113.0324,119.9362
2023-07-26,150.1700,150.2700,147.0900,147.8300,4055500,ABNB,138.5513,140.0002,125.2355,130.4642,121.6862,123.7569,113.2254,120.2371
2023-07-27,148.5000,153.1750,147.5550,151.8900,5426000,ABNB,139.5948,140.8097,126.0899,131.1715,121.9139,124.2469,113.4252,120.5183
2023-07-28,153.3300,154.4900,150.2100,150.2300,4162300,ABNB,141.0063,142.0021,127.0483,132.0404,122.1839,124.8228,113.6369,120.8448
2023-07-31,152.1900,154.9500,151.5500,153.8600,4457300,ABNB,142.2078,142.9724,127.9255,132.8306,122.4364,125.3647,113.8637,121.1567
2023-08-01,148.9100,150.4200,148.0300,149.6200,4519600,ABNB,143.0358,143.5379,128.6663,133.4612,122.6755,125.8309,114.0465,121.4328
2023-08-02,144.5600,147.1150,143.1900,146.4500,7026100,ABNB,143.6793,143.6352,129.4099,133.8964,122.9227,126.2018,114.2061,121.6629
2023-08-03,140.8800,143.1030,139.7500,140.9400,11441200,ABNB,144.3153,143.3728,130.0289,134.1703,123.1485,126.4925,114.3647,121.8542
2023-08-04,140.1700,145.3200,137.6200,140.4700,8623300,ABNB,144.8077,143.0678,130.7073,134.4056,123.3906,126.7633,114.4830,122.0364
2023-08-07,143.2000,144.0000,138.7900,142.0000,4079100,ABNB,145.3822,143.0804,131.4571,134.7504,123.6590,127.0888,114.6093,122.2470
2023-08-08,139.5500,140.5200,137.0300,140.5200,4685800,ABNB,145.4827,142.7442,132.1597,134.9387,123.9187,127.3355,114.7227,122.4192
2023-08-09,137.8700,140.5500,137.3300,140.1400,3389700,ABNB,145.5252,142.2800,132.7809,135.0536,124.0975,127.5441,114.8271,122.5729
2023-08-10,135.9700,140.9700,135.6500,139.8700,3437600,ABNB,145.3192,141.6790,133.3565,135.0895,124.2757,127.7110,114.9072,122.7062
2023-08-11,133.6800,134.2600,131.7000,134.1500,4412700,ABNB,144.8362,140.9172,133.8347,135.0343,124.4285,127.8292,114.9936,122.8154
2023-08-14,133.2400,133.7900,131.7400,133.5600,3373800,ABNB,144.2302,140.1860,134.2563,134.9639,124.5240,127.9363,115.0676,122.9191
2023-08-15,129.8500,132.8100,129.7300,132.5000,3970500,ABNB,143.3963,139.2017,134.4921,134.7634,124.6108,127.9742,115.1403,122.9881
2023-08-16,128.8300,130.1500,128.4000,129.0000,3336900,ABNB,142.5610,138.2139,134.7549,134.5307,124.6961,127.9912,115.2241,123.0462
2023-08-17,127.9900,129.6000,127.3710,129.2200,3908500,ABNB,141.6965,137.2402,134.9687,134.2742,124.8068,127.9912,115.2880,123.0954
2023-08-18,125.0600,126.0800,123.3800,124.9300,5963600,ABNB,140.5110,136.0802,135.1389,133.9128,124.8783,127.9331,115.3788,123.1149
2023-08-21,124.0000,126.5400,123.4900,126.1550,4876000,ABNB,139.3300,134.9297,135.3089,133.5241,124.9522,127.8552,115.4535,123.1238
2023-08-22,127.0800,127.2400,124.0010,124.2500,4945400,ABNB,138.2515,134.1821,135.4933,133.2714,125.0350,127.8399,115.6169,123.1631
2023-08-23,128.1300,129.1850,126.4000,126.9000,4605400,ABNB,137.1495,133.6057,135.5641,133.0698,125.0935,127.8456,115.7974,123.2125
2023-08-24,124.7200,128.8400,124.6400,128.2300,2980800,ABNB,135.9605,132.7594,135.5605,132.7423,125.0967,127.7837,115.9406,123.2275
2023-08-25,125.7900,126.6000,124.1900,125.0400,2415200,ABNB,134.5835,132.0957,135.5735,132.4697,125.1400,127.7443,116.0922,123.2530
2023-08-28,126.1550,127.0000,124.9500,127.0000,2348500,ABNB,133.2818,131.5299,135.5396,132.2221,125.2169,127.7128,116.2285,123.2819
2023-08-29,132.2500,132.8800,126.0000,126.5500,5622900,ABNB,132.4488,131.5985,135.6110,132.2232,125.3860,127.8026,116.4108,123.3711
2023-08-30,130.6100,132.4500,129.3100,130.4700,4709900,ABNB,131.7513,131.5043,135.6942,132.1599,125.5952,127.8582,116.5519,123.4432
2023-08-31,131.5500,132.4400,129.8100,130.6000,3860300,ABNB,131.2848,131.5087,135.7760,132.1360,125.7847,127.9313,116.6618,123.5238
2023-09-01,132.6900,134.5000,131.3300,133.7000,4517800,ABNB,130.9108,131.6212,135.8706,132.1577,125.9691,128.0256,116.7994,123.6150
2023-09-05,142.2900,144.2600,139.8000,141.1500,21052800,ABNB,130.8653,132.6373,136.2218,132.5550,126.2678,128.3080,116.9758,123.8009
2023-09-06,141.7700,143.2200,140.2660,140.7800,7114400,ABNB,130.9763,133.5071,136.5946,132.9164,126.5460,128.5746,117.1625,123.9797
2023-09-07,143.2700,144.2500,139.0100,139.2500,7928200,ABNB,131.2463,134.4369,136.9022,133.3224,126.8322,128.8656,117.3824,124.1716
2023-09-08,145.8200,146.8500,143.1800,143.9400,9326600,ABNB,131.7388,135.5210,137.2660,133.8125,127.1287,129.2013,117.6226,124.3870
2023-09-11,147.3300,148.2500,144.8600,146.2200,7179000,ABNB,132.4213,136.6456,137.7106,134.3426,127.4101,129.5603,117.8807,124.6153
2023-09-12,147.5000,151.1550,146.8200,146.8800,7342700,ABNB,133.1343,137.6794,138.0974,134.8586,127.6841,129.9155,118.1418,124.8430
2023-09-13,144.7150,147.0000,143.6050,146.0000,7893300,ABNB,133.8775,138.3494,138.3447,135.2451,127.9473,130.2086,118.3822,125.0407
2023-09-14,144.1200,145.7200,141.6900,144.6100,8365500,ABNB,134.6420,138.8990,138.5933,135.5932,128.2335,130.4841,118.6145,125.2306
2023-09-15,142.7500,144.9500,142.1000,143.5850,74788500,ABNB,135.3800,139.2658,138.8851,135.8738,128.4998,130.7270,118.8517,125.4049
2023-09-18,142.5500,144.4000,141.1900,141.9300,7351400,ABNB,136.2545,139.5786,139.1297,136.1356,128.8002,130.9611,119.0876,125.5755
2023-09-19,141.8500,142.5700,139.7700,141.8600,6674100,ABNB,137.1470,139.7949,139.3325,136.3597,129.0819,131.1767,119.2861,125.7374
2023-09-20,138.0100,143.2700,137.9500,142.7600,5189000,ABNB,137.6935,139.6249,139.3419,136.4244,129.3095,131.3120,119.4698,125.8596
2023-09-21,132.7500,135.9800,132.3900,135.5550,8514300,ABNB,137.9245,138.9701,139.2565,136.2804,129.4403,131.3405,119.6286,125.9281
2023-09-22,132.2000,134.1840,131.1200,133.7100,4278500,ABNB,138.2985,138.3254,139.0987,136.1203,129.5481,131.3575,119.7970,125.9905
2023-09-25,134.1400,134.2500,130.8000,130.8000,4154500,ABNB,138.7160,137.9268,138.9147,136.0427,129.6837,131.4126,120.0021,126.0716
2023-09-26,132.2800,133.9400,131.1700,132.7800,4194000,ABNB,139.0223,137.3890,138.6531,135.8951,129.8179,131.4298,120.2060,126.1334
2023-09-27,134.0300,134.9000,131.2200,133.8000,3771300,ABNB,139.1113,137.0691,138.4031,135.8220,129.9819,131.4813,120.4020,126.2120
2023-09-28,136.4700,138.2300,132.8800,133.6500,4058900,ABNB,139.4043,137.0120,138.2218,135.8474,130.1476,131.5801,120.6109,126.3140
2023-09-29,137.2100,141.0750,136.3600,138.0500,4782100,ABNB,139.6873,137.0309,138.0604,135.9008,130.2632,131.6916,120.8190,126.4225
2023-10-02,136.5600,138.0000,135.3600,136.5500,3489100,ABNB,139.8808,136.9860,137.8162,135.9267,130.3581,131.7880,121.0351,126.5233
2023-10-03,127.7300,133.4100,126.4900,132.1700,9019700,ABNB,139.1528,136.1045,137.4184,135.6052,130.5035,131.7076,121.2041,126.5353
2023-10-04,127.4100,130.2200,127.2950,128.7500,5822000,ABNB,138.4348,135.2765,136.9936,135.2839,130.6656,131.6225,121.3881,126.5440
2023-10-05,124.9900,126.6200,121.6700,126.5400,7630200,ABNB,137.5208,134.2968,136.4900,134.8802,130.8628,131.4912,121.5652,126.5286
2023-10-06,126.3600,127.4000,122.0200,123.0000,5153700,ABNB,136.5478,133.5409,136.0472,134.5461,131.0686,131.3896,121.7674,126.5269
2023-10-09,127.7700,127.9200,121.8100,124.0000,5092000,ABNB,135.5697,132.9913,135.5360,134.2803,131.2922,131.3179,121.9681,126.5393
2023-10-10,131.5900,132.7800,126.9500,127.6900,5114700,ABNB,134.7742,132.8578,135.1240,134.1748,131.5248,131.3233,122.1907,126.5895
2023-10-11,130.0000,132.6900,128.5200,132.1200,3456500,ABNB,134.0385,132.5857,134.7458,134.0111,131.7061,131.2971,122.4164,126.6235
2023-10-12,125.9700,130.4100,124.8200,130.2900,4023300,ABNB,133.1310,131.9556,134.3740,133.6958,131.8920,131.1916,122.6200,126.6170
2023-10-13,124.0800,129.8400,123.5500,127.6100,4926500,ABNB,132.1975,131.2055,134.0380,133.3187,132.0335,131.0508,122.8229,126.5917
2023-10-16,125.1900,126.7600,124.1860,125.1900,2706100,ABNB,131.3295,130.6326,133.7384,132.9999,132.2229,130.9347,123.0364,126.5778
2023-10-17,125.7100,126.7800,122.6600,123.7600,3073600,ABNB,130.5225,130.1638,133.3886,132.7140,132.4229,130.8312,123.2388,126.5691
2023-10-18,122.1700,124.3500,121.7200,123.0200,4098400,ABNB,129.7305,129.4025,133.0410,132.3005,132.6004,130.6597,123.4222,126.5254
2023-10-19,119.9700,123.4800,119.3300,122.3900,4374400,ABNB,129.0915,128.5042,132.6830,131.8170,132.7320,130.4481,123.5975,126.4601
2023-10-20,116.4900,119.9200,116.0800,119.4900,6195500,ABNB,128.3060,127.3600,132.2934,131.2159,132.8250,130.1717,123.7364,126.3609
2023-10-23,120.3900,122.5250,115.5500,116.4800,5442500,ABNB,127.6185,126.6962,132.0276,130.7914,132.9312,129.9780,123.8998,126.3015
2023-10-24,122.0100,123.1700,120.5700,121.1800,3651600,ABNB,127.1050,126.2499,131.8030,130.4470,133.0297,129.8202,124.0672,126.2588
2023-10-25,118.5000,120.7500,118.3200,120.7500,4844500,ABNB,126.3285,125.5118,131.5760,129.9785,133.0341,129.5960,124.2135,126.1816
2023-10-26,115.4700,119.5480,114.4000,118.1400,5217500,ABNB,125.2785,124.5554,131.3088,129.4095,133.0319,129.3163,124.3482,126.0750
2023-10-27,114.0900,116.7450,113.2350,116.2100,5201600,ABNB,124.1225,123.5587,131.0308,128.8088,132.9998,129.0148,124.4464,125.9558
2023-10-30,116.9500,118.5900,115.3500,117.1500,5218000,ABNB,123.1420,122.9293,130.8686,128.3437,133.0038,128.7759,124.5387,125.8662
2023-10-31,118.2900,118.6900,114.9100,117.1300,4647400,ABNB,122.6700,122.4875,130.7544,127.9495,133.0317,128.5682,124.6283,125.7908
2023-11-01,119.4700,119.8900,116.6600,118.2500,9336500,ABNB,122.2730,122.2001,130.6022,127.6169,133.0478,128.3881,124.7193,125.7279
2023-11-02,115.5000,122.7400,114.1000,122.5100,14053500,ABNB,121.7985,121.5620,130.3496,127.1418,132.9569,128.1329,124.7913,125.6261
2023-11-03,122.6400,123.4500,117.3800,117.9800,9020400,ABNB,121.6125,121.6647,130.3080,126.9652,132.9343,128.0241,124.9090,125.5964
2023-11-06,118.1700,123.9300,116.8500,123.2150,7702000,ABNB,121.1325,121.3318,130.1556,126.6203,132.8646,127.8290,124.9934,125.5225
2023-11-07,121.0800,122.1800,118.1000,118.2500,5163900,ABNB,120.6070,121.3078,130.0541,126.4030,132.7969,127.6953,125.0727,125.4783
2023-11-08,117.6600,121.2000,116.1790,119.4300,7814000,ABNB,119.9900,120.9604,129.7623,126.0602,132.6867,127.4966,125.1404,125.4005
2023-11-09,115.5200,119.5300,115.2000,118.3500,5519600,ABNB,119.4675,120.4423,129.4605,125.6468,132.5774,127.2594,125.1958,125.3022
2023-11-10,118.1500,118.5400,114.1700,114.5250,4773500,ABNB,119.1710,120.2240,129.1925,125.3528,132.4843,127.0791,125.2394,125.2310
2023-11-13,119.1500,119.8600,117.4010,117.5100,3408800,ABNB,118.8690,120.1217,128.9217,125.1096,132.3962,126.9220,125.2555,125.1705
2023-11-14,126.6800,127.1200,121.5100,122.3550,8405200,ABNB,118.9175,120.7463,128.6095,125.1712,132.4157,126.9173,125.3415,125.1855
2023-11-15,128.3500,131.6200,127.0610,128.0000,6851400,ABNB,119.2265,121.4705,128.3411,125.2958,132.4679,126.9456,125.4277,125.2170
2023-11-16,126.2800,128.4000,125.3100,127.1200,4177300,ABNB,119.5420,121.9285,128.0013,125.3344,132.4518,126.9324,125.4891,125.2276
2023-11-17,127.1500,127.9700,125.4500,126.6500,3795700,ABNB,120.0750,122.4258,127.6279,125.4056,132.4470,126.9368,125.5323,125.2467
2023-11-20,129.7000,130.9500,127.0100,127.4000,4634600,ABNB,120.5405,123.1186,127.2753,125.5740,132.4930,126.9915,125.5873,125.2910
2023-11-21,126.8200,128.0500,124.9300,128.0000,4587100,ABNB,120.7810,123.4711,126.8617,125.6229,132.4796,126.9881,125.6296,125.3063
2023-11-22,129.0400,130.5800,127.7100,127.7500,3973900,ABNB,121.3080,124.0015,126.5482,125.7569,132.4465,127.0287,125.6764,125.3434
2023-11-24,128.3700,129.5900,127.7800,129.0500,2058900,ABNB,121.9530,124.4175,126.2332,125.8594,132.4133,127.0553,125.7364,125.3735
2023-11-27,129.0000,129.5600,125.8500,127.5000,4408400,ABNB,122.6985,124.8539,125.9582,125.9825,132.4217,127.0938,125.8067,125.4096
2023-11-28,127.5600,129.5400,125.8500,128.7900,4024400,ABNB,123.2290,125.1117,125.6584,126.0444,132.3941,127.1030,125.9002,125.4310
2023-11-29,126.4800,129.5830,126.0600,127.0000,4615400,ABNB,123.6385,125.2420,125.3510,126.0615,132.3418,127.0907,125.9505,125.4414
2023-11-30,126.3400,128.1300,125.0850,127.0000,5956300,ABNB,123.9820,125.3466,125.1176,126.0724,132.2298,127.0758,125.9778,125.4504
2023-12-01,135.0200,135.4200,125.4000,125.5000,7424800,ABNB,124.9580,126.2678,125.1630,126.4233,132.2098,127.2331,125.9679,125.5456
2023-12-04,133.7000,136.7500,132.7200,134.0000,5263400,ABNB,125.5110,126.9757,125.1930,126.7087,132.1459,127.3612,125.9393,125.6267
2023-12-05,133.7100,135.7050,132.6600,132.6800,4202200,ABNB,126.2880,127.6170,125.1844,126.9832,132.0496,127.4869,125.9498,125.7072
2023-12-06,135.3100,138.4800,135.1400,135.5900,4932000,ABNB,126.9995,128.3497,125.2450,127.3098,131.9491,127.6418,125.9825,125.8027
2023-12-07,139.8400,141.1600,135.4300,135.5100,7108600,ABNB,128.1085,129.4440,125.3612,127.8011,131.8822,127.8834,126.0456,125.9424
2023-12-08,140.6800,141.5400,137.8000,138.1900,4411200,ABNB,129.3665,130.5141,125.4454,128.3062,131.8336,128.1368,126.1214,126.0890
2023-12-11,142.9100,144.5000,140.8500,141.3600,4560500,ABNB,130.6045,131.6947,125.5594,128.8789,131.8099,128.4293,126.2221,126.2564
2023-12-12,140.5500,141.0600,137.5800,137.9000,6823200,ABNB,131.6745,132.5380,125.6392,129.3366,131.7277,128.6693,126.3072,126.3986
2023-12-13,144.5100,144.9400,140.3400,142.9500,6673900,ABNB,132.5660,133.6782,125.9748,129.9316,131.6966,128.9830,126.4133,126.5788
2023-12-14,147.2600,149.9200,144.9800,145.0000,9568600,ABNB,133.5115,134.9717,126.3718,130.6112,131.6827,129.3449,126.5455,126.7846
2023-12-15,146.6000,148.7300,145.8600,147.2600,8239000,ABNB,134.5275,136.0792,126.8040,131.2382,131.6470,129.6866,126.6666,126.9818
2023-12-18,147.5000,148.4600,146.1200,147.1600,4175200,ABNB,135.5450,137.1669,127.2268,131.8759,131.6370,130.0393,126.7754,127.1860
2023-12-19,146.9100,148.6100,146.6800,147.5000,5090400,ABNB,136.4055,138.0948,127.6096,132.4655,131.5728,130.3734,126.8783,127.3822
2023-12-20,141.0700,146.5000,140.6500,146.5000,5718000,ABNB,137.1180,138.3781,127.7992,132.8029,131.4616,130.5852,126.9490,127.5184
2023-12-21,142.0900,143.4900,140.3100,142.3700,3318500,ABNB,137.7705,138.7317,128.0410,133.1671,131.3934,130.8130,127.0344,127.6634
2023-12-22,140.8000,142.5100,139.7300,141.8800,2937400,ABNB,138.3920,138.9286,128.3376,133.4664,131.3558,131.0108,127.1392,127.7941
2023-12-26,138.7200,141.0000,137.7700,141.0000,4384800,ABNB,138.8780,138.9088,128.6304,133.6725,131.3342,131.1635,127.2413,127.9028
2023-12-27,136.5500,139.1350,136.0500,139.1350,3989600,ABNB,139.3275,138.6841,128.8576,133.7853,131.2980,131.2701,127.3443,127.9889
2023-12-28,137.0000,137.1900,135.6950,136.5500,2770800,ABNB,139.8535,138.5237,129.0834,133.9114,131.2360,131.3836,127.4475,128.0785
2023-12-29,136.1400,137.8700,135.4300,136.7100,3076100,ABNB,140.3435,138.2967,129.3628,133.9988,131.2019,131.4778,127.5603,128.1588
2024-01-02,134.4800,135.6000,133.3400,134.4300,3485200,ABNB,140.3165,137.9332,129.6530,134.0176,131.1680,131.5372,127.6327,128.2217
2024-01-03,133.4200,134.5400,130.8200,132.7100,4266600,ABNB,140.3025,137.5034,129.9916,133.9942,131.1425,131.5745,127.7091,128.2734
2024-01-04,133.7200,137.0340,132.5000,132.8600,4056900,ABNB,140.3030,137.1431,130.2582,133.9834,131.1429,131.6170,127.7857,128.3276
2024-01-05,135.9800,136.6500,133.8950,134.2500,4006600,ABNB,140.3365,137.0323,130.5376,134.0617,131.1703,131.7034,127.8471,128.4037
2024-01-08,140.0800,140.2500,136.6100,137.3100,4179700,ABNB,140.3485,137.3226,130.9692,134.2977,131.2726,131.8693,127.9417,128.5199
2024-01-09,139.5300,139.5400,137.7900,138.5200,3560900,ABNB,140.2910,137.5328,131.4504,134.5029,131.3796,132.0210,128.0378,128.6294
2024-01-10,139.7600,140.8250,138.7000,139.2000,2492700,ABNB,140.1335,137.7449,131.9638,134.7091,131.4973,132.1742,128.1520,128.7402
2024-01-11,139.4500,141.2000,137.5500,140.7100,2383500,ABNB,140.0785,137.9073,132.4138,134.8950,131.6412,132.3183,128.2597,128.8468
2024-01-12,137.1400,140.9900,137.1300,139.3500,2482000,ABNB,139.7100,137.8342,132.7908,134.9831,131.7726,132.4138,128.3624,128.9293
2024-01-16,135.0200,136.0000,133.6700,135.9000,5514800,ABNB,139.0980,137.5662,133.1018,134.9845,131.8520,132.4654,128.4435,128.9899
2024-01-17,134.9800,135.0900,131.1000,132.8400,3039700,ABNB,138.5170,137.3199,133.4914,134.9843,131.9205,132.5152,128.5070,129.0495
2024-01-18,137.0400,139.5350,135.2250,137.0000,5273000,ABNB,137.9940,137.2932,133.7794,135.0649,132.0437,132.6048,128.5702,129.1290
2024-01-19,139.9300,140.2850,136.3200,138.6000,4089100,ABNB,137.6450,137.5444,134.2146,135.2557,132.1851,132.7498,128.6625,129.2365
2024-01-22,142.0100,144.0500,140.9000,141.1550,4482900,ABNB,137.6920,137.9697,134.6332,135.5206,132.3436,132.9332,128.7803,129.3636
2024-01-23,142.3000,143.9300,140.5200,142.7500,3882100,ABNB,137.7025,138.3821,135.1260,135.7865,132.4441,133.1187,128.9151,129.4923
2024-01-24,141.1900,144.1000,139.5800,143.8100,4857200,ABNB,137.7220,138.6495,135.6394,135.9984,132.5499,133.2785,129.0726,129.6087
2024-01-25,142.1100,143.2900,140.3680,143.2000,3677500,ABNB,137.8915,138.9791,136.1186,136.2380,132.6555,133.4534,129.2201,129.7331
2024-01-26,149.6200,151.5300,141.4900,142.1100,11342600,ABNB,138.5450,139.9925,136.7280,136.7628,132.8248,133.7735,129.3970,129.9310
2024-01-29,152.7000,153.3800,148.5400,150.0000,5316300,ABNB,139.3300,141.2027,137.2484,137.3878,132.9289,134.1483,129.5984,130.1575
2024-01-30,149.4400,151.0300,148.6800,150.5400,3884000,ABNB,139.9950,141.9872,137.6702,137.8604,133.0056,134.4511,129.7758,130.3494
2024-01-31,144.1400,148.7400,143.9200,148.6450,4126600,ABNB,140.4780,142.1923,138.0274,138.1067,133.0143,134.6430,129.9233,130.4866
2024-02-01,146.4900,146.8500,143.6500,144.8000,3416700,ABNB,141.1315,142.6016,138.4142,138.4355,133.0210,134.8776,130.0749,130.6458
2024-02-02,146.5500,148.0800,141.2400,143.9900,4252800,ABNB,141.7730,142.9776,138.7512,138.7537,133.0132,135.1087,130.2117,130.8041
2024-02-05,144.7800,146.4000,142.6800,146.0900,3010900,ABNB,142.2130,143.1493,139.1104,138.9900,132.9860,135.3002,130.3351,130.9432
2024-02-06,144.5300,145.1300,142.9520,145.1000,3697600,ABNB,142.4355,143.2808,139.4202,139.2073,132.9842,135.4830,130.4657,131.0783
2024-02-07,147.5500,148.7700,143.8600,145.1200,4214100,ABNB,142.8365,143.6874,139.8038,139.5344,133.0185,135.7219,130.6260,131.2422
2024-02-08,150.5400,150.6700,148.0600,149.2500,3508300,ABNB,143.3755,144.3400,140.2346,139.9660,133.0964,136.0153,130.7981,131.4343
2024-02-09,147.5950,148.6800,145.1800,145.8400,5006800,ABNB,143.7827,144.6500,140.6353,140.2652,133.1468,136.2446,130.9735,131.5951
2024-02-12,153.8000,157.3450,148.3400,148.6800,7909500,ABNB,144.6157,145.5214,141.1817,140.7960,133.2663,136.5923,131.1741,131.8160
2024-02-13,150.8200,153.0200,148.5800,149.2100,11801700,ABNB,145.4057,146.0260,141.6713,141.1891,133.3944,136.8740,131.3520,132.0051
2024-02-14,148.2000,149.5300,142.5700,146.1600,16021800,ABNB,146.0667,146.2331,141.9349,141.4640,133.5489,137.0983,131.4946,132.1662
2024-02-15,157.6900,158.2700,148.7500,148.9100,11923000,ABNB,147.0993,147.3242,142.4147,142.1003,133.8038,137.5060,131.6760,132.4202
2024-02-16,152.5100,156.1000,151.7800,156.1000,6520100,ABNB,147.7283,147.8181,142.7907,142.5085,133.9875,137.8032,131.8356,132.6201
2024-02-20,148.1500,150.6800,145.8800,150.3100,5229700,ABNB,148.0353,147.8497,143.0475,142.7298,134.1462,138.0080,131.9821,132.7746
2024-02-21,149.2400,149.2600,145.3960,145.9800,4561400,ABNB,148.3823,147.9821,143.2355,142.9851,134.2983,138.2305,132.1401,132.9385
2024-02-22,155.2600,155.7000,150.2650,151.0200,6115000,ABNB,149.0857,148.6753,143.5271,143.4664,134.4862,138.5677,132.3169,133.1606
2024-02-23,152.6600,155.3000,150.8250,153.2700,4851100,ABNB,149.6132,149.0548,143.7221,143.8270,134.6407,138.8467,132.4520,133.3546
2024-02-26,149.2700,150.1800,148.5600,149.9600,5277900,ABNB,149.5958,149.0753,143.8965,144.0404,134.7678,139.0531,132.5630,133.5130
2024-02-27,152.0600,152.4700,149.2300,150.0000,4623700,ABNB,149.5638,149.3595,144.0475,144.3549,135.0111,139.3107,132.7573,133.6975
2024-02-28,153.4300,154.9000,151.7900,152.0300,4329100,ABNB,149.7632,149.7472,144.1709,144.7108,135.2713,139.5903,132.9685,133.8939
2024-02-29,157.4700,160.0000,153.2200,153.4000,8002300,ABNB,150.4298,150.4827,144.3883,145.2112,135.5961,139.9443,133.2294,134.1284
2024-03-01,159.7200,160.9800,156.8110,157.2300,5367300,ABNB,151.0912,151.3624,144.6327,145.7801,135.9297,140.3359,133.4991,134.3831
2024-03-04,158.0900,163.0150,157.9300,159.9000,4403200,ABNB,151.6682,152.0032,144.8563,146.2629,136.2329,140.6875,133.7625,134.6190
2024-03-05,159.3300,159.9800,156.1400,157.2000,4714300,ABNB,152.3957,152.7009,145.2215,146.7753,136.5103,141.0567,134.0175,134.8649
2024-03-06,163.8700,164.5900,160.0700,160.1000,5167900,ABNB,153.3627,153.7647,145.6571,147.4457,136.8490,141.5084,134.2775,135.1535
2024-03-07,163.5400,165.3850,162.2400,165.0000,3810300,ABNB,154.1622,154.6956,146.1119,148.0768,137.2247,141.9447,134.5583,135.4359
2024-03-08,164.9100,168.1900,163.4800,166.0000,4105700,ABNB,154.8807,155.6684,146.6357,148.7370,137.6330,142.3994,134.8332,135.7292
2024-03-11,162.9900,164.2600,161.9750,163.7600,3149600,ABNB,155.6505,156.3657,147.1645,149.2959,138.0110,142.8072,135.1169,136.0004
2024-03-12,166.6700,167.0000,162.7300,163.0000,3945900,ABNB,156.2940,157.3471,147.7579,149.9772,138.4206,143.2797,135.4217,136.3056
2024-03-13,164.7600,168.0000,160.6900,162.4200,7502800,ABNB,156.9910,158.0531,148.3303,150.5570,138.8465,143.7051,135.7234,136.5887
2024-03-14,166.4400,166.7200,162.7200,165.7400,5078100,ABNB,157.9030,158.8518,148.9695,151.1798,139.3112,144.1553,136.0216,136.8858
2024-03-15,160.6400,166.5230,160.1600,166.3900,7153800,ABNB,158.0505,159.0221,149.5139,151.5508,139.7527,144.4817,136.2888,137.1221
2024-03-18,161.8600,162.8700,160.6000,161.9450,4296900,ABNB,158.5180,159.2924,150.0767,151.9551,140.1674,144.8258,136.5493,137.3683
2024-03-19,161.7900,164.1000,161.0550,161.4900,3420700,ABNB,159.2000,159.5303,150.5929,152.3408,140.5652,145.1617,136.7974,137.6113
2024-03-20,164.7100,165.7500,162.2650,162.3900,4766300,ABNB,159.9735,160.0236,151.0855,152.8258,141.0273,145.5488,137.0307,137.8809
2024-03-21,168.1800,170.1000,165.0000,165.8100,5986500,ABNB,160.6195,160.8004,151.6585,153.4280,141.5544,145.9970,137.2931,138.1824
2024-03-22,167.8600,168.8000,166.6400,167.0000,2837000,ABNB,161.3795,161.4727,152.2205,153.9939,142.0921,146.4299,137.5459,138.4777
2024-03-25,167.9900,169.0800,166.2800,167.8600,3216100,ABNB,162.3155,162.0934,152.7913,154.5428,142.6025,146.8568,137.8031,138.7714
2024-03-26,167.3900,170.0000,167.3200,169.6900,2747700,ABNB,163.0820,162.5979,153.3963,155.0466,143.0935,147.2634,138.0626,139.0561
2024-03-27,166.4100,169.1100,165.5000,169.1100,3921900,ABNB,163.7310,162.9609,154.0241,155.4922,143.5629,147.6426,138.3053,139.3283
2024-03-28,164.9600,167.3800,164.5900,166.5700,3416000,ABNB,164.1055,163.1513,154.6237,155.8635,144.0575,147.9855,138.5072,139.5833
2024-04-01,163.3700,166.7200,162.7500,166.4300,2496300,ABNB,164.2880,163.1721,155.1503,156.1579,144.4648,148.2901,138.6995,139.8200
2024-04-02,160.1100,160.9800,158.6800,160.9500,4000900,ABNB,164.3890,162.8805,155.5539,156.3129,144.8842,148.5242,138.8744,140.0219
2024-04-03,159.3400,161.3300,158.5800,158.7500,2288100,ABNB,164.3895,162.5433,155.9005,156.4316,145.2668,148.7384,139.0318,140.2141
2024-04-04,158.8400,163.6500,158.5200,161.2200,3539700,ABNB,164.1380,162.1906,156.2313,156.5260,145.6786,148.9384,139.1826,140.3995
2024-04-05,161.7700,162.7100,158.9000,159.1500,2225900,ABNB,164.0495,162.1506,156.6429,156.7317,146.1411,149.1925,139.3592,140.6121
2024-04-08,160.2700,161.1800,159.2900,160.3600,2299000,ABNB,163.8175,161.9715,157.0061,156.8704,146.5623,149.4118,139.5233,140.8077
2024-04-09,162.6600,163.2050,159.9100,161.5500,2290200,ABNB,163.8010,162.0370,157.2669,157.0975,146.9974,149.6742,139.6968,141.0251
2024-04-10,160.2800,160.9600,158.6300,159.6300,2478600,ABNB,163.4815,161.8697,157.4185,157.2223,147.3334,149.8842,139.8745,141.2167
2024-04-11,165.4200,166.2200,158.9000,159.0000,3580300,ABNB,163.5145,162.2078,157.7381,157.5438,147.7041,150.1918,140.0860,141.4576
2024-04-12,159.3700,162.7120,158.7800,162.4200,3700500,ABNB,163.1610,161.9376,158.0427,157.6154,148.0350,150.3736,140.2434,141.6358
2024-04-15,155.6000,162.9000,154.4100,161.8100,3723300,ABNB,162.9090,161.3340,158.2249,157.5363,148.3195,150.4771,140.3833,141.7747
2024-04-16,156.6600,158.9400,155.3000,155.8300,2728600,ABNB,162.6490,160.8888,158.4271,157.5020,148.5891,150.5995,140.5411,141.9229
2024-04-17,158.3700,159.7000,156.4100,158.4500,3905000,ABNB,162.4780,160.6489,158.6989,157.5360,148.9046,150.7534,140.6921,142.0865
2024-04-18,160.1000,162.9400,159.2100,159.6000,3930400,ABNB,162.2475,160.5967,159.0103,157.6366,149.2152,150.9385,140.8308,142.2657
2024-04-19,155.0100,160.3350,154.5600,159.5400,3904800,ABNB,161.5890,160.0646,159.1595,157.5336,149.4816,151.0191,140.9474,142.3926
2024-04-22,156.6100,157.2500,153.7650,156.1900,3030000,ABNB,161.0265,159.7356,159.2809,157.4973,149.7577,151.1298,141.0897,142.5340
2024-04-23,160.9500,161.1400,156.7000,157.2400,3455400,ABNB,160.6745,159.8513,159.5480,157.6327,150.0916,151.3243,141.2428,142.7173
2024-04-24,162.8400,166.7450,161.0900,164.4750,3854500,ABNB,160.4470,160.1359,159.7288,157.8369,150.4552,151.5523,141.3985,142.9175
2024-04-25,163.0100,163.7300,159.5000,161.5100,2401800,ABNB,160.2770,160.4096,159.9726,158.0398,150.8219,151.7792,141.5258,143.1174
2024-04-26,164.2300,165.1600,162.7700,163.6800,2821100,ABNB,160.2405,160.7735,160.2932,158.2826,151.1140,152.0257,141.6619,143.3275
2024-04-29,162.2500,165.5000,161.2800,164.7500,2312600,ABNB,160.1845,160.9141,160.3844,158.4382,151.3995,152.2282,141.7727,143.5158
2024-04-30,158.5700,162.0900,158.5200,160.5600,3017900,ABNB,160.1075,160.6908,160.5056,158.4433,151.6481,152.3538,141.8488,143.6656
2024-05-01,156.1600,160.9500,156.0000,157.5800,2752100,ABNB,159.9485,160.2593,160.6658,158.3538,151.8566,152.4291,141.9028,143.7899
2024-05-02,158.3300,158.4000,153.2000,157.2100,4778400,ABNB,159.9230,160.0756,160.8476,158.3528,152.0415,152.5460,141.9618,143.9346
2024-05-03,159.7100,165.5000,159.1500,161.8100,4529900,ABNB,159.8200,160.0408,160.9366,158.4061,152.2318,152.6879,142.0327,144.0915
2024-05-06,162.0000,162.4100,160.1700,161.0000,2912200,ABNB,159.9065,160.2274,161.1234,158.5470,152.4227,152.8723,142.1163,144.2697
2024-05-07,159.8100,162.8800,159.7500,161.8100,2916200,ABNB,159.7640,160.1876,161.3342,158.5965,152.6153,153.0096,142.1715,144.4244
2024-05-08,157.9000,158.6200,155.8400,157.1000,8236500,ABNB,159.6450,159.9697,161.4510,158.5692,152.7492,153.1065,142.2229,144.5584
2024-05-09,147.0500,150.0050,145.5700,146.6000,14802600,ABNB,158.7265,158.7393,161.3234,158.1175,152.7471,152.9865,142.2149,144.5832
2024-05-10,146.3200,148.1200,144.6300,147.7500,5524800,ABNB,158.0740,157.5565,161.1004,157.6548,152.7443,152.8545,142.1957,144.6005
2024-05-13,149.1300,149.2400,145.7000,147.0500,5647500,ABNB,157.7505,156.7540,160.8886,157.3205,152.7606,152.7808,142.1988,144.6456
2024-05-14,146.7000,149.4000,146.3100,149.4000,4167400,ABNB,157.2525,155.7965,160.6608,156.9040,152.7585,152.6604,142.1657,144.6660
2024-05-15,145.8000,147.6900,144.7500,147.5700,5996000,ABNB,156.6240,154.8444,160.3902,156.4686,152.8058,152.5245,142.1337,144.6773
2024-05-16,147.1900,147.7900,145.8500,146.3400,3827800,ABNB,155.9785,154.1154,160.0566,156.1047,152.8568,152.4189,142.1251,144.7023
2024-05-17,145.6600,147.4950,145.3050,146.8100,3279000,ABNB,155.5110,153.3101,159.6990,155.6951,152.9054,152.2850,142.1306,144.7118
2024-05-20,146.3700,146.4800,145.2100,146.1800,3747400,ABNB,154.9990,152.6492,159.3282,155.3294,152.9819,152.1679,142.1581,144.7283
2024-05-21,144.1000,145.7100,144.0900,145.7100,4485000,ABNB,154.1565,151.8350,158.9504,154.8891,153.0574,152.0082,142.1777,144.7221
2024-05-22,142.7100,144.2100,142.3600,143.9400,3190800,ABNB,153.1500,150.9659,158.4712,154.4115,153.1145,151.8240,142.1753,144.7021
2024-05-23,141.0400,143.4400,140.8200,142.5800,3900900,ABNB,152.0515,150.0206,157.9968,153.8871,153.1635,151.6105,142.1827,144.6656
2024-05-24,144.4700,145.9700,142.3000,142.5000,4497800,ABNB,151.0635,149.4920,157.5574,153.5178,153.2634,151.4691,142.2157,144.6637
2024-05-28,147.0100,147.8700,145.1100,146.0000,5741600,ABNB,150.3015,149.2556,157.2848,153.2626,153.3993,151.3808,142.2709,144.6870
2024-05-29,146.6100,147.1300,144.7340,144.8800,2570900,ABNB,149.7035,149.0036,156.9798,153.0017,153.5282,151.2863,142.3356,144.7062
2024-05-30,145.5200,147.5900,144.4100,145.4000,3575000,ABNB,149.1715,148.6719,156.6544,152.7083,153.6236,151.1721,142.3970,144.7143
2024-05-31,144.9300,146.4300,142.5700,145.7800,3778600,ABNB,148.5015,148.3155,156.2588,152.4033,153.6721,151.0485,142.4724,144.7164
2024-06-03,146.2500,146.9600,144.3600,145.7400,3843400,ABNB,147.8285,148.1188,155.8202,152.1620,153.7393,150.9535,142.5595,144.7317
2024-06-04,147.0800,147.9200,145.4400,145.8200,3048500,ABNB,147.0825,148.0198,155.4046,151.9627,153.8125,150.8768,142.6549,144.7550
2024-06-05,145.7800,148.7000,145.1410,147.9800,3121500,ABNB,146.3810,147.8065,154.9604,151.7202,153.8758,150.7759,142.7585,144.7652
2024-06-06,147.0000,148.7900,145.1550,145.5100,3463100,ABNB,145.8360,147.7297,154.5526,151.5351,153.9744,150.7011,142.8735,144.7875
2024-06-07,146.6600,147.0300,145.3800,146.2000,2595600,ABNB,145.8165,147.6278,154.1576,151.3439,154.0908,150.6211,142.9714,144.8061
2024-06-10,148.0700,148.3200,146.0000,146.0100,3078000,ABNB,145.9040,147.6699,153.8198,151.2155,154.2218,150.5706,143.0711,144.8386
2024-06-11,147.7500,148.7950,146.4800,147.9700,3285800,ABNB,145.8350,147.6776,153.5074,151.0796,154.3289,150.5147,143.1863,144.8676
2024-06-12,149.3200,150.2900,148.6210,149.9900,3579800,ABNB,145.9660,147.8340,153.2916,151.0106,154.4228,150.4911,143.3039,144.9119
2024-06-13,146.1000,149.0000,143.7300,148.9900,4450400,ABNB,145.9810,147.6689,153.0268,150.8181,154.4637,150.4041,143.4037,144.9237
2024-06-14,145.9700,146.0500,144.2800,145.5000,2754600,ABNB,145.9200,147.5071,152.7694,150.6279,154.5004,150.3163,143.4723,144.9341
2024-06-17,149.5000,150.1200,146.7750,147.0000,5158800,ABNB,146.1120,147.6969,152.5240,150.5837,154.5835,150.3001,143.5667,144.9795
2024-06-18,147.2900,150.5490,146.9000,149.9000,3316700,ABNB,146.1580,147.6581,152.2644,150.4545,154.6353,150.2405,143.6454,145.0025
2024-06-20,147.8800,149.7500,147.6000,147.7700,2874200,ABNB,146.3470,147.6792,151.9688,150.3536,154.6179,150.1938,143.7214,145.0311
2024-06-21,149.5700,150.0000,147.2500,148.7600,7645500,ABNB,146.6900,147.8593,151.7546,150.3228,154.5866,150.1814,143.7578,145.0763
2024-06-24,148.3900,150.0400,146.7100,149.1500,4530900,ABNB,147.0575,147.9099,151.4140,150.2470,154.5761,150.1460,143.7909,145.1093
2024-06-25,150.9100,151.2750,148.8500,148.9700,4994600,ABNB,147.3795,148.1956,151.2448,150.2730,154.6438,150.1611,143.8291,145.1670
2024-06-26,150.0000,150.3850,149.3700,149.7300,3797900,ABNB,147.5290,148.3674,151.1328,150.2623,154.6789,150.1579,143.8500,145.2151
2024-06-27,151.6100,151.8800,149.3900,150.4600,3588600,ABNB,147.7790,148.6763,151.0318,150.3152,154.7295,150.1867,143.8714,145.2787
2024-06-28,151.6300,152.9300,150.6800,151.5400,3842500,ABNB,148.0845,148.9576,150.8970,150.3667,154.7980,150.2152,143.8920,145.3419
2024-07-01,151.6300,152.2000,149.1400,152.2000,2905000,ABNB,148.4195,149.2121,150.7276,150.4163,154.8690,150.2433,143.9266,145.4045
2024-07-02,154.3400,155.2100,151.2900,151.2900,3526100,ABNB,148.8240,149.7005,150.7142,150.5702,154.9369,150.3244,143.9777,145.4934
2024-07-03,152.7300,154.4300,152.3000,153.9100,1725600,ABNB,149.1065,149.9890,150.6366,150.6549,154.9588,150.3720,144.0276,145.5654
2024-07-05,152.5000,152.8800,151.4400,152.4000,3836100,ABNB,149.4425,150.2281,150.4676,150.7272,155.0078,150.4142,144.0773,145.6344
2024-07-08,151.9600,154.2000,150.7550,152.6500,3228300,ABNB,149.6905,150.3931,150.2500,150.7756,154.9894,150.4448,144.1279,145.6973
2024-07-09,152.4500,155.6600,151.9650,152.9200,4328800,ABNB,149.9800,150.5890,150.0388,150.8412,155.0057,150.4845,144.2001,145.7645
2024-07-10,151.8400,153.2000,150.0900,153.1100,3263500,ABNB,150.1685,150.7081,149.7910,150.8804,155.0421,150.5113,144.2955,145.8250
2024-07-11,146.0000,152.0000,144.1300,150.5500,6289500,ABNB,150.0810,150.2597,149.4660,150.6890,154.9252,150.4220,144.3645,145.8267
2024-07-12,146.7800,148.0000,146.1900,146.8300,2923500,ABNB,149.9540,149.9283,149.2302,150.5357,154.8679,150.3499,144.4277,145.8362
2024-07-15,147.2200,148.4700,144.7500,145.8800,3546100,ABNB,150.0100,149.6704,149.0514,150.4057,154.8586,150.2879,144.5024,145.8500
2024-07-16,151.2600,151.6400,147.8800,148.4700,4079300,ABNB,150.2745,149.8218,148.9100,150.4392,154.8788,150.3071,144.5886,145.9038
2024-07-17,148.0000,150.1000,147.2600,149.2400,3242300,ABNB,150.1995,149.6483,148.6758,150.3435,154.8062,150.2614,144.6462,145.9247
2024-07-18,146.8800,150.1450,146.7500,148.1700,3593700,ABNB,150.1790,149.3846,148.3734,150.2077,154.7484,150.1945,144.6946,145.9342
2024-07-19,147.9900,149.1600,147.0300,147.0300,3131600,ABNB,150.1845,149.2518,148.1370,150.1207,154.7356,150.1508,144.7517,145.9546
2024-07-22,150.1800,150.3700,146.5500,148.1400,3672100,ABNB,150.2150,149.3402,147.9826,150.1231,154.7168,150.1514,144.8640,145.9967
2024-07-23,148.7500,151.2500,147.8300,150.5600,2676900,ABNB,150.2330,149.2840,148.0166,150.0692,154.6700,150.1237,144.9707,146.0241
2024-07-24,144.2300,147.1100,142.9800,146.7300,5461900,ABNB,149.8990,148.8027,147.9748,149.8402,154.5376,150.0070,145.0669,146.0062
2024-07-25,140.0300,141.9450,137.5800,141.2500,5626500,ABNB,149.4005,147.9672,147.7928,149.4555,154.3407,149.8094,145.1352,145.9468
2024-07-26,140.1000,141.9100,139.0300,141.9000,5101400,ABNB,148.8250,147.2179,147.6608,149.0886,154.1608,149.6171,145.1969,145.8886
2024-07-29,140.2900,142.4300,140.0000,141.2400,2723200,ABNB,148.2580,146.5581,147.5506,148.7436,153.9704,149.4324,145.2404,145.8329
2024-07-30,138.9900,140.9900,137.9000,140.6500,2996200,ABNB,147.6260,145.8373,147.3866,148.3611,153.7216,149.2257,145.2853,145.7648
2024-07-31,139.5600,141.2200,139.1000,140.7900,3331400,ABNB,146.8870,145.2395,147.2646,148.0160,153.4818,149.0343,145.3533,145.7030
2024-08-01,135.0900,139.7800,132.9000,139.7000,5166900,ABNB,146.0050,144.2729,147.0390,147.5091,153.1836,148.7581,145.4083,145.5974
2024-08-02,128.2300,129.6000,126.5000,129.3100,7745500,ABNB,144.7915,142.7450,146.7216,146.7530,152.8360,148.3516,145.4235,145.4246
2024-08-05,125.3100,125.9500,122.0600,123.7700,7521900,ABNB,143.4590,141.0845,146.3736,145.9121,152.4224,147.8954,145.4215,145.2245
2024-08-06,130.4700,131.4500,126.3000,126.9050,11148400,ABNB,142.3600,140.0736,146.1622,145.3065,152.0795,147.5503,145.4630,145.0777
2024-08-07,113.0100,115.5500,110.3800,112.4400,29027900,ABNB,140.4185,137.4961,145.5330,144.0400,151.5452,146.8663,145.4282,144.7586
2024-08-08,114.6400,116.4300,112.4200,113.9800,8006200,ABNB,138.8505,135.3193,144.8856,142.8871,151.0852,146.2282,145.4190,144.4589
2024-08-09,115.0800,116.2600,112.6000,114.4650,4764400,ABNB,137.2655,133.3918,144.2550,141.7966,150.6174,145.6114,145.3924,144.1666
2024-08-12,113.6200,115.5000,113.2700,115.4800,3981000,ABNB,135.5855,131.5088,143.6170,140.6916,150.1357,144.9779,145.3505,143.8626
2024-08-13,116.9000,117.7700,114.0500,114.3900,4662000,ABNB,133.8675,130.1175,143.0564,139.7586,149.6576,144.4219,145.3425,143.5943
2024-08-14,116.2400,118.7400,116.1800,117.7200,3504800,ABNB,132.2795,128.7958,142.4562,138.8363,149.1382,143.8638,145.3463,143.3222
2024-08-15,118.8800,119.1330,116.3700,118.1950,5266300,ABNB,130.8795,127.8514,141.8922,138.0537,148.6484,143.3691,145.3703,143.0790
2024-08-16,116.3100,118.8000,116.2200,117.9000,4592000,ABNB,129.2955,126.7522,141.3028,137.2010,148.1316,142.8333,145.3671,142.8126
2024-08-19,119.1400,119.3000,116.4400,116.9300,4184700,ABNB,127.7435,126.0273,140.7456,136.4927,147.6491,142.3641,145.3713,142.5771
2024-08-20,117.3800,119.2800,117.1750,118.9400,3940000,ABNB,126.1750,125.2037,140.1600,135.7432,147.1588,141.8694,145.3609,142.3263
2024-08-21,117.6800,118.2700,116.7000,118.0400,5028500,ABNB,124.8475,124.4872,139.5522,135.0349,146.6860,141.3904,145.3718,142.0811
2024-08-22,115.4500,118.3950,115.3000,117.6800,4875500,ABNB,123.6185,123.6265,138.9062,134.2668,146.2068,140.8767,145.3358,141.8161
2024-08-23,116.8500,118.7000,116.3700,116.6400,4998400,ABNB,122.4560,122.9811,138.2568,133.5838,145.7742,140.4009,145.3292,141.5677
2024-08-26,115.7100,117.3900,115.3500,116.8500,4948200,ABNB,121.2270,122.2886,137.6490,132.8829,145.3379,139.9120,145.3024,141.3104
2024-08-27,116.7400,117.4200,115.1700,115.3000,3457400,ABNB,120.1145,121.7602,137.0644,132.2498,144.9169,139.4532,145.2978,141.0659
2024-08-28,117.5300,117.7300,115.7600,116.0000,3463700,ABNB,119.0130,121.3573,136.4250,131.6726,144.4745,139.0190,145.3078,140.8317
2024-08-29,116.6000,119.3800,116.4200,118.1700,3331000,ABNB,118.0885,120.9042,135.8112,131.0815,144.0378,138.5751,145.3001,140.5906
2024-08-30,117.3100,118.0500,116.2900,116.9400,3279300,ABNB,117.5425,120.5619,135.1998,130.5414,143.5843,138.1540,145.2909,140.3590
2024-09-03,114.9800,117.8350,114.1300,116.3950,4678800,ABNB,117.0260,120.0303,134.5080,129.9312,143.1313,137.6951,145.2324,140.1064
2024-09-04,115.2100,115.9900,114.1900,114.2700,3281600,ABNB,116.2630,119.5712,133.8444,129.3539,142.6292,137.2499,145.1667,139.8587
2024-09-05,116.1600,116.4500,114.6000,114.6400,3593400,ABNB,116.4205,119.2464,133.1494,128.8365,142.1971,136.8322,145.1161,139.6229
2024-09-06,114.2800,117.2600,113.2400,116.3700,4072400,ABNB,116.4025,118.7734,132.4350,128.2656,141.7839,136.3857,145.0517,139.3707
2024-09-09,116.3600,117.9200,114.9850,115.1100,4178600,ABNB,116.4665,118.5435,131.7300,127.7988,141.3809,135.9891,144.9850,139.1418
2024-09-10,115.1200,117.4060,112.8600,117.0100,4080400,ABNB,116.5415,118.2175,130.9998,127.3015,140.9484,135.5759,144.9265,138.9028
2024-09-11,115.9600,116.1700,112.5500,115.0900,3645000,ABNB,116.4945,118.0025,130.2864,126.8568,140.5070,135.1874,144.8611,138.6745
2024-09-12,117.3600,117.3800,115.0500,116.3300,3075300,ABNB,116.5505,117.9413,129.5468,126.4844,140.1305,134.8344,144.8061,138.4624
2024-09-13,117.7500,119.2100,117.1500,117.7500,3514200,ABNB,116.4940,117.9231,128.8472,126.1418,139.7419,134.4961,144.7498,138.2563
2024-09-16,117.5500,118.3000,116.1600,117.9900,3229900,ABNB,116.5560,117.8875,128.1482,125.8049,139.3079,134.1605,144.6998,138.0503
2024-09-17,122.1200,124.7400,119.4850,119.8700,6323600,ABNB,116.7050,118.2906,127.5514,125.6604,138.9007,133.9221,144.6780,137.8918
2024-09-18,122.4200,125.6600,122.0000,122.3200,3861300,ABNB,116.9570,118.6839,126.9508,125.5333,138.4948,133.6944,144.6584,137.7378
2024-09-19,128.7500,131.3500,127.4400,127.9300,7691600,ABNB,117.5105,119.6426,126.4890,125.6595,138.1400,133.5964,144.6270,137.6484
2024-09-20,131.1800,131.9500,129.0300,129.8300,12476300,ABNB,118.2970,120.7414,126.1926,125.8760,137.8293,133.5486,144.6144,137.5840
2024-09-23,129.0300,131.6400,128.9000,131.5000,3682600,ABNB,118.9060,121.5308,125.8376,125.9996,137.5339,133.4591,144.5910,137.4989
2024-09-24,131.4800,131.6700,129.5900,130.5800,4189100,ABNB,119.6945,122.4783,125.5228,126.2146,137.2871,133.4199,144.5719,137.4390
2024-09-25,130.7100,131.9000,130.3000,131.3100,2310700,ABNB,120.3930,123.2623,125.1118,126.3908,137.0109,133.3663,144.5262,137.3721
2024-09-26,129.2500,133.3400,129.1460,132.7060,3825900,ABNB,120.9790,123.8325,124.7368,126.5030,136.7063,133.2848,144.4691,137.2912
2024-09-27,128.2500,130.3100,128.1700,130.1600,2525700,ABNB,121.5615,124.2533,124.3642,126.5715,136.3688,133.1851,144.3958,137.2013
2024-09-30,126.8100,128.2300,125.9200,127.3200,3808800,ABNB,122.0365,124.4968,123.9406,126.5808,136.0388,133.0588,144.3271,137.0979
2024-10-01,125.4700,128.2000,123.7100,127.3500,3895500,ABNB,122.5610,124.5894,123.4464,126.5373,135.7145,132.9085,144.2319,136.9822
2024-10-02,126.1800,126.4400,124.5500,125.3300,2707700,ABNB,123.1095,124.7409,122.9950,126.5233,135.5058,132.7753,144.1265,136.8747
2024-10-03,125.2900,125.5550,123.5800,124.6000,2247000,ABNB,123.5660,124.7932,122.6162,126.4749,135.2955,132.6271,144.0199,136.7594
2024-10-04,129.8500,129.9300,127.2700,128.4200,2986600,ABNB,124.3445,125.2748,122.4126,126.6073,135.1027,132.5721,143.9317,136.6907
2024-10-07,130.2300,131.3100,128.7700,129.0850,2847800,ABNB,125.0380,125.7467,122.2152,126.7493,134.9380,132.5257,143.8483,136.6264
2024-10-08,132.5000,134.4300,130.1500,130.1500,3304400,ABNB,125.9070,126.3899,122.0594,126.9748,134.8050,132.5252,143.8054,136.5853
2024-10-09,135.4900,135.7600,132.8400,133.4000,3731800,ABNB,126.8835,127.2566,121.9894,127.3088,134.6880,132.5839,143.7724,136.5744
2024-10-10,132.8100,136.3700,132.5200,135.5500,3060000,ABNB,127.6560,127.7855,121.8544,127.5245,134.5595,132.5884,143.7325,136.5370
2024-10-11,134.4000,135.3550,132.3000,132.3000,2714700,ABNB,128.4885,128.4154,121.8406,127.7941,134.4398,132.6243,143.7109,136.5157
2024-10-14,134.7900,134.9800,133.4200,133.9700,2314000,ABNB,129.3505,129.0225,121.9718,128.0685,134.3467,132.6671,143.7021,136.4985
2024-10-15,133.2700,134.0000,132.3000,133.5100,3502700,ABNB,129.9080,129.4271,122.1310,128.2725,134.2523,132.6791,143.6834,136.4664
2024-10-16,135.1500,137.3950,134.3200,134.7300,3691500,ABNB,130.5445,129.9721,122.2246,128.5422,134.1934,132.7280,143.6785,136.4533
2024-10-17,136.0200,136.6500,135.1100,135.7000,3814000,ABNB,130.9080,130.5481,122.6848,128.8354,134.1089,132.7932,143.6862,136.4490
2024-10-18,136.4500,136.8900,135.1600,136.8100,2391100,ABNB,131.1715,131.1102,123.1210,129.1340,134.0033,132.8656,143.7013,136.4490
2024-10-21,137.1900,137.9900,135.1300,135.6600,2900500,ABNB,131.5795,131.6892,123.5632,129.4499,133.9091,132.9512,143.7187,136.4564
2024-10-22,135.5900,136.3500,135.3320,136.1100,2408400,ABNB,131.7850,132.0607,124.0026,129.6907,133.8098,133.0035,143.7167,136.4478
2024-10-23,131.9200,136.2000,131.2700,135.0000,3444600,ABNB,131.8455,132.0473,124.3030,129.7782,133.6797,132.9820,143.6759,136.4027
2024-10-24,132.7500,133.7500,131.6600,133.5500,2677700,ABNB,132.0205,132.1142,124.6332,129.8947,133.5447,132.9774,143.6420,136.3664
2024-10-25,134.5800,135.2800,133.1700,133.3800,2552100,ABNB,132.3370,132.3491,124.9472,130.0784,133.4197,133.0092,143.6161,136.3486
2024-10-28,135.7800,137.3000,135.4000,136.3000,3260400,ABNB,132.7855,132.6758,125.3366,130.3020,133.3197,133.0640,143.5978,136.3429
2024-10-29,137.7800,138.3500,135.2440,135.3300,2871900,ABNB,133.4010,133.1619,125.7094,130.5953,133.2275,133.1574,143.6010,136.3572
2024-10-30,136.5000,138.6600,136.3100,136.4700,3010500,ABNB,133.9170,133.4798,126.0918,130.8268,133.1259,133.2236,143.6084,136.3587
2024-10-31,134.7900,138.0600,134.2600,137.7000,5049100,ABNB,134.3920,133.6046,126.4340,130.9823,132.9931,133.2546,143.6074,136.3430
2024-11-01,136.4600,136.8800,133.8050,133.9600,3707600,ABNB,134.7225,133.8766,126.8542,131.1971,132.8802,133.3181,143.6045,136.3442
2024-11-04,136.8700,137.5500,135.4500,136.2300,2459700,ABNB,135.0545,134.1617,127.2546,131.4195,132.7557,133.3884,143.5892,136.3494
2024-11-05,137.8200,140.8700,137.0700,137.5500,4989200,ABNB,135.3205,134.5101,127.6968,131.6705,132.6729,133.4762,143.5683,136.3641
2024-11-06,140.9100,142.9500,139.4100,141.9800,5110900,ABNB,135.5915,135.1196,128.1802,132.0329,132.6223,133.6234,143.5613,136.4093
2024-11-07,147.3700,148.6400,141.7000,141.7600,11988900,ABNB,136.3195,136.2863,128.7770,132.6343,132.6010,133.8956,143.5922,136.5184
2024-11-08,134.6100,137.7100,132.7600,134.6700,19189000,ABNB,136.3300,136.1266,129.1372,132.7118,132.4742,133.9098,143.5547,136.4994
2024-11-11,137.4000,139.1600,135.1200,136.0000,6535100,ABNB,136.4605,136.2479,129.5390,132.8957,132.3694,133.9789,143.4936,136.5083
2024-11-12,133.2000,136.1200,133.1300,135.6500,6903500,ABNB,136.4570,135.9576,129.9034,132.9076,132.2057,133.9635,143.3961,136.4754
2024-11-13,132.7600,135.1300,131.3310,133.8300,4922600,ABNB,136.3375,135.6531,130.2544,132.9018,132.0494,133.9396,143.3127,136.4385
2024-11-14,134.5600,136.6600,133.1500,133.9700,4777600,ABNB,136.2645,135.5490,130.6224,132.9668,131.8859,133.9519,143.2648,136.4198
2024-11-15,132.5000,134.5300,131.3100,134.2000,4798700,ABNB,136.0670,135.2586,130.9868,132.9485,131.7109,133.9232,143.1949,136.3808
2024-11-18,132.1900,133.4500,131.5800,132.5600,4507400,ABNB,135.8170,134.9664,131.3034,132.9188,131.5167,133.8888,143.1231,136.3391
2024-11-19,131.4400,131.9600,129.8700,131.1500,5172400,ABNB,135.6095,134.6305,131.6298,132.8608,131.3148,133.8403,143.0564,136.2903
2024-11-20,135.2500,135.3800,130.2200,130.2200,5537400,ABNB,135.7760,134.6895,132.0156,132.9545,131.1510,133.8683,143.0100,136.2800
2024-11-21,133.2600,134.9500,132.5800,134.1800,4061100,ABNB,135.8015,134.5534,132.3336,132.9665,130.9402,133.8562,142.9385,136.2499
2024-11-22,137.3400,140.7600,133.3000,133.3000,6301100,ABNB,135.9395,134.8188,132.7254,133.1380,130.7863,133.9252,142.8725,136.2608
2024-11-25,140.9300,141.0000,137.7500,138.0100,7930500,ABNB,136.1970,135.4008,133.1930,133.4435,130.6706,134.0639,142.8392,136.3072
2024-11-26,139.6700,141.7500,139.1800,140.7800,3228200,ABNB,136.2915,135.8074,133.5440,133.6877,130.5477,134.1749,142.7685,136.3407
2024-11-27,138.2800,140.4100,137.6800,139.6700,2657000,ABNB,136.3805,136.0429,133.8612,133.8678,130.4060,134.2562,142.7058,136.3600
2024-11-29,136.1100,139.5300,135.8330,138.5300,2664200,ABNB,136.4465,136.0493,134.0084,133.9557,130.2487,134.2929,142.6454,136.3575
2024-12-02,137.4900,137.6000,135.6900,136.0100,3608700,ABNB,136.4980,136.1865,134.1346,134.0943,130.1636,134.3562,142.5444,136.3688
2024-12-03,137.4600,138.3700,135.3760,136.9700,4681000,ABNB,136.5275,136.3078,134.3032,134.2263,130.0704,134.4177,142.4691,136.3796
2024-12-04,139.0700,139.1500,134.8500,136.5500,3893400,ABNB,136.5900,136.5708,134.4550,134.4163,129.9889,134.5098,142.4238,136.4064
2024-12-05,136.3200,140.3800,135.5100,138.8400,6174900,ABNB,136.3605,136.5469,134.5672,134.4909,129.8395,134.5457,142.3592,136.4055
2024-12-06,136.9200,138.8600,136.5600,137.7500,4295800,ABNB,135.8380,136.5825,134.7206,134.5862,129.7287,134.5927,142.2675,136.4106
2024-12-09,137.2700,138.9700,136.5900,137.0000,3648700,ABNB,135.9710,136.6480,134.9010,134.6914,129.6326,134.6457,142.1905,136.4192
2024-12-10,138.3000,139.8900,136.6200,137.1900,4777800,ABNB,136.0160,136.8053,135.1308,134.8329,129.5357,134.7181,142.1357,136.4379
2024-12-11,138.8400,140.1700,137.2100,138.6800,4096100,ABNB,136.2980,136.9991,135.3982,134.9901,129.4223,134.7997,142.0696,136.4618
2024-12-12,137.4700,139.1000,134.4000,138.1000,4254100,ABNB,136.5335,137.0439,135.6240,135.0873,129.3095,134.8526,141.9898,136.4718
2024-12-13,130.9500,137.0190,130.7500,136.6500,5288500,ABNB,136.3530,136.4635,135.7372,134.9251,129.1767,134.7753,141.8572,136.4169
2024-12-16,132.2000,133.2800,129.1700,131.2200,4136300,ABNB,136.3380,136.0575,135.7842,134.8182,129.0984,134.7243,141.7196,136.3749
2024-12-17,132.2400,132.6100,130.8800,132.2000,3125800,ABNB,136.3405,135.6939,135.8244,134.7171,129.0198,134.6751,141.5903,136.3338
2024-12-18,127.5400,133.7100,127.2300,132.0250,4236700,ABNB,136.1455,134.9174,135.7252,134.4357,128.8923,134.5338,141.4314,136.2463
2024-12-19,129.3500,131.0800,127.9100,129.1300,4744000,ABNB,135.8505,134.3871,135.6024,134.2362,128.7959,134.4311,141.2588,136.1777
2024-12-20,134.2100,135.8200,128.3400,128.6300,15471700,ABNB,135.8980,134.3703,135.6304,134.2352,128.7424,134.4268,141.1121,136.1581
2024-12-23,134.5200,135.5800,132.2100,134.8100,4728300,ABNB,135.7570,134.3845,135.6328,134.2464,128.7367,134.4286,140.9602,136.1418
2024-12-24,134.9900,135.0700,132.8300,134.3300,1677100,ABNB,135.4600,134.4422,135.6368,134.2755,128.8043,134.4397,140.8202,136.1303
2024-12-26,135.3200,136.2700,134.2400,134.2400,2067000,ABNB,135.2425,134.5258,135.6778,134.3165,128.9044,134.4572,140.6634,136.1223
2024-12-27,133.3850,134.5000,132.1600,133.5900,2650100,ABNB,134.9978,134.4171,135.6425,134.2800,128.9336,134.4359,140.5065,136.0950
2024-12-30,131.8100,132.6100,129.8500,131.3100,2458800,ABNB,134.7828,134.1688,135.5583,134.1831,129.1215,134.3839,140.3334,136.0524
2024-12-31,131.4100,133.1900,131.2700,132.4600,2312300,ABNB,134.4788,133.9061,135.4575,134.0743,129.2893,134.3250,140.1872,136.0062
2025-01-02,131.4800,134.2300,130.4100,131.8700,2605800,ABNB,134.1798,133.6750,135.3433,133.9726,129.4532,134.2687,140.0353,135.9612
2025-01-03,135.7100,136.3600,131.9400,131.9800,3606900,ABNB,134.0118,133.8688,135.3457,134.0407,129.6742,134.2972,139.9049,135.9587
2025-01-06,135.2000,138.1000,134.5800,137.0000,4174500,ABNB,133.9558,133.9956,135.4113,134.0862,129.8571,134.3151,139.7574,135.9511
2025-01-07,131.2900,136.7650,130.8100,135.3500,4290500,ABNB,133.6743,133.7379,135.3821,133.9765,130.0076,134.2552,139.5729,135.9047
2025-01-08,130.8000,131.6300,130.1000,131.2000,3204700,ABNB,133.3508,133.4581,135.3065,133.8520,130.1268,134.1868,139.3876,135.8539
2025-01-10,129.6300,133.0500,128.8000,131.3000,4325400,ABNB,132.9173,133.0936,135.1835,133.6864,130.2601,134.0966,139.1958,135.7920
2025-01-13,128.8500,130.1300,128.0830,128.5850,3510600,ABNB,132.4178,132.6894,135.0049,133.4967,130.3572,133.9927,139.0031,135.7229
2025-01-14,127.6000,131.1000,127.1700,129.8200,3998900,ABNB,131.9243,132.2047,134.8269,133.2655,130.4594,133.8661,138.8091,135.6421
2025-01-15,132.5200,133.1500,130.1600,130.1900,3732900,ABNB,132.0028,132.2347,134.7815,133.2363,130.6078,133.8394,138.6469,135.6111
2025-01-16,132.1600,132.9500,129.8200,132.0000,2904800,ABNB,132.0008,132.2276,134.6955,133.1941,130.7749,133.8062,138.4908,135.5767
2025-01-17,135.1200,135.6200,132.6900,134.1700,3751200,ABNB,132.1448,132.5031,134.6605,133.2696,130.9576,133.8322,138.3659,135.5722
2025-01-21,133.0700,135.6400,131.2400,135.4700,5396800,ABNB,132.4213,132.5571,134.5655,133.2618,131.1312,133.8171,138.2345,135.5473
2025-01-22,132.5000,135.0000,132.3400,133.0000,5028500,ABNB,132.5788,132.5516,134.3973,133.2319,131.2888,133.7910,138.1028,135.5170
2025-01-23,133.2400,133.6400,131.7750,132.4000,3967800,ABNB,132.5303,132.6172,134.1147,133.2322,131.4459,133.7801,137.9602,135.4943
2025-01-24,127.0900,132.7200,126.7200,132.6100,6966900,ABNB,132.1588,132.0908,133.9643,132.9913,131.5508,133.6476,137.7943,135.4107
2025-01-27,128.9600,129.0600,125.6400,125.9400,4807000,ABNB,131.8573,131.7926,133.7955,132.8332,131.6673,133.5548,137.6258,135.3465
2025-01-28,131.0500,131.4200,126.8600,128.6700,5929900,ABNB,131.6438,131.7219,133.7525,132.7633,131.8280,133.5052,137.4796,135.3037
2025-01-29,132.5800,134.0500,130.8900,131.4200,3627500,ABNB,131.6035,131.8036,133.7489,132.7561,132.0017,133.4869,137.3154,135.2766
2025-01-30,131.7900,134.3710,130.8500,133.5600,2440500,ABNB,131.6025,131.8023,133.6935,132.7182,132.1580,133.4533,137.1775,135.2419
2025-01-31,131.1700,134.4500,130.5700,132.2800,3046700,ABNB,131.5905,131.7421,133.6669,132.6575,132.3269,133.4081,137.0554,135.2014
2025-02-03,129.7800,130.9550,127.5150,129.1900,2745000,ABNB,131.5055,131.5552,133.6187,132.5447,132.4611,133.3362,136.9210,135.1475
2025-02-04,130.7400,131.4900,129.0800,129.5800,2687200,ABNB,131.2570,131.4776,133.6047,132.4739,132.6173,133.2848,136.7828,135.1036
2025-02-05,129.6000,130.3400,128.1000,130.2700,3000700,ABNB,130.9770,131.2988,133.4917,132.3612,132.7537,133.2118,136.6303,135.0489
2025-02-06,132.5700,133.1900,130.1500,130.1600,3704400,ABNB,131.0410,131.4198,133.4779,132.3694,132.9058,133.1991,136.5181,135.0242
2025-02-07,134.9800,139.5000,133.9060,134.7000,5933200,ABNB,131.2500,131.7589,133.4307,132.4718,133.0781,133.2344,136.4100,135.0238
2025-02-10,135.2400,136.3600,133.1600,136.3000,4760100,ABNB,131.5305,132.0904,133.3169,132.5803,133.2550,133.2741,136.2814,135.0259
2025-02-11,134.5200,136.2500,134.0900,134.9100,4043000,ABNB,131.8140,132.3218,133.2139,132.6564,133.3790,133.2988,136.1398,135.0209
2025-02-12,140.5200,141.2000,132.7900,133.0700,6147200,ABNB,132.4600,133.1026,133.2587,132.9648,133.5600,133.4418,136.0274,135.0756
2025-02-13,141.0400,141.9400,138.7600,139.6400,12745300,ABNB,132.8860,133.8585,133.3573,133.2814,133.6829,133.5922,135.9114,135.1349
2025-02-14,161.4200,163.9300,156.9300,158.1850,21649300,ABNB,134.3490,136.4834,133.8359,134.3849,133.9853,134.1433,135.9073,135.3965
2025-02-18,160.6000,162.5760,158.0700,161.0400,8144500,ABNB,135.6230,138.7803,134.2987,135.4130,134.3010,134.6672,135.9174,135.6473
2025-02-19,157.9800,160.0000,155.2100,160.0000,6906100,ABNB,136.8685,140.6088,134.6769,136.2979,134.5660,135.1288,135.9265,135.8695
2025-02-20,155.3100,157.7500,152.4700,156.3200,5099700,ABNB,138.0090,142.0089,135.0567,137.0435,134.8120,135.5284,135.9114,136.0629
2025-02-21,146.0700,154.5650,145.7500,154.5650,7356400,ABNB,138.6505,142.3957,135.2397,137.3975,134.9802,135.7372,135.8432,136.1625
2025-02-24,144.8200,147.0700,143.8800,147.0000,4478900,ABNB,139.5370,142.6266,135.3907,137.6886,135.1459,135.9171,135.7573,136.2486
2025-02-25,141.5500,145.1600,140.4000,144.7850,6189200,ABNB,140.1665,142.5240,135.4557,137.8400,135.2933,136.0286,135.6660,136.3014
2025-02-26,144.0300,145.1300,142.2200,143.1600,2909400,ABNB,140.8155,142.6675,135.5595,138.0827,135.4789,136.1870,135.5967,136.3783
2025-02-27,139.4500,145.6900,139.0500,144.6300,4411800,ABNB,141.1590,142.3610,135.5991,138.1364,135.6116,136.2517,135.5587,136.4089
2025-02-28,138.8700,140.1600,137.5900,139.5000,6253100,ABNB,141.5130,142.0286,135.7575,138.1651,135.7474,136.3035,135.5214,136.4333
2025-03-03,140.9800,144.7500,139.9010,140.3400,6688900,ABNB,142.0035,141.9287,135.9331,138.2755,135.8587,136.3961,135.4807,136.4786
2025-03-04,141.4200,143.2300,137.8200,139.9950,4799500,ABNB,142.5855,141.8803,136.1167,138.3988,135.9706,136.4956,135.4543,136.5277
2025-03-05,142.5800,142.7900,139.2100,141.8700,3881600,ABNB,143.1775,141.9469,136.4175,138.5628,136.0714,136.6161,135.4382,136.5880
2025-03-06,134.7700,140.3250,134.6100,140.3250,5924300,ABNB,143.4360,141.2634,136.5259,138.4141,136.0642,136.5795,135.3761,136.5699
2025-03-07,134.3900,134.7300,130.3700,134.7100,5616600,ABNB,143.5270,140.6088,136.5295,138.2563,136.0800,136.5362,135.3197,136.5482
2025-03-10,132.1500,135.9400,130.2000,134.5700,7493000,ABNB,143.3855,139.8032,136.4821,138.0168,136.0575,136.4493,135.2486,136.5044
2025-03-11,125.4400,130.7690,123.7000,129.9800,9318400,ABNB,142.8955,138.4353,136.2911,137.5236,135.9640,136.2313,135.1553,136.3943
2025-03-12,126.5500,127.4800,123.5310,127.0000,4834100,ABNB,142.4970,137.3033,136.1157,137.0933,135.8968,136.0396,135.0745,136.2964
2025-03-13,119.3800,126.2200,119.1500,124.9900,7669700,ABNB,141.4400,135.5963,135.8356,136.3986,135.7391,135.7097,134.9662,136.1281
2025-03-14,122.8600,124.4500,121.5700,121.8800,4418200,ABNB,140.5310,134.3834,135.6566,135.8677,135.6075,135.4552,134.8582,135.9960
2025-03-17,126.9400,128.0000,123.7500,123.9000,5266200,ABNB,138.8070,133.6745,135.5672,135.5176,135.5124,135.2866,134.7578,135.9059
2025-03-18,124.5600,126.0700,123.0000,126.0000,3918000,ABNB,137.0050,132.8064,135.4288,135.0879,135.3861,135.0742,134.6476,135.7930
2025-03-19,126.0000,127.0800,124.1200,125.1000,4353100,ABNB,135.4060,132.1582,135.2346,134.7315,135.2902,134.8945,134.5500,135.6956
2025-03-20,126.1500,127.7700,124.3600,124.7000,3260600,ABNB,133.9480,131.5860,135.0536,134.3950,135.2325,134.7214,134.4561,135.6006
2025-03-21,128.8000,129.2500,123.3000,124.6550,8704200,ABNB,133.0845,131.3207,135.0038,134.1755,135.1930,134.6041,134.3688,135.5329
2025-03-24,129.8200,130.7200,128.6900,130.2450,3706200,ABNB,132.3345,131.1777,134.9842,134.0047,135.1454,134.5094,134.2825,135.4761
2025-03-25,129.8800,130.7600,128.5500,129.5500,4362900,ABNB,131.7510,131.0541,134.9892,133.8430,135.0864,134.4177,134.2030,135.4204
2025-03-26,128.6400,131.0000,127.8500,129.9700,3502100,ABNB,130.9815,130.8242,134.9850,133.6389,134.9950,134.3033,134.1112,135.3529
2025-03-27,125.6500,127.0900,123.4300,126.0150,4904500,ABNB,130.2915,130.3314,134.9460,133.3257,134.8865,134.1319,134.0062,135.2564
2025-03-28,120.6900,125.5400,119.9400,125.5400,3997100,ABNB,129.3825,129.4132,134.7094,132.8301,134.7455,133.8658,133.8693,135.1115
2025-03-31,119.4600,119.9500,115.6800,118.8100,7090000,ABNB,128.3065,128.4653,134.4554,132.3058,134.5755,133.5805,133.7278,134.9557
2025-04-01,121.1800,121.3500,117.8000,119.6700,3916400,ABNB,127.2945,127.7714,134.1766,131.8695,134.4186,133.3350,133.5871,134.8187
2025-04-02,122.8000,124.5900,119.0800,119.4800,5184800,ABNB,126.3055,127.2980,133.9712,131.5138,134.2684,133.1263,133.4706,134.6991
2025-04-03,113.9700,117.1800,111.8000,116.6200,7950600,ABNB,125.2655,126.0286,133.6006,130.8259,133.9990,132.7470,133.3106,134.4928
2025-04-04,106.6600,110.4200,104.7300,109.2600,10259900,ABNB,123.8790,124.1840,133.0690,129.8782,133.5919,132.2304,133.0964,134.2159
2025-04-07,106.3000,110.9100,99.8800,103.0100,9975600,ABNB,122.5865,122.4808,132.6532,128.9535,133.3088,131.7170,132.8915,133.9381
2025-04-08,105.6900,112.9700,104.1500,110.7400,7661500,ABNB,121.5990,120.8817,132.1878,128.0412,132.9917,131.2016,132.6805,133.6570
2025-04-09,121.3200,123.2950,105.3900,105.7300,12840700,ABNB,121.3375,120.9234,131.9932,127.7777,132.8729,131.0059,132.5393,133.5343
2025-04-10,113.9100,118.5000,110.0600,117.6100,6929600,ABNB,121.0640,120.2555,131.6198,127.2338,132.6844,130.6674,132.3669,133.3390
2025-04-11,114.5400,115.4300,111.5900,113.8700,4817300,ABNB,120.6480,119.7111,131.2748,126.7360,132.4842,130.3480,132.1850,133.1519
2025-04-14,113.2200,118.2900,112.5500,117.3000,4338000,ABNB,119.9620,119.0929,130.9158,126.2060,132.2914,130.0088,132.0011,132.9536
2025-04-15,114.6400,115.7100,113.5200,114.2250,5182400,ABNB,119.4660,118.6688,130.6130,125.7524,132.1159,129.7045,131.8163,132.7714
2025-04-16,112.6400,115.6200,111.0300,113.5800,5026300,ABNB,118.7980,118.0947,130.2510,125.2382,131.9279,129.3666,131.6213,132.5711
2025-04-17,112.7000,114.0000,111.8600,113.7500,4454600,ABNB,118.1255,117.5809,129.9130,124.7465,131.7024,129.0366,131.4267,132.3734
2025-04-21,111.6100,113.4000,109.7900,111.3200,5695000,ABNB,117.2660,117.0122,129.4938,124.2314,131.4859,128.6915,131.2130,132.1668
2025-04-22,114.9100,115.8000,112.0500,112.5900,4827200,ABNB,116.5205,116.8120,129.0924,123.8658,131.2616,128.4186,131.0239,131.9950
2025-04-23,118.2800,122.3200,116.7200,119.7000,5183400,ABNB,115.9405,116.9518,128.7532,123.6468,131.0351,128.2178,130.8528,131.8586
2025-04-24,121.7100,121.8900,118.0000,118.8600,3690300,ABNB,115.5940,117.4050,128.4970,123.5708,130.8555,128.0890,130.7016,131.7576
2025-04-25,122.5100,123.0900,120.8300,121.4300,2905000,ABNB,115.4370,117.8912,128.1368,123.5292,130.6978,127.9785,130.5519,131.6656
2025-04-28,123.3000,125.2300,122.1100,122.5100,5608800,ABNB,115.5675,118.4063,127.7820,123.5202,130.5697,127.8858,130.4092,131.5823
2025-04-29,125.4900,125.9900,123.1600,123.2800,6525400,ABNB,115.8690,119.0809,127.0634,123.5975,130.4497,127.8384,130.3066,131.5217
2025-04-30,121.9200,122.2500,118.0500,121.0550,7534200,ABNB,115.9060,119.3513,126.2898,123.5317,130.2943,127.7212,130.1823,131.4262
2025-05-01,124.0100,125.0800,121.9000,121.9200,9431800,ABNB,115.9665,119.7950,125.6104,123.5504,130.1437,127.6477,130.0663,131.3524
2025-05-02,125.2600,126.5600,120.1340,121.1000,11301600,ABNB,116.5310,120.3155,125.0094,123.6175,130.0331,127.6004,129.9363,131.2918
2025-05-05,124.8900,127.5900,122.3000,123.3550,6761400,ABNB,117.4425,120.7512,124.5858,123.6674,129.9128,127.5468,129.8207,131.2281
2025-05-06,121.6700,124.5000,121.5700,123.1450,5229300,ABNB,118.2110,120.8387,124.1228,123.5891,129.7568,127.4304,129.6947,131.1330
2025-05-07,123.1200,123.6500,120.4100,121.3350,3423600,ABNB,119.0825,121.0559,123.7542,123.5707,129.6050,127.3450,129.5703,131.0532
2025-05-08,126.3900,127.6300,123.6200,124.6250,3819900,ABNB,119.3360,121.5639,123.4014,123.6812,129.4805,127.3261,129.4514,131.0068
2025-05-09,127.0400,127.3300,123.4000,124.9600,6145200,ABNB,119.9925,122.0855,123.1532,123.8129,129.3762,127.3205,129.3428,130.9674
2025-05-12,134.2100,134.8500,132.1400,133.1600,7198300,ABNB,120.9760,123.2402,123.0600,124.2207,129.4088,127.4569,129.2927,130.9996
2025-05-13,138.0500,138.5300,133.7500,134.6200,6890700,ABNB,122.2175,124.6506,123.0014,124.7630,129.4673,127.6666,129.2828,131.0698
2025-05-14,137.4500,139.8350,137.1000,138.3500,6148700,ABNB,123.3580,125.8696,122.9220,125.2605,129.5194,127.8604,129.2696,131.1333
2025-05-15,136.7900,137.7800,135.2700,137.0800,3463300,ABNB,124.5655,126.9097,122.8062,125.7127,129.6119,128.0372,129.2521,131.1895
2025-05-16,138.0000,138.4500,136.2100,137.5500,3690200,ABNB,125.8305,127.9659,122.8708,126.1945,129.6984,128.2345,129.2471,131.2573
2025-05-19,136.6000,137.3700,135.0300,135.3100,4904700,ABNB,127.0800,128.7882,122.9150,126.6026,129.7223,128.4001,129.2323,131.3105
2025-05-20,132.1300,134.6000,131.3900,133.7550,6607900,ABNB,127.9410,129.1065,122.9146,126.8193,129.6984,128.4740,129.2175,131.3186
2025-05-21,127.5200,130.7900,126.9700,130.6800,6687400,ABNB,128.4030,128.9554,122.9562,126.8468,129.6237,128.4551,129.2140,131.2808
2025-05-22,127.6500,128.3290,125.9400,126.7900,6451800,ABNB,128.7000,128.8310,122.9782,126.8783,129.5470,128.4392,129.2257,131.2447
2025-05-23,126.7200,127.3750,125.0000,125.0900,4371500,ABNB,128.9105,128.6300,123.1250,126.8721,129.4803,128.4051,129.2069,131.1997
2025-05-27,129.4000,130.4000,128.3450,128.6800,7243800,ABNB,129.2155,128.7033,123.2558,126.9712,129.4562,128.4248,129.2889,131.1818
2025-05-28,128.6700,129.5500,127.6650,129.4500,4752200,ABNB,129.3745,128.7002,123.2904,127.0379,129.4288,128.4297,129.3590,131.1568
2025-05-29,128.3600,130.0000,126.9600,130.0000,4680600,ABNB,129.6965,128.6678,123.3664,127.0897,129.3976,128.4283,129.4254,131.1290
2025-05-30,129.0000,129.2500,125.0000,125.5000,9562900,ABNB,129.9460,128.6994,123.4264,127.1646,129.3305,128.4396,129.5023,131.1078
2025-06-02,129.6200,129.7700,127.9850,128.8500,5223100,ABNB,130.1640,128.7871,123.4958,127.2609,129.2747,128.4630,129.5659,131.0930
2025-06-03,132.9000,133.4900,128.9500,129.5000,5809300,ABNB,130.5645,129.1788,123.5778,127.4821,129.2908,128.5509,129.6492,131.1109
2025-06-04,133.5100,134.8550,131.6400,132.2800,4501000,ABNB,131.1565,129.5913,123.6516,127.7184,129.3179,128.6491,129.7224,131.1348
2025-06-05,137.2900,137.8030,133.5000,133.5000,5858000,ABNB,131.8650,130.3245,123.7998,128.0938,129.3945,128.8202,129.8273,131.1961
2025-06-06,140.6400,143.8800,138.9500,139.1800,9053500,ABNB,132.5775,131.3069,124.0398,128.5858,129.5124,129.0542,129.9348,131.2900
2025-06-09,139.0100,141.5260,138.3400,141.4700,3990000,ABNB,133.1760,132.0405,124.3070,128.9946,129.6265,129.2514,130.0429,131.3668
2025-06-10,138.5600,140.6050,138.1350,139.2200,4138000,ABNB,133.3935,132.6614,124.6644,129.3697,129.6869,129.4357,130.1473,131.4384
2025-06-11,138.0600,140.3700,137.1150,140.2400,4020200,ABNB,133.3940,133.1756,125.0364,129.7105,129.7459,129.6065,130.2604,131.5043
2025-06-12,138.8100,139.4050,136.7000,137.1300,3461000,ABNB,133.4620,133.7122,125.3890,130.0673,129.7828,129.7887,130.3702,131.5770
2025-06-13,135.5400,136.6300,134.6800,136.0800,5090900,ABNB,133.3995,133.8863,125.6438,130.2820,129.8075,129.9026,130.4693,131.6164
2025-06-16,137.2100,139.2900,136.8300,138.5600,3406800,ABNB,133.3600,134.2028,126.1086,130.5536,129.8546,130.0473,130.5717,131.6721
2025-06-17,133.3700,136.1600,132.8900,136.0900,4773800,ABNB,133.1985,134.1235,126.6428,130.6641,129.8559,130.1131,130.6509,131.6890
2025-06-18,132.1700,133.8150,131.6900,132.7100,3702500,ABNB,133.2005,133.9375,127.1602,130.7231,129.9067,130.1538,130.7287,131.6938
2025-06-20,131.7300,132.6400,131.3900,132.0000,7968000,ABNB,133.4110,133.7272,127.6810,130.7626,129.9344,130.1850,130.8008,131.6941
2025-06-23,130.5300,131.5300,127.0400,131.5300,4250200,ABNB,133.5550,133.4227,127.8652,130.7535,129.9292,130.1919,130.8786,131.6825
2025-06-24,132.1500,132.7250,130.3600,131.9200,5045600,ABNB,133.8265,133.3015,128.2300,130.8083,129.9249,130.2306,130.9633,131.6872
2025-06-25,129.6700,133.0300,128.7700,132.8000,3765600,ABNB,133.8400,132.9557,128.5326,130.7636,129.9037,130.2195,131.0308,131.6671
2025-06-26,133.7200,134.1800,128.3150,130.3300,5138300,ABNB,134.0925,133.0284,128.9426,130.8796,129.9292,130.2889,131.1280,131.6876
2025-06-27,134.5200,134.5800,132.1000,134.0100,4930600,ABNB,134.4005,133.1705,129.3402,131.0223,129.9766,130.3726,131.2188,131.7157
2025-06-30,132.3400,135.0600,131.9450,135.0600,3665900,ABNB,134.5675,133.0914,129.7342,131.0740,129.9926,130.4116,131.3049,131.7219
2025-07-01,135.4100,136.6900,132.1200,132.2250,3919600,ABNB,134.8570,133.3122,130.1884,131.2440,130.0507,130.5106,131.4022,131.7586
2025-07-02,135.3900,136.0900,134.3900,135.2200,2668000,ABNB,134.9815,133.5101,130.6640,131.4066,130.0789,130.6072,131.4923,131.7948
2025-07-03,136.4900,138.1900,136.2300,136.2700,2628600,ABNB,135.1305,133.7939,131.0956,131.6060,130.0940,130.7237,131.5860,131.8415
2025-07-07,137.0000,137.6300,135.2000,135.8600,3550400,ABNB,135.1160,134.0993,131.4700,131.8175,130.1116,130.8480,131.6833,131.8928
2025-07-08,136.9900,138.5500,136.5500,137.5000,3144500,ABNB,134.9335,134.3746,131.7756,132.0204,130.1363,130.9696,131.7576,131.9435
2025-07-09,136.8500,138.2700,136.5000,137.4500,4311200,ABNB,134.8255,134.6103,132.0624,132.2098,130.0996,131.0860,131.8298,131.9924
2025-07-10,137.0000,138.4150,136.0500,137.0550,4933600,ABNB,134.7475,134.8379,132.3364,132.3976,130.0592,131.2032,131.8710,132.0422
2025-07-11,135.3500,137.0000,135.2000,136.1200,3123600,ABNB,134.6120,134.8867,132.5336,132.5134,129.7985,131.2853,131.8919,132.0751
2025-07-14,138.5700,139.4680,134.7000,135.0000,4575000,ABNB,134.6000,135.2375,132.8666,132.7509,129.5782,131.4295,131.9396,132.1397
2025-07-15,136.5400,140.1400,136.4800,139.4600,3315600,ABNB,134.6500,135.3615,133.1172,132.8995,129.3638,131.5307,131.9649,132.1835
2025-07-16,136.7100,137.1500,135.4200,136.9400,3319300,ABNB,134.6250,135.4899,133.3462,133.0489,129.1778,131.6333,131.9949,132.2286
2025-07-17,139.3000,139.5700,137.2600,137.5800,3495900,ABNB,134.9215,135.8528,133.6344,133.2941,129.1101,131.7851,132.0451,132.2989
2025-07-18,139.3400,140.7400,138.9200,139.9900,2983100,ABNB,135.2800,136.1849,133.9878,133.5312,129.0553,131.9347,132.1006,132.3690
2025-07-21,138.0700,139.8000,137.9600,139.3200,2697600,ABNB,135.5970,136.3645,134.2868,133.7092,129.0205,132.0562,132.1569,132.4257
2025-07-22,139.4300,140.0200,136.8600,138.6400,2787200,ABNB,136.0420,136.6564,134.5476,133.9335,128.9745,132.2022,132.2267,132.4954
2025-07-23,139.8300,140.9300,138.1000,139.6200,3003800,ABNB,136.4260,136.9587,134.8034,134.1647,128.9783,132.3533,132.2949,132.5684
2025-07-24,141.6200,142.6300,138.8200,139.4600,3067400,ABNB,137.0235,137.4026,134.9516,134.4571,129.0058,132.5368,132.3766,132.6584
2025-07-25,141.3100,142.5300,141.1800,142.4600,2499200,ABNB,137.4030,137.7747,135.0168,134.7258,129.0091,132.7105,132.4339,132.7445
2025-07-28,142.1600,143.3000,141.0200,141.3000,2808600,ABNB,137.7850,138.1924,135.1110,135.0174,129.0165,132.8976,132.4935,132.8382
2025-07-29,136.8400,143.0900,136.3800,142.1700,4143400,ABNB,138.0100,138.0636,135.1120,135.0889,128.9591,132.9757,132.5152,132.8780
2025-07-30,134.7500,136.5250,133.9200,135.9000,3502200,ABNB,137.9770,137.7480,135.0470,135.0756,128.9589,133.0108,132.5115,132.8967
2025-07-31,132.4100,135.8000,132.1200,134.7500,3876500,ABNB,137.8280,137.2396,134.9632,134.9710,128.9391,132.9989,132.5095,132.8918
2025-08-01,128.0200,130.3600,126.9200,130.0400,5100400,ABNB,137.4045,136.3616,134.8810,134.6984,128.8978,132.9003,132.4776,132.8433
2025-08-04,130.9600,131.1300,128.8300,129.1000,5277200,ABNB,137.1025,135.8471,134.9498,134.5518,128.9530,132.8619,132.4585,132.8246
2025-08-05,129.9600,132.1600,129.2800,131.1200,7680000,ABNB,136.7510,135.2864,134.9960,134.3718,128.9871,132.8044,132.4419,132.7961
2025-08-06,130.5000,131.2900,128.3000,130.6750,11212800,ABNB,136.4335,134.8306,135.0716,134.2199,129.0983,132.7588,132.4187,132.7733
2025-08-07,120.0300,123.3900,117.2800,120.3800,17502100,ABNB,135.5850,133.4210,134.8842,133.6635,129.0700,132.5067,132.3387,132.6465
2025-08-08,121.0200,122.0000,119.3000,120.5700,5791300,ABNB,134.8685,132.2400,134.7312,133.1676,129.0108,132.2793,132.2616,132.5308
2025-08-11,118.3000,121.3000,118.1400,120.0100,6577800,ABNB,133.8550,130.9123,134.5300,132.5846,128.9482,132.0025,132.1671,132.3892
2025-08-12,121.6100,122.1900,118.1500,118.9600,6278900,ABNB,133.1085,130.0264,134.3822,132.1542,128.9043,131.7967,132.0972,132.2819
2025-08-13,124.5500,124.7680,121.7000,122.3000,6651500,ABNB,132.5005,129.5048,134.2808,131.8560,128.8883,131.6532,132.0604,132.2050
2025-08-14,124.6400,125.5800,122.4360,123.4950,4706500,ABNB,131.7675,129.0415,134.1156,131.5730,128.8467,131.5143,132.0198,132.1297
2025-08-15,125.1000,126.3450,124.3300,125.0000,4309800,ABNB,131.0555,128.6661,133.9474,131.3192,128.7995,131.3873,131.9724,132.0598
2025-08-18,125.4900,125.8900,124.4600,124.6250,3985000,ABNB,130.4265,128.3637,133.7114,131.0906,128.7556,131.2705,131.9210,131.9944
2025-08-19,126.0000,128.0800,125.2700,125.3500,3739800,ABNB,129.7550,128.1385,133.4186,130.8910,128.7292,131.1661,131.8621,131.9347
2025-08-20,124.9600,126.6000,123.8150,125.0400,4097900,ABNB,129.0115,127.8358,133.1376,130.6584,128.7223,131.0432,131.8044,131.8653
2025-08-21,126.4300,126.4900,124.4700,124.9600,3115800,ABNB,128.2520,127.7019,132.8950,130.4926,128.7797,130.9519,131.7626,131.8113
2025-08-22,129.9200,130.4250,126.3200,127.1700,4563100,ABNB,127.6825,127.9132,132.7322,130.4701,128.8843,130.9315,131.7299,131.7924
2025-08-25,128.1500,130.0300,128.0900,129.4400,2960500,ABNB,126.9820,127.9357,132.5190,130.3791,128.9540,130.8764,131.6863,131.7562
2025-08-26,126.8900,128.8000,126.4000,127.7150,4355500,ABNB,126.4845,127.8361,132.3460,130.2423,128.9949,130.7974,131.6316,131.7078
2025-08-27,129.8500,130.1500,126.9200,127.0000,3830600,ABNB,126.2395,128.0279,132.1988,130.2269,129.1537,130.7787,131.5763,131.6893
2025-08-28,130.4600,130.5900,128.8200,130.1900,3657100,ABNB,126.1420,128.2596,132.1406,130.2360,129.3917,130.7724,131.4918,131.6771
2025-08-29,130.5300,131.1100,129.2100,129.9200,4159400,ABNB,126.2675,128.4758,132.1078,130.2476,129.6340,130.7676,131.4714,131.6656
2025-09-02,127.5900,129.2300,126.4600,128.4200,4195500,ABNB,126.0990,128.3914,132.0250,130.1434,129.8530,130.7046,131.4223,131.6251
2025-09-03,124.9000,127.7500,124.4600,127.4200,6267200,ABNB,125.8460,128.0589,131.9124,129.9377,129.8888,130.5897,131.3808,131.5582
2025-09-04,125.3700,125.6500,123.1800,124.6500,6194500,ABNB,125.5895,127.8028,131.7768,129.7586,130.0034,130.4863,131.3439,131.4966
2025-09-05,123.8100,127.3850,122.8200,125.3700,4327200,ABNB,125.7785,127.4226,131.6596,129.5253,130.0961,130.3541,131.2901,131.4201
2025-09-08,124.6200,126.0800,123.0600,124.2400,4765200,ABNB,125.9585,127.1556,131.4776,129.3330,130.2101,130.2406,131.2507,131.3525
2025-09-09,123.8100,124.7800,123.6000,124.1200,3607600,ABNB,126.2340,126.8370,131.2634,129.1164,130.3018,130.1133,131.2088,131.2774
2025-09-10,123.4100,124.4400,122.6300,123.8100,4772600,ABNB,126.3240,126.5106,131.0848,128.8926,130.4095,129.9805,131.1687,131.1991
2025-09-11,123.0500,124.5000,122.6500,123.6950,5241500,ABNB,126.2490,126.1811,130.8376,128.6635,130.5130,129.8433,131.1077,131.1180
2025-09-12,122.5500,123.4500,121.8400,123.0700,5263900,ABNB,126.1445,125.8352,130.5808,128.4237,130.6224,129.6989,131.0541,131.0328
2025-09-15,120.3700,122.9800,119.7600,122.9100,7060400,ABNB,125.9080,125.3147,130.2584,128.1079,130.6770,129.5141,130.9693,130.9267
2025-09-16,121.6600,121.9900,119.7650,120.7100,5072200,ABNB,125.7165,124.9667,129.9516,127.8550,130.7108,129.3586,130.8729,130.8345
2025-09-17,123.2000,124.4500,121.5200,121.9800,4973300,ABNB,125.5765,124.7984,129.6758,127.6725,130.7257,129.2366,130.7906,130.7585
2025-09-18,125.4700,125.7200,123.6000,123.7400,4235700,ABNB,125.6020,124.8624,129.4482,127.5861,130.7553,129.1621,130.7265,130.7059
2025-09-19,127.0400,127.8500,125.1900,126.3300,9144300,ABNB,125.6325,125.0698,129.2490,127.5647,130.7927,129.1200,130.6812,130.6694
2025-09-22,125.4400,126.6400,123.3500,125.6500,5591100,ABNB,125.4085,125.1050,129.0508,127.4814,130.7922,129.0472,130.6209,130.6174
2025-09-23,123.5000,126.8550,123.0500,125.4400,5634700,ABNB,125.1760,124.9522,128.7494,127.3252,130.8080,128.9373,130.5511,130.5466
2025-09-24,123.0800,125.5900,122.0800,123.5000,4060500,ABNB,124.9855,124.7739,128.4802,127.1588,130.7987,128.8213,130.4712,130.4723
2025-09-25,121.7500,122.9100,121.1180,122.9100,3632000,ABNB,124.5805,124.4859,128.1810,126.9467,130.7636,128.6813,130.3983,130.3855
2025-09-26,123.7000,123.9100,121.6500,122.2000,2899600,ABNB,124.2425,124.4110,127.8690,126.8193,130.7517,128.5827,130.3322,130.3190
2025-09-29,122.9200,124.5800,122.8300,124.4400,3874700,ABNB,123.8620,124.2690,127.5406,126.6664,130.7642,128.4705,130.2605,130.2453
2025-09-30,121.4200,123.0800,120.5200,122.9000,3730500,ABNB,123.5535,123.9977,127.2076,126.4607,130.7472,128.3309,130.1761,130.1575
2025-10-01,122.3200,122.6100,120.7850,120.8500,3443300,ABNB,123.4245,123.8379,126.8654,126.2983,130.7065,128.2119,130.0935,130.0795
2025-10-02,121.4900,122.5000,120.0200,122.4700,4562200,ABNB,123.2305,123.6143,126.4986,126.1097,130.6510,128.0788,130.0136,129.9941
2025-10-03,120.2200,122.2500,119.8400,121.6500,5911300,ABNB,123.0510,123.2910,126.0706,125.8788,130.5111,127.9232,129.9599,129.8968
2025-10-06,120.3500,123.1500,120.0500,120.7300,5474300,ABNB,122.8375,123.0109,125.6514,125.6620,130.3341,127.7732,129.9007,129.8018
2025-10-07,119.8500,121.1000,119.1400,120.4900,4415900,ABNB,122.6395,122.7099,125.2052,125.4340,130.1581,127.6163,129.8387,129.7028
2025-10-08,119.9900,120.7700,118.9100,120.2350,4407400,ABNB,122.4685,122.4509,124.8682,125.2205,129.9901,127.4653,129.8010,129.6062
2025-10-09,120.1500,121.4180,119.5600,120.4600,3414800,ABNB,122.3235,122.2317,124.5762,125.0217,129.8116,127.3204,129.7550,129.5121
2025-10-10,118.1900,120.5800,116.3200,120.3000,5107100,ABNB,122.1055,121.8468,124.2918,124.7538,129.6275,127.1396,129.6749,129.3994
2025-10-13,118.8600,119.8000,118.2500,118.9100,3344800,ABNB,122.0300,121.5623,124.1086,124.5227,129.4948,126.9757,129.5966,129.2945
2025-10-14,122.8900,124.4700,117.6900,117.6900,6171600,ABNB,122.0915,121.6888,123.9472,124.4586,129.4485,126.8948,129.5361,129.2308
2025-10-15,124.2600,125.8750,122.6900,124.3350,5677900,ABNB,122.1445,121.9337,123.8332,124.4508,129.4146,126.8426,129.4808,129.1813
2025-10-16,122.8900,126.9700,122.0450,124.2600,5254200,ABNB,122.0155,122.0247,123.6810,124.3896,129.3763,126.7643,129.4283,129.1187
2025-10-17,125.9100,126.4000,122.8050,123.0650,4479100,ABNB,121.9590,122.3948,123.7986,124.4493,129.3414,126.7474,129.3988,129.0868
2025-10-20,127.2100,128.5000,125.7900,126.1100,3976900,ABNB,122.0475,122.8534,123.9224,124.5575,129.3268,126.7566,129.3778,129.0681
2025-10-21,128.5600,129.5000,126.6750,126.8700,3331500,ABNB,122.3005,123.3969,124.1276,124.7145,129.3288,126.7923,129.3632,129.0631
2025-10-22,127.5000,128.9650,127.3100,128.5200,3292700,ABNB,122.5215,123.7876,124.2454,124.8237,129.3138,126.8063,129.3222,129.0475
2025-10-23,127.3500,128.8000,126.7400,127.5300,3239400,ABNB,122.8015,124.1269,124.3014,124.9228,129.2911,126.8171,129.2829,129.0306
2025-10-24,127.9900,129.0600,127.3500,127.6500,3344300,ABNB,123.0160,124.4948,124.3684,125.0431,129.2420,126.8403,129.2664,129.0203
2025-10-27,129.0700,129.5400,126.3800,128.2300,3839000,ABNB,123.3235,124.9305,124.4478,125.2010,129.1976,126.8844,129.2578,129.0208
2025-10-28,128.0100,130.0500,127.6700,129.5900,4463200,ABNB,123.6530,125.2238,124.4982,125.3111,129.1048,126.9067,129.2497,129.0107
2025-10-29,126.4800,128.6800,125.4650,127.8700,5102900,ABNB,123.8610,125.3435,124.5078,125.3570,128.9632,126.8983,129.2378,128.9855
2025-10-30,126.3400,128.2750,125.2600,125.4700,4013400,ABNB,124.1035,125.4384,124.5354,125.3955,128.8365,126.8872,129.2315,128.9592
2025-10-31,126.5400,127.1500,125.2600,126.1800,3481600,ABNB,124.4195,125.5433,124.5376,125.4404,128.7163,126.8804,129.2016,128.9352
2025-11-03,126.8000,127.3250,124.6200,126.4600,4053800,ABNB,124.7420,125.6630,124.4752,125.4937,128.6037,126.8788,129.1748,128.9139
2025-11-04,122.3500,125.9900,121.9300,125.5000,5967300,ABNB,124.8670,125.3475,124.3592,125.3704,128.4391,126.7891,129.1110,128.8486
2025-11-05,122.5000,124.0900,121.6000,122.0000,4580400,ABNB,124.9925,125.0763,124.2714,125.2579,128.3087,126.7042,129.0581,128.7854
2025-11-06,120.5300,123.3900,119.8200,122.3800,9853400,ABNB,125.0115,124.6433,124.0850,125.0725,128.1419,126.5819,128.9983,128.7033
2025-11-07,120.8800,125.7600,117.1470,125.4950,11756000,ABNB,125.1460,124.2849,123.8934,124.9081,128.0170,126.4690,128.9365,128.6254
2025-11-10,120.2000,122.8300,119.7800,121.9400,7481700,ABNB,125.2130,123.8958,123.6868,124.7234,127.8973,126.3448,128.9020,128.5416
2025-11-11,122.5300,123.4590,120.0000,120.2800,4424700,ABNB,125.1950,123.7658,123.5856,124.6374,127.8053,126.2693,128.8699,128.4818
2025-11-12,121.6900,122.8500,120.7050,122.6600,3713600,ABNB,125.0665,123.5681,123.5214,124.5218,127.7169,126.1786,128.8231,128.4142
2025-11-13,121.1900,123.4000,121.0000,121.5050,3716000,ABNB,124.9815,123.3416,123.4378,124.3912,127.6073,126.0798,128.7661,128.3423
2025-11-14,122.0200,122.7500,119.6040,120.9200,4119700,ABNB,124.7870,123.2157,123.4020,124.2982,127.5308,125.9994,128.7173,128.2794
2025-11-17,117.6000,121.3300,116.7010,120.7400,5187100,ABNB,124.3065,122.6809,123.2616,124.0355,127.3696,125.8331,128.6494,128.1732
2025-11-18,115.4200,118.5400,115.3900,116.5900,5547200,ABNB,123.6495,121.9894,123.0938,123.6976,127.1786,125.6269,128.5776,128.0463
2025-11-19,114.4400,115.9100,114.0750,115.5000,4516100,ABNB,122.9965,121.2704,122.9144,123.3346,126.9996,125.4054,128.4961,127.9109
2025-11-20,111.5400,115.1400,110.8100,114.5100,7206700,ABNB,122.2060,120.3437,122.6842,122.8721,126.7609,125.1308,128.4058,127.7480
2025-11-21,114.2600,115.6900,111.8400,112.1700,6865800,ABNB,121.5195,119.7643,122.5184,122.5343,126.5496,124.9156,128.3143,127.6138
2025-11-24,114.4100,115.0500,113.3800,114.6650,6476400,ABNB,120.7865,119.2544,122.3992,122.2157,126.3288,124.7075,128.2114,127.4824
2025-11-25,118.5600,119.2400,114.4650,114.4650,7731100,ABNB,120.3140,119.1882,122.3372,122.0724,126.1444,124.5858,128.1280,127.3936
2025-11-26,116.7400,118.0400,116.4000,117.9900,5112200,ABNB,119.8270,118.9551,122.2080,121.8633,125.9419,124.4304,128.0391,127.2876
2025-11-28,116.9900,117.7900,116.4000,116.7550,2522300,ABNB,119.3595,118.7679,122.0384,121.6722,125.7433,124.2831,127.9215,127.1851
2025-12-01,118.8000,119.6200,115.6450,116.0000,4713200,ABNB,118.9725,118.7710,121.8736,121.5595,125.5613,124.1745,127.8103,127.1017
2025-12-02,118.5000,120.0910,117.3700,118.6500,6681500,ABNB,118.5575,118.7452,121.7348,121.4395,125.3928,124.0622,127.5957,127.0161
2025-12-03,120.1300,120.7230,117.6300,118.2600,5485500,ABNB,118.4465,118.8771,121.6674,121.3882,125.2084,123.9843,127.3933,126.9476
2025-12-04,120.8200,121.0000,119.2200,120.1500,4024100,ABNB,118.3625,119.0621,121.6222,121.3659,125.0512,123.9216,127.2075,126.8866
2025-12-05,124.3200,124.8100,120.4000,120.9200,3962300,ABNB,118.5520,119.5628,121.6736,121.4818,124.9273,123.9295,127.0526,126.8611
2025-12-08,122.0100,124.2150,120.9150,124.2150,4030300,ABNB,118.6085,119.7959,121.6398,121.5025,124.7544,123.8915,126.9323,126.8128
2025-12-09,125.3900,125.8100,121.1540,121.6100,3608600,ABNB,118.8680,120.3287,121.6892,121.6549,124.6149,123.9212,126.8351,126.7987
2025-12-10,127.5700,128.8300,124.4600,125.4500,4731200,ABNB,119.1200,121.0183,121.8122,121.8869,124.5099,123.9934,126.7652,126.8063
2025-12-11,128.0000,129.6100,126.9700,127.6000,5075500,ABNB,119.4355,121.6833,121.9258,122.1266,124.3956,124.0728,126.6851,126.8182
2025-12-12,128.3900,130.6000,128.1900,128.9300,3581000,ABNB,119.7955,122.3220,122.0638,122.3722,124.2812,124.1583,126.6298,126.8338
2025-12-15,131.8100,132.2500,128.3000,129.2900,5518100,ABNB,120.2850,123.2256,122.2956,122.7423,124.1831,124.3098,126.5945,126.8834
2025-12-16,132.0100,133.0490,131.1700,132.0300,4390700,ABNB,121.0055,124.0622,122.5288,123.1058,124.0901,124.4623,126.5496,126.9344
2025-12-17,133.7800,136.8200,133.6210,133.9600,6158000,ABNB,121.9235,124.9877,122.8074,123.5244,124.0063,124.6468,126.5114,127.0025
2025-12-18,133.9900,135.4100,132.9600,133.3000,4257800,ABNB,122.9010,125.8451,123.0874,123.9348,123.9778,124.8318,126.4685,127.0720
2025-12-19,135.2800,137.0500,133.6100,134.1500,10530800,ABNB,124.0880,126.7436,123.3900,124.3797,123.9831,125.0387,126.4710,127.1537
2025-12-22,136.9500,138.5200,135.9500,136.0900,5568200,ABNB,125.2225,127.7157,123.7652,124.8727,124.0285,125.2746,126.4838,127.2512
2025-12-23,136.4900,137.2100,135.5800,136.6000,3464800,ABNB,126.3265,128.5513,124.1178,125.3282,124.1132,125.4966,126.5055,127.3431
2025-12-24,136.7800,137.9900,135.8100,136.0100,1457200,ABNB,127.2375,129.3350,124.3956,125.7773,124.1714,125.7201,126.5622,127.4370
2025-12-26,136.8200,137.2110,136.1500,136.7300,1776000,ABNB,128.2415,130.0479,124.6468,126.2104,124.2400,125.9399,126.6136,127.5304
2025-12-29,136.6200,137.1600,136.1600,136.5000,2773100,ABNB,129.2230,130.6738,124.9214,126.6186,124.3012,126.1514,126.6998,127.6208
2025-12-30,136.9100,137.4200,135.8900,135.8900,2406200,ABNB,130.1285,131.2677,125.1414,127.0222,124.4700,126.3644,126.7700,127.7132
2025-12-31,135.7200,137.5800,135.5650,136.6200,2188100,ABNB,130.9895,131.6917,125.3116,127.3633,124.6170,126.5497,126.8139,127.7929
2026-01-02,133.0100,136.1100,132.3400,135.9400,3863800,ABNB,131.6335,131.8173,125.4006,127.5847,124.7641,126.6776,126.8562,127.8448
2026-01-05,135.8700,137.9600,132.6350,133.1000,4336100,ABNB,132.3860,132.2033,125.5680,127.9096,124.9067,126.8596,126.9055,127.9247
2026-01-06,138.0200,138.3800,135.9450,135.9500,3113000,ABNB,133.0710,132.7572,125.7814,128.3061,125.0414,127.0806,126.9649,128.0251
2026-01-07,137.0400,139.5500,136.8300,137.6500,3585100,ABNB,133.8225,133.1651,125.9624,128.6486,125.1654,127.2778,127.0061,128.1148
2026-01-08,138.6600,138.7800,134.5500,136.1050,3592800,ABNB,134.4860,133.6884,126.1542,129.0412,125.3010,127.5032,127.0503,128.2197
2026-01-09,139.2700,141.4000,137.9100,140.0050,4577800,ABNB,135.0710,134.2200,126.3794,129.4423,125.4388,127.7362,127.0972,128.3297
2026-01-12,138.5100,140.2400,137.0150,139.2800,3371100,ABNB,135.5965,134.6286,126.6200,129.7979,125.5639,127.9496,127.1466,128.4310
2026-01-13,140.0700,140.1900,136.5000,138.1400,4108700,ABNB,136.1805,135.1468,126.8946,130.2008,125.7150,128.1896,127.2187,128.5468
2026-01-14,132.7900,139.6500,130.1500,139.5000,7681600,ABNB,136.2295,134.9224,127.0196,130.3023,125.7786,128.2807,127.2792,128.5890
2026-01-15,132.6000,135.5000,131.9300,134.5400,4662400,ABNB,136.2590,134.7012,127.1356,130.3924,125.8054,128.3662,127.3449,128.6289
2026-01-16,130.6600,132.7600,129.8500,132.6000,5061700,ABNB,136.1030,134.3163,127.3018,130.4029,125.8305,128.4116,127.3923,128.6491
2026-01-20,130.7300,132.0350,127.8300,127.8300,4500900,ABNB,135.9400,133.9748,127.4664,130.4157,125.8689,128.4575,127.4319,128.6698
2026-01-21,133.5900,134.9700,129.7000,130.7300,4645900,ABNB,135.8555,133.9381,127.7276,130.5402,125.9063,128.5592,127.5300,128.7188
2026-01-22,133.8000,137.2100,133.5100,134.3200,3577100,ABNB,135.6980,133.9250,127.9860,130.6680,125.9397,128.6630,127.6657,128.7694
2026-01-23,132.1500,134.8200,131.7100,133.2100,4302900,ABNB,135.4810,133.7559,128.2250,130.7262,125.9559,128.7320,127.7950,128.8030
2026-01-26,133.3900,134.5100,131.1800,132.4900,3648900,ABNB,135.3115,133.7211,128.4422,130.8306,126.0139,128.8242,127.9335,128.8486
2026-01-27,132.2200,133.4900,131.0100,133.2300,2530600,ABNB,135.0815,133.5781,128.6528,130.8851,126.0871,128.8915,127.9880,128.8822
2026-01-28,131.5500,134.1150,131.5100,132.5400,2263800,ABNB,134.8280,133.3850,128.8600,130.9112,126.1489,128.9441,128.0762,128.9087
2026-01-29,131.7700,132.5800,130.1000,131.7500,4251600,ABNB,134.5710,133.2311,129.0550,130.9449,126.2285,129.0001,128.1623,128.9372
2026-01-30,129.3700,131.5600,129.0600,130.9700,3505700,ABNB,134.2535,132.8634,129.2904,130.8831,126.2760,129.0074,128.2431,128.9415
2026-02-02,131.3100,132.4800,128.3900,129.5000,3220400,ABNB,134.1685,132.7155,129.6082,130.8998,126.3510,129.0530,128.3264,128.9651
2026-02-03,122.0750,131.0600,120.1000,130.2400,6834500,ABNB,133.4787,131.7021,129.7609,130.5538,126.3376,128.9148,128.3736,128.8965
2026-02-04,124.6100,125.5100,120.2000,123.1500,5457100,ABNB,132.8082,131.0267,130.0223,130.3207,126.3532,128.8296,128.4331,128.8539
2026-02-05,121.2700,125.0000,120.7900,124.2400,4057800,ABNB,132.0197,130.0975,130.1625,129.9658,126.3404,128.6799,128.4814,128.7784
2026-02-06,122.1800,122.8400,119.7600,121.2700,5352800,ABNB,131.1957,129.3434,130.3179,129.6604,126.3585,128.5512,128.5178,128.7128
2026-02-09,121.3100,122.4900,120.2500,121.8100,4915200,ABNB,130.2977,128.5783,130.3729,129.3330,126.3550,128.4078,128.5329,128.6391
2026-02-10,120.3200,121.8800,119.3500,120.4400,5512700,ABNB,129.3882,127.7918,130.4445,128.9795,126.3262,128.2476,128.5260,128.5563
2026-02-11,119.5500,122.3500,118.1300,120.9550,5842400,ABNB,128.3622,127.0069,130.4957,128.6097,126.2670,128.0754,128.5112,128.4667
2026-02-12,115.9600,121.4800,115.5300,119.5500,10090700,ABNB,127.5207,125.9548,130.4389,128.1137,126.1562,127.8355,128.4745,128.3423
2026-02-13,121.3500,127.0100,119.6600,126.4650,11008600,ABNB,126.9582,125.5162,130.4959,127.8484,126.1153,127.7071,128.4538,128.2727
2026-02-17,124.2300,127.6500,122.0800,122.0800,6695400,ABNB,126.6367,125.3937,130.5779,127.7065,126.1226,127.6382,128.4653,128.2325
2026-02-18,124.2700,126.0200,122.5000,124.1800,4518500,ABNB,126.3137,125.2867,130.6469,127.5718,126.1345,127.5715,128.4666,128.1930
2026-02-19,125.8100,126.0400,122.6700,123.8400,6228900,ABNB,125.9247,125.3366,130.6767,127.5027,126.1751,127.5366,128.4694,128.1693
2026-02-20,127.8900,128.0000,124.0800,125.2900,6475500,ABNB,125.6292,125.5797,130.7943,127.5179,126.2170,127.5436,128.4844,128.1665
2026-02-23,122.9600,128.1500,119.9400,127.0900,6016500,ABNB,125.1697,125.3302,130.7457,127.3391,126.2174,127.4529,128.4908,128.1147
2026-02-24,125.6600,127.7000,123.7700,124.0200,4696000,ABNB,124.7832,125.3616,130.7075,127.2733,126.2598,127.4174,128.5035,128.0903
2026-02-25,132.0200,132.1500,125.8230,126.5000,7253300,ABNB,124.7732,125.9958,130.7879,127.4594,126.3568,127.5085,128.5317,128.1294
2026-02-26,136.9700,137.4800,132.1950,132.1950,7279600,ABNB,125.0442,127.0409,130.9595,127.8324,126.5116,127.6959,128.5813,128.2174
2026-02-27,135.1100,136.9700,133.5900,134.4300,6498500,ABNB,125.2112,127.8094,131.0255,128.1178,126.6605,127.8427,128.5858,128.2860
2026-03-02,133.2600,134.4550,128.5900,129.5000,4819800,ABNB,125.4057,128.3285,131.0505,128.3194,126.7896,127.9500,128.5619,128.3354
2026-03-03,133.0400,134.3000,129.4600,131.8800,4059300,ABNB,125.4922,128.7772,131.0357,128.5046,126.9215,128.0507,128.5398,128.3823
2026-03-04,135.5400,137.9350,133.1550,133.2400,4252500,ABNB,126.1655,129.4213,131.0667,128.7805,127.0770,128.1990,128.5336,128.4535
2026-03-05,135.8500,139.0000,134.5200,135.7300,5521000,ABNB,126.7275,130.0336,131.0781,129.0577,127.2340,128.3506,128.5228,128.5271
2026-03-06,133.2300,133.9000,130.9750,133.8900,4600300,ABNB,127.3255,130.3380,131.0037,129.2213,127.3844,128.4472,128.5060,128.5739
2026-03-09,134.0300,134.3000,128.3650,131.4300,3920500,ABNB,127.9180,130.6896,130.9545,129.4099,127.5361,128.5577,128.5155,128.6282
2026-03-10,132.4400,134.5800,130.0750,132.8050,3631400,ABNB,128.4745,130.8563,130.8677,129.5287,127.6316,128.6346,128.5401,128.6661
2026-03-11,133.3900,134.4000,131.5200,132.8700,2171600,ABNB,129.1280,131.0976,130.7991,129.6801,127.7229,128.7288,128.5688,128.7131
2026-03-12,127.7000,133.2400,126.1150,132.4500,4474200,ABNB,129.5355,130.7740,130.6207,129.6025,127.7710,128.7084,128.5737,128.7030
2026-03-13,126.3000,129.4700,125.6200,127.2300,3000900,ABNB,130.0525,130.3479,130.4085,129.4730,127.7749,128.6607,128.5582,128.6791
2026-03-16,128.3200,129.2350,126.9100,127.2800,3049300,ABNB,130.4010,130.1548,130.2605,129.4278,127.7860,128.6540,128.5564,128.6755
2026-03-17,131.9500,133.5400,129.5500,129.6000,2812000,ABNB,130.7870,130.3258,130.2393,129.5267,127.8199,128.7192,128.5744,128.7081
2026-03-18,131.1300,134.0000,130.9900,131.2000,3071600,ABNB,131.1300,130.4024,130.1445,129.5895,127.8562,128.7670,128.5850,128.7322
2026-03-19,130.7900,131.4000,128.7600,129.9500,3541500,ABNB,131.3790,130.4393,129.9999,129.6366,127.8906,128.8070,128.5909,128.7527
2026-03-20,128.5200,130.7100,127.7000,130.0300,7047900,ABNB,131.4105,130.2565,129.8295,129.5928,127.8959,128.8013,128.5690,128.7504
2026-03-23,132.5900,134.0300,129.9800,130.2900,3568400,ABNB,131.8920,130.4787,129.7081,129.7104,127.9311,128.8764,128.5644,128.7886
2026-03-24,130.0000,132.2000,128.4200,132.2000,3167200,ABNB,132.1090,130.4331,129.5227,129.7217,127.9510,128.8986,128.5279,128.8006
2026-03-25,131.8100,132.9350,129.8900,130.8900,2732100,ABNB,132.0985,130.5643,129.3887,129.8036,128.0043,128.9563,128.4838,128.8306
2026-03-26,131.0600,134.8300,130.3800,131.8900,3353200,ABNB,131.8030,130.6115,129.2085,129.8529,128.0515,128.9979,128.4440,128.8528
2026-03-27,122.8700,129.9150,122.4600,129.2200,4207200,ABNB,131.1910,129.8742,129.0101,129.5791,128.0148,128.8766,128.3656,128.7932
2026-03-30,123.1000,126.0600,122.8350,123.9000,3022700,ABNB,130.6830,129.2290,128.8201,129.3250,127.9778,128.7622,128.2908,128.7366
2026-03-31,126.2800,127.0550,123.1650,125.0700,3644200,ABNB,130.3450,128.9482,128.7325,129.2056,128.0171,128.7130,128.2281,128.7121
2026-04-01,125.1900,127.5000,122.8700,126.3900,2925900,ABNB,129.8275,128.5903,128.6217,129.0481,128.0440,128.6433,128.1764,128.6771
2026-04-02,124.9500,126.1800,121.5100,122.8000,3094700,ABNB,129.2825,128.2436,128.4489,128.8874,128.0882,128.5701,128.1151,128.6400
2026-04-06,126.8100,127.2450,124.2800,124.3000,2527600,ABNB,128.9615,128.1070,128.3091,128.8059,128.1475,128.5353,128.0823,128.6218
2026-04-07,124.9700,126.8200,123.4100,126.4000,2735300,ABNB,128.5085,127.8083,128.1655,128.6555,128.1952,128.4647,128.0463,128.5855
2026-04-08,131.4000,134.2600,130.4900,130.9900,3796800,ABNB,128.4565,128.1503,128.1257,128.7631,128.2839,128.5228,128.0446,128.6135
2026-04-09,129.1600,130.9600,126.8000,130.4500,3653700,ABNB,128.2450,128.2465,128.0645,128.7787,128.3586,128.5354,128.0378,128.6189
2026-04-10,128.9600,130.5350,124.8350,128.8700,3572700,ABNB,128.3080,128.3144,128.0127,128.7858,128.4363,128.5438,128.0218,128.6223
2026-04-13,130.3200,130.6500,125.3600,127.2000,3256600,ABNB,128.5090,128.5055,127.9837,128.8460,128.5193,128.5790,128.0251,128.6392
2026-04-14,133.8500,134.6600,130.4700,130.5000,3113300,ABNB,128.7855,129.0145,128.0733,129.0422,128.6818,128.6834,128.0257,128.6910
2026-04-15,137.5100,138.0500,134.1000,134.5100,3562400,ABNB,129.0635,129.8236,128.1973,129.3743,128.9027,128.8582,128.0407,128.7788
2026-04-16,137.8100,139.9500,136.9100,138.8700,2692600,ABNB,129.3975,130.5842,128.5120,129.7051,129.1364,129.0354,128.0680,128.8687
2026-04-17,141.5500,143.3000,139.2000,139.9050,4056800,ABNB,129.9355,131.6285,128.8508,130.1696,129.4365,129.2832,128.0987,128.9948
2026-04-20,143.5900,143.8700,140.3380,141.0000,2768700,ABNB,130.6890,132.7677,129.2972,130.6959,129.7298,129.5665,128.1397,129.1401
2026-04-21,142.6500,145.7700,142.1800,143.8800,3310400,ABNB,131.1920,133.7089,129.7066,131.1647,130.0122,129.8256,128.1705,129.2745
2026-04-22,144.1800,147.2500,142.7500,146.4750,4081800,ABNB,131.9010,134.7061,130.1640,131.6751,130.2684,130.1099,128.2064,129.4228
2026-04-23,141.8700,143.9900,139.8100,143.9900,3189300,ABNB,132.4040,135.3884,130.5950,132.0749,130.5197,130.3427,128.2308,129.5467
2026-04-24,142.8200,142.9920,138.6600,140.1700,2705500,ABNB,132.9920,136.0962,131.0604,132.4962,130.7780,130.5898,128.2607,129.6787
2026-04-27,141.0600,143.6700,140.0000,140.9700,2251600,ABNB,133.9015,136.5689,131.5624,132.8321,131.0006,130.7972,128.2810,129.7920
2026-04-28,139.0400,141.7000,138.2400,140.9300,4225600,ABNB,134.6985,136.8043,131.9162,133.0755,131.2060,130.9604,128.2994,129.8840
2026-04-29,140.2800,140.3600,135.9500,136.2500,3486600,ABNB,135.3985,137.1353,132.2372,133.3581,131.4075,131.1449,128.3080,129.9874
2026-04-30,140.3600,142.0000,138.6400,142.0000,2857300,ABNB,136.1570,137.4424,132.5590,133.6326,131.6029,131.3274,128.3271,130.0906
2026-05-01,141.6600,143.4800,140.8200,141.3200,2527900,ABNB,136.9925,137.8441,132.8760,133.9474,131.7763,131.5320,128.3518,130.2058
2026-05-04,138.8600,143.5200,138.5000,142.7100,3160400,ABNB,137.5950,137.9408,133.0954,134.1401,131.9448,131.6771,128.3496,130.2919
2026-05-05,139.7300,140.8150,138.2260,139.0000,3118000,ABNB,138.3330,138.1112,133.4308,134.3593,132.0882,131.8366,128.3516,130.3858
2026-05-06,139.8800,143.9000,138.9500,141.6050,4379800,ABNB,138.7570,138.2797,133.7152,134.5758,132.2113,131.9959,128.3606,130.4803
2026-05-07,140.4600,142.1900,138.6400,140.5000,7248300,ABNB,139.3220,138.4873,133.8840,134.8066,132.3359,132.1635,128.3658,130.5796
2026-05-08,141.4900,146.9700,137.2500,138.1250,7842900,ABNB,139.9485,138.7733,133.9744,135.0686,132.4669,132.3481,128.3741,130.6881
2026-05-11,137.0500,146.2900,136.9050,141.7450,5172800,ABNB,140.2850,138.6092,134.0132,135.1463,132.5193,132.4412,128.3512,130.7514
2026-05-12,135.4800,138.5150,134.3000,137.5800,4419900,ABNB,140.3665,138.3112,134.0576,135.1594,132.5540,132.5014,128.3221,130.7985
2026-05-13,132.9700,134.9300,131.9500,134.6900,3440900,ABNB,140.1395,137.8025,134.0562,135.0736,132.5459,132.5107,128.2761,130.8201
2026-05-14,133.6700,134.6600,132.6100,133.0000,2656200,ABNB,139.9325,137.4089,134.0188,135.0185,132.5427,132.5337,128.2603,130.8484
2026-05-15,132.8500,134.0100,131.2250,132.9050,2800400,ABNB,139.4975,136.9747,133.9588,134.9335,132.5184,132.5399,128.2508,130.8684
2026-05-18,134.3000,137.2600,132.3500,133.5000,3739500,ABNB,139.0330,136.7200,133.9802,134.9086,132.4919,132.5748,128.2602,130.9025
2026-05-19,131.1600,135.5000,130.0100,133.0700,3795700,ABNB,138.4585,136.1905,133.9228,134.7616,132.4386,132.5468,128.2759,130.9051
2026-05-20,135.5500,136.4600,128.2000,131.4000,6548500,ABNB,138.0270,136.1295,133.9850,134.7926,132.4263,132.6062,128.2989,130.9513
2026-05-21,134.2500,135.0700,130.1500,134.6650,4173600,ABNB,137.6460,135.9505,134.0022,134.7713,132.4006,132.6388,128.3203,130.9841
2026-05-22,132.3500,136.1100,131.7300,134.7550,3097300,ABNB,137.1225,135.6076,134.0952,134.6763,132.3579,132.6331,128.3296,130.9977
2026-05-26,132.6800,136.0800,132.2650,132.3700,3331100,ABNB,136.7035,135.3288,134.2228,134.5980,132.3156,132.6340,128.3928,131.0144
2026-05-27,132.1000,134.5750,131.9300,132.5400,3094400,ABNB,136.3565,135.0213,134.2984,134.5001,132.2794,132.6234,128.4482,131.0252
2026-05-28,134.5000,134.6900,129.6960,131.3600,3933400,ABNB,136.0675,134.9716,134.3494,134.5001,132.2943,132.6606,128.5292,131.0598
2026-05-29,133.3100,135.7500,132.7700,134.5000,4206300,ABNB,135.7150,134.8134,134.3930,134.4534,132.2688,132.6734,128.5877,131.0822
2026-06-01,137.8700,138.0400,132.0750,133.3100,4354300,ABNB,135.5255,135.1045,134.5346,134.5874,132.2672,132.7763,128.6543,131.1497
2026-06-02,134.3500,136.6000,131.8400,136.2400,3499400,ABNB,135.3000,135.0326,134.6512,134.5781,132.2404,132.8075,128.7029,131.1816
2026-06-03,133.5900,134.8000,131.9100,133.2200,3607600,ABNB,134.9930,134.8952,134.6712,134.5393,132.1896,132.8230,128.7453,131.2055
2026-06-04,133.7200,137.2350,133.1900,136.0100,3719700,ABNB,134.6850,134.7833,134.7456,134.5072,132.1341,132.8408,128.7865,131.2306
2026-06-05,133.5400,135.9300,132.6350,134.0200,4044900,ABNB,134.3390,134.6649,134.7802,134.4693,132.0844,132.8546,128.8242,131.2535
2026-06-08,134.4300,136.4000,133.3000,133.6900,3278000,ABNB,133.9860,134.6425,134.8476,134.4677,132.0280,132.8858,128.8715,131.2852
2026-06-09,131.3500,136.4100,130.6150,134.5800,3492400,ABNB,133.7010,134.3289,135.0172,134.3455,132.0136,132.8554,128.8961,131.2858
2026-06-10,129.1000,132.2500,128.3900,130.2200,3684200,ABNB,133.3820,133.8310,135.1372,134.1398,131.9786,132.7810,128.8920,131.2640
2026-06-11,130.8700,130.9800,127.2300,128.3700,3955200,ABNB,133.2770,133.5490,135.2290,134.0115,131.9807,132.7432,128.9056,131.2601
2026-06-12,132.2800,132.7200,128.8250,132.3300,2615700,ABNB,133.2075,133.4281,135.3708,133.9436,131.9962,132.7340,128.9326,131.2703
2026-06-15,138.9600,140.1600,134.3040,134.4200,4695200,ABNB,133.5130,133.9550,135.6510,134.1404,132.0499,132.8573,128.9781,131.3468
2026-06-16,141.2000,141.5400,138.7100,139.6400,3672500,ABNB,133.8580,134.6450,135.9388,134.4172,132.1239,133.0225,129.0318,131.4448
2026-06-17,140.5400,143.8000,139.5000,140.6900,3438000,ABNB,134.3270,135.2064,136.2502,134.6573,132.2078,133.1714,129.0819,131.5353
2026-06-18,142.4100,143.6200,140.1400,141.3900,7413200,ABNB,134.6700,135.8924,136.4704,134.9613,132.2980,133.3543,129.1560,131.6435
2026-06-22,139.1900,142.5700,137.9100,140.9800,4255300,ABNB,134.9170,136.2065,136.6710,135.1272,132.3677,133.4699,129.2274,131.7186
2026-06-23,138.8500,141.2250,138.5600,139.3100,3428900,ABNB,135.2420,136.4583,136.8688,135.2732,132.4407,133.5764,129.2948,131.7896
2026-06-24,144.4000,147.2700,138.7500,139.0600,4050600,ABNB,135.8280,137.2146,137.1504,135.6311,132.5670,133.7907,129.3978,131.9151
2026-06-25,141.8800,145.3420,141.4500,144.5000,3032300,ABNB,136.3170,137.6589,137.3110,135.8761,132.6921,133.9509,129.4841,132.0142
2026-06-26,145.5600,147.5800,141.7500,142.3500,6089000,ABNB,136.8700,138.4114,137.4720,136.2559,132.8346,134.1808,129.5928,132.1490
2026-06-29,147.1700,150.1900,145.7080,146.1500,5071700,ABNB,137.5630,139.2456,137.6592,136.6839,133.0856,134.4380,129.7116,132.2985
2026-06-30,143.1000,147.8100,142.3700,147.2900,3232000,ABNB,137.8245,139.6127,137.6902,136.9355,133.2705,134.6095,129.8119,132.4059
2026-07-01,147.3100,148.7450,143.9200,145.0000,3301000,ABNB,138.4725,140.3457,137.7646,137.3424,133.5309,134.8610,129.9357,132.5542
2026-07-02,148.9300,150.0700,146.5000,146.5000,3496200,ABNB,139.2395,141.1633,137.8902,137.7968,133.7984,135.1396,130.0785,132.7172
2026-07-06,147.6500,149.8000,147.2300,149.1200,2574600,ABNB,139.9360,141.7811,137.9596,138.1832,134.0618,135.3873,130.2084,132.8658
2026-07-07,148.8000,150.0200,148.0750,149.4500,2283500,ABNB,140.6990,142.4495,138.0982,138.5995,134.3466,135.6529,130.3364,133.0243
2026-07-08,142.9500,147.1750,141.2400,147.1500,2969100,ABNB,141.1250,142.4972,138.1008,138.7701,134.5806,135.7974,130.4238,133.1231
2026-07-09,146.8900,147.2700,141.2500,141.2600,3467900,ABNB,141.9020,142.9156,138.2174,139.0886,134.8899,136.0171,130.5231,133.2601
2026-07-10,148.6200,149.3000,147.0200,147.0200,2635800,ABNB,142.8780,143.4588,138.4090,139.4623,135.1626,136.2667,130.6390,133.4129
2026-07-13,146.3300,149.9600,143.7900,148.8900,4396400,ABNB,143.6510,143.7323,138.5300,139.7317,135.3836,136.4659,130.7531,133.5414
2026-07-14,146.5400,147.5100,144.1700,145.1700,3085100,ABNB,144.3640,143.9997,138.6536,139.9986,135.6063,136.6654,130.8704,133.6708
2026-07-15,148.3800,150.7500,147.0900,147.1800,3728500,ABNB,144.8350,144.4169,138.7880,140.3273,135.8320,136.8974,131.0036,133.8171
2026-07-16,147.8000,150.8800,147.1200,149.7050,3113300,ABNB,145.1650,144.7391,138.9668,140.6204,136.0311,137.1133,131.1241,133.9563
2026-07-17,145.9800,147.8400,145.1100,146.7900,5483500,ABNB,145.4370,144.8572,139.0918,140.8306,136.2613,137.2889,131.2394,134.0759
2026-07-20,144.9400,146.8000,144.3300,146.8000,3030800,ABNB,145.5635,144.8651,139.1930,140.9917,136.4541,137.4404,131.3570,134.1840
2026-07-21,144.1000,145.6200,143.0100,144.7800,2343600,ABNB,145.8090,144.7923,139.2658,141.1136,136.5749,137.5722,131.4659,134.2827
2026-07-22,140.0500,144.4700,139.6900,144.1000,2635600,ABNB,145.8690,144.3406,139.2370,141.0719,136.6057,137.6213,131.5587,134.3401
2026-07-23,137.5700,138.2500,135.7200,137.5800,3482600,ABNB,145.5275,143.6958,139.2474,140.9346,136.6303,137.6203,131.6454,134.3722
2026-07-24,141.1000,142.7000,138.1600,138.2400,2414600,ABNB,145.4885,143.4486,139.3598,140.9411,136.7087,137.6892,131.7492,134.4391
2026-07-27,146.8600,147.0300,143.0000,143.5000,2902200,ABNB,145.5535,143.7735,139.6376,141.1732,136.8469,137.8708,131.8842,134.5627
2026-07-28,153.1100,153.1900,148.0900,148.8300,6844100,ABNB,145.8505,144.6627,140.0264,141.6413,137.0226,138.1726,132.0498,134.7473
2026-07-29,153.0100,156.5000,151.5000,152.0100,3851700,ABNB,146.3460,145.4577,140.4296,142.0871,137.1942,138.4664,132.2141,134.9290
2026-07-30,152.0800,152.2100,149.5800,151.5000,3055600,ABNB,146.5845,146.0884,140.7852,142.4790,137.3827,138.7360,132.3836,135.0997
2026-07-31,151.5200,152.6400,149.6100,150.8400,2460700,ABNB,146.7140,146.6057,141.1924,142.8335,137.5576,138.9891,132.5469,135.2630
2026-08-03,150.6400,154.5600,150.0200,153.4900,3511509,ABNB,146.8635,146.9899,141.4942,143.1397,137.7396,139.2198,132.6856,135.4160
