Date,Close,High,Low,Open,Volume,Ticker,SMA_20,EMA_20,SMA_50,EMA_50,SMA_100,EMA_100,SMA_200,EMA_200
2021-08-16,37.5474,37.6800,37.2400,37.5602,7215000,CMG,,37.5474,,37.5474,,37.5474,,37.5474
2021-08-17,37.3922,37.5316,37.1000,37.4270,7545000,CMG,,37.5326,,37.5413,,37.5443,,37.5459
2021-08-18,37.0296,37.5400,37.0036,37.4166,5330000,CMG,,37.4847,,37.5212,,37.5341,,37.5407
2021-08-19,37.4148,37.4890,36.8000,36.8000,6475000,CMG,,37.4781,,37.5171,,37.5318,,37.5395
2021-08-20,37.8308,37.9500,37.4290,37.5560,6235000,CMG,,37.5116,,37.5294,,37.5377,,37.5424
2021-08-23,38.2400,38.7352,37.8924,37.9408,9640000,CMG,,37.5810,,37.5572,,37.5516,,37.5493
2021-08-24,38.4104,38.5542,38.2182,38.3334,6515000,CMG,,37.6600,,37.5907,,37.5686,,37.5579
2021-08-25,38.4900,38.8198,38.4066,38.6434,8280000,CMG,,37.7391,,37.6260,,37.5869,,37.5672
2021-08-26,38.1306,38.4852,37.9806,38.4000,8455000,CMG,,37.7763,,37.6458,,37.5976,,37.5728
2021-08-27,38.3790,38.6048,38.2018,38.3540,8935000,CMG,,37.8337,,37.6745,,37.6131,,37.5808
2021-08-30,38.3214,38.6522,38.2170,38.3800,8235000,CMG,,37.8802,,37.6999,,37.6271,,37.5881
2021-08-31,38.0666,38.4960,37.9210,38.4960,15720000,CMG,,37.8979,,37.7143,,37.6358,,37.5929
2021-09-01,37.9668,38.2276,37.8480,38.1600,9500000,CMG,,37.9045,,37.7242,,37.6424,,37.5966
2021-09-02,38.0560,38.1560,37.8942,38.1560,7280000,CMG,,37.9189,,37.7372,,37.6506,,37.6012
2021-09-03,38.4002,38.4386,37.8000,37.9426,7830000,CMG,,37.9648,,37.7632,,37.6654,,37.6092
2021-09-07,37.8964,38.4792,37.8498,38.3288,15695000,CMG,,37.9582,,37.7684,,37.6700,,37.6120
2021-09-08,38.1140,38.4108,37.8110,38.2818,13065000,CMG,,37.9731,,37.7820,,37.6788,,37.6170
2021-09-09,38.1940,38.6170,38.1274,38.2044,10940000,CMG,,37.9941,,37.7981,,37.6890,,37.6227
2021-09-10,38.0206,38.5336,37.9938,38.5272,10335000,CMG,,37.9966,,37.8068,,37.6955,,37.6267
2021-09-13,37.3438,38.0580,37.0428,38.0170,14640000,CMG,37.9622,37.9345,,37.7887,,37.6886,,37.6239
2021-09-14,37.1958,37.5112,36.9864,37.5112,10445000,CMG,37.9447,37.8641,,37.7654,,37.6788,,37.6196
2021-09-15,37.6016,37.7116,36.8000,37.1624,15075000,CMG,37.9551,37.8391,,37.7590,,37.6773,,37.6195
2021-09-16,38.3576,38.4320,37.7836,38.0000,17890000,CMG,38.0215,37.8885,,37.7825,,37.6908,,37.6268
2021-09-17,38.1804,38.7546,37.9770,38.7546,23510000,CMG,38.0598,37.9163,,37.7981,,37.7005,,37.6323
2021-09-20,37.6866,37.9988,37.1866,37.6800,19345000,CMG,38.0526,37.8944,,37.7937,,37.7002,,37.6328
2021-09-21,37.9484,38.1268,37.4554,37.9090,17015000,CMG,38.0380,37.8996,,37.7998,,37.7051,,37.6360
2021-09-22,38.7008,38.8000,38.0000,38.0504,11190000,CMG,38.0525,37.9759,,37.8351,,37.7248,,37.6466
2021-09-23,38.8810,39.1710,38.7384,38.8600,10255000,CMG,38.0721,38.0621,,37.8761,,37.7477,,37.6589
2021-09-24,38.7444,39.0000,38.3986,38.9000,6810000,CMG,38.1028,38.1271,,37.9102,,37.7674,,37.6697
2021-09-27,37.9900,38.7296,37.6776,38.5850,12440000,CMG,38.0833,38.1140,,37.9133,,37.7719,,37.6729
2021-09-28,36.7880,37.6400,36.5704,37.5722,14770000,CMG,38.0067,37.9877,,37.8692,,37.7524,,37.6640
2021-09-29,36.9308,37.3352,36.8748,37.1400,9125000,CMG,37.9499,37.8871,,37.8324,,37.7361,,37.6567
2021-09-30,36.3504,37.2400,36.3262,36.9550,13725000,CMG,37.8690,37.7407,,37.7743,,37.7087,,37.6438
2021-10-01,36.5720,36.7316,35.7676,36.7316,14915000,CMG,37.7948,37.6294,,37.7271,,37.6862,,37.6331
2021-10-04,36.0954,36.7244,35.8432,36.6978,14555000,CMG,37.6796,37.4833,,37.6631,,37.6547,,37.6178
2021-10-05,36.6024,37.1584,36.2506,36.5380,11970000,CMG,37.6149,37.3994,,37.6215,,37.6338,,37.6077
2021-10-06,36.6778,36.7798,36.1298,36.2228,6615000,CMG,37.5431,37.3307,,37.5845,,37.6149,,37.5984
2021-10-07,36.9334,37.4102,36.9004,37.1038,7135000,CMG,37.4801,37.2929,,37.5590,,37.6014,,37.5918
2021-10-08,36.3522,37.0944,36.2912,36.9400,8025000,CMG,37.3966,37.2033,,37.5117,,37.5767,,37.5795
2021-10-11,35.6772,36.3560,35.5216,36.3334,12005000,CMG,37.3133,37.0579,,37.4397,,37.5390,,37.5606
2021-10-12,36.0714,36.2942,35.5600,35.9526,11275000,CMG,37.2571,36.9640,,37.3861,,37.5100,,37.5457
2021-10-13,36.2110,36.3520,35.8208,36.2000,7605000,CMG,37.1876,36.8923,,37.3400,,37.4843,,37.5325
2021-10-14,36.8138,36.9646,36.4716,36.5570,12710000,CMG,37.1104,36.8848,,37.3193,,37.4710,,37.5253
2021-10-15,36.6186,37.0946,36.5220,37.0946,8330000,CMG,37.0323,36.8594,,37.2919,,37.4541,,37.5163
2021-10-18,37.0534,37.2304,36.5576,36.6800,11060000,CMG,37.0006,36.8779,,37.2825,,37.4462,,37.5117
2021-10-19,36.8228,37.3288,36.8126,37.2786,7065000,CMG,36.9443,36.8727,,37.2645,,37.4338,,37.5048
2021-10-20,36.4618,36.6798,36.0688,36.6414,13150000,CMG,36.8324,36.8335,,37.2330,,37.4146,,37.4944
2021-10-21,36.8766,36.9886,36.2438,36.3342,19235000,CMG,36.7322,36.8376,,37.2190,,37.4039,,37.4883
2021-10-22,35.8442,37.1120,35.4740,36.8750,29540000,CMG,36.5872,36.7430,,37.1651,,37.3730,,37.4719
2021-10-25,35.4996,35.9744,35.2316,35.8442,14260000,CMG,36.4626,36.6246,37.3957,37.0998,,37.3359,,37.4523
2021-10-26,34.9696,35.8100,34.8032,35.6442,12720000,CMG,36.3717,36.4670,37.3441,37.0163,,37.2891,,37.4276
2021-10-27,35.3212,35.7534,34.9612,35.0884,11080000,CMG,36.2912,36.3579,37.3027,36.9498,,37.2501,,37.4066
2021-10-28,35.5526,35.7346,35.2524,35.3200,9550000,CMG,36.2513,36.2812,37.2732,36.8950,,37.2165,,37.3882
2021-10-29,35.5806,35.7168,35.1232,35.1948,8750000,CMG,36.2018,36.2144,37.2365,36.8435,,37.1841,,37.3702
2021-11-01,36.0238,36.1690,35.5644,35.6908,13700000,CMG,36.1982,36.1963,37.2003,36.8113,,37.1611,,37.3568
2021-11-02,35.9928,36.2180,35.9558,36.0742,9595000,CMG,36.1677,36.1769,37.1554,36.7792,,37.1380,,37.3432
2021-11-03,35.5422,35.8958,35.2000,35.8280,10165000,CMG,36.1109,36.1165,37.0980,36.7307,,37.1064,,37.3253
2021-11-04,36.1632,36.1826,35.5000,35.5744,11345000,CMG,36.0724,36.1209,37.0515,36.7084,,37.0877,,37.3138
2021-11-05,35.8870,36.5888,35.8254,36.3000,10555000,CMG,36.0492,36.0986,37.0066,36.6762,,37.0639,,37.2996
2021-11-08,35.9982,36.3006,35.8292,36.0686,8035000,CMG,36.0652,36.0891,36.9590,36.6496,,37.0428,,37.2866
2021-11-09,36.2980,36.3018,35.7600,36.0740,8590000,CMG,36.0765,36.1090,36.9185,36.6359,,37.0281,,37.2768
2021-11-10,36.2402,36.4600,35.8800,35.8800,11495000,CMG,36.0780,36.1215,36.8820,36.6203,,37.0125,,37.2665
2021-11-11,36.3200,36.3794,36.1000,36.3118,9645000,CMG,36.0533,36.1404,36.8491,36.6086,,36.9988,,37.2570
2021-11-12,37.2600,37.3128,36.3020,36.3854,17320000,CMG,36.0854,36.2470,36.8332,36.6341,,37.0039,,37.2571
2021-11-15,36.7876,37.9198,36.6562,37.4000,11695000,CMG,36.0721,36.2985,36.8009,36.6401,,36.9997,,37.2524
2021-11-16,36.5508,37.0006,36.4324,36.8000,6795000,CMG,36.0585,36.3225,36.7740,36.6366,,36.9908,,37.2454
2021-11-17,36.1200,36.7800,35.9206,36.7164,9060000,CMG,36.0414,36.3032,36.7341,36.6164,,36.9735,,37.2342
2021-11-18,35.5834,36.1390,35.3602,36.0772,9525000,CMG,35.9768,36.2347,36.6819,36.5759,,36.9460,,37.2178
2021-11-19,35.0980,35.6010,35.0550,35.6010,12490000,CMG,35.9394,36.1264,36.6234,36.5179,,36.9094,,37.1967
2021-11-22,34.4284,35.3398,34.0970,35.3222,12010000,CMG,35.8859,35.9647,36.5651,36.4360,,36.8603,,37.1692
2021-11-23,34.1694,34.6000,33.4300,34.3060,18720000,CMG,35.8459,35.7937,36.5046,36.3471,,36.8070,,37.1393
2021-11-24,34.1586,34.3334,33.6000,33.8110,5440000,CMG,35.7877,35.6380,36.4358,36.2613,,36.7546,,37.1097
2021-11-26,33.7376,34.0620,33.4224,33.5630,7085000,CMG,35.6970,35.4570,36.3434,36.1623,,36.6948,,37.0761
2021-11-29,33.5620,34.0490,33.4434,34.0490,7070000,CMG,35.5961,35.2765,36.2510,36.0603,,36.6328,,37.0411
2021-11-30,32.8682,33.6422,32.7000,33.4064,13530000,CMG,35.4383,35.0472,36.1546,35.9351,,36.5582,,36.9996
2021-12-01,32.0416,33.6670,32.0024,33.1200,13305000,CMG,35.2407,34.7609,36.0365,35.7824,,36.4688,,36.9503
2021-12-02,32.2288,32.5600,31.6546,32.2020,15660000,CMG,35.0750,34.5198,35.9070,35.6431,,36.3848,,36.9033
2021-12-03,31.8420,32.6000,31.5200,32.5450,21280000,CMG,34.8590,34.2647,35.7663,35.4940,,36.2949,,36.8529
2021-12-06,32.4692,32.7378,31.3592,31.9536,12175000,CMG,34.6881,34.0937,35.6408,35.3754,,36.2191,,36.8093
2021-12-07,34.2348,34.5400,33.0444,33.1220,17715000,CMG,34.5999,34.1072,35.5657,35.3307,,36.1798,,36.7837
2021-12-08,34.7842,34.9698,34.1594,34.4158,10335000,CMG,34.5242,34.1717,35.5256,35.3092,,36.1522,,36.7638
2021-12-09,34.4520,35.1030,34.3468,34.8366,10895000,CMG,34.4348,34.1984,35.4760,35.2756,,36.1185,,36.7408
2021-12-10,34.4280,34.9002,34.2424,34.7512,9005000,CMG,34.3402,34.2202,35.4376,35.2424,,36.0850,,36.7178
2021-12-13,33.8186,34.3442,33.6042,34.2992,10125000,CMG,34.1682,34.1820,35.3825,35.1866,,36.0402,,36.6889
2021-12-14,33.5440,33.7500,33.1184,33.5320,7970000,CMG,34.0060,34.1212,35.3315,35.1221,,35.9907,,36.6576
2021-12-15,34.0234,34.0998,33.0640,33.5362,8925000,CMG,33.8796,34.1119,35.2799,35.0790,,35.9518,,36.6314
2021-12-16,33.5794,34.4932,33.2400,34.2990,8555000,CMG,33.7526,34.0612,35.2179,35.0202,,35.9048,,36.6011
2021-12-17,33.6768,34.4192,33.0996,33.6394,19135000,CMG,33.6572,34.0246,35.1528,34.9676,,35.8607,,36.5720
2021-12-20,33.5968,33.7600,33.0720,33.3616,9630000,CMG,33.5822,33.9838,35.0977,34.9138,,35.8159,,36.5424
2021-12-21,34.4778,34.5234,33.6818,33.7366,7335000,CMG,33.5847,34.0309,35.0737,34.8967,,35.7894,,36.5218
2021-12-22,34.8932,34.9744,34.4232,34.6964,8410000,CMG,33.6208,34.1130,35.0501,34.8966,,35.7716,,36.5056
2021-12-23,34.9734,35.1350,34.6552,34.9860,7480000,CMG,33.6616,34.1949,35.0254,34.8996,,35.7558,,36.4904
2021-12-27,35.3248,35.4270,34.9600,34.9600,7180000,CMG,33.7409,34.3026,34.9956,34.9163,,35.7473,,36.4788
2021-12-28,35.0582,35.5334,34.9402,35.3600,5730000,CMG,33.8158,34.3745,34.9644,34.9218,,35.7336,,36.4646
2021-12-29,34.9720,35.2360,34.7890,34.7890,5110000,CMG,33.9209,34.4314,34.9227,34.9238,,35.7185,,36.4498
2021-12-30,34.9444,35.2724,34.8016,34.8016,5925000,CMG,34.0661,34.4803,34.8852,34.9246,,35.7032,,36.4348
2021-12-31,34.9650,35.2378,34.8826,34.9218,5215000,CMG,34.2029,34.5264,34.8552,34.9262,,35.6886,,36.4202
2022-01-03,33.8134,34.9814,33.6484,34.8000,13600000,CMG,34.3015,34.4585,34.7940,34.8825,,35.6515,,36.3942
2022-01-04,32.9464,33.8146,32.2962,33.7262,19115000,CMG,34.3253,34.3145,34.7360,34.8066,,35.5979,,36.3599
2022-01-05,31.8910,32.9464,31.8256,32.9464,15635000,CMG,34.2081,34.0837,34.6639,34.6923,36.0298,35.5245,,36.3155
2022-01-06,32.4194,32.9568,31.7990,31.9002,13160000,CMG,34.0899,33.9252,34.6128,34.6031,35.9785,35.4630,,36.2767
2022-01-07,31.9562,33.0000,31.9208,32.4120,14890000,CMG,33.9651,33.7377,34.5455,34.4993,35.9241,35.3936,,36.2337
2022-01-10,30.8692,31.6044,30.0464,31.4790,22685000,CMG,33.7872,33.4645,34.4519,34.3570,35.8625,35.3040,,36.1803
2022-01-11,31.6322,31.8562,30.6000,30.7202,14635000,CMG,33.6778,33.2900,34.3729,34.2501,35.8047,35.2313,,36.1351
2022-01-12,31.0814,31.9250,31.0058,31.8000,11870000,CMG,33.5547,33.0796,34.2741,34.1259,35.7372,35.1491,,36.0848
2022-01-13,30.1486,31.5384,30.0954,31.0812,15630000,CMG,33.3610,32.8005,34.1572,33.9699,35.6563,35.0501,,36.0257
2022-01-14,29.9626,30.6000,29.2000,30.2902,17140000,CMG,33.1801,32.5302,34.0456,33.8127,35.5718,34.9493,,35.9654
2022-01-18,29.5550,30.1400,29.3800,29.7400,21160000,CMG,32.9741,32.2469,33.9134,33.6458,35.4825,34.8425,,35.9016
2022-01-19,29.3536,30.0452,29.3000,29.6788,16595000,CMG,32.7619,31.9713,33.7828,33.4775,35.3947,34.7338,,35.8365
2022-01-20,28.4088,30.1000,28.3454,29.7192,17025000,CMG,32.4584,31.6320,33.6310,33.2787,35.2950,34.6086,,35.7626
2022-01-21,27.5680,28.2250,27.3984,28.2000,27535000,CMG,32.0922,31.2450,33.4564,33.0547,35.1875,34.4692,,35.6810
2022-01-24,28.3314,28.4076,25.9358,26.7000,39065000,CMG,31.7601,30.9675,33.2982,32.8695,35.0901,34.3476,,35.6079
2022-01-25,27.3680,27.9998,27.1800,27.7976,22475000,CMG,31.3622,30.6247,33.1192,32.6538,34.9841,34.2094,,35.5259
2022-01-26,27.1692,28.5282,26.9326,28.1438,15865000,CMG,30.9678,30.2956,32.9173,32.4387,34.8752,34.0700,,35.4427
2022-01-27,26.9028,27.9400,26.8670,27.5370,13550000,CMG,30.5643,29.9725,32.7196,32.2216,34.7603,33.9281,,35.3578
2022-01-28,28.2004,28.2374,26.6710,26.8814,14945000,CMG,30.2271,29.8037,32.5526,32.0639,34.6633,33.8146,,35.2866
2022-01-31,29.7116,29.7802,28.4550,28.4550,23085000,CMG,29.9645,29.7949,32.4245,31.9716,34.5793,33.7334,,35.2311
2022-02-01,30.2490,30.2634,29.4664,30.0000,13235000,CMG,29.7862,29.8382,32.3178,31.9041,34.4998,33.6644,,35.1815
2022-02-02,29.6914,30.4216,29.6412,30.4000,17370000,CMG,29.6235,29.8242,32.2096,31.8173,34.4165,33.5857,,35.1269
2022-02-03,28.9488,29.3880,28.8130,29.1176,19130000,CMG,29.4764,29.7408,32.1001,31.7048,34.3326,33.4939,,35.0654
2022-02-04,29.6688,29.9824,28.7618,28.8302,17345000,CMG,29.3389,29.7340,32.0100,31.6250,34.2573,33.4182,,35.0117
2022-02-07,29.0588,30.1000,28.9084,29.7172,16620000,CMG,29.1940,29.6697,31.9080,31.5244,34.1719,33.3318,,34.9525
2022-02-08,29.2070,29.4624,28.6940,29.0600,40080000,CMG,29.1109,29.6256,31.8174,31.4335,34.0804,33.2502,,34.8953
2022-02-09,32.1748,32.3200,30.9000,31.5068,54105000,CMG,29.1380,29.8684,31.7897,31.4625,34.0203,33.2289,,34.8682
2022-02-10,31.5600,32.1348,31.3178,31.7380,18350000,CMG,29.1619,30.0295,31.7635,31.4664,33.9591,33.1958,,34.8353
2022-02-11,31.2296,31.9576,30.9026,31.7610,15385000,CMG,29.2160,30.1438,31.7473,31.4571,33.8919,33.1569,,34.7994
2022-02-14,31.2790,31.8594,30.9552,31.1568,15705000,CMG,29.2818,30.2519,31.7283,31.4501,33.8177,33.1197,,34.7644
2022-02-15,31.3398,31.9000,31.1518,31.5830,11120000,CMG,29.3710,30.3555,31.7182,31.4458,33.7423,33.0845,,34.7303
2022-02-16,31.5086,31.6198,30.7650,31.0000,13435000,CMG,29.4788,30.4653,31.6990,31.4482,33.6699,33.0532,,34.6983
2022-02-17,30.1972,31.3036,29.9892,31.2464,19190000,CMG,29.5682,30.4398,31.6183,31.3992,33.5920,32.9967,,34.6535
2022-02-18,30.4664,30.9630,30.1216,30.1216,12265000,CMG,29.7131,30.4423,31.5319,31.3626,33.5287,32.9466,,34.6118
2022-02-22,29.6012,30.6098,29.0710,30.1698,18825000,CMG,29.7766,30.3622,31.4349,31.2935,33.4555,32.8803,,34.5620
2022-02-23,28.5778,29.9020,28.4290,29.6474,14135000,CMG,29.8371,30.1923,31.3179,31.1870,33.3777,32.7951,,34.5024
2022-02-24,29.6922,29.7500,27.2400,27.4042,19670000,CMG,29.9633,30.1446,31.2354,31.1284,33.3089,32.7337,,34.4546
2022-02-25,29.9400,30.0008,29.1660,29.5478,10580000,CMG,30.1151,30.1252,31.1633,31.0818,33.2474,32.6784,,34.4096
2022-02-28,30.4670,30.5312,29.3214,29.7720,13345000,CMG,30.2285,30.1577,31.0922,31.0577,33.1860,32.6346,,34.3704
2022-03-01,29.7590,30.4712,29.5746,30.3386,14115000,CMG,30.2308,30.1197,31.0158,31.0068,33.1168,32.5776,,34.3245
2022-03-02,29.9316,29.9880,29.3386,29.8280,10285000,CMG,30.2150,30.1018,30.9409,30.9646,33.0468,32.5252,,34.2808
2022-03-03,29.2434,30.2232,29.1700,30.1986,10425000,CMG,30.1926,30.0201,30.8538,30.8971,32.9757,32.4603,,34.2307
2022-03-04,28.8456,29.2136,28.2720,29.1426,9500000,CMG,30.1874,29.9082,30.7411,30.8166,32.9074,32.3887,,34.1771
2022-03-07,26.4792,28.9890,26.2842,28.9890,22955000,CMG,30.0279,29.5816,30.5729,30.6466,32.8115,32.2717,,34.1005
2022-03-08,26.2720,27.1168,25.5482,26.3000,19750000,CMG,29.8886,29.2664,30.3988,30.4750,32.7121,32.1529,,34.0226
2022-03-09,28.4126,28.4536,26.7320,26.7320,19365000,CMG,29.8489,29.1851,30.2606,30.3941,32.6281,32.0788,,33.9668
2022-03-10,29.3806,29.3870,28.0438,28.1558,20200000,CMG,29.7091,29.2037,30.1470,30.3544,32.5557,32.0254,,33.9212
2022-03-11,29.5082,30.3696,29.3280,29.3280,29585000,CMG,29.6066,29.2327,30.0378,30.3212,32.4803,31.9755,,33.8773
2022-03-14,29.4394,30.1032,29.2216,29.2300,17870000,CMG,29.5170,29.2524,29.9277,30.2866,32.4064,31.9253,,33.8331
2022-03-15,29.8730,30.5374,29.5626,29.5952,15675000,CMG,29.4467,29.3115,29.8258,30.2704,32.3405,31.8847,,33.7937
2022-03-16,31.0948,31.1926,30.2218,30.4724,14395000,CMG,29.4345,29.4814,29.7715,30.3027,32.2827,31.8690,,33.7668
2022-03-17,31.2710,31.2898,30.6000,30.6000,9790000,CMG,29.4226,29.6518,29.7379,30.3407,32.2370,31.8572,,33.7420
2022-03-18,31.7546,31.9084,31.0028,31.3372,15675000,CMG,29.5005,29.8521,29.7352,30.3961,32.1995,31.8551,,33.7222
2022-03-21,30.8042,31.8406,30.4374,31.6000,12470000,CMG,29.5174,29.9427,29.7029,30.4121,32.1579,31.8343,,33.6932
2022-03-22,31.1668,31.3800,30.8502,30.9548,7370000,CMG,29.5957,30.0593,29.6871,30.4417,32.1163,31.8211,,33.6681
2022-03-23,30.8334,31.0310,30.4004,31.0000,14555000,CMG,29.7084,30.1330,29.6864,30.4571,32.0691,31.8016,,33.6399
2022-03-24,31.3188,31.3572,30.5000,30.9694,8780000,CMG,29.7898,30.2460,29.6801,30.4909,32.0265,31.7920,,33.6168
2022-03-25,31.1274,31.4890,30.7498,31.4870,6890000,CMG,29.8491,30.3299,29.6811,30.5159,31.9776,31.7788,,33.5920
2022-03-28,31.5022,31.7200,30.9290,31.1372,7155000,CMG,29.9009,30.4416,29.7081,30.5545,31.9327,31.7734,,33.5712
2022-03-29,31.8066,32.2912,31.4002,32.0000,9825000,CMG,30.0033,30.5716,29.7450,30.6036,31.8953,31.7740,,33.5536
2022-03-30,31.4818,31.6938,31.0800,31.4742,10130000,CMG,30.0808,30.6583,29.7835,30.6381,31.8485,31.7682,,33.5330
2022-03-31,31.6406,32.2680,31.4820,31.8308,10495000,CMG,30.2006,30.7518,29.8293,30.6774,31.8060,31.7657,,33.5142
2022-04-01,31.8808,31.8894,31.4002,31.7200,7465000,CMG,30.3524,30.8593,29.8987,30.7246,31.7648,31.7680,,33.4979
2022-04-04,32.2150,32.2378,31.6438,31.7142,7310000,CMG,30.6392,30.9884,29.9917,30.7830,31.7240,31.7768,,33.4852
2022-04-05,32.0938,32.5492,31.6442,32.1616,10070000,CMG,30.9303,31.0937,30.0669,30.8344,31.6826,31.7831,,33.4713
2022-04-06,31.0170,31.6600,30.5310,31.6180,10130000,CMG,31.0605,31.0864,30.1399,30.8416,31.6295,31.7679,,33.4469
2022-04-07,30.8838,31.1064,30.3266,30.8254,10790000,CMG,31.1357,31.0671,30.2142,30.8432,31.5658,31.7504,,33.4214
2022-04-08,30.8798,31.1452,30.6314,30.6418,7165000,CMG,31.2042,31.0493,30.2937,30.8447,31.5067,31.7332,,33.3961
2022-04-11,30.2294,30.6816,29.6498,30.5392,9365000,CMG,31.2437,30.9712,30.3343,30.8205,31.4435,31.7034,,33.3646
2022-04-12,30.6522,31.4998,30.5170,30.6200,9080000,CMG,31.2827,30.9408,30.3531,30.8139,31.3888,31.6826,,33.3376
2022-04-13,31.8000,31.8710,30.6678,30.6794,8895000,CMG,31.3180,31.0226,30.3841,30.8526,31.3510,31.6849,,33.3223
2022-04-14,32.0634,32.2468,31.8048,32.0546,9950000,CMG,31.3576,31.1218,30.4316,30.9001,31.3206,31.6924,,33.3098
2022-04-18,31.7952,32.2400,31.5470,31.8250,8270000,CMG,31.3596,31.1859,30.4885,30.9352,31.2943,31.6945,,33.2947
2022-04-19,32.6406,32.7992,31.7952,31.7952,11535000,CMG,31.4514,31.3244,30.5479,31.0021,31.2790,31.7132,,33.2882
2022-04-20,32.2516,32.9000,32.2000,32.8648,7460000,CMG,31.5057,31.4127,30.6118,31.0511,31.2599,31.7239,,33.2779
2022-04-21,30.4222,32.6982,30.3948,32.5430,15250000,CMG,31.4851,31.3184,30.6361,31.0264,31.2268,31.6981,,33.2495
2022-04-22,29.6170,30.7448,29.5122,30.1878,11750000,CMG,31.4000,31.1564,30.5849,30.9711,31.1873,31.6569,,33.2133
2022-04-25,30.3200,30.3374,28.9202,29.4000,13520000,CMG,31.3596,31.0767,30.5601,30.9456,31.1618,31.6304,,33.1845
2022-04-26,28.7642,29.9476,28.5100,29.8616,22215000,CMG,31.2227,30.8565,30.5108,30.8601,31.1291,31.5736,,33.1406
2022-04-27,29.5126,30.2504,28.5196,29.9522,26945000,CMG,31.1080,30.7285,30.4755,30.8072,31.1019,31.5328,,33.1045
2022-04-28,30.0164,30.5340,29.2550,30.0802,14985000,CMG,31.0348,30.6607,30.4490,30.7762,31.0836,31.5028,,33.0737
2022-04-29,29.1122,30.2412,29.0222,29.8548,13115000,CMG,30.9084,30.5132,30.4011,30.7110,31.0501,31.4555,,33.0343
2022-05-02,29.2232,29.2524,28.1954,29.0234,11685000,CMG,30.7755,30.3903,30.3816,30.6526,31.0000,31.4113,,32.9964
2022-05-03,28.9508,29.2792,28.4166,29.1380,11160000,CMG,30.6123,30.2532,30.3513,30.5859,30.9416,31.3625,,32.9561
2022-05-04,28.6906,29.1340,27.6200,29.0092,20925000,CMG,30.4421,30.1044,30.3331,30.5115,30.8840,31.3096,,32.9137
2022-05-05,27.3972,28.6060,26.8898,28.3114,24845000,CMG,30.2611,29.8466,30.3095,30.3894,30.8137,31.2322,,32.8588
2022-05-06,27.0906,27.3194,26.2406,26.9000,14945000,CMG,30.0715,29.5841,30.2575,30.2601,30.7464,31.1501,,32.8014
2022-05-09,25.5314,26.6000,25.4400,26.4722,19900000,CMG,29.8040,29.1981,30.1693,30.0746,30.6663,31.0389,,32.7291
2022-05-10,26.4216,26.7754,25.4588,25.9292,19815000,CMG,29.6136,28.9337,30.0884,29.9314,30.5903,30.9474,,32.6663
2022-05-11,25.6338,27.2278,25.5798,26.2038,15610000,CMG,29.3627,28.6194,30.0059,29.7628,30.5108,30.8422,,32.5963
2022-05-12,25.6224,26.0772,24.8542,25.2288,17150000,CMG,29.0538,28.3340,29.9197,29.6005,30.4303,30.7389,,32.5269
2022-05-13,26.3656,26.7600,25.9776,25.9776,11025000,CMG,28.7690,28.1465,29.8621,29.4736,30.3580,30.6523,,32.4656
2022-05-16,25.9814,26.4784,25.8710,26.1770,8700000,CMG,28.4783,27.9403,29.8049,29.3367,30.2730,30.5598,,32.4011
2022-05-17,26.4412,26.6926,25.9050,26.5724,8525000,CMG,28.1683,27.7976,29.8041,29.2231,30.1885,30.4782,,32.3418
2022-05-18,25.0578,26.1124,24.8000,25.9876,15405000,CMG,27.8086,27.5366,29.7798,29.0598,30.0893,30.3709,,32.2693
2022-05-19,25.4498,25.8068,24.6650,24.7754,11685000,CMG,27.5600,27.3379,29.7206,28.9182,29.9906,30.2734,,32.2015
2022-05-20,25.8822,25.9350,25.1278,25.8600,17405000,CMG,27.3733,27.1992,29.6506,28.7991,29.8988,30.1865,,32.1386
2022-05-23,25.7958,26.2474,25.2902,25.9712,16840000,CMG,27.1470,27.0656,29.5763,28.6814,29.8071,30.0995,,32.0755
2022-05-24,25.3328,25.5738,24.6182,25.5738,18520000,CMG,26.9755,26.9006,29.4942,28.5500,29.7109,30.0051,,32.0084
2022-05-25,25.7754,26.1014,24.7436,24.9000,12640000,CMG,26.7886,26.7934,29.4123,28.4412,29.6190,29.9214,,31.9464
2022-05-26,26.8182,26.9750,25.9302,26.0832,11275000,CMG,26.6287,26.7958,29.3267,28.3776,29.5491,29.8599,,31.8954
2022-05-27,28.0484,28.1334,27.1558,27.1558,12685000,CMG,26.5755,26.9151,29.2623,28.3647,29.5001,29.8241,,31.8571
2022-05-31,28.0510,28.2876,27.5404,27.9000,12860000,CMG,26.5169,27.0232,29.1882,28.3524,29.4617,29.7890,32.7457,31.8192
2022-06-01,27.4944,28.2690,26.9886,28.0270,10670000,CMG,26.4441,27.0681,29.1220,28.3187,29.4125,29.7435,32.6955,31.7762
2022-06-02,27.9398,27.9552,27.2096,27.2096,10800000,CMG,26.4065,27.1511,29.0575,28.3039,29.3723,29.7078,32.6482,31.7380
2022-06-03,27.5012,27.8430,27.2816,27.5800,5695000,CMG,26.4117,27.1845,28.9908,28.2724,29.3386,29.6641,32.6006,31.6958
2022-06-06,27.5360,27.8188,27.3640,27.8188,7295000,CMG,26.4340,27.2180,28.9152,28.2435,29.2977,29.6220,32.5512,31.6544
2022-06-07,27.8088,27.8828,27.1102,27.1150,8760000,CMG,26.5479,27.2742,28.8488,28.2265,29.2649,29.5861,32.5011,31.6162
2022-06-08,27.4670,27.9398,27.4326,27.7594,9745000,CMG,26.6002,27.2926,28.7681,28.1967,29.2381,29.5441,32.4472,31.5749
2022-06-09,27.3918,27.8200,27.2598,27.2598,8765000,CMG,26.6880,27.3020,28.6798,28.1651,29.2124,29.5015,32.3921,31.5333
2022-06-10,26.3408,26.8676,26.0356,26.7686,15625000,CMG,26.7240,27.2105,28.5770,28.0936,29.1803,29.4389,32.3314,31.4816
2022-06-13,24.6536,25.7036,24.2784,25.4192,18360000,CMG,26.6384,26.9670,28.4372,27.9587,29.1333,29.3441,32.2640,31.4137
2022-06-14,24.0802,24.9040,23.9256,24.4676,11425000,CMG,26.5433,26.6920,28.2812,27.8066,29.0900,29.2399,32.1925,31.3407
2022-06-15,25.3232,25.8000,24.6430,24.6712,15645000,CMG,26.4874,26.5617,28.1434,27.7092,29.0675,29.1623,32.1275,31.2808
2022-06-16,24.2912,24.9498,24.1170,24.9498,15420000,CMG,26.4491,26.3454,27.9873,27.5752,29.0271,29.0659,32.0586,31.2113
2022-06-17,24.9120,25.1932,24.3614,24.3766,19630000,CMG,26.4222,26.2089,27.8652,27.4707,29.0026,28.9836,31.9933,31.1486
2022-06-21,25.2248,25.5682,25.1752,25.2796,8920000,CMG,26.3893,26.1152,27.7521,27.3826,28.9831,28.9092,31.9292,31.0897
2022-06-22,25.0800,25.4158,24.6014,24.8258,8785000,CMG,26.3535,26.0166,27.6361,27.2923,28.9649,28.8334,31.8626,31.0299
2022-06-23,25.7904,25.8526,25.0990,25.3006,9590000,CMG,26.3764,25.9951,27.5473,27.2334,28.9408,28.7731,31.8021,30.9777
2022-06-24,26.5804,26.5808,25.9200,25.9812,11565000,CMG,26.4167,26.0508,27.4658,27.2078,28.9095,28.7297,31.7444,30.9340
2022-06-27,26.6342,27.0124,26.4074,26.9830,9980000,CMG,26.4075,26.1064,27.3625,27.1853,28.8733,28.6882,31.6866,30.8912
2022-06-28,25.7774,26.9234,25.7500,26.6370,9015000,CMG,26.2939,26.0750,27.2368,27.1301,28.8342,28.6306,31.6254,30.8403
2022-06-29,25.7640,25.9382,25.5398,25.8400,8080000,CMG,26.1796,26.0454,27.1162,27.0765,28.8023,28.5738,31.5675,30.7898
2022-06-30,26.1452,26.4362,25.4006,25.6456,13045000,CMG,26.1121,26.0549,26.9863,27.0400,28.7671,28.5257,31.5122,30.7436
2022-07-01,26.1360,26.3562,25.8112,26.0416,8885000,CMG,26.0219,26.0626,26.8640,27.0046,28.7379,28.4784,31.4549,30.6977
2022-07-05,27.2542,27.4588,25.4098,25.6886,14420000,CMG,26.0096,26.1761,26.8006,27.0144,28.7184,28.4541,31.3994,30.6635
2022-07-06,26.8466,27.3898,26.5990,27.2156,8345000,CMG,25.9751,26.2400,26.7452,27.0078,28.6651,28.4223,31.3427,30.6255
2022-07-07,27.0248,27.3724,26.7590,26.8924,7700000,CMG,25.9359,26.3147,26.6793,27.0085,28.6197,28.3946,31.2894,30.5897
2022-07-08,26.7856,27.0500,26.5722,26.8726,7710000,CMG,25.9018,26.3596,26.6397,26.9997,28.5753,28.3628,31.2336,30.5518
2022-07-11,25.8018,26.5786,25.7780,26.4422,10100000,CMG,25.8223,26.3064,26.5655,26.9527,28.5205,28.3121,31.1691,30.5045
2022-07-12,25.2292,26.0600,25.1266,25.8000,10155000,CMG,25.7667,26.2039,26.4698,26.8851,28.4594,28.2510,31.1008,30.4521
2022-07-13,25.5114,25.7026,24.6722,24.7308,11685000,CMG,25.8096,26.1379,26.3977,26.8313,28.3994,28.1968,31.0347,30.4029
2022-07-14,25.3168,25.3924,24.7206,25.3000,7915000,CMG,25.8715,26.0597,26.3196,26.7719,28.3506,28.1397,30.9713,30.3523
2022-07-15,25.9998,26.1356,25.5400,25.7082,10385000,CMG,25.9053,26.0540,26.2606,26.7416,28.3060,28.0974,30.9174,30.3090
2022-07-18,26.3832,27.0842,26.2400,26.3000,12735000,CMG,26.0099,26.0854,26.2144,26.7275,28.2738,28.0634,30.8646,30.2699
2022-07-19,26.8506,26.9564,26.5968,26.7114,8095000,CMG,26.1068,26.1582,26.2035,26.7324,28.2565,28.0394,30.8171,30.2359
2022-07-20,27.4976,27.5924,26.8600,26.8600,12660000,CMG,26.2205,26.2858,26.2117,26.7624,28.2346,28.0287,30.7717,30.2086
2022-07-21,27.3608,27.4424,26.5924,26.8944,15890000,CMG,26.3345,26.3882,26.2482,26.7859,28.2088,28.0154,30.7281,30.1803
2022-07-22,26.9466,27.7000,26.7110,27.5050,9685000,CMG,26.3923,26.4414,26.2587,26.7922,28.1736,27.9943,30.6798,30.1481
2022-07-25,26.5774,27.0846,26.2604,27.0846,16495000,CMG,26.3922,26.4543,26.2776,26.7837,28.1417,27.9662,30.6293,30.1126
2022-07-26,26.3286,26.5420,25.8326,26.3632,25150000,CMG,26.3769,26.4423,26.2917,26.7659,28.1057,27.9338,30.5763,30.0749
2022-07-27,30.2000,30.5898,28.6688,28.6750,71630000,CMG,26.5980,26.8002,26.3684,26.9006,28.1153,27.9787,30.5455,30.0762
2022-07-28,30.7776,30.9736,29.8200,30.1770,20740000,CMG,26.8487,27.1790,26.4644,27.0526,28.1346,28.0341,30.5210,30.0832
2022-07-29,31.2844,31.4894,30.6460,30.8776,15490000,CMG,27.1056,27.5700,26.5612,27.2185,28.1827,28.0985,30.4971,30.0951
2022-08-01,31.1476,31.5986,30.9820,31.1722,10655000,CMG,27.3562,27.9107,26.6830,27.3726,28.2314,28.1588,30.4718,30.1056
2022-08-02,30.9970,31.5390,30.9206,30.9820,6855000,CMG,27.5434,28.2047,26.7940,27.5148,28.2573,28.2150,30.4427,30.1145
2022-08-03,31.7006,31.9760,31.0020,31.2238,10735000,CMG,27.7861,28.5376,26.9103,27.6789,28.2805,28.2841,30.4181,30.1302
2022-08-04,31.6866,31.9800,31.5368,31.6988,10155000,CMG,28.0192,28.8375,27.0281,27.8361,28.3022,28.3514,30.3912,30.1457
2022-08-05,32.0156,32.0788,31.2374,31.4028,9050000,CMG,28.2807,29.1402,27.1618,28.0000,28.3280,28.4240,30.3672,30.1643
2022-08-08,32.4362,32.4916,32.1518,32.2000,9055000,CMG,28.6124,29.4541,27.2950,28.1739,28.3536,28.5034,30.3471,30.1869
2022-08-09,32.7818,32.8518,32.1290,32.2140,13295000,CMG,28.9900,29.7710,27.4143,28.3546,28.3705,28.5882,30.3266,30.2128
2022-08-10,33.1658,33.6818,33.0848,33.4738,14195000,CMG,29.3727,30.0943,27.5166,28.5433,28.3895,28.6788,30.3132,30.2421
2022-08-11,32.6218,33.4000,32.1364,33.3000,16505000,CMG,29.7380,30.3350,27.6080,28.7033,28.3981,28.7569,30.2988,30.2658
2022-08-12,33.2740,33.2922,32.4728,32.6088,10135000,CMG,30.1017,30.6149,27.7236,28.8825,28.4228,28.8463,30.2904,30.2958
2022-08-15,33.8406,33.9802,33.2926,33.2926,9185000,CMG,30.4746,30.9221,27.8417,29.0769,28.4496,28.9452,30.2829,30.3310
2022-08-16,34.2936,34.4974,33.6618,33.6618,11605000,CMG,30.8467,31.2432,27.9775,29.2815,28.4842,29.0511,30.2767,30.3705
2022-08-17,34.1098,34.3486,33.8652,33.8908,8175000,CMG,31.1773,31.5162,28.1090,29.4709,28.5121,29.1513,30.2693,30.4077
2022-08-18,34.2146,34.2432,33.9494,34.1034,6215000,CMG,31.5200,31.7732,28.2371,29.6569,28.5429,29.2516,30.2603,30.4455
2022-08-19,33.4452,34.1000,33.2482,33.9200,12410000,CMG,31.8449,31.9325,28.3567,29.8055,28.5624,29.3346,30.2475,30.4754
2022-08-22,32.7886,33.1746,32.5260,32.8000,9800000,CMG,32.1555,32.0140,28.4646,29.9224,28.5722,29.4030,30.2337,30.4984
2022-08-23,32.6030,33.0980,32.5680,32.8934,6530000,CMG,32.4692,32.0701,28.5898,30.0276,28.5834,29.4664,30.2159,30.5194
2022-08-24,32.8626,33.0472,32.6204,32.7404,5720000,CMG,32.6023,32.1456,28.7540,30.1387,28.5956,29.5336,30.2008,30.5427
2022-08-25,33.2648,33.3160,32.8392,33.0454,6185000,CMG,32.7267,32.2522,28.9377,30.2613,28.6095,29.6075,30.1872,30.5698
2022-08-26,32.5572,33.3556,32.5064,33.3556,8025000,CMG,32.7903,32.2812,29.0824,30.3514,28.6129,29.6659,30.1685,30.5895
2022-08-29,32.7816,33.0624,32.2944,32.3398,9670000,CMG,32.8720,32.3289,29.2522,30.4467,28.6198,29.7276,30.1512,30.6113
2022-08-30,32.2500,32.9998,31.8000,32.8000,10175000,CMG,32.9347,32.3214,29.3990,30.5174,28.6321,29.7776,30.1308,30.6276
2022-08-31,31.9360,32.6162,31.9188,32.2712,9460000,CMG,32.9465,32.2847,29.5332,30.5730,28.6426,29.8203,30.1042,30.6407
2022-09-01,32.2630,32.3106,31.0424,31.5768,12075000,CMG,32.9753,32.2826,29.6768,30.6393,28.6565,29.8687,30.0816,30.6568
2022-09-02,32.3304,32.6040,32.0034,32.6040,9230000,CMG,32.9910,32.2871,29.8076,30.7056,28.6775,29.9174,30.0605,30.6735
2022-09-06,32.6916,32.7600,32.0296,32.2800,11615000,CMG,33.0038,32.3257,29.9299,30.7835,28.6979,29.9724,30.0433,30.6935
2022-09-07,33.6152,33.7008,32.5448,32.5448,12835000,CMG,33.0455,32.4485,30.0695,30.8945,28.7160,30.0445,30.0335,30.7226
2022-09-08,34.1402,34.2060,33.3342,33.6000,12685000,CMG,33.0942,32.6096,30.2367,31.0218,28.7368,30.1256,30.0287,30.7566
2022-09-09,34.4664,34.7340,34.3232,34.4000,12855000,CMG,33.1864,32.7864,30.4108,31.1569,28.7635,30.2116,30.0289,30.7935
2022-09-12,34.9588,35.0912,34.7002,34.8400,8585000,CMG,33.2707,32.9933,30.5871,31.3060,28.7867,30.3056,30.0328,30.8350
2022-09-13,34.0212,34.5798,33.8000,34.1802,11165000,CMG,33.2797,33.0912,30.7448,31.4125,28.8044,30.3791,30.0321,30.8667
2022-09-14,34.4298,34.7584,33.9056,34.1418,12685000,CMG,33.2865,33.2187,30.8883,31.5308,28.8444,30.4593,30.0356,30.9021
2022-09-15,34.2130,34.6364,34.0430,34.3162,6950000,CMG,33.2917,33.3134,31.0356,31.6360,28.8904,30.5337,30.0389,30.9351
2022-09-16,33.8714,33.9464,33.5020,33.8586,16310000,CMG,33.2745,33.3665,31.1725,31.7236,28.9259,30.5998,30.0439,30.9643
2022-09-19,34.1034,34.1034,33.5188,33.5188,13555000,CMG,33.3074,33.4367,31.3189,31.8170,28.9793,30.6692,30.0542,30.9955
2022-09-20,33.9926,34.0822,33.6246,33.8578,13255000,CMG,33.3676,33.4897,31.4827,31.9023,29.0241,30.7350,30.0630,31.0254
2022-09-21,33.3056,34.4000,33.2724,34.4000,13025000,CMG,33.4027,33.4721,31.6442,31.9573,29.0570,30.7859,30.0703,31.0480
2022-09-22,31.7696,33.1616,31.5194,33.0000,22285000,CMG,33.3481,33.3100,31.7694,31.9500,29.0836,30.8053,30.0668,31.0552
2022-09-23,31.1504,31.4498,30.6436,31.2966,20790000,CMG,33.2424,33.1043,31.8861,31.9186,29.1028,30.8122,30.0514,31.0562
2022-09-26,30.6398,31.4202,30.6226,31.1842,12465000,CMG,33.1465,32.8696,31.9789,31.8685,29.1197,30.8088,30.0307,31.0520
2022-09-27,30.7800,31.2688,30.5000,31.1674,11480000,CMG,33.0464,32.6706,32.0668,31.8258,29.1406,30.8082,30.0123,31.0493
2022-09-28,31.3320,31.5642,30.6800,30.9306,13055000,CMG,33.0005,32.5431,32.1564,31.8064,29.1800,30.8186,29.9968,31.0521
2022-09-29,30.8670,31.3004,30.6866,30.9326,11990000,CMG,32.9471,32.3835,32.2238,31.7696,29.2177,30.8195,29.9821,31.0503
2022-09-30,30.0552,30.8970,30.0214,30.7000,14180000,CMG,32.8367,32.1617,32.2777,31.7023,29.2630,30.8044,29.9646,31.0404
2022-10-03,30.0940,30.3598,29.3632,30.2800,16560000,CMG,32.7249,31.9648,32.3407,31.6393,29.2997,30.7903,29.9450,31.0310
2022-10-04,30.7230,31.1790,30.4840,30.6674,12500000,CMG,32.6264,31.8465,32.4236,31.6033,29.3506,30.7890,29.9307,31.0279
2022-10-05,30.3956,30.8698,29.9172,30.2958,11865000,CMG,32.4655,31.7084,32.5049,31.5560,29.3983,30.7812,29.9143,31.0216
2022-10-06,30.1398,30.6782,30.1202,30.3162,12355000,CMG,32.2654,31.5590,32.5037,31.5004,29.4361,30.7685,29.8970,31.0128
2022-10-07,29.5750,29.8068,29.3062,29.7080,13975000,CMG,32.0209,31.3700,32.4797,31.4249,29.4720,30.7449,29.8725,30.9985
2022-10-10,29.5166,29.9234,29.4582,29.7750,13870000,CMG,31.7487,31.1935,32.4443,31.3501,29.5028,30.7205,29.8456,30.9838
2022-10-11,29.8212,29.9666,28.8400,29.5266,21860000,CMG,31.5387,31.0628,32.4178,31.2901,29.5504,30.7027,29.8199,30.9722
2022-10-12,30.4508,30.5988,29.6730,30.0042,17820000,CMG,31.3398,31.0045,32.4069,31.2572,29.6004,30.6977,29.7955,30.9670
2022-10-13,31.1648,31.4100,29.4448,29.7200,21860000,CMG,31.1874,31.0198,32.3961,31.2536,29.6532,30.7070,29.7760,30.9690
2022-10-14,30.1682,31.7400,30.1188,31.5860,18450000,CMG,31.0022,30.9387,32.3658,31.2110,29.6970,30.6963,29.7520,30.9610
2022-10-17,30.8396,31.2730,30.6816,30.8000,14470000,CMG,30.8390,30.9292,32.3422,31.1965,29.7520,30.6992,29.7315,30.9598
2022-10-18,30.8798,31.7620,30.4952,31.6534,15130000,CMG,30.6834,30.9245,32.3111,31.1840,29.8031,30.7027,29.7111,30.9590
2022-10-19,30.5442,31.0846,30.2648,30.7822,12575000,CMG,30.5453,30.8883,32.2664,31.1590,29.8403,30.6996,29.6947,30.9549
2022-10-20,30.7240,30.9400,30.4602,30.6216,11915000,CMG,30.4931,30.8727,32.2175,31.1419,29.8671,30.7001,29.6836,30.9526
2022-10-21,30.9964,31.0282,30.1728,30.7206,18230000,CMG,30.4854,30.8844,32.1850,31.1362,29.8965,30.7060,29.6791,30.9530
2022-10-24,30.9168,31.2646,30.7770,31.2000,19365000,CMG,30.4992,30.8875,32.1379,31.1276,29.9308,30.7101,29.6716,30.9527
2022-10-25,31.6804,31.8286,31.0500,31.2200,33440000,CMG,30.5442,30.9630,32.0947,31.1493,29.9682,30.7293,29.6702,30.9599
2022-10-26,29.5206,31.1764,29.4946,30.6482,51090000,CMG,30.4537,30.8257,31.9992,31.0854,29.9884,30.7054,29.6635,30.9456
2022-10-27,29.3388,29.8038,28.9934,29.8038,26705000,CMG,30.3772,30.6841,31.9038,31.0169,30.0064,30.6783,29.6520,30.9296
2022-10-28,30.1000,30.1120,28.9334,29.3282,19240000,CMG,30.3795,30.6284,31.8215,30.9809,30.0293,30.6669,29.6471,30.9214
2022-10-31,29.9666,30.4356,29.8514,30.1482,14870000,CMG,30.3731,30.5654,31.7519,30.9412,30.0543,30.6530,29.6462,30.9119
2022-11-01,29.5544,30.3200,29.5544,30.2302,14305000,CMG,30.3147,30.4691,31.6872,30.8868,30.0759,30.6313,29.6442,30.8983
2022-11-02,28.1596,29.6526,28.1448,29.6274,26475000,CMG,30.2029,30.2492,31.5984,30.7798,30.0941,30.5823,29.6372,30.8711
2022-11-03,27.8374,28.2710,27.7000,28.0746,19275000,CMG,30.0878,30.0195,31.4979,30.6644,30.1259,30.5280,29.6296,30.8409
2022-11-04,27.9514,28.3118,27.3306,28.3118,12810000,CMG,30.0066,29.8225,31.3916,30.5581,30.1647,30.4769,29.6273,30.8122
2022-11-07,27.9274,28.1052,27.5812,28.0872,12350000,CMG,29.9271,29.6420,31.2990,30.4549,30.1907,30.4265,29.6291,30.7835
2022-11-08,27.7928,28.1382,27.6038,27.8488,14090000,CMG,29.8257,29.4659,31.1992,30.3505,30.2257,30.3743,29.6264,30.7537
2022-11-09,27.5164,27.7342,27.2060,27.6980,11810000,CMG,29.6790,29.2802,31.1046,30.2394,30.2518,30.3177,29.6272,30.7215
2022-11-10,29.4184,29.4550,28.0822,28.7416,20030000,CMG,29.5917,29.2934,31.0542,30.2072,30.2937,30.2999,29.6384,30.7085
2022-11-11,30.1270,30.4776,29.3000,29.6760,22185000,CMG,29.5896,29.3728,31.0115,30.2040,30.3442,30.2965,29.6545,30.7027
2022-11-14,30.2624,30.7886,29.9256,30.0718,13220000,CMG,29.5607,29.4575,30.9701,30.2063,30.3889,30.2958,29.6648,30.6984
2022-11-15,30.4694,31.2252,30.3352,31.1000,14195000,CMG,29.5402,29.5539,30.9257,30.2166,30.4278,30.2992,29.6686,30.6961
2022-11-16,30.5310,30.7768,30.3208,30.4000,9895000,CMG,29.5396,29.6469,30.8640,30.2290,30.4667,30.3038,29.6700,30.6944
2022-11-17,29.8766,30.3988,29.8000,29.9456,11265000,CMG,29.4972,29.6688,30.7787,30.2151,30.5077,30.2954,29.6710,30.6863
2022-11-18,30.0496,30.3300,29.7686,30.3124,10060000,CMG,29.4499,29.7051,30.6904,30.2086,30.5506,30.2905,29.6765,30.6800
2022-11-21,29.8878,29.9818,29.5280,29.9000,9530000,CMG,29.3984,29.7225,30.5890,30.1961,30.5880,30.2825,29.6776,30.6721
2022-11-22,30.1180,30.1442,29.4442,30.0400,9865000,CMG,29.3203,29.7602,30.5109,30.1930,30.6278,30.2793,29.6829,30.6666
2022-11-23,30.1766,30.3716,30.0204,30.1572,7280000,CMG,29.3531,29.7998,30.4258,30.1924,30.6571,30.2772,29.6877,30.6617
2022-11-25,30.3040,30.3838,30.0442,30.1754,4375000,CMG,29.4013,29.8478,30.3477,30.1967,30.6916,30.2778,29.6784,30.6581
2022-11-28,30.5512,30.6778,30.2420,30.3040,8055000,CMG,29.4239,29.9148,30.2813,30.2106,30.7269,30.2832,29.6733,30.6571
2022-11-29,31.0544,31.2542,30.4114,30.4114,13000000,CMG,29.4783,30.0233,30.2203,30.2437,30.7696,30.2985,29.6724,30.6610
2022-11-30,32.5392,32.6948,31.0600,31.2200,22945000,CMG,29.6275,30.2630,30.1912,30.3337,30.8370,30.3428,29.6787,30.6797
2022-12-01,32.5166,32.7666,32.2200,32.5002,14815000,CMG,29.8454,30.4776,30.1754,30.4193,30.9098,30.3859,29.6846,30.6980
2022-12-02,32.0976,32.4158,31.9442,32.3162,14405000,CMG,30.0584,30.6319,30.1820,30.4852,30.9757,30.4198,29.6876,30.7119
2022-12-05,31.4122,31.9216,31.1582,31.8832,12115000,CMG,30.2314,30.7062,30.1872,30.5215,31.0367,30.4394,29.6936,30.7189
2022-12-06,30.1680,31.4400,30.1002,31.3948,23035000,CMG,30.3435,30.6549,30.1778,30.5076,31.0783,30.4340,29.6921,30.7134
2022-12-07,30.1892,30.5244,29.7940,30.1000,14310000,CMG,30.4633,30.6106,30.1660,30.4952,31.1164,30.4292,29.6951,30.7082
2022-12-08,30.6200,30.7494,30.2400,30.3200,10100000,CMG,30.6185,30.6115,30.1517,30.5001,31.1541,30.4330,29.7053,30.7073
2022-12-09,30.5252,30.8746,30.5252,30.6200,8625000,CMG,30.6738,30.6033,30.1449,30.5010,31.1844,30.4348,29.7095,30.7055
2022-12-12,31.2240,31.3092,30.3522,30.3522,13060000,CMG,30.7287,30.6624,30.1683,30.5294,31.2230,30.4504,29.7159,30.7107
2022-12-13,30.9664,32.2934,30.9158,32.2010,11985000,CMG,30.7639,30.6913,30.1857,30.5465,31.2632,30.4607,29.7184,30.7132
2022-12-14,30.7658,31.1972,30.3802,30.8924,11160000,CMG,30.7787,30.6984,30.1866,30.5551,31.3051,30.4667,29.7234,30.7137
2022-12-15,29.7506,30.3680,29.5662,30.3680,14430000,CMG,30.7397,30.6082,30.1737,30.5236,31.3393,30.4525,29.7225,30.7041
2022-12-16,29.2422,29.7094,28.9896,29.4288,20020000,CMG,30.7079,30.4781,30.1557,30.4733,31.3297,30.4285,29.7225,30.6896
2022-12-19,28.2996,29.2608,28.1846,29.0132,15115000,CMG,30.6204,30.2706,30.1302,30.3881,31.3049,30.3864,29.7198,30.6658
2022-12-20,28.5676,28.7890,27.9964,28.1590,14530000,CMG,30.5544,30.1084,30.1112,30.3167,31.2778,30.3504,29.7302,30.6449
2022-12-21,28.5038,28.9876,28.4128,28.6390,11115000,CMG,30.4737,29.9556,30.0849,30.2456,31.2513,30.3138,29.7414,30.6236
2022-12-22,28.1560,28.2692,27.7644,28.1808,12080000,CMG,30.3727,29.7842,30.0390,30.1637,31.2229,30.2711,29.7401,30.5991
2022-12-23,28.2472,28.3478,27.7002,28.0056,10500000,CMG,30.2698,29.6378,29.9806,30.0885,31.1884,30.2310,29.7344,30.5757
2022-12-27,27.9600,28.3282,27.9260,28.2770,8405000,CMG,30.1403,29.4780,29.9365,30.0050,31.1511,30.1860,29.7267,30.5496
2022-12-28,27.5656,28.0992,27.5328,27.9104,9685000,CMG,29.9658,29.2959,29.8710,29.9094,31.1066,30.1341,29.7173,30.5200
2022-12-29,28.0990,28.3682,27.6968,27.8350,12820000,CMG,29.7438,29.1819,29.8154,29.8384,31.0633,30.0938,29.7084,30.4959
2022-12-30,27.7498,27.8936,27.4246,27.8800,11250000,CMG,29.5055,29.0455,29.7595,29.7565,31.0129,30.0474,29.6917,30.4685
2023-01-03,27.4226,28.0682,27.1606,28.0060,16065000,CMG,29.2717,28.8909,29.6935,29.6649,30.9555,29.9954,29.6725,30.4382
2023-01-04,27.5210,27.7710,27.2970,27.7304,13505000,CMG,29.0772,28.7605,29.6240,29.5809,30.9045,29.9464,29.6513,30.4092
2023-01-05,27.2832,27.4704,26.8810,27.2932,12920000,CMG,28.9329,28.6198,29.5513,29.4908,30.8446,29.8937,29.6337,30.3781
2023-01-06,28.0412,28.1368,27.3024,27.4422,14240000,CMG,28.8255,28.5647,29.4785,29.4339,30.7866,29.8570,29.6181,30.3548
2023-01-09,28.9348,29.0322,28.2802,28.3118,18095000,CMG,28.7413,28.5999,29.4668,29.4143,30.7330,29.8388,29.6086,30.3407
2023-01-10,29.0286,29.3004,28.6100,29.0000,10165000,CMG,28.6665,28.6408,29.4606,29.3992,30.6822,29.8227,29.5971,30.3277
2023-01-11,29.5842,29.6134,29.1832,29.2400,12335000,CMG,28.5845,28.7306,29.4503,29.4065,30.6359,29.8180,29.5894,30.3203
2023-01-12,30.2494,30.3190,29.5680,29.7516,13940000,CMG,28.5486,28.8753,29.4559,29.4395,30.6039,29.8265,29.5832,30.3196
2023-01-13,30.4914,30.5088,29.9618,30.0778,14500000,CMG,28.5349,29.0292,29.4747,29.4808,30.5810,29.8397,29.5766,30.3213
2023-01-17,31.0308,31.0796,30.1312,30.2998,16720000,CMG,28.5989,29.2198,29.5321,29.5416,30.5652,29.8633,29.5743,30.3283
2023-01-18,30.2408,31.4748,30.2068,31.1738,11480000,CMG,28.6488,29.3170,29.5802,29.5690,30.5390,29.8708,29.5673,30.3275
2023-01-19,30.0828,30.2090,29.8140,29.8140,8315000,CMG,28.7380,29.3900,29.6228,29.5891,30.5072,29.8750,29.5583,30.3250
2023-01-20,31.1038,31.2786,30.1824,30.3788,14545000,CMG,28.8648,29.5532,29.6863,29.6485,30.4927,29.8993,29.5528,30.3328
2023-01-23,31.9470,31.9888,31.0378,31.0410,16690000,CMG,29.0370,29.7812,29.7694,29.7387,30.4843,29.9399,29.5520,30.3488
2023-01-24,31.9018,32.3290,31.6910,31.9200,11480000,CMG,29.2242,29.9831,29.8571,29.8235,30.4808,29.9787,29.5565,30.3643
2023-01-25,31.2796,31.5628,30.9716,31.2616,17990000,CMG,29.3759,30.1066,29.8943,29.8806,30.4743,30.0045,29.5584,30.3734
2023-01-26,32.1258,32.3658,31.6000,31.6614,15575000,CMG,29.5842,30.2989,29.9343,29.9686,30.4729,30.0465,29.5647,30.3908
2023-01-27,32.2756,32.5982,31.9818,32.2000,12575000,CMG,29.8197,30.4872,29.9746,30.0591,30.4724,30.0906,29.5749,30.4096
2023-01-30,32.1972,32.5580,32.0350,32.0668,13850000,CMG,30.0246,30.6500,30.0091,30.1430,30.4674,30.1323,29.5826,30.4274
2023-01-31,32.9276,32.9794,32.1992,32.3354,13735000,CMG,30.2835,30.8669,30.0571,30.2522,30.4605,30.1877,29.5883,30.4522
2023-02-01,33.0512,33.3580,32.3430,32.9322,13935000,CMG,30.5649,31.0750,30.1206,30.3619,30.4496,30.2444,29.5932,30.4781
2023-02-02,33.7934,34.0724,33.3206,33.5020,16140000,CMG,30.8785,31.3339,30.1954,30.4965,30.4429,30.3147,29.6032,30.5111
2023-02-03,33.8594,34.2576,33.4000,33.5450,15280000,CMG,31.2073,31.5744,30.2749,30.6284,30.4319,30.3848,29.6093,30.5444
2023-02-06,34.0056,34.0178,33.5590,33.7936,15275000,CMG,31.5055,31.8059,30.3526,30.7608,30.4318,30.4565,29.6181,30.5789
2023-02-07,34.4572,34.4942,33.6016,33.7696,32495000,CMG,31.7817,32.0584,30.4382,30.9058,30.4320,30.5358,29.6382,30.6174
2023-02-08,32.7482,33.3890,32.3364,32.8600,35260000,CMG,31.9676,32.1241,30.4871,30.9780,30.4174,30.5796,29.6539,30.6386
2023-02-09,32.1382,33.0034,31.9440,32.8000,21615000,CMG,32.0953,32.1255,30.5188,31.0235,30.4001,30.6104,29.6630,30.6536
2023-02-10,31.6778,31.9798,31.4616,31.7878,18265000,CMG,32.1668,32.0828,30.5313,31.0492,30.3758,30.6316,29.6776,30.6638
2023-02-13,32.2862,32.5996,31.6870,31.7880,16740000,CMG,32.2565,32.1022,30.5263,31.0977,30.3587,30.6643,29.6914,30.6799
2023-02-14,32.8904,33.0244,32.0486,32.2510,13560000,CMG,32.3495,32.1773,30.5337,31.1680,30.3546,30.7084,29.7058,30.7019
2023-02-15,33.1308,33.2848,32.7380,33.0000,12210000,CMG,32.4940,32.2681,30.5544,31.2450,30.3682,30.7564,29.7259,30.7261
2023-02-16,32.4248,33.0736,32.4076,32.8492,11280000,CMG,32.6111,32.2830,30.5746,31.2912,30.3809,30.7894,29.7419,30.7430
2023-02-17,32.3534,32.5038,32.0520,32.1948,11430000,CMG,32.6736,32.2897,30.6184,31.3329,30.3981,30.8204,29.7589,30.7590
2023-02-21,31.3852,32.2350,31.3156,32.2350,13610000,CMG,32.6455,32.2036,30.6423,31.3349,30.4041,30.8316,29.7724,30.7652
2023-02-22,31.0476,31.6000,30.9388,31.3692,12530000,CMG,32.6028,32.0935,30.6508,31.3237,30.4013,30.8359,29.7906,30.7680
2023-02-23,30.4498,31.1402,30.3982,31.1402,15615000,CMG,32.5613,31.9369,30.6493,31.2894,30.3971,30.8282,29.8074,30.7649
2023-02-24,29.5346,30.0702,29.4058,29.9600,19175000,CMG,32.4317,31.7081,30.6155,31.2206,30.3919,30.8026,29.8274,30.7526
2023-02-27,29.8950,30.0986,29.7640,29.8000,13875000,CMG,32.3127,31.5355,30.5941,31.1686,30.3899,30.7846,29.8448,30.7441
2023-02-28,29.8216,30.0870,29.7002,29.8312,11720000,CMG,32.1939,31.3722,30.5752,31.1158,30.3809,30.7656,29.8657,30.7349
2023-03-01,29.6954,29.9608,29.5712,29.6600,8270000,CMG,32.0323,31.2125,30.5741,31.0601,30.3739,30.7444,29.8861,30.7246
2023-03-02,29.9054,30.0516,29.4010,29.5000,8660000,CMG,31.8750,31.0880,30.5874,31.0148,30.3716,30.7278,29.9038,30.7164
2023-03-03,30.2000,30.2820,29.8814,30.0000,11965000,CMG,31.6953,31.0035,30.6254,30.9828,30.3778,30.7173,29.9249,30.7113
2023-03-06,30.1026,30.5666,30.0106,30.4000,12040000,CMG,31.5075,30.9177,30.6561,30.9483,30.3837,30.7051,29.9432,30.7052
2023-03-07,30.1936,30.5128,30.0434,30.0892,9365000,CMG,31.3169,30.8487,30.6899,30.9187,30.3874,30.6950,29.9689,30.7001
2023-03-08,30.6612,30.7306,30.0450,30.2000,13885000,CMG,31.1271,30.8309,30.7400,30.9086,30.3895,30.6943,29.9949,30.6997
2023-03-09,31.0220,31.5676,30.7252,30.7266,18115000,CMG,31.0408,30.8491,30.7955,30.9131,30.3881,30.7008,30.0206,30.7030
2023-03-10,31.0142,31.6598,30.8332,31.0862,17465000,CMG,30.9846,30.8648,30.8566,30.9170,30.3965,30.7070,30.0467,30.7060
2023-03-13,31.3268,31.6522,30.7416,30.7474,13320000,CMG,30.9670,30.9088,30.9318,30.9331,30.4014,30.7193,30.0767,30.7122
2023-03-14,31.8152,31.9800,31.5220,31.7398,13900000,CMG,30.9435,30.9951,31.0061,30.9677,30.4108,30.7410,30.1069,30.7232
2023-03-15,31.8174,31.8986,31.3800,31.6700,12435000,CMG,30.8898,31.0734,31.0875,31.0010,30.4235,30.7623,30.1319,30.7341
2023-03-16,32.5028,32.7546,31.8572,31.9602,17445000,CMG,30.8584,31.2096,31.1891,31.0599,30.4413,30.7968,30.1542,30.7517
2023-03-17,32.1768,32.6250,31.8722,32.4918,16485000,CMG,30.8460,31.3017,31.2822,31.1037,30.4531,30.8241,30.1748,30.7659
2023-03-20,32.2046,32.3000,31.8460,32.0960,12975000,CMG,30.8386,31.3877,31.3806,31.1469,30.4660,30.8514,30.1984,30.7802
2023-03-21,32.5592,32.5888,32.2886,32.3424,10485000,CMG,30.8973,31.4992,31.4710,31.2023,30.4747,30.8853,30.2215,30.7979
2023-03-22,32.4494,33.2288,32.4004,32.4886,11525000,CMG,30.9674,31.5897,31.5413,31.2512,30.5040,30.9162,30.2462,30.8143
2023-03-23,32.6506,33.2200,32.4082,32.7400,10030000,CMG,31.0774,31.6908,31.6137,31.3061,30.5371,30.9506,30.2718,30.8326
2023-03-24,32.4850,32.8142,32.1826,32.7202,11420000,CMG,31.2249,31.7664,31.6717,31.3523,30.5610,30.9810,30.2951,30.8490
2023-03-27,32.9564,33.2518,32.5780,32.5780,12030000,CMG,31.3780,31.8797,31.7259,31.4152,30.5909,31.0201,30.3226,30.8700
2023-03-28,33.0580,33.1220,32.6742,32.8944,8110000,CMG,31.5398,31.9920,31.7772,31.4796,30.6259,31.0604,30.3509,30.8918
2023-03-29,33.1344,33.2752,32.9006,33.1516,8860000,CMG,31.7118,32.1008,31.8193,31.5445,30.6757,31.1015,30.3849,30.9141
2023-03-30,33.4434,33.6588,33.1588,33.1588,10760000,CMG,31.8887,32.2286,31.8833,31.6190,30.7317,31.1479,30.4288,30.9393
2023-03-31,34.1658,34.1800,33.5558,33.5558,14320000,CMG,32.0870,32.4131,31.9650,31.7189,30.7939,31.2076,30.4793,30.9714
2023-04-03,34.3546,34.3998,33.9000,33.9000,12290000,CMG,32.2996,32.5980,32.0300,31.8222,30.8582,31.2700,30.5244,31.0050
2023-04-04,34.6968,34.8594,34.4548,34.5800,14745000,CMG,32.5247,32.7979,32.0850,31.9349,30.9272,31.3378,30.5765,31.0418
2023-04-05,33.9484,34.6200,33.9070,34.6200,11950000,CMG,32.6891,32.9075,32.1259,32.0139,30.9915,31.3895,30.6216,31.0707
2023-04-06,33.7042,33.9072,33.4006,33.7452,10885000,CMG,32.8232,32.9834,32.1744,32.0802,31.0344,31.4353,30.6640,31.0969
2023-04-10,33.8312,33.8318,33.2944,33.5000,12440000,CMG,32.9641,33.0641,32.2085,32.1489,31.0714,31.4828,30.7078,31.1241
2023-04-11,34.2812,34.4898,33.8776,33.8776,11380000,CMG,33.1118,33.1800,32.2486,32.2325,31.1116,31.5382,30.7502,31.1555
2023-04-12,33.9154,34.6646,33.8780,34.6000,9940000,CMG,33.2168,33.2501,32.2830,32.2985,31.1461,31.5853,30.7869,31.1830
2023-04-13,34.3578,34.5000,34.1228,34.2486,10815000,CMG,33.3438,33.3556,32.3116,32.3792,31.1843,31.6402,30.8255,31.2146
2023-04-14,34.7660,34.8390,34.3490,34.3556,11095000,CMG,33.4570,33.4899,32.3459,32.4728,31.2332,31.7021,30.8705,31.2499
2023-04-17,35.5000,35.5050,34.7732,34.9600,16565000,CMG,33.6231,33.6813,32.3800,32.5915,31.2877,31.7773,30.9192,31.2922
2023-04-18,35.5692,35.9604,35.5072,35.6600,14525000,CMG,33.7913,33.8611,32.4142,32.7083,31.3445,31.8524,30.9663,31.3347
2023-04-19,36.1000,36.1932,35.5974,35.7144,13835000,CMG,33.9684,34.0743,32.4561,32.8413,31.4044,31.9365,31.0161,31.3822
2023-04-20,35.9680,36.3340,35.8482,36.0480,14355000,CMG,34.1443,34.2547,32.4863,32.9639,31.4623,32.0163,31.0597,31.4278
2023-04-21,36.0000,36.1600,35.6180,36.1030,15240000,CMG,34.3118,34.4209,32.5514,33.0830,31.5192,32.0952,31.1054,31.4733
2023-04-24,35.9394,36.2558,35.8554,36.2558,13075000,CMG,34.4845,34.5655,32.6274,33.1950,31.5731,32.1713,31.1500,31.5177
2023-04-25,35.6000,36.3392,35.6000,35.9200,22730000,CMG,34.6167,34.6641,32.7058,33.2893,31.6186,32.2392,31.1941,31.5583
2023-04-26,40.1970,40.9462,38.3604,38.3604,81505000,CMG,34.9736,35.1910,32.8641,33.5602,31.6952,32.3968,31.2661,31.6443
2023-04-27,40.7252,40.7600,39.9224,40.5180,24140000,CMG,35.3532,35.7181,33.0207,33.8412,31.7772,32.5617,31.3435,31.7347
2023-04-28,41.3524,41.4200,40.5218,40.6226,20550000,CMG,35.7486,36.2547,33.1852,34.1358,31.8698,32.7358,31.4227,31.8304
2023-05-01,40.7856,41.5458,40.7422,41.1000,25150000,CMG,36.0796,36.6862,33.3524,34.3965,31.9635,32.8952,31.5001,31.9195
2023-05-02,41.0792,41.1776,40.5158,40.8568,14730000,CMG,36.4158,37.1046,33.5269,34.6586,32.0726,33.0572,31.5755,32.0106
2023-05-03,41.1624,41.3342,40.9424,41.0816,13990000,CMG,36.7391,37.4910,33.7225,34.9136,32.1824,33.2177,31.6494,32.1017
2023-05-04,40.6702,41.2466,40.5728,41.1694,11440000,CMG,37.0752,37.7938,33.9149,35.1394,32.2829,33.3653,31.7185,32.1869
2023-05-05,40.5642,40.6990,40.4056,40.6530,16060000,CMG,37.4182,38.0577,34.1172,35.3521,32.3833,33.5079,31.7838,32.2703
2023-05-08,40.6568,40.7364,40.3278,40.6422,17140000,CMG,37.7595,38.3052,34.3396,35.5602,32.4776,33.6494,31.8503,32.3537
2023-05-09,40.6532,40.9392,40.6182,40.8016,6865000,CMG,38.0781,38.5288,34.5548,35.7599,32.5745,33.7881,31.9188,32.4363
2023-05-10,41.0968,41.1586,40.7328,40.7798,9990000,CMG,38.4372,38.7734,34.7803,35.9692,32.6778,33.9328,31.9914,32.5225
2023-05-11,41.1700,41.3222,41.0356,41.1064,10810000,CMG,38.7778,39.0016,35.0098,36.1731,32.7920,34.0762,32.0656,32.6085
2023-05-12,40.9126,41.3412,40.8076,41.0856,10925000,CMG,39.0851,39.1836,35.2299,36.3590,32.9087,34.2115,32.1192,32.6912
2023-05-15,40.9424,40.9998,40.7118,40.9600,9090000,CMG,39.3572,39.3511,35.4448,36.5387,33.0351,34.3448,32.1700,32.7733
2023-05-16,41.0044,41.2158,40.8114,40.9346,11425000,CMG,39.6290,39.5086,35.6628,36.7139,33.1595,34.4767,32.2186,32.8552
2023-05-17,41.2402,41.4008,40.5344,41.0528,13195000,CMG,39.8860,39.6735,35.8838,36.8914,33.2868,34.6106,32.2691,32.9386
2023-05-18,41.9174,41.9260,41.1400,41.2160,15280000,CMG,40.1835,39.8872,36.1089,37.0885,33.4244,34.7553,32.3237,33.0279
2023-05-19,42.1244,42.2000,41.8680,41.8680,14295000,CMG,40.4897,40.1003,36.3309,37.2859,33.5632,34.9012,32.3758,33.1184
2023-05-22,42.0388,42.7976,41.9600,42.2200,15605000,CMG,40.7947,40.2849,36.5514,37.4723,33.7040,35.0426,32.4276,33.2072
2023-05-23,40.9402,42.1408,40.8188,41.8600,17605000,CMG,41.0617,40.3473,36.7437,37.6083,33.8377,35.1594,32.4722,33.2842
2023-05-24,41.0614,41.2800,40.8200,40.8962,10795000,CMG,41.1049,40.4153,36.9286,37.7437,33.9674,35.2762,32.5153,33.3615
2023-05-25,41.1580,41.7442,41.1074,41.3944,12415000,CMG,41.1265,40.4860,37.1154,37.8776,34.1014,35.3927,32.5572,33.4391
2023-05-26,41.4204,41.5862,41.1400,41.1400,13470000,CMG,41.1299,40.5750,37.2938,38.0166,34.2414,35.5121,32.5985,33.5185
2023-05-30,41.4256,41.9528,41.2932,41.4464,16745000,CMG,41.1619,40.6560,37.4788,38.1503,34.3805,35.6292,32.6425,33.5972
2023-05-31,41.5298,41.5556,41.1838,41.4000,29010000,CMG,41.1845,40.7393,37.6653,38.2828,34.5229,35.7460,32.6838,33.6761
2023-06-01,41.6466,41.7588,41.1626,41.1626,9375000,CMG,41.2087,40.8257,37.8470,38.4147,34.6590,35.8628,32.7228,33.7554
2023-06-02,41.2446,41.8372,41.2120,41.4494,12270000,CMG,41.2374,40.8656,38.0229,38.5257,34.7821,35.9694,32.7575,33.8300
2023-06-05,41.4876,41.5410,41.1400,41.1726,11655000,CMG,41.2836,40.9248,38.1997,38.6418,34.9067,36.0787,32.7944,33.9062
2023-06-06,41.1624,41.5854,41.1202,41.5854,8880000,CMG,41.3088,40.9474,38.3732,38.7407,35.0225,36.1794,32.8292,33.9784
2023-06-07,40.4580,41.4560,40.2832,41.1800,15275000,CMG,41.2991,40.9008,38.5232,38.8080,35.1245,36.2641,32.8642,34.0428
2023-06-08,40.4646,40.8164,40.2852,40.2852,9720000,CMG,41.2675,40.8593,38.6714,38.8730,35.2243,36.3473,32.9026,34.1067
2023-06-09,40.8110,40.8600,40.4600,40.4600,8940000,CMG,41.2495,40.8547,38.8249,38.9490,35.3221,36.4356,32.9437,34.1734
2023-06-12,41.2734,41.3266,40.6644,40.9886,11435000,CMG,41.2676,40.8946,38.9815,39.0401,35.4324,36.5314,32.9857,34.2441
2023-06-13,41.3146,41.3460,40.9208,41.2620,9080000,CMG,41.2862,40.9346,39.1245,39.1293,35.5447,36.6262,33.0260,34.3144
2023-06-14,41.2234,41.4196,41.0506,41.2898,7035000,CMG,41.2971,40.9621,39.2618,39.2115,35.6459,36.7172,33.0693,34.3832
2023-06-15,41.0332,41.5654,41.0002,41.1420,10045000,CMG,41.2868,40.9688,39.3886,39.2829,35.7368,36.8027,33.1106,34.4494
2023-06-16,40.6584,41.3186,40.6348,41.3186,17195000,CMG,41.2238,40.9393,39.5228,39.3368,35.8243,36.8790,33.1526,34.5111
2023-06-20,40.9960,41.1394,40.6936,40.7192,12335000,CMG,41.1674,40.9447,39.6686,39.4019,35.9215,36.9605,33.1979,34.5757
2023-06-21,41.4896,41.8502,41.1788,41.2938,16840000,CMG,41.1399,40.9966,39.8218,39.4838,36.0152,37.0502,33.2440,34.6445
2023-06-22,41.0104,41.4010,40.8194,41.3800,12940000,CMG,41.1434,40.9979,39.9564,39.5436,36.1025,37.1286,33.2874,34.7078
2023-06-23,40.8736,41.1818,40.7402,40.7544,36060000,CMG,41.1341,40.9861,40.0955,39.5958,36.1893,37.2028,33.3283,34.7692
2023-06-26,40.6462,41.0798,40.4964,40.8994,12440000,CMG,41.1085,40.9537,40.2213,39.6370,36.2664,37.2710,33.3635,34.8276
2023-06-27,41.3346,41.4306,40.6610,40.8888,11170000,CMG,41.1042,40.9900,40.3527,39.7036,36.3493,37.3515,33.3995,34.8924
2023-06-28,42.0298,42.3268,41.3980,41.4386,12305000,CMG,41.1344,41.0890,40.4833,39.7948,36.4316,37.4441,33.4373,34.9634
2023-06-29,42.2120,42.4998,42.0578,42.0654,10980000,CMG,41.1685,41.1960,40.6161,39.8896,36.5152,37.5385,33.4735,35.0355
2023-06-30,42.7800,42.8834,42.3010,42.5000,13655000,CMG,41.2252,41.3468,40.7497,40.0029,36.6029,37.6423,33.5173,35.1126
2023-07-03,42.4708,42.9504,42.3810,42.7600,7780000,CMG,41.2865,41.4539,40.8798,40.0997,36.6831,37.7379,33.5575,35.1858
2023-07-05,42.4142,42.5000,42.2006,42.3428,7535000,CMG,41.3328,41.5453,41.0081,40.1905,36.7797,37.8305,33.5986,35.2577
2023-07-06,41.8674,42.2860,41.8486,42.1698,8435000,CMG,41.3681,41.5760,41.1266,40.2562,36.8770,37.9105,33.6385,35.3235
2023-07-07,41.5492,41.8324,41.4224,41.6184,11450000,CMG,41.4226,41.5734,41.2456,40.3069,36.9757,37.9825,33.6758,35.3854
2023-07-10,41.8618,41.9760,41.4974,41.4974,8450000,CMG,41.4925,41.6009,41.2789,40.3679,37.0715,38.0593,33.7151,35.4499
2023-07-11,41.0656,42.1278,41.0314,41.8966,12795000,CMG,41.5052,41.5499,41.2857,40.3953,37.1532,38.1189,33.7539,35.5058
2023-07-12,41.5200,41.6548,41.1650,41.3898,8240000,CMG,41.5175,41.5471,41.2891,40.4394,37.2371,38.1862,33.8027,35.5656
2023-07-13,40.9772,41.7760,40.9386,41.7040,11250000,CMG,41.5007,41.4928,41.2929,40.4605,37.3226,38.2415,33.8518,35.6194
2023-07-14,41.1196,41.5648,40.6754,41.1634,12940000,CMG,41.4955,41.4573,41.2937,40.4863,37.4103,38.2985,33.9042,35.6742
2023-07-17,42.5502,42.6000,41.2590,41.2910,17100000,CMG,41.5713,41.5613,41.3215,40.5673,37.5220,38.3827,33.9630,35.7426
2023-07-18,43.0640,43.4726,42.3998,43.0540,14655000,CMG,41.6916,41.7045,41.3693,40.6652,37.6421,38.4754,34.0217,35.8154
2023-07-19,42.7826,43.5002,42.7610,43.3002,11760000,CMG,41.7809,41.8071,41.4137,40.7482,37.7654,38.5606,34.0813,35.8848
2023-07-20,41.8942,42.7000,41.6886,42.5600,14640000,CMG,41.8012,41.8154,41.4384,40.7931,37.8890,38.6267,34.1405,35.9446
2023-07-21,41.9774,42.6028,41.7288,42.2858,14235000,CMG,41.8495,41.8309,41.4649,40.8396,38.0099,38.6930,34.1999,36.0046
2023-07-24,41.6598,42.1572,40.8756,42.0864,15665000,CMG,41.8888,41.8146,41.4762,40.8718,38.1282,38.7518,34.2546,36.0609
2023-07-25,41.8468,42.0986,41.7210,41.7670,10765000,CMG,41.9489,41.8176,41.4897,40.9100,38.2498,38.8130,34.3118,36.1184
2023-07-26,41.7572,42.0008,41.3002,41.8370,23940000,CMG,41.9700,41.8119,41.5066,40.9432,38.3683,38.8713,34.3699,36.1745
2023-07-27,37.6596,38.9998,37.4528,38.5004,68460000,CMG,41.7515,41.4164,41.4410,40.8144,38.4429,38.8474,34.4103,36.1893
2023-07-28,38.2504,38.3728,37.5530,37.9642,34370000,CMG,41.5534,41.1149,41.3859,40.7139,38.5244,38.8355,34.4540,36.2098
2023-07-31,39.2456,39.5034,38.3362,38.5112,24455000,CMG,41.3767,40.9369,41.3460,40.6563,38.6149,38.8437,34.5011,36.2400
2023-08-01,39.1000,39.4632,38.9208,38.9968,15410000,CMG,41.2081,40.7619,41.2896,40.5953,38.6993,38.8487,34.5444,36.2685
2023-08-02,38.7372,39.2882,38.7108,38.8904,14775000,CMG,41.0243,40.5691,41.2219,40.5224,38.7764,38.8465,34.5822,36.2931
2023-08-03,38.4584,38.9220,38.3690,38.5290,13785000,CMG,40.8538,40.3681,41.1503,40.4415,38.8509,38.8388,34.6237,36.3146
2023-08-04,37.8122,38.7160,37.8046,38.7160,18005000,CMG,40.6670,40.1247,41.0877,40.3384,38.9157,38.8185,34.6586,36.3295
2023-08-07,37.8000,37.9458,37.6462,37.8654,10040000,CMG,40.4639,39.9033,41.0225,40.2388,38.9756,38.7983,34.6932,36.3441
2023-08-08,37.2270,37.6800,37.0534,37.6000,12345000,CMG,40.2720,39.6484,40.9439,40.1207,39.0297,38.7672,34.7266,36.3529
2023-08-09,37.0114,37.3596,36.8840,37.2434,10640000,CMG,40.0465,39.3972,40.8557,39.9988,39.0747,38.7325,34.7580,36.3595
2023-08-10,36.9142,37.3332,36.8234,37.1364,9580000,CMG,39.8434,39.1608,40.7655,39.8778,39.1221,38.6964,34.7876,36.3650
2023-08-11,36.9310,37.1268,36.7928,36.9138,10460000,CMG,39.6340,38.9484,40.6735,39.7623,39.1694,38.6615,34.8177,36.3706
2023-08-14,37.0016,37.4228,36.7422,36.7422,10600000,CMG,39.3565,38.7630,40.5806,39.6540,39.2138,38.6286,34.8443,36.3769
2023-08-15,36.9632,37.2980,36.8558,36.8558,9330000,CMG,39.0515,38.5916,40.4950,39.5485,39.2589,38.5956,34.8815,36.3827
2023-08-16,37.3378,37.4746,36.8238,36.9144,16130000,CMG,38.7792,38.4722,40.4120,39.4618,39.3058,38.5707,34.9215,36.3922
2023-08-17,36.9708,37.5276,36.8304,37.2178,16130000,CMG,38.5331,38.3292,40.3281,39.3641,39.3507,38.5390,34.9558,36.3980
2023-08-18,36.9840,37.1644,36.7492,36.7492,9730000,CMG,38.2834,38.2011,40.2587,39.2708,39.3909,38.5083,34.9909,36.4038
2023-08-21,37.3226,37.5594,37.0646,37.0646,13190000,CMG,38.0665,38.1174,40.1958,39.1944,39.4336,38.4848,35.0298,36.4130
2023-08-22,37.4408,37.6864,37.3190,37.6740,7555000,CMG,37.8462,38.0530,40.1284,39.1256,39.4767,38.4641,35.0762,36.4232
2023-08-23,37.8982,37.9400,37.3384,37.5776,8775000,CMG,37.6533,38.0382,40.0609,39.0775,39.5212,38.4529,35.1265,36.4379
2023-08-24,37.4464,38.0194,37.4058,38.0010,9425000,CMG,37.6426,37.9819,39.9836,39.0135,39.5540,38.4330,35.1739,36.4479
2023-08-25,37.5356,37.7200,37.3210,37.4426,8205000,CMG,37.6069,37.9394,39.9098,38.9555,39.5858,38.4152,35.2220,36.4587
2023-08-28,37.9854,38.0430,37.5486,37.7110,8720000,CMG,37.5439,37.9437,39.8488,38.9175,39.6187,38.4067,35.2730,36.4739
2023-08-29,38.0616,38.2286,37.8352,37.9760,7065000,CMG,37.4920,37.9550,39.7969,38.8839,39.6598,38.3999,35.3257,36.4897
2023-08-30,38.7714,38.8770,38.0712,38.2000,11670000,CMG,37.4937,38.0327,39.7524,38.8795,39.7105,38.4072,35.3724,36.5124
2023-08-31,38.5328,39.0348,38.4912,38.9170,9935000,CMG,37.4974,38.0804,39.6933,38.8659,39.7575,38.4097,35.4145,36.5325
2023-09-01,38.7722,38.8462,38.4200,38.5632,8685000,CMG,37.5454,38.1462,39.6485,38.8622,39.8024,38.4169,35.4570,36.5548
2023-09-05,39.0298,39.3990,38.6526,39.2200,13585000,CMG,37.6069,38.2304,39.6116,38.8688,39.8536,38.4290,35.4998,36.5794
2023-09-06,39.0824,39.3262,38.8380,39.0000,16210000,CMG,37.6997,38.3115,39.5804,38.8772,39.9008,38.4420,35.5426,36.6043
2023-09-07,39.3368,39.4008,38.5538,38.9350,12125000,CMG,37.8159,38.4092,39.5404,38.8952,39.9465,38.4597,35.5899,36.6315
2023-09-08,38.9020,39.5208,38.8632,39.4106,11480000,CMG,37.9153,38.4561,39.4778,38.8955,39.9806,38.4684,35.6341,36.6541
2023-09-11,38.9770,39.1782,38.8030,39.0682,9615000,CMG,38.0176,38.5057,39.4131,38.8987,40.0146,38.4785,35.6796,36.6772
2023-09-12,38.6602,38.7332,38.3200,38.5250,10530000,CMG,38.1006,38.5204,39.3308,38.8893,40.0402,38.4821,35.7223,36.6970
2023-09-13,38.6608,38.9200,38.2992,38.5422,6010000,CMG,38.1854,38.5338,39.2546,38.8804,40.0672,38.4856,35.7647,36.7165
2023-09-14,38.7224,38.8700,38.3878,38.8700,8975000,CMG,38.2547,38.5518,39.1807,38.8742,40.0944,38.4903,35.8068,36.7365
2023-09-15,38.2500,38.5702,38.0734,38.5702,12360000,CMG,38.3186,38.5230,39.1084,38.8497,40.1175,38.4856,35.8453,36.7515
2023-09-18,38.7672,38.9184,38.0360,38.0360,10510000,CMG,38.4078,38.5463,39.0527,38.8465,40.1492,38.4911,35.8839,36.7716
2023-09-19,38.4934,38.6800,37.9700,38.6800,8065000,CMG,38.4663,38.5412,38.9854,38.8326,40.1321,38.4912,35.9136,36.7887
2023-09-20,38.4096,38.7966,38.3990,38.4000,6505000,CMG,38.5148,38.5287,38.9322,38.8160,40.1090,38.4896,35.9431,36.8048
2023-09-21,37.3202,38.2894,37.1820,38.1942,12105000,CMG,38.4859,38.4136,38.8482,38.7574,40.0687,38.4664,35.9692,36.8100
2023-09-22,37.5116,37.8338,37.2406,37.3654,10060000,CMG,38.4891,38.3277,38.7789,38.7085,40.0359,38.4475,35.9997,36.8170
2023-09-25,37.1938,37.3486,36.9700,37.2854,10255000,CMG,38.4720,38.2197,38.7004,38.6491,39.9971,38.4227,36.0348,36.8207
2023-09-26,36.9524,37.0488,36.7296,36.8000,10180000,CMG,38.4204,38.0990,38.5885,38.5826,39.9550,38.3936,36.0687,36.8220
2023-09-27,36.1216,37.2730,35.9002,37.0838,16675000,CMG,38.3234,37.9107,38.4496,38.4861,39.9095,38.3486,36.0962,36.8150
2023-09-28,36.7746,36.9754,36.0710,36.0912,14775000,CMG,38.2235,37.8025,38.3295,38.4189,39.8716,38.3174,36.1274,36.8146
2023-09-29,36.6366,37.3316,36.6202,37.0876,12350000,CMG,38.1287,37.6915,38.2243,38.3491,39.8314,38.2841,36.1545,36.8129
2023-10-02,37.3426,37.3796,36.5770,36.6190,9870000,CMG,38.0573,37.6582,38.1316,38.3096,39.7983,38.2655,36.1864,36.8181
2023-10-03,36.7438,37.5364,36.5252,37.1216,9805000,CMG,37.9430,37.5711,38.0333,38.2482,39.7547,38.2354,36.2163,36.8174
2023-10-04,37.1598,37.2796,36.8092,36.8576,8090000,CMG,37.8468,37.5320,37.9395,38.2055,39.7146,38.2141,36.2533,36.8208
2023-10-05,37.2316,37.4376,36.9668,37.0876,10030000,CMG,37.7416,37.5034,37.8490,38.1673,39.6778,38.1946,36.2932,36.8249
2023-10-06,36.4454,37.0814,36.3626,37.0066,19190000,CMG,37.6187,37.4026,37.8247,38.0998,39.6329,38.1600,36.3340,36.8211
2023-10-09,36.6602,36.6690,36.0002,36.0002,12290000,CMG,37.5029,37.3319,37.7929,38.0433,39.5894,38.1303,36.3744,36.8195
2023-10-10,36.6424,36.8872,36.4614,36.5000,9660000,CMG,37.4020,37.2662,37.7409,37.9884,39.5434,38.1008,36.4151,36.8178
2023-10-11,36.4696,36.8524,36.2088,36.7332,14125000,CMG,37.2924,37.1904,37.6883,37.9288,39.4890,38.0685,36.4567,36.8143
2023-10-12,35.8736,36.5374,35.6122,36.5016,12575000,CMG,37.1500,37.0650,37.6310,37.8482,39.4265,38.0250,36.4948,36.8049
2023-10-13,35.6296,36.0698,35.3728,35.8012,11070000,CMG,37.0190,36.9283,37.5744,37.7612,39.3624,37.9776,36.5332,36.7932
2023-10-16,36.2090,36.5200,35.5812,35.6996,12310000,CMG,36.8911,36.8598,37.5424,37.7004,39.3150,37.9426,36.5764,36.7874
2023-10-17,36.5902,36.6000,35.9800,35.9800,10745000,CMG,36.7959,36.8341,37.5182,37.6568,39.2703,37.9158,36.6189,36.7855
2023-10-18,36.8146,37.1446,36.5660,36.7000,11910000,CMG,36.7162,36.8322,37.5099,37.6238,39.2269,37.8940,36.6642,36.7858
2023-10-19,36.9526,37.3534,36.7892,36.9888,10460000,CMG,36.6978,36.8437,37.5087,37.5975,39.1822,37.8754,36.7118,36.7874
2023-10-20,36.6250,37.0600,36.5562,37.0222,9490000,CMG,36.6535,36.8229,37.5030,37.5593,39.1342,37.8506,36.7573,36.7858
2023-10-23,36.3932,36.7900,36.2994,36.4060,11300000,CMG,36.6134,36.7819,37.4922,37.5136,39.0829,37.8217,36.8029,36.7819
2023-10-24,37.1018,37.2442,36.6280,36.7232,12215000,CMG,36.6209,36.8124,37.4942,37.4975,39.0374,37.8075,36.8482,36.7851
2023-10-25,36.8374,37.2400,36.6434,36.9988,9890000,CMG,36.6567,36.8148,37.4917,37.4716,38.9933,37.7883,36.8877,36.7856
2023-10-26,36.1294,37.0404,35.9698,36.8980,22770000,CMG,36.6244,36.7495,37.4675,37.4189,38.9397,37.7554,36.9232,36.7791
2023-10-27,37.7518,39.0534,37.1300,37.6946,45280000,CMG,36.6802,36.8450,37.4831,37.4320,38.9056,37.7553,36.9641,36.7887
2023-10-30,38.1860,38.4076,37.4864,37.8000,15430000,CMG,36.7223,36.9727,37.5072,37.4616,38.8829,37.7639,37.0037,36.8026
2023-10-31,38.8440,39.1600,38.0070,38.1648,19690000,CMG,36.8274,37.1509,37.5376,37.5158,38.8667,37.7853,37.0455,36.8230
2023-11-01,39.7328,39.9702,38.8304,39.0000,16935000,CMG,36.9560,37.3968,37.5834,37.6027,38.8559,37.8238,37.0890,36.8519
2023-11-02,40.7074,40.7886,39.9172,39.9172,17965000,CMG,37.1298,37.7121,37.6396,37.7245,38.8503,37.8809,37.1413,36.8903
2023-11-03,40.8106,41.1294,40.6000,40.7200,12060000,CMG,37.3481,38.0072,37.7069,37.8455,38.8452,37.9389,37.1950,36.9293
2023-11-06,41.3810,41.4032,40.7336,40.8600,10775000,CMG,37.5841,38.3285,37.7838,37.9841,38.8468,38.0071,37.2464,36.9736
2023-11-07,41.2956,41.4998,41.1350,41.4000,9525000,CMG,37.8168,38.6111,37.8500,38.1140,38.8494,38.0722,37.2931,37.0166
2023-11-08,41.6800,41.7978,41.1900,41.3320,9060000,CMG,38.0773,38.9034,37.9224,38.2538,38.8597,38.1437,37.3420,37.0630
2023-11-09,41.9022,42.1402,41.7164,41.8718,10190000,CMG,38.3787,39.1890,37.9850,38.3969,38.8687,38.2181,37.3951,37.1111
2023-11-10,42.4116,42.4424,41.9184,42.0566,10755000,CMG,38.7178,39.4959,38.0626,38.5544,38.8779,38.3011,37.4465,37.1639
2023-11-13,43.0086,43.1158,42.2834,42.4200,12785000,CMG,39.0578,39.8304,38.1473,38.7290,38.8979,38.3943,37.5002,37.2220
2023-11-14,43.3204,43.5414,43.0390,43.3612,11470000,CMG,39.3943,40.1628,38.2331,38.9091,38.9224,38.4919,37.5558,37.2827
2023-11-15,43.1162,43.4832,42.9790,43.4832,9945000,CMG,39.7094,40.4441,38.3138,39.0741,38.9471,38.5835,37.6068,37.3408
2023-11-16,43.4620,43.5554,43.0990,43.1800,12810000,CMG,40.0348,40.7315,38.3963,39.2461,38.9684,38.6801,37.6588,37.4017
2023-11-17,43.2444,43.5202,43.2200,43.5000,6980000,CMG,40.3658,40.9708,38.4832,39.4029,38.9805,38.7705,37.7061,37.4598
2023-11-20,43.7338,43.8632,43.2000,43.4000,10130000,CMG,40.7328,41.2340,38.5783,39.5728,38.9957,38.8687,37.7554,37.5222
2023-11-21,43.9528,44.1506,43.7380,43.8264,9120000,CMG,41.0754,41.4929,38.6841,39.7445,39.0074,38.9694,37.8052,37.5862
2023-11-22,44.3786,44.4960,44.2000,44.2874,8895000,CMG,41.4525,41.7677,38.7985,39.9263,39.0265,39.0765,37.8548,37.6538
2023-11-24,44.3934,44.5000,44.0800,44.1000,3370000,CMG,41.8657,42.0178,38.9119,40.1015,39.0463,39.1818,37.9130,37.7209
2023-11-27,44.1838,44.7700,44.1100,44.4596,10390000,CMG,42.1873,42.2241,39.0306,40.2615,39.0695,39.2809,37.9732,37.7852
2023-11-28,44.1334,44.3302,43.9812,44.2000,7205000,CMG,42.4846,42.4059,39.1379,40.4134,39.0953,39.3769,38.0355,37.8483
2023-11-29,43.7822,44.3800,43.7152,44.2324,8960000,CMG,42.7315,42.5370,39.2437,40.5455,39.1145,39.4642,38.0930,37.9074
2023-11-30,44.0450,44.2058,43.6576,43.6576,12955000,CMG,42.9471,42.6806,39.3564,40.6827,39.1443,39.5549,38.1488,37.9685
2023-12-01,44.6766,44.7946,43.9962,43.9962,10795000,CMG,43.1456,42.8707,39.5035,40.8393,39.1759,39.6563,38.2065,38.0352
2023-12-04,44.3840,44.8778,44.2000,44.7000,8605000,CMG,43.3243,43.0148,39.6410,40.9784,39.2100,39.7499,38.2663,38.0984
2023-12-05,44.5250,44.7296,44.3800,44.3800,5745000,CMG,43.4815,43.1587,39.7876,41.1174,39.2440,39.8445,38.3272,38.1623
2023-12-06,44.2010,44.9678,44.1654,44.7698,8330000,CMG,43.6267,43.2579,39.9326,41.2384,39.2605,39.9307,38.3912,38.2224
2023-12-07,44.5250,44.5532,44.1266,44.2162,6380000,CMG,43.7690,43.3786,40.1006,41.3673,39.2751,40.0217,38.4586,38.2851
2023-12-08,44.8590,44.8942,44.4290,44.4834,8170000,CMG,43.9168,43.5196,40.2623,41.5042,39.2959,40.1175,38.5307,38.3505
2023-12-11,45.9096,46.0584,45.0000,45.0000,12625000,CMG,44.0917,43.7472,40.4478,41.6769,39.3360,40.2322,38.6125,38.4257
2023-12-12,46.4078,46.4236,45.8184,46.1566,7140000,CMG,44.2617,44.0006,40.6291,41.8625,39.3804,40.3545,38.6951,38.5052
2023-12-13,46.8000,46.9196,46.3364,46.8812,9140000,CMG,44.4357,44.2672,40.8302,42.0561,39.4318,40.4821,38.7800,38.5877
2023-12-14,45.5140,46.9270,45.4898,46.8866,13380000,CMG,44.5556,44.3860,40.9973,42.1917,39.4684,40.5818,38.8591,38.6566
2023-12-15,45.4294,45.8000,45.0832,45.0832,12835000,CMG,44.6539,44.4853,41.1613,42.3187,39.5051,40.6778,38.9367,38.7240
2023-12-18,45.9406,46.0150,45.3002,45.6006,10065000,CMG,44.7888,44.6239,41.3512,42.4607,39.5880,40.7820,39.0154,38.7958
2023-12-19,46.5406,46.5784,46.0884,46.1000,8570000,CMG,44.9291,44.8065,41.5488,42.6207,39.6709,40.8960,39.0976,38.8729
2023-12-20,46.2774,46.9684,46.2644,46.5600,7405000,CMG,45.0453,44.9466,41.7415,42.7641,39.7412,41.0026,39.1780,38.9466
2023-12-21,46.1420,46.4646,45.9014,46.3080,6515000,CMG,45.1335,45.0604,41.9349,42.8966,39.8116,41.1043,39.2554,39.0182
2023-12-22,46.0870,46.2900,46.0066,46.2900,5230000,CMG,45.2182,45.1582,42.1392,43.0217,39.8851,41.2030,39.3308,39.0885
2023-12-26,46.3904,46.4936,46.1346,46.1346,5330000,CMG,45.3285,45.2755,42.3544,43.1538,39.9644,41.3057,39.4076,39.1611
2023-12-27,46.1488,46.5400,46.0318,46.5176,7290000,CMG,45.4293,45.3587,42.5532,43.2712,40.0478,41.4016,39.4817,39.2307
2023-12-28,45.5676,46.0840,45.5294,46.0488,7515000,CMG,45.5185,45.3786,42.7327,43.3613,40.1255,41.4841,39.5505,39.2937
2023-12-29,45.7392,45.7452,45.3694,45.6502,9245000,CMG,45.6033,45.4129,42.9112,43.4545,40.2106,41.5684,39.6201,39.3579
2024-01-02,44.8950,45.7000,44.7512,45.5690,9995000,CMG,45.6142,45.3636,43.0701,43.5110,40.2894,41.6343,39.6821,39.4130
2024-01-03,44.6730,45.0600,44.6022,44.8950,8490000,CMG,45.6286,45.2978,43.2310,43.5566,40.3670,41.6944,39.7446,39.4653
2024-01-04,44.4094,44.7876,44.4056,44.5758,8435000,CMG,45.6228,45.2132,43.3914,43.5900,40.4418,41.7482,39.8056,39.5145
2024-01-05,44.2560,44.5708,44.1882,44.4404,9075000,CMG,45.6256,45.1221,43.5345,43.6162,40.5143,41.7979,39.8641,39.5617
2024-01-08,44.7278,44.7278,44.0818,44.3988,16410000,CMG,45.6357,45.0845,43.6923,43.6598,40.5920,41.8559,39.9255,39.6131
2024-01-09,44.6400,45.0400,44.4920,44.4920,10690000,CMG,45.6248,45.0422,43.8625,43.6982,40.6650,41.9110,39.9854,39.6631
2024-01-10,44.9000,45.2010,44.6402,44.8042,10420000,CMG,45.5743,45.0286,44.0054,43.7453,40.7443,41.9702,40.0475,39.7152
2024-01-11,45.5314,45.5634,44.5302,45.0080,9120000,CMG,45.5305,45.0765,44.1523,43.8154,40.8298,42.0407,40.1104,39.7731
2024-01-12,45.4380,45.6494,45.2736,45.5766,6270000,CMG,45.4624,45.1109,44.2842,43.8790,40.9109,42.1080,40.1723,39.8294
2024-01-16,45.7994,46.0680,45.4992,45.5194,7975000,CMG,45.4767,45.1765,44.4056,43.9543,40.9945,42.1811,40.2356,39.8888
2024-01-17,46.2088,46.3886,45.6182,45.6182,9140000,CMG,45.5156,45.2748,44.5156,44.0427,41.0776,42.2608,40.2994,39.9517
2024-01-18,46.4564,46.5740,46.0536,46.4400,7875000,CMG,45.5414,45.3874,44.6285,44.1374,41.1677,42.3439,40.3609,40.0165
2024-01-19,46.6920,46.9460,46.5400,46.5600,15070000,CMG,45.5490,45.5116,44.7347,44.2376,41.2593,42.4300,40.4225,40.0829
2024-01-22,46.5000,47.0552,46.3192,46.8400,10170000,CMG,45.5601,45.6057,44.8388,44.3263,41.3444,42.5106,40.4816,40.1467
2024-01-23,46.4364,46.5664,46.0122,46.4000,7980000,CMG,45.5748,45.6849,44.9339,44.4090,41.4282,42.5884,40.5440,40.2093
2024-01-24,46.6960,46.8098,46.5220,46.7804,8090000,CMG,45.6053,45.7812,45.0298,44.4987,41.5074,42.6697,40.6090,40.2739
2024-01-25,46.2354,46.7882,46.1558,46.5560,8520000,CMG,45.5975,45.8244,45.1063,44.5668,41.5844,42.7403,40.6710,40.3332
2024-01-26,46.5250,46.6352,46.1536,46.2600,7255000,CMG,45.6163,45.8911,45.1766,44.6436,41.6620,42.8152,40.7322,40.3948
2024-01-29,48.0906,48.1430,46.2862,46.5722,16330000,CMG,45.7425,46.1006,45.2720,44.7788,41.7526,42.9197,40.8031,40.4714
2024-01-30,48.3856,48.4226,47.8790,48.0008,9290000,CMG,45.8748,46.3182,45.3774,44.9202,41.8456,43.0279,40.8732,40.5501
2024-01-31,48.1754,48.7926,48.1544,48.3820,10775000,CMG,46.0388,46.4951,45.4717,45.0479,41.9340,43.1299,40.9403,40.6260
2024-02-01,48.8404,48.9602,48.2360,48.2800,13430000,CMG,46.2472,46.7185,45.5836,45.1966,42.0334,43.2430,41.0070,40.7077
2024-02-02,49.6456,49.8590,48.5406,48.9122,10680000,CMG,46.5090,46.9972,45.7018,45.3711,42.1401,43.3697,41.0773,40.7967
2024-02-05,49.4170,50.1214,49.2476,50.0518,18925000,CMG,46.7671,47.2277,45.8111,45.5297,42.2476,43.4895,41.1439,40.8824
2024-02-06,49.7548,49.9556,49.2984,49.6086,22535000,CMG,47.0184,47.4684,45.9186,45.6954,42.3586,43.6135,41.2129,40.9707
2024-02-07,53.3398,54.5166,50.1000,51.2300,45060000,CMG,47.4534,48.0276,46.0976,45.9952,42.5047,43.8061,41.2996,41.0938
2024-02-08,52.4096,53.7800,52.3202,53.5610,19345000,CMG,47.8289,48.4449,46.2621,46.2468,42.6463,43.9765,41.3819,41.2064
2024-02-09,52.7670,53.1822,52.3186,52.7396,10550000,CMG,48.1907,48.8565,46.4348,46.5025,42.7863,44.1506,41.4678,41.3214
2024-02-12,52.1646,52.6800,51.8972,52.6452,10385000,CMG,48.5270,49.1716,46.6024,46.7245,42.9231,44.3093,41.5276,41.4293
2024-02-13,51.9828,52.8462,51.7212,51.7666,11580000,CMG,48.8362,49.4393,46.7612,46.9307,43.0588,44.4612,41.5839,41.5343
2024-02-14,52.4038,52.6510,51.8774,52.2906,6790000,CMG,49.1459,49.7216,46.9157,47.1453,43.2096,44.6185,41.6391,41.6425
2024-02-15,52.3600,52.5344,52.0470,52.3294,8365000,CMG,49.4411,49.9729,47.0752,47.3498,43.3581,44.7718,41.6970,41.7491
2024-02-16,51.9686,52.5082,51.9564,52.4000,6915000,CMG,49.7049,50.1630,47.2241,47.5310,43.5059,44.9143,41.7515,41.8508
2024-02-20,51.6040,52.2432,51.3802,51.9098,10160000,CMG,49.9601,50.3002,47.3722,47.6907,43.6524,45.0468,41.8037,41.9478
2024-02-21,51.3896,51.5174,51.1528,51.4100,7020000,CMG,50.2078,50.4040,47.5095,47.8357,43.8050,45.1724,41.8573,42.0418
2024-02-22,52.5474,52.7388,51.8734,51.8734,10235000,CMG,50.5004,50.6081,47.6632,48.0205,43.9628,45.3184,41.9172,42.1463
2024-02-23,52.9344,53.1546,52.6254,52.8928,7940000,CMG,50.8353,50.8297,47.8037,48.2132,44.1258,45.4692,41.9786,42.2537
2024-02-26,53.2090,53.4534,52.9286,53.3000,6585000,CMG,51.1695,51.0563,47.9397,48.4091,44.2844,45.6225,42.0413,42.3627
2024-02-27,52.9048,53.2716,52.5012,53.2600,6475000,CMG,51.4102,51.2323,48.0618,48.5854,44.4460,45.7667,42.1004,42.4676
2024-02-28,53.4344,53.4594,52.6822,52.6822,6455000,CMG,51.6626,51.4420,48.2202,48.7756,44.6088,45.9185,42.1617,42.5767
2024-02-29,53.7754,54.0698,53.4698,53.6200,9870000,CMG,51.9426,51.6643,48.3872,48.9717,44.7742,46.0741,42.2260,42.6881
2024-03-01,53.7756,54.0998,53.5990,53.9890,8260000,CMG,52.1894,51.8653,48.5439,49.1600,44.9475,46.2266,42.2902,42.7985
2024-03-04,54.4060,54.6378,53.5880,53.7760,10210000,CMG,52.4274,52.1073,48.7012,49.3658,45.1250,46.3886,42.3572,42.9139
2024-03-05,54.2266,54.6748,53.8764,54.2582,9340000,CMG,52.6679,52.3091,48.8602,49.5564,45.3008,46.5438,42.4221,43.0265
2024-03-06,53.8028,54.5140,53.4286,54.4856,7850000,CMG,52.8703,52.4514,49.0134,49.7229,45.4741,46.6875,42.4816,43.1337
2024-03-07,53.8044,54.2490,53.5602,54.2000,6210000,CMG,52.8935,52.5803,49.1677,49.8830,45.6535,46.8285,42.5400,43.2399
2024-03-08,53.7224,54.0908,53.5072,53.6308,5955000,CMG,52.9592,52.6890,49.3144,50.0335,45.8344,46.9650,42.5984,43.3442
2024-03-11,53.2518,53.6642,52.2996,53.4000,9950000,CMG,52.9834,52.7426,49.4564,50.1597,46.0048,47.0895,42.6599,43.4428
2024-03-12,54.3964,54.5524,53.3976,53.5492,10025000,CMG,53.0950,52.9001,49.6330,50.3259,46.1829,47.2342,42.7266,43.5518
2024-03-13,54.4538,54.7626,54.0412,54.4134,9485000,CMG,53.2186,53.0481,49.8073,50.4878,46.3593,47.3771,42.7931,43.6603
2024-03-14,54.9704,55.5132,54.5000,55.3312,10555000,CMG,53.3469,53.2312,50.0088,50.6636,46.5394,47.5275,42.8608,43.7728
2024-03-15,55.1278,55.1680,54.3598,54.5526,11830000,CMG,53.4853,53.4118,50.2179,50.8386,46.7245,47.6780,42.9293,43.8858
2024-03-18,55.4706,56.2798,55.2802,55.3614,9475000,CMG,53.6604,53.6079,50.4391,51.0203,46.9152,47.8323,42.9990,44.0011
2024-03-19,55.9512,55.9668,55.0720,55.6000,8675000,CMG,53.8777,53.8311,50.6730,51.2136,47.1037,47.9931,43.0706,44.1200
2024-03-20,57.9000,60.4796,57.6060,58.7144,50170000,CMG,54.2033,54.2186,50.9365,51.4759,47.3144,48.1892,43.1538,44.2571
2024-03-21,58.0996,59.0560,57.8400,59.0560,15955000,CMG,54.4809,54.5882,51.2057,51.7356,47.5341,48.3855,43.2369,44.3948
2024-03-22,57.6408,58.4448,57.6402,58.4448,11200000,CMG,54.7162,54.8789,51.4605,51.9672,47.7330,48.5688,43.3193,44.5266
2024-03-25,58.0688,58.2762,57.4298,57.7800,14125000,CMG,54.9592,55.1827,51.7112,52.2065,47.9318,48.7569,43.4074,44.6614
2024-03-26,59.1106,59.5890,58.3000,58.4684,16630000,CMG,55.2695,55.5568,51.9847,52.4772,48.1345,48.9619,43.5006,44.8051
2024-03-27,58.4692,59.8798,58.0576,59.5200,14105000,CMG,55.5212,55.8342,52.2381,52.7122,48.3218,49.1502,43.5889,44.9411
2024-03-28,58.1354,58.9000,58.0602,58.9000,14625000,CMG,55.7392,56.0533,52.4766,52.9249,48.4961,49.3281,43.6732,45.0724
2024-04-01,57.5400,58.3978,57.2692,58.3834,11935000,CMG,55.9274,56.1949,52.6983,53.1059,48.6634,49.4907,43.7543,45.1964
2024-04-02,58.0388,58.0964,57.0000,57.4790,11255000,CMG,56.1091,56.3705,52.9252,53.2993,48.8300,49.6600,43.8384,45.3242
2024-04-03,57.9116,58.1404,57.4626,57.9008,10835000,CMG,56.2933,56.5173,53.1534,53.4802,48.9961,49.8234,43.9228,45.4495
2024-04-04,57.1206,58.4050,57.0724,58.1938,11620000,CMG,56.4592,56.5748,53.3671,53.6229,49.1505,49.9679,44.0051,45.5656
2024-04-05,58.1084,58.1146,57.4810,57.5660,10210000,CMG,56.6744,56.7208,53.5954,53.7988,49.3126,50.1291,44.0907,45.6904
2024-04-08,58.6306,58.7504,58.0818,58.0818,10930000,CMG,56.9198,56.9027,53.8433,53.9883,49.4748,50.2974,44.1764,45.8192
2024-04-09,58.5392,59.3020,57.5800,59.1800,11130000,CMG,57.1842,57.0586,54.0836,54.1668,49.6301,50.4606,44.2640,45.9457
2024-04-10,59.3138,59.4474,58.0246,58.2600,14205000,CMG,57.4301,57.2733,54.3080,54.3686,49.7900,50.6359,44.3562,46.0788
2024-04-11,59.8138,60.0208,59.3210,59.6240,13570000,CMG,57.6981,57.5153,54.5366,54.5822,49.9570,50.8177,44.4520,46.2154
2024-04-12,59.1520,59.8612,58.8294,59.8346,12785000,CMG,57.9071,57.6712,54.7561,54.7614,50.1139,50.9827,44.5411,46.3441
2024-04-15,58.7326,59.6580,58.6192,59.5618,9935000,CMG,58.0874,57.7723,54.9540,54.9171,50.2688,51.1362,44.6246,46.4674
2024-04-16,58.8466,58.9372,58.4078,58.6570,8030000,CMG,58.2562,57.8746,55.1380,55.0712,50.4199,51.2889,44.7078,46.5906
2024-04-17,58.0592,59.0990,57.8700,59.0990,8860000,CMG,58.3616,57.8922,55.3108,55.1884,50.5610,51.4229,44.7842,46.7047
2024-04-18,58.1594,58.8168,57.9534,58.0922,10690000,CMG,58.3746,57.9176,55.4789,55.3049,50.6988,51.5563,44.8627,46.8187
2024-04-19,57.3822,58.2768,56.9236,58.2768,22100000,CMG,58.3387,57.8666,55.5598,55.3864,50.8287,51.6717,44.9375,46.9238
2024-04-22,57.6850,58.2400,57.3404,57.9550,12975000,CMG,58.3409,57.8493,55.6653,55.4765,50.9637,51.7908,45.0166,47.0309
2024-04-23,58.3000,58.6000,57.8428,58.4412,10505000,CMG,58.3524,57.8922,55.7759,55.5872,51.1053,51.9197,45.1003,47.1430
2024-04-24,58.5352,59.1998,58.3316,58.7580,18165000,CMG,58.3237,57.9535,55.9033,55.7028,51.2529,52.0507,45.1837,47.2564
2024-04-25,62.2394,62.9138,59.0446,60.2400,34425000,CMG,58.5122,58.3617,56.1085,55.9592,51.4348,52.2524,45.2896,47.4054
2024-04-26,63.7394,63.9998,62.4074,62.4094,16830000,CMG,58.7924,58.8738,56.3352,56.2643,51.6255,52.4799,45.4007,47.5680
2024-04-29,64.1894,64.8284,63.4150,64.3270,12270000,CMG,59.1249,59.3801,56.5718,56.5751,51.8235,52.7117,45.5167,47.7334
2024-04-30,63.1920,64.2780,63.0400,63.9902,17185000,CMG,59.3825,59.7431,56.7962,56.8346,52.0102,52.9193,45.6271,47.8872
2024-05-01,62.7732,63.1520,62.4000,63.0600,11815000,CMG,59.6256,60.0317,57.0196,57.0674,52.1959,53.1144,45.7282,48.0353
2024-05-02,62.8398,63.3578,62.3666,63.0902,8950000,CMG,59.9116,60.2991,57.2486,57.2938,52.3790,53.3070,45.8271,48.1826
2024-05-03,63.1076,63.5280,62.9768,63.1856,13470000,CMG,60.1615,60.5666,57.4598,57.5218,52.5615,53.5011,45.9287,48.3311
2024-05-06,63.9820,64.0444,63.1908,63.1908,9970000,CMG,60.4291,60.8919,57.6808,57.7751,52.7423,53.7086,46.0392,48.4868
2024-05-07,63.8736,64.2352,63.4978,64.1150,11085000,CMG,60.6958,61.1759,57.8941,58.0143,52.9169,53.9099,46.1486,48.6399
2024-05-08,63.6650,64.3200,63.6206,64.0800,10300000,CMG,60.9134,61.4129,58.1093,58.2359,53.0856,54.1031,46.2587,48.7894
2024-05-09,64.6594,64.6594,63.3770,63.6600,12270000,CMG,61.1557,61.7221,58.3338,58.4878,53.2770,54.3121,46.3727,48.9474
2024-05-10,64.7846,65.2000,64.3764,64.8802,8235000,CMG,61.4373,62.0138,58.5540,58.7347,53.4706,54.5195,46.4879,49.1049
2024-05-13,63.9080,64.7844,63.7492,64.7800,8420000,CMG,61.6961,62.1942,58.7566,58.9376,53.6502,54.7054,46.6191,49.2522
2024-05-14,63.5334,63.9600,63.4284,63.6600,7750000,CMG,61.9304,62.3217,58.9392,59.1178,53.8202,54.8802,46.7455,49.3943
2024-05-15,63.3660,63.8084,63.2152,63.4144,9965000,CMG,62.1957,62.4212,59.1220,59.2844,53.9911,55.0482,46.8661,49.5334
2024-05-16,62.9176,63.6236,62.7698,63.4662,9935000,CMG,62.4336,62.4685,59.3043,59.4269,54.1588,55.2041,46.9852,49.6665
2024-05-17,64.2686,64.3458,62.9046,62.9046,14390000,CMG,62.7780,62.6399,59.5135,59.6168,54.3406,55.3836,47.1129,49.8118
2024-05-20,63.5278,64.8532,63.4820,64.3996,14200000,CMG,63.0701,62.7245,59.7096,59.7701,54.5120,55.5448,47.2382,49.9483
2024-05-21,63.4560,63.8352,63.3500,63.8000,10095000,CMG,63.3279,62.7941,59.9137,59.9147,54.6851,55.7015,47.3664,50.0827
2024-05-22,63.0676,63.6408,62.8202,63.5240,9060000,CMG,63.5545,62.8202,60.0872,60.0383,54.8601,55.8474,47.4928,50.2119
2024-05-23,62.7656,63.3120,62.6088,63.2000,10610000,CMG,63.5808,62.8150,60.2534,60.1453,55.0303,55.9843,47.6205,50.3368
2024-05-24,63.0326,63.3018,62.8576,63.0000,9835000,CMG,63.5455,62.8357,60.4146,60.2585,55.2117,56.1239,47.7506,50.4631
2024-05-28,63.0768,63.2338,62.6000,63.2000,11870000,CMG,63.4899,62.8587,60.5736,60.3690,55.3958,56.2616,47.8814,50.5887
2024-05-29,61.4570,62.8094,61.4028,62.8060,16870000,CMG,63.4031,62.7252,60.6933,60.4117,55.5662,56.3645,48.0040,50.6968
2024-05-30,62.1168,62.1598,61.1054,61.6146,10735000,CMG,63.3703,62.6672,60.8167,60.4786,55.7448,56.4784,48.1296,50.8104
2024-05-31,62.5904,62.5904,61.1874,62.5218,15065000,CMG,63.3578,62.6599,60.9105,60.5614,55.9235,56.5994,48.2577,50.9276
2024-06-03,61.5294,63.0390,60.5928,62.7776,16625000,CMG,63.2789,62.5522,60.9791,60.5993,56.0924,56.6970,48.3787,51.0331
2024-06-04,61.5808,62.2566,61.2662,62.2566,20615000,CMG,63.1589,62.4597,61.0579,60.6378,56.2592,56.7937,48.5017,51.1381
2024-06-05,62.9596,63.2214,61.6392,61.8800,11740000,CMG,63.1132,62.5073,61.1557,60.7289,56.4334,56.9158,48.6316,51.2557
2024-06-06,64.2332,64.4178,63.0618,63.4500,12780000,CMG,63.1416,62.6717,61.2581,60.8663,56.6214,57.0607,48.7662,51.3848
2024-06-07,63.3804,64.7998,63.2690,64.5334,14230000,CMG,63.0776,62.7392,61.3563,60.9649,56.7972,57.1859,48.8959,51.5042
2024-06-10,62.5976,63.5262,62.4200,63.3802,10355000,CMG,62.9683,62.7257,61.4456,61.0289,56.9611,57.2930,49.0194,51.6146
2024-06-11,62.6040,62.6666,61.6358,62.3256,9725000,CMG,62.9031,62.7141,61.5469,61.0907,57.1226,57.3982,49.1451,51.7239
2024-06-12,63.4152,63.8538,62.4802,62.7502,17000000,CMG,62.8972,62.7809,61.6544,61.1819,57.2898,57.5174,49.2745,51.8403
2024-06-13,65.3052,65.8706,63.7656,63.7656,24240000,CMG,62.9941,63.0213,61.8023,61.3436,57.4779,57.6716,49.4111,51.9742
2024-06-14,65.4342,65.5060,64.7458,65.3998,13975000,CMG,63.1199,63.2511,61.9685,61.5040,57.6678,57.8253,49.5480,52.1082
2024-06-17,67.3092,67.6808,65.9000,66.5324,21200000,CMG,63.2720,63.6376,62.1526,61.7316,57.8740,58.0131,49.6907,52.2594
2024-06-18,68.5522,69.2614,67.4000,68.7000,34735000,CMG,63.5232,64.1056,62.3510,61.9991,58.0971,58.2218,49.8408,52.4215
2024-06-20,64.2884,68.9116,63.7600,68.9116,42465000,CMG,63.5648,64.1230,62.4660,62.0889,58.2748,58.3419,49.9684,52.5396
2024-06-21,64.2098,64.6668,63.8642,64.5040,28655000,CMG,63.6219,64.1313,62.5639,62.1720,58.4360,58.4581,50.0943,52.6557
2024-06-24,63.8748,64.4600,63.2842,64.2950,20645000,CMG,63.6774,64.1069,62.6451,62.2388,58.5909,58.5654,50.2182,52.7674
2024-06-25,65.6608,65.7954,64.2800,64.3260,23635000,CMG,63.8088,64.2549,62.7753,62.3730,58.7657,58.7059,50.3499,52.8957
2024-06-26,65.8600,66.3100,62.7500,65.8100,27266300,CMG,63.9479,64.4077,62.9178,62.5098,58.9359,58.8475,50.4846,53.0247
2024-06-27,62.4100,65.8900,61.8400,65.8800,28454200,CMG,63.9956,64.2175,62.9891,62.5058,59.0635,58.9181,50.6018,53.1181
2024-06-28,62.6500,63.7700,61.5700,62.0300,22128100,CMG,64.0223,64.0682,63.0809,62.5115,59.1959,58.9920,50.7218,53.2129
2024-07-01,61.8100,62.7600,60.2500,62.6900,19650600,CMG,63.9832,63.8531,63.1539,62.4840,59.3164,59.0478,50.8375,53.2984
2024-07-02,61.4000,62.3200,60.4600,61.5400,18369200,CMG,63.9768,63.6195,63.2343,62.4415,59.3970,59.0944,50.9509,53.3791
2024-07-03,61.5800,62.8100,60.8400,61.0500,12651800,CMG,63.9767,63.4253,63.3122,62.4077,59.4887,59.1436,51.0675,53.4607
2024-07-05,62.7500,62.9600,61.2000,61.5600,12845000,CMG,63.9662,63.3610,63.4012,62.4211,59.5886,59.2150,51.1875,53.5531
2024-07-08,59.5100,62.6600,59.0400,62.4600,24496600,CMG,63.7301,62.9942,63.4207,62.3070,59.6620,59.2208,51.2925,53.6124
2024-07-09,57.4800,60.1600,57.3500,59.6300,25093400,CMG,63.4351,62.4690,63.3255,62.1177,59.7170,59.1864,51.3879,53.6508
2024-07-10,58.3000,58.6300,56.8200,57.4300,20298400,CMG,63.2202,62.0720,63.2167,61.9680,59.7760,59.1688,51.4928,53.6971
2024-07-11,57.5500,58.5000,57.3700,58.0000,13326300,CMG,62.9675,61.6413,63.0839,61.7947,59.8279,59.1368,51.5930,53.7354
2024-07-12,57.6700,58.6700,57.4300,57.7600,14046500,CMG,62.6802,61.2631,62.9735,61.6329,59.8849,59.1077,51.6954,53.7746
2024-07-15,56.6100,57.8000,56.4800,57.7500,15192400,CMG,62.2455,60.8199,62.8502,61.4360,59.9349,59.0583,51.7936,53.8028
2024-07-16,57.7400,57.9200,56.2300,56.7600,14404300,CMG,61.8608,60.5266,62.7482,61.2910,59.9984,59.0322,51.9017,53.8420
2024-07-17,55.2900,57.3900,55.1000,56.9200,17208200,CMG,61.2598,60.0279,62.5919,61.0557,60.0259,58.9581,51.9943,53.8564
2024-07-18,53.3800,54.5500,52.6300,53.4800,29138100,CMG,60.5012,59.3948,62.3798,60.7547,60.0303,58.8476,52.0780,53.8516
2024-07-19,53.5400,54.0000,52.9500,53.9200,15629900,CMG,59.9638,58.8372,62.1732,60.4718,60.0336,58.7425,52.1590,53.8485
2024-07-22,53.5600,54.0300,52.9800,53.4800,13869100,CMG,59.4313,58.3346,61.9711,60.2007,60.0402,58.6399,52.2431,53.8457
2024-07-23,52.5500,54.7200,52.3400,53.8900,17558000,CMG,58.8650,57.7837,61.7289,59.9007,60.0313,58.5193,52.3201,53.8328
2024-07-24,51.7800,52.4900,51.4600,52.0400,39208200,CMG,58.1710,57.2119,61.4688,59.5822,60.0114,58.3858,52.3928,53.8124
2024-07-25,50.8200,51.6000,49.5300,50.5100,40764300,CMG,57.4190,56.6031,61.2070,59.2386,59.9818,58.2360,52.4647,53.7826
2024-07-26,49.8300,51.5900,49.4100,51.2400,24611100,CMG,56.7900,55.9581,60.9330,58.8696,59.9361,58.0696,52.5305,53.7433
2024-07-29,50.9700,51.2900,49.5900,49.9100,16035300,CMG,56.2060,55.4830,60.6850,58.5599,59.9035,57.9290,52.6022,53.7157
2024-07-30,52.5700,52.7600,51.1000,51.1800,23648500,CMG,55.7440,55.2056,60.4781,58.3250,59.8912,57.8229,52.6827,53.7043
2024-07-31,54.3200,54.5100,52.8000,53.5000,23028900,CMG,55.3900,55.1212,60.2791,58.1679,59.8963,57.7535,52.7749,53.7104
2024-08-01,53.4600,55.0700,52.8300,54.2900,14099600,CMG,54.9840,54.9630,60.0778,57.9833,59.8937,57.6685,52.8640,53.7079
2024-08-02,52.5700,52.8500,51.1500,52.3300,15098100,CMG,54.4750,54.7351,59.8600,57.7710,59.8869,57.5675,52.9458,53.6966
2024-08-05,52.1800,52.7400,47.9800,48.2500,14448600,CMG,54.1085,54.4918,59.6423,57.5517,59.8647,57.4608,53.0238,53.6815
2024-08-06,54.0800,55.1100,52.6600,52.9300,16405700,CMG,53.9385,54.4526,59.4686,57.4156,59.8610,57.3939,53.1101,53.6854
2024-08-07,53.6300,55.3000,53.4100,54.5000,11238800,CMG,53.7050,54.3742,59.2805,57.2671,59.8476,57.3193,53.1935,53.6849
2024-08-08,54.3200,54.8900,53.7400,54.0000,9305800,CMG,53.5435,54.3691,59.1054,57.1516,59.8395,57.2600,53.2820,53.6912
2024-08-09,55.5500,56.1400,54.5300,54.9000,11569700,CMG,53.4375,54.4815,58.9872,57.0888,59.8403,57.2261,53.3778,53.7097
2024-08-12,55.8700,56.3400,55.0800,55.6000,10075100,CMG,53.4005,54.6138,58.8623,57.0410,59.8395,57.1992,53.4716,53.7312
2024-08-13,51.6800,52.1100,48.0000,50.7900,108992800,CMG,53.0975,54.3344,58.6441,56.8307,59.7773,57.0899,53.5458,53.7108
2024-08-14,51.6500,52.5300,51.0800,52.0200,32423000,CMG,52.9155,54.0787,58.4465,56.6276,59.7128,56.9822,53.6234,53.6903
2024-08-15,53.9700,54.3200,51.5800,51.7900,28826700,CMG,52.9450,54.0684,58.2943,56.5233,59.6761,56.9226,53.7045,53.6931
2024-08-16,52.4700,53.7000,52.0500,53.5900,21302900,CMG,52.8915,53.9161,58.0845,56.3644,59.6201,56.8344,53.7759,53.6809
2024-08-19,52.6400,52.9500,51.8300,52.5800,16562100,CMG,52.8455,53.7946,57.8526,56.2183,59.5554,56.7513,53.8449,53.6705
2024-08-20,51.9400,52.9200,51.8000,52.6500,12896000,CMG,52.8150,53.6180,57.6238,56.0506,59.4901,56.6561,53.9060,53.6533
2024-08-21,53.7300,53.9800,52.0800,52.2500,14558400,CMG,52.9125,53.6286,57.4465,55.9596,59.4460,56.5981,53.9711,53.6541
2024-08-22,53.4500,54.2600,53.2100,53.5400,10425700,CMG,53.0440,53.6116,57.2634,55.8611,59.4051,56.5358,54.0343,53.6521
2024-08-23,53.7100,53.9500,53.1000,53.8100,9928400,CMG,53.2380,53.6210,57.0693,55.7768,59.3618,56.4798,54.0959,53.6526
2024-08-26,54.7500,55.0500,53.7800,53.8200,12213500,CMG,53.4270,53.7285,56.8582,55.7365,59.3302,56.4456,54.1632,53.6636
2024-08-27,56.1400,56.3000,54.1900,54.1900,14889600,CMG,53.6055,53.9582,56.6723,55.7523,59.3204,56.4395,54.2355,53.6882
2024-08-28,55.7700,56.9800,55.2300,56.5700,13745800,CMG,53.6780,54.1307,56.4415,55.7530,59.2970,56.4263,54.3048,53.7089
2024-08-29,55.6300,56.4900,55.5400,56.2100,10702300,CMG,53.7865,54.2735,56.1831,55.7482,59.2670,56.4105,54.3709,53.7280
2024-08-30,56.0800,56.2300,55.1800,55.9500,12845600,CMG,53.9620,54.4456,56.0189,55.7612,59.2424,56.4040,54.4363,53.7514
2024-09-03,53.5200,56.5800,53.1800,55.9900,14402300,CMG,54.0290,54.3574,55.8051,55.6733,59.1845,56.3469,54.4873,53.7491
2024-09-04,53.3400,53.4700,52.6500,52.6500,12220100,CMG,53.9920,54.2605,55.5944,55.5818,59.1198,56.2873,54.5384,53.7451
2024-09-05,53.0300,53.7800,52.9200,53.0200,8317000,CMG,53.9620,54.1433,55.3418,55.4818,59.0585,56.2228,54.5862,53.7379
2024-09-06,53.6800,54.5200,53.0800,53.1900,13248700,CMG,53.9300,54.0992,55.0982,55.4111,59.0080,56.1725,54.6384,53.7374
2024-09-09,54.2900,54.8300,54.0000,54.0400,9472500,CMG,53.8670,54.1174,54.9358,55.3671,58.9625,56.1352,54.6912,53.7429
2024-09-10,54.2100,54.9000,53.6800,54.4300,8367400,CMG,53.7840,54.1262,54.7670,55.3218,58.9240,56.0971,54.7425,53.7475
2024-09-11,55.7900,55.8700,53.9600,54.2700,12804800,CMG,53.9895,54.2847,54.6466,55.3401,58.9003,56.0910,54.7995,53.7678
2024-09-12,56.3500,56.4800,55.5500,55.9300,9061300,CMG,54.2245,54.4814,54.5456,55.3797,58.8899,56.0961,54.8593,53.7935
2024-09-13,56.1200,56.5700,55.6900,56.4500,7916300,CMG,54.3320,54.6374,54.4364,55.4087,58.8743,56.0966,54.9190,53.8167
2024-09-16,57.6600,57.7500,56.4000,56.5900,10663600,CMG,54.5915,54.9253,54.3346,55.4970,58.8679,56.1275,54.9866,53.8549
2024-09-17,58.5000,58.7700,57.4900,58.0500,10580500,CMG,54.8845,55.2657,54.3144,55.6148,58.8675,56.1745,55.0602,53.9011
2024-09-18,56.9300,58.5400,56.8100,58.5400,10214200,CMG,55.1340,55.4242,54.3034,55.6664,58.8145,56.1895,55.1246,53.9313
2024-09-19,57.9700,58.4300,57.4100,58.2500,9541700,CMG,55.3460,55.6667,54.2968,55.7567,58.7568,56.2247,55.1911,53.9715
2024-09-20,57.2300,58.1800,56.9900,57.6800,14686600,CMG,55.5350,55.8156,54.2904,55.8145,58.6872,56.2446,55.2553,54.0039
2024-09-23,58.2900,58.5000,57.2800,57.4500,9306000,CMG,55.7640,56.0512,54.3028,55.9116,58.6381,56.2851,55.3242,54.0465
2024-09-24,57.9600,58.3400,57.5200,58.2900,8920700,CMG,55.9245,56.2330,54.3298,55.9919,58.5900,56.3183,55.3930,54.0855
2024-09-25,58.3800,58.4500,57.6300,58.0000,8421700,CMG,56.0365,56.4375,54.3426,56.0855,58.5454,56.3591,55.4622,54.1282
2024-09-26,58.0500,59.0000,57.7600,58.8500,10296500,CMG,56.1505,56.5911,54.3978,56.1626,58.4948,56.3926,55.5282,54.1672
2024-09-27,57.3400,58.1300,56.8900,57.9900,9078300,CMG,56.2360,56.6624,54.4770,56.2088,58.4284,56.4114,55.5853,54.1988
2024-09-30,57.6200,58.1100,57.1000,57.2400,10328100,CMG,56.3130,56.7536,54.5586,56.2641,58.3659,56.4353,55.6414,54.2328
2024-10-01,57.1700,57.8700,56.7400,57.7600,8718200,CMG,56.4955,56.7933,54.6308,56.2996,58.3009,56.4499,55.6932,54.2621
2024-10-02,57.6800,57.8100,55.9400,56.7500,7418600,CMG,56.7125,56.8777,54.7334,56.3538,58.2311,56.4742,55.7541,54.2961
2024-10-03,56.7000,57.5600,56.2300,57.5000,7004100,CMG,56.8960,56.8608,54.8318,56.3673,58.1503,56.4787,55.8104,54.3200
2024-10-04,57.1100,57.2500,56.4400,57.0000,6051500,CMG,57.0675,56.8845,54.9576,56.3965,58.0823,56.4912,55.8663,54.3478
2024-10-07,56.7300,57.4700,56.4300,57.1400,7551200,CMG,57.1895,56.8698,55.0956,56.4095,58.0143,56.4959,55.9172,54.3715
2024-10-08,57.9800,58.3500,57.1500,57.2600,9101000,CMG,57.3780,56.9755,55.2358,56.4711,57.9604,56.5253,55.9757,54.4074
2024-10-09,57.9300,58.4000,57.5400,58.0900,8542900,CMG,57.4850,57.0664,55.3430,56.5283,57.9105,56.5531,56.0347,54.4424
2024-10-10,58.3300,58.3600,57.0200,57.8100,5154900,CMG,57.5840,57.1868,55.4232,56.5990,57.8512,56.5883,56.0959,54.4811
2024-10-11,58.6500,59.4800,58.4900,58.5000,7292800,CMG,57.7105,57.3261,55.5270,56.6794,57.8024,56.6291,56.1572,54.5226
2024-10-14,59.2800,59.6000,58.6900,59.2800,5988200,CMG,57.7915,57.5122,55.6612,56.7814,57.7606,56.6816,56.2228,54.5699
2024-10-15,59.8100,60.0900,58.9100,59.6900,8134900,CMG,57.8570,57.7310,55.8138,56.9002,57.7280,56.7436,56.2941,54.6221
2024-10-16,59.1200,60.0800,58.8500,59.9100,5865700,CMG,57.9665,57.8633,55.9146,56.9872,57.6916,56.7906,56.3610,54.6668
2024-10-17,58.8600,59.3900,58.5200,59.2400,6326100,CMG,58.0110,57.9583,56.0192,57.0607,57.6499,56.8316,56.4308,54.7085
2024-10-18,59.3900,59.5000,58.7500,59.3000,5863700,CMG,58.1190,58.0946,56.1206,57.1520,57.6130,56.8823,56.5044,54.7551
2024-10-21,59.7000,59.8500,59.2100,59.7400,6425000,CMG,58.1895,58.2475,56.2036,57.2519,57.5954,56.9381,56.5808,54.8043
2024-10-22,59.8800,60.1000,59.2500,59.6900,7377500,CMG,58.2855,58.4030,56.2838,57.3550,57.5731,56.9963,56.6589,54.8548
2024-10-23,59.0200,59.5800,58.4200,59.5600,9523800,CMG,58.3175,58.4617,56.4306,57.4203,57.5373,57.0364,56.7304,54.8963
2024-10-24,59.4400,59.6300,58.9700,59.2700,7048500,CMG,58.3870,58.5549,56.5864,57.4995,57.5165,57.0840,56.8044,54.9415
2024-10-25,59.4400,59.8600,59.2300,59.8400,6074200,CMG,58.4920,58.6392,56.6958,57.5756,57.4950,57.1306,56.8771,54.9862
2024-10-28,60.6000,61.2500,59.8400,59.8500,12121400,CMG,58.6410,58.8259,56.8584,57.6942,57.4715,57.1993,56.9524,55.0421
2024-10-29,60.4900,60.7900,59.9400,60.7600,23959200,CMG,58.8070,58.9844,57.0154,57.8038,57.4340,57.2645,57.0277,55.0963
2024-10-30,55.7300,58.0000,55.5100,57.3600,28560300,CMG,58.7095,58.6745,57.0912,57.7225,57.3575,57.2341,57.0774,55.1026
2024-10-31,55.7700,57.4200,55.0200,55.1700,14595400,CMG,58.6630,58.3979,57.1320,57.6459,57.2892,57.2051,57.1252,55.1093
2024-11-01,58.5900,58.9600,56.2500,56.3400,19877800,CMG,58.7370,58.4162,57.2348,57.6830,57.2491,57.2326,57.1858,55.1439
2024-11-04,56.3800,58.4000,56.3700,58.3900,10752300,CMG,58.7195,58.2222,57.2882,57.6319,57.1787,57.2157,57.2343,55.1562
2024-11-05,56.1800,56.7700,55.8900,56.2700,10315000,CMG,58.6295,58.0277,57.3168,57.5749,57.0875,57.1952,57.2827,55.1664
2024-11-06,57.6900,58.2600,57.1900,57.7000,10743800,CMG,58.6175,57.9956,57.3478,57.5794,57.0101,57.2050,57.3389,55.1915
2024-11-07,58.2100,59.1400,57.8100,58.0000,7974500,CMG,58.6115,58.0160,57.3966,57.6042,56.9191,57.2249,57.3965,55.2215
2024-11-08,58.8100,59.4300,58.0000,58.0000,8153200,CMG,58.6195,58.0916,57.4602,57.6515,56.8216,57.2563,57.4594,55.2572
2024-11-11,59.2700,59.3800,58.3100,58.9800,12985600,CMG,58.6190,58.2038,57.5240,57.7149,56.7715,57.2961,57.5231,55.2972
2024-11-12,60.4900,60.7800,59.1700,59.2900,15552300,CMG,58.6530,58.4216,57.6634,57.8238,56.7343,57.3594,57.5851,55.3488
2024-11-13,59.2700,61.2700,59.1900,60.8900,9406000,CMG,58.6605,58.5024,57.7820,57.8805,56.6882,57.3972,57.6395,55.3878
2024-11-14,59.9100,60.7300,58.7900,59.0100,7524000,CMG,58.7130,58.6364,57.9196,57.9601,56.6307,57.4470,57.6982,55.4328
2024-11-15,58.6300,59.4400,58.5300,59.2700,6744000,CMG,58.6750,58.6358,58.0186,57.9863,56.5584,57.4704,57.7472,55.4647
2024-11-18,58.8100,59.3800,58.4600,58.6800,5885300,CMG,58.6305,58.6524,58.1090,58.0186,56.5224,57.4969,57.7930,55.4979
2024-11-19,58.7300,59.0500,57.6700,58.4100,9562500,CMG,58.5730,58.6598,58.1994,58.0465,56.4832,57.5213,57.8395,55.5301
2024-11-20,58.8800,59.2200,58.1900,58.9600,6399900,CMG,58.5660,58.6808,58.2612,58.0792,56.4539,57.5482,57.8852,55.5634
2024-11-21,59.9800,60.0700,58.7100,58.9100,7508500,CMG,58.5930,58.8045,58.3338,58.1538,56.4397,57.5964,57.9184,55.6074
2024-11-22,62.0100,62.4300,60.2400,60.3300,11366500,CMG,58.7215,59.1098,58.4516,58.3050,56.4440,57.6838,57.9664,55.6711
2024-11-25,62.0000,62.5900,61.8100,62.1400,14070000,CMG,58.7915,59.3851,58.5384,58.4499,56.4365,57.7693,58.0125,55.7341
2024-11-26,62.7100,62.7400,61.8500,62.0700,6629800,CMG,58.9025,59.7017,58.6226,58.6169,56.4685,57.8671,58.0653,55.8035
2024-11-27,62.0500,62.6900,61.5100,62.5600,5779500,CMG,59.2185,59.9254,58.7250,58.7516,56.5142,57.9499,58.1156,55.8656
2024-11-29,61.5200,62.1300,61.5200,62.1000,3845900,CMG,59.5060,60.0772,58.7960,58.8601,56.5464,58.0206,58.1612,55.9219
2024-12-02,60.5400,62.1100,60.5100,61.5600,7894000,CMG,59.6035,60.1213,58.8622,58.9260,56.5763,58.0705,58.2021,55.9678
2024-12-03,60.9400,60.9900,60.4100,60.8400,6011600,CMG,59.8315,60.1993,58.9152,59.0050,56.6090,58.1273,58.2469,56.0173
2024-12-04,63.8900,64.1400,62.6700,62.9900,12526000,CMG,60.2170,60.5508,59.0338,59.1966,56.6818,58.2414,58.3084,56.0956
2024-12-05,65.2200,65.4200,63.5100,63.9100,11209600,CMG,60.5935,60.9955,59.1706,59.4328,56.7566,58.3796,58.3775,56.1864
2024-12-06,65.4000,66.0600,65.1200,65.7900,9963700,CMG,60.9530,61.4149,59.3176,59.6668,56.8577,58.5187,58.4418,56.2781
2024-12-09,64.5800,65.6800,63.7400,65.6500,10138400,CMG,61.2415,61.7164,59.4624,59.8595,56.9697,58.6387,58.5000,56.3607
2024-12-10,64.8300,65.1100,64.3200,64.5800,7254600,CMG,61.5195,62.0129,59.6066,60.0544,57.0826,58.7613,58.5581,56.4450
2024-12-11,65.5700,65.7900,64.9300,65.3100,7545400,CMG,61.7735,62.3517,59.7746,60.2707,57.2027,58.8961,58.6214,56.5358
2024-12-12,66.1600,66.7400,65.4100,65.8300,9923300,CMG,62.1180,62.7144,59.9442,60.5016,57.3388,59.0399,58.6851,56.6316
2024-12-13,64.5900,66.4300,64.2200,66.2600,6247000,CMG,62.3520,62.8930,60.1020,60.6620,57.4669,59.1498,58.7391,56.7107
2024-12-16,64.8000,65.3500,64.5500,64.9100,7221400,CMG,62.6605,63.0746,60.2558,60.8242,57.6067,59.2617,58.7943,56.7912
2024-12-17,64.2900,64.8700,63.9700,64.1600,7544100,CMG,62.9345,63.1904,60.4070,60.9602,57.7513,59.3613,58.8437,56.8658
2024-12-18,61.3400,64.1500,61.3000,64.1000,10094400,CMG,63.0650,63.0142,60.4742,60.9751,57.8550,59.4005,58.8792,56.9104
2024-12-19,61.7400,62.7500,61.2500,62.0100,8049400,CMG,63.2080,62.8928,60.5504,61.0050,57.9467,59.4468,58.9189,56.9584
2024-12-20,61.8700,62.8800,61.1100,61.1100,12727300,CMG,63.3025,62.7954,60.6212,61.0390,58.0222,59.4948,58.9593,57.0073
2024-12-23,61.5800,61.9400,60.9600,61.6700,8463200,CMG,63.2810,62.6796,60.6798,61.0602,58.1034,59.5361,58.9985,57.0528
2024-12-24,62.2400,62.4300,61.6100,61.7000,2534600,CMG,63.2930,62.6378,60.7390,61.1065,58.2001,59.5896,59.0435,57.1044
2024-12-26,61.4700,62.1100,61.4600,61.7900,5518300,CMG,63.2310,62.5266,60.7722,61.1207,58.2930,59.6269,59.0789,57.1478
2024-12-27,60.7800,61.1500,60.4300,61.1100,4438000,CMG,63.1675,62.3602,60.8054,61.1073,58.3600,59.6497,59.1105,57.1840
2024-12-30,60.0900,60.6400,59.7800,59.9500,4929200,CMG,63.0960,62.1440,60.8300,61.0675,58.4246,59.6584,59.1361,57.2129
2024-12-31,60.3000,60.6900,59.8900,60.1500,5321500,CMG,63.0840,61.9684,60.8482,61.0374,58.4844,59.6711,59.1619,57.2436
2025-01-02,59.8900,61.1600,59.6900,60.7900,5797900,CMG,63.0315,61.7704,60.8520,60.9924,58.5278,59.6755,59.1840,57.2700
2025-01-03,59.7000,60.2000,59.2100,60.1300,5914100,CMG,62.8220,61.5733,60.8484,60.9417,58.5661,59.6759,59.2028,57.2941
2025-01-06,58.8000,59.9300,58.5000,59.9200,10256200,CMG,62.5010,61.3091,60.8440,60.8577,58.6373,59.6586,59.2073,57.3091
2025-01-07,57.9900,58.9500,57.8700,58.8000,8534800,CMG,62.1305,60.9930,60.8150,60.7452,58.7007,59.6256,59.2067,57.3159
2025-01-08,57.9200,58.1400,57.4000,57.8500,9320000,CMG,61.7975,60.7004,60.7846,60.6344,58.7402,59.5918,59.2081,57.3219
2025-01-10,56.5000,57.7800,56.4200,57.5400,10647200,CMG,61.3810,60.3003,60.7026,60.4723,58.7805,59.5306,59.2003,57.3137
2025-01-13,56.2600,56.4800,55.4700,56.1400,8242800,CMG,60.9155,59.9155,60.6180,60.3071,58.8167,59.4658,59.1860,57.3032
2025-01-14,56.4400,56.8300,55.9800,56.8100,6010300,CMG,60.4295,59.5845,60.6322,60.1555,58.8617,59.4059,59.1759,57.2946
2025-01-15,57.3700,57.6300,56.8500,57.5300,10492500,CMG,60.0685,59.3736,60.6642,60.0462,58.8981,59.3656,59.1721,57.2954
2025-01-16,58.3600,59.1100,57.0700,57.4400,9376500,CMG,59.7465,59.2771,60.6596,59.9801,58.9472,59.3457,59.1762,57.3060
2025-01-17,57.5200,58.9000,57.0800,58.8900,9420000,CMG,59.4080,59.1097,60.6824,59.8836,58.9853,59.3095,59.1736,57.3081
2025-01-21,56.2000,57.8400,56.0600,57.7300,13868800,CMG,59.1510,58.8326,60.6828,59.7392,58.9998,59.2479,59.1650,57.2971
2025-01-22,55.9000,56.3100,55.3000,56.2000,12755700,CMG,58.8590,58.5533,60.6470,59.5886,58.9974,59.1816,59.1589,57.2832
2025-01-23,57.5600,57.7700,55.6400,55.7000,12444600,CMG,58.6435,58.4587,60.6340,59.5091,59.0153,59.1495,59.1562,57.2859
2025-01-24,56.7000,57.3300,56.3400,57.3200,11123000,CMG,58.3995,58.2912,60.5918,59.3989,59.0260,59.1010,59.1465,57.2801
2025-01-27,58.3000,58.4800,56.2200,56.2700,12076800,CMG,58.2025,58.2921,60.5724,59.3558,59.0482,59.0852,59.1453,57.2903
2025-01-28,57.8300,58.2100,57.0700,58.1800,8700300,CMG,58.0205,58.2481,60.5192,59.2960,59.0913,59.0603,59.1379,57.2956
2025-01-29,58.2700,58.5600,57.5000,57.7100,6572000,CMG,57.8950,58.2501,60.4992,59.2557,59.1406,59.0446,59.1302,57.3053
2025-01-30,58.9900,59.5700,58.4900,58.6200,8734300,CMG,57.8400,58.3206,60.4808,59.2453,59.2002,59.0436,59.1294,57.3221
2025-01-31,58.3500,59.0800,58.2000,59.0800,8348500,CMG,57.7425,58.3234,60.4752,59.2102,59.2469,59.0298,59.1275,57.3323
2025-02-03,58.3600,58.5700,56.3400,56.3600,10845300,CMG,57.6660,58.3269,60.4662,59.1769,59.2876,59.0166,59.1250,57.3425
2025-02-04,59.0200,59.1900,58.2800,58.4100,16227800,CMG,57.6320,58.3929,60.4720,59.1707,59.3357,59.0166,59.1298,57.3592
2025-02-05,57.5100,58.3000,55.6900,56.0200,28259700,CMG,57.5675,58.3088,60.4446,59.1056,59.3529,58.9868,59.1266,57.3607
2025-02-06,57.3200,58.2800,56.5500,57.9500,10267000,CMG,57.5340,58.2146,60.3914,59.0356,59.3626,58.9538,59.1263,57.3603
2025-02-07,57.2700,57.8800,56.8400,57.2200,8777900,CMG,57.5015,58.1247,60.2966,58.9663,59.3741,58.9205,59.1242,57.3594
2025-02-10,57.8000,59.0900,57.2700,57.4600,13786800,CMG,57.5665,58.0938,60.2126,58.9206,59.3755,58.8983,59.1217,57.3638
2025-02-11,56.1800,58.0500,56.1600,57.4900,10690900,CMG,57.5625,57.9115,60.0820,58.8131,59.3523,58.8444,59.1099,57.3520
2025-02-12,57.2900,57.4000,55.8100,55.9800,8242800,CMG,57.6050,57.8523,59.9868,58.7534,59.3559,58.8137,59.0852,57.3514
2025-02-13,58.1300,58.4100,57.3500,57.6900,9067700,CMG,57.6430,57.8788,59.9190,58.7289,59.3575,58.8001,59.0571,57.3592
2025-02-14,57.0800,58.1900,56.9800,58.1600,8755400,CMG,57.5790,57.8027,59.8498,58.6643,59.3560,58.7661,59.0216,57.3564
2025-02-18,54.4900,56.7800,54.3700,56.7100,15308200,CMG,57.4275,57.4872,59.7208,58.5006,59.3180,58.6814,58.9781,57.3279
2025-02-19,53.8000,54.6800,53.1200,54.2900,15588900,CMG,57.3075,57.1360,59.5190,58.3162,59.2764,58.5847,58.9332,57.2928
2025-02-20,53.0500,53.8200,52.5200,53.7500,10258000,CMG,57.1650,56.7469,59.2756,58.1097,59.2231,58.4751,58.8843,57.2505
2025-02-21,51.5100,53.1300,51.2700,53.0100,12638500,CMG,56.8625,56.2481,58.9978,57.8509,59.1577,58.3372,58.8263,57.1934
2025-02-24,51.2100,51.7000,50.5000,51.6200,15660600,CMG,56.5880,55.7683,58.7304,57.5905,59.0964,58.1961,58.7624,57.1339
2025-02-25,52.4700,52.7300,50.5400,51.1300,17744900,CMG,56.2965,55.4542,58.4832,57.3897,59.0449,58.0827,58.7054,57.0875
2025-02-26,53.4200,54.6000,52.5800,52.6800,20664600,CMG,56.0760,55.2605,58.2402,57.2340,59.0074,57.9903,58.6542,57.0510
2025-02-27,52.7400,54.0900,52.5100,53.7700,8050100,CMG,55.7995,55.0204,57.9718,57.0578,58.9580,57.8864,58.5946,57.0081
2025-02-28,53.9700,54.0700,52.2900,52.5000,11489600,CMG,55.5485,54.9204,57.7594,56.9367,58.9307,57.8088,58.5405,56.9779
2025-03-03,54.3300,55.7000,53.8500,55.0200,12613400,CMG,55.3475,54.8641,57.5500,56.8345,58.9029,57.7399,58.4926,56.9515
2025-03-04,53.1700,54.0000,52.3400,54.0000,13484100,CMG,55.0880,54.7028,57.3276,56.6908,58.8673,57.6494,58.4408,56.9139
2025-03-05,53.6000,54.0000,52.9000,53.2700,8788900,CMG,54.8170,54.5978,57.1728,56.5695,58.8235,57.5693,58.3920,56.8809
2025-03-06,51.4700,53.5000,51.4000,52.7900,13830700,CMG,54.5150,54.2999,56.9674,56.3696,58.7589,57.4485,58.3347,56.8271
2025-03-07,50.2300,51.3900,48.0100,51.3900,24666800,CMG,54.1605,53.9123,56.7346,56.1288,58.6779,57.3055,58.2645,56.7614
2025-03-10,49.8300,50.7500,48.9400,49.3300,19063400,CMG,53.7885,53.5235,56.4996,55.8818,58.5897,57.1575,58.1960,56.6925
2025-03-11,49.9800,51.3000,49.5800,49.8100,12357500,CMG,53.3975,53.1860,56.2544,55.6503,58.4967,57.0154,58.1287,56.6257
2025-03-12,50.0500,51.5500,49.6900,50.7200,10527800,CMG,53.0910,52.8873,56.0260,55.4307,58.3991,56.8775,58.0636,56.5602
2025-03-13,48.7300,50.0200,48.2200,49.9500,12552500,CMG,52.6630,52.4914,55.7850,55.1679,58.2952,56.7161,57.9934,56.4823
2025-03-14,50.0300,50.2500,49.1200,50.0800,13840300,CMG,52.2580,52.2570,55.5838,54.9665,58.2069,56.5837,57.9284,56.4181
2025-03-17,49.6500,50.2300,49.2900,50.0100,10426200,CMG,51.8865,52.0087,55.3708,54.7580,58.1095,56.4464,57.8612,56.3508
2025-03-18,47.7900,49.3300,47.5500,49.3300,17984500,CMG,51.5515,51.6069,55.1288,54.4847,57.9904,56.2750,57.7929,56.2656
2025-03-19,48.9900,49.0900,47.7500,47.7500,16346600,CMG,51.3110,51.3577,54.9146,54.2692,57.8815,56.1307,57.7273,56.1932
2025-03-20,49.0000,49.3500,48.4900,48.5000,10718800,CMG,51.1085,51.1332,54.7186,54.0626,57.7813,55.9895,57.6593,56.1216
2025-03-21,48.5300,48.7000,47.7900,48.4400,19459900,CMG,50.9595,50.8852,54.5294,53.8456,57.6722,55.8418,57.5943,56.0461
2025-03-24,49.6000,49.7900,48.4000,49.0700,15517000,CMG,50.8790,50.7628,54.3630,53.6791,57.5738,55.7182,57.5344,55.9820
2025-03-25,49.5100,50.2600,49.4600,49.7300,11350700,CMG,50.7310,50.6435,54.2232,53.5156,57.4629,55.5953,57.4672,55.9176
2025-03-26,50.0700,50.1600,49.2200,49.6200,12310500,CMG,50.5635,50.5889,54.0994,53.3805,57.3587,55.4859,57.3964,55.8594
2025-03-27,50.9200,51.3200,49.7400,50.0000,12578800,CMG,50.4725,50.6204,53.9890,53.2840,57.3106,55.3955,57.3341,55.8102
2025-03-28,49.9100,50.4000,49.4800,50.2200,13164900,CMG,50.2695,50.5528,53.8398,53.1517,57.2520,55.2868,57.2706,55.7515
2025-03-31,50.2100,50.2600,48.8500,49.3200,14679600,CMG,50.0635,50.5201,53.6768,53.0364,57.1682,55.1863,57.2086,55.6964
2025-04-01,51.6700,51.7000,49.9900,50.0000,12150400,CMG,49.9885,50.6296,53.5598,52.9828,57.1211,55.1167,57.1499,55.6563
2025-04-02,52.0200,52.3200,50.7900,50.8100,9922300,CMG,49.9095,50.7620,53.4762,52.9450,57.0795,55.0554,57.0835,55.6201
2025-04-03,50.0800,50.7800,49.6100,50.0700,12639700,CMG,49.8400,50.6971,53.3598,52.8327,57.0034,54.9568,57.0067,55.5650
2025-04-04,47.2900,49.2800,46.7800,48.7900,17916600,CMG,49.6930,50.3726,53.1544,52.6153,56.8942,54.8050,56.9066,55.4827
2025-04-07,46.6700,48.2900,44.4600,45.4500,20912300,CMG,49.5350,50.0200,52.9538,52.3822,56.7728,54.6439,56.7972,55.3950
2025-04-08,45.9800,48.4000,45.6200,48.1400,15435300,CMG,49.3350,49.6352,52.7074,52.1311,56.6399,54.4724,56.7057,55.3013
2025-04-09,50.9300,51.5000,45.9000,45.9000,24598300,CMG,49.3790,49.7585,52.5694,52.0840,56.5443,54.4022,56.6393,55.2578
2025-04-10,50.2700,51.0500,48.4900,50.2100,14339600,CMG,49.4560,49.8072,52.4094,52.0129,56.4543,54.3204,56.5713,55.2082
2025-04-11,49.7600,50.6700,49.0500,49.9700,14465500,CMG,49.4425,49.8027,52.2248,51.9245,56.3528,54.2301,56.4918,55.1540
2025-04-14,49.4600,50.4800,48.2100,50.3400,13965800,CMG,49.4330,49.7701,52.0470,51.8279,56.2611,54.1356,56.4098,55.0973
2025-04-15,48.8000,49.9300,48.7300,49.6300,9790800,CMG,49.4835,49.6777,51.8558,51.7091,56.1610,54.0300,56.3417,55.0346
2025-04-16,48.0800,49.0700,47.6600,48.5000,8604200,CMG,49.4380,49.5255,51.6370,51.5668,56.0545,53.9122,56.2689,54.9654
2025-04-17,48.1700,48.5400,47.4800,48.1900,9359600,CMG,49.3965,49.3964,51.4502,51.4336,55.9474,53.7985,56.2007,54.8978
2025-04-21,46.5300,47.8400,45.2100,47.8400,15507700,CMG,49.2965,49.1235,51.2344,51.2413,55.8129,53.6545,56.1263,54.8146
2025-04-22,47.1000,47.4300,46.3700,46.9500,14172800,CMG,49.1715,48.9307,51.0310,51.0789,55.6638,53.5247,56.0539,54.7378
2025-04-23,48.7600,49.7000,48.2200,48.8700,22264200,CMG,49.1340,48.9145,50.8502,50.9880,55.5314,53.4304,55.9840,54.6783
2025-04-24,49.5400,50.6100,48.4000,49.2000,29453300,CMG,49.1075,48.9741,50.7174,50.9312,55.3997,53.3533,55.9341,54.6272
2025-04-25,51.7800,52.0200,49.2700,49.5000,26671900,CMG,49.1505,49.2413,50.6072,50.9645,55.2970,53.3222,55.9056,54.5989
2025-04-28,50.9000,52.5100,50.7200,51.9400,18142900,CMG,49.2000,49.3993,50.4626,50.9619,55.1908,53.2742,55.8686,54.5621
2025-04-29,50.6500,51.0100,49.8600,50.6200,12111600,CMG,49.2220,49.5184,50.3340,50.9497,55.0919,53.2223,55.8341,54.5231
2025-04-30,50.5200,50.5400,49.1300,49.8100,13763500,CMG,49.1645,49.6138,50.2546,50.9328,54.9877,53.1687,55.7984,54.4833
2025-05-01,50.3200,50.9800,50.1200,50.7200,11811400,CMG,49.0795,49.6810,50.1850,50.9088,54.8520,53.1123,55.7669,54.4419
2025-05-02,51.5600,51.7800,50.8700,50.9500,9059000,CMG,49.1535,49.8600,50.1552,50.9344,54.7154,53.0816,55.7360,54.4132
2025-05-05,50.0100,51.1200,49.9800,51.0500,11398700,CMG,49.2895,49.8743,50.1252,50.8981,54.5615,53.0208,55.7096,54.3694
2025-05-06,50.3600,50.9200,49.5100,49.5800,9758700,CMG,49.4740,49.9205,50.1082,50.8770,54.4193,52.9681,55.6945,54.3295
2025-05-07,51.6400,51.9000,50.2400,50.5400,11358400,CMG,49.7570,50.0843,50.0916,50.9069,54.2874,52.9418,55.6850,54.3027
2025-05-08,51.4500,52.1700,51.3600,51.7000,12471700,CMG,49.7830,50.2144,50.0522,50.9282,54.1462,52.9122,55.6745,54.2744
2025-05-09,49.7200,51.2700,49.4100,51.2700,16064200,CMG,49.7555,50.1673,49.9918,50.8808,53.9818,52.8490,55.6603,54.2290
2025-05-12,50.7600,51.1600,50.1900,51.1500,15890600,CMG,49.8055,50.2237,49.9276,50.8761,53.8435,52.8077,55.6552,54.1945
2025-05-13,50.6500,51.3300,50.2100,50.7800,12936300,CMG,49.8650,50.2643,49.8540,50.8672,53.7020,52.7649,55.6544,54.1592
2025-05-14,52.2400,52.6900,50.6500,50.6500,14023600,CMG,50.0370,50.4525,49.8354,50.9211,53.5815,52.7545,55.6664,54.1401
2025-05-15,52.0400,52.3800,51.6200,51.8600,10315500,CMG,50.2350,50.6037,49.8042,50.9649,53.4885,52.7404,55.6718,54.1193
2025-05-16,52.3200,52.4500,51.3700,52.0300,10856500,CMG,50.4425,50.7671,49.8212,51.0181,53.3943,52.7321,55.6705,54.1013
2025-05-19,52.2700,52.5600,51.7700,51.8100,7753300,CMG,50.7295,50.9103,49.8620,51.0672,53.2983,52.7229,55.6603,54.0831
2025-05-20,51.4700,52.1800,51.3600,51.9100,8583400,CMG,50.9480,50.9636,49.8948,51.0830,53.1972,52.6981,55.6503,54.0571
2025-05-21,50.7900,51.1800,50.6700,51.0000,11217700,CMG,51.0495,50.9470,49.9110,51.0715,53.0827,52.6603,55.6414,54.0246
2025-05-22,50.7800,50.9300,50.2200,50.7300,9735900,CMG,51.1115,50.9311,49.9256,51.0601,52.9758,52.6231,55.6344,53.9923
2025-05-23,50.6300,50.8300,50.1000,50.1000,9335300,CMG,51.0540,50.9025,49.9636,51.0432,52.8743,52.5836,55.6172,53.9589
2025-05-27,50.9900,51.4300,50.7800,51.1900,11484700,CMG,51.0585,50.9108,49.9828,51.0411,52.7833,52.5521,55.6040,53.9293
2025-05-28,50.0700,51.2000,49.8400,51.0700,10728100,CMG,51.0295,50.8307,49.9912,51.0030,52.6810,52.5029,55.5827,53.8909
2025-05-29,49.7300,50.5800,49.6700,50.2000,7987000,CMG,50.9900,50.7259,50.0300,50.9531,52.5794,52.4480,55.5536,53.8495
2025-05-30,50.0800,50.3400,49.3100,49.7100,14827400,CMG,50.9780,50.6644,50.0518,50.9189,52.4832,52.4011,55.5247,53.8120
2025-06-02,49.8400,49.8900,48.7200,49.7000,11426700,CMG,50.8920,50.5859,50.0686,50.8766,52.3936,52.3504,55.5155,53.7725
2025-06-03,50.0700,50.4700,49.1300,49.7300,13435900,CMG,50.8950,50.5367,50.0994,50.8449,52.3144,52.3052,55.5076,53.7357
2025-06-04,52.1600,52.3900,50.0700,50.2100,17876000,CMG,50.9850,50.6913,50.1506,50.8965,52.2568,52.3024,55.4985,53.7200
2025-06-05,52.6000,53.8600,52.1900,52.4500,19100200,CMG,51.0330,50.8731,50.2124,50.9633,52.2178,52.3083,55.4992,53.7088
2025-06-06,52.5000,53.1200,52.2700,52.8900,9387300,CMG,51.0855,51.0280,50.2610,51.0236,52.1802,52.3121,55.4985,53.6968
2025-06-09,51.1300,52.5000,51.0500,52.5000,10212700,CMG,51.1560,51.0378,50.2652,51.0277,52.1271,52.2887,55.4944,53.6713
2025-06-10,50.6200,51.3900,50.2900,51.2000,13994600,CMG,51.1490,50.9980,50.2794,51.0117,52.0596,52.2556,55.4789,53.6409
2025-06-11,51.7900,52.1600,50.7600,50.8200,12380800,CMG,51.2060,51.0734,50.3110,51.0423,51.9939,52.2464,55.4706,53.6225
2025-06-12,50.8900,51.9900,50.8400,51.9100,10220000,CMG,51.1385,51.0559,50.2954,51.0363,51.9276,52.2195,55.4565,53.5953
2025-06-13,50.2400,50.7400,49.9700,50.2900,9307700,CMG,51.0485,50.9782,50.2598,51.0051,51.8680,52.1803,55.4339,53.5619
2025-06-16,52.5400,53.0900,50.5700,50.6100,15203700,CMG,51.0595,51.1270,50.3090,51.0653,51.8344,52.1875,55.4159,53.5517
2025-06-17,51.3800,52.6500,51.0800,52.2500,9999100,CMG,51.0150,51.1511,50.3908,51.0776,51.7726,52.1715,55.3940,53.5301
2025-06-18,51.8300,52.3800,51.3600,51.5000,8845500,CMG,51.0330,51.2157,50.4940,51.1071,51.7239,52.1647,55.3750,53.5132
2025-06-20,52.7800,52.9600,51.6400,52.0200,16810400,CMG,51.1325,51.3647,50.6300,51.1727,51.6687,52.1769,55.3585,53.5059
2025-06-23,53.7800,53.8100,52.1900,52.7800,15723400,CMG,51.2825,51.5947,50.6870,51.2750,51.6282,52.2086,55.3598,53.5087
2025-06-24,54.6500,54.9900,54.1600,54.2000,11490000,CMG,51.4835,51.8857,50.7746,51.4073,51.5920,52.2570,55.3663,53.5200
2025-06-25,55.1400,55.3300,54.6300,54.9300,10443400,CMG,51.6910,52.1956,50.8822,51.5537,51.5535,52.3141,55.3769,53.5361
2025-06-26,54.2700,55.0800,53.3800,54.8500,13125000,CMG,51.9010,52.3932,50.9784,51.6602,51.5127,52.3528,55.3798,53.5434
2025-06-27,55.0500,55.2500,54.1800,54.2000,14969900,CMG,52.1670,52.6462,51.1034,51.7931,51.4796,52.4062,55.3836,53.5584
2025-06-30,56.1500,56.4400,55.0100,55.0100,15307400,CMG,52.4705,52.9799,51.2648,51.9640,51.4509,52.4803,55.3933,53.5842
2025-07-01,58.2400,58.3400,56.1700,56.1700,21803800,CMG,52.8905,53.4809,51.4662,52.2101,51.4582,52.5944,55.4056,53.6305
2025-07-02,56.7700,58.4200,56.5300,58.1400,14399300,CMG,53.2255,53.7941,51.6710,52.3889,51.4527,52.6771,55.4077,53.6618
2025-07-03,57.0700,57.2500,56.7200,56.9700,10384100,CMG,53.4710,54.1061,51.8704,52.5725,51.4507,52.7641,55.4124,53.6957
2025-07-07,55.4600,56.7100,54.7900,56.6800,14068500,CMG,53.6140,54.2351,52.0044,52.6857,51.4273,52.8175,55.4014,53.7132
2025-07-08,55.4500,55.8300,54.7400,55.4900,9939200,CMG,53.7615,54.3508,52.1226,52.7941,51.4200,52.8696,55.3862,53.7305
2025-07-09,55.9400,56.0500,55.0800,55.6500,8640900,CMG,54.0020,54.5021,52.2058,52.9175,51.4065,52.9304,55.3812,53.7525
2025-07-10,56.4100,57.0400,56.0800,56.4600,10336400,CMG,54.2915,54.6838,52.3160,53.0545,51.3893,52.9993,55.3734,53.7790
2025-07-11,56.0000,56.3100,55.5000,56.2600,8285700,CMG,54.5020,54.8092,52.4230,53.1700,51.3785,53.0587,55.3673,53.8011
2025-07-14,54.8200,55.7500,54.2600,55.7200,12636100,CMG,54.6985,54.8102,52.5090,53.2347,51.3818,53.0936,55.3499,53.8112
2025-07-15,53.9500,55.1400,53.9400,54.9500,8718900,CMG,54.8840,54.7283,52.5816,53.2627,51.3833,53.1105,55.3299,53.8126
2025-07-16,53.3800,54.2100,53.1300,54.0700,11712900,CMG,54.9260,54.5999,52.6180,53.2673,51.3866,53.1159,55.3049,53.8083
2025-07-17,53.5400,54.0500,52.5200,53.6200,10968700,CMG,55.0340,54.4989,52.6886,53.2780,51.4069,53.1243,55.2823,53.8056
2025-07-18,53.9300,54.2900,53.4900,54.2200,9518100,CMG,55.1390,54.4448,52.7600,53.3036,51.4341,53.1402,55.2653,53.8068
2025-07-21,52.4600,54.2000,52.4400,54.1300,14140100,CMG,55.1230,54.2557,52.7764,53.2705,51.4340,53.1268,55.2395,53.7934
2025-07-22,52.3800,52.9800,51.5300,52.6700,15930300,CMG,55.0530,54.0771,52.7950,53.2356,51.4236,53.1120,55.2155,53.7794
2025-07-23,52.7800,53.0300,52.1600,52.4500,20980500,CMG,54.9595,53.9536,52.8562,53.2177,51.4240,53.1054,55.1910,53.7694
2025-07-24,45.7400,47.0200,45.1300,46.2000,77860700,CMG,54.4895,53.1713,52.7558,52.9245,51.3417,52.9596,55.1362,53.6895
2025-07-25,46.7600,47.1800,45.7600,45.9000,33814900,CMG,54.1140,52.5607,52.6780,52.6827,51.2660,52.8368,55.0845,53.6206
2025-07-28,44.8600,46.6100,44.8600,46.5600,32072000,CMG,53.6045,51.8273,52.5304,52.3760,51.1829,52.6788,55.0251,53.5334
2025-07-29,44.3800,44.8300,44.1200,44.7200,28369100,CMG,53.0160,51.1180,52.3772,52.0624,51.0907,52.5145,54.9571,53.4423
2025-07-30,43.7600,44.5400,43.6300,44.4300,28442200,CMG,52.2920,50.4173,52.2060,51.7368,51.0136,52.3411,54.8863,53.3460
2025-07-31,42.8800,43.9100,42.8300,43.5100,26262800,CMG,51.5975,49.6994,52.0182,51.3895,50.9401,52.1538,54.8090,53.2419
2025-08-01,42.5200,43.1500,42.4600,42.6100,19124200,CMG,50.8700,49.0157,51.8392,51.0417,50.8670,51.9630,54.7284,53.1352
2025-08-04,42.8800,43.1000,42.2500,42.7000,16701300,CMG,50.2410,48.4313,51.6810,50.7216,50.7960,51.7832,54.6464,53.0331
2025-08-05,42.6300,43.4100,42.4300,42.8600,15932800,CMG,49.6000,47.8788,51.5180,50.4043,50.7218,51.6019,54.5605,52.9296
2025-08-06,42.6900,42.9400,42.3900,42.7800,14071900,CMG,48.9375,47.3847,51.3592,50.1018,50.6614,51.4254,54.4783,52.8277
2025-08-07,42.6900,43.1900,42.3800,42.9800,14615900,CMG,48.2515,46.9375,51.1932,49.8111,50.5880,51.2525,54.3975,52.7269
2025-08-08,41.4400,42.7200,41.4300,42.5200,22596500,CMG,47.5235,46.4140,51.0206,49.4828,50.5059,51.0582,54.3077,52.6145
2025-08-11,41.6200,42.0400,41.1800,41.3700,17591500,CMG,46.8635,45.9574,50.8584,49.1745,50.4442,50.8713,54.2173,52.5051
2025-08-12,42.8300,43.1900,42.4300,42.7500,17402800,CMG,46.3075,45.6596,50.7134,48.9257,50.3826,50.7120,54.1321,52.4089
2025-08-13,43.4800,43.5800,42.4000,42.8200,19498200,CMG,45.8125,45.4520,50.5862,48.7121,50.3274,50.5688,54.0544,52.3200
2025-08-14,43.1700,43.4400,42.0100,43.4400,22872300,CMG,45.2940,45.2346,50.4482,48.4948,50.2738,50.4223,53.9730,52.2290
2025-08-15,44.0400,44.0900,43.1100,43.1800,19054200,CMG,44.7995,45.1209,50.2858,48.3201,50.2182,50.2959,53.8960,52.1475
2025-08-18,43.3800,44.2700,43.3600,43.9800,18105600,CMG,44.3455,44.9551,50.1014,48.1264,50.1569,50.1590,53.8099,52.0603
2025-08-19,43.2500,43.7700,42.9200,43.5000,19153700,CMG,43.8890,44.7927,49.9164,47.9351,50.0887,50.0222,53.7237,51.9726
2025-08-20,43.0700,43.9900,43.0000,43.2100,12488100,CMG,43.4035,44.6286,49.7552,47.7443,50.0102,49.8845,53.6604,51.8840
2025-08-21,42.9100,43.1000,42.5400,42.9500,11193700,CMG,43.2620,44.4649,49.6010,47.5548,49.9402,49.7464,53.5961,51.7947
2025-08-22,43.6400,43.7200,43.0700,43.3300,10912800,CMG,43.1060,44.3864,49.4380,47.4012,49.8745,49.6255,53.5214,51.7136
2025-08-25,42.7500,43.5900,42.6100,43.5500,12736300,CMG,43.0005,44.2305,49.2752,47.2188,49.7853,49.4893,53.4532,51.6244
2025-08-26,42.5200,43.1300,42.2800,42.8000,18598400,CMG,42.9075,44.0676,49.1208,47.0346,49.6903,49.3513,53.3849,51.5338
2025-08-27,42.6500,42.9400,42.4600,42.5200,12756800,CMG,42.8520,43.9326,48.9230,46.8626,49.6160,49.2186,53.3097,51.4454
2025-08-28,42.4100,42.7400,42.0200,42.7300,13220100,CMG,42.8285,43.7876,48.7436,46.6880,49.5672,49.0838,53.2307,51.3555
2025-08-29,42.1400,42.4000,41.7700,42.2700,14796100,CMG,42.8095,43.6307,48.5498,46.5097,49.5219,48.9463,53.1474,51.2638
2025-09-02,41.7500,42.1700,41.4700,41.8100,20801600,CMG,42.7530,43.4516,48.3292,46.3230,49.4796,48.8038,53.0598,51.1691
2025-09-03,41.7900,42.2600,41.6500,42.0000,11987800,CMG,42.7110,43.2933,48.0894,46.1452,49.3882,48.6649,52.9663,51.0758
2025-09-04,41.4100,41.8000,41.0400,41.7200,18998900,CMG,42.6470,43.1140,47.8246,45.9595,49.2996,48.5212,52.8770,50.9796
2025-09-05,41.0600,41.9800,40.7300,41.4900,22015500,CMG,42.5655,42.9183,47.5430,45.7674,49.2126,48.3735,52.7827,50.8809
2025-09-08,39.6500,41.0200,39.2300,41.0000,35121800,CMG,42.4760,42.6071,47.2506,45.5275,49.1145,48.2008,52.6878,50.7692
2025-09-09,39.4600,39.8400,39.2500,39.5600,17916500,CMG,42.3680,42.3074,46.9388,45.2896,49.0211,48.0277,52.5911,50.6567
2025-09-10,38.7100,39.4900,38.5000,39.3700,24959200,CMG,42.1620,41.9647,46.5900,45.0315,48.9274,47.8432,52.4910,50.5378
2025-09-11,38.9600,39.1000,38.3000,38.7100,25071500,CMG,41.9360,41.6786,46.2044,44.7934,48.8353,47.6673,52.3914,50.4226
2025-09-12,38.6300,38.9900,38.3400,38.9900,22319700,CMG,41.7090,41.3882,45.8416,44.5517,48.7563,47.4883,52.2846,50.3052
2025-09-15,38.5800,39.0400,38.4200,38.7000,19221300,CMG,41.4360,41.1208,45.4718,44.3176,48.6711,47.3119,52.1675,50.1886
2025-09-16,39.3000,39.4800,38.9000,39.0000,23534100,CMG,41.2320,40.9474,45.1486,44.1208,48.5765,47.1532,52.0540,50.0802
2025-09-17,39.6700,40.2500,39.3700,39.4900,22953000,CMG,41.0530,40.8257,44.8330,43.9462,48.4778,47.0051,51.9388,49.9766
2025-09-18,39.8100,40.3300,39.4000,39.7300,23592500,CMG,40.8900,40.7290,44.5104,43.7840,48.3581,46.8626,51.8276,49.8755
2025-09-19,39.3200,40.0300,38.9800,40.0300,36441900,CMG,40.7105,40.5948,44.1686,43.6090,48.2423,46.7132,51.7166,49.7705
2025-09-22,40.1300,40.2200,39.0900,39.1900,27428000,CMG,40.5350,40.5505,43.8512,43.4725,48.1371,46.5829,51.6145,49.6745
2025-09-23,39.6800,40.3800,39.4800,40.2300,21692600,CMG,40.3815,40.4676,43.5484,43.3238,48.0287,46.4462,51.5082,49.5751
2025-09-24,39.5500,39.7100,38.9900,39.6500,21056200,CMG,40.2330,40.3802,43.2604,43.1758,47.9210,46.3096,51.3865,49.4753
2025-09-25,39.3300,39.5000,38.8200,39.3600,16684200,CMG,40.0670,40.2802,42.9794,43.0250,47.7987,46.1714,51.2571,49.3744
2025-09-26,40.0800,40.0900,39.2100,39.3300,14898300,CMG,39.9505,40.2611,42.7102,42.9095,47.6994,46.0508,51.1305,49.2819
2025-09-29,39.9000,40.3800,39.6000,40.2800,22483100,CMG,39.8385,40.2267,42.4296,42.7915,47.5948,45.9290,51.0071,49.1885
2025-09-30,39.1900,39.9400,38.8500,39.8600,19388900,CMG,39.7105,40.1280,42.1642,42.6503,47.4703,45.7955,50.8789,49.0891
2025-10-01,38.9700,39.7200,38.7600,39.2100,16240500,CMG,39.5695,40.0177,41.8960,42.5059,47.3455,45.6604,50.7459,48.9884
2025-10-02,40.2700,40.3800,39.0000,39.0300,20073400,CMG,39.5125,40.0418,41.6458,42.4183,47.2510,45.5536,50.6164,48.9016
2025-10-03,41.7600,41.9600,40.1700,40.2700,30057400,CMG,39.5475,40.2054,41.5662,42.3924,47.1610,45.4785,50.5023,48.8306
2025-10-06,41.6300,42.0300,41.1800,41.9100,17182500,CMG,39.6465,40.3411,41.4636,42.3625,47.0708,45.4023,50.3864,48.7589
2025-10-07,40.9500,41.8900,40.6500,41.5000,15615000,CMG,39.7210,40.3991,41.3854,42.3072,46.9579,45.3142,50.2697,48.6812
2025-10-08,40.9800,41.1100,40.2600,41.0000,15236400,CMG,39.8345,40.4544,41.3174,42.2551,46.8473,45.2283,50.1679,48.6046
2025-10-09,40.8900,41.6600,40.8700,41.0400,15623100,CMG,39.9310,40.4959,41.2600,42.2016,46.7330,45.1424,50.0637,48.5278
2025-10-10,39.8200,41.4000,39.8100,41.0800,15269000,CMG,39.9905,40.4315,41.1988,42.1082,46.6085,45.0370,49.9534,48.4412
2025-10-13,40.9000,41.0600,40.0900,40.1200,13235800,CMG,40.1065,40.4761,41.1664,42.0608,46.5028,44.9551,49.8500,48.3661
2025-10-14,42.1000,42.6100,40.0600,40.3000,20564500,CMG,40.2465,40.6308,41.1508,42.0623,46.4159,44.8986,49.7493,48.3038
2025-10-15,41.7700,42.8200,41.7400,42.3500,15218800,CMG,40.3515,40.7393,41.1336,42.0509,46.3258,44.8366,49.6508,48.2388
2025-10-16,41.7600,42.1800,41.4700,41.8200,12209600,CMG,40.4490,40.8365,41.1150,42.0395,46.2371,44.7757,49.5557,48.1743
2025-10-17,41.8600,42.3000,41.4900,41.6700,9933400,CMG,40.5760,40.9340,41.0984,42.0324,46.1458,44.7180,49.4646,48.1115
2025-10-20,41.6300,42.3400,41.3200,41.8200,15121600,CMG,40.6510,41.0003,41.1022,42.0166,46.0614,44.6568,49.3712,48.0470
2025-10-21,42.3600,42.7400,41.5800,41.5900,12065900,CMG,40.7850,41.1298,41.1170,42.0301,45.9877,44.6113,49.2836,47.9904
2025-10-22,41.6100,42.3800,41.4300,42.2400,10182400,CMG,40.8880,41.1755,41.0926,42.0136,45.9030,44.5519,49.1931,47.9269
2025-10-23,41.8000,42.0600,41.1000,41.6500,11441000,CMG,41.0115,41.2350,41.0590,42.0053,45.8226,44.4974,49.1081,47.8660
2025-10-24,41.1900,42.1900,41.0400,42.1800,12195000,CMG,41.0670,41.2307,41.0194,41.9733,45.7338,44.4319,49.0241,47.7995
2025-10-27,41.0600,41.5200,40.9500,41.4000,13615700,CMG,41.1250,41.2144,40.9598,41.9375,45.6228,44.3651,48.9398,47.7325
2025-10-28,40.2600,41.0000,40.2300,41.0000,12383400,CMG,41.1785,41.1235,40.8974,41.8717,45.4994,44.2838,48.8586,47.6581
2025-10-29,39.7600,40.6500,39.5900,39.9900,30048400,CMG,41.2180,40.9937,40.8276,41.7889,45.3720,44.1943,48.7761,47.5795
2025-10-30,32.5300,34.1300,31.0100,31.2700,110050500,CMG,40.8310,40.1876,40.6168,41.4258,45.1860,43.9633,48.6566,47.4298
2025-10-31,31.6900,32.5100,31.2100,32.5100,50225000,CMG,40.3275,39.3783,40.3924,41.0440,44.9967,43.7203,48.5282,47.2732
2025-11-03,31.5100,32.1300,31.2900,31.6500,33594400,CMG,39.8215,38.6289,40.1498,40.6701,44.7939,43.4785,48.3939,47.1163
2025-11-04,31.7400,32.0600,31.3700,31.4400,34627200,CMG,39.3610,37.9729,39.9296,40.3199,44.6024,43.2460,48.2650,46.9633
2025-11-05,31.9700,32.2900,31.4200,31.6900,32380700,CMG,38.9105,37.4012,39.7186,39.9925,44.4197,43.0227,48.1439,46.8141
2025-11-06,30.5600,32.0000,30.4800,31.5600,31448200,CMG,38.3940,36.7496,39.4768,39.6226,44.1999,42.7759,48.0172,46.6524
2025-11-07,30.5900,30.7100,30.0200,30.3900,33734900,CMG,37.9325,36.1630,39.2404,39.2683,43.9920,42.5346,47.8823,46.4926
2025-11-10,30.4800,31.1200,30.3200,30.9000,30289000,CMG,37.4115,35.6218,39.0072,38.9237,43.7785,42.2959,47.7512,46.3332
2025-11-11,29.8100,30.4900,29.7500,30.4100,36971800,CMG,36.7970,35.0683,38.7684,38.5663,43.5488,42.0487,47.6088,46.1688
2025-11-12,31.3200,31.3600,30.0000,30.1800,31813300,CMG,36.2745,34.7113,38.5590,38.2821,43.3242,41.8362,47.4762,46.0211
2025-11-13,31.3800,31.9300,31.1900,31.4000,22759000,CMG,35.7555,34.3940,38.3584,38.0115,43.0915,41.6292,47.3418,45.8754
2025-11-14,31.5700,31.8000,31.0100,31.2200,18557400,CMG,35.2410,34.1251,38.1686,37.7589,42.8558,41.4300,47.2047,45.7331
2025-11-17,30.5300,31.6000,30.2500,31.6000,21919800,CMG,34.6860,33.7827,37.9862,37.4754,42.6184,41.2142,47.0656,45.5818
2025-11-18,30.7600,31.0200,30.2700,30.4600,21086100,CMG,34.1060,33.4948,37.8122,37.2120,42.3755,41.0071,46.9276,45.4343
2025-11-19,31.0000,31.2500,30.5000,30.8600,17756000,CMG,33.5755,33.2572,37.6580,36.9684,42.1240,40.8090,46.7875,45.2907
2025-11-20,30.3500,31.7900,30.3100,30.9300,21402600,CMG,33.0030,32.9803,37.4858,36.7089,41.8451,40.6019,46.6517,45.1420
2025-11-21,31.6300,32.0000,30.5600,30.5700,21759000,CMG,32.5250,32.8517,37.3458,36.5097,41.5937,40.4242,46.5232,45.0076
2025-11-24,31.1900,31.9300,31.0100,31.7300,25032600,CMG,32.0315,32.6935,37.1980,36.3011,41.3349,40.2414,46.3928,44.8701
2025-11-25,33.4000,33.4100,31.3000,31.4800,28601200,CMG,31.6885,32.7608,37.0800,36.1873,41.1143,40.1059,46.2708,44.7559
2025-11-26,34.0300,34.2400,33.2800,33.4800,23495600,CMG,31.4020,32.8816,36.9672,36.1027,40.9001,39.9856,46.1601,44.6492
2025-11-28,34.5200,34.8000,34.0000,34.0100,13042400,CMG,31.5015,33.0377,36.8614,36.0406,40.6859,39.8773,46.0462,44.5484
2025-12-01,34.2400,35.1400,34.0500,34.2100,20127300,CMG,31.6290,33.1522,36.7598,35.9700,40.4642,39.7657,45.9268,44.4459
2025-12-02,34.1400,34.5000,33.7600,34.3700,14710800,CMG,31.7605,33.2463,36.6400,35.8983,40.2456,39.6543,45.8121,44.3433
2025-12-03,33.9300,34.5900,33.8900,34.1700,23058300,CMG,31.8700,33.3114,36.5250,35.8211,40.0367,39.5410,45.7093,44.2397
2025-12-04,34.1500,34.1600,33.4300,33.9100,16999800,CMG,31.9790,33.3912,36.4170,35.7555,39.8387,39.4342,45.6110,44.1393
2025-12-05,33.9400,34.1500,33.6600,33.9600,17372800,CMG,32.1480,33.4435,36.3092,35.6843,39.6443,39.3254,45.5155,44.0378
2025-12-08,33.6100,34.6600,33.5300,34.6500,16257100,CMG,32.2990,33.4594,36.1798,35.6030,39.4450,39.2122,45.4260,43.9341
2025-12-09,33.7300,34.1000,33.4200,33.5000,12830100,CMG,32.4615,33.4851,36.0564,35.5295,39.2430,39.1037,45.3386,43.8325
2025-12-10,33.9400,34.1900,33.5800,33.7200,13445000,CMG,32.6680,33.5285,35.9514,35.4672,39.0578,39.0014,45.2459,43.7341
2025-12-11,34.8700,35.0600,34.0400,34.0700,17170300,CMG,32.8455,33.6562,35.8694,35.4438,38.8827,38.9196,45.1532,43.6459
2025-12-12,36.1400,36.3800,35.1700,35.1900,28320100,CMG,33.0835,33.8928,35.7868,35.4711,38.7163,38.8646,45.0702,43.5712
2025-12-15,35.9400,36.5200,35.7600,36.1500,22745400,CMG,33.3020,34.0877,35.6704,35.4895,38.6183,38.8067,44.9800,43.4953
2025-12-16,35.6600,36.3000,35.4100,36.0400,17002300,CMG,33.5585,34.2375,35.5510,35.4962,38.5073,38.7443,44.8867,43.4173
2025-12-17,37.0000,37.5200,35.7000,35.7300,27823500,CMG,33.8705,34.5006,35.4720,35.5551,38.4287,38.7098,44.8058,43.3535
2025-12-18,37.6300,38.0600,37.2700,37.4600,29399100,CMG,34.2020,34.7986,35.4050,35.6365,38.3612,38.6884,44.7260,43.2965
2025-12-19,37.6400,38.2300,36.9800,37.6000,45594600,CMG,34.5665,35.0692,35.3400,35.7151,38.3000,38.6677,44.6568,43.2402
2025-12-22,37.9200,38.1900,37.3800,37.6000,16339000,CMG,34.8810,35.3407,35.3020,35.8015,38.2504,38.6529,44.5953,43.1873
2025-12-23,37.7900,37.9800,37.0000,37.9800,17914100,CMG,35.2110,35.5740,35.2398,35.8795,38.2031,38.6358,44.5351,43.1336
2025-12-24,37.9000,38.1100,37.8200,37.8700,6284700,CMG,35.4360,35.7955,35.1558,35.9588,38.1533,38.6212,44.4747,43.0815
2025-12-26,37.8100,38.0100,37.6300,37.7600,8470000,CMG,35.6250,35.9874,35.0766,36.0314,38.1051,38.6051,44.4135,43.0291
2025-12-29,37.1400,37.7000,37.0600,37.6100,14148600,CMG,35.7560,36.0971,34.9842,36.0748,38.0496,38.5761,44.3555,42.9705
2025-12-30,37.0400,37.6900,36.9400,37.0100,11069500,CMG,35.8960,36.1869,34.8878,36.1127,37.9931,38.5457,44.2906,42.9115
2025-12-31,37.0000,37.2400,36.8500,37.0400,9885600,CMG,36.0390,36.2644,34.7952,36.1475,37.9487,38.5151,44.2273,42.8526
2026-01-02,37.4900,37.6700,36.7200,37.2500,12791200,CMG,36.2170,36.3811,34.6978,36.2001,37.9074,38.4948,44.1758,42.7993
2026-01-05,38.2500,39.0600,37.4300,37.4300,16303000,CMG,36.4220,36.5591,34.6306,36.2805,37.8616,38.4900,44.1221,42.7540
2026-01-06,38.6200,39.2800,38.3100,38.3500,20093200,CMG,36.6560,36.7554,34.5670,36.3723,37.8130,38.4925,44.0702,42.7129
2026-01-07,38.8700,39.4900,38.6600,38.7200,12621500,CMG,36.9190,36.9568,34.5206,36.4702,37.7700,38.5000,44.0219,42.6746
2026-01-08,39.1800,39.8200,38.4200,38.6700,13628400,CMG,37.1915,37.1685,34.4830,36.5765,37.7214,38.5135,43.9698,42.6399
2026-01-09,40.1100,40.1500,39.0500,39.7400,18266200,CMG,37.5000,37.4486,34.4800,36.7150,37.6887,38.5451,43.9228,42.6147
2026-01-12,40.3400,40.6400,39.3200,40.0000,14480700,CMG,37.7735,37.7240,34.4916,36.8572,37.6596,38.5806,43.8742,42.5921
2026-01-13,39.4100,40.1100,38.6900,39.7600,19410000,CMG,37.9370,37.8846,34.6292,36.9573,37.6230,38.5970,43.8166,42.5604
2026-01-14,40.5900,40.6600,39.0400,39.2300,16011600,CMG,38.1695,38.1422,34.8072,37.0998,37.5998,38.6365,43.7700,42.5408
2026-01-15,40.3600,40.8400,40.0800,40.7000,13387500,CMG,38.4045,38.3535,34.9842,37.2276,37.5670,38.6706,43.7208,42.5191
2026-01-16,39.9600,40.4800,39.5500,40.1500,12654000,CMG,38.5525,38.5065,35.1486,37.3348,37.5391,38.6962,43.6622,42.4936
2026-01-20,39.0000,40.2700,38.9100,39.4300,22784400,CMG,38.6210,38.5535,35.2892,37.4001,37.5039,38.7022,43.5971,42.4589
2026-01-21,40.7200,41.4200,39.1000,39.2500,27628100,CMG,38.7750,38.7598,35.4924,37.5303,37.4846,38.7421,43.5503,42.4416
2026-01-22,40.5400,41.2000,40.4500,40.7700,12910900,CMG,38.9060,38.9293,35.6914,37.6483,37.4659,38.7777,43.5166,42.4226
2026-01-23,40.8700,41.3300,40.4900,40.5600,11989600,CMG,39.0600,39.1142,35.8992,37.7746,37.4532,38.8192,43.4876,42.4072
2026-01-26,39.7200,40.9100,39.4800,40.8000,16831500,CMG,39.1510,39.1719,36.0974,37.8509,37.4329,38.8370,43.4563,42.3805
2026-01-27,39.6500,39.9300,39.1400,39.5900,9869000,CMG,39.2430,39.2174,36.2640,37.9215,37.4115,38.8531,43.3999,42.3533
2026-01-28,39.1600,40.2500,38.9600,39.9700,13387100,CMG,39.3440,39.2119,36.4196,37.9700,37.3890,38.8592,43.3443,42.3215
2026-01-29,39.1000,39.5200,38.5700,39.2500,15767700,CMG,39.4470,39.2013,36.5702,38.0144,37.3694,38.8640,43.2910,42.2895
2026-01-30,38.8700,39.1200,38.4300,38.9100,14627600,CMG,39.5405,39.1697,36.7370,38.0479,37.3616,38.8641,43.2381,42.2554
2026-02-02,38.5100,38.9900,38.0200,38.7600,26550400,CMG,39.5915,39.1069,36.8920,38.0660,37.3521,38.8571,43.1866,42.2182
2026-02-03,39.1700,39.2100,37.8300,38.3800,41056100,CMG,39.6375,39.1129,37.0554,38.1093,37.3567,38.8633,43.1421,42.1878
2026-02-04,39.9300,40.1300,37.4200,37.7200,40466400,CMG,39.7030,39.1907,37.2470,38.1807,37.3664,38.8844,43.1009,42.1654
2026-02-05,38.4500,40.4100,38.3500,39.9000,20047300,CMG,39.6820,39.1202,37.3834,38.1913,37.3646,38.8758,43.0605,42.1284
2026-02-06,39.3900,40.1400,38.7800,38.7800,17541300,CMG,39.6925,39.1459,37.5474,38.2383,37.3727,38.8860,43.0219,42.1011
2026-02-09,39.5900,39.7500,38.6600,39.2300,17172700,CMG,39.6665,39.1882,37.6712,38.2913,37.3756,38.8999,42.9761,42.0762
2026-02-10,38.4400,39.9900,38.4300,39.5700,13523800,CMG,39.5715,39.1169,37.7594,38.2971,37.3633,38.8908,42.9206,42.0400
2026-02-11,37.2200,38.3400,36.9300,38.3200,23711400,CMG,39.4620,38.9363,37.8134,38.2549,37.3374,38.8577,42.8478,41.9920
2026-02-12,35.8400,37.6100,35.5300,37.4500,30513000,CMG,39.2245,38.6414,37.8454,38.1602,37.3026,38.7980,42.7725,41.9308
2026-02-13,36.3000,37.1000,36.1300,36.1900,18749100,CMG,39.0215,38.4184,37.8886,38.0872,37.2643,38.7485,42.7007,41.8748
2026-02-17,37.8800,37.9800,36.5700,37.3600,17175100,CMG,38.9175,38.3671,37.9676,38.0791,37.2463,38.7313,42.6375,41.8350
2026-02-18,38.7200,39.2000,38.1200,38.1200,12122400,CMG,38.9035,38.4007,38.0590,38.1042,37.2380,38.7311,42.5795,41.8040
2026-02-19,37.9700,38.6000,37.5100,38.4900,10863200,CMG,38.7660,38.3597,38.1396,38.0990,37.2244,38.7160,42.5116,41.7659
2026-02-20,37.5400,38.2900,37.2600,37.9100,13157600,CMG,38.6160,38.2816,38.2182,38.0771,37.1990,38.6927,42.4492,41.7238
2026-02-23,36.6100,37.3900,36.1700,37.1300,14382700,CMG,38.4030,38.1224,38.2758,38.0195,37.1661,38.6515,42.3805,41.6730
2026-02-24,36.4900,36.8300,36.1500,36.5700,13621300,CMG,38.2415,37.9670,38.3268,37.9596,37.1391,38.6087,42.3047,41.6214
2026-02-25,37.5000,37.6400,36.6100,36.9400,14160600,CMG,38.1340,37.9225,38.3794,37.9415,37.1244,38.5867,42.2350,41.5804
2026-02-26,38.0500,38.3400,37.5900,37.7500,11739100,CMG,38.0785,37.9346,38.4176,37.9458,37.1022,38.5761,42.1766,41.5452
2026-02-27,37.2200,37.5000,36.2900,37.5000,20764600,CMG,37.9845,37.8666,38.4432,37.9173,37.0568,38.5492,42.1089,41.5022
2026-03-02,36.6900,36.7700,35.6200,36.3600,14969400,CMG,37.8755,37.7545,38.4638,37.8692,37.0074,38.5124,42.0391,41.4543
2026-03-03,36.9300,37.1800,35.4600,35.8000,14234000,CMG,37.7965,37.6760,38.4624,37.8324,36.9672,38.4811,41.9626,41.4093
2026-03-04,36.7100,37.1500,36.2600,37.0500,11270700,CMG,37.6735,37.5840,38.4440,37.7883,36.9245,38.4460,41.8859,41.3625
2026-03-05,37.0600,37.4700,36.4000,36.4000,12348300,CMG,37.5300,37.5341,38.4324,37.7598,36.8862,38.4186,41.8096,41.3197
2026-03-06,35.3700,36.9600,35.1200,36.9300,17593000,CMG,37.3760,37.3280,38.3814,37.6661,36.8417,38.3582,41.7251,41.2605
2026-03-09,35.2900,35.3800,34.0100,34.5000,17730200,CMG,37.1710,37.1339,38.3314,37.5729,36.7856,38.2974,41.6442,41.2011
2026-03-10,34.7200,35.2000,34.4600,35.0200,16666000,CMG,36.9275,36.9040,38.2678,37.4610,36.7118,38.2266,41.5639,41.1366
2026-03-11,33.8500,34.9000,33.5900,34.7400,21523000,CMG,36.6980,36.6131,38.1886,37.3194,36.6326,38.1399,41.4792,41.0641
2026-03-12,32.5600,33.6300,32.5200,33.4400,20004300,CMG,36.4650,36.2271,38.0970,37.1328,36.5406,38.0294,41.3889,40.9795
2026-03-13,32.5200,33.2900,32.3600,33.2500,20383700,CMG,36.2990,35.8741,38.0066,36.9519,36.4472,37.9203,41.2965,40.8953
2026-03-16,34.0800,34.0800,32.7100,32.7700,17722700,CMG,36.1880,35.7032,37.9482,36.8392,36.3717,37.8443,41.2166,40.8275
2026-03-17,34.4100,35.0600,34.3300,34.4000,17159000,CMG,36.0145,35.5800,37.8866,36.7440,36.2922,37.7763,41.1400,40.7637
2026-03-18,32.6400,34.0600,32.6200,34.0300,19011400,CMG,35.7105,35.3000,37.7744,36.5830,36.2025,37.6746,41.0528,40.6828
2026-03-19,32.9400,33.3300,32.2300,32.3000,16133700,CMG,35.4590,35.0753,37.6608,36.4402,36.1139,37.5808,40.9683,40.6058
2026-03-20,33.3700,33.7400,32.9300,33.6800,25934700,CMG,35.2505,34.9129,37.5508,36.3198,36.0357,37.4974,40.8848,40.5338
2026-03-23,33.3600,34.2900,33.3300,34.2500,16444300,CMG,35.0880,34.7650,37.4344,36.2037,35.9587,37.4155,40.7908,40.4624
2026-03-24,32.7600,33.1600,32.4900,33.0200,14495600,CMG,34.9015,34.5740,37.2874,36.0687,35.8837,37.3233,40.6916,40.3858
2026-03-25,32.5000,33.3000,32.0800,33.0200,13814700,CMG,34.6515,34.3765,37.1306,35.9287,35.8111,37.2278,40.5916,40.3073
2026-03-26,32.1700,33.0600,32.1200,32.3900,10156300,CMG,34.3575,34.1664,36.9858,35.7813,35.8075,37.1277,40.4968,40.2263
2026-03-27,30.8600,32.0100,30.7700,32.0100,15495800,CMG,34.0395,33.8515,36.7912,35.5883,35.7992,37.0036,40.3980,40.1331
2026-03-30,31.1600,31.6200,30.6000,30.7200,13010800,CMG,33.7630,33.5951,36.6072,35.4147,35.7957,36.8878,40.2948,40.0439
2026-03-31,32.0100,32.2900,31.3900,31.5900,17777900,CMG,33.5170,33.4442,36.4482,35.2811,35.7984,36.7912,40.2004,39.9639
2026-04-01,32.6300,32.8800,32.0000,32.4200,12750300,CMG,33.3130,33.3666,36.3208,35.1772,35.8050,36.7088,40.1124,39.8909
2026-04-02,33.1600,33.3100,31.8200,32.1000,12559900,CMG,33.1180,33.3469,36.1696,35.0981,35.8310,36.6386,40.0155,39.8240
2026-04-06,33.5000,33.6300,32.6700,32.8500,13852300,CMG,33.0245,33.3615,36.0288,35.0354,35.8601,36.5764,39.9261,39.7610
2026-04-07,33.0600,33.6200,32.6000,33.4300,12767000,CMG,32.9130,33.3328,35.8726,34.9579,35.8859,36.5068,39.8322,39.6944
2026-04-08,33.7900,35.2900,33.6700,34.6300,13156100,CMG,32.8665,33.3764,35.7540,34.9121,35.9257,36.4530,39.7373,39.6356
2026-04-09,34.2400,34.6700,33.4700,33.5700,12382100,CMG,32.8860,33.4586,35.6458,34.8858,35.9549,36.4092,39.6396,39.5819
2026-04-10,34.0900,34.5000,33.9100,34.2300,9835100,CMG,32.9625,33.5187,35.5444,34.8546,35.9820,36.3632,39.5368,39.5273
2026-04-13,34.5900,34.8400,33.4000,33.9500,12712200,CMG,33.0660,33.6208,35.4542,34.8442,36.0122,36.3281,39.4340,39.4782
2026-04-14,34.9200,35.2800,34.6300,34.8300,8967900,CMG,33.1080,33.7445,35.3752,34.8472,36.0561,36.3002,39.3373,39.4328
2026-04-15,35.2500,35.5200,34.9300,35.0600,10251200,CMG,33.1500,33.8879,35.3100,34.8630,36.1010,36.2795,39.2383,39.3912
2026-04-16,35.0800,35.7000,34.9100,35.6000,12190400,CMG,33.2720,34.0014,35.2282,34.8715,36.1418,36.2557,39.1329,39.3483
2026-04-17,35.8300,36.6500,35.4300,35.6200,16513800,CMG,33.4165,34.1756,35.1462,34.9091,36.1966,36.2473,39.0209,39.3133
2026-04-20,35.8300,36.1600,35.6500,35.7900,11551900,CMG,33.5395,34.3331,35.0938,34.9452,36.2386,36.2390,38.9162,39.2786
2026-04-21,36.0500,37.0800,35.7100,36.1000,13016000,CMG,33.6740,34.4966,35.0270,34.9885,36.2872,36.2353,38.8111,39.2465
2026-04-22,35.1100,35.7600,34.7100,35.7200,15801800,CMG,33.7915,34.5551,34.9374,34.9933,36.3043,36.2130,38.7093,39.2053
2026-04-23,33.9000,35.2400,33.6100,35.1100,22765600,CMG,33.8615,34.4927,34.8466,34.9504,36.3030,36.1672,38.6016,39.1525
2026-04-24,34.2100,34.3600,33.6700,33.9700,12494200,CMG,33.9635,34.4658,34.7864,34.9214,36.2999,36.1284,38.4929,39.1034
2026-04-27,33.6400,34.6700,33.4900,34.2600,15918000,CMG,34.1025,34.3871,34.7424,34.8711,36.2939,36.0791,38.3791,39.0490
2026-04-28,32.8700,33.7400,32.6900,33.4900,21352100,CMG,34.1880,34.2426,34.6738,34.7926,36.2812,36.0156,38.2634,38.9875
2026-04-29,32.9900,33.1500,32.4300,32.8000,29828900,CMG,34.2370,34.1233,34.5760,34.7219,36.2718,35.9557,38.1543,38.9278
2026-04-30,33.9900,35.1000,33.4500,35.1000,35147000,CMG,34.3050,34.1106,34.4814,34.6932,36.2702,35.9168,38.0545,38.8787
2026-05-01,32.9800,34.1700,32.8800,34.0000,20862400,CMG,34.2960,34.0029,34.3816,34.6261,36.2606,35.8586,37.9525,38.8200
2026-05-04,31.9800,33.1700,31.9400,33.0000,16842200,CMG,34.2200,33.8103,34.2704,34.5223,36.2443,35.7818,37.8447,38.7520
2026-05-05,32.3100,32.3900,31.7200,32.1800,20303000,CMG,34.1825,33.6674,34.1844,34.4355,36.2301,35.7131,37.7366,38.6879
2026-05-06,32.7400,33.6200,32.6900,33.1900,16697200,CMG,34.1300,33.5791,34.1094,34.3690,36.2181,35.6542,37.6380,38.6287
2026-05-07,33.2700,33.3000,32.0500,32.5000,17020200,CMG,34.0815,33.5496,34.0248,34.3259,36.2021,35.6070,37.5424,38.5754
2026-05-08,32.4900,33.5000,32.1400,33.4300,12947300,CMG,34.0015,33.4487,33.9136,34.2539,36.1656,35.5453,37.4410,38.5148
2026-05-11,31.9200,32.3900,31.6300,32.2900,18647400,CMG,33.8680,33.3031,33.8076,34.1624,36.1254,35.4735,37.3719,38.4492
2026-05-12,32.6700,33.0800,32.0000,32.0300,13450700,CMG,33.7555,33.2428,33.7272,34.1039,36.0955,35.4180,37.3014,38.3917
2026-05-13,32.1100,32.6000,31.9700,32.4200,13237200,CMG,33.5985,33.1349,33.6308,34.0257,36.0466,35.3524,37.2377,38.3292
2026-05-14,32.0900,32.6900,32.0700,32.3300,13042600,CMG,33.4490,33.0354,33.5384,33.9498,35.9912,35.2878,37.1762,38.2671
2026-05-15,32.6500,33.0700,31.9700,31.9700,11960000,CMG,33.2900,32.9987,33.4502,33.8988,35.9413,35.2356,37.1207,38.2112
2026-05-18,33.7500,33.7600,32.4100,32.4100,13522100,CMG,33.1860,33.0703,33.4178,33.8930,35.8996,35.2062,37.0750,38.1668
2026-05-19,33.0400,33.9500,32.5200,33.8900,17343900,CMG,33.0355,33.0674,33.3728,33.8595,35.8521,35.1633,37.0276,38.1158
2026-05-20,32.9600,33.2700,32.2000,33.1000,12284700,CMG,32.9280,33.0572,33.3376,33.8243,35.8027,35.1197,36.9780,38.0645
2026-05-21,32.8000,33.0100,32.0700,32.5300,17573000,CMG,32.8730,33.0327,33.3166,33.7841,35.7526,35.0737,36.9289,38.0121
2026-05-22,32.8900,32.9400,32.4000,32.6900,18624200,CMG,32.8070,33.0191,33.3232,33.7490,35.7101,35.0305,36.8799,37.9611
2026-05-26,32.3100,32.9400,32.0100,32.8600,17039000,CMG,32.7405,32.9515,33.3190,33.6926,35.6628,34.9766,36.8280,37.9049
2026-05-27,32.6900,33.3200,32.5900,32.6800,13661100,CMG,32.7315,32.9266,33.2912,33.6533,35.6197,34.9313,36.7842,37.8530
2026-05-28,32.4200,32.6200,31.8200,32.3000,14973200,CMG,32.7030,32.8784,33.2514,33.6049,35.5690,34.8816,36.7382,37.7990
2026-05-29,31.8600,32.6700,31.8400,32.3700,29861400,CMG,32.5965,32.7814,33.2358,33.5365,35.5051,34.8218,36.6834,37.7399
2026-06-01,30.5500,32.2400,30.4800,32.0000,32465900,CMG,32.4750,32.5689,33.1880,33.4194,35.4244,34.7372,36.6187,37.6683
2026-06-02,29.2600,30.1900,29.1000,30.1200,25825900,CMG,32.3390,32.2538,33.1058,33.2563,35.3283,34.6287,36.5492,37.5847
2026-06-03,28.7400,29.1700,28.1600,28.5100,25860400,CMG,32.1605,31.9191,33.0134,33.0791,35.2239,34.5121,36.4727,37.4967
2026-06-04,28.1800,29.5700,28.0400,29.1000,29169300,CMG,31.9325,31.5630,32.9218,32.8870,35.1046,34.3867,36.3967,37.4040
2026-06-05,29.3400,30.2700,28.9500,29.0900,40707100,CMG,31.7360,31.3513,32.8586,32.7479,34.9946,34.2868,36.3271,37.3237
2026-06-08,29.2700,29.6200,28.7100,29.0000,16243000,CMG,31.5750,31.1531,32.8006,32.6115,34.8932,34.1875,36.2581,37.2436
2026-06-09,29.8800,30.2400,29.1000,29.2200,24500800,CMG,31.4730,31.0318,32.7810,32.5044,34.7861,34.1022,36.1930,37.1703
2026-06-10,30.4200,30.8100,29.7700,30.1000,16672100,CMG,31.3605,30.9736,32.7662,32.4227,34.6867,34.0292,36.1269,37.1031
2026-06-11,31.2500,31.3200,29.9500,30.4000,16287500,CMG,31.3175,30.9999,32.7510,32.3767,34.5996,33.9742,36.0694,37.0449
2026-06-12,32.2300,32.5900,31.5000,31.5000,20467400,CMG,31.3245,31.1170,32.7430,32.3709,34.5319,33.9397,36.0179,36.9970
2026-06-15,32.7300,33.0600,32.4200,32.6400,19527200,CMG,31.3285,31.2707,32.7344,32.3850,34.4520,33.9157,35.9683,36.9545
2026-06-16,32.6100,33.4500,32.5700,32.6900,14923900,CMG,31.2715,31.3982,32.7166,32.3938,34.3727,33.8899,35.9193,36.9113
2026-06-17,31.8600,32.5100,31.6300,32.1200,14532100,CMG,31.2125,31.4422,32.6926,32.3729,34.2826,33.8497,35.8679,36.8610
2026-06-18,32.4900,32.8200,31.6300,31.8600,31478900,CMG,31.1890,31.5420,32.6666,32.3775,34.2103,33.8227,35.8216,36.8176
2026-06-22,30.5400,32.3300,30.4500,32.2500,18457800,CMG,31.0760,31.4466,32.5926,32.3054,34.1192,33.7577,35.7654,36.7551
2026-06-23,30.9500,31.4000,30.7200,30.8900,14234800,CMG,30.9790,31.3993,32.5298,32.2523,34.0371,33.7021,35.7131,36.6973
2026-06-24,31.6900,31.7900,31.1000,31.2300,14150400,CMG,30.9480,31.4270,32.4718,32.2302,33.9630,33.6623,35.6662,36.6475
2026-06-25,32.2800,32.4200,31.6000,31.8400,21770700,CMG,30.9275,31.5082,32.4190,32.2322,33.8971,33.6349,35.6294,36.6040
2026-06-26,33.3400,33.5900,32.2600,32.3000,63066800,CMG,30.9735,31.6827,32.3808,32.2756,33.8454,33.6291,35.5988,36.5716
2026-06-29,32.9700,33.3300,32.5100,33.2700,17337900,CMG,31.0290,31.8053,32.3386,32.3029,33.7834,33.6160,35.5701,36.5357
2026-06-30,34.0000,34.0200,32.7200,33.0000,16568100,CMG,31.2015,32.0143,32.3020,32.3694,33.7241,33.6236,35.5453,36.5105
2026-07-01,35.0000,35.0900,33.9600,33.9600,17006800,CMG,31.4885,32.2986,32.2854,32.4726,33.6896,33.6509,35.5271,36.4955
2026-07-02,35.3900,35.4700,34.8900,35.2100,15078100,CMG,31.8210,32.5931,32.2722,32.5870,33.6496,33.6853,35.5112,36.4845
2026-07-06,33.9800,35.3500,33.7800,35.1700,17039700,CMG,32.1110,32.7251,32.2496,32.6416,33.5935,33.6912,35.4846,36.4596
2026-07-07,34.3500,35.3800,34.2400,34.6900,15445800,CMG,32.3615,32.8799,32.2586,32.7086,33.5526,33.7042,35.4580,36.4386
2026-07-08,33.4300,34.0200,33.0000,34.0200,15482900,CMG,32.5695,32.9323,32.2430,32.7369,33.5147,33.6988,35.4261,36.4086
2026-07-09,34.6000,34.6200,33.0000,33.4300,15643900,CMG,32.8055,33.0911,32.2622,32.8100,33.5023,33.7166,35.4025,36.3906
2026-07-10,35.2500,35.7800,34.6500,34.9600,12960100,CMG,33.0470,33.2967,32.3098,32.9056,33.4918,33.7470,35.3781,36.3793
2026-07-13,36.6300,37.0700,36.0200,36.1300,20685700,CMG,33.3160,33.6142,32.3826,33.0517,33.4793,33.8041,35.3628,36.3818
2026-07-14,36.4300,37.0900,36.2100,36.6000,17566500,CMG,33.5260,33.8823,32.4314,33.1842,33.4564,33.8561,35.3472,36.3823
2026-07-15,34.6300,36.7700,34.5500,36.7700,20098700,CMG,33.6210,33.9536,32.4644,33.2409,33.4230,33.8714,35.3237,36.3648
2026-07-16,34.2000,34.9200,33.9100,34.6100,17683200,CMG,33.7005,33.9770,32.5088,33.2785,33.3896,33.8779,35.2943,36.3433
2026-07-17,34.4400,35.4700,34.3100,34.7200,19855400,CMG,33.8295,34.0211,32.5514,33.3240,33.3679,33.8890,35.2670,36.3243
2026-07-20,33.1300,34.1600,32.7300,34.1500,19719800,CMG,33.8615,33.9362,32.5592,33.3164,33.3343,33.8740,35.2367,36.2926
2026-07-21,33.3200,33.6900,32.2100,32.5500,11292800,CMG,34.0005,33.8776,32.5602,33.3166,33.2925,33.8630,35.2085,36.2630
2026-07-22,32.2000,33.3700,31.8800,33.3700,20337500,CMG,34.0630,33.7178,32.5544,33.2728,33.2340,33.8301,35.1681,36.2226
2026-07-23,32.0100,32.2400,31.4700,31.7400,18715600,CMG,34.0790,33.5551,32.5562,33.2233,33.1819,33.7941,35.1194,36.1806
2026-07-24,31.7900,32.4500,31.5800,32.4500,12106100,CMG,34.0545,33.3870,32.5386,33.1671,33.1329,33.7544,35.0702,36.1369
2026-07-27,33.2000,33.3800,32.5100,32.9000,13238400,CMG,34.0475,33.3692,32.5604,33.1684,33.0956,33.7434,35.0314,36.1077
2026-07-28,33.5100,34.1600,33.1000,33.8100,13816100,CMG,34.0745,33.3826,32.5888,33.1817,33.0636,33.7388,34.9941,36.0819
2026-07-29,34.2400,34.5100,33.6100,33.6500,18926300,CMG,34.0865,33.4643,32.6206,33.2232,33.0354,33.7487,34.9608,36.0635
2026-07-30,38.5200,39.0900,36.2500,36.6400,35584400,CMG,34.2625,33.9458,32.7160,33.4310,33.0669,33.8432,34.9543,36.0880
2026-07-31,37.2200,38.4500,37.1800,37.9700,14354500,CMG,34.3540,34.2576,32.7996,33.5796,33.0862,33.9101,34.9359,36.0993
2026-08-03,37.4600,38.3500,36.8700,38.3500,15259300,CMG,34.5280,34.5626,32.8896,33.7317,33.1136,33.9803,34.9127,36.1128
2026-08-04,33.8200,37.6500,33.7900,37.4600,51798200,CMG,34.5015,34.4919,32.9100,33.7352,33.1133,33.9772,34.8730,36.0900
2026-08-05,34.5000,35.2300,34.0200,34.6500,26643500,CMG,34.5550,34.4927,32.9422,33.7652,33.1327,33.9875,34.8367,36.0742
2026-08-06,33.7100,34.1600,33.4000,34.1600,16690900,CMG,34.5105,34.4181,32.9702,33.7630,33.1446,33.9820,34.7959,36.0506
2026-08-07,32.7900,33.4100,32.7400,33.3500,18463900,CMG,34.3875,34.2631,32.9722,33.7249,33.1317,33.9584,34.7517,36.0182
2026-08-10,32.1400,32.9200,32.0800,32.6200,15586200,CMG,34.1630,34.0609,32.9666,33.6627,33.1090,33.9224,34.7006,35.9796
2026-08-11,32.0000,32.2400,31.6400,32.0100,15887100,CMG,33.9415,33.8646,32.9694,33.5975,33.1026,33.8844,34.6526,35.9400
2026-08-12,32.6400,33.0000,32.1200,32.4500,17649000,CMG,33.8420,33.7480,33.0112,33.5600,33.0996,33.8597,34.6068,35.9072
2026-08-13,32.6100,33.4500,32.5200,32.7000,15620055,CMG,33.7625,33.6396,33.0782,33.5227,33.0920,33.8350,34.5639,35.8744
