Date,Close,High,Low,Open,Volume,Ticker,SMA_20,EMA_20,SMA_50,EMA_50,SMA_100,EMA_100,SMA_200,EMA_200
2021-09-29,428.1490,432.1387,425.4102,426.3295,1922000,COST,,428.1490,,428.1490,,428.1490,,428.1490
2021-09-30,425.8368,431.5323,425.7894,429.8833,1836400,COST,,427.9288,,428.0583,,428.1032,,428.1260
2021-10-01,424.8701,427.4762,417.6963,426.1969,1860700,COST,,427.6375,,427.9333,,428.0392,,428.0936
2021-10-04,417.1086,425.8367,413.3464,424.8795,2264000,COST,,426.6348,,427.5088,,427.8228,,427.9843
2021-10-05,422.8895,425.6093,416.2652,416.5780,1808700,COST,,426.2781,,427.3277,,427.7251,,427.9336
2021-10-06,425.8272,426.2442,419.2314,420.7003,1334600,COST,,426.2351,,427.2688,,427.6875,,427.9127
2021-10-07,429.1725,435.5408,428.4144,432.5841,1966200,COST,,426.5149,,427.3435,,427.7169,,427.9252
2021-10-08,428.2059,431.9018,426.4527,431.6080,1545800,COST,,426.6759,,427.3773,,427.7266,,427.9280
2021-10-11,426.1684,429.9496,426.0168,426.4906,1011700,COST,,426.6276,,427.3299,,427.6957,,427.9105
2021-10-12,423.4865,429.1536,422.4251,426.5948,1380900,COST,,426.3284,,427.1792,,427.6124,,427.8665
2021-10-13,421.9986,426.9360,420.8329,425.0690,1621500,COST,,425.9161,,426.9760,,427.5012,,427.8081
2021-10-14,427.0781,428.0637,423.1358,423.7139,1480400,COST,,426.0267,,426.9800,,427.4928,,427.8008
2021-10-15,428.7177,430.1865,425.6756,430.1392,1494800,COST,,426.2830,,427.0482,,427.5171,,427.8099
2021-10-18,437.7774,438.1565,425.0312,426.0831,2141300,COST,,427.3777,,427.4689,,427.7203,,427.9091
2021-10-19,442.6389,442.7148,436.2232,438.7725,1365300,COST,,428.8312,,428.0638,,428.0157,,428.0557
2021-10-20,445.1881,447.7753,443.3591,444.0036,1352900,COST,,430.3890,,428.7354,,428.3557,,428.2261
2021-10-21,452.2578,452.6558,444.5343,445.1882,1423300,COST,,432.4717,,429.6578,,428.8290,,428.4653
2021-10-22,456.7687,459.6497,453.5277,453.9257,1710300,COST,,434.7857,,430.7210,,429.3823,,428.7469
2021-10-25,464.4544,466.4540,454.4091,456.7688,1903400,COST,,437.6113,,432.0439,,430.0768,,429.1022
2021-10-26,460.1235,462.7011,456.0485,456.9014,2378600,COST,434.4359,439.7553,,433.1450,,430.6718,,429.4109
2021-10-27,463.5162,465.7811,458.2566,458.5314,1741800,COST,436.2042,442.0183,,434.3360,,431.3222,,429.7502
2021-10-28,465.6139,466.8479,461.7697,462.2253,1362400,COST,438.1931,444.2655,,435.5626,,432.0012,,430.1071
2021-10-29,466.5726,469.0690,461.9404,462.0543,2471600,COST,440.2782,446.3900,,436.7787,,432.6858,,430.4699
2021-11-01,466.8858,469.7525,462.4531,469.0500,1548700,COST,442.7671,448.3419,,437.9594,,433.3630,,430.8323
2021-11-02,471.7457,474.1187,467.6926,469.6100,2012200,COST,445.2099,450.5709,,439.2843,,434.1231,,431.2394
2021-11-03,476.8145,477.4125,470.5687,475.8748,1856000,COST,447.7593,453.0703,,440.7561,,434.9684,,431.6928
2021-11-04,489.4294,493.7863,480.3076,481.2568,2615000,COST,450.7721,456.5330,,442.6649,,436.0469,,432.2673
2021-11-05,487.0564,491.5937,482.7945,488.6226,2071700,COST,453.7146,459.4400,,444.4057,,437.0570,,432.8125
2021-11-08,478.2193,487.3317,474.7927,487.3317,2834800,COST,456.3172,461.2285,,445.7317,,437.8721,,433.2643
2021-11-09,482.8704,483.2406,478.4566,479.4627,1881800,COST,459.2864,463.2897,,447.1881,,438.7631,,433.7579
2021-11-10,479.8330,484.4366,478.1814,482.4433,1226600,COST,462.1781,464.8652,,448.4683,,439.5764,,434.2164
2021-11-11,486.1642,486.4679,478.4376,480.4879,1227300,COST,465.1324,466.8937,,449.9466,,440.4989,,434.7333
2021-11-12,490.9007,493.2642,487.1609,488.1291,1780200,COST,468.2416,469.1801,,451.5526,,441.4970,,435.2921
2021-11-15,493.4826,496.5295,491.6981,492.1537,1392300,COST,471.0268,471.4946,,453.1970,,442.5264,,435.8711
2021-11-16,499.9656,501.4654,491.1285,493.4351,1690700,COST,473.8931,474.2061,,455.0310,,443.6638,,436.5089
2021-11-17,499.5575,503.7815,497.8680,500.7061,1609400,COST,476.6116,476.6205,,456.7772,,444.7706,,437.1362
2021-11-18,502.4812,503.8386,495.9507,501.3326,1664200,COST,479.1228,479.0835,,458.5695,,445.9134,,437.7864
2021-11-19,506.6766,508.0910,501.1902,506.9519,1909800,COST,481.6182,481.7114,,460.4560,,447.1166,,438.4719
2021-11-22,512.2390,517.7159,505.2813,506.2305,2190500,COST,484.0074,484.6188,,462.4867,,448.4062,,439.2059
2021-11-23,517.5640,518.0955,506.6576,510.6348,2147000,COST,486.8794,487.7564,,464.6466,,449.7756,,439.9856
2021-11-24,521.8069,522.8510,515.7225,517.8297,2316400,COST,489.7940,490.9993,,466.8882,,451.2020,,440.7997
2021-11-26,518.3898,526.3821,516.6622,521.6360,1844800,COST,492.4328,493.6079,,468.9079,,452.5325,,441.5718
2021-11-29,526.6953,532.2956,514.8586,518.3897,2919100,COST,495.4389,496.7591,,471.1740,,454.0010,,442.4188
2021-11-30,511.9827,528.8690,508.6699,523.0124,4244200,COST,497.6937,498.2090,,472.7744,,455.1492,,443.1110
2021-12-01,502.9272,520.4021,502.5096,515.5136,2877100,COST,499.2528,498.6583,,473.9568,,456.0953,,443.7062
2021-12-02,498.8172,503.9428,487.9297,492.1727,3277500,COST,500.3529,498.6735,,474.9318,,456.9412,,444.2545
2021-12-03,502.0634,510.1981,498.1147,503.0695,2984400,COST,500.9846,498.9963,,475.9957,,457.8348,,444.8297
2021-12-06,506.1166,508.8218,500.7725,505.2148,2432900,COST,501.9377,499.6744,,477.1770,,458.7908,,445.4396
2021-12-07,514.4885,515.4187,507.5498,510.9099,2579800,COST,503.7511,501.0853,,478.6402,,459.8938,,446.1266
2021-12-08,503.1835,519.9655,498.8552,518.4658,3037500,COST,504.7668,501.2851,470.6555,479.6026,,460.7510,,446.6943
2021-12-09,497.6970,505.2906,497.1939,501.9399,3200500,COST,505.6600,500.9434,472.0465,480.3122,,461.4826,,447.2018
2021-12-10,530.4353,532.7609,507.4550,507.5500,6333600,COST,507.8735,503.7521,474.1385,482.2778,,462.8480,,448.0300
2021-12-13,528.9164,531.3180,520.1458,522.4809,3415200,COST,509.7743,506.1487,476.2194,484.1068,,464.1563,,448.8349
2021-12-14,517.6399,528.8690,510.2645,528.1951,3494400,COST,510.9822,507.2431,478.2300,485.4218,,465.2154,,449.5195
2021-12-15,536.7569,537.7156,517.8203,518.4657,2937100,COST,512.8217,510.0540,480.5074,487.4350,,466.6320,,450.3875
2021-12-16,524.5596,537.7726,521.5412,536.1019,2683000,COST,514.0718,511.4355,482.4820,488.8908,,467.7791,,451.1256
2021-12-17,519.7946,528.2045,513.5013,521.4177,5752000,COST,514.9375,512.2316,484.2945,490.1027,,468.8091,,451.8088
2021-12-20,520.6962,521.2468,510.7011,514.5928,2033600,COST,515.6385,513.0377,486.1443,491.3025,,469.8366,,452.4943
2021-12-21,517.7253,523.7528,508.8502,522.5378,2472800,COST,515.9128,513.4842,487.9754,492.3387,,470.7849,,453.1433
2021-12-22,521.7499,522.0632,512.3813,517.6779,1454500,COST,516.1221,514.2714,489.9407,493.4921,,471.7941,,453.8260
2021-12-23,522.4142,524.5405,519.6805,523.7147,1757800,COST,516.1525,515.0469,491.9490,494.6263,,472.7965,,454.5085
2021-12-27,534.8491,537.0038,523.4302,523.5251,2262900,COST,516.9754,516.9328,494.1044,496.2036,,474.0252,,455.3079
2021-12-28,535.9596,537.8580,532.2197,534.8110,1155000,COST,517.4387,518.7449,496.2493,497.7627,,475.2516,,456.1104
2021-12-29,538.9304,542.4614,534.8773,537.6300,1753000,COST,518.7860,520.6673,498.2723,499.3771,,476.5126,,456.9345
2021-12-30,535.2666,540.9334,533.8048,540.6012,1338700,COST,520.4030,522.0577,500.1249,500.7845,,477.6761,,457.7139
2021-12-31,538.8641,539.3862,530.6345,534.7920,1509200,COST,522.4054,523.6583,501.9984,502.2779,,478.8877,,458.5213
2022-01-03,537.9244,538.6458,527.2933,536.3298,2714100,COST,524.1984,525.0170,503.7117,503.6758,,480.0567,,459.3114
2022-01-04,535.5703,539.8322,533.2542,535.5703,2097500,COST,525.6711,526.0221,505.2877,504.9265,,481.1560,,460.0702
2022-01-05,521.9873,536.3488,521.8450,535.0579,2887500,COST,526.0460,525.6378,506.4384,505.5956,,481.9646,,460.6863
2022-01-06,521.8734,525.4044,515.9408,518.4562,2503100,COST,526.9805,525.2793,507.6734,506.2339,,482.7548,,461.2951
2022-01-07,508.9451,520.5159,507.1036,519.7376,2323900,COST,527.5429,523.7237,508.5820,506.3402,,483.2735,,461.7693
2022-01-10,492.4479,503.4682,482.6711,502.4051,4916800,COST,525.6436,520.7450,509.1187,505.7954,,483.4551,,462.0745
2022-01-11,495.5139,495.9315,484.3702,492.4479,2457300,COST,523.9734,518.3421,509.6975,505.3922,,483.6939,,462.4073
2022-01-12,499.0924,503.1076,495.4949,495.5139,1729500,COST,523.0461,516.5088,510.3416,505.1452,,483.9988,,462.7723
2022-01-13,490.6255,502.1773,489.0592,500.8389,2428100,COST,520.7395,514.0437,510.7192,504.5758,,484.1301,,463.0494
2022-01-14,477.4410,486.9235,476.3684,485.5852,3872500,COST,518.3836,510.5577,510.7317,503.5117,,483.9976,,463.1926
2022-01-18,463.2788,469.9328,462.1303,469.3442,3801900,COST,515.5578,506.0550,510.2087,501.9339,,483.5873,,463.1935
2022-01-19,465.2627,471.0338,462.3581,465.0064,2709400,COST,512.7861,502.1700,509.7729,500.4958,,483.2245,,463.2141
2022-01-20,458.2955,474.4890,457.3653,465.8227,2893700,COST,509.8146,497.9915,509.3744,498.8409,,482.7308,,463.1651
2022-01-21,457.1469,469.4866,456.8717,457.4412,3295600,COST,506.5845,494.1015,508.8599,497.2059,,482.2242,,463.1052
2022-01-24,464.0667,465.0824,445.1870,451.3948,4412600,COST,503.6671,491.2410,508.5446,495.9063,,481.8647,,463.1148
2022-01-25,453.0749,458.1247,448.3763,455.5239,3076800,COST,499.5784,487.6062,507.8828,494.2266,,481.2946,,463.0149
2022-01-26,458.9125,468.7842,454.4512,458.6847,3074900,COST,495.7260,484.8734,507.2430,492.8418,,480.8514,,462.9741
2022-01-27,458.0107,470.6067,455.9130,462.1872,2372300,COST,491.6800,482.3151,506.5336,491.4758,,480.3991,,462.9247
2022-01-28,467.4174,467.7022,451.7270,459.1688,1918500,COST,488.2876,480.8963,505.8826,490.5324,,480.1420,,462.9694
2022-01-31,479.4723,480.6968,465.7088,467.0092,2480700,COST,485.3180,480.7606,505.4809,490.0986,,480.1287,,463.1336
2022-02-01,482.5857,483.7912,471.6983,479.3489,2347200,COST,482.5510,480.9345,505.0830,489.8040,,480.1774,,463.3272
2022-02-02,495.5044,497.3743,484.4177,485.1486,2547600,COST,480.5478,482.3221,504.8596,490.0276,,480.4809,,463.6473
2022-02-03,496.0178,500.4573,488.8309,490.4185,2665100,COST,479.2493,483.6264,504.5352,490.2625,,480.7886,,463.9694
2022-02-04,494.1165,496.2364,485.5892,492.5384,2387400,COST,477.8614,484.6255,504.0662,490.4136,,481.0525,,464.2694
2022-02-07,490.4279,496.2364,488.8498,495.5709,1863600,COST,476.9356,485.1781,503.4386,490.4142,,481.2381,,464.5297
2022-02-08,495.4283,497.5577,485.3039,490.4279,1462000,COST,477.0846,486.1543,502.9794,490.6108,,481.5191,,464.8371
2022-02-09,502.7294,507.8723,499.7348,501.9403,2256700,COST,477.4454,487.7329,502.5001,491.0860,,481.9391,,465.2142
2022-02-10,492.8901,498.5845,489.3443,495.1622,2558900,COST,477.1353,488.2240,502.1182,491.1568,,482.1560,,465.4896
2022-02-11,484.5150,495.6185,482.3380,492.8141,2349700,COST,476.8297,487.8708,501.7500,490.8963,,482.2027,,465.6789
2022-02-14,481.5585,486.2832,476.6912,483.8685,1749600,COST,477.0356,487.2696,501.4048,490.5301,,482.1899,,465.8369
2022-02-15,488.5552,490.5326,485.5512,488.0039,1984600,COST,478.2994,487.3921,501.1346,490.4527,,482.3160,,466.0629
2022-02-16,487.1102,489.1540,476.9477,486.2450,1770800,COST,479.3918,487.3652,500.7545,490.3216,,482.4109,,466.2724
2022-02-17,489.5914,492.6335,482.0052,484.4864,2022800,COST,480.9566,487.5772,500.2566,490.2930,,482.5531,,466.5044
2022-02-18,487.3668,492.3387,485.1423,489.4773,2154700,COST,482.4676,487.5572,499.9402,490.1782,485.2979,482.6484,,466.7120
2022-02-22,477.3947,489.1827,473.5731,484.8287,2451800,COST,483.1340,486.5893,499.5342,489.6769,485.7904,482.5444,,466.8183
2022-02-23,470.8162,482.8989,470.3599,478.1171,2021400,COST,484.0210,485.0871,498.3418,488.9373,486.2401,482.3121,,466.8580
2022-02-24,480.6267,481.5489,459.1422,459.4179,2859800,COST,485.1068,484.6623,497.3760,488.6114,486.7977,482.2788,,466.9950
2022-02-25,491.9490,492.6715,480.3131,483.4787,2003000,COST,486.8037,485.3563,496.8622,488.7423,487.5461,482.4703,,467.2433
2022-02-28,493.6221,493.9834,486.0645,488.9164,2408900,COST,488.1139,486.1435,495.9995,488.9336,488.2534,482.6911,,467.5058
2022-03-01,497.1205,503.2331,493.5651,493.8218,2316000,COST,488.9963,487.1889,495.4507,489.2547,488.9664,482.9768,,467.8005
2022-03-02,501.9402,506.7791,494.1165,498.1377,2571500,COST,489.9640,488.5938,495.0936,489.7521,489.6941,483.3523,,468.1402
2022-03-03,506.7409,512.3592,503.4041,508.1098,3851800,COST,490.5259,490.3221,494.8145,490.4184,490.4794,483.8155,,468.5243
2022-03-04,499.5636,503.7655,486.5208,493.8598,4417900,COST,490.7032,491.2023,494.4513,490.7770,491.2134,484.1273,,468.8331
2022-03-07,502.4346,518.3768,497.5862,497.6148,3896900,COST,491.1191,492.2720,494.0650,491.2342,492.0028,484.4898,,469.1675
2022-03-08,497.5292,513.0913,496.6261,500.2481,3649700,COST,491.4741,492.7727,493.5673,491.4810,492.7581,484.7480,,469.4497
2022-03-09,501.6075,504.6590,490.2568,501.5790,2789700,COST,491.7831,493.6141,492.9025,491.8782,493.5034,485.0819,,469.7697
2022-03-10,506.4273,507.9959,492.5670,497.2916,1777700,COST,491.9680,494.8344,492.3118,492.4487,494.2805,485.5046,,470.1344
2022-03-11,501.3888,515.8671,500.4476,510.1347,1735100,COST,492.3929,495.4586,491.5610,492.7993,494.9166,485.8191,,470.4454
2022-03-14,499.9915,508.8895,497.7004,501.7217,1950000,COST,493.1667,495.8903,490.8555,493.0813,495.4902,486.0998,,470.7394
2022-03-15,515.5534,517.0079,501.8641,503.8415,2547900,COST,494.8665,497.7630,490.3893,493.9626,496.1938,486.6830,,471.1853
2022-03-16,516.5706,524.3944,505.0393,517.6544,3017200,COST,496.2673,499.5542,489.9622,494.8492,496.8370,487.2748,,471.6369
2022-03-17,525.5067,525.8679,516.3900,516.5326,1974200,COST,498.1871,502.0259,489.7609,496.0514,497.5243,488.0319,,472.1729
2022-03-18,533.6443,534.7851,522.3887,525.6685,3597800,COST,500.3897,505.0372,489.9941,497.5257,498.2162,488.9351,,472.7846
2022-03-21,528.1115,538.7777,523.6530,532.4940,3136900,COST,502.4270,507.2347,490.1188,498.7251,498.8961,489.7109,,473.3351
2022-03-22,531.8095,532.6936,525.0695,529.4710,1777500,COST,505.1477,509.5752,490.5761,500.0225,499.5790,490.5445,,473.9169
2022-03-23,526.6760,533.0168,524.6701,529.4614,1546800,COST,507.9407,511.2038,491.2607,501.0678,500.1897,491.2600,,474.4419
2022-03-24,530.5641,530.7067,522.1128,528.0924,1614200,COST,510.4376,513.0477,491.9617,502.2245,500.8296,492.0383,,475.0003
2022-03-25,528.2828,532.7698,523.0732,532.1899,1974900,COST,512.2543,514.4986,492.5455,503.2464,501.4435,492.7560,,475.5305
2022-03-28,537.3139,537.3614,526.1818,529.2619,2056100,COST,514.4388,516.6715,493.4792,504.5824,502.0992,493.6383,,476.1453
2022-03-29,541.8483,543.0271,536.6673,539.9660,2005400,COST,516.6752,519.0693,494.7674,506.0438,502.7496,494.5930,,476.7990
2022-03-30,548.0179,549.7101,540.5269,542.7704,2086500,COST,518.9791,521.8263,496.4622,507.6898,503.3355,495.6509,,477.5077
2022-03-31,547.4286,557.3819,547.1054,550.1380,3439800,COST,521.0135,524.2646,498.1055,509.2482,503.9392,496.6762,,478.2034
2022-04-01,547.1625,554.2162,544.0634,548.8831,1933500,COST,523.3934,526.4454,499.8828,510.7350,504.6286,497.6759,,478.8895
2022-04-04,546.7441,551.0790,543.2647,545.6128,2201800,COST,525.6089,528.3786,501.6748,512.1472,505.2673,498.6476,,479.5647
2022-04-05,546.9249,555.1574,543.8638,544.3296,1826800,COST,528.0787,530.1449,503.3319,513.5110,505.9383,499.6036,,480.2350
2022-04-06,555.9274,557.8382,542.2191,545.6985,2646200,COST,530.7947,532.6004,505.3890,515.1744,506.6359,500.7189,,480.9881
2022-04-07,578.0393,582.0511,559.7204,563.0571,4804200,COST,534.3753,536.9279,507.7715,517.6397,507.5073,502.2500,,481.9538
2022-04-08,570.4246,577.9917,568.2286,576.4517,3230200,COST,537.8271,540.1180,510.0198,519.7097,508.2767,503.6000,,482.8341
2022-04-11,555.8134,571.3374,554.0357,569.2365,2792700,COST,540.6182,541.6128,511.7877,521.1255,508.8352,504.6339,,483.5603
2022-04-12,552.6665,562.5247,550.1949,557.7335,2142000,COST,542.4738,542.6656,513.2516,522.3624,509.3663,505.5851,,484.2479
2022-04-13,561.9164,564.1979,553.7218,553.7218,2211800,COST,544.7411,544.4990,514.8382,523.9135,509.9606,506.7005,,485.0207
2022-04-14,561.2509,566.8502,558.0757,562.5723,2206200,COST,546.5283,546.0944,516.1531,525.3777,510.5064,507.7807,,485.7792
2022-04-18,553.3890,562.8860,550.9934,556.4881,2161900,COST,547.5156,546.7891,517.3006,526.4762,510.9179,508.6839,,486.4520
2022-04-19,564.9679,565.4718,553.2750,554.5583,2327800,COST,549.3584,548.5204,518.7176,527.9857,511.3919,509.7984,,487.2332
2022-04-20,573.7424,575.4060,567.8198,569.5785,1793300,COST,551.4550,550.9225,520.3839,529.7801,511.9113,511.0646,,488.0940
2022-04-21,562.5344,579.1136,561.9735,577.3074,2027900,COST,553.2479,552.0284,521.7260,531.0646,512.3527,512.0838,,488.8347
2022-04-22,543.4835,562.6865,542.8655,561.2129,2878200,COST,553.8939,551.2146,522.5411,531.5516,512.5206,512.7056,,489.3785
2022-04-25,540.1657,542.1811,526.2103,542.1620,3154500,COST,554.4881,550.1623,523.4866,531.8894,512.8024,513.2494,,489.8838
2022-04-26,526.4289,540.2893,526.0011,537.3518,2057400,COST,553.9438,547.9020,524.3249,531.6753,513.0374,513.5103,,490.2475
2022-04-27,526.7331,535.8022,525.5638,528.7389,2261600,COST,553.1881,545.8859,525.2284,531.4814,513.3166,513.7722,,490.6105
2022-04-28,535.1315,537.7976,519.7060,528.9136,2118700,COST,552.5437,544.8617,526.1599,531.6246,513.6473,514.1951,,491.0535
2022-04-29,506.2991,534.7315,504.3757,534.1126,2968000,COST,550.4873,541.1891,526.5437,530.6314,513.6491,514.0388,,491.2052
2022-05-02,503.6615,513.4215,493.4921,506.7847,3303400,COST,548.3122,537.6150,526.8251,529.5738,513.5408,513.8333,,491.3291
2022-05-03,502.8331,508.7272,498.6625,504.6613,2398000,COST,546.1167,534.3024,527.1344,528.5251,513.5373,513.6155,,491.4436
2022-05-04,518.4012,520.0295,497.8149,506.1846,2465200,COST,544.6905,532.7880,527.9545,528.1281,513.7444,513.7102,,491.7118
2022-05-05,492.5875,516.4114,487.6837,515.6782,3977000,COST,541.5235,528.9594,528.3900,526.7344,513.3659,513.2920,,491.7205
2022-05-06,479.2949,491.7496,474.9720,489.8071,3560800,COST,536.5863,524.2295,528.3633,524.8740,512.8697,512.6187,,491.5969
2022-05-09,474.9815,482.8085,470.7062,472.3820,3292700,COST,531.8141,519.5392,528.0240,522.9174,512.4431,511.8735,,491.4316
2022-05-10,477.4858,486.2174,471.9345,485.3319,2729400,COST,527.8977,515.5341,527.7013,521.1358,511.8504,511.1925,,491.2928
2022-05-11,465.6976,483.7130,464.4883,479.8281,2782900,COST,523.5493,510.7878,527.0728,518.9617,511.2618,510.2916,,491.0381
2022-05-12,462.9362,473.4865,456.8232,463.5171,2829500,COST,518.6003,506.2305,526.2927,516.7647,510.6932,509.3539,,490.7585
2022-05-13,473.4960,474.9434,466.1927,469.5349,2338600,COST,514.2125,503.1129,525.6278,515.0679,510.2212,508.6438,,490.5868
2022-05-16,470.8870,473.8864,466.2117,472.4200,1579700,COST,510.0874,500.0438,525.0543,513.3353,509.7528,507.8962,,490.3907
2022-05-17,467.0211,469.9634,457.2707,465.7737,2602800,COST,505.1901,496.8988,524.3460,511.5190,509.2055,507.0868,,490.1582
2022-05-18,408.8708,441.6833,404.2527,438.0079,9511600,COST,496.9465,488.5151,522.5728,507.4936,508.0701,505.1419,,489.3494
2022-05-19,402.7102,409.9468,398.7015,409.7945,5839600,COST,488.9553,480.3432,520.5949,503.3845,506.7487,503.1135,,488.4873
2022-05-20,396.5208,408.3471,387.0751,408.2994,5115000,COST,481.6072,472.3602,518.3968,499.1937,505.3543,501.0028,,487.5722
2022-05-23,408.9470,409.4421,396.7494,399.9202,3687200,COST,475.0462,466.3208,516.5479,495.6546,504.0545,499.1799,,486.7899
2022-05-24,416.7835,417.7547,404.0622,404.4907,3473400,COST,469.5640,461.6030,514.8838,492.5617,502.8696,497.5483,,486.0933
2022-05-25,419.0688,422.0682,410.2325,415.4695,3225100,COST,464.1808,457.5521,512.9541,489.6796,501.6717,495.9942,,485.4264
2022-05-26,442.7593,445.6730,426.1151,427.6290,5917600,COST,459.5622,456.1433,511.4779,487.8396,500.7200,494.9401,,485.0018
2022-05-27,448.2535,452.1766,433.3613,434.9609,5719600,COST,456.6599,455.3919,509.9328,486.2872,499.8469,494.0156,,484.6362
2022-05-31,443.9305,448.2915,436.1321,448.2535,4424500,COST,453.6733,454.3003,508.1385,484.6261,499.0663,493.0238,,484.2311
2022-06-01,435.1418,448.0059,434.8657,446.9394,2319400,COST,450.2888,452.4757,506.2791,482.6856,498.1990,491.8776,,483.7427
2022-06-02,464.2979,467.6496,435.9892,438.8648,4950600,COST,447.5836,453.6016,504.9289,481.9645,497.7525,491.3315,,483.5492
2022-06-03,453.4810,464.8121,452.8525,461.8412,2857400,COST,445.6283,453.5901,503.4650,480.8475,497.3628,490.5820,,483.2500
2022-06-06,449.8817,458.0038,446.4919,457.5277,2297000,COST,444.1576,453.2369,501.8513,479.6331,496.9065,489.7760,,482.9180
2022-06-07,449.2247,451.0815,437.6175,437.9222,2435500,COST,442.8698,452.8548,500.2702,478.4406,496.4078,488.9730,,482.5827
2022-06-08,445.6158,451.7479,444.5684,449.2246,1697000,COST,441.2763,452.1654,498.4362,477.1534,495.9577,488.1145,,482.2149
2022-06-09,449.4818,461.0890,444.8161,444.9970,3087500,COST,440.4655,451.9098,496.5889,476.0682,495.6781,487.3495,,481.8892
2022-06-10,441.1596,445.8063,435.8750,442.7688,2549900,COST,439.3766,450.8860,494.4517,474.6993,495.4569,486.4348,,481.4839
2022-06-13,430.6284,436.7129,427.4385,428.4860,3113400,COST,437.2333,448.9567,492.1157,472.9710,495.1106,485.3298,,480.9779
2022-06-14,433.0565,436.8272,428.7526,430.6284,2224600,COST,435.3417,447.4424,489.8336,471.4057,494.8582,484.2946,,480.5011
2022-06-15,436.8557,442.1594,429.8095,436.5796,2250200,COST,433.8335,446.4341,487.6358,470.0508,494.6553,483.3553,,480.0668
2022-06-16,430.1618,435.8845,426.5530,428.7811,2906600,COST,434.8980,444.8844,485.3006,468.4865,494.3163,482.3019,,479.5702
2022-06-17,425.3342,433.9039,422.0111,429.4858,3623400,COST,436.0292,443.0225,482.6887,466.7943,494.0388,481.1738,,479.0306
2022-06-21,440.9693,442.5975,427.6672,429.0097,2420600,COST,438.2516,442.8269,479.9473,465.7816,493.8594,480.3777,,478.6518
2022-06-22,437.9698,442.5023,436.5797,437.4271,1827500,COST,439.7028,442.3643,477.2982,464.6909,493.6590,479.5380,,478.2471
2022-06-23,452.2907,453.5095,443.4448,444.0733,2030100,COST,441.4781,443.3097,475.2278,464.2046,493.5077,478.9984,,477.9888
2022-06-24,461.2128,461.6508,453.8904,457.0517,2862600,COST,443.5853,445.0148,473.3987,464.0873,493.3251,478.6462,,477.8219
2022-06-27,458.7180,463.9455,454.5284,462.5839,2034700,COST,444.3833,446.3198,471.3347,463.8767,493.0865,478.2516,,477.6318
2022-06-28,446.2063,463.9456,445.5207,460.3844,1754600,COST,444.2809,446.3090,469.0338,463.1838,492.5935,477.6170,,477.3191
2022-06-29,447.3774,450.3578,444.1210,448.4344,1275600,COST,444.4533,446.4108,466.9136,462.5639,492.1071,477.0182,,477.0211
2022-06-30,456.3661,459.0418,442.5022,445.9111,3852400,COST,445.5145,447.3589,464.7416,462.3209,491.7296,476.6093,,476.8156
2022-07-01,462.5364,467.7639,455.1474,458.1753,2660400,COST,445.4264,448.8044,462.5174,462.3293,491.4507,476.3306,,476.6735
2022-07-05,464.9169,467.4306,455.5854,462.3459,2489400,COST,445.9982,450.3389,460.5651,462.4308,491.1455,476.1046,,476.5566
2022-07-06,469.0970,473.2580,464.4598,464.9169,2262300,COST,446.9590,452.1254,459.0774,462.6922,490.8092,475.9658,,476.4823
2022-07-07,471.2870,471.8392,465.8309,468.5351,2125200,COST,448.0621,453.9503,457.6998,463.0293,490.5932,475.8732,,476.4306
2022-07-08,477.5619,481.3516,473.2389,473.5436,2607800,COST,449.6594,456.1990,456.7224,463.5992,490.5237,475.9066,,476.4419
2022-07-11,475.0481,481.3801,471.1822,477.1619,1891100,COST,450.9377,457.9942,455.6887,464.0481,490.4586,475.8896,,476.4280
2022-07-12,467.1163,477.9046,464.7072,473.2484,1775300,COST,452.2355,458.8629,454.3284,464.1685,490.2442,475.7159,,476.3354
2022-07-13,468.6874,473.5436,460.6890,461.1651,2008400,COST,454.1385,459.7986,453.5762,464.3457,490.0599,475.5767,,476.2593
2022-07-14,487.4647,488.7311,470.0205,472.3725,3715600,COST,456.8589,462.4335,453.2523,465.2523,490.0387,475.8121,,476.3708
2022-07-15,497.9482,499.7098,491.1210,492.2065,4265100,COST,459.9135,465.8158,453.1546,466.5345,490.1445,476.2505,487.7212,476.5855
2022-07-18,491.6161,503.2615,491.0163,496.9103,2464100,COST,462.9862,468.2730,452.6189,467.5181,490.2867,476.5547,488.0385,476.7350
2022-07-19,495.3584,500.4527,492.2543,497.4342,2391000,COST,466.4874,470.8526,452.6743,468.6099,490.5321,476.9271,488.3861,476.9203
2022-07-20,499.1386,501.0048,492.1019,496.3391,1740700,COST,469.3959,473.5465,453.0712,469.8071,490.7172,477.3669,488.7575,477.1414
2022-07-21,504.1472,504.4138,496.6629,498.9863,1716100,COST,472.7048,476.4608,453.6545,471.1537,490.8392,477.8972,489.1927,477.4101
2022-07-22,504.3946,511.4313,500.9191,505.3373,1800800,COST,475.3100,479.1212,454.1926,472.4573,490.9469,478.4219,489.6002,477.6786
2022-07-25,503.8424,506.8418,500.8525,506.0134,1452700,COST,477.4414,481.4756,454.9555,473.6881,491.0142,478.9253,489.9903,477.9390
2022-07-26,487.4552,494.8347,484.4368,490.3784,3334800,COST,478.8783,482.0451,455.4459,474.2280,490.8693,479.0942,490.2817,478.0337
2022-07-27,497.3390,500.2051,486.7316,488.5693,2060100,COST,481.4349,483.5016,455.9228,475.1343,490.7753,479.4555,490.6273,478.2258
2022-07-28,511.4270,514.2885,496.2611,496.2611,2083300,COST,484.6374,486.1612,456.7336,476.5575,490.8939,480.0886,491.0536,478.5561
2022-07-29,516.3106,517.0928,507.3446,507.4400,2131500,COST,487.6346,489.0326,457.7194,478.1165,491.0327,480.8059,491.5178,478.9318
2022-08-01,521.5663,527.1939,516.2630,516.4251,2256000,COST,490.5861,492.1310,459.9733,479.8204,491.2731,481.6130,492.0156,479.3560
2022-08-02,518.3710,525.6011,515.8052,518.9147,1984200,COST,493.2589,494.6301,462.2865,481.3322,491.4407,482.3409,492.4721,479.7442
2022-08-03,521.7571,523.3691,517.0928,519.8399,1693300,COST,495.8919,497.2136,464.7912,482.9175,491.5940,483.1214,492.9373,480.1623
2022-08-04,518.1993,521.9383,515.7097,521.7475,2000500,COST,498.2375,499.2122,466.9763,484.3011,491.7621,483.8160,493.3394,480.5407
2022-08-05,515.7098,516.5969,508.7278,512.4382,1711500,COST,500.1449,500.7834,468.9548,485.5328,491.9193,484.4476,493.7047,480.8907
2022-08-08,516.8831,522.2246,513.8022,518.7336,1344100,COST,502.2366,502.3167,470.9111,486.7622,491.9326,485.0899,494.0632,481.2488
2022-08-09,511.0838,519.8400,509.2429,518.5428,1877300,COST,504.4350,503.1517,472.2776,487.7160,491.8777,485.6046,494.3573,481.5457
2022-08-10,514.8990,524.5231,512.4858,519.3438,2336600,COST,506.7456,504.2705,473.6105,488.7820,491.7716,486.1847,494.6480,481.8775
2022-08-11,507.6309,518.3996,507.3352,518.1612,2340200,COST,507.7539,504.5905,474.8845,489.5212,491.5115,486.6093,494.8639,482.1338
2022-08-12,512.4096,513.5447,509.0902,511.4271,1918200,COST,508.4770,505.3352,476.4298,490.4188,491.3545,487.1202,495.1253,482.4350
2022-08-15,520.5551,521.7473,510.9499,511.6367,1848000,COST,509.9239,506.7847,477.5550,491.6006,491.2419,487.7823,495.4105,482.8144
2022-08-16,527.4896,534.1187,523.6265,525.6582,2498000,COST,511.5305,508.7566,479.0352,493.0080,491.2501,488.5686,495.7199,483.2589
2022-08-17,530.6373,533.6228,523.6647,524.6090,1835200,COST,513.1054,510.8405,480.6503,494.4836,491.2508,489.4016,496.0402,483.7303
2022-08-18,535.0632,538.6782,530.7328,533.2509,1619200,COST,514.6512,513.1474,482.3670,496.0750,491.3186,490.3058,496.3811,484.2411
2022-08-19,528.9299,533.4416,527.6327,532.8597,1617000,COST,515.8780,514.6505,484.0333,497.3634,491.2348,491.0707,496.6670,484.6857
2022-08-22,520.2881,527.4705,519.1626,527.4705,1860900,COST,516.7002,515.1874,485.4495,498.2624,491.0192,491.6492,496.8844,485.0400
2022-08-23,517.0451,520.8032,512.0947,520.5457,1359000,COST,518.1797,515.3643,486.9672,498.9990,490.7094,492.1521,497.0224,485.3585
2022-08-24,518.1421,520.0498,514.4603,517.6938,1145800,COST,519.2199,515.6289,488.7174,499.7497,490.4166,492.6668,497.1779,485.6847
2022-08-25,525.3434,525.4769,514.6414,520.5456,1483300,COST,519.9157,516.5541,490.5632,500.7534,490.1984,493.3138,497.4135,486.0793
2022-08-26,507.2683,527.1558,507.1252,524.6090,1886800,COST,519.4636,515.6697,491.9714,501.0089,489.8036,493.5902,497.5355,486.2901
2022-08-29,506.5434,510.7785,499.8094,502.6995,1579900,COST,518.7125,514.8006,493.4991,501.2259,489.3998,493.8467,497.6690,486.4916
2022-08-30,499.9431,511.2651,497.4345,509.6150,1872700,COST,517.7911,513.3856,494.9912,501.1756,488.8400,493.9674,497.7379,486.6255
2022-08-31,497.9971,502.0223,496.2420,501.2783,2179800,COST,516.6031,511.9200,496.1318,501.0510,488.0395,494.0472,497.7734,486.7386
2022-09-01,504.7407,505.1318,493.1612,495.7270,2280600,COST,515.9301,511.2362,497.4672,501.1957,487.3827,494.2589,497.8297,486.9178
2022-09-02,495.1451,510.1490,492.2264,508.1078,1901700,COST,514.9019,509.7038,498.3243,500.9584,486.7760,494.2765,497.8056,486.9996
2022-09-06,494.9447,498.9985,488.8688,496.1465,1933400,COST,513.8050,508.2981,498.9989,500.7226,486.1988,494.2897,497.7825,487.0787
2022-09-07,505.1890,507.1157,494.9448,495.9940,1827900,COST,513.5102,508.0020,499.9284,500.8977,485.6315,494.5055,497.7961,487.2589
2022-09-08,504.6931,508.4226,497.4821,500.1242,1600800,COST,512.9999,507.6869,501.0981,501.0466,485.0660,494.7073,497.7862,487.4324
2022-09-09,511.8085,513.2201,505.0840,507.5543,1930900,COST,513.2088,508.0794,502.3867,501.4686,484.6502,495.0459,497.7840,487.6749
2022-09-12,514.6129,517.5506,512.2092,512.9055,1522400,COST,513.3190,508.7016,503.5516,501.9840,484.1466,495.4334,497.7693,487.9429
2022-09-13,486.7418,507.6689,485.2061,506.2859,2881400,COST,511.6283,506.6102,504.0358,501.3863,483.2766,495.2613,497.5939,487.9310
2022-09-14,484.5480,490.2806,479.8933,490.1375,2007300,COST,509.4812,504.5091,504.4284,500.7260,482.4967,495.0491,497.4247,487.8973
2022-09-15,480.2556,485.5590,477.4228,484.9294,1749600,COST,506.9622,502.1992,504.6516,499.9232,481.8645,494.7562,497.1925,487.8213
2022-09-16,480.8662,483.0600,474.3419,476.5071,3004800,COST,504.2523,500.1675,504.8431,499.1759,481.2715,494.4811,497.0369,487.7521
2022-09-19,483.1839,483.3175,475.8585,478.9775,1441300,COST,501.9650,498.5500,504.9556,498.5488,480.8390,494.2574,496.9382,487.7066
2022-09-20,476.4594,480.1889,470.6410,479.7788,1843100,COST,499.7736,496.4462,504.9838,497.6825,480.3363,493.9050,496.8264,487.5947
2022-09-21,470.3072,483.0504,470.2404,479.3019,2082600,COST,497.4367,493.9567,505.0476,496.6090,479.6880,493.4377,496.6677,487.4227
2022-09-22,464.6796,471.1943,462.0470,471.1943,3133100,COST,494.7636,491.1684,504.9675,495.3568,479.2718,492.8682,496.4605,487.1964
2022-09-23,444.8684,460.0535,442.1309,456.8295,5377800,COST,490.7398,486.7589,504.1155,493.3769,478.6839,491.9177,496.1124,486.7752
2022-09-26,458.1268,461.7609,443.7334,444.3629,4001900,COST,488.2827,484.0320,503.3191,491.9945,478.2368,491.2486,495.8871,486.4902
2022-09-27,456.2191,465.8528,453.4816,463.0772,2412400,COST,485.7665,481.3832,502.6112,490.5916,477.6150,490.5550,495.6797,486.1890
2022-09-28,465.7480,468.8574,452.2989,459.3000,2419500,COST,484.0568,479.8941,502.0190,489.6173,477.3466,490.0637,495.3563,485.9856
2022-09-29,456.8677,466.4347,452.1844,463.1916,1963900,COST,482.0003,477.7011,501.1735,488.3330,477.1224,489.4064,494.9960,485.6958
2022-09-30,450.4675,461.4938,450.0859,458.4702,2436700,COST,479.2866,475.1074,500.1000,486.8481,476.8772,488.6353,494.6601,485.3453
2022-10-03,455.6754,458.6418,448.6837,452.5945,2338500,COST,477.3131,473.2568,499.1256,485.6256,476.6591,487.9826,494.2547,485.0501
2022-10-04,463.6876,465.4904,458.5369,461.4938,2175600,COST,475.7503,472.3454,498.3225,484.7653,476.6390,487.5016,493.9504,484.8375
2022-10-05,458.1459,461.5320,452.8998,459.0806,1587700,COST,473.3981,470.9931,497.7363,483.7214,476.5911,486.9203,493.6421,484.5719
2022-10-06,460.2157,471.0799,459.6721,461.1314,2430700,COST,471.1743,469.9667,496.9938,482.7996,476.4583,486.3915,493.3397,484.3296
2022-10-07,446.5377,456.9917,444.6014,456.1810,2568100,COST,467.9107,467.7353,495.6960,481.3776,476.2148,485.6023,492.9838,483.9536
2022-10-10,444.7826,448.5407,440.2996,448.0066,1616300,COST,464.4192,465.5494,494.2655,479.9425,475.9924,484.7940,492.5990,483.5638
2022-10-11,450.2290,455.2176,442.2932,443.5331,2341400,COST,462.5936,464.0903,492.8387,478.7773,476.4060,484.1095,492.2380,483.2321
2022-10-12,444.8493,457.5925,444.7730,452.4228,2043900,COST,460.6086,462.2578,491.3683,477.4468,476.8274,483.3321,491.7880,482.8502
2022-10-13,446.3850,449.9619,428.3003,437.0375,3390900,COST,458.9151,460.7461,489.8609,476.2287,477.3260,482.6005,491.3402,482.4873
2022-10-14,433.6609,451.5358,432.8406,450.2386,2301600,COST,456.5548,458.1666,488.1701,474.5593,477.5732,481.6314,490.8138,482.0015
2022-10-17,442.7414,445.3263,439.2217,440.3377,2097500,COST,454.5327,456.6975,486.7107,473.3116,477.8328,480.8613,490.3512,481.6109
2022-10-18,451.4213,454.5212,447.1862,451.3545,1864000,COST,453.2808,456.1950,485.4015,472.4531,478.1563,480.2783,489.9140,481.3105
2022-10-19,449.6662,452.9474,445.3931,446.2134,1207600,COST,452.2488,455.5732,484.1731,471.5595,478.2254,479.6721,489.4727,480.9956
2022-10-20,443.1707,450.2863,441.5396,449.2561,1709500,COST,451.1733,454.3920,482.7386,470.4462,478.1745,478.9493,489.0107,480.6192
2022-10-21,456.1046,457.4305,440.9387,442.3027,2508400,COST,451.7351,454.5551,481.7080,469.8838,478.2963,478.4969,488.6813,480.3753
2022-10-24,474.0273,475.0097,458.8041,459.3764,2366200,COST,452.5301,456.4096,480.9404,470.0463,478.6851,478.4084,488.4420,480.3121
2022-10-25,476.0207,477.0985,467.8559,470.5457,2130900,COST,453.5202,458.2773,480.0497,470.2806,478.8023,478.3611,488.2774,480.2694
2022-10-26,476.3927,483.9948,472.8063,475.0096,2088700,COST,454.0525,460.0026,479.0278,470.5203,479.0315,478.3222,488.1971,480.2309
2022-10-27,474.4720,480.6545,472.1787,477.5967,1576600,COST,454.9327,461.3807,477.9045,470.6753,479.2774,478.2459,488.0919,480.1736
2022-10-28,488.1651,490.0285,473.9273,475.1982,2369300,COST,456.8176,463.9316,476.9665,471.3611,479.6668,478.4423,488.0373,480.2531
2022-10-31,479.2116,486.9899,478.2561,486.9899,2192200,COST,457.9944,465.3868,475.9721,471.6690,480.0027,478.4576,487.9802,480.2427
2022-11-01,477.7400,484.8398,477.5680,481.3138,1586300,COST,458.6970,466.5633,475.1212,471.9071,480.2853,478.4434,487.9817,480.2178
2022-11-02,462.0211,480.8742,461.7918,475.6760,2464400,COST,458.8908,466.1307,474.0207,471.5194,480.4939,478.1182,487.9754,480.0368
2022-11-03,464.6776,469.4936,458.3900,459.5080,2010400,COST,459.1138,465.9923,472.9514,471.2511,480.8344,477.8520,487.9725,479.8839
2022-11-04,464.7923,470.7358,455.3131,468.6049,1987300,COST,460.0266,465.8780,471.7404,470.9978,481.1518,477.5934,488.0050,479.7338
2022-11-07,466.8371,468.2226,453.4115,455.8482,2036000,COST,461.1293,465.9694,470.9318,470.8346,481.4516,477.3804,488.0534,479.6054
2022-11-08,470.8600,476.1155,462.9766,468.9202,1709900,COST,462.1608,466.4351,470.2181,470.8356,481.8586,477.2513,488.0874,479.5184
2022-11-09,468.1939,475.4657,465.2221,470.0382,1640500,COST,463.3281,466.6026,469.5831,470.7320,482.2872,477.0720,488.1630,479.4057
2022-11-10,490.3247,491.9682,479.1160,482.5083,3098300,COST,465.5251,468.8619,469.4297,471.5004,482.7807,477.3344,488.3201,479.5144
2022-11-11,492.5607,493.8699,484.1900,490.3247,2393500,COST,468.4701,471.1189,469.1861,472.3263,483.3266,477.6359,488.4928,479.6442
2022-11-14,487.0280,497.5582,486.7796,492.8473,1820200,COST,470.6844,472.6341,469.0237,472.9028,483.6740,477.8219,488.5909,479.7177
2022-11-15,503.0718,506.2538,496.8894,496.8894,2502200,COST,473.2669,475.5329,469.1863,474.0859,484.0926,478.3219,488.7089,479.9500
2022-11-16,500.8168,505.0690,497.0519,498.1412,1833600,COST,475.8244,477.9409,469.0988,475.1342,484.5136,478.7673,488.8000,480.1577
2022-11-17,498.1507,498.5997,490.1622,495.9338,1902500,COST,478.5734,479.8656,468.9680,476.0368,485.0330,479.1511,488.8133,480.3367
2022-11-18,500.3962,506.0053,495.1598,503.4540,1584400,COST,480.7880,481.8209,468.7397,476.9920,485.5632,479.5718,488.8351,480.5363
2022-11-21,500.1097,503.8459,498.8770,502.3743,1268300,COST,482.0921,483.5627,468.4497,477.8986,486.0007,479.9785,488.8651,480.7311
2022-11-22,508.3082,509.1204,503.2724,506.4067,1809100,COST,483.7065,485.9194,468.8810,479.0912,486.4584,480.5395,488.9545,481.0055
2022-11-23,510.7354,512.9427,506.8272,510.2672,1288200,COST,485.4236,488.2829,469.4047,480.3321,486.9166,481.1375,489.0311,481.3013
2022-11-25,509.9422,512.0444,509.3784,510.4199,744200,COST,487.1972,490.3456,469.9985,481.4933,487.3250,481.7078,489.0671,481.5863
2022-11-28,507.3240,512.4171,505.4320,507.2954,1684300,COST,488.1551,491.9626,470.5276,482.5063,487.6854,482.2151,489.1393,481.8424
2022-11-29,505.4512,509.9996,504.5338,507.4387,1685700,COST,489.4671,493.2473,470.9730,483.4061,487.9643,482.6752,489.2440,482.0773
2022-11-30,515.2838,518.4658,498.9343,503.9700,3601800,COST,491.3443,495.3460,471.7494,484.6562,488.3666,483.3209,489.4126,482.4077
2022-12-01,481.4667,496.0676,473.6407,496.0676,6970400,COST,492.3165,494.0241,471.9726,484.5311,488.5101,483.2842,489.3771,482.3983
2022-12-02,472.5514,476.7940,470.2389,476.3640,3632100,COST,492.7102,491.9791,472.1301,484.0613,488.5488,483.0717,489.3044,482.3004
2022-12-05,466.9423,470.8027,463.1869,470.6116,2455300,COST,492.8177,489.5947,472.5716,483.3900,488.3435,482.7523,489.1911,482.1475
2022-12-06,459.7756,469.6274,455.9629,468.8534,2995900,COST,492.4647,486.7547,472.6045,482.4639,487.9618,482.2973,489.0532,481.9249
2022-12-07,460.5496,464.9165,457.5874,457.7976,2072600,COST,491.9491,484.2590,472.6911,481.6045,487.6512,481.8667,488.9689,481.7122
2022-12-08,460.0240,461.8491,452.4560,461.4382,2901000,COST,491.5406,481.9509,472.5767,480.7582,487.2978,481.4341,488.9150,481.4964
2022-12-09,461.5529,468.3086,449.5893,453.9849,4211100,COST,490.1021,480.0082,472.6704,480.0051,486.9220,481.0404,488.8196,481.2980
2022-12-12,466.0058,466.1396,459.3073,461.2758,2276400,COST,488.7743,478.6747,472.9811,479.4561,486.5405,480.7427,488.6899,481.1458
2022-12-13,466.5027,475.8385,460.1482,474.9498,2626700,COST,487.7480,477.5154,473.1977,478.9481,486.1616,480.4607,488.5543,481.0001
2022-12-14,462.0307,469.8376,459.6609,467.1333,2145000,COST,485.6960,476.0407,473.1645,478.2847,485.7435,480.0958,488.3788,480.8114
2022-12-15,443.2922,455.5137,442.5755,454.2142,3437700,COST,482.8198,472.9218,472.8675,476.9124,485.3019,479.3670,488.0856,480.4381
2022-12-16,440.9416,444.1331,436.5747,440.7600,4909200,COST,479.9593,469.8761,472.4820,475.5018,484.7379,478.6061,487.7566,480.0451
2022-12-19,438.2469,442.8144,435.1222,440.4351,1939200,COST,476.8518,466.8638,472.3162,474.0408,484.0061,477.8069,487.4500,479.6292
2022-12-20,437.4729,439.7949,432.4180,436.2689,1993700,COST,473.7200,464.0646,472.1700,472.6068,483.2177,477.0082,487.1252,479.2097
2022-12-21,441.5244,443.0820,435.9249,438.9636,1462400,COST,470.3808,461.9179,471.9959,471.3879,482.4173,476.3056,486.8452,478.8347
2022-12-22,438.3233,439.9382,433.2398,438.2660,1906100,COST,466.7602,459.6708,471.8654,470.0912,481.6168,475.5534,486.5288,478.4316
2022-12-23,442.0882,442.5947,434.5871,437.1862,1229500,COST,463.3675,457.9963,471.7794,468.9931,480.8201,474.8908,486.2071,478.0700
2022-12-27,438.1227,444.0471,436.7944,443.7605,1230800,COST,459.9074,456.1036,471.8687,467.7825,480.0194,474.1627,485.8907,477.6725
2022-12-28,432.8575,439.9955,432.6760,437.2053,1324100,COST,456.2778,453.8897,471.6710,466.4129,479.1908,473.3448,485.5551,477.2266
2022-12-29,436.2401,438.6004,433.3066,435.3801,1465000,COST,452.3256,452.2088,471.3674,465.2296,478.3844,472.6100,485.1585,476.8188
2022-12-30,436.2115,436.4027,430.7171,434.4438,1803200,COST,450.0628,450.6852,471.0983,464.0917,477.6357,471.8893,484.7567,476.4147
2023-01-03,433.1346,438.4093,427.9937,437.6448,1978100,COST,448.0920,449.0137,470.8975,462.8776,476.8181,471.1218,484.2948,475.9841
2023-01-04,436.2689,439.0878,432.4753,436.8613,2097300,COST,446.5583,447.7999,470.5008,461.8342,476.1044,470.4317,483.8080,475.5889
2023-01-05,430.1819,436.1446,429.6372,434.3386,2169300,COST,445.0786,446.1220,469.6239,460.5929,475.2822,469.6347,483.3183,475.1371
2023-01-06,461.4096,462.8907,441.6773,442.4991,5174500,COST,445.1216,447.5780,469.3317,460.6249,474.6907,469.4718,482.9663,475.0005
2023-01-09,457.4727,465.2318,456.8898,461.4669,2384800,COST,444.9941,448.5203,468.9533,460.5013,473.9905,469.2342,482.6203,474.8261
2023-01-10,460.0049,460.6642,454.3480,455.9342,1649900,COST,444.9167,449.6141,468.6640,460.4818,473.2842,469.0514,482.2675,474.6786
2023-01-11,462.7856,462.9862,457.8166,458.9824,1576400,COST,444.7556,450.8685,468.1564,460.5722,472.5614,468.9273,481.9400,474.5603
2023-01-12,460.9891,463.4449,457.4727,463.4353,1628200,COST,444.4800,451.8324,467.7919,460.5885,471.8820,468.7701,481.5584,474.4252
2023-01-13,463.6838,464.0087,457.7116,459.5176,1405900,COST,444.5626,452.9611,467.5108,460.7099,471.3160,468.6694,481.1676,474.3183
2023-01-17,465.1362,468.6813,462.8428,463.5691,1539900,COST,445.6548,454.1206,467.5731,460.8835,470.7969,468.5995,480.7532,474.2270
2023-01-18,458.1607,467.0856,457.2529,463.2633,1925500,COST,446.5158,454.5054,467.4427,460.7767,470.1971,468.3928,480.3068,474.0671
2023-01-19,448.6242,456.3356,447.2674,455.0742,1919500,COST,447.0346,453.9453,467.1194,460.3002,469.4299,468.0013,479.8141,473.8139
2023-01-20,458.7722,458.9729,448.6051,452.8573,2588600,COST,448.0996,454.4050,466.9581,460.2402,468.9449,467.8185,479.3743,473.6643
2023-01-23,470.7166,473.2297,456.3737,458.6193,2709400,COST,449.5592,455.9585,466.9552,460.6511,468.5867,467.8759,478.9932,473.6349
2023-01-24,470.2389,471.6627,465.3656,470.1816,1510200,COST,451.1550,457.3185,466.9961,461.0271,468.2896,467.9227,478.5648,473.6012
2023-01-25,469.0636,470.0765,462.9671,467.6111,1329800,COST,452.5038,458.4371,466.5709,461.3422,468.0003,467.9453,478.0199,473.5560
2023-01-26,476.1538,476.5074,469.9140,471.2805,1576400,COST,454.4053,460.1244,466.2428,461.9231,467.7144,468.1079,477.5486,473.5819
2023-01-27,480.9221,486.4738,475.7334,477.5489,2034100,COST,456.8085,462.1051,466.1206,462.6681,467.5722,468.3616,477.1741,473.6549
2023-01-30,480.9125,483.1294,478.1318,478.1318,1855900,COST,459.0422,463.8963,465.6775,463.3836,467.4319,468.6101,476.8153,473.7271
2023-01-31,488.4232,488.6812,479.6894,480.8647,1924100,COST,461.6527,466.2322,465.4296,464.3655,467.2642,469.0025,476.4479,473.8733
2023-02-01,494.8923,497.3195,482.2885,485.7190,2080200,COST,464.7406,468.9617,465.3644,465.5627,467.1662,469.5151,476.1161,474.0825
2023-02-02,501.0376,507.3744,498.3670,501.8608,2287400,COST,467.9791,472.0166,465.3772,466.9538,467.0585,470.1394,475.8543,474.3507
2023-02-03,492.7768,499.2380,490.5752,496.9216,1844100,COST,471.1088,473.9937,465.2306,467.9665,466.8401,470.5876,475.4934,474.5340
2023-02-06,493.5331,495.0933,490.3551,492.4323,1740100,COST,472.7150,475.8546,464.9351,468.9691,466.9080,471.0420,475.0923,474.7231
2023-02-07,494.4328,495.8303,485.6838,490.0870,1927300,COST,474.5630,477.6240,464.6090,469.9677,467.0069,471.5052,474.7518,474.9192
2023-02-08,482.2570,490.2689,480.1032,489.4170,2062900,COST,475.6756,478.0652,464.0553,470.4496,467.0269,471.7181,474.4457,474.9922
2023-02-09,479.2130,487.3781,477.0976,483.6737,1517300,COST,476.4970,478.1745,463.4931,470.7933,467.0104,471.8665,474.1409,475.0342
2023-02-10,478.6004,479.1364,474.1876,477.1837,1536800,COST,477.3775,478.2151,462.9561,471.0994,466.9645,471.9998,473.9018,475.0697
2023-02-13,484.7841,485.1095,479.9022,480.2755,1452600,COST,478.4326,478.8407,462.3461,471.6361,467.0478,472.2530,473.6920,475.1664
2023-02-14,481.6923,486.1242,477.2986,483.4057,1257300,COST,479.2604,479.1123,462.3506,472.0305,467.1616,472.4399,473.4248,475.2313
2023-02-15,489.4073,489.5414,479.8926,481.2231,1422600,COST,480.8227,480.0928,462.6877,472.7119,467.4089,472.7759,473.3404,475.3723
2023-02-16,482.5345,488.8809,482.0559,482.0654,1456000,COST,482.5182,480.3253,462.9996,473.0971,467.7856,472.9691,473.2347,475.4436
2023-02-17,485.7700,485.9901,480.3713,482.6973,1340400,COST,483.8681,480.8439,463.5195,473.5941,468.0620,473.2226,473.1494,475.5464
2023-02-21,480.2755,482.4293,475.3075,479.3949,1811800,COST,484.3460,480.7897,463.9140,473.8561,468.3026,473.3623,472.9588,475.5934
2023-02-22,476.1116,483.8364,475.3554,482.3623,1332000,COST,484.6397,480.3442,464.2357,473.9445,468.4062,473.4167,472.8764,475.5986
2023-02-23,472.0435,477.5187,466.9893,477.4613,1546300,COST,484.7887,479.5536,464.4455,473.8700,468.5580,473.3895,472.8402,475.5632
2023-02-24,467.7072,469.3823,463.9645,467.6785,1587600,COST,484.3663,478.4254,464.4796,473.6283,468.7304,473.2770,472.8038,475.4850
2023-02-27,466.1948,471.9094,464.9025,471.4786,1501700,COST,483.6300,477.2606,464.4734,473.3368,468.8355,473.1368,472.7473,475.3926
2023-02-28,463.4667,467.9656,463.0838,464.8259,1918200,COST,482.7577,475.9469,464.5021,472.9497,468.8333,472.9453,472.7362,475.2739
2023-03-01,458.1925,461.9352,454.6986,460.5185,1759300,COST,481.2461,474.2560,464.8001,472.3710,468.8338,472.6531,472.7125,475.1040
2023-03-02,464.9121,466.5777,455.2155,456.9385,2379200,COST,479.7471,473.3661,465.2796,472.0785,468.8808,472.4999,472.6695,475.0025
2023-03-03,454.9283,455.6366,445.4231,454.5167,5354200,COST,477.4417,471.6101,465.6132,471.4060,468.9647,472.1519,472.5897,474.8028
2023-03-06,462.4138,467.9082,455.1772,456.1344,3104700,COST,475.9235,470.7343,466.1120,471.0533,469.1410,471.9591,472.5667,474.6795
2023-03-07,464.3953,474.0249,464.2517,465.3046,2659100,COST,474.4666,470.1306,466.5694,470.7922,469.2826,471.8093,472.8443,474.5772
2023-03-08,465.2472,466.0513,460.5568,462.3372,1548500,COST,473.0073,469.6655,467.1079,470.5748,469.4866,471.6793,473.1570,474.4844
2023-03-09,459.0061,469.0378,458.1446,466.6256,1629400,COST,471.8448,468.6503,467.4463,470.1211,469.6128,471.4284,473.4694,474.3303
2023-03-10,450.9846,459.9058,448.3426,458.4892,2123000,COST,470.4334,466.9678,467.7035,469.3707,469.7861,471.0236,473.6796,474.0981
2023-03-13,451.8078,456.2971,446.8302,446.8302,1799600,COST,469.0938,465.5240,468.0825,468.6819,469.8767,470.6431,473.8547,473.8763
2023-03-14,461.3035,464.4049,452.7651,455.0911,2422900,COST,467.9197,465.1221,468.5838,468.3926,469.9756,470.4581,474.0659,473.7512
2023-03-15,464.8834,466.1852,458.0680,460.9109,2226300,COST,467.0793,465.0993,469.1572,468.2549,470.1277,470.3477,474.1765,473.6629
2023-03-16,466.4149,467.2573,462.1075,464.1846,1979600,COST,465.9297,465.2246,469.8228,468.1828,470.3602,470.2698,474.2673,473.5908
2023-03-17,466.2140,468.9420,460.9110,468.1476,3959300,COST,465.1136,465.3189,470.4217,468.1056,470.4613,470.1895,474.3788,473.5174
2023-03-20,468.3582,469.7940,464.9409,467.1233,1623800,COST,464.2430,465.6083,471.1852,468.1155,470.4046,470.1533,474.5448,473.4661
2023-03-21,469.8514,471.9095,465.1993,471.9095,1664000,COST,463.7218,466.0124,471.3541,468.1836,470.3429,470.1473,474.5726,473.4301
2023-03-22,466.6638,475.3745,466.5011,468.5208,1299700,COST,463.2494,466.0745,471.5379,468.1240,470.2456,470.0783,474.6385,473.3628
2023-03-23,466.8936,472.1487,463.5720,469.6982,1565900,COST,462.9920,466.1525,471.6757,468.0757,470.1698,470.0152,474.7236,473.2984
2023-03-24,474.0823,474.7524,465.7449,466.1087,1635200,COST,463.3107,466.9077,471.9016,468.3113,470.0290,470.0958,474.8479,473.3062
2023-03-27,472.1200,478.4759,471.4404,476.0063,1452100,COST,463.6070,467.4041,472.1242,468.4606,469.9581,470.1359,474.9804,473.2944
2023-03-28,465.9459,472.9240,464.6441,471.5360,1407800,COST,463.7309,467.2652,472.1695,468.3620,469.8401,470.0529,475.0627,473.2213
2023-03-29,469.8705,470.2821,465.1132,468.2720,1643000,COST,464.3148,467.5133,472.2641,468.4212,469.9186,470.0493,475.2063,473.1879
2023-03-30,470.4545,474.5322,469.9950,471.9094,1545500,COST,464.5919,467.7935,472.5100,468.5009,469.9764,470.0573,475.4054,473.1607
2023-03-31,475.6139,477.0402,472.8093,473.8239,2082000,COST,465.6262,468.5383,473.0498,468.7798,470.0846,470.1673,475.6182,473.1851
2023-04-03,475.7670,477.8442,473.8239,475.2597,1804700,COST,466.2939,469.2267,473.3897,469.0539,470.1739,470.2782,475.8127,473.2108
2023-04-04,476.4371,481.0796,474.3025,475.2597,1913300,COST,466.8960,469.9134,473.5041,469.3434,470.2297,470.4002,476.0441,473.2429
2023-04-05,475.8628,482.5633,473.9770,477.6528,1941500,COST,467.4268,470.4800,473.6166,469.5991,470.3064,470.5084,476.2968,473.2690
2023-04-06,465.1898,466.9798,457.0725,461.3800,4114700,COST,467.7359,469.9762,473.5391,469.4261,470.0550,470.4030,476.4179,473.1886
2023-04-10,472.7039,472.7709,461.0545,463.1987,1653600,COST,468.8219,470.2360,473.4701,469.5547,469.8564,470.4486,476.5915,473.1838
2023-04-11,477.3177,478.6004,471.9095,472.7039,1547400,COST,470.0974,470.9104,473.3980,469.8591,469.7593,470.5846,476.7167,473.2249
2023-04-12,468.4156,478.6579,467.6403,478.6100,2063700,COST,470.4530,470.6728,473.1481,469.8025,469.4128,470.5417,476.7527,473.1771
2023-04-13,476.5903,477.1167,469.3345,472.3785,1600500,COST,471.0384,471.2364,472.9114,470.0687,469.1705,470.6614,476.8420,473.2110
2023-04-14,470.2822,478.9642,469.1909,474.9630,1675300,COST,471.2317,471.1455,472.4192,470.0771,468.8918,470.6539,476.9624,473.1819
2023-04-17,472.8092,476.5902,470.1385,471.6892,1411800,COST,471.5615,471.3040,471.8547,470.1842,468.6160,470.6966,477.0896,473.1782
2023-04-18,475.6426,476.3414,472.9815,474.8768,1339600,COST,471.9257,471.7172,471.5120,470.3983,468.3713,470.7945,477.1860,473.2027
2023-04-19,474.8098,476.6859,472.7039,475.8627,1098800,COST,472.1736,472.0117,471.1375,470.5713,468.0363,470.8741,477.2473,473.2187
2023-04-20,483.9511,488.8138,474.3120,474.5417,2936500,COST,473.0380,473.1488,470.9279,471.0960,467.7685,471.1330,477.3425,473.3255
2023-04-21,484.6883,488.7948,483.8364,487.5791,1508600,COST,473.9277,474.2478,470.9765,471.6290,467.5159,471.4014,477.4205,473.4386
2023-04-24,489.5414,489.7998,484.1714,484.4490,1374100,COST,474.7007,475.7043,471.1831,472.3314,467.3381,471.7606,477.5117,473.5988
2023-04-25,481.6444,491.1783,480.7733,489.2638,1789900,COST,475.1769,476.2700,471.2440,472.6967,467.1000,471.9564,477.5321,473.6788
2023-04-26,473.4984,481.3572,472.2828,479.0120,1441900,COST,475.5545,476.0061,471.0182,472.7281,466.6822,471.9869,477.5244,473.6770
2023-04-27,479.8257,480.7733,473.6612,473.6612,1361600,COST,476.0523,476.3698,470.9809,473.0064,466.6658,472.1421,477.5879,473.7382
2023-04-28,481.6923,483.2334,479.2226,480.1033,1170200,COST,476.6142,476.8767,470.8266,473.3471,466.7572,472.3312,477.6530,473.8174
2023-05-01,472.4742,478.6578,467.8891,477.7963,2203200,COST,476.4572,476.4574,470.6254,473.3128,466.8125,472.3341,477.5780,473.8040
2023-05-02,473.6420,474.4748,468.8559,473.8239,1940800,COST,476.3509,476.1893,470.3828,473.3257,466.9512,472.3600,477.4565,473.8024
2023-05-03,469.0952,477.4421,468.7123,475.3554,1426400,COST,475.9838,475.5137,470.1592,473.1598,467.0366,472.2953,477.3439,473.7555
2023-05-04,470.3421,470.8889,466.1120,468.9992,1487000,COST,475.7078,475.0211,470.0438,473.0493,467.1398,472.2566,477.2188,473.7216
2023-05-05,478.7065,479.0327,472.8745,473.0855,1709200,COST,476.3836,475.3721,470.1771,473.2712,467.3113,472.3844,477.1166,473.7712
2023-05-08,478.7065,479.8480,475.4836,477.0855,1015000,COST,476.6838,475.6897,470.3971,473.4843,467.4383,472.5095,476.9894,473.8203
2023-05-09,480.3660,481.2772,476.1454,476.6922,1571800,COST,476.8362,476.1351,470.6805,473.7542,467.5770,472.6651,476.8693,473.8854
2023-05-10,479.2821,484.3755,474.9081,481.4787,1257600,COST,477.3795,476.4348,470.9968,473.9710,467.7495,472.7961,476.7465,473.9391
2023-05-11,481.4211,482.4858,477.2581,479.1382,1046700,COST,477.6210,476.9097,471.4614,474.2631,468.1308,472.9669,476.7163,474.0136
2023-05-12,483.5122,485.3923,480.7593,482.6489,1472800,COST,478.2826,477.5385,471.8334,474.6259,468.5565,473.1758,476.6472,474.1081
2023-05-15,481.5650,484.4042,478.5146,483.4546,1135700,COST,478.7203,477.9220,472.3661,474.8980,468.9897,473.3419,476.4979,474.1823
2023-05-16,475.9152,479.8864,474.1407,479.6082,1229300,COST,478.7340,477.7308,472.6362,474.9379,469.3741,473.3928,476.2959,474.1995
2023-05-17,474.8121,477.6994,471.8385,477.6898,2069500,COST,478.7341,477.4529,472.8445,474.9329,469.7070,473.4209,476.0621,474.2056
2023-05-18,477.7856,478.2653,473.9296,474.8121,2298900,COST,478.4258,477.4846,473.0953,475.0448,470.1016,473.5074,475.8592,474.2412
2023-05-19,476.2701,479.0231,473.7762,479.0231,1635000,COST,478.0049,477.3689,473.4406,475.0929,470.4434,473.5621,475.6318,474.2614
2023-05-22,471.8098,476.7305,468.6156,476.7305,1943800,COST,477.1183,476.8395,473.8571,474.9641,470.7803,473.5274,475.3998,474.2370
2023-05-23,465.0953,467.3016,463.2728,467.3016,1800200,COST,476.2909,475.7210,474.1228,474.5771,471.1027,473.3604,475.1467,474.1461
2023-05-24,463.0713,467.3782,461.2968,467.3782,1600600,COST,475.7695,474.5162,474.1582,474.1259,471.3710,473.1567,474.8777,474.0359
2023-05-25,466.7068,468.6156,457.3065,460.6254,3421900,COST,475.1136,473.7725,474.1946,473.8349,471.6759,473.0289,474.6558,473.9630
2023-05-26,486.5721,489.9198,464.3758,465.8434,5302600,COST,475.3576,474.9915,474.5978,474.3344,472.2103,473.2971,474.5142,474.0884
2023-05-30,487.3108,493.7950,481.1334,488.9990,2544800,COST,476.0994,476.1648,475.0197,474.8433,472.7207,473.5746,474.4126,474.2200
2023-05-31,490.6968,492.9126,484.3564,488.1069,3320800,COST,476.9521,477.5488,475.4665,475.4650,473.3259,473.9137,474.3040,474.3839
2023-06-01,491.6943,492.7878,481.6225,488.5576,2407700,COST,478.0821,478.8960,475.9033,476.1015,473.6287,474.2658,474.1597,474.5562
2023-06-02,491.6848,497.3538,488.6249,489.5074,2284800,COST,479.1492,480.1139,476.4038,476.7126,473.9708,474.6107,473.9807,474.7266
2023-06-05,497.1139,497.7566,491.1380,491.6848,2023500,COST,480.0696,481.7330,477.0082,477.5126,474.3419,475.0563,473.8131,474.9494
2023-06-06,495.2050,497.4784,491.8478,497.1138,1410300,COST,480.8945,483.0160,477.4306,478.2064,474.6661,475.4553,473.6138,475.1509
2023-06-07,490.3802,498.1114,489.7471,493.5264,1784700,COST,481.3952,483.7174,477.7958,478.6838,474.9600,475.7508,473.4210,475.3024
2023-06-08,498.8789,499.0707,491.5985,491.5985,1530400,COST,482.3751,485.1613,478.4545,479.4758,475.3120,476.2088,473.3140,475.5370
2023-06-09,496.1835,500.7685,494.4760,497.0563,1287300,COST,483.1132,486.2111,478.9807,480.1310,475.6224,476.6044,473.2097,475.7425
2023-06-12,499.7229,500.0107,494.9557,496.1835,1404500,COST,483.9237,487.4979,479.5661,480.8993,476.0381,477.0621,473.1176,475.9811
2023-06-13,500.7301,501.6222,496.7877,500.7301,1204700,COST,484.8820,488.7581,480.0684,481.6770,476.5591,477.5308,472.9945,476.2273
2023-06-14,505.6989,506.3224,501.8045,503.5887,1841400,COST,486.3712,490.3715,480.6671,482.6190,477.0284,478.0886,472.9867,476.5206
2023-06-15,507.5980,509.5932,505.1808,507.4254,1871600,COST,488.0105,492.0122,481.2903,483.5986,477.3972,478.6729,472.9919,476.8298
2023-06-16,502.2938,508.7876,501.3153,508.4807,3147800,COST,489.2359,492.9914,481.8189,484.3318,477.7178,479.1407,473.0037,477.0832
2023-06-20,498.5048,501.5743,497.0084,500.6630,1684400,COST,490.3476,493.5164,482.4852,484.8876,478.0122,479.5241,473.0062,477.2963
2023-06-21,498.4280,500.3657,495.4736,496.7878,1273600,COST,491.6785,493.9842,482.9997,485.4186,478.2349,479.8985,472.9747,477.5066
2023-06-22,502.8213,503.2817,498.4856,499.4544,1114000,COST,493.5648,494.8258,483.5098,486.1010,478.4539,480.3524,473.0130,477.7585
2023-06-23,503.0515,503.9724,498.1595,501.7949,1434300,COST,495.5638,495.6092,484.2025,486.7657,478.6753,480.8019,473.0536,478.0102
2023-06-26,502.0731,503.4639,500.0012,503.0131,1278500,COST,497.3321,496.2248,484.7121,487.3660,478.8118,481.2231,473.0380,478.2496
2023-06-27,508.7013,510.6964,500.8069,501.3345,1673600,COST,498.4386,497.4131,485.4805,488.2027,478.9499,481.7672,473.0580,478.5526
2023-06-28,511.0705,511.7324,507.0514,507.4063,1245200,COST,499.6266,498.7138,486.2458,489.0995,479.0502,482.3475,473.0543,478.8762
2023-06-29,510.0058,510.7348,507.3775,508.9411,1121800,COST,500.5920,499.7892,486.9330,489.9193,479.2225,482.8952,473.0313,479.1859
2023-06-30,516.4230,517.5548,511.8667,512.3847,2221900,COST,501.8285,501.3734,487.7653,490.9587,479.4514,483.5591,473.1797,479.5564
2023-07-03,518.9744,519.0128,512.5477,515.3390,951400,COST,503.1929,503.0497,488.4657,492.0573,479.6968,484.2604,473.3518,479.9487
2023-07-05,519.0609,523.7802,515.5789,519.1471,1630400,COST,504.2903,504.5745,489.1532,493.1163,480.0649,484.9495,473.5459,480.3378
2023-07-06,515.4540,518.2645,514.6963,516.9025,1750100,COST,505.3027,505.6107,489.6714,493.9923,480.4273,485.5535,473.7188,480.6872
2023-07-07,503.6366,514.5813,503.2337,512.1161,2740600,COST,505.9656,505.4227,490.1113,494.3705,480.6776,485.9116,473.8211,480.9156
2023-07-10,505.5167,509.4879,503.6462,503.6462,1955600,COST,506.2975,505.4316,490.7517,494.8076,480.8850,486.2998,473.9664,481.1604
2023-07-11,508.0394,509.1137,504.6917,505.9867,1262300,COST,506.8902,505.6800,491.3159,495.3265,481.1484,486.7303,474.1550,481.4278
2023-07-12,516.0585,518.0824,509.4495,510.3032,1960500,COST,507.7070,506.6684,492.0033,496.1395,481.4149,487.3111,474.4119,481.7724
2023-07-13,516.4902,517.1328,511.0610,515.8667,1647200,COST,508.4950,507.6038,492.8836,496.9376,481.7545,487.8889,474.7700,482.1179
2023-07-14,524.4037,524.5572,516.1544,516.7396,1828700,COST,509.4303,509.2038,493.8988,498.0147,482.1408,488.6120,475.1014,482.5386
2023-07-17,530.4084,531.6074,523.8281,523.9049,1909900,COST,510.5708,511.2233,495.1251,499.2850,482.6422,489.4396,475.4724,483.0149
2023-07-18,531.0127,532.3652,526.9840,530.1302,1778800,COST,512.0067,513.1080,496.3385,500.5293,483.1912,490.2628,475.7987,483.4925
2023-07-19,531.5115,533.2190,529.5068,531.8664,1261100,COST,513.6571,514.8607,497.3946,501.7442,483.7858,491.0796,476.1719,483.9703
2023-07-20,534.2452,538.1875,531.1277,531.2236,1732800,COST,515.4479,516.7069,498.5054,503.0188,484.4512,491.9344,476.5908,484.4706
2023-07-21,535.1085,539.1276,534.7153,536.3651,5264300,COST,517.0623,518.4594,499.6002,504.2772,485.1404,492.7893,476.9880,484.9744
2023-07-24,540.9308,543.4632,533.2092,535.2427,2086400,COST,518.9563,520.5995,500.8332,505.7146,485.9150,493.7426,477.3742,485.5312
2023-07-25,542.1396,544.4034,541.2859,543.6552,1602500,COST,520.9596,522.6510,502.0476,507.1430,486.7545,494.7010,477.7941,486.0945
2023-07-26,543.0797,544.8638,540.4418,542.4466,1306400,COST,522.6785,524.5966,503.2389,508.5523,487.5362,495.6590,478.2085,486.6615
2023-07-27,538.9166,547.8661,537.7367,544.5664,1485300,COST,524.0708,525.9604,504.3859,509.7431,488.3760,496.5156,478.6704,487.1815
2023-07-28,540.3459,544.6528,539.6744,541.5545,1371400,COST,525.5878,527.3304,505.6746,510.9432,489.1554,497.3835,479.1482,487.7105
2023-07-31,537.8038,541.2762,536.2499,540.0388,1365900,COST,526.6569,528.3279,506.9344,511.9965,489.8894,498.1839,479.5860,488.2089
2023-08-01,532.8159,539.9237,531.9238,537.7654,1445300,COST,527.3489,528.7553,508.0350,512.8130,490.5651,498.8697,480.0259,488.6527
2023-08-02,529.8231,533.9286,528.5474,529.7368,1635000,COST,527.8870,528.8570,509.1061,513.4801,491.2733,499.4826,480.4431,489.0624
2023-08-03,534.9455,537.4970,529.6986,530.9552,1463400,COST,528.8616,529.4369,510.3688,514.3218,492.1129,500.1849,480.9495,489.5189
2023-08-04,529.5258,538.3986,528.9215,538.1876,1142000,COST,530.1561,529.4453,511.6574,514.9181,492.8901,500.7659,481.3834,489.9170
2023-08-07,535.6361,536.7392,532.3556,532.3556,1015400,COST,531.6620,530.0349,513.1087,515.7305,493.6334,501.4564,481.8045,490.3719
2023-08-08,533.4395,536.1061,529.3340,535.2428,1020400,COST,532.9321,530.3592,514.4433,516.4250,494.3190,502.0897,482.2234,490.8005
2023-08-09,536.8734,539.1660,534.1013,535.2235,1471800,COST,533.9728,530.9796,515.4494,517.2269,495.0236,502.7785,482.6919,491.2589
2023-08-10,538.5905,545.9956,537.8327,540.2307,1107200,COST,535.0778,531.7044,516.4749,518.0647,495.7473,503.4876,483.1043,491.7299
2023-08-11,540.0005,541.9573,536.2308,537.4969,1043100,COST,535.8577,532.4945,517.4610,518.9249,496.4638,504.2107,483.4342,492.2102
2023-08-14,538.5712,544.5568,537.5833,541.7367,1247600,COST,536.2658,533.0733,518.3986,519.6954,497.1510,504.8911,483.7469,492.6715
2023-08-15,535.7321,542.1109,535.4348,538.1685,1124300,COST,536.5018,533.3265,519.2795,520.3243,497.8416,505.5018,484.0436,493.0999
2023-08-16,536.2500,541.9094,535.9334,538.7919,1340100,COST,536.7387,533.6049,520.0622,520.9488,498.5352,506.1107,484.3525,493.5293
2023-08-17,524.7969,537.5641,522.8498,536.6528,1941900,COST,536.2663,532.7661,520.6541,521.0997,499.0423,506.4807,484.5357,493.8404
2023-08-18,522.7154,527.0606,520.9600,524.6146,1878100,COST,535.6466,531.8089,521.3008,521.1631,499.5483,506.8022,484.7532,494.1277
2023-08-21,521.0560,522.9169,514.4278,521.6795,2076100,COST,534.6529,530.7848,521.7443,521.1589,500.0994,507.0844,484.9698,494.3957
2023-08-22,516.4134,519.8570,515.5789,519.8570,1286000,COST,533.3666,529.4161,522.1489,520.9728,500.5648,507.2691,485.2417,494.6148
2023-08-23,518.8018,519.0992,514.3702,516.9793,1295800,COST,532.1527,528.4052,522.5305,520.8876,501.0483,507.4975,485.5123,494.8554
2023-08-24,510.9886,519.9166,510.1333,518.2732,1587500,COST,530.7563,526.7465,522.7357,520.4994,501.4020,507.5666,485.7433,495.0160
2023-08-25,513.1990,514.9096,509.8834,512.1418,1511500,COST,529.3989,525.4562,522.8857,520.2131,501.7764,507.6782,485.9751,495.1969
2023-08-28,515.2941,516.1110,512.3438,515.1115,945800,COST,528.2734,524.4884,523.0396,520.0202,502.1649,507.8290,486.1973,495.3969
2023-08-29,521.6177,521.9060,513.5162,513.5162,1468500,COST,527.7135,524.2150,523.4261,520.0829,502.6225,508.1020,486.4644,495.6578
2023-08-30,521.1276,523.2034,518.2926,521.5793,1292800,COST,527.2788,523.9210,523.8785,520.1239,503.1819,508.3600,486.6184,495.9112
2023-08-31,527.8740,530.6802,518.9556,518.9556,2086500,COST,526.9252,524.2974,524.4674,520.4278,503.7336,508.7464,486.7950,496.2292
2023-09-01,523.0401,531.9104,519.5708,531.5164,1437700,COST,526.6009,524.1777,524.8718,520.5302,504.1908,509.0294,486.9751,496.4960
2023-09-05,523.5012,527.7874,522.7997,524.4622,1714300,COST,525.9942,524.1133,525.2808,520.6467,504.7416,509.3160,487.0772,496.7647
2023-09-06,525.3848,527.2973,519.1285,520.6085,1476600,COST,525.5914,524.2344,525.7470,520.8325,505.2296,509.6342,487.2001,497.0495
2023-09-07,527.2396,529.5172,523.0783,527.2684,1340000,COST,525.1097,524.5206,526.1178,521.0838,505.7992,509.9828,487.3455,497.3499
2023-09-08,529.7095,530.8531,526.7399,527.6721,1075300,COST,524.6657,525.0148,526.4906,521.4221,506.3682,510.3734,487.4921,497.6719
2023-09-11,537.0038,537.5901,530.3535,531.2665,1388600,COST,524.5158,526.1566,527.0305,522.0331,506.9818,510.9008,487.6765,498.0632
2023-09-12,537.0134,538.5607,534.5051,537.4843,1055500,COST,524.4380,527.1906,527.4424,522.6206,507.6038,511.4179,487.8201,498.4508
2023-09-13,537.9455,538.5990,533.0058,536.5424,1162700,COST,524.5486,528.2148,527.8218,523.2216,508.1438,511.9432,487.9561,498.8438
2023-09-14,542.7603,544.6150,538.4164,542.7987,1257300,COST,524.8741,529.6001,528.2958,523.9878,508.7245,512.5534,488.1202,499.2808
2023-09-15,534.6780,543.4715,533.8900,543.2985,2945300,COST,525.3682,530.0837,528.6802,524.4070,509.1758,512.9915,488.2570,499.6330
2023-09-18,540.7903,542.2030,535.7449,536.4272,1003100,COST,526.2719,531.1034,529.4233,525.0495,509.7673,513.5420,488.4337,500.0425
2023-09-19,542.3564,543.2983,537.6282,539.7521,1144700,COST,527.3370,532.1751,530.1601,525.7282,510.4559,514.1126,488.5690,500.4635
2023-09-20,541.8569,547.0368,540.7325,542.3566,1311500,COST,528.6091,533.0972,530.8365,526.3607,511.0762,514.6620,488.8710,500.8754
2023-09-21,533.4479,542.5681,532.6791,542.0876,1687700,COST,529.3414,533.1306,531.1843,526.6386,511.5938,515.0340,489.1755,501.1995
2023-09-22,536.8212,541.0305,533.1597,533.5248,1527300,COST,530.6331,533.4821,531.5909,527.0379,512.2372,515.4654,489.5249,501.5540
2023-09-25,536.8498,539.3965,533.1210,537.6859,1313300,COST,531.8156,533.8028,531.8398,527.4227,512.8693,515.8888,489.9102,501.9052
2023-09-26,531.4105,539.4927,530.4879,537.3592,2425100,COST,532.6214,533.5750,531.8598,527.5791,513.4925,516.1962,490.2645,502.1987
2023-09-27,541.5687,544.4229,523.5013,526.0480,4591400,COST,533.6190,534.3363,532.0710,528.1277,514.2047,516.6986,490.6723,502.5905
2023-09-28,546.4698,549.8814,542.0875,542.0875,2192400,COST,534.8861,535.4919,532.3701,528.8470,514.8824,517.2881,491.0968,503.0271
2023-09-29,542.9428,548.7378,538.8488,547.7864,1887500,COST,535.6395,536.2015,532.5441,529.3998,515.5247,517.7962,491.4815,503.4243
2023-10-02,549.0453,549.4586,542.0202,545.7778,1831700,COST,536.9398,537.4247,532.8228,530.1702,516.2115,518.4150,491.8942,503.8782
2023-10-03,543.0196,553.7351,541.0687,548.8434,2007400,COST,537.9157,537.9575,532.8646,530.6741,516.8489,518.9022,492.2992,504.2677
2023-10-04,549.5162,550.2947,541.7896,547.2963,1798800,COST,539.1223,539.0584,533.0121,531.4130,517.5298,519.5084,492.8303,504.7179
2023-10-05,547.3252,552.3514,542.3663,549.8719,1579700,COST,540.1266,539.8457,533.0970,532.0370,518.1680,520.0592,493.3622,505.1419
2023-10-06,535.8024,544.8552,521.4830,544.0288,4246700,COST,540.4312,539.4606,533.0347,532.1847,518.7103,520.3710,493.8500,505.4469
2023-10-09,537.1862,537.9358,528.3544,533.3710,1781500,COST,540.4403,539.2440,532.9715,532.3808,519.3231,520.7039,494.3486,505.7628
2023-10-10,540.1848,544.8554,535.5238,538.0993,2176800,COST,540.5989,539.3336,533.0192,532.6868,519.9768,521.0897,494.8419,506.1053
2023-10-11,543.4811,544.4229,538.3684,542.8371,1449800,COST,540.8757,539.7286,533.2325,533.1102,520.6337,521.5331,495.3677,506.4772
2023-10-12,541.8089,546.9600,540.4634,545.9125,1458000,COST,540.8281,539.9267,533.4722,533.4513,521.2891,521.9346,495.8663,506.8287
2023-10-13,544.7496,545.3262,540.0790,541.8761,1243900,COST,541.3317,540.3860,533.6683,533.8944,522.0185,522.3864,496.3994,507.2060
2023-10-16,549.9391,551.7266,546.3641,547.4885,1428300,COST,541.7891,541.2959,534.0765,534.5236,522.8670,522.9320,496.9848,507.6312
2023-10-17,551.9573,553.6103,548.4688,549.6508,1404600,COST,542.2692,542.3112,534.4030,535.2072,523.7558,523.5067,497.5634,508.0723
2023-10-18,552.2456,554.8019,549.7085,551.5536,1311900,COST,542.7886,543.2574,534.7791,535.8754,524.6112,524.0758,498.1436,508.5118
2023-10-19,543.5867,553.4084,542.1259,551.3422,2019600,COST,543.2955,543.2887,534.9134,536.1778,525.1814,524.4622,498.6958,508.8608
2023-10-20,531.3817,544.5862,530.4975,544.4612,2295400,COST,543.0236,542.1547,534.7692,535.9897,525.6221,524.5992,499.1714,509.0849
2023-10-23,530.7666,535.2162,525.3272,532.5445,1776500,COST,542.7194,541.0701,534.5845,535.7849,526.0228,524.7213,499.6743,509.3007
2023-10-24,530.3342,534.3224,527.9220,530.5840,1678600,COST,542.6656,540.0477,534.4198,535.5711,526.4092,524.8325,500.0189,509.5100
2023-10-25,528.5563,532.2467,524.3470,527.1724,1757500,COST,542.0150,538.9533,534.2762,535.2961,526.7779,524.9062,500.3743,509.6995
2023-10-26,526.2593,533.0442,524.2701,528.2295,1925300,COST,541.0045,537.7443,534.0764,534.9417,527.0693,524.9330,500.7056,509.8642
2023-10-27,521.8674,526.6726,519.1765,526.2593,1503100,COST,539.9507,536.2322,534.0178,534.4290,527.3360,524.8723,501.0010,509.9837
2023-10-30,533.2557,534.6780,522.4537,524.4719,1696200,COST,539.1612,535.9487,534.2286,534.3829,527.7647,525.0383,501.3624,510.2152
2023-10-31,530.9108,532.4389,527.6625,530.6417,1394700,COST,538.5558,535.4689,534.4257,534.2468,528.0850,525.1546,501.6985,510.4212
2023-11-01,535.1008,536.6769,528.2295,533.3710,1735300,COST,537.8350,535.4339,534.7995,534.2803,528.4742,525.3516,502.0483,510.6667
2023-11-02,535.2837,538.6920,531.4711,535.7940,2100600,COST,537.2329,535.4196,535.1291,534.3196,528.8298,525.5482,502.4339,510.9117
2023-11-03,540.0305,542.0427,534.5714,536.5933,1826800,COST,537.4443,535.8587,535.7100,534.5436,529.2228,525.8350,502.8910,511.2014
2023-11-06,548.6185,551.3432,539.2890,539.6356,2056900,COST,538.0159,537.0739,536.4184,535.0955,529.6520,526.2862,503.3402,511.5737
2023-11-07,550.0146,552.5371,548.3682,551.1988,1373100,COST,538.5074,538.3064,537.1128,535.6806,530.0762,526.7560,503.7367,511.9562
2023-11-08,546.2693,551.6706,543.2943,550.8330,1343600,COST,538.6468,539.0648,537.6058,536.0958,530.5159,527.1424,504.1168,512.2977
2023-11-09,542.3120,547.8288,541.0989,547.8288,1288400,COST,538.6720,539.3740,538.0295,536.3396,530.9540,527.4428,504.4831,512.5963
2023-11-10,555.6469,556.3882,543.9200,546.7699,1908800,COST,539.2169,540.9238,538.5849,537.0968,531.5262,528.0013,504.8805,513.0247
2023-11-13,556.7156,558.3716,552.1519,553.6058,1650700,COST,539.5557,542.4278,539.2584,537.8661,532.0651,528.5699,505.2595,513.4594
2023-11-14,568.8179,569.5400,559.5847,560.0950,2037600,COST,540.3987,544.9411,540.1648,539.0799,532.7228,529.3669,505.6990,514.0102
2023-11-15,574.5754,577.5696,571.3115,571.8891,2165100,COST,541.5152,547.7634,541.1486,540.4719,533.4478,530.2621,506.1298,514.6129
2023-11-16,557.0526,564.7645,550.9484,564.5623,2954700,COST,542.1885,548.6481,541.7449,541.1221,533.9313,530.7926,506.4406,515.0352
2023-11-17,555.6757,558.3426,552.7007,557.3606,1773600,COST,543.4032,549.3174,542.2642,541.6928,534.3774,531.2854,506.7138,515.4395
2023-11-20,559.1898,560.6533,555.8586,555.8586,1624100,COST,544.8243,550.2576,542.7079,542.3790,534.8692,531.8379,507.0459,515.8749
2023-11-21,562.5596,563.1855,556.2149,560.3452,1173700,COST,546.4356,551.4293,543.2188,543.1704,535.3306,532.4463,507.3910,516.3394
2023-11-22,567.1619,569.1452,564.5334,565.0148,1068600,COST,548.3659,552.9276,543.8031,544.1112,535.8125,533.1337,507.7546,516.8451
2023-11-24,569.3570,572.0914,568.4423,569.0297,645800,COST,550.5208,554.4923,544.3351,545.1013,536.3154,533.8510,508.1901,517.3676
2023-11-27,572.7653,577.6178,570.3679,570.4739,1627400,COST,553.0657,556.2326,545.0968,546.1861,536.8885,534.6216,508.6579,517.9188
2023-11-28,571.8988,575.1915,569.4148,571.1189,1286800,COST,554.9978,557.7246,545.7190,547.1945,537.5712,535.3597,509.1244,518.4559
2023-11-29,565.9873,573.0639,565.5637,573.0542,1319800,COST,556.7517,558.5115,546.1916,547.9315,538.1759,535.9662,509.5304,518.9289
2023-11-30,570.6857,571.0034,561.1444,565.9584,1755200,COST,558.5309,559.6710,546.7682,548.8238,538.8023,536.6537,509.9754,519.4439
2023-12-01,574.0650,574.1613,568.6156,571.2055,1475300,COST,560.4700,561.0418,547.5805,549.8136,539.3824,537.3946,510.3987,519.9874
2023-12-04,576.7897,577.2230,569.4533,570.1176,1624000,COST,562.3079,562.5416,548.3799,550.8715,539.9854,538.1747,510.8699,520.5526
2023-12-05,582.8264,586.2251,574.8160,576.2602,2349700,COST,564.0183,564.4735,549.2994,552.1246,540.5696,539.0589,511.3552,521.1722
2023-12-06,584.8290,585.8399,581.3918,582.9708,2233900,COST,565.7590,566.4121,550.3678,553.4072,541.1138,539.9652,511.8780,521.8056
2023-12-07,588.2181,589.5660,583.7893,587.3035,1690400,COST,567.8565,568.4889,551.3008,554.7723,541.6859,540.9207,512.4385,522.4664
2023-12-08,588.0545,590.7792,585.1179,585.9556,1502100,COST,570.1436,570.3523,552.1325,556.0775,542.2513,541.8540,513.0186,523.1190
2023-12-11,600.6478,601.7743,595.7375,598.8281,2139300,COST,572.3937,573.2376,553.2866,557.8253,542.9153,543.0183,513.6833,523.8905
2023-12-12,606.0779,606.2608,600.0219,604.0945,2374400,COST,574.8618,576.3652,554.4272,559.7176,543.6250,544.2670,514.3827,524.7083
2023-12-13,618.1129,618.6905,607.5221,610.3335,2436900,COST,577.3265,580.3412,555.9291,562.0076,544.3968,545.7293,515.1559,525.6377
2023-12-14,607.3104,618.0167,606.8482,617.3234,3839200,COST,578.9633,582.9097,557.0850,563.7842,545.0486,546.9487,515.9015,526.4503
2023-12-15,634.3069,637.2531,616.6686,617.6314,8807700,COST,582.8260,587.8047,558.8246,566.5498,545.9608,548.6786,516.7485,527.5235
2023-12-18,655.8928,656.5379,636.5022,639.7757,5733400,COST,587.8368,594.2892,561.2264,570.0534,547.1306,550.8016,517.7533,528.8008
2023-12-19,652.5231,655.4692,644.2238,649.8850,3437300,COST,592.5035,599.8353,563.5332,573.2875,548.2524,552.8159,518.7039,530.0319
2023-12-20,636.4060,649.2593,636.2134,646.7945,3782700,COST,596.1958,603.3182,565.4576,575.7628,549.2384,554.4712,519.5639,531.0903
2023-12-21,640.4111,642.5101,634.9136,641.0851,2388400,COST,599.8583,606.8509,567.3962,578.2980,550.3143,556.1729,520.4397,532.1781
2023-12-22,646.6115,648.2194,641.2198,643.1454,1641700,COST,603.7210,610.6376,569.4922,580.9770,551.4822,557.9638,521.3778,533.3168
2023-12-26,649.5190,650.7129,645.8220,647.9690,1774800,COST,607.5587,614.3406,571.5876,583.6649,552.6280,559.7768,522.3704,534.4730
2023-12-27,656.5890,658.3418,650.2870,652.5518,1875900,COST,611.7932,618.3643,573.7206,586.5247,553.8986,561.6939,523.3943,535.6881
2023-12-28,652.9458,656.6482,651.4590,655.6537,1496900,COST,616.1411,621.6577,575.7404,589.1294,555.0717,563.5008,524.3526,536.8548
2023-12-29,649.9722,653.0345,647.0968,650.8781,1947500,COST,620.1055,624.3544,577.6949,591.5154,556.2370,565.2131,525.2780,537.9804
2024-01-02,640.6865,647.7269,639.5540,645.5410,2657700,COST,623.4365,625.9098,579.6369,593.4437,557.2751,566.7076,526.1494,539.0023
2024-01-03,634.8178,645.4131,633.2521,641.2380,2612600,COST,626.3379,626.7582,581.7056,595.0662,558.2374,568.0564,526.9924,539.9557
2024-01-04,638.4218,639.9481,630.7018,632.2478,2171100,COST,629.1177,627.8690,583.8588,596.7664,559.2216,569.4497,527.8427,540.9355
2024-01-05,645.9644,649.5487,642.2521,646.1318,2233500,COST,632.1745,629.5924,586.1714,598.6957,560.2956,570.9649,528.7233,541.9805
2024-01-08,651.5576,651.9416,644.0149,645.7676,2245300,COST,635.3414,631.6843,588.6314,600.7688,561.4538,572.5608,529.6477,543.0709
2024-01-09,656.9633,657.0716,648.1799,648.7904,1886200,COST,638.7869,634.0918,591.2455,602.9725,562.6609,574.2321,530.5981,544.2041
2024-01-10,662.4578,663.5114,658.7652,659.3068,1801900,COST,641.8774,636.7933,594.0573,605.3052,564.0376,575.9792,531.5399,545.3808
2024-01-11,663.2654,664.1811,657.4163,660.7249,1670800,COST,644.7368,639.3145,596.6575,607.5782,565.4431,577.7076,532.4957,546.5537
2024-01-12,672.7775,673.2501,665.7566,667.1254,2388400,COST,647.4700,642.5014,599.4948,610.1350,566.9603,579.5902,533.5298,547.8097
2024-01-16,671.0541,676.0071,667.7751,672.7773,1626700,COST,650.6572,645.2207,602.2139,612.5240,568.5067,581.4013,534.5358,549.0360
2024-01-17,673.7130,674.3825,668.7895,670.0795,1786800,COST,652.6275,647.9343,604.9824,614.9236,570.0558,583.2293,535.5520,550.2766
2024-01-18,676.7852,677.1889,669.7939,672.3738,1900600,COST,653.6721,650.6820,607.7175,617.3495,571.7138,585.0819,536.5579,551.5354
2024-01-19,684.3278,685.4700,672.2161,677.9569,2267900,COST,655.2623,653.8863,610.4317,619.9761,573.4250,587.0471,537.6007,552.8567
2024-01-22,681.9055,687.9613,679.9460,684.7808,2452900,COST,657.5373,656.5548,613.0695,622.4047,575.0912,588.9255,538.6280,554.1408
2024-01-23,677.0609,681.0390,674.1462,680.1429,2208600,COST,659.3698,658.5078,615.6854,624.5481,576.6456,590.6708,539.6340,555.3638
2024-01-24,675.9974,679.4044,672.6593,678.4492,1946500,COST,660.8391,660.1735,618.3591,626.5657,578.1943,592.3604,540.6881,556.5642
2024-01-25,669.4886,675.9875,665.6089,675.9875,2751900,COST,661.8376,661.0606,620.6359,628.2490,579.6104,593.8877,541.6720,557.6878
2024-01-26,676.3617,676.7162,669.0947,669.6658,1825500,COST,662.8262,662.5179,623.0288,630.1357,581.1436,595.5209,542.6672,558.8686
2024-01-29,683.3824,683.5006,675.7511,679.3354,2215400,COST,664.3480,664.5050,625.3201,632.2238,582.7425,597.2607,543.7421,560.1076
2024-01-30,690.0094,691.8902,680.2216,682.3289,1610500,COST,666.3499,666.9340,627.6288,634.4899,584.3887,599.0973,544.8091,561.4001
2024-01-31,684.2392,694.7163,682.4273,690.5806,1928500,COST,668.5275,668.5821,630.1725,636.4409,585.9587,600.7833,545.8789,562.6224
2024-02-01,694.7119,695.5206,681.9119,684.3772,2039200,COST,671.5222,671.0706,632.9533,638.7260,587.6087,602.6433,546.9884,563.9367
2024-02-02,699.6425,704.3760,692.5227,693.5877,2377400,COST,674.5833,673.7918,635.7623,641.1149,589.2351,604.5640,548.1084,565.2870
2024-02-05,701.2994,702.9758,695.8954,700.7866,2276900,COST,677.3500,676.4115,638.5371,643.4751,590.8780,606.4796,549.2409,566.6404
2024-02-06,700.9344,702.8376,694.5739,701.3683,1920200,COST,679.8189,678.7471,641.2126,645.7284,592.5079,608.3500,550.3258,567.9767
2024-02-07,709.7998,713.2907,702.1277,704.2479,2145500,COST,682.4607,681.7045,644.0214,648.2410,594.1783,610.3589,551.4514,569.3878
2024-02-08,714.1191,718.0735,710.6676,713.8529,1918500,COST,685.0438,684.7916,646.8485,650.8244,595.9727,612.4135,552.5743,570.8279
2024-02-09,713.3697,715.4702,710.1351,715.0856,1426100,COST,687.5490,687.5133,649.6779,653.2772,597.6985,614.4127,553.7329,572.2463
2024-02-12,712.3932,713.7640,705.3818,713.4879,1572600,COST,689.5298,689.8828,652.6060,655.5955,599.3988,616.3529,554.9274,573.6408
2024-02-13,704.3464,711.7720,699.2086,711.3874,1951100,COST,691.1944,691.2603,655.2793,657.5073,601.0237,618.0953,556.0500,574.9413
2024-02-14,712.1665,712.5314,701.2106,706.0722,1472500,COST,693.1170,693.2514,658.0413,659.6508,602.8109,619.9581,557.2023,576.3068
2024-02-15,714.4642,715.9632,708.3206,711.4861,1264100,COST,695.0010,695.2716,660.7948,661.8003,604.5873,621.8295,558.4123,577.6815
2024-02-16,713.9513,718.9510,708.5374,711.9790,1764900,COST,696.4822,697.0506,663.4173,663.8455,606.3584,623.6537,559.6138,579.0374
2024-02-20,715.6277,724.7692,713.6752,717.9353,2407300,COST,698.1683,698.8199,666.0332,665.8761,608.2005,625.4750,560.8465,580.3965
2024-02-21,712.9948,718.6848,710.2829,715.6278,1564200,COST,699.9650,700.1699,668.5288,667.7239,609.9148,627.2081,562.0598,581.7159
2024-02-22,724.2170,725.8441,715.7855,715.7855,1801600,COST,702.3760,702.4601,671.2520,669.9393,611.6923,629.1290,563.2873,583.1338
2024-02-23,727.6981,732.2146,726.8994,729.8578,1265800,COST,705.2864,704.8637,673.7930,672.2044,613.5398,631.0809,564.5323,584.5722
2024-02-26,735.0152,736.4254,728.7533,731.7117,1707000,COST,708.2191,707.7353,676.3718,674.6676,615.3995,633.1390,565.8055,586.0692
2024-02-27,734.3841,736.2873,731.0510,735.6562,1471300,COST,710.7692,710.2733,678.6972,677.0094,617.3132,635.1438,567.0810,587.5450
2024-02-28,737.5891,741.4547,732.9050,732.9050,1365000,COST,713.1482,712.8748,681.3028,679.3851,619.1939,637.1725,568.3619,589.0379
2024-02-29,733.5755,742.1253,732.6880,741.0011,3361200,COST,715.6150,714.8463,683.2882,681.5102,621.0564,639.0814,569.6122,590.4761
2024-03-01,739.0486,740.9617,728.9999,730.1734,1678100,COST,717.8318,717.1513,684.9513,683.7666,623.0889,641.0610,570.8996,591.9544
2024-03-04,748.6535,754.1364,743.2199,744.6104,2133400,COST,720.2824,720.1515,686.8739,686.3112,625.2035,643.1915,572.2633,593.5136
2024-03-05,749.4128,758.6036,746.4051,757.7654,2353400,COST,722.6881,722.9383,689.1340,688.7857,627.2958,645.2949,573.6363,595.0649
2024-03-06,762.5185,764.4119,753.0713,754.2350,2400600,COST,725.7673,726.7078,691.5762,691.6772,629.4862,647.6162,575.0600,596.7311
2024-03-07,774.6973,776.1667,766.2363,768.3071,4187900,COST,729.0121,731.2782,694.1379,694.9329,631.8151,650.1326,576.5521,598.5019
2024-03-08,715.4996,745.7344,715.0459,745.5668,8590200,COST,729.0812,729.7755,695.4575,695.7395,633.5226,651.4270,577.7705,599.6660
2024-03-11,704.1788,710.0167,701.1513,709.8293,3762500,COST,728.6216,727.3377,696.4093,696.0704,635.0650,652.4716,578.9660,600.7060
2024-03-12,726.6626,729.7886,706.9695,707.1372,3727400,COST,729.3351,727.2734,697.8836,697.2701,636.8120,653.9408,580.2839,601.9593
2024-03-13,724.0198,726.2879,716.5055,724.8087,2270300,COST,730.3188,726.9636,699.3646,698.3191,638.5298,655.3285,581.5705,603.1738
2024-03-14,721.8010,730.4100,718.8820,728.0926,1826100,COST,730.8005,726.4719,700.9869,699.2400,640.3119,656.6447,582.7466,604.3542
2024-03-15,715.5688,722.3633,713.1922,722.3633,3390700,COST,730.8557,725.4335,702.6019,699.8803,642.1538,657.8116,583.8879,605.4608
2024-03-18,721.3967,723.1718,715.9533,716.0322,1595200,COST,731.2280,725.0490,704.2614,700.7241,644.0601,659.0707,585.0414,606.6144
2024-03-19,722.0178,725.1537,719.8977,721.6431,1322700,COST,731.5475,724.7604,705.7825,701.5591,645.9769,660.3171,586.1930,607.7627
2024-03-20,730.4493,731.8003,719.0200,720.8641,1398700,COST,732.4202,725.3022,707.3603,702.6921,647.9958,661.7059,587.3869,608.9834
2024-03-21,732.2639,741.8787,730.8241,733.1909,2106900,COST,732.8226,725.9652,708.8663,703.8518,650.0559,663.1031,588.5626,610.2101
2024-03-22,724.6114,734.4629,724.1972,734.1079,1794100,COST,732.6682,725.8363,710.1094,704.6659,652.0833,664.3211,589.7096,611.3484
2024-03-25,720.8248,723.9803,716.6632,720.8642,1604700,COST,731.9587,725.3590,711.2606,705.2996,653.9590,665.4400,590.8619,612.4377
2024-03-26,720.8444,724.5129,720.0949,720.8642,1353500,COST,731.2817,724.9290,712.2219,705.9092,655.8583,666.5371,591.9717,613.5164
2024-03-27,721.9292,725.6864,717.6592,723.8226,1246700,COST,730.4987,724.6433,713.2394,706.5374,657.7266,667.6340,593.1004,614.5952
2024-03-28,722.4716,724.7102,718.2214,723.6747,1713300,COST,729.9435,724.4365,714.2146,707.1623,659.5985,668.7198,594.2142,615.6686
2024-04-01,711.2395,723.1027,710.2139,721.6137,1600700,COST,728.5531,723.1796,714.9037,707.3222,661.3106,669.5618,595.2667,616.6195
2024-04-02,701.4373,710.0167,698.5776,710.0167,2326700,COST,726.1923,721.1089,715.2458,707.0914,662.8388,670.1930,596.2454,617.4635
2024-04-03,695.9052,700.9542,687.6020,700.1357,3205500,COST,723.5169,718.7086,715.5258,706.6527,664.2977,670.7022,597.1869,618.2440
2024-04-04,695.1064,707.1865,694.4555,698.9425,2252400,COST,720.1463,716.4608,715.8868,706.1999,665.7861,671.1854,598.1510,619.0088
2024-04-05,703.8238,706.9499,696.2306,696.2503,1552900,COST,716.6026,715.2572,716.4433,706.1067,667.4012,671.8317,599.1776,619.8527
2024-04-08,701.9402,706.2102,701.0133,703.6167,1459000,COST,715.9246,713.9889,717.0923,705.9433,668.8641,672.4279,600.1952,620.6695
2024-04-09,708.6263,709.0799,697.1772,706.3088,1386400,COST,716.1470,713.4782,717.7376,706.0486,670.3832,673.1447,601.2242,621.5447
2024-04-10,712.5610,713.9415,699.1200,701.1415,1832000,COST,715.4419,713.3909,718.3212,706.3039,671.8207,673.9253,602.2717,622.4503
2024-04-11,722.1954,723.6155,714.1092,721.3572,2107800,COST,715.3507,714.2294,718.9649,706.9271,673.2969,674.8811,603.3723,623.4428
2024-04-12,721.1700,722.7380,716.4661,717.9059,1481800,COST,715.3192,714.8904,719.7035,707.4857,674.9380,675.7977,604.4347,624.4152
2024-04-15,708.3206,730.7255,707.9951,725.2327,1808000,COST,714.9567,714.2647,719.9757,707.5184,676.4645,676.4417,605.4209,625.2501
2024-04-16,706.0425,712.4820,702.2558,708.3403,1412300,COST,714.1890,713.4816,720.1037,707.4605,677.9330,677.0279,606.4011,626.0540
2024-04-17,705.2735,713.7641,701.1416,712.9752,1376700,COST,713.3518,712.6999,720.1832,707.3748,679.3601,677.5872,607.3454,626.8423
2024-04-18,701.3881,708.9813,699.7314,705.2734,1846400,COST,711.8988,711.6226,720.1922,707.1400,680.7024,678.0585,608.2574,627.5840
2024-04-19,699.6722,704.9579,692.2664,703.1435,2190400,COST,710.2692,710.4845,719.9897,706.8471,682.0056,678.4865,609.1605,628.3013
2024-04-22,705.5397,708.3008,696.3784,704.9480,1437100,COST,709.3156,710.0135,719.8181,706.7959,683.3333,679.0222,610.1109,629.0699
2024-04-23,712.6595,714.2275,706.3680,709.0602,1176200,COST,708.9073,710.2655,719.8039,707.0258,684.7409,679.6883,611.1560,629.9016
2024-04-24,713.8528,715.3715,706.1610,709.7308,1206600,COST,708.5577,710.6072,719.8331,707.2935,686.2196,680.3648,612.1977,630.7369
2024-04-25,712.9934,718.3567,705.6349,718.3567,1613600,COST,708.1110,710.8344,720.0060,707.5171,687.6426,681.0109,613.2225,631.5554
2024-04-26,720.2236,721.9719,706.2178,706.2178,1524400,COST,707.9986,711.7286,720.1672,708.0154,689.1042,681.7874,614.2433,632.4377
2024-04-29,717.4087,723.2560,711.3737,720.5694,1526900,COST,708.3070,712.2696,720.2261,708.3837,690.5104,682.4928,615.2479,633.2832
2024-04-30,714.0208,716.5987,708.2919,716.5987,1734800,COST,708.9362,712.4364,720.2275,708.6048,691.8224,683.1171,616.1960,634.0865
2024-05-01,713.3491,720.8953,706.5339,713.3986,1609100,COST,709.8084,712.5233,720.1819,708.7908,693.1076,683.7158,617.1107,634.8752
2024-05-02,723.4435,725.3794,711.7785,715.8479,1826900,COST,711.2252,713.5633,720.3909,709.3655,694.4598,684.5024,618.0728,635.7565
2024-05-03,734.7629,738.3087,724.3424,725.2610,2323300,COST,712.7722,715.5823,720.6018,710.3614,695.9269,685.4977,619.0891,636.7416
2024-05-06,747.1586,747.6426,737.3111,740.3829,1773300,COST,715.0331,718.5896,720.9910,711.8045,697.3920,686.7187,620.1537,637.8403
2024-05-07,761.8360,762.7546,746.2893,749.3710,1897800,COST,717.6936,722.7083,721.5274,713.7665,698.9496,688.2062,621.2873,639.0741
2024-05-08,754.0331,763.8906,753.3418,760.5422,1511900,COST,719.7672,725.6916,721.9204,715.3456,700.3088,689.5097,622.3528,640.2179
2024-05-09,769.4711,770.1329,754.2307,754.4183,1716200,COST,722.1310,729.8611,722.5580,717.4681,701.9304,691.0931,623.4895,641.5040
2024-05-10,777.5211,777.7779,768.6019,769.4711,1652700,COST,724.9485,734.4001,723.4369,719.8232,703.3625,692.8045,624.6617,642.8574
2024-05-13,765.6288,779.7827,764.0781,778.3209,1596800,COST,727.8140,737.3743,723.9685,721.6195,704.4599,694.2466,625.7952,644.0791
2024-05-14,768.3451,771.2193,761.9545,765.4115,1327700,COST,730.9291,740.3239,724.3624,723.4518,705.6181,695.7139,626.9352,645.3155
2024-05-15,777.3729,779.9607,768.9576,768.9576,1661700,COST,734.5340,743.8524,724.9216,725.5664,707.0278,697.3309,628.1331,646.6295
2024-05-16,783.3289,794.6778,778.1533,782.0844,2000000,COST,738.6311,747.6120,725.3378,727.8316,708.4570,699.0338,629.3857,647.9897
2024-05-17,786.0351,787.8031,780.8990,783.8621,1309100,COST,742.9492,751.2714,725.5645,730.1141,709.8512,700.7566,630.6667,649.3633
2024-05-20,783.2597,793.1171,782.6572,785.4821,1347100,COST,746.8352,754.3179,726.9197,732.1982,711.1886,702.3903,631.9083,650.6956
2024-05-21,791.0922,791.5960,782.2719,785.7981,1375700,COST,750.7569,757.8202,728.6580,734.5078,712.5336,704.1468,633.2161,652.0926
2024-05-22,792.0108,796.4456,788.2081,790.2132,1192800,COST,754.6648,761.0765,729.9650,736.7628,713.9243,705.8867,634.4980,653.4848
2024-05-23,786.5588,798.1249,785.6599,794.4210,1519200,COST,758.3430,763.5033,731.2157,738.7156,715.2902,707.4842,635.7636,654.8089
2024-05-24,799.7841,806.8364,789.2748,790.7959,1623000,COST,762.3211,766.9586,732.7754,741.1104,716.8811,709.3119,637.0781,656.2515
2024-05-28,803.1819,805.2759,794.8357,799.7941,1986300,COST,766.6097,770.4085,734.5277,743.5446,718.5648,711.1707,638.4011,657.7135
2024-05-29,796.6136,803.4486,796.3864,797.1074,2282800,COST,770.7394,772.9042,736.0320,745.6257,720.1467,712.8626,639.6842,659.0956
2024-05-30,805.3253,809.4342,798.3718,800.2484,2277800,COST,775.3382,775.9919,737.6982,747.9669,721.7403,714.6936,641.0179,660.5506
2024-05-31,799.9423,801.7695,778.5187,799.0928,4360700,COST,779.1631,778.2729,739.0880,750.0052,723.2242,716.3817,642.3390,661.9376
2024-06-03,805.3747,817.7409,797.2161,801.0386,2008700,COST,782.6937,780.8540,740.5502,752.1765,724.7083,718.1439,643.6846,663.3648
2024-06-04,817.2272,817.8396,803.0535,804.9696,1754500,COST,786.1971,784.3182,742.4025,754.7275,726.2560,720.1060,645.1468,664.8958
2024-06-05,824.0523,824.1412,811.5873,820.7039,2080000,COST,789.3079,788.1024,744.4671,757.4461,727.8638,722.1643,646.6534,666.4794
2024-06-06,832.2900,838.6608,824.0722,825.1586,1735000,COST,793.2208,792.3107,746.6960,760.3812,729.4590,724.3450,648.2096,668.1293
2024-06-07,835.1937,839.9348,831.9441,836.2802,1593600,COST,796.5069,796.3948,748.9613,763.3150,731.1003,726.5400,649.8035,669.7916
2024-06-10,837.9199,839.0459,832.3887,836.7741,1401600,COST,799.5269,800.3496,751.2703,766.2407,732.7424,728.7456,651.3991,671.4645
2024-06-11,838.8781,840.4880,829.9392,838.8089,1690500,COST,803.1893,804.0190,753.8230,769.0892,734.3633,730.9264,653.0385,673.1303
2024-06-12,837.3965,845.2291,833.2481,841.8412,1838300,COST,806.6419,807.1978,756.5422,771.7679,735.8940,733.0347,654.6595,674.7648
2024-06-13,835.5693,837.3965,827.2625,837.3965,1322400,COST,809.5517,809.8998,759.3355,774.2699,737.4307,735.0651,656.2609,676.3649
2024-06-14,845.1599,845.6636,831.5689,833.0603,1395500,COST,812.6433,813.2579,762.3366,777.0499,739.1117,737.2452,657.8786,678.0444
2024-06-17,857.2495,859.8670,842.8881,843.9944,1904900,COST,816.2040,817.4476,765.4051,780.1950,740.9242,739.6215,659.5592,679.8276
2024-06-18,860.0547,863.2253,857.0422,857.3385,1763800,COST,820.0437,821.5054,768.5674,783.3268,742.8298,742.0064,661.2201,681.6209
2024-06-20,851.8467,863.1165,849.9898,860.6077,1944600,COST,823.0815,824.3951,771.4318,786.0138,744.5847,744.1814,662.8642,683.3146
2024-06-21,837.8903,856.3211,837.2385,855.9952,3833100,COST,825.3754,825.6803,773.9384,788.0482,746.1298,746.0370,664.4361,684.8527
2024-06-24,837.7421,840.1818,831.1738,839.5596,1722900,COST,827.9346,826.8291,776.2493,789.9970,747.6071,747.8530,665.9979,686.3740
2024-06-25,845.0019,845.1797,834.6210,838.8879,1564200,COST,830.1955,828.5598,778.7259,792.1540,749.2147,749.7767,667.5867,687.9524
2024-06-26,846.3156,849.1799,839.6188,842.2461,1505300,COST,832.3522,830.2508,781.4858,794.2780,750.7308,751.6884,669.1697,689.5281
2024-06-27,840.1719,847.7872,838.2162,847.1748,1254900,COST,834.5301,831.1957,784.1684,796.0778,752.1361,753.4405,670.6856,691.0271
2024-06-28,839.5497,846.7107,836.4088,840.7943,2131700,COST,836.2413,831.9913,786.8540,797.7826,753.5186,755.1457,672.1983,692.5049
2024-07-01,835.2826,845.4857,830.1761,843.0164,1989000,COST,838.0083,832.3048,789.5318,799.2532,754.8620,756.7325,673.6850,693.9256
2024-07-02,848.8045,849.7922,832.7245,835.3024,1377900,COST,840.1798,833.8762,792.5145,801.1963,756.2521,758.5557,675.2152,695.4667
2024-07-03,852.0641,852.9136,844.4982,844.4982,814400,COST,841.9217,835.6084,795.4450,803.1912,757.6315,760.4074,676.8021,697.0249
2024-07-05,874.7915,876.0459,848.1725,853.9408,2620700,COST,844.4586,839.3401,798.6876,805.9990,759.2458,762.6724,678.4721,698.7937
2024-07-08,870.0209,877.0435,866.8799,875.8977,1611300,COST,846.3452,842.2621,801.8110,808.5097,760.8220,764.7981,680.1104,700.4974
2024-07-09,875.9570,885.6564,872.1246,872.9938,1356800,COST,848.3833,845.4711,805.0702,811.1547,762.5381,766.9993,681.7809,702.2433
2024-07-10,873.4481,879.3349,869.8824,876.5001,1755800,COST,850.1597,848.1356,808.1347,813.5975,764.1510,769.1072,683.4809,703.9468
2024-07-11,836.1915,879.8189,836.1223,879.8189,6021100,COST,850.0254,846.9980,810.5104,814.4836,765.3682,770.4356,684.9778,705.2627
2024-07-12,832.5469,839.5596,828.0824,839.4510,3288400,COST,849.7829,845.6217,812.8809,815.1919,766.5542,771.6655,686.4563,706.5292
2024-07-15,838.3052,847.3626,834.2950,836.4581,2064000,COST,849.9197,844.9249,815.3800,816.0983,767.7810,772.9851,687.9907,707.8404
2024-07-16,840.3202,840.7844,831.0060,837.3866,1687600,COST,849.6777,844.4864,817.7176,817.0482,769.0542,774.3185,689.4845,709.1586
2024-07-17,835.8853,839.5102,832.2998,837.5940,1783100,COST,848.6095,843.6672,819.7400,817.7869,770.1709,775.5376,690.9316,710.4196
2024-07-18,829.0602,844.7945,814.9753,838.9966,2338500,COST,847.0598,842.2761,821.3780,818.2290,771.1845,776.5975,692.3622,711.6001
2024-07-19,827.8354,838.4533,825.2969,826.2353,1984400,COST,845.8592,840.9008,822.6980,818.6057,772.1127,777.6121,693.7561,712.7567
2024-07-22,837.0112,839.1546,828.2996,835.3618,1920200,COST,845.8153,840.5303,824.3576,819.3275,773.1390,778.7883,695.2261,713.9930
2024-07-23,841.6436,844.0833,835.1939,838.4731,1744100,COST,846.0104,840.6364,825.8010,820.2027,774.1795,780.0330,696.6867,715.2632
2024-07-24,820.6152,835.6087,819.3114,834.2259,2511300,COST,844.7910,838.7296,826.6629,820.2188,775.0499,780.8366,698.0532,716.3115
2024-07-25,805.9278,826.3736,804.2783,825.5241,2183700,COST,842.7716,835.6056,827.4689,819.6584,775.7187,781.3334,699.4038,717.2032
2024-07-26,808.7072,813.3364,800.2107,809.1029,1441500,COST,841.1984,833.0439,828.2762,819.2289,776.3193,781.8755,700.7614,718.1136
2024-07-29,806.6894,814.7804,805.2354,813.6133,1320400,COST,839.5554,830.5339,828.8625,818.7372,776.8920,782.3669,702.0939,718.9950
2024-07-30,801.2196,813.0594,794.5430,809.1029,2017200,COST,837.8522,827.7421,829.2203,818.0502,777.2790,782.7402,703.3826,719.8132
2024-07-31,813.0593,816.5015,802.4461,811.4965,2135000,COST,836.0650,826.3437,829.7608,817.8545,777.6627,783.3406,704.7389,720.7410
2024-08-01,808.0050,815.2058,800.8734,809.6469,1861400,COST,833.8620,824.5972,830.2557,817.4683,778.5877,783.8290,706.0551,721.6093
2024-08-02,813.1385,821.2592,796.2541,807.3224,2598500,COST,830.7794,823.5059,830.6966,817.2985,779.6773,784.4093,707.3711,722.5200
2024-08-05,793.1088,802.0010,784.3748,789.3205,2820900,COST,826.9338,820.6109,830.7186,816.3499,780.3418,784.5816,708.5769,723.2224
2024-08-06,807.9951,824.0288,796.3036,796.3036,2476300,COST,823.5357,819.4094,831.1473,816.0222,781.1815,785.0452,709.8556,724.0659
2024-08-07,801.4867,824.7608,800.4580,815.1465,1702000,COST,819.9376,817.7025,831.1814,815.4522,781.9784,785.3708,711.1451,724.8363
2024-08-08,830.2998,833.5936,811.5263,812.5648,2345000,COST,819.6430,818.9022,831.7237,816.0345,783.1257,786.2605,712.6397,725.8856
2024-08-09,845.6312,848.4403,828.5193,829.3799,1710600,COST,820.2972,821.4478,832.7041,817.1951,784.3680,787.4362,714.2141,727.0771
2024-08-12,854.1774,860.7847,843.1289,847.9261,1748200,COST,821.0908,824.5649,833.6811,818.6454,785.6896,788.7578,715.8333,728.3418
2024-08-13,855.4136,858.6084,846.8477,855.5125,1484100,COST,821.8455,827.5029,834.7905,820.0873,786.9393,790.0777,717.4676,729.6062
2024-08-14,853.3267,857.3029,849.1624,855.4631,1341500,COST,822.7176,829.9623,835.7496,821.3908,788.1499,791.3301,719.1029,730.8373
2024-08-15,867.8073,870.7549,859.5482,863.3761,1923800,COST,824.6549,833.5666,836.7612,823.2110,789.5819,792.8445,720.8326,732.2001
2024-08-16,861.1208,867.8073,859.1722,867.8073,1516300,COST,826.3192,836.1908,837.5025,824.6977,790.9848,794.1965,722.4719,733.4829
2024-08-19,862.8618,864.1279,859.2515,861.1209,1318400,COST,827.6117,838.7309,838.1140,826.1943,792.4050,795.5563,724.1317,734.7703
2024-08-20,866.6698,867.2237,861.6945,862.5155,1104600,COST,828.8630,841.3917,838.7435,827.7816,793.8524,796.9644,725.7895,736.0827
2024-08-21,871.8331,881.4276,867.6787,871.1605,1465500,COST,831.4239,844.2909,839.4218,829.5091,795.3460,798.4470,727.4723,737.4335
2024-08-22,868.0150,874.3850,863.6826,872.7034,1440900,COST,834.5283,846.5504,840.0045,831.0191,796.9138,799.8246,729.1122,738.7328
2024-08-23,869.6470,874.9388,862.1890,872.8913,1305800,COST,837.5753,848.7500,840.6495,832.5340,798.5959,801.2072,730.7173,740.0354
2024-08-26,882.8025,883.5344,871.8529,873.5641,1737000,COST,841.3809,851.9931,841.5942,834.5053,800.4648,802.8229,732.3813,741.4560
2024-08-27,899.0142,908.9350,877.4216,882.9805,2098900,COST,846.2707,856.4713,842.6713,837.0350,802.5039,804.7277,734.1450,743.0237
2024-08-28,878.3909,902.2980,872.0704,901.0518,1668400,COST,849.5373,858.5589,843.0941,838.6568,804.2496,806.1864,735.8254,744.3707
2024-08-29,876.9865,890.6660,875.5423,881.3089,1709900,COST,852.9863,860.3139,843.4327,840.1600,806.0000,807.5884,737.4321,745.6902
2024-08-30,882.6738,886.5809,873.4947,880.8143,1933500,COST,856.4631,862.4434,844.0493,841.8272,807.7405,809.0752,739.0619,747.0533
2024-09-03,869.0141,887.1348,864.9290,886.9271,1784200,COST,860.2584,863.0692,844.6717,842.8933,809.3051,810.2621,740.5629,748.2668
2024-09-04,880.3395,882.0606,867.0556,867.9063,1425200,COST,863.8756,864.7140,845.5237,844.3618,810.8865,811.6498,742.0917,749.5809
2024-09-05,876.3435,878.9647,859.2515,878.9647,1998800,COST,867.6184,865.8216,846.1505,845.6160,812.4382,812.9309,743.6881,750.8423
2024-09-06,867.1447,883.4850,861.5264,881.5661,2074600,COST,869.4607,865.9476,846.5671,846.4603,814.0265,814.0044,745.2455,751.9995
2024-09-09,886.7391,889.0536,872.1100,875.1169,1954000,COST,871.5161,867.9277,847.4984,848.0398,815.8334,815.4447,746.8832,753.3402
2024-09-10,884.5630,890.8935,877.8667,882.8914,1360800,COST,873.0353,869.5120,848.3987,849.4721,817.6263,816.8134,748.4932,754.6459
2024-09-11,890.6067,892.1893,868.3217,885.2654,1796100,COST,874.7950,871.5211,849.5052,851.0852,819.5185,818.2746,750.1105,755.9987
2024-09-12,905.0775,905.7401,886.7589,890.6263,1867300,COST,877.3825,874.7169,850.6307,853.2026,821.5726,819.9935,751.7891,757.4821
2024-09-13,906.0369,913.7818,899.4691,903.6927,1327500,COST,879.2940,877.6998,851.7101,855.2745,823.5775,821.6973,753.4554,758.9603
2024-09-16,897.9954,912.5949,895.5028,911.9717,1661000,COST,881.1377,879.6327,852.1742,856.9498,825.4309,823.2082,755.0859,760.3437
2024-09-17,887.5107,898.7175,885.7105,898.5493,1387000,COST,882.3702,880.3830,852.5240,858.1483,827.1675,824.4815,756.6935,761.6090
2024-09-18,882.8123,895.1368,881.2594,890.1516,1338200,COST,883.1773,880.6143,852.6611,859.1155,828.8657,825.6366,758.2542,762.8151
2024-09-19,890.9429,895.2851,885.7599,894.4246,1747500,COST,884.1328,881.5980,853.0110,860.3636,830.5729,826.9298,759.8385,764.0900
2024-09-20,897.1151,897.9360,885.9578,891.7639,4658200,COST,885.5878,883.0758,854.2295,861.8049,832.3699,828.3196,761.4402,765.4136
2024-09-23,907.1052,909.4988,890.9825,897.1150,1697600,COST,887.4607,885.3643,855.7206,863.5814,834.3008,829.8797,763.0616,766.8235
2024-09-24,891.7343,902.8421,887.7679,902.0904,2432600,COST,887.9073,885.9710,856.7892,864.6854,836.0846,831.1045,764.5961,768.0663
2024-09-25,898.5394,900.4583,891.3287,893.1784,1728100,COST,887.8836,887.1680,857.9536,866.0130,837.8356,832.4399,766.1477,769.3646
2024-09-26,891.6353,899.3505,888.3613,895.4533,2738600,COST,888.5458,887.5934,859.0686,867.0178,839.4043,833.6121,767.6656,770.5812
2024-09-27,875.9873,883.7717,864.4937,883.5442,3459100,COST,888.4958,886.4881,860.0071,867.3695,840.6926,834.4512,769.0423,771.6300
2024-09-30,876.8776,900.1022,871.8231,881.6748,2142900,COST,888.2060,885.5728,860.9880,867.7424,841.8430,835.2913,770.3963,772.6773
2024-10-01,867.8370,877.3424,863.2573,875.6214,1836700,COST,888.1472,883.8837,861.6045,867.7461,842.9810,835.9358,771.6449,773.6241
2024-10-02,868.9746,871.6452,857.7282,865.1368,1317100,COST,887.5789,882.4638,862.1511,867.7943,843.9761,836.5900,772.9532,774.5729
2024-10-03,866.1456,871.5957,863.1783,864.9290,1451900,COST,887.0690,880.9097,863.0617,867.7296,844.8623,837.1753,774.1124,775.4841
2024-10-04,873.5046,874.6718,866.1456,868.4403,1516400,COST,887.3870,880.2044,864.4133,867.9561,845.9411,837.8947,775.2005,776.4594
2024-10-07,864.0883,878.0547,862.8420,872.0111,1963200,COST,886.2545,878.6696,865.5209,867.8044,846.8985,838.4133,776.2583,777.3313
2024-10-08,880.7352,881.6156,867.1645,867.1645,1697900,COST,886.0631,878.8663,867.0018,868.3115,847.9321,839.2514,777.4800,778.3602
2024-10-09,899.2119,900.1021,878.2128,882.5353,1956500,COST,886.4934,880.8040,868.9616,869.5233,849.0910,840.4387,778.7740,779.5627
2024-10-10,883.9103,900.1022,882.1398,900.1022,1765800,COST,885.4350,881.0998,870.3787,870.0875,850.0697,841.2996,779.9605,780.6010
2024-10-11,879.3604,884.7708,875.8687,884.7708,1527300,COST,884.1012,880.9341,871.8058,870.4511,851.0307,842.0532,781.1097,781.5837
2024-10-14,880.0824,885.4335,876.6205,882.7431,1431500,COST,883.2055,880.8530,873.1447,870.8288,851.9206,842.8063,782.2271,782.5638
2024-10-15,884.8796,890.8539,879.8746,882.3870,1613900,COST,883.0740,881.2365,874.9801,871.3798,852.8493,843.6394,783.3868,783.5818
2024-10-16,877.7282,881.6353,869.9339,880.2406,1475500,COST,882.8198,880.9024,876.3747,871.6288,853.7610,844.3144,784.5256,784.5186
2024-10-17,875.6609,885.5918,873.1980,881.8628,1321500,COST,882.0557,880.4032,877.8582,871.7869,854.5198,844.9352,785.7005,785.4255
2024-10-18,879.8845,880.9231,874.1377,876.1259,1654000,COST,881.1941,880.3538,878.8499,872.1045,855.2868,845.6272,786.9258,786.3654
2024-10-21,877.1248,881.7045,874.0882,879.3305,1184900,COST,879.6951,880.0463,879.4798,872.3014,856.0919,846.2509,788.1193,787.2685
2024-10-22,883.7718,885.1566,874.6916,881.2891,1189700,COST,879.2970,880.4011,880.0717,872.7512,856.8764,846.9939,789.3083,788.2287
2024-10-23,889.3900,895.8292,885.2554,886.2743,2193500,COST,878.8395,881.2572,880.7512,873.4037,857.7709,847.8335,790.4975,789.2353
2024-10-24,883.7025,893.6729,878.5987,891.6946,1649600,COST,878.4429,881.4901,881.3587,873.8076,858.5541,848.5437,791.6312,790.1753
2024-10-25,881.5265,891.8134,880.3198,885.9084,1425800,COST,878.7198,881.4935,881.6331,874.1103,859.1971,849.1969,792.7265,791.0842
2024-10-28,881.2693,886.2446,880.3198,886.2446,912500,COST,878.9394,881.4722,882.0361,874.3910,859.7693,849.8320,793.8166,791.9816
2024-10-29,877.3424,881.4769,864.5828,880.3197,1361700,COST,879.4147,881.0789,882.3257,874.5067,860.2198,850.3767,794.8394,792.8310
2024-10-30,869.5284,876.9271,867.8271,876.7391,1412200,COST,879.4424,879.9788,882.3829,874.3115,860.5632,850.7560,795.8318,793.5941
2024-10-31,864.6718,868.1040,859.2019,867.6589,1771900,COST,879.3687,878.5210,882.2396,873.9335,860.8307,851.0315,796.7866,794.3014
2024-11-01,868.9208,871.0007,859.0461,865.9099,1625200,COST,879.1395,877.6067,882.2577,873.7369,861.1311,851.3858,797.7472,795.0438
2024-11-04,877.5971,878.5182,868.3464,872.9124,1576700,COST,879.8149,877.6058,882.4167,873.8883,861.5331,851.9048,798.7136,795.8653
2024-11-05,881.6578,887.0161,878.3201,879.5086,1622300,COST,879.8611,877.9917,882.3939,874.1930,861.9940,852.4940,799.7123,796.7189
2024-11-06,890.6510,891.2948,877.8051,889.6903,2437400,COST,879.4330,879.1973,882.2266,874.8384,862.4489,853.2496,800.7803,797.6536
2024-11-07,905.1906,910.6875,885.8177,890.0270,2145500,COST,880.4970,881.6729,882.7626,876.0287,862.9283,854.2781,801.9263,798.7236
2024-11-08,934.7750,952.8009,905.0123,905.2599,3277100,COST,883.2678,886.7302,883.9184,878.3324,863.6755,855.8721,803.2527,800.0773
2024-11-11,923.9595,942.1836,922.5333,934.7751,2181800,COST,885.4616,890.2759,884.7441,880.1217,864.3967,857.2204,804.4907,801.3100
2024-11-12,923.4642,930.5755,918.1356,927.0000,1691400,COST,887.3909,893.4367,885.8331,881.8215,865.2524,858.5321,805.6911,802.5255
2024-11-13,924.8013,928.6244,914.3720,921.1070,1757600,COST,889.7445,896.4238,886.7223,883.5069,866.1230,859.8444,806.8650,803.7421
2024-11-14,915.0554,922.2459,913.3518,918.1356,1859900,COST,891.7142,898.1982,887.4965,884.7441,866.8235,860.9377,808.0191,804.8497
2024-11-15,898.3963,911.7474,896.9007,908.9643,2269900,COST,892.6398,898.2171,888.1216,885.2795,867.3443,861.6794,809.0376,805.7805
2024-11-18,910.7173,917.0859,898.4359,901.9322,1797300,COST,894.3194,899.4076,888.6011,886.2771,868.0498,862.6505,810.0929,806.8247
2024-11-19,921.2556,925.0688,907.5974,919.1262,1690500,COST,896.1936,901.4883,889.3350,887.6488,868.8669,863.8110,811.1927,807.9633
2024-11-20,919.2053,919.9184,907.7360,916.2340,1452100,COST,897.6844,903.1757,889.9070,888.8863,869.7061,864.9079,812.2841,809.0702
2024-11-21,946.5118,949.3246,921.1070,926.0592,2320500,COST,900.8249,907.3029,890.7356,891.1461,870.6832,866.5238,813.4676,810.4378
2024-11-22,954.7918,966.9643,949.3543,953.5339,2078700,COST,904.4881,911.8257,891.7107,893.6420,871.7104,868.2717,814.6710,811.8741
2024-11-25,951.7016,965.6767,940.6087,965.6767,3240900,COST,908.0098,915.6234,892.7849,895.9189,872.4795,869.9238,815.8626,813.2654
2024-11-26,962.2101,965.0526,951.7016,954.7818,1438000,COST,912.2531,920.0602,894.2789,898.5185,873.4014,871.7512,817.1117,814.7475
2024-11-27,952.3553,962.9926,949.4236,962.1706,1499500,COST,916.3945,923.1359,895.6697,900.6298,874.1654,873.3473,818.3518,816.1167
2024-11-29,962.5865,963.9632,953.2664,958.8328,1095900,COST,921.2902,926.8931,897.1026,903.0594,875.0568,875.1144,819.6039,817.5741
2024-12-02,965.6766,967.1622,955.5345,962.0714,1955800,COST,926.1280,930.5868,898.4738,905.5150,876.3516,876.9078,820.8599,819.0478
2024-12-03,972.7583,973.6001,961.4772,965.3696,1653900,COST,930.8861,934.6031,899.7869,908.1520,877.7538,878.8058,822.1540,820.5772
2024-12-04,981.4444,981.6722,968.2023,972.6097,1784700,COST,935.8754,939.0642,901.5811,911.0262,879.1851,880.8382,823.4831,822.1779
2024-12-05,972.8672,980.6619,968.8460,977.2251,2089400,COST,939.9862,942.2835,903.0676,913.4514,880.5106,882.6606,824.7824,823.6773
2024-12-06,983.1183,988.1696,972.8673,972.8673,1737300,COST,943.8826,946.1726,904.8973,916.1834,881.9829,884.6498,826.0769,825.2638
2024-12-09,978.4138,987.4763,971.1242,987.4763,1855500,COST,946.0645,949.2431,906.9458,918.6238,883.4765,886.5066,827.3305,826.7877
2024-12-10,983.9007,985.4755,976.4526,980.2657,1556800,COST,949.0616,952.5439,909.0863,921.1837,885.0371,888.4352,828.5749,828.3510
2024-12-11,985.1783,998.1630,984.0889,985.4854,1903600,COST,952.1473,955.6519,911.4331,923.6933,886.5188,890.3509,829.8289,829.9114
2024-12-12,978.9386,992.8839,977.7699,992.1015,2344300,COST,954.8542,957.8697,913.6324,925.8598,887.8918,892.1051,831.0356,831.3943
2024-12-13,979.8894,997.0537,956.4953,971.6193,2951900,COST,958.0959,959.9668,915.9073,927.9786,889.4845,893.8434,832.2672,832.8719
2024-12-16,983.3758,998.6087,976.9379,979.5923,2581300,COST,962.3448,962.1962,918.1047,930.1510,891.2590,895.6163,833.4889,834.3694
2024-12-17,972.6890,987.3870,971.3816,984.4950,2050200,COST,965.4434,963.1955,920.2767,931.8192,892.8988,897.1425,834.6090,835.7457
2024-12-18,955.5147,976.1752,954.7818,972.6097,2725300,COST,967.1564,962.4640,921.7723,932.7484,894.3871,898.2984,835.6395,836.9375
2024-12-19,945.6699,965.3202,944.3922,965.1914,2610800,COST,968.4796,960.8646,922.7015,933.2551,895.8316,899.2364,836.5553,838.0194
2024-12-20,944.9468,952.7415,934.0321,940.3115,5373800,COST,968.4013,959.3486,923.9222,933.7136,897.1504,900.1416,837.4065,839.0833
2024-12-23,940.8265,945.1349,928.0400,944.7585,1856800,COST,967.7031,957.5846,925.1515,933.9926,898.4786,900.9472,838.5332,840.0957
2024-12-24,949.6514,950.2060,936.4092,941.6486,939000,COST,967.6006,956.8290,926.5429,934.6066,899.8438,901.9117,839.7605,841.1858
2024-12-26,946.9970,950.2357,944.8775,947.6705,969000,COST,966.8399,955.8927,927.7852,935.0925,901.3827,902.8044,840.8622,842.2386
2024-12-27,930.7141,941.3613,923.0877,939.6478,1943400,COST,965.7579,953.4947,928.8450,934.9208,902.6098,903.3571,841.8957,843.1190
2024-12-30,913.3914,925.2370,906.7456,922.0973,1881200,COST,963.2981,949.6753,929.5996,934.0765,903.7289,903.5558,842.8536,843.8182
2024-12-31,907.5083,915.8973,903.8139,914.8177,1742900,COST,960.3897,945.6594,930.1520,933.0346,904.5010,903.6341,843.8133,844.4520
2025-01-02,901.1100,916.9174,893.3747,906.2504,1765100,COST,956.8073,941.4166,930.6317,931.7827,905.0558,903.5841,844.7119,845.0157
2025-01-03,907.8152,915.3723,902.2886,905.5868,1612200,COST,953.1258,938.2165,931.1126,930.8428,905.5921,903.6679,845.6409,845.6406
2025-01-06,913.8867,918.5417,904.5369,909.2018,1970400,COST,950.1768,935.8994,931.6025,930.1778,906.1769,903.8702,846.5581,846.3197
2025-01-07,912.5595,922.4045,907.6667,915.0059,1888000,COST,946.6488,933.6765,932.1797,929.4869,906.7692,904.0423,847.4596,846.9788
2025-01-08,918.5020,921.6021,906.6663,914.1540,1774800,COST,943.6533,932.2313,932.9192,929.0561,907.2761,904.3286,848.4290,847.6904
2025-01-10,927.9806,935.2504,914.6691,924.4348,2765800,COST,940.8573,931.8265,933.8534,929.0140,907.9447,904.7970,849.4648,848.4893
2025-01-13,915.8577,926.0492,912.1930,925.0687,1693800,COST,937.3912,930.3057,934.6237,928.4980,908.4747,905.0160,850.4398,849.1597
2025-01-14,908.4590,918.8884,901.2189,915.4614,1683800,COST,933.8672,928.2250,935.4023,927.7122,908.8926,905.0842,851.3725,849.7497
2025-01-15,914.6691,923.9495,909.5188,918.3931,1839400,COST,930.6062,926.9340,936.4023,927.2007,909.3210,905.2740,852.3335,850.3957
2025-01-16,910.9550,918.5318,909.0434,915.8873,1353000,COST,926.9852,925.4122,937.2430,926.5636,909.7504,905.3865,853.3321,850.9983
2025-01-17,934.1708,934.7750,915.7289,921.1070,2375000,COST,925.0593,926.2463,938.3744,926.8619,910.3956,905.9565,854.4957,851.8259
2025-01-21,938.6674,947.4031,934.4779,936.2112,2042400,COST,924.2169,927.4293,939.5146,927.3249,910.9542,906.6042,855.7095,852.6899
2025-01-22,935.6664,942.8372,930.2586,942.1340,2155000,COST,923.7167,928.2138,940.4149,927.6520,911.3208,907.1797,856.9123,853.5156
2025-01-23,933.1506,934.3689,927.5349,932.6852,1352400,COST,923.1269,928.6840,940.9741,927.8676,911.8684,907.6940,858.0590,854.3080
2025-01-24,930.6944,936.9936,924.6329,933.1507,1562400,COST,922.6203,928.8754,940.8925,927.9785,912.4054,908.1494,859.2027,855.0680
2025-01-27,956.0198,957.7431,918.3138,921.1069,3044700,COST,922.9388,931.4606,941.5337,929.0782,913.1389,909.0974,860.4397,856.0725
2025-01-28,949.5028,956.4755,944.9468,952.6326,2166400,COST,923.0640,933.1789,942.0545,929.8791,913.9438,909.8975,861.6244,857.0022
2025-01-29,954.8017,959.0011,945.8679,948.6411,1713700,COST,924.2684,935.2382,942.6545,930.8565,914.6884,910.7867,862.7875,857.9753
2025-01-30,969.6484,977.3144,960.8235,961.0216,1788200,COST,927.0813,938.5154,943.7464,932.3777,915.6215,911.9522,864.0298,859.0865
2025-01-31,970.5100,981.5237,966.4492,966.9048,1873800,COST,930.2314,941.5625,945.1887,933.8731,916.6551,913.1118,865.3408,860.1952
2025-02-03,996.2119,999.9557,959.6746,963.0916,2751000,COST,934.9865,946.7672,946.8985,936.3178,917.7498,914.7573,866.7916,861.5486
2025-02-04,1012.0886,1014.5547,990.0910,995.7860,2001600,COST,940.2001,952.9883,948.7152,939.2892,919.0251,916.6847,868.3257,863.0465
2025-02-05,1032.9076,1033.1155,1010.2464,1010.2464,2047600,COST,946.1512,960.5996,950.9893,942.9605,920.4481,918.9861,869.9833,864.7367
2025-02-06,1040.9401,1052.8352,1034.2150,1039.9595,2218000,COST,952.5702,968.2511,952.8778,946.8028,921.8067,921.4011,871.6897,866.4899
2025-02-07,1034.9711,1047.7617,1026.7413,1038.1340,1632900,COST,958.3936,974.6054,954.4814,950.2604,923.0961,923.6500,873.3368,868.1663
2025-02-10,1052.9276,1053.9984,1037.1424,1043.0916,2036900,COST,964.6410,982.0646,956.5059,954.2866,924.6454,926.2099,875.0381,870.0048
2025-02-11,1049.3779,1056.9731,1040.1568,1050.9347,1748500,COST,971.3170,988.4754,958.2493,958.0156,926.2641,928.6489,876.7158,871.7896
2025-02-12,1056.1006,1057.9647,1042.1002,1045.2235,1662300,COST,978.6991,994.9159,960.3242,961.8621,927.9970,931.1727,878.4313,873.6235
2025-02-13,1067.7412,1069.0996,1055.6346,1057.9746,1623300,COST,986.3527,1001.8517,962.4273,966.0142,929.7649,933.8770,880.1689,875.5550
2025-02-14,1062.7736,1068.3658,1058.9661,1067.3644,1410700,COST,993.9436,1007.6538,964.3692,969.8087,931.4215,936.4294,881.8957,877.4179
2025-02-18,1047.0874,1061.9306,1036.3887,1060.1557,2090600,COST,999.5895,1011.4093,965.8558,972.8392,932.8213,938.6207,883.5611,879.1062
2025-02-19,1053.5424,1054.1770,1044.0831,1047.1173,1349600,COST,1005.3332,1015.4220,967.2978,976.0041,934.4394,940.8964,885.2620,880.8418
2025-02-20,1026.0669,1044.7177,1025.0952,1044.7177,2000500,COST,1009.8532,1016.4358,968.3618,977.9673,935.7147,942.5829,886.7751,882.2869
2025-02-21,1026.2654,1027.4353,1016.0030,1025.8489,1816300,COST,1014.5090,1017.3720,969.2247,979.8614,937.0610,944.2400,888.2327,883.7195
2025-02-24,1026.8304,1029.3985,1016.5383,1019.8303,1759700,COST,1019.3158,1018.2728,970.1930,981.7033,938.5694,945.8754,889.6310,885.1435
2025-02-25,1046.7206,1048.0690,1028.6746,1031.9170,2083800,COST,1023.8508,1020.9821,971.4494,984.2530,940.2679,947.8724,891.0554,886.7512
2025-02-26,1023.2311,1049.9232,1021.4563,1041.2473,1555700,COST,1027.5372,1021.1963,972.2105,985.7815,941.8218,949.3646,892.4014,888.1092
2025-02-27,1013.0581,1033.7018,1010.2025,1025.2440,1629100,COST,1030.4500,1020.4212,972.8929,986.8512,943.2626,950.6259,893.6194,889.3525
2025-02-28,1039.7303,1040.4938,1015.3188,1021.8828,3307100,COST,1033.9541,1022.2602,974.0897,988.9249,944.9985,952.3903,894.9304,890.8488
2025-03-03,1037.9852,1056.9731,1032.3236,1042.8338,2422500,COST,1037.3279,1023.7578,975.1819,990.8488,946.6433,954.0853,896.2922,892.3128
2025-03-04,1028.0897,1039.0561,1020.0186,1036.8747,2536800,COST,1038.9218,1024.1704,976.2899,992.3093,948.2833,955.5507,897.5909,893.6638
2025-03-05,1038.8777,1042.0803,1019.7907,1024.3319,1898600,COST,1040.2612,1025.5711,977.9572,994.1355,949.8647,957.2007,898.8984,895.1088
2025-03-06,1017.9265,1037.0334,1010.4206,1024.2029,2594600,COST,1039.5122,1024.8430,979.4023,995.0685,951.0519,958.4032,900.0714,896.3308
2025-03-07,956.1442,993.9314,934.7965,986.7230,5510700,COST,1035.2724,1018.3003,979.6262,993.5420,951.7742,958.3585,900.9220,896.9260
2025-03-10,926.4974,951.5336,916.2053,947.3790,4459900,COST,1029.8487,1009.5571,979.3397,990.9128,952.2456,957.7276,901.6382,897.2202
2025-03-11,922.6105,930.0569,913.3992,923.1162,3204900,COST,1023.3329,1001.2765,978.7988,988.2343,952.6709,957.0322,902.2957,897.4729
2025-03-12,919.2294,936.3829,915.4318,930.0569,2331600,COST,1016.8254,993.4625,978.2435,985.5282,953.0144,956.2836,902.9318,897.6894
2025-03-13,883.0782,915.6798,879.9548,914.1925,3447200,COST,1008.1743,982.9497,977.2908,981.5106,953.0679,954.8340,903.4144,897.5440
2025-03-14,896.2655,899.2699,874.0949,884.2581,3186400,COST,999.6005,974.6941,976.9482,978.1676,953.2739,953.6742,903.8968,897.5312
2025-03-17,908.8481,915.5708,890.3957,893.9950,2256100,COST,991.9043,968.4230,976.9750,975.4492,953.5635,952.7866,904.4252,897.6439
2025-03-18,890.4452,909.7900,889.2455,905.2686,2182000,COST,984.0721,960.9966,976.7617,972.1157,953.6967,951.5521,904.8943,897.5722
2025-03-19,896.3944,902.4527,888.4126,895.2145,1908500,COST,976.2147,954.8440,976.5333,969.1463,953.8230,950.4599,905.3497,897.5605
2025-03-20,887.8177,899.7954,886.5287,893.8661,1891800,COST,969.3023,948.4605,976.0120,965.9569,953.8073,949.2194,905.7891,897.4636
2025-03-21,901.5604,902.0661,876.4747,881.2241,3447600,COST,963.0670,943.9939,975.7920,963.4316,953.9858,948.2757,906.2700,897.5043
2025-03-24,918.1982,920.7862,912.2094,912.2094,2208100,COST,957.6354,941.5371,975.7859,961.6577,954.3525,947.6801,906.7748,897.7102
2025-03-25,922.3825,924.3953,914.6783,918.7832,1623000,COST,951.4185,939.7129,975.6739,960.1175,954.7637,947.1792,907.2665,897.9557
2025-03-26,921.8768,931.4649,915.6302,926.4181,1644700,COST,946.3508,938.0142,975.7943,958.6179,955.2090,946.6781,907.7144,898.1938
2025-03-27,930.8007,934.9155,920.1417,921.6885,1547000,COST,942.2379,937.3272,976.2412,957.5270,955.8217,946.3637,908.1925,898.5182
2025-03-28,921.7876,930.8007,918.1586,929.5612,2100500,COST,936.3408,935.8472,976.3835,956.1254,956.3929,945.8771,908.6118,898.7497
2025-03-31,937.7711,986.5742,914.2320,914.5493,3102000,COST,931.3301,936.0305,976.9198,955.4057,957.0814,945.7166,909.1063,899.1380
2025-04-01,946.3181,949.6099,930.8006,934.4395,2041500,COST,927.2415,937.0102,977.1628,955.0493,957.7686,945.7285,909.6509,899.6075
2025-04-02,956.9076,962.6684,941.9553,942.7882,1719900,COST,923.1430,938.9052,977.5276,955.1222,958.5211,945.9498,910.2576,900.1776
2025-04-03,958.8907,973.0399,920.1417,923.1956,3096900,COST,920.1912,940.8086,977.9921,955.2700,959.2035,946.2061,910.8262,900.7618
2025-04-04,908.7192,956.3525,906.3991,946.9131,5167000,COST,917.8200,937.7525,977.5035,953.4444,959.2388,945.4638,911.0836,900.8410
2025-04-07,900.4399,929.8785,864.3283,880.2325,4626600,COST,916.5171,934.1989,976.8984,951.3658,958.8954,944.5722,911.2855,900.8370
2025-04-08,901.0546,935.0047,891.9524,924.1573,3545400,COST,915.4393,931.0423,975.7991,949.3928,958.6664,943.7105,911.5315,900.8392
2025-04-09,957.0167,959.2675,890.0685,900.3110,5084500,COST,917.3287,933.5161,975.9493,949.6918,959.0019,943.9740,912.1272,901.3982
2025-04-10,956.1442,984.9977,934.9056,958.3156,4209100,COST,920.9820,935.6711,975.9762,949.9448,959.3154,944.2150,912.7192,901.9429
2025-04-11,955.2518,961.9942,935.1732,955.7972,2721800,COST,923.9313,937.5359,975.6883,950.1530,959.7173,944.4335,913.2704,902.4733
2025-04-14,971.0271,978.7710,956.8284,961.7860,2219900,COST,927.0402,940.7256,975.6986,950.9716,960.4436,944.9601,913.8940,903.1555
2025-04-15,968.6474,985.5828,966.0000,977.0060,1788200,COST,930.9503,943.3848,975.1473,951.6647,961.0229,945.4292,914.5364,903.8071
2025-04-16,959.5551,970.3628,951.1171,963.8980,2531700,COST,934.1084,944.9248,974.0966,951.9742,961.4059,945.7089,915.1364,904.3618
2025-04-17,986.0785,991.4526,963.7591,965.0382,2711100,COST,939.0214,948.8442,973.1601,953.3116,962.0747,946.5083,915.8904,905.1749
2025-04-21,949.6595,988.5473,934.9848,984.5911,2841300,COST,941.4264,948.9219,971.3344,953.1684,962.1061,946.5707,916.3946,905.6176
2025-04-22,970.9378,979.0882,958.5933,961.5381,2230600,COST,944.0633,951.0186,970.0538,953.8652,962.2676,947.0532,916.9890,906.2675
2025-04-23,967.5766,987.3180,960.7945,986.0984,2109700,COST,946.3230,952.5956,968.3468,954.4029,962.4263,947.4596,917.4529,906.8775
2025-04-24,967.2196,969.7183,952.5747,965.3555,2468500,COST,948.5902,953.9883,966.7036,954.9055,962.4764,947.8509,917.9389,907.4780
2025-04-25,968.8853,970.0355,954.7262,965.7223,1780900,COST,950.4944,955.4071,964.9593,955.4537,962.6417,948.2674,918.4036,908.0890
2025-04-28,970.2537,976.9564,960.5764,970.2140,1616200,COST,952.9177,956.8210,963.0095,956.0341,962.7184,948.7028,918.8876,908.7075
2025-04-29,983.3022,984.7995,962.8370,969.7182,1523100,COST,955.1943,959.3431,961.4201,957.1035,962.8947,949.3879,919.6232,909.4498
2025-04-30,986.0785,989.3109,968.2805,981.6166,2212400,COST,957.1823,961.8893,960.1999,958.2397,963.0279,950.1145,920.3908,910.2123
2025-05-01,990.5800,997.8579,976.6589,981.7157,1829900,COST,958.8659,964.6217,958.9407,959.5080,963.1192,950.9158,921.1522,911.0119
2025-05-02,1001.0642,1010.6946,997.4007,1000.5976,1547400,COST,960.9746,968.0925,958.4406,961.1376,963.4012,951.9088,921.9559,911.9080
2025-05-05,1007.6070,1010.4763,995.3059,1000.2799,1952600,COST,965.9190,971.8557,958.0675,962.9600,963.6461,953.0117,922.8145,912.8602
2025-05-06,1003.2485,1008.9373,996.3086,1001.2132,1381200,COST,971.0594,974.8455,957.5958,964.5399,963.8944,954.0065,923.6855,913.7596
2025-05-07,999.9225,1006.8226,994.2833,1003.9236,1316000,COST,976.0028,977.2338,956.6599,965.9275,964.0546,954.9158,924.5459,914.6169
2025-05-08,1000.4785,1009.7018,984.2856,1006.2269,1882600,COST,978.1759,979.4476,956.2048,967.2824,964.2076,955.8180,925.3632,915.4713
2025-05-09,1000.8558,1003.4570,990.8878,997.4007,1176700,COST,980.4115,981.4865,955.9608,968.5990,964.4268,956.7098,926.1593,916.3209
2025-05-12,1008.8580,1009.6125,985.1195,1002.5436,2069000,COST,983.0918,984.0933,955.3433,970.1778,964.7165,957.7425,927.1005,917.2416
2025-05-13,991.8608,1016.4829,980.5128,1006.4454,2917000,COST,984.1335,984.8330,954.4208,971.0281,964.8014,958.4181,928.0302,917.9841
2025-05-14,984.4246,992.6849,983.4119,991.5928,2215000,COST,984.9223,984.7941,953.5475,971.5535,964.9187,958.9331,928.9088,918.6452
2025-05-15,1003.2187,1006.7234,975.9458,985.5266,2470700,COST,987.1055,986.5489,952.8343,972.7952,965.3957,959.8100,929.8914,919.4867
2025-05-16,1018.4684,1020.8810,1001.7592,1005.2241,2033700,COST,988.7250,989.5888,952.8452,974.5863,966.1237,960.9716,930.9776,920.4716
2025-05-19,1026.9174,1027.5627,1005.6213,1011.2903,1879800,COST,992.5879,993.1439,954.2606,976.6385,966.9434,962.2774,932.0469,921.5308
2025-05-20,1029.3794,1030.5510,1022.6183,1022.6183,2271200,COST,995.5100,996.5949,956.3183,978.7068,967.8290,963.6062,933.1538,922.6039
2025-05-21,1017.9423,1032.0106,1016.4530,1023.5417,1438900,COST,998.0283,998.6280,958.2249,980.2455,968.5119,964.6821,934.1778,923.5526
2025-05-22,1010.8237,1021.3973,1006.8424,1020.3448,1660900,COST,1000.2085,999.7895,960.0568,981.4446,969.1501,965.5958,935.2664,924.4209
2025-05-23,1001.2628,1007.8254,999.7736,1004.7377,1413900,COST,1001.8273,999.9298,962.4205,982.2218,969.8556,966.3021,936.2327,925.1855
2025-05-27,1010.4861,1011.6379,1003.6754,1007.7162,1868200,COST,1003.8390,1000.9352,964.7049,983.3302,970.8266,967.1770,937.2777,926.0343
2025-05-28,1005.8696,1017.2672,1005.6909,1009.7515,1674700,COST,1004.9673,1001.4051,966.6453,984.2141,971.8102,967.9432,938.1556,926.8287
2025-05-29,1001.5012,1010.2380,996.3980,1008.7190,2016700,COST,1005.7385,1001.4143,968.8665,984.8920,972.8141,968.6077,938.9349,927.5717
2025-05-30,1032.7157,1044.9373,994.8096,995.1075,5403800,COST,1007.8453,1004.3954,971.5929,986.7675,974.0631,969.8772,939.8276,928.6179
2025-06-02,1049.2659,1052.8897,1026.8480,1026.8480,2148000,COST,1010.2553,1008.6687,974.8218,989.2184,975.4169,971.4492,940.7969,929.8184
2025-06-03,1048.0148,1059.4223,1035.7733,1046.5852,1992900,COST,1012.2757,1012.4160,977.7509,991.5241,976.7715,972.9654,941.7703,930.9944
2025-06-04,1044.1428,1050.2388,1041.8395,1047.4291,1422100,COST,1014.3204,1015.4376,980.2698,993.5876,978.0279,974.3749,942.6520,932.1203
2025-06-05,1003.5563,1043.5076,998.7907,1042.4650,3289400,COST,1014.5021,1014.3060,981.8933,993.9785,978.7836,974.9527,943.3642,932.8311
2025-06-06,1007.6567,1013.3058,1001.3721,1013.3058,1855400,COST,1014.8610,1013.6728,983.6089,994.5149,979.7016,975.6003,944.0882,933.5756
2025-06-09,998.9594,1006.0779,989.8155,1005.1546,1696700,COST,1014.7662,1012.2715,984.9721,994.6892,980.6066,976.0629,944.7496,934.2262
2025-06-10,1000.0417,1004.2513,990.5602,999.7042,2255000,COST,1014.3254,1011.1067,986.5372,994.8991,981.4603,976.5377,945.3906,934.8811
2025-06-11,989.6270,998.2248,986.2513,995.2463,2459800,COST,1014.2137,1009.0611,987.5743,994.6924,982.2471,976.7969,945.9987,935.4258
2025-06-12,995.5143,996.0504,988.2171,991.8309,1720100,COST,1014.7682,1007.7709,988.5582,994.7246,982.8605,977.1675,946.6280,936.0237
2025-06-13,983.1040,996.3880,981.5750,991.9103,1786000,COST,1013.7625,1005.4217,989.0821,994.2689,983.3049,977.2851,947.1296,936.4922
2025-06-16,977.2961,994.6606,974.3971,985.2089,2109300,COST,1011.7039,1002.7430,989.4502,993.6033,983.7212,977.2853,947.5210,936.8982
2025-06-17,970.7037,979.0235,969.1946,975.9458,1668200,COST,1008.8932,999.6917,990.6899,992.7053,984.0967,977.1550,947.9825,937.2346
2025-06-18,967.9040,975.5984,967.0799,972.9674,1509600,COST,1005.8194,996.6643,992.0392,991.7327,984.4688,976.9718,948.4371,937.5397
2025-06-20,973.2552,981.5652,966.9112,976.9287,3255700,COST,1003.5850,994.4348,993.4832,991.0081,984.6411,976.8982,948.8900,937.8951
2025-06-23,997.2717,997.6589,974.2184,976.0948,2082900,COST,1002.9074,994.7050,994.2883,991.2537,985.1188,977.3016,949.5313,938.4859
2025-06-24,994.7300,998.6220,984.9508,998.6220,2385100,COST,1002.5808,994.7074,995.0600,991.3900,985.5181,977.6467,950.1033,939.0456
2025-06-25,979.4604,997.7681,978.9243,995.8023,1827700,COST,1001.0295,993.2553,995.5442,990.9222,985.6162,977.6827,950.6188,939.4477
2025-06-26,975.8564,980.6419,969.4925,980.6419,2262800,COST,999.5289,991.5983,995.6408,990.3314,985.6697,977.6465,951.1624,939.8100
2025-06-27,978.0705,986.0131,973.2652,975.1913,2129200,COST,998.3573,990.3099,995.8293,989.8506,985.4883,977.6549,951.6191,940.1907
2025-06-30,982.8360,984.6231,972.7191,978.0903,2127600,COST,995.8633,989.5981,996.2949,989.5755,985.1958,977.7575,952.1104,940.6150
2025-07-01,978.8846,989.6866,967.5069,982.8956,2200600,COST,992.3443,988.5778,996.1510,989.1562,984.6555,977.7798,952.5518,940.9958
2025-07-02,975.3104,978.6265,969.8598,976.8096,1606100,COST,988.7091,987.3142,996.6640,988.6133,983.9992,977.7309,952.9030,941.3373
2025-07-03,979.9370,980.5823,970.3165,975.3600,1101400,COST,985.4988,986.6116,996.8440,988.2730,983.4489,977.7746,953.2725,941.7213
2025-07-07,985.0599,985.7649,969.1946,977.9315,1832600,COST,984.5740,986.4639,997.1937,988.1470,982.7702,977.9189,953.7078,942.1526
2025-07-08,978.7655,988.7235,976.8692,982.3992,1716200,COST,983.1294,985.7307,997.4246,987.7791,982.0641,977.9356,954.1641,942.5169
2025-07-09,975.0424,981.2972,965.3028,981.2972,2922600,COST,981.9336,984.7127,997.5477,987.2796,981.2535,977.8783,954.6252,942.8405
2025-07-10,963.2079,980.9100,962.1158,979.9171,2897000,COST,980.0919,982.6647,997.4068,986.3356,980.2082,977.5878,954.9866,943.0432
2025-07-11,963.3668,971.9546,958.7700,966.3055,1942000,COST,978.7789,980.8268,997.0081,985.4349,979.2141,977.3062,955.3178,943.2454
2025-07-14,973.8708,974.4466,962.6618,964.1312,1679300,COST,977.6967,980.1643,996.7639,984.9814,978.4819,977.2382,955.6516,943.5501
2025-07-15,960.7358,973.2156,959.7231,972.2228,1878000,COST,976.5783,978.3140,996.1671,984.0306,977.5539,976.9114,955.9966,943.7211
2025-07-16,944.5427,962.6320,943.3116,961.0435,2950300,COST,974.9406,975.0977,995.0366,982.4821,976.7386,976.2704,956.2267,943.7293
2025-07-17,947.0646,947.8986,940.7105,943.5401,2280600,COST,973.7586,972.4278,993.8258,981.0931,975.9466,975.6921,956.5038,943.7625
2025-07-18,944.1259,953.3690,942.8352,953.0613,2115500,COST,972.5697,969.7324,992.6433,979.6434,975.1196,975.0670,956.8445,943.7661
2025-07-21,940.7601,948.9013,939.8070,944.6818,1742400,COST,970.9450,966.9731,991.4601,978.1186,974.0600,974.3877,957.1639,943.7362
2025-07-22,934.8528,950.8274,934.4954,941.9913,1799900,COST,967.8240,963.9141,990.1476,976.4219,973.1762,973.6048,957.4990,943.6478
2025-07-23,934.4359,941.6934,929.2831,935.6173,2401600,COST,964.8093,961.1066,988.8192,974.7754,972.3900,972.8292,957.8263,943.5561
2025-07-24,927.0988,936.1335,926.7910,934.5748,2057100,COST,962.1912,957.8678,987.1840,972.9057,971.2637,971.9237,958.1311,943.3924
2025-07-25,928.7668,934.5351,927.6449,929.5809,1827700,COST,959.8368,955.0963,985.9221,971.1748,970.1715,971.0691,958.4074,943.2469
2025-07-28,927.2875,933.4926,924.2097,928.7866,2006300,COST,957.2976,952.4478,984.7794,969.4537,969.1634,970.2021,958.7234,943.0881
2025-07-29,927.8634,935.0316,920.7250,927.2875,2065900,COST,954.5490,950.1064,983.2723,967.8227,968.0533,969.3637,958.9590,942.9366
2025-07-30,920.8541,931.0206,918.5011,928.2903,1699600,COST,951.6475,947.3205,981.3200,965.9808,967.0826,968.4031,959.0672,942.7168
2025-07-31,932.8970,939.1617,918.3621,918.7195,2564400,COST,949.5268,945.9468,979.4396,964.6834,966.8501,967.7000,959.3122,942.6191
2025-08-01,946.9948,951.1704,934.0503,934.0503,2934500,COST,947.8797,946.0466,977.7919,963.9897,967.0551,967.2900,959.6503,942.6627
2025-08-04,949.8282,954.6103,943.1571,947.0742,2389900,COST,946.1181,946.4068,976.4296,963.4344,967.3273,966.9442,959.9991,942.7340
2025-08-05,938.1562,945.9806,930.2524,945.8116,2462300,COST,944.0876,945.6210,974.9762,962.4431,967.5165,966.3742,960.2654,942.6884
2025-08-06,962.9417,964.9201,937.1919,938.1563,2753000,COST,943.4826,947.2706,974.2098,962.4626,968.3152,966.3062,960.6915,942.8899
2025-08-07,971.7801,976.3037,965.3277,969.0261,1893300,COST,943.9112,949.6048,973.4357,962.8280,969.0703,966.4146,961.1721,943.1774
2025-08-08,975.2897,982.4678,971.3328,971.4819,2189700,COST,944.5073,952.0510,972.8241,963.3167,969.7347,966.5904,961.6491,943.4969
2025-08-11,983.0046,983.8397,970.6566,977.4569,2290100,COST,944.9640,954.9990,972.4542,964.0888,970.6603,966.9154,962.1785,943.8900
2025-08-12,985.5001,985.9972,974.3650,982.7660,1588500,COST,946.2022,957.9038,971.5099,964.9284,971.5514,967.2834,962.6872,944.3041
2025-08-13,973.1719,980.6782,964.4727,978.2523,2352600,COST,947.6337,959.3579,969.9880,965.2517,972.4049,967.4000,963.1061,944.5913
2025-08-14,969.7321,982.5572,969.5233,974.9118,1808700,COST,948.7671,960.3460,968.4223,965.4274,973.0866,967.4462,963.5362,944.8415
2025-08-15,966.4014,974.3153,961.6094,973.4603,1638300,COST,949.8809,960.9227,966.8675,965.4656,973.5687,967.4255,963.9606,945.0560
2025-08-18,973.6690,975.5879,964.3733,967.6541,2078500,COST,951.5263,962.1366,966.2698,965.7873,974.0815,967.5491,964.4226,945.3407
2025-08-19,975.1604,982.7959,971.1240,972.9434,1673400,COST,953.5417,963.3770,965.6198,966.1549,974.6144,967.6998,964.9117,945.6374
2025-08-20,988.8008,993.5034,973.3212,973.3212,2229600,COST,956.2599,965.7983,965.4167,967.0430,975.1944,968.1177,965.5081,946.0669
2025-08-21,964.0551,983.5812,961.9077,983.1637,2145600,COST,958.1077,965.6323,964.6969,966.9258,975.6170,968.0372,966.0050,946.2459
2025-08-22,952.9797,967.8530,947.5812,965.9043,3136000,COST,959.3184,964.4273,963.9640,966.3789,975.7691,967.7391,966.4253,946.3129
2025-08-25,936.1182,952.7411,935.1041,949.4206,2284300,COST,959.7599,961.7312,962.7761,965.1922,975.6671,967.1129,966.7179,946.2115
2025-08-26,935.8796,938.5738,927.8365,935.8796,4341300,COST,960.1607,959.2691,961.8316,964.0427,975.4568,966.4944,966.9890,946.1087
2025-08-27,944.0121,946.4777,931.7834,935.0345,1893600,COST,961.3186,957.8161,961.1659,963.2572,975.3081,966.0492,967.2558,946.0878
2025-08-28,939.4786,945.4835,938.6534,944.7776,2067900,COST,961.6477,956.0696,960.5414,962.3247,975.6157,965.5231,967.4272,946.0220
2025-08-29,937.8480,943.1073,935.0046,939.5183,1609000,COST,961.1904,954.3342,959.9403,961.3648,975.9897,964.9751,967.4426,945.9407
2025-09-02,933.3741,939.0311,931.1471,933.2150,1793900,COST,960.3677,952.3380,959.1426,960.2671,976.3129,964.3493,967.4897,945.8157
2025-09-03,944.2706,944.5788,931.0676,933.5531,1670500,COST,960.6734,951.5697,958.0826,959.6398,976.1855,963.9517,967.5937,945.8003
2025-09-04,950.3551,953.9342,945.5928,947.8696,1471900,COST,960.0441,951.4540,957.1951,959.2757,976.1276,963.6825,967.7215,945.8456
2025-09-05,957.8911,963.9259,950.6732,953.1488,1928500,COST,959.3496,952.0671,956.7637,959.2214,976.1540,963.5678,967.9356,945.9655
2025-09-08,966.2126,966.6998,953.0296,958.1397,1737000,COST,958.8958,953.4143,956.5709,959.4956,976.1058,963.6202,968.2747,946.1669
2025-09-09,973.5696,974.1860,957.5233,964.3733,1496800,COST,958.4240,955.3338,956.4808,960.0475,976.1551,963.8172,968.5890,946.4396
2025-09-10,950.7427,975.3094,948.4263,970.7262,2277500,COST,956.6861,954.8966,955.8390,959.6826,976.0669,963.5583,968.7364,946.4824
2025-09-11,958.7263,959.5614,948.7445,952.2441,1532000,COST,955.9639,955.2613,955.4358,959.6451,975.7934,963.4626,968.9340,946.6042
2025-09-12,962.2855,963.9458,954.4313,954.7196,1461600,COST,955.5915,955.9303,955.1753,959.7487,975.9197,963.4393,969.0129,946.7603
2025-09-15,954.5306,964.1147,954.1429,962.2059,2199400,COST,954.9980,955.7970,954.6672,959.5440,975.7556,963.2629,969.0116,946.8376
2025-09-16,946.5473,954.0137,945.2846,953.5365,2012600,COST,953.6419,954.9161,953.8969,959.0343,975.5453,962.9319,968.9858,946.8347
2025-09-17,957.4438,958.3882,947.9591,947.9591,1556800,COST,952.7561,955.1568,953.4705,958.9720,975.4475,962.8232,968.9620,946.9403
2025-09-18,946.8356,956.9565,945.1554,951.8165,1860900,COST,950.6578,954.3643,952.9064,958.4960,975.2270,962.5066,968.9344,946.9392
2025-09-19,945.6426,951.8862,938.3153,949.4603,4606000,COST,949.7372,953.5337,952.5551,957.9920,974.9809,962.1727,968.8497,946.9263
2025-09-22,937.7885,944.4893,934.1596,941.8845,2794300,COST,948.9776,952.0341,952.0435,957.1997,974.5258,961.6898,968.7102,946.8354
2025-09-23,938.1265,939.5084,928.0851,937.2914,3258500,COST,949.0780,950.7096,951.3286,956.4517,974.0463,961.2232,968.5371,946.7487
2025-09-24,939.7867,948.1280,937.6392,938.8025,2149800,COST,949.2734,949.6693,950.9096,955.7982,973.5383,960.7987,968.3288,946.6795
2025-09-25,937.8381,947.4719,930.1927,946.9251,2991500,COST,948.9647,948.5425,950.7755,955.0939,972.9061,960.3441,968.1536,946.5915
2025-09-26,910.6368,922.2491,899.8000,920.1811,4812900,COST,947.5226,944.9325,950.0470,953.3505,971.9364,959.3598,967.7912,946.2337
2025-09-29,911.5516,911.8995,898.0503,911.0247,4107000,COST,946.2078,941.7533,949.3955,951.7113,971.0194,958.4131,967.4569,945.8886
2025-09-30,920.2607,925.1124,908.0718,910.9351,3096700,COST,945.5521,939.7064,948.9855,950.4779,970.2228,957.6576,967.1387,945.6336
2025-10-01,912.0188,918.6401,905.8845,917.6459,2642100,COST,943.9395,937.0695,948.5288,948.9697,969.3382,956.7538,966.7729,945.2992
2025-10-02,911.4521,913.1820,904.7313,907.2665,2063800,COST,941.9944,934.6297,948.0691,947.4984,968.4442,955.8568,966.4355,944.9624
2025-10-03,910.0701,912.7743,905.9144,910.2789,2319200,COST,939.6033,932.2907,947.7286,946.0307,967.4563,954.9501,966.0864,944.6152
2025-10-06,905.6559,910.4678,899.0047,910.1894,2504000,COST,936.5755,929.7541,947.2664,944.4473,966.5942,953.9740,965.6978,944.2275
2025-10-07,909.4935,912.3170,898.6368,903.4587,2601800,COST,933.3717,927.8245,946.9105,943.0766,965.8449,953.0932,965.3818,943.8819
2025-10-08,909.4935,911.0643,905.6758,907.2466,2376900,COST,931.3092,926.0787,946.5431,941.7596,964.9077,952.2298,965.1517,943.5397
2025-10-09,937.4206,938.2955,921.9012,926.9019,3742900,COST,930.2439,927.1589,946.8744,941.5895,964.0972,951.9366,965.1105,943.4789
2025-10-10,924.6154,939.9658,923.6112,938.9417,3142500,COST,928.3604,926.9166,946.7088,940.9238,963.0742,951.3956,965.0088,943.2912
2025-10-13,930.1331,930.5507,917.6460,923.6112,2169600,COST,927.1406,927.2230,946.3715,940.5006,962.0817,950.9745,964.9553,943.1602
2025-10-14,941.0196,941.9243,930.5209,934.8058,1925900,COST,926.8642,928.5369,946.1954,940.5210,961.3125,950.7774,964.9122,943.1389
2025-10-15,949.4504,958.4081,939.7768,940.5125,2009800,COST,926.4645,930.5287,946.4212,940.8712,960.6987,950.7511,964.9244,943.2017
2025-10-16,920.2507,952.3435,915.8165,949.9971,2721400,COST,925.1353,929.5498,945.5674,940.0625,959.8886,950.1471,964.8721,942.9734
2025-10-17,930.8987,933.3742,922.7661,924.1878,2502200,COST,924.3981,929.6783,944.7498,939.7032,959.0928,949.7660,964.9597,942.8532
2025-10-20,930.6799,934.3485,926.0967,930.7595,1523700,COST,924.0426,929.7737,943.8576,939.3493,958.3409,949.3880,965.0755,942.7321
2025-10-21,932.0618,937.8978,929.5763,930.6799,1448200,COST,923.7394,929.9916,942.8388,939.0635,957.6465,949.0450,965.2303,942.6259
2025-10-22,939.2002,947.4719,927.0909,934.5473,2372400,COST,923.7101,930.8686,941.9128,939.0689,956.7113,948.8500,965.3872,942.5918
2025-10-23,936.5854,939.9856,929.0693,939.9856,1974800,COST,923.6474,931.4131,941.1810,938.9715,955.5845,948.6071,965.5007,942.5321
2025-10-24,926.7329,937.5299,924.7545,934.5473,1639400,COST,924.4522,930.9673,940.3210,938.4915,954.3717,948.1740,965.5716,942.3749
2025-10-27,924.4562,927.7868,919.7536,924.8141,1967600,COST,925.0975,930.3472,939.4821,937.9411,953.1748,947.7043,965.6013,942.1966
2025-10-28,918.7992,925.3211,914.8622,921.4935,2090800,COST,925.0244,929.2474,938.3847,937.1905,952.3272,947.1320,965.5554,941.9638
2025-10-29,907.1273,914.5440,904.0254,913.6691,2449600,COST,924.7798,927.1407,937.0241,936.0115,951.3220,946.3398,965.5118,941.6171
2025-10-30,914.8423,917.6459,905.0892,907.3957,2677100,COST,924.9493,925.9695,935.5449,935.1814,950.4808,945.7161,965.5437,941.3507
2025-10-31,907.4449,915.9574,905.6827,912.1840,2456300,COST,924.8181,924.2052,934.4127,934.0937,949.5548,944.9582,965.5076,941.0133
2025-11-03,923.9620,925.1070,904.3885,908.3908,3206600,COST,925.7334,924.1821,933.8323,933.6963,948.8982,944.5425,965.5726,940.8437
2025-11-04,936.6062,937.0343,924.8879,929.1093,2554500,COST,927.0890,925.3653,933.8421,933.8105,948.3091,944.3853,965.5848,940.8015
2025-11-05,930.9213,941.1263,923.3647,935.8695,2974800,COST,928.1604,925.8945,933.7429,933.6972,947.7873,944.1187,965.5461,940.7032
2025-11-06,919.5217,920.9354,904.3088,920.2982,3247700,COST,927.2655,925.2875,933.2531,933.1413,947.2095,943.6316,965.4653,940.4924
2025-11-07,918.6853,932.8827,916.7439,925.4455,2584000,COST,926.9690,924.6587,932.8373,932.5744,946.6893,943.1376,965.3930,940.2755
2025-11-10,911.5369,917.9486,905.0754,914.9618,2612700,COST,926.0391,923.4090,932.3110,931.7494,946.1257,942.5119,965.2972,939.9895
2025-11-11,909.8443,914.8522,908.9881,912.4727,1663400,COST,924.4804,922.1172,931.8404,930.8903,945.4915,941.8650,965.0663,939.6895
2025-11-12,909.9838,914.0657,907.6640,911.4473,1829700,COST,922.5070,920.9616,931.1547,930.0705,944.6187,941.2337,964.8687,939.3940
2025-11-13,921.0150,922.6777,907.7137,912.3233,2430600,COST,922.5453,920.9667,930.5679,929.7153,943.8815,940.8333,964.6998,939.2111
2025-11-14,918.9243,924.8083,911.0789,923.0560,1739100,COST,921.9465,920.7722,929.7886,929.2922,943.2762,940.3995,964.4462,939.0092
2025-11-17,908.5799,920.8358,904.8165,917.9685,2481900,COST,920.8415,919.6110,928.6359,928.4799,942.6034,939.7694,964.1365,938.7064
2025-11-18,891.1469,914.8721,890.2408,908.5799,2984700,COST,918.7958,916.9001,926.9875,927.0159,941.7342,938.8066,963.6112,938.2332
2025-11-19,886.6866,891.0673,870.1297,891.0673,3462300,COST,916.1701,914.0226,925.7063,925.4343,940.7727,937.7745,962.9842,937.7203
2025-11-20,889.3647,900.5952,887.0848,889.5738,2648300,COST,913.8091,911.6743,924.3191,924.0198,939.8775,936.8159,962.2665,937.2392
2025-11-21,895.0596,901.3418,888.2098,890.5893,2870100,COST,912.2254,910.0919,922.9746,922.8841,939.0750,935.9890,961.5371,936.8195
2025-11-24,882.2263,897.3993,877.4474,895.0497,3661200,COST,910.1139,907.4380,921.5285,921.2897,938.0978,934.9244,960.7734,936.2763
2025-11-25,890.4001,891.7840,881.2406,882.7638,2534700,COST,908.6940,905.8154,920.4056,920.0784,937.1512,934.0427,959.9607,935.8198
2025-11-26,904.2690,907.9925,891.6845,892.0828,1936200,COST,908.5510,905.6681,919.3421,919.4584,936.4063,933.4532,959.2352,935.5058
2025-11-28,909.5756,910.1829,899.0321,901.0432,1092600,COST,908.2877,906.0403,918.5969,919.0708,935.7516,932.9803,958.5026,935.2478
2025-12-01,907.9527,914.5436,902.2280,909.1872,2149400,COST,908.3131,906.2224,917.8431,918.6348,935.1991,932.4847,957.7036,934.9762
2025-12-02,917.9785,918.9442,901.0233,907.9527,2160600,COST,908.0139,907.3420,917.4469,918.6091,934.7452,932.1975,956.9796,934.8071
2025-12-03,918.2074,922.2496,911.9948,916.7638,1886800,COST,907.0940,908.3768,917.0485,918.5933,934.1885,931.9205,956.3352,934.6419
2025-12-04,891.9234,903.9703,884.1776,903.0444,3787800,COST,905.1441,906.8098,916.0912,917.5475,933.5004,931.1284,955.5271,934.2169
2025-12-05,890.7487,901.9094,889.0760,893.3074,2359800,COST,903.7054,905.2802,915.1494,916.4965,932.9625,930.3288,954.8506,933.7843
2025-12-08,883.6201,890.0716,879.0204,889.5738,2407900,COST,901.9522,903.2173,914.6091,915.2072,932.3280,929.4039,954.1373,933.2852
2025-12-09,884.5361,885.1135,877.6365,882.9530,1899500,COST,900.6021,901.4382,914.0688,914.0045,931.7321,928.5154,953.4259,932.8001
2025-12-10,870.5676,885.6710,867.2623,883.9187,3318300,COST,898.6383,898.4981,913.0749,912.3011,931.0302,927.3680,952.5451,932.1809
2025-12-11,880.5934,882.1068,868.7159,872.0113,3041600,COST,897.1688,896.7929,912.4464,911.0576,930.4876,926.4417,951.8319,931.6676
2025-12-12,880.5835,884.7153,863.3098,879.4187,4808900,COST,895.1472,895.2491,911.8290,909.8626,929.9491,925.5336,951.1695,931.1593
2025-12-15,856.7786,883.5902,847.6588,878.2339,4771400,COST,892.0399,891.5853,910.7632,907.7808,929.2459,924.1722,950.2548,930.4192
2025-12-16,856.6093,859.7953,840.3511,853.6723,3843300,COST,889.4414,888.2542,909.7823,905.7741,928.5243,922.8343,949.3479,929.6848
2025-12-17,858.8594,864.7633,854.4588,854.7276,2363700,COST,887.8270,885.4547,908.7696,903.9343,927.8400,921.5674,948.5017,928.9800
2025-12-18,853.8217,859.3572,848.7640,856.5197,2467500,COST,886.1838,882.4421,907.6562,901.9691,927.0996,920.2259,947.5765,928.2322
2025-12-19,851.8603,854.6779,845.5880,852.8061,10097600,COST,884.3086,879.5295,905.9450,900.0041,926.4097,918.8722,946.7461,927.4723
2025-12-22,846.2650,851.7408,843.5868,850.2474,2373300,COST,881.8688,876.3615,904.3779,897.8966,925.5434,917.4344,946.1967,926.6642
2025-12-23,851.0339,851.2230,843.0790,845.3689,1903300,COST,880.3092,873.9493,902.7960,896.0589,924.5838,916.1195,945.8194,925.9117
2025-12-24,868.0289,872.1508,854.5783,854.8272,1822200,COST,879.1906,873.3855,901.3362,894.9597,923.7658,915.1673,945.5465,925.3357
2025-12-26,869.5123,873.7337,865.1815,866.8143,1324100,COST,877.4528,873.0166,899.7374,893.9617,923.0793,914.2632,945.2979,924.7803
2025-12-29,864.0266,870.6573,861.8860,869.4526,1792500,COST,875.1754,872.1604,898.6129,892.7878,922.0902,913.2684,945.2027,924.1758
2025-12-30,861.8463,864.0067,857.6448,860.2035,1680800,COST,872.8700,871.1781,897.2319,891.5744,920.9908,912.2501,945.0306,923.5556
2025-12-31,858.5508,864.1859,857.5552,860.7809,1490000,COST,869.8987,869.9755,895.7893,890.2794,919.8234,911.1868,944.7791,922.9088
2026-01-02,850.7452,859.3074,848.7540,857.3560,2373400,COST,866.5255,868.1440,894.1629,888.7290,918.5008,909.9899,944.5806,922.1907
2026-01-05,871.8918,874.9086,857.0673,860.1537,2805600,COST,865.5240,868.5010,892.8168,888.0687,917.3648,909.2355,944.4581,921.6902
2026-01-06,885.1931,890.1512,867.4713,872.1009,2742300,COST,865.2462,870.0907,891.7889,887.9560,916.4850,908.7594,944.4449,921.3271
2026-01-07,878.7018,889.6734,875.7548,888.0804,2680100,COST,865.0003,870.9108,890.8283,887.5930,915.5747,908.1642,944.3307,920.9029
2026-01-08,911.2880,927.5761,892.0628,897.1703,5207200,COST,866.3379,874.7562,890.5649,888.5223,915.0235,908.2261,944.2961,920.8073
2026-01-09,920.8160,925.7641,907.3255,911.9451,2895400,COST,868.8503,879.1429,890.6053,889.7887,914.4950,908.4754,944.2883,920.8074
2026-01-12,938.9360,940.6783,912.9706,916.3557,3246400,COST,871.7674,884.8375,891.2415,891.7160,914.1328,909.0786,944.3736,920.9877
2026-01-13,937.7910,938.7567,925.5151,933.8982,2222100,COST,874.6278,889.8807,891.7004,893.5229,913.6227,909.6471,944.4085,921.1549
2026-01-14,946.8012,951.4109,934.1670,934.2068,2894900,COST,879.1289,895.3017,892.4876,895.6122,913.4501,910.3829,944.5336,921.4101
2026-01-15,952.5458,954.0691,945.8255,950.3455,2185900,COST,883.9257,900.7535,893.0592,897.8449,913.4458,911.2178,944.6075,921.7199
2026-01-16,959.3757,960.7397,946.8212,957.7728,3862900,COST,888.9516,906.3366,893.5146,900.2579,913.6784,912.1714,944.6727,922.0946
2026-01-20,960.0228,965.6381,949.9373,954.1687,3209900,COST,894.2616,911.4495,894.0967,902.6016,913.9198,913.1189,944.6883,922.4720
2026-01-21,978.5411,985.2914,955.3833,955.3833,4073700,COST,900.5957,917.8392,895.2770,905.5796,914.2651,914.4144,944.7866,923.0299
2026-01-22,971.8805,979.6761,967.2908,973.5930,2074400,COST,906.8764,922.9860,896.3409,908.1797,914.5891,915.5524,945.1024,923.5160
2026-01-23,978.9294,980.5224,966.7432,967.1713,1680600,COST,913.2712,928.3140,897.6888,910.9542,914.9999,916.8074,945.4948,924.0674
2026-01-26,973.3740,988.6366,972.0598,982.0955,2458700,COST,918.5385,932.6054,898.9594,913.4020,915.3999,917.9275,945.8564,924.5580
2026-01-27,966.0165,973.7025,957.4841,973.3839,2077900,COST,923.3637,935.7874,900.0800,915.4653,915.6174,918.8798,945.9014,924.9705
2026-01-28,956.5582,965.8372,951.4108,965.2498,2474800,COST,927.9903,937.7656,900.7909,917.0768,915.6794,919.6259,945.9035,925.2848
2026-01-29,948.7028,956.0802,944.3421,953.7804,1825000,COST,932.3331,938.8072,901.3865,918.3170,915.5875,920.2016,945.8707,925.5178
2026-01-30,937.3973,948.2343,927.4775,945.9513,2396300,COST,936.2754,938.6729,901.9628,919.0653,915.2994,920.5421,945.7026,925.6360
2026-02-02,965.4220,967.3761,928.4446,941.3652,2451300,COST,942.0093,941.2205,903.4483,920.8832,915.2179,921.4309,945.6865,926.0319
2026-02-03,974.9529,987.6444,961.3544,961.4241,2960700,COST,947.1623,944.4331,905.2137,923.0036,915.4600,922.4907,945.7635,926.5187
2026-02-04,975.3817,991.5824,972.2313,980.3266,2631500,COST,951.6717,947.3806,906.9340,925.0576,915.6266,923.5380,945.7100,927.0049
2026-02-05,986.2885,997.9131,984.3344,992.4796,2988800,COST,957.0511,951.0861,908.7586,927.4588,915.8666,924.7806,945.8931,927.5948
2026-02-06,998.1224,998.3318,980.5160,985.1520,2358600,COST,961.3928,955.5657,911.0765,930.2300,916.3025,926.2329,946.0290,928.2965
2026-02-09,994.5633,1006.5568,989.6682,998.2820,1861700,COST,965.0802,959.2798,913.1598,932.7528,916.7827,927.5860,946.1640,928.9559
2026-02-10,968.2833,994.4237,966.0600,992.9881,1781500,COST,966.5475,960.1373,914.4400,934.1462,916.8911,928.3919,946.1693,929.3472
2026-02-11,975.1724,986.5677,964.1858,970.3370,1769400,COST,968.4166,961.5692,915.7520,935.7550,917.1744,929.3183,946.2007,929.8032
2026-02-12,995.8294,1006.1480,975.1723,975.7804,2970400,COST,970.8680,964.8320,917.5095,938.1109,917.6763,930.6353,946.3286,930.4602
2026-02-13,1015.3899,1019.7766,990.7449,996.9660,2661600,COST,974.0102,969.6471,919.4577,941.1415,918.4523,932.3136,946.4891,931.3053
2026-02-17,1008.9794,1025.3197,1007.4142,1019.2383,1732200,COST,976.4904,973.3930,921.2732,943.8018,919.1608,933.8317,946.6036,932.0781
2026-02-18,993.0579,1012.9175,990.4857,1006.9357,1926800,COST,978.1421,975.2659,923.2959,945.7334,919.6935,935.0045,946.6159,932.6849
2026-02-19,984.8229,1004.8021,981.1242,989.2993,1750000,COST,978.4562,976.1761,925.1774,947.2663,920.1634,935.9910,946.5347,933.2037
2026-02-20,982.2806,984.3742,974.8433,980.1471,1662200,COST,978.9762,976.7575,927.1506,948.6394,920.8798,936.9077,946.4081,933.6920
2026-02-23,983.0284,988.3024,975.0926,978.8212,1489300,COST,979.1812,977.3547,929.1204,949.9880,921.5946,937.8210,946.3070,934.1829
2026-02-24,995.4008,995.8494,982.0514,983.3873,1671100,COST,980.2825,979.0734,931.6171,951.7689,922.3460,938.9611,946.2844,934.7920
2026-02-25,991.7419,999.4584,988.4319,994.6530,1554600,COST,981.5688,980.2799,933.8400,953.3365,923.1432,940.0063,946.2407,935.3587
2026-02-26,983.7462,1002.4693,980.5460,993.8953,1804400,COST,982.9282,980.6100,935.9033,954.5290,923.8662,940.8724,946.1552,935.8402
2026-02-27,1007.7233,1011.1130,986.5777,987.5248,3935000,COST,985.8792,983.1922,938.9222,956.6151,924.8427,942.1962,946.1495,936.5554
2026-03-02,999.7276,1017.7228,999.4484,1007.8429,1986900,COST,988.9957,984.7670,941.7846,958.3057,925.7834,943.3355,946.1888,937.1840
2026-03-03,1004.7124,1012.6682,997.5941,999.4982,1947100,COST,990.9603,986.6666,944.7016,960.1256,926.7356,944.5508,946.2903,937.8559
2026-03-04,1003.6855,1010.9235,993.9751,1001.9508,1806600,COST,992.3969,988.2874,947.6989,961.8338,927.6775,945.7218,946.2926,938.5110
2026-03-05,979.5889,996.2183,975.8403,993.4767,2766000,COST,992.6073,987.4590,950.2535,962.5301,928.0992,946.3925,946.0982,938.9197
2026-03-06,995.0717,999.4584,957.5460,964.0761,2708900,COST,993.0464,988.1840,953.2296,963.8063,928.8038,947.3564,945.9390,939.4784
2026-03-09,1002.2499,1004.3535,984.9924,996.5971,2348200,COST,993.2528,989.5236,956.2539,965.3139,929.5249,948.4434,945.8033,940.1030
2026-03-10,994.3339,1007.0353,992.9781,997.4644,1613400,COST,993.2413,989.9818,958.7800,966.4519,930.0581,949.3521,945.6853,940.6426
2026-03-11,989.2195,994.3639,984.8927,993.2972,1260500,COST,994.2881,989.9092,961.1742,967.3447,930.4558,950.1416,945.5773,941.1260
2026-03-12,1000.2759,1003.1572,981.0145,985.6105,1669200,COST,995.5433,990.8965,963.8992,968.6362,931.2560,951.1343,945.5723,941.7145
2026-03-13,1005.3704,1009.7571,998.9599,1002.8481,1469700,COST,996.0204,992.2749,966.7696,970.0767,932.0008,952.2083,945.5468,942.3479
2026-03-16,998.7007,1009.5776,992.4098,1007.4341,1243400,COST,995.1859,992.8869,969.5726,971.1992,932.6810,953.1290,945.5109,942.9087
2026-03-17,993.1376,1005.0414,991.7319,1003.4363,1210400,COST,994.3938,992.9108,972.4205,972.0596,933.2917,953.9212,945.4691,943.4084
2026-03-18,976.9468,990.9642,975.1723,987.3651,1434400,COST,993.5883,991.3904,974.5216,972.2512,933.6692,954.3772,945.1902,943.7422
2026-03-19,971.8225,985.7900,967.4657,982.8490,1340200,COST,992.9382,989.5268,976.2542,972.2344,934.0216,954.7226,944.8030,944.0216
2026-03-20,969.3799,977.7844,967.5953,972.1216,2621600,COST,992.2932,987.6081,978.0677,972.1225,934.4480,955.0129,944.4099,944.2739
2026-03-23,962.7999,983.6465,961.6036,982.6794,1779100,COST,991.2818,985.2454,979.0980,971.7569,934.8315,955.1671,944.0031,944.4582
2026-03-24,970.8654,978.3028,958.0843,959.1411,1259300,COST,990.0550,983.8759,980.0990,971.7219,935.3521,955.4779,943.8397,944.7210
2026-03-25,971.9023,977.8342,965.1129,975.0328,1067100,COST,989.0630,982.7355,980.7583,971.7290,935.9999,955.8032,943.6609,944.9914
2026-03-26,976.6777,984.1948,969.7687,972.7297,1498300,COST,988.7096,982.1586,981.5360,971.9231,936.6182,956.2165,943.5495,945.3067
2026-03-27,980.8749,984.1151,975.1424,979.0406,1540900,COST,987.3672,982.0363,982.2175,972.2741,937.3525,956.7048,943.4537,945.6606
2026-03-30,993.5564,1002.4892,982.0215,984.6535,2129100,COST,987.0586,983.1335,983.0377,973.1087,938.0485,957.4345,943.4733,946.1372
2026-03-31,993.4068,1005.5399,982.8589,993.9751,2447900,COST,986.4934,984.1119,983.7183,973.9047,938.6165,958.1469,943.4628,946.6076
2026-04-01,993.5364,1000.0865,987.5845,992.0111,1769800,COST,985.9859,985.0095,984.3886,974.6746,939.2426,958.8476,943.5149,947.0745
2026-04-02,1011.8806,1012.9174,996.1784,1004.9417,1828600,COST,987.6005,987.5686,985.0554,976.1336,940.1662,959.8978,943.6879,947.7194
2026-04-06,1015.4597,1017.5932,1000.9638,1011.8806,1448600,COST,988.6199,990.2249,985.9270,977.6758,941.1340,960.9980,943.9116,948.3934
2026-04-07,1010.1359,1017.7627,1001.8012,1017.1645,1428500,COST,989.0142,992.1212,986.5511,978.9488,942.1200,961.9711,944.1228,949.0077
2026-04-08,1027.1442,1027.3335,996.9660,1001.3925,2265700,COST,990.6547,995.4567,987.6265,980.8388,943.2930,963.2616,944.3922,949.7852
2026-04-09,1028.8988,1032.6772,1021.9500,1026.3665,1433300,COST,992.6387,998.6417,988.8842,982.7235,944.4821,964.5614,944.5504,950.5724
2026-04-10,995.4406,1025.8780,992.4797,1023.3956,2333000,COST,992.3969,998.3368,989.6618,983.2222,945.2264,965.1728,944.5539,951.0189
2026-04-13,977.8740,997.0158,976.3886,995.4406,2255500,COST,991.0221,996.3880,990.2452,983.0125,945.8159,965.4243,944.5460,951.2861
2026-04-14,971.8424,974.6439,963.0691,970.7258,2136500,COST,989.6792,994.0503,990.9341,982.5744,946.4485,965.5514,944.5259,951.4906
2026-04-15,981.7623,982.3904,965.3622,967.3661,2346200,COST,989.1104,992.8800,991.2609,982.5426,947.3546,965.8724,944.5444,951.7918
2026-04-16,984.2148,992.7289,978.6317,982.0115,1484300,COST,989.4738,992.0548,991.4462,982.6082,948.3299,966.2357,944.5513,952.1144
2026-04-17,996.8563,997.6339,974.0358,982.0115,2346500,COST,990.7255,992.5120,991.8757,983.1669,949.4048,966.8420,944.6411,952.5596
2026-04-20,994.8126,1008.2317,991.1238,1000.8043,1475400,COST,991.9971,992.7311,992.0462,983.6236,950.4024,967.3959,944.7387,952.9801
2026-04-21,1002.7584,1003.4463,983.7064,991.3531,1367100,COST,993.9950,993.6861,992.1389,984.3740,951.6077,968.0961,944.8528,953.4754
2026-04-22,1000.6548,1005.0514,995.2612,1001.9309,1215200,COST,995.4845,994.3498,992.2607,985.0125,952.7102,968.7409,944.9307,953.9448
2026-04-23,1011.3023,1013.5155,1003.9746,1004.5230,1570700,COST,997.4545,995.9643,993.1211,986.0434,953.7806,969.5837,945.0934,954.5155
2026-04-24,1008.0822,1010.3752,999.4584,1008.9296,1695200,COST,999.0247,997.1184,993.7793,986.9077,954.7656,970.3460,945.2586,955.0485
2026-04-27,994.9821,1011.3323,993.6062,1005.5698,1620400,COST,999.7301,996.9149,993.7623,987.2243,955.6359,970.8338,945.4175,955.4459
2026-04-28,990.9842,1009.5776,983.0085,1007.4142,1776000,COST,999.6015,996.3501,993.2742,987.3718,956.3660,971.2329,945.5556,955.7995
2026-04-29,995.6400,995.9390,982.1311,985.3712,1516900,COST,999.7131,996.2825,993.0074,987.6960,957.1403,971.7162,945.6644,956.1959
2026-04-30,1011.4520,1014.6024,993.2972,993.4268,2049300,COST,1000.6089,997.7272,993.3753,988.6276,958.3356,972.5030,945.9180,956.7457
2026-05-01,1010.0941,1029.6330,1004.7226,1013.7682,1509700,COST,1000.5196,998.9050,993.8807,989.4694,959.5290,973.2474,946.2458,957.2766
2026-05-04,1011.1823,1023.0934,1000.6192,1005.4215,1479400,COST,1000.3057,1000.0743,994.4588,990.3209,960.8047,973.9986,946.5664,957.8129
2026-05-05,1014.8065,1019.1596,1007.4682,1008.9059,1456300,COST,1000.5392,1001.4773,995.0943,991.2812,962.1074,974.8067,946.9198,958.3800
2026-05-06,994.1694,1010.6232,990.8446,1009.7047,2619100,COST,998.8905,1000.7813,995.0697,991.3944,963.3434,975.1901,947.1868,958.7362
2026-05-07,1010.4535,1011.0525,989.0874,991.9230,2014000,COST,997.9682,1001.7025,995.4439,992.1418,964.6420,975.8884,947.5648,959.2508
2026-05-08,1007.1887,1014.3872,1003.5145,1010.1340,1805200,COST,998.5556,1002.2250,995.9128,992.7319,965.9080,976.5082,947.9286,959.7278
2026-05-11,997.8834,1005.4015,983.5862,1004.2234,2053500,COST,999.5561,1001.8115,995.7160,992.9339,967.3191,976.9314,948.2825,960.1074
2026-05-12,1020.2579,1024.3713,999.5508,1000.9485,2143200,COST,1001.9769,1003.5683,996.1266,994.0055,968.9556,977.7894,948.7399,960.7059
2026-05-13,1031.4401,1040.8651,1016.3241,1016.3241,1654600,COST,1004.4608,1006.2228,996.6611,995.4735,970.6814,978.8518,949.2607,961.4097
2026-05-14,1039.5972,1040.1363,1024.4712,1033.3071,1606600,COST,1007.2299,1009.4013,997.3794,997.2038,972.5391,980.0547,949.8194,962.1877
2026-05-15,1047.2849,1055.8214,1037.5704,1047.6943,1967000,COST,1009.7513,1013.0092,998.7333,999.1678,974.4934,981.3860,950.4515,963.0345
2026-05-18,1074.7612,1078.1159,1043.3412,1048.3333,2295200,COST,1013.7487,1018.8904,1000.3271,1002.1322,976.7783,983.2350,951.1609,964.1462
2026-05-19,1092.5829,1094.7595,1070.3982,1075.2904,2853300,COST,1018.2400,1025.9087,1002.1337,1005.6793,979.1938,985.4003,951.8888,965.4242
2026-05-20,1072.3052,1088.0102,1070.2984,1087.6408,2223400,COST,1021.8225,1030.3274,1003.6932,1008.2921,981.2366,987.1212,952.5012,966.4876
2026-05-21,1048.7825,1063.0398,1037.3607,1061.7220,2149700,COST,1023.6965,1032.0850,1004.8844,1009.8800,983.0293,988.3422,953.0543,967.3065
2026-05-22,1026.6078,1043.9802,1023.5626,1038.3391,2048300,COST,1024.6228,1031.5634,1005.4111,1010.5359,984.6551,989.0999,953.3726,967.8966
2026-05-26,1001.3380,1025.8690,994.5787,1024.5011,2704600,COST,1024.9406,1028.6848,1005.3304,1010.1752,986.0500,989.3423,953.5204,968.2293
2026-05-27,1002.0967,1011.9012,998.1031,1002.2665,2390100,COST,1025.4962,1026.1526,1005.3983,1009.8584,987.4855,989.5948,953.6545,968.5663
2026-05-28,993.6202,1010.3936,992.6917,1010.0042,2844300,COST,1025.3952,1023.0543,1005.4080,1009.2216,988.9142,989.6745,953.7075,968.8156
2026-05-29,954.8019,997.2345,943.9492,985.0039,7028000,COST,1022.5627,1016.5541,1004.9651,1007.0875,989.7433,988.9840,953.5541,968.6762
2026-06-01,944.6082,957.6874,935.0234,953.4841,2816300,COST,1019.2884,1009.7021,1004.4208,1004.6374,990.3375,988.1053,953.4112,968.4367
2026-06-02,952.7552,953.8735,937.9588,940.7942,2218200,COST,1016.3671,1004.2786,1004.0883,1002.6028,991.0780,987.4053,953.3263,968.2806
2026-06-03,960.3032,967.6415,950.4688,951.3674,2174100,COST,1013.6419,1000.0904,1004.0384,1000.9440,991.5682,986.8686,953.2959,968.2013
2026-06-04,970.8065,988.4385,966.6731,985.3933,2345200,COST,1012.4738,997.3015,1004.0372,999.7621,992.0681,986.5505,953.2815,968.2272
2026-06-05,970.3273,995.8267,970.0577,975.9483,3092000,COST,1010.4674,994.7325,1004.0057,998.6078,992.3820,986.2293,953.2574,968.2481
2026-06-08,973.2027,977.4260,959.4745,961.9306,2086100,COST,1008.7681,992.6820,1003.9362,997.6115,992.7361,985.9713,953.1794,968.2974
2026-06-09,967.0525,980.4112,963.4083,972.6636,1998600,COST,1007.2266,990.2411,1003.6597,996.4131,992.9386,985.5967,953.1944,968.2850
2026-06-10,981.8090,983.6960,962.7793,975.8884,1715600,COST,1005.3042,989.4381,1003.4248,995.8404,993.2313,985.5217,953.3385,968.4196
2026-06-11,974.1412,987.5498,972.4539,985.3433,1903400,COST,1002.4392,987.9812,1003.0395,994.9895,993.3789,985.2963,953.5286,968.4765
2026-06-12,980.7906,983.2168,968.4602,973.9715,1737300,COST,999.4989,987.2964,1002.7846,994.4326,993.5866,985.2071,953.7532,968.5990
2026-06-15,977.8953,985.4333,966.4634,972.6436,1893700,COST,996.0294,986.4011,1002.1049,993.7841,993.5801,985.0623,953.9226,968.6915
2026-06-16,985.1138,993.8000,971.6152,978.8338,1523400,COST,991.5470,986.2785,1001.4979,993.4441,993.7125,985.0633,954.1508,968.8549
2026-06-17,964.0573,982.1485,959.6342,978.4443,1928000,COST,985.1207,984.1622,1000.5764,992.2917,993.5637,984.6474,954.2818,968.8072
2026-06-18,949.9397,962.4698,946.8047,961.1718,3742900,COST,979.0025,980.9029,999.0323,990.6308,993.3294,983.9601,954.3647,968.6195
2026-06-22,949.8398,954.7120,941.0338,947.0642,2191900,COST,974.0553,977.9445,997.4511,989.0312,993.1676,983.2844,954.3925,968.4326
2026-06-23,956.1598,964.8460,951.9764,962.9690,2529800,COST,970.5329,975.8698,996.6655,987.7421,993.1636,982.7473,954.4215,968.3105
2026-06-24,959.5644,966.4035,955.4809,960.5029,2020200,COST,968.4443,974.3169,996.2993,986.6371,993.2723,982.2882,954.4299,968.2234
2026-06-25,940.7443,954.2328,937.1100,948.0626,2492700,COST,965.3766,971.1195,995.6773,984.8374,993.3057,981.4656,954.3026,967.9500
2026-06-26,951.0280,960.1135,941.5031,951.7368,8239200,COST,963.2470,969.2060,995.0626,983.5115,993.1618,980.8629,954.1898,967.7816
2026-06-29,945.1772,968.3204,940.8841,957.0284,2450000,COST,962.7658,966.9175,994.2819,982.0082,992.8640,980.1562,954.1620,967.5567
2026-06-30,933.9850,944.4983,930.9298,940.5046,2870900,COST,962.2346,963.7811,993.0245,980.1249,992.4501,979.2419,954.0383,967.2227
2026-07-01,923.2021,938.9371,919.0887,938.9371,2909700,COST,960.7570,959.9164,991.5923,977.8927,991.8192,978.1322,953.8429,966.7847
2026-07-02,950.1593,951.1278,923.3719,925.5285,2785800,COST,960.2498,958.9872,990.5403,976.8051,991.3396,977.5783,953.8210,966.6192
2026-07-06,948.7416,953.9832,939.9056,947.5934,2327500,COST,959.1465,958.0114,989.5020,975.7046,990.8814,977.0073,953.8320,966.4413
2026-07-07,945.9960,967.4618,943.8294,965.9842,1940200,COST,957.9300,956.8671,988.1959,974.5395,990.6585,976.3932,953.7748,966.2379
2026-07-08,951.6170,964.9758,946.4951,957.4777,1645500,COST,956.8507,956.3671,987.0666,973.6406,990.4229,975.9026,953.7987,966.0924
2026-07-09,911.5208,933.5158,906.2392,933.4559,4545200,COST,954.0741,952.0960,985.3974,971.2045,989.5798,974.6277,953.6281,965.5494
2026-07-10,914.7955,915.2748,905.7699,912.2895,2102300,COST,950.7234,948.5436,983.8736,968.9924,988.5739,973.4429,953.5131,965.0444
2026-07-13,924.9594,929.5022,915.4246,916.9721,2373300,COST,948.2643,946.2975,982.4600,967.2656,987.7337,972.4828,953.4473,964.6456
2026-07-14,920.2868,927.9446,917.1019,919.9174,2409200,COST,945.2391,943.8203,980.6367,965.4233,987.0060,971.4493,953.3498,964.2042
2026-07-15,915.0851,926.1076,909.0547,916.2932,2423200,COST,942.0986,941.0836,978.7365,963.4493,986.3086,970.3331,953.2360,963.7154
2026-07-16,944.0690,944.2587,920.0372,922.5333,2735300,COST,940.0464,941.3679,977.3942,962.6893,985.9265,969.8131,953.4032,963.5199
2026-07-17,939.3765,962.7992,932.2778,959.9937,2508000,COST,938.8124,941.1782,975.8856,961.7750,985.4900,969.2103,953.5423,963.2797
2026-07-20,934.3145,945.4768,930.5306,937.2598,1507900,COST,938.0311,940.5246,974.6885,960.6981,984.8791,968.5193,953.6126,962.9915
2026-07-21,927.7449,930.5106,922.9726,928.7733,1833500,COST,936.9264,939.3074,973.0344,959.4059,984.2391,967.7119,953.6912,962.6408
2026-07-22,925.8380,932.1180,919.5080,929.4024,1762700,COST,935.4103,938.0246,971.4073,958.0895,983.6601,966.8827,953.7631,962.2746
2026-07-23,924.5900,925.0593,915.3047,919.0488,1785200,COST,933.6615,936.7452,969.9415,956.7758,982.8287,966.0453,953.8357,961.8996
2026-07-24,935.0300,936.6600,921.2800,925.0100,1586300,COST,933.3758,936.5818,968.2369,955.9230,982.1818,965.4311,953.9826,961.6323
2026-07-27,951.5800,956.6100,936.6600,938.1100,2109500,COST,933.4034,938.0102,966.6397,955.7527,981.6504,965.1568,954.1930,961.5322
2026-07-28,966.5800,987.5500,965.8700,970.5500,2682800,COST,934.4736,940.7311,965.1794,956.1773,981.2794,965.1850,954.4785,961.5825
2026-07-29,974.0300,978.8000,963.0000,968.0700,1973400,COST,936.4758,943.9025,963.7143,956.8774,981.2238,965.3601,954.6615,961.7063
2026-07-30,954.1700,960.7600,949.6800,955.0400,2334500,COST,938.0242,944.8803,961.3024,956.7712,980.8148,965.1386,954.8093,961.6313
2026-07-31,951.8900,955.5600,937.5100,945.7400,1760200,COST,938.1108,945.5479,958.4886,956.5798,980.3112,964.8762,954.9181,961.5344
2026-08-03,954.0800,967.9800,948.7500,965.1500,2014100,COST,938.3777,946.3605,956.1241,956.4818,979.9086,964.6624,954.9834,961.4602
2026-08-04,947.8500,950.8600,937.0100,945.0000,2437300,COST,938.4704,946.5024,954.1054,956.1433,979.4949,964.3295,954.9754,961.3248
2026-08-05,941.9900,956.9900,935.2200,956.9900,1692400,COST,937.9890,946.0726,952.4131,955.5882,978.9121,963.8871,955.0841,961.1324
2026-08-06,949.1500,966.1400,941.7800,959.5500,2116500,COST,939.8705,946.3657,951.3693,955.3358,978.3499,963.5953,955.1753,961.0132
2026-08-07,947.8200,949.7900,937.5100,943.5100,1523800,COST,941.5217,946.5042,950.2838,955.0410,977.8411,963.2829,955.2610,960.8819
2026-08-10,952.7500,952.8900,940.5600,942.4700,1479200,COST,942.9112,947.0990,949.4664,954.9512,977.4372,963.0744,955.3645,960.8010
2026-08-11,944.3200,954.9000,938.0900,950.0500,1801400,COST,944.1129,946.8344,949.2567,954.5343,977.1109,962.7030,955.3901,960.6370
2026-08-12,949.5800,951.3900,935.0500,937.4000,1311800,COST,945.8377,947.0959,949.3562,954.3400,976.8885,962.4431,955.4550,960.5270
2026-08-13,961.8500,962.5800,949.5100,954.2500,1324900,COST,946.7267,948.5010,949.5381,954.6345,976.8132,962.4314,955.6306,960.5402
2026-08-14,961.1000,965.3600,957.7500,959.9900,1165100,COST,947.8129,949.7009,949.5540,954.8880,976.7962,962.4050,955.8138,960.5457
2026-08-17,953.5000,956.7500,949.4200,954.8400,1242800,COST,948.7721,950.0627,949.2079,954.8336,976.6225,962.2287,955.9873,960.4756
2026-08-18,961.3500,971.9600,955.0300,966.1100,1845200,COST,950.4524,951.1377,949.0283,955.0892,976.5170,962.2113,956.2584,960.4843
2026-08-19,956.9900,978.7000,956.0000,960.2300,1642300,COST,952.0100,951.6951,948.7041,955.1637,976.3201,962.1079,956.4692,960.4495
2026-08-20,933.5100,944.2200,925.7700,931.1500,2503700,COST,952.4560,949.9632,948.0332,954.3145,975.8465,961.5416,956.5995,960.1815
2026-08-21,947.7400,949.9000,933.8200,939.6400,2365600,COST,953.0915,949.7514,947.3519,954.0567,975.3883,961.2683,956.7184,960.0577
2026-08-24,971.4000,974.4900,951.3900,953.0100,2204700,COST,954.0825,951.8132,947.2970,954.7368,975.1683,961.4689,956.8924,960.1706
2026-08-25,960.0100,969.0500,959.8900,965.8600,1359900,COST,953.7540,952.5938,946.8814,954.9436,974.8330,961.4400,957.0378,960.1690
2026-08-26,956.1200,964.4500,954.5400,960.5800,1221600,COST,952.8585,952.9297,946.4459,954.9898,974.2754,961.3347,957.2208,960.1287
2026-08-27,934.6600,948.8500,933.2500,948.2700,2239600,COST,951.8830,951.1897,945.4368,954.1925,973.4674,960.8065,957.3007,959.8753
2026-08-28,945.4700,953.7300,937.1100,938.9400,1401300,COST,951.5620,950.6450,945.0651,953.8505,972.8207,960.5028,957.4703,959.7319
2026-08-31,943.8900,949.3000,940.7100,945.1900,2392600,COST,951.0525,950.0016,944.9441,953.4598,971.9882,960.1738,957.6406,959.5743
2026-09-01,939.9600,952.1000,935.9300,947.3500,1507800,COST,950.6580,949.0453,944.7465,952.9304,971.0988,959.7735,957.7905,959.3791
2026-09-02,928.4800,938.8800,920.3100,938.4900,2163000,COST,949.9825,947.0867,944.1929,951.9716,970.4292,959.1539,957.8278,959.0717
2026-09-03,925.4100,930.7600,915.3100,927.7900,2171100,COST,948.7955,945.0222,943.5098,950.9300,969.9046,958.4857,957.8602,958.7367
2026-09-04,915.7400,928.0400,914.5400,926.0900,2076200,COST,947.1915,942.2335,943.0097,949.5500,969.3435,957.6392,957.8960,958.3089
2026-09-08,910.1800,915.1300,906.1000,912.4000,2236900,COST,945.0630,939.1807,942.1928,948.0060,968.6277,956.6994,957.9912,957.8300
2026-09-09,902.6000,909.2300,898.4300,907.0000,2065600,COST,942.9770,935.6969,941.3412,946.2254,967.8116,955.6282,958.0707,957.2804
2026-09-10,902.3800,912.1000,899.0000,906.6200,1925700,COST,940.6170,932.5238,940.7091,944.5060,966.8668,954.5737,958.1358,956.7342
2026-09-11,904.7700,907.3600,900.7500,905.1700,1772000,COST,937.7630,929.8806,940.3405,942.9477,965.9664,953.5875,958.1844,956.2171
2026-09-14,918.9100,921.9900,910.7900,913.6500,2012800,COST,935.6535,928.8358,939.7155,942.0051,965.1279,952.9008,958.3678,955.8459
2026-09-15,901.3500,916.9200,900.2500,916.9200,2198700,COST,933.0460,926.2181,938.7677,940.4107,964.1348,951.8800,958.4225,955.3037
2026-09-16,893.7400,902.0000,892.6700,901.0500,2096900,COST,929.6655,923.1249,937.7225,938.5805,962.9592,950.7287,958.3699,954.6911
2026-09-17,893.9300,896.0000,888.0400,895.3200,2320000,COST,926.5125,920.3445,936.5688,936.8295,961.8177,949.6040,958.2917,954.0865
2026-09-18,895.3100,898.4000,890.5500,892.4300,4175000,COST,924.6025,917.9602,936.2446,935.2013,960.8210,948.5289,958.2284,953.5017
2026-09-21,898.4800,899.4400,885.5000,891.0700,2160100,COST,922.1395,916.1050,935.9183,933.7612,959.8959,947.5378,958.1310,952.9542
2026-09-22,899.4100,903.4000,895.8400,902.2600,1980600,COST,918.5400,914.5150,935.4073,932.4141,958.9336,946.5848,958.0370,952.4214
2026-09-23,904.7000,905.5900,893.3600,901.3100,2280700,COST,915.7745,913.5802,935.0956,931.3273,957.8661,945.7554,958.1009,951.9466
2026-09-24,896.4800,909.4300,895.2600,908.8100,2893300,COST,912.7925,911.9516,934.7235,929.9607,956.7300,944.7796,958.1295,951.3946
2026-09-25,922.7700,925.1400,883.1000,887.0000,4629300,COST,912.1980,912.9819,934.2975,929.6788,955.8459,944.3438,958.3253,951.1098
2026-09-28,922.9200,931.0000,913.0000,924.8750,2405379,COST,911.0705,913.9284,933.9683,929.4137,954.9270,943.9196,958.5172,950.8293
