Date,Close,High,Low,Open,Volume,Ticker,SMA_20,EMA_20,SMA_50,EMA_50,SMA_100,EMA_100,SMA_200,EMA_200
2021-07-06,66.2450,66.7925,64.4250,64.4600,22677852,CRWD,,66.2450,,66.2450,,66.2450,,66.2450
2021-07-07,66.8800,67.4200,65.1575,67.1825,13941472,CRWD,,66.3055,,66.2699,,66.2576,,66.2513
2021-07-08,65.8475,66.2913,63.5700,64.9125,13656940,CRWD,,66.2619,,66.2533,,66.2495,,66.2473
2021-07-09,66.1100,66.2500,64.9000,65.7387,10348036,CRWD,,66.2474,,66.2477,,66.2467,,66.2459
2021-07-12,65.4475,67.4725,65.0750,66.9241,8584836,CRWD,,66.1712,,66.2163,,66.2309,,66.2380
2021-07-13,65.2900,66.8725,64.7775,65.2850,8985252,CRWD,,66.0873,,66.1800,,66.2122,,66.2286
2021-07-14,63.5575,66.0150,63.1625,65.7900,10820684,CRWD,,65.8464,,66.0772,,66.1597,,66.2020
2021-07-15,62.3250,63.9625,61.7625,63.9350,10131708,CRWD,,65.5110,,65.9300,,66.0837,,66.1634
2021-07-16,62.4900,63.4075,62.1047,63.0025,8455240,CRWD,,65.2233,,65.7951,,66.0126,,66.1269
2021-07-19,62.6000,63.0375,59.9275,61.2625,12784416,CRWD,,64.9734,,65.6698,,65.9450,,66.0918
2021-07-20,63.0600,63.7500,61.4675,63.7238,9669800,CRWD,,64.7912,,65.5675,,65.8879,,66.0616
2021-07-21,63.3875,63.7100,62.3775,63.1125,7366104,CRWD,,64.6575,,65.4820,,65.8384,,66.0350
2021-07-22,65.7600,66.2500,63.6604,63.6800,13137100,CRWD,,64.7625,,65.4929,,65.8368,,66.0322
2021-07-23,67.2400,68.1575,65.1295,65.3300,14996456,CRWD,,64.9985,,65.5614,,65.8646,,66.0443
2021-07-26,66.2075,67.0775,65.3575,66.8900,6872936,CRWD,,65.1136,,65.5867,,65.8714,,66.0459
2021-07-27,64.4600,66.7403,63.5075,66.5000,9430948,CRWD,,65.0514,,65.5426,,65.8434,,66.0301
2021-07-28,65.8950,66.2200,64.5000,65.0450,7452416,CRWD,,65.1317,,65.5564,,65.8445,,66.0288
2021-07-29,65.0075,66.6900,64.8900,65.8775,8570956,CRWD,,65.1199,,65.5349,,65.8279,,66.0186
2021-07-30,63.4025,64.8925,63.1428,64.0175,9063512,CRWD,,64.9563,,65.4512,,65.7799,,65.9926
2021-08-02,63.4775,64.2925,61.5500,63.5650,9145856,CRWD,64.7345,64.8155,,65.3738,,65.7343,,65.9675
2021-08-03,63.5850,65.6456,62.6450,63.8275,10282808,CRWD,64.6015,64.6983,,65.3037,,65.6917,,65.9438
2021-08-04,66.0525,66.2975,63.5325,63.8450,8319352,CRWD,64.5601,64.8273,,65.3330,,65.6988,,65.9449
2021-08-05,66.4050,67.0825,65.3587,66.3275,7487952,CRWD,64.5880,64.9775,,65.3751,,65.7128,,65.9495
2021-08-06,65.1850,66.9350,64.0325,66.0750,7359848,CRWD,64.5417,64.9973,,65.3676,,65.7024,,65.9419
2021-08-09,65.8900,66.3750,64.5491,64.7375,6456712,CRWD,64.5639,65.0823,,65.3881,,65.7061,,65.9414
2021-08-10,63.1675,66.6712,63.0250,66.5625,12857644,CRWD,64.4577,64.8999,,65.3010,,65.6558,,65.9138
2021-08-11,59.9700,63.7450,58.4650,63.5512,21951324,CRWD,64.2784,64.4304,,65.0920,,65.5432,,65.8546
2021-08-12,61.4550,61.8650,59.9700,60.0000,9923440,CRWD,64.2349,64.1471,,64.9493,,65.4623,,65.8109
2021-08-13,60.9550,62.2410,60.5700,61.4550,7069484,CRWD,64.1581,63.8430,,64.7927,,65.3730,,65.7625
2021-08-16,58.6775,60.8647,57.2675,60.8325,15034076,CRWD,63.9620,63.3511,,64.5529,,65.2404,,65.6920
2021-08-17,58.2000,58.5675,56.8125,58.5000,12365464,CRWD,63.7190,62.8605,,64.3038,,65.1010,,65.6175
2021-08-18,58.4450,59.3750,57.5575,58.3688,8112024,CRWD,63.4719,62.4400,,64.0740,,64.9692,,65.5461
2021-08-19,58.7400,59.3000,57.7550,57.9938,8308536,CRWD,63.1209,62.0876,,63.8648,,64.8459,,65.4784
2021-08-20,59.4700,59.6600,58.3305,59.1350,6963700,CRWD,62.7324,61.8383,,63.6925,,64.7394,,65.4186
2021-08-23,61.4500,61.7025,59.8278,60.5250,10683788,CRWD,62.4945,61.8013,,63.6045,,64.6743,,65.3791
2021-08-24,66.4075,67.4200,64.6050,65.1425,44244800,CRWD,62.5919,62.2400,,63.7145,,64.7086,,65.3894
2021-08-25,67.5000,68.9375,66.2975,66.7575,58996204,CRWD,62.6721,62.7410,,63.8629,,64.7639,,65.4104
2021-08-26,69.6925,70.4525,67.0975,67.3950,27120496,CRWD,62.9064,63.4030,,64.0915,,64.8615,,65.4530
2021-08-27,70.5775,71.4400,69.4375,69.8863,16165460,CRWD,63.2651,64.0863,,64.3459,,64.9747,,65.5040
2021-08-30,71.5925,72.3100,70.1250,71.3275,19091740,CRWD,63.6709,64.8012,,64.6301,,65.1057,,65.5645
2021-08-31,70.2500,71.6000,69.5938,70.4975,34486676,CRWD,64.0041,65.3201,,64.8504,,65.2076,,65.6112
2021-09-01,67.4925,71.3625,67.3211,68.3050,46969224,CRWD,64.0761,65.5270,,64.9541,,65.2528,,65.6299
2021-09-02,68.1675,68.7950,67.3450,68.0625,16751900,CRWD,64.1643,65.7785,,65.0801,,65.3105,,65.6551
2021-09-03,69.5575,69.7100,67.8000,68.1475,13891280,CRWD,64.3829,66.1384,,65.2557,,65.3946,,65.6940
2021-09-07,67.4200,69.9500,67.0773,69.8425,17904524,CRWD,64.4594,66.2604,,65.3405,,65.4347,,65.7111
2021-09-08,66.3075,67.6450,65.9150,67.5575,12178980,CRWD,64.6164,66.2649,,65.3785,,65.4520,,65.7171
2021-09-09,66.2900,67.4625,66.1325,66.2525,11888724,CRWD,64.9324,66.2673,,65.4142,,65.4686,,65.7228
2021-09-10,65.5000,67.4250,65.1425,67.0175,12162816,CRWD,65.1346,66.1942,,65.4176,,65.4692,,65.7206
2021-09-13,63.5075,64.9225,62.0950,64.6800,19813644,CRWD,65.2623,65.9384,,65.3427,,65.4304,,65.6985
2021-09-14,64.3250,64.7632,63.4575,64.0100,9849156,CRWD,65.5446,65.7847,64.7385,65.3028,,65.4085,,65.6849
2021-09-15,64.8925,64.9950,63.5900,64.4725,9357948,CRWD,65.8793,65.6997,64.7115,65.2867,,65.3983,,65.6770
2021-09-16,66.1850,66.2650,64.2625,65.0575,9131068,CRWD,66.2663,65.7459,64.6976,65.3219,,65.4139,,65.6820
2021-09-17,65.7725,66.6800,64.8925,66.5825,18426340,CRWD,66.6179,65.7485,64.6961,65.3396,,65.4210,,65.6829
2021-09-20,64.3900,65.4050,63.2825,63.5875,11467812,CRWD,66.8639,65.6191,64.6617,65.3023,,65.4006,,65.6701
2021-09-21,63.5275,64.8975,63.1275,63.6625,17172384,CRWD,66.9677,65.4199,64.6232,65.2327,,65.3635,,65.6488
2021-09-22,64.9650,65.2675,62.6375,63.2225,9545224,CRWD,66.8956,65.3766,64.6167,65.2222,,65.3556,,65.6420
2021-09-23,65.5725,66.0725,64.9825,65.6225,7642592,CRWD,66.7992,65.3952,64.6570,65.2360,,65.3599,,65.6413
2021-09-24,65.4375,65.5125,63.5425,65.5125,8157620,CRWD,66.5865,65.3993,64.7193,65.2439,,65.3614,,65.6392
2021-09-27,63.3350,65.2225,62.5750,64.8250,14333508,CRWD,66.2244,65.2027,64.7362,65.1690,,65.3213,,65.6163
2021-09-28,60.4650,62.4575,60.0775,62.2625,15270864,CRWD,65.6680,64.7515,64.6935,64.9845,,65.2251,,65.5651
2021-09-29,59.8925,62.0800,59.6425,60.9250,11345888,CRWD,65.1501,64.2887,64.6301,64.7849,,65.1195,,65.5086
2021-09-30,61.4450,61.9275,60.0675,60.2200,10059468,CRWD,64.8478,64.0179,64.5913,64.6539,,65.0468,,65.4682
2021-10-01,62.3175,63.1550,60.8075,61.6626,10304524,CRWD,64.5552,63.8559,64.5224,64.5623,,64.9927,,65.4368
2021-10-04,59.7200,61.8150,58.9075,61.3925,12719196,CRWD,64.0634,63.4620,64.3720,64.3724,,64.8883,,65.3799
2021-10-05,61.2300,61.5250,59.8192,60.0225,8699512,CRWD,63.7539,63.2495,64.2725,64.2491,,64.8159,,65.3386
2021-10-06,62.0500,62.9025,60.6925,60.8350,8556668,CRWD,63.5410,63.1352,64.2243,64.1629,,64.7611,,65.3059
2021-10-07,62.4700,63.4450,62.4175,62.8319,7127932,CRWD,63.3500,63.0719,64.1558,64.0965,,64.7157,,65.2777
2021-10-08,61.2500,62.7425,60.8750,62.5380,7042612,CRWD,63.1375,62.8984,64.0807,63.9849,,64.6471,,65.2376
2021-10-11,61.0900,62.1775,60.4125,60.8025,4452944,CRWD,63.0166,62.7261,64.0344,63.8714,,64.5767,,65.1964
2021-10-12,63.1850,63.5750,60.8175,61.5475,9259920,CRWD,62.9596,62.7698,64.0286,63.8444,,64.5491,,65.1763
2021-10-13,67.6100,67.9500,63.4525,63.4525,21947996,CRWD,63.0955,63.2308,64.1091,63.9921,,64.6097,,65.2006
2021-10-14,69.0025,69.2225,67.0699,67.5150,19684092,CRWD,63.2364,63.7805,64.1681,64.1886,,64.6967,,65.2384
2021-10-15,68.2775,69.0000,67.5725,69.0000,10210900,CRWD,63.3616,64.2088,64.2055,64.3489,,64.7676,,65.2686
2021-10-18,71.3375,71.4275,67.5250,68.2500,13159988,CRWD,63.7090,64.8877,64.3286,64.6230,,64.8977,,65.3290
2021-10-19,70.5875,71.3250,69.7225,70.8075,9193996,CRWD,64.0620,65.4305,64.4225,64.8569,,65.0104,,65.3813
2021-10-20,70.8325,72.1012,69.8925,70.6773,7101528,CRWD,64.3554,65.9450,64.5758,65.0912,,65.1257,,65.4356
2021-10-21,71.0250,71.8750,70.5025,70.7500,7804412,CRWD,64.6280,66.4288,64.7969,65.3239,,65.2425,,65.4912
2021-10-22,70.8475,72.6825,70.0800,71.0575,10183976,CRWD,64.8985,66.8496,64.9848,65.5405,,65.3535,,65.5445
2021-10-25,70.0250,71.3310,69.5150,71.0000,8337908,CRWD,65.2330,67.1521,65.1662,65.7164,,65.4460,,65.5891
2021-10-26,71.7700,74.3500,70.7550,71.0000,17573032,CRWD,65.7983,67.5919,65.4280,65.9538,,65.5712,,65.6506
2021-10-27,69.7500,72.8750,69.5550,71.9648,9276836,CRWD,66.2911,67.7974,65.6590,66.1027,,65.6540,,65.6914
2021-10-28,70.2925,70.9325,68.2600,69.5000,6154432,CRWD,66.7335,68.0350,65.8960,66.2670,,65.7458,,65.7372
2021-10-29,70.4500,71.1250,69.8850,70.2500,4955964,CRWD,67.1401,68.2650,66.1302,66.4310,,65.8390,,65.7840
2021-11-01,67.2925,68.8853,65.8075,68.8853,19607824,CRWD,67.5188,68.1724,66.2866,66.4648,,65.8677,,65.7991
2021-11-02,67.0300,67.7175,66.0775,66.6450,9954324,CRWD,67.8088,68.0636,66.3982,66.4870,,65.8908,,65.8113
2021-11-03,67.6625,67.8750,66.4525,67.4750,8088500,CRWD,68.0894,68.0254,66.4233,66.5331,,65.9258,,65.8297
2021-11-04,69.9050,70.0450,67.7300,68.1775,8789752,CRWD,68.4611,68.2044,66.4714,66.6653,,66.0046,,65.8703
2021-11-05,68.3575,70.9225,67.5600,70.2500,9129960,CRWD,68.8165,68.2190,66.4447,66.7317,,66.0512,,65.8950
2021-11-08,70.7325,71.1038,68.0425,68.5725,9019544,CRWD,69.2986,68.4584,66.4478,66.8886,,66.1439,,65.9432
2021-11-09,73.2950,73.9425,70.4075,71.4189,12702112,CRWD,69.8041,68.9190,66.4819,67.1398,,66.2855,,66.0163
2021-11-10,70.3900,74.6200,69.6963,72.7475,16155800,CRWD,69.9431,69.0591,66.4847,67.2672,,66.3668,,66.0598
2021-11-11,70.2300,72.1500,70.1800,71.3600,5019208,CRWD,70.0045,69.1706,66.5394,67.3834,,66.4433,,66.1013
2021-11-12,71.0750,72.3825,70.3775,70.9900,6933372,CRWD,70.1444,69.3520,66.5975,67.5282,,66.5350,,66.1508
2021-11-15,63.5375,68.0925,61.9375,67.7150,50547580,CRWD,69.7544,68.7982,66.4771,67.3717,,66.4757,,66.1248
2021-11-16,65.6275,65.7200,63.4975,63.8275,16866700,CRWD,69.5064,68.4963,66.4413,67.3033,,66.4589,,66.1199
2021-11-17,67.4450,67.6450,65.5978,66.3475,13475180,CRWD,69.3370,68.3961,66.4640,67.3089,,66.4784,,66.1330
2021-11-18,66.1800,68.7450,66.1400,67.6050,10210000,CRWD,69.0947,68.1851,66.4618,67.2646,,66.4725,,66.1335
2021-11-19,64.4075,67.4150,64.2275,67.3500,10348876,CRWD,68.7727,67.8253,66.4400,67.1525,,66.4316,,66.1163
2021-11-22,59.9100,63.3325,58.7750,63.1889,24319044,CRWD,68.2670,67.0715,66.3680,66.8685,,66.3025,,66.0546
2021-11-23,57.6450,59.1925,56.0125,57.7500,29110984,CRWD,67.5607,66.1737,66.2344,66.5068,65.4865,66.1310,,65.9709
2021-11-24,57.6925,58.0150,55.6550,57.4100,12521316,CRWD,66.9579,65.3660,66.0904,66.1612,65.4010,65.9639,,65.8885
2021-11-26,58.1600,59.0750,56.9650,58.9300,8619240,CRWD,66.3512,64.6797,65.9300,65.8474,65.3138,65.8094,,65.8116
2021-11-29,56.1425,58.9212,55.2575,58.7500,25586196,CRWD,65.6359,63.8666,65.7374,65.4668,65.2167,65.6180,,65.7154
2021-11-30,54.2850,57.2600,54.1225,56.7062,20211476,CRWD,64.9855,62.9541,65.5353,65.0283,65.0985,65.3935,,65.6017
2021-12-01,50.3750,56.4000,49.7957,55.1719,32415576,CRWD,64.1527,61.7561,65.2722,64.4537,64.9477,65.0962,,65.4502
2021-12-02,52.3375,53.1500,50.2975,51.9938,37364696,CRWD,63.3865,60.8591,65.0197,63.9785,64.8182,64.8435,,65.3197
2021-12-03,49.2625,53.3150,47.1075,53.2100,31360508,CRWD,62.3544,59.7546,64.6935,63.4014,64.6753,64.5350,,65.1599
2021-12-06,48.6775,49.0000,46.4275,47.5125,21101468,CRWD,61.3704,58.6997,64.3583,62.8240,64.5388,64.2210,,64.9959
2021-12-07,51.0800,52.0275,50.1550,50.1550,17729584,CRWD,60.3878,57.9740,64.1132,62.3635,64.4247,63.9607,,64.8575
2021-12-08,52.2950,52.7500,50.0125,51.4012,15924212,CRWD,59.3378,57.4331,63.9498,61.9686,64.3216,63.7297,,64.7325
2021-12-09,50.3175,53.3500,49.8500,52.4900,13551348,CRWD,58.3341,56.7555,63.7583,61.5117,64.1942,63.4642,,64.5890
2021-12-10,49.6500,51.3750,49.1250,50.4369,13306936,CRWD,57.3051,56.0787,63.5224,61.0466,64.0568,63.1906,,64.4404
2021-12-13,49.6700,51.0425,48.5800,49.6475,16202520,CRWD,56.2349,55.4684,63.2694,60.6004,63.8959,62.9229,,64.2934
2021-12-14,49.6775,50.1550,48.0000,49.2520,15366900,CRWD,55.5419,54.9169,63.0686,60.1721,63.7203,62.6606,,64.1480
2021-12-15,52.6775,53.0500,48.6875,49.6375,17976860,CRWD,54.8944,54.7036,62.8975,59.8782,63.5850,62.4629,,64.0338
2021-12-16,50.0700,53.0725,49.2300,52.9238,16326608,CRWD,54.0256,54.2623,62.6579,59.4935,63.4411,62.2175,,63.8949
2021-12-17,51.2750,51.7125,48.3000,49.0531,21852596,CRWD,53.2804,53.9778,62.4340,59.1712,63.2949,62.0008,,63.7693
2021-12-20,51.5725,52.4475,50.0000,50.0593,13956192,CRWD,52.6386,53.7487,62.2405,58.8732,63.1606,61.7943,,63.6480
2021-12-21,52.5775,52.7025,50.0075,51.8325,11497672,CRWD,52.2720,53.6372,62.0702,58.6263,63.0523,61.6118,,63.5378
2021-12-22,51.9000,52.6250,51.0775,51.3700,11457656,CRWD,51.9848,53.4717,61.8445,58.3626,62.9365,61.4195,,63.4220
2021-12-23,52.8800,53.2500,51.1625,51.9000,10672724,CRWD,51.7441,53.4154,61.5499,58.1476,62.8295,61.2504,,63.3171
2021-12-27,52.4100,54.2775,52.2875,52.8700,10988404,CRWD,51.4566,53.3196,61.2181,57.9226,62.6931,61.0753,,63.2086
2021-12-28,51.8075,52.7175,51.5700,52.5000,6081044,CRWD,51.2399,53.1756,60.8887,57.6828,62.5471,60.8918,,63.0951
2021-12-29,51.7175,51.8575,50.3375,51.6725,7702616,CRWD,51.1115,53.0367,60.4963,57.4488,62.4124,60.7101,,62.9819
2021-12-30,52.2375,53.3975,51.5000,51.7500,7901140,CRWD,51.2046,52.9606,60.1293,57.2445,62.2759,60.5424,,62.8750
2021-12-31,51.1875,52.2450,51.1425,52.2375,6841008,CRWD,51.1471,52.7918,59.7364,57.0069,62.1561,60.3571,,62.7587
2022-01-03,49.5825,51.3937,48.3775,51.2500,21278652,CRWD,51.1631,52.4861,59.3075,56.7158,62.0522,60.1438,,62.6276
2022-01-04,47.2975,49.3613,45.8300,48.9725,26013464,CRWD,51.0941,51.9920,58.8365,56.3464,61.9106,59.8894,,62.4751
2022-01-05,44.8225,47.8400,44.7475,46.2500,20013736,CRWD,50.7812,51.3092,58.3325,55.8945,61.7493,59.5910,,62.2994
2022-01-06,46.8725,48.0425,44.0625,45.0625,25474244,CRWD,50.5101,50.8866,57.8345,55.5407,61.6313,59.3392,,62.1459
2022-01-07,47.2475,48.3175,46.2025,46.2500,14127496,CRWD,50.3566,50.5400,57.3845,55.2155,61.5217,59.0997,,61.9977
2022-01-10,48.1250,48.2950,43.7175,45.6525,28208180,CRWD,50.2804,50.3100,56.9411,54.9374,61.4185,58.8824,,61.8597
2022-01-11,49.0275,49.6250,47.1850,47.4025,14652240,CRWD,50.2483,50.1879,56.5127,54.7057,61.3214,58.6873,,61.7320
2022-01-12,46.9925,50.1700,46.4250,49.1525,24011200,CRWD,50.1140,49.8836,56.1067,54.4032,61.1966,58.4557,,61.5853
2022-01-13,43.7250,47.1225,43.3825,47.0375,30261484,CRWD,49.6664,49.2970,55.6406,53.9844,61.0194,58.1640,,61.4076
2022-01-14,44.1750,45.3750,43.0425,43.4675,18698996,CRWD,49.3716,48.8092,55.1708,53.5998,60.7971,57.8870,,61.2361
2022-01-18,43.2125,45.9700,42.5125,43.1825,18945192,CRWD,48.9685,48.2762,54.6370,53.1924,60.5542,57.5964,,61.0568
2022-01-19,43.9275,45.4718,42.8800,42.9275,17753932,CRWD,48.5863,47.8620,54.1484,52.8291,60.2965,57.3257,,60.8864
2022-01-20,43.4725,45.6250,43.3338,44.3325,12689092,CRWD,48.1310,47.4440,53.6032,52.4622,60.0255,57.0514,,60.7131
2022-01-21,41.1825,43.3125,40.7775,42.9700,25272228,CRWD,47.5951,46.8477,52.9609,52.0198,59.7214,56.7372,,60.5187
2022-01-24,41.8175,42.0550,37.5050,39.2938,35070852,CRWD,47.0420,46.3686,52.3895,51.6197,59.4371,56.4417,,60.3327
2022-01-25,39.6475,42.2375,39.3750,41.7500,21111808,CRWD,46.4039,45.7285,51.7778,51.1502,59.1586,56.1092,,60.1268
2022-01-26,40.2350,42.8100,39.8175,40.5650,20195876,CRWD,45.8253,45.2053,51.1610,50.7222,58.8793,55.7948,,59.9289
2022-01-27,39.9525,41.9425,39.5900,41.0400,15573848,CRWD,45.2370,44.7050,50.6893,50.2998,58.5832,55.4811,,59.7301
2022-01-28,42.2250,42.2925,39.0300,40.1500,18070556,CRWD,44.7364,44.4688,50.2213,49.9832,58.3313,55.2186,,59.5560
2022-01-31,45.1600,45.2200,42.5600,42.6750,19759052,CRWD,44.4350,44.5347,49.7756,49.7940,58.1198,55.0194,,59.4127
2022-02-01,45.5375,45.7284,44.0600,45.5025,12027860,CRWD,44.2327,44.6302,49.3627,49.6271,57.9123,54.8317,,59.2747
2022-02-02,44.2600,46.2500,43.5200,45.7500,14101492,CRWD,44.0809,44.5949,48.9598,49.4166,57.6999,54.6223,,59.1253
2022-02-03,42.6575,43.9500,42.3800,42.9933,12871484,CRWD,43.9726,44.4104,48.6147,49.1516,57.4914,54.3854,,58.9614
2022-02-04,44.3025,44.6600,42.2500,42.7225,8322476,CRWD,43.8441,44.4001,48.3479,48.9614,57.2912,54.1858,,58.8155
2022-02-07,44.7100,45.7975,44.0900,44.2000,7954544,CRWD,43.7172,44.4296,48.0882,48.7947,57.0893,53.9981,,58.6752
2022-02-08,44.7250,46.0300,43.9575,43.9950,15286340,CRWD,43.5472,44.4578,47.8195,48.6351,56.8747,53.8145,,58.5364
2022-02-09,46.7250,46.7500,45.2525,45.5250,10285896,CRWD,43.4321,44.6737,47.6312,48.5602,56.6843,53.6741,,58.4188
2022-02-10,46.9700,48.3700,45.5550,45.5575,13861264,CRWD,43.4310,44.8924,47.4849,48.4978,56.5101,53.5413,,58.3049
2022-02-11,45.4650,47.8125,44.6525,47.1225,13074956,CRWD,43.5180,44.9469,47.3867,48.3789,56.3294,53.3814,,58.1772
2022-02-14,45.1500,46.6550,44.9775,45.0158,10595400,CRWD,43.5667,44.9663,47.2429,48.2523,56.1313,53.2184,,58.0475
2022-02-15,47.3250,47.3750,45.6025,46.2757,9884160,CRWD,43.7724,45.1909,47.2042,48.2159,55.9488,53.1017,,57.9409
2022-02-16,45.8200,46.6531,45.0850,46.5590,11019508,CRWD,43.8670,45.2508,47.1470,48.1219,55.7526,52.9575,,57.8202
2022-02-17,42.4625,45.4700,42.2400,45.4650,14577760,CRWD,43.8165,44.9853,46.9747,47.9000,55.5439,52.7497,,57.6674
2022-02-18,41.2325,42.7450,41.0300,42.2650,13380596,CRWD,43.8190,44.6279,46.7534,47.6385,55.3516,52.5216,,57.5039
2022-02-22,41.6775,42.7200,40.3694,40.3750,13124696,CRWD,43.8120,44.3469,46.5806,47.4048,55.1694,52.3069,,57.3464
2022-02-23,40.4575,42.9000,40.4090,42.6538,14637400,CRWD,43.8525,43.9765,46.3968,47.1323,54.9596,52.0723,,57.1784
2022-02-24,45.7200,46.0825,38.3750,38.3750,38298996,CRWD,44.1267,44.1425,46.3178,47.0769,54.7936,51.9465,,57.0644
2022-02-25,45.4375,45.9250,43.5650,45.6275,21910764,CRWD,44.4010,44.2658,46.2330,47.0127,54.6508,51.8176,,56.9487
2022-02-28,48.8025,49.3125,46.6825,46.8375,33342856,CRWD,44.7299,44.6979,46.1555,47.0828,54.5265,51.7579,,56.8676
2022-03-01,49.4100,51.4200,48.9634,50.3325,27459356,CRWD,44.9424,45.1467,46.1423,47.1741,54.4001,51.7114,,56.7934
2022-03-02,50.4375,50.8425,47.5675,49.6500,17182600,CRWD,45.1874,45.6506,46.1255,47.3021,54.2798,51.6862,,56.7302
2022-03-03,47.7550,51.2000,47.2700,50.0000,20631392,CRWD,45.3621,45.8510,46.0492,47.3198,54.1448,51.6083,,56.6409
2022-03-04,44.7575,48.4650,44.3200,48.4400,18904108,CRWD,45.4671,45.7468,45.8928,47.2194,53.9815,51.4727,,56.5226
2022-03-07,41.8500,45.6150,41.3975,45.2475,20489552,CRWD,45.3445,45.3757,45.6918,47.0088,53.7681,51.2821,,56.3766
2022-03-08,39.1925,41.2525,38.8400,41.2500,26687024,CRWD,45.0686,44.7868,45.4180,46.7023,53.4840,51.0427,,56.2056
2022-03-09,42.4475,42.7700,39.4175,40.3275,37148720,CRWD,44.9548,44.5640,45.2188,46.5354,53.2184,50.8725,,56.0687
2022-03-10,47.7550,49.6675,45.6375,46.9750,96541408,CRWD,45.0063,44.8679,45.1377,46.5832,53.0132,50.8108,,55.9860
2022-03-11,47.6350,49.2500,47.3750,47.7800,31932216,CRWD,45.0395,45.1315,45.0561,46.6245,52.7762,50.7479,,55.9029
2022-03-14,45.7800,47.9800,44.5000,47.0025,23421896,CRWD,45.0553,45.1932,44.9269,46.5914,52.5281,50.6495,,55.8022
2022-03-15,47.1600,47.2600,44.5400,45.8750,20344164,CRWD,45.1558,45.3805,44.8464,46.6137,52.2914,50.5804,,55.7162
2022-03-16,47.4150,49.4550,45.3200,47.8975,30955792,CRWD,45.1603,45.5743,44.8030,46.6451,52.0553,50.5177,,55.6336
2022-03-17,51.0325,51.2775,46.6300,47.3200,26094156,CRWD,45.4209,46.0941,44.8777,46.8172,51.8571,50.5279,,55.5878
2022-03-18,52.0150,52.4187,50.1875,50.4000,26416560,CRWD,45.8985,46.6580,45.0216,47.0210,51.6770,50.5574,,55.5523
2022-03-21,51.0325,51.3725,48.8750,50.7500,25228280,CRWD,46.3885,47.0746,45.1048,47.1783,51.4696,50.5668,,55.5073
2022-03-22,54.2650,54.9375,51.0025,51.0500,25567636,CRWD,47.0179,47.7594,45.2451,47.4562,51.3148,50.6400,,55.4949
2022-03-23,54.8700,55.9950,52.6413,53.3112,18499400,CRWD,47.7385,48.4366,45.3800,47.7470,51.1606,50.7238,,55.4887
2022-03-24,55.8500,55.8725,53.8000,55.0000,12221052,CRWD,48.2450,49.1427,45.5164,48.0647,51.0146,50.8253,,55.4923
2022-03-25,55.4875,56.4375,54.1750,56.2500,11255040,CRWD,48.7475,49.7469,45.6863,48.3558,50.8965,50.9176,,55.4923
2022-03-28,55.5300,56.4375,54.2275,55.0375,10764732,CRWD,49.0839,50.2977,45.9224,48.6371,50.7815,51.0089,,55.4926
2022-03-29,55.7525,56.3600,53.3875,56.1125,17199608,CRWD,49.4010,50.8172,46.1540,48.9162,50.6624,51.1029,,55.4952
2022-03-30,56.2400,57.8750,54.5950,55.1850,18206376,CRWD,49.6911,51.3337,46.4145,49.2034,50.5258,51.2046,,55.5026
2022-03-31,56.7700,58.0875,55.7575,56.2625,16580860,CRWD,50.1419,51.8514,46.6714,49.5001,50.4099,51.3148,,55.5153
2022-04-01,56.9625,58.2150,56.1325,56.3250,15636812,CRWD,50.7521,52.3382,46.9412,49.7928,50.2722,51.4266,,55.5297
2022-04-04,57.2575,57.5175,56.4000,57.0000,12037068,CRWD,51.5225,52.8067,47.2627,50.0855,50.1118,51.5421,,55.5468
2022-04-05,54.9900,57.5925,54.4712,57.4975,14261292,CRWD,52.3124,53.0146,47.5261,50.2778,49.9578,51.6104,,55.5413
2022-04-06,52.8050,53.8975,51.8000,53.1338,17561840,CRWD,52.8302,52.9947,47.7893,50.3769,49.7836,51.6340,,55.5141
2022-04-07,54.2575,55.3750,52.5700,52.6950,14176428,CRWD,53.1554,53.1149,48.0697,50.5291,49.6154,51.6860,,55.5016
2022-04-08,54.5525,56.9250,53.8000,55.3750,26921748,CRWD,53.5013,53.2518,48.3618,50.6869,49.5255,51.7427,,55.4921
2022-04-11,54.1500,54.9975,52.1100,53.4425,12635696,CRWD,53.9198,53.3374,48.6003,50.8227,49.4108,51.7904,,55.4788
2022-04-12,55.8775,59.0448,55.5825,56.8375,34805648,CRWD,54.3556,53.5793,48.8146,51.0209,49.2951,51.8713,,55.4827
2022-04-13,59.9650,60.5000,55.9375,56.0275,32478996,CRWD,54.9831,54.1875,49.1032,51.3717,49.2329,52.0316,,55.5273
2022-04-14,58.8050,59.8875,58.7650,59.5050,17425696,CRWD,55.3718,54.6272,49.3941,51.6632,49.1769,52.1657,,55.5600
2022-04-18,56.2475,58.6250,55.5400,58.5000,14405144,CRWD,55.5834,54.7815,49.6659,51.8430,49.1403,52.2466,,55.5668
2022-04-19,57.1650,57.6900,55.5750,56.2475,10841400,CRWD,55.8900,55.0085,49.9231,52.0517,49.1355,52.3440,57.3110,55.5827
2022-04-20,55.6225,58.0000,54.3750,57.3300,13689588,CRWD,55.9579,55.0670,50.1414,52.1917,49.1148,52.4089,57.2579,55.5831
2022-04-21,52.4625,56.8000,51.9550,55.9525,12722724,CRWD,55.8375,54.8190,50.2961,52.2023,49.0578,52.4100,57.1858,55.5520
2022-04-22,51.4050,53.5412,50.9200,52.2500,11267296,CRWD,55.6153,54.4938,50.3897,52.1711,49.0104,52.3901,57.1136,55.5108
2022-04-25,53.6450,54.1250,50.5050,50.7100,12071136,CRWD,55.5231,54.4130,50.5232,52.2289,49.0040,52.4149,57.0512,55.4922
2022-04-26,50.3500,53.2125,50.2675,52.9350,13347868,CRWD,55.2641,54.0260,50.6209,52.1552,49.0038,52.3740,56.9758,55.4410
2022-04-27,50.2650,51.7400,49.5350,50.0225,10423764,CRWD,54.9898,53.6678,50.7232,52.0810,48.9831,52.3322,56.9006,55.3895
2022-04-28,51.7650,52.4925,49.6425,50.7025,10404788,CRWD,54.7660,53.4866,50.8120,52.0687,49.0081,52.3210,56.8417,55.3535
2022-04-29,49.6900,53.0475,49.4500,51.6525,11754792,CRWD,54.4120,53.1250,50.8894,51.9754,49.0182,52.2689,56.7785,55.2971
2022-05-02,50.9125,51.1250,49.1425,49.6250,9114424,CRWD,54.1095,52.9143,51.0584,51.9337,49.0165,52.2421,56.7206,55.2535
2022-05-03,49.8500,51.9575,48.7775,50.9125,13354420,CRWD,53.7391,52.6225,51.2308,51.8520,48.9921,52.1947,56.6569,55.1997
2022-05-04,50.0975,50.1750,45.3475,50.0900,24749256,CRWD,53.4945,52.3820,51.3992,51.7832,48.9899,52.1532,56.5920,55.1490
2022-05-05,45.2450,49.7600,44.2932,49.7550,19947544,CRWD,53.1165,51.7023,51.4949,51.5268,48.9458,52.0164,56.5013,55.0504
2022-05-06,41.2025,44.7225,40.1850,44.6662,33142488,CRWD,52.4637,50.7023,51.4045,51.1219,48.8612,51.8022,56.3785,54.9126
2022-05-09,35.9225,40.1500,35.5150,39.7525,37101788,CRWD,51.5322,49.2947,51.2142,50.5258,48.7236,51.4878,56.2220,54.7237
2022-05-10,37.9700,38.5675,34.9275,37.6675,29572444,CRWD,50.7232,48.2162,50.9976,50.0335,48.5765,51.2201,56.0808,54.5570
2022-05-11,34.3500,38.1862,34.2050,37.0810,25913224,CRWD,49.6469,46.8956,50.6964,49.4184,48.4193,50.8860,55.9302,54.3559
2022-05-12,34.9525,36.2500,32.5000,33.5500,23956056,CRWD,48.3962,45.7581,50.3867,48.8511,48.2561,50.5705,55.7755,54.1628
2022-05-13,39.0725,39.4395,35.7650,35.7650,24976560,CRWD,47.4096,45.1214,50.2130,48.4677,48.1311,50.3428,55.6458,54.0127
2022-05-16,36.5975,39.4200,36.2050,38.5000,16463148,CRWD,46.4271,44.3096,50.0498,48.0022,47.9713,50.0707,55.5118,53.8394
2022-05-17,36.8175,38.7175,35.2000,37.8325,21264168,CRWD,45.4097,43.5961,49.9492,47.5635,47.8205,49.8082,55.3785,53.6700
2022-05-18,34.6250,37.1050,34.0900,36.0450,23580404,CRWD,44.3599,42.7417,49.8578,47.0562,47.6379,49.5076,55.2337,53.4805
2022-05-19,35.6600,37.1975,34.1700,34.6500,18328672,CRWD,43.5197,42.0672,49.7221,46.6092,47.4704,49.2333,55.0817,53.3032
2022-05-20,37.1850,39.1763,35.5125,37.9450,32790096,CRWD,42.8087,41.6023,49.5107,46.2397,47.3242,48.9948,54.9356,53.1428
2022-05-23,37.3175,38.4925,36.2175,36.9400,17555204,CRWD,41.9924,41.1942,49.3043,45.8898,47.1802,48.7635,54.7963,52.9854
2022-05-24,34.9675,37.0950,34.2625,36.6725,16977720,CRWD,41.2232,40.6012,49.0881,45.4615,47.0075,48.4903,54.6417,52.8061
2022-05-25,36.6600,37.2050,34.4250,34.7062,18063268,CRWD,40.5430,40.2258,48.8781,45.1163,46.8622,48.2561,54.5092,52.6454
2022-05-26,38.9600,40.0625,36.3150,36.4250,22008920,CRWD,39.9027,40.1053,48.7090,44.8749,46.7560,48.0720,54.4041,52.5092
2022-05-27,41.7050,41.8400,39.6675,39.7225,18088216,CRWD,39.5035,40.2576,48.5224,44.7506,46.7001,47.9459,54.3054,52.4017
2022-05-31,39.9975,42.6400,39.5125,41.8925,23398504,CRWD,38.9577,40.2329,48.2821,44.5642,46.6518,47.7885,54.2006,52.2783
2022-06-01,40.3625,42.0000,39.5875,40.7525,19908308,CRWD,38.4834,40.2452,48.0687,44.3994,46.5867,47.6415,54.1090,52.1597
2022-06-02,43.5050,44.1400,40.2475,40.2500,33994940,CRWD,38.1538,40.5557,47.8535,44.3643,46.5493,47.5596,54.0355,52.0736
2022-06-03,40.5250,42.7050,40.1725,41.4660,37212644,CRWD,37.9178,40.5527,47.5666,44.2138,46.4733,47.4203,53.9459,51.9587
2022-06-06,42.2425,42.8375,40.6775,41.8700,27304144,CRWD,37.9698,40.7137,47.2945,44.1365,46.4055,47.3177,53.8634,51.8620
2022-06-07,44.1700,45.4725,41.4605,41.5250,23163548,CRWD,38.3821,41.0428,47.0681,44.1378,46.3772,47.2554,53.7869,51.7855
2022-06-08,44.7100,45.1175,43.7625,44.0000,11571900,CRWD,38.7191,41.3921,46.8517,44.1602,46.3871,47.2050,53.7032,51.7151
2022-06-09,43.3875,44.8950,43.3525,44.1250,11658080,CRWD,39.1710,41.5821,46.6044,44.1299,46.3792,47.1294,53.5881,51.6322
2022-06-10,42.3300,42.6250,41.2700,42.0312,16817128,CRWD,39.5399,41.6534,46.3262,44.0593,46.3704,47.0344,53.4623,51.5397
2022-06-13,38.6300,40.2200,37.6575,39.6775,22481248,CRWD,39.5178,41.3654,45.9634,43.8464,46.3174,46.8679,53.3070,51.4112
2022-06-14,39.8150,40.5625,38.3850,39.0000,13132044,CRWD,39.6786,41.2178,45.6205,43.6883,46.2808,46.7283,53.1532,51.2958
2022-06-15,41.0875,41.8750,39.8175,40.3325,14539904,CRWD,39.8921,41.2054,45.2971,43.5863,46.2799,46.6166,53.0006,51.1943
2022-06-16,39.3025,40.3625,38.4400,39.2600,15107328,CRWD,40.1260,41.0241,44.9833,43.4183,46.2547,46.4718,52.8459,51.0759
2022-06-17,40.9750,41.3775,39.4825,39.6250,17459224,CRWD,40.3918,41.0195,44.7467,43.3225,46.2680,46.3629,52.7133,50.9754
2022-06-21,41.1600,42.7125,40.7700,41.2500,18081128,CRWD,40.5905,41.0328,44.4848,43.2377,46.2773,46.2599,52.5783,50.8778
2022-06-22,41.4275,42.9175,40.4742,40.6525,11946124,CRWD,40.7960,41.0704,44.2223,43.1667,46.2920,46.1642,52.4376,50.7837
2022-06-23,43.7250,44.1500,41.6625,42.1475,17377256,CRWD,41.2339,41.3232,44.0138,43.1886,46.3070,46.1159,52.3191,50.7135
2022-06-24,46.2475,47.1700,44.3225,44.4975,24527720,CRWD,41.7133,41.7922,43.8212,43.3086,46.3179,46.1185,52.2188,50.6691
2022-06-27,45.4825,46.4100,44.3325,46.2550,11451988,CRWD,42.0394,42.1437,43.5315,43.3938,46.3173,46.1059,52.1148,50.6175
2022-06-28,43.5475,45.9825,42.9275,45.3600,12458568,CRWD,42.1315,42.2774,43.2264,43.3998,46.3102,46.0552,52.0050,50.5471
2022-06-29,43.9850,44.4650,42.9300,43.5938,8952540,CRWD,42.3309,42.4400,42.9811,43.4228,46.3235,46.0142,51.9074,50.4818
2022-06-30,42.1400,43.7000,40.8875,43.4050,16858524,CRWD,42.4198,42.4114,42.6806,43.3725,46.3019,45.9375,51.7965,50.3988
2022-07-01,44.8125,44.9075,41.8675,42.0600,14841428,CRWD,42.4851,42.6401,42.4644,43.4290,46.3029,45.9152,51.6961,50.3432
2022-07-05,46.7550,47.2425,43.9300,44.8000,25569024,CRWD,42.7966,43.0320,42.3502,43.5594,46.3232,45.9319,51.5990,50.3075
2022-07-06,46.4800,47.6750,45.7675,47.0725,12828972,CRWD,43.0085,43.3604,42.2517,43.6739,46.3207,45.9427,51.5025,50.2694
2022-07-07,47.5500,48.2050,46.3300,46.3300,13941220,CRWD,43.1775,43.7594,42.1298,43.8259,46.3265,45.9746,51.4183,50.2424
2022-07-08,47.5950,48.7125,46.0250,46.2500,12572736,CRWD,43.3218,44.1247,42.0747,43.9737,46.3478,46.0066,51.3386,50.2160
2022-07-11,46.3425,47.0940,45.2625,47.0000,9689152,CRWD,43.4695,44.3359,41.9963,44.0666,46.3598,46.0133,51.2455,50.1775
2022-07-12,43.5975,47.5525,43.2250,46.7250,16497860,CRWD,43.5329,44.2656,41.8329,44.0482,46.3225,45.9655,51.1356,50.1120
2022-07-13,43.7425,44.6850,42.0845,42.4950,11796764,CRWD,43.7885,44.2158,41.7140,44.0362,46.3017,45.9214,51.0272,50.0486
2022-07-14,43.1875,43.6675,41.9125,43.0850,11882088,CRWD,43.9571,44.1178,41.5595,44.0030,46.3090,45.8673,50.9264,49.9804
2022-07-15,44.4750,44.8050,42.7825,43.5175,11713264,CRWD,44.1265,44.1519,41.4520,44.0215,46.3414,45.8397,50.8465,49.9256
2022-07-18,44.3125,45.8800,44.1775,45.8800,10761804,CRWD,44.3770,44.1672,41.3363,44.0329,46.3677,45.8095,50.7686,49.8697
2022-07-19,45.1375,45.1775,43.6250,45.0875,10240088,CRWD,44.5851,44.2596,41.3342,44.0762,46.4145,45.7962,50.6870,49.8227
2022-07-20,46.0750,46.8850,45.2575,45.7450,12326788,CRWD,44.8309,44.4325,41.4316,44.1546,46.4181,45.8017,50.6058,49.7854
2022-07-21,47.2500,47.3100,45.4025,45.8875,10027696,CRWD,45.1220,44.7008,41.6582,44.2760,46.4362,45.8304,50.5435,49.7601
2022-07-22,45.8825,48.4800,45.2500,47.5000,11206500,CRWD,45.2299,44.8133,41.8164,44.3390,46.4070,45.8314,50.4667,49.7215
2022-07-25,45.6550,46.0187,44.6075,45.7000,6795336,CRWD,45.2002,44.8935,42.0425,44.3906,46.3694,45.8279,50.3848,49.6811
2022-07-26,42.2925,45.6525,42.0250,45.5425,14134944,CRWD,45.0407,44.6458,42.1893,44.3083,46.2880,45.7579,50.2839,49.6076
2022-07-27,44.2400,44.6763,42.8750,43.8250,11177712,CRWD,45.0754,44.6071,42.2927,44.3056,46.2528,45.7279,50.1988,49.5542
2022-07-28,45.5225,45.6375,43.6875,44.1950,10992296,CRWD,45.1522,44.6943,42.4712,44.3533,46.2605,45.7238,50.1210,49.5140
2022-07-29,45.9000,46.0000,44.5150,45.7275,10540520,CRWD,45.3403,44.8091,42.6528,44.4140,46.3010,45.7273,50.0346,49.4781
2022-08-01,45.8250,46.9125,44.7475,45.1950,9689732,CRWD,45.3909,44.9059,42.8768,44.4693,46.3673,45.7292,49.9256,49.4417
2022-08-02,47.0350,47.4100,44.8800,45.1300,11085332,CRWD,45.4049,45.1087,43.1043,44.5699,46.4132,45.7551,49.8158,49.4178
2022-08-03,48.8300,49.2850,47.7000,47.7675,12495616,CRWD,45.5224,45.4631,43.3372,44.7370,46.4240,45.8160,49.7186,49.4119
2022-08-04,47.3100,48.0000,45.6125,47.8275,20145336,CRWD,45.5104,45.6390,43.5371,44.8379,46.4207,45.8455,49.5984,49.3910
2022-08-05,47.7925,48.1525,46.2050,46.5000,11003900,CRWD,45.5203,45.8441,43.7936,44.9538,46.4408,45.8841,49.4845,49.3751
2022-08-08,47.3800,49.3700,47.2275,48.4225,12755368,CRWD,45.5721,45.9904,44.0080,45.0489,46.4430,45.9137,49.3672,49.3553
2022-08-09,46.6950,47.5000,46.2050,47.0400,7285984,CRWD,45.7270,46.0575,44.1627,45.1135,46.4358,45.9292,49.2455,49.3288
2022-08-10,50.2000,50.4350,48.3325,48.3350,15605088,CRWD,46.0499,46.4520,44.3326,45.3129,46.4275,46.0138,49.1423,49.3375
2022-08-11,49.5150,51.4325,49.0183,51.0000,11653304,CRWD,46.3663,46.7437,44.5229,45.4777,46.4025,46.0831,49.0398,49.3392
2022-08-12,50.2175,50.7500,49.7575,50.7500,7068924,CRWD,46.6534,47.0745,44.7200,45.6636,46.3944,46.1650,48.9320,49.3480
2022-08-15,50.4550,50.7250,49.0525,49.8150,9752088,CRWD,46.9605,47.3965,44.8590,45.8515,46.3563,46.2499,48.8355,49.3590
2022-08-16,50.1025,50.2675,48.9450,50.0000,11704700,CRWD,47.2088,47.6542,45.0506,46.0182,46.3086,46.3262,48.7346,49.3664
2022-08-17,49.2225,49.6275,48.5675,49.1000,8950520,CRWD,47.3661,47.8036,45.1902,46.1439,46.2423,46.3836,48.6284,49.3650
2022-08-18,48.9400,49.3125,48.4525,48.8325,6570236,CRWD,47.4506,47.9118,45.2856,46.2535,46.1768,46.4342,48.5367,49.3607
2022-08-19,47.6300,48.3750,47.1375,48.1850,8942404,CRWD,47.5380,47.8850,45.3440,46.3075,46.0978,46.4579,48.4397,49.3435
2022-08-22,46.4700,47.1625,46.0000,46.5900,9882036,CRWD,47.5788,47.7502,45.4056,46.3139,46.0050,46.4581,48.3337,49.3149
2022-08-23,48.0900,48.4721,47.5225,47.8650,13640632,CRWD,47.8686,47.7826,45.5208,46.3835,45.9235,46.4904,48.2246,49.3027
2022-08-24,48.6550,49.8525,48.6475,49.0500,12892312,CRWD,48.0894,47.8657,45.7213,46.4726,45.8424,46.5333,48.1261,49.2963
2022-08-25,50.7350,50.9175,49.3850,49.8237,12169268,CRWD,48.3500,48.1389,45.9397,46.6398,45.7801,46.6165,48.0261,49.3106
2022-08-26,48.6400,50.6750,48.6300,50.6600,14334576,CRWD,48.4870,48.1866,46.0908,46.7182,45.6939,46.6565,47.9029,49.3039
2022-08-29,48.0125,49.2974,47.6725,47.7513,10828072,CRWD,48.5964,48.1701,46.2650,46.7690,45.6241,46.6834,47.7910,49.2911
2022-08-30,48.3237,49.5350,47.2800,49.0800,29146728,CRWD,48.6608,48.1847,46.4119,46.8299,45.5793,46.7159,47.6814,49.2814
2022-08-31,45.6525,49.4850,44.5962,49.3025,62945288,CRWD,48.5019,47.9435,46.5018,46.7838,45.4933,46.6948,47.5543,49.2453
2022-09-01,43.2425,45.0000,42.2700,44.6125,27545388,CRWD,48.2986,47.4958,46.5381,46.6449,45.3802,46.6265,47.4528,49.1856
2022-09-02,43.1125,44.2825,42.7275,43.5700,17400124,CRWD,48.0646,47.0784,46.5258,46.5064,45.2698,46.5569,47.3403,49.1252
2022-09-06,42.7875,43.1725,42.1550,43.1125,11859084,CRWD,47.8349,46.6697,46.4566,46.3605,45.1389,46.4822,47.2170,49.0621
2022-09-07,42.9900,43.2725,41.7000,42.6725,12818948,CRWD,47.6497,46.3193,46.4068,46.2283,44.9691,46.4131,47.1010,49.0017
2022-09-08,44.9688,44.9700,42.2900,42.5425,12737100,CRWD,47.3881,46.1906,46.4352,46.1789,44.8308,46.3845,47.0038,48.9616
2022-09-09,47.7150,47.8800,45.9275,45.9350,16716288,CRWD,47.2981,46.3358,46.5098,46.2392,44.7455,46.4108,46.9429,48.9492
2022-09-12,48.7750,48.8225,47.8125,47.8200,12171648,CRWD,47.2260,46.5681,46.6425,46.3386,44.6616,46.4576,46.8985,48.9474
2022-09-13,46.1750,47.4500,45.7500,46.6575,15613816,CRWD,47.0120,46.5307,46.6698,46.3322,44.5671,46.4520,46.8409,48.9198
2022-09-14,46.0275,46.3725,45.3750,46.1750,10806732,CRWD,46.8083,46.4828,46.6552,46.3203,44.5027,46.4436,46.7803,48.8911
2022-09-15,44.7150,46.2850,44.4700,45.4550,11040404,CRWD,46.5829,46.3144,46.6199,46.2573,44.4358,46.4094,46.7231,48.8495
2022-09-16,42.7525,43.8000,42.3462,43.5375,19808460,CRWD,46.2735,45.9752,46.5240,46.1199,44.3269,46.3370,46.6655,48.7888
2022-09-19,43.8475,43.9625,42.5000,42.5550,8961956,CRWD,46.0844,45.7725,46.4490,46.0308,44.2619,46.2877,46.6328,48.7397
2022-09-20,43.4675,43.9878,43.1550,43.4500,8626540,CRWD,45.9342,45.5530,46.3915,45.9302,44.1939,46.2319,46.5885,48.6872
2022-09-21,42.3125,44.2125,42.3100,43.4175,13520464,CRWD,45.6454,45.2444,46.3658,45.7884,44.0994,46.1542,46.5537,48.6238
2022-09-22,40.3200,42.2812,39.9175,41.7600,14303272,CRWD,45.2286,44.7754,46.2974,45.5739,44.0057,46.0387,46.5119,48.5412
2022-09-23,40.0975,40.4125,39.2650,39.7700,11921992,CRWD,44.6967,44.3299,46.2356,45.3592,43.8975,45.9211,46.4570,48.4571
2022-09-26,39.8375,41.4500,39.7837,39.9975,10999684,CRWD,44.2566,43.9020,46.1428,45.1426,43.7974,45.8006,46.3947,48.3714
2022-09-27,40.6450,41.2800,40.0400,40.9875,8651776,CRWD,43.8882,43.5918,46.0695,44.9662,43.7029,45.6985,46.3464,48.2945
2022-09-28,41.8125,41.9750,40.6425,41.0275,9834052,CRWD,43.5627,43.4224,46.0030,44.8426,43.6686,45.6216,46.3072,48.2300
2022-09-29,41.4250,41.5600,40.2225,40.8700,8390484,CRWD,43.3513,43.2322,45.9100,44.7085,43.6708,45.5385,46.2660,48.1623
2022-09-30,41.2025,42.9012,41.1500,41.5375,10392060,CRWD,43.2493,43.0389,45.7890,44.5711,43.7236,45.4526,46.2236,48.0930
2022-10-03,42.3275,42.6725,40.9725,41.6575,10248684,CRWD,43.2101,42.9711,45.7179,44.4831,43.7672,45.3907,46.1718,48.0357
2022-10-04,43.7675,44.6724,43.2500,43.6450,11225172,CRWD,43.2591,43.0470,45.6802,44.4550,43.8613,45.3586,46.1403,47.9932
2022-10-05,44.1750,44.5850,42.5875,42.7525,8504456,CRWD,43.3183,43.1544,45.7178,44.4440,43.9536,45.3351,46.1048,47.9552
2022-10-06,44.5975,45.4600,44.1575,44.6050,10627644,CRWD,43.2997,43.2918,45.7250,44.4500,44.0088,45.3205,46.0700,47.9218
2022-10-07,42.9700,43.8050,42.5825,43.6100,10367380,CRWD,43.0625,43.2612,45.6739,44.3920,44.0725,45.2740,46.0219,47.8725
2022-10-10,40.2700,43.1150,40.0725,42.9350,14010984,CRWD,42.6372,42.9763,45.5613,44.2304,44.1071,45.1749,45.9638,47.7969
2022-10-11,38.9475,40.1250,37.9375,39.6800,13704844,CRWD,42.2759,42.5926,45.4238,44.0232,44.1503,45.0516,45.8941,47.7088
2022-10-12,38.2475,38.9450,37.3750,38.5800,12282196,CRWD,41.8869,42.1788,45.2480,43.7967,44.1762,44.9168,45.8233,47.6147
2022-10-13,38.1500,38.8564,35.5900,36.3630,14313264,CRWD,41.5586,41.7951,45.0344,43.5753,44.1858,44.7828,45.7550,47.5205
2022-10-14,36.4950,39.1350,36.4562,38.9375,16026360,CRWD,41.2458,41.2903,44.8181,43.2976,44.1776,44.6187,45.6789,47.4108
2022-10-17,37.9025,38.5100,37.0000,37.3375,12991352,CRWD,40.9485,40.9677,44.6203,43.0860,44.2069,44.4857,45.6072,47.3162
2022-10-18,39.2200,40.3750,38.6991,39.3150,14843008,CRWD,40.7361,40.8012,44.4571,42.9344,44.2325,44.3815,45.5474,47.2356
2022-10-19,38.1350,39.2525,37.8525,38.8525,8131260,CRWD,40.5273,40.5473,44.2859,42.7462,44.2243,44.2578,45.4901,47.1451
2022-10-20,38.4700,39.6123,38.0250,38.0250,8371368,CRWD,40.4348,40.3495,44.0513,42.5785,44.1919,44.1432,45.4460,47.0588
2022-10-21,39.0800,39.2625,37.1472,38.1225,10774304,CRWD,40.3839,40.2286,43.8426,42.4413,44.1828,44.0429,45.4173,46.9794
2022-10-24,39.4925,39.6750,38.5550,39.5275,8219788,CRWD,40.3666,40.1585,43.6281,42.3257,44.1741,43.9528,45.3804,46.9049
2022-10-25,40.5275,41.1675,39.8025,39.8050,8500424,CRWD,40.3608,40.1936,43.4296,42.2552,44.1443,43.8850,45.3468,46.8414
2022-10-26,40.4425,41.8397,39.1975,39.5125,9450860,CRWD,40.2923,40.2173,43.2364,42.1841,44.1435,43.8168,45.3084,46.7777
2022-10-27,41.1825,42.0325,40.5125,41.1875,9143132,CRWD,40.2801,40.3092,43.0756,42.1448,44.1329,43.7646,45.2692,46.7221
2022-10-28,40.9125,41.2450,39.7150,40.6375,7490884,CRWD,40.2656,40.3667,42.9150,42.0965,44.1003,43.7082,45.2388,46.6643
2022-10-31,40.3000,41.2025,39.9000,40.4050,8760980,CRWD,40.1643,40.3603,42.7684,42.0260,44.0562,43.6407,45.2216,46.6009
2022-11-01,40.1325,42.1200,39.8850,41.2500,10323964,CRWD,39.9825,40.3386,42.6417,41.9518,44.0236,43.5712,45.2014,46.5366
2022-11-02,36.9975,40.2925,36.9850,40.2500,17731328,CRWD,39.6236,40.0204,42.4198,41.7575,43.9703,43.4410,45.1703,46.4417
2022-11-03,35.3825,36.5350,34.9175,36.5350,16001156,CRWD,39.1629,39.5787,42.1544,41.5075,43.9378,43.2815,45.1276,46.3316
2022-11-04,31.8900,35.2925,31.6050,35.2400,32993964,CRWD,38.6089,38.8465,41.7775,41.1303,43.8586,43.0559,45.0697,46.1879
2022-11-07,31.1700,32.4750,30.7250,32.4575,21655740,CRWD,38.1539,38.1154,41.4281,40.7397,43.7594,42.8205,45.0196,46.0385
2022-11-08,31.7500,32.4575,30.1250,31.5000,18299256,CRWD,37.7940,37.5091,41.1028,40.3872,43.6839,42.6013,44.9693,45.8963
2022-11-09,30.5900,31.1550,30.1250,31.1375,14873740,CRWD,37.4111,36.8502,40.7481,40.0030,43.5800,42.3635,44.9240,45.7440
2022-11-10,33.9400,34.0238,32.6700,33.1225,20917932,CRWD,37.2006,36.5730,40.5139,39.7652,43.5078,42.1966,44.8925,45.6266
2022-11-11,35.7800,36.2067,33.8350,34.1875,18480976,CRWD,37.1649,36.4975,40.3646,39.6089,43.4514,42.0696,44.8717,45.5286
2022-11-14,35.5025,36.0325,34.5725,35.3875,12174960,CRWD,37.0449,36.4027,40.2124,39.4479,43.3691,41.9395,44.8381,45.4288
2022-11-15,37.0750,37.8563,36.5075,37.2475,15868256,CRWD,36.9376,36.4668,40.0982,39.3548,43.2774,41.8432,44.7976,45.3457
2022-11-16,35.9125,36.9075,35.5231,36.6763,10157840,CRWD,36.8265,36.4140,39.9566,39.2198,43.1817,41.7258,44.7495,45.2518
2022-11-17,34.8075,35.3425,34.4675,34.9050,15709760,CRWD,36.6434,36.2610,39.7534,39.0468,43.0943,41.5888,44.7023,45.1479
2022-11-18,34.7475,36.6800,34.3000,36.6263,21619556,CRWD,36.4267,36.1168,39.4940,38.8782,43.0019,41.4533,44.6627,45.0444
2022-11-21,33.8900,34.3775,33.5950,34.2775,11548948,CRWD,36.1466,35.9048,39.1963,38.6826,42.9194,41.3035,44.6106,44.9334
2022-11-22,33.9500,34.0775,33.1200,33.9550,15404960,CRWD,35.8177,35.7186,38.9518,38.4970,42.8108,41.1579,44.5568,44.8241
2022-11-23,35.2225,35.4050,33.4600,33.8950,10312560,CRWD,35.5567,35.6713,38.7357,38.3686,42.6955,41.0404,44.5093,44.7286
2022-11-25,35.0125,35.3425,34.6300,34.9625,4090180,CRWD,35.2482,35.6086,38.5417,38.2370,42.5808,40.9210,44.4508,44.6319
2022-11-28,34.8625,35.2500,34.1651,34.9200,13549720,CRWD,34.9457,35.5375,38.3839,38.1046,42.4539,40.8011,44.3902,44.5347
2022-11-29,34.5000,35.0800,34.0625,35.0000,42218384,CRWD,34.6557,35.4387,38.1969,37.9633,42.3230,40.6763,44.3354,44.4349
2022-11-30,29.4125,29.4525,27.2225,28.0725,154591836,CRWD,34.1197,34.8648,37.9158,37.6280,42.1537,40.4532,44.2567,44.2854
2022-12-01,31.0175,31.2297,29.6425,29.6600,57771252,CRWD,33.8207,34.4984,37.6899,37.3687,42.0279,40.2664,44.1752,44.1534
2022-12-02,31.0000,31.3875,30.1825,30.4375,35403996,CRWD,33.6016,34.1652,37.5035,37.1190,41.9005,40.0829,44.1011,44.0225
2022-12-05,29.5825,31.1025,29.1730,30.6150,23122872,CRWD,33.4862,33.7288,37.2933,36.8234,41.7644,39.8750,44.0367,43.8788
2022-12-06,28.4575,29.7000,28.2475,29.5850,18963600,CRWD,33.3506,33.2267,37.0656,36.4954,41.6042,39.6489,43.9728,43.7254
2022-12-07,28.3000,28.7475,27.5830,28.5825,18620820,CRWD,33.1781,32.7575,36.8187,36.1740,41.4441,39.4242,43.9059,43.5719
2022-12-08,28.5600,29.0925,27.9375,28.3825,17170584,CRWD,33.0766,32.3578,36.5537,35.8754,41.2783,39.2090,43.8464,43.4225
2022-12-09,28.7700,29.2500,28.2375,28.4400,12058468,CRWD,32.8181,32.0161,36.3006,35.5967,41.1053,39.0023,43.7617,43.2767
2022-12-12,29.6350,29.6450,28.6000,28.6900,12138464,CRWD,32.5109,31.7893,36.0692,35.3629,40.9291,38.8168,43.6827,43.1410
2022-12-13,30.2475,31.3800,29.6075,31.0575,17820476,CRWD,32.2481,31.6425,35.8276,35.1623,40.7728,38.6471,43.5899,43.0127
2022-12-14,30.1425,30.9500,29.7000,30.2500,15744036,CRWD,31.9015,31.4996,35.5551,34.9655,40.6177,38.4787,43.4936,42.8846
2022-12-15,28.7475,30.2725,28.6675,29.7250,12977216,CRWD,31.5432,31.2375,35.2466,34.7216,40.4822,38.2860,43.3851,42.7440
2022-12-16,27.8750,28.7288,27.6900,28.5005,20167452,CRWD,31.1966,30.9173,34.9121,34.4531,40.3186,38.0799,43.2857,42.5960
2022-12-19,27.0225,27.8213,26.8950,27.7050,16855976,CRWD,30.8104,30.5463,34.5932,34.1617,40.1336,37.8609,43.1970,42.4410
2022-12-20,27.4575,27.6204,26.5068,26.7626,13815316,CRWD,30.4887,30.2522,34.3369,33.8988,39.9491,37.6549,43.1251,42.2920
2022-12-21,26.8375,27.2800,26.0875,27.2100,27170696,CRWD,30.1331,29.9270,34.0947,33.6219,39.7593,37.4407,43.0633,42.1382
2022-12-22,25.9925,26.4175,25.4678,26.1875,17522916,CRWD,29.6716,29.5522,33.8496,33.3227,39.5488,37.2140,42.9810,41.9775
2022-12-23,25.4975,25.8200,25.2375,25.7500,13300872,CRWD,29.1959,29.1661,33.5966,33.0159,39.3155,36.9820,42.8697,41.8135
2022-12-27,25.1650,25.5800,24.8275,25.2675,12407692,CRWD,28.7110,28.7850,33.3700,32.7080,39.0940,36.7480,42.7574,41.6479
2022-12-28,24.9900,25.4200,24.6750,24.9000,14128140,CRWD,28.2355,28.4236,33.1117,32.4053,38.8660,36.5152,42.6534,41.4821
2022-12-29,26.1425,26.3775,25.1175,25.3575,12571188,CRWD,28.0720,28.2063,32.8502,32.1597,38.6536,36.3098,42.5483,41.3295
2022-12-30,26.3225,26.5467,25.7475,25.8750,12528288,CRWD,27.8372,28.0269,32.6139,31.9308,38.4499,36.1120,42.4429,41.1802
2023-01-03,25.8200,27.1150,25.4293,26.8750,13790156,CRWD,27.5782,27.8167,32.3609,31.6912,38.2061,35.9082,42.3168,41.0273
2023-01-04,26.0912,26.7225,25.6350,26.1925,12152816,CRWD,27.4037,27.6524,32.1012,31.4716,37.9719,35.7138,42.1872,40.8787
2023-01-05,23.7225,24.5025,23.6287,24.5000,40006788,CRWD,27.1669,27.2781,31.7858,31.1677,37.7069,35.4763,42.0506,40.7080
2023-01-06,23.6800,23.9900,23.0650,23.5963,27089128,CRWD,26.9359,26.9355,31.4488,30.8740,37.4392,35.2427,41.8977,40.5386
2023-01-09,24.1425,24.9500,23.9500,24.2600,25726736,CRWD,26.7151,26.6695,31.1228,30.6101,37.1796,35.0229,41.7441,40.3754
2023-01-10,23.9175,24.0075,23.0625,23.6800,30820060,CRWD,26.4724,26.4074,30.7775,30.3476,36.9265,34.8030,41.5844,40.2117
2023-01-11,24.2500,24.6250,23.7200,24.2300,21000520,CRWD,26.2032,26.2019,30.4443,30.1085,36.6796,34.5941,41.4282,40.0529
2023-01-12,24.4950,24.5125,23.1775,24.2650,19219136,CRWD,25.9156,26.0393,30.1282,29.8883,36.4483,34.3941,41.2731,39.8981
2023-01-13,24.8825,24.9825,24.0325,24.1075,16841320,CRWD,25.6526,25.9292,29.8232,29.6920,36.2324,34.2057,41.1187,39.7486
2023-01-17,26.1075,26.4398,24.5325,25.1000,26614048,CRWD,25.5206,25.9462,29.6054,29.5515,36.0126,34.0454,40.9680,39.6129
2023-01-18,25.2500,26.8500,25.2250,26.6663,20896568,CRWD,25.3893,25.8799,29.4027,29.3828,35.7785,33.8712,40.8104,39.4700
2023-01-19,24.9625,25.4475,24.5500,24.8275,18950028,CRWD,25.2863,25.7925,29.2642,29.2094,35.5208,33.6948,40.6504,39.3256
2023-01-20,25.8525,25.9400,24.8925,25.0800,16538848,CRWD,25.2061,25.7982,29.1578,29.0778,35.2929,33.5395,40.4934,39.1916
2023-01-23,26.5750,26.5875,25.5000,25.5175,14615176,CRWD,25.1929,25.8722,29.0543,28.9796,35.0786,33.4016,40.3513,39.0660
2023-01-24,26.1500,27.2525,26.0338,26.7887,20328976,CRWD,25.2008,25.8986,28.9655,28.8687,34.8568,33.2580,40.2181,38.9375
2023-01-25,25.2050,25.4850,24.3150,25.4300,30584836,CRWD,25.1862,25.8326,28.7908,28.7250,34.6523,33.0985,40.0728,38.8009
2023-01-26,26.1175,26.1375,25.2200,25.6575,24278100,CRWD,25.2338,25.8597,28.5976,28.6227,34.4811,32.9603,39.9306,38.6747
2023-01-27,26.0875,26.4603,25.6300,25.9025,24382776,CRWD,25.2887,25.8814,28.4093,28.5233,34.3108,32.8242,39.7903,38.5494
2023-01-30,25.3425,25.8950,25.2188,25.7450,21072220,CRWD,25.2487,25.8301,28.1746,28.3986,34.1364,32.6760,39.6376,38.4180
2023-01-31,26.4750,26.4800,25.1850,25.2500,18593224,CRWD,25.2563,25.8915,27.9859,28.3232,33.9712,32.5533,39.4702,38.2992
2023-02-01,27.6250,27.9100,26.2750,26.4750,21574952,CRWD,25.3466,26.0566,27.8422,28.2958,33.7978,32.4557,39.3143,38.1930
2023-02-02,28.9825,29.3975,28.4775,29.3975,28503176,CRWD,25.4911,26.3353,27.7269,28.3227,33.6105,32.3869,39.1780,38.1013
2023-02-03,28.3900,29.3529,28.0550,28.1155,16076568,CRWD,25.7245,26.5309,27.6169,28.3253,33.4066,32.3077,39.0341,38.0047
2023-02-06,27.3550,28.7800,27.2062,27.8475,15458732,CRWD,25.9083,26.6094,27.4850,28.2873,33.2184,32.2097,38.8928,37.8987
2023-02-07,28.6475,28.7700,26.9400,27.4338,16461284,CRWD,26.1335,26.8035,27.3535,28.3014,33.0446,32.1391,38.7737,37.8067
2023-02-08,28.6200,29.7975,28.5975,29.5825,20848552,CRWD,26.3686,26.9765,27.2257,28.3139,32.8837,32.0694,38.6598,37.7153
2023-02-09,28.3550,29.4475,28.2800,29.2600,14563448,CRWD,26.5739,27.1078,27.0955,28.3155,32.7397,31.9959,38.5333,37.6221
2023-02-10,27.2400,28.1550,26.9000,27.9750,13845892,CRWD,26.7111,27.1204,26.9503,28.2733,32.5736,31.9017,38.4178,37.5188
2023-02-13,28.0425,28.3225,27.1612,27.5575,10682796,CRWD,26.8691,27.2082,26.9229,28.2643,32.4194,31.8253,38.3066,37.4245
2023-02-14,29.0775,29.1650,27.6025,27.9850,15724052,CRWD,27.0176,27.3862,26.8841,28.2962,32.2870,31.7709,38.1932,37.3415
2023-02-15,30.1300,30.1400,28.8125,29.1775,16816956,CRWD,27.2616,27.6476,26.8667,28.3681,32.1851,31.7384,38.0954,37.2697
2023-02-16,28.7800,29.6825,28.7650,29.4650,16876528,CRWD,27.4525,27.7554,26.8507,28.3843,32.0720,31.6798,37.9847,37.1853
2023-02-17,28.5625,28.5725,27.6150,28.4825,14853344,CRWD,27.5880,27.8323,26.8528,28.3912,31.9592,31.6181,37.8783,37.0995
2023-02-21,28.1075,28.6873,27.8775,28.0050,14483120,CRWD,27.6646,27.8585,26.8489,28.3801,31.8338,31.5486,37.7684,37.0100
2023-02-22,29.4075,29.5775,28.2800,28.6050,21040284,CRWD,27.8275,28.0060,26.8659,28.4204,31.7098,31.5062,37.6892,36.9343
2023-02-23,29.3600,30.1375,28.7097,29.9225,20244392,CRWD,28.0352,28.1350,26.8777,28.4573,31.5891,31.4637,37.6300,36.8590
2023-02-24,29.3200,29.7000,28.8250,28.9450,19202200,CRWD,28.1954,28.2478,26.8714,28.4911,31.4703,31.4212,37.5969,36.7840
2023-02-27,30.1625,30.8101,29.5750,29.6588,22007404,CRWD,28.3991,28.4302,26.8697,28.5566,31.3487,31.3963,37.5579,36.7181
2023-02-28,30.1725,30.6700,30.0225,30.0500,14015032,CRWD,28.6406,28.5961,26.8703,28.6200,31.2127,31.3721,37.5370,36.6529
2023-03-01,30.0525,30.2625,29.6524,30.0575,11073300,CRWD,28.8195,28.7348,26.8964,28.6762,31.0715,31.3459,37.5125,36.5873
2023-03-02,30.9100,30.9825,29.6775,29.7500,15425268,CRWD,28.9837,28.9420,26.9571,28.7638,30.9346,31.3373,37.4717,36.5308
2023-03-03,31.5100,31.7800,30.4250,30.8250,19513096,CRWD,29.1101,29.1865,27.0468,28.8715,30.8200,31.3407,37.4463,36.4808
2023-03-06,31.8975,32.5475,31.8288,32.5000,30331596,CRWD,29.2855,29.4447,27.1356,28.9901,30.7363,31.3517,37.4217,36.4352
2023-03-07,31.2325,32.1500,31.1275,31.7500,39109548,CRWD,29.4794,29.6150,27.2235,29.0781,30.6591,31.3494,37.4047,36.3834
2023-03-08,32.2300,33.7400,31.2500,33.2200,98787468,CRWD,29.6585,29.8640,27.3483,29.2017,30.5990,31.3668,37.3876,36.3421
2023-03-09,30.4200,32.5225,30.3800,32.0275,32122556,CRWD,29.7485,29.9170,27.4467,29.2495,30.5217,31.3481,37.3537,36.2832
2023-03-10,29.9300,31.1275,29.5375,29.9700,32197848,CRWD,29.8272,29.9182,27.5420,29.2761,30.4560,31.3200,37.3168,36.2200
2023-03-13,30.3525,30.9000,29.5575,29.7775,25046980,CRWD,29.9829,29.9596,27.6493,29.3184,30.3805,31.3008,37.2937,36.1616
2023-03-14,32.0025,32.0400,30.7175,31.2200,26229092,CRWD,30.1809,30.1542,27.7665,29.4236,30.3083,31.3147,37.2704,36.1202
2023-03-15,32.3300,32.5475,31.6325,31.6400,24494680,CRWD,30.3435,30.3614,27.8866,29.5376,30.2503,31.3348,37.2373,36.0825
2023-03-16,33.3800,33.5222,32.3875,32.5750,27799884,CRWD,30.5060,30.6489,28.0378,29.6883,30.1994,31.3753,37.1957,36.0556
2023-03-17,33.2800,34.1175,32.9650,33.4375,22915476,CRWD,30.7310,30.8994,28.1816,29.8291,30.1414,31.4130,37.1621,36.0280
2023-03-20,33.1850,33.3213,32.5550,33.0775,16982992,CRWD,30.9621,31.1171,28.3709,29.9607,30.0783,31.4481,37.1262,35.9997
2023-03-21,34.0050,34.2250,32.8175,32.9375,18952192,CRWD,31.2570,31.3922,28.5774,30.1193,30.0131,31.4988,37.0787,35.9798
2023-03-22,33.3150,34.4700,33.3125,33.9250,14956524,CRWD,31.4524,31.5753,28.7608,30.2446,29.9418,31.5347,37.0426,35.9533
2023-03-23,33.6350,34.5825,33.2825,33.9900,12768020,CRWD,31.6661,31.7714,28.9551,30.3776,29.8663,31.5763,36.9996,35.9303
2023-03-24,32.8850,33.7500,32.6975,33.6000,10808844,CRWD,31.8444,31.8775,29.1278,30.4759,29.7861,31.6022,36.9432,35.9000
2023-03-27,32.8475,33.3110,32.5725,32.9800,10251648,CRWD,31.9786,31.9699,29.2949,30.5689,29.7115,31.6269,36.8839,35.8696
2023-03-28,32.1600,32.9100,31.8900,32.7500,10778052,CRWD,32.0780,31.9880,29.4404,30.6313,29.6318,31.6374,36.8277,35.8327
2023-03-29,32.4000,32.8500,32.1702,32.7700,10783336,CRWD,32.1954,32.0272,29.5663,30.7007,29.5858,31.6525,36.7781,35.7985
2023-03-30,32.9300,33.3750,32.4875,32.7825,13703348,CRWD,32.2964,32.1132,29.7199,30.7881,29.5613,31.6778,36.7496,35.7700
2023-03-31,34.3150,34.5600,33.0275,33.1300,18113584,CRWD,32.4366,32.3229,29.9069,30.9264,29.5856,31.7301,36.7221,35.7555
2023-04-03,34.1375,34.3975,33.5425,33.8750,11151996,CRWD,32.5486,32.4957,30.0726,31.0523,29.6152,31.7777,36.6873,35.7394
2023-04-04,34.2150,34.6675,33.9325,34.3750,12183260,CRWD,32.6977,32.6595,30.2254,31.1764,29.6399,31.8260,36.6619,35.7242
2023-04-05,31.9500,33.9025,31.4250,33.8425,31183092,CRWD,32.6838,32.5919,30.3414,31.2067,29.6535,31.8285,36.6168,35.6867
2023-04-06,31.9550,32.0350,30.9251,31.5000,15956684,CRWD,32.7605,32.5312,30.4764,31.2361,29.6336,31.8310,36.5707,35.6495
2023-04-10,32.0250,32.0450,31.1375,31.6800,10694248,CRWD,32.8653,32.4830,30.5946,31.2670,29.5961,31.8348,36.5237,35.6135
2023-04-11,32.4650,32.9300,31.8175,31.8850,16058656,CRWD,32.9709,32.4813,30.7222,31.3140,29.5657,31.8473,36.4674,35.5822
2023-04-12,33.7500,34.2900,32.7892,33.1250,22071248,CRWD,33.0583,32.6021,30.8903,31.4095,29.5325,31.8850,36.4049,35.5639
2023-04-13,34.0250,35.0525,33.9300,34.1513,18993540,CRWD,33.1430,32.7376,31.0413,31.5121,29.5136,31.9273,36.3476,35.5486
2023-04-14,33.9425,34.1750,33.4650,33.6125,11649844,CRWD,33.1711,32.8524,31.1677,31.6074,29.5049,31.9672,36.2996,35.5326
2023-04-17,34.3425,34.4868,33.6610,34.1650,9385960,CRWD,33.2243,32.9943,31.2749,31.7146,29.5009,32.0143,36.2514,35.5208
2023-04-18,34.0950,34.9725,34.0312,34.7625,7707740,CRWD,33.2698,33.0991,31.3890,31.8080,29.5029,32.0555,36.2112,35.5066
2023-04-19,33.2075,33.9216,33.0025,33.7500,11436656,CRWD,33.2299,33.1095,31.5060,31.8629,29.4955,32.0783,36.1532,35.4837
2023-04-20,32.4725,32.9800,32.2675,32.7575,9783180,CRWD,33.1878,33.0488,31.5825,31.8868,29.4680,32.0861,36.0817,35.4538
2023-04-21,33.0625,33.1850,32.5375,32.6450,7750284,CRWD,33.1591,33.0501,31.6714,31.9329,29.4485,32.1054,36.0147,35.4300
2023-04-24,32.6000,33.4325,32.2550,33.1237,8226084,CRWD,33.1449,33.0072,31.7563,31.9590,29.4259,32.1152,35.9399,35.4018
2023-04-25,30.5375,32.1175,30.4525,32.0475,24426440,CRWD,33.0294,32.7720,31.8222,31.9033,29.3863,32.0840,35.8546,35.3534
2023-04-26,31.0300,31.4796,30.7181,30.9550,10826792,CRWD,32.9729,32.6061,31.8820,31.8691,29.4024,32.0631,35.7781,35.3104
2023-04-27,31.5125,31.8750,30.8900,31.2975,12389372,CRWD,32.9285,32.5020,31.9307,31.8551,29.4074,32.0522,35.7176,35.2726
2023-04-28,30.0125,30.9925,29.8550,30.8000,20749612,CRWD,32.7826,32.2649,31.9283,31.7828,29.3975,32.0118,35.6490,35.2203
2023-05-01,29.6975,29.9844,29.2225,29.6400,14897596,CRWD,32.5518,32.0204,31.9467,31.7010,29.3987,31.9660,35.5815,35.1653
2023-05-02,29.1850,29.7875,29.0100,29.7250,12309456,CRWD,32.3041,31.7503,31.9591,31.6024,29.4059,31.9109,35.5051,35.1058
2023-05-03,29.4175,29.7569,28.9175,29.1150,7634468,CRWD,32.0643,31.5281,31.9853,31.5167,29.4171,31.8615,35.4306,35.0492
2023-05-04,29.4700,30.0400,29.3625,29.5975,8520648,CRWD,31.9403,31.3321,31.9866,31.4364,29.4262,31.8142,35.3523,34.9937
2023-05-05,30.6125,30.8075,29.7550,29.8075,11990628,CRWD,31.8731,31.2636,32.0116,31.4041,29.4446,31.7904,35.2750,34.9501
2023-05-08,33.1025,33.2200,31.3500,31.5000,24230824,CRWD,31.9270,31.4387,32.0873,31.4707,29.4793,31.8164,35.2042,34.9317
2023-05-09,32.4850,33.5425,32.2901,33.1025,13560956,CRWD,31.9280,31.5384,32.1337,31.5105,29.5017,31.8296,35.1372,34.9074
2023-05-10,33.4500,33.9888,32.7575,33.0875,15982200,CRWD,31.9130,31.7204,32.1993,31.5866,29.5348,31.8617,35.0762,34.8929
2023-05-11,33.0375,33.7025,32.8175,33.5988,10231300,CRWD,31.8636,31.8459,32.2590,31.6435,29.5777,31.8850,35.0299,34.8744
2023-05-12,32.5575,33.2350,32.3125,33.1900,8105612,CRWD,31.7944,31.9136,32.2919,31.6793,29.6245,31.8983,34.9715,34.8513
2023-05-15,33.8875,33.9800,32.6025,32.7225,12562256,CRWD,31.7716,32.1016,32.3395,31.7659,29.6931,31.9377,34.9133,34.8418
2023-05-16,33.5025,33.9025,33.3250,33.5000,7858428,CRWD,31.7420,32.2350,32.3716,31.8340,29.7536,31.9687,34.8514,34.8284
2023-05-17,34.3075,34.7725,33.4025,33.7100,12590260,CRWD,31.7970,32.4324,32.4331,31.9310,29.8283,32.0150,34.7938,34.8232
2023-05-18,35.4625,35.4900,34.3075,34.3600,15808228,CRWD,31.9465,32.7210,32.4977,32.0695,29.9230,32.0833,34.7359,34.8296
2023-05-19,36.1800,37.0850,35.5975,35.6850,24164088,CRWD,32.1024,33.0504,32.6129,32.2307,30.0298,32.1644,34.6727,34.8430
2023-05-22,36.8525,37.1400,35.9550,36.0650,13733540,CRWD,32.3150,33.4125,32.7514,32.4119,30.1467,32.2572,34.6204,34.8630
2023-05-23,35.9750,37.1575,35.9475,36.5275,12892532,CRWD,32.5869,33.6566,32.8638,32.5517,30.2565,32.3308,34.5613,34.8741
2023-05-24,37.3000,37.3700,35.7875,36.0125,19463000,CRWD,32.9004,34.0036,32.9698,32.7379,30.3681,32.4292,34.5109,34.8982
2023-05-25,37.4025,37.7825,36.7975,37.6625,14225644,CRWD,33.1949,34.3273,33.0712,32.9208,30.4789,32.5277,34.4644,34.9232
2023-05-26,38.5300,39.5450,37.5000,37.5725,22630604,CRWD,33.6207,34.7275,33.1742,33.1408,30.6060,32.6466,34.4061,34.9590
2023-05-30,39.6475,40.1950,38.7275,39.8850,26862688,CRWD,34.1182,35.1961,33.3015,33.3959,30.7416,32.7852,34.3567,35.0057
2023-05-31,40.0325,40.4487,39.2525,39.7075,41110464,CRWD,34.6606,35.6567,33.4385,33.6562,30.9047,32.9287,34.3058,35.0557
2023-06-01,39.3875,39.9475,35.6237,36.6800,63368504,CRWD,35.1591,36.0120,33.5461,33.8809,31.0618,33.0566,34.2505,35.0988
2023-06-02,37.8300,39.8500,37.6325,39.6650,31955032,CRWD,35.5771,36.1852,33.6365,34.0358,31.1986,33.1511,34.1891,35.1260
2023-06-05,38.5200,38.6900,37.0600,37.7625,18722940,CRWD,35.9725,36.4075,33.7342,34.2117,31.3447,33.2575,34.1356,35.1598
2023-06-06,38.2600,38.9425,38.1000,38.4450,11577648,CRWD,36.2304,36.5840,33.8417,34.3704,31.4848,33.3565,34.0822,35.1906
2023-06-07,37.3075,38.9750,37.1000,38.6875,13968212,CRWD,36.4715,36.6529,33.9309,34.4856,31.6129,33.4347,34.0306,35.2117
2023-06-08,37.8250,37.9225,37.1275,37.2800,9109776,CRWD,36.6902,36.7645,34.0442,34.6166,31.7423,33.5217,33.9874,35.2377
2023-06-09,37.3825,38.4575,36.7100,38.3825,14203336,CRWD,36.9075,36.8234,34.1438,34.7250,31.8551,33.5981,33.9338,35.2590
2023-06-12,37.7775,37.9650,37.2275,37.5588,9793136,CRWD,37.1685,36.9142,34.2408,34.8447,31.9803,33.6809,33.8794,35.2841
2023-06-13,38.2775,38.5675,37.6425,38.2650,12583048,CRWD,37.3880,37.0441,34.3200,34.9793,32.1135,33.7719,33.8171,35.3139
2023-06-14,38.4900,38.5000,37.6700,38.2875,10694660,CRWD,37.6374,37.1818,34.4071,35.1170,32.2399,33.8653,33.7664,35.3455
2023-06-15,39.9525,40.2975,38.0554,38.3075,30272064,CRWD,37.9196,37.4456,34.5218,35.3066,32.3736,33.9859,33.7261,35.3913
2023-06-16,38.7850,40.5625,38.7025,40.5250,25407540,CRWD,38.0858,37.5732,34.6585,35.4431,32.5000,34.0809,33.6784,35.4251
2023-06-20,38.0200,38.9300,37.5650,38.1500,14385480,CRWD,38.1778,37.6158,34.7798,35.5441,32.6281,34.1589,33.6402,35.4509
2023-06-21,35.9625,37.8450,35.8175,37.6450,24980764,CRWD,38.1333,37.4583,34.8586,35.5605,32.7266,34.1946,33.6038,35.4560
2023-06-22,36.4500,36.7350,35.3750,35.6400,13237636,CRWD,38.1570,37.3623,34.9383,35.5954,32.8302,34.2393,33.5705,35.4659
2023-06-23,35.9125,36.2375,35.5525,35.8575,11681492,CRWD,38.0876,37.2242,34.9815,35.6078,32.9359,34.2724,33.5362,35.4703
2023-06-26,35.4525,36.2950,35.3375,36.0337,8744388,CRWD,37.9901,37.0555,35.0101,35.6017,33.0257,34.2958,33.4985,35.4701
2023-06-27,36.0700,36.2675,35.5175,35.6225,10252544,CRWD,37.8671,36.9616,35.0526,35.6201,33.1101,34.3309,33.4540,35.4761
2023-06-28,36.2725,36.5050,35.6094,35.9725,9499164,CRWD,37.6984,36.8960,35.0912,35.6457,33.1830,34.3694,33.3968,35.4840
2023-06-29,35.9975,36.6225,35.7925,36.4425,9800548,CRWD,37.4966,36.8104,35.1292,35.6595,33.2591,34.4016,33.3329,35.4892
2023-06-30,36.7175,37.3300,36.2175,36.2725,12370696,CRWD,37.3631,36.8016,35.1994,35.7010,33.3527,34.4475,33.2856,35.5014
2023-07-03,36.4900,36.8875,36.2525,36.7950,5545452,CRWD,37.2961,36.7719,35.2798,35.7319,33.4312,34.4879,33.2379,35.5112
2023-07-05,36.2700,36.8175,36.2200,36.3900,12716348,CRWD,37.1836,36.7241,35.3440,35.7530,33.5077,34.5232,33.1957,35.5188
2023-07-06,35.9025,35.9287,34.8425,35.6875,15168788,CRWD,37.0658,36.6458,35.4100,35.7589,33.5831,34.5505,33.1614,35.5226
2023-07-07,36.0125,36.7000,35.8700,35.8775,9140132,CRWD,37.0010,36.5855,35.5195,35.7688,33.6709,34.5795,33.1222,35.5275
2023-07-10,37.4875,37.4950,35.8750,35.9500,13807656,CRWD,36.9841,36.6714,35.6487,35.8362,33.7653,34.6371,33.0923,35.5470
2023-07-11,37.6975,38.1850,37.3175,37.6875,14082780,CRWD,36.9999,36.7692,35.7723,35.9092,33.8515,34.6977,33.0693,35.5684
2023-07-12,36.5325,38.4825,36.0850,38.2975,18389016,CRWD,36.9376,36.7466,35.9027,35.9337,33.9155,34.7340,33.0503,35.5779
2023-07-13,37.6875,38.3850,36.8825,36.9950,16178696,CRWD,36.9081,36.8362,36.0625,36.0024,34.0046,34.7925,33.0383,35.5989
2023-07-14,37.3500,38.0600,37.2325,37.6125,10639416,CRWD,36.8511,36.8852,36.2258,36.0553,34.0925,34.8431,33.0258,35.6164
2023-07-17,38.1825,38.8900,37.1075,37.2675,14750408,CRWD,36.7626,37.0087,36.4011,36.1387,34.1932,34.9092,33.0135,35.6419
2023-07-18,38.2375,38.5563,37.6850,38.2500,9647520,CRWD,36.7352,37.1257,36.5765,36.2210,34.2815,34.9752,32.9957,35.6677
2023-07-19,39.4025,40.3750,38.7238,38.7500,19150048,CRWD,36.8044,37.3426,36.7523,36.3458,34.3820,35.0628,32.9855,35.7049
2023-07-20,37.0175,39.0350,36.8750,38.7325,19167460,CRWD,36.8571,37.3116,36.8306,36.3721,34.4589,35.1015,32.9646,35.7179
2023-07-21,37.7250,38.0938,37.2200,37.4825,23805080,CRWD,36.9209,37.3510,36.9354,36.4252,34.5346,35.1535,32.9416,35.7379
2023-07-24,37.4350,37.9463,36.7875,37.7425,10992452,CRWD,36.9970,37.3590,37.0151,36.4648,34.6072,35.1987,32.9099,35.7548
2023-07-25,37.7350,38.3525,37.6350,37.6550,8984836,CRWD,37.1111,37.3948,37.1090,36.5146,34.6840,35.2489,32.8777,35.7745
2023-07-26,38.6575,38.7375,37.1125,37.5700,11194588,CRWD,37.2405,37.5151,37.2311,36.5986,34.7615,35.3164,32.8480,35.8032
2023-07-27,38.2125,39.5200,38.0488,39.2375,10684052,CRWD,37.3375,37.5815,37.3176,36.6619,34.8285,35.3737,32.8243,35.8272
2023-07-28,38.9000,39.2600,38.3750,38.8750,8016480,CRWD,37.4826,37.7071,37.4255,36.7497,34.8985,35.4436,32.8174,35.8577
2023-07-31,40.4150,40.8525,39.4150,39.4725,15673924,CRWD,37.6675,37.9650,37.5477,36.8934,34.9904,35.5420,32.8247,35.9031
2023-08-01,41.4900,41.7475,39.7550,40.2500,16112324,CRWD,37.9175,38.3007,37.6682,37.0737,35.0830,35.6598,32.8410,35.9587
2023-08-02,38.6825,40.4000,38.1400,40.3783,18447756,CRWD,38.0381,38.3370,37.7183,37.1368,35.1656,35.7196,32.8436,35.9858
2023-08-03,39.3875,39.6250,38.3075,38.5000,9872196,CRWD,38.2124,38.4371,37.7690,37.2250,35.2602,35.7923,32.8581,36.0196
2023-08-04,37.6225,38.9975,37.1562,38.8075,17876276,CRWD,38.2929,38.3595,37.8019,37.2406,35.3329,35.8285,32.8567,36.0356
2023-08-07,37.7425,38.0125,36.9500,37.8150,9319376,CRWD,38.3056,38.3007,37.8108,37.2603,35.3903,35.8664,32.8493,36.0526
2023-08-08,36.4700,36.9275,35.7225,36.7925,17134240,CRWD,38.2443,38.1264,37.7921,37.2293,35.4317,35.8784,32.8410,36.0567
2023-08-09,36.3650,36.7775,36.0615,36.2775,9980928,CRWD,38.2359,37.9586,37.7488,37.1954,35.4615,35.8880,32.8304,36.0598
2023-08-10,36.9650,37.7475,36.6575,36.8375,9399100,CRWD,38.1998,37.8640,37.6952,37.1864,35.4984,35.9093,32.8199,36.0688
2023-08-11,37.0550,37.5195,36.7150,36.8050,8184548,CRWD,38.1850,37.7870,37.6356,37.1812,35.5371,35.9320,32.8077,36.0786
2023-08-14,38.0925,38.1375,36.6450,36.8375,8920816,CRWD,38.1805,37.8161,37.6097,37.2170,35.5779,35.9748,32.7955,36.0986
2023-08-15,37.4075,37.9200,37.2650,37.6300,7859084,CRWD,38.1390,37.7771,37.6013,37.2244,35.6189,36.0032,32.7803,36.1117
2023-08-16,37.2500,37.8350,36.9400,37.2500,7504760,CRWD,38.0314,37.7269,37.5759,37.2254,35.6550,36.0279,32.7607,36.1230
2023-08-17,36.0950,37.2500,35.9775,37.2500,13436148,CRWD,37.9853,37.5715,37.5326,37.1811,35.6871,36.0292,32.7366,36.1227
2023-08-18,36.7000,36.8260,35.1300,35.4150,12786660,CRWD,37.9340,37.4885,37.5204,37.1622,35.7256,36.0425,32.7186,36.1285
2023-08-21,38.4750,38.7800,37.6275,37.6900,16983180,CRWD,37.9860,37.5825,37.5334,37.2137,35.7888,36.0906,32.7103,36.1518
2023-08-22,38.0825,38.7500,37.9025,38.5850,6832068,CRWD,38.0034,37.6301,37.5474,37.2478,35.8456,36.1301,32.7157,36.1710
2023-08-23,38.4525,38.8600,37.8925,38.3700,7673844,CRWD,37.9931,37.7084,37.5609,37.2950,35.9008,36.1761,32.7311,36.1937
2023-08-24,36.3625,38.8875,36.3225,38.8875,13417340,CRWD,37.9006,37.5802,37.5226,37.2585,35.9213,36.1798,32.7534,36.1954
2023-08-25,37.3950,37.6100,36.1750,36.5000,11356584,CRWD,37.8254,37.5626,37.5007,37.2638,35.9539,36.2038,32.7846,36.2073
2023-08-28,36.0075,36.9975,35.5900,36.5050,23176084,CRWD,37.6050,37.4145,37.4218,37.2145,35.9718,36.1999,32.8058,36.2053
2023-08-29,36.6750,37.1025,35.4927,35.7325,14480968,CRWD,37.3643,37.3441,37.3796,37.1934,36.0191,36.2093,32.8363,36.2100
2023-08-30,37.2950,37.5425,36.3450,36.7500,24775512,CRWD,37.2949,37.3394,37.3651,37.1974,36.0725,36.2308,32.8530,36.2208
2023-08-31,40.7575,41.1025,38.3950,38.5275,54908228,CRWD,37.3634,37.6649,37.4610,37.3370,36.1598,36.3205,32.8779,36.2660
2023-09-01,40.3075,41.5625,40.0775,40.7800,16930160,CRWD,37.4976,37.9166,37.5382,37.4535,36.2382,36.3994,32.9020,36.3062
2023-09-05,41.3575,41.3975,40.0250,40.2575,13152844,CRWD,37.6784,38.2443,37.6471,37.6066,36.3143,36.4976,32.9234,36.3564
2023-09-06,41.5575,42.0575,41.0121,41.2475,17074568,CRWD,37.9327,38.5598,37.7692,37.7615,36.3896,36.5978,32.9516,36.4082
2023-09-07,41.6600,41.9875,40.8000,41.1000,12003596,CRWD,38.1975,38.8551,37.8810,37.9144,36.4668,36.6980,32.9859,36.4604
2023-09-08,42.0225,42.3075,41.5000,41.6188,10771008,CRWD,38.4504,39.1568,37.9960,38.0755,36.5436,36.8035,33.0222,36.5158
2023-09-11,43.0725,43.1600,42.1675,42.3750,11870728,CRWD,38.7512,39.5297,38.1375,38.2715,36.6334,36.9276,33.0681,36.5810
2023-09-12,42.4200,43.0875,42.0687,42.6100,8440144,CRWD,38.9676,39.8049,38.2515,38.4341,36.7255,37.0364,33.1105,36.6391
2023-09-13,42.1175,42.6950,42.0825,42.3800,6821904,CRWD,39.2031,40.0252,38.3640,38.5786,36.8219,37.1370,33.1450,36.6936
2023-09-14,42.6825,42.9500,42.1425,42.3375,8333668,CRWD,39.4747,40.2783,38.4923,38.7395,36.9181,37.2468,33.1833,36.7532
2023-09-15,41.3625,42.0527,40.8600,41.5300,18910388,CRWD,39.7381,40.3815,38.6015,38.8424,37.0057,37.3283,33.2158,36.7991
2023-09-18,41.7425,42.1500,41.0000,41.2450,9781388,CRWD,39.9902,40.5111,38.7161,38.9561,37.1178,37.4157,33.2520,36.8483
2023-09-19,41.3750,41.9050,40.7225,41.7375,9401540,CRWD,40.1352,40.5934,38.7938,39.0510,37.2212,37.4941,33.3118,36.8933
2023-09-20,40.9725,42.1413,40.9700,41.3750,11120232,CRWD,40.2797,40.6295,38.8593,39.1263,37.3158,37.5630,33.3616,36.9339
2023-09-21,40.6325,42.7500,39.8400,42.0475,27168232,CRWD,40.3887,40.6298,38.9413,39.1854,37.4220,37.6238,33.4098,36.9707
2023-09-22,40.6425,41.6475,40.5025,40.6600,12538936,CRWD,40.6027,40.6310,39.0004,39.2425,37.5315,37.6836,33.4651,37.0072
2023-09-25,39.9800,40.5000,39.8125,40.4750,8706856,CRWD,40.7320,40.5690,39.0531,39.2715,37.6394,37.7290,33.5227,37.0368
2023-09-26,40.1200,40.2500,39.3975,39.5275,9656468,CRWD,40.9376,40.5262,39.0918,39.3047,37.7465,37.7764,33.5818,37.0675
2023-09-27,40.7600,41.1725,40.1675,40.2575,10524460,CRWD,41.1419,40.5485,39.1422,39.3618,37.8594,37.8355,33.6428,37.1042
2023-09-28,41.3125,41.5350,40.3575,40.5725,7263492,CRWD,41.3427,40.6213,39.1804,39.4383,37.9664,37.9043,33.7055,37.1461
2023-09-29,41.8450,42.3787,41.7425,41.8825,10398824,CRWD,41.3971,40.7378,39.2770,39.5327,38.0538,37.9823,33.7666,37.1929
2023-10-02,42.3850,43.0025,41.7675,42.0000,11052092,CRWD,41.5010,40.8947,39.3702,39.6445,38.1528,38.0695,33.8272,37.2445
2023-10-03,40.5075,42.2500,40.2150,41.8275,13016272,CRWD,41.4585,40.8578,39.4316,39.6784,38.2234,38.1178,33.8791,37.2770
2023-10-04,41.0125,41.2612,40.5475,40.9050,7942808,CRWD,41.4312,40.8725,39.4972,39.7307,38.3031,38.1751,33.9404,37.3142
2023-10-05,41.3225,41.5275,40.2300,41.0175,9639308,CRWD,41.4144,40.9154,39.5505,39.7931,38.3908,38.2374,34.0076,37.3541
2023-10-06,44.1725,44.2362,40.7500,40.8775,27588008,CRWD,41.5219,41.2256,39.6697,39.9649,38.4936,38.3550,34.0934,37.4219
2023-10-09,45.4550,46.3125,44.0250,44.1250,26734060,CRWD,41.6410,41.6284,39.8008,40.1802,38.6131,38.4956,34.1834,37.5018
2023-10-10,45.9625,46.3000,45.1900,45.3800,14224652,CRWD,41.8181,42.0412,39.9117,40.4069,38.7297,38.6434,34.2790,37.5860
2023-10-11,47.0550,47.1650,45.8250,45.9625,14210392,CRWD,42.0650,42.5187,40.0230,40.6676,38.8456,38.8100,34.3843,37.6802
2023-10-12,46.8900,47.5900,46.2200,47.0550,12338084,CRWD,42.2754,42.9350,40.1872,40.9116,38.9527,38.9700,34.4913,37.7719
2023-10-13,46.4300,47.3312,46.3475,46.8900,10766120,CRWD,42.5288,43.2679,40.3280,41.1281,39.0485,39.1177,34.5976,37.8580
2023-10-16,46.9175,47.3950,45.8375,46.3825,10161476,CRWD,42.7875,43.6154,40.5139,41.3551,39.1579,39.2722,34.7072,37.9482
2023-10-17,46.7850,47.5700,46.3000,46.4975,12704984,CRWD,43.0580,43.9173,40.6948,41.5680,39.2528,39.4209,34.8104,38.0361
2023-10-18,46.9475,47.3450,46.4925,46.5550,8693420,CRWD,43.3567,44.2059,40.9043,41.7790,39.3482,39.5700,34.9136,38.1248
2023-10-19,46.1300,47.9975,45.9900,47.9375,14072268,CRWD,43.6316,44.3891,41.0996,41.9496,39.4242,39.6999,35.0151,38.2044
2023-10-20,44.6900,45.9000,44.0750,45.7500,15359008,CRWD,43.8340,44.4178,41.2541,42.0571,39.4747,39.7987,35.1081,38.2690
2023-10-23,44.7700,45.2925,43.3225,44.0000,10136740,CRWD,44.0735,44.4513,41.4084,42.1635,39.5220,39.8971,35.2134,38.3336
2023-10-24,45.7050,46.0400,44.7633,45.2500,7303660,CRWD,44.3528,44.5707,41.5607,42.3024,39.5852,40.0121,35.3235,38.4070
2023-10-25,43.8450,45.4950,43.7800,45.2975,8200684,CRWD,44.5070,44.5016,41.6894,42.3628,39.6453,40.0880,35.4220,38.4611
2023-10-26,42.9100,44.6125,42.5425,44.0300,10060164,CRWD,44.5869,44.3500,41.8026,42.3843,39.6892,40.1439,35.5170,38.5054
2023-10-27,43.2050,43.9250,42.8054,43.5550,7180576,CRWD,44.6549,44.2410,41.9448,42.4165,39.7387,40.2045,35.6117,38.5521
2023-10-30,43.6525,43.9325,42.9207,43.6500,6677736,CRWD,44.7183,44.1849,42.0839,42.4650,39.8022,40.2728,35.7075,38.6029
2023-10-31,44.1925,44.3975,43.1450,43.7912,6603900,CRWD,44.9025,44.1857,42.1982,42.5327,39.8658,40.3504,35.8041,38.6585
2023-11-01,44.5875,44.9075,43.7025,44.5300,8298992,CRWD,45.0813,44.2239,42.3283,42.6133,39.9379,40.4343,35.8965,38.7175
2023-11-02,45.7000,46.1675,44.9285,45.2225,13408620,CRWD,45.3001,44.3645,42.4733,42.7343,40.0171,40.5386,35.9987,38.7870
2023-11-03,47.0600,47.1850,44.5875,45.6675,13051960,CRWD,45.4445,44.6212,42.6872,42.9040,40.1049,40.6677,36.1092,38.8693
2023-11-06,46.6950,47.3750,45.9000,47.2450,7746504,CRWD,45.5065,44.8187,42.8732,43.0526,40.1870,40.7871,36.2134,38.9472
2023-11-07,48.0900,48.7075,47.3625,47.7875,12263352,CRWD,45.6129,45.1303,43.1149,43.2502,40.2684,40.9317,36.3210,39.0381
2023-11-08,48.4575,48.6950,47.8025,48.1300,6870504,CRWD,45.6830,45.4472,43.3505,43.4544,40.3651,41.0807,36.4325,39.1319
2023-11-09,47.6900,48.5450,47.2800,48.3600,9836572,CRWD,45.7230,45.6608,43.5584,43.6205,40.4618,41.2116,36.5450,39.2170
2023-11-10,49.0775,49.2375,47.5500,48.0925,8172692,CRWD,45.8554,45.9862,43.7248,43.8345,40.5929,41.3674,36.6598,39.3151
2023-11-13,50.2400,50.3875,49.2925,49.5000,12343460,CRWD,46.0215,46.3913,43.9235,44.0857,40.7308,41.5431,36.7805,39.4238
2023-11-14,51.9925,52.2668,50.8750,51.2500,14946188,CRWD,46.2819,46.9247,44.1362,44.3958,40.8916,41.7500,36.9138,39.5489
2023-11-15,51.0725,52.5225,50.6675,52.1775,14773932,CRWD,46.4881,47.3198,44.3265,44.6576,41.0478,41.9346,37.0368,39.6636
2023-11-16,51.0675,51.7775,49.7150,50.0825,12053840,CRWD,46.7350,47.6767,44.5147,44.9090,41.1978,42.1154,37.1540,39.7770
2023-11-17,51.7725,51.9775,50.7600,51.0675,7435540,CRWD,47.0891,48.0668,44.7097,45.1781,41.3528,42.3067,37.2679,39.8964
2023-11-20,51.9325,52.2567,51.5163,52.0000,8924580,CRWD,47.4473,48.4349,44.8869,45.4430,41.5122,42.4973,37.3856,40.0161
2023-11-21,52.2450,52.3300,51.4625,51.9350,9108352,CRWD,47.7743,48.7978,45.0834,45.7097,41.6674,42.6903,37.5101,40.1378
2023-11-22,52.4025,52.6625,51.6375,52.4750,8802748,CRWD,48.2021,49.1411,45.2891,45.9722,41.8266,42.8826,37.6289,40.2599
2023-11-24,52.6650,53.2150,51.9188,52.2150,6631976,CRWD,48.6899,49.4767,45.4887,46.2347,41.9905,43.0763,37.7491,40.3833
2023-11-27,52.5175,53.2850,51.8925,52.4050,16049972,CRWD,49.1555,49.7663,45.7118,46.4811,42.1567,43.2633,37.8699,40.5040
2023-11-28,53.0875,53.6763,51.8050,52.2325,28590564,CRWD,49.6273,50.0826,45.9387,46.7401,42.3274,43.4578,37.9991,40.6292
2023-11-29,58.6100,58.9075,54.7075,55.0000,51986012,CRWD,50.3481,50.8947,46.2834,47.2056,42.5386,43.7579,38.1520,40.8082
2023-11-30,59.2475,59.6200,57.2975,57.7975,29703160,CRWD,51.0811,51.6902,46.6489,47.6778,42.7541,44.0646,38.3028,40.9916
2023-12-01,58.7575,59.1625,57.4500,58.9300,15475796,CRWD,51.7340,52.3633,47.0114,48.1123,42.9764,44.3555,38.4460,41.1684
2023-12-04,59.3475,59.4625,57.7275,58.5200,13793860,CRWD,52.3484,53.0285,47.3855,48.5529,43.1930,44.6524,38.5988,41.3493
2023-12-05,59.7425,59.7675,58.3319,58.4900,10305792,CRWD,53.0008,53.6679,47.7808,48.9917,43.4169,44.9512,38.7547,41.5323
2023-12-06,59.8550,61.1600,59.4472,60.0000,15038928,CRWD,53.5890,54.2572,48.1755,49.4178,43.6336,45.2463,38.9134,41.7146
2023-12-07,60.0425,60.1775,58.5600,59.9075,9909908,CRWD,54.1683,54.8081,48.5611,49.8344,43.8517,45.5393,39.0666,41.8970
2023-12-08,60.6375,60.8725,59.4075,59.5850,7546896,CRWD,54.8156,55.3633,48.9476,50.2581,44.0640,45.8383,39.2230,42.0835
2023-12-11,61.7425,62.3200,60.3475,60.6575,11096388,CRWD,55.4489,55.9709,49.3456,50.7084,44.3113,46.1533,39.3851,42.2791
2023-12-12,62.1375,62.5725,60.8175,61.1600,11908828,CRWD,56.0438,56.5582,49.7406,51.1566,44.5554,46.4698,39.5450,42.4767
2023-12-13,63.0100,63.3250,61.7950,62.4375,10593344,CRWD,56.5946,57.1726,50.1907,51.6215,44.8112,46.7973,39.7092,42.6810
2023-12-14,63.1700,64.3425,61.9675,63.4562,15280412,CRWD,57.1995,57.7438,50.6338,52.0743,45.0655,47.1215,39.8748,42.8849
2023-12-15,65.0200,65.1922,63.5050,64.1500,24078796,CRWD,57.8971,58.4368,51.1078,52.5820,45.3291,47.4759,40.0453,43.1051
2023-12-18,64.9500,65.4525,64.3350,65.0425,11387296,CRWD,58.5560,59.0571,51.5233,53.0670,45.5965,47.8220,40.2125,43.3225
2023-12-19,64.5825,65.1925,64.0600,65.0300,11132028,CRWD,59.1885,59.5833,51.9058,53.5186,45.8533,48.1538,40.3759,43.5340
2023-12-20,63.4875,64.8925,63.4075,63.9750,8991360,CRWD,59.7506,59.9551,52.2563,53.9096,46.0840,48.4575,40.5372,43.7326
2023-12-21,64.3300,64.4275,62.6525,63.5625,12712196,CRWD,60.3470,60.3718,52.6018,54.3182,46.3124,48.7718,40.6977,43.9375
2023-12-22,63.9075,64.2425,63.4400,64.2425,7206996,CRWD,60.9091,60.7085,52.9422,54.6943,46.5647,49.0715,40.8651,44.1362
2023-12-26,64.4675,64.5600,63.3957,63.7075,7257652,CRWD,61.5066,61.0665,53.3029,55.0775,46.8155,49.3764,41.0378,44.3385
2023-12-27,64.3300,64.8850,63.9325,64.5663,6212156,CRWD,62.0687,61.3773,53.6512,55.4404,47.0826,49.6725,41.2077,44.5374
2023-12-28,64.0325,64.3550,63.7775,64.3525,4102216,CRWD,62.3399,61.6302,53.9962,55.7773,47.3455,49.9568,41.3679,44.7314
2023-12-29,63.8300,64.2950,62.9700,63.9575,7435536,CRWD,62.5690,61.8397,54.3338,56.0931,47.6191,50.2316,41.5254,44.9215
2024-01-02,61.7225,63.0725,60.7575,62.8675,15027196,CRWD,62.7172,61.8285,54.6457,56.3139,47.8726,50.4591,41.6671,45.0886
2024-01-03,61.0900,62.2077,59.6525,60.0800,12630328,CRWD,62.8044,61.7582,54.9737,56.5012,48.1139,50.6696,41.8061,45.2478
2024-01-04,61.4125,61.9025,60.9100,61.5000,8411820,CRWD,62.8879,61.7253,55.3065,56.6938,48.3575,50.8824,41.9473,45.4087
2024-01-05,61.8650,62.3700,61.1625,61.2500,9629920,CRWD,62.9884,61.7386,55.6297,56.8966,48.5952,51.0998,42.0866,45.5724
2024-01-08,65.3200,65.4097,62.8900,62.9750,16036664,CRWD,63.2522,62.0797,56.0592,57.2269,48.8743,51.3814,42.2466,45.7689
2024-01-09,68.4425,69.1400,66.2475,66.4238,24267668,CRWD,63.6425,62.6857,56.5699,57.6667,49.1862,51.7193,42.4206,45.9945
2024-01-10,70.5100,70.5788,68.7175,68.7175,18695948,CRWD,64.0809,63.4308,57.1160,58.1704,49.5304,52.0914,42.6088,46.2385
2024-01-11,71.1300,71.9400,70.0875,71.0000,13842864,CRWD,64.5305,64.1641,57.6655,58.6786,49.8747,52.4684,42.8002,46.4861
2024-01-12,70.8375,72.5825,70.6275,71.7500,10137720,CRWD,64.9219,64.7997,58.1984,59.1554,50.1983,52.8321,42.9936,46.7284
2024-01-16,71.5725,71.8000,69.7650,69.8475,10763260,CRWD,65.3420,65.4447,58.7381,59.6424,50.5332,53.2032,43.1894,46.9756
2024-01-17,69.0675,70.8075,68.1997,69.8850,17678796,CRWD,65.5444,65.7897,59.2054,60.0120,50.8394,53.5173,43.3701,47.1955
2024-01-18,70.7775,71.1151,69.7924,70.4175,10823472,CRWD,65.8357,66.2647,59.6798,60.4342,51.1835,53.8591,43.5524,47.4301
2024-01-19,72.6350,72.7125,70.9500,71.2500,12044780,CRWD,66.2384,66.8714,60.1986,60.9126,51.5359,54.2309,43.7449,47.6809
2024-01-22,74.6650,75.5000,73.8425,75.1200,16917460,CRWD,66.7973,67.6137,60.7301,61.4519,51.9225,54.6356,43.9472,47.9494
2024-01-23,74.3175,74.9250,72.9262,74.5425,11957096,CRWD,67.2966,68.2521,61.2473,61.9565,52.2989,55.0253,44.1590,48.2118
2024-01-24,75.0700,76.8875,74.6350,75.1450,17816728,CRWD,67.8547,68.9015,61.7949,62.4707,52.6767,55.4222,44.3746,48.4790
2024-01-25,73.3650,76.5750,72.6975,76.4025,17331512,CRWD,68.2996,69.3266,62.2806,62.8979,53.0027,55.7775,44.5813,48.7266
2024-01-26,72.5775,73.4375,71.6875,72.6225,11245936,CRWD,68.7120,69.6362,62.7274,63.2775,53.3254,56.1102,44.7818,48.9640
2024-01-29,75.1675,75.1750,73.4375,73.5000,12525824,CRWD,69.2687,70.1630,63.1909,63.7438,53.6635,56.4876,44.9889,49.2247
2024-01-30,75.3375,75.6537,74.6000,75.2500,8589424,CRWD,69.8441,70.6558,63.6762,64.1985,54.0013,56.8608,45.1955,49.4845
2024-01-31,73.1250,75.0287,72.7225,74.5000,9976520,CRWD,70.4142,70.8909,64.1173,64.5485,54.3160,57.1829,45.3914,49.7198
2024-02-01,74.8425,74.9750,73.5425,74.0350,7414300,CRWD,71.1019,71.2673,64.5787,64.9522,54.6442,57.5326,45.5939,49.9697
2024-02-02,75.8925,76.3025,74.1775,74.9375,9498184,CRWD,71.8259,71.7078,65.0579,65.3812,54.9724,57.8962,45.8029,50.2277
2024-02-05,75.6225,76.9415,73.8925,76.2500,9925116,CRWD,72.5137,72.0806,65.5255,65.7829,55.3044,58.2472,46.0149,50.4804
2024-02-06,75.5275,76.9425,73.8275,76.3425,8350556,CRWD,73.0241,72.4089,65.9880,66.1650,55.6385,58.5894,46.2302,50.7296
2024-02-07,79.4450,80.2675,76.6775,76.9325,16069412,CRWD,73.5742,73.0790,66.5236,66.6858,56.0061,59.0023,46.4621,51.0153
2024-02-08,80.7600,80.9822,78.5074,79.1775,10124588,CRWD,74.0867,73.8105,67.0884,67.2377,56.4001,59.4332,46.7029,51.3113
2024-02-09,82.3350,84.2475,81.6075,82.5000,15480008,CRWD,74.6470,74.6224,67.6734,67.8298,56.8060,59.8867,46.9619,51.6200
2024-02-12,80.3225,82.6669,80.1575,82.4250,13656564,CRWD,75.1212,75.1652,68.1076,68.3197,57.1955,60.2914,47.2084,51.9056
2024-02-13,80.6100,81.5850,75.5000,76.8850,18125488,CRWD,75.5731,75.6838,68.5349,68.8016,57.5919,60.6937,47.4539,52.1912
2024-02-14,83.6375,83.7250,81.6400,81.9400,9579732,CRWD,76.3016,76.4413,69.0325,69.3834,58.0219,61.1480,47.7220,52.5041
2024-02-15,82.8450,84.6133,81.7782,84.3750,11679524,CRWD,76.9050,77.0512,69.5024,69.9113,58.4440,61.5777,47.9877,52.8060
2024-02-16,82.3100,83.0925,81.2825,82.9475,8495620,CRWD,77.3887,77.5520,69.9538,70.3976,58.8673,61.9882,48.2534,53.0996
2024-02-20,80.9275,81.7500,78.7675,81.7500,16546908,CRWD,77.7019,77.8735,70.3752,70.8105,59.2753,62.3633,48.5109,53.3764
2024-02-21,73.0900,73.6497,68.2900,70.7575,36269604,CRWD,77.6405,77.4179,70.6362,70.8999,59.5986,62.5757,48.7290,53.5726
2024-02-22,77.7275,78.4150,74.2500,76.2325,19191568,CRWD,77.7734,77.4474,70.9780,71.1677,59.9628,62.8757,48.9646,53.8130
2024-02-23,77.8725,79.2500,77.1450,78.4450,11860960,CRWD,77.9987,77.4879,71.3006,71.4306,60.3231,63.1727,49.1884,54.0523
2024-02-26,80.2575,80.8285,77.3725,78.2900,15539784,CRWD,78.3827,77.7517,71.6630,71.7767,60.7018,63.5110,49.4273,54.3131
2024-02-27,80.3025,82.2725,80.1775,80.8500,11161472,CRWD,78.6395,77.9946,72.0088,72.1111,61.0997,63.8435,49.6616,54.5717
2024-02-28,80.2350,80.4225,78.6375,79.7150,8290284,CRWD,78.8844,78.2080,72.3501,72.4297,61.4920,64.1681,49.8975,54.8271
2024-02-29,81.0375,82.2450,80.2675,81.2275,15248500,CRWD,79.2800,78.4774,72.6705,72.7672,61.8891,64.5021,50.1399,55.0879
2024-03-01,78.6500,79.9300,77.2800,79.8125,23349748,CRWD,79.4704,78.4939,72.9445,72.9979,62.2339,64.7823,50.3638,55.3223
2024-03-04,78.4525,79.4975,77.8225,79.3325,19186224,CRWD,79.5984,78.4899,73.2219,73.2118,62.5639,65.0530,50.5885,55.5525
2024-03-05,74.3900,77.1250,72.4500,76.8825,52997348,CRWD,79.5367,78.0995,73.4399,73.2580,62.8481,65.2379,50.7889,55.7399
2024-03-06,82.3925,91.2500,81.0025,90.0125,92203420,CRWD,79.8800,78.5083,73.8012,73.6162,63.2015,65.5776,51.0236,56.0051
2024-03-07,82.4200,82.9625,78.8025,82.4375,38917984,CRWD,80.0287,78.8809,74.1714,73.9615,63.5568,65.9111,51.2548,56.2679
2024-03-08,80.7125,85.4350,80.6025,82.7500,24085388,CRWD,80.0264,79.0553,74.4963,74.2262,63.8996,66.2042,51.4741,56.5112
2024-03-11,79.3425,80.8750,79.0000,79.7875,13168016,CRWD,79.8767,79.0827,74.7966,74.4269,64.2239,66.4643,51.6909,56.7383
2024-03-12,82.3175,83.4525,79.3425,79.6525,16626168,CRWD,79.9765,79.3907,75.1623,74.7363,64.5792,66.7783,51.9160,56.9929
2024-03-13,83.0425,83.7063,81.3750,82.4325,10923784,CRWD,80.0981,79.7385,75.5465,75.0620,64.9402,67.1003,52.1442,57.2521
2024-03-14,82.1475,84.4450,81.3688,83.2500,11107348,CRWD,80.0236,79.9680,75.9550,75.3399,65.3003,67.3983,52.3623,57.4998
2024-03-15,78.9125,81.8475,78.9000,81.3950,17932392,CRWD,79.8270,79.8674,76.3115,75.4800,65.6426,67.6263,52.5586,57.7128
2024-03-18,80.2650,80.5925,78.9750,79.7575,10946340,CRWD,79.7247,79.9053,76.6885,75.6677,65.9975,67.8766,52.7598,57.9372
2024-03-19,80.2150,80.3700,77.5550,79.5375,11734556,CRWD,79.6891,79.9348,77.0555,75.8460,66.3426,68.1209,52.9639,58.1589
2024-03-20,81.7175,82.1175,79.5156,80.2500,10115068,CRWD,80.1205,80.1046,77.3835,76.0762,66.7213,68.3901,53.1833,58.3933
2024-03-21,82.3650,83.3075,80.5125,81.4725,13013480,CRWD,80.3524,80.3199,77.6619,76.3229,67.1159,68.6669,53.4026,58.6318
2024-03-22,81.8950,82.0975,79.8875,81.9325,10406836,CRWD,80.5535,80.4699,77.8896,76.5414,67.5028,68.9288,53.6207,58.8633
2024-03-25,81.1900,82.3125,80.2500,81.5000,6780812,CRWD,80.6001,80.5385,78.0908,76.7237,67.8782,69.1716,53.8402,59.0855
2024-03-26,82.5025,83.1250,80.9650,81.5000,9670880,CRWD,80.7101,80.7255,78.3241,76.9503,68.2613,69.4356,54.0635,59.3185
2024-03-27,80.5625,83.4600,79.3900,83.3350,12702476,CRWD,80.7265,80.7100,78.5039,77.0919,68.6210,69.6559,54.2794,59.5299
2024-03-28,80.1475,81.9125,79.9850,80.6050,9012204,CRWD,80.6820,80.6564,78.7255,77.2118,68.9655,69.8637,54.4913,59.7350
2024-04-01,79.8975,80.4975,78.4300,80.2500,7323764,CRWD,80.7444,80.5841,78.9079,77.3171,69.2939,70.0624,54.6994,59.9356
2024-04-02,79.8875,79.9275,77.7400,78.2300,8501192,CRWD,80.8161,80.5178,79.0530,77.4179,69.6258,70.2569,54.9064,60.1342
2024-04-03,80.0100,80.8875,78.6200,79.1425,8053712,CRWD,81.0971,80.4694,79.1599,77.5195,69.9450,70.4500,55.1067,60.3319
2024-04-04,77.2975,81.4975,77.2200,81.0750,10668172,CRWD,80.8424,80.1673,79.2195,77.5108,70.2334,70.5856,55.2992,60.5007
2024-04-05,78.8750,79.3750,77.3325,77.4300,7077072,CRWD,80.6651,80.0443,79.2956,77.5643,70.5452,70.7498,55.5035,60.6836
2024-04-08,78.4325,79.1600,77.3750,79.0450,5829224,CRWD,80.5511,79.8908,79.3969,77.5984,70.8388,70.9019,55.7159,60.8602
2024-04-09,77.6925,79.0000,77.1575,78.7475,7458920,CRWD,80.4686,79.6814,79.4992,77.6021,71.1133,71.0364,55.9221,61.0277
2024-04-10,78.1325,78.7702,76.3350,76.4975,7755836,CRWD,80.2594,79.5339,79.5585,77.6229,71.3747,71.1769,56.1332,61.1979
2024-04-11,79.4500,79.4762,77.5338,78.3850,7475928,CRWD,80.0797,79.5259,79.6408,77.6945,71.6585,71.3407,56.3532,61.3795
2024-04-12,77.2625,78.7175,76.7500,78.4725,8705040,CRWD,79.8355,79.3103,79.7235,77.6776,71.9204,71.4580,56.5591,61.5375
2024-04-15,74.8750,78.0000,74.5975,77.5075,10286568,CRWD,79.6336,78.8879,79.7242,77.5677,72.1515,71.5257,56.7521,61.6702
2024-04-16,74.7875,75.4125,74.2000,74.3875,7313296,CRWD,79.3597,78.4974,79.7021,77.4587,72.3800,71.5902,56.9461,61.8007
2024-04-17,73.4225,76.2000,72.9275,76.0000,9161148,CRWD,79.0201,78.0141,79.6581,77.3004,72.5918,71.6265,57.1296,61.9164
2024-04-18,73.5250,74.3750,72.5450,73.2500,8399916,CRWD,78.6105,77.5865,79.6180,77.1523,72.8030,71.6641,57.3148,62.0319
2024-04-19,70.6600,73.1825,70.2200,72.9875,12466224,CRWD,78.0252,76.9269,79.4423,76.8977,72.9830,71.6442,57.4867,62.1177
2024-04-22,72.2875,72.8225,70.3500,71.4350,9933792,CRWD,77.5449,76.4850,79.2729,76.7169,73.1807,71.6570,57.6687,62.2189
2024-04-23,74.9125,75.7025,73.0425,73.0525,10372012,CRWD,77.2310,76.3353,79.1244,76.6462,73.3989,71.7214,57.8632,62.3452
2024-04-24,74.4050,76.2050,73.6850,75.9000,6624608,CRWD,76.8261,76.1514,79.0061,76.5583,73.5569,71.7746,58.0477,62.4652
2024-04-25,74.5050,74.9625,71.9775,72.3900,8088576,CRWD,76.5232,75.9946,78.8840,76.4778,73.7094,71.8286,58.2318,62.5850
2024-04-26,76.0175,76.4450,74.5675,75.0850,8031356,CRWD,76.3167,75.9968,78.7316,76.4597,73.8820,71.9116,58.4292,62.7187
2024-04-29,76.0100,78.4656,75.5125,78.1425,7598520,CRWD,76.1224,75.9981,78.5949,76.4421,74.0487,71.9928,58.6208,62.8509
2024-04-30,73.1350,75.7663,73.0825,75.5000,7720792,CRWD,75.7847,75.7254,78.4114,76.3124,74.1826,72.0154,58.7997,62.9533
2024-05-01,73.8600,75.6250,72.1375,72.6100,8363124,CRWD,75.4772,75.5477,78.2700,76.2162,74.3226,72.0519,58.9781,63.0618
2024-05-02,75.8850,76.9850,74.5107,75.9388,15681900,CRWD,75.4066,75.5799,78.3259,76.2032,74.4811,72.1278,59.1664,63.1894
2024-05-03,77.5525,77.8875,75.0000,76.1900,16323384,CRWD,75.3405,75.7677,78.3224,76.2561,74.6502,72.2352,59.3571,63.3323
2024-05-06,79.4525,79.4750,76.0750,76.8450,11614052,CRWD,75.3915,76.1187,78.3540,76.3815,74.8273,72.3781,59.5693,63.4927
2024-05-07,78.1375,80.3788,77.9125,78.9275,12796116,CRWD,75.4137,76.3109,78.3116,76.4503,74.9873,72.4922,59.7714,63.6384
2024-05-08,78.4400,79.8075,77.1425,77.9700,8292480,CRWD,75.4291,76.5137,78.2744,76.5284,75.1416,72.6100,59.9764,63.7857
2024-05-09,79.4850,79.5625,77.3450,78.2575,8633448,CRWD,75.4309,76.7967,78.2594,76.6443,75.3048,72.7461,60.1851,63.9419
2024-05-10,80.1900,81.8750,79.5975,80.0000,10629604,CRWD,75.5773,77.1199,78.2424,76.7834,75.4565,72.8935,60.3928,64.1036
2024-05-13,79.7950,81.2500,79.1575,81.2500,7577580,CRWD,75.8233,77.3746,78.2653,76.9015,75.6049,73.0302,60.6007,64.2597
2024-05-14,82.3875,82.6975,79.7950,79.7975,11794656,CRWD,76.2033,77.8520,78.3440,77.1166,75.7830,73.2155,60.8181,64.4401
2024-05-15,85.7800,86.0925,82.7325,83.3025,12572848,CRWD,76.8211,78.6071,78.5718,77.4563,76.0059,73.4643,61.0450,64.6524
2024-05-16,84.7650,86.0200,84.7075,85.7500,8298812,CRWD,77.3831,79.1936,78.6193,77.7430,76.2102,73.6880,61.2613,64.8526
2024-05-17,86.4825,86.5700,84.6775,85.0000,8179788,CRWD,78.1742,79.8877,78.7005,78.0857,76.4360,73.9414,61.5003,65.0678
2024-05-20,87.1875,87.3975,86.1625,86.5000,8699872,CRWD,78.9192,80.5830,78.8300,78.4426,76.6632,74.2037,61.7393,65.2879
2024-05-21,87.3300,87.9125,85.1300,85.7637,8397096,CRWD,79.5401,81.2255,78.9898,78.7911,76.8932,74.4636,61.9879,65.5072
2024-05-22,86.3550,88.2350,85.7150,87.5000,7629912,CRWD,80.1376,81.7141,79.0705,79.0878,77.1164,74.6991,62.2309,65.7146
2024-05-23,85.5875,87.6025,85.3187,87.5000,7343804,CRWD,80.6918,82.0830,79.1214,79.3427,77.3340,74.9147,62.4765,65.9124
2024-05-24,87.8675,88.9375,85.2025,85.6675,10679880,CRWD,81.2843,82.6339,79.2358,79.6770,77.5954,75.1712,62.7340,66.1308
2024-05-28,86.7050,89.7100,85.7775,89.6600,12941392,CRWD,81.8190,83.0216,79.3917,79.9526,77.8516,75.3996,62.9827,66.3356
2024-05-29,87.3800,88.3850,85.4900,85.5025,10555784,CRWD,82.5312,83.4367,79.5340,80.2438,78.1113,75.6368,63.2344,66.5450
2024-05-30,78.9800,86.6575,78.5325,86.5375,24637660,CRWD,82.7873,83.0122,79.5093,80.1943,78.2824,75.7030,63.4388,66.6687
2024-05-31,78.4175,82.4425,76.6250,82.4400,21607356,CRWD,82.9139,82.5746,79.4433,80.1246,78.4134,75.7568,63.6439,66.7856
2024-06-03,77.1725,79.8700,76.2775,79.8425,17458980,CRWD,82.8949,82.0601,79.3395,80.0088,78.5007,75.7848,63.8435,66.8889
2024-06-04,76.3950,78.0950,75.8763,77.5000,33901692,CRWD,82.7420,81.5206,79.2295,79.8671,78.5595,75.7969,64.0450,66.9835
2024-06-05,85.5450,85.6475,79.0975,83.6525,64142368,CRWD,83.1124,81.9039,79.3165,80.0898,78.7037,75.9899,64.2892,67.1682
2024-06-06,85.1225,87.3350,84.0475,85.7325,18734124,CRWD,83.4465,82.2104,79.3689,80.2871,78.8465,76.1708,64.5224,67.3469
2024-06-07,87.2800,87.4800,84.2825,85.7500,20387092,CRWD,83.8362,82.6932,79.5033,80.5614,79.0036,76.3908,64.7684,67.5452
2024-06-10,93.6425,96.2450,91.7750,91.7750,62442024,CRWD,84.5089,83.7360,79.7732,81.0744,79.2494,76.7324,65.0444,67.8049
2024-06-11,96.1575,96.2500,92.5350,93.2150,28046748,CRWD,85.3270,84.9190,80.0984,81.6659,79.5032,77.1170,65.3433,68.0870
2024-06-12,96.8425,97.6763,94.7175,97.5625,23311388,CRWD,86.0498,86.0546,80.4375,82.2610,79.7452,77.5076,65.6406,68.3731
2024-06-13,95.7025,97.4725,95.2350,96.9625,15878140,CRWD,86.5459,86.9734,80.7513,82.7881,79.9556,77.8679,65.9391,68.6451
2024-06-14,96.3587,97.0863,95.2875,95.5000,13660120,CRWD,87.1256,87.8673,81.1326,83.3203,80.1760,78.2341,66.2375,68.9208
2024-06-17,97.6075,98.6600,94.1375,95.6875,19412328,CRWD,87.6818,88.7949,81.5072,83.8806,80.4014,78.6177,66.5390,69.2063
2024-06-18,97.3775,98.3225,96.6650,97.5000,16371224,CRWD,88.1913,89.6123,81.8861,84.4099,80.6415,78.9892,66.8221,69.4866
2024-06-20,95.5350,98.3125,94.8000,97.5650,23392072,CRWD,88.6016,90.1764,82.2430,84.8462,80.8711,79.3168,67.0983,69.7458
2024-06-21,95.1575,95.2500,92.6750,95.1575,216309792,CRWD,89.0417,90.6508,82.5835,85.2505,81.0710,79.6305,67.3673,69.9986
2024-06-24,94.4825,95.4400,93.5000,93.7750,21603532,CRWD,89.4864,91.0157,82.8841,85.6126,81.2625,79.9246,67.6319,70.2422
2024-06-25,96.6900,96.9525,94.8863,94.9375,12812412,CRWD,89.9276,91.5561,83.2727,86.0470,81.4981,80.2566,67.9071,70.5054
2024-06-26,95.0925,96.8775,94.9375,96.3975,11808424,CRWD,90.3469,91.8929,83.6770,86.4017,81.7006,80.5504,68.1724,70.7500
2024-06-27,96.8225,97.8850,94.9850,95.2500,14665204,CRWD,90.8191,92.3624,84.1177,86.8104,81.9099,80.8726,68.4412,71.0095
2024-06-28,95.7975,98.3225,95.4454,97.3325,33921836,CRWD,91.6599,92.6895,84.5652,87.1628,82.1117,81.1681,68.7080,71.2561
2024-07-01,98.0375,98.1850,94.4800,96.3200,11520932,CRWD,92.6409,93.1989,85.0555,87.5893,82.3368,81.5022,68.9876,71.5226
2024-07-02,96.2625,96.7913,95.3674,95.5675,12970884,CRWD,93.5954,93.4906,85.5675,87.9294,82.5049,81.7945,69.2555,71.7688
2024-07-03,96.7950,97.5200,95.5958,96.0625,5827096,CRWD,94.6154,93.8053,86.0577,88.2771,82.6653,82.0915,69.5327,72.0178
2024-07-05,97.4200,97.8662,96.3275,96.9675,7635972,CRWD,95.2092,94.1496,86.5078,88.6356,82.8161,82.3950,69.8111,72.2705
2024-07-08,97.6775,99.2800,94.9475,97.5920,11906096,CRWD,95.8369,94.4856,86.9733,88.9902,82.9897,82.6977,70.0926,72.5233
2024-07-09,96.4700,99.5818,95.8000,98.1275,11895104,CRWD,96.2964,94.6746,87.4126,89.2835,83.1483,82.9704,70.3701,72.7616
2024-07-10,93.6125,96.2550,91.3975,96.2500,23306700,CRWD,96.2949,94.5734,87.7645,89.4533,83.2480,83.1811,70.6350,72.9691
2024-07-11,92.6075,94.9450,91.8750,93.9225,12502180,CRWD,96.1174,94.3862,88.0964,89.5770,83.3457,83.3678,70.8948,73.1645
2024-07-12,92.8300,93.6225,91.9388,92.0500,10438720,CRWD,95.9168,94.2380,88.4903,89.7045,83.4509,83.5552,71.1591,73.3602
2024-07-15,94.3425,95.8925,91.0525,92.9175,14089412,CRWD,95.8488,94.2479,88.9000,89.8864,83.5850,83.7688,71.4302,73.5690
2024-07-16,92.2625,94.8337,92.1250,94.5600,10425304,CRWD,95.6440,94.0589,89.2275,89.9796,83.7767,83.9370,71.6877,73.7550
2024-07-17,88.7350,90.8992,87.6800,90.0000,13994976,CRWD,95.2004,93.5518,89.4512,89.9308,83.8868,84.0320,71.9248,73.9040
2024-07-18,85.7625,88.0500,84.0850,87.9350,18211376,CRWD,94.6196,92.8100,89.5774,89.7673,83.9657,84.0662,72.1444,74.0220
2024-07-19,76.2400,79.1875,72.5250,73.6275,168582820,CRWD,93.6549,91.2319,89.5394,89.2368,83.9255,83.9113,72.3137,74.0441
2024-07-22,65.9775,71.2525,65.3975,71.2525,198269840,CRWD,92.1959,88.8267,89.2902,88.3247,83.7823,83.5561,72.4410,73.9638
2024-07-23,67.2200,69.2500,64.6925,67.2550,134332560,CRWD,90.8327,86.7689,89.0449,87.4971,83.6521,83.2327,72.5721,73.8967
2024-07-24,64.5350,68.8600,64.3400,67.5000,58945028,CRWD,89.2250,84.6514,88.7318,86.5966,83.4871,82.8624,72.6881,73.8036
2024-07-25,63.5375,65.6975,62.5550,64.5975,42045628,CRWD,87.6472,82.6406,88.4066,85.6923,83.3360,82.4797,72.7849,73.7014
2024-07-26,64.0400,65.1350,62.8150,64.9875,38337496,CRWD,86.0081,80.8691,88.0397,84.8432,83.1919,82.1146,72.8779,73.6053
2024-07-29,64.7025,66.3750,64.3625,64.8775,47168644,CRWD,84.4534,79.3294,87.6181,84.0534,83.0950,81.7698,72.9716,73.5167
2024-07-30,58.4125,62.0825,56.5550,61.8875,103299560,CRWD,82.4721,77.3373,87.0911,83.0479,82.8552,81.3073,73.0284,73.3664
2024-07-31,57.9900,59.2275,57.0525,58.6675,47921664,CRWD,80.5585,75.4947,86.5212,82.0652,82.6109,80.8455,73.0839,73.2134
2024-08-01,56.0550,58.0500,55.4150,58.0000,39656996,CRWD,78.5215,73.6433,85.8986,81.0452,82.3643,80.3546,73.1320,73.0427
2024-08-02,54.4725,55.3688,52.7850,54.2875,35912432,CRWD,76.3741,71.8175,85.2414,80.0031,82.1156,79.8421,73.1698,72.8579
2024-08-05,55.5125,56.0300,50.2025,50.3838,43768680,CRWD,74.2659,70.2647,84.6246,79.0427,81.8476,79.3603,73.2134,72.6853
2024-08-06,57.9225,58.8100,55.3900,57.5475,42453408,CRWD,72.3385,69.0892,84.0713,78.2145,81.5964,78.9358,73.2683,72.5384
2024-08-07,57.6675,60.8750,57.5250,59.5925,37396080,CRWD,70.5412,68.0014,83.4673,77.4087,81.3516,78.5147,73.3260,72.3904
2024-08-08,60.1300,60.5100,57.4300,58.4700,26700120,CRWD,68.9174,67.2518,82.9358,76.7311,81.1637,78.1506,73.4032,72.2685
2024-08-09,60.2250,61.5025,59.7000,60.5450,23755560,CRWD,67.2871,66.5826,82.3927,76.0838,80.9633,77.7957,73.4804,72.1486
2024-08-12,59.8350,60.7175,58.9000,60.5000,14917424,CRWD,65.5617,65.9399,82.0098,75.4466,80.7595,77.4400,73.5511,72.0261
2024-08-13,62.0275,62.2425,60.0013,60.5000,20507288,CRWD,64.0500,65.5673,81.6820,74.9204,80.5626,77.1348,73.6420,71.9266
2024-08-14,64.0550,64.7400,62.3140,62.5000,22855404,CRWD,62.8160,65.4233,81.4196,74.4943,80.3795,76.8758,73.7477,71.8483
2024-08-15,65.1225,65.9125,64.3800,65.0625,23592208,CRWD,61.7840,65.3946,81.1942,74.1267,80.2118,76.6431,73.8573,71.7814
2024-08-16,65.6350,65.6600,64.4625,65.1100,13982476,CRWD,61.2538,65.4175,80.7960,73.7937,80.0563,76.4251,73.9672,71.7202
2024-08-19,66.6950,67.7450,65.6500,66.0000,21866328,CRWD,61.2896,65.5392,80.4274,73.5154,79.8982,76.2324,74.0797,71.6702
2024-08-20,66.6325,67.5300,66.0987,67.3400,15506024,CRWD,61.2603,65.6433,80.0145,73.2454,79.7589,76.0423,74.1900,71.6201
2024-08-21,68.3025,68.6050,66.4108,66.7525,21033512,CRWD,61.4486,65.8966,79.5077,73.0516,79.6404,75.8890,74.3030,71.5871
2024-08-22,66.9100,69.6250,66.8075,68.8100,17682728,CRWD,61.6173,65.9931,78.9227,72.8108,79.5106,75.7112,74.4022,71.5405
2024-08-23,67.8850,68.4000,66.7025,67.5250,12994312,CRWD,61.8095,66.1733,78.3436,72.6176,79.3905,75.5563,74.5082,71.5041
2024-08-26,66.4675,67.9350,66.3175,67.7650,14233720,CRWD,61.8978,66.2013,77.7589,72.3764,79.2551,75.3763,74.6001,71.4540
2024-08-27,67.4575,67.6075,65.1875,65.4525,14747536,CRWD,62.3500,66.3209,77.1808,72.1835,79.1567,75.2195,74.6951,71.4143
2024-08-28,66.0500,67.6801,65.3700,67.4500,28290460,CRWD,62.7530,66.2951,76.5497,71.9430,79.0285,75.0379,74.7869,71.3609
2024-08-29,67.9175,71.4325,65.3325,65.5025,52400984,CRWD,63.3461,66.4496,75.9605,71.7851,78.9233,74.8969,74.8811,71.3266
2024-08-30,69.3200,71.0275,68.3375,69.4450,26467936,CRWD,64.0885,66.7230,75.4362,71.6884,78.8396,74.7865,74.9765,71.3067
2024-09-03,66.6500,69.3775,66.3225,68.9450,22012676,CRWD,64.6454,66.7161,74.8660,71.4909,78.7248,74.6254,75.0497,71.2603
2024-09-04,64.8300,66.7995,64.6025,65.1100,17488604,CRWD,64.9908,66.5364,74.2730,71.2296,78.5786,74.4314,75.1185,71.1963
2024-09-05,64.1075,64.7500,63.1675,63.8500,15712040,CRWD,65.3128,66.3051,73.6213,70.9503,78.4470,74.2270,75.1837,71.1258
2024-09-06,61.5975,64.3500,61.1225,63.9500,17280336,CRWD,65.3861,65.8568,72.9514,70.5836,78.3142,73.9769,75.2329,71.0310
2024-09-09,61.6450,62.3750,61.0425,62.2788,12792732,CRWD,65.4571,65.4556,72.2479,70.2330,78.1828,73.7327,75.2814,70.9376
2024-09-10,61.9350,62.5825,60.8875,62.1875,8796996,CRWD,65.5621,65.1203,71.5706,69.9076,78.0679,73.4991,75.3299,70.8480
2024-09-11,63.3825,63.6450,60.5625,61.9325,10664256,CRWD,65.6299,64.9548,70.8775,69.6517,77.9665,73.2987,75.3848,70.7737
2024-09-12,64.2750,64.5951,63.1200,63.9200,10601508,CRWD,65.6409,64.8901,70.2378,69.4409,77.9027,73.1200,75.4428,70.7091
2024-09-13,64.7825,65.3950,64.0000,64.2500,8535712,CRWD,65.6239,64.8798,69.5976,69.2582,77.8276,72.9549,75.5041,70.6501
2024-09-16,66.9525,67.5125,64.8375,65.1925,14794392,CRWD,65.6898,65.0772,68.9882,69.1678,77.7480,72.8361,75.5735,70.6133
2024-09-17,67.1800,68.1000,66.8300,67.5500,11101440,CRWD,65.7140,65.2775,68.3783,69.0898,77.6758,72.7241,75.6163,70.5792
2024-09-18,66.7800,68.0050,65.8625,67.3725,12714464,CRWD,65.7214,65.4206,67.7845,68.9992,77.5985,72.6064,75.6540,70.5414
2024-09-19,69.3450,70.9975,68.4375,69.0000,24876052,CRWD,65.7735,65.7943,67.2991,69.0128,77.5318,72.5418,75.7069,70.5294
2024-09-20,74.9625,75.1125,70.9700,71.0325,71500348,CRWD,66.1761,66.6675,66.9462,69.2461,77.5213,72.5897,75.7850,70.5736
2024-09-23,73.2850,75.5395,73.1425,74.4450,22077256,CRWD,66.4461,67.2977,66.5553,69.4045,77.5228,72.6035,75.8527,70.6005
2024-09-24,72.1350,73.8500,71.3200,73.7225,16442844,CRWD,66.7295,67.7584,66.1112,69.5116,77.5056,72.5942,75.9141,70.6158
2024-09-25,71.6175,72.9325,71.3850,72.5000,11813836,CRWD,66.9375,68.1260,65.6983,69.5942,77.4629,72.5749,75.9720,70.6258
2024-09-26,70.3700,73.0938,69.4700,72.8125,18128496,CRWD,67.1535,68.3397,65.3310,69.6246,77.3911,72.5312,76.0206,70.6232
2024-09-27,71.4650,71.6125,70.2875,70.9500,11585536,CRWD,67.3309,68.6373,65.0450,69.6968,77.3112,72.5101,76.0693,70.6316
2024-09-30,70.1175,71.3525,69.5500,71.0000,11429868,CRWD,67.3708,68.7783,64.9226,69.7133,77.2310,72.4627,76.1092,70.6265
2024-10-01,68.7875,70.7434,68.1675,70.5650,12490468,CRWD,67.4776,68.7792,64.9788,69.6770,77.1345,72.3900,76.1380,70.6082
2024-10-02,70.0600,70.5375,68.7155,68.7213,10370388,CRWD,67.7391,68.9012,65.0356,69.6920,77.0402,72.3438,76.1725,70.6027
2024-10-03,70.9375,71.7250,69.6399,69.7500,13345732,CRWD,68.0806,69.0951,65.1636,69.7408,76.9477,72.3160,76.2021,70.6061
2024-10-04,73.0600,73.1400,70.9500,72.0400,12484772,CRWD,68.6538,69.4727,65.3541,69.8710,76.8803,72.3307,76.2426,70.6305
2024-10-07,71.7425,73.2500,71.4475,72.7500,9257108,CRWD,69.1586,69.6889,65.5081,69.9444,76.7739,72.3191,76.2784,70.6415
2024-10-08,73.2525,73.8125,71.6950,71.9700,11545360,CRWD,69.7245,70.0283,65.6791,70.0741,76.6486,72.3375,76.3273,70.6675
2024-10-09,74.5850,74.6925,73.1250,73.4350,10137424,CRWD,70.2846,70.4622,66.0026,70.2510,76.5468,72.3820,76.3785,70.7065
2024-10-10,78.7300,78.8825,74.2500,74.4300,31439756,CRWD,71.0074,71.2496,66.4174,70.5835,76.4693,72.5077,76.4526,70.7863
2024-10-11,80.0525,80.6475,78.2500,78.7300,18427360,CRWD,71.7709,72.0880,66.8973,70.9549,76.3979,72.6571,76.5306,70.8785
2024-10-14,77.6300,80.9850,77.4000,80.3925,17896888,CRWD,72.3048,72.6158,67.3605,71.2166,76.3009,72.7556,76.5971,70.9457
2024-10-15,75.5775,77.6300,75.1725,77.3875,15061504,CRWD,72.7246,72.8979,67.7618,71.3876,76.1932,72.8115,76.6548,70.9918
2024-10-16,76.5600,76.8012,74.8175,75.9625,11556856,CRWD,73.2136,73.2467,68.1345,71.5905,76.1029,72.8857,76.7184,71.0472
2024-10-17,77.5850,78.4350,76.5600,77.5000,12279548,CRWD,73.6256,73.6598,68.5329,71.8256,76.0001,72.9788,76.7978,71.1123
2024-10-18,77.5375,78.4700,76.7025,77.5850,11588472,CRWD,73.7544,74.0291,68.8810,72.0496,75.9084,73.0690,76.8800,71.1762
2024-10-21,77.3875,79.2495,77.0275,77.4150,13173992,CRWD,73.9595,74.3490,69.2243,72.2589,75.8085,73.1546,76.9599,71.2380
2024-10-22,77.1275,77.8900,76.0650,77.2500,9036896,CRWD,74.2091,74.6136,69.5701,72.4498,75.7899,73.2332,77.0362,71.2966
2024-10-23,74.8250,77.0165,74.5800,76.7850,12411716,CRWD,74.3695,74.6337,69.8261,72.5430,75.7540,73.2648,77.0837,71.3317
2024-10-24,76.1175,76.4768,75.2500,75.5275,7923452,CRWD,74.6569,74.7750,70.0673,72.6831,75.7435,73.3212,77.1221,71.3793
2024-10-25,75.1550,77.8375,73.7825,76.3050,24183096,CRWD,74.8414,74.8112,70.2680,72.7801,75.7311,73.3576,77.1453,71.4169
2024-10-28,75.3300,76.2500,73.8275,75.2862,13859248,CRWD,75.1020,74.8606,70.4619,72.8801,75.6289,73.3966,77.1663,71.4558
2024-10-29,77.7350,78.2875,75.1000,75.8100,13819192,CRWD,75.5494,75.1344,70.6827,73.0705,75.5550,73.4825,77.2008,71.5183
2024-10-30,76.8625,78.8690,76.7838,77.8750,8335024,CRWD,75.8895,75.2990,70.8873,73.2192,75.4509,73.5495,77.2272,71.5715
2024-10-31,74.2175,76.8512,73.6700,76.5300,13902808,CRWD,76.0535,75.1960,71.0056,73.2583,75.2566,73.5627,77.2530,71.5978
2024-11-01,75.7825,76.0950,73.9275,74.1975,11903760,CRWD,76.1896,75.2518,71.1830,73.3573,75.0529,73.6066,77.2780,71.6395
2024-11-04,74.7200,75.7325,73.7700,75.1300,9287508,CRWD,76.3385,75.2012,71.3197,73.4107,74.8316,73.6287,77.2884,71.6701
2024-11-05,76.8950,77.2225,74.6543,75.0000,9039888,CRWD,76.5206,75.3625,71.5283,73.5474,74.6436,73.6934,77.2996,71.7221
2024-11-06,80.0000,81.1660,79.1875,79.2925,16910804,CRWD,76.7914,75.8042,71.7791,73.8004,74.4800,73.8182,77.3280,71.8045
2024-11-07,82.6950,83.3050,80.1128,80.6250,14300764,CRWD,76.9896,76.4604,72.1120,74.1492,74.3309,73.9940,77.3661,71.9128
2024-11-08,82.5075,83.2875,80.8100,82.6375,11382840,CRWD,77.1124,77.0363,72.4038,74.4770,74.1822,74.1626,77.4118,72.0183
2024-11-11,85.6050,85.6975,82.9700,83.5000,13381632,CRWD,77.5111,77.8524,72.7295,74.9134,74.0828,74.3892,77.4770,72.1534
2024-11-12,85.8750,85.9725,84.1313,84.9525,12734932,CRWD,78.0260,78.6165,73.1140,75.3433,73.9900,74.6166,77.5305,72.2900
2024-11-13,86.9700,89.8625,86.0225,86.4000,18982940,CRWD,78.5465,79.4120,73.5568,75.7992,73.9149,74.8613,77.5887,72.4360
2024-11-14,86.0900,87.7725,85.8825,86.9725,10328212,CRWD,78.9717,80.0480,73.9964,76.2028,73.8089,75.0836,77.6535,72.5719
2024-11-15,84.1875,85.7525,83.1875,85.1000,13842188,CRWD,79.3042,80.4423,74.4482,76.5159,73.6998,75.2639,77.7002,72.6875
2024-11-18,85.7425,86.8250,84.1875,84.9925,9547664,CRWD,79.7220,80.9471,74.9302,76.8777,73.5890,75.4714,77.7495,72.8174
2024-11-19,88.3225,88.5850,84.6323,85.3850,12678072,CRWD,80.2818,81.6495,75.4579,77.3265,73.5143,75.7259,77.8130,72.9717
2024-11-20,87.5375,89.3275,86.1166,89.3275,9999528,CRWD,80.9174,82.2102,75.9410,77.7270,73.4093,75.9598,77.8730,73.1166
2024-11-21,89.3875,90.6000,87.8750,88.6250,18215540,CRWD,81.5809,82.8938,76.4433,78.1842,73.3405,76.2256,77.9227,73.2785
2024-11-22,93.0650,93.1400,89.4875,89.9200,13770196,CRWD,82.4764,83.8625,77.0089,78.7678,73.3033,76.5591,77.9843,73.4754
2024-11-25,90.9200,94.3550,90.1950,93.7500,20091332,CRWD,83.2559,84.5346,77.4883,79.2444,73.2383,76.8435,78.0272,73.6490
2024-11-26,91.0750,91.8375,89.8125,90.7500,27805252,CRWD,83.9229,85.1575,77.9662,79.7083,73.1722,77.1253,78.0810,73.8224
2024-11-27,86.8975,89.8050,85.1300,89.8050,43230756,CRWD,84.4246,85.3232,78.3685,79.9902,73.0765,77.3188,78.1124,73.9525
2024-11-29,86.4925,87.5400,86.1800,87.3750,9702064,CRWD,85.0384,85.4346,78.7115,80.2452,73.0053,77.5005,78.1267,74.0772
2024-12-02,86.7000,88.5850,84.1400,86.2250,21861048,CRWD,85.5842,85.5551,78.9462,80.4984,72.9462,77.6826,78.1459,74.2028
2024-12-03,87.4875,87.9875,85.8500,86.2500,14327572,CRWD,86.2226,85.7391,79.2303,80.7724,72.8928,77.8768,78.1718,74.3350
2024-12-04,91.0400,91.6100,87.1250,88.2750,20255600,CRWD,86.9299,86.2440,79.6084,81.1751,72.8598,78.1374,78.2224,74.5012
2024-12-05,91.2100,91.5625,89.6500,90.3000,12764924,CRWD,87.4904,86.7169,80.0002,81.5686,72.8492,78.3963,78.3130,74.6675
2024-12-06,91.4125,92.8175,90.2475,91.0000,12952464,CRWD,87.9262,87.1641,80.4211,81.9547,72.8760,78.6540,78.3814,74.8341
2024-12-09,88.4000,91.6475,87.9425,91.4125,11410224,CRWD,88.2209,87.2818,80.7598,82.2074,72.9024,78.8470,78.4341,74.9691
2024-12-10,86.6937,89.3150,86.1500,88.4000,9677376,CRWD,88.2753,87.2258,81.0913,82.3833,73.0069,79.0024,78.4662,75.0858
2024-12-11,90.7425,91.2250,87.0475,87.0475,14073204,CRWD,88.5187,87.5607,81.5304,82.7112,73.2546,79.2349,78.5184,75.2415
2024-12-12,91.3750,91.4600,89.3875,90.1175,8759120,CRWD,88.7389,87.9240,81.9567,83.0509,73.4961,79.4753,78.5741,75.4021
2024-12-13,92.0050,92.5725,90.3800,91.5000,12476196,CRWD,89.0347,88.3127,82.3781,83.4021,73.7708,79.7234,78.6290,75.5673
2024-12-16,97.0500,97.2500,91.2225,92.1900,20727176,CRWD,89.6778,89.1448,82.8579,83.9373,74.1060,80.0665,78.7210,75.7810
2024-12-17,94.1050,97.0000,93.3100,96.6875,15559888,CRWD,90.0959,89.6172,83.3051,84.3360,74.4066,80.3445,78.7992,75.9634
2024-12-18,87.2950,94.7954,86.3665,94.1050,19297676,CRWD,90.0446,89.3960,83.5860,84.4520,74.6325,80.4821,78.8638,76.0761
2024-12-19,87.7575,91.2500,87.4375,91.2325,17503428,CRWD,90.0556,89.2400,83.8494,84.5817,74.9260,80.6262,78.8906,76.1923
2024-12-20,90.5725,91.3600,86.2625,86.7500,20884268,CRWD,90.1148,89.3669,84.0863,84.8166,75.2518,80.8232,78.9313,76.3354
2024-12-23,90.3750,91.4325,88.5575,89.6225,11009192,CRWD,89.9803,89.4629,84.2927,85.0346,75.5950,81.0123,78.9797,76.4751
2024-12-24,91.4475,91.5000,89.8150,90.2675,5158636,CRWD,90.0067,89.6519,84.5691,85.2861,75.9648,81.2189,79.0402,76.6241
2024-12-26,91.2700,91.6600,90.4850,91.4375,4929696,CRWD,90.0164,89.8060,84.8829,85.5207,76.3223,81.4180,79.0849,76.7698
2024-12-27,88.7475,90.4800,87.4625,90.2875,13381440,CRWD,90.1089,89.7052,85.1267,85.6473,76.6306,81.5631,79.1135,76.8890
2024-12-30,87.3275,88.2188,86.0850,86.9025,9861568,CRWD,90.1507,89.4788,85.3215,85.7132,76.9272,81.6773,79.1394,76.9929
2024-12-31,85.5400,87.9650,84.9300,87.9650,8948980,CRWD,90.0927,89.1036,85.4816,85.7064,77.1813,81.7537,79.1725,77.0779
2025-01-02,86.8350,87.6250,85.2591,86.6300,10866952,CRWD,90.0601,88.8876,85.6705,85.7506,77.4474,81.8544,79.2054,77.1750
2025-01-03,89.7550,89.9225,87.0000,87.3075,10655656,CRWD,89.9958,88.9702,85.9231,85.9077,77.7466,82.0108,79.2531,77.3002
2025-01-06,91.5900,92.0975,89.0075,90.6250,11596672,CRWD,90.0148,89.2197,86.2584,86.1305,78.0422,82.2005,79.3024,77.4424
2025-01-07,89.9825,92.5925,88.5312,91.5150,10587280,CRWD,89.9433,89.2923,86.5357,86.2816,78.3015,82.3546,79.3405,77.5672
2025-01-08,89.6800,91.2663,87.8275,89.0484,10199180,CRWD,90.0073,89.3293,86.8262,86.4148,78.5471,82.4997,79.3794,77.6877
2025-01-10,87.2100,88.7275,85.9975,88.7275,11326872,CRWD,90.0331,89.1274,87.0638,86.4460,78.7628,82.5929,79.4095,77.7824
2025-01-13,85.3650,86.2925,83.8875,85.7162,13351580,CRWD,89.7642,88.7691,87.2164,86.4036,78.9495,82.6478,79.4238,77.8579
2025-01-14,87.0100,87.9930,85.8125,86.2487,10141000,CRWD,89.5460,88.6016,87.4193,86.4274,79.1533,82.7342,79.4561,77.9489
2025-01-15,90.5050,91.3176,88.2400,88.7500,11528460,CRWD,89.4710,88.7828,87.7451,86.5873,79.3753,82.8881,79.5079,78.0739
2025-01-16,90.8450,92.2545,90.1650,91.5650,9779576,CRWD,89.1607,88.9792,88.0463,86.7543,79.6147,83.0456,79.5626,78.2010
2025-01-17,89.2500,92.7375,87.3875,92.5350,19479760,CRWD,88.9180,89.0050,88.3369,86.8521,79.8283,83.1685,79.6094,78.3109
2025-01-21,91.6025,92.5000,89.5750,90.2175,10744044,CRWD,89.1334,89.2524,88.6311,87.0384,80.0797,83.3355,79.6674,78.4432
2025-01-22,94.4950,95.3724,90.7500,92.1900,14435780,CRWD,89.4702,89.7517,88.9210,87.3309,80.3500,83.5565,79.7534,78.6029
2025-01-23,94.4250,94.4875,92.9600,94.2025,9515988,CRWD,89.6629,90.1968,89.1556,87.6091,80.6338,83.7717,79.8311,78.7603
2025-01-24,93.7300,96.0750,93.4175,94.5750,9126680,CRWD,89.8306,90.5333,89.3800,87.8491,80.8919,83.9689,79.9076,78.9093
2025-01-27,93.4375,95.6125,89.9150,91.6250,15133804,CRWD,89.9301,90.8099,89.5367,88.0682,81.1331,84.1564,79.9863,79.0538
2025-01-28,102.1700,102.8250,93.1425,93.1675,32988856,CRWD,90.4751,91.8918,89.8626,88.6213,81.4883,84.5131,80.1065,79.2838
2025-01-29,99.2675,101.0875,97.5550,101.0875,17118168,CRWD,91.0011,92.5942,90.1085,89.0388,81.8327,84.8053,80.2056,79.4827
2025-01-30,99.2175,100.7701,97.7125,99.9325,11140772,CRWD,91.5956,93.2250,90.3711,89.4379,82.1838,85.0907,80.3154,79.6790
2025-01-31,99.5175,102.0250,99.3375,99.6000,12504724,CRWD,92.2945,93.8243,90.6777,89.8332,82.5630,85.3763,80.4386,79.8764
2025-02-03,99.3925,99.9850,96.0600,96.7363,14220708,CRWD,92.9224,94.3546,90.9507,90.2081,82.9404,85.6539,80.5616,80.0706
2025-02-04,101.8800,102.1100,99.0000,99.1300,11462624,CRWD,93.5286,95.0713,91.2218,90.6658,83.3399,85.9752,80.7039,80.2876
2025-02-05,104.3050,104.8475,101.2550,102.0000,12445660,CRWD,94.1644,95.9507,91.5572,91.2007,83.7491,86.3382,80.8578,80.5266
2025-02-06,105.1275,105.4062,103.4311,103.8750,9653276,CRWD,94.9216,96.8247,91.8720,91.7468,84.1576,86.7102,81.0301,80.7714
2025-02-07,105.3975,107.8313,104.8300,106.0000,14006128,CRWD,95.7075,97.6412,92.1186,92.2821,84.5638,87.0803,81.1957,81.0164
2025-02-10,107.2300,107.9760,106.1212,106.1937,9035324,CRWD,96.7085,98.5544,92.4448,92.8683,84.9666,87.4793,81.3573,81.2773
2025-02-11,107.9100,108.6960,106.0200,106.6625,9295148,CRWD,97.8358,99.4454,92.7815,93.4582,85.3739,87.8838,81.5248,81.5423
2025-02-12,108.6575,109.3991,106.0525,106.3000,8043844,CRWD,98.9181,100.3227,93.2167,94.0542,85.7926,88.2952,81.6956,81.8121
2025-02-13,113.4425,113.5325,108.0492,108.7500,14725092,CRWD,100.0650,101.5722,93.7557,94.8146,86.2336,88.7932,81.8827,82.1268
2025-02-14,112.9350,113.3650,110.7175,112.3675,11381832,CRWD,101.1695,102.6544,94.2804,95.5252,86.6133,89.2712,82.0673,82.4334
2025-02-18,113.8400,113.8600,111.3175,112.9175,11013432,CRWD,102.3990,103.7197,94.8075,96.2434,87.0189,89.7577,82.2708,82.7459
2025-02-19,112.5350,113.8975,111.1450,113.8400,9660984,CRWD,103.4456,104.5592,95.2374,96.8823,87.4229,90.2088,82.4642,83.0423
2025-02-20,109.0350,110.6825,104.5775,110.4800,19075676,CRWD,104.1726,104.9855,95.5939,97.3589,87.7971,90.5816,82.6300,83.3009
2025-02-21,101.6700,108.3075,101.1350,107.2150,22392988,CRWD,104.5349,104.6697,95.7990,97.5279,88.1101,90.8011,82.7506,83.4837
2025-02-24,97.9300,101.4750,95.5850,101.3725,21537752,CRWD,104.7449,104.0279,95.9896,97.5437,88.3747,90.9423,82.8430,83.6274
2025-02-25,94.9375,97.2500,92.3275,96.8175,18015184,CRWD,104.8199,103.1621,96.1545,97.4415,88.6229,91.0214,82.9270,83.7400
2025-02-26,98.6400,100.4250,95.4367,96.1725,13726064,CRWD,104.6434,102.7314,96.3125,97.4885,88.9214,91.1723,83.0280,83.8882
2025-02-27,95.0600,101.6325,95.0000,100.4100,12892316,CRWD,104.4330,102.0008,96.3862,97.3933,89.1714,91.2493,83.1058,83.9994
2025-02-28,97.4150,97.6300,94.3450,94.7500,15092216,CRWD,104.3429,101.5641,96.4944,97.3941,89.4362,91.3714,83.1919,84.1329
2025-03-03,95.6825,101.1500,94.5850,99.7500,20260164,CRWD,104.1511,101.0039,96.4670,97.3270,89.6624,91.4567,83.2714,84.2478
2025-03-04,97.5400,99.0400,92.6450,94.2438,32180380,CRWD,104.0585,100.6740,96.5357,97.3353,89.9204,91.5772,83.3472,84.3801
2025-03-05,91.3600,91.8300,85.7500,90.4200,63832276,CRWD,103.5325,99.7870,96.6170,97.1010,90.1015,91.5729,83.3751,84.4495
2025-03-06,86.9325,92.9299,86.4550,89.1450,22454612,CRWD,102.6639,98.5627,96.6005,96.7023,90.2250,91.4810,83.3859,84.4742
2025-03-07,83.3750,86.9325,79.5100,86.1400,27477404,CRWD,101.5763,97.1163,96.4566,96.1796,90.2714,91.3205,83.3704,84.4633
2025-03-10,77.2150,80.9863,75.9475,80.6625,27987872,CRWD,100.1671,95.2209,96.1934,95.4359,90.2430,91.0412,83.3205,84.3912
2025-03-11,82.4375,84.7500,77.0000,77.6025,33409976,CRWD,98.9275,94.0035,96.0132,94.9262,90.2911,90.8708,83.2960,84.3717
2025-03-12,86.6900,86.9325,84.1900,85.8975,20495584,CRWD,97.8665,93.3069,95.9216,94.6032,90.4022,90.7880,83.2977,84.3948
2025-03-13,83.1325,86.9588,82.6562,86.6425,17398340,CRWD,96.5903,92.3379,95.8093,94.1533,90.4680,90.6364,83.2854,84.3822
2025-03-14,88.4337,88.6250,84.2850,84.6275,17462016,CRWD,95.3398,91.9661,95.8314,93.9290,90.5764,90.5928,83.2883,84.4225
2025-03-17,91.2075,92.7150,88.1415,88.2500,17020468,CRWD,94.2534,91.8939,95.9447,93.8223,90.7131,90.6050,83.3108,84.4900
2025-03-18,90.7875,92.1168,89.1775,90.5250,12742312,CRWD,93.1008,91.7885,96.0238,93.7033,90.8471,90.6086,83.3278,84.5527
2025-03-19,93.7625,95.3150,90.5639,91.5550,16226432,CRWD,92.1622,91.9765,96.1039,93.7056,91.0135,90.6710,83.4017,84.6443
2025-03-20,92.2575,94.3725,91.1150,92.8200,11532152,CRWD,91.3233,92.0033,96.1173,93.6488,91.1878,90.7025,83.4709,84.7201
2025-03-21,90.5600,93.0475,88.2575,89.7275,32478124,CRWD,90.7678,91.8658,96.1288,93.5277,91.3322,90.6996,83.5379,84.7782
2025-03-24,93.1600,93.4075,90.4150,92.5000,16587716,CRWD,90.5293,91.9891,96.1984,93.5133,91.5123,90.7484,83.6217,84.8616
2025-03-25,96.2375,98.1734,94.2500,94.5200,17033564,CRWD,90.5943,92.3937,96.3790,93.6201,91.7214,90.8571,83.6751,84.9748
2025-03-26,92.8525,96.1933,92.5900,95.9737,13158032,CRWD,90.3049,92.4374,96.5287,93.5900,91.8725,90.8966,83.7138,85.0532
2025-03-27,91.6400,92.8650,90.0700,92.1800,10664488,CRWD,90.1339,92.3614,96.6213,93.5135,92.0203,90.9113,83.7356,85.1187
2025-03-28,89.2775,91.9100,88.3700,91.4550,13829824,CRWD,89.7271,92.0677,96.5968,93.3474,92.1709,90.8789,83.7138,85.1601
2025-03-31,88.1450,88.4100,84.4725,86.4463,13187980,CRWD,89.3502,91.6941,96.5428,93.1434,92.2945,90.8248,83.6737,85.1898
2025-04-01,90.5950,90.7925,87.8125,89.7350,10728220,CRWD,89.0029,91.5895,96.5697,93.0435,92.4533,90.8202,83.6425,85.2436
2025-04-02,92.8725,94.0675,88.2572,88.2900,9888120,CRWD,89.0786,91.7116,96.5951,93.0368,92.6131,90.8609,83.6283,85.3195
2025-04-03,86.8475,90.2276,85.4525,87.7355,17217476,CRWD,89.0743,91.2484,96.4421,92.7941,92.6815,90.7814,83.5808,85.3347
2025-04-04,80.4075,83.5113,77.5775,82.0050,28131216,CRWD,88.9259,90.2159,96.1618,92.3083,92.6587,90.5760,83.4948,85.2857
2025-04-07,81.0900,85.4425,74.5000,75.0150,25198428,CRWD,89.1197,89.3468,95.9090,91.8684,92.6445,90.3881,83.4133,85.2439
2025-04-08,81.2600,87.7650,79.5950,85.6775,21202524,CRWD,89.0608,88.5766,95.6654,91.4524,92.6010,90.2074,83.3419,85.2043
2025-04-09,94.5025,95.6625,81.1225,81.1500,30627908,CRWD,89.4514,89.1410,95.5121,91.5720,92.6873,90.2924,83.3387,85.2968
2025-04-10,92.1525,93.9966,88.5511,92.2500,18210440,CRWD,89.9024,89.4278,95.3698,91.5947,92.7391,90.3293,83.3270,85.3650
2025-04-11,94.4750,94.6975,90.1634,91.7450,13533216,CRWD,90.2045,89.9085,95.2749,91.7077,92.8230,90.4114,83.3159,85.4557
2025-04-14,94.6650,97.3131,93.2050,96.7387,12191960,CRWD,90.3774,90.3615,95.1779,91.8237,92.9278,90.4956,83.3138,85.5473
2025-04-15,98.2000,100.0050,94.9175,95.8500,20819068,CRWD,90.7480,91.1080,95.1540,92.0737,93.0523,90.6482,83.3207,85.6732
2025-04-16,94.9600,98.8375,93.3700,96.5275,16746600,CRWD,90.8079,91.4749,95.0156,92.1869,93.1187,90.7335,83.3165,85.7656
2025-04-17,93.9050,96.2350,93.2753,95.9500,8393100,CRWD,90.8902,91.7063,94.8076,92.2543,93.1824,90.7963,83.2958,85.8466
2025-04-21,90.6725,93.0225,88.9150,90.9500,11619480,CRWD,90.8959,91.6079,94.5185,92.1922,93.1952,90.7939,83.2679,85.8946
2025-04-22,92.1125,93.6775,90.7250,92.2100,10308540,CRWD,90.8435,91.6559,94.2528,92.1891,93.1857,90.8200,83.2445,85.9565
2025-04-23,96.4375,99.0762,95.6250,95.6250,14322524,CRWD,90.8535,92.1113,94.0370,92.3557,93.2409,90.9312,83.2396,86.0608
2025-04-24,103.5125,103.7122,96.5000,96.5000,18499688,CRWD,91.3865,93.1971,93.9490,92.7932,93.3653,91.1804,83.2687,86.2344
2025-04-25,106.2200,106.4337,103.1500,103.6725,13342172,CRWD,92.1155,94.4374,93.9003,93.3198,93.5585,91.4782,83.3175,86.4333
2025-04-28,105.7700,107.0000,103.8325,106.2100,11194832,CRWD,92.9401,95.5167,93.7468,93.8080,93.7513,91.7612,83.3783,86.6257
2025-04-29,107.7475,108.0925,105.7700,106.1225,9628380,CRWD,93.9202,96.6815,93.6431,94.3547,93.9617,92.0778,83.4540,86.8359
2025-04-30,107.2175,107.3875,103.6025,104.7525,12748808,CRWD,94.7514,97.6850,93.5106,94.8591,94.1590,92.3776,83.5259,87.0387
2025-05-01,107.9700,109.9075,106.9375,107.8775,12320384,CRWD,95.5062,98.6645,93.4193,95.3732,94.3283,92.6863,83.5941,87.2469
2025-05-02,110.1450,110.9250,108.6000,109.5450,10834824,CRWD,96.6711,99.7579,93.4415,95.9525,94.5177,93.0320,83.6835,87.4748
2025-05-05,110.8675,112.7875,108.8511,109.0000,13124060,CRWD,98.1941,100.8159,93.6255,96.5374,94.7122,93.3852,83.7941,87.7075
2025-05-06,110.8025,111.8750,107.6425,108.0505,13724616,CRWD,99.6797,101.7670,93.8829,97.0968,94.9363,93.7301,83.9193,87.9373
2025-05-07,105.6300,107.4600,104.2655,106.3550,26717808,CRWD,100.8982,102.1349,94.0968,97.4315,95.1256,93.9657,84.0663,88.1134
2025-05-08,107.1575,108.2266,106.1800,106.8712,14475948,CRWD,101.5310,102.6133,94.2671,97.8129,95.2898,94.2270,84.2722,88.3029
2025-05-09,102.6425,105.0000,101.1575,104.7363,18773368,CRWD,102.0555,102.6161,94.4188,98.0023,95.4025,94.3936,84.4493,88.4456
2025-05-12,107.3600,107.3675,103.7750,104.9225,13114072,CRWD,102.6997,103.0679,94.6177,98.3693,95.5560,94.6504,84.6634,88.6338
2025-05-13,110.0500,112.0000,106.7500,107.0525,14938324,CRWD,103.4690,103.7328,94.9050,98.8273,95.6860,94.9553,84.8960,88.8469
2025-05-14,108.9850,111.3675,107.8150,110.6250,11389108,CRWD,104.0082,104.2330,95.1339,99.2257,95.8348,95.2331,85.1207,89.0472
2025-05-15,107.9600,108.4650,105.5225,105.8975,10127748,CRWD,104.6582,104.5880,95.4659,99.5682,96.0415,95.4852,85.3370,89.2354
2025-05-16,109.8150,110.2225,107.9550,108.9675,8533736,CRWD,105.4537,105.0858,95.9236,99.9700,96.2620,95.7689,85.5940,89.4402
2025-05-19,111.0875,111.3750,107.9225,108.1075,8062228,CRWD,106.4745,105.6574,96.4778,100.4060,96.4672,96.0722,85.8595,89.6556
2025-05-20,110.5625,110.7525,109.1738,110.4725,8530536,CRWD,107.3970,106.1245,97.1448,100.8043,96.6691,96.3592,86.1320,89.8636
2025-05-21,108.6850,112.6675,108.0150,109.2000,17284224,CRWD,108.0094,106.3684,97.6697,101.1133,96.8414,96.6033,86.4031,90.0509
2025-05-22,111.0175,112.2200,107.5000,107.6787,10363576,CRWD,108.3846,106.8112,98.1563,101.5017,97.0389,96.8887,86.6806,90.2595
2025-05-23,113.8975,114.9825,109.3500,109.6250,17951056,CRWD,108.7685,107.4861,98.7716,101.9879,97.2904,97.2255,86.9605,90.4947
2025-05-27,118.0550,118.5575,114.9000,116.0000,15988660,CRWD,109.3827,108.4926,99.3640,102.6179,97.5977,97.6380,87.2624,90.7690
2025-05-28,117.2075,118.3525,116.4950,118.2462,11573764,CRWD,109.8557,109.3226,99.8840,103.1901,97.9144,98.0255,87.5478,91.0320
2025-05-29,114.7025,118.1225,113.3562,118.0000,13313916,CRWD,110.2300,109.8350,100.3623,103.6415,98.1930,98.3557,87.8202,91.2676
2025-05-30,117.8425,118.2800,114.1913,115.5075,17954752,CRWD,110.7236,110.5976,100.8439,104.1984,98.4739,98.7416,88.1102,91.5320
2025-06-02,119.7925,119.9925,116.3812,117.7500,13933744,CRWD,111.2060,111.4733,101.3946,104.8100,98.7559,99.1584,88.3991,91.8132
2025-06-03,122.1900,122.8000,119.3625,120.1913,30528608,CRWD,111.7721,112.4939,102.0272,105.4915,99.0780,99.6145,88.6897,92.1154
2025-06-04,115.1400,117.7375,111.3150,113.6875,61814336,CRWD,111.9890,112.7459,102.4668,105.8699,99.3326,99.9219,88.9398,92.3445
2025-06-05,115.7350,117.1500,113.1775,115.5813,24755288,CRWD,112.4943,113.0306,102.8567,106.2568,99.6179,100.2351,89.1903,92.5773
2025-06-06,117.1025,119.6165,115.7800,115.7800,17371828,CRWD,112.9915,113.4184,103.3417,106.6821,99.9352,100.5691,89.4424,92.8213
2025-06-09,116.0975,117.9425,114.5320,117.5775,10898548,CRWD,113.6643,113.6736,103.8309,107.0513,100.2261,100.8766,89.6897,93.0529
2025-06-10,116.9125,117.5025,114.3075,116.3725,9889808,CRWD,114.1419,113.9820,104.3836,107.4380,100.4902,101.1941,89.9327,93.2903
2025-06-11,119.2450,119.9850,116.3879,116.5050,11026164,CRWD,114.6016,114.4833,105.0056,107.9011,100.7742,101.5516,90.1944,93.5486
2025-06-12,120.4325,122.1840,118.2500,118.5050,14080628,CRWD,115.1740,115.0499,105.6024,108.3925,101.0860,101.9254,90.4572,93.8161
2025-06-13,120.1550,121.3737,118.2650,118.7500,10442720,CRWD,115.7838,115.5361,106.1480,108.8538,101.3715,102.2864,90.7256,94.0782
2025-06-16,119.8475,121.8650,119.3200,120.4600,10841220,CRWD,116.2854,115.9467,106.8080,109.2849,101.6251,102.6342,90.9875,94.3346
2025-06-17,123.0075,123.3000,118.5000,119.8625,13594628,CRWD,116.8814,116.6191,107.6600,109.8230,101.9109,103.0376,91.2723,94.6199
2025-06-18,121.2900,122.6775,119.7050,122.6775,11321140,CRWD,117.4178,117.0640,108.4640,110.2727,102.1865,103.3990,91.5392,94.8852
2025-06-20,119.0750,122.5000,118.5725,121.1350,20732272,CRWD,117.9373,117.2555,109.2203,110.6179,102.4429,103.7095,91.7880,95.1259
2025-06-23,122.9525,123.5750,115.3775,117.6888,17726916,CRWD,118.5340,117.7981,109.7893,111.1016,102.6507,104.0905,92.0695,95.4028
2025-06-24,121.3450,123.3750,120.2800,122.7250,14533912,CRWD,118.9064,118.1359,110.3732,111.5033,102.8715,104.4322,92.3521,95.6610
2025-06-25,123.5225,125.1025,121.8863,122.0200,11830508,CRWD,119.1798,118.6489,110.9541,111.9747,103.1145,104.8102,92.6491,95.9382
2025-06-26,126.3050,126.5875,123.5225,124.2700,12068140,CRWD,119.6346,119.3780,111.5869,112.5366,103.3824,105.2358,92.9727,96.2403
2025-06-27,124.8325,126.3425,123.8925,126.1475,13865152,CRWD,120.1411,119.8975,112.1196,113.0188,103.6368,105.6239,93.2886,96.5248
2025-06-30,127.3275,127.5050,124.9300,125.6562,10811348,CRWD,120.6154,120.6051,112.7669,113.5800,103.8913,106.0537,93.6156,96.8313
2025-07-01,123.0175,129.1550,120.3750,127.3425,16356216,CRWD,120.7766,120.8349,113.3492,113.9501,104.0784,106.3896,93.9137,97.0919
2025-07-02,124.0250,124.1250,122.2859,122.7500,8452948,CRWD,120.8684,121.1387,114.0162,114.3451,104.2674,106.7388,94.2125,97.3599
2025-07-03,128.5250,129.4950,124.9975,124.9975,10616104,CRWD,121.5376,121.8422,114.7444,114.9012,104.4986,107.1702,94.5312,97.6700
2025-07-07,126.3650,127.0387,124.7275,126.9250,13077580,CRWD,122.0691,122.2729,115.3430,115.3508,104.6900,107.5503,94.8283,97.9555
2025-07-08,126.9275,127.3461,124.4350,126.9100,8573304,CRWD,122.5604,122.7162,115.8113,115.8048,104.8802,107.9340,95.1270,98.2438
2025-07-09,128.3775,128.4800,126.7600,128.0000,7477192,CRWD,123.1744,123.2554,116.2544,116.2978,105.0774,108.3388,95.4350,98.5436
2025-07-10,121.7775,128.6250,121.6425,128.2475,16754060,CRWD,123.4176,123.1146,116.5746,116.5127,105.1607,108.6049,95.6972,98.7748
2025-07-11,119.6125,122.3316,119.3675,122.0000,13537464,CRWD,123.4360,122.7811,116.8119,116.6343,105.2275,108.8229,95.9204,98.9821
2025-07-14,119.0450,120.1792,115.8750,116.7050,13361936,CRWD,123.3666,122.4253,117.0485,116.7288,105.2795,109.0253,96.1492,99.1818
2025-07-15,118.3200,120.1800,117.6300,119.7725,10116496,CRWD,123.2749,122.0343,117.2554,116.7912,105.3374,109.2094,96.3801,99.3722
2025-07-16,117.6125,119.1625,116.2087,118.9550,7931752,CRWD,123.1631,121.6132,117.4048,116.8234,105.4232,109.3758,96.6101,99.5537
2025-07-17,117.4575,118.5775,116.7350,117.5875,9026536,CRWD,122.8856,121.2174,117.5366,116.8483,105.5810,109.5358,96.8455,99.7319
2025-07-18,118.9900,119.3150,116.4400,118.0775,11613572,CRWD,122.7706,121.0053,117.7004,116.9323,105.7916,109.7230,97.0832,99.9235
2025-07-21,120.3950,122.5100,118.5275,119.6787,13664608,CRWD,122.8366,120.9471,117.9957,117.0681,106.0462,109.9344,97.3346,100.1272
2025-07-22,117.8075,121.3640,117.5000,120.3750,7902260,CRWD,122.5794,120.6481,118.2087,117.0971,106.2379,110.0903,97.5797,100.3031
2025-07-23,115.3800,118.0000,113.5100,117.8075,12096076,CRWD,122.2811,120.1464,118.4634,117.0297,106.4411,110.1950,97.8063,100.4531
2025-07-24,115.5075,117.1250,115.0300,115.9950,9944216,CRWD,121.8804,119.7046,118.6263,116.9700,106.6220,110.3002,98.0291,100.6029
2025-07-25,116.9800,117.7025,115.0750,115.5000,7178948,CRWD,121.4141,119.4451,118.7649,116.9704,106.8350,110.4325,98.2487,100.7659
2025-07-28,118.0450,119.1425,117.0000,117.7500,7303104,CRWD,121.0747,119.3118,118.9461,117.0126,107.0400,110.5832,98.4802,100.9378
2025-07-29,116.3775,120.1800,114.5000,118.4675,10999736,CRWD,120.5272,119.0323,119.1145,116.9877,107.2902,110.6980,98.6958,101.0914
2025-07-30,115.7875,116.6700,113.3550,115.8800,8469968,CRWD,120.1657,118.7233,119.2339,116.9406,107.5788,110.7987,98.9019,101.2377
2025-07-31,113.6425,116.9750,113.4400,116.4400,11331392,CRWD,119.6466,118.2394,119.2850,116.8113,107.8814,110.8551,99.0764,101.3611
2025-08-01,111.6650,113.5000,109.5225,112.2375,12057596,CRWD,118.8036,117.6133,119.3071,116.6094,108.2259,110.8711,99.2345,101.4636
2025-08-04,113.7150,114.3725,112.0000,113.2250,7531184,CRWD,118.1711,117.2420,119.4077,116.4959,108.5387,110.9274,99.4149,101.5855
2025-08-05,110.4375,114.4500,109.6250,113.6575,12418316,CRWD,117.3466,116.5940,119.3961,116.2583,108.7762,110.9177,99.5892,101.6736
2025-08-06,112.9225,112.9750,110.5025,111.2500,8142680,CRWD,116.5739,116.2443,119.3766,116.1275,109.0741,110.9574,99.7710,101.7855
2025-08-07,106.2500,112.9962,105.5000,112.9225,22840516,CRWD,115.7975,115.2925,119.1405,115.7402,109.2522,110.8642,99.9143,101.8299
2025-08-08,106.1225,108.6250,105.1050,107.7500,14528484,CRWD,115.1230,114.4191,118.9188,115.3630,109.4014,110.7703,100.0573,101.8727
2025-08-11,106.6075,108.5000,104.9350,105.9550,10101408,CRWD,114.5011,113.6752,118.7569,115.0197,109.5596,110.6879,100.2034,101.9198
2025-08-12,108.9500,109.5750,106.8725,107.0025,9257248,CRWD,114.0326,113.2251,118.5790,114.7816,109.7115,110.6535,100.3625,101.9897
2025-08-13,108.0300,110.6062,106.9650,110.0000,9844412,CRWD,113.5535,112.7304,118.3438,114.5169,109.8692,110.6015,100.5285,102.0498
2025-08-14,106.2150,108.7500,104.9525,108.0850,11646320,CRWD,112.9914,112.1099,118.0243,114.1913,110.0257,110.5146,100.6790,102.0913
2025-08-15,106.9750,107.2330,105.7500,106.3200,9057568,CRWD,112.3906,111.6208,117.8610,113.9083,110.1639,110.4445,100.8381,102.1399
2025-08-18,106.5850,107.2425,105.4246,106.5000,9010708,CRWD,111.7001,111.1412,117.6780,113.6211,110.2674,110.3681,100.9944,102.1841
2025-08-19,104.6500,109.0000,103.9750,107.7500,11147332,CRWD,111.0422,110.5230,117.4289,113.2693,110.3853,110.2549,101.1289,102.2086
2025-08-20,104.7925,105.2350,102.3275,104.3562,8850432,CRWD,110.5129,109.9772,117.2028,112.9369,110.5169,110.1467,101.2686,102.2343
2025-08-21,103.5150,104.4825,103.4150,104.4475,7201640,CRWD,109.9132,109.3618,116.9349,112.5674,110.6592,110.0154,101.4151,102.2471
2025-08-22,105.1375,105.9982,103.1377,103.7500,8809168,CRWD,109.3211,108.9595,116.6527,112.2760,110.8292,109.9188,101.5619,102.2758
2025-08-25,104.7075,106.5000,104.6312,105.6525,9653108,CRWD,108.6542,108.5545,116.3382,111.9792,110.9703,109.8156,101.7118,102.3000
2025-08-26,104.4000,106.2500,104.1750,104.8300,12586924,CRWD,108.0554,108.1589,116.0231,111.6820,111.0856,109.7084,101.8493,102.3209
2025-08-27,105.6525,106.8538,104.9950,105.4000,32478364,CRWD,107.5486,107.9202,115.7392,111.4456,111.2736,109.6281,101.9776,102.3541
2025-08-28,110.5000,110.5425,102.3125,102.5000,39927212,CRWD,107.3915,108.1659,115.4891,111.4085,111.5745,109.6453,102.1166,102.4351
2025-08-29,105.9250,112.0000,105.0975,111.2162,21940280,CRWD,107.1045,107.9524,115.1818,111.1934,111.8229,109.5717,102.2337,102.4699
2025-09-02,103.3750,104.5050,101.9238,104.2773,15051024,CRWD,106.5875,107.5165,114.8678,110.8868,112.0440,109.4490,102.3225,102.4789
2025-09-03,103.3000,103.6200,101.0700,103.2462,12145996,CRWD,106.2306,107.1149,114.4747,110.5893,112.1320,109.3272,102.4097,102.4870
2025-09-04,103.1150,103.8725,100.6650,103.3000,11053604,CRWD,105.7402,106.7340,114.1101,110.2962,112.2416,109.2042,102.4904,102.4933
2025-09-05,104.4075,104.5279,101.7650,103.5175,8677312,CRWD,105.6481,106.5124,113.7278,110.0653,112.3410,109.1092,102.5820,102.5123
2025-09-08,107.0150,107.2113,104.1050,104.7500,10183300,CRWD,105.6927,106.5603,113.3420,109.9456,112.4645,109.0677,102.6961,102.5571
2025-09-09,105.8775,107.7517,105.1575,107.0425,8507252,CRWD,105.6562,106.4953,112.9629,109.7861,112.5412,109.0046,102.7968,102.5902
2025-09-10,106.2175,108.4517,105.5425,106.8913,9115332,CRWD,105.5196,106.4688,112.5407,109.6462,112.6538,108.9494,102.8863,102.6263
2025-09-11,108.3450,109.5650,106.7750,107.0625,9647776,CRWD,105.5354,106.6475,112.2473,109.5951,112.7982,108.9374,102.9903,102.6832
2025-09-12,109.0250,110.7500,108.7500,108.8475,11058820,CRWD,105.6759,106.8739,111.9473,109.5728,112.9817,108.9391,103.0885,102.7463
2025-09-15,111.1925,112.2175,109.1875,110.3938,11517432,CRWD,105.8868,107.2852,111.6006,109.6363,113.1725,108.9838,103.1791,102.8303
2025-09-16,111.2450,112.0800,108.7000,111.2000,11632172,CRWD,106.1198,107.6623,111.2982,109.6994,113.3206,109.0285,103.2808,102.9140
2025-09-17,111.3750,113.5000,108.5850,111.2500,15491280,CRWD,106.4560,108.0159,110.9872,109.7651,113.3992,109.0750,103.3823,102.9982
2025-09-18,125.6575,126.0550,115.5300,117.2312,40481800,CRWD,107.4993,109.6961,110.9328,110.3883,113.5936,109.4034,103.5761,103.2237
2025-09-19,125.6375,126.7990,123.9525,124.7500,28371284,CRWD,108.6054,111.2143,111.0100,110.9863,113.7923,109.7248,103.7718,103.4467
2025-09-22,123.2850,125.0750,121.5825,124.0000,15501468,CRWD,109.5128,112.3639,111.0834,111.4686,113.9477,109.9933,103.9547,103.6441
2025-09-23,121.0250,123.7650,120.2750,123.2850,10938188,CRWD,110.3286,113.1888,111.1230,111.8434,114.0857,110.2118,104.1224,103.8171
2025-09-24,119.0825,121.7400,118.6200,120.5975,8872960,CRWD,111.0628,113.7501,111.1383,112.1273,114.1969,110.3875,104.2626,103.9690
2025-09-25,118.2725,120.3875,117.2500,119.2250,10859080,CRWD,111.6938,114.1808,111.1515,112.3683,114.2781,110.5436,104.3979,104.1113
2025-09-26,120.3550,120.9250,117.5725,118.0250,9438900,CRWD,112.1865,114.7688,111.2094,112.6815,114.3730,110.7379,104.5426,104.2729
2025-09-29,122.1125,122.6250,120.6625,121.6050,8791540,CRWD,112.9959,115.4682,111.2719,113.0513,114.4861,110.9631,104.7112,104.4504
2025-09-30,122.5950,122.7203,119.8135,121.6050,9152656,CRWD,113.9569,116.1469,111.3159,113.4256,114.6558,111.1935,104.8907,104.6310
2025-10-01,124.9900,125.2092,121.3400,121.9375,10049508,CRWD,115.0414,116.9891,111.4595,113.8791,114.8341,111.4667,105.0619,104.8335
2025-10-02,124.2000,125.5675,123.0863,125.3063,10355272,CRWD,116.0956,117.6759,111.6359,114.2838,115.0497,111.7188,105.2261,105.0262
2025-10-03,122.4700,125.4675,121.5750,124.9600,7933860,CRWD,116.9988,118.1325,111.7752,114.6049,115.2008,111.9317,105.3784,105.1998
2025-10-06,123.9875,125.8750,123.5950,123.8775,7797488,CRWD,117.8474,118.6901,111.9153,114.9728,115.3401,112.1704,105.5131,105.3868
2025-10-07,121.1550,124.4639,119.1300,124.2500,11430156,CRWD,118.6113,118.9248,111.9775,115.2152,115.4618,112.3483,105.6483,105.5437
2025-10-08,127.4875,127.5000,122.5825,122.9425,14470188,CRWD,119.6748,119.7403,112.1997,115.6965,115.6571,112.6481,105.8493,105.7620
2025-10-09,127.2825,127.8650,125.4750,127.4875,8815164,CRWD,120.6216,120.4586,112.4296,116.1509,115.8318,112.9379,106.0469,105.9761
2025-10-10,123.4150,129.3525,123.3217,127.2500,12570448,CRWD,121.3411,120.7402,112.6251,116.4357,115.9551,113.1454,106.2111,106.1497
2025-10-13,127.1525,127.7950,124.3750,125.2875,9362272,CRWD,122.1391,121.3509,112.9348,116.8560,116.1210,113.4227,106.3950,106.3586
2025-10-14,122.2350,125.1350,121.8975,125.0238,11074044,CRWD,122.6886,121.4351,113.1052,117.0669,116.2565,113.5972,106.5490,106.5166
2025-10-15,122.2550,123.8750,121.1950,123.5000,6923276,CRWD,123.2326,121.5132,113.3416,117.2704,116.3688,113.7687,106.7039,106.6732
2025-10-16,120.5575,124.5775,118.8470,122.4325,8662860,CRWD,122.9776,121.4222,113.4943,117.3993,116.4354,113.9031,106.8629,106.8114
2025-10-17,121.1625,121.5000,118.8550,119.5038,7707280,CRWD,122.7539,121.3974,113.7925,117.5469,116.4665,114.0469,107.0321,106.9542
2025-10-20,125.9025,126.1113,121.6125,121.6325,11280336,CRWD,122.8847,121.8265,114.1881,117.8745,116.5535,114.2816,107.2339,107.1427
2025-10-21,125.9875,126.9000,124.5875,125.3100,5763536,CRWD,123.1329,122.2228,114.5757,118.1927,116.6663,114.5134,107.4297,107.3302
2025-10-22,125.0275,126.3400,122.9175,125.6700,6728108,CRWD,123.4301,122.4899,114.8973,118.4607,116.7382,114.7216,107.6060,107.5063
2025-10-23,130.4950,130.6075,124.9950,124.9950,12589148,CRWD,124.0412,123.2523,115.3466,118.9327,116.8452,115.0340,107.8006,107.7350
2025-10-24,131.8300,133.8800,130.4675,132.2000,10201812,CRWD,124.6150,124.0692,115.8589,119.4384,116.9416,115.3666,108.0098,107.9748
2025-10-27,132.4250,133.5850,131.3100,133.1350,7728620,CRWD,125.1306,124.8650,116.3679,119.9477,117.1144,115.7044,108.2235,108.2181
2025-10-28,136.7350,138.4100,133.9950,134.2025,13469708,CRWD,125.8376,125.9955,116.9709,120.6060,117.3244,116.1208,108.4712,108.5018
2025-10-29,136.3750,137.2500,133.3250,135.2500,7122592,CRWD,126.4069,126.9840,117.6054,121.2244,117.5172,116.5219,108.7262,108.7792
2025-10-30,134.6700,137.4950,133.5262,135.7775,7819492,CRWD,126.9304,127.7160,118.2029,121.7517,117.7029,116.8813,108.9645,109.0368
2025-10-31,135.7525,137.3750,134.3250,135.6025,7493924,CRWD,127.5945,128.4814,118.8477,122.3008,117.8913,117.2549,109.1907,109.3026
2025-11-03,137.9800,138.9525,136.2750,137.3300,7641972,CRWD,128.2941,129.3860,119.5046,122.9156,118.0786,117.6653,109.4264,109.5880
2025-11-04,133.4800,137.3700,132.7750,134.9475,10020240,CRWD,128.9104,129.7759,120.0800,123.3299,118.2091,117.9785,109.6476,109.8257
2025-11-05,133.5350,133.7975,131.5000,132.9700,6584648,CRWD,129.2127,130.1339,120.6627,123.7301,118.3429,118.2865,109.8572,110.0616
2025-11-06,133.1300,135.0000,129.2750,131.6700,12399616,CRWD,129.5051,130.4193,121.2123,124.0987,118.4757,118.5805,110.0504,110.2912
2025-11-07,134.9525,135.5650,129.7750,131.6650,9708556,CRWD,130.0820,130.8510,121.7013,124.5244,118.5952,118.9047,110.2530,110.5365
2025-11-10,139.3825,139.7450,136.0625,136.9550,8658192,CRWD,130.6935,131.6635,122.3705,125.1071,118.7761,119.3102,110.4813,110.8236
2025-11-11,139.1825,139.6250,137.8025,138.8050,5423056,CRWD,131.5409,132.3796,123.0866,125.6590,118.9772,119.7037,110.7100,111.1057
2025-11-12,136.4650,141.7250,136.2500,140.2750,7965900,CRWD,132.2514,132.7687,123.7499,126.0828,119.1123,120.0356,110.8815,111.3581
2025-11-13,132.4450,135.9625,131.5350,135.2475,9624076,CRWD,132.8458,132.7379,124.3365,126.3323,119.2233,120.2813,111.0474,111.5679
2025-11-14,134.3875,136.0100,127.2625,130.6175,7769188,CRWD,133.5070,132.8950,124.9361,126.6482,119.3320,120.5607,111.2232,111.7950
2025-11-17,132.4450,135.1675,131.6450,134.2500,5581088,CRWD,133.8341,132.8521,125.4447,126.8755,119.3934,120.7960,111.3879,112.0004
2025-11-18,128.4175,132.8325,128.2500,131.2050,10291868,CRWD,133.9556,132.4298,125.8955,126.9360,119.4292,120.9469,111.5330,112.1638
2025-11-19,130.1475,131.4950,127.3227,128.3425,6087700,CRWD,134.2116,132.2124,126.3741,127.0619,119.4574,121.1291,111.6743,112.3427
2025-11-20,125.3275,134.8300,125.0325,133.1400,9932208,CRWD,133.9533,131.5567,126.7138,126.9939,119.4805,121.2122,111.7795,112.4719
2025-11-21,122.6675,125.2500,119.3875,124.4775,12254836,CRWD,133.4951,130.7101,126.9866,126.8242,119.4669,121.2411,111.8672,112.5734
2025-11-24,126.7050,127.2975,123.5075,124.5400,10596720,CRWD,133.2091,130.3287,127.2969,126.8196,119.4488,121.3493,111.9737,112.7140
2025-11-25,128.0850,128.4275,123.2525,125.9250,6608904,CRWD,132.7766,130.1150,127.6337,126.8692,119.4660,121.4826,112.0780,112.8669
2025-11-26,125.3850,128.7500,124.2500,128.2500,8855292,CRWD,132.2271,129.6645,127.9139,126.8110,119.4505,121.5599,112.1653,112.9915
2025-11-28,127.2900,127.6725,125.4850,126.3425,4075632,CRWD,131.8581,129.4384,127.9465,126.8298,119.4397,121.6734,112.2585,113.1338
2025-12-01,126.0325,126.6850,123.7525,125.8037,8234360,CRWD,131.3721,129.1140,127.9544,126.7985,119.4822,121.7597,112.3215,113.2621
2025-12-02,129.1375,130.2500,126.7500,128.3675,20221052,CRWD,130.9300,129.1162,128.0715,126.8902,119.5775,121.9058,112.4025,113.4201
2025-12-03,131.0425,131.2500,121.5750,124.4975,22315020,CRWD,130.8081,129.2997,128.2718,127.0531,119.6974,122.0867,112.4885,113.5954
2025-12-04,128.2800,131.3175,127.5650,130.9775,9909020,CRWD,130.5454,129.2026,128.4558,127.1012,119.7970,122.2094,112.5672,113.7415
2025-12-05,128.0075,131.7225,127.0800,129.0350,10517792,CRWD,130.2893,129.0888,128.6505,127.1367,119.9010,122.3242,112.6621,113.8835
2025-12-08,128.7975,130.0750,127.2250,128.2500,6642160,CRWD,129.9815,129.0610,128.8193,127.2019,120.0144,122.4524,112.7977,114.0319
2025-12-09,129.4950,132.4740,127.9324,128.0575,8143344,CRWD,129.4871,129.1024,128.9670,127.2918,120.1194,122.5918,112.9555,114.1857
2025-12-10,129.8850,130.4025,126.1350,129.0000,9437012,CRWD,129.0223,129.1769,129.1128,127.3935,120.2143,122.7362,113.1303,114.3420
2025-12-11,129.4125,132.0475,128.1275,129.1675,8005824,CRWD,128.6696,129.1993,129.2012,127.4727,120.3304,122.8684,113.2841,114.4919
2025-12-12,126.1950,129.3589,124.6900,129.1025,10710684,CRWD,128.3571,128.9132,129.2411,127.4225,120.4385,122.9343,113.4398,114.6084
2025-12-15,121.8675,127.2525,121.8575,127.2525,8739720,CRWD,127.7311,128.2422,129.2291,127.2047,120.5021,122.9132,113.5621,114.6806
2025-12-16,122.1325,122.8600,120.5000,121.6210,7034948,CRWD,127.2155,127.6603,129.1920,127.0058,120.5537,122.8977,113.6943,114.7547
2025-12-17,117.5050,122.6100,117.4587,122.3525,9269208,CRWD,126.6699,126.6931,129.1190,126.6332,120.5483,122.7909,113.7941,114.7821
2025-12-18,119.3150,120.5100,118.4775,119.9250,7340284,CRWD,126.1283,125.9905,128.9555,126.3462,120.5776,122.7221,113.9339,114.8272
2025-12-19,120.3200,122.3012,119.6575,120.0000,18650684,CRWD,125.8779,125.4504,128.8163,126.1099,120.6230,122.6745,114.1009,114.8819
2025-12-22,120.7850,121.4675,118.7125,119.9450,9213160,CRWD,125.7838,125.0061,128.7637,125.9011,120.6944,122.6371,114.2879,114.9406
2025-12-23,119.7100,120.8975,118.3750,120.6225,8212052,CRWD,125.4340,124.5017,128.6148,125.6583,120.7748,122.5792,114.5004,114.9881
2025-12-24,119.2775,119.5000,117.6685,119.2075,2980404,CRWD,124.9936,124.0042,128.5557,125.4081,120.8305,122.5138,114.6846,115.0307
2025-12-26,120.2975,120.5387,118.7875,119.2500,4602608,CRWD,124.7392,123.6511,128.5165,125.2077,120.9291,122.4699,114.8526,115.0831
2025-12-29,118.9775,120.8225,118.6584,119.5738,5258576,CRWD,124.3236,123.2060,128.4849,124.9633,120.9896,122.4007,115.0318,115.1219
2025-12-30,118.9075,119.5300,118.0592,119.0000,4672400,CRWD,123.9674,122.7966,128.4398,124.7258,121.1162,122.3316,115.1842,115.1596
2025-12-31,117.1900,119.0150,117.1000,118.9950,6644172,CRWD,123.3700,122.2627,128.2656,124.4303,121.2269,122.2298,115.3141,115.1798
2026-01-02,113.3950,118.5000,112.3637,118.5000,13299924,CRWD,122.4876,121.4181,128.0137,123.9976,121.2947,122.0548,115.4272,115.1620
2026-01-05,114.1375,116.6225,113.7512,114.6575,10462848,CRWD,121.7805,120.7247,127.7959,123.6109,121.3466,121.8980,115.5290,115.1518
2026-01-06,114.5800,115.1150,112.8225,114.4437,9360584,CRWD,121.1091,120.1395,127.4776,123.2567,121.4121,121.7531,115.6406,115.1461
2026-01-07,119.7275,121.6375,115.5710,115.7425,15868544,CRWD,120.6556,120.1003,127.2356,123.1183,121.5472,121.7130,115.7865,115.1917
2026-01-08,115.9675,119.9975,115.1575,119.5500,9821828,CRWD,119.9792,119.7067,126.9064,122.8379,121.6372,121.5992,115.9005,115.1994
2026-01-09,117.6525,118.9950,116.5625,118.0475,9589912,CRWD,119.3676,119.5111,126.5248,122.6346,121.7478,121.5211,116.0076,115.2238
2026-01-12,116.7475,117.1525,114.9125,115.0625,7755448,CRWD,118.7344,119.2479,126.1322,122.4037,121.8688,121.4266,116.1271,115.2390
2026-01-13,117.0050,119.1375,115.2350,116.7500,10773248,CRWD,118.2749,119.0343,125.7789,122.1920,121.9909,121.3390,116.2539,115.2566
2026-01-14,115.1750,119.2500,112.9400,116.4500,15019740,CRWD,117.9402,118.6667,125.3674,121.9168,122.1075,121.2169,116.3834,115.2558
2026-01-15,113.7500,118.0775,112.5000,115.9900,11340112,CRWD,117.5211,118.1984,124.8828,121.5965,122.1937,121.0691,116.5114,115.2408
2026-01-16,113.4700,114.9250,110.9036,114.1875,13751688,CRWD,117.3194,117.7481,124.4826,121.2779,122.2813,120.9186,116.6258,115.2232
2026-01-20,110.6825,112.5663,110.0577,110.7565,12925916,CRWD,116.8877,117.0752,124.0255,120.8624,122.3441,120.7159,116.7148,115.1780
2026-01-21,111.4700,114.0300,109.7925,111.2500,10747340,CRWD,116.4452,116.5414,123.5923,120.4940,122.4023,120.5328,116.8379,115.1411
2026-01-22,113.4425,113.6175,111.5700,113.6125,6058824,CRWD,116.0781,116.2462,123.1621,120.2175,122.4317,120.3924,117.0031,115.1242
2026-01-23,113.1225,114.7150,112.3555,113.6725,7083196,CRWD,115.7487,115.9487,122.6369,119.9393,122.5037,120.2485,117.1633,115.1043
2026-01-26,117.0825,117.4900,113.1225,113.4975,7828244,CRWD,115.6390,116.0567,122.1949,119.8272,122.6408,120.1858,117.3424,115.1239
2026-01-27,119.1650,121.8000,118.3500,119.6188,11338128,CRWD,115.5824,116.3527,121.8489,119.8013,122.7994,120.1656,117.4657,115.1642
2026-01-28,117.2975,121.7500,117.2275,119.8650,9529920,CRWD,115.4984,116.4427,121.5460,119.7031,122.9412,120.1088,117.5914,115.1854
2026-01-29,111.1550,115.3875,107.8475,115.1850,20921336,CRWD,115.1107,115.9391,121.0813,119.3679,123.0087,119.9315,117.6748,115.1453
2026-01-30,110.3512,112.1850,109.5625,110.1250,10381532,CRWD,114.7688,115.4070,120.6394,119.0143,123.0421,119.7417,117.7533,115.0976
2026-02-02,109.7125,111.8100,108.6861,110.0000,8294696,CRWD,114.5847,114.8646,120.2653,118.6495,123.0804,119.5432,117.8108,115.0440
2026-02-03,105.4325,109.1772,103.7625,108.9800,15339548,CRWD,114.1494,113.9663,119.7710,118.1312,123.0726,119.2637,117.8632,114.9484
2026-02-04,103.8400,105.4950,100.3875,102.9850,18932048,CRWD,113.6124,113.0019,119.3413,117.5707,123.0275,118.9583,117.9129,114.8378
2026-02-05,94.2900,104.0725,93.6300,103.6975,24212932,CRWD,112.3406,111.2198,118.7737,116.6578,122.8802,118.4698,117.9310,114.6334
2026-02-06,98.8750,99.2475,94.5925,96.2350,19771960,CRWD,111.4859,110.0441,118.2171,115.9604,122.7570,118.0818,117.9648,114.4766
2026-02-09,102.0100,102.6875,96.5636,99.0462,11303784,CRWD,110.7038,109.2790,117.6956,115.4133,122.6646,117.7636,117.9926,114.3525
2026-02-10,103.3475,104.7200,100.1950,100.3025,12485496,CRWD,110.0338,108.7141,117.2549,114.9402,122.5844,117.4781,117.9918,114.2430
2026-02-11,103.9525,104.1475,101.1000,103.4250,9883632,CRWD,109.3812,108.2606,116.7881,114.5093,122.3673,117.2103,117.9805,114.1406
2026-02-12,102.8850,105.1675,100.5721,104.7250,14010108,CRWD,108.7667,107.7486,116.3252,114.0534,122.1398,116.9266,117.9660,114.0286
2026-02-13,107.4100,108.2125,103.1450,104.2275,14146724,CRWD,108.4497,107.7164,115.8906,113.7929,121.9810,116.7381,117.9644,113.9628
2026-02-17,103.5713,106.4705,100.0050,105.8980,17712532,CRWD,107.9548,107.3216,115.3412,113.3920,121.8065,116.4774,117.9461,113.8594
2026-02-18,103.9400,105.4400,100.5000,102.4375,11010808,CRWD,107.6176,106.9995,114.8544,113.0214,121.6551,116.2291,117.9260,113.7607
2026-02-19,105.5350,106.0000,102.4925,104.4050,8001628,CRWD,107.3209,106.8601,114.4050,112.7278,121.5277,116.0174,117.9029,113.6788
2026-02-20,97.1500,107.9700,96.7775,104.8200,33443164,CRWD,106.5063,105.9353,113.7720,112.1169,121.2957,115.6438,117.8343,113.5144
2026-02-23,87.5825,96.2775,85.6800,96.2400,60012980,CRWD,105.2293,104.1874,112.9338,111.1548,120.9504,115.0881,117.7182,113.2563
2026-02-24,87.5625,90.2250,86.2625,87.2750,28089636,CRWD,103.7533,102.6041,112.0873,110.2296,120.6000,114.5430,117.6279,113.0007
2026-02-25,90.8275,91.4950,86.6250,87.3925,22591580,CRWD,102.3364,101.4825,111.3156,109.4687,120.2584,114.0734,117.5463,112.7800
2026-02-26,95.2750,96.2725,91.1650,91.8120,24440036,CRWD,101.2353,100.8913,110.6972,108.9121,119.9692,113.7012,117.5094,112.6059
2026-02-27,92.9950,93.3750,89.8225,92.2650,20376336,CRWD,100.3273,100.1393,110.1198,108.2879,119.6744,113.2912,117.4376,112.4107
2026-03-02,96.2150,96.7875,93.2715,93.9750,14989560,CRWD,99.6204,99.7655,109.6014,107.8144,119.3967,112.9530,117.3684,112.2496
2026-03-03,97.8550,98.7300,91.9975,92.3750,27768688,CRWD,99.0276,99.5836,109.2084,107.4239,119.1637,112.6540,117.3128,112.1064
2026-03-04,101.9200,102.1025,95.0275,96.5462,33136964,CRWD,98.8519,99.8061,108.8605,107.2080,118.9080,112.4415,117.2826,112.0050
2026-03-05,106.5400,107.4225,101.7500,101.8250,23586068,CRWD,98.9869,100.4474,108.5849,107.1818,118.7006,112.3246,117.2662,111.9506
2026-03-06,107.2475,108.4275,105.0575,106.4900,18335416,CRWD,99.6348,101.0951,108.3142,107.1844,118.5389,112.2241,117.2470,111.9038
2026-03-09,108.5325,109.5700,106.3800,106.3938,15152592,CRWD,100.1177,101.8034,108.0906,107.2373,118.3527,112.1510,117.2368,111.8703
2026-03-10,109.0825,111.9875,107.1375,111.2500,13234284,CRWD,100.4713,102.4966,107.8867,107.3096,118.2212,112.0902,117.2388,111.8425
2026-03-11,110.5075,113.0000,109.0537,110.6275,11644888,CRWD,100.8293,103.2596,107.6909,107.4351,118.1037,112.0589,117.2363,111.8293
2026-03-12,110.3850,112.5075,109.5825,110.2500,9439820,CRWD,101.1509,103.9382,107.5191,107.5507,118.0020,112.0257,117.2187,111.8149
2026-03-13,110.4450,112.6600,108.6450,110.9975,8908472,CRWD,101.5289,104.5579,107.3498,107.6642,117.8948,111.9944,117.1807,111.8013
2026-03-16,105.9600,110.8800,105.9425,110.7475,14665472,CRWD,101.4564,104.6914,107.1252,107.5974,117.6954,111.8749,117.1244,111.7431
2026-03-17,108.3000,109.7525,104.9000,106.0225,11725916,CRWD,101.6929,105.0351,107.0233,107.6250,117.5185,111.8042,117.0924,111.7089
2026-03-18,108.9525,110.6075,106.9975,107.1925,11196524,CRWD,101.9435,105.4082,106.9196,107.6770,117.3578,111.7477,117.0480,111.6814
2026-03-19,107.0450,110.1775,105.8450,109.7500,9439284,CRWD,102.0190,105.5641,106.7689,107.6522,117.1233,111.6546,116.9842,111.6353
2026-03-20,102.2500,106.0775,100.9025,105.9187,36445992,CRWD,102.2740,105.2484,106.4194,107.4404,116.8275,111.4683,116.8845,111.5419
2026-03-23,103.3275,104.3575,101.7500,102.7650,14413176,CRWD,103.0612,105.0655,106.1666,107.2791,116.5365,111.3071,116.8255,111.4602
2026-03-24,98.2475,102.7150,97.6500,102.6012,14545372,CRWD,103.5955,104.4162,105.7785,106.9249,116.1516,111.0485,116.7380,111.3287
2026-03-25,96.4650,100.0800,95.8750,99.7450,12514632,CRWD,103.8774,103.6589,105.3728,106.5147,115.7525,110.7597,116.6348,111.1808
2026-03-26,98.1550,98.8750,95.2975,95.7925,9834868,CRWD,104.0214,103.1347,104.9958,106.1869,115.3874,110.5101,116.5451,111.0512
2026-03-27,92.3950,93.6150,90.4517,92.7125,24128000,CRWD,103.9914,102.1119,104.5402,105.6460,114.9538,110.1514,116.4225,110.8656
2026-03-30,95.0150,97.6217,94.0975,94.8925,17526604,CRWD,103.9314,101.4360,104.1655,105.2291,114.5241,109.8517,116.3014,110.7079
2026-03-31,97.6025,98.2200,94.7500,95.4275,11906408,CRWD,103.9187,101.0709,103.8482,104.9300,114.1654,109.6091,116.1872,110.5775
2026-04-01,98.3275,99.2350,96.5925,99.1875,8475716,CRWD,103.7391,100.8096,103.6010,104.6711,113.8133,109.3857,116.0781,110.4556
2026-04-02,99.7800,100.2000,96.6875,97.7950,7960344,CRWD,103.4011,100.7116,103.3672,104.4793,113.4798,109.1955,115.9778,110.3493
2026-04-06,99.6525,101.2500,98.1825,101.2500,6382908,CRWD,103.0214,100.6107,103.0914,104.2900,113.1268,109.0066,115.8610,110.2429
2026-04-07,105.8075,105.9325,98.8948,99.4662,18507308,CRWD,102.8851,101.1056,102.9451,104.3495,112.7910,108.9432,115.7836,110.1988
2026-04-08,106.6275,112.4750,105.8375,109.9975,18908676,CRWD,102.7624,101.6315,102.7361,104.4389,112.4655,108.8974,115.7213,110.1632
2026-04-09,98.6700,106.7550,97.7025,106.4950,21682168,CRWD,102.1705,101.3495,102.3262,104.2126,112.0875,108.6948,115.5999,110.0489
2026-04-10,94.7550,99.5125,91.1175,99.0255,35755816,CRWD,101.3890,100.7214,101.8753,103.8417,111.7106,108.4188,115.4670,109.8967
2026-04-13,100.5600,100.7650,94.5625,95.0250,16665856,CRWD,100.8947,100.7061,101.6634,103.7131,111.3724,108.2632,115.3522,109.8038
2026-04-14,99.6225,102.8600,98.3500,101.1625,12748148,CRWD,100.5779,100.6029,101.4488,103.5526,111.0441,108.0921,115.2187,109.7025
2026-04-15,102.7900,102.9950,100.5125,101.7500,12432576,CRWD,100.3024,100.8112,101.3104,103.5227,110.7879,107.9871,115.1085,109.6337
2026-04-16,104.5500,106.4425,102.7725,105.4625,11964244,CRWD,100.0822,101.1672,101.2927,103.5630,110.5319,107.9190,114.9946,109.5831
2026-04-17,105.9875,107.9600,105.0900,107.2400,11625212,CRWD,100.0294,101.6263,101.3357,103.6581,110.3385,107.8808,114.9095,109.5473
2026-04-20,108.2875,108.4525,104.2550,105.6350,11540368,CRWD,100.3312,102.2607,101.6156,103.8396,110.1947,107.8888,114.8308,109.5348
2026-04-21,112.4025,114.7875,109.1250,109.9375,14684240,CRWD,100.7850,103.2266,101.8862,104.1754,110.0516,107.9782,114.7502,109.5633
2026-04-22,116.6700,116.9875,113.1575,113.8325,11569404,CRWD,101.7061,104.5069,102.1794,104.6654,109.9375,108.1503,114.7017,109.6341
2026-04-23,111.3475,113.5000,109.1275,113.4025,12901892,CRWD,102.4502,105.1584,102.3394,104.9275,109.7971,108.2136,114.6238,109.6511
2026-04-24,112.0325,112.7613,108.8900,111.9837,9086912,CRWD,103.1441,105.8131,102.5010,105.2061,109.6445,108.2893,114.5421,109.6748
2026-04-27,113.6525,114.4950,110.6550,113.3875,9188216,CRWD,104.2070,106.5597,102.7163,105.5373,109.5207,108.3955,114.5015,109.7144
2026-04-28,113.7475,115.9225,112.5800,114.4062,7491716,CRWD,105.1436,107.2442,102.8431,105.8593,109.3668,108.5014,114.4721,109.7545
2026-04-29,113.0950,113.2900,110.8100,112.5800,7659152,CRWD,105.9182,107.8015,103.0335,106.1430,109.1874,108.5924,114.4424,109.7878
2026-04-30,111.4375,112.5028,108.1375,111.7525,9770956,CRWD,106.5737,108.1477,103.1835,106.3507,109.0189,108.6487,114.4080,109.8042
2026-05-01,113.9100,114.4925,111.3913,113.6725,6087996,CRWD,107.2802,108.6965,103.3510,106.6471,108.8780,108.7529,114.3895,109.8450
2026-05-04,117.3100,117.9525,113.8500,114.2250,8734488,CRWD,108.1631,109.5169,103.7542,107.0653,108.7631,108.9224,114.3887,109.9193
2026-05-05,119.1325,120.1650,116.5000,118.5975,8900044,CRWD,108.8294,110.4326,104.3852,107.5385,108.6595,109.1245,114.3894,110.0110
2026-05-06,117.0175,118.8240,114.3650,117.1000,8795456,CRWD,109.3489,111.0598,104.9743,107.9102,108.5308,109.2808,114.3726,110.0807
2026-05-07,126.4300,126.6975,121.5225,121.5225,20457912,CRWD,110.7369,112.5236,105.6863,108.6365,108.5010,109.6204,114.4157,110.2434
2026-05-08,131.9425,132.2287,123.0825,124.7937,16164612,CRWD,112.5963,114.3730,106.4197,109.5504,108.5584,110.0625,114.4985,110.4593
2026-05-11,135.5650,135.6675,130.5000,130.9450,11173272,CRWD,114.3465,116.3913,107.2711,110.5706,108.6954,110.5675,114.5988,110.7091
2026-05-12,136.5450,138.1075,133.2500,135.5000,14181492,CRWD,116.1926,118.3107,108.0777,111.5892,108.8395,111.0819,114.6966,110.9662
2026-05-13,140.6425,142.0925,134.5921,135.2100,11203424,CRWD,118.0853,120.4375,108.9334,112.7286,109.0709,111.6672,114.8096,111.2615
2026-05-14,144.9875,145.9450,138.7500,139.9263,11263556,CRWD,120.1071,122.7756,109.7948,113.9936,109.3276,112.3270,114.9526,111.5970
2026-05-15,148.5200,149.5625,140.1725,143.2925,15437500,CRWD,122.2338,125.2275,110.6344,115.3476,109.6097,113.0437,115.1163,111.9644
2026-05-18,154.7075,155.2625,146.8425,147.3737,18799348,CRWD,124.5548,128.0351,111.5836,116.8911,109.9489,113.8687,115.3216,112.3897
2026-05-19,154.2200,158.5600,153.3225,154.9950,17860172,CRWD,126.6456,130.5289,112.4974,118.3550,110.2940,114.6678,115.5344,112.8060
2026-05-20,162.5275,162.7500,153.5159,153.5750,17533256,CRWD,128.9385,133.5764,113.5662,120.0873,110.7265,115.6155,115.7785,113.3007
2026-05-21,162.0575,164.8875,160.5125,162.6300,10584304,CRWD,131.4740,136.2889,114.5972,121.7332,111.1441,116.5351,116.0366,113.7858
2026-05-22,165.8650,168.7100,162.4000,162.6250,11126652,CRWD,134.1656,139.1056,115.7068,123.4638,111.6130,117.5120,116.3013,114.3040
2026-05-26,167.8875,169.3750,162.0000,166.2500,8352516,CRWD,136.8774,141.8468,116.8557,125.2059,112.1028,118.5095,116.6095,114.8372
2026-05-27,161.3400,165.1650,158.2725,160.2525,13105448,CRWD,139.2570,143.7033,117.9633,126.6229,112.5442,119.3576,116.8856,115.2999
2026-05-28,167.7500,169.3750,160.3800,162.3325,9500988,CRWD,141.9898,145.9934,119.1523,128.2358,113.0878,120.3159,117.1913,115.8218
2026-05-29,182.7500,182.8725,168.7350,169.3587,19030184,CRWD,145.5554,149.4941,120.6282,130.3736,113.7739,121.5522,117.5603,116.4878
2026-06-01,195.5425,196.4150,183.5000,183.9525,18361380,CRWD,149.6370,153.8796,122.3982,132.9292,114.5835,123.0174,117.9978,117.2744
2026-06-02,192.2375,194.7050,186.3450,191.2125,16741200,CRWD,153.3834,157.5328,124.1979,135.2550,115.3086,124.3881,118.4279,118.0203
2026-06-03,186.9025,191.7500,185.5300,191.4187,20986356,CRWD,156.7719,160.3299,125.8694,137.2804,116.0180,125.6260,118.8276,118.7057
2026-06-04,179.7725,180.2400,167.7775,168.5175,29799144,CRWD,159.9096,162.1816,127.4999,138.9468,116.6392,126.6982,119.1935,119.3133
2026-06-05,167.7550,176.5550,167.5250,174.1850,20955280,CRWD,161.9759,162.7124,128.9258,140.0765,117.1493,127.5112,119.5090,119.7953
2026-06-08,164.6975,171.0000,163.0025,168.3763,13349516,CRWD,163.6136,162.9014,130.2566,141.0420,117.6262,128.2476,119.8086,120.2421
2026-06-09,161.2325,166.2175,154.4350,164.6975,14962456,CRWD,164.8970,162.7425,131.6334,141.8338,118.0868,128.9007,120.0972,120.6500
2026-06-10,161.9350,165.5325,158.9875,159.7575,10109480,CRWD,166.1665,162.6656,132.9718,142.6221,118.5686,129.5549,120.3811,121.0608
2026-06-11,172.8825,174.1075,160.2500,161.3200,14136004,CRWD,167.7785,163.6386,134.4774,143.8088,119.1628,130.4128,120.7220,121.5764
2026-06-12,170.7000,175.5425,169.5000,172.6650,9247564,CRWD,169.0641,164.3111,135.9248,144.8633,119.7629,131.2106,121.0535,122.0652
2026-06-15,173.2275,174.3737,167.2150,173.1675,10184100,CRWD,170.2995,165.1603,137.3938,145.9757,120.3805,132.0426,121.3914,122.5743
2026-06-16,169.8725,175.2175,166.4900,173.2745,8575820,CRWD,171.0577,165.6091,138.7982,146.9128,120.9448,132.7917,121.6883,123.0449
2026-06-17,170.7400,172.7325,167.7250,170.0000,8393104,CRWD,171.8837,166.0977,140.0968,147.8472,121.5210,133.5432,122.0123,123.5195
2026-06-18,171.2150,173.9775,165.2300,171.6875,21517468,CRWD,172.3181,166.5851,141.3885,148.7636,122.0623,134.2892,122.3515,123.9941
2026-06-22,168.8600,178.0450,168.2988,171.2675,13743288,CRWD,172.6582,166.8018,142.7924,149.5517,122.5593,134.9737,122.6793,124.4405
2026-06-23,170.2300,172.7250,165.5000,167.2525,9488052,CRWD,172.8765,167.1283,144.3018,150.3626,123.0886,135.6719,123.0149,124.8961
2026-06-24,168.2550,171.7866,167.2500,170.1225,7018104,CRWD,172.8949,167.2356,145.6558,151.0643,123.6596,136.3171,123.3341,125.3275
2026-06-25,169.6625,173.1850,167.5002,170.0950,12035636,CRWD,173.3110,167.4667,147.0566,151.7936,124.2527,136.9774,123.6474,125.7687
2026-06-26,175.2725,176.2100,168.4025,171.5500,13329052,CRWD,173.6871,168.2101,148.5062,152.7143,124.9083,137.7357,123.9944,126.2613
2026-06-29,185.7275,188.9950,176.0300,177.3750,19759292,CRWD,173.8360,169.8784,150.1298,154.0090,125.7112,138.6860,124.3919,126.8530
2026-06-30,190.7850,191.3250,183.0001,184.1250,14751888,CRWD,173.5981,171.8695,151.8257,155.4512,126.5807,139.7177,124.8041,127.4891
2026-07-01,193.1850,196.5000,191.2500,193.7500,9788880,CRWD,173.6455,173.8996,153.5237,156.9309,127.5696,140.7765,125.2249,128.1428
2026-07-02,193.9800,199.5300,190.6100,191.2550,8781012,CRWD,173.9994,175.8120,155.1552,158.3838,128.5207,141.8300,125.6388,128.7979
