Date,Close,High,Low,Open,Volume,Ticker,SMA_20,EMA_20,SMA_50,EMA_50,SMA_100,EMA_100,SMA_200,EMA_200
2021-10-06,47.0371,47.4208,46.1999,47.3946,26339200,CSCO,,47.0371,,47.0371,,47.0371,,47.0371
2021-10-07,47.9789,48.3190,47.3946,47.5167,14725500,CSCO,,47.1268,,47.0740,,47.0557,,47.0465
2021-10-08,48.0312,48.2231,47.7434,48.1359,9255500,CSCO,,47.2129,,47.1116,,47.0751,,47.0563
2021-10-11,47.9004,48.2928,47.8742,48.1795,8117600,CSCO,,47.2784,,47.1425,,47.0914,,47.0647
2021-10-12,47.3336,48.0138,47.1505,47.9527,14241900,CSCO,,47.2837,,47.1500,,47.0962,,47.0673
2021-10-13,47.6301,47.7435,47.1592,47.3685,13737100,CSCO,,47.3167,,47.1688,,47.1068,,47.0729
2021-10-14,48.5283,48.7027,47.9440,48.0399,14455900,CSCO,,47.4320,,47.2221,,47.1349,,47.0874
2021-10-15,48.1795,48.7376,47.9266,48.7376,15202200,CSCO,,47.5032,,47.2597,,47.1556,,47.0983
2021-10-18,48.1271,48.3888,47.5865,47.9963,10989600,CSCO,,47.5626,,47.2937,,47.1748,,47.1085
2021-10-19,48.6068,48.6416,47.9876,48.2143,13258400,CSCO,,47.6621,,47.3452,,47.2032,,47.1234
2021-10-20,49.0079,49.0340,48.6591,48.6591,11613600,CSCO,,47.7903,,47.4104,,47.2389,,47.1422
2021-10-21,48.5632,48.9381,48.4236,48.8684,12619900,CSCO,,47.8639,,47.4556,,47.2652,,47.1563
2021-10-22,48.0574,48.7114,47.9091,48.4411,15026600,CSCO,,47.8823,,47.4792,,47.2808,,47.1653
2021-10-25,48.0835,48.3277,47.7958,48.0574,10218900,CSCO,,47.9015,,47.5029,,47.2967,,47.1744
2021-10-26,48.6678,49.1387,48.3103,48.4498,15250000,CSCO,,47.9744,,47.5486,,47.3239,,47.1893
2021-10-27,48.9904,49.4613,48.7724,48.9468,16279000,CSCO,,48.0712,,47.6051,,47.3569,,47.2072
2021-10-28,49.0428,49.4352,48.7376,49.0340,11209200,CSCO,,48.1637,,47.6615,,47.3903,,47.2255
2021-10-29,48.8073,49.3393,48.7114,49.1125,13550400,CSCO,,48.2250,,47.7064,,47.4183,,47.2412
2021-11-01,48.9207,49.0515,48.3975,48.7201,14341400,CSCO,,48.2913,,47.7541,,47.4481,,47.2579
2021-11-02,50.2462,50.4642,49.0776,49.1561,22097900,CSCO,48.3870,48.4775,,47.8518,,47.5035,,47.2877
2021-11-03,50.2723,50.5165,49.8102,50.2113,13219400,CSCO,48.5488,48.6484,,47.9467,,47.5583,,47.3174
2021-11-04,49.8102,50.3072,49.3218,50.2287,18070400,CSCO,48.6403,48.7590,,48.0198,,47.6029,,47.3422
2021-11-05,49.7665,50.4031,49.6445,50.0369,15637700,CSCO,48.7271,48.8550,,48.0883,,47.6458,,47.3663
2021-11-08,49.7055,50.1590,49.3480,49.7927,15045300,CSCO,48.8173,48.9360,,48.1517,,47.6865,,47.3896
2021-11-09,50.0892,50.2549,49.6183,49.7665,14459800,CSCO,48.9551,49.0458,,48.2277,,47.7341,,47.4164
2021-11-10,50.3770,51.1269,50.3072,50.4903,17876300,CSCO,49.0925,49.1726,,48.3120,,47.7865,,47.4459
2021-11-11,49.4962,50.3770,49.4352,50.2026,17440700,CSCO,49.1409,49.2034,,48.3584,,47.8203,,47.4663
2021-11-12,49.5485,49.8363,49.1038,49.6793,16663600,CSCO,49.2093,49.2363,,48.4051,,47.8545,,47.4870
2021-11-15,49.9410,50.3159,49.5573,49.6445,19041800,CSCO,49.3000,49.3034,,48.4653,,47.8958,,47.5114
2021-11-16,49.7055,50.6473,49.6445,49.9148,21136900,CSCO,49.3550,49.3417,,48.5139,,47.9317,,47.5332
2021-11-17,49.4962,49.8276,49.0689,49.3654,31496300,CSCO,49.3794,49.3564,,48.5525,,47.9627,,47.5528
2021-11-18,46.7668,47.0284,44.5431,45.9819,70834000,CSCO,49.2896,49.1098,,48.4824,,47.9390,,47.5450
2021-11-19,46.4354,46.8191,46.0256,46.6970,30030800,CSCO,49.2085,48.8551,,48.4022,,47.9092,,47.5339
2021-11-22,47.6126,48.4236,46.4790,46.5226,39949300,CSCO,49.1849,48.7368,,48.3712,,47.9033,,47.5347
2021-11-23,48.2231,48.4672,47.4993,47.6214,25653100,CSCO,49.1627,48.6878,,48.3654,,47.9097,,47.5415
2021-11-24,48.4324,48.6155,48.0923,48.0923,19328700,CSCO,49.1348,48.6635,,48.3680,,47.9200,,47.5504
2021-11-26,47.6737,48.1271,47.4906,47.4906,16730300,CSCO,49.0663,48.5692,,48.3408,,47.9151,,47.5516
2021-11-29,48.6242,48.9992,47.8132,48.0835,25724500,CSCO,49.0572,48.5745,,48.3519,,47.9292,,47.5623
2021-11-30,47.8219,48.4847,47.2202,48.4672,45141300,CSCO,49.0022,48.5028,,48.3311,,47.9271,,47.5649
2021-12-01,47.9876,49.1649,47.9004,48.4236,24120500,CSCO,48.8893,48.4537,,48.3177,,47.9283,,47.5691
2021-12-02,48.9643,49.3654,48.0312,48.0923,22384700,CSCO,48.8239,48.5024,,48.3430,,47.9488,,47.5830
2021-12-03,49.0340,49.5485,48.5457,49.0951,26235400,CSCO,48.7851,48.5530,,48.3701,,47.9703,,47.5974
2021-12-06,49.6706,49.8538,49.2433,49.4439,23172800,CSCO,48.7803,48.6594,,48.4211,,48.0039,,47.6181
2021-12-07,50.6473,50.7694,49.7142,49.7927,24254800,CSCO,48.8274,48.8488,,48.5084,,48.0563,,47.6482
2021-12-08,49.7230,50.6909,49.3829,50.6473,23631300,CSCO,48.8091,48.9320,,48.5560,,48.0893,,47.6688
2021-12-09,50.1851,50.4293,49.6445,49.8799,16480200,CSCO,48.7995,49.0514,,48.6199,,48.1308,,47.6939
2021-12-10,51.6676,51.7460,50.4990,50.4990,19901500,CSCO,48.9080,49.3005,,48.7394,,48.2008,,47.7334
2021-12-13,51.1095,51.8943,51.0484,51.5368,18496300,CSCO,48.9861,49.4728,,48.8324,,48.2584,,47.7670
2021-12-14,50.3770,51.0397,50.0282,50.8740,19114200,CSCO,49.0079,49.5589,,48.8930,,48.3004,,47.7930
2021-12-15,52.2605,52.3477,50.4903,50.5078,27953900,CSCO,49.1356,49.8162,48.9833,49.0250,,48.3788,,47.8374
2021-12-16,52.5919,52.9843,52.2082,52.3652,24599300,CSCO,49.2904,50.0806,49.0944,49.1649,,48.4622,,47.8847
2021-12-17,52.7227,53.0192,52.1385,52.5570,62171000,CSCO,49.5882,50.3322,49.1893,49.3044,,48.5466,,47.9329
2021-12-20,52.6355,52.6791,51.7112,52.0338,21342100,CSCO,49.8982,50.5516,49.2814,49.4351,,48.6275,,47.9797
2021-12-21,53.2198,53.4029,52.3216,52.7053,20761100,CSCO,50.1786,50.8057,49.3877,49.5835,,48.7185,,48.0318
2021-12-22,53.6558,53.7168,52.8622,53.1675,17095500,CSCO,50.4502,51.0771,49.5142,49.7432,,48.8163,,48.0878
2021-12-23,54.3098,54.8505,53.8825,53.8825,17771400,CSCO,50.7441,51.3850,49.6478,49.9223,,48.9250,,48.1497
2021-12-27,55.3039,55.3475,54.3098,54.4232,14779700,CSCO,51.1256,51.7582,49.7833,50.1333,,49.0514,,48.2209
2021-12-28,55.3998,55.6702,55.1382,55.3039,12865000,CSCO,51.4644,52.1050,49.9277,50.3398,,49.1771,,48.2923
2021-12-29,55.7748,56.0626,55.4173,55.5045,15069900,CSCO,51.8620,52.4545,50.0807,50.5530,,49.3077,,48.3668
2021-12-30,55.4783,55.9318,55.3475,55.8446,9076700,CSCO,52.2366,52.7425,50.2181,50.7461,,49.4299,,48.4375
2021-12-31,55.2603,55.6527,55.2167,55.4173,10359100,CSCO,52.5514,52.9823,50.3431,50.9231,,49.5454,,48.5054
2022-01-03,55.0772,55.2429,54.5017,54.8505,17184300,CSCO,52.8535,53.1818,50.4734,51.0860,,49.6549,,48.5708
2022-01-04,53.7264,55.0947,53.6036,54.7702,29682500,CSCO,53.0563,53.2337,50.5868,51.1896,,49.7355,,48.6221
2022-01-05,52.8755,54.0685,52.8492,53.6737,30317900,CSCO,53.1677,53.1996,50.6826,51.2557,,49.7977,,48.6644
2022-01-06,53.4369,53.6211,52.5510,52.6299,19616600,CSCO,53.3534,53.2222,50.7780,51.3412,,49.8698,,48.7119
2022-01-07,53.6211,53.9456,53.2176,53.3930,20152400,CSCO,53.5252,53.2602,50.8706,51.4306,,49.9440,,48.7608
2022-01-10,54.2263,54.2965,53.0860,53.3930,24715300,CSCO,53.6532,53.3522,50.9743,51.5403,,50.0288,,48.8151
2022-01-11,54.7088,54.7614,53.8930,54.0334,22804200,CSCO,53.8331,53.4814,51.0923,51.6645,,50.1215,,48.8738
2022-01-12,54.4895,55.1035,54.3141,54.7351,13405400,CSCO,54.0387,53.5774,51.2037,51.7753,,50.2080,,48.9297
2022-01-13,53.9457,54.5158,53.6913,54.4544,14871600,CSCO,54.1230,53.6125,51.2777,51.8604,,50.2820,,48.9796
2022-01-14,53.8228,53.9457,53.4544,53.9193,18831900,CSCO,54.1846,53.6325,51.3487,51.9374,,50.3521,,49.0278
2022-01-18,52.3931,52.8229,52.1825,52.6124,26545800,CSCO,54.1681,53.5145,51.4004,51.9553,,50.3926,,49.0612
2022-01-19,51.6650,52.1826,50.6826,50.8756,24333900,CSCO,54.1195,53.3383,51.4383,51.9439,,50.4178,,49.0872
2022-01-20,50.9457,52.0510,50.8931,51.7440,17726500,CSCO,54.0058,53.1105,51.4631,51.9047,,50.4282,,49.1056
2022-01-21,49.7177,51.1738,49.6563,50.9370,25914000,CSCO,53.8089,52.7873,51.4557,51.8190,,50.4141,,49.1117
2022-01-24,49.9107,49.9984,48.1300,49.2616,34180100,CSCO,53.5890,52.5134,51.4464,51.7441,,50.4042,,49.1197
2022-01-25,49.2177,49.7265,48.3055,49.2002,25156400,CSCO,53.2847,52.1995,51.4408,51.6451,,50.3807,,49.1207
2022-01-26,48.5335,49.5160,48.1213,49.2177,28632700,CSCO,52.9414,51.8504,51.4205,51.5230,,50.3441,,49.1148
2022-01-27,47.9108,49.5861,47.7178,48.6914,25967400,CSCO,52.5482,51.4752,51.3799,51.3814,,50.2959,,49.1028
2022-01-28,48.7791,48.8230,46.8845,47.8055,30976600,CSCO,52.2132,51.2184,51.3614,51.2793,,50.2659,,49.0996
2022-01-31,48.8318,48.9984,48.1301,48.6213,29925300,CSCO,51.8918,50.9911,51.3481,51.1834,,50.2375,,49.0970
2022-02-01,48.5686,48.6827,48.0160,48.6388,22438500,CSCO,51.5663,50.7604,51.3841,51.0808,,50.2044,,49.0917
2022-02-02,49.2704,49.4019,48.3932,48.4458,23316700,CSCO,51.3435,50.6185,51.4408,51.0098,,50.1859,,49.0935
2022-02-03,48.4195,49.2528,48.2967,49.0072,19260500,CSCO,51.1207,50.4091,51.4570,50.9082,,50.1510,,49.0868
2022-02-04,48.3756,48.7879,47.7090,48.1476,19675900,CSCO,50.8677,50.2154,51.4600,50.8089,,50.1158,,49.0797
2022-02-07,48.3932,48.7090,47.9809,48.5335,14450200,CSCO,50.6063,50.0419,51.4592,50.7142,,50.0817,,49.0729
2022-02-08,48.5423,48.6739,47.9897,48.2967,15219900,CSCO,50.3221,49.8990,51.4766,50.6290,,50.0512,,49.0676
2022-02-09,49.3756,49.4546,48.6651,48.9633,19136700,CSCO,50.0554,49.8492,51.4916,50.5799,,50.0378,,49.0706
2022-02-10,48.1300,49.1476,48.0160,48.4546,19730600,CSCO,49.7375,49.6855,51.4978,50.4838,,50.0001,,49.0613
2022-02-11,47.2792,48.3230,47.1652,48.1300,20132500,CSCO,49.4041,49.4563,51.4836,50.3581,,49.9462,,49.0436
2022-02-14,46.6476,47.0599,46.2266,46.8494,21868400,CSCO,49.0454,49.1888,51.4373,50.2126,,49.8809,,49.0197
2022-02-15,47.6037,47.6301,47.0511,47.1213,17678000,CSCO,48.8059,49.0378,51.4087,50.1103,,49.8358,,49.0056
2022-02-16,47.5862,47.7529,46.8318,47.4809,20388700,CSCO,48.6020,48.8996,51.3670,50.0113,,49.7912,,48.9915
2022-02-17,48.9195,50.0510,48.5949,48.6827,32884700,CSCO,48.5006,48.9015,51.3324,49.9685,,49.7740,,48.9908
2022-02-18,50.1826,50.6037,48.5774,48.6476,35626200,CSCO,48.5239,49.0235,51.3416,49.9769,,49.7820,,49.0026
2022-02-22,49.3844,50.1212,48.8932,49.9370,25188300,CSCO,48.4976,49.0579,51.3256,49.9537,,49.7742,,49.0064
2022-02-23,47.7529,49.9896,47.6915,49.6563,22033700,CSCO,48.4243,48.9336,51.2473,49.8674,,49.7341,,48.9940
2022-02-24,48.0072,48.0950,46.6740,47.4283,27739300,CSCO,48.3980,48.8454,51.1853,49.7944,,49.7000,,48.9842
2022-02-25,49.1563,49.3142,47.7967,48.2265,18963700,CSCO,48.4603,48.8750,51.1609,49.7694,,49.6892,,48.9859
2022-02-28,48.9195,49.1212,48.0248,48.6037,23868700,CSCO,48.4673,48.8792,51.0941,49.7361,50.0387,49.6739,,48.9852
2022-03-01,47.9108,48.9897,47.5950,48.7090,17799600,CSCO,48.4213,48.7870,51.0004,49.6645,50.0474,49.6390,,48.9745
2022-03-02,49.2528,49.4546,47.9897,48.0423,18660000,CSCO,48.4555,48.8313,50.9310,49.6483,50.0602,49.6314,,48.9773
2022-03-03,49.1826,49.9984,48.9809,49.7703,16794600,CSCO,48.4511,48.8648,50.8620,49.6301,50.0717,49.6225,,48.9793
2022-03-04,49.5686,49.9107,48.4634,48.8318,16729000,CSCO,48.5085,48.9318,50.7890,49.6277,50.0883,49.6214,,48.9852
2022-03-07,48.7616,49.5072,48.7002,49.3932,21350900,CSCO,48.5278,48.9156,50.6911,49.5937,50.1026,49.6044,,48.9830
2022-03-08,47.7178,48.9984,47.4283,48.8581,23642400,CSCO,48.4941,48.8015,50.5592,49.5201,50.1035,49.5670,,48.9704
2022-03-09,49.0511,49.3405,48.4634,48.8055,19150900,CSCO,48.5195,48.8253,50.4342,49.5017,50.1087,49.5568,,48.9712
2022-03-10,47.9897,48.3844,47.3406,47.7178,18550900,CSCO,48.4502,48.7457,50.2860,49.4424,50.1068,49.5258,,48.9614
2022-03-11,47.9722,49.3054,47.8932,48.4985,20330300,CSCO,48.4423,48.6721,50.1299,49.3848,50.1053,49.4950,,48.9516
2022-03-14,47.6301,48.5949,47.3669,48.0072,17977500,CSCO,48.4599,48.5728,49.9729,49.3160,50.0955,49.4581,,48.9384
2022-03-15,48.7704,48.8844,47.7353,47.7353,18829100,CSCO,48.5660,48.5916,49.8431,49.2946,50.0931,49.4445,,48.9367
2022-03-16,48.9546,49.1212,47.8932,49.0598,21821800,CSCO,48.6335,48.6262,49.7207,49.2812,50.0971,49.4348,,48.9369
2022-03-17,49.2704,49.3844,48.5511,48.6739,18830500,CSCO,48.7177,48.6875,49.6316,49.2808,50.1092,49.4315,,48.9402
2022-03-18,49.0949,49.4897,48.7178,49.1476,51807200,CSCO,48.7265,48.7263,49.5560,49.2735,50.1193,49.4249,,48.9418
2022-03-21,49.1212,49.6037,48.7002,49.1739,29174600,CSCO,48.6735,48.7640,49.4697,49.2676,50.1238,49.4188,,48.9436
2022-03-22,49.2704,49.7528,49.2002,49.4370,29287900,CSCO,48.6677,48.8122,49.3826,49.2677,50.1266,49.4159,,48.9468
2022-03-23,47.7879,49.2002,47.7616,49.0335,19742100,CSCO,48.6695,48.7146,49.2539,49.2096,50.1141,49.3837,,48.9353
2022-03-24,47.8055,47.9722,47.0862,47.9546,20551500,CSCO,48.6594,48.6280,49.1158,49.1546,50.1041,49.3524,,48.9240
2022-03-25,48.2178,48.4020,47.7178,47.9020,18090600,CSCO,48.6125,48.5890,48.9904,49.1178,50.0970,49.3300,,48.9170
2022-03-28,48.3669,48.3844,47.7353,48.0686,17164600,CSCO,48.5849,48.5678,48.8788,49.0884,50.0782,49.3109,,48.9115
2022-03-29,48.8318,49.3932,48.2792,48.8318,20036500,CSCO,48.6309,48.5930,48.7790,49.0783,50.0638,49.3014,,48.9108
2022-03-30,49.1651,49.9458,48.7616,48.9020,16125400,CSCO,48.6265,48.6475,48.7144,49.0817,50.0574,49.2987,,48.9133
2022-03-31,48.9107,49.8931,48.8756,49.1563,27587700,CSCO,48.6129,48.6725,48.6593,49.0750,50.0488,49.2910,,48.9133
2022-04-01,48.8230,49.2879,48.1476,49.2704,17465100,CSCO,48.5756,48.6869,48.6169,49.0651,50.0400,49.2817,,48.9124
2022-04-04,49.0072,49.2265,48.2353,48.6476,19629200,CSCO,48.5879,48.7174,48.6027,49.0629,50.0292,49.2763,,48.9133
2022-04-05,48.5038,49.0955,48.2830,48.7511,16063600,CSCO,48.6272,48.6970,48.5745,49.0409,50.0105,49.2610,,48.9092
2022-04-06,48.0181,48.3625,47.5500,48.3007,19644100,CSCO,48.5756,48.6324,48.5505,49.0008,49.9957,49.2364,,48.9004
2022-04-07,48.2477,48.4420,47.4617,48.0710,15739000,CSCO,48.5885,48.5957,48.5448,48.9713,49.9827,49.2168,,48.8939
2022-04-08,47.9386,48.4950,47.7001,48.4331,18148200,CSCO,48.5868,48.5331,48.5454,48.9308,49.9626,49.1915,,48.8844
2022-04-11,46.7021,47.6471,46.6227,47.6206,20992100,CSCO,48.5404,48.3588,48.5038,48.8434,49.9326,49.1422,,48.8626
2022-04-12,45.7660,46.7639,45.4657,45.6600,25254200,CSCO,48.3902,48.1118,48.4425,48.7227,49.8953,49.0754,,48.8318
2022-04-13,46.0574,46.2429,45.4039,45.7836,17004600,CSCO,48.2453,47.9162,48.3923,48.6182,49.8882,49.0156,,48.8042
2022-04-14,45.1919,46.2605,45.1477,45.9956,18024800,CSCO,48.0414,47.6567,48.3107,48.4838,49.8758,48.9399,,48.7683
2022-04-18,45.1389,45.5363,44.8651,44.9358,13990700,CSCO,47.8436,47.4169,48.2451,48.3527,49.8510,48.8646,,48.7322
2022-04-19,45.7748,45.8719,44.9711,45.0418,15490900,CSCO,47.6763,47.2605,48.1931,48.2516,49.8266,48.8034,,48.7027
2022-04-20,46.8258,47.3998,46.0574,46.1192,19526200,CSCO,47.5540,47.2191,48.1617,48.1956,49.8105,48.7643,,48.6841
2022-04-21,46.6138,47.5411,46.5697,47.1084,17147300,CSCO,47.4953,47.1615,48.1232,48.1336,49.7999,48.7217,,48.6635
2022-04-22,45.3597,46.7728,45.2979,46.7375,17693000,CSCO,47.3731,46.9899,48.0429,48.0248,49.7672,48.6551,,48.6306
2022-04-25,45.8719,45.9073,44.6355,45.4392,18677000,CSCO,47.2558,46.8834,47.9977,47.9404,49.7477,48.6000,,48.6031
2022-04-26,44.9535,45.8719,44.9270,45.8190,19238300,CSCO,47.0851,46.6996,47.9512,47.8233,49.7174,48.5278,,48.5668
2022-04-27,43.5492,45.1389,43.4962,44.9623,33668600,CSCO,46.8210,46.3996,47.8892,47.6557,49.6633,48.4292,,48.5169
2022-04-28,44.7150,44.8475,43.4609,43.7435,20170700,CSCO,46.5985,46.2391,47.8314,47.5403,49.6201,48.3557,,48.4791
2022-04-29,43.2578,44.7238,43.1606,44.6090,20281400,CSCO,46.3158,45.9552,47.7449,47.3724,49.5559,48.2547,,48.4271
2022-05-02,44.0350,44.0791,43.2136,43.5757,22499200,CSCO,46.0764,45.7723,47.6472,47.2415,49.4898,48.1711,,48.3834
2022-05-03,44.0879,44.4765,43.7435,43.9555,15828200,CSCO,45.8304,45.6119,47.5253,47.1178,49.4335,48.0903,,48.3407
2022-05-04,45.5540,45.6247,43.8671,44.1851,23942300,CSCO,45.6830,45.6064,47.4487,47.0565,49.3871,48.0401,,48.3129
2022-05-05,43.8142,45.2272,43.4167,45.1742,24846500,CSCO,45.4728,45.4357,47.3699,46.9294,49.3086,47.9564,,48.2682
2022-05-06,43.5669,44.0173,43.1429,43.4079,21743900,CSCO,45.2387,45.2577,47.2811,46.7975,49.2332,47.8695,,48.2214
2022-05-09,43.2401,43.6463,42.9840,43.2754,22421200,CSCO,45.0038,45.0656,47.1628,46.6580,49.1618,47.7778,,48.1718
2022-05-10,43.7612,44.3706,43.4079,43.9025,21741100,CSCO,44.8567,44.9413,47.0596,46.5444,49.0768,47.6983,,48.1280
2022-05-11,42.9663,43.8407,42.9045,43.3549,23872100,CSCO,44.7168,44.7532,46.9607,46.4041,48.9806,47.6046,,48.0766
2022-05-12,42.6484,43.0811,41.9242,42.9487,25951000,CSCO,44.5463,44.5528,46.8286,46.2568,48.8798,47.5064,,48.0226
2022-05-13,43.7700,43.8318,42.8603,43.0193,18954500,CSCO,44.4752,44.4782,46.7204,46.1593,48.7912,47.4324,,47.9803
2022-05-16,43.2754,43.8583,43.1694,43.8583,20254500,CSCO,44.3820,44.3637,46.5945,46.0462,48.6917,47.3501,,47.9335
2022-05-17,44.6885,44.7945,43.7258,43.8760,18780600,CSCO,44.3277,44.3946,46.5130,45.9929,48.6021,47.2974,,47.9012
2022-05-18,42.7102,44.5737,42.5777,44.5737,40672700,CSCO,44.1219,44.2342,46.4129,45.8642,48.4861,47.2066,,47.8495
2022-05-19,36.8459,38.7977,36.2277,38.0294,97674600,CSCO,43.6335,43.5305,46.1688,45.5105,48.3015,47.0014,,47.7400
2022-05-20,37.9234,37.9764,36.6693,36.9696,46148700,CSCO,43.2617,42.9965,45.9675,45.2130,48.1267,46.8216,,47.6423
2022-05-23,38.2855,38.7006,37.9234,38.2767,27366600,CSCO,42.8824,42.5479,45.7737,44.9413,47.9518,46.6526,,47.5492
2022-05-24,38.6564,38.9125,37.5348,38.3297,30053900,CSCO,42.5676,42.1772,45.5943,44.6949,47.7836,46.4943,,47.4608
2022-05-25,38.8596,39.2305,38.1442,38.6388,25504600,CSCO,42.3331,41.8613,45.3960,44.4660,47.6196,46.3431,,47.3752
2022-05-26,39.7339,40.2108,38.9037,38.9037,28294700,CSCO,42.0840,41.6587,45.2116,44.2805,47.4662,46.2122,,47.2991
2022-05-27,40.2903,40.3080,39.6986,39.8487,23882100,CSCO,41.9357,41.5283,45.0320,44.1240,47.3318,46.0949,,47.2294
2022-05-31,39.7869,40.2815,39.5131,39.9812,64821200,CSCO,41.7232,41.3625,44.8459,43.9539,47.2009,45.9700,,47.1553
2022-06-01,39.9459,40.4493,39.5396,40.2285,20666000,CSCO,41.5161,41.2276,44.6624,43.7967,47.0660,45.8507,,47.0836
2022-06-02,40.4404,40.4493,39.6544,39.9017,20546800,CSCO,41.2605,41.1526,44.4858,43.6651,46.9342,45.7436,,47.0175
2022-06-03,39.9635,40.3963,39.8487,40.2285,17947000,CSCO,41.0679,41.0394,44.3293,43.5200,46.7916,45.6292,,46.9473
2022-06-06,40.0342,40.7054,39.8575,40.2726,12641900,CSCO,40.8913,40.9436,44.1738,43.3833,46.6448,45.5184,,46.8785
2022-06-07,40.2461,40.3168,39.4954,39.5838,14667200,CSCO,40.7416,40.8772,44.0144,43.2602,46.5024,45.4140,,46.8125
2022-06-08,39.6721,40.2991,39.6368,40.1402,16263800,CSCO,40.5371,40.7624,43.8405,43.1195,46.3597,45.3003,,46.7415
2022-06-09,39.0892,39.9812,39.0715,39.5926,18417700,CSCO,40.3433,40.6031,43.6457,42.9615,46.2123,45.1773,,46.6653
2022-06-10,38.4091,38.8507,38.2325,38.6829,20262400,CSCO,40.1313,40.3941,43.4305,42.7829,46.0725,45.0432,,46.5832
2022-06-13,38.1884,38.7183,37.8792,38.0294,29050800,CSCO,39.8522,40.1841,43.2161,42.6028,45.9377,44.9075,,46.4997
2022-06-14,37.8969,38.5946,37.5966,38.5328,22499100,CSCO,39.5833,39.9662,42.9976,42.4182,45.8072,44.7687,,46.4141
2022-06-15,38.6829,39.2393,38.0647,38.3032,22525100,CSCO,39.2830,39.8440,42.7911,42.2717,45.6969,44.6482,,46.3371
2022-06-16,38.2590,38.3385,37.8086,37.8086,27049000,CSCO,39.0605,39.6931,42.5862,42.1144,45.5804,44.5217,,46.2568
2022-06-17,38.3208,38.8596,38.1884,38.2943,59678600,CSCO,39.1342,39.5624,42.3923,41.9656,45.4714,44.3989,,46.1778
2022-06-21,38.9832,39.1068,38.5946,38.6918,23277900,CSCO,39.1872,39.5072,42.2070,41.8487,45.3759,44.2916,,46.1062
2022-06-22,38.4798,38.9655,38.1265,38.3915,19942300,CSCO,39.1969,39.4094,42.0178,41.7165,45.2816,44.1765,,46.0303
2022-06-23,37.9146,38.3827,37.7291,38.3385,33801700,CSCO,39.1598,39.2670,41.8420,41.5674,45.1729,44.0525,,45.9496
2022-06-24,38.9479,39.0539,38.1884,38.3650,30543800,CSCO,39.1643,39.2366,41.7057,41.4647,45.0741,43.9515,,45.8799
2022-06-27,38.6564,39.1157,38.5328,39.1157,22755300,CSCO,39.1104,39.1814,41.5577,41.3546,44.9750,43.8466,,45.8080
2022-06-28,38.0294,39.2747,37.9676,38.7801,20091300,CSCO,38.9973,39.0716,41.4144,41.2242,44.8626,43.7314,,45.7306
2022-06-29,37.8704,38.2060,37.7026,38.1000,13450800,CSCO,38.9015,38.9572,41.2690,41.0927,44.7571,43.6154,,45.6524
2022-06-30,37.6584,38.1000,37.2610,37.4200,24947900,CSCO,38.7871,38.8335,41.1067,40.9580,44.6499,43.4974,,45.5729
2022-07-01,37.6231,37.7114,36.7135,37.5525,24338500,CSCO,38.6463,38.7183,40.9227,40.8272,44.5422,43.3811,,45.4938
2022-07-05,37.3914,37.4004,36.3756,36.9993,24442600,CSCO,38.5177,38.5919,40.7382,40.6925,44.4307,43.2625,,45.4132
2022-07-06,38.0420,38.2558,37.4360,37.5340,17250400,CSCO,38.4181,38.5395,40.5919,40.5885,44.3174,43.1591,,45.3398
2022-07-07,38.5142,38.6390,38.1311,38.2113,22316700,CSCO,38.3315,38.5371,40.4447,40.5072,44.2212,43.0671,,45.2719
2022-07-08,38.6657,38.8618,38.2647,38.3449,11817000,CSCO,38.2811,38.5494,40.3189,40.4350,44.1351,42.9800,,45.2062
2022-07-11,38.5410,38.9242,38.3806,38.6212,15245200,CSCO,38.2537,38.5486,40.2188,40.3607,44.0540,42.8921,,45.1398
2022-07-12,38.1934,39.0578,38.0152,38.8350,17385300,CSCO,38.2430,38.5147,40.0883,40.2757,43.9599,42.7990,,45.0707
2022-07-13,38.0509,38.3628,37.2489,37.2934,16854200,CSCO,38.2361,38.4706,39.9842,40.1885,43.8645,42.7050,,45.0009
2022-07-14,37.7212,37.8459,36.8479,37.2399,17336200,CSCO,38.2273,38.3992,39.8579,40.0917,43.7526,42.6063,,44.9284
2022-07-15,38.3806,38.4340,37.8726,37.8726,19897800,CSCO,38.2122,38.3974,39.7438,40.0246,43.6345,42.5226,,44.8633
2022-07-18,37.9617,38.6034,37.7924,38.5855,16743800,CSCO,38.1973,38.3559,39.5919,39.9437,43.5203,42.4323,,44.7946
2022-07-19,39.2360,39.2895,38.0063,38.1578,22861400,CSCO,38.2431,38.4397,39.5004,39.9160,43.4351,42.3690,,44.7393
2022-07-20,39.3252,39.4945,38.9063,39.2806,15599200,CSCO,38.2602,38.5241,39.4155,39.8928,43.3483,42.3087,,44.6854
2022-07-21,39.7262,39.8242,39.2717,39.4677,15364600,CSCO,38.3225,38.6386,39.3453,39.8863,43.2540,42.2576,,44.6361
2022-07-22,39.6192,40.0291,39.4321,39.9044,14854600,CSCO,38.4077,38.7320,39.2624,39.8758,43.1610,42.2054,46.5998,44.5862
2022-07-25,39.5123,39.7975,39.3073,39.7975,12954700,CSCO,38.4359,38.8063,39.1933,39.8615,43.0770,42.1520,46.5622,44.5357
2022-07-26,39.0578,39.6905,38.9865,39.5390,19513000,CSCO,38.4560,38.8302,39.1215,39.8300,42.9751,42.0908,46.5176,44.4812
2022-07-27,39.7796,39.9133,39.0578,39.3786,22349000,CSCO,38.5435,38.9207,39.0417,39.8280,42.8810,42.0450,46.4764,44.4344
2022-07-28,40.6529,40.8757,39.8420,39.9935,17576200,CSCO,38.6827,39.0856,38.9893,39.8604,42.7919,42.0174,46.4401,44.3968
2022-07-29,40.4301,40.5371,39.9489,40.1985,23701700,CSCO,38.8212,39.2137,38.9041,39.8827,42.7086,41.9860,46.4056,44.3573
2022-08-01,40.3499,40.4836,39.8866,40.1539,14153400,CSCO,38.9576,39.3219,38.8569,39.9010,42.6349,41.9536,46.3692,44.3174
2022-08-02,40.0291,40.7242,40.0113,40.5638,15005400,CSCO,39.0895,39.3893,38.9206,39.9061,42.5447,41.9155,46.3267,44.2748
2022-08-03,40.7331,40.8312,39.9133,40.0113,14943800,CSCO,39.2240,39.5172,38.9768,39.9385,42.4721,41.8921,46.2895,44.2395
2022-08-04,40.4391,40.9292,40.1093,40.9024,15249300,CSCO,39.3203,39.6050,39.0198,39.9581,42.3968,41.8633,46.2510,44.2017
2022-08-05,40.1093,40.1628,39.6905,40.0202,19533900,CSCO,39.3924,39.6531,39.0489,39.9641,42.3216,41.8286,46.2085,44.1610
2022-08-08,40.1183,40.5638,39.9757,40.5371,15465600,CSCO,39.4713,39.6974,39.0741,39.9701,42.2351,41.7947,46.1641,44.1207
2022-08-09,40.0291,40.2608,39.8509,40.2341,12826200,CSCO,39.5631,39.7290,39.0800,39.9724,42.1458,41.7597,46.1214,44.0800
2022-08-10,41.0094,41.0450,40.4836,40.7331,18935400,CSCO,39.7110,39.8509,39.0944,40.0131,42.0632,41.7449,46.0862,44.0495
2022-08-11,40.9025,41.3747,40.7866,41.0896,15849000,CSCO,39.8701,39.9511,39.1167,40.0480,41.9813,41.7282,46.0503,44.0182
2022-08-12,41.5351,41.5351,40.9648,41.0718,16967600,CSCO,40.0278,40.1019,39.1485,40.1063,41.9054,41.7244,46.0146,43.9935
2022-08-15,41.5173,41.5441,41.0183,41.3391,15456100,CSCO,40.2056,40.2367,39.1700,40.1616,41.8279,41.7203,45.9773,43.9688
2022-08-16,41.6777,41.8916,41.3837,41.4995,21153700,CSCO,40.3277,40.3740,39.2043,40.2211,41.7668,41.7194,45.9404,43.9460
2022-08-17,41.5797,41.9718,41.1965,41.3124,27975600,CSCO,40.4404,40.4888,39.2352,40.2744,41.7045,41.7167,45.9043,43.9225
2022-08-18,43.9946,44.5560,43.7629,44.3778,39999900,CSCO,40.6538,40.8227,39.3102,40.4203,41.6623,41.7618,45.8797,43.9232
2022-08-19,43.3976,44.0748,43.2550,43.6738,23130400,CSCO,40.8427,41.0679,39.3847,40.5370,41.6126,41.7942,45.8454,43.9180
2022-08-22,42.5154,43.2194,42.3461,43.1926,20534100,CSCO,40.9929,41.2058,39.4532,40.6146,41.5494,41.8085,45.8066,43.9040
2022-08-23,42.2480,42.8095,42.2302,42.4084,13764600,CSCO,41.1524,41.3050,39.5300,40.6786,41.4803,41.8172,45.7688,43.8875
2022-08-24,41.9451,42.2480,41.7668,41.9629,14946500,CSCO,41.2607,41.3660,39.6051,40.7283,41.4106,41.8197,45.7297,43.8682
2022-08-25,42.1233,42.2659,41.7401,42.1055,23039300,CSCO,41.3342,41.4381,39.6896,40.7830,41.3436,41.8257,45.6918,43.8508
2022-08-26,40.8935,42.1233,40.8846,41.9540,20309800,CSCO,41.3574,41.3862,39.7338,40.7874,41.2625,41.8072,45.6458,43.8214
2022-08-29,40.7331,40.9916,40.5371,40.7421,13425700,CSCO,41.3765,41.3240,39.7833,40.7852,41.1848,41.7860,45.5976,43.7907
2022-08-30,40.3143,40.8757,40.0648,40.7688,14279100,CSCO,41.3908,41.2279,39.8232,40.7668,41.1077,41.7568,45.5517,43.7561
2022-08-31,39.8509,40.8401,39.7351,40.7955,23006100,CSCO,41.3467,41.0967,39.8405,40.7308,41.0238,41.7191,45.5032,43.7172
2022-09-01,40.3589,40.4034,39.5658,39.7173,16236400,CSCO,41.3427,41.0265,39.8781,40.7163,40.9480,41.6922,45.4553,43.6838
2022-09-02,39.7351,40.9203,39.4588,40.7331,14720900,CSCO,41.3239,40.9035,39.9145,40.6778,40.8783,41.6534,45.4054,43.6445
2022-09-06,39.6281,39.9133,39.1915,39.7975,14366100,CSCO,41.2994,40.7820,39.9281,40.6366,40.8169,41.6133,45.3561,43.6046
2022-09-07,40.1183,40.2519,39.5212,39.8777,18297400,CSCO,41.3039,40.7188,39.9574,40.6163,40.7575,41.5837,45.3229,43.5699
2022-09-08,40.4301,40.5193,39.7618,39.8866,14231500,CSCO,41.2749,40.6913,40.0054,40.6090,40.7099,41.5609,45.2928,43.5386
2022-09-09,40.7866,40.8935,40.4569,40.6886,15499300,CSCO,41.2691,40.7004,40.0637,40.6160,40.6664,41.5455,45.2587,43.5113
2022-09-12,41.3480,41.6421,40.9648,41.0896,17923000,CSCO,41.2598,40.7621,40.1375,40.6447,40.6221,41.5416,45.2243,43.4897
2022-09-13,39.3073,40.9114,39.2271,40.7420,23028600,CSCO,41.1493,40.6235,40.1712,40.5922,40.5469,41.4974,45.1787,43.4481
2022-09-14,39.1737,39.4499,38.8172,39.2450,27551500,CSCO,41.0241,40.4854,40.2068,40.5366,40.4725,41.4514,45.1362,43.4056
2022-09-15,38.5766,39.0935,38.3984,39.0400,18148600,CSCO,40.8739,40.3036,40.2175,40.4597,40.4047,41.3944,45.0860,43.3575
2022-09-16,38.5855,38.8350,38.1311,38.4162,32696100,CSCO,40.6035,40.1400,40.2190,40.3862,40.3318,41.3388,45.0398,43.3101
2022-09-19,38.5855,38.7103,38.1043,38.2291,13667500,CSCO,40.3629,39.9920,40.2174,40.3156,40.2681,41.2843,44.9928,43.2630
2022-09-20,37.9439,38.3360,37.6588,38.3271,16813900,CSCO,40.1343,39.7969,40.2054,40.2226,40.2121,41.2181,44.9377,43.2101
2022-09-21,37.0617,38.2024,37.0439,37.7122,21415900,CSCO,39.8750,39.5364,40.1828,40.0987,40.1356,41.1358,44.8778,43.1489
2022-09-22,36.6696,37.0261,36.6607,36.8389,16691000,CSCO,39.6112,39.2634,40.1552,39.9642,40.0697,41.0474,44.8128,43.0845
2022-09-23,36.2330,36.7587,35.7518,36.7587,19067700,CSCO,39.3167,38.9748,40.1254,39.8179,39.9917,40.9521,44.7407,43.0163
2022-09-26,36.1617,36.7053,35.9745,36.2330,22694800,CSCO,39.0801,38.7069,40.0810,39.6745,39.9124,40.8572,44.6729,42.9481
2022-09-27,36.1082,36.9459,35.8498,36.6607,15027900,CSCO,38.8489,38.4594,40.0439,39.5346,39.8179,40.7632,44.6025,42.8800
2022-09-28,36.8389,37.0439,36.1706,36.4023,23217700,CSCO,38.6751,38.3051,39.9960,39.4289,39.7482,40.6855,44.5284,42.8199
2022-09-29,36.1528,36.6251,35.7785,36.5805,19496400,CSCO,38.4902,38.1001,39.9326,39.3004,39.6740,40.5957,44.4536,42.7536
2022-09-30,35.6448,36.5716,35.6092,36.2330,27989900,CSCO,38.2545,37.8662,39.8509,39.1571,39.5981,40.4977,44.3800,42.6828
2022-10-03,36.7944,37.0083,36.0637,36.2419,22203600,CSCO,38.1074,37.7642,39.7944,39.0644,39.5284,40.4243,44.3026,42.6243
2022-10-04,37.6128,37.8107,37.2261,37.3790,22889400,CSCO,38.0067,37.7497,39.7564,39.0075,39.4749,40.3687,44.2277,42.5744
2022-10-05,37.7657,37.9996,37.2351,37.4060,14289700,CSCO,37.8891,37.7513,39.7306,38.9588,39.4261,40.3171,44.1529,42.5265
2022-10-06,37.3430,37.8557,37.2081,37.4599,18198800,CSCO,37.7347,37.7124,39.6819,38.8954,39.3618,40.2582,44.0765,42.4750
2022-10-07,36.2188,37.1002,36.0479,37.1002,19055400,CSCO,37.5063,37.5701,39.5932,38.7905,39.2912,40.1782,43.9915,42.4127
2022-10-10,35.8770,36.7044,35.6162,36.5426,16628400,CSCO,37.2328,37.4089,39.5021,38.6762,39.2031,40.0931,43.9026,42.3477
2022-10-11,35.5982,36.0749,35.3194,35.8050,19386400,CSCO,37.0473,37.2364,39.4071,38.5555,39.1320,40.0040,43.8090,42.2805
2022-10-12,35.3194,35.8500,35.3014,35.7061,17279900,CSCO,36.8546,37.0539,39.3129,38.4286,39.1167,39.9113,43.7091,42.2113
2022-10-13,36.5246,36.6954,34.7168,35.1035,26328300,CSCO,36.7520,37.0035,39.2287,38.3539,39.1027,39.8442,43.6147,42.1547
2022-10-14,36.1558,36.8394,35.9040,36.7314,19571000,CSCO,36.6305,36.9227,39.1431,38.2677,39.0814,39.7712,43.5166,42.0950
2022-10-17,37.1451,37.3520,36.8304,36.9113,27845200,CSCO,36.5585,36.9439,39.0838,38.2237,39.0663,39.7192,43.4250,42.0457
2022-10-18,37.5859,37.9726,37.1092,37.7028,18223300,CSCO,36.5406,37.0050,39.0331,38.1987,39.0536,39.6769,43.3366,42.0014
2022-10-19,37.6668,37.9906,37.2980,37.4420,19071700,CSCO,36.5708,37.0681,38.9859,38.1778,39.0329,39.6371,43.2495,41.9582
2022-10-20,37.5139,38.3323,37.2890,37.3790,16830500,CSCO,36.6130,37.1105,38.9160,38.1518,39.0052,39.5951,43.1685,41.9140
2022-10-21,38.4942,38.6471,37.6038,37.6398,25035000,CSCO,36.7261,37.2423,38.8678,38.1652,38.9922,39.5733,43.0966,41.8800
2022-10-24,39.1598,39.3307,38.5842,38.7820,18785300,CSCO,36.8760,37.4249,38.8203,38.2042,38.9844,39.5651,43.0252,41.8529
2022-10-25,39.8973,39.9333,38.8540,38.9799,19165200,CSCO,37.0655,37.6604,38.7879,38.2706,38.9789,39.5717,42.9566,41.8334
2022-10-26,39.9153,40.6798,39.8254,40.4100,20051000,CSCO,37.2193,37.8751,38.7526,38.3351,38.9785,39.5785,42.8850,41.8144
2022-10-27,39.9513,40.5539,39.8973,40.2661,18102500,CSCO,37.4092,38.0729,38.7201,38.3985,38.9776,39.5859,42.8112,41.7958
2022-10-28,41.0485,41.1115,40.1581,40.1941,17978300,CSCO,37.6794,38.3563,38.6612,38.5024,38.9857,39.6148,42.7440,41.7884
2022-10-31,40.8597,41.0485,40.5269,40.7517,17793700,CSCO,37.8827,38.5947,38.6104,38.5949,38.9975,39.6395,42.6786,41.7791
2022-11-01,40.8866,41.1834,40.5269,40.9946,12088700,CSCO,38.0463,38.8130,38.5778,38.6847,39.0155,39.6642,42.6139,41.7703
2022-11-02,40.0862,41.5612,40.0682,40.8956,15308800,CSCO,38.1624,38.9342,38.5346,38.7397,39.0323,39.6725,42.5524,41.7535
2022-11-03,39.4386,39.7084,39.0249,39.6005,17895600,CSCO,38.2671,38.9823,38.4845,38.7671,39.0448,39.6679,42.4912,41.7305
2022-11-04,40.0412,40.5449,39.4206,40.0232,19648700,CSCO,38.4583,39.0831,38.4428,38.8171,39.0662,39.6753,42.4367,41.7137
2022-11-07,40.0682,40.4549,39.9423,40.3200,21383000,CSCO,38.6678,39.1769,38.4263,38.8661,39.0801,39.6831,42.3885,41.6973
2022-11-08,40.1222,40.7877,39.7354,40.1941,17503100,CSCO,38.8940,39.2670,38.4141,38.9154,39.0987,39.6918,42.3395,41.6816
2022-11-09,39.4926,40.2211,39.4746,40.0322,19311700,CSCO,39.1027,39.2884,38.3976,38.9380,39.1104,39.6878,42.2909,41.6598
2022-11-10,41.0665,41.2014,40.1581,41.1025,27190100,CSCO,39.3298,39.4578,38.4220,39.0215,39.1313,39.7151,42.2536,41.6539
2022-11-11,40.2840,40.7607,39.5016,40.6348,25961800,CSCO,39.5362,39.5365,38.4205,39.0710,39.1493,39.7264,42.2154,41.6403
2022-11-14,40.2391,40.8687,40.1851,40.3200,21091300,CSCO,39.6909,39.6034,38.4305,39.1168,39.1725,39.7365,42.1727,41.6264
2022-11-15,40.3830,40.6888,39.9783,40.5089,19318000,CSCO,39.8307,39.6776,38.4456,39.1665,39.1869,39.7493,42.1305,41.6140
2022-11-16,39.9243,40.4549,39.8433,40.4190,24939600,CSCO,39.9436,39.7011,38.4418,39.1962,39.1996,39.7528,42.0873,41.5972
2022-11-17,41.9030,42.1368,40.6168,41.5432,38887800,CSCO,40.1631,39.9108,38.4712,39.3023,39.2383,39.7954,42.0504,41.6002
2022-11-18,42.9822,43.2071,42.1458,42.1908,30843200,CSCO,40.3875,40.2033,38.5151,39.4466,39.2894,39.8585,42.0232,41.6140
2022-11-21,42.8293,43.4319,42.7754,42.8203,17049500,CSCO,40.5710,40.4534,38.5448,39.5793,39.3411,39.9173,41.9955,41.6261
2022-11-22,43.5129,43.5489,42.9553,43.1711,16367800,CSCO,40.7517,40.7448,38.6289,39.7336,39.4000,39.9885,41.9711,41.6448
2022-11-23,43.6838,44.0615,43.4589,43.5309,12065600,CSCO,40.9402,41.0247,38.7191,39.8885,39.4630,40.0617,41.9468,41.6651
2022-11-25,43.5309,44.1155,43.4859,43.8457,8492600,CSCO,41.1191,41.2634,38.8182,40.0313,39.5178,40.1304,41.9176,41.6837
2022-11-28,43.2431,43.5938,43.0992,43.4319,14976600,CSCO,41.2289,41.4519,38.9113,40.1573,39.5651,40.1920,41.8932,41.6992
2022-11-29,43.4230,43.5399,43.0272,43.3960,13779300,CSCO,41.3570,41.6397,39.0081,40.2853,39.6127,40.2560,41.8739,41.7164
2022-11-30,44.7181,44.8170,43.1351,43.3240,29919700,CSCO,41.5486,41.9328,39.1435,40.4592,39.6745,40.3444,41.8642,41.7462
2022-12-01,44.9429,45.3836,44.6911,44.8620,18559500,CSCO,41.7914,42.2195,39.3012,40.6350,39.7420,40.4354,41.8509,41.7780
2022-12-02,44.7001,44.8260,43.9986,44.2774,12325100,CSCO,42.0545,42.4558,39.4618,40.7944,39.8085,40.5199,41.8365,41.8071
2022-12-05,44.3673,44.6461,44.2234,44.5652,13795900,CSCO,42.2708,42.6378,39.6245,40.9345,39.8749,40.5961,41.8137,41.8326
2022-12-06,43.7018,44.4662,43.4050,44.4662,15443800,CSCO,42.4525,42.7391,39.7753,41.0430,39.9281,40.6576,41.7813,41.8512
2022-12-07,43.3330,43.6658,43.2251,43.5309,15171700,CSCO,42.6130,42.7957,39.9198,41.1328,39.9818,40.7105,41.7511,41.8659
2022-12-08,44.0615,44.2504,43.7287,43.7647,16015800,CSCO,42.8415,42.9163,40.0642,41.2477,40.0301,40.7769,41.7326,41.8878
2022-12-09,43.5848,44.2234,43.5669,44.1605,14303200,CSCO,42.9674,42.9799,40.2128,41.3393,40.0727,40.8325,41.7105,41.9047
2022-12-12,44.3403,44.3583,43.5039,43.8906,15425300,CSCO,43.1702,43.1095,40.3868,41.4570,40.1188,40.9020,41.6864,41.9289
2022-12-13,44.6461,45.6085,44.2774,45.2667,22705900,CSCO,43.3906,43.2558,40.5438,41.5821,40.1691,40.9761,41.6651,41.9559
2022-12-14,44.3403,45.0239,43.9086,44.7361,19050400,CSCO,43.5884,43.3591,40.6783,41.6903,40.2174,41.0427,41.6472,41.9797
2022-12-15,43.3060,44.1155,42.9373,44.0345,19372500,CSCO,43.7575,43.3541,40.7891,41.7536,40.2599,41.0875,41.6175,41.9929
2022-12-16,43.0002,43.1711,42.3437,42.6405,66125400,CSCO,43.8124,43.3204,40.9023,41.8025,40.2921,41.1254,41.5866,42.0029
2022-12-19,42.6315,43.1351,42.3976,42.8653,17986300,CSCO,43.7948,43.2548,41.0305,41.8350,40.3119,41.1552,41.5519,42.0091
2022-12-20,42.6045,42.7754,42.0829,42.6405,15086200,CSCO,43.7836,43.1928,41.1651,41.8652,40.3336,41.1839,41.5211,42.0151
2022-12-21,42.8653,43.1351,42.6495,42.8923,15599400,CSCO,43.7512,43.1616,41.3104,41.9044,40.3588,41.2172,41.4968,42.0235
2022-12-22,42.5595,42.7124,41.9929,42.7124,23118500,CSCO,43.6950,43.1043,41.4552,41.9301,40.3841,41.2438,41.4644,42.0289
2022-12-23,42.7034,42.7124,42.2807,42.4966,9554400,CSCO,43.6536,43.0661,41.5788,41.9604,40.4038,41.2727,41.4379,42.0356
2022-12-27,42.7484,42.9103,42.4696,42.8743,12066200,CSCO,43.6289,43.0359,41.7107,41.9913,40.4269,41.3019,41.4118,42.0427
2022-12-28,42.3347,42.9643,42.2537,42.8923,9847400,CSCO,43.5745,42.9691,41.8145,42.0048,40.4491,41.3224,41.3853,42.0456
2022-12-29,42.7214,42.9373,42.5056,42.5056,11396500,CSCO,43.4747,42.9455,41.9172,42.0329,40.4751,41.3501,41.3551,42.0523
2022-12-30,42.8473,42.8743,42.2267,42.5146,13199800,CSCO,43.3699,42.9361,42.0208,42.0648,40.5033,41.3797,41.3246,42.0602
2023-01-03,43.1171,43.2161,42.5505,43.0452,17718900,CSCO,43.2907,42.9534,42.1328,42.1061,40.5244,41.4141,41.2938,42.0707
2023-01-04,43.1081,43.9512,42.7636,43.7699,18339800,CSCO,43.2278,42.9681,42.2251,42.1454,40.5465,41.4477,41.2639,42.0810
2023-01-05,42.5007,43.0537,42.3919,43.0537,17372100,CSCO,43.1677,42.9236,42.2919,42.1593,40.5561,41.4685,41.2308,42.0852
2023-01-06,43.8062,44.0509,42.8633,43.0265,20823000,CSCO,43.1914,43.0076,42.3701,42.2239,40.5790,41.5148,41.2034,42.1023
2023-01-09,44.0419,44.6130,43.7155,43.7518,13938000,CSCO,43.1904,43.1061,42.4527,42.2952,40.6026,41.5649,41.1847,42.1216
2023-01-10,44.2504,44.6130,44.0509,44.2413,12474400,CSCO,43.2237,43.2151,42.5386,42.3719,40.6294,41.6180,41.1669,42.1428
2023-01-11,44.6130,44.6312,44.1507,44.2685,12530900,CSCO,43.2373,43.3483,42.6099,42.4598,40.6355,41.6773,41.1489,42.1674
2023-01-12,44.4226,44.8125,44.2866,44.6130,14241700,CSCO,43.2261,43.4506,42.6812,42.5367,40.6458,41.7317,41.1292,42.1898
2023-01-13,44.3138,44.4408,43.8968,44.0237,12649300,CSCO,43.2248,43.5328,42.7497,42.6064,40.6638,41.7828,41.1066,42.2110
2023-01-17,43.5886,44.3682,43.4707,44.3501,19290800,CSCO,43.2389,43.5381,42.8198,42.6449,40.6772,41.8186,41.0787,42.2247
2023-01-18,42.5188,43.7608,42.5097,43.6883,19882200,CSCO,43.2149,43.4410,42.8814,42.6400,40.6829,41.8325,41.0468,42.2276
2023-01-19,42.1199,42.6548,42.0564,42.5641,19118600,CSCO,43.1893,43.3152,42.9230,42.6196,40.6829,41.8382,41.0132,42.2265
2023-01-20,42.4100,42.4553,41.4037,41.7573,21847200,CSCO,43.1796,43.2290,42.9698,42.6114,40.6980,41.8495,40.9803,42.2284
2023-01-23,43.0628,43.3982,42.4372,42.5188,15180500,CSCO,43.1894,43.2132,43.0286,42.6291,40.7213,41.8735,40.9531,42.2367
2023-01-24,43.3438,43.5342,42.6639,43.0537,14872700,CSCO,43.2286,43.2256,43.1056,42.6571,40.7516,41.9026,40.9297,42.2477
2023-01-25,43.4979,43.5886,42.8180,43.4979,14638700,CSCO,43.2684,43.2515,43.1543,42.6901,40.7881,41.9342,40.9059,42.2601
2023-01-26,43.8243,43.9421,43.3619,43.6520,12952700,CSCO,43.3222,43.3061,43.2251,42.7346,40.8228,41.9716,40.8854,42.2757
2023-01-27,43.9784,44.1779,43.4888,43.6067,13414800,CSCO,43.4043,43.3701,43.2998,42.7833,40.8652,42.0114,40.8717,42.2926
2023-01-30,43.7155,43.9693,43.6248,43.6430,19261900,CSCO,43.4541,43.4030,43.3665,42.8199,40.9061,42.0451,40.8615,42.3068
2023-01-31,44.1235,44.1416,43.5614,43.6248,16821600,CSCO,43.5179,43.4716,43.4505,42.8710,40.9461,42.0863,40.8518,42.3249
2023-02-01,44.0328,44.3320,43.0718,43.8696,19639400,CSCO,43.5636,43.5251,43.4931,42.9166,40.9821,42.1248,40.8460,42.3419
2023-02-02,44.7127,44.9303,43.8424,43.9965,17883800,CSCO,43.6439,43.6382,43.5277,42.9870,41.0214,42.1761,40.8439,42.3654
2023-02-03,44.0872,44.6946,43.9784,44.6946,17980000,CSCO,43.7232,43.6809,43.5528,43.0302,41.0488,42.2139,40.8355,42.3826
2023-02-06,43.1262,43.7699,43.0809,43.5795,13991600,CSCO,43.6892,43.6281,43.5451,43.0339,41.0870,42.2320,40.8170,42.3900
2023-02-07,43.3710,43.6520,42.5823,42.8270,16675200,CSCO,43.6557,43.6036,43.5389,43.0471,41.1290,42.2545,40.8007,42.3997
2023-02-08,42.5732,43.0990,42.4010,42.9540,18905500,CSCO,43.5718,43.5055,43.5197,43.0286,41.1689,42.2608,40.7868,42.4015
2023-02-09,42.3647,42.9812,42.0927,42.8180,18598400,CSCO,43.4594,43.3968,43.5021,43.0025,41.2067,42.2629,40.7693,42.4011
2023-02-10,42.8452,42.8996,42.2831,42.3375,17397300,CSCO,43.3805,43.3443,43.4906,42.9964,41.2493,42.2744,40.7587,42.4055
2023-02-13,43.3891,43.5070,42.9630,43.0174,19422100,CSCO,43.3343,43.3486,43.4640,43.0118,41.3038,42.2965,40.7579,42.4153
2023-02-14,43.2441,43.5160,42.7726,43.3166,19134400,CSCO,43.3171,43.3386,43.4300,43.0209,41.3656,42.3153,40.7506,42.4236
2023-02-15,43.9240,43.9875,42.9086,43.0628,27071200,CSCO,43.3873,43.3944,43.4145,43.0563,41.4381,42.3471,40.7539,42.4385
2023-02-16,46.2267,46.9067,45.1479,45.3202,48125300,CSCO,43.5927,43.6641,43.4517,43.1806,41.5381,42.4239,40.7649,42.4762
2023-02-17,46.0273,46.6347,45.8732,46.5350,25321400,CSCO,43.7735,43.8892,43.4982,43.2923,41.6367,42.4953,40.7746,42.5115
2023-02-21,45.0482,46.0182,44.9847,45.9729,25100500,CSCO,43.8728,43.9996,43.5325,43.3611,41.7261,42.5459,40.7720,42.5367
2023-02-22,44.7037,45.1932,44.3229,45.1932,20301900,CSCO,43.9408,44.0666,43.5453,43.4138,41.8048,42.5886,40.7765,42.5583
2023-02-23,44.6130,45.0391,44.0147,44.9122,14066200,CSCO,43.9965,44.1187,43.5659,43.4608,41.8894,42.6287,40.7817,42.5788
2023-02-24,43.9512,44.3320,43.6702,44.2504,17251600,CSCO,44.0029,44.1027,43.5581,43.4800,41.9724,42.6549,40.7853,42.5924
2023-02-27,44.1778,44.7309,44.0147,44.3773,14776400,CSCO,44.0129,44.1099,43.5488,43.5074,42.0463,42.6850,40.7874,42.6082
2023-02-28,43.8968,44.3592,43.8606,44.2504,16622400,CSCO,44.0219,44.0896,43.5399,43.5227,42.1091,42.7090,40.7920,42.6210
2023-03-01,43.8243,44.0509,43.5342,43.9149,13449300,CSCO,44.0070,44.0643,43.5503,43.5345,42.1697,42.7311,40.7979,42.6330
2023-03-02,43.9965,44.0872,43.6248,43.8061,18281800,CSCO,44.0052,44.0579,43.5702,43.5526,42.2362,42.7562,40.7990,42.6465
2023-03-03,44.6765,44.7490,44.2595,44.4136,15969900,CSCO,44.0033,44.1168,43.6111,43.5967,42.3208,42.7942,40.8060,42.6667
2023-03-06,44.8034,45.1570,44.6402,44.8397,13878400,CSCO,44.0391,44.1822,43.6551,43.6440,42.4101,42.8340,40.8066,42.6880
2023-03-07,44.3410,45.1116,44.0872,44.9394,17506600,CSCO,44.0999,44.1973,43.6846,43.6713,42.4975,42.8638,40.8148,42.7045
2023-03-08,44.5224,44.6674,44.1869,44.4408,12055500,CSCO,44.1575,44.2283,43.7238,43.7047,42.5895,42.8967,40.8531,42.7225
2023-03-09,44.2504,45.0482,44.1597,44.6946,12497700,CSCO,44.2413,44.2304,43.7548,43.7261,42.6668,42.9235,40.8848,42.7377
2023-03-10,44.0237,44.5768,43.7880,44.3229,16338200,CSCO,44.3243,44.2107,43.7803,43.7378,42.7455,42.9452,40.9135,42.7505
2023-03-13,43.8878,44.3138,43.6248,43.9965,20280800,CSCO,44.3764,44.1799,43.8113,43.7437,42.8129,42.9639,40.9396,42.7619
2023-03-14,44.4680,44.6583,43.9784,44.1325,17679600,CSCO,44.4303,44.2074,43.8463,43.7721,42.8817,42.9937,40.9677,42.7788
2023-03-15,44.4770,44.5224,43.8515,43.8515,17354900,CSCO,44.4920,44.2330,43.8789,43.7997,42.9498,43.0231,40.9914,42.7957
2023-03-16,45.4380,45.5921,43.9784,44.1325,21425100,CSCO,44.5677,44.3478,43.9253,43.8640,43.0291,43.0709,41.0171,42.8220
2023-03-17,45.5015,45.8278,45.0935,45.5649,47642700,CSCO,44.5314,44.4577,43.9731,43.9282,43.0991,43.1190,41.0457,42.8487
2023-03-20,46.1814,46.2721,45.3383,45.5287,22699700,CSCO,44.5391,44.6218,44.0468,44.0165,43.1694,43.1797,41.0769,42.8818
2023-03-21,45.9366,46.5350,45.6284,46.4262,23334000,CSCO,44.5836,44.7471,44.0894,44.0918,43.2297,43.2343,41.1043,42.9122
2023-03-22,44.8397,46.0092,44.8034,46.0001,21399400,CSCO,44.5904,44.7559,44.1053,44.1212,43.2790,43.2660,41.1287,42.9314
2023-03-23,45.0844,45.5559,44.7943,44.9303,17775400,CSCO,44.6139,44.7872,44.1220,44.1589,43.3303,43.3021,41.1540,42.9528
2023-03-24,45.7916,45.8278,44.8759,45.2386,19438800,CSCO,44.7059,44.8828,44.1456,44.2230,43.3778,43.3513,41.1817,42.9811
2023-03-27,45.8188,46.1905,45.7644,45.9638,15857200,CSCO,44.7880,44.9720,44.1735,44.2855,43.4273,43.4002,41.2124,43.0093
2023-03-28,45.6828,45.8732,45.5740,45.6193,11124300,CSCO,44.8773,45.0397,44.2009,44.3403,43.4753,43.4454,41.2454,43.0359
2023-03-29,46.3899,46.4806,45.9094,45.9910,18463400,CSCO,45.0056,45.1683,44.2569,44.4207,43.5383,43.5037,41.2853,43.0693
2023-03-30,46.6256,46.8523,46.3537,46.7616,11754600,CSCO,45.1370,45.3071,44.3390,44.5072,43.6102,43.5655,41.3275,43.1047
2023-03-31,47.3962,47.4597,46.5894,46.6347,20588800,CSCO,45.2730,45.5060,44.4446,44.6205,43.6838,43.6414,41.3750,43.1474
2023-04-03,47.4234,47.6501,47.1333,47.1968,16884600,CSCO,45.4040,45.6886,44.5448,44.7304,43.7573,43.7163,41.4187,43.1899
2023-04-04,47.3321,47.6061,46.9759,47.5239,13599900,CSCO,45.5536,45.8452,44.6302,44.8324,43.8294,43.7879,41.4641,43.2312
2023-04-05,47.3321,47.7614,47.2042,47.5604,13797900,CSCO,45.6941,45.9868,44.7100,44.9304,43.9078,43.8581,41.5091,43.2720
2023-04-06,46.8297,47.0946,46.3365,46.5100,14749000,CSCO,45.8230,46.0670,44.7766,45.0049,43.9654,43.9169,41.5483,43.3074
2023-04-10,46.8845,46.9485,46.4735,46.6836,10177700,CSCO,45.9661,46.1449,44.8378,45.0786,44.0314,43.9757,41.5904,43.3430
2023-04-11,46.2360,46.8571,46.1447,46.6927,15957900,CSCO,46.0835,46.1536,44.8830,45.1240,44.0914,44.0204,41.6320,43.3717
2023-04-12,45.7702,46.5374,45.7154,46.4187,16100700,CSCO,46.1486,46.1171,44.9241,45.1494,44.1453,44.0551,41.6661,43.3956
2023-04-13,46.4004,46.4278,45.7519,45.8615,15451700,CSCO,46.2448,46.1441,44.9696,45.1984,44.2100,44.1015,41.7048,43.4255
2023-04-14,46.1629,46.4461,45.8524,46.1447,12360100,CSCO,46.2810,46.1459,45.0122,45.2363,44.2526,44.1423,41.7455,43.4527
2023-04-17,45.9255,46.2908,45.7154,46.1812,12042300,CSCO,46.3022,46.1249,45.0365,45.2633,44.2821,44.1777,41.7858,43.4773
2023-04-18,45.9529,46.2999,45.7336,46.0168,15203600,CSCO,46.2908,46.1085,45.0738,45.2903,44.3133,44.2128,41.8272,43.5020
2023-04-19,43.8795,45.0029,43.8338,44.9664,30466700,CSCO,46.1879,45.8962,45.0889,45.2350,44.3170,44.2062,41.8585,43.5057
2023-04-20,42.5459,43.5232,42.3450,43.4867,39769400,CSCO,46.0732,45.5771,45.0724,45.1295,44.3056,44.1733,41.8843,43.4962
2023-04-21,42.9569,43.0391,42.2353,42.5368,20861000,CSCO,45.9668,45.3276,45.0800,45.0443,44.2999,44.1492,41.9089,43.4908
2023-04-24,43.2857,43.3406,42.9295,42.9752,17359900,CSCO,45.8416,45.1331,45.0984,44.9754,44.3003,44.1321,41.9327,43.4888
2023-04-25,43.0117,43.3223,42.7560,43.2675,20281600,CSCO,45.7012,44.9311,45.1018,44.8984,44.2962,44.1100,41.9544,43.4840
2023-04-26,42.5094,42.7925,42.4089,42.7103,22390500,CSCO,45.5425,44.7004,45.0842,44.8047,44.2741,44.0783,41.9743,43.4743
2023-04-27,42.5276,42.7468,41.9887,42.7286,22845400,CSCO,45.3494,44.4935,45.0699,44.7154,44.2499,44.0476,41.9960,43.4649
2023-04-28,43.1579,43.1670,42.5733,42.6464,19665000,CSCO,45.1760,44.3663,45.0545,44.6543,44.2345,44.0299,42.0215,43.4619
2023-05-01,43.2401,43.4045,43.0483,43.1122,13122300,CSCO,44.9682,44.2590,44.9948,44.5988,44.2232,44.0143,42.0491,43.4596
2023-05-02,42.3449,43.0026,42.0709,42.8473,20175100,CSCO,44.7143,44.0767,44.9212,44.5105,44.2097,43.9812,42.0689,43.4486
2023-05-03,41.9796,42.5185,41.8883,42.3998,20765700,CSCO,44.4467,43.8770,44.8598,44.4112,44.1961,43.9416,42.0890,43.4339
2023-05-04,41.7421,41.9522,41.6142,41.8061,17748900,CSCO,44.1672,43.6737,44.8005,44.3065,44.1729,43.8980,42.1015,43.4171
2023-05-05,42.2445,42.3450,41.9431,42.1257,14317400,CSCO,43.9379,43.5376,44.7532,44.2257,44.1595,43.8653,42.1161,43.4054
2023-05-08,42.3267,42.4911,42.0983,42.4180,12000000,CSCO,43.7100,43.4223,44.7207,44.1512,44.1394,43.8348,42.1291,43.3947
2023-05-09,42.4454,42.4911,41.9431,41.9979,15221900,CSCO,43.5205,43.3292,44.6860,44.0843,44.1174,43.8073,42.1433,43.3853
2023-05-10,42.6646,42.8656,42.1531,42.6555,15625100,CSCO,43.3652,43.2659,44.6614,44.0286,44.1006,43.7847,42.1590,43.3781
2023-05-11,42.3541,42.7925,42.1988,42.7743,12521900,CSCO,43.1629,43.1791,44.6320,43.9630,44.0911,43.7564,42.1755,43.3679
2023-05-12,42.6646,42.7560,42.2719,42.2719,14097500,CSCO,42.9880,43.1301,44.6054,43.9121,44.0878,43.7348,42.1899,43.3609
2023-05-15,43.0209,43.1670,42.5276,42.7468,13204400,CSCO,42.8428,43.1197,44.5722,43.8771,44.0917,43.7206,42.2018,43.3575
2023-05-16,42.8564,43.2309,42.7468,43.1487,16496300,CSCO,42.6879,43.0946,44.5333,43.8371,44.0942,43.7035,42.2139,43.3525
2023-05-17,43.5050,43.6237,42.9387,43.0665,29326000,CSCO,42.6692,43.1337,44.5166,43.8241,44.1006,43.6996,42.2297,43.3540
2023-05-18,44.0256,44.0713,41.7421,41.7969,41475700,CSCO,42.7432,43.2186,44.5066,43.8320,44.1152,43.7060,42.2497,43.3607
2023-05-19,44.8751,45.0669,44.2083,44.2357,28564100,CSCO,42.8391,43.3764,44.5191,43.8729,44.1370,43.7292,42.2704,43.3758
2023-05-22,44.5919,44.9664,44.5462,44.8568,18667500,CSCO,42.9044,43.4922,44.5305,43.9011,44.1554,43.7463,42.2911,43.3879
2023-05-23,44.6741,45.0760,44.3910,44.4001,17645900,CSCO,42.9875,43.6047,44.5462,43.9314,44.1788,43.7646,42.3139,43.4007
2023-05-24,44.2174,44.7563,43.9982,44.7106,15452900,CSCO,43.0729,43.6631,44.5412,43.9426,44.1937,43.7736,42.3344,43.4088
2023-05-25,44.7837,44.9664,43.5872,43.6328,21717000,CSCO,43.1857,43.7698,44.5474,43.9756,44.2131,43.7936,42.3582,43.4225
2023-05-26,45.5418,45.7519,44.8568,44.8568,19825600,CSCO,43.3049,43.9386,44.5494,44.0370,44.2374,43.8282,42.3809,43.4436
2023-05-30,45.8250,46.1173,45.4322,45.6606,19074800,CSCO,43.4342,44.1182,44.5559,44.1071,44.2645,43.8678,42.4055,43.4673
2023-05-31,45.3683,45.6971,45.3135,45.5875,51990300,CSCO,43.5853,44.2373,44.5396,44.1566,44.2932,43.8975,42.4247,43.4862
2023-06-01,45.4322,45.7519,44.9938,45.4505,17817000,CSCO,43.7580,44.3511,44.5295,44.2066,44.3095,43.9279,42.4442,43.5056
2023-06-02,45.6880,45.8980,45.4231,45.5510,19155400,CSCO,43.9553,44.4784,44.5465,44.2647,44.3259,43.9627,42.4643,43.5273
2023-06-05,45.8615,46.1995,45.7062,45.8707,13964100,CSCO,44.1361,44.6101,44.5621,44.3273,44.3420,44.0003,42.4857,43.5505
2023-06-06,45.4962,45.5875,44.8842,45.4779,16029600,CSCO,44.2946,44.6945,44.5561,44.3732,44.3509,44.0299,42.4932,43.5699
2023-06-07,45.4688,45.7976,45.3500,45.3957,15950600,CSCO,44.4458,44.7683,44.5491,44.4161,44.3613,44.0584,42.5036,43.5888
2023-06-08,45.3774,45.6697,45.2770,45.5966,13289100,CSCO,44.5814,44.8263,44.5430,44.4538,44.3720,44.0845,42.5179,43.6066
2023-06-09,45.3592,45.6423,45.0943,45.2404,12173400,CSCO,44.7317,44.8770,44.5224,44.4893,44.3897,44.1098,42.5334,43.6240
2023-06-12,46.1081,46.1355,45.3683,45.5966,15495000,CSCO,44.9038,44.9943,44.5121,44.5528,44.4256,44.1494,42.5542,43.6487
2023-06-13,46.4004,46.5283,46.0807,46.3000,24035500,CSCO,45.0728,45.1282,44.4922,44.6253,44.4684,44.1939,42.5756,43.6761
2023-06-14,46.5466,46.7841,46.2451,46.4004,16630700,CSCO,45.2573,45.2633,44.4746,44.7006,44.5097,44.2405,42.6039,43.7047
2023-06-15,47.4326,47.5604,46.4278,46.5009,22496900,CSCO,45.4537,45.4699,44.4766,44.8077,44.5534,44.3037,42.6374,43.7418
2023-06-16,47.5604,47.8710,47.4326,47.6792,37134400,CSCO,45.6304,45.6690,44.4812,44.9157,44.5956,44.3682,42.6736,43.7797
2023-06-20,47.0855,47.5696,47.0124,47.4417,20138000,CSCO,45.7410,45.8039,44.4863,45.0008,44.6315,44.4220,42.7098,43.8126
2023-06-21,46.4461,46.9485,46.4187,46.9302,16939600,CSCO,45.8337,45.8650,44.4775,45.0575,44.6577,44.4621,42.7402,43.8388
2023-06-22,46.6927,46.7110,46.0625,46.2634,14993800,CSCO,45.9346,45.9439,44.4867,45.1216,44.6848,44.5063,42.7750,43.8672
2023-06-23,45.9711,46.3273,45.7519,46.2543,16544600,CSCO,46.0223,45.9465,44.4907,45.1549,44.7074,44.5353,42.8067,43.8882
2023-06-26,45.8615,46.4004,45.8341,45.9529,13032100,CSCO,46.0762,45.9384,44.4799,45.1826,44.7248,44.5615,42.8354,43.9078
2023-06-27,46.4552,46.6196,45.8981,45.9529,12981000,CSCO,46.1218,45.9876,44.4858,45.2325,44.7490,44.5990,42.8656,43.9332
2023-06-28,46.4644,46.6014,46.0716,46.3822,11387600,CSCO,46.1538,46.0330,44.4965,45.2808,44.7665,44.6360,42.8940,43.9583
2023-06-29,46.7749,46.8297,46.4187,46.4552,14246000,CSCO,46.2241,46.1037,44.5130,45.3394,44.7934,44.6783,42.9211,43.9864
2023-06-30,47.2590,47.7340,47.0581,47.3869,18188300,CSCO,46.3155,46.2137,44.5806,45.4147,44.8347,44.7294,42.9609,44.0189
2023-07-03,47.3321,47.3412,46.8845,46.9119,7338300,CSCO,46.3977,46.3202,44.6763,45.4899,44.8743,44.7810,43.0016,44.0519
2023-07-05,47.4057,47.4609,46.8719,46.9087,14950500,CSCO,46.4749,46.4236,44.7653,45.5650,44.9227,44.8330,43.0458,44.0853
2023-07-06,47.0376,47.1112,46.6142,47.0008,13931100,CSCO,46.5520,46.4821,44.8403,45.6228,44.9694,44.8766,43.0880,44.1146
2023-07-07,46.9271,47.5346,46.6971,46.9363,15580400,CSCO,46.6249,46.5245,44.9186,45.6739,45.0102,44.9172,43.1298,44.1426
2023-07-10,47.3045,47.3965,46.9548,47.0008,19046500,CSCO,46.7212,46.5987,45.0145,45.7379,45.0494,44.9645,43.1766,44.1741
2023-07-11,47.9671,47.9947,47.4333,47.4609,14998300,CSCO,46.8516,46.7291,45.1233,45.8253,45.0966,45.0239,43.2311,44.2118
2023-07-12,46.6971,47.7922,46.5038,47.4517,26332500,CSCO,46.8811,46.7260,45.1941,45.8595,45.1243,45.0571,43.2812,44.2366
2023-07-13,47.4241,47.5069,46.6142,46.6510,17864800,CSCO,46.9323,46.7925,45.2778,45.9208,45.1363,45.1039,43.3372,44.2683
2023-07-14,46.3658,46.9087,46.0713,46.4026,19566600,CSCO,46.9232,46.7519,45.3582,45.9383,45.1397,45.1289,43.3882,44.2892
2023-07-17,46.7615,46.8903,46.1449,46.2001,16140700,CSCO,46.8897,46.7528,45.4538,45.9706,45.1568,45.1613,43.4415,44.3138
2023-07-18,47.1572,47.2769,46.7983,46.9179,16430800,CSCO,46.8695,46.7913,45.5621,46.0171,45.1813,45.2008,43.4931,44.3420
2023-07-19,48.2524,48.2616,47.5806,48.0499,21745000,CSCO,46.9279,46.9304,45.6823,46.1048,45.2177,45.2612,43.5536,44.3810
2023-07-20,48.1972,48.6573,47.7830,47.9119,22784400,CSCO,47.0154,47.0511,45.7997,46.1868,45.2602,45.3194,43.6163,44.4189
2023-07-21,48.4365,48.7770,48.3444,48.5469,51284800,CSCO,47.1026,47.1830,45.9195,46.2750,45.3028,45.3811,43.6745,44.4589
2023-07-24,48.8782,49.0623,48.4733,48.4917,18390200,CSCO,47.2480,47.3445,46.0438,46.3771,45.3526,45.4503,43.7309,44.5029
2023-07-25,49.3292,49.4764,48.8782,48.9519,16136600,CSCO,47.4213,47.5335,46.1833,46.4929,45.4076,45.5271,43.7887,44.5509
2023-07-26,48.9795,49.3752,48.7402,49.2740,13563700,CSCO,47.5475,47.6712,46.3096,46.5904,45.4575,45.5955,43.8469,44.5950
2023-07-27,48.7770,49.5961,48.6481,49.3292,15795500,CSCO,47.6632,47.7765,46.4247,46.6761,45.4985,45.6585,43.9096,44.6366
2023-07-28,47.9395,48.2432,47.6450,47.9119,27491300,CSCO,47.7214,47.7920,46.5264,46.7257,45.5298,45.7037,43.9700,44.6694
2023-07-31,47.8935,48.0223,47.6174,47.7094,14193500,CSCO,47.7531,47.8017,46.6141,46.7715,45.5654,45.7470,44.0314,44.7015
2023-08-01,48.4641,48.5745,48.1420,48.3812,15286200,CSCO,47.8097,47.8648,46.7029,46.8379,45.6048,45.8008,44.0972,44.7390
2023-08-02,48.3904,48.8782,48.1512,48.2064,17693700,CSCO,47.8590,47.9148,46.7732,46.8987,45.6462,45.8521,44.1565,44.7753
2023-08-03,48.9150,49.0255,48.0775,48.3076,15186400,CSCO,47.9528,48.0101,46.8597,46.9778,45.6951,45.9128,44.2203,44.8165
2023-08-04,48.4365,49.0715,48.3536,48.6666,12266700,CSCO,48.0283,48.0507,46.9349,47.0350,45.7406,45.9627,44.2767,44.8525
2023-08-07,48.7862,48.8414,48.4825,48.7494,11327900,CSCO,48.1024,48.1208,47.0263,47.1037,45.7838,46.0186,44.3327,44.8916
2023-08-08,48.8322,48.8966,48.1880,48.4641,12224800,CSCO,48.1456,48.1885,47.1073,47.1715,45.8273,46.0744,44.3886,44.9309
2023-08-09,48.7678,49.1911,48.4641,48.6850,18765500,CSCO,48.2492,48.2437,47.1718,47.2341,45.8606,46.1277,44.4448,44.9690
2023-08-10,49.1175,49.8262,48.9334,49.1543,16329500,CSCO,48.3339,48.3269,47.2376,47.3079,45.8968,46.1869,44.4980,45.0103
2023-08-11,49.5040,49.6513,48.9518,49.0991,14344500,CSCO,48.4908,48.4390,47.3204,47.3941,45.9300,46.2526,44.5497,45.0550
2023-08-14,49.5869,49.8169,49.4396,49.5132,20707300,CSCO,48.6320,48.5483,47.4035,47.4801,45.9665,46.3186,44.5981,45.1001
2023-08-15,49.0991,49.4488,48.9426,49.3476,20173400,CSCO,48.7291,48.6008,47.4717,47.5435,46.0091,46.3737,44.6440,45.1399
2023-08-16,48.7402,49.2556,48.6573,48.9518,26470200,CSCO,48.7535,48.6141,47.5293,47.5905,46.0457,46.4205,44.6880,45.1757
2023-08-17,50.3691,51.3907,50.0378,50.1023,45278000,CSCO,48.8621,48.7812,47.6267,47.6994,46.0914,46.4987,44.7346,45.2274
2023-08-18,50.6544,51.0410,50.2679,50.2771,28839800,CSCO,48.9730,48.9596,47.7304,47.8153,46.1398,46.5810,44.7836,45.2814
2023-08-21,51.0226,51.3447,50.7557,50.8017,18283200,CSCO,49.0802,49.1561,47.8433,47.9411,46.1932,46.6690,44.8342,45.3385
2023-08-22,51.0410,51.3723,50.8753,51.0594,15661300,CSCO,49.1658,49.3356,47.9570,48.0627,46.2397,46.7555,44.8890,45.3953
2023-08-23,51.5195,51.7220,50.9858,51.1790,18250000,CSCO,49.2928,49.5436,48.0652,48.1982,46.2886,46.8499,44.9494,45.4562
2023-08-24,50.8385,51.9797,50.8109,51.8324,17586400,CSCO,49.3959,49.6669,48.1540,48.3018,46.3231,46.9289,45.0034,45.5098
2023-08-25,51.2619,51.4183,50.8477,50.8477,15731800,CSCO,49.5620,49.8188,48.2483,48.4178,46.3614,47.0147,45.0594,45.5670
2023-08-28,51.7220,51.7956,51.2434,51.4367,15189900,CSCO,49.7534,50.0001,48.3340,48.5474,46.4053,47.1079,45.1174,45.6282
2023-08-29,52.0533,52.2742,51.6392,51.8601,17859100,CSCO,49.9329,50.1956,48.4239,48.6849,46.4526,47.2058,45.1802,45.6922
2023-08-30,52.2834,52.3754,52.0349,52.1178,12145400,CSCO,50.1276,50.3945,48.5279,48.8260,46.5071,47.3064,45.2363,45.7578
2023-08-31,52.7804,52.9460,52.3570,52.5503,22619700,CSCO,50.3208,50.6217,48.6546,48.9811,46.5660,47.4147,45.2987,45.8276
2023-09-01,53.2313,53.5534,52.8172,52.8172,14080400,CSCO,50.5606,50.8702,48.7853,49.1478,46.6360,47.5299,45.3637,45.9013
2023-09-05,52.6975,53.2129,52.6699,53.2129,13885000,CSCO,50.7561,51.0443,48.9199,49.2870,46.7053,47.6323,45.4253,45.9689
2023-09-06,52.6055,52.8908,52.5227,52.5503,11380400,CSCO,50.9448,51.1930,49.0547,49.4171,46.7673,47.7307,45.4887,46.0350
2023-09-07,52.2650,52.5411,52.1454,52.4307,14762000,CSCO,51.1197,51.2951,49.1709,49.5288,46.8283,47.8205,45.5405,46.0970
2023-09-08,52.1546,52.5227,52.0533,52.2374,13992000,CSCO,51.2715,51.3769,49.2847,49.6318,46.8906,47.9063,45.5864,46.1572
2023-09-11,52.3110,52.4307,51.9429,52.2006,15842300,CSCO,51.4119,51.4659,49.3955,49.7368,46.9542,47.9936,45.6338,46.2185
2023-09-12,51.8969,52.3294,51.8509,52.1362,13916100,CSCO,51.5274,51.5069,49.4882,49.8215,47.0344,48.0709,45.6757,46.2750
2023-09-13,51.7956,52.0257,51.6116,51.8325,13092200,CSCO,51.6622,51.5344,49.5775,49.8990,47.1269,48.1446,45.7162,46.3299
2023-09-14,51.8785,51.9705,51.6116,51.9245,15760300,CSCO,51.8191,51.5672,49.6669,49.9766,47.2161,48.2186,45.7580,46.3851
2023-09-15,51.5748,51.8969,51.1146,51.8233,44029200,CSCO,51.8794,51.5679,49.7577,50.0393,47.2990,48.2850,45.7996,46.4367
2023-09-18,51.6392,51.7956,51.3815,51.5472,11825000,CSCO,51.9286,51.5747,49.8519,50.1020,47.3853,48.3514,45.8407,46.4885
2023-09-19,51.3907,51.7312,51.0410,51.7036,10748500,CSCO,51.9470,51.5572,49.9336,50.1525,47.4741,48.4116,45.8741,46.5373
2023-09-20,51.0778,51.5840,51.0226,51.4919,12219900,CSCO,51.9489,51.5115,49.9959,50.1888,47.5596,48.4644,45.9048,46.5825
2023-09-21,49.0899,49.7893,48.6389,49.1543,37436100,CSCO,51.8274,51.2809,50.0437,50.1457,47.6189,48.4768,45.9267,46.6074
2023-09-22,49.3016,49.5409,48.9611,49.1451,17869500,CSCO,51.7505,51.0924,50.0813,50.1126,47.6795,48.4931,45.9514,46.6342
2023-09-25,49.2187,49.4028,48.9242,49.2003,14224400,CSCO,51.6484,50.9139,50.1383,50.0776,47.7483,48.5075,45.9790,46.6599
2023-09-26,48.5101,49.0531,48.3905,48.9426,15618400,CSCO,51.4878,50.6850,50.1733,50.0161,47.8136,48.5076,46.0049,46.6784
2023-09-27,48.9610,49.1175,48.3444,48.6757,15845500,CSCO,51.3332,50.5208,50.2094,49.9747,47.8858,48.5165,46.0294,46.7011
2023-09-28,49.5869,49.8722,49.0991,49.1175,17204400,CSCO,51.1984,50.4319,50.2361,49.9595,47.9592,48.5377,46.0594,46.7298
2023-09-29,49.4764,49.8814,49.2371,49.8446,13951200,CSCO,51.0332,50.3409,50.2616,49.9406,48.0307,48.5563,46.0850,46.7571
2023-10-02,50.0562,50.0654,49.5225,49.5501,13934000,CSCO,50.8744,50.3138,50.2940,49.9451,48.1068,48.5860,46.1121,46.7899
2023-10-03,49.7318,49.9543,49.4537,49.9265,15700600,CSCO,50.7261,50.2583,50.3111,49.9367,48.1775,48.6087,46.1390,46.8192
2023-10-04,49.5464,49.9172,49.3332,49.7411,17009000,CSCO,50.5732,50.1905,50.3155,49.9214,48.2494,48.6273,46.1703,46.8463
2023-10-05,49.1942,49.5649,48.7399,49.5001,14929400,CSCO,50.4196,50.0956,50.3198,49.8929,48.3147,48.6385,46.2012,46.8697
2023-10-06,49.5464,49.8245,48.8883,49.1200,15665500,CSCO,50.2892,50.0433,50.3351,49.8793,48.3799,48.6565,46.2358,46.8963
2023-10-09,49.9821,50.0192,49.3610,49.4537,10163600,CSCO,50.1728,50.0375,50.3760,49.8834,48.4512,48.6827,46.2727,46.9270
2023-10-10,49.9357,50.1397,49.7318,50.0192,13105600,CSCO,50.0747,50.0278,50.4168,49.8854,48.5155,48.7075,46.3080,46.9570
2023-10-11,49.7411,50.1767,49.4537,49.9913,12658000,CSCO,49.9720,50.0005,50.4424,49.8798,48.5726,48.7280,46.3439,46.9847
2023-10-12,49.9172,50.2602,49.6020,50.0748,11846100,CSCO,49.8739,49.9926,50.4729,49.8812,48.6231,48.7516,46.3800,47.0139
2023-10-13,49.8430,50.1675,49.5371,49.9450,14413800,CSCO,49.7873,49.9783,50.4915,49.8797,48.6756,48.7732,46.4155,47.0420
2023-10-16,50.2045,50.6031,50.0933,50.1211,11736600,CSCO,49.7156,49.9999,50.5268,49.8925,48.7309,48.8015,46.4548,47.0735
2023-10-17,50.0006,50.0377,49.2868,49.8616,17105900,CSCO,49.6461,49.9999,50.5511,49.8967,48.7887,48.8253,46.4912,47.1026
2023-10-18,49.8430,50.2324,49.6854,49.8616,13087300,CSCO,49.5843,49.9850,50.5713,49.8946,48.8393,48.8454,46.5262,47.1299
2023-10-19,49.4259,49.9913,49.3147,49.8338,16325600,CSCO,49.6011,49.9317,50.5845,49.8762,48.8781,48.8569,46.5578,47.1527
2023-10-20,49.0644,49.6762,48.9439,49.4908,23888700,CSCO,49.5893,49.8491,50.5834,49.8444,48.9105,48.8610,46.5875,47.1717
2023-10-23,48.3877,48.9902,48.3506,48.9624,17760000,CSCO,49.5477,49.7100,50.5611,49.7873,48.9407,48.8516,46.6170,47.1838
2023-10-24,49.1385,49.1756,48.2579,48.4433,14824200,CSCO,49.5792,49.6555,50.5521,49.7618,48.9778,48.8573,46.6436,47.2033
2023-10-25,48.5731,49.4722,48.5082,49.2312,14384700,CSCO,49.5598,49.5524,50.5416,49.7152,49.0067,48.8517,46.6663,47.2169
2023-10-26,47.6183,48.3228,47.5627,48.0818,17594500,CSCO,49.4613,49.3682,50.5192,49.6330,49.0242,48.8273,46.6831,47.2209
2023-10-27,47.7944,48.3414,47.6461,47.8686,13333900,CSCO,49.3772,49.2184,50.4677,49.5609,49.0472,48.8068,46.6990,47.2266
2023-10-30,47.8037,47.8686,47.3588,47.5998,13322400,CSCO,49.2646,49.0836,50.4107,49.4920,49.0706,48.7870,46.7159,47.2324
2023-10-31,48.3228,48.3599,47.9057,47.9706,13509300,CSCO,49.1942,49.0112,50.3567,49.4461,49.1000,48.7778,46.7360,47.2432
2023-11-01,48.3784,48.4619,48.0169,48.2394,14300700,CSCO,49.1358,48.9509,50.3034,49.4042,49.1302,48.7699,46.7599,47.2545
2023-11-02,48.8975,48.9439,48.3692,48.4989,17459700,CSCO,49.1209,48.9458,50.2510,49.3844,49.1581,48.7724,46.7918,47.2709
2023-11-03,49.1385,49.5464,48.7863,49.3703,17644900,CSCO,49.1005,48.9642,50.2170,49.3747,49.1855,48.7796,46.8269,47.2894
2023-11-06,49.3981,49.4074,49.0180,49.1015,15429600,CSCO,49.0713,49.0055,50.1797,49.3756,49.2140,48.7919,46.8619,47.3104
2023-11-07,49.2498,49.5371,49.1015,49.4444,15153100,CSCO,49.0370,49.0288,50.1303,49.3707,49.2322,48.8009,46.8928,47.3297
2023-11-08,49.1293,49.5927,48.9161,49.4908,13633800,CSCO,49.0064,49.0383,50.0718,49.3612,49.2478,48.8074,46.9217,47.3476
2023-11-09,48.2023,48.7307,47.9706,48.3135,21039400,CSCO,48.9207,48.9587,49.9902,49.3158,49.2590,48.7955,46.9452,47.3561
2023-11-10,48.7492,48.7863,48.1374,48.4340,17369000,CSCO,48.8660,48.9388,49.9095,49.2936,49.2820,48.7946,46.9699,47.3700
2023-11-13,48.4155,48.7956,48.2857,48.6472,14931600,CSCO,48.7766,48.8889,49.8132,49.2591,49.2993,48.7870,46.9921,47.3804
2023-11-14,49.2869,49.4722,48.6380,48.6380,18331000,CSCO,48.7409,48.9268,49.7450,49.2602,49.3324,48.7969,47.0199,47.3994
2023-11-15,49.3888,49.5279,49.1663,49.3795,32188200,CSCO,48.7182,48.9708,49.6807,49.2653,49.3677,48.8087,47.0462,47.4192
2023-11-16,44.5315,44.5501,42.8259,43.9475,79057800,CSCO,48.4734,48.5480,49.5260,49.0796,49.3485,48.7240,47.0487,47.3904
2023-11-17,44.2720,44.8281,44.2441,44.5408,32593700,CSCO,48.2338,48.1408,49.3684,48.8911,49.3265,48.6358,47.0465,47.3594
2023-11-20,44.7447,44.8374,44.0773,44.0866,27421000,CSCO,48.0517,47.8174,49.2170,48.7285,49.3062,48.5588,47.0498,47.3334
2023-11-21,44.3090,44.8189,44.1793,44.7447,21510500,CSCO,47.8102,47.4832,49.0653,48.5552,49.2767,48.4746,47.0557,47.3033
2023-11-22,44.5686,44.8189,44.4481,44.5686,17308400,CSCO,47.6100,47.2056,48.9207,48.3988,49.2491,48.3973,47.0617,47.2761
2023-11-24,44.8281,44.8652,44.5408,44.5779,8209500,CSCO,47.4705,46.9792,48.7797,48.2588,49.2233,48.3266,47.0730,47.2517
2023-11-27,44.4295,44.8374,44.4110,44.8003,17651600,CSCO,47.3022,46.7364,48.6368,48.1086,49.1973,48.2494,47.0833,47.2236
2023-11-28,44.3554,44.6706,44.3183,44.4481,16360900,CSCO,47.1298,46.5096,48.4911,47.9615,49.1715,48.1723,47.0909,47.1951
2023-11-29,44.5408,44.9023,44.5222,44.5964,16700500,CSCO,46.9407,46.3221,48.3542,47.8273,49.1439,48.1004,47.0966,47.1687
2023-11-30,44.8467,44.9579,44.4388,44.6705,37165000,CSCO,46.7641,46.1816,48.2295,47.7104,49.1127,48.0360,47.1046,47.1456
2023-12-01,44.9301,45.2175,44.5130,44.7540,18744700,CSCO,46.5657,46.0624,48.1463,47.6014,49.0950,47.9745,47.1097,47.1235
2023-12-04,44.5408,44.6613,44.2905,44.5501,17812900,CSCO,46.3359,45.9175,48.0511,47.4814,49.0662,47.9065,47.1012,47.0978
2023-12-05,44.4295,44.4574,44.1144,44.2627,20985000,CSCO,46.0874,45.7758,47.9553,47.3617,49.0468,47.8376,47.0933,47.0713
2023-12-06,44.2163,44.6891,44.1700,44.5593,19535500,CSCO,45.8358,45.6273,47.8695,47.2383,49.0214,47.7659,47.0891,47.0429
2023-12-07,44.7354,44.8281,44.3090,44.4110,20478500,CSCO,45.6161,45.5423,47.7849,47.1402,48.9972,47.7059,47.0893,47.0199
2023-12-08,44.8467,45.0413,44.6891,44.7540,16039900,CSCO,45.4483,45.4761,47.6901,47.0503,48.9631,47.6493,47.0904,46.9983
2023-12-11,45.7829,45.8293,45.2824,45.3658,25618900,CSCO,45.3000,45.5053,47.6163,47.0006,48.9390,47.6123,47.0996,46.9862
2023-12-12,45.7273,45.9683,45.5234,45.9590,18712200,CSCO,45.1656,45.5264,47.5297,46.9506,48.9119,47.5750,47.1073,46.9737
2023-12-13,46.0610,46.0703,45.2453,45.6439,18689200,CSCO,45.0043,45.5774,47.4563,46.9157,48.8837,47.5450,47.1181,46.9646
2023-12-14,45.8293,46.3576,45.5790,46.3484,28418700,CSCO,44.8263,45.6013,47.3819,46.8731,48.8487,47.5110,47.1282,46.9533
2023-12-15,46.2279,46.2835,45.8200,45.8756,58860100,CSCO,44.9111,45.6610,47.3226,46.8478,48.8212,47.4856,47.1393,46.9461
2023-12-18,46.5708,46.6265,45.7922,46.2742,20453100,CSCO,45.0260,45.7477,47.2631,46.8370,48.7991,47.4675,47.1488,46.9423
2023-12-19,46.5152,46.7748,46.2001,46.6913,17035800,CSCO,45.1146,45.8208,47.1938,46.8243,48.7849,47.4487,47.1574,46.9381
2023-12-20,46.1630,46.6543,46.1537,46.4596,17812200,CSCO,45.2073,45.8534,47.1183,46.7984,48.7676,47.4232,47.1665,46.9304
2023-12-21,46.0703,46.3298,45.7737,46.2835,18772300,CSCO,45.2824,45.8740,47.0449,46.7699,48.7436,47.3964,47.1742,46.9218
2023-12-22,46.4318,46.7099,46.2001,46.2001,12903800,CSCO,45.3625,45.9271,46.9752,46.7566,48.7240,47.3773,47.1851,46.9170
2023-12-26,46.6079,46.7192,46.3947,46.4503,9721200,CSCO,45.4715,45.9920,46.9105,46.7508,48.7010,47.3621,47.1980,46.9139
2023-12-27,46.7562,46.8675,46.6079,46.6265,10414300,CSCO,45.5915,46.0648,46.8415,46.7510,48.6842,47.3501,47.2124,46.9123
2023-12-28,46.7933,46.9324,46.7377,46.8860,8549900,CSCO,45.7041,46.1341,46.7774,46.7526,48.6642,47.3390,47.2240,46.9111
2023-12-29,46.8304,46.8953,46.5523,46.7655,12492900,CSCO,45.8033,46.2005,46.7171,46.7557,48.6442,47.3290,47.2358,46.9103
2024-01-02,46.8211,47.1456,46.5801,46.8026,20242900,CSCO,45.8979,46.2596,46.6650,46.7583,48.6248,47.3189,47.2427,46.9094
2024-01-03,47.1854,47.3443,46.6530,46.8678,20303900,CSCO,46.0301,46.3477,46.6274,46.7750,48.6054,47.3163,47.2511,46.9122
2024-01-04,46.7838,47.1854,46.6997,47.1201,18134100,CSCO,46.1478,46.3893,46.5954,46.7754,48.5782,47.3057,47.2541,46.9109
2024-01-05,46.7931,47.0547,46.5876,46.8772,13989300,CSCO,46.2766,46.4277,46.5485,46.7760,48.5503,47.2956,47.2584,46.9097
2024-01-08,47.1387,47.1761,46.4194,46.4755,18070300,CSCO,46.3968,46.4954,46.5198,46.7903,48.5307,47.2925,47.2699,46.9120
2024-01-09,46.6249,46.7464,46.1765,46.6716,20489200,CSCO,46.4857,46.5078,46.4999,46.7838,48.5095,47.2793,47.2776,46.9092
2024-01-10,46.9332,47.0080,46.5409,46.7090,15174200,CSCO,46.5432,46.5483,46.4827,46.7896,48.4752,47.2724,47.2833,46.9094
2024-01-11,47.1201,47.1761,46.7464,47.1294,16458300,CSCO,46.6129,46.6027,46.4690,46.8026,48.4398,47.2694,47.2898,46.9115
2024-01-12,47.0266,47.4750,46.9893,47.1761,18785700,CSCO,46.6612,46.6431,46.4431,46.8114,48.3999,47.2646,47.2965,46.9126
2024-01-16,47.2602,47.2602,46.7744,46.9426,17015900,CSCO,46.7327,46.7019,46.4207,46.8290,48.3621,47.2645,47.3009,46.9161
2024-01-17,46.9893,47.1107,46.6249,46.9332,17370600,CSCO,46.7708,46.7293,46.3825,46.8353,48.3168,47.2590,47.3027,46.9168
2024-01-18,47.4097,47.4564,46.9706,46.9893,18487500,CSCO,46.8127,46.7941,46.3480,46.8578,48.2825,47.2620,47.3028,46.9217
2024-01-19,47.8954,48.0075,47.3910,47.4096,23015300,CSCO,46.8817,46.8989,46.3179,46.8985,48.2488,47.2746,47.3051,46.9314
2024-01-22,48.1757,48.3719,48.0262,48.1570,20298700,CSCO,46.9824,47.0205,46.2964,46.9486,48.2134,47.2924,47.3093,46.9438
2024-01-23,48.3532,48.4092,47.9235,48.0075,15044300,CSCO,47.0965,47.1475,46.2809,47.0037,48.1764,47.3134,47.3145,46.9578
2024-01-24,47.9328,48.5774,47.8394,48.5774,19458500,CSCO,47.1716,47.2223,46.2755,47.0401,48.1328,47.3257,47.3200,46.9675
2024-01-25,48.8857,49.1005,48.3438,48.3438,18936600,CSCO,47.2854,47.3807,46.2783,47.1125,48.0939,47.3566,47.3300,46.9866
2024-01-26,48.7082,49.1566,48.5680,48.9697,13160300,CSCO,47.3830,47.5071,46.2841,47.1750,48.0487,47.3833,47.3423,47.0037
2024-01-29,48.8483,48.9417,48.4186,48.4279,13492400,CSCO,47.4858,47.6348,46.2753,47.2407,48.0102,47.4123,47.3577,47.0221
2024-01-30,48.8016,48.9697,48.5774,48.8576,14322100,CSCO,47.5843,47.7460,46.2636,47.3019,47.9721,47.4399,47.3697,47.0398
2024-01-31,46.8772,48.5213,46.7744,48.4373,29311800,CSCO,47.5871,47.6632,46.3105,47.2852,47.9183,47.4287,47.3733,47.0382
2024-02-01,46.8772,47.1387,46.5409,46.9239,20635700,CSCO,47.5717,47.5883,46.3626,47.2692,47.8655,47.4178,47.3781,47.0366
2024-02-02,46.8772,47.0640,46.3540,46.8398,20533100,CSCO,47.5764,47.5206,46.4053,47.2538,47.8111,47.4071,47.3827,47.0350
2024-02-05,46.2513,46.8491,46.0177,46.6530,19602000,CSCO,47.5493,47.3997,46.4441,47.2145,47.7547,47.3842,47.3945,47.0272
2024-02-06,46.6903,47.2789,46.5128,46.9986,19265800,CSCO,47.5269,47.3322,46.4865,47.1940,47.7036,47.3705,47.4153,47.0238
2024-02-07,46.4942,47.0360,46.2046,46.9893,16794400,CSCO,47.5204,47.2524,46.5199,47.1665,47.6498,47.3531,47.4329,47.0186
2024-02-08,46.6623,46.6997,46.2886,46.6156,19599000,CSCO,47.5068,47.1962,46.5645,47.1468,47.6007,47.3394,47.4498,47.0150
2024-02-09,46.8305,46.9519,46.3634,46.6436,24076900,CSCO,47.4923,47.1613,46.6140,47.1343,47.5526,47.3293,47.4689,47.0132
2024-02-12,46.6997,46.8959,46.2700,46.7370,19046300,CSCO,47.4760,47.1174,46.6572,47.1173,47.5057,47.3169,47.4899,47.0101
2024-02-13,46.3727,46.6530,45.9056,46.3540,23633700,CSCO,47.4316,47.0464,46.6877,47.0881,47.4586,47.2982,47.5091,47.0037
2024-02-14,46.9706,47.0266,46.2886,46.3073,31176400,CSCO,47.4307,47.0392,46.7285,47.0835,47.4374,47.2917,47.5282,47.0034
2024-02-15,45.8309,46.4194,45.0182,45.0835,42766500,CSCO,47.3517,46.9241,46.7543,47.0344,47.4027,47.2628,47.5411,46.9917
2024-02-16,45.2517,45.8496,45.2050,45.5413,24912300,CSCO,47.2195,46.7649,46.7708,46.9645,47.3630,47.2229,47.5557,46.9744
2024-02-20,45.1022,45.2797,44.7005,44.8126,26402500,CSCO,47.0659,46.6065,46.7885,46.8914,47.3290,47.1810,47.5713,46.9558
2024-02-21,45.2891,45.3264,44.7472,45.2610,15981300,CSCO,46.9127,46.4810,46.7996,46.8286,47.2922,47.1435,47.5890,46.9392
2024-02-22,45.3731,45.4946,44.9808,45.0929,22020300,CSCO,46.7847,46.3755,46.8101,46.7715,47.2501,47.1084,47.6046,46.9236
2024-02-23,45.6441,45.9056,45.3077,45.4198,13141900,CSCO,46.6226,46.3059,46.8073,46.7273,47.2118,47.0794,47.6212,46.9109
2024-02-26,45.2143,45.6814,45.1770,45.6347,13018700,CSCO,46.4479,46.2019,46.7970,46.6680,47.1634,47.0425,47.6351,46.8940
2024-02-27,45.1303,45.2610,44.8593,44.9808,12515400,CSCO,46.2620,46.0998,46.7784,46.6077,47.1174,47.0046,47.6474,46.8765
2024-02-28,44.8967,45.2891,44.8500,45.0275,14635100,CSCO,46.0668,45.9853,46.7598,46.5406,47.0709,46.9629,47.6601,46.8568
2024-02-29,45.1863,45.2891,44.9621,45.0181,22962500,CSCO,45.9822,45.9092,46.7390,46.4875,47.0308,46.9277,47.6727,46.8401
2024-03-01,45.2143,45.2330,44.5230,44.9434,18508100,CSCO,45.8991,45.8430,46.7118,46.4375,46.9875,46.8938,47.6837,46.8240
2024-03-04,45.8963,46.2139,45.0555,45.1863,25214500,CSCO,45.8500,45.8481,46.6994,46.4163,46.9466,46.8740,47.6989,46.8147
2024-03-05,45.7281,45.8402,45.3731,45.8122,18101300,CSCO,45.8239,45.8366,46.6907,46.3893,46.9045,46.8513,47.7100,46.8039
2024-03-06,45.9336,46.1578,45.7468,45.7562,20903600,CSCO,45.7860,45.8459,46.6880,46.3715,46.8665,46.8332,47.7195,46.7953
2024-03-07,45.6814,46.2232,45.6160,46.1859,21224700,CSCO,45.7454,45.8302,46.6730,46.3444,46.8241,46.8104,47.7236,46.7842
2024-03-08,46.2419,46.5035,45.6347,45.6534,19316200,CSCO,45.7244,45.8694,46.6657,46.3404,46.7881,46.7991,47.7318,46.7788
2024-03-11,46.9145,46.9893,46.3167,46.4474,17715100,CSCO,45.7286,45.9690,46.6689,46.3629,46.7552,46.8014,47.7430,46.7801
2024-03-12,46.7744,47.2228,46.6063,47.2135,17590400,CSCO,45.7323,46.0457,46.6685,46.3790,46.7229,46.8009,47.7558,46.7801
2024-03-13,46.8118,46.8491,46.5502,46.7370,16669900,CSCO,45.7543,46.1186,46.6681,46.3960,46.6926,46.8011,47.7660,46.7804
2024-03-14,46.5128,47.0360,46.3353,46.9612,17239400,CSCO,45.7314,46.1562,46.6619,46.4006,46.6635,46.7954,47.7708,46.7777
2024-03-15,45.7094,46.6717,45.6814,46.5128,57049200,CSCO,45.7253,46.1136,46.6324,46.3735,46.6299,46.7739,47.7702,46.7671
2024-03-18,46.0271,46.3914,45.7562,45.9804,17406700,CSCO,45.7641,46.1054,46.6173,46.3599,46.6063,46.7591,47.7735,46.7597
2024-03-19,45.9056,46.3353,45.7468,45.8869,19601100,CSCO,45.8043,46.0864,46.5995,46.3421,46.5740,46.7422,47.7759,46.7512
2024-03-20,46.2886,46.3167,45.7188,45.8122,18554100,CSCO,45.8542,46.1056,46.5825,46.3400,46.5511,46.7332,47.7789,46.7466
2024-03-21,46.5969,46.8865,46.2980,46.4381,26102900,CSCO,45.9154,46.1524,46.5820,46.3501,46.5409,46.7305,47.7826,46.7451
2024-03-22,46.5035,46.8024,46.4475,46.7557,15022900,CSCO,45.9584,46.1859,46.5734,46.3561,46.5280,46.7260,47.7876,46.7427
2024-03-25,46.4101,46.4848,46.0458,46.2980,16191200,CSCO,46.0182,46.2072,46.5592,46.3582,46.5141,46.7197,47.7923,46.7394
2024-03-26,46.2886,46.5315,46.2232,46.2886,13842900,CSCO,46.0761,46.2150,46.5444,46.3555,46.4937,46.7112,47.7969,46.7349
2024-03-27,46.4942,46.6156,46.1579,46.4942,17231000,CSCO,46.1560,46.2416,46.5291,46.3609,46.4749,46.7069,47.8026,46.7325
2024-03-28,46.6249,46.8959,46.5315,46.6063,18139700,CSCO,46.2279,46.2781,46.5218,46.3713,46.4522,46.7053,47.8051,46.7315
2024-04-01,46.7464,46.8958,46.5876,46.6716,15138100,CSCO,46.3045,46.3227,46.5085,46.3860,46.4283,46.7061,47.8069,46.7316
2024-04-02,46.1111,46.7931,45.9150,46.6716,16414400,CSCO,46.3153,46.3025,46.4729,46.3752,46.3954,46.6943,47.8047,46.7254
2024-04-03,45.9039,46.3560,45.8286,45.9604,22210000,CSCO,46.3241,46.2646,46.4274,46.3567,46.3619,46.6787,47.7970,46.7173
2024-04-04,45.3106,46.6668,45.2447,46.2336,17374000,CSCO,46.2929,46.1737,46.3666,46.3157,46.3237,46.6516,47.7858,46.7033
2024-04-05,45.7250,45.8380,45.1034,45.1693,18661300,CSCO,46.2951,46.1310,46.3224,46.2925,46.2990,46.6332,47.7790,46.6935
2024-04-08,45.4330,45.8286,45.3577,45.3860,15375700,CSCO,46.2546,46.0645,46.2534,46.2588,46.2658,46.6095,47.7739,46.6810
2024-04-09,47.1000,47.2790,45.6967,45.9981,26686600,CSCO,46.2639,46.1631,46.2212,46.2918,46.2527,46.6192,47.7760,46.6852
2024-04-10,46.3466,46.8740,45.9699,46.8363,20026400,CSCO,46.2425,46.1806,46.1712,46.2940,46.2232,46.6138,47.7778,46.6818
2024-04-11,46.6480,46.7045,46.1488,46.4502,15703900,CSCO,46.2343,46.2251,46.1281,46.3078,46.1958,46.6145,47.7818,46.6815
2024-04-12,45.6685,46.3654,45.6214,46.3466,16418100,CSCO,46.1921,46.1721,46.1039,46.2828,46.2072,46.5957,47.7778,46.6714
2024-04-15,45.4330,46.8929,45.3954,46.8269,20310800,CSCO,46.1783,46.1017,46.0750,46.2494,46.2188,46.5727,47.7727,46.6591
2024-04-16,45.1317,45.6873,45.0563,45.6497,14233400,CSCO,46.1335,46.0093,46.0401,46.2056,46.2227,46.5442,47.7645,46.6439
2024-04-17,45.0092,45.4707,44.9339,45.2070,14407600,CSCO,46.0887,45.9141,46.0153,46.1587,46.2297,46.5138,47.7532,46.6276
2024-04-18,45.3106,45.5931,45.0940,45.5931,13080900,CSCO,46.0398,45.8566,45.9877,46.1254,46.2371,46.4899,47.7431,46.6145
2024-04-19,45.5084,45.6120,45.2353,45.5743,20964400,CSCO,45.9854,45.8234,45.9680,46.1012,46.2439,46.4705,47.7336,46.6035
2024-04-22,45.3389,45.7627,45.2070,45.6685,20135700,CSCO,45.9271,45.7773,45.9415,46.0713,46.2530,46.4481,47.7251,46.5909
2024-04-23,45.5084,45.6402,45.2635,45.3389,16261700,CSCO,45.8821,45.7517,45.9151,46.0493,46.2645,46.4295,47.7180,46.5801
2024-04-24,45.5366,45.5649,45.1317,45.2541,14828500,CSCO,45.8445,45.7312,45.8918,46.0292,46.2745,46.4118,47.7092,46.5698
2024-04-25,45.3012,46.0829,45.0657,45.9416,18790900,CSCO,45.7848,45.6902,45.8704,46.0006,46.2790,46.3898,47.6959,46.5571
2024-04-26,45.0751,45.4707,44.8397,44.8679,14658900,CSCO,45.7073,45.6317,45.8325,45.9643,46.2805,46.3638,47.6878,46.5424
2024-04-29,44.9998,45.4990,44.8114,45.1976,11599500,CSCO,45.6200,45.5715,45.8158,45.9265,46.2851,46.3368,47.6756,46.5270
2024-04-30,44.2464,44.9150,44.2369,44.8397,18535400,CSCO,45.5267,45.4453,45.7957,45.8606,46.2833,46.2954,47.6650,46.5043
2024-05-01,44.1145,44.8020,43.9638,43.9826,18266400,CSCO,45.4373,45.3185,45.7760,45.7921,46.2822,46.2522,47.6518,46.4806
2024-05-02,44.0674,44.3782,43.8885,44.2934,15441700,CSCO,45.3751,45.1994,45.7515,45.7245,46.2756,46.2089,47.6364,46.4565
2024-05-03,44.3782,44.6419,44.1145,44.3594,17935300,CSCO,45.3078,45.1212,45.7317,45.6717,46.2709,46.1727,47.6170,46.4359
2024-05-06,44.3688,44.6796,44.2369,44.4724,14163000,CSCO,45.2546,45.0495,45.7061,45.6206,46.2567,46.1370,47.5978,46.4153
2024-05-07,44.5289,44.6984,44.2746,44.4630,14308200,CSCO,45.1260,44.9999,45.6924,45.5778,46.2447,46.1051,47.5783,46.3965
2024-05-08,45.2070,45.3389,44.5006,44.6796,15130200,CSCO,45.0690,45.0197,45.6940,45.5633,46.2362,46.0873,47.5599,46.3847
2024-05-09,45.0092,45.2918,44.8774,45.2070,12449300,CSCO,44.9871,45.0187,45.6962,45.5415,46.2280,46.0660,47.5383,46.3710
2024-05-10,45.2635,45.3012,44.9245,45.2070,12096900,CSCO,44.9668,45.0420,45.6978,45.5306,46.2184,46.0501,47.5198,46.3600
2024-05-13,45.8474,45.9793,45.4236,45.4990,15149100,CSCO,44.9876,45.1187,45.7104,45.5430,46.2111,46.0461,47.5051,46.3549
2024-05-14,46.1017,46.3183,45.5366,46.1300,17379700,CSCO,45.0361,45.2123,45.7145,45.5650,46.2070,46.0472,47.4959,46.3524
2024-05-15,46.7798,46.8363,45.8945,46.3278,37342100,CSCO,45.1246,45.3616,45.7356,45.6126,46.2132,46.0617,47.4904,46.3566
2024-05-16,45.5272,47.1942,45.3671,47.1660,47829400,CSCO,45.1354,45.3774,45.7274,45.6092,46.2077,46.0511,47.4757,46.3484
2024-05-17,45.3671,45.7344,45.3106,45.4519,22020300,CSCO,45.1284,45.3764,45.7212,45.5998,46.1971,46.0376,47.4606,46.3386
2024-05-20,44.3876,45.2729,44.2746,45.2070,22040700,CSCO,45.0808,45.2822,45.6841,45.5522,46.1749,46.0049,47.4379,46.3192
2024-05-21,44.2087,44.4065,43.8979,44.3782,25172200,CSCO,45.0158,45.1800,45.6300,45.4995,46.1494,45.9693,47.4168,46.2982
2024-05-22,44.6702,45.0563,44.3029,44.3594,19940600,CSCO,44.9725,45.1314,45.5879,45.4670,46.1282,45.9436,47.3962,46.2820
2024-05-23,43.8885,44.4441,43.8037,44.4065,18837500,CSCO,44.9019,45.0131,45.5294,45.4051,46.0988,45.9029,47.3715,46.2582
2024-05-24,43.7189,44.0768,43.6813,43.9167,11941100,CSCO,44.8340,44.8898,45.4735,45.3390,46.0677,45.8597,47.3462,46.2329
2024-05-28,43.5871,44.1616,43.3045,43.4646,18178800,CSCO,44.7634,44.7657,45.4311,45.2703,46.0317,45.8147,47.3186,46.2066
2024-05-29,43.3987,43.6342,43.1821,43.2292,16001100,CSCO,44.7210,44.6355,45.3785,45.1969,45.9979,45.7668,47.2881,46.1786
2024-05-30,43.4364,43.7566,43.3234,43.4176,19894200,CSCO,44.6871,44.5213,45.3291,45.1278,45.9643,45.7207,47.2573,46.1514
2024-05-31,43.7943,43.8602,43.3328,43.4552,39269100,CSCO,44.6735,44.4521,45.2792,45.0755,45.9309,45.6825,47.2308,46.1279
2024-06-03,43.9356,44.0486,43.5871,44.0015,23295000,CSCO,44.6513,44.4029,45.2260,45.0308,45.9040,45.6479,47.2068,46.1061
2024-06-04,44.6608,44.8303,43.8037,43.9356,23330300,CSCO,44.6659,44.4275,45.1892,45.0163,45.8813,45.6284,47.1782,46.0917
2024-06-05,43.3422,44.8585,42.9843,44.7549,28746400,CSCO,44.6066,44.3241,45.1278,44.9507,45.8435,45.5831,47.1417,46.0644
2024-06-06,43.5400,43.6907,43.1162,43.2669,15456100,CSCO,44.5232,44.2494,45.0728,44.8954,45.8086,45.5426,47.1043,46.0392
2024-06-07,43.1727,43.5965,43.1256,43.2763,15734600,CSCO,44.4314,44.1469,45.0064,44.8278,45.7677,45.4957,47.0649,46.0107
2024-06-10,43.1821,43.1915,42.6359,43.1350,13400400,CSCO,44.3273,44.0550,44.9375,44.7633,45.7297,45.4499,47.0232,45.9826
2024-06-11,43.1068,43.2575,42.7206,43.0314,17450700,CSCO,44.1903,43.9647,44.8647,44.6983,45.6866,45.4035,46.9846,45.9540
2024-06-12,42.9655,43.3987,42.7489,43.3140,16803100,CSCO,44.0335,43.8695,44.8018,44.6303,45.6373,45.3552,46.9431,45.9242
2024-06-13,42.8713,42.8996,42.4946,42.7771,16149000,CSCO,43.8381,43.7745,44.7412,44.5614,45.5843,45.3060,46.8988,45.8938
2024-06-14,43.0220,43.0502,42.3533,42.6829,15274200,CSCO,43.7128,43.7028,44.6954,44.5010,45.5310,45.2608,46.8537,45.8653
2024-06-17,43.0314,43.0503,42.3345,42.7583,16382000,CSCO,43.5960,43.6389,44.6415,44.4434,45.4820,45.2167,46.8074,45.8371
2024-06-18,43.2951,43.3140,42.8525,42.8525,17627000,CSCO,43.5414,43.6061,44.5988,44.3983,45.4261,45.1786,46.7600,45.8118
2024-06-20,44.0015,44.1428,43.1915,43.2386,25613200,CSCO,43.5310,43.6438,44.5368,44.3828,45.3790,45.1553,46.7138,45.7938
2024-06-21,44.5383,45.0563,44.3123,44.3594,64967000,CSCO,43.5245,43.7290,44.5006,44.3889,45.3359,45.1431,46.6730,45.7813
2024-06-24,44.5289,44.9998,44.2840,44.7267,19136200,CSCO,43.5565,43.8051,44.4583,44.3944,45.2932,45.1309,46.6327,45.7688
2024-06-25,44.6231,45.0375,44.2558,44.5195,17615800,CSCO,43.6017,43.8830,44.4374,44.4033,45.2706,45.1209,46.5944,45.7574
2024-06-26,44.1333,44.6513,44.0768,44.3217,13981300,CSCO,43.6290,43.9069,44.4114,44.3927,45.2432,45.1013,46.5543,45.7412
2024-06-27,44.6890,44.7455,44.0486,44.0580,16541900,CSCO,43.6935,43.9814,44.4025,44.4044,45.2213,45.0932,46.5162,45.7308
2024-06-28,44.7455,45.0751,44.5854,44.7832,23921100,CSCO,43.7590,44.0541,44.3972,44.4177,45.2063,45.0863,46.4805,45.7210
2024-07-01,44.7549,45.0563,44.5948,44.7173,17776000,CSCO,43.8070,44.1209,44.3861,44.4310,45.1869,45.0797,46.4453,45.7114
2024-07-02,44.5289,45.0092,44.2275,44.6419,19794200,CSCO,43.8367,44.1597,44.3665,44.4348,45.1673,45.0688,46.4085,45.6996
2024-07-03,44.3499,44.7549,44.3029,44.4065,8118300,CSCO,43.8211,44.1779,44.3467,44.4315,45.1441,45.0546,46.3724,45.6862
2024-07-05,44.3120,44.4164,43.9890,44.1030,14692600,CSCO,43.8696,44.1906,44.3228,44.4268,45.1189,45.0399,46.3358,45.6725
2024-07-08,43.7515,44.4354,43.6470,44.0270,19320900,CSCO,43.8802,44.1488,44.2871,44.4003,45.0895,45.0143,46.2976,45.6534
2024-07-09,43.5046,43.7895,43.3621,43.6945,17343400,CSCO,43.8968,44.0875,44.2512,44.3652,45.0608,44.9845,46.2597,45.6320
2024-07-10,43.9510,43.9700,43.5331,43.7515,18737300,CSCO,43.9352,44.0745,44.2287,44.3489,45.0306,44.9640,46.2340,45.6153
2024-07-11,44.4164,44.5589,43.8655,43.8655,19741200,CSCO,44.0007,44.1070,44.2170,44.3516,45.0164,44.9531,46.2096,45.6033
2024-07-12,45.0054,45.4613,44.3120,44.4354,20936100,CSCO,44.1027,44.1926,44.2322,44.3772,45.0140,44.9542,46.1885,45.5974
2024-07-15,45.0244,45.1099,44.4449,45.0339,15925900,CSCO,44.2104,44.2718,44.2504,44.4026,45.0132,44.9556,46.1711,45.5917
2024-07-16,45.0434,45.5658,44.8534,45.0719,17037300,CSCO,44.3114,44.3453,44.2699,44.4277,45.0107,44.9573,46.1515,45.5862
2024-07-17,46.0882,46.2972,44.9769,45.0814,26638700,CSCO,44.4643,44.5113,44.3041,44.4929,45.0179,44.9797,46.1340,45.5912
2024-07-18,45.6323,46.2022,45.5753,45.7368,18462500,CSCO,44.5811,44.6180,44.3294,44.5375,45.0178,44.9926,46.1148,45.5916
2024-07-19,44.9484,45.6893,44.7774,45.6798,18289200,CSCO,44.6285,44.6495,44.3378,44.5536,45.0151,44.9917,46.0892,45.5852
2024-07-22,44.4734,45.0054,44.4259,44.9484,19899400,CSCO,44.6252,44.6327,44.3231,44.5505,45.0085,44.9815,46.0630,45.5742
2024-07-23,44.0365,44.4354,44.0175,44.4069,16372000,CSCO,44.6006,44.5760,44.3037,44.5303,44.9999,44.9628,46.0354,45.5589
2024-07-24,44.5019,44.6824,43.9225,44.2075,25318200,CSCO,44.5945,44.5689,44.2884,44.5292,44.9931,44.9536,46.0119,45.5484
2024-07-25,44.8724,45.7748,44.7014,44.9959,20631200,CSCO,44.6315,44.5978,44.2689,44.5427,44.9897,44.9520,45.9886,45.5416
2024-07-26,45.4803,45.6038,44.8724,44.9484,16104900,CSCO,44.6711,44.6819,44.2565,44.5795,44.9855,44.9625,45.9661,45.5410
2024-07-29,45.5848,45.7938,45.0624,45.4233,11475700,CSCO,44.7130,44.7678,44.2326,44.6189,44.9841,44.9748,45.9443,45.5415
2024-07-30,45.7273,46.1167,45.4898,45.7748,20166000,CSCO,44.7616,44.8592,44.2366,44.6623,44.9820,44.9897,45.9242,45.5433
2024-07-31,46.0217,46.3257,45.8223,45.9837,19953600,CSCO,44.8363,44.9699,44.2497,44.7157,44.9854,45.0102,45.9048,45.5481
2024-08-01,45.0149,46.2782,44.8344,46.1832,18837500,CSCO,44.8695,44.9742,44.2622,44.7274,44.9732,45.0103,45.8806,45.5428
2024-08-02,44.3215,45.3568,44.0270,45.2903,24000200,CSCO,44.8700,44.9121,44.2645,44.7115,44.9472,44.9966,45.8512,45.5306
2024-08-05,42.4977,44.3405,42.4502,44.2170,29669600,CSCO,44.8073,44.6821,44.2211,44.6247,44.9045,44.9471,45.8137,45.5004
2024-08-06,42.8966,43.4476,42.4027,42.5072,20524000,CSCO,44.7769,44.5121,44.2012,44.5569,44.8653,44.9065,45.7790,45.4745
2024-08-07,42.8586,43.8940,42.8301,43.1436,18301100,CSCO,44.7223,44.3546,44.1840,44.4903,44.8288,44.8660,45.7461,45.4485
2024-08-08,43.5331,43.9510,43.0106,43.0106,18369100,CSCO,44.6781,44.2764,44.1829,44.4528,44.8070,44.8396,45.7185,45.4294
2024-08-09,43.1911,43.7515,42.9726,43.4096,21217600,CSCO,44.5874,44.1730,44.1788,44.4033,44.7786,44.8069,45.6925,45.4072
2024-08-12,42.6117,43.4476,42.2697,43.2481,20289500,CSCO,44.4668,44.0243,44.1623,44.3330,44.7457,44.7635,45.6598,45.3793
2024-08-13,43.0961,43.1151,42.6402,42.7257,20976900,CSCO,44.3694,43.9359,44.1483,44.2845,44.7138,44.7304,45.6325,45.3566
2024-08-14,43.1626,43.4476,42.7827,42.8776,30675600,CSCO,44.2231,43.8623,44.1329,44.2405,44.6794,44.6994,45.6102,45.3348
2024-08-15,46.0977,47.7600,45.7463,46.3067,45976400,CSCO,44.2464,44.0752,44.1616,44.3133,44.6754,44.7271,45.6017,45.3424
2024-08-16,46.9811,47.2376,46.0692,46.2022,27424900,CSCO,44.3481,44.3519,44.2344,44.4180,44.6811,44.7717,45.5976,45.3587
2024-08-19,47.4751,47.4846,46.8291,46.8576,16436600,CSCO,44.4981,44.6494,44.3131,44.5379,44.6930,44.8253,45.5933,45.3798
2024-08-20,47.7220,47.8455,47.1141,47.4751,18697300,CSCO,44.6824,44.9420,44.4041,44.6627,44.7052,44.8826,45.5901,45.4031
2024-08-21,47.9215,48.0165,47.5226,47.7695,21177600,CSCO,44.8534,45.2258,44.4989,44.7905,44.7182,44.9428,45.5852,45.4281
2024-08-22,47.7030,48.3775,47.6650,48.1780,19143100,CSCO,44.9949,45.4617,44.5908,44.9047,44.7278,44.9975,45.5780,45.4508
2024-08-23,48.1970,48.2255,47.7980,47.9785,16474100,CSCO,45.1308,45.7222,44.6954,45.0338,44.7486,45.0608,45.5720,45.4781
2024-08-26,48.2445,48.4629,48.1780,48.2445,12016800,CSCO,45.2637,45.9624,44.8029,45.1597,44.7720,45.1239,45.5670,45.5056
2024-08-27,48.1685,48.2920,47.8740,48.1305,10243900,CSCO,45.3858,46.1725,44.9058,45.2777,44.8006,45.1841,45.5622,45.5321
2024-08-28,47.3516,48.0355,46.9336,47.9215,14571400,CSCO,45.4523,46.2848,44.9922,45.3591,44.8169,45.2271,45.5579,45.5502
2024-08-29,47.8645,48.2730,47.3801,47.4656,16324100,CSCO,45.5948,46.4352,45.0836,45.4573,44.8412,45.2793,45.5535,45.5732
2024-08-30,48.0070,48.1495,47.5606,48.0165,15615800,CSCO,45.7790,46.5849,45.1637,45.5573,44.8503,45.3333,45.5515,45.5974
2024-09-03,47.5511,47.9690,47.3991,47.7885,14918600,CSCO,46.0317,46.6770,45.2240,45.6355,44.8623,45.3772,45.5428,45.6169
2024-09-04,47.2091,47.5321,47.0951,47.3231,16411700,CSCO,46.2473,46.7276,45.2776,45.6972,44.8679,45.4135,45.5319,45.6327
2024-09-05,46.6677,47.1616,46.4872,47.0191,16312000,CSCO,46.4378,46.7219,45.3185,45.7353,44.8779,45.4383,45.5426,45.6430
2024-09-06,46.0692,46.7626,45.7843,46.4207,21040500,CSCO,46.5646,46.6598,45.3572,45.7484,44.8843,45.4508,45.5515,45.6473
2024-09-09,46.2592,46.6867,45.8413,46.0407,18677600,CSCO,46.7180,46.6216,45.3886,45.7684,44.8955,45.4668,45.5591,45.6534
2024-09-10,46.3447,46.5157,46.0122,46.3447,11754700,CSCO,46.9047,46.5952,45.4206,45.7910,44.9089,45.4842,45.5693,45.6602
2024-09-11,46.6487,46.7436,45.4518,46.3067,15106600,CSCO,47.0823,46.6003,45.4584,45.8246,44.9223,45.5073,45.5797,45.6701
2024-09-12,47.1236,47.1521,46.4112,46.6297,13229500,CSCO,47.2803,46.6502,45.5103,45.8756,44.9384,45.5393,45.5912,45.6845
2024-09-13,47.3041,47.5511,47.1806,47.2471,10168900,CSCO,47.3407,46.7124,45.5694,45.9316,44.9581,45.5742,45.6055,45.7007
2024-09-16,48.4724,48.5104,47.2851,47.3801,16668200,CSCO,47.4152,46.8801,45.6526,46.0312,44.9877,45.6316,45.6261,45.7282
2024-09-17,48.0735,48.8429,48.0355,48.4629,13230300,CSCO,47.4451,46.9937,45.7391,46.1113,45.0131,45.6800,45.6438,45.7516
2024-09-18,48.0355,48.5769,47.7505,47.8645,12697700,CSCO,47.4608,47.0929,45.8297,46.1868,45.0404,45.7266,45.6597,45.7743
2024-09-19,48.8619,49.1279,48.5864,48.8334,16274000,CSCO,47.5078,47.2614,45.9279,46.2917,45.0783,45.7887,45.6794,45.8050
2024-09-20,49.3653,49.7073,48.8429,48.8714,44096600,CSCO,47.5909,47.4618,46.0269,46.4122,45.1220,45.8595,45.7035,45.8404
2024-09-23,49.5743,49.8118,49.2893,49.4508,18343400,CSCO,47.6598,47.6630,46.1183,46.5362,45.1752,45.9331,45.7292,45.8776
2024-09-24,49.8878,49.9353,49.4033,49.5933,26479300,CSCO,47.7420,47.8749,46.2155,46.6677,45.2330,46.0114,45.7576,45.9175
2024-09-25,50.0112,50.0872,49.7453,49.9352,22422200,CSCO,47.8341,48.0783,46.3149,46.7988,45.2924,46.0906,45.7840,45.9582
2024-09-26,50.2012,50.6192,50.1157,50.3437,18374000,CSCO,47.9766,48.2805,46.3971,46.9322,45.3506,46.1720,45.8108,46.0004
2024-09-27,50.3627,50.5527,50.2107,50.3817,13868300,CSCO,48.1015,48.4788,46.4917,47.0667,45.4106,46.2550,45.8337,46.0439
2024-09-30,50.5527,50.6382,50.0112,50.3627,17807500,CSCO,48.2288,48.6763,46.6038,47.2034,45.4708,46.3401,45.8578,46.0887
2024-10-01,50.0967,50.5337,49.6883,50.4482,16621800,CSCO,48.3561,48.8116,46.7163,47.3169,45.5197,46.4145,45.8780,46.1286
2024-10-02,50.3647,50.5753,49.8957,50.1542,11071300,CSCO,48.5139,48.9595,46.8429,47.4364,45.5733,46.4927,45.9006,46.1707
2024-10-03,50.1829,50.4030,49.9245,49.9532,11029100,CSCO,48.6896,49.0760,46.9565,47.5441,45.6225,46.5658,45.9204,46.2107
2024-10-04,50.4892,50.6423,50.1637,50.5370,11724100,CSCO,48.9106,49.2106,47.0688,47.6596,45.6689,46.6435,45.9400,46.2532
2024-10-07,50.2594,50.5849,50.1254,50.3265,10941700,CSCO,49.1106,49.3105,47.1644,47.7616,45.7105,46.7151,45.9587,46.2931
2024-10-08,50.4700,50.5083,49.9627,50.3839,12365000,CSCO,49.3169,49.4209,47.2621,47.8678,45.7474,46.7894,45.9803,46.3347
2024-10-09,51.2644,51.3793,50.2882,50.3934,10586100,CSCO,49.5477,49.5965,47.3728,48.0010,45.8047,46.8780,46.0062,46.3837
2024-10-10,51.2453,51.5037,51.1304,51.3984,9377500,CSCO,49.7538,49.7535,47.4773,48.1282,45.8635,46.9645,46.0303,46.4321
2024-10-11,51.9249,52.0014,51.2262,51.2262,12704500,CSCO,49.9848,49.9603,47.6155,48.2771,45.9389,47.0627,46.0569,46.4867
2024-10-14,51.9440,52.0780,51.4846,51.9823,11428600,CSCO,50.1584,50.1492,47.7680,48.4209,46.0162,47.1594,46.0828,46.5410
2024-10-15,51.7622,52.2694,51.6090,52.0876,20066300,CSCO,50.3428,50.3029,47.9533,48.5519,46.0872,47.2505,46.1077,46.5930
2024-10-16,53.9636,53.9923,52.4800,52.6427,32382300,CSCO,50.6392,50.6515,48.1746,48.7642,46.1879,47.3835,46.1433,46.6663
2024-10-17,53.9827,54.1550,53.4563,53.9636,18383400,CSCO,50.8953,50.9688,48.3971,48.9688,46.2905,47.5142,46.1791,46.7391
2024-10-18,54.3273,54.4326,53.8009,53.9923,17679800,CSCO,51.1434,51.2886,48.6130,49.1789,46.3979,47.6491,46.2148,46.8146
2024-10-21,54.1646,54.6144,54.0880,54.2603,14083600,CSCO,51.3729,51.5625,48.8324,49.3745,46.5056,47.7781,46.2517,46.8878
2024-10-22,54.1741,54.4613,53.4659,53.5999,14956300,CSCO,51.5872,51.8112,49.0637,49.5627,46.6130,47.9047,46.2887,46.9603
2024-10-23,53.8679,54.1646,53.5903,53.7530,18723000,CSCO,51.7800,52.0071,49.2791,49.7315,46.7137,48.0228,46.3223,47.0290
2024-10-24,53.5616,54.1263,53.4180,53.9636,14699600,CSCO,51.9480,52.1552,49.4871,49.8817,46.8100,48.1325,46.3570,47.0940
2024-10-25,53.3510,54.2029,53.2840,53.8392,14680500,CSCO,52.0975,52.2691,49.6322,50.0178,46.8969,48.2358,46.3891,47.1563
2024-10-28,52.9107,53.5807,52.8437,53.5042,12912300,CSCO,52.2154,52.3302,49.7508,50.1312,46.9926,48.3284,46.4180,47.2135
2024-10-29,53.2936,53.7052,52.9012,52.9969,18810100,CSCO,52.3752,52.4219,49.8671,50.2552,47.0901,48.4267,46.4494,47.2740
2024-10-30,53.2074,53.6382,52.9969,53.1883,13284300,CSCO,52.5173,52.4967,49.9768,50.3710,47.1904,48.5214,46.4791,47.3331
2024-10-31,52.4226,53.1309,52.3652,53.0543,22023400,CSCO,52.6293,52.4897,50.0669,50.4515,47.2829,48.5986,46.5063,47.3837
2024-11-01,53.1213,53.4180,52.1929,52.3939,19235600,CSCO,52.7609,52.5498,50.1752,50.5562,47.3830,48.6882,46.5348,47.4408
2024-11-04,53.4372,53.5137,52.7576,53.0734,13269900,CSCO,52.9198,52.6343,50.2800,50.6691,47.4877,48.7822,46.5625,47.5005
2024-11-05,53.7530,53.8583,53.1213,53.5042,10183600,CSCO,53.0840,52.7409,50.3902,50.7901,47.5965,48.8807,46.5904,47.5627
2024-11-06,55.3897,55.6003,54.5187,54.7389,20506000,CSCO,53.2902,52.9931,50.5346,50.9704,47.7202,49.0096,46.6256,47.6406
2024-11-07,55.5907,55.8013,55.0739,55.3227,17880200,CSCO,53.5075,53.2405,50.6994,51.1516,47.8458,49.1399,46.6639,47.7197
2024-11-08,55.5716,55.7056,55.1887,55.6003,17517700,CSCO,53.6898,53.4625,50.8535,51.3250,47.9686,49.2672,46.6973,47.7978
2024-11-11,56.1171,56.8350,55.8587,56.4713,17827000,CSCO,53.8985,53.7154,51.0157,51.5129,48.0897,49.4029,46.7344,47.8806
2024-11-12,56.1937,56.5096,55.9257,56.2416,16609400,CSCO,54.1201,53.9514,51.1886,51.6965,48.2063,49.5374,46.7711,47.9633
2024-11-13,56.6436,56.7393,55.3610,55.6577,36350600,CSCO,54.2541,54.2078,51.3773,51.8905,48.3274,49.6781,46.8103,48.0497
2024-11-14,55.4376,56.4617,55.0547,56.4617,33747700,CSCO,54.3268,54.3249,51.5527,52.0296,48.4356,49.7921,46.8531,48.1232
2024-11-15,54.9973,55.6099,54.7772,54.9877,28173700,CSCO,54.3603,54.3889,51.7313,52.1459,48.5442,49.8952,46.8937,48.1916
2024-11-18,54.8537,55.5046,54.7772,55.0834,23769300,CSCO,54.3948,54.4332,51.9031,52.2521,48.6459,49.9934,46.9336,48.2579
2024-11-19,54.5666,54.5953,53.9349,54.2507,17476200,CSCO,54.4144,54.4459,52.0676,52.3429,48.7441,50.0839,46.9752,48.3206
2024-11-20,55.0356,55.0356,54.1837,54.4039,15345000,CSCO,54.4728,54.5021,52.2353,52.4485,48.8469,50.1820,47.0169,48.3875
2024-11-21,55.0930,55.4472,54.6527,54.8346,16162400,CSCO,54.5494,54.5584,52.3947,52.5522,48.9525,50.2792,47.0599,48.4542
2024-11-22,56.0406,56.1842,54.9973,55.1217,14952100,CSCO,54.6838,54.6995,52.5694,52.6890,49.0694,50.3933,47.1068,48.5297
2024-11-25,56.2224,56.4330,55.7630,56.1363,52408200,CSCO,54.8494,54.8446,52.7244,52.8276,49.1885,50.5088,47.1537,48.6062
2024-11-26,57.0360,57.0839,56.4139,56.4713,14209700,CSCO,55.0365,55.0533,52.9037,52.9926,49.3214,50.6380,47.2054,48.6901
2024-11-27,56.7489,57.3040,56.4043,57.0551,12703300,CSCO,55.2136,55.2148,53.0780,53.1399,49.4538,50.7590,47.2573,48.7703
2024-11-29,56.6723,57.0360,56.5096,56.5383,11618400,CSCO,55.4261,55.3536,53.2342,53.2784,49.5810,50.8761,47.3058,48.8489
2024-12-02,56.8829,57.1413,56.6053,56.7106,15977400,CSCO,55.6142,55.4992,53.3845,53.4198,49.7057,50.9951,47.3611,48.9288
2024-12-03,56.9307,56.9786,56.6340,56.8829,11746000,CSCO,55.7888,55.6355,53.5316,53.5575,49.8249,51.1126,47.4195,49.0085
2024-12-04,57.0647,57.2753,56.7297,57.0839,16872100,CSCO,55.9544,55.7717,53.6752,53.6950,49.9453,51.2305,47.4793,49.0886
2024-12-05,57.4476,57.6486,57.1413,57.2274,19121700,CSCO,56.0573,55.9313,53.8239,53.8422,50.0694,51.3536,47.5401,49.1718
2024-12-06,57.3231,57.5050,57.2083,57.4284,14622700,CSCO,56.1439,56.0638,53.9663,53.9787,50.1817,51.4718,47.5998,49.2529
2024-12-09,56.4234,57.3136,56.3373,57.2657,16517500,CSCO,56.1865,56.0981,54.0876,54.0745,50.2897,51.5698,47.6537,49.3243
2024-12-10,56.2033,56.3373,55.6386,55.9927,14480200,CSCO,56.1908,56.1081,54.2006,54.1580,50.4022,51.6616,47.7087,49.3927
2024-12-11,56.0789,56.4330,55.8109,56.3564,26842900,CSCO,56.1851,56.1053,54.3202,54.2334,50.5183,51.7491,47.7634,49.4592
2024-12-12,56.3277,57.1796,56.1171,56.1746,17704600,CSCO,56.1693,56.1265,54.4395,54.3155,50.6412,51.8397,47.8206,49.5276
2024-12-13,56.1076,56.4139,55.8779,56.1076,14129700,CSCO,56.2028,56.1247,54.5580,54.3858,50.7572,51.9242,47.8752,49.5930
2024-12-16,55.8491,55.9832,55.3706,55.9640,26883200,CSCO,56.2454,56.0985,54.6652,54.4432,50.8670,52.0020,47.9283,49.6553
2024-12-17,56.0119,56.5383,55.6769,55.8779,24912500,CSCO,56.3033,56.0902,54.7802,54.5047,50.9723,52.0814,47.9789,49.7185
2024-12-18,55.0643,56.1937,55.0164,56.1937,24195100,CSCO,56.3282,55.9925,54.8721,54.5266,51.0671,52.1404,48.0256,49.7717
2024-12-19,55.1600,55.6481,54.8824,54.9303,21947800,CSCO,56.3344,55.9132,54.9500,54.5515,51.1614,52.2002,48.0717,49.8253
2024-12-20,56.0119,56.2607,54.8154,55.1026,69544600,CSCO,56.3804,55.9226,55.0453,54.6087,51.2613,52.2757,48.1234,49.8869
2024-12-23,56.4521,56.4904,55.6290,55.6386,18671200,CSCO,56.4009,55.9730,55.1359,54.6810,51.3757,52.3584,48.1744,49.9522
2024-12-24,57.2849,57.2849,56.2799,56.2799,9922300,CSCO,56.4541,56.0980,55.2427,54.7831,51.5053,52.4560,48.2263,50.0252
2024-12-26,57.4093,57.4859,56.8542,57.0647,8524500,CSCO,56.4727,56.2229,55.3556,54.8861,51.6545,52.5540,48.2795,50.0987
2024-12-27,57.0551,57.4476,56.6053,57.0169,13021400,CSCO,56.4880,56.3021,55.4175,54.9712,51.7960,52.6432,48.3307,50.1679
2024-12-30,56.6531,56.8446,55.9066,56.5574,12948100,CSCO,56.4871,56.3356,55.4709,55.0371,51.9340,52.7226,48.3814,50.2324
2024-12-31,56.6627,56.8350,56.2511,56.6819,14173000,CSCO,56.4761,56.3667,55.5176,55.1009,52.0653,52.8006,48.4361,50.2964
2025-01-02,56.5670,57.1221,56.0597,56.7297,16144300,CSCO,56.4579,56.3858,55.5656,55.1584,52.1990,52.8752,48.4888,50.3588
2025-01-03,56.7212,57.0199,56.2394,56.7019,18859000,CSCO,56.4407,56.4177,55.6166,55.2197,52.3401,52.9513,48.5429,50.4221
2025-01-06,56.6345,57.4150,56.4610,56.7694,18543300,CSCO,56.4001,56.4384,55.6719,55.2751,52.4755,53.0243,48.5946,50.4839
2025-01-07,56.7886,57.0970,56.5188,56.8272,16863800,CSCO,56.3733,56.4717,55.7365,55.3345,52.6118,53.0988,48.6456,50.5466
2025-01-08,57.0488,57.0874,56.1526,56.7501,14400300,CSCO,56.4046,56.5267,55.8104,55.4017,52.7213,53.1770,48.6983,50.6113
2025-01-10,56.6055,56.9139,56.4128,56.6537,17274500,CSCO,56.4247,56.5342,55.8843,55.4489,52.8175,53.2449,48.7493,50.6710
2025-01-13,56.6248,56.7886,56.0563,56.7790,19340700,CSCO,56.4520,56.5428,55.9509,55.4950,52.9090,53.3119,48.8010,50.7302
2025-01-14,57.1741,57.1837,56.6152,56.8272,16715500,CSCO,56.4943,56.6030,56.0303,55.5609,53.0036,53.3883,48.8544,50.7944
2025-01-15,57.8005,58.1474,57.4247,57.6849,19185100,CSCO,56.5790,56.7170,56.1378,55.6487,53.1023,53.4757,48.9103,50.8641
2025-01-16,57.6463,58.2534,57.6078,57.9932,18445700,CSCO,56.6688,56.8055,56.2283,55.7271,53.2018,53.5583,48.9648,50.9315
2025-01-17,58.0414,58.7352,58.0125,58.5521,23876400,CSCO,56.7703,56.9232,56.3204,55.8178,53.3002,53.6471,49.0244,51.0023
2025-01-21,58.8123,59.1014,58.0896,58.2727,18623800,CSCO,56.9577,57.1031,56.4216,55.9352,53.4059,53.7493,49.0890,51.0800
2025-01-22,59.3905,59.5158,58.7738,58.8220,19436600,CSCO,57.1692,57.3210,56.5016,56.0708,53.5181,53.8611,49.1594,51.1627
2025-01-23,59.9687,60.0555,59.1496,59.5544,14212000,CSCO,57.3671,57.5731,56.5892,56.2236,53.6443,53.9820,49.2306,51.2503
2025-01-24,59.9687,60.0266,59.6122,59.8049,17232900,CSCO,57.5429,57.8013,56.6771,56.3705,53.7653,54.1005,49.3033,51.3371
2025-01-27,56.9332,59.2267,56.6248,59.1593,33730300,CSCO,57.5253,57.7186,56.6934,56.3925,53.8546,54.1566,49.3524,51.3928
2025-01-28,57.2705,57.3958,56.7790,56.8754,25473300,CSCO,57.5184,57.6759,56.7150,56.4270,53.9518,54.2183,49.4070,51.4512
2025-01-29,57.3861,58.3401,57.3476,57.7716,17925300,CSCO,57.5349,57.6483,56.7298,56.4646,54.0536,54.2810,49.4607,51.5103
2025-01-30,58.2727,58.8605,58.0607,58.2727,17079000,CSCO,57.6159,57.7078,56.7865,56.5355,54.1696,54.3601,49.5238,51.5776
2025-01-31,58.3980,58.9665,58.2630,58.3305,16554200,CSCO,57.7027,57.7735,56.8545,56.6085,54.2929,54.4400,49.5886,51.6454
2025-02-03,58.8220,59.0340,57.3861,58.0029,20375700,CSCO,57.8154,57.8734,56.9339,56.6953,54.4185,54.5268,49.6570,51.7169
2025-02-04,59.1111,59.3520,58.5232,58.6292,12742700,CSCO,57.9349,57.9913,57.0248,56.7901,54.5462,54.6176,49.7275,51.7904
2025-02-05,60.2964,60.4313,59.0725,59.2171,18997400,CSCO,58.1180,58.2108,57.1300,56.9276,54.6827,54.7300,49.8025,51.8751
2025-02-06,60.0073,60.6240,59.8145,60.5373,15521800,CSCO,58.2790,58.3819,57.2283,57.0483,54.8115,54.8345,49.8750,51.9560
2025-02-07,60.0073,60.9517,59.9495,60.4602,23861000,CSCO,58.4269,58.5367,57.3076,57.1644,54.9385,54.9370,49.9483,52.0361
2025-02-10,60.5277,60.8553,60.1133,60.8264,15816200,CSCO,58.6230,58.7263,57.3937,57.2963,55.0591,55.0477,50.0234,52.1206
2025-02-11,60.1615,60.5180,59.9206,60.2578,17702500,CSCO,58.7998,58.8630,57.4562,57.4086,55.1800,55.1489,50.0965,52.2006
2025-02-12,60.2578,60.2867,58.9762,59.2074,30116300,CSCO,58.9540,58.9958,57.5264,57.5204,55.3022,55.2501,50.1713,52.2808
2025-02-13,61.5202,64.0836,60.4409,63.6981,43257700,CSCO,59.1400,59.2362,57.6234,57.6772,55.4288,55.3743,50.2535,52.3727
2025-02-14,62.5128,62.7055,61.1348,61.4720,23693300,CSCO,59.3833,59.5483,57.7360,57.8669,55.5602,55.5156,50.3411,52.4736
2025-02-18,62.2430,63.8426,62.0888,62.9272,22047500,CSCO,59.5934,59.8049,57.8422,58.0385,55.6869,55.6488,50.4311,52.5708
2025-02-19,62.4839,62.5995,61.9539,62.1755,14164100,CSCO,59.7770,60.0601,57.9506,58.2128,55.8129,55.7842,50.5229,52.6694
2025-02-20,62.3201,62.8597,61.9346,62.5995,14836600,CSCO,59.9234,60.2753,58.0481,58.3739,55.9360,55.9136,50.6142,52.7655
2025-02-21,61.6551,62.5995,61.5588,62.3297,18905800,CSCO,60.0078,60.4067,58.1347,58.5025,56.0505,56.0273,50.7006,52.8539
2025-02-24,60.9420,62.2333,60.8553,62.0888,17287500,CSCO,60.0564,60.4577,58.2251,58.5982,56.1563,56.1246,50.7834,52.9344
2025-02-25,61.9346,62.2912,61.0191,62.2526,22100100,CSCO,60.3065,60.5984,58.3397,58.7291,56.2701,56.2397,50.8705,53.0240
2025-02-26,61.7515,62.4261,61.6166,61.7226,13452300,CSCO,60.5305,60.7082,58.4532,58.8476,56.3867,56.3488,50.9532,53.1108
2025-02-27,61.4913,62.9175,61.4335,62.4164,24695600,CSCO,60.7358,60.7828,58.5564,58.9513,56.4979,56.4506,51.0356,53.1942
2025-02-28,61.7804,61.8286,60.5469,61.6070,26711800,CSCO,60.9112,60.8778,58.6699,59.0622,56.6139,56.5562,51.1182,53.2796
2025-03-03,61.1733,62.5224,60.8938,62.0502,21810700,CSCO,61.0500,60.9059,58.7764,59.1450,56.7208,56.6476,51.1948,53.3582
2025-03-04,60.9613,61.5877,60.3349,61.4239,24588300,CSCO,61.1569,60.9112,58.8754,59.2162,56.8278,56.7330,51.2691,53.4338
2025-03-05,61.6359,61.8479,60.5180,60.9324,14931500,CSCO,61.2832,60.9802,59.0068,59.3111,56.9394,56.8301,51.3434,53.5154
2025-03-06,61.1059,61.6937,60.4795,61.4817,23155100,CSCO,61.3236,60.9922,59.1257,59.3815,57.0379,56.9148,51.4213,53.5910
2025-03-07,61.6166,61.8382,59.9302,60.6144,21154800,CSCO,61.4041,61.0517,59.2378,59.4691,57.1416,57.0079,51.5025,53.6708
2025-03-10,59.8049,61.3757,59.4387,61.1733,27417600,CSCO,61.3940,60.9329,59.3049,59.4823,57.2204,57.0633,51.5796,53.7318
2025-03-11,58.4654,60.1133,58.3305,60.0169,25787400,CSCO,61.2909,60.6979,59.3285,59.4424,57.2856,57.0910,51.6509,53.7790
2025-03-12,58.2631,58.9569,58.0607,58.7449,18935300,CSCO,61.1960,60.4660,59.3455,59.3962,57.3506,57.1143,51.7189,53.8236
2025-03-13,57.5018,58.2920,57.0777,58.2149,16463300,CSCO,61.0582,60.1837,59.3545,59.3219,57.3860,57.1219,51.7869,53.8602
2025-03-14,58.3016,58.4172,57.7427,58.1281,16250700,CSCO,60.8972,60.0045,59.3874,59.2819,57.4292,57.1453,51.8599,53.9044
2025-03-17,58.6774,58.9858,58.1474,58.2052,15335800,CSCO,60.7055,59.8781,59.4277,59.2582,57.4727,57.1756,51.9353,53.9519
2025-03-18,58.1089,58.5907,57.5018,58.4654,16669000,CSCO,60.4987,59.7096,59.4586,59.2131,57.5121,57.1941,52.0089,53.9932
2025-03-19,58.8991,59.3424,58.3016,58.4269,15488800,CSCO,60.3195,59.6324,59.5021,59.2008,57.5594,57.2279,52.0862,54.0420
2025-03-20,58.4172,58.8027,58.1474,58.2823,16528600,CSCO,60.1244,59.5167,59.5378,59.1701,57.6048,57.2514,52.1593,54.0856
2025-03-21,58.1089,58.2052,57.2705,57.9836,65935200,CSCO,59.9470,59.3826,59.5642,59.1284,57.6503,57.2684,52.2302,54.1256
2025-03-24,58.7545,59.1496,58.6678,58.8220,28335600,CSCO,59.8377,59.3228,59.5983,59.1138,57.7044,57.2978,52.3006,54.1717
2025-03-25,58.7738,58.9858,58.4943,58.6292,20877600,CSCO,59.6796,59.2705,59.6417,59.1004,57.7630,57.3271,52.3778,54.2174
2025-03-26,59.5544,59.5929,58.7931,58.8123,30621200,CSCO,59.5698,59.2975,59.7003,59.1182,57.8256,57.3712,52.4578,54.2706
2025-03-27,59.1689,59.7278,59.1014,59.6411,25720200,CSCO,59.4537,59.2853,59.7402,59.1202,57.8852,57.4068,52.5378,54.3193
2025-03-28,58.6485,59.5351,58.3112,59.4194,24931700,CSCO,59.2971,59.2246,59.7571,59.1017,57.9475,57.4313,52.6152,54.3624
2025-03-31,59.4676,59.6507,58.0510,58.4269,29335700,CSCO,59.2118,59.2478,59.7935,59.1161,58.0109,57.4717,52.6970,54.4132
2025-04-01,59.5544,59.7856,58.8412,59.1496,17381400,CSCO,59.1414,59.2770,59.8238,59.1333,58.0721,57.5129,52.7799,54.4643
2025-04-02,59.5736,59.6218,58.8798,58.9762,18610700,CSCO,59.0383,59.3052,59.8390,59.1505,58.1303,57.5537,52.8634,54.5152
2025-04-03,55.5962,58.1282,55.5477,57.6043,40006300,CSCO,58.7628,58.9520,59.7631,59.0112,58.1324,57.5150,52.9263,54.5259
2025-04-04,52.9091,55.7514,52.8120,54.9657,42924400,CSCO,58.3275,58.3765,59.6219,58.7719,58.1056,57.4237,52.9757,54.5098
2025-04-07,52.7830,54.4418,50.5517,51.7838,46816200,CSCO,57.9764,57.8438,59.4782,58.5370,58.0777,57.3318,53.0231,54.4926
2025-04-08,51.5994,54.1993,51.1435,53.1031,37377000,CSCO,57.6331,57.2491,59.3716,58.2649,58.0325,57.2183,53.0611,54.4639
2025-04-09,56.3917,56.6827,51.0950,51.4927,53380800,CSCO,57.5395,57.1674,59.3540,58.1915,58.0345,57.2020,53.1204,54.4830
2025-04-10,54.8978,56.2074,53.3553,56.0910,31964600,CSCO,57.4093,56.9512,59.3042,58.0623,58.0170,57.1563,53.1722,54.4872
2025-04-11,55.6156,56.0716,54.5970,54.9754,23036900,CSCO,57.2750,56.8240,59.2511,57.9664,58.0188,57.1258,53.2272,54.4984
2025-04-14,55.6932,56.4693,55.3925,56.1589,15657700,CSCO,57.1258,56.7164,59.1970,57.8772,58.0258,57.0975,53.2850,54.5103
2025-04-15,55.4895,56.1783,55.3537,56.1395,18543600,CSCO,56.9948,56.5995,59.1303,57.7836,58.0321,57.0656,53.3390,54.5200
2025-04-16,54.0926,55.3731,53.7627,54.8784,20551300,CSCO,56.7545,56.3608,59.0300,57.6388,58.0274,57.0068,53.3857,54.5158
2025-04-17,54.0926,54.7231,54.0247,54.5194,15910400,CSCO,56.5383,56.1447,58.9059,57.4998,58.0179,56.9490,53.4324,54.5116
2025-04-21,52.7442,53.6754,52.2203,53.5105,15578800,CSCO,56.2700,55.8209,58.7606,57.3133,57.9945,56.8658,53.4735,54.4940
2025-04-22,53.3941,53.6269,52.9576,53.5687,19961800,CSCO,56.0020,55.5898,58.6284,57.1596,57.9680,56.7970,53.5187,54.4830
2025-04-23,53.9665,55.2761,53.8404,54.4709,30231500,CSCO,55.7616,55.4352,58.4971,57.0344,57.9454,56.7410,53.5670,54.4779
2025-04-24,54.6067,54.8784,53.5105,53.6463,22782300,CSCO,55.5143,55.3563,58.3860,56.9392,57.9211,56.6987,53.6213,54.4792
2025-04-25,55.0142,55.0821,54.3933,54.5291,16493500,CSCO,55.3065,55.3237,58.2812,56.8637,57.9038,56.6654,53.6788,54.4845
2025-04-28,55.1403,55.6156,54.7329,54.8396,23140600,CSCO,55.1311,55.3062,58.1536,56.7961,57.8885,56.6352,53.7348,54.4910
2025-04-29,55.6253,55.7709,54.9366,54.9948,13466000,CSCO,54.9390,55.3366,58.0158,56.7502,57.8759,56.6152,53.7908,54.5023
2025-04-30,56.0037,56.1783,54.7717,55.3925,19921200,CSCO,54.7615,55.4001,57.8910,56.7209,57.8666,56.6031,53.8458,54.5173
2025-05-01,56.3820,56.7215,55.9552,56.0522,16420800,CSCO,54.6019,55.4936,57.7690,56.7076,57.8598,56.5987,53.9026,54.5358
2025-05-02,57.5558,57.6431,56.9835,57.2939,18753200,CSCO,54.6999,55.6900,57.6737,56.7409,57.8609,56.6176,53.9651,54.5659
2025-05-05,57.5461,57.8663,57.1193,57.2357,14758500,CSCO,54.9317,55.8668,57.5915,56.7725,57.8631,56.6360,54.0224,54.5955
2025-05-06,57.4491,57.7304,56.8283,56.8768,13766500,CSCO,55.1650,56.0175,57.5217,56.7990,57.8734,56.6521,54.0815,54.6239
2025-05-07,57.7887,58.1088,57.3036,57.4297,14078300,CSCO,55.4745,56.1862,57.4387,56.8378,57.8892,56.6746,54.1457,54.6554
2025-05-08,57.9245,58.4774,57.6528,58.1670,16196700,CSCO,55.5511,56.3517,57.3622,56.8804,57.9077,56.6994,54.2130,54.6879
2025-05-09,57.9827,59.0110,57.6625,58.8461,17480700,CSCO,55.7054,56.5071,57.2920,56.9236,57.9242,56.7248,54.2827,54.7207
2025-05-12,59.8259,60.0005,59.2923,59.7677,23700000,CSCO,55.9159,56.8231,57.2529,57.0375,57.9614,56.7862,54.3593,54.7715
2025-05-13,59.9326,60.3788,59.7676,59.8356,18591200,CSCO,56.1278,57.1193,57.2281,57.1510,58.0022,56.8485,54.4346,54.8229
2025-05-14,59.4572,60.0199,59.0304,59.7871,34509200,CSCO,56.3262,57.3419,57.1980,57.2414,58.0367,56.9002,54.5045,54.8690
2025-05-15,62.3384,63.7839,61.0385,61.1840,60718000,CSCO,56.7385,57.8178,57.2121,57.4413,58.1094,57.0078,54.5883,54.9433
2025-05-16,61.7175,62.1153,61.0967,61.9989,30289900,CSCO,57.1198,58.1892,57.2243,57.6090,58.1750,57.1011,54.6682,55.0107
2025-05-19,62.0086,62.2123,61.2907,61.5332,16249000,CSCO,57.5830,58.5529,57.2322,57.7815,58.2350,57.1983,54.7482,55.0803
2025-05-20,61.5235,61.9407,61.1840,61.8340,14995200,CSCO,57.9895,58.8359,57.2665,57.9283,58.2857,57.2839,54.8307,55.1444
2025-05-21,61.3101,61.9989,61.0870,61.1064,15595900,CSCO,58.3566,59.0715,57.3234,58.0609,58.3259,57.3637,54.9156,55.2058
2025-05-22,61.4653,61.8146,61.0676,61.5138,15641100,CSCO,58.6996,59.2995,57.3875,58.1944,58.3665,57.4449,55.0105,55.2681
2025-05-23,61.2228,61.3295,60.6601,60.8347,15645400,CSCO,59.0100,59.4827,57.4619,58.3132,58.4082,57.5197,55.1021,55.3273
2025-05-27,61.8437,62.0765,61.4459,61.8534,17429400,CSCO,59.3452,59.7075,57.5327,58.4516,58.4601,57.6053,55.1970,55.3922
2025-05-28,61.4459,62.0765,61.3586,61.9795,13814500,CSCO,59.6362,59.8731,57.5881,58.5690,58.5079,57.6814,55.2866,55.4524
2025-05-29,61.1646,61.8340,60.6213,61.8243,13982800,CSCO,59.8942,59.9961,57.6492,58.6708,58.5539,57.7503,55.3765,55.5092
2025-05-30,61.1549,61.2907,60.4370,61.0385,25829000,CSCO,60.1329,60.1064,57.6943,58.7682,58.5982,57.8178,55.4692,55.5654
2025-06-02,61.9407,61.9698,60.8348,60.8542,15816000,CSCO,60.3521,60.2811,57.7648,58.8927,58.6513,57.8994,55.5634,55.6289
2025-06-03,62.4354,62.5324,61.8146,61.8922,15156900,CSCO,60.5966,60.4863,57.8513,59.0316,58.7078,57.9892,55.6598,55.6966
2025-06-04,62.4645,62.9496,62.4257,62.7264,14770900,CSCO,60.8474,60.6747,57.9255,59.1662,58.7619,58.0778,55.7416,55.7639
2025-06-05,62.6876,62.9690,62.3578,62.5518,17025200,CSCO,61.0923,60.8664,58.0038,59.3043,58.8227,58.1691,55.8201,55.8328
2025-06-06,64.0846,64.1816,63.2794,63.3667,20943800,CSCO,61.4003,61.1729,58.0944,59.4918,58.8973,58.2863,55.9032,55.9149
2025-06-09,63.9294,64.3756,63.6286,64.1331,13689800,CSCO,61.6977,61.4354,58.1896,59.6658,58.9649,58.3980,55.9842,55.9947
2025-06-10,63.2018,64.1040,62.8720,64.0361,17214900,CSCO,61.8665,61.6036,58.2807,59.8045,59.0189,58.4931,56.0606,56.0664
2025-06-11,62.2705,63.2018,61.9601,63.1630,20442600,CSCO,61.9833,61.6672,58.3368,59.9012,59.0651,58.5679,56.1335,56.1281
2025-06-12,63.1533,63.2600,62.1929,62.3966,15160800,CSCO,62.1682,61.8087,58.4087,60.0287,59.1163,58.6587,56.2082,56.1980
2025-06-13,62.1735,62.7847,62.0183,62.6585,14635000,CSCO,62.1599,61.8434,58.4607,60.1128,59.1499,58.7283,56.2779,56.2575
2025-06-16,63.5510,63.6480,62.9108,63.2406,16957700,CSCO,62.2516,62.0061,58.6198,60.2476,59.1915,58.8238,56.3548,56.3300
2025-06-17,63.3764,64.1719,63.0757,63.6771,18845200,CSCO,62.3200,62.1366,58.8292,60.3703,59.2256,58.9140,56.4349,56.4002
2025-06-18,63.8712,64.3562,63.4249,63.7257,22664200,CSCO,62.4374,62.3018,59.0509,60.5076,59.2646,59.0121,56.5150,56.4745
2025-06-20,64.3368,64.6569,63.7547,64.5017,50421700,CSCO,62.5887,62.4956,59.3057,60.6578,59.3386,59.1176,56.5966,56.5527
2025-06-23,65.3651,65.4718,64.2301,64.3659,34030000,CSCO,62.7837,62.7689,59.4852,60.8424,59.4196,59.2413,56.6857,56.6404
2025-06-24,65.8599,66.0054,65.3457,65.7531,23162700,CSCO,63.0155,63.0633,59.7044,61.0392,59.5043,59.3724,56.7789,56.7321
2025-06-25,66.1509,66.4807,65.7531,65.8210,19395700,CSCO,63.2309,63.3573,59.9151,61.2396,59.5831,59.5066,56.8763,56.8259
2025-06-26,66.8881,67.0919,66.3740,66.6650,23154000,CSCO,63.5030,63.6936,60.1390,61.4611,59.6680,59.6527,56.9804,56.9260
2025-06-27,66.5971,67.1501,66.2964,66.8105,26224600,CSCO,63.7746,63.9701,60.3612,61.6625,59.7457,59.7903,57.0821,57.0222
2025-06-30,67.3053,67.6933,66.6941,66.7718,32561200,CSCO,64.0822,64.2877,60.6254,61.8838,59.8277,59.9391,57.1869,57.1245
2025-07-01,67.0337,67.4702,66.5874,67.3053,21939500,CSCO,64.3368,64.5493,60.8842,62.0858,59.8951,60.0796,57.2889,57.2231
2025-07-02,66.5389,66.8785,66.1412,66.6262,16655200,CSCO,64.5420,64.7388,61.1601,62.2604,59.9604,60.2075,57.3859,57.3158
2025-07-03,67.7003,67.7979,66.5389,66.5389,17973500,CSCO,64.8038,65.0208,61.4462,62.4737,60.0373,60.3558,57.4879,57.4192
2025-07-07,67.2709,67.6320,66.9586,67.4173,23985200,CSCO,65.0329,65.2351,61.7123,62.6619,60.1047,60.4928,57.5819,57.5172
2025-07-08,66.9391,67.2611,66.7048,67.1440,21182600,CSCO,65.1757,65.3974,61.9590,62.8296,60.1725,60.6204,57.6762,57.6109
2025-07-09,67.6027,67.6515,66.6658,66.8903,23765900,CSCO,65.3593,65.6074,62.2108,63.0168,60.2460,60.7587,57.7741,57.7104
2025-07-10,67.1050,67.7198,66.9098,67.5929,15005300,CSCO,65.5545,65.7500,62.4500,63.1771,60.3018,60.8844,57.8653,57.8038
2025-07-11,66.3145,66.8512,66.0607,66.6463,14699400,CSCO,65.7567,65.8038,62.6638,63.3001,60.3398,60.9919,57.9500,57.8885
2025-07-14,66.1876,66.3925,65.5825,66.1973,16451400,CSCO,65.9084,65.8403,62.8675,63.4134,60.3793,61.0948,58.0331,57.9711
2025-07-15,65.5630,66.2462,65.5337,66.0510,13944600,CSCO,66.0779,65.8139,63.0511,63.4977,60.4101,61.1832,58.1115,58.0466
2025-07-16,65.7484,65.9338,65.3678,65.5337,15156100,CSCO,66.1877,65.8077,63.2150,63.5859,60.4443,61.2736,58.1902,58.1233
2025-07-17,66.6560,66.8219,65.8850,65.9241,20400000,CSCO,66.3517,65.8885,63.3972,63.7063,60.4944,61.3802,58.2724,58.2082
2025-07-18,66.4121,67.1830,66.3242,67.1245,16145100,CSCO,66.4788,65.9383,63.5764,63.8124,60.5491,61.4799,58.3527,58.2898
2025-07-21,66.6951,66.9683,66.1583,66.2657,14674200,CSCO,66.5967,66.0104,63.7546,63.9255,60.5967,61.5831,58.4334,58.3734
2025-07-22,66.5194,66.9488,66.4413,66.6951,14527200,CSCO,66.6544,66.0589,63.9265,64.0272,60.6443,61.6809,58.5155,58.4545
2025-07-23,66.9683,67.1733,66.4218,66.7048,13042300,CSCO,66.7098,66.1455,64.1062,64.1425,60.6991,61.7856,58.5985,58.5392
2025-07-24,66.6463,66.9391,66.2852,66.7146,13534000,CSCO,66.7346,66.1932,64.2426,64.2407,60.7478,61.8818,58.6808,58.6199
2025-07-25,67.0367,67.1635,66.4316,66.7341,11590000,CSCO,66.7420,66.2735,64.3847,64.3504,60.8064,61.9839,58.7636,58.7036
2025-07-28,66.2852,66.3242,65.7484,66.1193,20558400,CSCO,66.7264,66.2746,64.5212,64.4262,60.8596,62.0691,58.8437,58.7791
2025-07-29,66.3242,67.0659,66.1974,66.5877,15261800,CSCO,66.6774,66.2794,64.6009,64.5007,60.9065,62.1533,58.9230,58.8541
2025-07-30,66.6365,66.9293,65.7289,66.2071,15518200,CSCO,66.6575,66.3134,64.6993,64.5844,60.9618,62.2421,58.9998,58.9316
2025-07-31,66.4413,67.4856,66.2461,66.6658,18529200,CSCO,66.6526,66.3256,64.7880,64.6573,61.0101,62.3253,59.0758,59.0063
2025-08-01,65.4947,65.9826,64.9189,65.8850,21650000,CSCO,66.5423,66.2464,64.8674,64.6901,61.0670,62.3880,59.1437,59.0709
2025-08-04,66.8415,66.8610,65.9826,66.1388,17052200,CSCO,66.5209,66.3031,64.9780,64.7745,61.1507,62.4762,59.2182,59.1482
2025-08-05,65.8948,67.2123,65.8167,67.0366,15434500,CSCO,66.4687,66.2642,65.0666,64.8184,61.2270,62.5439,59.2888,59.2153
2025-08-06,67.5441,67.6808,66.1388,66.3242,23107800,CSCO,66.4657,66.3861,65.1930,64.9253,61.3275,62.6429,59.3567,59.2982
2025-08-07,68.2175,68.4518,67.5441,68.1199,22579600,CSCO,66.5214,66.5605,65.3205,65.0544,61.4266,62.7533,59.4279,59.3869
2025-08-08,70.0620,70.2865,68.5298,68.5493,31662400,CSCO,66.7087,66.8940,65.4928,65.2508,61.5405,62.8980,59.5066,59.4932
2025-08-11,68.9690,70.8037,68.6469,70.5598,28911400,CSCO,66.8478,67.0916,65.6489,65.3966,61.6491,63.0183,59.5806,59.5874
2025-08-12,69.6619,69.7790,68.8616,69.0861,21912100,CSCO,67.0528,67.3364,65.8191,65.5638,61.7567,63.1498,59.6580,59.6877
2025-08-13,68.7055,70.2963,68.5591,70.1304,38096400,CSCO,67.2006,67.4668,65.9544,65.6871,61.8596,63.2598,59.7322,59.7774
2025-08-14,67.6320,68.9104,65.8558,66.3633,39317300,CSCO,67.2494,67.4825,66.0583,65.7633,61.9548,63.3464,59.8026,59.8556
2025-08-15,64.6066,66.9976,64.2748,66.8024,40877300,CSCO,67.1591,67.2086,66.1011,65.7180,62.0133,63.3714,59.8589,59.9028
2025-08-18,65.3385,65.4947,64.1674,64.4895,20903400,CSCO,67.0913,67.0305,66.1542,65.7031,62.0790,63.4103,59.9210,59.9569
2025-08-19,65.1531,65.8948,64.8798,65.1531,18746600,CSCO,67.0230,66.8517,66.1755,65.6815,62.1350,63.4448,59.9803,60.0086
2025-08-20,65.4947,65.5728,64.9384,65.2117,14946400,CSCO,66.9493,66.7225,66.2068,65.6742,62.1982,63.4854,60.0417,60.0632
2025-08-21,65.4068,65.6020,64.8701,65.4849,12456600,CSCO,66.8873,66.5972,66.2509,65.6637,62.2658,63.5235,60.1066,60.1164
2025-08-22,65.6996,66.4023,65.3971,65.7094,16830600,CSCO,66.8205,66.5117,66.3195,65.6651,62.3281,63.5666,60.1695,60.1719
2025-08-25,65.5240,65.8753,65.4947,65.6606,11724500,CSCO,66.7824,66.4176,66.3669,65.6596,62.3878,63.6053,60.2300,60.2252
2025-08-26,66.7439,67.0952,65.4947,65.5532,28307900,CSCO,66.8034,66.4487,66.4583,65.7021,62.4595,63.6675,60.2949,60.2901
2025-08-27,66.7927,67.0952,66.5097,66.6756,13876700,CSCO,66.8112,66.4815,66.5232,65.7449,62.5715,63.7294,60.3519,60.3548
2025-08-28,67.7588,67.9052,66.7048,66.7146,15256000,CSCO,66.8771,66.6031,66.6108,65.8238,62.7200,63.8091,60.4128,60.4284
2025-08-29,67.4270,67.7881,67.1733,67.4465,14953000,CSCO,66.9737,66.6816,66.6819,65.8867,62.8664,63.8808,60.4721,60.4981
2025-09-02,66.1681,66.6756,65.7582,66.4706,18928800,CSCO,66.9400,66.6327,66.7186,65.8977,63.0121,63.9261,60.5223,60.5545
2025-09-03,66.0412,66.4901,65.7094,66.4121,14320100,CSCO,66.9474,66.5763,66.7321,65.9034,63.1086,63.9680,60.5715,60.6091
2025-09-04,66.3535,66.7634,65.7875,66.4608,14388500,CSCO,66.8878,66.5551,66.7420,65.9210,63.2232,64.0152,60.6201,60.6662
2025-09-05,65.2897,66.4608,64.8798,66.0900,21050800,CSCO,66.7414,66.4346,66.7247,65.8963,63.3199,64.0404,60.6694,60.7122
2025-09-08,65.2702,65.3971,64.7530,65.1141,14038000,CSCO,66.5018,66.3237,66.6924,65.8717,63.4157,64.0648,60.7207,60.7576
2025-09-09,65.7191,65.8167,65.0360,65.1336,11649400,CSCO,66.3393,66.2661,66.6748,65.8657,63.5180,64.0976,60.7751,60.8070
2025-09-10,66.4901,66.6756,65.5045,65.9631,14689500,CSCO,66.1808,66.2875,66.6585,65.8902,63.6420,64.1449,60.8347,60.8635
2025-09-11,66.0607,66.9195,65.8851,66.6658,17560800,CSCO,66.0485,66.2659,66.6391,65.8969,63.7616,64.1829,60.8898,60.9152
2025-09-12,64.9286,65.7191,64.5383,65.2702,18529200,CSCO,65.9134,66.1385,66.6068,65.8589,63.8835,64.1976,60.9390,60.9552
2025-09-15,65.4068,65.5825,64.7530,64.9091,16203100,CSCO,65.9534,66.0688,66.5610,65.8412,64.0036,64.2216,60.9858,60.9995
2025-09-16,65.3190,65.7582,64.9482,65.4068,18019300,CSCO,65.9524,65.9974,66.5219,65.8207,64.1171,64.2433,61.0313,61.0424
2025-09-17,66.0900,66.2461,64.7822,65.3873,18652100,CSCO,65.9992,66.0062,66.5050,65.8313,64.2320,64.2799,61.0766,61.0927
2025-09-18,67.0269,67.1050,65.8558,66.2657,20279000,CSCO,66.0758,66.1034,66.4934,65.8782,64.3521,64.3343,61.1279,61.1517
2025-09-19,66.5682,67.2611,65.5630,67.2611,47822500,CSCO,66.1339,66.1477,66.4827,65.9052,64.4664,64.3785,61.1774,61.2056
2025-09-22,66.1193,66.3633,65.6801,66.2266,20396700,CSCO,66.1549,66.1450,66.4788,65.9136,64.5713,64.4130,61.2236,61.2545
2025-09-23,65.9143,66.5780,65.4556,65.9534,22240000,CSCO,66.1744,66.1230,66.4733,65.9137,64.6704,64.4427,61.2685,61.3009
2025-09-24,65.6996,66.2266,65.2800,66.0705,17433100,CSCO,66.1222,66.0827,66.4761,65.9053,64.7636,64.4676,61.3117,61.3446
2025-09-25,66.2169,66.5975,65.4947,65.6996,22351700,CSCO,66.0934,66.0955,66.4854,65.9175,64.8502,64.5022,61.3555,61.3931
2025-09-26,65.6020,66.2754,65.2409,66.2364,15077400,CSCO,65.9856,66.0485,66.4644,65.9051,64.9308,64.5240,61.3969,61.4350
2025-09-29,66.0900,66.3145,65.8167,66.0900,14358300,CSCO,65.9187,66.0524,66.4579,65.9124,65.0172,64.5550,61.4453,61.4813
2025-09-30,66.7732,67.1147,66.0607,66.0802,20498900,CSCO,65.9490,66.1211,66.4595,65.9461,65.1070,64.5990,61.4981,61.5340
2025-10-01,67.0952,67.1635,66.0607,66.2657,15530700,CSCO,66.0017,66.2139,66.4710,65.9912,65.1987,64.6484,61.5532,61.5893
2025-10-02,66.6658,67.8174,66.6170,67.5149,15708300,CSCO,66.0173,66.2569,66.4649,66.0176,65.2856,64.6883,61.6049,61.6398
2025-10-03,66.6854,67.3334,66.4203,66.7149,11113200,CSCO,66.0871,66.2977,66.4657,66.0438,65.3542,64.7279,61.6578,61.6900
2025-10-06,67.6574,67.6967,66.5774,67.1960,21952700,CSCO,66.2064,66.4272,66.4781,66.1071,65.4314,64.7859,61.7168,61.7494
2025-10-07,67.7360,67.9618,67.1960,67.6673,16493200,CSCO,66.3073,66.5519,66.5072,66.1710,65.5142,64.8443,61.7754,61.8090
2025-10-08,69.0516,69.4738,67.7458,68.5411,34246300,CSCO,66.4354,66.7899,66.5617,66.2839,65.5813,64.9276,61.8454,61.8810
2025-10-09,68.6884,69.3364,67.7753,69.0320,21209500,CSCO,66.5667,66.9707,66.6027,66.3782,65.6510,65.0021,61.9130,61.9488
2025-10-10,66.7051,69.5229,66.6560,69.1302,20961500,CSCO,66.6556,66.9454,66.6080,66.3911,65.6980,65.0358,61.9665,61.9961
2025-10-13,66.2338,67.6378,65.9098,67.3040,14127900,CSCO,66.6969,66.8777,66.6228,66.3849,65.7451,65.0595,62.0154,62.0383
2025-10-14,67.4120,67.9029,65.5956,65.8902,15402000,CSCO,66.8016,66.9285,66.6342,66.4252,65.8061,65.1061,62.0660,62.0917
2025-10-15,68.2563,69.0222,67.5691,68.0502,16260500,CSCO,66.9099,67.0550,66.6814,66.4970,65.8740,65.1685,62.1203,62.1531
2025-10-16,67.8342,68.7964,67.3236,68.5116,13950600,CSCO,66.9502,67.1292,66.6872,66.5494,65.9401,65.2213,62.1742,62.2096
2025-10-17,68.8553,69.4836,67.6967,67.8047,16286900,CSCO,67.0646,67.2936,66.7000,66.6398,66.0103,65.2932,62.2352,62.2757
2025-10-20,69.3658,69.6800,68.8454,68.8454,12183500,CSCO,67.2269,67.4909,66.6861,66.7467,66.0895,65.3739,62.2987,62.3463
2025-10-21,69.4345,69.9451,69.1007,69.2971,15763300,CSCO,67.4029,67.6761,66.6954,66.8521,66.1722,65.4543,62.3630,62.4168
2025-10-22,69.3756,69.6800,68.5803,69.5720,14967200,CSCO,67.5867,67.8379,66.6897,66.9511,66.2544,65.5319,62.4263,62.4860
2025-10-23,68.9927,69.9451,68.9534,69.3167,14614100,CSCO,67.7255,67.9479,66.6954,67.0312,66.3249,65.6005,62.4881,62.5508
2025-10-24,69.3462,69.6505,68.7865,69.3560,13075600,CSCO,67.9127,68.0811,66.7297,67.1220,66.3940,65.6746,62.5509,62.6184
2025-10-27,70.0924,70.1611,69.1498,69.2578,15986800,CSCO,68.1128,68.2726,66.8394,67.2384,66.4703,65.7621,62.6161,62.6928
2025-10-28,71.3000,71.3589,69.7389,69.9058,19896800,CSCO,68.3392,68.5609,66.9586,67.3977,66.5564,65.8718,62.6896,62.7784
2025-10-29,70.0334,71.4964,69.6309,71.3589,18020600,CSCO,68.4861,68.7012,67.0562,67.5011,66.6159,65.9542,62.7566,62.8506
2025-10-30,71.5847,71.7811,70.0433,70.0727,18101800,CSCO,68.7320,68.9758,67.1780,67.6612,66.6924,66.0657,62.8287,62.9375
2025-10-31,71.7811,72.1444,71.1135,71.3982,24008000,CSCO,68.9868,69.2430,67.3055,67.8228,66.7782,66.1789,62.8986,63.0255
2025-11-03,73.0967,73.4797,72.2818,73.2538,21733400,CSCO,69.2588,69.6100,67.4535,68.0296,66.8865,66.3159,62.9758,63.1257
2025-11-04,71.0055,72.6451,70.6716,72.5567,22345000,CSCO,69.4223,69.7429,67.5631,68.1463,66.9650,66.4087,63.0406,63.2041
2025-11-05,70.7895,71.2607,70.0433,70.9073,16113500,CSCO,69.5092,69.8426,67.6440,68.2500,67.0512,66.4955,63.1005,63.2796
2025-11-06,69.7487,70.9171,69.4051,70.4065,16469900,CSCO,69.5622,69.8336,67.7031,68.3087,67.1132,66.5599,63.1523,63.3440
2025-11-07,69.7782,70.2887,69.2578,70.0924,16913700,CSCO,69.7158,69.8284,67.7435,68.3664,67.1772,66.6236,63.2014,63.4080
2025-11-10,70.7796,71.1822,69.8567,70.4556,22201200,CSCO,69.9431,69.9190,67.8106,68.4610,67.2463,66.7059,63.2554,63.4813
2025-11-11,70.4065,70.9367,69.8076,70.4360,21412900,CSCO,70.0929,69.9654,67.8953,68.5373,67.3070,66.7792,63.3228,63.5502
2025-11-12,72.6156,72.8611,70.4164,70.6029,57591600,CSCO,70.3108,70.2178,68.0268,68.6972,67.3795,66.8948,63.3995,63.6405
2025-11-13,75.9735,78.0549,75.2568,76.5331,57638500,CSCO,70.7178,70.7660,68.2192,68.9826,67.4806,67.0745,63.4925,63.7632
2025-11-14,76.5822,77.2400,74.4615,75.1880,38819600,CSCO,71.1041,71.3199,68.4451,69.2806,67.5849,67.2628,63.5840,63.8907
2025-11-17,76.3662,77.9469,76.0618,76.4742,28720100,CSCO,71.4541,71.8005,68.6670,69.5585,67.6797,67.4431,63.6738,64.0149
2025-11-18,75.9637,76.7786,75.0604,76.1404,26025500,CSCO,71.7806,72.1970,68.8719,69.8096,67.7734,67.6118,63.7595,64.1337
2025-11-19,76.9651,77.4953,75.7575,75.8949,24759700,CSCO,72.1601,72.6511,69.0814,70.0903,67.8700,67.7970,63.8488,64.2614
2025-11-20,74.0688,78.6048,73.9509,77.6819,27381900,CSCO,72.4139,72.7861,69.2416,70.2463,67.9403,67.9212,63.9177,64.3590
2025-11-21,74.7167,75.5415,74.0982,74.2651,24428800,CSCO,72.6824,72.9700,69.4373,70.4216,68.0221,68.0558,63.9912,64.4621
2025-11-24,74.8542,75.4826,74.3044,75.0997,26691500,CSCO,72.9205,73.1494,69.6263,70.5954,68.0936,68.1904,64.0655,64.5655
2025-11-25,74.9327,75.6593,74.6971,75.0997,18818800,CSCO,73.1021,73.3193,69.8185,70.7655,68.1702,68.3239,64.1375,64.6686
2025-11-26,74.6873,75.2077,73.9706,75.0702,15972600,CSCO,73.3348,73.4496,69.9905,70.9193,68.2477,68.4499,64.2101,64.7683
2025-11-28,75.5415,75.5611,74.4320,74.7560,7320900,CSCO,73.5327,73.6488,70.1608,71.1006,68.3271,68.5903,64.2865,64.8755
2025-12-01,74.6578,75.4237,74.5498,75.2764,15529600,CSCO,73.6765,73.7449,70.3226,71.2401,68.4026,68.7105,64.3522,64.9729
2025-12-02,75.4728,75.6004,74.3829,74.7757,14619100,CSCO,73.7953,73.9094,70.5096,71.4061,68.4942,68.8444,64.4170,65.0773
2025-12-03,76.3368,76.4055,74.2749,75.1978,16088400,CSCO,74.0619,74.1406,70.7181,71.5994,68.5957,68.9928,64.4875,65.1894
2025-12-04,76.3466,76.4448,75.7673,76.2778,12572600,CSCO,74.3397,74.3507,70.9310,71.7856,68.7035,69.1384,64.5568,65.3004
2025-12-05,76.5528,76.7688,75.9931,76.5528,12579400,CSCO,74.6799,74.5604,71.1377,71.9725,68.8116,69.2852,64.6280,65.4123
2025-12-08,77.4266,77.9371,76.7000,76.7884,17454500,CSCO,75.0624,74.8334,71.3742,72.1864,68.9193,69.4464,64.7068,65.5319
2025-12-09,78.0648,78.4280,77.0830,77.3579,15737500,CSCO,75.4266,75.1411,71.6137,72.4169,69.0358,69.6171,64.7924,65.6566
2025-12-10,78.7913,79.3510,77.3677,77.3971,21302700,CSCO,75.8458,75.4888,71.8541,72.6669,69.1568,69.7987,64.8767,65.7873
2025-12-11,77.8291,78.9091,77.3971,78.7815,18652300,CSCO,76.1065,75.7117,72.0688,72.8694,69.2699,69.9578,64.9571,65.9071
2025-12-12,76.3858,78.1139,76.3073,78.0157,16672300,CSCO,76.1271,75.7759,72.2632,73.0073,69.3641,70.0851,65.0316,66.0114
2025-12-15,76.8277,77.2793,76.1306,76.7884,17646000,CSCO,76.1394,75.8760,72.4660,73.1571,69.4659,70.2186,65.1068,66.1190
2025-12-16,76.1404,77.1811,75.9735,76.6902,17737200,CSCO,76.1281,75.9012,72.6357,73.2741,69.5569,70.3358,65.1817,66.2187
2025-12-17,74.6186,76.7786,74.5400,76.4840,26094400,CSCO,76.0609,75.7791,72.7733,73.3268,69.6402,70.4206,65.2499,66.3023
2025-12-18,75.5513,76.3957,74.8738,74.9426,19249400,CSCO,75.9902,75.7574,72.9033,73.4140,69.7325,70.5222,65.3195,66.3943
2025-12-19,76.9946,77.7309,75.3942,75.5709,84881900,CSCO,76.1365,75.8752,73.0694,73.5544,69.8361,70.6504,65.3990,66.4998
2025-12-22,76.6902,77.7113,76.5429,77.5837,18016100,CSCO,76.2351,75.9528,73.2691,73.6774,69.9386,70.7700,65.4743,66.6012
2025-12-23,76.6018,76.7000,76.1797,76.1993,16712600,CSCO,76.3225,76.0146,73.4765,73.7921,70.0497,70.8855,65.5583,66.7007
2025-12-24,76.6018,76.8669,76.4349,76.6018,9104400,CSCO,76.4060,76.0706,73.6603,73.9023,70.1473,70.9987,65.6490,66.7992
2025-12-26,76.7393,76.8571,76.5135,76.6804,10158000,CSCO,76.5086,76.1342,73.8300,74.0135,70.2557,71.1124,65.7414,66.8981
2025-12-29,76.3760,76.8768,76.1109,76.6117,17941800,CSCO,76.5503,76.1573,74.0008,74.1062,70.3440,71.2166,65.8357,66.9924
2025-12-30,76.0029,76.3957,75.7673,76.3957,13952200,CSCO,76.6176,76.1426,74.1438,74.1806,70.4219,71.3114,65.9243,67.0821
2025-12-31,75.6298,76.4055,75.4826,75.9342,13570500,CSCO,76.6254,76.0937,74.2690,74.2374,70.4776,71.3969,66.0090,67.1671
2026-01-02,75.0573,75.9556,74.6329,75.6595,15749800,CSCO,76.5614,75.9950,74.3815,74.2696,70.5384,71.4694,66.0938,67.2457
2026-01-05,74.6033,75.7779,74.2381,75.4620,16328800,CSCO,76.4743,75.8625,74.4860,74.2826,70.5879,71.5314,66.1723,67.3189
2026-01-06,74.2578,74.7514,73.8432,74.5539,17017200,CSCO,76.3595,75.7097,74.5913,74.2817,70.6434,71.5854,66.2515,67.3879
2026-01-07,73.7544,74.4059,73.2411,74.1492,20347400,CSCO,76.1759,75.5234,74.6795,74.2610,70.7046,71.6284,66.3297,67.4513
2026-01-08,73.0042,73.4978,72.5995,73.3497,17192200,CSCO,75.9229,75.2835,74.7377,74.2117,70.7886,71.6556,66.4010,67.5065
2026-01-09,72.9253,73.3694,72.3922,72.5008,19104100,CSCO,75.6296,75.0589,74.7703,74.1613,70.8644,71.6807,66.4717,67.5604
2026-01-12,73.0536,73.0931,71.8592,71.9678,20985700,CSCO,75.3908,74.8679,74.8307,74.1178,70.9435,71.7079,66.5392,67.6151
2026-01-13,74.4947,74.5243,72.9055,73.0338,17809900,CSCO,75.2963,74.8324,74.8889,74.1326,71.0335,71.7631,66.6158,67.6835
2026-01-14,73.4484,74.1394,72.8660,73.9617,17801300,CSCO,75.1273,74.7006,74.9222,74.1058,71.1139,71.7965,66.6898,67.7409
2026-01-15,74.2775,75.0672,73.9419,74.2479,18213000,CSCO,75.0341,74.6603,74.9458,74.1125,71.1996,71.8456,66.7639,67.8059
2026-01-16,74.2183,75.0080,73.6359,74.6625,25743300,CSCO,75.0141,74.6182,75.0101,74.1167,71.2866,71.8926,66.8372,67.8698
2026-01-20,72.4021,73.9025,72.2639,73.5570,23999700,CSCO,74.8567,74.4071,75.0423,74.0494,71.3432,71.9027,66.9014,67.9148
2026-01-21,72.7377,73.3990,72.0665,72.9943,18210200,CSCO,74.6438,74.2482,75.1021,73.9980,71.4026,71.9192,66.9871,67.9628
2026-01-22,73.3694,73.8136,72.9252,73.1523,12879800,CSCO,74.4778,74.1645,75.1739,73.9733,71.4587,71.9479,67.0894,68.0166
2026-01-23,73.6261,74.0999,72.7575,72.9943,13125500,CSCO,74.3290,74.1132,75.2309,73.9597,71.5207,71.9812,67.1936,68.0724
2026-01-26,76.0148,76.4195,74.6625,75.4818,24714400,CSCO,74.2997,74.2943,75.3430,74.0403,71.6192,72.0610,67.3157,68.1515
2026-01-27,77.6632,77.8902,76.0543,76.1925,17756700,CSCO,74.3459,74.6151,75.4440,74.1824,71.7354,72.1720,67.4220,68.2461
2026-01-28,77.9396,78.0186,77.0117,77.9100,14022900,CSCO,74.4240,74.9318,75.4833,74.3297,71.8513,72.2862,67.5372,68.3426
2026-01-29,77.4165,78.4529,76.6268,78.0877,22642900,CSCO,74.4947,75.1684,75.5000,74.4508,71.9725,72.3878,67.6462,68.4329
2026-01-30,77.3079,77.7817,76.7156,77.0808,26458400,CSCO,74.5786,75.3722,75.5188,74.5628,72.0929,72.4852,67.7543,68.5212
2026-02-02,79.5979,80.1112,76.9920,77.1105,28238600,CSCO,74.8056,75.7746,75.5915,74.7603,72.2317,72.6261,67.8748,68.6314
2026-02-03,82.0360,82.1742,79.7657,79.7657,34962100,CSCO,75.1773,76.3709,75.6929,75.0456,72.3872,72.8124,68.0146,68.7648
2026-02-04,80.1112,83.1514,80.0914,82.8947,39765700,CSCO,75.4699,76.7271,75.8138,75.2442,72.5277,72.9569,68.1447,68.8777
2026-02-05,81.2957,82.2334,79.7657,79.8150,24236500,CSCO,75.8470,77.1622,75.9453,75.4815,72.6913,73.1220,68.2874,69.0012
2026-02-06,83.7239,83.9016,81.7398,82.4802,23936600,CSCO,76.3830,77.7872,76.1227,75.8048,72.8745,73.3320,68.4391,69.1477
2026-02-09,85.6585,86.1225,83.2205,83.6350,22908400,CSCO,77.0196,78.5368,76.3373,76.1912,73.0779,73.5761,68.5975,69.3120
2026-02-10,85.1749,87.0503,85.0169,85.8461,32113800,CSCO,77.6257,79.1690,76.5470,76.5435,73.2687,73.8057,68.7504,69.4698
2026-02-11,84.4346,86.0139,84.0299,84.9478,34455800,CSCO,78.1227,79.6705,76.7249,76.8530,73.4428,74.0162,68.8975,69.6188
2026-02-12,74.0308,79.3314,73.1325,78.5812,68098600,CSCO,78.1518,79.1334,76.7123,76.7423,73.5174,74.0165,68.9919,69.6627
2026-02-13,75.8569,76.3011,72.4712,73.4188,42886400,CSCO,78.2308,78.8213,76.7200,76.7076,73.6148,74.0530,69.0931,69.7243
2026-02-17,75.8569,76.5676,75.4917,75.9556,24792700,CSCO,78.3127,78.5390,76.7104,76.6742,73.7142,74.0887,69.1923,69.7853
2026-02-18,77.1697,77.5842,75.5015,75.5607,20648800,CSCO,78.5511,78.4086,76.7269,76.6936,73.8290,74.1497,69.2963,69.8588
2026-02-19,77.5448,78.1370,76.8637,76.9821,18443200,CSCO,78.7914,78.3263,76.7467,76.7270,73.9422,74.2169,69.3962,69.9353
2026-02-20,78.1765,78.3048,77.1203,77.1203,29461600,CSCO,79.0318,78.3120,76.7617,76.7838,74.0680,74.2953,69.4994,70.0173
2026-02-23,76.7354,78.4529,75.9457,77.8310,24485900,CSCO,79.1873,78.1619,76.7351,76.7819,74.1744,74.3436,69.5958,70.0841
2026-02-24,77.1302,77.6928,76.4689,76.7354,19485100,CSCO,79.2430,78.0636,76.7019,76.7956,74.2780,74.3988,69.6925,70.1542
2026-02-25,78.0975,78.3937,77.2487,77.4362,22721800,CSCO,79.2648,78.0669,76.7073,76.8467,74.3880,74.4721,69.7934,70.2333
2026-02-26,77.0907,78.3147,76.7156,77.9199,19608000,CSCO,79.2223,77.9739,76.7214,76.8562,74.4923,74.5239,69.8889,70.3015
2026-02-27,78.4331,78.5022,76.0740,76.6465,27498000,CSCO,79.2731,78.0176,76.7535,76.9181,74.6097,74.6013,69.9820,70.3824
2026-03-02,78.3937,78.4924,76.6860,77.7323,18540400,CSCO,79.3274,78.0534,76.7985,76.9759,74.7171,74.6764,70.0743,70.4621
2026-03-03,77.9396,78.4134,76.5676,77.3671,17521100,CSCO,79.2445,78.0426,76.8650,77.0137,74.8191,74.7410,70.1667,70.5365
2026-03-04,79.8249,79.9138,77.5152,78.1765,20388100,CSCO,79.1340,78.2123,76.9504,77.1240,74.9269,74.8417,70.2541,70.6289
2026-03-05,78.9760,80.1210,78.0284,78.9563,26844800,CSCO,79.0772,78.2851,76.9901,77.1966,75.0298,74.9236,70.3404,70.7120
2026-03-06,77.6237,78.4924,77.3375,77.5053,20621200,CSCO,78.8936,78.2221,77.0087,77.2134,75.1389,74.9770,70.4185,70.7808
2026-03-09,75.2251,76.5577,74.2282,76.1826,32855900,CSCO,78.4687,77.9367,76.9812,77.1354,75.2289,74.9820,70.4870,70.8250
2026-03-10,76.6959,77.9890,76.1036,76.1431,24836000,CSCO,78.0205,77.8185,76.9831,77.1181,75.3217,75.0159,70.5639,70.8834
2026-03-11,77.0907,77.4855,76.1234,76.6367,14719900,CSCO,77.6163,77.7492,76.9901,77.1171,75.4100,75.0570,70.6420,70.9452
2026-03-12,76.7354,77.1203,75.9556,75.9556,19969500,CSCO,77.2314,77.6526,76.9973,77.1021,75.4991,75.0902,70.7196,71.0028
2026-03-13,77.3177,78.2357,76.9328,77.0611,19080400,CSCO,77.3957,77.6207,77.0236,77.1106,75.5837,75.1343,70.7970,71.0656
2026-03-16,77.8804,78.1469,77.1796,77.9001,14715100,CSCO,77.4969,77.6455,77.0686,77.1407,75.6688,75.1887,70.8791,71.1334
2026-03-17,78.2456,79.0155,77.8014,78.1568,16210500,CSCO,77.6163,77.7026,77.1324,77.1841,75.7569,75.2492,70.9645,71.2042
2026-03-18,76.5972,78.9958,76.5281,78.7095,18827600,CSCO,77.5877,77.5973,77.1722,77.1611,75.8291,75.2759,71.0418,71.2579
2026-03-19,77.4954,77.8606,75.9260,76.5478,17519600,CSCO,77.5852,77.5876,77.2370,77.1742,75.9142,75.3199,71.1195,71.3199
2026-03-20,76.6465,78.0186,75.7187,77.4362,90380800,CSCO,77.5087,77.4980,77.2948,77.1535,75.9872,75.3461,71.1906,71.3729
2026-03-23,77.8014,78.4825,77.4066,77.6237,20072200,CSCO,77.5620,77.5269,77.3908,77.1789,76.0643,75.3948,71.2673,71.4369
2026-03-24,79.8150,79.8940,77.1203,77.3572,23528000,CSCO,77.6963,77.7448,77.5286,77.2823,76.1494,75.4823,71.3529,71.5203
2026-03-25,80.7725,81.6115,79.8447,79.9532,23146000,CSCO,77.8300,78.0332,77.6830,77.4191,76.2568,75.5871,71.4363,71.6123
2026-03-26,81.0983,82.0360,80.7528,81.0094,26649600,CSCO,78.0304,78.3251,77.8150,77.5634,76.3519,75.6962,71.5222,71.7067
2026-03-27,78.8872,81.0588,78.3739,80.9206,20557400,CSCO,78.0531,78.3786,77.9238,77.6153,76.4230,75.7594,71.6006,71.7782
2026-03-30,76.0444,79.3511,75.6002,78.8280,24306300,CSCO,77.9357,78.1563,77.9591,77.5537,76.4525,75.7650,71.6695,71.8206
2026-03-31,76.5873,77.1796,75.3238,76.8834,25105700,CSCO,77.8680,78.0069,78.0065,77.5158,76.5083,75.7813,71.7367,71.8680
2026-04-01,76.9229,78.0975,76.8045,76.9920,21309000,CSCO,77.7229,77.9036,78.0969,77.4926,76.5696,75.8039,71.8104,71.9183
2026-04-02,78.4215,78.5009,75.9603,76.1488,12634900,CSCO,77.6952,77.9530,78.2106,77.5290,76.6564,75.8557,71.8848,71.9830
2026-04-06,79.8307,79.8704,78.4215,78.5207,16388600,CSCO,77.8056,78.1318,78.3398,77.6193,76.7569,75.9345,71.9670,72.0611
2026-04-07,80.0689,80.2773,78.8184,79.4139,13428100,CSCO,78.0477,78.3163,78.4687,77.7153,76.8498,76.0163,72.0480,72.1408
2026-04-08,83.0660,83.1057,80.8827,81.6866,19621900,CSCO,78.3663,78.7686,78.6097,77.9252,76.9764,76.1559,72.1417,72.2495
2026-04-09,82.5400,84.1279,81.5278,83.2149,17611700,CSCO,78.6387,79.1278,78.7073,78.1061,77.0756,76.2823,72.2275,72.3519
2026-04-10,81.5972,83.9195,81.0018,83.2546,17571100,CSCO,78.8818,79.3630,78.7804,78.2430,77.1319,76.3876,72.3062,72.4439
2026-04-13,81.7262,81.7659,80.6346,81.4186,19997500,CSCO,79.1022,79.5881,78.8666,78.3796,77.1833,76.4933,72.3841,72.5363
2026-04-14,81.9843,82.0240,80.7438,81.4087,17856800,CSCO,79.3074,79.8163,78.9601,78.5210,77.2395,76.6020,72.4596,72.6303
2026-04-15,81.7362,82.0339,80.2674,81.9049,15066400,CSCO,79.4820,79.9991,79.0029,78.6471,77.2972,76.7037,72.5353,72.7209
2026-04-16,83.8600,83.8897,81.3789,81.4583,14609000,CSCO,79.8451,80.3668,79.0394,78.8515,77.3662,76.8454,72.6181,72.8317
2026-04-17,85.5967,85.7257,83.9592,84.5447,20321900,CSCO,80.2502,80.8649,79.1491,79.1160,77.4814,77.0187,72.7109,72.9587
2026-04-20,87.0457,87.6808,85.2097,85.5471,16695600,CSCO,80.7701,81.4536,79.2641,79.4270,77.6047,77.2173,72.8134,73.0989
2026-04-21,89.0206,89.1198,86.4998,87.2541,18653400,CSCO,81.3311,82.1742,79.3700,79.8032,77.7464,77.4510,72.9200,73.2573
2026-04-22,89.1198,89.7649,88.8023,89.2488,16986100,CSCO,81.7963,82.8357,79.4393,80.1686,77.8883,77.6821,73.0292,73.4152
2026-04-23,87.9190,89.3183,87.6014,88.6435,21156700,CSCO,82.1536,83.3198,79.4941,80.4725,78.0206,77.8848,73.1341,73.5595
2026-04-24,88.3358,89.0504,86.7479,86.7479,18969900,CSCO,82.5155,83.7975,79.5722,80.7809,78.1485,78.0917,73.2378,73.7065
2026-04-27,87.5915,88.8221,86.9762,88.6038,13810500,CSCO,82.9507,84.1589,79.8434,81.0480,78.2779,78.2798,73.3402,73.8447
2026-04-28,86.2021,87.8793,85.1303,87.8793,16889300,CSCO,83.4586,84.3535,80.0503,81.2501,78.3851,78.4367,73.4397,73.9676
2026-04-29,88.8916,88.9511,86.1822,86.6586,15427900,CSCO,84.0738,84.7857,80.3110,81.5497,78.5107,78.6437,73.5532,74.1161
2026-04-30,90.8070,90.9757,88.6435,89.1397,21686700,CSCO,84.7680,85.3591,80.5837,81.9128,78.6553,78.8846,73.6794,74.2822
2026-05-01,91.1543,92.2162,90.4695,91.0551,16095700,CSCO,85.4047,85.9110,80.8559,82.2752,78.8013,79.1276,73.8065,74.4501
2026-05-04,91.9284,92.3948,90.4993,91.1543,12684800,CSCO,86.0096,86.4841,81.1309,82.6537,78.9463,79.3810,73.9328,74.6240
2026-05-05,93.5857,94.0026,92.6727,93.1094,13456200,CSCO,86.6854,87.1605,81.4680,83.0824,79.1015,79.6623,74.0687,74.8127
2026-05-06,90.9459,92.7124,90.3107,91.9383,27026600,CSCO,87.0794,87.5210,81.7443,83.3908,79.2231,79.8858,74.1899,74.9732
2026-05-07,91.4620,92.0276,90.9161,91.3032,17062300,CSCO,87.5255,87.8963,82.0116,83.7073,79.3594,80.1150,74.3146,75.1373
2026-05-08,95.8385,96.2851,92.4345,92.6231,24652500,CSCO,88.2376,88.6527,82.3865,84.1831,79.5539,80.4263,74.4590,75.3432
2026-05-11,97.9723,98.0814,94.6079,95.6202,31852500,CSCO,89.0499,89.5403,82.7773,84.7238,79.7654,80.7738,74.6156,75.5684
2026-05-12,98.5379,99.1731,97.0294,98.7662,28810800,CSCO,89.8775,90.3972,83.1802,85.2656,79.9894,81.1256,74.7731,75.7970
2026-05-13,101.0984,101.2373,98.5379,98.6471,45241600,CSCO,90.8457,91.4164,83.6434,85.8864,80.2542,81.5211,74.9472,76.0487
2026-05-14,114.6549,118.4559,113.1068,116.6596,70932300,CSCO,92.3854,93.6296,84.3400,87.0146,80.6452,82.1772,75.1889,76.4329
2026-05-15,117.3146,117.9299,113.1365,113.7419,38519600,CSCO,93.9713,95.8853,85.1067,88.2029,81.0484,82.8730,75.4422,76.8396
2026-05-18,117.9796,118.4857,115.1511,117.9002,24763500,CSCO,95.5180,97.9895,85.9138,89.3706,81.4613,83.5681,75.6999,77.2490
2026-05-19,114.5061,117.6024,113.9205,116.1535,32525500,CSCO,96.7923,99.5625,86.6995,90.3563,81.8403,84.1808,75.9450,77.6197
2026-05-20,113.4839,116.0344,112.9877,114.8137,26154800,CSCO,98.0105,100.8884,87.4352,91.2632,82.2092,84.7610,76.1782,77.9766
2026-05-21,117.3047,117.7017,112.7098,113.2655,22700600,CSCO,99.4798,102.4518,88.2395,92.2845,82.6148,85.4055,76.4353,78.3679
2026-05-22,119.4980,119.8751,116.7887,117.5627,22237200,CSCO,101.0379,104.0753,89.0948,93.3517,83.0460,86.0806,76.6950,78.7771
2026-05-26,117.4337,119.8552,116.2130,119.6270,26607200,CSCO,102.5300,105.3475,89.8971,94.2961,83.4603,86.7014,76.9411,79.1618
2026-05-27,118.7636,119.4781,115.8855,117.0467,21705100,CSCO,104.1580,106.6252,90.7147,95.2556,83.8917,87.3363,77.1846,79.5558
2026-05-28,117.7414,119.8056,117.0665,119.6171,20631300,CSCO,105.6005,107.6839,91.5047,96.1374,84.3185,87.9384,77.4285,79.9358
2026-05-29,119.5079,120.5102,116.1237,116.9276,42179300,CSCO,107.0356,108.8100,92.3629,97.0539,84.7676,88.5635,77.6777,80.3295
2026-06-01,120.4110,121.0263,117.4040,118.8926,23966800,CSCO,108.4984,109.9149,93.2212,97.9698,85.2291,89.1942,77.9362,80.7284
2026-06-02,127.0305,127.2488,121.5622,121.5622,26451500,CSCO,110.2535,111.5449,94.2289,99.1095,85.7619,89.9434,78.2332,81.1891
2026-06-03,125.5418,128.4397,123.9738,125.2044,29972500,CSCO,111.8513,112.8780,95.1837,100.1460,86.2872,90.6483,78.5379,81.6304
2026-06-04,129.0153,129.3825,123.1997,125.1052,23339500,CSCO,113.7548,114.4148,96.1677,101.2782,86.8481,91.4081,78.8563,82.1019
2026-06-05,120.7187,127.8641,120.6293,127.6855,33169300,CSCO,115.2176,115.0152,96.9666,102.0405,87.3248,91.9885,79.1341,82.4861
2026-06-08,123.2096,125.4823,121.0759,122.6241,24288200,CSCO,116.5862,115.7956,97.8088,102.8707,87.8119,92.6067,79.4227,82.8914
2026-06-09,119.4483,123.2791,116.2130,122.3264,22744100,CSCO,117.6600,116.1435,98.6200,103.5208,88.2719,93.1382,79.6929,83.2551
2026-06-10,117.9002,120.0339,117.4635,118.8132,19740500,CSCO,118.6281,116.3108,99.4572,104.0847,88.7082,93.6286,79.9539,83.5998
2026-06-11,120.9072,121.6218,115.6176,116.2924,24625500,CSCO,119.6186,116.7486,100.3436,104.7444,89.1750,94.1687,80.2308,83.9711
2026-06-12,120.1827,121.8599,119.8156,121.4233,18222800,CSCO,119.8949,117.0756,101.2088,105.3498,89.6528,94.6839,80.4980,84.3314
2026-06-15,119.2598,121.6615,118.6246,121.6317,23148000,CSCO,119.9922,117.2836,102.0255,105.8953,90.1181,95.1705,80.7603,84.6789
2026-06-16,118.6643,119.8552,118.2971,119.3789,16644300,CSCO,120.0264,117.4151,102.8022,106.3961,90.5710,95.6357,81.0149,85.0171
2026-06-17,116.4413,118.7537,116.0543,118.0590,18472000,CSCO,120.1232,117.3224,103.5296,106.7900,90.9992,96.0477,81.2599,85.3298
2026-06-18,118.6346,119.4087,116.4115,117.7017,52284400,CSCO,120.3807,117.4474,104.2410,107.2545,91.4254,96.4950,81.5223,85.6611
2026-06-22,120.6095,121.1652,118.6941,118.6941,20174100,CSCO,120.5460,117.7485,105.0024,107.7782,91.8548,96.9725,81.7951,86.0089
2026-06-23,120.2324,121.4133,116.7589,117.6421,22654400,CSCO,120.5827,117.9851,105.7751,108.2666,92.2778,97.4331,82.0645,86.3494
2026-06-24,118.8231,121.9592,118.1284,119.6568,21752900,CSCO,120.6522,118.0649,106.5170,108.6806,92.6918,97.8567,82.3322,86.6725
2026-06-25,118.0689,120.2224,116.6696,119.8949,26918700,CSCO,120.6174,118.0653,107.2387,109.0488,93.0994,98.2569,82.5962,86.9849
2026-06-26,112.9083,116.2924,112.0052,116.2924,51641400,CSCO,120.3758,117.5741,107.8622,109.2001,93.4325,98.5470,82.8321,87.2429
2026-06-29,116.8085,117.2849,113.8610,114.1091,22447200,CSCO,120.2408,117.5012,108.5211,109.4985,93.7803,98.9087,83.0837,87.5371
2026-06-30,116.5703,118.1979,115.3199,115.8955,32465500,CSCO,120.0488,117.4126,109.1406,109.7758,94.1449,99.2584,83.3363,87.8260
2026-07-01,116.1237,116.5405,114.1190,115.6573,32016000,CSCO,119.5034,117.2898,109.7222,110.0247,94.4931,99.5924,83.5922,88.1075
2026-07-02,111.8364,116.2527,111.0524,116.1436,24251000,CSCO,118.8182,116.7704,110.1785,110.0958,94.7743,99.8348,83.8244,88.3436
2026-07-06,113.5398,115.0340,112.2449,112.6134,22920000,CSCO,118.0444,116.4628,110.6669,110.2309,95.0531,100.1062,84.0655,88.5943
2026-07-07,111.3583,113.5896,111.2388,112.3544,16650900,CSCO,117.5764,115.9766,111.1357,110.2751,95.3149,100.3290,84.2918,88.8209
2026-07-08,113.3805,113.6096,110.9001,111.2487,18314100,CSCO,117.0849,115.7294,111.6366,110.3968,95.6044,100.5875,84.5236,89.0652
2026-07-09,117.8531,119.0186,114.8348,114.8348,21293400,CSCO,117.0051,115.9316,112.2418,110.6892,96.0426,100.9294,84.7800,89.3517
2026-07-10,120.8415,121.1404,116.5781,117.1757,26178700,CSCO,117.1522,116.3992,112.9346,111.0874,96.4924,101.3237,85.0536,89.6650
2026-07-13,118.7895,119.8753,116.8072,119.5067,17569200,CSCO,117.0463,116.6269,113.5326,111.3894,96.9218,101.6695,85.3180,89.9548
2026-07-14,116.6378,119.5964,116.1099,119.2876,21935600,CSCO,116.8691,116.6279,114.0492,111.5952,97.3164,101.9659,85.5727,90.2203
2026-07-15,111.3384,117.0462,109.7944,116.7474,23829100,CSCO,116.4730,116.1242,114.4529,111.5852,97.6544,102.1515,85.7983,90.4304
2026-07-16,109.2365,110.8104,107.1147,109.7944,25222400,CSCO,116.0016,115.4682,114.7990,111.4931,97.9650,102.2918,86.0165,90.6176
2026-07-17,111.5077,112.7927,108.4894,108.7285,28459500,CSCO,115.7549,115.0910,115.1575,111.4936,98.3127,102.4743,86.2436,90.8254
2026-07-20,110.2725,112.7927,110.2227,111.8464,15821200,CSCO,115.3368,114.6321,115.5440,111.4458,98.6441,102.6287,86.4611,91.0189
2026-07-21,111.7468,112.7429,110.5016,112.2648,17031500,CSCO,114.8937,114.3573,115.9497,111.4576,98.9806,102.8093,86.6843,91.2252
2026-07-22,111.7767,113.3406,110.9300,111.0893,13726600,CSCO,114.4709,114.1115,116.2685,111.4701,99.3275,102.9868,86.9099,91.4297
2026-07-23,112.3246,113.4602,111.3981,111.5675,15175500,CSCO,114.1460,113.9413,116.5555,111.5036,99.6664,103.1718,87.1381,91.6376
2026-07-24,113.7291,114.1276,111.7667,111.9361,19131700,CSCO,113.9290,113.9211,116.8593,111.5909,100.0198,103.3808,87.3684,91.8574
2026-07-27,114.1276,114.9344,112.3046,114.7153,15974600,CSCO,113.9900,113.9408,117.1199,111.6903,100.3816,103.5936,87.6004,92.0790
2026-07-28,115.1337,116.6179,111.2985,113.6893,27972100,CSCO,113.9062,114.0544,117.1295,111.8254,100.7347,103.8221,87.8308,92.3084
2026-07-29,112.0456,116.8271,111.9161,116.5681,22761500,CSCO,113.6800,113.8631,117.0241,111.8340,101.0654,103.9850,88.0476,92.5048
2026-07-30,113.1215,113.8885,111.2288,112.2548,25570000,CSCO,113.5299,113.7925,116.9269,111.8845,101.4204,104.1659,88.2797,92.7099
2026-07-31,115.5421,116.7972,113.4502,114.8846,18812000,CSCO,113.7152,113.9591,116.9477,112.0279,101.8236,104.3912,88.5262,92.9371
2026-08-03,115.4126,115.8210,113.3805,114.1574,17712400,CSCO,113.8088,114.0975,116.9862,112.1607,102.2107,104.6094,88.7662,93.1607
2026-08-04,121.2699,121.4293,118.2715,118.9290,26637900,CSCO,114.3044,114.7806,117.0655,112.5179,102.6525,104.9393,89.0313,93.4404
2026-08-05,121.0308,123.7303,114.4364,123.5211,18468700,CSCO,114.6869,115.3759,117.0962,112.8517,103.0955,105.2580,89.2973,93.7150
2026-08-06,120.4132,121.7181,119.4370,121.0109,14049700,CSCO,114.8149,115.8556,117.1558,113.1483,103.5264,105.5581,89.5551,93.9806
2026-08-07,120.9611,122.1166,118.9887,121.4093,15964600,CSCO,114.8209,116.3418,117.1997,113.4546,103.9572,105.8631,89.8130,94.2491
2026-08-10,122.0967,124.2284,121.7978,122.5748,21131900,CSCO,114.9862,116.8899,117.2868,113.7935,104.3957,106.1845,90.0763,94.5262
2026-08-11,119.9649,122.6844,119.6561,122.5250,16377800,CSCO,115.1526,117.1828,117.2960,114.0356,104.8294,106.4574,90.3293,94.7793
2026-08-12,123.4016,123.9694,121.7879,122.2760,36223000,CSCO,115.7558,117.7750,117.3558,114.4029,105.2885,106.7929,90.6013,95.0641
2026-08-13,113.0318,115.5022,111.0495,113.4900,61560400,CSCO,115.9455,117.3233,117.0758,114.3491,105.6523,106.9165,90.8198,95.2429
2026-08-14,111.2487,113.2410,109.6350,112.3644,29415200,CSCO,115.9326,116.7448,116.7900,114.2275,105.9868,107.0023,91.0255,95.4021
2026-08-17,112.4640,113.4103,110.3821,110.5315,22793800,CSCO,116.0421,116.3371,116.4589,114.1583,106.3133,107.1104,91.2314,95.5719
2026-08-18,111.1790,112.3146,109.9338,111.3185,20060500,CSCO,116.0138,115.8458,116.2681,114.0415,106.6174,107.1910,91.4371,95.7272
2026-08-19,110.1231,111.9460,110.0832,111.8663,18019600,CSCO,115.9311,115.3008,116.0064,113.8878,106.9076,107.2491,91.6298,95.8704
2026-08-20,109.1668,111.1491,108.8082,109.7047,12637900,CSCO,115.7732,114.7166,115.8008,113.7027,107.2104,107.2870,91.8167,96.0027
2026-08-21,110.6112,111.7568,110.0235,110.4219,18407800,CSCO,115.6173,114.3256,115.6550,113.5815,107.5561,107.3529,92.0043,96.1481
2026-08-24,109.8043,110.7905,108.8779,109.5453,12632700,CSCO,115.4011,113.8950,115.4329,113.4333,107.8882,107.4014,92.1983,96.2840
2026-08-25,110.6809,112.0656,110.1829,111.7966,11818200,CSCO,115.1785,113.5889,115.2429,113.3254,108.2258,107.4663,92.3977,96.4272
2026-08-26,111.9261,112.5138,110.7606,111.0794,10311500,CSCO,115.1725,113.4306,115.0962,113.2705,108.5609,107.5546,92.6086,96.5815
2026-08-27,111.7169,112.1353,111.1790,111.7169,13545800,CSCO,115.1023,113.2674,114.9573,113.2096,108.8797,107.6371,92.8183,96.7321
2026-08-28,109.5055,112.0656,109.2863,111.8763,13040600,CSCO,114.8005,112.9091,114.8186,113.0643,109.1741,107.6741,93.0119,96.8592
2026-08-31,110.0633,110.9499,109.1867,109.8541,20842200,CSCO,114.5330,112.6381,114.6471,112.9467,109.4441,107.7214,93.2102,96.9905
2026-09-01,109.3162,110.2924,108.5093,109.6250,14168800,CSCO,113.9353,112.3217,114.4213,112.8043,109.7118,107.7530,93.3937,97.1132
2026-09-02,109.0373,110.0832,107.9814,109.8940,11367100,CSCO,113.3356,112.0089,114.1974,112.6566,109.9862,107.7784,93.5590,97.2318
2026-09-03,108.1906,109.2465,107.1845,108.3799,14215100,CSCO,112.7245,111.6452,113.9847,112.4814,110.2509,107.7866,93.7171,97.3409
2026-09-04,108.7783,109.9338,108.5791,109.2166,12374300,CSCO,112.1154,111.3722,113.7989,112.3362,110.5188,107.8062,93.8791,97.4547
2026-09-08,108.7484,109.2166,108.0611,108.9476,14683500,CSCO,111.4480,111.1223,113.7157,112.1955,110.7889,107.8249,94.0431,97.5671
2026-09-09,109.0074,110.0035,108.5591,108.8580,10834200,CSCO,110.9001,110.9209,113.5597,112.0705,111.0404,107.8483,94.2033,97.6809
2026-09-10,107.0251,109.4656,106.9454,108.3201,11544000,CSCO,110.0812,110.5499,113.3688,111.8726,111.2547,107.8320,94.3681,97.7739
2026-09-11,111.6970,111.7866,107.9415,108.4695,14156800,CSCO,110.0145,110.6591,113.2802,111.8657,111.5012,107.9085,94.5530,97.9124
2026-09-14,109.6350,111.3085,108.9676,109.5453,12540800,CSCO,109.9338,110.5616,113.2362,111.7783,111.7074,107.9427,94.7269,98.0290
2026-09-15,109.6449,111.2587,109.1967,110.4917,15604300,CSCO,109.7929,110.4743,113.1583,111.6946,111.9126,107.9764,94.9004,98.1446
2026-09-16,107.3239,110.5614,107.1347,110.2327,15554800,CSCO,109.6001,110.1742,113.0776,111.5232,112.1067,107.9635,95.0636,98.2360
2026-09-17,109.8143,111.0096,108.8978,109.2963,16153200,CSCO,109.5847,110.1400,113.0063,111.4562,112.3214,108.0001,95.2350,98.3512
2026-09-18,109.0871,110.3821,107.6726,109.9239,41295900,CSCO,109.5807,110.0397,112.8310,111.3633,112.5364,108.0217,95.4071,98.4580
2026-09-21,111.0296,111.0694,108.4097,109.3859,21567200,CSCO,109.6016,110.1340,112.6347,111.3502,112.7847,108.0812,95.5849,98.5831
2026-09-22,106.0290,110.0036,104.1064,109.8541,32892700,CSCO,109.4128,109.7430,112.3795,111.1415,112.9560,108.0406,95.7334,98.6572
2026-09-23,106.0190,106.4673,105.5010,105.8098,17630900,CSCO,109.1797,109.3883,112.1672,110.9406,113.1082,108.0005,95.8817,98.7304
2026-09-24,106.5569,106.6466,104.6543,105.2420,32360400,CSCO,108.9113,109.1187,112.0715,110.7687,113.2622,107.9720,96.0318,98.8083
2026-09-25,106.2879,108.2205,106.1186,106.5768,19950000,CSCO,108.6398,108.8491,112.0126,110.5930,113.4058,107.9386,96.1761,98.8827
2026-09-28,106.3278,107.2642,105.5707,106.1086,19356400,CSCO,108.4810,108.6090,111.9090,110.4257,113.5332,107.9067,96.3174,98.9568
2026-09-29,106.5270,106.9853,105.6504,106.8558,11743600,CSCO,108.3041,108.4107,111.8341,110.2729,113.6890,107.8794,96.4561,99.0321
2026-09-30,107.2144,108.2503,106.6067,106.6167,17001600,CSCO,108.1990,108.2968,111.7434,110.1529,113.8465,107.8662,96.6030,99.1136
2026-10-01,108.3400,108.6588,106.5071,107.6228,12758100,CSCO,108.1642,108.3009,111.6747,110.0818,113.9716,107.8756,96.7628,99.2054
2026-10-02,112.2000,112.2300,109.0000,109.8300,17495000,CSCO,108.3647,108.6722,111.6722,110.1649,114.1138,107.9612,96.9396,99.3347
2026-10-05,112.8200,113.1900,111.5350,111.9750,17678851,CSCO,108.5667,109.0672,111.6540,110.2690,114.2567,108.0575,97.1230,99.4688
