Date,Close,High,Low,Open,Volume,Ticker,SMA_20,EMA_20,SMA_50,EMA_50,SMA_100,EMA_100,SMA_200,EMA_200
2021-05-24,46.1828,46.4226,45.7216,45.8000,3656364,DELL,,46.1828,,46.1828,,46.1828,,46.1828
2021-05-25,45.8923,46.5517,45.8600,46.4411,4078783,DELL,,46.1551,,46.1714,,46.1770,,46.1799
2021-05-26,45.9614,46.3258,45.8231,45.9568,3318586,DELL,,46.1367,,46.1632,,46.1728,,46.1777
2021-05-27,45.9799,46.3304,45.6524,46.2151,6532208,DELL,,46.1217,,46.1560,,46.1690,,46.1758
2021-05-28,45.4910,45.9937,43.9230,45.5095,6509124,DELL,,46.0617,,46.1299,,46.1555,,46.1689
2021-06-01,47.4326,47.4926,45.8554,45.9291,8253256,DELL,,46.1922,,46.1810,,46.1808,,46.1815
2021-06-02,46.4826,47.6540,46.4826,47.4787,4747433,DELL,,46.2199,,46.1928,,46.1868,,46.1845
2021-06-03,46.8838,47.0221,45.7862,46.2474,5104151,DELL,,46.2831,,46.2199,,46.2006,,46.1915
2021-06-04,47.7462,47.7646,46.9391,47.0683,4336851,DELL,,46.4225,,46.2798,,46.2312,,46.2069
2021-06-07,47.4280,48.1474,47.2297,48.0460,2438431,DELL,,46.5182,,46.3248,,46.2549,,46.2191
2021-06-08,47.9214,48.0414,47.4234,47.4695,2725305,DELL,,46.6519,,46.3874,,46.2879,,46.2360
2021-06-09,47.9445,48.1336,47.6263,48.0598,2267372,DELL,,46.7750,,46.4485,,46.3207,,46.2530
2021-06-10,47.8661,48.2489,47.7231,47.9168,3439925,DELL,,46.8789,,46.5041,,46.3513,,46.2691
2021-06-11,47.9537,48.0137,46.9530,47.7324,3788949,DELL,,46.9813,,46.5609,,46.3830,,46.2858
2021-06-14,47.3819,48.0644,47.1559,47.9630,3681223,DELL,,47.0194,,46.5931,,46.4028,,46.2968
2021-06-15,47.4372,47.6447,47.2158,47.4464,2075201,DELL,,47.0592,,46.6262,,46.4233,,46.3081
2021-06-16,47.3865,47.6909,47.0406,47.3680,3290767,DELL,,47.0904,,46.6560,,46.4424,,46.3188
2021-06-17,45.9568,47.3865,45.8692,47.3865,5055813,DELL,,46.9824,,46.6286,,46.4328,,46.3152
2021-06-18,45.4587,45.5879,44.8915,45.3065,5546695,DELL,,46.8373,,46.5827,,46.4135,,46.3067
2021-06-21,46.1182,46.1920,45.6893,45.7677,3652418,DELL,46.8453,46.7688,,46.5645,,46.4076,,46.3048
2021-06-22,46.0075,46.1182,45.6571,46.1182,2206998,DELL,46.8365,46.6963,,46.5427,,46.3997,,46.3019
2021-06-23,45.7585,46.0444,45.6570,45.9799,2387133,DELL,46.8298,46.6070,,46.5119,,46.3870,,46.2965
2021-06-24,45.6939,46.1182,45.4726,46.1182,7347452,DELL,46.8165,46.5200,,46.4798,,46.3733,,46.2905
2021-06-25,45.8876,46.0260,45.7769,45.8876,9249424,DELL,46.8118,46.4598,,46.4566,,46.3637,,46.2865
2021-06-28,46.0029,46.2105,45.8092,45.8876,7946652,DELL,46.8374,46.4163,,46.4388,,46.3565,,46.2836
2021-06-29,47.1328,47.1790,45.8277,46.0260,8192291,DELL,46.8225,46.4845,,46.4660,,46.3719,,46.2921
2021-06-30,45.9660,46.8884,45.9337,46.7178,5759582,DELL,46.7966,46.4352,,46.4464,,46.3639,,46.2888
2021-07-01,45.5141,45.8507,45.1497,45.7032,5603123,DELL,46.7281,46.3474,,46.4099,,46.3470,,46.2811
2021-07-02,45.8277,45.9799,45.1498,45.7262,4022750,DELL,46.6322,46.2979,,46.3870,,46.3367,,46.2766
2021-07-06,45.3665,46.2105,45.2466,45.8000,3589084,DELL,46.5291,46.2092,,46.3470,,46.3175,,46.2676
2021-07-07,45.8830,46.1505,45.3527,45.6386,3040985,DELL,46.4272,46.1782,,46.3288,,46.3089,,46.2637
2021-07-08,45.6570,45.9753,45.0298,45.2051,3542916,DELL,46.3128,46.1285,,46.3025,,46.2960,,46.2577
2021-07-09,46.2335,46.5148,45.7585,45.7954,5137100,DELL,46.2312,46.1385,,46.2998,,46.2948,,46.2575
2021-07-12,44.7946,46.1689,44.7854,46.1689,4087069,DELL,46.0733,46.0105,,46.2407,,46.2651,,46.2429
2021-07-13,43.2404,44.6332,43.2266,44.6194,6977514,DELL,45.8662,45.7467,,46.1231,,46.2052,,46.2130
2021-07-14,43.0744,44.1951,42.9545,43.6278,5163538,DELL,45.6481,45.4922,,46.0035,,46.1432,,46.1818
2021-07-15,43.1851,43.2220,42.5348,42.8623,5192147,DELL,45.4380,45.2725,,45.8930,,46.0846,,46.1520
2021-07-16,42.5625,43.4895,42.5302,43.4480,3884442,DELL,45.2683,45.0144,,45.7624,,46.0149,,46.1163
2021-07-19,42.8346,43.0145,41.7739,41.8892,4358160,DELL,45.1371,44.8068,,45.6476,,45.9519,,46.0836
2021-07-20,43.9830,44.2458,43.0514,43.0790,4929541,DELL,45.0303,44.7283,,45.5823,,45.9129,,46.0627
2021-07-21,44.3703,44.5963,43.8676,44.1351,3306156,DELL,44.9484,44.6942,,45.5348,,45.8824,,46.0459
2021-07-22,44.2458,44.5594,43.9092,44.4949,2737538,DELL,44.8728,44.6515,,45.4842,,45.8499,,46.0280
2021-07-23,44.5271,44.5963,44.0844,44.2735,2062574,DELL,44.8145,44.6397,,45.4467,,45.8238,,46.0130
2021-07-26,44.4856,44.7762,44.3980,44.6055,2463488,DELL,44.7444,44.6250,,45.4090,,45.7973,,45.9978
2021-07-27,44.3196,44.4487,43.7893,44.0982,1734859,DELL,44.6602,44.5959,,45.3663,,45.7680,,45.9811
2021-07-28,44.2228,44.5502,44.1859,44.3888,1140591,DELL,44.5147,44.5604,,45.3214,,45.7374,,45.9636
2021-07-29,44.6378,44.6932,44.0706,44.4303,1576822,DELL,44.4483,44.5678,,45.2946,,45.7156,,45.9504
2021-07-30,44.5594,44.8592,44.2919,44.4441,1586884,DELL,44.4006,44.5670,,45.2658,,45.6927,,45.9366
2021-08-02,44.4072,44.7946,44.2689,44.7716,2405876,DELL,44.3295,44.5518,,45.2321,,45.6673,,45.9214
2021-08-03,45.3942,45.5694,44.3288,44.6240,3140424,DELL,44.3309,44.6320,45.6536,45.2385,,45.6619,,45.9161
2021-08-04,44.9145,45.2420,44.8039,45.1913,1653571,DELL,44.2825,44.6589,45.6283,45.2258,,45.6471,,45.9062
2021-08-05,45.3527,45.4726,45.0022,45.1959,1729137,DELL,44.2673,44.7250,45.6175,45.2308,,45.6412,,45.9007
2021-08-06,45.4449,45.5740,45.2281,45.3711,1464163,DELL,44.2278,44.7935,45.6071,45.2392,,45.6374,,45.8961
2021-08-09,45.4264,45.5464,45.0160,45.1313,2125710,DELL,44.2594,44.8538,45.5961,45.2465,,45.6332,,45.8915
2021-08-10,45.3896,45.7354,45.2604,45.6340,1717102,DELL,44.3669,44.9048,45.5940,45.2521,,45.6284,,45.8865
2021-08-11,46.2889,46.3396,45.3896,45.3896,2432906,DELL,44.5276,45.0366,45.5712,45.2928,,45.6414,,45.8905
2021-08-12,46.3534,46.4872,45.9338,46.3165,2042450,DELL,44.6860,45.1621,45.5686,45.3344,,45.6555,,45.8951
2021-08-13,46.1321,46.5010,45.9568,46.3534,2552076,DELL,44.8645,45.2544,45.5536,45.3656,,45.6650,,45.8974
2021-08-16,45.9568,46.0537,45.4449,45.8969,1763073,DELL,45.0206,45.3213,45.5178,45.3888,,45.6707,,45.8980
2021-08-17,45.1129,45.7770,44.7808,45.7308,2405087,DELL,45.0771,45.3015,45.4715,45.3780,,45.6597,,45.8902
2021-08-18,44.7162,45.2420,44.7070,44.9192,1565970,DELL,45.0944,45.2457,45.4074,45.3521,,45.6410,,45.8785
2021-08-19,44.3750,44.7116,44.0475,44.2735,2248431,DELL,45.1009,45.1628,45.3360,45.3137,,45.6159,,45.8636
2021-08-20,45.4264,45.6294,44.7439,44.9053,3037828,DELL,45.1458,45.1879,45.2872,45.3182,,45.6122,,45.8592
2021-08-23,46.1736,46.3304,45.3896,45.6386,3252885,DELL,45.2302,45.2818,45.2516,45.3517,,45.6233,,45.8623
2021-08-24,46.4595,46.7132,46.0675,46.5794,4843912,DELL,45.3372,45.3940,45.2331,45.3951,,45.6399,,45.8683
2021-08-25,47.0683,47.2389,46.1874,46.3165,3476426,DELL,45.4795,45.5534,45.2257,45.4608,,45.6682,,45.8802
2021-08-26,46.8331,47.3542,46.6301,47.2712,4156322,DELL,45.5892,45.6753,45.2147,45.5146,,45.6912,,45.8897
2021-08-27,44.7116,46.7915,43.8169,45.5002,10634075,DELL,45.5969,45.5835,45.1898,45.4831,,45.6718,,45.8780
2021-08-30,45.2650,45.6847,44.4580,44.9929,5722687,DELL,45.6397,45.5532,45.1859,45.4745,,45.6638,,45.8719
2021-08-31,44.9468,45.4034,44.8269,45.2512,4847858,DELL,45.6174,45.4954,45.1625,45.4538,,45.6496,,45.8627
2021-09-01,44.6194,45.1820,44.6055,44.9791,3568170,DELL,45.6026,45.4120,45.1347,45.4211,,45.6292,,45.8503
2021-09-02,44.7670,45.1175,44.5041,44.7485,4295616,DELL,45.5733,45.3506,45.1149,45.3955,,45.6121,,45.8395
2021-09-03,44.7993,45.1913,44.6886,44.7670,5029966,DELL,45.5411,45.2981,45.0970,45.3721,,45.5960,,45.8292
2021-09-07,44.2781,44.8269,44.2043,44.6424,5111648,DELL,45.4836,45.2009,45.0648,45.3292,,45.5699,,45.8137
2021-09-08,43.7616,44.3796,43.4295,44.2043,3880891,DELL,45.4022,45.0638,45.0200,45.2677,,45.5341,,45.7933
2021-09-09,44.4487,44.6424,43.5956,43.5956,3654391,DELL,45.3102,45.0053,44.9663,45.2356,,45.5126,,45.7800
2021-09-10,43.9230,44.8177,43.8215,44.7024,4062407,DELL,45.1887,44.9022,44.9254,45.1841,,45.4811,,45.7615
2021-09-13,45.6063,45.8415,44.9929,45.3757,11731655,DELL,45.1624,44.9692,44.9273,45.2007,,45.4836,,45.7599
2021-09-14,44.9376,45.6109,44.8131,45.5786,5554982,DELL,45.1115,44.9662,44.9095,45.1904,,45.4728,,45.7517
2021-09-15,46.3211,46.4595,44.8546,45.0160,5807131,DELL,45.1719,45.0953,44.9286,45.2347,,45.4896,,45.7574
2021-09-16,46.7639,46.8515,46.0629,46.2151,5478035,DELL,45.2743,45.2542,44.9462,45.2947,,45.5148,,45.7674
2021-09-17,46.3627,47.1052,45.4541,46.7685,8707836,DELL,45.3736,45.3598,44.9603,45.3366,,45.5316,,45.7734
2021-09-20,46.5195,47.0821,45.5648,45.5879,8217150,DELL,45.4283,45.4702,44.9660,45.3829,,45.5512,,45.7808
2021-09-21,45.8138,47.1328,45.5786,47.0406,5475667,DELL,45.4103,45.5029,44.9864,45.3998,,45.5564,,45.7811
2021-09-22,45.7816,46.0721,45.1636,45.9937,5756425,DELL,45.3764,45.5295,45.0372,45.4148,,45.5608,,45.7811
2021-09-23,47.3588,48.5302,45.6570,46.4779,11649184,DELL,45.3909,45.7037,45.1229,45.4910,,45.5964,,45.7968
2021-09-24,47.9076,48.0091,47.3173,47.3311,6315968,DELL,45.4447,45.9136,45.2174,45.5858,,45.6422,,45.8178
2021-09-27,48.3642,48.4656,47.6770,47.7001,4292853,DELL,45.6273,46.1470,45.3334,45.6948,,45.6961,,45.8431
2021-09-28,48.5579,48.7377,47.9768,48.0552,4103643,DELL,45.7919,46.3766,45.4479,45.8070,,45.7528,,45.8702
2021-09-29,48.5994,49.0052,47.9215,48.7008,4778211,DELL,45.9746,46.5883,45.5402,45.9165,,45.8091,,45.8973
2021-09-30,47.9814,48.8161,47.3680,48.7239,4859104,DELL,46.1427,46.7210,45.6124,45.9975,,45.8522,,45.9181
2021-10-01,48.7839,49.0006,48.0229,48.2350,3768825,DELL,46.3435,46.9174,45.7032,46.1068,,45.9102,,45.9466
2021-10-04,48.5348,49.1482,48.1567,48.9084,4091805,DELL,46.5303,47.0715,45.7833,46.2020,,45.9622,,45.9723
2021-10-05,48.8530,49.0929,48.2996,48.8438,3353114,DELL,46.7590,47.2411,45.8707,46.3060,,46.0194,,46.0010
2021-10-06,48.6547,48.7470,47.9353,48.2304,3063674,DELL,47.0037,47.3758,45.9574,46.3981,,46.0716,,46.0274
2021-10-07,49.3696,49.5679,48.6916,48.9545,4105024,DELL,47.2497,47.5657,46.0603,46.5146,,46.1369,,46.0606
2021-10-08,48.4518,49.7616,48.0829,49.5679,5286654,DELL,47.4762,47.6500,46.1366,46.5906,,46.1828,,46.0844
2021-10-11,48.5164,49.0098,48.2719,48.4795,2772065,DELL,47.6217,47.7326,46.2157,46.6661,,46.2290,,46.1086
2021-10-12,47.8477,48.6686,47.6770,48.4841,3830579,DELL,47.7672,47.7435,46.2845,46.7124,,46.2610,,46.1259
2021-10-13,47.8154,48.2627,47.4787,47.9676,5377017,DELL,47.8419,47.7504,46.3330,46.7557,45.9933,46.2918,,46.1428
2021-10-14,48.8853,49.0882,48.0414,48.0736,3618679,DELL,47.9480,47.8585,46.4124,46.8392,46.0203,46.3432,,46.1700
2021-10-15,49.6739,49.7939,49.0052,49.2266,3345024,DELL,48.1135,48.0314,46.4988,46.9504,46.0581,46.4091,,46.2049
2021-10-18,50.1074,50.5871,49.8999,50.0152,5004909,DELL,48.2929,48.2291,46.5920,47.0742,46.0996,46.4823,,46.2437
2021-10-19,51.1036,51.1682,50.1075,50.3611,7436829,DELL,48.5574,48.5028,46.7056,47.2322,46.1508,46.5739,,46.2921
2021-10-20,51.4818,51.6386,51.0621,51.2742,7434461,DELL,48.8424,48.7866,46.8274,47.3988,46.2107,46.6710,,46.3437
2021-10-21,52.1044,52.3442,51.2235,51.4218,7329695,DELL,49.0797,49.1025,46.9437,47.5834,46.2575,46.7786,,46.4011
2021-10-22,52.8238,52.9299,51.9522,52.0398,5251140,DELL,49.3255,49.4569,47.0731,47.7889,46.3209,46.8983,,46.4650
2021-10-25,51.7862,53.0360,51.7446,52.9437,13385424,DELL,49.4966,49.6788,47.1862,47.9456,46.3699,46.9951,,46.5179
2021-10-26,50.8269,52.0444,50.7946,51.9383,5858824,DELL,49.6101,49.7881,47.2836,48.0586,46.4007,47.0710,,46.5608
2021-10-27,49.9875,50.8223,49.7708,50.6332,7104576,DELL,49.6795,49.8071,47.3811,48.1343,46.4263,47.1288,,46.5949
2021-10-28,50.7669,50.9284,50.1720,50.6194,6544638,DELL,49.8188,49.8985,47.5021,48.2375,46.4548,47.2008,,46.6364
2021-10-29,50.7254,51.5832,50.3703,50.3703,8913619,DELL,49.9158,49.9773,47.6292,48.3351,46.4826,47.2706,,46.6771
2021-11-01,51.4264,51.4541,50.4303,50.4303,6635002,DELL,50.0604,50.1153,47.7492,48.4563,46.5182,47.3529,,46.7243
2021-11-02,49.6903,52.1744,48.2345,51.5556,18238300,DELL,50.1023,50.0748,47.8195,48.5047,46.5355,47.3992,,46.7538
2021-11-03,50.2272,50.3546,49.3810,50.0543,9923000,DELL,50.1809,50.0893,47.8948,48.5722,46.5640,47.4552,,46.7884
2021-11-04,49.6539,50.4547,48.9169,50.0634,5980600,DELL,50.1951,50.0479,47.9466,48.6147,46.5861,47.4987,,46.8169
2021-11-05,51.2827,51.3464,49.6721,49.8723,7625100,DELL,50.3367,50.1655,48.0355,48.7193,46.6251,47.5736,,46.8614
2021-11-08,50.5274,51.6102,50.2909,51.2918,4450600,DELL,50.4372,50.1999,48.1519,48.7902,46.6708,47.6321,,46.8978
2021-11-09,51.0279,51.2099,50.0543,50.4547,3980100,DELL,50.5962,50.2788,48.2671,48.8780,46.7265,47.6994,,46.9389
2021-11-10,51.5192,52.0288,50.8823,50.9096,5205200,DELL,50.7814,50.3969,48.3986,48.9815,46.7805,47.7750,,46.9845
2021-11-11,51.1280,52.0288,50.9369,51.6193,3695300,DELL,50.8936,50.4666,48.5287,49.0657,46.8317,47.8414,,47.0257
2021-11-12,50.9551,51.4829,50.8095,51.2827,3945600,DELL,50.9576,50.5131,48.6525,49.1398,46.8837,47.9031,,47.0648
2021-11-15,51.5920,52.3564,51.2099,51.3828,7123900,DELL,51.0318,50.6158,48.7884,49.2360,46.9427,47.9761,,47.1099
2021-11-16,51.5920,51.9742,51.4192,51.6375,6305700,DELL,51.0563,50.7088,48.9346,49.3284,46.9997,48.0477,,47.1545
2021-11-17,50.9551,52.0470,50.9096,51.7740,3566600,DELL,51.0299,50.7323,49.0785,49.3922,47.0492,48.1053,,47.1923
2021-11-18,50.8641,51.5739,50.5366,50.8732,5020300,DELL,50.9679,50.7448,49.2068,49.4499,47.0865,48.1599,,47.2288
2021-11-19,50.0634,50.9551,50.0179,50.8277,3828900,DELL,50.8299,50.6799,49.3296,49.4739,47.1275,48.1976,,47.2570
2021-11-22,50.1635,50.6639,49.4264,50.3455,6228400,DELL,50.7488,50.6307,49.4208,49.5010,47.1740,48.2365,,47.2860
2021-11-23,49.7449,50.2454,49.3173,50.0179,4646700,DELL,50.6947,50.5464,49.5169,49.5105,47.2132,48.2664,,47.3104
2021-11-24,52.1380,52.7749,49.8632,50.3637,13025100,DELL,50.8022,50.6980,49.6332,49.6136,47.2809,48.3431,,47.3585
2021-11-26,51.1189,52.5293,50.9460,51.4101,3858600,DELL,50.8198,50.7380,49.7203,49.6726,47.3333,48.3980,,47.3959
2021-11-29,52.3837,52.6566,51.3737,51.9105,5353600,DELL,50.9027,50.8948,49.8408,49.7789,47.4005,48.4770,,47.4455
2021-11-30,51.3828,52.6384,50.7003,52.3473,9760600,DELL,50.9005,50.9412,49.9380,49.8418,47.4520,48.5345,,47.4847
2021-12-01,50.6821,52.0925,50.5729,51.8559,6301600,DELL,50.9501,50.9166,50.0354,49.8748,47.5109,48.5770,,47.5165
2021-12-02,52.0015,52.1107,50.5002,50.5002,6671100,DELL,51.0388,51.0199,50.1598,49.9582,47.5985,48.6448,,47.5611
2021-12-03,53.2117,53.3573,52.2563,52.3200,8107200,DELL,51.2167,51.2286,50.2769,50.0858,47.6999,48.7353,,47.6174
2021-12-06,53.4574,53.9578,52.9023,53.4574,5165000,DELL,51.3254,51.4409,50.3879,50.2180,47.8026,48.8288,,47.6755
2021-12-07,53.6030,54.1307,52.9569,53.9123,4197500,DELL,51.4792,51.6468,50.4926,50.3507,47.9130,48.9233,,47.7344
2021-12-08,53.1389,53.6848,52.7021,53.6848,3505900,DELL,51.5848,51.7889,50.5842,50.4601,48.0161,49.0068,,47.7882
2021-12-09,52.4565,53.3027,52.4019,53.0934,4445000,DELL,51.6316,51.8525,50.6614,50.5384,48.1008,49.0751,,47.8347
2021-12-10,52.4110,52.8386,51.9651,52.4656,3037400,DELL,51.6958,51.9057,50.7500,50.6118,48.1812,49.1412,,47.8802
2021-12-13,50.7003,52.3109,50.6457,52.0015,3542400,DELL,51.6830,51.7909,50.7883,50.6153,48.2457,49.1720,,47.9083
2021-12-14,49.7085,50.1908,49.3718,49.7631,4771500,DELL,51.5889,51.5926,50.8118,50.5797,48.2976,49.1827,,47.9262
2021-12-15,50.9915,51.0188,49.5447,50.0816,3518100,DELL,51.5588,51.5353,50.8546,50.5959,48.3626,49.2185,,47.9567
2021-12-16,50.0361,51.3555,49.9997,51.1826,2863300,DELL,51.5129,51.3925,50.8822,50.5739,48.4198,49.2347,,47.9774
2021-12-17,49.7267,50.0725,49.1899,49.9724,5389000,DELL,51.4560,51.2339,50.8893,50.5407,48.4748,49.2444,,47.9948
2021-12-20,48.7713,49.2900,48.2982,49.1444,3697400,DELL,51.3914,50.9994,50.8957,50.4713,48.5161,49.2351,,48.0025
2021-12-21,50.4546,50.4819,49.0807,49.4264,3567200,DELL,51.4060,50.9475,50.9345,50.4706,48.5751,49.2592,,48.0269
2021-12-22,50.3819,50.7276,49.8996,50.3364,3787400,DELL,51.4378,50.8936,50.9852,50.4672,48.6348,49.2814,,48.0503
2021-12-23,50.8459,51.1826,50.4365,50.5911,2885900,DELL,51.3732,50.8891,51.0458,50.4820,48.6894,49.3124,,48.0781
2021-12-27,51.5011,51.6648,51.0006,51.0006,2009400,DELL,51.3923,50.9474,51.0981,50.5220,48.7552,49.3558,,48.1122
2021-12-28,51.8195,52.1744,51.4556,51.4556,2353700,DELL,51.3641,51.0304,51.1410,50.5729,48.8199,49.4045,,48.1491
2021-12-29,51.9105,52.5929,51.8559,51.8741,2207800,DELL,51.3905,51.1142,51.1771,50.6253,48.8846,49.4542,,48.1865
2021-12-30,51.4192,51.9742,51.3737,51.8741,1581300,DELL,51.4273,51.1433,51.1834,50.6565,48.9445,49.4931,,48.2187
2021-12-31,51.1098,51.5738,51.1007,51.3464,1252900,DELL,51.3828,51.1401,51.1759,50.6742,49.0017,49.5251,,48.2475
2022-01-03,51.8468,51.9560,51.0916,51.1007,2906500,DELL,51.3145,51.2074,51.1708,50.7202,49.0573,49.5711,,48.2833
2022-01-04,53.2208,53.6848,52.0925,52.0925,5745700,DELL,51.3027,51.3991,51.1787,50.8183,49.1259,49.6433,,48.3324
2022-01-05,52.7567,54.1398,52.6566,53.1116,6049000,DELL,51.2604,51.5284,51.1981,50.8943,49.1922,49.7050,,48.3764
2022-01-06,52.8113,53.4119,52.3928,52.7567,3751300,DELL,51.2440,51.6506,51.2378,50.9695,49.2607,49.7665,,48.4206
2022-01-07,52.7658,53.2026,52.1562,52.8659,3516200,DELL,51.2595,51.7568,51.2934,51.0399,49.3373,49.8259,,48.4638
2022-01-10,54.4856,54.6039,53.3300,53.8395,10511600,DELL,51.3632,52.0167,51.3678,51.1750,49.4350,49.9182,,48.5237
2022-01-11,54.8222,55.2135,54.3491,54.5948,7313500,DELL,51.5693,52.2839,51.4497,51.3181,49.5394,50.0153,,48.5864
2022-01-12,54.5493,55.0588,53.7940,55.0042,3098100,DELL,51.8113,52.4997,51.5122,51.4448,49.6307,50.1051,,48.6457
2022-01-13,54.7494,55.2590,54.4765,55.0497,4133000,DELL,51.9992,52.7139,51.6133,51.5744,49.7164,50.1970,,48.7064
2022-01-14,55.0770,55.2954,54.2672,54.5766,5790400,DELL,52.2513,52.9390,51.7103,51.7117,49.8026,50.2937,,48.7698
2022-01-18,54.1216,55.3318,54.0488,54.8495,5053900,DELL,52.4710,53.0516,51.7997,51.8062,49.8731,50.3695,,48.8231
2022-01-19,52.7385,55.0133,52.7112,54.5948,3957500,DELL,52.6694,53.0218,51.8288,51.8428,49.9322,50.4164,,48.8620
2022-01-20,52.2290,53.7303,52.1835,52.9842,2893700,DELL,52.7581,52.9463,51.8628,51.8579,50.0073,50.4523,,48.8955
2022-01-21,50.5638,52.0925,50.2818,52.0743,4212100,DELL,52.7672,52.7194,51.8536,51.8072,50.0603,50.4545,,48.9121
2022-01-24,50.4274,50.5820,48.6166,49.8450,5523700,DELL,52.7463,52.5011,51.8317,51.7531,50.1151,50.4539,,48.9272
2022-01-25,50.4456,50.9824,48.7713,49.9087,4421900,DELL,52.6935,52.3053,51.8181,51.7018,50.1734,50.4538,,48.9423
2022-01-26,50.3546,51.6194,49.9997,51.1280,3126700,DELL,52.6202,52.1195,51.8061,51.6490,50.2293,50.4518,,48.9564
2022-01-27,50.4546,52.4110,50.0907,50.8095,4359300,DELL,52.5475,51.9610,51.7833,51.6021,50.2858,50.4519,,48.9713
2022-01-28,51.1735,51.3009,49.7813,50.4547,3920500,DELL,52.5352,51.8860,51.7749,51.5853,50.3548,50.4661,,48.9932
2022-01-31,51.6921,51.6921,50.9096,51.1553,3319000,DELL,52.5643,51.8675,51.7897,51.5895,50.4341,50.4904,,49.0201
2022-02-01,53.2936,53.3391,51.4010,51.7558,3395200,DELL,52.6366,52.0033,51.8383,51.6563,50.5225,50.5459,,49.0626
2022-02-02,54.0488,54.3309,53.3755,53.6757,3886500,DELL,52.6780,52.1981,51.9180,51.7502,50.6238,50.6153,,49.1122
2022-02-03,53.8668,54.6858,53.5393,53.6030,2814900,DELL,52.7335,52.3571,51.9920,51.8332,50.7064,50.6797,,49.1595
2022-02-04,53.4483,53.9669,53.0024,53.7576,1952100,DELL,52.7654,52.4610,52.0661,51.8965,50.7915,50.7345,,49.2022
2022-02-07,53.6484,54.2581,53.5393,53.7576,2132500,DELL,52.8095,52.5741,52.0963,51.9652,50.8648,50.7922,,49.2464
2022-02-08,54.5493,54.6221,53.3391,53.7849,2933500,DELL,52.8127,52.7622,52.1649,52.0665,50.9426,50.8666,,49.2992
2022-02-09,55.2954,55.5047,54.6493,54.8586,3346900,DELL,52.8363,53.0034,52.2232,52.1932,51.0320,50.9543,,49.3588
2022-02-10,55.2499,55.9960,54.7221,54.9951,3676800,DELL,52.8714,53.2174,52.3005,52.3130,51.1193,51.0394,,49.4175
2022-02-11,54.1489,55.7776,54.0033,55.2772,2449800,DELL,52.8414,53.3061,52.3698,52.3850,51.2026,51.1009,,49.4645
2022-02-14,53.3209,54.2763,52.9842,53.8668,2902500,DELL,52.7535,53.3075,52.3962,52.4217,51.2780,51.1449,,49.5029
2022-02-15,54.4310,54.9860,53.5575,53.5938,3400900,DELL,52.7690,53.4145,52.4206,52.5005,51.3487,51.2100,,49.5520
2022-02-16,54.8586,55.0861,53.9851,54.0124,3001700,DELL,52.8750,53.5520,52.4486,52.5930,51.4182,51.2822,,49.6048
2022-02-17,53.9214,54.9314,53.9032,54.7949,2716100,DELL,52.9596,53.5872,52.4550,52.6451,51.4738,51.3345,,49.6477
2022-02-18,53.5939,54.5129,53.4665,53.9123,3198000,DELL,53.1111,53.5879,52.4641,52.6823,51.5242,51.3792,,49.6870
2022-02-22,51.9833,53.7121,51.7831,53.0934,3316400,DELL,53.1889,53.4350,52.4546,52.6549,51.5580,51.3912,,49.7098
2022-02-23,51.6648,53.1207,51.4555,52.4928,3477400,DELL,53.2499,53.2665,52.4397,52.6161,51.5948,51.3966,,49.7293
2022-02-24,50.8095,50.9187,49.4719,50.1271,6516000,DELL,53.2727,53.0325,52.4419,52.5452,51.6151,51.3850,,49.7400
2022-02-25,46.8241,48.2709,44.7313,46.1781,14711100,DELL,53.0911,52.4412,52.3842,52.3209,51.5980,51.2947,,49.7110
2022-02-28,46.3692,47.3246,45.7777,46.2327,6844300,DELL,52.8509,51.8629,52.2918,52.0875,51.5732,51.1971,,49.6778
2022-03-01,45.3864,45.9870,45.1317,45.5138,5359800,DELL,52.5356,51.2461,52.1988,51.8247,51.5405,51.0821,,49.6351
2022-03-02,48.7713,48.9988,45.7413,45.9233,6072200,DELL,52.3095,51.0104,52.1797,51.7049,51.5345,51.0363,,49.6265
2022-03-03,47.8523,49.0898,47.7431,48.5711,4004200,DELL,51.9997,50.7096,52.1613,51.5539,51.5285,50.9733,,49.6088
2022-03-04,47.2791,47.7613,46.7695,47.3883,2984600,DELL,51.6703,50.3829,52.0978,51.3862,51.5161,50.9001,,49.5856
2022-03-07,44.8860,47.0789,44.5675,46.7877,4649800,DELL,51.2422,49.8594,51.9879,51.1313,51.4865,50.7810,,49.5389
2022-03-08,45.7140,46.8787,44.6312,45.2681,5920600,DELL,50.8455,49.4646,51.8852,50.9189,51.4655,50.6807,48.7294,49.5008
2022-03-09,47.2973,47.8250,46.5238,46.8150,4199800,DELL,50.4829,49.2582,51.8011,50.7768,51.4496,50.6137,48.7350,49.4789
2022-03-10,47.2882,47.4974,46.4328,46.6876,3590400,DELL,50.0825,49.0706,51.7105,50.6400,51.4258,50.5478,48.7419,49.4571
2022-03-11,47.3245,47.9797,46.8969,47.3154,2977400,DELL,49.6862,48.9043,51.6188,50.5100,51.3979,50.4840,48.7488,49.4359
2022-03-14,46.1690,47.8250,45.8414,47.1881,3406400,DELL,49.2872,48.6438,51.5138,50.3398,51.3486,50.3986,48.7497,49.4034
2022-03-15,47.3882,47.4974,46.0052,46.1690,2477400,DELL,48.9906,48.5242,51.4394,50.2240,51.3076,50.3389,48.7592,49.3833
2022-03-16,47.2882,47.7067,46.0598,46.8787,5130700,DELL,48.6335,48.4065,51.3482,50.1089,51.2595,50.2785,48.7585,49.3625
2022-03-17,45.9597,46.8241,45.0589,46.7968,5634300,DELL,48.1885,48.1734,51.2030,49.9462,51.1908,50.1930,48.7559,49.3286
2022-03-18,47.1608,47.2154,45.5229,45.8687,4907200,DELL,47.8505,48.0770,51.0910,49.8369,51.1446,50.1330,48.7572,49.3070
2022-03-21,47.6066,48.1981,47.0243,47.0880,3853500,DELL,47.5511,48.0322,50.9870,49.7495,51.1124,50.0829,48.7565,49.2901
2022-03-22,48.2163,48.5256,47.5884,47.7158,2764900,DELL,47.3628,48.0497,50.8960,49.6894,51.0947,50.0460,48.7605,49.2794
2022-03-23,47.8614,48.5802,47.7704,47.8341,2895900,DELL,47.1726,48.0318,50.7635,49.6177,51.0656,50.0027,48.7602,49.2653
2022-03-24,48.6894,48.9988,47.7067,47.8887,2806000,DELL,47.0666,48.0944,50.6408,49.5813,51.0453,49.9767,48.7639,49.2596
2022-03-25,49.8541,49.9360,48.5529,48.6803,3715400,DELL,47.2181,48.2620,50.5469,49.5920,51.0295,49.9743,48.7738,49.2655
2022-03-28,49.4083,49.6630,48.8805,49.3628,2892100,DELL,47.3701,48.3712,50.4401,49.5848,51.0267,49.9631,48.7811,49.2669
2022-03-29,50.0725,50.3182,49.4174,49.8541,3417800,DELL,47.6044,48.5332,50.3400,49.6039,51.0252,49.9652,48.7946,49.2749
2022-03-30,49.4265,50.2727,49.2991,49.7722,2829000,DELL,47.6371,48.6183,50.2461,49.5969,51.0229,49.9546,48.8045,49.2764
2022-03-31,45.6685,47.0152,45.6503,46.6785,6459300,DELL,47.5279,48.3374,50.1047,49.4429,50.9668,49.8697,48.7959,49.2405
2022-04-01,44.4037,44.5857,43.3209,44.1945,8086300,DELL,47.3842,47.9627,49.9482,49.2453,50.9055,49.7615,48.7882,49.1924
2022-04-04,44.9315,45.3500,44.3582,44.5311,3326400,DELL,47.3864,47.6740,49.8355,49.0761,50.8446,49.6658,48.7855,49.1500
2022-04-05,44.2763,45.1226,44.2763,44.4583,3335000,DELL,47.3145,47.3504,49.7125,48.8879,50.7721,49.5591,48.7763,49.1015
2022-04-06,42.8751,44.0762,42.5384,43.8942,6815300,DELL,47.0934,46.9242,49.5611,48.6521,50.6896,49.4267,48.7607,49.0396
2022-04-07,43.3937,44.3218,42.7022,43.2390,6182900,DELL,46.8987,46.5880,49.4219,48.4459,50.6140,49.3073,48.7488,48.9834
2022-04-08,43.1208,43.7668,42.8751,43.1662,3707700,DELL,46.6885,46.2578,49.2752,48.2370,50.5293,49.1848,48.7360,48.9251
2022-04-11,42.7204,43.7031,42.5384,42.7022,3663000,DELL,46.5161,45.9209,49.1062,48.0207,50.4405,49.0568,48.7201,48.8633
2022-04-12,42.8569,43.4756,42.7750,42.7932,3970200,DELL,46.2895,45.6291,48.9295,47.8182,50.3596,48.9340,48.7044,48.8036
2022-04-13,43.0480,43.4210,42.6840,42.7113,3200100,DELL,46.0775,45.3832,48.7245,47.6311,50.2814,48.8174,48.6840,48.7463
2022-04-14,42.7113,43.3937,42.6658,42.9115,3678200,DELL,45.9151,45.1288,48.4978,47.4382,50.2079,48.6965,48.6677,48.6862
2022-04-18,43.1663,43.5120,42.4292,42.4929,3565000,DELL,45.7154,44.9419,48.2838,47.2707,50.1379,48.5870,48.6560,48.6313
2022-04-19,43.9726,44.1192,43.1296,43.2029,4394000,DELL,45.5337,44.8496,48.0943,47.1413,50.0802,48.4956,48.6467,48.5850
2022-04-20,44.8980,45.4661,44.4399,44.4399,3039900,DELL,45.3678,44.8542,47.9193,47.0534,50.0078,48.4244,48.6443,48.5483
2022-04-21,44.1742,45.3470,43.8901,45.0446,3098800,DELL,45.1834,44.7894,47.7118,46.9404,49.9383,48.3402,48.6358,48.5047
2022-04-22,42.9463,43.9909,42.9097,43.9909,4111900,DELL,44.8962,44.6139,47.4648,46.7838,49.8440,48.2334,48.6222,48.4494
2022-04-25,43.3129,43.3312,42.0942,42.6440,6537200,DELL,44.5692,44.4900,47.2260,46.6477,49.7633,48.1360,48.6076,48.3983
2022-04-26,42.6165,43.6885,42.5798,43.0471,4114600,DELL,44.2296,44.3115,46.9954,46.4896,49.6826,48.0267,48.5968,48.3408
2022-04-27,42.6531,43.3587,41.9018,42.6165,3404400,DELL,43.8586,44.1536,46.7820,46.3392,49.5891,47.9203,48.5938,48.2842
2022-04-28,44.0917,44.3757,42.9372,43.1846,2604600,DELL,43.5919,44.1477,46.5752,46.2510,49.4979,47.8445,48.5989,48.2425
2022-04-29,43.0746,45.0996,43.0013,43.7435,4124000,DELL,43.4622,44.0455,46.3396,46.1265,49.3941,47.7500,48.5984,48.1911
2022-05-02,43.5236,43.5603,42.5157,42.8456,3573200,DELL,43.4182,43.9958,46.1316,46.0244,49.2933,47.6663,48.6032,48.1446
2022-05-03,43.8443,44.2200,43.2670,43.6610,2943600,DELL,43.3638,43.9814,45.9366,45.9389,49.2004,47.5906,48.6082,48.1018
2022-05-04,44.7239,44.9347,43.2762,44.1375,4166600,DELL,43.3862,44.0521,45.7914,45.8913,49.1230,47.5339,48.6119,48.0682
2022-05-05,43.3037,44.7698,42.9830,44.5773,3265300,DELL,43.4076,43.9808,45.6242,45.7898,49.0320,47.4501,48.6066,48.0208
2022-05-06,41.7643,43.0013,41.5628,42.8364,5542700,DELL,43.3262,43.7697,45.4433,45.6319,48.9426,47.3375,48.5942,47.9586
2022-05-09,41.4070,41.9842,40.9397,41.2054,4320500,DELL,43.2405,43.5447,45.3350,45.4662,48.8596,47.2201,48.5786,47.8934
2022-05-10,41.6910,42.3782,40.9855,42.1950,5163100,DELL,43.1890,43.3682,45.2414,45.3182,48.7666,47.1106,48.5646,47.8317
2022-05-11,40.6923,42.3599,40.6281,41.5719,4552400,DELL,43.0808,43.1133,45.1475,45.1368,48.6731,46.9835,48.5465,47.7606
2022-05-12,40.0784,41.1413,39.5561,40.4724,5832700,DELL,42.9323,42.8243,44.9737,44.9384,48.5767,46.8468,48.5257,47.6842
2022-05-13,41.3153,41.7918,40.4815,40.5457,4100500,DELL,42.8625,42.6806,44.8429,44.7963,48.5021,46.7372,48.5091,47.6208
2022-05-16,41.2604,41.5444,40.7381,41.0588,5127700,DELL,42.7672,42.5453,44.7225,44.6577,48.4102,46.6288,48.4926,47.5575
2022-05-17,42.7081,42.8181,41.6544,42.1400,4664700,DELL,42.7040,42.5608,44.6790,44.5812,48.3334,46.5511,48.4841,47.5093
2022-05-18,39.6844,42.2866,39.6202,42.0850,4560600,DELL,42.4433,42.2869,44.5584,44.3892,48.2218,46.4152,48.4556,47.4314
2022-05-19,37.6594,38.9880,37.4578,38.9513,7072800,DELL,42.1176,41.8462,44.3656,44.1253,48.0834,46.2418,48.4193,47.3342
2022-05-20,36.6973,38.0076,35.1213,37.8976,9450800,DELL,41.8051,41.3558,44.1538,43.8340,47.9322,46.0528,48.3760,47.2283
2022-05-23,37.7693,38.0625,36.8989,36.8989,8961000,DELL,41.5279,41.0142,43.9627,43.5961,47.7908,45.8888,48.3377,47.1342
2022-05-24,37.4578,37.9801,36.5598,37.3478,6600600,DELL,41.2700,40.6755,43.7885,43.3554,47.6511,45.7218,48.2978,47.0379
2022-05-25,39.6752,40.0234,37.4578,37.5128,6045400,DELL,41.1211,40.5802,43.6342,43.2111,47.5368,45.6021,48.2692,46.9647
2022-05-26,40.2525,40.6465,38.4840,38.8414,6899900,DELL,40.9291,40.5490,43.4935,43.0951,47.4209,45.4961,48.2391,46.8979
2022-05-27,45.4295,48.1967,44.3941,46.1717,15886600,DELL,41.0469,41.0138,43.4829,43.1866,47.3429,45.4948,48.2344,46.8833
2022-05-31,45.7593,46.2358,44.3208,45.2920,13254200,DELL,41.1587,41.4658,43.4549,43.2875,47.2730,45.5001,48.2326,46.8721
2022-06-01,46.4282,47.2254,45.7227,46.0526,5584400,DELL,41.2879,41.9384,43.4313,43.4107,47.2091,45.5184,48.2349,46.8677
2022-06-02,46.9872,47.0421,45.7502,45.8143,3747400,DELL,41.4010,42.4192,43.4067,43.5509,47.1513,45.5475,48.2443,46.8689
2022-06-03,46.7489,47.4178,46.4374,46.6940,2721800,DELL,41.5733,42.8316,43.3845,43.6763,47.0740,45.5713,48.2545,46.8677
2022-06-06,45.8510,46.9963,45.7593,46.8314,2722900,DELL,41.7776,43.1191,43.3277,43.7616,46.9843,45.5769,48.2618,46.8575
2022-06-07,46.8680,46.9688,45.2371,45.5944,2451900,DELL,42.0507,43.4762,43.2680,43.8834,46.9075,45.6024,48.2691,46.8577
2022-06-08,46.1167,47.0055,46.1167,46.8955,2511100,DELL,42.2720,43.7277,43.2022,43.9710,46.8211,45.6126,48.2688,46.8503
2022-06-09,46.1350,47.0971,45.8143,45.9976,3142800,DELL,42.5441,43.9569,43.1234,44.0559,46.7317,45.6229,48.2671,46.8432
2022-06-10,45.0446,46.0892,44.9255,45.4478,2544600,DELL,42.7924,44.0605,43.0358,44.0947,46.6409,45.6115,48.2570,46.8253
2022-06-13,43.2945,44.3208,43.1388,43.8351,2612700,DELL,42.8914,43.9876,42.9883,44.0633,46.5465,45.5656,48.2393,46.7901
2022-06-14,43.3862,43.9176,43.0838,43.6152,2352400,DELL,42.9977,43.9303,42.9680,44.0367,46.4581,45.5225,48.2327,46.7563
2022-06-15,43.8993,44.5132,43.1846,43.7618,2515300,DELL,43.0572,43.9273,42.9473,44.0313,46.3914,45.4903,48.2259,46.7278
2022-06-16,42.0484,43.1479,41.5994,42.9647,2830700,DELL,43.1754,43.7484,42.9027,43.9536,46.3076,45.4222,48.2114,46.6813
2022-06-17,43.6061,43.9176,42.4607,42.6898,5094900,DELL,43.4728,43.7348,42.9174,43.9399,46.2392,45.3862,48.2063,46.6507
2022-06-21,45.1088,45.3104,44.2841,44.7423,5271400,DELL,43.8933,43.8657,42.9517,43.9858,46.1868,45.3807,48.2080,46.6353
2022-06-22,44.5407,45.6036,44.3574,44.5957,3735800,DELL,44.2319,43.9300,42.9801,44.0075,46.1276,45.3641,48.2067,46.6145
2022-06-23,44.9347,45.4203,44.2750,44.5498,3014000,DELL,44.6057,44.0257,43.0244,44.0439,46.0653,45.3556,48.2100,46.5978
2022-06-24,46.0434,46.4557,44.9439,45.1729,9204600,DELL,44.9242,44.2178,43.0881,44.1223,46.0088,45.3692,48.2214,46.5923
2022-06-27,46.0342,46.2450,45.7318,46.1442,3329700,DELL,45.2132,44.3908,43.1478,44.1973,45.9362,45.3824,48.2294,46.5867
2022-06-28,44.8431,46.4099,44.7881,46.1533,3149800,DELL,45.1839,44.4339,43.1904,44.2226,45.8441,45.3717,48.2340,46.5694
2022-06-29,43.4228,44.9255,43.2945,44.8889,3346400,DELL,45.0671,44.3376,43.1956,44.1913,45.7397,45.3331,48.2230,46.5381
2022-06-30,42.3416,43.3312,42.0667,42.7539,3976900,DELL,44.8628,44.1475,43.1630,44.1187,45.6286,45.2738,48.2101,46.4963
2022-07-01,39.1621,42.5523,38.8597,41.9659,6384400,DELL,44.4715,43.6727,43.0482,43.9243,45.4837,45.1528,48.1743,46.4233
2022-07-05,39.5286,39.5927,38.0900,38.4932,3849800,DELL,44.1105,43.2780,42.9553,43.7520,45.3335,45.0415,48.1381,46.3547
2022-07-06,38.6673,39.5011,38.0534,39.0888,3685400,DELL,43.7513,42.8389,42.8697,43.5526,45.1673,44.9152,48.0996,46.2782
2022-07-07,39.3453,39.8310,39.0704,39.1346,2983500,DELL,43.3752,42.5062,42.7904,43.3876,45.0082,44.8049,48.0637,46.2092
2022-07-08,39.3270,39.6294,38.5940,38.8597,3315000,DELL,43.0357,42.2034,42.7246,43.2283,44.8600,44.6965,48.0313,46.1408
2022-07-11,38.9238,39.4370,38.7681,38.8505,2400000,DELL,42.6751,41.8911,42.6500,43.0595,44.7160,44.5822,47.9970,46.0689
2022-07-12,39.4461,40.0417,38.8231,38.8780,4518200,DELL,42.3952,41.6582,42.5571,42.9178,44.5662,44.4805,47.9575,46.0030
2022-07-13,39.5286,39.9318,38.8597,38.9422,3584700,DELL,42.2069,41.4554,42.4862,42.7849,44.4129,44.3824,47.9156,45.9386
2022-07-14,39.1254,39.2262,37.8793,39.0521,3574700,DELL,41.9939,41.2335,42.3982,42.6414,44.2649,44.2783,47.8694,45.8708
2022-07-15,39.8218,39.8310,39.0613,39.4553,2208800,DELL,41.7900,41.0990,42.3178,42.5308,44.1272,44.1900,47.8257,45.8106
2022-07-18,39.3087,40.4449,39.2171,40.3075,2183000,DELL,41.6530,40.9285,42.2095,42.4045,44.0005,44.0934,47.7792,45.7459
2022-07-19,40.6661,40.7584,39.7150,39.7150,2321500,DELL,41.5060,40.9035,42.1567,42.3363,43.8905,44.0255,47.7427,45.6954
2022-07-20,40.7861,41.2755,40.1397,40.6291,2559000,DELL,41.2899,40.8924,42.1372,42.2755,43.7902,43.9614,47.7027,45.6466
2022-07-21,41.2293,41.3125,40.3891,40.7215,2177600,DELL,41.1243,40.9245,42.1336,42.2345,43.7343,43.9073,47.6661,45.6026
2022-07-22,40.0197,41.1832,39.8904,40.8877,3365400,DELL,40.8786,40.8383,42.1002,42.1476,43.6708,43.8303,47.6220,45.5471
2022-07-25,40.4906,40.8969,39.9274,40.3060,2262200,DELL,40.6009,40.8052,42.0961,42.0826,43.6218,43.7642,47.5812,45.4967
2022-07-26,40.1028,40.7492,39.9643,40.4906,2309300,DELL,40.3043,40.7383,42.0966,42.0050,43.5351,43.6917,47.5348,45.4431
2022-07-27,40.8969,41.0816,40.0474,40.2506,1889000,DELL,40.1070,40.7534,42.0883,41.9616,43.4656,43.6363,47.4970,45.3978
2022-07-28,41.0908,41.4325,40.5183,40.8415,1625700,DELL,39.9904,40.7855,42.0849,41.9274,43.4037,43.5859,47.4599,45.3550
2022-07-29,41.6079,41.6356,40.6476,41.1001,2121300,DELL,39.9538,40.8639,42.0629,41.9149,43.3709,43.5467,47.4287,45.3177
2022-08-01,41.9403,42.2358,41.1739,41.3401,1807400,DELL,40.0927,40.9664,42.1080,41.9159,43.3332,43.5149,47.3993,45.2841
2022-08-02,40.8692,41.7741,40.7399,41.5525,2242000,DELL,40.1597,40.9571,42.1722,41.8748,43.2689,43.4625,47.3593,45.2402
2022-08-03,41.0447,41.4325,40.1028,40.8230,3057300,DELL,40.2786,40.9655,42.2591,41.8423,43.2065,43.4147,47.3161,45.1984
2022-08-04,40.8138,41.0816,40.2136,41.0816,3152100,DELL,40.3520,40.9510,42.3200,41.8019,43.1414,43.3632,47.2696,45.1548
2022-08-05,41.9311,41.9588,40.4445,40.4999,3221300,DELL,40.4822,41.0444,42.4095,41.8070,43.0990,43.3348,47.2238,45.1227
2022-08-08,41.9681,42.8822,41.7372,42.1435,2821200,DELL,40.6344,41.1323,42.4553,41.8133,43.0448,43.3077,47.1762,45.0913
2022-08-09,41.6356,41.9403,41.1555,41.8480,2767400,DELL,40.7439,41.1803,42.4830,41.8064,42.9883,43.2746,47.1239,45.0569
2022-08-10,43.6117,43.6209,42.3743,42.4759,1967200,DELL,40.9480,41.4118,42.4466,41.8772,42.9648,43.2813,47.0778,45.0426
2022-08-11,43.9533,44.7752,43.6948,43.7779,2342400,DELL,41.1894,41.6539,42.4105,41.9586,42.9327,43.2946,47.0386,45.0317
2022-08-12,44.5258,44.5905,43.9995,44.2304,1987300,DELL,41.4246,41.9274,42.3725,42.0592,42.9019,43.3190,47.0071,45.0267
2022-08-15,44.5997,44.9691,44.3042,44.3689,2258300,DELL,41.6892,42.1819,42.3247,42.1589,42.8657,43.3444,46.9802,45.0224
2022-08-16,44.8675,45.4677,44.4704,44.6090,2257200,DELL,41.8993,42.4377,42.2871,42.2651,42.8358,43.3745,46.9507,45.0209
2022-08-17,44.1657,44.5812,43.5655,44.5812,2086900,DELL,42.0682,42.6022,42.2534,42.3396,42.7906,43.3902,46.9179,45.0124
2022-08-18,45.1907,45.2830,44.1472,44.7474,2147200,DELL,42.2663,42.8488,42.2198,42.4514,42.7439,43.4258,46.8867,45.0142
2022-08-19,44.0180,44.5812,43.7040,44.4797,2123000,DELL,42.4662,42.9601,42.1779,42.5129,42.6900,43.4376,46.8584,45.0042
2022-08-22,43.2516,43.6025,42.9838,43.3808,2883200,DELL,42.6043,42.9879,42.1202,42.5418,42.6218,43.4339,46.8235,44.9868
2022-08-23,43.3439,44.1565,43.0300,43.0300,2737700,DELL,42.7663,43.0218,42.0862,42.5733,42.5610,43.4321,46.7919,44.9705
2022-08-24,43.0484,43.6117,42.6514,43.2239,1981400,DELL,42.8739,43.0243,42.0813,42.5919,42.5348,43.4245,46.7508,44.9513
2022-08-25,44.2304,44.3319,43.5378,43.7594,3798400,DELL,43.0309,43.1392,42.0982,42.6562,42.5331,43.4405,46.7193,44.9442
2022-08-26,38.2560,42.3466,38.0252,42.3466,12423800,DELL,42.8633,42.6741,41.9853,42.4836,42.4663,43.3378,46.6554,44.8776
2022-08-29,37.4804,39.1240,37.4157,37.7759,6315200,DELL,42.6403,42.1795,41.8939,42.2874,42.3983,43.2218,46.5852,44.8040
2022-08-30,36.6493,38.1729,36.6493,37.7112,4619700,DELL,42.4293,41.6528,41.7548,42.0663,42.3361,43.0917,46.5128,44.7229
2022-08-31,35.3566,36.5847,35.2550,36.1599,6819900,DELL,42.1449,41.0532,41.5597,41.8032,42.2557,42.9385,46.4348,44.6297
2022-09-01,34.7656,35.1165,34.2577,35.0242,4298400,DELL,41.8425,40.4543,41.3642,41.5272,42.1722,42.7766,46.3507,44.5315
2022-09-02,34.8949,35.5228,34.5902,35.3658,3422400,DELL,41.4907,39.9249,41.1635,41.2671,42.0939,42.6206,46.2672,44.4356
2022-09-06,34.4332,34.9503,33.9715,34.9134,3994600,DELL,41.1139,39.4019,40.9312,40.9991,42.0097,42.4584,46.1846,44.3361
2022-09-07,35.0703,35.2273,33.9253,34.3224,3571500,DELL,40.7856,38.9893,40.7120,40.7666,41.9299,42.3121,46.1056,44.2439
2022-09-08,35.5505,35.5597,34.5717,34.7287,3894700,DELL,40.3826,38.6618,40.5261,40.5621,41.8583,42.1783,46.0331,44.1574
2022-09-09,36.7417,36.8802,35.8921,35.8921,3104800,DELL,40.0220,38.4789,40.3925,40.4122,41.7940,42.0706,45.9660,44.0836
2022-09-12,37.2126,37.6374,36.9356,36.9356,2611400,DELL,39.6563,38.3583,40.2899,40.2868,41.7264,41.9744,45.9033,44.0152
2022-09-13,35.3658,36.4739,35.2181,36.2615,3918700,DELL,39.1947,38.0733,40.2140,40.0938,41.6311,41.8435,45.8195,43.9292
2022-09-14,35.2088,35.6890,34.9041,35.5228,3267800,DELL,38.7117,37.8005,40.1276,39.9022,41.5415,41.7122,45.7399,43.8424
2022-09-15,34.7656,35.1996,34.4332,34.9226,3472000,DELL,38.2417,37.5115,40.0496,39.7008,41.4597,41.5746,45.6518,43.7521
2022-09-16,35.0519,35.2089,34.1008,34.3501,5918500,DELL,37.7348,37.2772,39.9637,39.5185,41.3770,41.4454,45.5702,43.6655
2022-09-19,34.9226,35.0796,34.3224,34.5163,2780400,DELL,37.2800,37.0530,39.8756,39.3382,41.3001,41.3163,45.4914,43.5785
2022-09-20,34.1192,34.5994,33.9069,34.5255,2601800,DELL,36.8234,36.7736,39.7795,39.1336,41.2148,41.1738,45.4019,43.4844
2022-09-21,33.9623,34.9134,33.9438,34.3316,2533300,DELL,36.3543,36.5058,39.6698,38.9308,41.1135,41.0310,45.3057,43.3897
2022-09-22,33.5006,34.0546,33.4267,33.7499,2568400,DELL,35.8769,36.2196,39.5493,38.7178,41.0177,40.8818,45.2059,43.2913
2022-09-23,32.7988,33.3898,32.1340,32.9281,2881200,DELL,35.3053,35.8938,39.4227,38.4857,40.9105,40.7218,45.1019,43.1869
2022-09-26,32.0416,32.9281,31.9770,32.3833,3611400,DELL,34.9946,35.5270,39.2671,38.2330,40.7925,40.5499,44.9964,43.0760
2022-09-27,32.0601,32.9465,31.9031,32.6049,3306600,DELL,34.7236,35.1968,39.1222,37.9909,40.6658,40.3818,44.8944,42.9664
2022-09-28,32.5864,32.6880,31.8662,31.8662,2908400,DELL,34.5205,34.9482,38.9606,37.7790,40.5586,40.2274,44.7953,42.8631
2022-09-29,31.5707,32.2540,31.2198,32.0232,4703500,DELL,34.3312,34.6265,38.7763,37.5355,40.4567,40.0560,44.6997,42.7507
2022-09-30,31.5522,32.2817,31.4784,31.7000,3041500,DELL,34.1705,34.3337,38.5827,37.3009,40.3582,39.8876,44.6089,42.6393
2022-10-03,33.1312,33.3713,31.5799,31.8754,4119700,DELL,34.0823,34.2192,38.4450,37.1374,40.2726,39.7538,44.5196,42.5447
2022-10-04,34.5902,34.6179,33.7222,33.7776,2670300,DELL,34.0902,34.2545,38.3269,37.0375,40.2115,39.6516,44.4423,42.4655
2022-10-05,34.9595,35.1996,33.9438,34.1192,2512400,DELL,34.0846,34.3217,38.2241,36.9560,40.1604,39.5587,44.3685,42.3908
2022-10-06,34.6086,35.3843,34.5163,35.0057,2757500,DELL,34.0375,34.3490,38.0983,36.8639,40.0933,39.4606,44.2977,42.3134
2022-10-07,31.9493,33.6945,31.8939,33.2882,5615000,DELL,33.7979,34.1205,37.9155,36.6712,40.0002,39.3119,44.2052,42.2103
2022-10-10,31.8385,32.3556,31.1090,32.2355,3266600,DELL,33.5292,33.9031,37.7201,36.4817,39.8915,39.1639,44.1125,42.1071
2022-10-11,31.2752,32.0786,31.1552,31.7646,3090600,DELL,33.3247,33.6528,37.5068,36.2775,39.8074,39.0077,44.0146,41.9993
2022-10-12,31.1829,31.5061,31.0074,31.1736,2873300,DELL,33.1234,33.4176,37.3131,36.0777,39.7426,38.8527,43.9130,41.8917
2022-10-13,32.3094,32.5587,30.3795,30.5365,3036300,DELL,33.0006,33.3121,37.1384,35.9299,39.6987,38.7232,43.8155,41.7963
2022-10-14,31.6353,32.5402,31.4137,32.3833,2288100,DELL,32.8297,33.1524,36.9548,35.7615,39.6374,38.5828,43.7141,41.6952
2022-10-17,31.8292,32.4756,31.4783,31.8015,3412400,DELL,32.6751,33.0264,36.7527,35.6073,39.5811,38.4491,43.6161,41.5970
2022-10-18,32.2208,32.8175,31.7080,32.4912,2468800,DELL,32.5801,32.9496,36.5578,35.4745,39.5066,38.3258,43.5217,41.5038
2022-10-19,32.1555,32.6217,31.6055,31.7267,2225700,DELL,32.4898,32.8740,36.3682,35.3444,39.4256,38.2036,43.4232,41.4107
2022-10-20,32.5005,33.3116,32.1835,32.1835,2122100,DELL,32.4398,32.8384,36.1460,35.2328,39.2963,38.0906,43.3196,41.3221
2022-10-21,34.3558,34.4770,32.8734,32.9667,2964700,DELL,32.5176,32.9829,35.9540,35.1984,39.1823,38.0167,43.2276,41.2528
2022-10-24,34.7567,34.9711,34.1693,34.5236,2346600,DELL,32.6534,33.1519,35.7586,35.1811,39.0656,37.9521,43.1373,41.1881
2022-10-25,35.1856,35.4000,34.5796,34.6914,2434300,DELL,32.8097,33.3456,35.5704,35.1813,38.9475,37.8973,43.0494,41.1284
2022-10-26,35.2322,35.6331,34.6728,34.7940,2339600,DELL,32.9420,33.5252,35.3777,35.1833,38.8324,37.8446,42.9532,41.0697
2022-10-27,35.2042,35.8475,34.9525,35.5212,3395800,DELL,33.1236,33.6851,35.1984,35.1841,38.7259,37.7923,42.8551,41.0114
2022-10-28,36.5094,36.7239,35.4000,35.4000,3062300,DELL,33.3715,33.9541,35.0248,35.2361,38.6223,37.7669,42.7649,40.9666
2022-10-31,35.8009,36.2671,35.6983,36.0619,2578800,DELL,33.5050,34.1300,34.8605,35.2582,38.5192,37.7280,42.6701,40.9152
2022-11-01,36.5001,36.5934,35.4932,36.3043,2227300,DELL,33.6005,34.3557,34.7254,35.3069,38.4228,37.7036,42.5773,40.8712
2022-11-02,35.1203,36.6493,35.1110,36.3696,2865600,DELL,33.6085,34.4286,34.5610,35.2996,38.3236,37.6525,42.4823,40.8140
2022-11-03,34.8220,35.2695,34.5143,34.6448,2385300,DELL,33.6192,34.4660,34.3964,35.2809,38.2388,37.5964,42.3927,40.7544
2022-11-04,36.3603,36.6680,35.5398,35.6704,2816400,DELL,33.8397,34.6464,34.2390,35.3232,38.1686,37.5720,42.3133,40.7107
2022-11-07,37.1714,37.2833,36.3043,36.4442,2497900,DELL,34.1064,34.8869,34.2173,35.3957,38.1013,37.5640,42.2464,40.6755
2022-11-08,37.6842,38.2715,37.3392,37.4511,2523800,DELL,34.4268,35.1533,34.2214,35.4854,38.0577,37.5664,42.1827,40.6457
2022-11-09,36.6679,37.5723,36.5654,37.1900,2106400,DELL,34.7011,35.2976,34.2218,35.5318,37.9883,37.5486,42.1138,40.6061
2022-11-10,38.8962,38.9055,37.7494,38.2529,3582200,DELL,35.0304,35.6403,34.2926,35.6637,37.9262,37.5753,42.0565,40.5891
2022-11-11,39.7912,40.1548,38.7470,38.8869,2524200,DELL,35.4382,36.0356,34.3931,35.8256,37.8787,37.6192,42.0032,40.5812
2022-11-14,39.3903,40.0243,38.8496,38.8496,2918200,DELL,35.8163,36.3551,34.4830,35.9654,37.8232,37.6542,41.9442,40.5693
2022-11-15,39.4835,40.4904,39.3250,40.2760,2967200,DELL,36.1794,36.6531,34.5840,36.1034,37.7576,37.6905,41.8832,40.5585
2022-11-16,38.3927,39.1386,38.2715,39.1386,2679800,DELL,36.4913,36.8187,34.6505,36.1931,37.6812,37.7044,41.8087,40.5370
2022-11-17,38.9335,39.0733,37.6189,37.9173,2382100,DELL,36.8129,37.0201,34.7181,36.3006,37.6221,37.7287,41.7331,40.5210
2022-11-18,39.1945,39.2878,38.5699,39.0081,3992300,DELL,37.0549,37.2272,34.7672,36.4141,37.5798,37.7577,41.6598,40.5078
2022-11-21,38.2902,38.8869,37.1994,38.7470,7317500,DELL,37.2315,37.3285,34.7887,36.4877,37.5393,37.7683,41.5840,40.4857
2022-11-22,40.8820,40.9846,37.6655,38.9055,12566200,DELL,37.5164,37.6669,34.8990,36.6600,37.5565,37.8299,41.5201,40.4897
2022-11-23,41.5906,42.2618,40.5930,40.8820,4938500,DELL,37.8343,38.0406,35.0267,36.8533,37.5771,37.9044,41.4553,40.5006
2022-11-25,41.6092,42.0194,41.4134,41.4880,2034700,DELL,38.1545,38.3804,35.1635,37.0399,37.6066,37.9778,41.3869,40.5117
2022-11-28,40.6303,41.3016,40.6116,41.2083,2959900,DELL,38.3606,38.5947,35.2751,37.1807,37.6194,38.0303,41.3138,40.5128
2022-11-29,40.5743,40.9659,40.4625,40.6955,3448800,DELL,38.5992,38.7833,35.3882,37.3137,37.6319,38.0807,41.2459,40.5135
2022-11-30,41.7584,41.7770,39.8565,40.5091,6805600,DELL,38.8622,39.0666,35.5409,37.4880,37.6602,38.1535,41.1881,40.5258
2022-12-01,41.8609,42.2898,41.3668,41.9542,2331400,DELL,39.1992,39.3327,35.6989,37.6595,37.6844,38.2269,41.1253,40.5391
2022-12-02,41.5253,41.7024,40.9566,41.2829,2518000,DELL,39.5344,39.5415,35.8594,37.8111,37.7043,38.2922,41.0586,40.5489
2022-12-05,40.1548,41.0871,40.0429,40.9193,2304100,DELL,39.7241,39.6000,36.0065,37.9030,37.7146,38.3291,40.9898,40.5450
2022-12-06,39.5954,40.2294,39.2225,40.0989,2844600,DELL,39.8453,39.5995,36.1576,37.9694,37.7124,38.3542,40.9198,40.5356
2022-12-07,39.0826,39.4090,38.6817,39.1945,2906000,DELL,39.9152,39.5503,36.2981,38.0131,37.7101,38.3686,40.8553,40.5211
2022-12-08,39.3717,39.5768,38.8962,39.2038,3438600,DELL,40.0504,39.5333,36.4338,38.0663,37.6972,38.3885,40.7938,40.5097
2022-12-09,38.9987,39.6420,38.9335,39.0547,1835200,DELL,40.0555,39.4824,36.5823,38.1029,37.6793,38.4006,40.7348,40.4946
2022-12-12,39.9683,39.9777,38.5792,38.8216,3319500,DELL,40.0644,39.5287,36.7506,38.1761,37.6667,38.4316,40.7005,40.4894
2022-12-13,39.9497,41.3482,39.7073,41.3202,2816400,DELL,40.0923,39.5688,36.8870,38.2456,37.6660,38.4617,40.6684,40.4840
2022-12-14,38.8589,39.9963,38.6911,39.7073,3367900,DELL,40.0611,39.5011,36.9724,38.2697,37.6497,38.4695,40.6357,40.4679
2022-12-15,36.7146,38.1410,36.6307,38.1410,4463300,DELL,39.9772,39.2358,37.0075,38.2087,37.6158,38.4348,40.5755,40.4305
2022-12-16,36.5934,36.7798,36.0899,36.3230,4645900,DELL,39.8602,38.9841,37.0472,38.1453,37.5727,38.3983,40.5192,40.3923
2022-12-19,36.3603,36.7519,36.0247,36.6773,2648600,DELL,39.7185,38.7342,37.1354,38.0753,37.5254,38.3580,40.4646,40.3522
2022-12-20,36.3137,36.4908,36.0526,36.1272,1893400,DELL,39.6197,38.5037,37.2249,38.0062,37.4725,38.3175,40.4217,40.3120
2022-12-21,36.4722,36.8731,36.3883,36.5001,2863900,DELL,39.3992,38.3102,37.3288,37.9461,37.4178,38.2809,40.3755,40.2738
2022-12-22,36.4908,36.5001,35.4466,35.8568,2285900,DELL,39.1442,38.1369,37.4350,37.8890,37.3740,38.2455,40.3215,40.2362
2022-12-23,36.4722,36.6213,36.0153,36.5467,1466400,DELL,38.8873,37.9784,37.5183,37.8335,37.3283,38.2104,40.2674,40.1987
2022-12-27,36.7425,36.9104,36.2950,36.5654,1832500,DELL,38.6929,37.8607,37.6204,37.7907,37.2876,38.1813,40.2145,40.1643
2022-12-28,36.1365,36.8264,35.9874,36.7146,1822900,DELL,38.4710,37.6965,37.7065,37.7258,37.2296,38.1408,40.1643,40.1243
2022-12-29,37.1248,37.2180,36.3603,36.4628,1582800,DELL,38.2394,37.6420,37.8046,37.7022,37.1812,38.1207,40.1130,40.0944
2022-12-30,37.4977,37.4977,36.7146,36.8171,1582400,DELL,38.0212,37.6283,37.9115,37.6942,37.1398,38.1084,40.0640,40.0686
2023-01-03,38.1317,38.2063,37.2646,37.8147,2679200,DELL,37.8515,37.6762,38.0241,37.7114,37.0850,38.1088,40.0249,40.0493
2023-01-04,38.1690,38.7843,37.8333,38.5885,2790000,DELL,37.7522,37.7232,38.1004,37.7293,37.0272,38.1100,39.9799,40.0306
2023-01-05,38.1037,38.3181,37.5536,37.9918,2483700,DELL,37.6776,37.7594,38.1673,37.7440,36.9630,38.1099,39.9324,40.0114
2023-01-06,39.5488,39.7073,38.0571,38.3834,3179700,DELL,37.7010,37.9298,38.2546,37.8148,36.9125,38.1384,39.8891,40.0068
2023-01-09,39.4183,40.1828,39.3344,39.8098,2966400,DELL,37.7033,38.0716,38.3383,37.8777,36.8580,38.1637,39.8469,40.0010
2023-01-10,39.6141,39.7446,38.9894,39.2318,2780300,DELL,37.7341,38.2185,38.4265,37.9458,36.8125,38.1924,39.8015,39.9971
2023-01-11,38.0105,39.3437,36.9943,39.2318,5620300,DELL,37.6362,38.1987,38.4565,37.9483,36.7407,38.1888,39.7423,39.9773
2023-01-12,37.2273,37.9545,37.0875,37.7774,4410100,DELL,37.5000,38.1062,38.4850,37.9200,36.6727,38.1698,39.6814,39.9500
2023-01-13,37.4604,37.4884,36.3510,36.6959,3383600,DELL,37.4301,38.0447,38.5042,37.9020,36.6148,38.1558,39.6183,39.9252
2023-01-17,37.3206,37.4697,36.7798,37.4138,2691600,DELL,37.4604,37.9757,38.5482,37.8792,36.5546,38.1392,39.5578,39.8993
2023-01-18,37.3112,37.7588,37.0036,37.5443,2757400,DELL,37.4963,37.9124,38.5980,37.8569,36.4972,38.1228,39.5160,39.8735
2023-01-19,36.7891,37.1621,36.3883,36.7519,3341700,DELL,37.5178,37.8054,38.6066,37.8150,36.4228,38.0964,39.4779,39.8429
2023-01-20,37.5350,37.5630,36.7332,37.1528,2907900,DELL,37.5788,37.7797,38.6139,37.8041,36.4156,38.0853,39.4410,39.8199
2023-01-23,38.2622,38.8029,37.8427,38.0012,2745200,DELL,37.6683,37.8256,38.6254,37.8220,36.4234,38.0888,39.4109,39.8044
2023-01-24,38.1494,38.6006,37.6983,37.7829,1903000,DELL,37.7513,37.8565,38.6551,37.8349,36.4384,38.0900,39.3873,39.7879
2023-01-25,38.0836,38.3280,37.3881,37.5949,2705600,DELL,37.8318,37.8781,38.6388,37.8446,36.4657,38.0899,39.3607,39.7710
2023-01-26,38.5254,38.5818,37.8017,38.4878,1645300,DELL,37.9210,37.9398,38.6135,37.8713,36.5033,38.0985,39.3377,39.7586
2023-01-27,37.8863,38.6945,37.8769,38.2528,2677300,DELL,38.0085,37.9347,38.5834,37.8719,36.5332,38.0943,39.3136,39.7399
2023-01-30,37.6043,37.9802,37.4445,37.5573,2444000,DELL,38.0324,37.9032,38.5458,37.8614,36.5649,38.0846,39.2873,39.7187
2023-01-31,38.1776,38.1776,37.1250,37.5479,2562500,DELL,38.0664,37.9293,38.5415,37.8738,36.5960,38.0864,39.2629,39.7034
2023-02-01,38.7509,38.9483,37.9144,38.0648,3476500,DELL,38.0974,38.0076,38.5379,37.9082,36.6280,38.0996,39.2431,39.6939
2023-02-02,39.8694,40.4897,38.9953,39.0047,4623200,DELL,38.1824,38.1849,38.5514,37.9851,36.6593,38.1346,39.2267,39.6956
2023-02-03,39.7002,40.2077,39.1927,39.4370,2936700,DELL,38.2622,38.3292,38.5796,38.0524,36.6841,38.1656,39.2053,39.6957
2023-02-06,38.4972,39.6438,37.8863,39.6438,4299200,DELL,38.2097,38.3452,38.5319,38.0698,36.7155,38.1722,39.1733,39.6837
2023-02-07,39.4652,39.6626,38.3468,38.4032,3268800,DELL,38.2120,38.4519,38.4894,38.1245,36.7580,38.1978,39.1497,39.6816
2023-02-08,39.3243,39.7002,39.0705,39.1739,2643200,DELL,38.1975,38.5350,38.4437,38.1716,36.8036,38.2201,39.1316,39.6780
2023-02-09,39.5122,40.3863,39.3995,40.0386,2878400,DELL,38.2726,38.6280,38.4213,38.2242,36.8482,38.2457,39.1126,39.6764
2023-02-10,40.1514,40.6495,39.2115,39.3619,3964200,DELL,38.4188,38.7731,38.4129,38.2997,36.9005,38.2834,39.1003,39.6811
2023-02-13,40.7905,41.1852,40.0762,40.2359,3705100,DELL,38.5853,38.9652,38.3935,38.3974,36.9672,38.3331,39.0910,39.6921
2023-02-14,40.4427,41.1664,40.3487,40.6495,2277200,DELL,38.7414,39.1060,38.3651,38.4776,37.0320,38.3749,39.0727,39.6996
2023-02-15,40.2265,40.4615,39.9164,39.9916,2139900,DELL,38.8872,39.2127,38.3392,38.5462,37.0993,38.4115,39.0585,39.7048
2023-02-16,40.1514,41.0912,39.7942,39.9164,2960900,DELL,39.0553,39.3021,38.3391,38.6092,37.1728,38.4460,39.0416,39.7093
2023-02-17,39.9258,40.3863,39.7754,40.0292,2728400,DELL,39.1748,39.3615,38.3457,38.6608,37.2516,38.4753,39.0221,39.7114
2023-02-21,39.3713,39.8882,39.1833,39.3901,3973200,DELL,39.2303,39.3624,38.3515,38.6886,37.3248,38.4930,38.9953,39.7081
2023-02-22,39.2961,39.7190,39.0987,39.5310,2240600,DELL,39.2876,39.3561,38.3500,38.7125,37.3919,38.5089,38.9752,39.7040
2023-02-23,39.5028,39.8788,38.9483,39.6626,3414200,DELL,39.3586,39.3701,38.3600,38.7435,37.4712,38.5286,38.9639,39.7020
2023-02-24,39.1081,39.2867,38.6382,38.8355,3712800,DELL,39.3877,39.3451,38.3428,38.7578,37.5467,38.5401,38.9524,39.6960
2023-02-27,38.5348,39.6532,38.4126,39.5968,5148200,DELL,39.4201,39.2679,38.3145,38.7490,37.6008,38.5400,38.9367,39.6845
2023-02-28,38.1964,39.1739,38.0742,38.4032,7672500,DELL,39.4497,39.1659,38.3013,38.7273,37.6368,38.5332,38.9242,39.6697
2023-03-01,38.0084,38.4878,37.5667,38.3844,7083400,DELL,39.4413,39.0557,38.3272,38.6992,37.6673,38.5228,38.9138,39.6532
2023-03-02,37.7547,37.8299,36.5610,37.7829,9033100,DELL,39.3915,38.9318,38.3504,38.6621,37.6988,38.5076,38.8960,39.6343
2023-03-03,37.3975,38.5254,36.4859,36.7114,7775700,DELL,39.2679,38.7856,38.3711,38.6125,37.7533,38.4856,38.8767,39.6120
2023-03-06,36.7208,37.8863,36.7208,37.8393,5330200,DELL,39.1189,38.5890,38.3793,38.5383,37.8021,38.4506,38.8468,39.5832
2023-03-07,35.7151,37.1532,35.7058,36.7678,4813000,DELL,38.9798,38.3153,38.3641,38.4276,37.8465,38.3965,38.8269,39.5448
2023-03-08,36.4389,36.4670,35.7433,35.9031,3009800,DELL,38.8285,38.1366,38.3631,38.3496,37.8990,38.3577,38.8208,39.5138
2023-03-09,35.5272,36.5798,35.4520,36.2603,2730900,DELL,38.6386,37.8881,38.3442,38.2390,37.9312,38.3017,38.8150,39.4742
2023-03-10,34.5121,35.4708,34.0986,35.4050,3661900,DELL,38.3886,37.5665,38.2996,38.0928,37.9600,38.2266,38.7987,39.4248
2023-03-13,34.3711,34.6061,33.7978,33.9952,5580600,DELL,38.0996,37.2622,38.2643,37.9469,37.9854,38.1503,38.7833,39.3745
2023-03-14,35.2922,35.9971,34.9257,35.2358,4433900,DELL,37.8247,37.0746,38.2276,37.8428,38.0161,38.0937,38.7613,39.3339
2023-03-15,35.2546,35.8373,34.6343,34.7001,5072600,DELL,37.5653,36.9013,38.1828,37.7413,38.0471,38.0375,38.7364,39.2933
2023-03-16,35.7621,35.8185,34.2584,34.3241,5951500,DELL,37.3421,36.7928,38.1354,37.6636,38.0797,37.9924,38.6880,39.2582
2023-03-17,34.9821,35.8937,34.6625,35.5836,13488400,DELL,37.0836,36.6203,38.0716,37.5585,38.0860,37.9328,38.6341,39.2156
2023-03-20,36.2321,36.5046,35.2358,35.3298,5994100,DELL,36.8989,36.5834,38.0342,37.5065,38.1008,37.8991,38.5832,39.1859
2023-03-21,36.7960,36.9840,36.4107,36.6550,3619400,DELL,36.7702,36.6036,37.9791,37.4786,38.1169,37.8773,38.5322,39.1622
2023-03-22,35.7903,37.1062,35.7621,36.8618,3286300,DELL,36.5949,36.5262,37.9066,37.4124,38.1224,37.8359,38.4774,39.1286
2023-03-23,35.5460,36.2885,35.1324,36.0159,3216000,DELL,36.3970,36.4328,37.8252,37.3392,38.1259,37.7906,38.4259,39.0930
2023-03-24,35.1324,35.4144,34.5967,35.3674,4260900,DELL,36.1982,36.3090,37.7677,37.2527,38.1121,37.7380,38.3672,39.0536
2023-03-27,35.7058,35.8655,35.3674,35.5178,3018900,DELL,36.0568,36.2515,37.7372,37.1920,38.1111,37.6977,38.3152,39.0202
2023-03-28,36.0065,36.0159,35.3016,35.6024,3981900,DELL,35.9473,36.2282,37.7082,37.1455,38.1062,37.6642,38.2645,38.9903
2023-03-29,36.7678,36.8806,36.3167,36.5610,3746600,DELL,35.8853,36.2796,37.6971,37.1307,38.1227,37.6465,38.2231,38.9681
2023-03-30,37.4633,37.5479,37.0686,37.0968,4139600,DELL,35.8707,36.3923,37.7001,37.1437,38.1491,37.6429,38.1940,38.9532
2023-03-31,37.7923,37.9615,37.5385,37.5385,3915700,DELL,35.8904,36.5256,37.7202,37.1692,38.1634,37.6458,38.1660,38.9416
2023-04-03,38.5066,38.6758,37.6513,37.7265,4756200,DELL,35.9797,36.7143,37.7396,37.2216,38.1768,37.6629,38.1390,38.9373
2023-04-04,38.4126,38.8637,38.0554,38.7603,3749300,DELL,36.1146,36.8760,37.7426,37.2683,38.1840,37.6777,38.1209,38.9321
2023-04-05,38.3468,38.6570,37.9145,38.2810,3046600,DELL,36.2100,37.0161,37.7466,37.3106,38.2008,37.6910,38.0946,38.9262
2023-04-06,37.8111,38.3374,37.8111,38.1494,2186500,DELL,36.3242,37.0918,37.7411,37.3302,38.1900,37.6933,38.0581,38.9151
2023-04-10,38.9389,38.9483,37.5009,37.5009,3470200,DELL,36.5455,37.2677,37.7494,37.3933,38.1815,37.7180,38.0301,38.9154
2023-04-11,39.0987,39.4277,38.9107,38.9295,2897800,DELL,36.7819,37.4421,37.7737,37.4602,38.1785,37.7453,38.0009,38.9172
2023-04-12,39.3525,39.4652,38.6758,39.2867,3519200,DELL,36.9849,37.6241,37.8086,37.5344,38.1772,37.7772,37.9674,38.9215
2023-04-13,40.0856,40.1983,39.2491,39.4370,4411800,DELL,37.2265,37.8585,37.8468,37.6345,38.1942,37.8229,37.9377,38.9331
2023-04-14,40.6777,41.1006,40.1232,40.1701,7116900,DELL,37.4722,38.1270,37.8853,37.7538,38.2116,37.8794,37.9169,38.9505
2023-04-17,41.2886,41.3544,40.1420,40.1795,6329400,DELL,37.7876,38.4281,37.9137,37.8924,38.2325,37.9469,37.9062,38.9737
2023-04-18,42.7642,42.9052,41.5424,41.5800,9277600,DELL,38.1142,38.8410,37.9750,38.0835,38.2773,38.0423,37.9083,39.0115
2023-04-19,41.1946,42.5856,41.1852,41.7961,7267000,DELL,38.3341,39.0652,38.0289,38.2055,38.2804,38.1047,37.9185,39.0332
2023-04-20,40.3393,40.9502,40.1795,40.7999,4489200,DELL,38.5616,39.1865,38.0464,38.2892,38.2679,38.1490,37.9225,39.0462
2023-04-21,40.5179,40.5461,39.9634,40.1607,4904900,DELL,38.8102,39.3133,38.0703,38.3766,38.2570,38.1959,37.9318,39.0608
2023-04-24,40.4610,40.6411,40.1671,40.4800,2814400,DELL,39.0766,39.4226,38.0893,38.4583,38.2553,38.2407,37.9373,39.0748
2023-04-25,39.5415,40.4515,39.5320,40.3852,2396000,DELL,39.2684,39.4340,38.0771,38.5008,38.2450,38.2665,37.9384,39.0794
2023-04-26,39.5035,39.9965,39.3139,39.5794,2501400,DELL,39.4432,39.4406,38.0513,38.5401,38.2224,38.2910,37.9413,39.0836
2023-04-27,40.5748,40.5843,39.6173,39.6552,2988500,DELL,39.6336,39.5486,38.0540,38.6199,38.2095,38.3362,37.9470,39.0985
2023-04-28,41.2289,41.3711,40.5937,40.6696,3792400,DELL,39.8218,39.7086,38.0740,38.7222,38.2066,38.3935,37.9555,39.1197
2023-05-01,41.5418,41.8167,41.1341,41.2289,4516200,DELL,40.0093,39.8832,38.1018,38.8328,38.2205,38.4558,37.9675,39.1438
2023-05-02,42.4329,43.2766,41.5986,42.6699,6777900,DELL,40.2056,40.1260,38.1520,38.9740,38.2488,38.5346,37.9806,39.1765
2023-05-03,42.8121,43.3714,42.4708,42.7078,5124900,DELL,40.4256,40.3819,38.2208,39.1245,38.2861,38.6193,37.9981,39.2127
2023-05-04,41.8830,42.8026,41.7977,42.6888,3549600,DELL,40.6024,40.5248,38.2725,39.2327,38.3112,38.6839,38.0042,39.2392
2023-05-05,43.0301,43.4188,42.2907,42.4139,3699600,DELL,40.8634,40.7634,38.3431,39.3816,38.3516,38.7700,38.0154,39.2769
2023-05-08,43.6274,43.7885,42.8216,43.1534,3888000,DELL,41.0978,41.0362,38.4335,39.5481,38.3881,38.8662,38.0274,39.3202
2023-05-09,43.5894,43.8170,42.9164,43.6937,3220600,DELL,41.3223,41.2793,38.5345,39.7066,38.4245,38.9597,38.0453,39.3627
2023-05-10,43.4472,44.1393,43.0870,44.0066,3062200,DELL,41.5271,41.4858,38.6396,39.8533,38.4704,39.0486,38.0600,39.4034
2023-05-11,42.3760,43.3335,42.1674,43.2482,3737500,DELL,41.6416,41.5706,38.7269,39.9522,38.5270,39.1145,38.0714,39.4329
2023-05-12,42.4329,42.4708,41.8925,42.3950,2397200,DELL,41.7294,41.6527,38.8205,40.0495,38.5854,39.1802,38.0791,39.4628
2023-05-15,42.5940,42.6604,42.1390,42.4708,2996400,DELL,41.7946,41.7424,38.9244,40.1493,38.6478,39.2478,38.0866,39.4939
2023-05-16,43.0206,43.7317,42.3570,42.5087,3910100,DELL,41.8075,41.8641,39.0504,40.2619,38.7148,39.3225,38.0937,39.5290
2023-05-17,43.4662,43.7696,42.8879,43.4188,2404600,DELL,41.9210,42.0167,39.2054,40.3875,38.7848,39.4045,38.1013,39.5682
2023-05-18,44.6702,44.8503,43.2766,43.3904,3923300,DELL,42.1376,42.2694,39.3701,40.5555,38.8666,39.5088,38.1203,39.6190
2023-05-19,45.2674,45.6845,44.8977,44.8977,5111000,DELL,42.3751,42.5549,39.5649,40.7402,38.9545,39.6228,38.1414,39.6752
2023-05-22,45.0684,45.4476,43.9592,44.3194,3805600,DELL,42.6054,42.7943,39.7760,40.9100,39.0378,39.7307,38.1627,39.7288
2023-05-23,43.9402,45.1252,43.9307,44.8788,4141100,DELL,42.8254,42.9034,39.9674,41.0288,39.1158,39.8140,38.1727,39.7707
2023-05-24,43.5231,43.6653,42.8974,43.6653,3230700,DELL,43.0263,42.9625,40.1320,41.1266,39.1798,39.8875,38.1805,39.8081
2023-05-25,45.5803,45.8078,44.1393,44.3668,4081700,DELL,43.2766,43.2118,40.3385,41.3013,39.2606,40.0002,38.2002,39.8655
2023-05-26,45.9879,46.0258,45.0115,45.6466,4296700,DELL,43.5146,43.4762,40.5430,41.4851,39.3392,40.1188,38.2121,39.9264
2023-05-30,44.8598,46.5472,44.7176,46.2534,5464400,DELL,43.6805,43.6079,40.7406,41.6174,39.4061,40.2126,38.2166,39.9755
2023-05-31,42.4803,43.7696,42.1390,43.5894,9937400,DELL,43.6828,43.5005,40.8655,41.6512,39.4499,40.2576,38.2064,40.0004
2023-06-01,43.0965,45.0304,42.3855,42.6699,14458300,DELL,43.6970,43.4621,40.9915,41.7079,39.4853,40.3138,38.1989,40.0313
2023-06-02,44.8124,45.3527,43.0112,43.1344,7914700,DELL,43.8435,43.5907,41.1720,41.8297,39.5393,40.4029,38.1986,40.0788
2023-06-05,43.1154,45.1063,42.9448,44.8029,5765700,DELL,43.8478,43.5454,41.3234,41.8801,39.5743,40.4566,38.1934,40.1090
2023-06-06,44.4142,44.6323,42.8121,43.0207,5466200,DELL,43.8871,43.6281,41.5090,41.9795,39.6383,40.5349,38.1895,40.1519
2023-06-07,45.1821,45.2959,44.3384,44.4237,4096000,DELL,43.9668,43.7761,41.6985,42.1051,39.7179,40.6270,38.1953,40.2019
2023-06-08,45.4001,45.5992,44.7460,45.4949,3976100,DELL,44.0644,43.9308,41.8864,42.2343,39.7973,40.7215,38.2061,40.2537
2023-06-09,45.1347,46.1396,45.1157,45.5897,3293500,DELL,44.2023,44.0455,42.0537,42.3480,39.8754,40.8089,38.2150,40.3022
2023-06-12,45.5708,45.6182,45.1442,45.2390,3596800,DELL,44.3592,44.1907,42.2159,42.4744,39.9580,40.9032,38.2276,40.3546
2023-06-13,46.2628,46.2818,45.7414,45.7699,2805600,DELL,44.5427,44.3881,42.3853,42.6230,40.0528,41.0093,38.2378,40.4134
2023-06-14,46.8127,47.1066,46.1017,46.1017,4013600,DELL,44.7323,44.6190,42.5514,42.7873,40.1455,41.1242,38.2806,40.4771
2023-06-15,47.5901,47.8365,46.6231,46.7842,3216600,DELL,44.9385,44.9020,42.7350,42.9756,40.2388,41.2522,38.3311,40.5479
2023-06-16,47.0876,47.6848,46.9549,47.5900,9363300,DELL,45.0593,45.1101,42.9098,43.1369,40.3282,41.3678,38.3833,40.6130
2023-06-20,46.7653,47.0023,46.2060,46.9359,4212100,DELL,45.1342,45.2677,43.0889,43.2792,40.4150,41.4747,38.4404,40.6742
2023-06-21,47.4573,47.9598,46.8411,47.2867,5943300,DELL,45.2537,45.4763,43.2592,43.4430,40.5043,41.5932,38.5038,40.7417
2023-06-22,48.6139,48.7656,47.1729,47.2488,6326400,DELL,45.4874,45.7751,43.4495,43.6458,40.6116,41.7322,38.5724,40.8200
2023-06-23,48.2252,48.9741,47.8839,47.9598,18291800,DELL,45.7225,46.0084,43.6270,43.8254,40.7178,41.8608,38.6414,40.8937
2023-06-26,48.6518,48.8983,48.0830,48.4622,3404300,DELL,45.8760,46.2602,43.7983,44.0147,40.8226,41.9952,38.7093,40.9709
2023-06-27,48.7182,48.8888,48.2063,48.6518,3496000,DELL,46.0126,46.4943,43.9591,44.1991,40.9222,42.1284,38.7751,41.0480
2023-06-28,49.0784,49.2206,48.2631,48.3769,2946800,DELL,46.2235,46.7404,44.1149,44.3904,41.0143,42.2660,38.8368,41.1279
2023-06-29,50.3393,50.3867,49.1069,49.2965,4033400,DELL,46.6164,47.0831,44.2664,44.6237,41.1207,42.4258,38.9024,41.2195
2023-06-30,51.2968,51.7708,50.9650,51.1356,5182400,DELL,47.0265,47.4844,44.4685,44.8854,41.2487,42.6015,38.9821,41.3198
2023-07-03,51.7708,51.9319,50.9460,51.1925,1828600,DELL,47.3744,47.8927,44.6971,45.1554,41.3718,42.7831,39.0649,41.4238
2023-07-05,51.3916,51.8371,51.0598,51.2683,2639900,DELL,47.7882,48.2259,44.9146,45.4000,41.4924,42.9535,39.1480,41.5230
2023-07-06,51.0029,51.5053,50.5668,50.8607,3596100,DELL,48.1176,48.4904,45.1254,45.6197,41.6073,43.1129,39.2278,41.6173
2023-07-07,50.7469,51.6854,50.6900,51.1166,5404100,DELL,48.3959,48.7053,45.3495,45.8208,41.7133,43.2641,39.3069,41.7081
2023-07-10,52.0173,52.0267,50.4530,50.5004,3238500,DELL,48.7267,49.0207,45.5998,46.0638,41.8256,43.4374,39.3964,41.8107
2023-07-11,52.8420,52.9558,52.0267,52.1405,4597100,DELL,49.1121,49.3846,45.8451,46.3296,41.9496,43.6237,39.4908,41.9205
2023-07-12,51.3536,52.7946,51.3347,52.6145,5882000,DELL,49.4012,49.5722,46.0476,46.5266,42.0608,43.7767,39.5801,42.0143
2023-07-13,52.7472,52.7662,51.4010,51.7234,5375700,DELL,49.7254,49.8745,46.2717,46.7706,42.1868,43.9544,39.6798,42.1211
2023-07-14,52.5387,53.1833,51.9888,52.6903,4227900,DELL,50.0117,50.1283,46.4739,46.9968,42.3129,44.1244,39.7823,42.2248
2023-07-17,51.8561,52.7662,51.8466,52.6903,4146500,DELL,50.2250,50.2928,46.6547,47.1873,42.4378,44.2775,39.8813,42.3206
2023-07-18,51.0313,52.1879,50.3582,52.1215,5230700,DELL,50.4222,50.3632,46.8377,47.3381,42.5551,44.4112,39.9735,42.4073
2023-07-19,51.4769,51.6855,51.1451,51.1640,3292700,DELL,50.6578,50.4692,47.0066,47.5004,42.6749,44.5511,40.0730,42.4975
2023-07-20,50.8133,51.4105,50.4720,51.0503,3414800,DELL,50.8256,50.5020,47.1504,47.6303,42.7919,44.6751,40.1693,42.5803
2023-07-21,50.7754,51.4579,50.6521,50.6616,2875600,DELL,50.9337,50.5280,47.2941,47.7536,42.9143,44.7959,40.2575,42.6618
2023-07-24,51.2908,51.7681,51.1476,51.3290,2937600,DELL,51.0870,50.6007,47.4510,47.8923,43.0453,44.9245,40.3410,42.7477
2023-07-25,51.9018,52.1786,51.5486,51.5486,2395400,DELL,51.2495,50.7246,47.6415,48.0496,43.1842,45.0627,40.4258,42.8388
2023-07-26,51.4722,52.0736,51.3195,51.7777,1931200,DELL,51.3872,50.7958,47.8223,48.1838,43.3214,45.1896,40.5101,42.9247
2023-07-27,51.2717,52.2932,51.1572,51.9591,2957500,DELL,51.4968,50.8411,47.9958,48.3049,43.4601,45.3100,40.6067,43.0077
2023-07-28,50.2217,51.9495,50.1453,51.6822,4747700,DELL,51.4909,50.7821,48.1398,48.3801,43.5951,45.4073,40.6986,43.0795
2023-07-31,50.5176,50.7467,49.9830,50.1549,3865500,DELL,51.4520,50.7569,48.2809,48.4639,43.7431,45.5085,40.7948,43.1535
2023-08-01,50.9472,51.2431,50.3840,50.3840,3681300,DELL,51.4108,50.7751,48.4064,48.5613,43.8882,45.6162,40.8936,43.2311
2023-08-02,50.5463,50.8422,50.0880,50.6417,2788900,DELL,51.3685,50.7533,48.5120,48.6391,44.0384,45.7138,40.9848,43.3039
2023-08-03,51.0808,51.5104,49.6871,50.1167,2615500,DELL,51.3724,50.7845,48.6322,48.7349,44.2041,45.8201,41.0820,43.3813
2023-08-04,50.8231,52.0832,50.6513,51.1572,2533600,DELL,51.3762,50.7881,48.7699,48.8168,44.3686,45.9192,41.1770,43.4553
2023-08-07,52.0927,52.1595,51.0999,51.0999,2738300,DELL,51.3800,50.9124,48.9413,48.9452,44.5366,46.0414,41.2764,43.5412
2023-08-08,54.9661,56.0543,52.3314,52.5414,8258000,DELL,51.4862,51.2985,49.1290,49.1813,44.7337,46.2181,41.3904,43.6549
2023-08-09,54.0019,55.2429,53.9828,54.8611,2754100,DELL,51.6186,51.5559,49.2893,49.3704,44.9161,46.3723,41.4979,43.7579
2023-08-10,53.4578,54.7751,52.9041,54.5938,3189100,DELL,51.6542,51.7371,49.4612,49.5307,45.1009,46.5126,41.5934,43.8544
2023-08-11,54.2597,54.9661,53.2191,53.5246,3118100,DELL,51.7402,51.9773,49.6968,49.7161,45.2812,46.6660,41.6910,43.9579
2023-08-14,54.1833,54.3742,53.7346,53.9542,2253900,DELL,51.8566,52.1874,49.9186,49.8913,45.4550,46.8148,41.7860,44.0597
2023-08-15,53.2001,54.1165,53.1619,53.9924,2279300,DELL,51.9650,52.2838,50.0863,50.0211,45.6291,46.9413,41.8758,44.1506
2023-08-16,52.7132,53.7537,52.6559,53.1523,1834700,DELL,52.0268,52.3247,50.2783,50.1266,45.8008,47.0556,41.9633,44.2358
2023-08-17,52.3696,53.2955,52.1500,52.7896,3966900,DELL,52.1046,52.3290,50.4374,50.2146,45.9732,47.1608,42.0426,44.3168
2023-08-18,52.4364,52.8373,51.8636,52.0354,2324600,DELL,52.1877,52.3392,50.5825,50.3017,46.1405,47.2653,42.1258,44.3975
2023-08-21,53.5055,53.8874,52.5796,52.5796,4076000,DELL,52.2984,52.4503,50.7446,50.4274,46.3155,47.3888,42.2108,44.4882
2023-08-22,53.2669,53.9924,53.0282,53.8683,2188400,DELL,52.3667,52.5281,50.9072,50.5387,46.4805,47.5052,42.3016,44.5755
2023-08-23,54.2501,54.3360,53.1810,53.6678,2643700,DELL,52.5056,52.6921,51.0808,50.6843,46.6483,47.6388,42.3987,44.6718
2023-08-24,54.1356,55.0424,53.6678,54.8324,3925900,DELL,52.6488,52.8295,51.2382,50.8196,46.8118,47.7675,42.4876,44.7660
2023-08-25,53.6583,54.2979,53.0951,54.2024,2680900,DELL,52.8206,52.9085,51.3752,50.9309,46.9633,47.8841,42.5700,44.8544
2023-08-28,54.5938,54.8897,53.5246,53.8015,3252400,DELL,53.0244,53.0690,51.5152,51.0746,47.1251,48.0170,42.6546,44.9513
2023-08-29,53.9351,54.6797,53.7633,54.5842,4939400,DELL,53.1738,53.1515,51.6522,51.1867,47.2810,48.1342,42.7409,45.0407
2023-08-30,53.1619,53.4101,51.1858,52.1977,6340600,DELL,53.3046,53.1525,51.7801,51.2642,47.4345,48.2337,42.8122,45.1215
2023-08-31,53.6869,54.2215,53.0378,53.4483,7050300,DELL,53.4349,53.2034,51.9047,51.3592,47.5820,48.3417,42.8817,45.2068
2023-09-01,65.0944,67.0895,60.9610,61.1805,32070500,DELL,54.1484,54.3358,52.2343,51.8978,47.8419,48.6734,43.0102,45.4047
2023-09-05,65.0085,66.6600,64.4739,64.9608,9466400,DELL,54.7942,55.3523,52.5700,52.4120,48.0985,48.9969,43.1379,45.5997
2023-09-06,67.2709,67.2805,64.7508,64.9130,7585600,DELL,55.4095,56.4874,52.9424,52.9947,48.3703,49.3588,43.2823,45.8154
2023-09-07,65.8485,67.4141,65.4572,66.3163,7649300,DELL,56.0018,57.3789,53.2850,53.4988,48.6221,49.6853,43.4168,46.0147
2023-09-08,67.2995,67.6718,65.9535,66.2208,5549400,DELL,56.6939,58.3237,53.6494,54.0400,48.8822,50.0341,43.5574,46.2265
2023-09-11,68.8842,69.5142,67.3568,67.8914,7449200,DELL,57.4251,59.3295,54.0203,54.6221,49.1434,50.4074,43.7103,46.4519
2023-09-12,67.5191,68.9892,67.3855,68.3973,4782500,DELL,58.0919,60.1095,54.3447,55.1279,49.4066,50.7462,43.8435,46.6616
2023-09-13,67.2518,67.9678,66.5931,67.7005,2801500,DELL,58.7945,60.7897,54.6544,55.6033,49.6757,51.0731,43.9718,46.8664
2023-09-14,67.9296,67.9296,66.9368,67.2709,5116800,DELL,59.5553,61.4697,54.9851,56.0867,49.9498,51.4068,44.1034,47.0760
2023-09-15,66.1445,67.8628,65.5335,67.6814,6093500,DELL,60.2441,61.9149,55.2880,56.4811,50.2067,51.6987,44.2310,47.2658
2023-09-18,66.0108,66.2972,65.2949,65.8772,3527400,DELL,60.9228,62.3050,55.5932,56.8548,50.4714,51.9821,44.3582,47.4523
2023-09-19,66.7268,67.2136,66.1349,66.6409,3844000,DELL,61.5839,62.7261,55.8874,57.2420,50.7436,52.2741,44.4830,47.6441
2023-09-20,65.8104,67.2518,65.7435,66.7363,3089800,DELL,62.2110,63.0198,56.1468,57.5780,50.9960,52.5421,44.6028,47.8248
2023-09-21,65.3331,66.0586,64.9512,65.1612,3924700,DELL,62.7652,63.2402,56.4264,57.8821,51.2370,52.7954,44.7218,47.9990
2023-09-22,66.8700,67.3855,65.5049,65.6099,4494700,DELL,63.4019,63.5859,56.7088,58.2346,51.4903,53.0741,44.8554,48.1868
2023-09-25,66.8509,67.7578,66.2495,67.0036,3643700,DELL,64.0615,63.8968,56.9951,58.5725,51.7345,53.3469,44.9916,48.3725
2023-09-26,65.8008,66.8604,65.8008,66.6313,3214200,DELL,64.6219,64.0781,57.2740,58.8559,51.9644,53.5935,45.1252,48.5459
2023-09-27,64.8653,66.8032,64.1780,66.6313,5517400,DELL,65.1684,64.1531,57.5506,59.0916,52.1942,53.8167,45.2527,48.7083
2023-09-28,65.3903,66.1254,64.9703,65.1135,3375100,DELL,65.7798,64.2709,57.8289,59.3386,52.4178,54.0459,45.3847,48.8743
2023-09-29,65.7722,66.4404,65.4381,65.9631,6379700,DELL,66.3841,64.4139,58.1281,59.5909,52.6392,54.2781,45.5137,49.0424
2023-10-02,64.6267,66.1827,64.2830,65.4953,3902500,DELL,66.3607,64.4342,58.4051,59.7884,52.8496,54.4830,45.6371,49.1975
2023-10-03,64.1875,65.8104,63.7866,65.6194,4329700,DELL,66.3196,64.4107,58.6631,59.9609,53.0570,54.6752,45.7637,49.3467
2023-10-04,64.1494,64.7889,63.4429,64.2544,6075300,DELL,66.1636,64.3858,58.9080,60.1251,53.2747,54.8628,45.9009,49.4939
2023-10-05,63.1852,64.0157,61.4001,63.2807,7329800,DELL,66.0304,64.2715,59.1423,60.2451,53.4823,55.0276,46.0338,49.6302
2023-10-06,63.3952,64.0253,62.8988,63.6911,8053800,DELL,65.8352,64.1880,59.3847,60.3687,53.6903,55.1933,46.1690,49.7671
2023-10-09,64.1303,64.3976,63.0038,63.2329,6012500,DELL,65.5975,64.1825,59.6629,60.5162,53.9014,55.3703,46.3081,49.9101
2023-10-10,64.8940,65.4381,64.2830,64.2830,8039300,DELL,65.4662,64.2503,59.9504,60.6879,54.1156,55.5589,46.4502,50.0592
2023-10-11,67.1468,67.1564,64.9894,65.1422,5088600,DELL,65.4610,64.5261,60.2744,60.9412,54.3404,55.7883,46.6035,50.2292
2023-10-12,65.9154,67.5573,65.5335,66.8509,4301700,DELL,65.3603,64.6584,60.5818,61.1362,54.5469,55.9889,46.7507,50.3853
2023-10-13,64.9512,67.4332,64.6839,66.2686,4633600,DELL,65.3006,64.6863,60.8592,61.2858,54.7457,56.1663,46.8918,50.5302
2023-10-16,64.6839,65.4954,64.2066,64.7985,5387500,DELL,65.2343,64.6861,61.1364,61.4191,54.9532,56.3350,47.0345,50.6710
2023-10-17,64.8176,65.5335,63.6720,64.2066,4220100,DELL,65.1388,64.6986,61.3909,61.5524,55.1661,56.5030,47.1730,50.8118
2023-10-18,63.8534,65.2281,63.8343,64.1971,3434600,DELL,65.0410,64.6181,61.5687,61.6426,55.3488,56.6485,47.3047,50.9416
2023-10-19,63.9871,65.5622,63.7580,64.1875,4750700,DELL,64.9737,64.5580,61.7684,61.7345,55.5288,56.7938,47.4340,51.0714
2023-10-20,62.9179,64.1971,62.3833,63.7866,4617000,DELL,64.7761,64.4018,61.9576,61.7810,55.7094,56.9151,47.5578,51.1892
2023-10-23,62.9179,63.6187,62.1019,62.8315,2945000,DELL,64.5794,64.2605,62.1308,61.8255,55.9138,57.0340,47.6818,51.3059
2023-10-24,64.2715,64.4731,63.3787,63.7339,4078500,DELL,64.5029,64.2615,62.3325,61.9215,56.1255,57.1773,47.8054,51.4350
2023-10-25,63.6859,64.8379,63.4363,64.1563,4581200,DELL,64.4440,64.2067,62.5422,61.9907,56.3143,57.3062,47.9268,51.5569
2023-10-26,61.9291,63.9355,61.3435,63.4939,4406100,DELL,64.2709,63.9898,62.7266,61.9882,56.5024,57.3977,48.0384,51.6601
2023-10-27,63.3211,63.5131,62.3995,62.3995,5273200,DELL,64.1484,63.9261,62.9456,62.0405,56.6915,57.5150,48.1649,51.7761
2023-10-30,63.7723,64.1179,63.2059,63.3115,3741900,DELL,64.1056,63.9115,63.1723,62.1084,56.8774,57.6389,48.2976,51.8955
2023-10-31,64.2331,64.2811,63.1003,63.3883,3114100,DELL,64.1079,63.9421,63.3869,62.1917,57.0657,57.7695,48.4315,52.0182
2023-11-01,65.9227,65.9899,64.0795,64.5979,3407600,DELL,64.1966,64.1307,63.6400,62.3381,57.2736,57.9309,48.5745,52.1566
2023-11-02,65.9035,67.1323,65.5771,66.6043,3747200,DELL,64.3325,64.2996,63.8730,62.4779,57.4769,58.0888,48.7175,52.2934
2023-11-03,66.7291,67.2571,65.8939,66.2299,3924400,DELL,64.4992,64.5310,64.1249,62.6446,57.6816,58.2599,48.8672,52.4370
2023-11-06,69.0907,69.4075,66.9691,66.9691,6350300,DELL,64.7472,64.9652,64.4336,62.8974,57.9044,58.4744,49.0249,52.6027
2023-11-07,68.7451,69.4171,68.3035,68.7355,5657300,DELL,64.9398,65.3252,64.7166,63.1267,58.1159,58.6778,49.1774,52.7633
2023-11-08,69.5803,69.5995,68.1883,68.7931,3526300,DELL,65.0614,65.7304,65.0295,63.3798,58.3408,58.8937,49.3345,52.9307
2023-11-09,69.3499,70.3387,68.7931,69.7243,3555700,DELL,65.2332,66.0751,65.3532,63.6139,58.5667,59.1007,49.4908,53.0940
2023-11-10,70.5595,70.8379,69.5131,69.8011,2560000,DELL,65.5136,66.5022,65.6907,63.8863,58.7977,59.3276,49.6510,53.2678
2023-11-13,70.8186,71.0875,69.4555,69.9355,3234700,DELL,65.8203,66.9133,65.8052,64.1581,59.0197,59.5552,49.8157,53.4425
2023-11-14,70.9338,71.4810,70.3962,71.4618,5171800,DELL,66.1261,67.2962,65.9237,64.4238,59.2468,59.7805,49.9823,53.6165
2023-11-15,70.0219,71.1546,69.6091,70.0987,5267000,DELL,66.4345,67.5558,65.9787,64.6434,59.4605,59.9833,50.1415,53.7797
2023-11-16,69.6379,70.1563,68.9371,69.8875,4044300,DELL,66.7171,67.7541,66.0545,64.8392,59.6697,60.1745,50.2960,53.9375
2023-11-17,70.6555,71.0491,69.7051,69.8875,4052500,DELL,67.1040,68.0304,66.1216,65.0673,59.8855,60.3820,50.4499,54.1039
2023-11-20,70.4251,71.0586,70.1851,70.9339,3241800,DELL,67.4793,68.2585,66.1524,65.2774,60.0864,60.5809,50.6035,54.2663
2023-11-21,70.6747,71.0875,69.9931,70.8763,3737300,DELL,67.7995,68.4886,66.2155,65.4891,60.2801,60.7808,50.7644,54.4295
2023-11-22,71.6922,72.3642,71.0491,71.2794,3521000,DELL,68.1998,68.7937,66.3043,65.7324,60.4794,60.9968,50.9256,54.6013
2023-11-24,71.4331,72.0475,71.2027,71.6443,1695900,DELL,68.6750,69.0451,66.3744,65.9559,60.6798,61.2035,51.0861,54.7688
2023-11-27,71.4810,72.1242,70.4058,71.3466,3686200,DELL,69.0830,69.2771,66.4811,66.1726,60.8845,61.4070,51.2459,54.9351
2023-11-28,71.0683,71.9131,70.8955,71.0395,3126700,DELL,69.4478,69.4477,66.5823,66.3646,61.0878,61.5983,51.4005,55.0956
2023-11-29,72.0570,73.0458,71.4426,71.4714,5427800,DELL,69.8390,69.6962,66.6889,66.5878,61.2882,61.8054,51.5569,55.2644
2023-11-30,72.8346,72.9402,71.6539,72.1051,10519900,DELL,70.1846,69.9951,66.8294,66.8328,61.4881,62.0238,51.7188,55.4392
2023-12-01,69.0523,70.1371,65.7595,68.9851,14361200,DELL,70.3420,69.9053,66.9038,66.9198,61.6651,62.1630,51.8629,55.5747
2023-12-04,66.5467,68.2171,65.9227,68.0347,7444100,DELL,70.3329,69.5854,66.8973,66.9052,61.8031,62.2498,51.9949,55.6838
2023-12-05,66.5179,67.5067,66.3451,66.4411,4977400,DELL,70.2043,69.2933,66.8906,66.8900,61.9429,62.3343,52.1279,55.7916
2023-12-06,64.9243,67.0267,64.8091,66.7003,5260000,DELL,70.0132,68.8772,66.8731,66.8129,62.0735,62.3856,52.2557,55.8825
2023-12-07,65.8459,66.0571,64.8667,64.8667,5460600,DELL,69.8265,68.5885,66.8927,66.7750,62.2217,62.4541,52.3884,55.9817
2023-12-08,65.9515,66.5371,65.6923,65.6923,3003400,DELL,69.6566,68.3373,66.9040,66.7427,62.3664,62.5234,52.5206,56.0809
2023-12-11,66.4699,66.9691,65.7499,65.8459,3945500,DELL,69.4521,68.1595,66.9179,66.7320,62.5230,62.6015,52.6575,56.1842
2023-12-12,67.1899,67.4971,66.1819,66.3355,3436300,DELL,69.2707,68.0671,66.9692,66.7500,62.6871,62.6924,52.8007,56.2937
2023-12-13,67.0747,67.6603,66.4987,67.1899,4234200,DELL,69.0777,67.9726,67.0269,66.7627,62.8450,62.7792,52.9451,56.4010
2023-12-14,69.5323,69.5611,68.0539,68.1595,7684300,DELL,69.0532,68.1212,67.1346,66.8713,63.0213,62.9129,53.1027,56.5317
2023-12-15,68.7547,70.0699,68.5339,69.1387,5539400,DELL,69.0091,68.1815,67.2460,66.9452,63.1941,63.0286,53.2577,56.6533
2023-12-18,70.4347,70.7323,68.2075,68.7547,4810300,DELL,68.9980,68.3961,67.3867,67.0820,63.3857,63.1752,53.4229,56.7904
2023-12-19,70.5883,71.0491,69.9451,70.7515,2684000,DELL,69.0062,68.6049,67.5159,67.2195,63.5894,63.3220,53.5923,56.9277
2023-12-20,69.5227,71.3083,69.4171,70.5979,4336900,DELL,68.9486,68.6923,67.6085,67.3098,63.7795,63.4448,53.7613,57.0530
2023-12-21,72.3066,72.3834,70.4539,70.4539,4381800,DELL,68.9793,69.0365,67.7117,67.5058,63.9931,63.6203,53.9406,57.2048
2023-12-22,72.6810,73.1034,72.0474,72.6522,4244000,DELL,69.0417,69.3836,67.8470,67.7087,64.2144,63.7997,54.1264,57.3588
2023-12-26,73.9194,74.2074,72.8346,72.9498,3001100,DELL,69.1636,69.8156,68.0264,67.9523,64.4428,64.0001,54.3234,57.5236
2023-12-27,74.1690,74.3514,73.8426,73.9386,2050300,DELL,69.3187,70.2302,68.2161,68.1961,64.6762,64.2015,54.5224,57.6892
2023-12-28,73.6122,74.0922,73.5834,73.9194,1546500,DELL,69.3964,70.5523,68.3920,68.4085,64.8914,64.3878,54.7140,57.8476
2023-12-29,73.4394,73.8522,73.1514,73.7466,2293400,DELL,69.4267,70.8273,68.5837,68.6058,65.0762,64.5670,54.9050,58.0028
2024-01-02,71.7978,72.9594,71.3466,72.4314,2955000,DELL,69.5639,70.9197,68.7399,68.7309,65.2541,64.7102,55.0851,58.1401
2024-01-03,73.5354,73.7370,71.5771,71.8363,4194300,DELL,69.9134,71.1688,68.9522,68.9194,65.4549,64.8850,55.2779,58.2932
2024-01-04,72.9306,74.0442,72.8058,73.6026,3029400,DELL,70.2340,71.3366,69.1525,69.0767,65.6416,65.0443,55.4614,58.4389
2024-01-05,72.8058,73.3914,72.3162,72.4218,2951100,DELL,70.6281,71.4765,69.3232,69.2229,65.8278,65.1980,55.6414,58.5818
2024-01-08,76.1850,76.4826,74.2650,74.8794,6552400,DELL,71.1451,71.9250,69.5732,69.4959,66.0577,65.4156,55.8434,58.7570
2024-01-09,74.0250,76.2714,73.9770,76.0026,4849100,DELL,71.5487,72.1250,69.8151,69.6735,66.2708,65.5861,56.0358,58.9089
2024-01-10,75.1194,75.6090,74.5722,74.7162,3054700,DELL,71.9812,72.4102,70.0510,69.8871,66.4983,65.7748,56.2357,59.0702
2024-01-11,76.5210,76.6074,74.4378,75.6186,4023900,DELL,72.4478,72.8017,70.3060,70.1473,66.7392,65.9876,56.4398,59.2439
2024-01-12,76.1370,77.0586,76.0218,76.7418,4843500,DELL,72.9009,73.1193,70.5441,70.3821,66.9655,66.1886,56.6405,59.4119
2024-01-16,76.3386,76.3866,75.3594,75.8394,4348300,DELL,73.2412,73.4259,70.7524,70.6157,67.1962,66.3896,56.8383,59.5804
2024-01-17,74.5530,75.6474,73.8234,75.3594,4928300,DELL,73.5311,73.5333,70.9254,70.7701,67.3992,66.5512,57.0238,59.7294
2024-01-18,75.2730,75.8394,74.5914,75.5610,3076500,DELL,73.7730,73.6989,71.0963,70.9467,67.6106,66.7240,57.2112,59.8840
2024-01-19,79.8618,81.3690,75.9546,75.9546,9448900,DELL,74.2367,74.2859,71.3117,71.2963,67.8726,66.9841,57.4180,60.0828
2024-01-22,78.2418,80.7972,78.1068,80.7489,4248200,DELL,74.6727,74.6626,71.5016,71.5687,68.1091,67.2070,57.6171,60.2635
2024-01-23,79.4857,79.5243,77.6632,78.1068,2673300,DELL,75.0316,75.1220,71.6998,71.8792,68.3646,67.4502,57.8228,60.4548
2024-01-24,80.7200,81.8868,80.0353,80.5175,3637800,DELL,75.4336,75.6551,71.9272,72.2259,68.6402,67.7129,58.0373,60.6564
2024-01-25,80.0739,82.0025,80.0450,81.4818,2723300,DELL,75.7413,76.0760,72.1174,72.5336,68.9041,67.9577,58.2430,60.8496
2024-01-26,81.2118,81.3661,79.1868,79.5628,2927500,DELL,76.0934,76.5651,72.3253,72.8740,69.0652,68.2202,58.4536,61.0522
2024-01-29,80.4307,81.6457,80.3729,81.3661,2710300,DELL,76.4344,76.9332,72.5152,73.1703,69.2195,68.4620,58.6590,61.2450
2024-01-30,81.7711,83.3621,81.3082,82.6582,3838900,DELL,76.8509,77.3940,72.7502,73.5076,69.3645,68.7255,58.8674,61.4493
2024-01-31,79.9196,80.6043,78.8975,80.3054,3587200,DELL,77.2570,77.6345,72.9559,73.7590,69.5052,68.9472,59.0636,61.6331
2024-02-01,82.7161,82.9089,80.0354,80.6139,2729300,DELL,77.7161,78.1185,73.1971,74.1103,69.6593,69.2198,59.2708,61.8428
2024-02-02,83.2368,83.7961,82.1761,82.5714,3683900,DELL,78.2314,78.6059,73.4533,74.4682,69.8029,69.4974,59.4731,62.0557
2024-02-05,82.6486,83.7671,81.7325,83.4393,2204200,DELL,78.7235,78.9909,73.6928,74.7890,69.9542,69.7578,59.6804,62.2606
2024-02-06,79.7268,82.9185,79.2254,82.6678,5013800,DELL,78.9006,79.0610,73.8535,74.9826,70.0789,69.9552,59.8773,62.4344
2024-02-07,80.7489,80.8357,79.8232,80.4596,2964200,DELL,79.2368,79.2218,74.0398,75.2088,70.2071,70.1690,60.0785,62.6166
2024-02-08,81.7711,82.0989,80.5271,80.6236,2993800,DELL,79.5694,79.4646,74.2456,75.4661,70.3634,70.3987,60.2850,62.8072
2024-02-09,83.1211,83.5550,81.9736,82.2050,2315700,DELL,79.8994,79.8128,74.4867,75.7663,70.5345,70.6506,60.5029,63.0094
2024-02-12,83.5261,83.7864,82.7643,83.4103,2979100,DELL,80.2688,80.1664,74.7160,76.0706,70.7025,70.9056,60.7230,63.2135
2024-02-13,80.9804,82.1471,80.4693,81.9543,3144300,DELL,80.5009,80.2440,74.8789,76.2631,70.8542,71.1051,60.9251,63.3903
2024-02-14,82.9668,83.1500,81.6939,82.0218,2361300,DELL,80.9216,80.5033,75.1572,76.5260,71.0305,71.3400,61.1338,63.5851
2024-02-15,79.7654,82.8414,79.4761,82.4268,4418500,DELL,81.1462,80.4330,75.4216,76.6531,71.1595,71.5068,61.3249,63.7461
2024-02-16,81.2021,82.2725,79.8329,80.3246,4841800,DELL,81.2132,80.5063,75.7153,76.8315,71.3030,71.6988,61.5187,63.9198
2024-02-20,79.5146,80.9900,78.3189,80.8839,3111100,DELL,81.2769,80.4118,76.0071,76.9367,71.4401,71.8536,61.7022,64.0750
2024-02-21,78.4829,78.8879,77.6150,78.3864,3360500,DELL,81.2267,80.2281,76.2598,76.9973,71.5763,71.9848,61.8852,64.2183
2024-02-22,84.6543,85.9368,82.3496,82.8896,8284100,DELL,81.4234,80.6496,76.6339,77.2976,71.7689,72.2357,62.0934,64.4217
2024-02-23,87.1228,89.3696,84.8568,85.8789,6997300,DELL,81.7759,81.2661,77.0470,77.6829,71.9824,72.5305,62.3108,64.6475
2024-02-26,89.4564,91.5971,88.5210,89.3117,8175400,DELL,82.1881,82.0462,77.4923,78.1446,72.2307,72.8657,62.5402,64.8944
2024-02-27,88.2896,90.1410,87.4892,89.6782,5888100,DELL,82.5811,82.6408,77.9166,78.5424,72.4717,73.1711,62.7644,65.1272
2024-02-28,89.9193,90.9992,88.0100,88.8103,5909800,DELL,82.9885,83.3340,78.3243,78.9886,72.7294,73.5028,63.0021,65.3739
2024-02-29,91.2789,91.4139,87.7496,87.7496,14317000,DELL,83.5564,84.0906,78.7748,79.4706,73.0104,73.8548,63.2463,65.6316
2024-03-01,120.1398,126.3787,112.2906,120.2170,62169000,DELL,85.4276,87.5239,79.7689,81.0654,73.5778,74.7713,63.6341,66.1740
2024-03-04,117.4302,124.4405,116.4852,119.5227,23836000,DELL,87.1373,90.3721,80.7057,82.4915,74.1108,75.6160,64.0061,66.6840
2024-03-05,113.5441,117.1795,109.8220,116.4370,15019200,DELL,88.6821,92.5790,81.5862,83.7093,74.5973,76.3671,64.3565,67.1503
2024-03-06,114.2673,116.2538,112.7824,115.1834,10569100,DELL,90.4091,94.6445,82.4254,84.9076,75.0685,77.1176,64.7045,67.6191
2024-03-07,116.1959,117.6616,115.0484,115.7138,9644300,DELL,92.1814,96.6970,83.2957,86.1346,75.5713,77.8914,65.0591,68.1025
2024-03-08,112.0977,116.4563,110.8441,115.9934,11015200,DELL,93.6978,98.1638,84.0593,87.1528,76.0428,78.5688,65.3943,68.5402
2024-03-11,111.7216,112.6570,109.5713,111.3552,5936800,DELL,95.1278,99.4550,84.8103,88.1162,76.5132,79.2252,65.7332,68.9699
2024-03-12,109.4942,114.0649,109.3495,113.1102,6570000,DELL,96.4262,100.4111,85.5279,88.9546,76.9599,79.8246,66.0630,69.3731
2024-03-13,106.0709,110.2463,105.4249,109.4459,7162000,DELL,97.6807,100.9501,86.1806,89.6258,77.3821,80.3444,66.3655,69.7383
2024-03-14,102.6478,107.4306,101.2495,106.7459,8069800,DELL,98.6648,101.1118,86.7976,90.1365,77.7687,80.7860,66.6488,70.0657
2024-03-15,103.1781,105.0874,101.8667,103.2167,9159700,DELL,99.8354,101.3086,87.3904,90.6479,78.1713,81.2294,66.9404,70.3952
2024-03-18,102.8213,104.0170,100.9217,103.1685,7403800,DELL,100.9164,101.4527,87.9882,91.1253,78.5704,81.6570,67.2421,70.7178
2024-03-19,103.6795,104.9910,101.2978,103.1974,7971700,DELL,102.1246,101.6648,88.6057,91.6176,78.9644,82.0931,67.5450,71.0458
2024-03-20,107.1027,107.3534,102.2717,104.0556,9600200,DELL,103.5556,102.1827,89.2241,92.2249,79.3986,82.5883,67.8564,71.4046
2024-03-21,109.9666,111.6348,108.2406,109.1374,11678000,DELL,104.8212,102.9240,89.9429,92.9207,79.8790,83.1305,68.1907,71.7883
2024-03-22,108.2309,109.7352,107.7970,108.8770,4711400,DELL,105.8767,103.4294,90.6051,93.5211,80.3281,83.6275,68.5098,72.1509
2024-03-25,108.9638,110.7092,106.3699,107.2956,6152300,DELL,106.8520,103.9565,91.2540,94.1267,80.7800,84.1292,68.8287,72.5172
2024-03-26,110.5549,112.6763,109.2049,109.3013,7389200,DELL,107.9653,104.5849,91.9423,94.7709,81.2432,84.6525,69.1545,72.8957
2024-03-27,107.6909,111.1142,106.9677,109.9377,4376000,DELL,108.8539,104.8807,92.5694,95.2776,81.6609,85.1087,69.4672,73.2419
2024-03-28,110.0342,110.3620,107.8935,108.2406,4153400,DELL,109.7916,105.3715,93.2790,95.8563,82.1022,85.6023,69.7896,73.6080
2024-04-01,115.3666,115.4341,110.1691,110.1691,8064100,DELL,109.5530,106.3234,94.0809,96.6214,82.5886,86.1917,70.1351,74.0235
2024-04-02,114.2095,114.5470,111.1913,113.1970,5503100,DELL,109.3919,107.0745,94.7678,97.3111,83.0398,86.7465,70.4721,74.4234
2024-04-03,123.9873,125.1252,113.4574,113.5827,19390800,DELL,109.9141,108.6852,95.6827,98.3572,83.5922,87.4839,70.8541,74.9166
2024-04-04,122.6180,131.2966,122.1552,125.2120,19494800,DELL,110.3316,110.0122,96.5454,99.3086,84.1226,88.1796,71.2317,75.3912
2024-04-05,127.9794,128.1723,119.0984,123.4280,10813500,DELL,110.9208,111.7233,97.4906,100.4330,84.7089,88.9678,71.6378,75.9145
2024-04-08,122.6084,128.6737,121.0752,128.2012,11952300,DELL,111.4463,112.7600,98.3413,101.3026,85.2294,89.6339,72.0135,76.3791
2024-04-09,119.3105,122.2227,116.1477,121.9141,9985300,DELL,111.8258,113.3839,99.1032,102.0088,85.7143,90.2216,72.3670,76.8063
2024-04-10,118.9634,121.5670,116.7745,116.8613,5945000,DELL,112.2992,113.9153,99.8739,102.6737,86.1946,90.7907,72.7207,77.2257
2024-04-11,119.6095,121.2873,118.7416,119.1948,5058300,DELL,112.9762,114.4576,100.6307,103.3378,86.6904,91.3614,73.0755,77.6475
2024-04-12,113.5538,117.9798,113.4091,117.1505,7501700,DELL,113.5215,114.3715,101.3034,103.7385,87.1296,91.8008,73.3997,78.0047
2024-04-15,113.6020,118.1245,113.0813,114.7495,6764100,DELL,114.0427,114.2982,101.9211,104.1253,87.5591,92.2325,73.7223,78.3589
2024-04-16,116.7552,117.3916,111.5481,112.4931,7596700,DELL,114.7394,114.5322,102.5914,104.6205,88.0224,92.7181,74.0544,78.7410
2024-04-17,115.3473,119.2527,114.0841,118.2402,5346000,DELL,115.3228,114.6098,103.2454,105.0412,88.4691,93.1662,74.3746,79.1052
2024-04-18,114.1420,115.3763,111.3842,115.3377,5053700,DELL,115.6747,114.5653,103.9337,105.3981,88.8936,93.5816,74.6865,79.4539
2024-04-19,110.7670,114.9231,110.2174,112.2038,9440000,DELL,115.7147,114.2035,104.5341,105.6086,89.2869,93.9219,74.9834,79.7654
2024-04-22,111.8464,114.5568,110.5976,111.3236,5410000,DELL,115.8955,113.9790,105.1356,105.8533,89.6906,94.2768,75.2876,80.0846
2024-04-23,116.7736,117.2093,112.0012,112.6595,5086900,DELL,116.2860,114.2452,105.8086,106.2815,90.1476,94.7223,75.6177,80.4497
2024-04-24,116.3574,121.9816,115.4958,121.9816,5815900,DELL,116.5761,114.4464,106.4653,106.6766,90.5906,95.1507,75.9394,80.8070
2024-04-25,120.9168,121.2750,113.2597,114.5472,6823000,DELL,117.2374,115.0626,107.2640,107.2351,91.0715,95.6610,76.2798,81.2061
2024-04-26,121.0620,122.5044,119.1066,121.6041,5512200,DELL,117.7888,115.6340,108.0259,107.7773,91.5916,96.1639,76.6283,81.6027
2024-04-29,123.6176,123.6467,119.3292,121.1975,4406300,DELL,118.2014,116.3943,108.9029,108.3985,92.1623,96.7076,76.9827,82.0207
2024-04-30,120.6554,122.9303,119.8810,122.2140,5054500,DELL,118.5237,116.8001,109.6920,108.8792,92.7037,97.1818,77.3233,82.4052
2024-05-01,114.9828,120.1908,113.6759,118.9807,7199800,DELL,118.0734,116.6271,110.4014,109.1185,93.2042,97.5343,77.6389,82.7293
2024-05-02,119.4454,119.9488,114.5762,117.7513,4856900,DELL,117.9148,116.8955,111.2206,109.5235,93.7402,97.9682,77.9810,83.0947
2024-05-03,121.1007,123.5111,120.7232,121.4783,3942800,DELL,117.5709,117.2960,111.9496,109.9775,94.2917,98.4262,78.3291,83.4728
2024-05-06,125.1955,125.2536,120.2779,121.0039,5025200,DELL,117.7002,118.0483,112.7110,110.5743,94.8790,98.9563,78.7010,83.8880
2024-05-07,123.4724,125.5537,122.2140,124.1210,3247100,DELL,117.9083,118.5649,113.3913,111.0801,95.4418,99.4418,79.0645,84.2818
2024-05-08,127.4026,127.6640,121.9720,123.0949,4921500,DELL,118.3303,119.4066,114.1736,111.7202,96.0451,99.9955,79.4450,84.7109
2024-05-09,127.4704,128.1867,125.1374,126.9767,6675400,DELL,118.7233,120.1746,114.9246,112.3379,96.6245,100.5395,79.8229,85.1364
2024-05-10,128.5255,130.2970,127.2187,129.6484,4536900,DELL,119.4719,120.9699,115.6695,112.9727,97.2222,101.0937,80.2081,85.5681
2024-05-13,126.8218,130.5874,126.5023,129.0386,4105800,DELL,120.1329,121.5272,115.8032,113.5158,97.7860,101.6032,80.5859,85.9786
2024-05-14,129.8324,130.3842,124.4889,125.3504,4175800,DELL,120.7868,122.3182,116.0512,114.1556,98.3785,102.1622,80.9839,86.4150
2024-05-15,144.3916,145.4758,134.2273,135.4276,16982500,DELL,122.2390,124.4204,116.6682,115.3414,99.1272,102.9984,81.4533,86.9918
2024-05-16,141.6230,146.0178,138.9125,145.6887,9411500,DELL,123.6130,126.0588,117.2153,116.3720,99.8203,103.7632,81.9067,87.5354
2024-05-17,144.7401,145.4758,141.2164,143.8785,9893500,DELL,125.3117,127.8379,117.7862,117.4845,100.5409,104.5747,82.3777,88.1046
2024-05-20,140.8002,149.6480,140.3839,146.0759,10586900,DELL,126.7594,129.0724,118.3602,118.3988,101.2097,105.2920,82.8263,88.6290
2024-05-21,142.5330,145.1079,139.3965,140.4130,6665700,DELL,128.0473,130.3544,118.9765,119.3453,101.8934,106.0294,83.2848,89.1653
2024-05-22,143.0557,144.2270,141.2067,143.1815,4708400,DELL,129.3822,131.5640,119.6477,120.2751,102.5878,106.7626,83.7396,89.7015
2024-05-23,148.6606,157.5084,145.3306,153.9073,16843100,DELL,130.7694,133.1923,120.4995,121.3882,103.3400,107.5923,84.2081,90.2882
2024-05-24,155.0593,161.4386,149.6673,151.0323,17563700,DELL,132.4693,135.2748,121.5477,122.7087,104.1726,108.5322,84.7134,90.9327
2024-05-28,160.7707,164.2653,155.8627,163.0455,18692600,DELL,134.3270,137.7030,122.6996,124.2013,105.0450,109.5667,85.2500,91.6276
2024-05-29,173.4809,173.9552,159.0476,160.2673,23215900,DELL,136.9682,141.1104,124.1127,126.1338,106.0505,110.8323,85.8461,92.4421
2024-05-30,164.4879,173.1228,159.8317,173.0840,43508200,DELL,139.4435,143.3369,125.3289,127.6379,106.9673,111.8948,86.3976,93.1589
2024-05-31,135.0985,140.1710,126.8218,139.2029,67192800,DELL,140.2261,142.5523,125.8888,127.9305,107.5564,112.3543,86.8071,93.5762
2024-06-03,127.8092,136.2408,124.4889,136.0568,41199200,DELL,140.5616,141.1482,126.2457,127.9257,108.0943,112.6603,87.1826,93.9169
2024-06-04,131.4200,134.5370,127.6640,127.9738,21568400,DELL,140.8728,140.2217,126.7095,128.0628,108.6573,113.0318,87.5778,94.2900
2024-06-05,133.2592,134.9436,128.6998,131.6039,19148600,DELL,141.3621,139.5586,127.1954,128.2665,109.2247,113.4323,87.9819,94.6778
2024-06-06,129.6775,132.3299,127.9254,131.8943,13929100,DELL,141.4759,138.6175,127.5778,128.3219,109.7601,113.7540,88.3628,95.0260
2024-06-07,125.8151,129.7743,123.5111,127.2961,19597600,DELL,141.3931,137.3982,127.9403,128.2236,110.2548,113.9928,88.7255,95.3324
2024-06-10,128.2158,131.1296,124.2952,124.8761,13994500,DELL,141.3776,136.5237,128.3039,128.2233,110.7915,114.2745,89.0953,95.6596
2024-06-11,127.4316,130.5390,125.8634,127.2961,9176400,DELL,141.4081,135.6578,128.5452,128.1922,111.3131,114.5350,89.4618,95.9757
2024-06-12,127.5962,128.6901,125.9409,128.5836,11427900,DELL,141.2963,134.8900,128.8130,128.1688,111.7904,114.7937,89.8315,96.2904
2024-06-13,130.7036,131.8362,127.5865,127.7705,16066800,DELL,140.6119,134.4913,128.9473,128.2682,112.3150,115.1087,90.2121,96.6328
2024-06-14,130.6649,131.1973,127.0928,129.1064,12995300,DELL,140.0640,134.1269,129.1082,128.3622,112.8268,115.4168,90.5957,96.9714
2024-06-17,137.4895,140.1129,132.6493,132.7462,26911400,DELL,139.7015,134.4471,129.2984,128.7202,113.3945,115.8538,91.0174,97.3746
2024-06-18,144.3819,149.2124,138.7189,138.9900,33500100,DELL,139.8805,135.3933,129.7339,129.3344,114.0376,116.4187,91.4708,97.8423
2024-06-20,143.7720,156.3565,140.3839,151.6228,39976400,DELL,139.9425,136.1913,130.2231,129.9005,114.6632,116.9604,91.8642,98.2993
2024-06-21,140.4227,142.4846,136.1440,141.1196,16745500,DELL,139.8109,136.5943,130.6523,130.3132,115.2631,117.4250,92.2413,98.7185
2024-06-24,133.1624,138.9706,133.1624,138.7286,14015000,DELL,139.0359,136.2674,130.9234,130.4249,115.7770,117.7366,92.5707,99.0612
2024-06-25,135.8632,137.2185,133.2108,134.8661,8378100,DELL,138.0761,136.2289,131.3696,130.6382,116.3365,118.0956,92.9208,99.4274
2024-06-26,133.8207,136.7925,130.7714,134.0917,12714100,DELL,136.7286,135.9996,131.7739,130.7630,116.8475,118.4070,93.2534,99.7696
2024-06-27,134.9726,137.2959,133.2011,133.4238,9483000,DELL,134.8032,135.9018,132.1383,130.9281,117.3649,118.7350,93.5839,100.1199
2024-06-28,133.5012,137.2378,131.8556,135.0694,20573600,DELL,133.2539,135.6731,132.5014,131.0290,117.8734,119.0274,93.9138,100.4520
2024-07-01,138.2543,140.0645,129.3580,133.0850,11565700,DELL,133.4117,135.9190,132.9836,131.3123,118.4587,119.4081,94.2688,100.8282
2024-07-02,138.8835,138.9513,135.4470,135.7374,7748200,DELL,133.9654,136.2013,133.5459,131.6092,119.0400,119.7938,94.6236,101.2068
2024-07-03,138.1091,144.6917,136.0955,142.9686,13173300,DELL,134.2998,136.3830,134.0712,131.8641,119.6034,120.1565,94.9834,101.5740
2024-07-05,134.5177,138.1962,133.8884,137.6541,8901200,DELL,134.3628,136.2053,134.4261,131.9682,120.1174,120.4408,95.3259,101.9018
2024-07-08,141.3035,142.4168,134.7500,135.5244,12355600,DELL,134.9441,136.6909,134.9250,132.3343,120.6951,120.8540,95.6988,102.2939
2024-07-09,141.0809,145.4274,139.2320,141.3907,11396900,DELL,135.7074,137.1090,135.3283,132.6773,121.2961,121.2545,96.0752,102.6798
2024-07-10,141.1100,142.5233,137.2959,141.6134,7387300,DELL,136.3521,137.4900,135.7292,133.0080,121.8776,121.6477,96.4540,103.0622
2024-07-11,136.2214,141.7682,134.9630,140.9067,8248900,DELL,136.7916,137.3692,135.9813,133.1340,122.4421,121.9363,96.8008,103.3921
2024-07-12,135.1082,137.0152,133.1043,135.1372,7376400,DELL,137.1672,137.1539,136.2704,133.2114,122.9812,122.1971,97.1421,103.7077
2024-07-15,132.8333,136.5796,132.1557,136.2504,8064600,DELL,137.2736,136.7424,136.6274,133.1966,123.5144,122.4077,97.4772,103.9975
2024-07-16,129.9679,133.3270,128.1577,133.2398,10254500,DELL,137.2388,136.0972,136.8378,133.0700,124.0292,122.5574,97.8028,104.2559
2024-07-17,121.1685,125.6214,120.6845,124.0435,18887600,DELL,136.4227,134.6754,136.8392,132.6032,124.3944,122.5299,98.0816,104.4242
2024-07-18,121.3331,122.8819,118.1289,122.5818,9659400,DELL,135.2703,133.4047,136.7619,132.1613,124.7365,122.5062,98.3595,104.5925
2024-07-19,121.7687,123.7919,120.2973,121.4008,6932800,DELL,134.1701,132.2965,136.7279,131.7537,125.0596,122.4916,98.6452,104.7634
2024-07-22,124.6244,125.7182,123.0174,124.0726,6255200,DELL,133.3802,131.5658,136.6723,131.4741,125.4229,122.5338,98.9473,104.9610
2024-07-23,122.2493,124.4835,121.7636,123.3179,5944600,DELL,132.8346,130.6786,136.5679,131.1124,125.7462,122.5282,99.2378,105.1330
2024-07-24,112.7977,119.9957,112.5743,119.9957,15611400,DELL,131.6813,128.9756,136.2533,130.3942,125.9614,122.3355,99.4859,105.2093
2024-07-25,108.2419,112.6811,107.1734,112.6811,17363700,DELL,130.4024,127.0010,135.8817,129.5254,125.8425,122.0564,99.7101,105.2395
2024-07-26,110.3110,111.4378,108.3585,110.9812,8419900,DELL,129.1693,125.4115,135.4913,128.7719,125.7713,121.8239,99.9410,105.2899
2024-07-29,108.0185,112.1954,107.7756,111.0881,7552200,DELL,127.8951,123.7550,134.7638,127.9581,125.7160,121.5505,100.1567,105.3171
2024-07-30,105.5026,110.0098,102.7438,109.0967,11938400,DELL,126.2575,122.0167,134.0414,127.0775,125.6284,121.2327,100.3484,105.3189
2024-07-31,110.4275,113.2640,108.9899,111.4766,11327300,DELL,124.8347,120.9129,133.3552,126.4245,125.5707,121.0187,100.5710,105.3698
2024-08-01,105.3277,111.9138,104.4535,109.6990,8570000,DELL,123.1957,119.4286,132.6457,125.5972,125.5030,120.7080,100.7729,105.3693
2024-08-02,99.3634,100.8302,97.0709,98.7903,11832700,DELL,121.4380,117.5176,131.7823,124.5684,125.3794,120.2854,100.9463,105.3096
2024-08-05,95.3710,97.0321,87.5513,87.8913,13137800,DELL,119.1413,115.4084,130.8286,123.4234,125.2382,119.7920,101.0991,105.2107
2024-08-06,91.9614,96.4298,90.6695,95.8373,15500600,DELL,116.6854,113.1754,129.6947,122.1896,125.0971,119.2409,101.2396,105.0789
2024-08-07,85.3754,90.3683,84.4429,87.7844,21545500,DELL,113.8986,110.5278,128.3010,120.7459,124.9243,118.5703,101.3465,104.8828
2024-08-08,88.8432,89.0764,85.9194,87.2016,10242800,DELL,111.5297,108.4626,126.8624,119.4948,124.7810,117.9816,101.4762,104.7232
2024-08-09,89.9021,90.7569,86.0359,86.9199,8405000,DELL,109.2694,106.6949,125.1909,118.3343,124.6518,117.4256,101.6111,104.5757
2024-08-12,92.5442,95.0990,89.2124,89.5621,9875300,DELL,107.2550,105.3472,123.7520,117.3230,124.5404,116.9329,101.7524,104.4560
2024-08-13,97.0806,98.5863,93.8071,94.3219,14928400,DELL,105.6106,104.5599,122.9916,116.5291,124.4402,116.5398,101.9194,104.3826
2024-08-14,100.0045,101.3839,97.4400,98.1686,12141000,DELL,104.5524,104.1261,122.4355,115.8811,124.3406,116.2124,102.1098,104.3391
2024-08-15,107.0568,107.7854,102.3941,103.9969,17713200,DELL,103.8386,104.4052,121.9483,115.5351,124.3289,116.0311,102.3285,104.3661
2024-08-16,108.1156,108.9510,104.9683,105.7843,11632600,DELL,103.1559,104.7586,121.4454,115.2441,124.3204,115.8743,102.5502,104.4034
2024-08-19,108.6693,108.8539,105.2792,107.8242,8374900,DELL,102.3582,105.1310,121.0252,114.9863,124.3015,115.7317,102.7724,104.4459
2024-08-20,107.5425,109.2619,106.4254,108.5527,6189000,DELL,101.6229,105.3607,120.6598,114.6944,124.3000,115.5695,102.9805,104.4767
2024-08-21,108.5042,108.6984,105.7454,107.6785,6714400,DELL,101.4082,105.6601,120.2655,114.4516,124.2847,115.4296,103.1935,104.5167
2024-08-22,105.8620,110.7578,105.5609,109.3299,7018300,DELL,101.2892,105.6793,119.8342,114.1148,124.1897,115.2401,103.3891,104.5301
2024-08-23,108.8053,109.4367,106.9208,107.1928,6023400,DELL,101.2139,105.9770,119.4583,113.9065,124.1357,115.1127,103.5877,104.5727
2024-08-26,108.4750,110.8841,107.1928,108.8053,7307800,DELL,101.2367,106.2149,119.0138,113.6935,123.9805,114.9813,103.7864,104.6115
2024-08-27,108.6596,109.1550,106.5711,107.1734,6271600,DELL,101.3946,106.4477,118.5737,113.4961,123.8409,114.8561,103.9818,104.6518
2024-08-28,108.3682,108.8636,105.1140,107.1442,9528000,DELL,101.2916,106.6306,117.9912,113.2950,123.6448,114.7276,104.1769,104.6888
2024-08-29,107.5716,111.1658,105.0072,105.1820,23836600,DELL,101.4038,106.7203,117.2550,113.0706,123.4945,114.5859,104.3619,104.7174
2024-08-30,112.2343,114.3519,107.4842,112.0595,33433600,DELL,102.0473,107.2454,116.6243,113.0378,123.4237,114.5393,104.5690,104.7922
2024-09-03,107.6008,113.3514,105.9980,111.5932,14159000,DELL,102.6588,107.2793,115.9678,112.8246,123.3101,114.4019,104.7523,104.8202
2024-09-04,105.9397,107.3871,104.2398,105.8814,8113600,DELL,103.3578,107.1517,115.4234,112.5546,123.1734,114.2344,104.9319,104.8313
2024-09-05,104.0941,105.2014,102.1221,103.9386,9362400,DELL,104.2937,106.8605,114.7880,112.2228,123.0788,114.0336,105.1042,104.8240
2024-09-06,99.0817,105.1140,98.5086,103.4724,11962600,DELL,104.8056,106.1196,114.0932,111.7075,122.9336,113.7375,105.2463,104.7669
2024-09-09,102.8604,104.5701,102.0930,104.2786,18742700,DELL,105.4535,105.8092,113.4510,111.3605,122.7946,113.5221,105.4085,104.7479
2024-09-10,103.5889,104.4535,102.4038,103.1130,9367400,DELL,106.0058,105.5978,112.8527,111.0558,122.6770,113.3254,105.5731,104.7364
2024-09-11,105.6871,105.7843,102.5301,104.0844,9715100,DELL,106.4361,105.6063,112.2014,110.8452,122.5925,113.1742,105.7430,104.7458
2024-09-12,108.9413,109.9904,105.4929,105.5900,9893500,DELL,106.8829,105.9239,111.6025,110.7706,122.5742,113.0903,105.9306,104.7876
2024-09-13,111.0298,111.3698,108.2128,108.9704,7353300,DELL,107.0816,106.4102,111.0610,110.7807,122.5661,113.0495,106.1283,104.8497
2024-09-16,112.0983,112.4869,109.0190,109.1647,8618900,DELL,107.2807,106.9519,110.6126,110.8324,122.5193,113.0307,106.3335,104.9218
2024-09-17,113.4777,114.9250,111.7486,114.3422,9412700,DELL,107.5211,107.5734,110.0561,110.9361,122.4905,113.0396,106.5406,105.0069
2024-09-18,112.6714,116.1976,112.6229,114.2159,10783600,DELL,107.7776,108.0589,109.4879,111.0042,122.4081,113.0323,106.7398,105.0832
2024-09-19,114.4005,116.6347,114.0022,116.6347,10630500,DELL,108.0724,108.6629,108.9537,111.1374,122.3415,113.0594,106.9665,105.1759
2024-09-20,114.1382,115.6439,111.7875,113.1668,75332800,DELL,108.4862,109.1844,108.5120,111.2550,122.2467,113.0807,107.2045,105.2651
2024-09-23,114.2062,114.7211,113.2446,114.1868,8067800,DELL,108.7562,109.6626,108.0940,111.3708,122.1822,113.1030,107.4429,105.3540
2024-09-24,113.9537,115.0513,112.6811,114.7891,6851800,DELL,109.0302,110.0713,107.7164,111.4721,122.1719,113.1199,107.6881,105.4396
2024-09-25,116.7318,116.7998,113.7205,113.9148,8535000,DELL,109.4338,110.7056,107.4517,111.6783,122.1447,113.1914,107.9425,105.5520
2024-09-26,122.8710,123.3664,117.9169,118.8786,13420500,DELL,110.1589,111.8642,107.4857,112.1173,122.1624,113.3831,108.2271,105.7243
2024-09-27,116.7804,120.8505,116.6347,120.4523,13545000,DELL,110.6194,112.3325,107.3947,112.3001,122.0783,113.4503,108.4786,105.8343
2024-09-30,115.1485,116.5278,113.6040,115.5953,8638100,DELL,110.7651,112.6006,107.2623,112.4118,121.9951,113.4840,108.7184,105.9270
2024-10-01,109.9224,114.4102,109.6796,114.0314,9641900,DELL,110.8812,112.3456,106.9682,112.3142,121.8203,113.4134,108.9327,105.9667
2024-10-02,110.2138,113.2251,108.9122,109.7378,6047100,DELL,111.0949,112.1425,106.7275,112.2318,121.6477,113.3501,109.1361,106.0090
2024-10-03,112.3606,113.4097,110.3692,110.7578,6872500,DELL,111.5082,112.1633,106.7188,112.2369,121.4860,113.3305,109.3541,106.0722
2024-10-04,116.9747,117.3827,113.7108,114.1382,8175800,DELL,112.4028,112.6215,106.8934,112.4227,121.3876,113.4026,109.5868,106.1807
2024-10-07,115.6827,117.3924,114.7988,116.2559,5208100,DELL,113.0440,112.9131,107.0008,112.5505,121.2461,113.4478,109.8123,106.2752
2024-10-08,118.4415,118.4512,115.3039,115.9839,5681500,DELL,113.7866,113.4396,107.2093,112.7815,120.9866,113.5467,110.0569,106.3963
2024-10-09,118.8398,119.6072,117.0524,118.1501,6023500,DELL,114.4442,113.9539,107.4761,113.0191,120.7587,113.6515,110.2895,106.5201
2024-10-10,121.2294,121.2877,117.7324,117.9849,5947200,DELL,115.0586,114.6468,107.6921,113.3411,120.5236,113.8015,110.5323,106.6665
2024-10-11,124.0755,124.6292,119.9666,120.4523,7811900,DELL,115.7109,115.5448,108.0670,113.7621,120.3564,114.0050,110.7831,106.8397
2024-10-14,124.6778,126.5332,123.7550,125.3092,5933000,DELL,116.3399,116.4146,108.5733,114.1901,120.1778,114.2163,111.0356,107.0172
2024-10-15,122.2299,127.3783,122.0648,125.1538,6016600,DELL,116.7775,116.9684,109.1105,114.5054,119.9696,114.3750,111.2787,107.1686
2024-10-16,123.1041,123.8618,121.2294,123.2596,3833100,DELL,117.2991,117.5528,109.7334,114.8426,119.7140,114.5479,111.5270,107.3271
2024-10-17,125.4840,127.8348,124.3378,125.4063,5603600,DELL,117.8533,118.3081,110.5355,115.2599,119.4183,114.7644,111.7954,107.5078
2024-10-18,122.8419,125.8726,121.6179,125.5035,5491700,DELL,118.2885,118.7399,111.2155,115.5573,119.0390,114.9244,112.0420,107.6604
2024-10-21,122.0648,123.3470,121.5888,122.8807,4405000,DELL,118.6814,119.0566,111.8588,115.8125,118.5248,115.0658,112.2877,107.8037
2024-10-22,117.3709,121.1728,116.3473,120.9778,7093000,DELL,118.8523,118.8960,112.3553,115.8736,118.0536,115.1114,112.5105,107.8989
2024-10-23,116.4838,118.5017,114.8558,115.9769,4558900,DELL,118.8399,118.6663,112.7434,115.8975,117.8675,115.1386,112.7120,107.9843
2024-10-24,117.5366,118.3360,116.3571,117.5756,3638100,DELL,118.5732,118.5587,113.0940,115.9618,117.7648,115.1861,112.9295,108.0794
2024-10-25,119.4668,121.6505,118.6869,118.8332,4040200,DELL,118.7075,118.6452,113.3422,116.0992,117.6452,115.2708,113.1513,108.1927
2024-10-28,117.6244,120.5001,117.5171,119.9055,3582900,DELL,118.8313,118.5480,113.5324,116.1590,117.4889,115.3175,113.3568,108.2865
2024-10-29,118.5700,119.4571,117.0785,117.6439,3909800,DELL,119.2637,118.5501,113.7304,116.2536,117.3778,115.3819,113.5689,108.3888
2024-10-30,126.1445,130.5995,122.2841,127.6945,17073700,DELL,120.0602,119.2733,114.1024,116.6415,117.3811,115.5950,113.8180,108.5655
2024-10-31,120.5196,124.3800,119.5058,123.8049,7312400,DELL,120.4681,119.3920,114.3427,116.7935,117.3041,115.6925,114.0478,108.6845
2024-11-01,127.5775,129.2835,121.1728,121.4945,13048400,DELL,120.9983,120.1716,114.7771,117.2164,117.3056,115.9278,114.3093,108.8724
2024-11-04,126.5832,132.2957,126.4369,129.4784,10608800,DELL,121.5433,120.7822,115.1326,117.5838,117.2955,116.1388,114.5429,109.0487
2024-11-05,130.1023,130.9017,126.4857,127.7042,6998600,DELL,122.1263,121.6699,115.5652,118.0747,117.2895,116.4153,114.8022,109.2582
2024-11-06,134.8693,136.0879,130.9407,133.9335,8857900,DELL,122.9278,122.9270,116.0894,118.7333,117.3315,116.7808,115.0792,109.5130
2024-11-07,134.4014,135.9124,132.5979,135.4542,6297500,DELL,123.5864,124.0198,116.6100,119.3477,117.3006,117.1297,115.3476,109.7606
2024-11-08,130.8530,135.6492,130.7067,134.7426,6325400,DELL,123.9253,124.6705,117.0756,119.7989,117.1653,117.4014,115.6015,109.9705
2024-11-11,135.0253,137.2089,131.6036,134.9863,7210900,DELL,124.4427,125.6567,117.5315,120.3960,117.0779,117.7504,115.8705,110.2198
2024-11-12,133.0366,137.7743,132.5199,135.2592,6667800,DELL,124.9830,126.3595,118.0402,120.8917,117.0040,118.0531,116.1336,110.4469
2024-11-13,131.1454,135.5420,131.0869,134.2942,4701400,DELL,125.3851,126.8153,118.5443,121.2939,116.9838,118.3124,116.3804,110.6528
2024-11-14,131.0479,133.4655,129.9756,132.4615,3510700,DELL,125.6633,127.2185,119.0834,121.6764,116.9357,118.5646,116.6361,110.8557
2024-11-15,128.3281,130.5020,127.4605,129.9366,5010100,DELL,125.9376,127.3241,119.6683,121.9372,116.8808,118.7579,116.8641,111.0296
2024-11-18,132.5882,134.5281,131.0869,132.7344,6501800,DELL,126.4637,127.8255,120.2629,122.3549,116.8569,119.0318,117.1109,111.2441
2024-11-19,132.4809,132.8124,128.9130,130.4825,5767500,DELL,127.2192,128.2688,120.8407,122.7520,116.8467,119.2981,117.3601,111.4554
2024-11-20,130.5898,134.6938,129.2055,134.0602,4814200,DELL,127.9245,128.4899,121.3387,123.0594,116.7701,119.5217,117.6144,111.6458
2024-11-21,135.4250,136.6143,131.0674,132.7149,6619700,DELL,128.8190,129.1504,121.8684,123.5443,116.7355,119.8366,117.8877,111.8824
2024-11-22,140.5819,140.8646,136.9652,138.9149,7688600,DELL,129.8747,130.2391,122.4595,124.2124,116.7602,120.2474,118.1818,112.1680
2024-11-25,140.5331,143.9451,139.0416,143.6916,12208200,DELL,131.0201,131.2195,123.0282,124.8525,116.8204,120.6491,118.4689,112.4502
2024-11-26,138.1740,140.7963,137.6574,140.3772,12796200,DELL,132.0003,131.8818,123.5221,125.3749,116.7891,120.9961,118.7421,112.7062
2024-11-27,121.2508,123.9608,118.2483,121.7772,38089700,DELL,131.7557,130.8693,123.6937,125.2131,116.5908,121.0012,118.9435,112.7912
2024-11-29,124.3800,125.2379,121.8454,122.1476,9534500,DELL,131.9487,130.2513,123.8933,125.1805,116.4235,121.0681,119.1505,112.9065
2024-12-02,122.6740,126.3882,120.1784,123.0152,13328000,DELL,131.7035,129.5297,124.0640,125.0822,116.2880,121.0999,119.3651,113.0037
2024-12-03,122.4011,122.8495,121.0558,122.0112,6989900,DELL,131.4944,128.8507,124.2279,124.9770,116.1609,121.1256,119.5711,113.0972
2024-12-04,122.9275,124.1266,120.8023,122.0989,6264500,DELL,131.1357,128.2866,124.4073,124.8967,116.0619,121.1613,119.7881,113.1950
2024-12-05,121.9234,125.4426,121.8942,123.3759,8115800,DELL,130.4884,127.6806,124.5112,124.7801,115.9814,121.1764,120.0053,113.2819
2024-12-06,120.2954,123.1322,119.6618,122.4596,10464400,DELL,129.7831,126.9773,124.4597,124.6042,115.9727,121.1590,120.1835,113.3517
2024-12-09,120.6951,121.0753,118.0533,119.7495,8318600,DELL,129.2752,126.3790,124.5380,124.4509,115.9663,121.1498,120.3514,113.4247
2024-12-10,113.8517,120.1395,113.6178,120.0517,12659500,DELL,128.2165,125.1859,124.5120,124.0352,115.8871,121.0053,120.4734,113.4290
2024-12-11,115.7039,116.1816,112.6917,114.8363,8156100,DELL,127.3499,124.2828,124.6277,123.7085,115.7979,120.9003,120.6104,113.4516
2024-12-12,116.1816,117.3709,114.3879,114.5536,5403800,DELL,126.6017,123.5113,124.7470,123.4134,115.7373,120.8069,120.7418,113.4788
2024-12-13,115.4700,118.2190,113.5885,117.3514,5941900,DELL,125.8228,122.7455,124.8092,123.1018,115.7640,120.7012,120.8627,113.4986
2024-12-16,116.2693,119.0184,115.4700,115.8697,6730500,DELL,125.2198,122.1287,124.7951,122.8339,115.8443,120.6134,120.8434,113.5262
2024-12-17,115.3042,117.1759,114.9240,115.2262,5166300,DELL,124.3556,121.4787,124.7875,122.5386,115.8942,120.5083,120.8327,113.5439
2024-12-18,109.8354,116.9712,109.1140,116.5228,7336900,DELL,123.2234,120.3698,124.6154,122.0405,115.9124,120.2969,120.8142,113.5070
2024-12-19,109.1432,112.6039,108.4803,111.3561,9248400,DELL,122.1510,119.3006,124.4215,121.5347,115.9488,120.0761,120.7886,113.4635
2024-12-20,112.8574,113.5300,107.3983,107.3983,12228200,DELL,121.0227,118.6870,124.2540,121.1944,115.9731,119.9331,120.7719,113.4575
2024-12-23,115.8307,116.1426,113.3351,113.5885,5324200,DELL,119.7851,118.4150,124.0891,120.9841,116.0781,119.8519,120.7905,113.4811
2024-12-24,115.9476,116.4156,115.2068,116.0061,2077400,DELL,118.5558,118.1800,123.9145,120.7866,116.2439,119.7746,120.8117,113.5057
2024-12-26,116.2791,116.8640,115.2555,115.4407,2743100,DELL,117.4611,117.9989,123.7955,120.6098,116.4530,119.7054,120.8456,113.5333
2024-12-27,114.3781,115.8989,113.5788,115.3920,4881900,DELL,117.1174,117.6541,123.6210,120.3654,116.6772,119.5999,120.8871,113.5417
2024-12-30,111.9313,113.0036,109.7866,112.4090,5517900,DELL,116.4950,117.1091,123.3499,120.0347,116.9427,119.4480,120.9335,113.5256
2024-12-31,112.3407,113.1693,111.2879,112.4285,3874700,DELL,115.9783,116.6549,123.1399,119.7329,117.1777,119.3073,120.9794,113.5139
2025-01-02,113.5983,114.5049,110.6737,112.3602,4580900,DELL,115.5382,116.3638,122.9706,119.4924,117.4147,119.1942,121.0332,113.5147
2025-01-03,116.8932,117.7803,114.4171,114.4366,5601000,DELL,115.2365,116.4143,122.9610,119.3904,117.6582,119.1487,121.0993,113.5483
2025-01-06,121.5237,121.8649,118.1605,118.7454,8361800,DELL,115.2165,116.9009,123.0618,119.4741,117.9026,119.1957,121.1714,113.6277
2025-01-07,118.2190,122.6058,117.9071,122.4206,6081900,DELL,115.1127,117.0264,123.0755,119.4249,118.0847,119.1764,121.2127,113.6734
2025-01-08,116.3083,117.5756,114.7876,116.9615,5137700,DELL,114.8933,116.9580,123.0123,119.3027,118.1773,119.1196,121.2531,113.6996
2025-01-10,111.8825,115.0215,111.7071,114.9533,8213400,DELL,114.7949,116.4746,122.8975,119.0117,118.2149,118.9763,121.2677,113.6815
2025-01-13,107.3983,107.7785,104.0058,107.2423,11518100,DELL,114.3796,115.6102,122.6740,118.5562,118.2022,118.7470,121.2519,113.6190
2025-01-14,106.3162,108.9970,104.5030,108.4998,8366200,DELL,113.8863,114.7251,122.2775,118.0762,118.1900,118.5008,121.2450,113.5463
2025-01-15,106.4819,109.1822,105.3219,109.1822,9106100,DELL,113.4369,113.9400,121.9967,117.6216,118.1697,118.2628,121.2272,113.4760
2025-01-16,107.3398,108.5583,105.6923,106.2577,6073500,DELL,112.9905,113.3114,121.5920,117.2184,118.1845,118.0465,121.1871,113.4150
2025-01-17,106.8816,108.9483,106.7841,108.9385,6344500,DELL,112.5693,112.6991,121.1979,116.8130,118.1653,117.8255,121.1505,113.3499
2025-01-21,108.7436,109.5527,105.1951,107.6517,8636000,DELL,112.5147,112.3223,120.7708,116.4965,118.1680,117.6456,121.0742,113.3041
2025-01-22,112.6732,118.3989,112.4970,114.3664,12846400,DELL,112.6912,112.3558,120.3268,116.3466,118.2081,117.5471,121.0245,113.2978
2025-01-23,111.7924,112.2621,109.5804,110.3047,5864100,DELL,112.6380,112.3021,119.8747,116.1680,118.2423,117.4332,120.9436,113.2829
2025-01-24,111.3128,114.3077,110.3732,112.3698,5500000,DELL,112.4121,112.2079,119.4839,115.9776,118.2797,117.3120,120.8871,113.2633
2025-01-27,101.6330,105.4403,97.9137,104.3441,17922300,DELL,111.6963,111.2007,118.8160,115.4151,118.1737,117.0015,120.7987,113.1475
2025-01-28,99.1372,101.9168,98.3640,101.9168,15042700,DELL,110.8393,110.0518,118.1380,114.7767,118.0891,116.6478,120.6996,113.0081
2025-01-29,100.9087,101.6525,99.3133,99.8321,8362600,DELL,110.1658,109.1811,117.5333,114.2329,118.0388,116.3361,120.6061,112.8877
2025-01-30,103.1109,103.7079,101.1044,101.1142,7952700,DELL,109.7248,108.6029,116.9745,113.7967,118.0290,116.0742,120.5539,112.7904
2025-01-31,101.3981,104.9607,101.3296,104.0700,6077200,DELL,109.1776,107.9168,116.4359,113.3105,118.0521,115.7836,120.4928,112.6771
2025-02-03,97.9627,98.8631,96.2792,97.2678,12114300,DELL,108.3958,106.9688,115.7434,112.7086,118.0031,115.4307,120.3989,112.5307
2025-02-04,99.5091,100.2823,97.6886,98.1095,7241400,DELL,107.5266,106.2583,115.0840,112.1910,117.9623,115.1154,120.3197,112.4011
2025-02-05,102.2300,103.4534,99.0393,100.3997,7901800,DELL,106.5620,105.8747,114.5168,111.8004,117.9278,114.8603,120.2601,112.2999
2025-02-06,103.6688,104.9705,102.5041,102.7389,5017400,DELL,105.8344,105.6646,113.8817,111.4815,117.8750,114.6387,120.2246,112.2140
2025-02-07,104.1092,107.0259,103.7177,105.2347,7997300,DELL,105.2245,105.5164,113.1522,111.1924,117.8058,114.4302,120.1860,112.1334
2025-02-10,109.9229,110.4123,105.0684,105.0684,9084100,DELL,105.1265,105.9361,112.5400,111.1426,117.7841,114.3409,120.1517,112.1114
2025-02-11,109.0714,109.6880,107.5152,107.8969,4397100,DELL,105.2102,106.2347,111.9580,111.0614,117.7400,114.2366,120.1153,112.0811
2025-02-12,110.5200,111.5770,107.6621,107.7110,5423700,DELL,105.4204,106.6428,111.7433,111.0401,117.7185,114.1630,120.0633,112.0656
2025-02-13,107.9165,109.3748,106.4288,108.7289,6806200,DELL,105.4921,106.7641,111.4141,110.9176,117.6537,114.0393,119.9976,112.0243
2025-02-14,111.9489,114.6699,107.3782,108.6799,16971700,DELL,105.7225,107.2579,111.1996,110.9581,117.6318,113.9979,119.9392,112.0236
2025-02-18,117.7823,118.3499,113.7890,114.0337,13510000,DELL,106.2676,108.2602,111.1072,111.2257,117.6675,114.0728,119.9249,112.0809
2025-02-19,118.3891,119.6615,115.7367,116.2848,6728600,DELL,106.7498,109.2249,111.0164,111.5066,117.7119,114.1583,119.9419,112.1436
2025-02-20,117.3418,118.6338,114.2881,117.9389,5480400,DELL,106.9833,109.9979,110.9248,111.7355,117.7180,114.2213,119.9314,112.1954
2025-02-21,115.1005,118.7121,114.7971,118.2814,5662300,DELL,107.1487,110.4839,110.8209,111.8674,117.6403,114.2387,119.9014,112.2243
2025-02-24,111.7141,113.8869,108.6702,113.6422,7327800,DELL,107.1687,110.6011,110.6413,111.8614,117.5896,114.1887,119.8340,112.2192
2025-02-25,108.2982,111.6847,107.3293,111.0876,6582100,DELL,107.5020,110.3817,110.5302,111.7217,117.5211,114.0721,119.7581,112.1802
2025-02-26,113.1920,114.7873,109.4238,109.4238,8631500,DELL,108.2048,110.6494,110.4800,111.7793,117.5538,114.0547,119.6870,112.1902
2025-02-27,105.5382,114.9537,105.1467,114.5133,15737200,DELL,108.4362,110.1626,110.2671,111.5346,117.5071,113.8860,119.5774,112.1241
2025-02-28,100.5759,101.6917,96.8958,98.8142,20366200,DELL,108.3095,109.2496,109.9692,111.1048,117.3892,113.6225,119.4376,112.0091
2025-03-03,93.5290,101.5645,92.5013,101.4372,13096800,DELL,107.9160,107.7524,109.5144,110.4156,117.1548,113.2246,119.2712,111.8253
2025-03-04,92.0706,94.7915,90.4459,91.0234,12789400,DELL,107.6214,106.2589,109.0497,109.6962,116.9186,112.8057,119.0824,111.6287
2025-03-05,95.1830,95.7996,91.2289,92.6383,6059400,DELL,107.4051,105.2040,108.7567,109.1270,116.6860,112.4567,118.8363,111.4651
2025-03-06,91.0429,93.8226,90.9451,92.2468,8560500,DELL,106.8458,103.8554,108.3947,108.4178,116.4081,112.0327,118.5834,111.2619
2025-03-07,89.5161,90.6906,86.4526,89.7706,10162100,DELL,106.1381,102.4897,107.9279,107.6766,116.0909,111.5868,118.3073,111.0455
2025-03-10,88.4199,89.8195,86.8050,87.1084,8384900,DELL,105.3537,101.1497,107.3796,106.9214,115.7344,111.1281,118.0454,110.8204
2025-03-11,89.6237,90.8961,88.1654,88.6156,6282300,DELL,104.3387,100.0520,106.8532,106.2431,115.3839,110.7022,117.7808,110.6094
2025-03-12,92.5698,93.9400,91.1897,92.6481,7873000,DELL,103.5136,99.3394,106.3790,105.7069,115.0873,110.3432,117.5284,110.4299
2025-03-13,90.4850,92.8438,89.6042,91.9532,4543400,DELL,102.5119,98.4961,105.9011,105.1099,114.7611,109.9499,117.2375,110.2315
2025-03-14,93.6366,95.2320,92.3936,92.5894,5933400,DELL,101.7979,98.0333,105.5352,104.6600,114.4426,109.6269,116.9304,110.0664
2025-03-17,95.5843,96.7197,94.6056,95.4571,5283200,DELL,100.9796,97.8001,105.2001,104.3041,114.1700,109.3488,116.6045,109.9223
2025-03-18,94.3903,95.1341,92.7557,94.8600,5792000,DELL,99.8100,97.4753,104.8159,103.9153,113.8933,109.0526,116.2090,109.7677
2025-03-19,96.6218,98.2954,94.7915,94.9383,5460100,DELL,98.7217,97.3941,104.4105,103.6293,113.6858,108.8065,115.8697,109.6369
2025-03-20,96.8175,99.2644,95.8192,95.8779,4924500,DELL,97.6955,97.3391,103.9164,103.3622,113.4891,108.5691,115.6783,109.5094
2025-03-21,95.4962,96.3282,94.3511,95.9954,8911100,DELL,96.7153,97.1636,103.4619,103.0537,113.2687,108.3102,115.5167,109.3699
2025-03-24,97.6886,99.3623,97.1797,97.8746,6491800,DELL,96.0140,97.2136,103.0895,102.8433,113.0509,108.0999,115.3481,109.2537
2025-03-25,96.7588,99.1470,96.4163,98.1780,4807300,DELL,95.4370,97.1703,102.7871,102.6047,112.8423,107.8753,115.1656,109.1294
2025-03-26,94.2141,98.4129,93.5681,96.6414,5795800,DELL,94.4881,96.8888,102.5234,102.2757,112.5987,107.6048,114.9883,108.9809
2025-03-27,95.0362,96.2792,91.6106,93.0004,7537800,DELL,93.9630,96.7123,102.2978,101.9918,112.2876,107.3559,114.8344,108.8422
2025-03-28,90.3285,93.5289,89.5650,92.3740,7225200,DELL,93.4506,96.1043,101.9747,101.5344,111.9857,107.0187,114.6449,108.6580
2025-03-31,89.2127,89.2714,86.5211,87.3726,7286200,DELL,93.2348,95.4480,101.6122,101.0512,111.6021,106.6661,114.4538,108.4645
2025-04-01,90.0055,90.8276,87.8033,89.3399,5716700,DELL,93.1316,94.9297,101.2746,100.6180,111.2363,106.3362,114.2659,108.2808
2025-04-02,93.3038,93.6855,87.9207,88.0578,6245800,DELL,93.0376,94.7748,100.9659,100.3312,110.8683,106.0781,114.0789,108.1318
2025-04-03,75.5885,84.3777,75.0894,83.9275,30868500,DELL,92.2649,92.9476,100.2242,99.3609,110.2755,105.4744,113.8035,107.8080
2025-04-04,70.1076,73.3472,67.9445,73.0732,17449100,DELL,91.2945,90.7723,99.3905,98.2137,109.6326,104.7741,113.4666,107.4329
2025-04-07,73.4059,75.6571,64.8419,66.5547,15538400,DELL,90.5438,89.1184,98.6323,97.2408,109.0581,104.1529,113.1117,107.0943
2025-04-08,71.0472,77.7712,69.4910,75.8528,12924100,DELL,89.6149,87.3973,98.0206,96.2136,108.4183,103.4973,112.7481,106.7356
2025-04-09,82.4006,83.6534,69.6084,71.0178,18160000,DELL,89.1065,86.9214,97.6859,95.6719,107.9119,103.0796,112.4580,106.4935
2025-04-10,77.2622,79.3078,74.3260,78.4954,11279300,DELL,88.4453,86.0015,97.2129,94.9500,107.3731,102.5683,112.1785,106.2026
2025-04-11,80.1886,81.1576,76.3030,76.9294,8667600,DELL,87.7729,85.4479,96.7545,94.3711,106.8645,102.1252,111.9001,105.9438
2025-04-14,83.3793,87.3922,82.2244,87.3922,12355200,DELL,87.1627,85.2509,96.3941,93.9401,106.4150,101.7540,111.6479,105.7192
2025-04-15,83.6730,85.0530,82.5278,82.8215,5728800,DELL,86.6268,85.1006,96.1083,93.5374,105.9259,101.3959,111.3914,105.4999
2025-04-16,81.5883,83.4870,79.9440,81.0499,5842300,DELL,85.8752,84.7661,95.7499,93.0688,105.4170,101.0037,111.1318,105.2619
2025-04-17,82.9977,83.6045,81.1380,82.0972,6238300,DELL,85.1842,84.5977,95.3653,92.6739,104.9410,100.6472,110.8556,105.0404
2025-04-21,80.6389,82.5670,79.0239,81.6078,5595300,DELL,84.4413,84.2207,94.9047,92.2019,104.3932,100.2510,110.5643,104.7976
2025-04-22,82.8207,84.1111,81.2250,81.6584,4471600,DELL,83.6979,84.0873,94.4789,91.8340,103.8156,99.9058,110.2879,104.5789
2025-04-23,87.8246,90.5137,87.2631,87.7458,8413100,DELL,83.2512,84.4433,94.0369,91.6768,103.2885,99.6666,110.0544,104.4122
2025-04-24,92.9861,93.2619,88.1004,88.5338,6367200,DELL,83.1898,85.2569,93.7152,91.7282,102.8366,99.5343,109.8128,104.2985
2025-04-25,93.4688,94.0204,92.5330,93.0452,4466700,DELL,83.1114,86.0389,93.3742,91.7964,102.5588,99.4142,109.5748,104.1908
2025-04-28,93.0551,94.2076,91.7154,93.1536,3920200,DELL,83.2478,86.7072,93.0770,91.8458,102.2455,99.2882,109.3345,104.0800
2025-04-29,92.3754,93.1437,91.7155,92.2572,4474000,DELL,83.4059,87.2470,92.6855,91.8665,101.9425,99.1514,109.1153,103.9635
2025-04-30,90.3857,90.7107,85.4606,85.5197,9891200,DELL,83.4249,87.5459,92.1376,91.8085,101.6224,98.9778,108.8917,103.8284
2025-05-01,90.5728,93.7741,90.4152,92.1686,6333100,DELL,83.2883,87.8342,91.5813,91.7600,101.2988,98.8113,108.6804,103.6965
2025-05-02,93.1733,94.4046,92.4345,92.8187,5970500,DELL,84.1676,88.3427,91.0979,91.8154,101.0113,98.6997,108.4964,103.5918
2025-05-05,92.9467,94.2076,92.1292,92.4936,4938000,DELL,85.3095,88.7812,90.6548,91.8598,100.7379,98.5858,108.3553,103.4859
2025-05-06,92.5429,93.3112,91.1441,91.2722,5015400,DELL,86.2664,89.1394,90.2714,91.8866,100.4563,98.4661,108.2113,103.3770
2025-05-07,94.3553,94.6016,91.4889,92.4542,5211600,DELL,87.4318,89.6362,89.9925,91.9834,100.2614,98.3847,108.0743,103.2872
2025-05-08,94.7789,96.0200,94.2470,95.9806,4575900,DELL,88.0507,90.1259,89.6243,92.0930,100.0521,98.3133,107.9250,103.2026
2025-05-09,94.4735,96.4731,94.2076,95.9904,4367400,DELL,88.9113,90.5400,89.4030,92.1864,99.8350,98.2373,107.7861,103.1157
2025-05-12,101.8710,102.5211,99.4873,99.4873,7927700,DELL,89.9954,91.6191,89.4289,92.5662,99.6990,98.3092,107.7315,103.1033
2025-05-13,106.2347,106.8749,102.3340,102.3340,7063500,DELL,91.1382,93.0111,89.6830,93.1022,99.5987,98.4662,107.7215,103.1345
2025-05-14,109.3572,110.0763,107.8600,107.8600,7639100,DELL,92.4224,94.5679,90.0287,93.7396,99.5392,98.6818,107.7167,103.1964
2025-05-15,109.2094,109.8399,106.9439,107.3182,4488800,DELL,93.8034,95.9623,90.3092,94.3463,99.5330,98.8903,107.7227,103.2562
2025-05-16,112.4797,112.8836,109.4261,109.8300,5466600,DELL,95.2775,97.5354,90.7380,95.0574,99.5663,99.1594,107.7575,103.3480
2025-05-19,112.5684,113.3465,109.7512,109.7512,4594700,DELL,96.8740,98.9671,91.1990,95.7441,99.5634,99.4249,107.7683,103.4397
2025-05-20,112.5191,113.7701,111.4947,112.2532,4150600,DELL,98.3589,100.2578,91.6810,96.4020,99.5303,99.6842,107.8042,103.5301
2025-05-21,110.2536,114.3907,109.8891,111.8395,5859900,DELL,99.4804,101.2098,92.0936,96.9452,99.4734,99.8935,107.8587,103.5970
2025-05-22,110.2733,111.2878,109.0026,110.7165,4013700,DELL,100.3447,102.0729,92.4477,97.4678,99.4133,100.0991,107.9332,103.6634
2025-05-23,110.4309,111.0022,107.1803,108.0274,3916900,DELL,101.1928,102.8689,92.8466,97.9762,99.3739,100.3036,108.0255,103.7308
2025-05-27,112.2827,113.3269,111.4947,112.7654,5512100,DELL,102.1542,103.7655,93.2195,98.5372,99.3774,100.5409,108.1601,103.8159
2025-05-28,112.0660,113.5632,111.6129,112.4403,4618400,DELL,103.1388,104.5560,93.5491,99.0678,99.3746,100.7691,108.2762,103.8979
2025-05-29,111.9281,113.7307,109.6330,113.4647,14396000,DELL,104.2159,105.2581,93.8999,99.5721,99.3579,100.9900,108.3863,103.9778
2025-05-30,109.6035,115.2181,107.5645,110.7953,19208000,DELL,105.1674,105.6720,94.1595,99.9655,99.2850,101.1606,108.4716,104.0338
2025-06-02,106.4612,109.9975,104.7867,109.3277,9027600,DELL,105.8318,105.7471,94.3524,100.2202,99.1344,101.2656,108.5185,104.0580
2025-06-03,110.2240,110.7559,106.3923,106.8749,6643900,DELL,106.6957,106.1735,94.6470,100.6125,99.0545,101.4430,108.5696,104.1193
2025-06-04,111.0120,112.5388,109.6330,111.1795,4536200,DELL,107.6191,106.6343,94.9134,101.0203,99.0015,101.6325,108.5894,104.1879
2025-06-05,110.1452,112.5093,109.5148,111.3076,5435000,DELL,108.4086,106.9687,95.1812,101.3782,98.9841,101.8010,108.5995,104.2472
2025-06-06,112.0463,113.5140,111.1401,111.1401,4037500,DELL,109.2720,107.4523,95.5378,101.7965,99.0306,102.0039,108.6164,104.3248
2025-06-09,112.5093,114.8832,112.4994,112.7949,5123700,DELL,110.1738,107.9339,95.8873,102.2167,99.0925,102.2119,108.6412,104.4062
2025-06-10,111.5538,113.3268,110.0861,113.0806,8661400,DELL,110.6579,108.2786,96.3118,102.5828,99.1432,102.3969,108.6565,104.4774
2025-06-11,109.5739,112.7358,109.2489,112.6866,5436500,DELL,110.8249,108.4020,96.7190,102.8570,99.1656,102.5390,108.6750,104.5281
2025-06-12,111.7016,111.8198,108.9139,110.3422,5597700,DELL,110.9421,108.7162,97.1529,103.2038,99.2138,102.7205,108.6895,104.5994
2025-06-13,107.9191,110.0763,107.5349,109.6823,5137500,DELL,110.8776,108.6403,97.4452,103.3887,99.2055,102.8234,108.6867,104.6325
2025-06-16,112.0365,112.6570,109.3375,109.5739,5292300,DELL,110.8554,108.9638,98.1742,103.7279,99.1992,103.0058,108.7036,104.7061
2025-06-17,114.1937,115.9470,110.9923,111.1007,5968200,DELL,110.9367,109.4619,99.0559,104.1383,99.2232,103.2274,108.7328,104.8005
2025-06-18,114.8142,117.0404,113.8193,113.8784,4671200,DELL,111.0514,109.9716,99.8841,104.5569,99.2582,103.4568,108.7690,104.9002
2025-06-20,117.5821,117.9564,115.8583,116.5479,9568400,DELL,111.4179,110.6964,100.8148,105.0677,99.4177,103.7365,108.7957,105.0264
2025-06-23,116.2524,117.5920,114.2232,117.0699,5987400,DELL,111.7168,111.2256,101.4918,105.5064,99.5888,103.9844,108.8390,105.1381
2025-06-24,118.7839,120.0053,117.3753,118.0057,5034500,DELL,112.1345,111.9454,102.3222,106.0270,99.7676,104.2774,108.9032,105.2739
2025-06-25,118.6558,120.4683,118.4490,119.0006,3977600,DELL,112.4531,112.5845,103.0916,106.5223,99.9230,104.5622,108.9760,105.4070
2025-06-26,124.0931,125.2456,120.4387,120.8623,9434800,DELL,113.0545,113.6805,103.9059,107.2113,100.1500,104.9489,109.1011,105.5929
2025-06-27,122.1329,123.1869,120.6850,121.9261,7362000,DELL,113.5647,114.4855,104.6751,107.7965,100.3917,105.2892,109.1974,105.7575
2025-06-30,120.7638,122.6255,120.3008,122.3004,5427000,DELL,114.1227,115.0835,105.4586,108.3050,100.6042,105.5956,109.2833,105.9068
2025-07-01,119.9068,121.3154,118.3111,120.2319,4105000,DELL,114.7950,115.5428,106.1968,108.7600,100.7810,105.8790,109.3544,106.0461
2025-07-02,121.6306,122.4580,118.3111,119.5423,3937800,DELL,115.3653,116.1226,107.0166,109.2647,100.9606,106.1909,109.4178,106.2012
2025-07-03,123.3445,124.2901,121.8374,122.3299,3725600,DELL,115.9820,116.8104,107.8271,109.8169,101.1530,106.5306,109.4794,106.3718
2025-07-07,122.9013,125.1274,121.9261,123.1968,4070200,DELL,116.6198,117.3905,108.5286,110.3300,101.2828,106.8548,109.5334,106.5363
2025-07-08,122.5270,124.8516,120.4584,124.2310,3317300,DELL,117.1438,117.8797,109.1194,110.8083,101.4173,107.1651,109.5787,106.6954
2025-07-09,124.7334,125.0979,122.6747,122.7240,3966200,DELL,117.7550,118.5324,109.7447,111.3544,101.5595,107.5130,109.6390,106.8749
2025-07-10,125.9942,126.3981,124.4477,125.0979,5368800,DELL,118.4770,119.2431,110.4035,111.9285,101.7402,107.8790,109.6970,107.0651
2025-07-11,124.9304,125.7184,123.8173,125.6593,3560200,DELL,119.2449,119.7847,111.0546,112.4384,101.8701,108.2166,109.7509,107.2429
2025-07-14,123.7878,124.6053,121.9261,124.3098,3626900,DELL,119.8492,120.1660,111.7226,112.8834,101.9301,108.5249,109.7988,107.4075
2025-07-15,123.8075,126.6838,123.1377,125.2752,4041700,DELL,120.6436,120.5128,112.3873,113.3118,101.9843,108.8276,109.8481,107.5707
2025-07-16,121.7192,123.6203,118.8528,123.6203,5955900,DELL,121.1277,120.6277,112.9582,113.6415,102.0281,109.0829,109.8730,107.7115
2025-07-17,122.0246,122.5762,120.0447,121.8768,3763700,DELL,121.5193,120.7607,113.5398,113.9703,102.0973,109.3391,109.8688,107.8539
2025-07-18,129.2744,130.0131,122.9604,123.4036,11025200,DELL,122.2423,121.5715,114.2744,114.5704,102.2729,109.7339,109.9313,108.0670
2025-07-21,127.0285,129.0182,126.6640,128.6636,5560200,DELL,122.7146,122.0912,114.9279,115.0590,102.4602,110.0764,109.9907,108.2557
2025-07-22,122.9685,126.6675,121.8311,126.5983,6278000,DELL,123.0504,122.1748,115.4917,115.3692,102.5580,110.3316,110.0559,108.4021
2025-07-23,125.8268,126.4994,123.9081,124.1652,4175700,DELL,123.4026,122.5226,116.1188,115.7793,102.7609,110.6385,110.1340,108.5755
2025-07-24,126.9444,128.0522,125.7576,126.2125,3785000,DELL,123.8170,122.9437,116.6202,116.2171,103.0245,110.9614,110.2069,108.7582
2025-07-25,129.7830,130.3863,126.3115,126.5587,4301000,DELL,124.1015,123.5951,117.0912,116.7491,103.3871,111.3341,110.2709,108.9674
2025-07-28,132.3941,132.4336,129.7237,130.5050,4846600,DELL,124.6145,124.4331,117.5519,117.3626,103.7903,111.7511,110.3545,109.2005
2025-07-29,132.0479,134.5305,131.0688,133.4326,4013200,DELL,125.1787,125.1583,118.0087,117.9385,104.1590,112.1530,110.4225,109.4279
2025-07-30,132.0776,133.7095,131.1479,131.9688,3765800,DELL,125.7873,125.8173,118.4007,118.4930,104.5693,112.5476,110.4887,109.6532
2025-07-31,131.2369,134.6491,130.7622,133.7194,3876200,DELL,126.2676,126.3334,118.7740,118.9928,104.9865,112.9177,110.5387,109.8680
2025-08-01,125.9257,127.8346,124.0366,126.9741,5521000,DELL,126.3967,126.2946,119.0422,119.2647,105.3616,113.1752,110.5480,110.0278
2025-08-04,128.8038,129.2786,126.4895,127.2312,2765300,DELL,126.6918,126.5336,119.4132,119.6387,105.7534,113.4847,110.5686,110.2146
2025-08-05,129.0511,130.4358,125.3125,129.9511,4754800,DELL,127.0180,126.7734,119.7887,120.0079,106.1182,113.7930,110.6027,110.4020
2025-08-06,126.7367,128.3786,122.5234,126.5884,6250900,DELL,127.1182,126.7699,120.1148,120.2717,106.4807,114.0493,110.6209,110.5646
2025-08-07,132.4633,132.5326,128.6753,128.7445,5691200,DELL,127.4416,127.3121,120.5184,120.7498,106.8690,114.4139,110.6558,110.7825
2025-08-08,136.1030,137.3393,132.5326,133.5216,5458600,DELL,128.0002,128.1493,120.9992,121.3519,107.2742,114.8434,110.7221,111.0344
2025-08-11,136.8053,138.9416,135.5195,136.4888,4402800,DELL,128.6511,128.9737,121.4967,121.9579,107.6983,115.2783,110.7958,111.2908
2025-08-12,140.0889,140.5538,137.1514,137.9624,4856200,DELL,129.4652,130.0323,122.1064,122.6690,108.1330,115.7696,110.9094,111.5774
2025-08-13,137.6163,139.0603,134.5700,138.7834,6025200,DELL,130.2600,130.7546,122.7295,123.2551,108.5410,116.2022,111.0150,111.8365
2025-08-14,137.3394,138.2888,135.2525,135.6085,3813800,DELL,131.0258,131.3817,123.2718,123.8074,108.9594,116.6207,111.1141,112.0902
2025-08-15,136.7657,139.6043,135.9250,139.1691,3448200,DELL,131.4003,131.8945,123.7869,124.3156,109.3502,117.0197,111.2006,112.3358
2025-08-18,136.6173,137.8537,136.2118,136.7657,3202500,DELL,131.8798,132.3443,124.3164,124.7980,109.7488,117.4077,111.2955,112.5774
2025-08-19,133.7194,137.1910,133.1062,136.3701,3570100,DELL,132.4173,132.4752,124.7498,125.1479,110.1438,117.7307,111.3713,112.7877
2025-08-20,127.0730,132.5326,125.4510,132.5326,7222700,DELL,132.4797,131.9607,125.0411,125.2234,110.4642,117.9157,111.3759,112.9299
2025-08-21,126.4301,128.8830,126.1532,127.8939,4057800,DELL,132.4539,131.4340,125.3386,125.2707,110.8252,118.0843,111.4055,113.0642
2025-08-22,129.4072,130.6039,126.7170,127.4390,3786000,DELL,132.4351,131.2410,125.7353,125.4329,111.2271,118.3085,111.4146,113.2268
2025-08-25,129.5753,130.7028,128.3489,129.0610,3202700,DELL,132.2942,131.0823,126.0928,125.5954,111.6228,118.5317,111.4296,113.3895
2025-08-26,129.5555,131.0490,128.8434,129.7533,3735700,DELL,132.1696,130.9369,126.5255,125.7507,111.9854,118.7499,111.4268,113.5504
2025-08-27,131.0490,131.2171,129.2192,129.4962,3799300,DELL,132.1182,130.9476,126.9057,125.9584,112.5400,118.9935,111.4077,113.7245
2025-08-28,132.5820,133.6996,131.2864,132.2358,11144100,DELL,132.1854,131.1033,127.2735,126.2182,113.1647,119.2626,111.3986,113.9121
2025-08-29,120.8123,123.5322,118.3199,122.6717,24363200,DELL,131.9297,130.1232,127.3935,126.0062,113.6388,119.2933,111.3484,113.9808
2025-09-02,119.6354,120.0508,116.4111,117.8056,8969900,DELL,131.4713,129.1243,127.4345,125.7564,114.1247,119.3000,111.2715,114.0370
2025-09-03,122.6619,122.6718,119.5760,120.3673,5966800,DELL,131.1519,128.5089,127.5627,125.6350,114.5273,119.3666,111.2196,114.1229
2025-09-04,125.2828,125.9554,121.5739,122.6717,7053800,DELL,131.0792,128.2016,127.6927,125.6212,115.0075,119.4838,111.1903,114.2339
2025-09-05,123.4630,127.0137,121.9300,125.8565,6413100,DELL,130.6291,127.7503,127.7889,125.5366,115.4402,119.5626,111.1524,114.3257
2025-09-08,121.6530,124.2344,121.4453,123.9278,5187100,DELL,129.9066,127.1696,127.7401,125.3843,115.8230,119.6039,111.1190,114.3986
2025-09-09,119.9618,120.3772,116.8561,119.5464,10704400,DELL,129.0645,126.4832,127.6966,125.1716,116.1858,119.6110,111.0559,114.4540
2025-09-10,123.0871,125.7279,122.0684,122.0783,8447200,DELL,128.2144,126.1597,127.7431,125.0899,116.6008,119.6799,111.0089,114.5399
2025-09-11,123.9971,127.3499,123.1564,123.5421,6159400,DELL,127.5334,125.9538,127.8249,125.0470,117.0108,119.7654,110.9759,114.6340
2025-09-12,123.6707,126.2422,123.6015,124.5213,4365700,DELL,126.8500,125.7363,127.8657,124.9930,117.4411,119.8427,110.9172,114.7239
2025-09-15,125.4114,126.9049,123.6410,125.0059,5734400,DELL,126.2823,125.7054,127.9070,125.0095,117.8671,119.9530,110.8413,114.8303
2025-09-16,126.2818,127.2807,124.5213,126.2422,4461300,DELL,125.7655,125.7603,127.9747,125.0593,118.2516,120.0783,110.7701,114.9442
2025-09-17,128.9126,131.5435,126.4994,126.6972,8237000,DELL,125.5252,126.0605,128.1024,125.2105,118.6109,120.2532,110.7237,115.0832
2025-09-18,130.6633,132.1864,130.0204,130.5248,5528900,DELL,125.7047,126.4989,128.2210,125.4243,118.9828,120.4594,110.7708,115.2382
2025-09-19,130.4951,132.5029,130.4951,131.4941,9052000,DELL,125.9079,126.8795,128.3110,125.6232,119.3572,120.6581,110.8014,115.3900
2025-09-22,134.2041,136.4690,130.3665,131.1677,10255200,DELL,126.1478,127.5770,128.4965,125.9597,119.7755,120.9263,110.8590,115.5772
2025-09-23,132.8688,135.8459,131.7908,134.5898,4750800,DELL,126.3124,128.0810,128.6781,126.2306,120.2004,121.1628,110.9114,115.7493
2025-09-24,130.6435,134.0161,130.2775,133.5216,3921900,DELL,126.3668,128.3251,128.8148,126.4037,120.6011,121.3505,110.9500,115.8975
2025-09-25,129.5259,129.8226,125.7279,127.9632,4758900,DELL,126.2907,128.4394,128.9709,126.5261,120.9646,121.5124,110.9880,116.0331
2025-09-26,129.3280,129.6742,126.2026,126.6081,3841000,DELL,126.1280,128.5241,129.1170,126.6360,121.3284,121.6672,111.0331,116.1654
2025-09-29,132.4337,133.1161,130.6830,130.6830,3833400,DELL,126.7090,128.8964,129.1802,126.8633,121.7273,121.8804,111.0918,116.3273
2025-09-30,140.2175,140.2175,132.5326,132.5326,9934600,DELL,127.7382,129.9746,129.4440,127.3870,122.1859,122.2435,111.2236,116.5650
2025-10-01,148.0408,148.0408,138.8625,139.3669,13612000,DELL,129.0071,131.6952,129.9454,128.1970,122.7185,122.7543,111.3853,116.8782
2025-10-02,145.7561,150.4344,143.0264,148.8420,7490800,DELL,130.0308,133.0343,130.3440,128.8856,123.2314,123.2098,111.5332,117.1655
2025-10-03,139.1988,147.5661,138.8724,146.6364,6526700,DELL,130.8176,133.6214,130.5891,129.2900,123.6047,123.5264,111.6518,117.3847
2025-10-06,144.1638,147.6452,142.6802,143.9264,10454700,DELL,131.9431,134.6255,130.8767,129.8733,123.9839,123.9351,111.7913,117.6512
2025-10-07,149.2178,153.0059,142.8187,151.1267,18683200,DELL,133.4059,136.0152,131.2132,130.6319,124.3826,124.4357,111.9609,117.9653
2025-10-08,162.7282,164.2810,152.3135,153.0158,18937900,DELL,135.3879,138.5593,131.8268,131.8906,124.9177,125.1940,112.2254,118.4107
2025-10-09,154.2422,163.1337,153.4509,162.5205,13275600,DELL,136.9002,140.0529,132.2701,132.7671,125.3354,125.7692,112.4508,118.7672
2025-10-10,148.9211,157.5357,148.7727,155.8445,11749100,DELL,138.1627,140.8975,132.6238,133.4006,125.6989,126.2277,112.6312,119.0673
2025-10-13,151.7201,153.8466,149.4552,153.8466,6800900,DELL,139.4782,141.9282,133.1396,134.1190,126.0909,126.7325,112.8106,119.3922
2025-10-14,147.1408,150.8893,146.4782,148.3376,7096400,DELL,140.5211,142.4247,133.5064,134.6297,126.4598,127.1366,112.9666,119.6683
2025-10-15,152.0168,154.0741,149.7618,150.5036,5804500,DELL,141.6763,143.3382,133.9657,135.3115,126.8772,127.6293,113.1453,119.9902
2025-10-16,149.6530,156.7643,148.0310,153.5894,6947600,DELL,142.6258,143.9396,134.4240,135.8739,127.2694,128.0654,113.3216,120.2853
2025-10-17,147.9518,149.5838,145.6770,148.7728,5301500,DELL,143.4986,144.3217,134.7338,136.3476,127.6261,128.4592,113.5017,120.5606
2025-10-20,146.2507,149.7519,145.5188,148.5453,5829600,DELL,144.1010,144.5054,134.9367,136.7359,127.9680,128.8115,113.6713,120.8162
2025-10-21,148.3202,150.1763,144.0124,146.8512,5191400,DELL,144.8735,144.8687,135.1670,137.1902,128.3319,129.1978,113.8449,121.0899
2025-10-22,149.0150,150.2656,144.1712,149.0845,6136700,DELL,145.7921,145.2636,135.3456,137.6539,128.7260,129.5902,114.0055,121.3678
2025-10-23,153.0845,154.1863,148.4889,148.8860,5817200,DELL,146.9701,146.0085,135.6549,138.2591,129.1922,130.0555,114.1633,121.6833
2025-10-24,157.4618,158.7521,155.6354,156.4295,5081500,DELL,148.3767,147.0993,136.0574,139.0121,129.6646,130.5982,114.3595,122.0394
2025-10-27,160.9854,161.1641,157.9779,159.3080,5480000,DELL,149.8043,148.4218,136.5418,139.8738,130.1643,131.1999,114.5829,122.4269
2025-10-28,163.6554,165.7597,159.4866,161.2137,6446400,DELL,150.9762,149.8726,137.0825,140.8064,130.6995,131.8426,114.8418,122.8371
2025-10-29,162.3850,166.6927,160.7671,165.7597,4511500,DELL,151.6934,151.0642,137.6558,141.6526,131.2028,132.4474,115.1167,123.2306
2025-10-30,159.8142,162.8515,159.0201,159.6951,3105200,DELL,152.3963,151.8976,138.3107,142.3649,131.6759,132.9893,115.3842,123.5946
2025-10-31,160.8067,162.1666,156.8265,161.7298,4079200,DELL,153.4767,152.7461,138.9982,143.0881,132.1684,133.5401,115.6558,123.9649
2025-11-03,158.9209,166.8317,158.6727,165.9086,4614600,DELL,154.2146,153.3341,139.5885,143.7090,132.6619,134.0427,115.9137,124.3127
2025-11-04,153.4915,156.7471,152.1714,154.3153,5330200,DELL,154.4283,153.3491,140.0668,144.0926,133.0798,134.4278,116.1468,124.6031
2025-11-05,151.2781,153.7793,148.0423,150.9704,7326500,DELL,153.8558,153.1519,140.5013,144.3744,133.5134,134.7615,116.3595,124.8685
2025-11-06,148.0720,153.8488,147.7147,151.6056,4255100,DELL,153.5473,152.6681,140.8417,144.5194,133.8737,135.0251,116.5365,125.0994
2025-11-07,145.6105,146.8909,142.0173,146.8909,5780800,DELL,153.3817,151.9959,141.1023,144.5622,134.1879,135.2347,116.7055,125.3035
2025-11-10,141.6303,148.9356,140.0421,148.6279,8203600,DELL,152.8772,151.0087,141.5186,144.4472,134.4561,135.3613,116.8571,125.4659
2025-11-11,137.7294,139.9528,135.2778,139.2580,7116100,DELL,152.4067,149.7440,141.8805,144.1838,134.6575,135.4082,117.0376,125.5879
2025-11-12,139.6650,142.7221,138.7121,139.6054,5503000,DELL,151.7891,148.7841,142.2206,144.0065,134.8917,135.4925,117.2403,125.7280
2025-11-13,132.9452,139.1091,131.3174,138.7617,6912000,DELL,150.9537,147.2757,142.3738,143.5728,135.0333,135.4421,117.4004,125.7998
2025-11-14,132.7666,136.1612,128.3695,128.9551,5573300,DELL,150.1944,145.8938,142.5599,143.1490,135.1744,135.3891,117.5487,125.8691
2025-11-17,121.5703,127.4563,119.1187,123.0791,15291100,DELL,148.9604,143.5773,142.5582,142.3028,135.1492,135.1155,117.6496,125.8264
2025-11-18,121.7788,125.1039,118.5033,119.6051,10147100,DELL,147.6333,141.5013,142.5946,141.4979,135.1456,134.8514,117.7687,125.7861
2025-11-19,118.4934,122.6721,117.9872,121.6795,6729200,DELL,146.1072,139.3100,142.5027,140.5958,135.1229,134.5275,117.8636,125.7135
2025-11-20,116.5281,124.7466,115.8829,122.7317,8855000,DELL,144.2794,137.1403,142.3533,139.6519,135.0891,134.1710,117.9351,125.6221
2025-11-21,121.6001,122.5431,115.6943,117.6795,8401600,DELL,142.4863,135.6603,142.3119,138.9440,135.0888,133.9221,118.0247,125.5821
2025-11-24,126.2751,128.4489,123.3570,123.8731,8985900,DELL,140.7508,134.7665,142.3292,138.4472,135.1181,133.7707,118.1356,125.5890
2025-11-25,124.9848,126.1759,122.1361,122.1758,14794100,DELL,138.8173,133.8349,142.3033,137.9193,135.1390,133.5967,118.2109,125.5830
2025-11-26,132.2703,134.3448,127.1288,132.5879,16424900,DELL,137.3116,133.6859,142.3704,137.6977,135.2364,133.5704,118.3269,125.6495
2025-11-28,132.3596,133.5011,129.0444,133.1735,5612600,DELL,135.9388,133.5596,142.4043,137.4884,135.3127,133.5465,118.4361,125.7163
2025-12-01,131.1090,131.1586,126.8210,130.7318,6720100,DELL,134.4539,133.3262,142.4166,137.2382,135.3638,133.4982,118.5520,125.7700
2025-12-02,134.9403,137.0148,133.8088,134.0073,6981600,DELL,133.2549,133.4799,142.4313,137.1481,135.4639,133.5267,118.6670,125.8612
2025-12-03,132.6375,135.0991,132.2504,134.3944,5630700,DELL,132.2122,133.3997,142.4267,136.9712,135.5524,133.5091,118.7412,125.9286
2025-12-04,137.9577,138.2753,131.6251,133.0048,6857100,DELL,131.5462,133.8338,142.5730,137.0099,135.6939,133.5972,118.8391,126.0483
2025-12-05,137.8783,138.1662,135.0991,137.9180,5001600,DELL,131.0365,134.2190,142.7400,137.0440,135.8555,133.6820,118.9418,126.1660
2025-12-08,139.3672,141.2828,137.5706,137.5905,3915400,DELL,130.7244,134.7093,142.9408,137.1351,136.0289,133.7946,119.0631,126.2974
2025-12-09,137.1935,138.8808,136.1016,138.0074,3464800,DELL,130.5025,134.9459,143.0360,137.1374,136.1081,133.8619,119.1905,126.4058
2025-12-10,139.5856,140.0818,135.2480,137.0247,4576000,DELL,130.5953,135.3877,143.0234,137.2334,136.2337,133.9752,119.3469,126.5370
2025-12-11,137.5706,138.0272,133.6797,137.7989,4933500,DELL,130.4906,135.5956,142.8140,137.2466,136.3797,134.0464,119.4688,126.6467
2025-12-12,129.0146,138.4540,128.4787,137.4714,9299000,DELL,130.2941,134.9689,142.4792,136.9238,136.4116,133.9468,119.5862,126.6703
2025-12-15,129.5407,132.4390,128.6474,130.3248,5336200,DELL,130.1328,134.4519,142.2860,136.6342,136.4375,133.8595,119.7310,126.6989
2025-12-16,132.7567,133.9974,129.0544,129.3223,5365600,DELL,130.6921,134.2905,142.0579,136.4822,136.4673,133.8377,119.9272,126.7591
2025-12-17,126.9402,132.7467,125.6697,132.4787,6125700,DELL,130.9502,133.5904,141.6123,136.1080,136.4127,133.7011,120.1015,126.7609
2025-12-18,122.0269,127.7342,121.1932,127.0593,9344800,DELL,131.1268,132.4891,140.7983,135.5558,136.3125,133.4699,120.2357,126.7138
2025-12-19,125.4811,126.2057,122.7813,123.0394,9715400,DELL,131.5745,131.8217,140.2230,135.1607,136.2466,133.3117,120.4079,126.7016
2025-12-22,125.6697,127.8930,124.4290,127.8136,4852700,DELL,131.7780,131.2358,139.7580,134.7885,136.1909,133.1604,120.5887,126.6913
2025-12-23,126.6722,127.6747,125.3918,125.3918,3494400,DELL,131.7978,130.8012,139.2571,134.4702,136.1984,133.0319,120.7800,126.6911
2025-12-24,127.4265,128.0916,125.2726,125.7491,1756000,DELL,131.9199,130.4798,138.8628,134.1940,136.1846,132.9209,120.9690,126.6984
2025-12-26,128.2802,128.7070,127.0494,127.6945,2733200,DELL,131.7204,130.2703,138.3880,133.9621,136.1769,132.8290,121.1475,126.7142
2025-12-29,126.5134,128.3893,126.1660,127.1982,3112000,DELL,131.4281,129.9125,137.9252,133.6700,136.1746,132.7040,121.3277,126.7122
2025-12-30,126.9699,127.4960,125.9575,125.9972,2754500,DELL,131.2211,129.6322,137.5056,133.4072,136.1197,132.5904,121.4943,126.7147
2025-12-31,124.9451,127.4563,124.8458,127.2181,2925700,DELL,130.7214,129.1858,137.0795,133.0754,136.0081,132.4390,121.6411,126.6971
2026-01-02,126.8508,128.3893,124.8161,127.4464,4959300,DELL,130.4320,128.9635,136.6501,132.8313,135.9086,132.3284,121.8034,126.6987
2026-01-05,123.0890,130.2157,121.1832,128.5978,8471000,DELL,129.6886,128.4040,136.1316,132.4492,135.7386,132.1454,121.9358,126.6627
2026-01-06,123.0096,125.2627,120.9252,124.1709,6595600,DELL,128.9452,127.8902,135.5301,132.0790,135.5925,131.9645,122.0667,126.6264
2026-01-07,119.1782,122.3843,117.8680,122.0865,10343400,DELL,127.9357,127.0605,134.7644,131.5731,135.4109,131.7113,122.1852,126.5523
2026-01-08,117.6199,118.4835,113.9375,116.6869,11522100,DELL,126.9570,126.1614,133.8971,131.0259,135.2194,131.4323,122.2848,126.4634
2026-01-09,119.7242,120.1113,116.4487,119.0889,7001500,DELL,125.9640,125.5483,133.0185,130.5827,135.0505,131.2004,122.3996,126.3963
2026-01-12,119.5753,121.1733,117.8283,118.1162,5203400,DELL,125.0642,124.9795,132.1623,130.1511,134.9091,130.9702,122.5264,126.3285
2026-01-13,118.7713,120.9748,118.0269,120.5976,5641600,DELL,124.5520,124.3882,131.3414,129.7048,134.8261,130.7287,122.6451,126.2533
2026-01-14,117.8085,121.1634,117.0541,118.2651,4788300,DELL,123.9654,123.7616,130.4815,129.2383,134.7398,130.4728,122.7825,126.1692
2026-01-15,118.7713,122.7317,118.5926,120.9053,6834000,DELL,123.2662,123.2863,129.6785,128.8278,134.6335,130.2411,122.9303,126.0956
2026-01-16,119.6348,122.0766,118.3346,119.3172,9023300,DELL,122.9009,122.9386,129.0013,128.4673,134.5341,130.0311,123.0785,126.0313
2026-01-20,110.7274,116.6890,110.4981,116.1506,11625700,DELL,122.3359,121.7756,128.1903,127.7716,134.3458,129.6488,123.1656,125.8791
2026-01-21,112.9106,114.0671,109.8800,111.9835,9162300,DELL,121.7074,120.9313,127.4871,127.1888,134.1644,129.3174,123.3522,125.7500
2026-01-22,116.8086,119.2211,113.6284,113.8777,8372200,DELL,121.2643,120.5387,126.9111,126.7818,134.0067,129.0697,123.5857,125.6611
2026-01-23,115.0739,115.6322,113.4091,115.0640,6342800,DELL,120.6844,120.0182,126.3799,126.3226,133.9493,128.7925,123.7940,125.5557
2026-01-26,115.5724,116.9282,114.6552,114.6552,6309400,DELL,120.0917,119.5948,125.9368,125.9011,133.9087,128.5308,124.0167,125.4564
2026-01-27,114.3063,117.4765,114.1269,116.4198,5058300,DELL,119.3930,119.0911,125.4296,125.4464,133.8251,128.2491,124.1762,125.3454
2026-01-28,116.9581,118.1345,113.8677,115.0440,5300400,DELL,118.9153,118.8880,125.1099,125.1135,133.7419,128.0255,124.3747,125.2620
2026-01-29,118.1245,118.7326,114.9543,115.3132,6246400,DELL,118.4730,118.8153,124.8170,124.8394,133.6885,127.8294,124.5643,125.1910
2026-01-30,114.0870,116.5394,111.9137,116.4597,10734700,DELL,117.9301,118.3650,124.6674,124.4178,133.6128,127.5573,124.7179,125.0805
2026-02-02,118.7924,118.9320,114.0372,114.1867,8019700,DELL,117.5272,118.4057,124.6076,124.1972,133.6011,127.3838,124.8935,125.0179
2026-02-03,116.7886,120.8261,115.8416,119.6099,8764600,DELL,117.2122,118.2517,124.5736,123.9066,133.5381,127.1740,125.0695,124.9360
2026-02-04,121.6636,122.6605,116.4597,117.7955,10914500,DELL,117.1449,118.5766,124.6763,123.8187,133.5148,127.0648,125.2628,124.9035
2026-02-05,115.0341,122.3415,112.7013,119.8791,9298400,DELL,116.9376,118.2392,124.5449,123.4742,133.4284,126.8266,125.4348,124.8053
2026-02-06,120.6766,122.1919,116.1406,116.5394,7918000,DELL,117.0905,118.4714,124.4330,123.3645,133.3811,126.7048,125.6241,124.7642
2026-02-09,120.5370,121.6237,117.4965,119.9289,5016800,DELL,117.1311,118.6681,124.3440,123.2536,133.3236,126.5827,125.7876,124.7221
2026-02-10,125.6213,126.2394,122.0723,122.1720,6194100,DELL,117.4334,119.3303,124.2110,123.3464,133.2907,126.5636,125.9508,124.7311
2026-02-11,123.7770,127.6650,121.9128,127.2961,5431200,DELL,117.6837,119.7538,124.0394,123.3633,133.2219,126.5085,126.1023,124.7216
2026-02-12,112.4720,120.5470,110.8570,117.1376,11756600,DELL,117.4169,119.0603,123.6666,122.9362,133.0416,126.2305,126.1994,124.5997
2026-02-13,117.1276,120.4573,113.8677,115.1138,10480400,DELL,117.3347,118.8762,123.3104,122.7084,132.8709,126.0503,126.3232,124.5253
2026-02-17,115.7319,118.6828,114.6154,115.8914,5303700,DELL,117.1396,118.5768,122.9723,122.4348,132.6995,125.8459,126.4499,124.4378
2026-02-18,116.4198,117.0977,112.5119,114.4957,5783400,DELL,117.4242,118.3713,122.5415,122.1989,132.5573,125.6593,126.5792,124.3581
2026-02-19,118.6927,121.0654,117.2472,118.5931,7042300,DELL,117.7133,118.4020,122.1578,122.0614,132.4489,125.5213,126.7068,124.3017
2026-02-20,121.8928,122.2816,117.2373,117.3968,7763500,DELL,117.9675,118.7344,121.8083,122.0548,132.3746,125.4495,126.8515,124.2777
2026-02-23,118.7725,123.9365,118.5033,120.8860,6962300,DELL,118.1524,118.7380,121.4399,121.9261,132.2380,125.3173,126.9826,124.2229
2026-02-24,119.4105,122.2617,118.6329,120.1283,4937700,DELL,118.3443,118.8021,121.0364,121.8275,132.0299,125.2003,127.1079,124.1751
2026-02-25,123.0991,124.5646,116.8385,117.7556,8220000,DELL,118.7840,119.2113,120.7470,121.8773,131.7805,125.1587,127.2495,124.1643
2026-02-26,121.0754,125.6113,119.9389,124.7141,14418100,DELL,118.9898,119.3889,120.5882,121.8459,131.5337,125.0778,127.3825,124.1336
2026-02-27,147.6232,148.4008,135.6902,136.9463,33475600,DELL,120.4648,122.0778,120.9498,122.8568,131.6179,125.5243,127.6113,124.3673
2026-03-02,153.0764,153.2458,145.5497,146.3073,12554200,DELL,122.4142,125.0301,121.3562,124.0418,131.7070,126.0699,127.8455,124.6530
2026-03-03,144.7322,150.4744,140.5850,149.2681,15258200,DELL,123.7112,126.9065,121.7121,124.8532,131.6622,126.4394,128.0224,124.8528
2026-03-04,146.6463,147.8725,143.6057,145.5496,8505500,DELL,125.2041,128.7865,122.2045,125.7079,131.5014,126.8395,128.2096,125.0696
2026-03-05,146.0681,148.6999,141.6118,145.5497,7027600,DELL,126.4243,130.4323,122.6162,126.5063,131.4196,127.2203,128.3775,125.2786
2026-03-06,146.0282,148.2015,141.6816,143.3863,7100400,DELL,127.9740,131.9176,123.0234,127.2719,131.3907,127.5927,128.5448,125.4850
2026-03-09,146.0581,146.2475,140.9240,144.1540,7400600,DELL,129.2431,133.2643,123.4111,128.0086,131.3341,127.9584,128.7125,125.6898
2026-03-10,143.3564,146.4369,137.0759,145.8387,7518700,DELL,130.3841,134.2255,123.7297,128.6105,131.2962,128.2633,128.8780,125.8655
2026-03-11,146.9154,149.0089,144.7023,145.2107,5405700,DELL,131.4488,135.4341,124.1024,129.3283,131.2452,128.6327,129.0612,126.0750
2026-03-12,149.4476,151.3816,146.6363,146.6961,7340900,DELL,132.7323,136.7687,124.5611,130.1173,131.2432,129.0448,129.2563,126.3076
2026-03-13,151.1523,152.4782,146.3671,150.5342,6441100,DELL,134.6663,138.1386,125.0447,130.9422,131.2752,129.4826,129.4506,126.5548
2026-03-16,156.0571,157.3133,152.2090,152.5779,7923400,DELL,136.6128,139.8451,125.6670,131.9271,131.3732,130.0088,129.6706,126.8483
2026-03-17,152.5380,154.5418,151.3318,154.2727,6675800,DELL,138.4531,141.0539,126.1807,132.7354,131.4154,130.4550,129.8736,127.1039
2026-03-18,148.7498,154.5418,148.4706,152.2390,5460700,DELL,140.0696,141.7869,126.6939,133.3634,131.4128,130.8172,130.0694,127.3193
2026-03-19,156.2765,156.5855,146.1179,146.1378,7715300,DELL,141.9488,143.1668,127.3593,134.2619,131.4447,131.3214,130.3185,127.6075
2026-03-20,157.1837,169.3759,157.1837,162.9957,23135900,DELL,143.7133,144.5018,128.1194,135.1608,131.4419,131.8335,130.5533,127.9017
2026-03-23,164.0823,164.9097,158.1407,158.7488,10721300,DELL,145.9788,146.3666,129.0486,136.2950,131.4729,132.4721,130.8186,128.2617
2026-03-24,176.3643,177.7600,162.8661,163.1153,15886500,DELL,148.8265,149.2235,130.1814,137.8663,131.6000,133.3412,131.1497,128.7404
2026-03-25,183.4424,184.2898,177.0721,177.2117,11330800,DELL,151.8437,152.4824,131.4588,139.6536,131.8105,134.3333,131.5067,129.2847
2026-03-26,175.2777,185.8151,175.0085,182.1464,11061300,DELL,154.5538,154.6534,132.5889,141.0507,131.9652,135.1441,131.8205,129.7423
2026-03-27,171.2800,175.7462,169.8245,174.5898,8011500,DELL,155.7366,156.2369,133.6583,142.2361,132.0699,135.8597,132.1192,130.1556
2026-03-30,164.1521,173.4633,161.9788,172.2371,10135300,DELL,156.2904,156.9907,134.5659,143.0956,132.1222,136.4199,132.3920,130.4939
2026-03-31,163.6237,167.4718,154.8907,163.7832,13713700,DELL,157.2350,157.6225,135.4457,143.9006,132.2235,136.9586,132.6517,130.8236
2026-04-01,168.8575,170.8015,164.2518,166.4649,7311100,DELL,158.3456,158.6925,136.6083,144.8793,132.3993,137.5903,132.9563,131.2020
2026-04-02,173.8321,173.8321,165.9864,166.4749,5217100,DELL,159.7338,160.1343,137.8267,146.0147,132.6569,138.3079,133.2653,131.6262
2026-04-06,172.6458,175.9556,172.2570,175.2876,3925400,DELL,161.0646,161.3259,138.9435,147.0591,132.9273,138.9879,133.5576,132.0343
2026-04-07,177.1419,178.2884,171.6888,171.7087,5753000,DELL,162.6188,162.8322,140.1848,148.2388,133.2824,139.7434,133.8692,132.4832
2026-04-08,184.8979,189.1647,182.1065,185.1870,7212000,DELL,164.6959,164.9337,141.5714,149.6764,133.7541,140.6376,134.2058,133.0047
2026-04-09,180.9003,187.2207,179.1357,186.3933,4500900,DELL,166.3952,166.4543,142.9032,150.9009,134.1664,141.4349,134.5290,133.4813
2026-04-10,177.2516,183.4324,176.4939,182.6648,4279700,DELL,167.7853,167.4826,144.1091,151.9342,134.6095,142.1441,134.8214,133.9168
2026-04-13,189.2046,190.7797,176.9525,178.4479,10506700,DELL,169.6880,169.5514,145.5307,153.3958,135.1739,143.0760,135.1741,134.4669
2026-04-14,183.9409,186.2138,179.5445,184.9777,6256400,DELL,171.0821,170.9218,146.9278,154.5936,135.7976,143.8852,135.4734,134.9592
2026-04-15,176.7332,182.4255,176.4540,182.3757,7793300,DELL,172.2919,171.4753,148.0866,155.4619,136.3471,144.5356,135.7464,135.3749
2026-04-16,192.4944,193.2022,177.9494,179.0161,11474700,DELL,174.4791,173.4771,149.6007,156.9141,137.0871,145.4853,136.1050,135.9432
2026-04-17,195.9437,196.7313,191.1585,192.2352,6311200,DELL,176.4625,175.6168,151.0863,158.4447,137.8813,146.4845,136.4852,136.5402
2026-04-20,203.6100,205.1452,195.9337,195.9437,7155800,DELL,178.7838,178.2828,152.8578,160.2159,138.7014,147.6157,136.8951,137.2076
2026-04-21,212.3600,214.3300,205.3500,205.8500,9078200,DELL,181.1977,181.5282,154.6915,162.2607,139.5622,148.8978,137.3402,137.9554
2026-04-22,214.6500,217.3900,209.5000,215.0100,5482100,DELL,183.1120,184.6827,156.5738,164.3152,140.4589,150.1998,137.7989,138.7185
2026-04-23,212.1400,219.2600,210.6800,214.4900,4421500,DELL,184.5469,187.2977,158.3041,166.1907,141.2576,151.4263,138.2470,139.4491
2026-04-24,216.0900,219.0000,209.5000,213.9900,4621400,DELL,186.5875,190.0398,160.1504,168.1475,142.0949,152.7068,138.7038,140.2117
2026-04-27,215.9700,221.5000,212.7600,217.7800,5821000,DELL,188.8220,192.5093,162.2204,170.0229,142.9435,153.9595,139.1536,140.9655
2026-04-28,205.9300,210.5100,201.5600,209.9700,4437700,DELL,190.9109,193.7875,163.9964,171.4311,143.6534,154.9886,139.5586,141.6119
2026-04-29,205.6600,207.9300,203.2500,206.0600,3635700,DELL,193.0127,194.9182,165.7950,172.7734,144.3836,155.9920,139.9680,142.2492
2026-04-30,208.9500,209.1500,200.8400,208.5000,5635800,DELL,195.0173,196.2546,167.6456,174.1921,145.0935,157.0407,140.3937,142.9129
2026-05-01,210.1700,212.7700,206.4400,208.5300,3010600,DELL,196.8342,197.5799,169.4751,175.6030,145.8165,158.0928,140.8360,143.5821
2026-05-04,211.6400,214.9800,205.7000,210.8500,3842400,DELL,198.7839,198.9189,171.2701,177.0162,146.5392,159.1531,141.2841,144.2593
2026-05-05,216.3200,217.4000,210.9400,215.0200,4360800,DELL,200.7428,200.5762,173.2210,178.5575,147.3305,160.2851,141.7193,144.9763
2026-05-06,238.8000,239.4500,219.6000,220.8000,9187200,DELL,203.4379,204.2165,175.6088,180.9200,148.3226,161.8399,142.2781,145.9099
2026-05-07,230.2700,237.7500,228.0000,235.2600,4848300,DELL,205.9064,206.6978,177.7522,182.8552,149.2496,163.1949,142.8146,146.7493
2026-05-08,260.4600,263.9900,233.5900,233.5900,12168100,DELL,210.0668,211.8180,180.5399,185.8986,150.5640,165.1210,143.4878,147.8808
2026-05-11,247.0400,255.4500,242.0000,253.6000,11517000,DELL,212.9586,215.1725,182.5282,188.2963,151.7390,166.7431,144.0883,148.8674
2026-05-12,238.9400,242.5100,228.5000,242.5100,7150800,DELL,215.7086,217.4361,184.2455,190.2823,152.8009,168.1728,144.6341,149.7637
2026-05-13,243.8700,247.0000,236.8000,244.6000,5008500,DELL,219.0654,219.9536,186.2283,192.3838,153.9702,169.6717,145.1915,150.7000
2026-05-14,247.8900,260.5400,240.8100,248.8500,6241900,DELL,221.8352,222.6142,188.2531,194.5605,155.2288,171.2206,145.7707,151.6671
2026-05-15,241.9900,246.8600,236.7900,240.4100,4833100,DELL,224.1375,224.4595,190.1716,196.4205,156.3939,172.6220,146.3202,152.5658
2026-05-18,238.0300,244.9500,232.2000,244.6000,5132600,DELL,225.8585,225.7519,192.0116,198.0522,157.5175,173.9172,146.8542,153.4162
2026-05-19,235.2600,239.7500,227.2700,234.2500,4082700,DELL,227.0035,226.6575,193.7957,199.5114,158.6034,175.1319,147.4009,154.2306
2026-05-20,242.9300,246.9300,237.1900,239.4700,4332900,DELL,228.4175,228.2072,195.7871,201.2140,159.7584,176.4744,147.9715,155.1132
2026-05-21,252.8000,254.3800,240.2700,242.9600,5058747,DELL,230.4505,230.5494,197.9048,203.2370,161.0036,177.9858,148.5902,156.0852
