Date,Close,High,Low,Open,Volume,Ticker,SMA_20,EMA_20,SMA_50,EMA_50,SMA_100,EMA_100,SMA_200,EMA_200
2021-09-03,175.4909,176.2860,173.6778,176.2860,6847400,DIS,,175.4909,,175.4909,,175.4909,,175.4909
2021-09-07,178.7293,179.9025,174.5699,175.5103,10702900,DIS,,175.7993,,175.6179,,175.5550,,175.5231
2021-09-08,179.5146,181.7543,178.3221,178.7293,8634000,DIS,,176.1532,,175.7707,,175.6335,,175.5629
2021-09-09,180.2515,181.8707,178.9523,179.5146,7190700,DIS,,176.5435,,175.9464,,175.7249,,175.6095
2021-09-10,178.5160,181.4053,178.4093,180.6878,5572200,DIS,,176.7313,,176.0472,,175.7802,,175.6384
2021-09-13,179.3498,180.1448,177.9148,179.4855,6818200,DIS,,176.9807,,176.1767,,175.8509,,175.6754
2021-09-14,176.8483,179.4952,176.6059,179.3304,6185900,DIS,,176.9681,,176.2031,,175.8706,,175.6870
2021-09-15,178.7971,179.0395,175.5879,176.5187,5933400,DIS,,177.1423,,176.3048,,175.9286,,175.7180
2021-09-16,177.7597,179.0201,176.5768,178.3705,5678200,DIS,,177.2011,,176.3618,,175.9648,,175.7383
2021-09-17,177.8858,180.2418,177.1683,177.3428,10035100,DIS,,177.2663,,176.4216,,176.0029,,175.7597
2021-09-20,173.1737,175.3746,171.1764,174.2693,8056600,DIS,,176.8765,,176.2942,,175.9468,,175.7339
2021-09-21,165.9601,176.6835,163.8852,174.8316,23216000,DIS,,175.8369,,175.8890,,175.7491,,175.6367
2021-09-22,168.3646,170.0032,166.4352,167.6762,14214500,DIS,,175.1252,,175.5939,,175.6028,,175.5643
2021-09-23,170.8855,171.7969,169.0627,169.6154,8052900,DIS,,174.7215,,175.4093,,175.5094,,175.5178
2021-09-24,170.6431,171.3218,169.7511,169.9644,5712800,DIS,,174.3330,,175.2224,,175.4131,,175.4693
2021-09-27,172.8343,173.9881,170.6043,171.2539,7755000,DIS,,174.1903,,175.1287,,175.3620,,175.4430
2021-09-28,169.2082,172.5822,168.5682,172.3398,9133100,DIS,,173.7158,,174.8965,,175.2402,,175.3810
2021-09-29,167.4242,169.6348,167.3369,168.9464,6240800,DIS,,173.1166,,174.6035,,175.0854,,175.3018
2021-09-30,164.0210,168.3937,163.9531,167.8314,13978000,DIS,,172.2504,,174.1885,,174.8663,,175.1896
2021-10-01,170.6528,171.9230,166.7358,167.0364,12165000,DIS,173.8155,172.0982,,174.0498,,174.7828,,175.1444
2021-10-04,168.1804,170.6043,167.4145,170.2165,7200600,DIS,173.4500,171.7251,,173.8197,,174.6521,,175.0751
2021-10-05,169.2954,170.8758,168.3259,168.5392,6798200,DIS,172.9783,171.4937,,173.6422,,174.5460,,175.0176
2021-10-06,170.1389,170.3619,166.3286,167.7344,6005200,DIS,172.5095,171.3647,,173.5049,,174.4588,,174.9691
2021-10-07,172.3011,174.1626,171.9326,172.2914,7780000,DIS,172.1120,171.4539,,173.4577,,174.4160,,174.9425
2021-10-08,171.3606,173.1640,171.0309,172.5144,4132200,DIS,171.7542,171.4450,,173.3754,,174.3555,,174.9069
2021-10-11,168.2386,171.1473,168.1998,170.6625,8046300,DIS,171.1987,171.1396,,173.1740,,174.2344,,174.8406
2021-10-12,167.8605,169.1791,167.2981,168.3356,5188400,DIS,170.7493,170.8273,,172.9656,,174.1082,,174.7711
2021-10-13,167.6956,168.4131,165.7371,168.3453,8914700,DIS,170.1942,170.5291,,172.7589,,173.9812,,174.7007
2021-10-14,169.1015,170.6625,168.7040,168.7719,7450200,DIS,169.7613,170.3931,,172.6155,,173.8846,,174.6450
2021-10-15,171.0891,173.4452,168.8010,170.3426,13943900,DIS,169.4215,170.4594,,172.5557,,173.8292,,174.6096
2021-10-18,165.9310,168.0641,164.6318,167.1139,20494800,DIS,169.0593,170.0281,,172.2959,,173.6728,,174.5233
2021-10-19,165.9698,166.3577,165.0003,166.2219,9669500,DIS,169.0598,169.6416,,172.0478,,173.5203,,174.4381
2021-10-20,165.3590,165.8147,164.7094,165.7662,9737600,DIS,168.9095,169.2337,,171.7855,,173.3587,,174.3478
2021-10-21,166.1250,167.2497,164.9227,165.0197,7509000,DIS,168.6715,168.9377,,171.5635,,173.2154,,174.2660
2021-10-22,164.2634,165.6014,163.4683,165.3784,7854300,DIS,168.3525,168.4925,,171.2772,,173.0382,,174.1665
2021-10-25,166.7746,167.3175,163.8853,164.7288,9798700,DIS,168.0495,168.3289,,171.1006,,172.9141,,174.0929
2021-10-26,166.8036,167.8508,165.5141,167.6860,5850200,DIS,167.9293,168.1836,,170.9321,,172.7931,,174.0204
2021-10-27,164.3895,166.8037,164.2731,166.5419,7054700,DIS,167.7776,167.8223,,170.6756,,172.6267,,173.9245
2021-10-28,164.5155,165.1651,163.4684,164.3216,7884500,DIS,167.8023,167.5073,,170.4340,,172.4661,,173.8309
2021-10-29,163.9241,165.2717,163.0320,163.8756,7598800,DIS,167.4659,167.1661,,170.1787,,172.2970,,173.7323
2021-11-01,165.0100,166.0377,163.9434,164.0598,8182900,DIS,167.3073,166.9607,,169.9760,,172.1527,,173.6456
2021-11-02,164.6609,165.6499,163.8368,164.8548,6777200,DIS,167.0756,166.7417,,169.7676,,172.0043,,173.5562
2021-11-03,164.9033,165.0100,163.2454,164.5349,6829300,DIS,166.8138,166.5666,,169.5768,,171.8637,,173.4701
2021-11-04,165.0972,165.2330,163.5362,164.8548,7505500,DIS,166.4536,166.4267,,169.4011,,171.7297,,173.3867
2021-11-05,170.2844,171.6030,167.0848,168.2192,16859200,DIS,166.3998,166.7941,,169.4358,,171.7011,,173.3559
2021-11-08,171.4866,173.7942,170.7401,173.2512,10584600,DIS,166.5622,167.2410,,169.5162,,171.6968,,173.3373
2021-11-09,169.7802,171.7290,167.9380,171.5642,7293300,DIS,166.6582,167.4828,,169.5266,,171.6589,,173.3019
2021-11-10,169.1403,171.4866,168.5779,169.3730,11045800,DIS,166.7304,167.6407,,169.5114,,171.6090,,173.2605
2021-11-11,157.1759,158.9696,153.5110,157.9322,62366500,DIS,166.1342,166.6440,,169.0277,,171.3232,,173.1004
2021-11-12,154.7714,158.6302,154.0927,158.5430,25638400,DIS,165.3183,165.5133,169.5588,168.4686,,170.9955,,172.9181
2021-11-15,153.6079,155.8282,152.8613,155.2174,21285300,DIS,164.7021,164.3794,169.1211,167.8858,,170.6511,,172.7259
2021-11-16,153.9957,155.3628,153.7242,154.2187,15516200,DIS,164.1034,163.3905,168.6264,167.3411,,170.3213,,172.5395
2021-11-17,152.5414,154.0539,151.9790,153.8988,14695500,DIS,163.4625,162.3573,168.0870,166.7607,,169.9693,,172.3406
2021-11-18,150.8446,152.5123,149.0316,152.3087,14487700,DIS,162.6985,161.2608,167.4988,166.1366,,169.5906,,172.1267
2021-11-19,149.3127,150.4859,148.1202,150.3017,16776500,DIS,161.9510,160.1229,166.9148,165.4768,,169.1890,,171.8997
2021-11-22,149.4679,151.0773,147.9263,148.5662,12790400,DIS,161.0857,159.1081,166.3171,164.8490,,168.7985,,171.6765
2021-11-23,146.4331,149.5551,145.6187,149.1576,17382900,DIS,160.0671,157.9010,165.7088,164.1268,,168.3556,,171.4253
2021-11-24,146.7337,146.8015,144.2710,146.1035,14123700,DIS,159.1843,156.8375,165.0675,163.4447,,167.9275,,171.1796
2021-11-26,143.6020,144.3195,141.4108,142.3319,12027700,DIS,158.1387,155.5769,164.3844,162.6666,,167.4458,,170.9052
2021-11-29,143.3111,144.7558,139.8595,144.2807,21231300,DIS,157.1080,154.4088,163.6929,161.9075,,166.9679,,170.6306
2021-11-30,140.4897,142.7972,138.7542,142.2543,26011100,DIS,155.8820,153.0831,163.0392,161.0676,,166.4435,,170.3307
2021-12-01,137.8234,143.8541,137.7168,142.2349,16469000,DIS,154.5401,151.6298,162.4765,160.1561,,165.8768,,170.0073
2021-12-02,142.7197,143.1560,138.4246,138.4924,18177700,DIS,153.4309,150.7812,161.9636,159.4723,,165.4182,,169.7357
2021-12-03,141.7695,143.8056,139.9274,143.3111,14975600,DIS,152.2646,149.9230,161.3813,158.7781,,164.9499,,169.4575
2021-12-06,145.7932,146.1520,142.2058,142.7973,14333900,DIS,151.0400,149.5297,160.8843,158.2689,,164.5706,,169.2220
2021-12-07,146.2198,148.1105,145.1630,147.2185,14661100,DIS,149.7767,149.2144,160.3520,157.7964,,164.2072,,168.9931
2021-12-08,148.6728,148.9831,145.9774,146.3168,12886300,DIS,148.7213,149.1629,159.9413,157.4386,,163.8996,,168.7909
2021-12-09,148.2850,149.5939,147.0827,147.6354,11862300,DIS,147.6785,149.0793,159.5585,157.0796,,163.5904,,168.5869
2021-12-10,148.0620,149.9527,146.8404,148.9055,10247900,DIS,147.2228,148.9824,159.2393,156.7260,,163.2829,,168.3827
2021-12-13,145.8514,147.8584,144.7461,147.4899,10195800,DIS,146.7768,148.6842,158.7433,156.2995,,162.9377,,168.1585
2021-12-14,144.5619,147.0052,143.9995,144.7170,10872000,DIS,146.3245,148.2916,158.2709,155.8392,,162.5739,,167.9237
2021-12-15,145.8223,146.3265,142.8651,144.2322,12231500,DIS,145.9159,148.0564,157.8014,155.4464,,162.2421,,167.7038
2021-12-16,144.2225,147.4318,144.0577,146.7434,11145600,DIS,145.4999,147.6913,157.2831,155.0063,,161.8853,,167.4701
2021-12-17,144.2322,145.2794,142.1089,143.9898,13785000,DIS,145.1693,147.3618,156.7217,154.5837,,161.5358,,167.2389
2021-12-20,142.0119,143.2336,140.6642,142.5064,11201900,DIS,144.8043,146.8523,156.1348,154.0907,,161.1491,,166.9879
2021-12-21,146.4525,146.8209,142.9039,143.0687,10781400,DIS,144.6535,146.8143,155.6990,153.7912,,160.8581,,166.7836
2021-12-22,147.2573,147.5675,145.3084,145.8417,7820400,DIS,144.6947,146.8564,155.2870,153.5350,,160.5888,,166.5893
2021-12-23,148.9540,149.4970,147.3057,147.6839,6572400,DIS,144.8057,147.0562,154.9122,153.3553,,160.3584,,166.4138
2021-12-27,148.1493,149.3321,146.7919,148.2268,7762000,DIS,145.0331,147.1603,154.4931,153.1512,,160.1166,,166.2320
2021-12-28,150.4762,151.7366,147.7711,147.9747,12198700,DIS,145.3913,147.4761,154.0808,153.0463,,159.9257,,166.0753
2021-12-29,150.1562,151.1743,149.4872,149.8557,8737000,DIS,145.8747,147.7314,153.7654,152.9329,,159.7323,,165.9169
2021-12-30,151.1840,152.2893,150.7768,150.9707,7228400,DIS,146.5427,148.0602,153.4696,152.8643,,159.5630,,165.7703
2021-12-31,150.1756,151.8045,150.0302,151.1258,6410200,DIS,146.9155,148.2617,153.1660,152.7589,,159.3771,,165.6151
2022-01-03,151.9887,152.7644,150.6313,151.0870,10222800,DIS,147.4264,148.6166,152.8832,152.7287,,159.2308,,165.4795
2022-01-04,150.9901,155.4404,150.8155,153.7630,16582000,DIS,147.6863,148.8427,152.6178,152.6605,,159.0676,,165.3354
2022-01-05,150.4665,154.5290,150.3792,151.7560,12272100,DIS,147.8986,148.9973,152.2916,152.5745,,158.8973,,165.1874
2022-01-06,152.1244,152.9680,149.0024,151.4845,11095300,DIS,148.0712,149.2951,151.9980,152.5568,,158.7632,,165.0574
2022-01-07,153.0262,154.4514,151.5330,152.1245,9554600,DIS,148.3083,149.6505,151.7708,152.5752,,158.6496,,164.9377
2022-01-10,151.8336,153.4528,149.9429,153.1716,8672900,DIS,148.4968,149.8584,151.5171,152.5461,,158.5146,,164.8073
2022-01-11,153.0843,153.4043,151.2034,151.8530,8042600,DIS,148.8585,150.1656,151.3003,152.5673,,158.4071,,164.6907
2022-01-12,152.9971,154.1509,151.5718,153.6758,6995600,DIS,149.2803,150.4353,151.0601,152.5841,,158.3000,,164.5743
2022-01-13,150.7089,153.7049,150.4471,152.9001,9680600,DIS,149.5246,150.4613,150.7810,152.5106,,158.1496,,164.4364
2022-01-14,147.3154,147.9747,143.9026,147.7130,16832000,DIS,149.6792,150.1617,150.4293,152.3068,,157.9351,,164.2660
2022-01-18,147.6354,148.4692,145.2697,146.5107,10419500,DIS,149.8494,149.9211,150.0800,152.1236,,157.7312,,164.1005
2022-01-19,145.5411,148.2074,145.3957,146.2489,10413200,DIS,150.0258,149.5040,149.5852,151.8655,,157.4898,,163.9158
2022-01-20,143.1269,148.0135,142.6712,146.3168,11760400,DIS,149.8596,148.8966,149.0180,151.5228,,157.2054,,163.7090
2022-01-21,133.1986,137.5519,132.4714,136.9314,34491800,DIS,149.1566,147.4016,148.2864,150.8042,,156.7300,,163.4054
2022-01-24,133.2762,133.4895,125.3257,130.7165,31419500,DIS,148.3727,146.0563,147.5691,150.1168,,156.2655,,163.1056
2022-01-25,132.3551,133.5573,128.3508,131.1722,14694400,DIS,147.5830,144.7514,147.0727,149.4203,,155.7921,,162.7996
2022-01-26,129.5336,133.9936,128.2344,133.5185,14569900,DIS,146.5359,143.3021,146.5679,148.6404,158.0633,155.2721,,162.4686
2022-01-27,131.2982,133.7124,129.9408,130.9589,11913900,DIS,145.5930,142.1589,146.1217,147.9603,157.6214,154.7974,,162.1585
2022-01-28,134.4106,134.4687,129.4949,131.0946,10011700,DIS,144.7543,141.4210,145.7300,147.4290,157.1782,154.3937,,161.8824
2022-01-31,138.6185,138.7930,134.2554,134.6335,10185500,DIS,144.1765,141.1540,145.4515,147.0835,156.7693,154.0813,,161.6509
2022-02-01,140.0922,140.2861,137.9204,138.6669,8573300,DIS,143.5816,141.0529,145.2365,146.8093,156.3677,153.8043,,161.4364
2022-02-02,138.2791,140.1891,137.0768,139.8013,9529900,DIS,142.9461,140.7887,145.0158,146.4748,155.9653,153.4968,,161.2060
2022-02-03,135.7679,137.7167,135.0117,135.7388,9820600,DIS,142.2112,140.3106,144.7418,146.0549,155.5295,153.1458,,160.9528
2022-02-04,137.6974,138.8317,135.2831,135.7776,8061100,DIS,141.4898,140.0617,144.5671,145.7272,155.1380,152.8399,,160.7215
2022-02-07,138.1724,139.7043,137.2998,139.0256,10937500,DIS,140.7471,139.8818,144.3959,145.4309,154.7317,152.5494,,160.4971
2022-02-08,138.1433,138.5409,136.4563,137.4743,9231700,DIS,140.0626,139.7162,144.2867,145.1451,154.3356,152.2642,,160.2747
2022-02-09,142.7488,142.8652,138.8899,139.9758,22877400,DIS,139.5458,140.0050,144.2755,145.0511,153.9842,152.0757,,160.1003
2022-02-10,147.5287,152.7062,146.5107,151.2713,42500300,DIS,139.2724,140.7216,144.4162,145.1483,153.7277,151.9857,,159.9752
2022-02-11,144.9206,149.9817,144.0383,148.8667,17975200,DIS,138.9830,141.1215,144.5582,145.1394,153.5173,151.8458,,159.8254
2022-02-14,146.2586,149.0509,144.6685,144.8236,14694700,DIS,138.9302,141.6107,144.6290,145.1833,153.2963,151.7352,,159.6904
2022-02-15,150.0108,150.1369,147.8681,148.8667,12726000,DIS,139.0489,142.4107,144.7938,145.3726,153.0875,151.7010,,159.5941
2022-02-16,151.5912,151.9596,149.0703,150.2629,10656400,DIS,139.3514,143.2851,144.9097,145.6164,152.8970,151.6988,,159.5144
2022-02-17,148.2947,150.6313,147.9650,149.9817,8110300,DIS,139.6098,143.7622,144.9512,145.7215,152.6516,151.6314,,159.4028
2022-02-18,146.7531,149.0025,145.4830,148.2559,10785500,DIS,140.2875,144.0470,144.9129,145.7619,152.4271,151.5348,,159.2769
2022-02-22,143.5826,146.2004,143.1172,145.6187,12227200,DIS,140.8029,144.0028,144.8188,145.6765,152.1886,151.3774,,159.1208
2022-02-23,141.4302,145.1824,141.0714,144.9497,9300700,DIS,141.2566,143.7578,144.6862,145.5099,151.9627,151.1804,,158.9447
2022-02-24,144.8527,145.0176,135.7388,135.7388,12475500,DIS,142.0226,143.8621,144.6662,145.4842,151.7047,151.0551,,158.8045
2022-02-25,144.9788,145.7059,142.7391,145.0079,10149500,DIS,142.7066,143.9684,144.6745,145.4644,151.4727,150.9348,,158.6670
2022-02-28,143.9413,144.9303,142.0022,143.3305,10834700,DIS,143.1831,143.9658,144.6369,145.4046,151.2192,150.7963,,158.5204
2022-03-01,141.2654,143.6408,139.4038,143.3596,8944000,DIS,143.3155,143.7086,144.5778,145.2423,150.9304,150.6075,,158.3487
2022-03-02,142.8554,143.9510,141.4787,141.8568,7851000,DIS,143.4537,143.6274,144.5502,145.1487,150.6360,150.4540,,158.1946
2022-03-03,141.1393,144.1256,140.0534,142.8263,8048400,DIS,143.5967,143.3904,144.5328,144.9915,150.3338,150.2696,,158.0249
2022-03-04,136.4369,139.8692,135.3025,139.6268,12913000,DIS,143.6301,142.7282,144.3325,144.6560,150.0158,149.9957,,157.8101
2022-03-07,129.4367,136.6017,129.3785,136.0103,14549700,DIS,143.2171,141.4623,143.9761,144.0592,149.6315,149.5886,,157.5278
2022-03-08,127.7399,131.3661,125.3548,128.9713,16552000,DIS,142.6955,140.1554,143.5518,143.4192,149.2320,149.1559,,157.2314
2022-03-09,129.5821,131.3758,129.3009,131.3661,14673100,DIS,142.2674,139.1485,143.1804,142.8766,148.8368,148.7683,,156.9562
2022-03-10,129.5724,130.1154,127.6139,128.3314,8447200,DIS,141.6086,138.2365,142.7624,142.3548,148.4216,148.3882,,156.6838
2022-03-11,127.7399,132.0157,127.5654,130.9686,7058400,DIS,140.6191,137.2368,142.3140,141.7817,148.0397,147.9793,,156.3958
2022-03-14,125.1027,129.0198,124.4725,126.9934,9971500,DIS,139.6282,136.0812,141.7924,141.1276,147.6310,147.5263,,156.0844
2022-03-15,130.1154,130.4644,125.5681,125.7911,9834800,DIS,138.8211,135.5130,141.3912,140.6958,147.2786,147.1816,,155.8260
2022-03-16,133.9355,134.7499,130.8329,131.5212,10638700,DIS,138.0173,135.3627,141.0301,140.4307,146.9567,146.9193,,155.6082
2022-03-17,135.2250,135.2250,132.4035,133.2568,6816000,DIS,137.1990,135.3496,140.7148,140.2265,146.6663,146.6877,,155.4054
2022-03-18,136.0297,136.4466,134.0906,135.3026,11308800,DIS,136.5858,135.4144,140.4261,140.0619,146.3589,146.4766,,155.2126
2022-03-21,134.4008,135.0602,132.7138,134.6723,9090300,DIS,135.9681,135.3179,140.0716,139.8399,146.0348,146.2375,,155.0055
2022-03-22,135.8455,137.8622,134.6723,134.8275,8511600,DIS,135.5813,135.3681,139.7280,139.6833,145.7494,146.0317,,154.8148
2022-03-23,133.4507,135.5061,133.3537,134.8372,8761300,DIS,135.1823,135.1855,139.3604,139.4389,145.4387,145.7826,,154.6023
2022-03-24,134.7305,135.0311,133.2277,134.3621,5858800,DIS,134.6762,135.1422,138.9933,139.2542,145.1468,145.5637,,154.4045
2022-03-25,134.9050,136.1073,133.9161,135.0408,5949400,DIS,134.1725,135.1196,138.6314,139.0837,144.8458,145.3527,,154.2105
2022-03-28,134.4978,135.3801,132.1321,134.6529,8456100,DIS,133.7003,135.0604,138.3072,138.9038,144.5441,145.1377,,154.0144
2022-03-29,138.0464,140.0631,136.6696,136.6696,11280700,DIS,133.5394,135.3448,138.1218,138.8702,144.2756,144.9973,,153.8555
2022-03-30,136.6696,138.9093,135.8164,137.0090,7922400,DIS,133.2301,135.4709,137.9025,138.7839,143.9913,144.8324,,153.6845
2022-03-31,132.9853,136.5921,132.9368,135.8746,12306500,DIS,132.8224,135.2342,137.6514,138.5565,143.6183,144.5978,,153.4785
2022-04-01,132.8301,133.8967,131.4049,133.1598,10341000,DIS,132.6421,135.0052,137.4455,138.3320,143.2317,144.3648,,153.2731
2022-04-04,134.3621,135.0214,132.7235,132.8011,8174600,DIS,132.8883,134.9440,137.4687,138.1763,142.8775,144.1667,,153.0849
2022-04-05,131.4921,134.9632,131.0171,133.5476,8694100,DIS,133.0759,134.6152,137.4331,137.9141,142.5011,143.9157,,152.8700
2022-04-06,128.5350,129.8536,126.8286,129.6791,11679700,DIS,133.0236,134.0362,137.3567,137.5463,142.2147,143.6112,,152.6279
2022-04-07,127.8563,129.1555,126.0626,128.9616,9858700,DIS,132.9378,133.4476,137.3231,137.1663,141.9455,143.2992,,152.3814
2022-04-08,127.8563,129.0683,126.6541,127.9823,6702000,DIS,132.9436,132.9151,137.2543,136.8012,141.6880,142.9934,,152.1374
2022-04-11,126.6734,128.3992,126.0820,126.0820,9915300,DIS,133.0221,132.3207,137.0995,136.4041,141.4148,142.6702,,151.8840
2022-04-12,126.8576,129.1555,126.1886,127.7981,7885600,DIS,132.8592,131.8004,136.8643,136.0297,141.1579,142.3571,,151.6350
2022-04-13,128.3217,128.8452,126.7704,127.0613,7694500,DIS,132.5786,131.4691,136.6289,135.7274,140.9327,142.0792,,151.4030
2022-04-14,126.4989,129.5239,126.3826,128.7677,7283500,DIS,132.1423,130.9957,136.3933,135.3655,140.7046,141.7706,,151.1552
2022-04-18,123.8811,126.2565,122.9600,126.1111,10571000,DIS,131.5348,130.3181,136.1556,134.9151,140.4487,141.4164,,150.8838
2022-04-19,127.8854,129.1361,123.9005,124.1913,12767200,DIS,131.2090,130.0864,135.9593,134.6395,140.2632,141.1485,,150.6550
2022-04-20,120.7785,123.4739,120.3325,122.2134,36465700,DIS,130.4557,129.2000,135.6114,134.0959,140.0037,140.7451,,150.3577
2022-04-21,117.9571,122.6013,117.5886,121.7190,18688600,DIS,129.6810,128.1292,135.2077,133.4630,139.7472,140.2938,,150.0353
2022-04-22,114.6702,118.1801,114.5539,116.3573,19472800,DIS,128.6780,126.8474,134.6461,132.7260,139.4608,139.7864,,149.6834
2022-04-25,116.2991,116.6675,113.1965,114.0788,16491000,DIS,127.7477,125.8428,134.0216,132.0818,139.2189,139.3214,,149.3512
2022-04-26,112.2463,115.5235,112.1203,115.5235,16116000,DIS,126.6351,124.5479,133.3681,131.3040,138.9631,138.7852,,148.9820
2022-04-27,111.7034,113.3419,109.9388,111.9167,15553000,DIS,125.3180,123.3246,132.6770,130.5353,138.6530,138.2489,,148.6111
2022-04-28,111.7809,112.4693,109.2601,111.7131,23192100,DIS,124.0735,122.2252,131.9124,129.7999,138.3531,137.7248,,148.2446
2022-04-29,108.2323,112.4596,107.9706,111.6937,16907000,DIS,122.8359,120.8926,131.0452,128.9541,137.9775,137.1408,,147.8465
2022-05-02,110.0454,110.2006,107.6312,108.3099,14300700,DIS,121.6967,119.8595,130.2802,128.2126,137.6157,136.6043,,147.4704
2022-05-03,110.0939,111.3349,109.2601,110.5787,11149500,DIS,120.4833,118.9294,129.5470,127.5020,137.2299,136.0793,,147.0985
2022-05-04,112.6535,112.8959,108.4263,109.9194,11488300,DIS,119.5413,118.3317,128.9284,126.9197,136.8736,135.6154,,146.7557
2022-05-05,109.1825,111.7615,108.0869,111.2477,12720200,DIS,118.5737,117.4604,128.2835,126.2242,136.4848,135.0920,,146.3819
2022-05-06,106.9331,108.6783,105.0037,108.3681,12525200,DIS,117.5275,116.4578,127.5251,125.4676,136.0956,134.5344,,145.9893
2022-05-09,103.7239,107.3694,103.2391,104.8195,17941600,DIS,116.3209,115.2450,126.7000,124.6149,135.6873,133.9243,,145.5688
2022-05-10,104.4026,107.3307,102.9094,106.4968,15657700,DIS,115.2074,114.2124,125.9092,123.8223,135.2731,133.3397,,145.1592
2022-05-11,102.0078,106.7198,101.6005,104.6159,26933300,DIS,113.9649,113.0501,125.1241,122.9668,134.8509,132.7193,,144.7298
2022-05-12,101.1351,101.8041,96.4424,99.7681,36298800,DIS,112.6056,111.9153,124.2897,122.1107,134.4199,132.0938,,144.2960
2022-05-13,104.0632,104.4123,102.1047,102.1532,16782600,DIS,111.4838,111.1675,123.5481,121.4029,134.0405,131.5388,,143.8957
2022-05-16,101.9787,104.3444,101.6587,104.1893,11993600,DIS,110.3886,110.2924,122.8590,120.6412,133.5957,130.9534,,143.4786
2022-05-17,105.3333,105.4788,103.0646,104.4510,11847600,DIS,109.2610,109.8201,122.3769,120.0409,133.1765,130.4461,,143.0991
2022-05-18,101.1255,104.3832,100.7182,104.1117,11794000,DIS,108.2784,108.9920,121.8446,119.2991,132.6982,129.8655,,142.6814
2022-05-19,100.0007,102.0950,99.8262,100.2819,11285000,DIS,107.3806,108.1357,121.2530,118.5423,132.2167,129.2741,,142.2567
2022-05-20,99.3027,101.6102,97.0048,101.3097,15650400,DIS,106.6122,107.2945,120.6476,117.7878,131.7050,128.6806,,141.8293
2022-05-23,102.6089,102.8028,98.4688,100.6019,14402400,DIS,105.9277,106.8482,120.1450,117.1926,131.2295,128.1644,,141.4391
2022-05-24,98.4979,100.6794,97.0824,100.5534,13970200,DIS,105.2403,106.0530,119.6129,116.4594,130.7026,127.5769,,141.0118
2022-05-25,100.1171,100.6504,98.0810,98.3428,11026600,DIS,104.6610,105.4876,119.0129,115.8186,130.2021,127.0331,,140.6049
2022-05-26,102.3956,102.8997,100.7958,101.0479,11297800,DIS,104.1917,105.1932,118.3821,115.2922,129.7061,126.5453,,140.2247
2022-05-27,105.9926,106.0411,103.2876,103.6366,13671300,DIS,104.0797,105.2693,117.7975,114.9275,129.2562,126.1383,,139.8841
2022-05-31,107.0786,107.8542,104.6256,106.6520,20274600,DIS,103.9314,105.4416,117.2184,114.6197,128.8223,125.7609,,139.5577
2022-06-01,105.8666,109.4152,104.9746,108.6008,11829700,DIS,103.7200,105.4821,116.6478,114.2764,128.3597,125.3669,,139.2224
2022-06-02,107.4955,107.5730,104.6256,106.0993,8829900,DIS,103.4621,105.6738,116.0808,114.0105,127.9044,125.0130,,138.9067
2022-06-03,105.3624,106.5065,104.6353,105.8472,6767600,DIS,103.2711,105.6442,115.5190,113.6714,127.4397,124.6239,,138.5730
2022-06-06,104.5480,106.8362,104.3735,106.4096,7575900,DIS,103.1518,105.5398,114.9153,113.3136,126.9543,124.2264,,138.2344
2022-06-07,104.5092,104.6353,102.7737,103.5397,7279100,DIS,103.1911,105.4416,114.3074,112.9683,126.4694,123.8359,,137.8988
2022-06-08,104.0729,106.0314,103.7045,104.1602,7019500,DIS,103.1746,105.3113,113.6989,112.6195,126.0031,123.4446,,137.5622
2022-06-09,100.1559,103.8014,100.1074,103.2876,8261200,DIS,103.0820,104.8203,112.9411,112.1307,125.5315,122.9834,,137.1900
2022-06-10,96.3746,99.0118,96.3552,98.3428,15369700,DIS,102.8440,104.0159,112.1352,111.5128,125.0189,122.4565,,136.7839
2022-06-13,92.7969,94.6391,91.9437,94.6391,15239700,DIS,102.2807,102.9475,111.3314,110.7789,124.4914,121.8692,,136.3462
2022-06-14,91.3522,93.3398,90.2663,93.3398,12443700,DIS,101.7494,101.8431,110.5019,110.0170,123.9737,121.2649,,135.8985
2022-06-15,92.9617,94.3385,91.2262,91.7304,11751600,DIS,101.1308,100.9973,109.6739,109.3482,123.5713,120.7044,,135.4713
2022-06-16,91.4104,92.4769,90.5669,91.1486,15298500,DIS,100.6450,100.0843,108.8722,108.6448,123.1527,120.1244,,135.0329
2022-06-17,91.4686,93.0490,90.6251,91.1486,15403800,DIS,100.2184,99.2637,108.1309,107.9712,122.7438,119.5569,,134.5994
2022-06-21,90.4505,92.5448,90.4312,92.0115,16649800,DIS,99.7758,98.4244,107.3828,107.2841,122.3530,118.9806,140.2081,134.1601
2022-06-22,90.6542,91.7304,89.2095,89.3646,11403500,DIS,99.1781,97.6843,106.6388,106.6319,121.9465,118.4196,139.7840,133.7272
2022-06-23,91.4298,91.7691,89.2677,91.1001,11348800,DIS,98.8247,97.0887,105.9339,106.0358,121.5167,117.8852,139.3475,133.3064
2022-06-24,94.8039,95.5698,92.4963,92.5448,11681200,DIS,98.5590,96.8711,105.2928,105.5953,121.0786,117.4281,138.9239,132.9232
2022-06-27,93.6695,95.2402,92.8842,95.2305,10793700,DIS,98.1227,96.5662,104.5998,105.1276,120.6143,116.9577,138.4910,132.5327
2022-06-28,93.0005,97.3442,92.8648,96.7042,16812400,DIS,97.4731,96.2266,103.9298,104.6521,120.1616,116.4833,138.0634,132.1393
2022-06-29,92.7387,93.2720,91.6528,93.0296,8653200,DIS,96.7561,95.8944,103.3070,104.1849,119.7313,116.0131,137.6304,131.7473
2022-06-30,91.5268,92.5351,89.7234,91.5462,10983500,DIS,96.0391,95.4784,102.5798,103.6885,119.2696,115.5282,137.2038,131.3471
2022-07-01,93.2138,93.3786,91.1196,91.3716,10543400,DIS,95.3250,95.2628,102.0285,103.2777,118.8200,115.0863,136.7758,130.9676
2022-07-05,94.2221,94.2706,89.5004,91.3910,10660600,DIS,94.7680,95.1637,101.5538,102.9226,118.3808,114.6732,136.3582,130.6020
2022-07-06,93.1556,95.2014,92.4963,94.5615,8640200,DIS,94.1984,94.9724,101.1235,102.5396,117.8848,114.2471,135.9345,130.2294
2022-07-07,94.4645,94.5615,93.0102,93.9507,7813100,DIS,93.6962,94.9240,100.6868,102.2229,117.3542,113.8553,135.5410,129.8735
2022-07-08,92.9423,94.1640,92.4478,93.6307,7717300,DIS,93.1396,94.7353,100.3007,101.8590,116.8344,113.4412,135.1759,129.5061
2022-07-11,90.7899,92.4381,90.5863,92.1085,7643700,DIS,92.6713,94.3596,99.8825,101.4249,116.2797,112.9927,134.7880,129.1208
2022-07-12,90.7511,92.3509,90.4699,90.7317,8665300,DIS,92.3902,94.0159,99.4619,101.0063,115.6871,112.5523,134.3873,128.7390
2022-07-13,90.1112,90.4118,88.2399,89.3162,12006400,DIS,92.2559,93.6440,99.0994,100.5790,115.0723,112.1079,133.9847,128.3547
2022-07-14,89.0447,89.2386,87.4837,88.6956,11146400,DIS,92.1405,93.2060,98.6794,100.1267,114.4798,111.6512,133.5657,127.9635
2022-07-15,92.3024,92.4188,89.8785,90.0821,14946700,DIS,92.1075,93.1199,98.3236,99.8199,113.9353,111.2680,133.1812,127.6087
2022-07-18,92.7872,94.3094,92.4091,93.4271,10430400,DIS,92.1764,93.0882,97.9263,99.5441,113.4274,110.9021,132.8080,127.2622
2022-07-19,96.5782,96.8109,93.7374,93.7374,13683400,DIS,92.4319,93.4206,97.6742,99.4278,112.9788,110.6184,132.4708,126.9569
2022-07-20,100.2044,101.0867,96.9078,97.1987,15112700,DIS,92.9195,94.0667,97.5396,99.4582,112.5324,110.4122,132.1185,126.6907
2022-07-21,101.0091,101.0770,98.5173,99.5838,8611300,DIS,93.4373,94.7279,97.4853,99.5190,112.0927,110.2260,131.7827,126.4352
2022-07-22,99.5935,101.3872,99.0021,100.1365,7803500,DIS,93.8455,95.1913,97.3891,99.5220,111.6492,110.0155,131.4342,126.1681
2022-07-25,99.5644,100.2431,98.7112,99.6517,6726700,DIS,94.0835,95.6078,97.3403,99.5236,111.2322,109.8085,131.0813,125.9034
2022-07-26,96.7430,99.2445,96.5297,99.0312,6346600,DIS,94.2372,95.7159,97.2524,99.4146,110.7710,109.5498,130.7035,125.6132
2022-07-27,100.3498,100.4952,97.7417,97.8968,9684800,DIS,94.6046,96.1572,97.1782,99.4513,110.3631,109.3676,130.3485,125.3618
2022-07-28,101.7072,101.7750,99.5838,100.1074,7970300,DIS,95.0531,96.6858,97.1727,99.5397,110.0158,109.2159,130.0158,125.1265
2022-07-29,102.8707,103.1033,100.2237,101.9399,10320000,DIS,95.6203,97.2748,97.1235,99.6704,109.7502,109.0903,129.6909,124.9050
2022-08-01,102.9870,103.4039,100.6988,101.6781,7769700,DIS,96.1089,97.8188,97.1607,99.8004,109.5027,108.9694,129.3673,124.6869
2022-08-02,101.5230,103.1227,101.4357,102.5216,9093000,DIS,96.4740,98.1716,97.1911,99.8680,109.2221,108.8220,129.0294,124.4564
2022-08-03,105.7018,106.3611,102.5119,102.5119,11243000,DIS,97.1013,98.8888,97.3191,100.0967,108.9834,108.7602,128.7025,124.2698
2022-08-04,104.8292,106.1187,104.3832,105.6048,7322400,DIS,97.6195,99.4545,97.3635,100.2823,108.7543,108.6823,128.3970,124.0764
2022-08-05,103.3845,104.4220,102.1629,103.5591,10100000,DIS,98.1416,99.8288,97.4613,100.4040,108.5371,108.5774,128.0840,123.8705
2022-08-08,105.7890,107.8445,104.6159,104.9164,13025900,DIS,98.8916,100.3964,97.5747,100.6152,108.2938,108.5222,127.7862,123.6906
2022-08-09,104.8389,105.8957,103.7723,105.8957,8776500,DIS,99.5960,100.8195,97.6236,100.7808,108.0028,108.4493,127.4798,123.5030
2022-08-10,109.0080,109.2407,106.5647,109.0565,26398700,DIS,100.5408,101.5994,97.6839,101.1034,107.7407,108.4603,127.2035,123.3588
2022-08-11,114.1079,119.5181,113.7589,118.4903,50375000,DIS,101.7940,102.7907,97.8245,101.6134,107.5215,108.5722,126.9402,123.2667
2022-08-12,117.8698,117.9086,115.3005,115.3780,21964800,DIS,103.0723,104.2268,98.0645,102.2509,107.3561,108.7563,126.6955,123.2130
2022-08-15,120.4779,122.1262,117.3075,117.3171,24628300,DIS,104.4569,105.7745,98.3242,102.9657,107.2025,108.9884,126.4759,123.1858
2022-08-16,121.1566,122.6304,119.6926,120.9336,14607300,DIS,105.6858,107.2395,98.6401,103.6791,107.0795,109.2294,126.2591,123.1656
2022-08-17,119.0721,120.6912,118.8394,119.6926,9140900,DIS,106.6292,108.3664,98.9305,104.2827,106.9229,109.4243,126.0349,123.1249
2022-08-18,118.9363,119.3823,118.0055,119.2660,7343900,DIS,107.5255,109.3730,99.2191,104.8574,106.7633,109.6126,125.8045,123.0832
2022-08-19,116.4833,117.6953,115.8434,117.5595,8702500,DIS,108.3700,110.0502,99.4673,105.3133,106.5831,109.7487,125.5636,123.0175
2022-08-22,112.4112,114.6121,112.1688,114.1176,11575800,DIS,109.0124,110.2751,99.7124,105.5916,106.3268,109.8014,125.3012,122.9120
2022-08-23,111.3640,112.8281,111.1313,112.4499,7180700,DIS,109.7434,110.3788,100.0122,105.8180,106.0737,109.8323,125.0325,122.7971
2022-08-24,112.8669,113.5940,110.6272,111.1798,7840500,DIS,110.3693,110.6157,100.4136,106.0944,105.8725,109.8924,124.7454,122.6983
2022-08-25,113.8849,114.1855,112.5760,113.4583,6920900,DIS,110.9781,110.9271,100.8642,106.3999,105.6831,109.9715,124.4574,122.6106
2022-08-26,110.5981,114.7672,110.4236,113.8946,7807400,DIS,111.3645,110.8957,101.2170,106.5646,105.4454,109.9839,124.1615,122.4911
2022-08-29,110.0745,110.9859,108.9886,109.1146,6882700,DIS,111.7189,110.8175,101.5902,106.7022,105.2312,109.9857,123.8662,122.3675
2022-08-30,109.0080,111.2574,108.0578,110.8017,8060000,DIS,112.0931,110.6452,101.9410,106.7926,105.0360,109.9663,123.6253,122.2346
2022-08-31,108.6686,110.2878,108.4456,109.4346,7353000,DIS,112.2415,110.4570,102.3054,106.8662,104.8441,109.9406,123.3948,122.0996
2022-09-01,109.1049,109.1631,106.6810,108.3875,7718700,DIS,112.4553,110.3282,102.6744,106.9540,104.6566,109.9241,123.1723,121.9703
2022-09-02,107.8154,110.4235,107.4664,109.6091,8465100,DIS,112.6768,110.0889,103.0021,106.9878,104.4680,109.8823,122.9414,121.8295
2022-09-06,106.7392,108.3778,105.2170,108.3681,9537300,DIS,112.7243,109.7699,103.2408,106.9780,104.2668,109.8201,122.7124,121.6793
2022-09-07,109.2601,109.5219,106.5259,106.5259,8193900,DIS,112.9454,109.7213,103.5526,107.0675,104.0762,109.8090,122.5045,121.5557
2022-09-08,108.9110,109.5509,107.0010,107.6894,8443300,DIS,112.9405,109.6441,103.8709,107.1398,103.9003,109.7912,122.3024,121.4299
2022-09-09,111.6743,112.0136,109.7449,109.8224,9563100,DIS,112.8189,109.8375,104.2496,107.3176,103.7783,109.8285,122.1135,121.3328
2022-09-12,112.8475,113.9140,111.7615,112.6051,7923400,DIS,112.5677,110.1242,104.6760,107.5345,103.6279,109.8883,121.9455,121.2484
2022-09-13,108.3584,110.3557,107.7863,109.6091,10504600,DIS,111.9618,109.9560,104.9789,107.5668,103.5037,109.8580,121.7537,121.1202
2022-09-14,109.0759,109.3086,106.5356,108.4456,8610400,DIS,111.3577,109.8722,105.2759,107.6260,103.4149,109.8425,121.5810,121.0003
2022-09-15,107.3985,110.9277,107.3403,108.9692,9739800,DIS,110.7740,109.6366,105.5608,107.6171,103.3422,109.7941,121.4015,120.8650
2022-09-16,104.9552,106.2447,103.7045,105.8860,15978800,DIS,110.0750,109.1907,105.7706,107.5127,103.2287,109.6983,121.2238,120.7067
2022-09-19,105.8472,105.8957,103.7821,104.2571,7979500,DIS,109.5432,108.8723,106.0287,107.4474,103.1647,109.6220,121.0639,120.5588
2022-09-20,104.2959,105.1103,103.6075,104.9843,6957400,DIS,109.1374,108.4365,106.2988,107.3238,103.0906,109.5166,120.8718,120.3970
2022-09-21,101.3097,104.7516,101.3097,104.1214,9776400,DIS,108.6347,107.7577,106.5100,107.0879,102.9859,109.3540,120.6695,120.2071
2022-09-22,99.0506,101.4745,98.9148,101.0382,10953400,DIS,107.9439,106.9285,106.6888,106.7727,102.8941,109.1500,120.4358,119.9966
2022-09-23,96.4715,98.1004,95.0366,97.5574,11976900,DIS,107.0732,105.9326,106.8373,106.3688,102.7584,108.8990,120.1871,119.7625
2022-09-26,95.1335,97.5962,95.0754,95.9383,9760500,DIS,106.3000,104.9041,106.8940,105.9282,102.6088,108.6264,119.9194,119.5174
2022-09-27,92.9326,96.6073,92.5254,96.5006,13360200,DIS,105.4429,103.7639,106.8969,105.4185,102.4116,108.3156,119.6426,119.2529
2022-09-28,96.3746,96.8303,92.5448,92.8744,12895500,DIS,104.8112,103.0602,106.8928,105.0639,102.2835,108.0792,119.3842,119.0252
2022-09-29,94.4839,95.5989,93.3011,95.5311,9435100,DIS,104.1020,102.2434,106.7784,104.6490,102.1590,107.8099,119.1273,118.7810
2022-09-30,91.4589,94.5130,91.4104,93.5629,12094900,DIS,103.2197,101.2163,106.5874,104.1317,102.0363,107.4862,118.8618,118.5092
2022-10-03,94.1737,94.8039,91.6237,92.8163,9468400,DIS,102.5376,100.5456,106.4790,103.7412,101.9341,107.2225,118.6036,118.2670
2022-10-04,98.3525,98.4301,95.2402,95.6765,10229000,DIS,102.1183,100.3367,106.4547,103.5299,101.8975,107.0469,118.3742,118.0689
2022-10-05,97.7320,98.1392,95.6959,96.9951,7562800,DIS,101.5419,100.0886,106.4745,103.3025,101.8635,106.8624,118.1417,117.8665
2022-10-06,96.9951,98.3719,96.8303,97.3732,6728200,DIS,100.9461,99.7940,106.4074,103.0552,101.7928,106.6671,117.9166,117.6589
2022-10-07,94.2028,95.7928,93.5144,95.5117,7051000,DIS,100.0725,99.2615,106.2573,102.7080,101.7150,106.4202,117.6554,117.4255
2022-10-10,92.2636,94.7651,91.5462,94.6197,9532300,DIS,99.0433,98.5951,106.0452,102.2984,101.5843,106.1399,117.3804,117.1751
2022-10-11,90.2663,92.1667,89.8300,91.9243,8900900,DIS,98.1387,97.8018,105.7908,101.8266,101.4757,105.8256,117.0870,116.9073
2022-10-12,90.5669,91.2068,89.3937,90.3245,6156200,DIS,97.2133,97.1128,105.5717,101.3850,101.3814,105.5234,116.7991,116.6452
2022-10-13,93.6986,94.0185,87.9491,88.7829,11025400,DIS,96.5283,96.7876,105.3316,101.0836,101.3254,105.2893,116.5152,116.4169
2022-10-14,91.5752,95.1045,91.4589,94.5033,8202100,DIS,95.8593,96.2912,105.0665,100.7107,101.2150,105.0177,116.2223,116.1697
2022-10-17,94.3676,94.9881,93.3301,93.4465,7083800,DIS,95.2853,96.1080,104.8862,100.4620,101.1737,104.8068,115.9382,115.9528
2022-10-18,95.4826,97.3151,94.6682,96.8303,8533500,DIS,94.8446,96.0485,104.6801,100.2667,101.1274,104.6222,115.6647,115.7491
2022-10-19,95.9771,98.7694,95.5020,97.3829,11731000,DIS,94.5780,96.0417,104.5028,100.0985,101.0632,104.4510,115.3847,115.5524
2022-10-20,95.5892,97.6835,95.1238,95.2402,8212400,DIS,94.4049,95.9986,104.2344,99.9216,100.9592,104.2755,115.1077,115.3537
2022-10-21,98.9342,99.1863,94.9105,95.3565,10193400,DIS,94.5280,96.2782,103.9310,99.8829,100.8777,104.1697,114.8500,115.1904
2022-10-24,98.6240,100.0492,97.0727,99.0118,8221500,DIS,94.7026,96.5016,103.5461,99.8336,100.8053,104.0599,114.5825,115.0255
2022-10-25,101.1836,101.5424,98.9245,99.0506,7687500,DIS,95.1151,96.9475,103.1602,99.8865,100.7422,104.0030,114.3233,114.8878
2022-10-26,101.4454,104.1602,100.3789,100.3789,9203700,DIS,95.3687,97.3758,102.7659,99.9476,100.7030,103.9523,114.0713,114.7540
2022-10-27,101.2612,103.6172,101.1351,102.5895,8673500,DIS,95.7075,97.7459,102.4097,99.9991,100.6701,103.8990,113.8122,114.6198
2022-10-28,102.7252,102.8610,100.3789,100.9121,7250900,DIS,96.2708,98.2201,102.0855,100.1060,100.6523,103.8758,113.5609,114.5014
2022-10-31,103.2973,103.6463,101.6296,102.4440,8814800,DIS,96.7270,98.7036,101.8218,100.2312,100.6445,103.8643,113.3238,114.3899
2022-11-01,102.7737,105.5273,102.4247,104.4220,7955800,DIS,96.9481,99.0913,101.6290,100.3309,100.6707,103.8427,113.1011,114.2744
2022-11-02,98.7209,102.8513,98.6918,102.2404,9583200,DIS,96.9975,99.0560,101.3762,100.2678,100.6942,103.7413,112.8565,114.1196
2022-11-03,96.2291,97.6350,95.5601,97.1502,8978400,DIS,96.9592,98.7868,101.0434,100.1094,100.7285,103.5926,112.6100,113.9416
2022-11-04,96.5491,98.0810,95.1238,98.0713,11035800,DIS,97.0765,98.5737,100.6967,99.9698,100.7805,103.4531,112.3771,113.7685
2022-11-07,97.3732,98.4688,95.9771,97.8095,11355200,DIS,97.3320,98.4593,100.4322,99.8679,100.8246,103.3327,112.1979,113.6054
2022-11-08,96.8594,98.8664,95.0657,97.6738,27130300,DIS,97.6617,98.3070,100.1679,99.7500,100.8791,103.2045,112.0159,113.4388
2022-11-09,84.1096,88.3272,83.6539,87.7939,62029800,DIS,97.3388,96.9548,99.6699,99.1366,100.8055,102.8264,111.7746,113.1469
2022-11-10,87.7067,87.7455,84.9434,87.0183,36968100,DIS,97.0392,96.0741,99.2507,98.6884,100.7780,102.5270,111.5655,112.8938
2022-11-11,92.1182,92.6708,88.3272,88.7926,22373300,DIS,97.0664,95.6973,98.9110,98.4307,100.7927,102.3209,111.3696,112.6871
2022-11-14,91.4104,93.6792,91.3426,92.9326,20598000,DIS,96.9185,95.2890,98.5829,98.1554,100.7925,102.1048,111.1546,112.4754
2022-11-15,92.6030,94.2222,90.8481,93.0781,15801900,DIS,96.7745,95.0332,98.3001,97.9377,100.7705,101.9167,110.9245,112.2776
2022-11-16,91.0905,92.3218,90.8675,92.3218,11137700,DIS,96.5302,94.6577,97.9367,97.6692,100.7447,101.7023,110.6795,112.0668
2022-11-17,88.6665,89.4616,88.0848,89.3162,12306400,DIS,96.1841,94.0871,97.5319,97.3161,100.7014,101.4442,110.4315,111.8340
2022-11-18,89.0059,90.3245,88.1430,90.0336,10011700,DIS,95.6876,93.6032,97.0785,96.9902,100.6640,101.1979,110.1976,111.6068
2022-11-21,94.6100,97.8192,93.3883,97.0727,70273500,DIS,95.4869,93.6991,96.7137,96.8969,100.6949,101.0674,109.9822,111.4377
2022-11-22,93.2817,94.6972,91.7982,94.0476,25753700,DIS,95.0918,93.6593,96.4122,96.7551,100.6955,100.9132,109.7578,111.2570
2022-11-23,95.8704,96.3164,92.8648,93.0781,15503200,DIS,94.8131,93.8699,96.1481,96.7204,100.7120,100.8134,109.5464,111.1039
2022-11-25,95.8607,96.7721,95.0948,95.8025,6664300,DIS,94.5431,94.0595,95.9173,96.6867,100.7391,100.7153,109.3119,110.9523
2022-11-28,92.7775,96.1128,92.5254,95.2208,13660000,DIS,94.0457,93.9374,95.6738,96.5334,100.7222,100.5581,109.0382,110.7714
2022-11-29,91.8079,93.4950,91.0614,93.0781,13205300,DIS,93.4712,93.7346,95.3930,96.3481,100.7109,100.3848,108.7726,110.5827
2022-11-30,94.8912,94.9590,91.0129,92.0600,15368100,DIS,93.0771,93.8448,95.2049,96.2910,100.7519,100.2761,108.5158,110.4266
2022-12-01,95.5892,95.8316,93.6404,94.8912,13855700,DIS,92.9205,94.0109,95.0905,96.2634,100.8002,100.1832,108.2437,110.2790
2022-12-02,96.4037,96.6558,94.0573,94.4936,12608100,DIS,92.9292,94.2388,95.0376,96.2689,100.8632,100.1084,107.9677,110.1409
2022-12-05,93.0102,96.1419,92.7581,95.2499,10764500,DIS,92.7523,94.1218,94.9683,96.1411,100.9028,99.9678,107.6913,109.9704
2022-12-06,89.4810,93.0781,89.1804,92.8163,11492400,DIS,92.3577,93.6798,94.8553,95.8800,100.8746,99.7602,107.4050,109.7666
2022-12-07,89.3452,89.9658,88.4823,89.8397,10353400,DIS,91.9820,93.2670,94.7835,95.6237,100.8402,99.5539,107.1338,109.5634
2022-12-08,89.7331,90.5863,88.8799,89.6846,9351200,DIS,92.2631,92.9304,94.6507,95.3927,100.7717,99.3595,106.8753,109.3661
2022-12-09,90.5378,92.0212,89.1029,89.5586,10111900,DIS,92.4047,92.7025,94.5718,95.2023,100.6751,99.1848,106.6037,109.1787
2022-12-12,91.7789,91.7789,89.7913,90.8772,14140700,DIS,92.3877,92.6146,94.5782,95.0680,100.5828,99.0381,106.3377,109.0056
2022-12-13,91.8176,94.4258,90.7220,93.5532,22882100,DIS,92.4081,92.5387,94.5311,94.9406,100.5050,98.8952,106.0771,108.8346
2022-12-14,91.2844,92.5642,89.8009,91.6625,11505400,DIS,92.3422,92.4192,94.3897,94.7972,100.4222,98.7444,105.8272,108.6599
2022-12-15,87.7358,90.2857,87.3770,89.6555,15957700,DIS,92.1744,91.9732,94.1898,94.5203,100.3321,98.5265,105.5516,108.4517
2022-12-16,87.3382,88.3078,86.1069,87.4449,26383900,DIS,92.1080,91.5318,93.9966,94.2386,100.2020,98.3049,105.2826,108.2416
2022-12-19,83.1691,86.7371,82.8104,86.7177,19225300,DIS,91.8162,90.7353,93.7760,93.8045,100.0166,98.0052,105.0162,107.9922
2022-12-20,84.3714,85.1664,83.1497,83.4600,14918400,DIS,91.3043,90.1292,93.6181,93.4346,99.8317,97.7352,104.7909,107.7571
2022-12-21,84.2744,85.4185,83.8478,84.5362,11004800,DIS,90.8539,89.5716,93.4983,93.0754,99.6445,97.4687,104.5736,107.5235
2022-12-22,84.0320,84.0902,82.1123,83.4115,15487400,DIS,90.2620,89.0440,93.3676,92.7207,99.4696,97.2026,104.3458,107.2897
2022-12-23,85.3313,85.3894,83.1594,83.4406,11171600,DIS,89.7355,88.6904,93.2002,92.4310,99.2659,96.9675,104.1246,107.0712
2022-12-27,83.7412,85.2634,83.3437,84.7592,11561400,DIS,89.2837,88.2191,93.0435,92.0902,99.0550,96.7056,103.9046,106.8391
2022-12-28,81.6081,84.0514,81.5112,83.4600,12399500,DIS,88.7737,87.5895,92.7884,91.6791,98.8373,96.4066,103.6872,106.5880
2022-12-29,84.5265,85.5542,82.3838,82.6552,13045100,DIS,88.2555,87.2978,92.5692,91.3986,98.6246,96.1714,103.4592,106.3685
2022-12-30,84.2357,84.4684,82.6359,83.1207,23231000,DIS,87.6878,87.0061,92.3344,91.1177,98.4186,95.9350,103.2107,106.1483
2023-01-03,86.2620,87.2316,85.1567,86.2717,14997100,DIS,87.1807,86.9353,92.1479,90.9273,98.1912,95.7435,102.9659,105.9504
2023-01-04,89.1804,89.9270,86.6402,87.2607,14957200,DIS,86.9892,87.1491,91.9528,90.8588,97.9419,95.6135,102.7317,105.7836
2023-01-05,89.1222,89.6652,87.7552,88.8702,11622600,DIS,86.9713,87.3370,91.7628,90.7907,97.6544,95.4850,102.5053,105.6178
2023-01-06,91.0614,91.8079,88.5405,89.8397,9828100,DIS,87.0571,87.6917,91.5603,90.8013,97.3602,95.3974,102.2814,105.4729
2023-01-09,91.8855,92.7872,90.6057,91.5559,11675800,DIS,87.1647,88.0911,91.3691,90.8438,97.0675,95.3279,102.0735,105.3377
2023-01-10,92.6515,92.7290,90.9644,91.4104,6914600,DIS,87.2704,88.5254,91.1969,90.9147,96.8033,95.2749,101.8631,105.2115
2023-01-11,93.3980,93.6113,92.1570,93.0005,8757300,DIS,87.3513,88.9895,91.0104,91.0121,96.5479,95.2377,101.6556,105.0940
2023-01-12,96.7721,97.5671,94.6003,95.5020,19764300,DIS,87.5991,89.7307,90.8799,91.2380,96.3508,95.2681,101.4670,105.0112
2023-01-13,96.3746,96.5685,95.0269,96.3552,12230200,DIS,87.8536,90.3634,90.7519,91.4394,96.1905,95.2900,101.2586,104.9252
2023-01-17,96.8691,97.9162,95.9868,97.2666,14914200,DIS,88.3102,90.9830,90.7149,91.6524,96.0455,95.3213,101.0596,104.8451
2023-01-18,96.0255,98.0519,95.7153,97.2278,11384500,DIS,88.7446,91.4633,90.7108,91.8238,95.8771,95.3352,100.8748,104.7573
2023-01-19,96.0643,96.4230,94.1640,95.1335,10973600,DIS,89.3894,91.9015,90.7011,91.9901,95.6989,95.3496,100.6910,104.6708
2023-01-20,100.3304,100.4370,96.2776,97.2860,14549900,DIS,90.1873,92.7042,90.7602,92.3172,95.5962,95.4483,100.5208,104.6276
2023-01-23,102.4731,102.7252,99.7874,100.1462,11479100,DIS,91.0972,93.6346,90.8725,92.7155,95.5202,95.5874,100.3757,104.6062
2023-01-24,102.7737,105.1394,98.8954,101.5133,8606700,DIS,92.0343,94.5050,91.2458,93.1099,95.4579,95.7297,100.2469,104.5879
2023-01-25,104.8292,104.8680,101.0091,101.7653,10008000,DIS,93.0092,95.4882,91.5882,93.5695,95.4195,95.9099,100.1318,104.5903
2023-01-26,106.3611,106.4193,104.2959,104.8776,9204400,DIS,94.1402,96.5237,91.8731,94.0711,95.3920,96.1168,100.0243,104.6080
2023-01-27,106.2059,107.2143,105.8375,105.9345,10249700,DIS,95.3701,97.4459,92.1690,94.5470,95.3759,96.3166,99.9220,104.6239
2023-01-30,104.3153,105.6533,104.2087,104.9649,8548500,DIS,96.3596,98.1001,92.4033,94.9301,95.3517,96.4750,99.8093,104.6208
2023-01-31,105.1879,105.4109,104.1796,104.3056,8251700,DIS,97.4072,98.7751,92.6852,95.3323,95.3110,96.6475,99.6936,104.6264
2023-02-01,106.0605,106.5938,103.6463,105.1976,9975500,DIS,98.3971,99.4690,93.0331,95.7531,95.2825,96.8339,99.5914,104.6407
2023-02-02,109.7642,110.0745,106.3514,107.3016,13093200,DIS,99.4263,100.4495,93.4482,96.3025,95.2634,97.0900,99.5208,104.6917
2023-02-03,107.3403,109.6964,107.0107,108.0772,12472500,DIS,100.3372,101.1057,93.7029,96.7354,95.2083,97.2930,99.4181,104.7180
2023-02-06,106.5259,107.0689,105.2267,106.8168,11956500,DIS,101.1104,101.6220,93.9677,97.1193,95.1900,97.4758,99.3468,104.7360
2023-02-07,108.2323,108.7074,105.5466,105.9733,10844000,DIS,101.9278,102.2515,94.2150,97.5551,95.1815,97.6888,99.2982,104.7708
2023-02-08,108.3778,109.8806,106.9331,108.7850,27719900,DIS,102.7141,102.8350,94.4653,97.9795,95.1913,97.9004,99.2667,104.8067
2023-02-09,107.0010,114.5830,106.4677,114.4472,46137200,DIS,103.3942,103.2317,94.7498,98.3333,95.2118,98.0807,99.2202,104.8285
2023-02-10,104.7710,106.3999,103.9469,105.6436,15566000,DIS,103.7942,103.3783,95.0090,98.5858,95.2010,98.2131,99.1829,104.8280
2023-02-13,104.3832,104.9940,103.3070,104.8098,12341500,DIS,104.1946,103.4740,95.1989,98.8131,95.2019,98.3353,99.1463,104.8235
2023-02-14,104.3832,105.1394,102.5992,103.5687,10768100,DIS,104.5703,103.5606,95.3748,99.0316,95.2326,98.4551,99.1093,104.8192
2023-02-15,105.9151,105.9442,103.4524,103.8305,8156000,DIS,105.0648,103.7848,95.5650,99.3015,95.3013,98.6028,99.0977,104.8301
2023-02-16,102.6089,104.7322,102.4828,104.2765,9479900,DIS,105.3920,103.6728,95.7570,99.4312,95.3626,98.6821,99.0605,104.8080
2023-02-17,102.0174,102.5798,100.7182,101.8332,9492200,DIS,105.4764,103.5152,96.0077,99.5326,95.4315,98.7482,99.0201,104.7802
2023-02-21,98.9827,100.5728,98.7306,100.3983,10648200,DIS,105.3018,103.0835,96.2004,99.5111,95.4920,98.7528,98.9518,104.7225
2023-02-22,98.5852,99.4384,98.0131,98.2458,9885100,DIS,105.0924,102.6551,96.3775,99.4747,95.5141,98.7495,98.8988,104.6614
2023-02-23,98.6337,98.9439,96.5782,98.3622,10974800,DIS,104.7826,102.2721,96.5394,99.4418,95.5556,98.7472,98.8573,104.6015
2023-02-24,97.2472,97.3732,95.9480,96.5006,8523000,DIS,104.3269,101.7936,96.6488,99.3557,95.6135,98.7175,98.8249,104.5283
2023-02-27,97.3926,98.3816,97.0145,97.6641,6641200,DIS,103.8863,101.3744,96.7603,99.2787,95.6457,98.6913,98.7899,104.4573
2023-02-28,96.5782,97.6835,96.5394,97.3926,8233700,DIS,103.4994,100.9176,96.8661,99.1728,95.6279,98.6494,98.7627,104.3789
2023-03-01,95.5408,96.5976,95.1141,96.1710,7898300,DIS,103.0171,100.4055,97.0222,99.0304,95.6060,98.5879,98.7347,104.2909
2023-03-02,95.9092,96.2679,94.4548,94.7651,7776600,DIS,102.5095,99.9773,97.1937,98.9080,95.5951,98.5348,98.6940,104.2075
2023-03-03,98.0616,98.1004,95.8704,96.6364,7434300,DIS,101.9244,99.7949,97.4915,98.8748,95.6337,98.5254,98.6744,104.1464
2023-03-06,97.5962,99.5741,97.4314,98.5173,6773300,DIS,101.4372,99.5855,97.7560,98.8247,95.6871,98.5070,98.6357,104.0812
2023-03-07,96.0449,97.8677,95.8801,97.3441,6951300,DIS,100.9131,99.2483,97.9914,98.7156,95.7448,98.4583,98.6103,104.0013
2023-03-08,96.2776,96.5879,95.3081,95.9868,5668700,DIS,100.3154,98.9654,98.2363,98.6200,95.8020,98.4151,98.5917,103.9244
2023-03-09,93.2138,97.0048,93.0005,96.4231,8275600,DIS,99.5572,98.4176,98.3940,98.4080,95.7971,98.3121,98.5612,103.8178
2023-03-10,90.7220,92.9811,90.0045,92.6902,13978800,DIS,98.7432,97.6847,98.5336,98.1066,95.7886,98.1618,98.5018,103.6875
2023-03-13,89.7815,91.1583,87.7067,89.0932,11915300,DIS,97.9938,96.9320,98.6971,97.7801,95.7427,97.9959,98.4582,103.5492
2023-03-14,90.5184,91.4298,89.5295,91.1389,10323600,DIS,97.3005,96.3212,98.8169,97.4954,95.6931,97.8478,98.4102,103.4195
2023-03-15,90.2663,90.5184,88.6278,88.8411,9543800,DIS,96.5947,95.7445,98.9375,97.2119,95.6360,97.6977,98.3496,103.2886
2023-03-16,91.4201,91.6819,89.0932,89.8494,9931700,DIS,95.8699,95.3327,99.0407,96.9847,95.5943,97.5734,98.2767,103.1705
2023-03-17,90.3633,91.4007,90.0821,91.1874,12943200,DIS,95.2576,94.8594,99.0643,96.7251,95.5086,97.4306,98.1931,103.0431
2023-03-20,91.3522,92.0309,90.1694,90.5863,6657200,DIS,94.7244,94.5254,99.1089,96.5144,95.4358,97.3102,98.1206,102.9268
2023-03-21,93.6016,93.9022,92.2733,92.2733,7285800,DIS,94.4553,94.4374,99.1597,96.4002,95.3600,97.2368,98.0511,102.8340
2023-03-22,92.0115,94.9493,91.9340,94.4839,8811100,DIS,94.1266,94.2064,99.1623,96.2281,95.2657,97.1333,97.9843,102.7263
2023-03-23,92.9132,94.0670,91.8758,92.3800,9527000,DIS,93.8406,94.0832,99.1675,96.0981,95.1822,97.0498,97.9262,102.6286
2023-03-24,91.2165,92.1085,90.1888,91.9243,9534600,DIS,93.5391,93.8102,99.1239,95.9066,95.0671,96.9342,97.8597,102.5151
2023-03-27,92.7096,93.0975,91.5074,91.8952,7487900,DIS,93.3049,93.7054,99.0426,95.7813,94.9612,96.8506,97.8029,102.4175
2023-03-28,91.9340,93.0781,91.7110,92.6030,5426100,DIS,93.0727,93.5367,98.9538,95.6304,94.8529,96.7532,97.7618,102.3132
2023-03-29,93.9216,93.9604,92.4479,93.1556,5889100,DIS,92.9918,93.5733,98.8949,95.5634,94.8049,96.6972,97.7495,102.2297
2023-03-30,95.1141,95.9092,94.6972,95.7250,7669500,DIS,92.9520,93.7201,98.8766,95.5458,94.7937,96.6658,97.7611,102.1589
2023-03-31,97.0824,97.1502,95.5020,95.8801,8920000,DIS,92.9031,94.0403,98.8970,95.6060,94.7990,96.6741,97.7898,102.1084
2023-04-03,96.7236,97.3732,96.2485,97.1599,7313200,DIS,92.8594,94.2959,98.8249,95.6498,94.7925,96.6750,97.8086,102.0548
2023-04-04,96.5394,97.3635,95.7541,97.2472,6794200,DIS,92.8842,94.5095,98.7062,95.6847,94.7893,96.6724,97.8342,101.9999
2023-04-05,96.8691,97.1308,95.6280,96.6654,7747200,DIS,92.9137,94.7342,98.5881,95.7312,94.9169,96.6763,97.8612,101.9489
2023-04-06,96.9272,97.2666,95.5505,96.4134,7042500,DIS,93.0994,94.9431,98.4301,95.7781,95.0091,96.6812,97.8936,101.8989
2023-04-10,97.7417,97.7417,95.8898,96.2776,8016600,DIS,93.4504,95.2096,98.2577,95.8551,95.0654,96.7022,97.9290,101.8576
2023-04-11,97.3635,98.8082,97.2375,98.0810,7504600,DIS,93.8295,95.4148,98.0808,95.9142,95.1249,96.7153,97.9587,101.8128
2023-04-12,94.9590,99.1087,94.7263,98.1683,9289200,DIS,94.0515,95.3714,97.8937,95.8768,95.1485,96.6805,97.9595,101.7446
2023-04-13,97.7708,97.9938,95.5117,95.5117,8745000,DIS,94.4267,95.5999,97.7453,95.9510,95.2153,96.7021,97.9800,101.7051
2023-04-14,96.8594,97.7901,95.9189,97.4411,7337300,DIS,94.6987,95.7198,97.5613,95.9867,95.2972,96.7052,97.9993,101.6569
2023-04-17,97.2472,97.5090,96.1322,96.5394,6705300,DIS,95.0429,95.8653,97.3110,96.0361,95.3796,96.7160,98.0218,101.6130
2023-04-18,97.8580,98.0713,96.5685,97.5478,8180100,DIS,95.3682,96.0551,97.1213,96.1075,95.4121,96.7386,98.0535,101.5756
2023-04-19,95.7444,96.7915,95.3662,96.7430,11523300,DIS,95.4753,96.0255,96.9057,96.0933,95.4367,96.7189,98.0661,101.5176
2023-04-20,95.0851,95.5795,94.4258,94.7748,7762700,DIS,95.6290,95.9359,96.6428,96.0538,95.4289,96.6865,98.0704,101.4536
2023-04-21,96.5394,96.6848,94.7457,95.1723,9468000,DIS,95.8103,95.9934,96.4060,96.0728,95.4357,96.6836,98.0874,101.4047
2023-04-24,96.6461,97.6738,95.6668,97.1018,8540600,DIS,96.0818,96.0556,96.1989,96.0953,95.4743,96.6829,98.0983,101.3574
2023-04-25,95.0269,96.6751,95.0269,96.3552,6511400,DIS,96.1976,95.9576,96.0040,96.0534,95.5065,96.6501,98.1087,101.2944
2023-04-26,93.6695,95.4826,93.5241,94.8621,8634500,DIS,96.2844,95.7397,95.7897,95.9599,95.4943,96.5911,98.1231,101.2185
2023-04-27,96.8885,97.0242,93.7665,94.1737,8166500,DIS,96.4328,95.8491,95.6398,95.9963,95.5073,96.5970,98.1538,101.1754
2023-04-28,99.3802,99.4384,96.0643,96.3455,11329700,DIS,96.6461,96.1854,95.5091,96.1290,95.5371,96.6521,98.2001,101.1576
2023-05-01,99.0991,99.4869,98.5173,99.2930,6909500,DIS,96.7469,96.4629,95.4390,96.2455,95.5980,96.7005,98.2504,101.1371
2023-05-02,97.5380,98.6046,96.5879,98.2458,6955900,DIS,96.7876,96.5653,95.3494,96.2962,95.6785,96.7171,98.2766,101.1013
2023-05-03,97.7901,99.4578,97.5768,97.9840,7772100,DIS,96.8502,96.6819,95.3255,96.3548,95.7630,96.7384,98.3016,101.0683
2023-05-04,94.4839,96.5103,93.6695,96.5103,13260700,DIS,96.7309,96.4726,95.2435,96.2814,95.8105,96.6937,98.2911,101.0028
2023-05-05,97.4605,97.7805,95.1239,95.5892,9300100,DIS,96.7576,96.5667,95.2200,96.3276,95.8797,96.7089,98.2774,100.9676
2023-05-08,99.8359,100.7473,98.5949,98.6046,10810100,DIS,96.8623,96.8780,95.2718,96.4652,95.9603,96.7708,98.2715,100.9563
2023-05-09,99.0700,99.8456,98.9827,99.7778,6829900,DIS,96.9476,97.0868,95.3053,96.5674,96.0328,96.8164,98.2689,100.9375
2023-05-10,98.0616,100.1074,96.9951,99.8650,19525200,DIS,97.1027,97.1796,95.3350,96.6260,96.1006,96.8410,98.2614,100.9089
2023-05-11,89.5004,92.2152,89.0835,91.9146,57127200,DIS,96.6892,96.4483,95.2142,96.3465,96.1182,96.6957,98.2252,100.7954
2023-05-12,89.1901,90.0530,88.4629,89.5295,21837500,DIS,96.3057,95.7570,95.0798,96.0659,96.1367,96.5470,98.1694,100.6799
2023-05-15,90.0336,90.0433,87.9394,88.7538,16792000,DIS,95.9451,95.2119,94.9193,95.8293,96.2054,96.4181,98.1110,100.5740
2023-05-16,88.2109,89.6070,88.0169,89.2386,17013300,DIS,95.4627,94.5452,94.7316,95.5306,96.2438,96.2555,98.0377,100.4510
2023-05-17,89.9464,90.2179,88.0848,88.2496,12461600,DIS,95.1728,94.1072,94.6096,95.3116,96.3005,96.1306,97.9725,100.3464
2023-05-18,90.9062,91.3716,89.6458,90.0239,15014800,DIS,94.9639,93.8023,94.5022,95.1388,96.3692,96.0271,97.9194,100.2525
2023-05-19,88.5696,90.1694,88.5405,90.1694,16429000,DIS,94.5654,93.3040,94.4093,94.8812,96.4016,95.8795,97.8338,100.1363
2023-05-22,89.0253,89.1416,87.1540,88.5502,14150600,DIS,94.1843,92.8965,94.3753,94.6516,96.4545,95.7437,97.7548,100.0257
2023-05-23,87.0862,89.2289,87.0765,88.3272,14778700,DIS,93.7873,92.3431,94.3214,94.3549,96.5093,95.5723,97.6733,99.8970
2023-05-24,86.3590,86.7662,85.7191,86.7177,15350800,DIS,93.4218,91.7732,94.2382,94.0413,96.5276,95.3899,97.5761,99.7622
2023-05-25,85.4573,86.8341,85.1180,86.8341,13605800,DIS,92.8502,91.1717,94.1421,93.7047,96.5398,95.1932,97.4792,99.6199
2023-05-26,85.6027,86.5238,85.4185,85.7966,12892700,DIS,92.1613,90.6413,94.0257,93.3870,96.5332,95.0033,97.3622,99.4804
2023-05-30,85.1470,86.2620,84.3617,86.2620,14800700,DIS,91.4637,90.1180,93.9214,93.0638,96.4929,94.8081,97.2174,99.3378
2023-05-31,85.2828,85.4864,84.4974,84.9143,11440600,DIS,90.8510,89.6575,93.8000,92.7587,96.4545,94.6195,97.0544,99.1980
2023-06-01,85.8936,86.3493,84.4587,85.7094,11993200,DIS,90.2561,89.2991,93.6458,92.4895,96.4028,94.4467,96.8815,99.0656
2023-06-02,88.0072,88.5599,86.8729,86.9019,14350200,DIS,89.9323,89.1760,93.5658,92.3137,96.3640,94.3192,96.7158,98.9555
2023-06-05,88.2302,88.9671,86.7177,88.4242,18506700,DIS,89.4708,89.0860,93.4721,92.1536,96.3198,94.1986,96.5616,98.8488
2023-06-06,89.3550,89.6943,88.2496,88.3272,12109100,DIS,88.9468,89.1116,93.4349,92.0438,96.2794,94.1027,96.4137,98.7544
2023-06-07,89.7040,90.2469,89.0641,89.9561,11082400,DIS,88.4785,89.1680,93.3748,91.9521,96.2087,94.0156,96.2798,98.6643
2023-06-08,89.7137,89.8591,88.5211,89.7040,9030200,DIS,88.0611,89.2200,93.3303,91.8643,96.1421,93.9304,96.1663,98.5752
2023-06-09,89.1320,90.0918,88.7635,89.9561,9625400,DIS,88.0426,89.2116,93.2346,91.7571,96.0647,93.8354,96.0551,98.4813
2023-06-12,90.3051,90.3924,88.9768,89.4422,12341600,DIS,88.0984,89.3157,93.1384,91.7002,96.0075,93.7655,95.9423,98.3999
2023-06-13,90.9935,91.5655,90.5960,91.2553,12964400,DIS,88.1464,89.4755,93.0166,91.6725,95.9568,93.7106,95.8278,98.3262
2023-06-14,89.6361,91.6431,89.1222,91.3910,15877400,DIS,88.2176,89.4908,92.8748,91.5926,95.8499,93.6299,95.7230,98.2398
2023-06-15,90.1112,90.6735,88.8217,89.2580,13354600,DIS,88.2259,89.5499,92.7463,91.5345,95.7262,93.5602,95.6232,98.1589
2023-06-16,88.5405,90.1403,88.0945,90.0530,22683400,DIS,88.1076,89.4538,92.5797,91.4171,95.5839,93.4608,95.5209,98.0632
2023-06-20,87.0183,88.0169,87.0086,87.5419,14939200,DIS,88.0300,89.2218,92.3815,91.2446,95.4058,93.3332,95.4126,97.9533
2023-06-21,85.9421,86.9407,85.4282,86.8244,17873000,DIS,87.8759,88.9095,92.1455,91.0367,95.2016,93.1869,95.2968,97.8338
2023-06-22,85.7966,86.4753,85.4379,85.7482,10915300,DIS,87.8114,88.6130,91.9142,90.8312,94.9975,93.0405,95.1867,97.7140
2023-06-23,85.4185,85.7094,84.9434,85.3409,13538000,DIS,87.7644,88.3088,91.7234,90.6189,94.8085,92.8896,95.0801,97.5917
2023-06-26,86.0002,86.7662,85.0986,85.3603,13132700,DIS,87.7915,88.0889,91.4880,90.4378,94.6167,92.7532,94.9638,97.4763
2023-06-27,86.3493,86.9310,85.7966,86.1942,10032700,DIS,87.8288,87.9232,91.2778,90.2775,94.4196,92.6264,94.8510,97.3656
2023-06-28,86.1263,86.6789,85.8354,86.6692,12118300,DIS,87.8778,87.7521,91.0554,90.1147,94.1832,92.4977,94.7233,97.2538
2023-06-29,86.2426,86.4075,84.6816,85.1276,13402600,DIS,87.9258,87.6083,90.8231,89.9628,93.9722,92.3738,94.5902,97.1442
2023-06-30,86.5626,86.8729,85.9130,86.4656,12837500,DIS,87.9593,87.5087,90.6394,89.8295,93.7726,92.2587,94.4813,97.0389
2023-07-03,87.7455,88.1818,86.2039,86.4075,7979500,DIS,87.9462,87.5313,90.4926,89.7477,93.5677,92.1694,94.3746,96.9464
2023-07-05,87.0571,87.6388,86.5335,87.3673,11028800,DIS,87.8875,87.4861,90.3030,89.6422,93.3545,92.0681,94.2729,96.8480
2023-07-06,86.0390,86.1263,85.1082,85.9712,12084600,DIS,87.7217,87.3483,90.0908,89.5009,93.1449,91.9487,94.1783,96.7405
2023-07-07,85.9421,86.9989,85.3991,85.6221,9705100,DIS,87.5336,87.2144,89.9091,89.3614,92.9566,91.8298,94.0788,96.6330
2023-07-10,85.4185,85.9809,85.1858,85.5639,13642600,DIS,87.3189,87.0433,89.7441,89.2067,92.7669,91.7028,93.9844,96.5214
2023-07-11,86.7662,86.8632,85.4670,85.5155,13735500,DIS,87.2006,87.0170,89.5417,89.1110,92.5908,91.6051,93.9117,96.4244
2023-07-12,87.4061,87.9491,86.8438,87.3673,14912100,DIS,87.0556,87.0540,89.3022,89.0442,92.4057,91.5219,93.8535,96.3346
2023-07-13,87.7164,88.0460,86.3687,87.7940,15325500,DIS,86.8918,87.1171,89.0745,88.9921,92.2567,91.4466,93.8097,96.2489
2023-07-14,85.9227,87.7358,85.7288,87.6582,17770000,DIS,86.7061,87.0033,88.8422,88.8717,92.0958,91.3372,93.7636,96.1461
2023-07-17,82.9558,85.7966,82.7037,85.7288,34503400,DIS,86.3483,86.6179,88.5456,88.6397,91.9355,91.1712,93.7138,96.0149
2023-07-18,83.3339,84.6429,82.7134,82.9073,21885100,DIS,86.0880,86.3051,88.3226,88.4317,91.7830,91.0160,93.6486,95.8887
2023-07-19,84.3908,85.2149,83.5667,83.5763,17177000,DIS,85.9566,86.1228,88.0612,88.2732,91.6406,90.8848,93.5981,95.7743
2023-07-20,83.5860,84.5265,83.4115,84.1969,15277500,DIS,85.8388,85.8812,87.7362,88.0894,91.5040,90.7403,93.5587,95.6530
2023-07-21,84.5265,85.2246,83.2661,83.6733,19901000,DIS,85.7753,85.7522,87.4453,87.9497,91.3753,90.6173,93.5105,95.5423
2023-07-24,83.9642,85.2828,83.9157,84.8271,13911900,DIS,85.7026,85.5819,87.1633,87.7934,91.2492,90.4855,93.4385,95.4271
2023-07-25,83.0237,83.6830,82.5680,83.1207,15335400,DIS,85.5538,85.3383,87.0338,87.6063,91.1240,90.3378,93.3650,95.3037
2023-07-26,83.2467,83.6442,82.8492,83.0625,14983700,DIS,85.3986,85.1391,86.9149,87.4354,90.9974,90.1973,93.2963,95.1837
2023-07-27,82.7619,84.2356,82.5971,83.9642,16691400,DIS,85.2304,84.9127,86.7695,87.2521,90.8444,90.0501,93.2391,95.0601
2023-07-28,83.5085,83.9448,82.8492,83.2467,13638300,DIS,85.0937,84.7789,86.6755,87.1053,90.7035,89.9206,93.1953,94.9452
2023-07-31,86.1845,86.6402,84.2356,84.3520,20837800,DIS,85.0748,84.9128,86.6002,87.0692,90.6049,89.8466,93.1749,94.8580
2023-08-01,86.3202,86.9989,85.7676,86.4075,13717500,DIS,85.0035,85.0468,86.5085,87.0398,90.5053,89.7768,93.1536,94.7731
2023-08-02,83.6733,85.6415,83.6345,85.5737,15162700,DIS,84.8344,84.9160,86.4106,86.9078,90.4099,89.6559,93.1035,94.6626
2023-08-03,82.8879,83.8284,82.8492,83.2079,14145400,DIS,84.6768,84.7229,86.2878,86.7501,90.3316,89.5219,93.0601,94.5455
2023-08-04,83.6733,84.4587,82.8492,83.3243,11533900,DIS,84.5634,84.6229,86.2196,86.6295,90.2705,89.4061,93.0066,94.4373
2023-08-07,84.1872,84.5750,83.3727,84.0223,10818400,DIS,84.5018,84.5814,86.1761,86.5337,90.2072,89.3027,92.9501,94.3353
2023-08-08,85.4476,85.6415,83.4794,83.8672,16767900,DIS,84.4359,84.6639,86.1759,86.4911,90.1590,89.2264,92.8975,94.2469
2023-08-09,84.8271,86.8341,84.3908,86.4850,32517900,DIS,84.3069,84.6794,86.1604,86.4259,90.0931,89.1393,92.8437,94.1531
2023-08-10,88.9671,89.7137,85.0792,87.2316,56716800,DIS,84.3694,85.0878,86.2368,86.5255,90.0791,89.1359,92.7938,94.1015
2023-08-11,86.3105,88.5696,86.1554,88.5405,21998900,DIS,84.3888,85.2042,86.2574,86.5171,90.0287,89.0799,92.7323,94.0240
2023-08-14,86.1069,86.5820,85.3119,86.2814,13676400,DIS,84.5464,85.2902,86.2616,86.5010,89.9537,89.0210,92.6569,93.9452
2023-08-15,84.4102,85.5446,84.2453,85.3119,13677900,DIS,84.6002,85.2064,86.1897,86.4190,89.8777,88.9297,92.5717,93.8503
2023-08-16,83.7218,84.4102,83.4600,83.9060,12182700,DIS,84.5668,85.0650,86.0995,86.3132,89.7858,88.8266,92.4840,93.7496
2023-08-17,83.3049,84.3132,83.1885,84.2744,14206000,DIS,84.5527,84.8974,85.9785,86.1953,89.7067,88.7173,92.3869,93.6456
2023-08-18,83.3437,84.0805,82.7716,82.7716,12364400,DIS,84.4936,84.7494,85.8513,86.0834,89.6130,88.6109,92.2871,93.5431
2023-08-21,83.2661,83.6248,82.8104,83.1982,11215000,DIS,84.4586,84.6081,85.7224,85.9729,89.5264,88.5050,92.1896,93.4409
2023-08-22,83.1788,83.4697,82.7716,83.1013,9835300,DIS,84.4664,84.4720,85.6033,85.8634,89.4189,88.3996,92.1119,93.3388
2023-08-23,83.2176,83.7024,83.0334,83.1982,7576000,DIS,84.4650,84.3525,85.4616,85.7596,89.3000,88.2969,92.0468,93.2381
2023-08-24,79.9599,83.3340,79.9502,82.9073,27531000,DIS,84.3248,83.9342,85.2409,85.5322,89.1287,88.1318,91.9639,93.1059
2023-08-25,80.8228,81.1040,79.9502,80.5416,16050900,DIS,84.1906,83.6379,85.0646,85.3475,88.9697,87.9871,91.8811,92.9837
2023-08-28,81.5984,82.1123,80.9876,81.2785,12166400,DIS,83.9613,83.4436,84.8944,85.2005,88.8203,87.8606,91.8048,92.8704
2023-08-29,81.8311,81.9766,81.1815,81.2397,11210700,DIS,83.7368,83.2901,84.7602,85.0683,88.6699,87.7412,91.7934,92.7606
2023-08-30,81.7148,82.1026,81.2785,81.8311,11816600,DIS,83.6389,83.1400,84.6541,84.9368,88.5178,87.6219,91.7635,92.6507
2023-08-31,81.1330,82.0347,81.0943,81.8893,10448000,DIS,83.5511,82.9489,84.5579,84.7877,88.3517,87.4934,91.7086,92.5361
2023-09-01,79.1552,79.7272,78.0789,79.6108,27701900,DIS,83.3252,82.5876,84.4251,84.5668,88.1697,87.3283,91.6473,92.4029
2023-09-05,78.7188,79.8823,78.7091,78.9418,12741700,DIS,83.0518,82.2191,84.2911,84.3374,88.0072,87.1578,91.5779,92.2668
2023-09-06,78.5152,79.5914,78.0789,78.3310,15518500,DIS,82.7052,81.8664,84.1414,84.1091,87.8147,86.9866,91.5150,92.1299
2023-09-07,78.1177,78.3892,77.3227,78.3601,14768000,DIS,82.3697,81.5094,83.9768,83.8742,87.6273,86.8110,91.4622,91.9905
2023-09-08,79.0970,79.1842,77.7299,78.0886,16220900,DIS,81.8762,81.2796,83.8362,83.6868,87.4458,86.6583,91.4127,91.8622
2023-09-11,80.0083,81.2979,78.6994,79.4460,26579100,DIS,81.5611,81.1585,83.7115,83.5426,87.2673,86.5266,91.3397,91.7443
2023-09-12,81.1330,82.0929,80.0568,80.5028,16594600,DIS,81.3124,81.1561,83.6029,83.4481,87.1212,86.4198,91.2789,91.6387
2023-09-13,80.9391,81.4918,80.5901,80.8131,9772700,DIS,81.1389,81.1354,83.4668,83.3497,86.9797,86.3113,91.2043,91.5322
2023-09-14,81.9087,82.1608,80.5125,81.4433,22371900,DIS,81.0482,81.2091,83.3638,83.2932,86.8334,86.2241,91.1345,91.4365
2023-09-15,82.9752,83.5666,82.0347,82.6262,21631200,DIS,81.0317,81.3773,83.3025,83.2807,86.6967,86.1597,91.0855,91.3523
2023-09-18,82.4323,83.3049,82.3935,82.6456,11894200,DIS,80.9862,81.4778,83.2323,83.2474,86.5707,86.0859,91.0386,91.2635
2023-09-19,79.4460,82.2093,79.2230,81.3657,21478900,DIS,80.7952,81.2843,83.1129,83.0984,86.4285,85.9544,90.9614,91.1459
2023-09-20,80.0471,80.6677,79.1551,79.5333,12715200,DIS,80.6386,81.1664,82.9785,82.9787,86.2601,85.8375,90.8837,91.0355
2023-09-21,80.2120,81.1233,79.4266,79.5623,14378000,DIS,80.4883,81.0755,82.8346,82.8702,86.0684,85.7261,90.8027,90.9278
2023-09-22,78.7770,80.8131,78.7285,80.3865,11495300,DIS,80.4291,80.8566,82.6558,82.7097,85.8652,85.5885,90.7316,90.8069
2023-09-25,78.5443,79.2812,78.1080,79.0776,11034400,DIS,80.3152,80.6364,82.5083,82.5463,85.6753,85.4490,90.6769,90.6849
2023-09-26,77.6135,78.2825,77.3614,78.0498,14867900,DIS,80.1160,80.3485,82.4014,82.3529,85.4735,85.2938,90.6182,90.5548
2023-09-27,77.4681,78.1080,76.8088,77.6814,14662500,DIS,79.8978,80.0742,82.2841,82.1613,85.3033,85.1389,90.5569,90.4246
2023-09-28,77.6911,78.4570,77.2257,77.8365,12229800,DIS,79.6966,79.8472,82.1501,81.9860,85.1056,84.9914,90.4927,90.2979
2023-09-29,78.5831,78.8546,77.9626,78.2050,11261400,DIS,79.5691,79.7268,82.0501,81.8526,84.8931,84.8645,90.4267,90.1813
2023-10-02,79.1842,79.2812,78.3310,78.4570,9128100,DIS,79.5706,79.6752,81.9432,81.7479,84.6943,84.7520,90.3635,90.0719
2023-10-03,77.1191,79.3975,77.0415,78.7770,12586200,DIS,79.4906,79.4317,81.8063,81.5664,84.4848,84.6009,90.2927,89.9430
2023-10-04,76.9058,77.3614,76.3337,77.1869,12010500,DIS,79.4101,79.1912,81.6840,81.3836,84.3589,84.4485,90.2386,89.8133
2023-10-05,78.3504,78.4765,76.4792,76.6925,15466600,DIS,79.4218,79.1111,81.5860,81.2647,84.2505,84.3277,90.1936,89.6992
2023-10-06,80.4156,80.9876,78.0401,78.5831,15391100,DIS,79.4877,79.2353,81.5391,81.2314,84.1543,84.2503,90.1798,89.6069
2023-10-09,82.1220,82.2965,80.5998,81.7342,13604400,DIS,79.5934,79.5102,81.5114,81.2663,84.0934,84.2081,90.1686,89.5324
2023-10-10,82.4032,82.6940,81.3754,82.2093,9450600,DIS,79.6569,79.7858,81.4357,81.3109,84.0180,84.1724,90.1592,89.4615
2023-10-11,82.2674,83.1109,81.6954,82.7716,9499200,DIS,79.7233,80.0221,81.3547,81.3484,83.9316,84.1346,90.1504,89.3899
2023-10-12,81.7827,82.4807,80.9682,82.2480,9554900,DIS,79.7170,80.1898,81.3169,81.3654,83.8637,84.0881,90.1327,89.3142
2023-10-13,81.7827,82.0057,80.8422,81.3851,10808000,DIS,79.6574,80.3415,81.2948,81.3818,83.7913,84.0424,90.1229,89.2392
2023-10-16,83.1013,83.3146,81.7439,81.7439,10275100,DIS,79.6908,80.6043,81.2833,81.4492,83.7514,84.0238,90.1304,89.1782
2023-10-17,83.5763,83.6636,82.7134,82.7522,9985700,DIS,79.8973,80.8874,81.2711,81.5327,83.7236,84.0149,90.1256,89.1224
2023-10-18,82.1026,83.6345,82.0250,83.0819,10047000,DIS,80.0001,81.0031,81.2042,81.5550,83.6901,83.9771,90.1149,89.0526
2023-10-19,80.7161,82.6746,80.6386,82.6650,14316800,DIS,80.0253,80.9758,81.1220,81.5221,83.6412,83.9125,90.0872,88.9696
2023-10-20,80.1344,80.9003,80.0956,80.3768,10437000,DIS,80.0932,80.8956,80.9453,81.4677,83.5911,83.8377,90.0420,88.8817
2023-10-23,80.5707,81.4724,78.4474,79.5818,10772500,DIS,80.1945,80.8647,80.8305,81.4325,83.5440,83.7730,89.9992,88.7990
2023-10-24,80.0471,81.6372,79.2521,80.8713,11499500,DIS,80.3162,80.7868,80.7093,81.3782,83.4855,83.6992,89.9441,88.7119
2023-10-25,78.1371,80.0375,78.0692,79.6302,9372500,DIS,80.3496,80.5345,80.5839,81.2511,83.3868,83.5891,89.8754,88.6067
2023-10-26,77.3518,78.1565,77.0027,77.6426,11651000,DIS,80.3327,80.2314,80.4565,81.0982,83.2780,83.4655,89.7989,88.4947
2023-10-27,76.9155,78.5637,76.8185,77.3227,10300600,DIS,80.2493,79.9156,80.3287,80.9341,83.1536,83.3358,89.7165,88.3795
2023-10-30,78.2244,78.4667,77.1094,77.2936,10291200,DIS,80.2013,79.7545,80.2263,80.8279,83.0388,83.2346,89.6238,88.2785
2023-10-31,79.1067,79.1842,77.8850,78.2341,8672200,DIS,80.3007,79.6928,80.1431,80.7604,82.9327,83.1529,89.5374,88.1872
2023-11-01,78.6025,79.0970,77.7396,79.0485,9093000,DIS,80.3855,79.5890,80.0516,80.6758,82.8275,83.0628,89.4461,88.0918
2023-11-02,80.7549,80.7646,79.3297,79.3587,11518500,DIS,80.5057,79.7000,80.0023,80.6789,82.7320,83.0171,89.3697,88.0188
2023-11-03,82.4807,83.3146,81.5984,81.6081,11331800,DIS,80.6090,79.9648,80.0528,80.7495,82.6468,83.0065,89.3018,87.9637
2023-11-06,81.4627,83.1885,81.0458,82.4904,14160900,DIS,80.5760,80.1075,80.0656,80.7775,82.5651,82.9759,89.2075,87.8990
2023-11-07,82.0154,82.1026,81.3948,81.5984,10540200,DIS,80.5566,80.2892,80.0739,80.8260,82.4841,82.9569,89.1052,87.8405
2023-11-08,81.9281,82.3353,81.3948,81.5790,26942600,DIS,80.5397,80.4453,80.0758,80.8692,82.4180,82.9365,89.0010,87.7817
2023-11-09,87.5903,88.4338,84.9337,85.1664,51062700,DIS,80.8301,81.1258,80.1933,81.1328,82.4237,83.0286,88.9148,87.7797
2023-11-10,85.5833,87.4158,84.2938,87.3867,25175700,DIS,81.0201,81.5503,80.2824,81.3073,82.4201,83.0792,88.8109,87.7579
2023-11-13,86.7177,87.1637,84.7495,85.7288,12834400,DIS,81.2009,82.0424,80.4336,81.5195,82.4294,83.1513,88.7134,87.7475
2023-11-14,88.2981,88.7538,87.2510,87.2898,13152000,DIS,81.4370,82.6382,80.6252,81.7853,82.4581,83.2532,88.6333,87.7530
2023-11-15,91.0711,91.6916,89.9173,90.1597,20593100,DIS,81.8854,83.4413,80.8763,82.1495,82.5089,83.4080,88.5628,87.7860
2023-11-16,91.6334,91.7304,90.7802,91.0323,12923900,DIS,82.4313,84.2215,81.1466,82.5214,82.5617,83.5709,88.4906,87.8243
2023-11-17,91.2844,92.4769,91.0614,91.8661,12189300,DIS,82.9888,84.8942,81.3904,82.8651,82.6133,83.7236,88.3982,87.8587
2023-11-20,92.1376,92.6805,91.0129,91.1195,14105300,DIS,83.5671,85.5840,81.6330,83.2287,82.6722,83.8902,88.3222,87.9013
2023-11-21,91.5752,92.0697,91.1002,91.8467,7654800,DIS,84.1435,86.1546,81.8418,83.5560,82.7224,84.0424,88.2475,87.9379
2023-11-22,92.1764,92.7969,91.8758,92.0212,7328200,DIS,84.8455,86.7281,82.0665,83.8941,82.7667,84.2035,88.1672,87.9801
2023-11-24,93.1362,93.5725,92.0115,92.0115,5440500,DIS,85.6347,87.3384,82.2911,84.2565,82.8275,84.3804,88.0910,88.0314
2023-11-27,92.2733,92.8260,91.6431,92.8260,11049500,DIS,86.4026,87.8084,82.4771,84.5709,82.8898,84.5367,88.0173,88.0736
2023-11-28,89.6846,92.2442,89.6361,92.1085,18660300,DIS,86.9756,87.9871,82.6221,84.7714,82.9272,84.6386,87.9419,88.0896
2023-11-29,89.6846,90.4021,88.6569,89.7815,13857000,DIS,87.5045,88.1488,82.8269,84.9641,82.9699,84.7385,87.8684,88.1055
2023-11-30,89.8688,91.0032,89.3937,90.7026,13396700,DIS,88.0678,88.3126,83.0233,85.1564,83.0009,84.8401,87.7958,88.1230
2023-12-01,89.7622,90.0142,88.9768,89.9173,11898200,DIS,88.5182,88.4506,83.2143,85.3370,83.0245,84.9376,87.7151,88.1393
2023-12-04,89.2095,89.5973,88.8217,89.1029,12602800,DIS,88.8546,88.5229,83.4230,85.4889,83.0394,85.0222,87.6481,88.1500
2023-12-05,88.0266,88.9865,87.1928,88.8217,12357000,DIS,89.1828,88.4756,83.6126,85.5884,83.0604,85.0817,87.5781,88.1487
2023-12-06,88.7150,89.7331,87.8618,88.3369,10462000,DIS,89.5178,88.4984,83.8346,85.7110,83.1180,85.1536,87.5268,88.1544
2023-12-07,89.5392,90.5475,88.8605,89.0059,10264700,DIS,89.8984,88.5976,84.0761,85.8612,83.1801,85.2405,87.4816,88.1682
2023-12-08,90.2882,90.9885,89.5489,89.5489,9498200,DIS,90.0333,88.7586,84.3280,86.0348,83.2391,85.3404,87.4398,88.1893
2023-12-11,89.6851,90.5411,89.4613,90.2006,10811000,DIS,90.2384,88.8468,84.5500,86.1779,83.3000,85.4265,87.4020,88.2041
2023-12-12,88.5859,89.6851,88.3816,89.6073,13218400,DIS,90.3318,88.8220,84.7381,86.2724,83.3406,85.4890,87.3580,88.2079
2023-12-13,90.2979,90.3368,88.3038,88.6832,10173200,DIS,90.4318,88.9625,85.0016,86.4302,83.4040,85.5842,87.3266,88.2287
2023-12-14,91.3776,92.2433,90.6675,90.6675,12439300,DIS,90.4471,89.1925,85.2911,86.6242,83.4875,85.6990,87.3058,88.2601
2023-12-15,90.9107,91.3873,90.3952,90.5119,17551600,DIS,90.4109,89.3562,85.5423,86.7923,83.5642,85.8022,87.2808,88.2864
2023-12-18,90.3271,91.1539,90.1714,90.1714,9083600,DIS,90.3631,89.4486,85.7405,86.9309,83.6398,85.8918,87.2421,88.3067
2023-12-19,91.3679,91.4262,90.0839,90.1131,8804000,DIS,90.3246,89.6314,85.9254,87.1049,83.7184,86.0002,87.2110,88.3372
2023-12-20,88.7804,91.6986,88.7610,90.6967,13060600,DIS,90.1849,89.5504,86.0530,87.1706,83.7444,86.0553,87.1746,88.3416
2023-12-21,89.5100,89.5683,88.5762,89.4224,13037200,DIS,90.0515,89.5465,86.1978,87.2624,83.7763,86.1237,87.1408,88.3532
2023-12-22,88.5373,89.7240,88.2746,89.1209,9419800,DIS,89.8216,89.4504,86.3329,87.3124,83.8249,86.1715,87.1174,88.3551
2023-12-26,88.4692,88.7804,88.1287,88.3622,8086900,DIS,89.6314,89.3570,86.4667,87.3577,83.8807,86.2170,87.1061,88.3562
2023-12-27,87.9147,88.4594,87.5840,88.4303,11123500,DIS,89.5429,89.2196,86.5629,87.3796,83.9231,86.2506,87.0968,88.3518
2023-12-28,87.9342,88.4983,87.5159,87.6326,8479600,DIS,89.4554,89.0972,86.6501,87.4013,83.9606,86.2839,87.0839,88.3477
2023-12-29,87.8272,88.1287,87.4089,87.6618,9211000,DIS,89.3533,88.9762,86.7646,87.4180,83.9844,86.3145,87.0717,88.3425
2024-01-02,88.2357,88.9847,87.2824,87.6423,10587600,DIS,89.2770,88.9057,86.9150,87.4501,84.0185,86.3525,87.0558,88.3414
2024-01-03,89.1501,89.5683,87.5451,87.7688,11929800,DIS,89.2740,88.9290,87.0953,87.5168,84.0203,86.4079,87.0497,88.3495
2024-01-04,88.0898,89.4322,87.5451,89.4322,12087400,DIS,89.2771,88.8490,87.2457,87.5392,84.0381,86.4412,87.0334,88.3469
2024-01-05,88.4205,88.8291,87.8953,87.9439,9092100,DIS,89.2624,88.8082,87.4131,87.5738,84.0612,86.4804,87.0075,88.3476
2024-01-08,89.0528,89.4322,88.5178,89.0528,11103700,DIS,89.2381,88.8315,87.6314,87.6318,84.1077,86.5314,86.9927,88.3546
2024-01-09,87.2241,88.6151,87.1560,88.5664,11255100,DIS,89.0849,88.6784,87.8289,87.6158,84.1427,86.5451,86.9643,88.3434
2024-01-10,86.8544,87.3700,86.4556,87.3700,15091600,DIS,88.9434,88.5047,88.0277,87.5860,84.1782,86.5512,86.9424,88.3286
2024-01-11,87.0101,87.3311,86.2708,86.9517,9642200,DIS,88.8646,88.3624,88.2034,87.5634,84.2148,86.5603,86.9139,88.3154
2024-01-12,87.8855,88.3524,87.2046,87.2046,11919400,DIS,88.7440,88.3170,88.3790,87.5760,84.2610,86.5865,86.8937,88.3112
2024-01-16,90.5119,90.5508,87.0198,87.8272,16780900,DIS,88.7007,88.5260,88.6171,87.6911,84.3344,86.6643,86.8767,88.3331
2024-01-17,87.8758,91.2025,87.6423,90.0547,15735200,DIS,88.5489,88.4641,88.7596,87.6984,84.3810,86.6882,86.8405,88.3285
2024-01-18,89.6948,89.9866,87.9439,88.1871,12203200,DIS,88.5173,88.5813,88.9038,87.7767,84.4783,86.7478,86.8035,88.3421
2024-01-19,90.5216,91.0274,89.1306,89.8018,19790100,DIS,88.4750,88.7661,89.0850,87.8843,84.5753,86.8225,86.7725,88.3638
2024-01-22,92.4865,92.6324,90.3368,90.3368,15119400,DIS,88.6603,89.1204,89.2944,88.0648,84.6842,86.9347,86.7522,88.4048
2024-01-23,91.2122,93.2744,90.6383,92.8270,11559400,DIS,88.7454,89.3196,89.4801,88.1882,84.7780,87.0194,86.7240,88.4328
2024-01-24,90.9496,92.6519,90.7162,91.8445,10454900,DIS,88.8660,89.4749,89.5473,88.2965,84.8703,87.0972,86.6941,88.4578
2024-01-25,92.2725,92.3503,91.1928,91.3582,8661600,DIS,89.0562,89.7413,89.6811,88.4524,84.9817,87.1997,86.6667,88.4958
2024-01-26,92.7589,92.9242,92.1169,92.4087,7812800,DIS,89.2984,90.0287,89.8019,88.6213,85.1178,87.3098,86.6437,88.5382
2024-01-29,94.8308,94.8405,92.4087,92.8172,13422200,DIS,89.6432,90.4860,89.9326,88.8648,85.2789,87.4587,86.6431,88.6008
2024-01-30,94.2958,94.8794,93.3912,93.8872,9139600,DIS,89.9667,90.8489,89.9971,89.0778,85.4367,87.5941,86.6257,88.6575
2024-01-31,93.4301,94.9086,93.1966,93.7900,9592300,DIS,90.2264,91.0947,90.0330,89.2485,85.5898,87.7097,86.6085,88.7049
2024-02-01,94.4125,95.2588,93.2841,93.7413,8484800,DIS,90.4895,91.4107,90.0956,89.4510,85.7430,87.8424,86.5944,88.7617
2024-02-02,94.4806,94.7530,93.2063,93.6538,9321300,DIS,90.8090,91.7031,90.1424,89.6482,85.8877,87.9738,86.5775,88.8186
2024-02-05,94.0137,94.7140,93.8580,94.0623,11679300,DIS,91.0887,91.9231,90.1912,89.8194,86.0165,88.0934,86.5688,88.8703
2024-02-06,96.5817,96.6109,94.1499,94.2763,16455500,DIS,91.4652,92.3668,90.2793,90.0846,86.1729,88.2615,86.5763,88.9471
2024-02-07,96.4358,96.5719,94.0040,94.7335,28886300,DIS,91.9257,92.7543,90.3453,90.3337,86.3182,88.4234,86.5758,89.0216
2024-02-08,107.5248,109.6940,103.8868,104.1592,60558400,DIS,92.9593,94.1610,90.6503,91.0078,86.5637,88.8016,86.6302,89.2057
2024-02-09,105.4335,107.1455,104.7526,106.6105,21509100,DIS,93.8804,95.2346,90.9653,91.5735,86.7937,89.1310,86.6822,89.3672
2024-02-12,106.3089,108.0306,104.8887,104.9374,13424000,DIS,94.8016,96.2893,91.2978,92.1514,87.0623,89.4711,86.7454,89.5357
2024-02-13,107.4470,107.6318,105.2584,105.3265,14594500,DIS,95.6483,97.3519,91.6493,92.7512,87.3363,89.8271,86.7982,89.7139
2024-02-14,108.5170,108.6337,106.6785,107.5637,11405500,DIS,96.6804,98.4153,92.0244,93.3695,87.6194,90.1972,86.8439,89.9010
2024-02-15,109.3827,109.8399,108.0501,108.0501,9961900,DIS,97.6648,99.4598,92.4279,93.9975,87.9254,90.5771,86.8953,90.0949
2024-02-16,108.5559,109.4897,108.1279,108.9644,8782200,DIS,98.5665,100.3261,92.8385,94.5684,88.2256,90.9331,86.9504,90.2786
2024-02-20,106.4548,108.0987,106.3673,107.8264,9770900,DIS,99.2649,100.9098,93.1933,95.0345,88.5140,91.2405,86.9937,90.4395
2024-02-21,104.7331,106.2408,104.3148,105.5210,10427500,DIS,99.9410,101.2739,93.4972,95.4149,88.7866,91.5077,87.0450,90.5818
2024-02-22,104.7039,105.5307,104.4802,105.0444,9266200,DIS,100.6287,101.6006,93.7855,95.7791,89.0567,91.7690,87.0812,90.7223
2024-02-23,104.8012,105.0541,102.9433,104.6358,11724000,DIS,101.2551,101.9054,94.0878,96.1329,89.3189,92.0270,87.1060,90.8624
2024-02-26,104.7428,105.7934,104.4510,104.5872,8694200,DIS,101.8543,102.1756,94.4109,96.4706,89.5745,92.2788,87.1344,91.0005
2024-02-27,106.4354,106.5910,104.8401,104.8401,7595000,DIS,102.4345,102.5813,94.7337,96.8614,89.8677,92.5592,87.1762,91.1541
2024-02-28,107.7777,108.0112,105.6961,105.8128,10773000,DIS,103.1086,103.0762,95.0617,97.2894,90.1764,92.8605,87.2676,91.3195
2024-02-29,108.5364,109.6745,107.9431,108.1084,11658300,DIS,103.8640,103.5962,95.4142,97.7305,90.4783,93.1709,87.3644,91.4908
2024-03-01,108.8963,109.0909,108.0014,108.4003,7242400,DIS,104.5882,104.1010,95.7856,98.1684,90.7631,93.4823,87.4587,91.6640
2024-03-04,110.5889,111.0169,108.7504,109.5967,11558900,DIS,105.3936,104.7189,96.1700,98.6555,91.0477,93.8211,87.5706,91.8523
2024-03-05,109.7913,112.0480,109.2076,110.5111,14929600,DIS,106.1825,105.2020,96.5902,99.0922,91.3216,94.1373,87.6698,92.0308
2024-03-06,107.0579,110.2095,106.2700,109.9955,14743900,DIS,106.7063,105.3787,96.9412,99.4045,91.5695,94.3932,87.7506,92.1803
2024-03-07,107.1746,108.0501,106.2214,107.6804,8609300,DIS,107.2432,105.5498,97.3139,99.7092,91.8234,94.6463,87.8436,92.3295
2024-03-08,107.3108,108.2738,106.3575,107.1746,10009200,DIS,107.2325,105.7175,97.6908,100.0073,92.0787,94.8970,87.9350,92.4786
2024-03-11,109.2465,109.8302,107.0287,107.0871,8794300,DIS,107.4232,106.0536,98.1174,100.3697,92.3402,95.1812,88.0458,92.6454
2024-03-12,109.3924,109.8691,108.5948,109.4508,8085000,DIS,107.5773,106.3716,98.5466,100.7235,92.5983,95.4626,88.1610,92.8121
2024-03-13,109.4314,111.0169,109.3730,109.6648,7267900,DIS,107.6766,106.6630,98.9787,101.0650,92.8716,95.7392,88.2808,92.9774
2024-03-14,109.0033,109.2854,106.5229,108.6921,10520500,DIS,107.7009,106.8859,99.3940,101.3763,93.1545,96.0019,88.3978,93.1369
2024-03-15,108.8963,109.8788,108.3614,108.5559,15364200,DIS,107.6766,107.0773,99.7889,101.6712,93.4421,96.2572,88.5166,93.2937
2024-03-18,110.7445,111.3087,109.2271,109.2271,11820800,DIS,107.7860,107.4266,100.2420,102.0270,93.7438,96.5441,88.6439,93.4673
2024-03-19,111.3865,112.0285,110.1512,110.3165,10999700,DIS,108.0326,107.8037,100.7014,102.3941,94.0572,96.8380,88.7714,93.6456
2024-03-20,113.2833,113.3320,111.2406,111.4838,11699600,DIS,108.4601,108.3256,101.1860,102.8211,94.4087,97.1636,88.8977,93.8410
2024-03-21,113.5168,114.1588,112.6997,113.7989,10353500,DIS,108.9007,108.8200,101.7118,103.2405,94.7704,97.4875,89.0242,94.0368
2024-03-22,112.7094,114.4506,112.6802,113.7308,7144800,DIS,109.2961,109.1904,102.2289,103.6119,95.1283,97.7889,89.1410,94.2226
2024-03-25,116.1042,116.1529,113.6821,113.7794,12103600,DIS,109.8642,109.8489,102.8108,104.1018,95.5071,98.1516,89.2730,94.4403
2024-03-26,116.6587,117.1159,114.9661,116.3669,11870000,DIS,110.3754,110.4974,103.3863,104.5942,95.8826,98.5180,89.4077,94.6614
2024-03-27,117.6800,118.7014,116.7462,117.6606,10782800,DIS,110.8705,111.1815,103.9296,105.1074,96.2734,98.8975,89.5504,94.8905
2024-03-28,119.0224,120.3648,117.8940,117.9427,15367400,DIS,111.3948,111.9282,104.5526,105.6530,96.6561,99.2960,89.6940,95.1306
2024-04-01,118.2150,119.0613,117.4855,118.7306,8419700,DIS,111.8607,112.5270,105.1230,106.1457,97.0134,99.6706,89.8301,95.3603
2024-04-02,119.4698,120.1605,116.8824,116.9408,15517100,DIS,112.3048,113.1882,105.7019,106.6682,97.3935,100.0627,89.9793,95.6002
2024-04-03,115.7346,120.3161,115.1510,118.9348,22480400,DIS,112.6019,113.4307,106.1669,107.0237,97.7307,100.3730,90.1074,95.8005
2024-04-04,113.8961,116.9116,113.7697,115.9680,13815400,DIS,112.9438,113.4750,106.6206,107.2932,98.0503,100.6408,90.2342,95.9806
2024-04-05,115.1510,115.6179,113.1277,113.4195,9653900,DIS,113.3427,113.6347,107.1046,107.6014,98.3260,100.9281,90.3748,96.1713
2024-04-08,114.1491,115.2871,113.6335,114.8008,6266000,DIS,113.6846,113.6836,107.5421,107.8582,98.6116,101.1899,90.5159,96.3502
2024-04-09,114.7521,115.2774,113.7016,114.1782,7451100,DIS,113.9599,113.7854,107.9820,108.1285,98.8920,101.4585,90.6607,96.5333
2024-04-10,113.9934,114.3533,113.1958,113.4195,6746300,DIS,114.1899,113.8052,108.3652,108.3585,99.1489,101.7067,90.8035,96.7070
2024-04-11,113.9545,115.0537,113.1958,114.3825,6559400,DIS,114.4161,113.8194,108.7584,108.5780,99.3777,101.9493,90.9433,96.8787
2024-04-12,110.9002,113.5168,110.6278,113.2152,12155200,DIS,114.5109,113.5414,109.1078,108.6690,99.5704,102.1265,91.0661,97.0182
2024-04-15,109.8691,112.3982,109.6940,111.7464,9637100,DIS,114.5595,113.1917,109.4170,108.7161,99.7563,102.2798,91.1848,97.1460
2024-04-16,110.7737,111.3768,109.4508,109.7426,9291400,DIS,114.5610,112.9614,109.7428,108.7968,99.9426,102.4480,91.3074,97.2816
2024-04-17,109.8594,111.0947,109.8107,110.8904,7379000,DIS,114.4846,112.6660,110.0597,108.8384,100.1255,102.5948,91.4239,97.4068
2024-04-18,109.3633,111.1336,109.1298,110.0928,8235600,DIS,114.2886,112.3514,110.3154,108.8590,100.2973,102.7288,91.5320,97.5258
2024-04-19,109.5383,109.6453,108.0501,108.6726,9436000,DIS,114.0897,112.0835,110.5774,108.8857,100.4614,102.8636,91.6444,97.6453
2024-04-22,108.9352,110.5402,108.7018,110.0150,6901700,DIS,113.9010,111.7837,110.6056,108.8876,100.6280,102.9839,91.7589,97.7576
2024-04-23,110.6083,111.1239,109.7232,109.7523,6839300,DIS,113.6262,111.6717,110.7091,108.9551,100.8372,103.1349,91.8822,97.8855
2024-04-24,110.8126,111.0655,110.0539,110.0539,6157200,DIS,113.3339,111.5899,110.7992,109.0279,101.0485,103.2869,92.0092,98.0141
2024-04-25,109.6940,109.8107,107.3789,108.1863,8045900,DIS,112.9346,111.4093,110.8441,109.0541,101.2467,103.4138,92.1238,98.1303
2024-04-26,109.6551,109.9372,108.2835,108.7991,6304800,DIS,112.4662,111.2423,110.8669,109.0776,101.4457,103.5374,92.2351,98.2450
2024-04-29,109.0228,110.7737,107.3303,109.9566,7151200,DIS,112.0066,111.0309,110.8597,109.0755,101.6438,103.6460,92.3416,98.3523
2024-04-30,108.0695,108.9839,107.7777,108.9450,8156600,DIS,111.4366,110.7489,110.8500,109.0360,101.8442,103.7336,92.4523,98.4489
2024-05-01,107.4665,108.9353,107.2038,108.2544,6338400,DIS,111.0232,110.4362,110.8702,108.9745,102.0317,103.8075,92.5749,98.5387
2024-05-02,109.5481,109.7913,107.5443,108.3905,6799800,DIS,110.8058,110.3517,110.9665,108.9970,102.2318,103.9212,92.7060,98.6482
2024-05-03,110.5597,110.9974,109.7232,110.4430,7411100,DIS,110.5762,110.3715,111.0836,109.0582,102.4345,104.0526,92.8368,98.7667
2024-05-06,113.2931,113.7502,111.0363,111.6686,16303200,DIS,110.5334,110.6497,111.2535,109.2243,102.6706,104.2356,92.9853,98.9113
2024-05-07,102.5153,104.9374,101.3675,104.3246,55084600,DIS,109.9216,109.8750,111.2089,108.9612,102.8099,104.2015,93.0753,98.9471
2024-05-08,102.5639,103.5756,101.5912,102.0387,15238100,DIS,109.3501,109.1787,111.1315,108.7103,102.9326,104.1691,93.1683,98.9831
2024-05-09,102.9141,103.2351,101.5426,101.7663,15096000,DIS,108.7981,108.5821,111.0342,108.4830,103.0479,104.1443,93.2677,99.0222
2024-05-10,102.9044,104.1008,102.5445,104.0035,15884600,DIS,108.3983,108.0414,110.9216,108.2643,103.1679,104.1197,93.3660,99.0609
2024-05-13,102.9433,103.7312,102.7098,102.7098,9666400,DIS,108.0520,107.5558,110.8025,108.0556,103.2940,104.0964,93.4669,99.0995
2024-05-14,102.4764,103.0989,102.0873,102.4277,11278400,DIS,107.6372,107.0721,110.6402,107.8368,103.4051,104.0643,93.5618,99.1331
2024-05-15,99.9667,102.9919,98.6244,102.7390,20745600,DIS,107.1425,106.3954,110.4438,107.5282,103.5170,103.9832,93.6307,99.1414
2024-05-16,100.5504,101.1924,100.0348,100.2294,9476700,DIS,106.7019,105.8387,110.3136,107.2545,103.6274,103.9152,93.7018,99.1554
2024-05-17,100.4337,100.9881,100.2294,100.8033,7356000,DIS,106.2467,105.3239,110.1788,106.9871,103.7464,103.8463,93.7856,99.1681
2024-05-20,100.0932,100.8422,99.7236,100.5115,7667400,DIS,105.8045,104.8258,110.0344,106.7167,103.8626,103.7720,93.8717,99.1773
2024-05-21,100.2002,100.8714,99.9181,100.1808,7333300,DIS,105.2841,104.3852,109.8535,106.4612,103.9855,103.7012,93.9543,99.1875
2024-05-22,100.2099,100.9978,99.9473,100.1710,7190300,DIS,104.7540,103.9876,109.6699,106.2160,104.1082,103.6321,94.0344,99.1977
2024-05-23,97.9143,100.2002,97.5349,100.1710,10504000,DIS,104.1650,103.4092,109.4395,105.8905,104.2091,103.5189,94.0967,99.1849
2024-05-24,98.9843,99.3053,97.9435,98.0991,6451600,DIS,103.6315,102.9878,109.2391,105.6196,104.3166,103.4291,94.1675,99.1829
2024-05-28,99.6458,100.0543,98.1964,98.5952,7813100,DIS,103.1626,102.6695,109.0541,105.3854,104.4215,103.3542,94.2209,99.1875
2024-05-29,98.1283,99.2956,98.0213,98.9843,7376300,DIS,102.6656,102.2370,108.8018,105.1008,104.5219,103.2507,94.2800,99.1770
2024-05-30,98.9259,99.2858,98.2159,98.3812,7300600,DIS,102.2385,101.9216,108.5526,104.8586,104.6270,103.1650,94.3441,99.1745
2024-05-31,101.0757,101.2410,98.6439,98.7508,14735800,DIS,101.8149,101.8411,108.3084,104.7103,104.7472,103.1237,94.4274,99.1934
2024-06-03,99.9667,101.3772,99.6847,101.3286,6908600,DIS,101.2853,101.6626,108.0374,104.5242,104.8746,103.0611,94.5087,99.2011
2024-06-04,100.5115,100.6671,98.8578,99.3248,7269100,DIS,100.6462,101.5529,107.7935,104.3669,105.0112,103.0107,94.5947,99.2141
2024-06-05,98.7314,100.2683,98.2742,100.1905,10796900,DIS,100.4570,101.2842,107.4460,104.1459,105.1284,102.9259,94.6716,99.2093
2024-06-06,98.4493,99.1497,98.0602,98.2937,10294700,DIS,100.2513,101.0142,107.0818,103.9225,105.2340,102.8373,94.7475,99.2018
2024-06-07,98.7703,99.4804,97.8073,98.1088,6047800,DIS,100.0441,100.8005,106.7036,103.7204,105.3166,102.7567,94.8255,99.1975
2024-06-10,99.9376,100.0446,97.8949,98.4882,7621900,DIS,99.8957,100.7183,106.3219,103.5721,105.4372,102.7009,94.9091,99.2048
2024-06-11,98.1186,100.0737,97.9921,99.8403,9134200,DIS,99.6545,100.4707,105.9200,103.3582,105.5215,102.6102,94.9999,99.1940
2024-06-12,98.0505,98.9162,97.5155,98.4396,9041800,DIS,99.4332,100.2402,105.4916,103.1501,105.5968,102.5199,95.0860,99.1827
2024-06-13,97.3598,98.3131,96.8929,97.8657,10164600,DIS,99.3029,99.9659,105.1241,102.9230,105.6455,102.4177,95.1648,99.1645
2024-06-14,97.2431,97.6419,96.5428,97.0875,7087600,DIS,99.1375,99.7066,104.7911,102.7003,105.7058,102.3152,95.2419,99.1454
2024-06-17,98.7508,99.1399,97.8754,98.2256,10389000,DIS,99.0534,99.6156,104.4631,102.5454,105.7838,102.2447,95.3271,99.1415
2024-06-18,98.7314,98.9843,97.8657,98.3618,7044700,DIS,98.9853,99.5314,104.1547,102.3958,105.8484,102.1751,95.4151,99.1374
2024-06-20,99.0621,99.1594,97.6419,97.8268,7886900,DIS,98.9284,99.4867,103.8409,102.2651,105.9115,102.1134,95.5146,99.1366
2024-06-21,99.4804,99.7430,98.8189,99.0232,14137300,DIS,98.8919,99.4861,103.5507,102.1559,105.9579,102.0613,95.6184,99.1401
2024-06-24,99.1983,100.2683,99.1302,99.4609,7393600,DIS,98.9561,99.4587,103.2555,102.0399,106.0070,102.0046,95.7218,99.1406
2024-06-25,99.4123,100.8519,98.9940,99.8598,10296100,DIS,98.9775,99.4543,103.0258,101.9369,106.0668,101.9533,95.8283,99.1434
2024-06-26,99.3928,99.5777,98.6633,99.1205,10122300,DIS,98.9648,99.4484,102.8162,101.8371,106.1166,101.9026,95.9298,99.1458
2024-06-27,99.3831,99.4901,99.0329,99.2567,8365200,DIS,99.0276,99.4422,102.5884,101.7409,106.1656,101.8527,96.0267,99.1482
2024-06-28,96.5817,99.7819,95.6965,99.2372,21439400,DIS,98.9104,99.1698,102.3229,101.5385,106.1913,101.7483,96.1039,99.1227
2024-07-01,95.3658,97.0194,95.2101,96.6887,15299000,DIS,98.6249,98.8075,102.0429,101.2965,106.1791,101.6219,96.1760,99.0853
2024-07-02,95.3171,95.3171,94.3055,95.2685,13340300,DIS,98.3924,98.4751,101.7585,101.0620,106.1680,101.4971,96.2431,99.0478
2024-07-03,95.9202,96.3774,95.1615,95.1712,5030000,DIS,98.1628,98.2317,101.4982,100.8603,106.0519,101.3866,96.3078,99.0167
2024-07-05,95.3171,95.6284,94.9183,95.6284,8550800,DIS,97.9921,97.9542,101.1924,100.6430,105.9507,101.2665,96.3722,98.9799
2024-07-08,95.1510,96.0500,94.6819,95.4637,8167600,DIS,97.8272,97.6872,100.8792,100.4276,105.8392,101.1454,96.4507,98.9418
2024-07-09,94.8383,95.3074,93.9588,95.2487,9044400,DIS,97.6306,97.4159,100.5820,100.2084,105.7131,101.0205,96.5247,98.9009
2024-07-10,94.7601,95.0630,94.0565,94.7406,7761100,DIS,97.3717,97.1629,100.2841,99.9948,105.5755,100.8965,96.5974,98.8597
2024-07-11,94.3986,95.3562,94.1054,94.7992,7422600,DIS,97.1857,96.8997,99.9917,99.7753,105.4257,100.7678,96.6756,98.8153
2024-07-12,94.9165,95.6005,94.7699,94.8872,6465700,DIS,97.0290,96.7108,99.7286,99.5848,105.2893,100.6520,96.7574,98.7765
2024-07-15,94.6624,95.2683,94.3986,95.1119,7417700,DIS,96.8942,96.5157,99.4725,99.3917,105.1714,100.5334,96.8427,98.7356
2024-07-16,96.2259,96.4702,94.3399,94.8090,10755500,DIS,96.8433,96.4881,99.2061,99.2676,105.0863,100.4481,96.9364,98.7106
2024-07-17,95.0924,96.3628,94.3302,96.0598,9456100,DIS,96.6604,96.3552,98.8967,99.1038,104.9902,100.3420,97.0235,98.6746
2024-07-18,94.5842,95.8253,94.4767,95.1412,7529400,DIS,96.4530,96.1865,98.5225,98.9266,104.8880,100.2280,97.1035,98.6339
2024-07-19,93.5582,94.6135,93.2650,94.6135,9301000,DIS,96.1778,95.9362,98.3434,98.7161,104.7762,100.0959,97.1753,98.5834
2024-07-22,91.9848,92.9914,91.3594,92.9425,13377000,DIS,95.8030,95.5599,98.1318,98.4521,104.6316,99.9353,97.2497,98.5178
2024-07-23,88.8675,89.6005,87.7828,88.6330,22534700,DIS,95.2865,94.9225,97.8509,98.0762,104.4425,99.7161,97.3095,98.4217
2024-07-24,87.7535,88.6819,87.5385,88.1640,11768500,DIS,94.7036,94.2398,97.5479,97.6714,104.2347,99.4793,97.3565,98.3156
2024-07-25,87.1770,88.4376,87.1770,88.0271,10765300,DIS,94.0928,93.5671,97.2325,97.2599,104.0175,99.2356,97.3903,98.2048
2024-07-26,87.8806,88.4864,87.3040,87.9490,11301900,DIS,93.5176,93.0255,96.9406,96.8921,103.7904,99.0108,97.4191,98.1020
2024-07-29,90.0402,90.4409,88.1346,88.3301,13024800,DIS,93.1906,92.7412,96.7421,96.6234,103.5929,98.8332,97.4573,98.0218
2024-07-30,91.6526,91.8969,89.5809,89.5809,9896100,DIS,93.0049,92.6375,96.5641,96.4284,103.4389,98.6910,97.5042,97.9584
2024-07-31,91.5549,92.6787,91.5060,91.6526,10241800,DIS,92.8168,92.5344,96.3866,96.2373,103.2827,98.5497,97.5531,97.8947
2024-08-01,90.9295,91.8089,90.4897,91.7210,9263600,DIS,92.5673,92.3816,96.2033,96.0292,103.1189,98.3988,97.5988,97.8254
2024-08-02,87.5288,90.0988,86.9717,90.0597,15433600,DIS,92.1778,91.9194,95.9499,95.6958,102.9017,98.1835,97.6209,97.7230
2024-08-05,85.7795,87.5190,84.4505,84.9098,19103200,DIS,91.7093,91.3347,95.6613,95.3069,102.6656,97.9379,97.6319,97.6041
2024-08-06,87.9197,89.8154,85.9555,86.2193,21717500,DIS,91.3633,91.0094,95.4614,95.0172,102.4504,97.7395,97.6610,97.5078
2024-08-07,84.0010,87.2063,83.7958,85.9945,30581900,DIS,90.8254,90.3419,95.1617,94.5852,102.2004,97.4675,97.6775,97.3734
2024-08-08,84.0010,84.3626,81.9978,83.2095,21890500,DIS,90.3055,89.7381,94.8488,94.1702,101.9515,97.2008,97.6968,97.2403
2024-08-09,84.2453,84.2844,82.7795,84.1672,16008400,DIS,89.7720,89.2149,94.5711,93.7810,101.6865,96.9443,97.7152,97.1110
2024-08-12,83.9913,84.4115,83.5320,83.9033,11754600,DIS,89.2384,88.7174,94.2725,93.3970,101.4125,96.6878,97.7349,96.9805
2024-08-13,83.6492,84.4896,83.3658,84.4896,14615200,DIS,88.6096,88.2348,93.9239,93.0148,101.1162,96.4296,97.7624,96.8478
2024-08-14,84.3333,84.5678,83.6101,84.0499,9475100,DIS,88.0716,87.8632,93.6113,92.6743,100.8243,96.1900,97.7973,96.7233
2024-08-15,86.7665,86.9033,85.2225,85.2616,12401000,DIS,87.6807,87.7587,93.3364,92.4426,100.5649,96.0034,97.8466,96.6242
2024-08-16,87.2649,87.6265,86.3268,86.9327,10277700,DIS,87.3661,87.7117,93.1070,92.2396,100.2765,95.8304,97.8918,96.5311
2024-08-19,88.7503,88.8773,87.3724,87.3724,9723600,DIS,87.2043,87.8106,92.9130,92.1028,99.9974,95.6902,97.9400,96.4537
2024-08-20,87.6949,88.6037,87.2747,88.3301,8863400,DIS,87.1457,87.7996,92.6915,91.9299,99.6976,95.5319,97.9855,96.3665
2024-08-21,88.6526,88.7112,87.3920,88.1640,7637600,DIS,87.1906,87.8808,92.4658,91.8014,99.3939,95.3956,98.0250,96.2898
2024-08-22,87.8708,89.2975,87.6558,88.9164,7613000,DIS,87.2253,87.8799,92.2609,91.6472,99.0904,95.2466,98.0519,96.2060
2024-08-23,88.4962,88.6819,87.6363,88.0955,7369200,DIS,87.2561,87.9386,92.0698,91.5237,98.7807,95.1130,98.0871,96.1293
2024-08-26,89.6884,89.7079,88.8480,88.8480,8043800,DIS,87.2385,88.1052,91.9164,91.4517,98.5202,95.0056,98.1255,96.0652
2024-08-27,88.8285,89.6298,88.6819,89.3464,7237400,DIS,87.0973,88.1741,91.7481,91.3488,98.2696,94.8832,98.1600,95.9932
2024-08-28,87.4506,88.5548,86.7372,88.2715,8569700,DIS,86.8921,88.1052,91.5221,91.1960,97.9926,94.7361,98.1593,95.9082
2024-08-29,87.7633,88.6330,87.5874,88.3887,6181800,DIS,86.7338,88.0726,91.3027,91.0613,97.7287,94.5980,98.1702,95.8271
2024-08-30,88.3203,88.3887,87.3626,87.9294,8403600,DIS,86.7734,88.0962,91.0879,90.9538,97.4644,94.4737,98.1782,95.7524
2024-09-03,87.0988,88.4278,86.5222,87.5679,8465500,DIS,86.8393,88.0012,90.8402,90.8027,97.1954,94.3276,98.1722,95.6663
2024-09-04,87.2161,87.9685,86.7959,86.9229,6317200,DIS,86.8042,87.9265,90.6006,90.6620,96.9281,94.1868,98.1529,95.5822
2024-09-05,86.6297,87.6265,86.3268,87.6265,6234100,DIS,86.9356,87.8030,90.3449,90.5039,96.6854,94.0372,98.1279,95.4932
2024-09-06,85.9359,87.0597,85.7209,86.4343,7791500,DIS,87.0323,87.6251,90.0758,90.3248,96.4460,93.8767,98.1011,95.3981
2024-09-09,86.3268,86.8643,85.8089,86.2095,8750200,DIS,87.1364,87.5015,89.8147,90.1680,96.2016,93.7272,98.0721,95.3078
2024-09-10,86.3854,86.8643,85.9750,86.3170,6858300,DIS,87.2561,87.3952,89.6107,90.0196,95.9668,93.5819,98.0461,95.2190
2024-09-11,86.3073,86.4147,84.6167,86.0434,10779000,DIS,87.3890,87.2916,89.4296,89.8741,95.7363,93.4378,98.0168,95.1304
2024-09-12,87.2649,87.2942,86.1704,86.2095,7173300,DIS,87.5356,87.2890,89.2685,89.7717,95.5135,93.3156,97.9874,95.0521
2024-09-13,88.4864,88.6526,87.3529,87.4115,7084200,DIS,87.6216,87.4031,89.1199,89.7213,95.3090,93.2199,97.9685,94.9868
2024-09-16,89.7568,90.2650,88.8773,89.0239,9028600,DIS,87.7462,87.6272,89.0087,89.7227,95.1005,93.1514,97.9689,94.9347
2024-09-17,90.7438,91.1249,90.0695,90.2650,8193100,DIS,87.8459,87.9241,88.9205,89.7628,94.8998,93.1037,97.9742,94.8930
2024-09-18,91.4474,91.9262,90.5777,91.3887,10289800,DIS,88.0335,88.2596,88.8527,89.8288,94.7174,93.0709,97.9821,94.8587
2024-09-19,91.3203,93.1184,91.1933,92.6591,10912400,DIS,88.1669,88.5511,88.7839,89.8873,94.5340,93.0362,97.9898,94.8235
2024-09-20,91.6135,91.8676,90.7047,91.0760,19251500,DIS,88.3540,88.8428,88.7282,89.9550,94.3599,93.0081,98.0019,94.7916
2024-09-23,90.8513,91.5646,90.0597,91.5646,7338700,DIS,88.4718,89.0341,88.6469,89.9902,94.1877,92.9653,98.0160,94.7524
2024-09-24,91.5549,91.6526,90.3529,91.2128,7860300,DIS,88.5651,89.2741,88.5847,90.0515,94.0286,92.9374,98.0302,94.7206
2024-09-25,91.7796,92.2878,91.2226,91.5060,8408200,DIS,88.7127,89.5128,88.4958,90.1193,93.8509,92.9145,98.0414,94.6913
2024-09-26,93.0305,93.6070,92.0337,92.3073,10061600,DIS,88.9916,89.8478,88.4546,90.2335,93.6756,92.9168,98.0551,94.6748
2024-09-27,93.8220,94.6917,93.1086,93.3139,10155400,DIS,89.2946,90.2263,88.4393,90.3742,93.4809,92.9347,98.0758,94.6663
2024-09-30,93.9979,95.3464,93.2650,94.6428,7982300,DIS,89.5785,90.5855,88.4481,90.5163,93.3958,92.9558,98.1028,94.6596
2024-10-01,91.9067,93.6657,91.1933,93.0207,10099200,DIS,89.8189,90.7113,88.4466,90.5708,93.2892,92.9350,98.1109,94.6322
2024-10-02,92.0044,92.4246,91.4572,91.4572,6144200,DIS,90.0583,90.8345,88.5093,90.6270,93.1801,92.9166,98.1140,94.6061
2024-10-03,91.4962,91.9458,91.0076,91.4767,6180300,DIS,90.3016,90.8975,88.5842,90.6611,93.0660,92.8884,98.1169,94.5752
2024-10-04,92.9816,93.1673,91.7503,92.1510,6308900,DIS,90.6539,91.0960,88.7002,90.7521,92.9664,92.8903,98.1302,94.5593
2024-10-07,90.2845,92.9718,89.6689,92.9230,11043600,DIS,90.8518,91.0187,88.7483,90.7338,92.8445,92.8387,98.1248,94.5168
2024-10-08,90.4018,91.6037,89.6005,90.4115,10209100,DIS,91.0526,90.9599,88.7556,90.7208,92.7488,92.7904,98.1329,94.4758
2024-10-09,91.4669,91.8676,89.3757,89.7666,8654500,DIS,91.3106,91.0082,88.7518,90.7500,92.6580,92.7642,98.1427,94.4459
2024-10-10,90.8708,91.7405,90.5777,91.5842,6698000,DIS,91.4909,90.9951,88.7382,90.7548,92.5624,92.7267,98.1544,94.4103
2024-10-11,91.9848,92.4539,90.6852,90.7340,8089100,DIS,91.6658,91.0894,88.7593,90.8030,92.4813,92.7120,98.1719,94.3862
2024-10-14,92.8057,93.0207,91.6624,92.0337,6262000,DIS,91.8182,91.2528,88.8648,90.8815,92.4073,92.7139,98.1964,94.3704
2024-10-15,92.0728,93.4702,91.5451,93.0793,6535800,DIS,91.8847,91.3309,88.9907,90.9282,92.3260,92.7012,98.2171,94.3476
2024-10-16,94.5451,94.5842,91.4962,91.5940,9936300,DIS,92.0396,91.6371,89.1232,91.0701,92.2923,92.7377,98.2507,94.3496
2024-10-17,94.3399,95.1119,93.4311,94.7210,9542500,DIS,92.1905,91.8945,89.3300,91.1983,92.2458,92.7694,98.2812,94.3495
2024-10-18,95.0631,95.3171,93.8611,94.7992,8609700,DIS,92.3630,92.1962,89.5512,91.3499,92.2000,92.8149,98.3108,94.3566
2024-10-21,94.4181,95.2292,93.7634,94.9849,8189900,DIS,92.5414,92.4078,89.7547,91.4702,92.1629,92.8466,98.3424,94.3572
2024-10-22,94.5354,95.0435,94.0077,94.0077,5344300,DIS,92.6904,92.6105,89.9655,91.5904,92.1190,92.8800,98.3730,94.3589
2024-10-23,94.0468,94.9262,93.8025,94.7210,5388500,DIS,92.8037,92.7473,90.1735,91.6867,92.0487,92.9031,98.3980,94.3558
2024-10-24,93.2259,94.5940,93.0793,94.3986,5015300,DIS,92.8135,92.7928,90.3513,91.7471,91.9813,92.9095,98.4280,94.3446
2024-10-25,92.8643,94.6429,92.8448,93.6266,6638100,DIS,92.7656,92.7996,90.4733,91.7909,91.9048,92.9086,98.4580,94.3299
2024-10-28,94.0077,94.4865,93.0402,93.0500,8146400,DIS,92.7661,92.9147,90.6082,91.8778,91.8576,92.9304,98.4930,94.3267
2024-10-29,93.9393,94.4181,93.4995,94.0663,6834400,DIS,92.8678,93.0123,90.7119,91.9587,91.8125,92.9504,98.5233,94.3228
2024-10-30,92.9132,94.5060,92.7764,93.5191,7718200,DIS,92.9132,93.0028,90.8163,91.9961,91.7539,92.9496,98.5353,94.3088
2024-10-31,94.0077,94.4279,92.8350,93.0989,8147700,DIS,93.0388,93.0985,90.9234,92.0750,91.6946,92.9706,98.5659,94.3058
2024-11-01,93.6266,94.1933,92.6689,93.5191,7944900,DIS,93.0710,93.1488,91.0385,92.1358,91.6497,92.9836,98.5856,94.2990
2024-11-04,93.6070,93.8318,92.8643,93.6461,6088000,DIS,93.2371,93.1925,91.1407,92.1935,91.6053,92.9959,98.6010,94.2921
2024-11-05,94.4279,94.4670,93.0793,93.4213,6561700,DIS,93.4384,93.3101,91.2355,92.2812,91.5759,93.0243,98.6107,94.2935
2024-11-06,96.6364,97.2813,95.9719,95.9719,11325100,DIS,93.6969,93.6269,91.3917,92.4519,91.5699,93.0958,98.6378,94.3168
2024-11-07,96.6755,97.2520,95.8937,96.5289,7805100,DIS,93.9872,93.9172,91.5762,92.6176,91.5491,93.1667,98.6665,94.3403
2024-11-08,96.7634,96.9979,95.3855,96.4800,7982100,DIS,94.2261,94.1883,91.7562,92.7802,91.5294,93.2379,98.6889,94.3644
2024-11-11,98.5615,98.6006,96.7439,96.7439,9137900,DIS,94.5139,94.6048,91.9610,93.0069,91.5244,93.3433,98.7179,94.4061
2024-11-12,98.6885,98.9817,97.2325,98.2585,9366200,DIS,94.8447,94.9937,92.1928,93.2297,91.5165,93.4492,98.7372,94.4488
2024-11-13,100.3791,100.8481,98.0631,98.4931,17701300,DIS,95.1363,95.5066,92.4561,93.5101,91.5283,93.5864,98.7676,94.5078
2024-11-14,106.6332,112.1936,105.9296,107.8157,47436100,DIS,95.7510,96.5663,92.8561,94.0247,91.6005,93.8448,98.8337,94.6284
2024-11-15,112.4574,112.5649,107.7375,107.7375,32048000,DIS,96.6207,98.0797,93.3866,94.7475,91.7312,94.2133,98.9239,94.8058
2024-11-18,110.9525,112.8092,110.3173,110.7473,14226200,DIS,97.4475,99.3057,93.8791,95.3830,91.8469,94.5448,99.0062,94.9665
2024-11-19,109.8580,109.9362,108.2945,109.4965,12166800,DIS,98.2136,100.3107,94.3485,95.9507,91.9796,94.8480,99.0855,95.1147
2024-11-20,111.6561,111.7636,108.9297,109.7017,9319300,DIS,99.0941,101.3912,94.8555,96.5666,92.1425,95.1809,99.1608,95.2792
2024-11-21,112.1056,113.6008,111.2359,111.5486,10261000,DIS,100.0380,102.4116,95.3523,97.1759,92.3104,95.5160,99.2392,95.4467
2024-11-22,113.0144,113.6887,111.0111,111.2554,10098000,DIS,101.0455,103.4214,95.8429,97.7971,92.4814,95.8625,99.2666,95.6215
2024-11-25,113.3564,113.9232,112.3108,113.0437,10397800,DIS,102.0130,104.3676,96.3149,98.4072,92.6618,96.2089,99.3063,95.7979
2024-11-26,112.8190,113.7669,112.8092,113.3564,6808100,DIS,102.9570,105.1725,96.7564,98.9724,92.8384,96.5378,99.3388,95.9673
2024-11-27,114.9200,115.5063,112.8190,112.8190,8142400,DIS,104.0573,106.1008,97.2258,99.5978,93.0393,96.9018,99.3762,96.1559
2024-11-29,114.7929,115.0568,114.0698,114.5877,5095200,DIS,105.0966,106.9287,97.6953,100.1937,93.2396,97.2561,99.4075,96.3413
2024-12-02,114.4900,115.9265,113.8939,115.0959,8390500,DIS,106.1397,107.6488,98.1528,100.7543,93.4405,97.5974,99.4331,96.5219
2024-12-03,113.7962,114.5584,112.8190,114.3336,9194000,DIS,107.1492,108.2343,98.6117,101.2658,93.6293,97.9182,99.4593,96.6938
2024-12-04,114.3239,114.6170,113.2001,113.3271,7996200,DIS,108.1440,108.8142,99.0671,101.7779,93.8259,98.2430,99.4986,96.8692
2024-12-05,113.8451,114.5975,113.4151,113.8939,9823600,DIS,109.0044,109.2933,99.5084,102.2511,94.0021,98.5520,99.5442,97.0381
2024-12-06,114.0698,114.5877,113.5714,113.8939,6677900,DIS,109.8742,109.7482,99.9292,102.7146,94.1919,98.8593,99.5910,97.2076
2024-12-09,111.9981,114.5095,111.3141,113.7375,8666100,DIS,110.6359,109.9625,100.2927,103.0786,94.3660,99.1194,99.6270,97.3548
2024-12-10,112.1154,112.3304,111.1284,112.0372,7526400,DIS,111.3136,110.1676,100.6551,103.4330,94.5516,99.3768,99.6639,97.5016
2024-12-11,111.9981,112.4281,111.3825,112.0274,6426800,DIS,111.9791,110.3419,101.0569,103.7689,94.7517,99.6267,99.6917,97.6459
2024-12-12,112.2815,112.3890,111.5584,112.0861,5285100,DIS,112.5742,110.5266,101.4624,104.1027,94.9859,99.8773,99.7142,97.7915
2024-12-13,110.7571,112.3401,110.7180,111.7147,6864500,DIS,112.7804,110.5486,101.8476,104.3637,95.2159,100.0927,99.7253,97.9205
2024-12-16,110.0405,110.9828,109.6676,110.9141,10528500,DIS,112.6595,110.5002,102.1888,104.5863,95.4445,100.2897,99.7310,98.0411
2024-12-17,110.9337,111.9349,108.7547,108.9805,12238600,DIS,112.6586,110.5415,102.6018,104.8352,95.6751,100.5005,99.7328,98.1694
2024-12-18,109.2946,113.9765,109.1866,111.2478,12292800,DIS,112.6304,110.4227,102.9797,105.0101,95.8676,100.6746,99.7303,98.2801
2024-12-19,109.3142,110.8258,109.1964,109.5989,9468500,DIS,112.5133,110.3171,103.3366,105.1789,96.0442,100.8457,99.7415,98.3899
2024-12-20,109.9620,110.8847,108.3915,108.5682,17955300,DIS,112.4061,110.2833,103.7184,105.3665,96.2283,101.0262,99.7555,98.5050
2024-12-23,109.3436,109.7853,108.2738,109.5498,6037200,DIS,112.2226,110.1938,104.0656,105.5224,96.4124,101.1909,99.7656,98.6129
2024-12-24,110.4822,110.6589,109.1375,109.1964,2475000,DIS,112.0789,110.2213,104.4191,105.7169,96.6420,101.3749,99.7718,98.7310
2024-12-26,110.4724,111.2282,109.7952,110.0504,4781400,DIS,111.9616,110.2452,104.7871,105.9034,96.8889,101.5551,99.7772,98.8478
2024-12-27,109.4909,110.0504,108.8136,109.7559,4523800,DIS,111.6901,110.1734,105.0860,106.0441,97.1046,101.7122,99.7775,98.9537
2024-12-30,108.7547,109.4811,107.8026,108.3915,5716300,DIS,111.3882,110.0383,105.3743,106.1504,97.3521,101.8517,99.7763,99.0512
2024-12-31,109.2946,109.5301,108.6271,108.7351,4757500,DIS,111.1284,109.9674,105.6590,106.2737,97.6051,101.9991,99.7783,99.1532
2025-01-02,108.7744,110.1289,108.1363,109.6381,5688100,DIS,110.8773,109.8538,105.9461,106.3718,97.8504,102.1332,99.7684,99.2489
2025-01-03,109.1081,109.4811,108.1462,109.3142,5393100,DIS,110.6166,109.7828,106.2375,106.4791,98.1015,102.2713,99.7570,99.3470
2025-01-06,109.0001,110.7669,108.8234,109.4124,6274400,DIS,110.3743,109.7082,106.5366,106.5779,98.3551,102.4046,99.7356,99.4431
2025-01-07,109.3338,111.6405,109.2357,110.0798,7878800,DIS,110.1375,109.6726,106.8588,106.6860,98.6051,102.5418,99.7147,99.5415
2025-01-08,107.7339,109.0590,106.6346,108.9510,7805300,DIS,109.9243,109.4880,107.1562,106.7271,98.8147,102.6446,99.6898,99.6230
2025-01-10,106.6444,108.4995,105.6334,107.9695,8835500,DIS,109.6507,109.2171,107.4089,106.7239,99.0085,102.7238,99.6425,99.6929
2025-01-13,106.0849,106.6051,104.7500,105.9377,6690200,DIS,109.3551,108.9188,107.6518,106.6988,99.1819,102.7904,99.5897,99.7565
2025-01-14,106.1242,106.9487,105.6236,106.6739,5501600,DIS,109.0472,108.6527,107.9160,106.6763,99.3662,102.8564,99.5319,99.8198
2025-01-15,106.1831,107.5769,105.9966,107.1548,6296900,DIS,108.8185,108.4175,108.1595,106.6569,99.5415,102.9223,99.4677,99.8831
2025-01-16,104.4948,106.5953,104.2004,106.2911,7872800,DIS,108.5412,108.0439,108.3769,106.5721,99.7077,102.9534,99.3991,99.9290
2025-01-17,105.0445,105.7512,104.5734,104.8580,7144300,DIS,108.2468,107.7582,108.6057,106.5122,99.8732,102.9948,99.3270,99.9799
2025-01-21,106.6935,107.4296,104.8286,105.1230,8643700,DIS,108.1167,107.6568,108.8510,106.5193,100.0432,103.0680,99.2817,100.0467
2025-01-22,106.8015,107.5278,106.2322,107.5278,8781700,DIS,107.9911,107.5754,109.0543,106.5304,100.2230,103.1420,99.2463,100.1139
2025-01-23,108.9903,109.0197,106.4874,106.4972,7608300,DIS,107.9425,107.7101,109.3006,106.6269,100.4384,103.2578,99.2155,100.2023
2025-01-24,110.0896,111.2969,108.5879,109.1081,8304500,DIS,107.9798,107.9367,109.5671,106.7627,100.6616,103.3931,99.1952,100.3006
2025-01-27,111.2478,111.9742,109.4025,109.6185,10176900,DIS,108.0181,108.2521,109.8208,106.9386,100.8909,103.5486,99.1777,100.4096
2025-01-28,110.0700,110.8748,109.5007,110.7669,6516800,DIS,107.9980,108.4252,110.0484,107.0614,101.1206,103.6777,99.1580,100.5057
2025-01-29,111.1006,112.2686,110.6785,111.4049,7607100,DIS,108.0784,108.6800,110.2629,107.2198,101.3595,103.8247,99.1438,100.6111
2025-01-30,111.3362,113.0539,111.0319,111.9840,6236200,DIS,108.2075,108.9330,110.3569,107.3812,101.6065,103.9735,99.1459,100.7178
2025-01-31,110.9730,111.9055,110.6785,111.2086,7793400,DIS,108.2914,109.1273,110.3272,107.5220,101.8569,104.1121,99.1515,100.8199
2025-02-03,111.8957,112.4846,108.8136,109.2946,8870700,DIS,108.4475,109.3909,110.3461,107.6936,102.1126,104.2662,99.1571,100.9301
2025-02-04,111.2086,112.5435,110.4332,111.6994,13521100,DIS,108.5525,109.5640,110.3731,107.8314,102.3608,104.4037,99.1638,101.0324
2025-02-05,108.4995,116.4009,108.1953,113.5643,23310000,DIS,108.5275,109.4627,110.3100,107.8576,102.5827,104.4848,99.1595,101.1067
2025-02-06,110.0209,110.6000,107.1352,109.8148,12470800,DIS,108.5619,109.5158,110.2683,107.9424,102.8103,104.5944,99.1619,101.1954
2025-02-07,108.8136,110.4724,108.7645,109.5498,8669300,DIS,108.6158,109.4489,110.1843,107.9766,103.0136,104.6780,99.1613,101.2712
2025-02-10,107.2628,109.3240,106.6837,109.0884,8239500,DIS,108.6468,109.2407,110.0624,107.9486,103.1886,104.7291,99.1446,101.3308
2025-02-11,107.0076,107.0370,105.7021,106.3794,7456700,DIS,108.6929,109.0281,109.9462,107.9117,103.3513,104.7743,99.1256,101.3873
2025-02-12,107.2137,107.5082,105.7610,106.2518,6521200,DIS,108.7474,108.8553,109.7921,107.8843,103.5089,104.8226,99.1132,101.4452
2025-02-13,107.5671,107.7339,106.5561,106.9094,6553200,DIS,108.8166,108.7326,109.6475,107.8719,103.6714,104.8769,99.1027,101.5061
2025-02-14,108.3425,108.4701,107.5671,107.8321,5964500,DIS,109.0089,108.6954,109.5246,107.8903,103.8387,104.9455,99.0993,101.5742
2025-02-18,107.5376,107.8910,106.7033,107.7536,8362900,DIS,109.1336,108.5852,109.3994,107.8765,104.0056,104.9969,99.0966,101.6335
2025-02-19,109.2946,109.6970,107.1254,107.1254,8452100,DIS,109.2637,108.6527,109.2988,107.9321,104.1830,105.0820,99.1058,101.7097
2025-02-20,108.5093,109.4614,107.3609,109.1866,5970100,DIS,109.3490,108.6391,109.1921,107.9548,104.3503,105.1498,99.1006,101.7774
2025-02-21,106.6542,109.6970,105.9279,108.9510,9082100,DIS,109.2322,108.4500,109.0438,107.9038,104.4865,105.1796,99.0811,101.8259
2025-02-24,109.1473,109.5007,106.6444,106.8309,7093300,DIS,109.1851,108.5164,108.9868,107.9525,104.6397,105.2582,99.0603,101.8988
2025-02-25,108.4897,109.8344,107.0567,109.3731,7289000,DIS,109.0472,108.5139,108.9143,107.9736,104.7847,105.3222,99.0902,101.9644
2025-02-26,109.7657,111.1595,108.0284,108.0284,7831600,DIS,109.0320,108.6331,108.8696,108.0439,104.9633,105.4102,99.1262,102.0420
2025-02-27,109.2553,111.0319,109.0099,110.2467,7854700,DIS,108.9397,108.6924,108.8091,108.0914,105.1358,105.4863,99.1579,102.1138
2025-02-28,111.6993,111.8858,108.9510,109.4025,14609400,DIS,108.9579,108.9787,108.8279,108.2329,105.3378,105.6094,99.2019,102.2091
2025-03-03,110.7080,113.4170,109.9326,111.9644,7884700,DIS,108.9447,109.1434,108.8413,108.3299,105.5151,105.7103,99.2407,102.2937
2025-03-04,106.9978,110.1780,106.2714,109.6381,12658000,DIS,108.6998,108.9391,108.7626,108.2777,105.6822,105.7358,99.2633,102.3405
2025-03-05,107.2922,108.8921,106.2223,107.3217,9956100,DIS,108.5039,108.7822,108.7225,108.2390,105.8511,105.7666,99.3000,102.3898
2025-03-06,103.4838,106.8211,103.0814,106.3794,11618800,DIS,108.2532,108.2776,108.6059,108.0526,105.9713,105.7214,99.3146,102.4007
2025-03-07,103.5624,103.8176,101.4030,103.0618,12715900,DIS,107.9302,107.8286,108.4779,107.8765,106.0982,105.6787,99.3303,102.4122
2025-03-10,101.1772,102.8655,100.2251,102.5023,10947100,DIS,107.5484,107.1951,108.3146,107.6138,106.1901,105.5895,99.3357,102.3999
2025-03-11,96.0928,99.1749,95.6512,97.9480,16906000,DIS,106.9899,106.1377,108.0268,107.1620,106.2230,105.4015,99.3152,102.3372
2025-03-12,96.9370,97.6535,94.6009,96.8584,11891800,DIS,106.4864,105.2615,107.7561,106.7610,106.2716,105.2339,99.2988,102.2834
2025-03-13,95.0819,96.8290,94.1592,95.9652,11059500,DIS,105.8798,104.2920,107.4679,106.3030,106.2770,105.0328,99.2846,102.2118
2025-03-14,96.8192,97.2707,95.6217,95.6413,10199800,DIS,105.3424,103.5803,107.2292,105.9311,106.3018,104.8702,99.2738,102.1581
2025-03-17,97.5259,98.2719,96.8388,96.9173,8332100,DIS,104.8016,103.0037,106.9938,105.6014,106.3264,104.7248,99.2632,102.1120
2025-03-18,97.5161,97.8891,96.6621,97.4376,6727000,DIS,104.3005,102.4811,106.7687,105.2844,106.3574,104.5820,99.2601,102.0663
2025-03-19,98.4387,99.0964,97.6339,97.8204,8614600,DIS,103.7577,102.0961,106.5553,105.0159,106.3964,104.4604,99.2577,102.0302
2025-03-20,97.0351,98.2032,96.8192,97.7320,7836500,DIS,103.1840,101.6141,106.3160,104.7029,106.4263,104.3133,99.2375,101.9805
2025-03-21,97.6241,98.0461,95.9456,96.5640,15089900,DIS,102.7325,101.2341,106.0818,104.4253,106.4703,104.1809,99.2258,101.9372
2025-03-24,98.3308,98.5860,97.0351,98.3700,8224400,DIS,102.1917,100.9576,105.8937,104.1863,106.5249,104.0650,99.2149,101.9013
2025-03-25,99.7344,99.8816,98.5565,98.7921,7365200,DIS,101.7539,100.8411,105.7555,104.0118,106.5822,103.9793,99.2199,101.8797
2025-03-26,98.9197,100.3822,98.4093,99.8227,6314000,DIS,101.2116,100.6581,105.6122,103.8121,106.6320,103.8791,99.2223,101.8503
2025-03-27,98.5958,99.1651,97.7418,98.8510,6598800,DIS,100.6786,100.4617,105.4617,103.6075,106.6888,103.7745,99.2214,101.8179
2025-03-28,96.2597,98.5369,95.9358,98.2032,7679700,DIS,99.9066,100.0615,105.2632,103.3194,106.7114,103.6257,99.2030,101.7626
2025-03-31,96.8781,97.0253,93.9335,95.0426,10554000,DIS,99.2151,99.7583,105.1109,103.0668,106.7439,103.4920,99.1968,101.7140
2025-04-01,95.8769,96.7701,95.0524,96.5051,8762700,DIS,98.6591,99.3886,104.9275,102.7848,106.7666,103.3412,99.1859,101.6559
2025-04-02,96.0732,96.4953,94.6696,94.8365,7959900,DIS,98.0981,99.0729,104.7151,102.5216,106.7830,103.1973,99.1795,101.6003
2025-04-03,87.2001,93.0304,86.9743,92.7654,19353400,DIS,97.2839,97.9421,104.3231,101.9208,106.6887,102.8805,99.1293,101.4571
2025-04-04,81.9881,85.9241,81.5464,84.4125,22580900,DIS,96.2052,96.4227,103.7830,101.1391,106.5418,102.4668,99.0455,101.2633
2025-04-07,81.7623,85.0309,78.6214,79.4950,20456000,DIS,95.2345,95.0265,103.2165,100.3792,106.3918,102.0568,98.9606,101.0693
2025-04-08,80.2115,85.3450,79.3576,84.3634,14845600,DIS,94.4404,93.6155,102.5957,99.5883,106.2083,101.6243,98.8664,100.8618
2025-04-09,89.7521,90.5471,79.6913,79.7895,24970900,DIS,94.0812,93.2476,102.1894,99.2026,106.1189,101.3892,98.8177,100.7512
2025-04-10,83.6567,87.3670,81.5366,87.2786,16377000,DIS,93.5099,92.3342,101.6405,98.5929,105.9517,101.0380,98.7400,100.5811
2025-04-11,83.3230,84.0886,81.8114,83.5389,10204400,DIS,92.8351,91.4760,101.0803,97.9941,105.7186,100.6872,98.6596,100.4094
2025-04-14,83.0972,84.8542,82.4789,84.2456,10841300,DIS,92.1137,90.6780,100.5227,97.4099,105.4250,100.3389,98.5781,100.2371
2025-04-15,83.4408,84.3929,82.9598,83.1856,7840500,DIS,91.4099,89.9887,99.9536,96.8621,105.1499,100.0043,98.4984,100.0700
2025-04-16,81.2421,83.2347,80.4962,82.7243,10144300,DIS,90.5501,89.1557,99.3543,96.2496,104.8637,99.6328,98.4217,99.8827
2025-04-17,83.2445,84.1966,81.8212,81.8311,14810900,DIS,89.8606,88.5927,98.8492,95.7396,104.5796,99.3083,98.3611,99.7171
2025-04-21,82.4494,83.6567,81.4483,83.3426,14166800,DIS,89.1018,88.0077,98.2978,95.2184,104.2830,98.9744,98.2967,99.5453
2025-04-22,84.5008,84.9622,83.0384,83.4408,9578500,DIS,88.4103,87.6737,97.8115,94.7981,103.9979,98.6878,98.2396,99.3956
2025-04-23,85.6787,88.2111,85.4235,87.3866,12089100,DIS,87.7075,87.4837,97.3798,94.4405,103.7211,98.4302,98.1914,99.2591
2025-04-24,88.3485,88.5742,85.1683,85.8357,10310000,DIS,87.1790,87.5661,97.0067,94.2016,103.4764,98.2306,98.1574,99.1505
2025-04-25,88.6135,88.6724,87.4258,88.4074,7749600,DIS,86.6799,87.6658,96.6347,93.9824,103.2134,98.0401,98.1263,99.0457
2025-04-28,88.4957,89.6834,87.9853,88.7804,8491800,DIS,86.2917,87.7448,96.2532,93.7673,102.9504,97.8511,98.0950,98.9407
2025-04-29,89.4871,89.9680,88.1031,88.1718,6359900,DIS,85.9221,87.9108,95.8761,93.5994,102.7004,97.6855,98.0704,98.8467
2025-04-30,89.2711,89.5067,86.9253,88.2307,8474800,DIS,85.5918,88.0403,95.5108,93.4297,102.4551,97.5189,98.0422,98.7514
2025-05-01,89.1337,89.9189,88.6920,89.5852,7790600,DIS,85.2449,88.1445,95.1076,93.2612,102.2032,97.3528,98.0146,98.6557
2025-05-02,90.7827,91.4698,90.1447,90.1447,7594000,DIS,85.4240,88.3957,94.7530,93.1640,101.9726,97.2227,97.9873,98.5773
2025-05-05,90.4097,91.3618,87.9559,88.0442,10231000,DIS,85.8451,88.5875,94.4282,93.0560,101.7360,97.0878,97.9639,98.4961
2025-05-06,90.4686,91.0281,89.3202,89.5165,11839400,DIS,86.2804,88.7667,94.0546,92.9545,101.5207,96.9568,97.9433,98.4162
2025-05-07,100.2055,101.4030,98.2915,100.5294,36155300,DIS,87.2801,89.8561,93.8889,93.2389,101.4016,97.0211,97.9766,98.4340
2025-05-08,103.1796,104.2298,101.9428,102.0508,19265400,DIS,87.9515,91.1250,93.7572,93.6287,101.3134,97.1430,98.0326,98.4812
2025-05-09,103.9844,104.2298,102.8262,103.3170,10438200,DIS,88.9678,92.3497,93.6518,94.0348,101.2304,97.2785,98.1081,98.5360
2025-05-12,108.4504,108.8921,106.6542,107.8419,18366600,DIS,90.2242,93.8831,93.5868,94.6001,101.2074,97.4997,98.2116,98.6346
2025-05-13,109.3240,110.1289,108.1167,108.2149,14076700,DIS,91.5355,95.3537,93.5591,95.1775,101.2002,97.7339,98.3224,98.7410
2025-05-14,110.8552,111.3166,108.7842,109.3240,15352200,DIS,92.9063,96.8300,93.6362,95.7924,101.1994,97.9937,98.4372,98.8615
2025-05-15,110.1485,110.7669,109.5203,110.1583,8322400,DIS,94.3516,98.0984,93.6934,96.3553,101.2079,98.2344,98.5378,98.9738
2025-05-16,111.3264,111.3460,109.3633,109.8541,10961000,DIS,95.7557,99.3582,93.8502,96.9424,101.2281,98.4936,98.6361,99.0968
2025-05-19,110.5804,110.9043,109.8344,110.0504,7209700,DIS,97.1622,100.4270,93.9906,97.4773,101.2343,98.7330,98.7313,99.2110
2025-05-20,110.2859,111.3067,109.7461,110.3645,6433300,DIS,98.4515,101.3660,94.1728,97.9796,101.2437,98.9618,98.8281,99.3212
2025-05-21,108.4210,110.4135,108.0971,109.6283,10150600,DIS,99.5886,102.0379,94.4193,98.3890,101.2231,99.1491,98.9325,99.4118
2025-05-22,109.0786,109.7363,107.9499,107.9499,7903700,DIS,100.6251,102.7084,94.6622,98.8082,101.2091,99.3457,99.0490,99.5079
2025-05-23,107.6947,108.3130,106.7720,107.5769,8086100,DIS,101.5792,103.1833,94.9144,99.1567,101.1912,99.5110,99.1479,99.5894
2025-05-27,110.2859,110.8061,108.1167,108.9805,10201100,DIS,102.6687,103.8597,95.1837,99.5932,101.2065,99.7244,99.2793,99.6958
2025-05-28,109.4614,110.3939,109.1179,110.1289,5787900,DIS,103.6674,104.3932,95.4225,99.9802,101.2081,99.9172,99.4066,99.7930
2025-05-29,109.9522,110.1878,108.4799,109.9424,9682100,DIS,104.7014,104.9227,95.6712,100.3712,101.2199,100.1159,99.5351,99.8941
2025-05-30,110.9534,111.2577,109.3142,109.9424,12881100,DIS,105.7924,105.4970,95.9215,100.7862,101.2384,100.3305,99.6700,100.0041
2025-06-02,110.8650,111.5030,110.1780,110.6000,7546800,DIS,106.7965,106.0083,96.1981,101.1814,101.2570,100.5391,99.8060,100.1122
2025-06-03,111.5030,112.5729,110.4430,110.6491,9738800,DIS,107.8512,106.5316,96.4756,101.5862,101.2787,100.7562,99.9419,100.2255
2025-06-04,111.3951,111.9447,110.8945,111.7582,5614900,DIS,108.8975,106.9948,96.7369,101.9709,101.3153,100.9669,100.0650,100.3367
2025-06-05,110.4528,112.2294,109.7755,111.6306,8547200,DIS,109.4099,107.3241,96.9513,102.3035,101.3534,101.1547,100.1810,100.4373
2025-06-06,111.7975,112.1116,111.1202,111.2675,5790700,DIS,109.8408,107.7501,97.2089,102.6758,101.4105,101.3655,100.2962,100.5504
2025-06-09,113.5250,113.9667,111.8760,111.8760,7960400,DIS,110.3178,108.3001,97.5074,103.1013,101.4845,101.6063,100.4254,100.6795
2025-06-10,116.5384,118.2757,113.3974,113.3974,18948400,DIS,110.7222,109.0847,97.9130,103.6282,101.5881,101.9020,100.5648,100.8373
2025-06-11,117.3138,117.3432,115.4783,116.1948,10439200,DIS,111.1217,109.8684,98.3217,104.1649,101.7163,102.2071,100.7120,101.0012
2025-06-12,116.4205,117.1861,115.4881,116.6758,7980300,DIS,111.4000,110.4924,98.7326,104.6455,101.8300,102.4886,100.8516,101.1547
2025-06-13,115.7629,116.1359,115.1347,115.1445,13204900,DIS,111.6807,110.9944,99.1264,105.0815,101.9207,102.7514,100.9820,101.3000
2025-06-16,117.2745,118.1186,115.6942,115.8414,9592100,DIS,111.9781,111.5925,99.7279,105.5597,102.0255,103.0390,101.1242,101.4590
2025-06-17,115.9494,117.1273,115.4783,116.7935,9241200,DIS,112.2466,112.0074,100.4071,105.9671,102.0951,103.2947,101.2667,101.6031
2025-06-18,115.6844,116.5580,114.6832,115.7040,8181200,DIS,112.5165,112.3576,101.0856,106.3482,102.1510,103.5400,101.4063,101.7433
2025-06-20,115.4586,116.8524,114.7421,116.0672,17180400,DIS,112.8684,112.6530,101.7905,106.7054,102.1931,103.7760,101.5420,101.8797
2025-06-23,115.5764,115.8120,112.8968,114.5066,8348000,DIS,113.1933,112.9314,102.3070,107.0533,102.2482,104.0097,101.6844,102.0160
2025-06-24,116.9565,117.3803,116.0693,116.0693,8350200,DIS,113.6563,113.3147,102.9730,107.4417,102.3067,104.2661,101.8331,102.1647
2025-06-25,117.7155,118.0112,116.9367,117.0747,6976300,DIS,114.0278,113.7338,103.6608,107.8446,102.3705,104.5324,101.9885,102.3194
2025-06-26,119.7263,119.9333,117.9717,118.2675,10439600,DIS,114.5411,114.3046,104.3934,108.3105,102.4581,104.8333,102.1575,102.4926
2025-06-27,120.5938,121.1852,119.7461,120.1108,13435600,DIS,115.0731,114.9035,105.1365,108.7922,102.5451,105.1454,102.3288,102.6727
2025-06-30,122.2399,122.9102,121.4218,122.5357,13456200,DIS,115.6375,115.6022,105.9564,109.3196,102.6554,105.4839,102.5081,102.8674
2025-07-01,121.7274,121.9935,120.7022,121.7372,9815700,DIS,116.1806,116.1856,106.7261,109.8062,102.7876,105.8055,102.6852,103.0551
2025-07-02,121.2246,121.9344,120.7811,121.5598,7317100,DIS,116.6667,116.6655,107.5016,110.2539,102.8997,106.1109,102.8550,103.2359
2025-07-03,122.2301,122.4667,121.1458,121.3134,4252300,DIS,117.2084,117.1955,108.2562,110.7236,103.0338,106.4300,103.0237,103.4249
2025-07-07,121.4021,122.8314,120.8304,121.4514,7023500,DIS,117.7559,117.5961,108.9706,111.1424,103.1752,106.7265,103.1819,103.6037
2025-07-08,120.0812,121.9442,120.0812,121.4612,6622900,DIS,118.1701,117.8328,109.6053,111.4929,103.3060,106.9910,103.3286,103.7677
2025-07-09,118.8885,120.6036,118.8885,120.1009,6724900,DIS,118.4382,117.9333,110.2108,111.7829,103.4227,107.2266,103.4658,103.9182
2025-07-10,119.8249,120.2093,118.8983,118.8983,6888700,DIS,118.6026,118.1135,110.8374,112.0983,103.5453,107.4760,103.6084,104.0764
2025-07-11,118.1590,119.4996,118.0210,118.9180,6112400,DIS,118.6448,118.1178,111.4108,112.3360,103.6435,107.6876,103.7411,104.2166
2025-07-14,118.2576,118.7800,117.8929,118.0703,6853300,DIS,118.7367,118.1311,111.9905,112.5682,103.7507,107.8969,103.8781,104.3563
2025-07-15,117.2817,118.5139,117.1832,118.5139,7943600,DIS,118.8126,118.0502,112.5535,112.7530,103.8305,108.0827,104.0067,104.4849
2025-07-16,118.1097,118.8490,117.1832,117.6563,6747500,DIS,118.8544,118.0559,113.1000,112.9631,103.9265,108.2813,104.1384,104.6205
2025-07-17,120.4656,120.6431,118.0407,118.0407,9933700,DIS,119.0802,118.2854,113.7012,113.2573,104.0647,108.5226,104.2756,104.7781
2025-07-18,119.6869,120.4164,118.5730,120.2291,9486800,DIS,119.2803,118.4189,114.2855,113.5095,104.1701,108.7436,104.4049,104.9265
2025-07-21,119.1152,120.2291,119.0560,119.3419,6392500,DIS,119.4632,118.4852,114.6637,113.7293,104.2763,108.9490,104.5305,105.0676
2025-07-22,119.3320,119.6968,118.8392,119.0265,5614500,DIS,119.6509,118.5658,114.9868,113.9490,104.3720,109.1546,104.6676,105.2096
2025-07-23,121.1852,121.4218,119.7658,119.7855,8258900,DIS,119.8624,118.8153,115.3308,114.2328,104.4913,109.3928,104.8135,105.3685
2025-07-24,120.2093,121.6387,120.0713,121.0965,6702200,DIS,119.9871,118.9481,115.5660,114.4672,104.5764,109.6070,104.9571,105.5162
2025-07-25,119.7362,120.7022,119.1448,120.5149,5656600,DIS,119.9876,119.0231,115.7742,114.6738,104.6667,109.8076,105.0909,105.6577
2025-07-28,118.6519,119.6672,118.1787,119.3025,6042200,DIS,119.8905,118.9878,115.9301,114.8298,104.7832,109.9827,105.2327,105.7870
2025-07-29,118.1985,119.0856,117.6563,118.8589,6283700,DIS,119.6884,118.9126,116.0911,114.9619,104.8923,110.1454,105.3717,105.9105
2025-07-30,117.8337,118.7800,117.4789,118.2379,5281500,DIS,119.4937,118.8099,116.2213,115.0745,105.0358,110.2977,105.5035,106.0291
2025-07-31,117.4099,118.1985,116.8874,117.7549,7235000,DIS,119.3030,118.6765,116.3579,115.1661,105.1742,110.4385,105.6362,106.1424
2025-08-01,114.9258,116.2073,113.9204,115.9116,8637800,DIS,118.9378,118.3193,116.4507,115.1567,105.3117,110.5274,105.7509,106.2298
2025-08-04,117.6465,117.8140,116.0496,116.0496,8845000,DIS,118.7500,118.2552,116.6352,115.2543,105.5273,110.6683,105.8751,106.3434
2025-08-05,116.6312,117.8633,115.6553,117.5479,15365700,DIS,118.5775,118.1006,116.7862,115.3083,105.7242,110.7864,105.9979,106.4457
2025-08-06,113.5261,114.4626,110.5985,114.1274,22153700,DIS,118.3094,117.6649,116.9029,115.2384,105.9086,110.8407,106.0928,106.5162
2025-08-07,111.2688,114.7386,110.2239,114.0978,15484400,DIS,117.8816,117.0557,116.9225,115.0828,106.0531,110.8491,106.1775,106.5635
2025-08-08,110.8252,112.6587,110.4211,111.6828,9491000,DIS,117.5149,116.4624,116.9498,114.9158,106.1861,110.8487,106.2563,106.6059
2025-08-11,110.9435,111.5350,109.9479,111.2984,8532600,DIS,117.1492,115.9368,116.9696,114.7600,106.3204,110.8506,106.3389,106.6490
2025-08-12,112.0968,112.7671,110.8844,111.6927,7274000,DIS,116.8899,115.5711,116.9925,114.6556,106.4570,110.8752,106.4267,106.7033
2025-08-13,114.9751,115.5567,112.5207,112.5995,9025700,DIS,116.7332,115.5143,117.0747,114.6681,106.6364,110.9564,106.5313,106.7856
2025-08-14,114.6498,115.0441,112.9840,113.8317,6800900,DIS,116.4424,115.4320,117.1376,114.6674,106.8066,111.0296,106.6385,106.8638
2025-08-15,113.7430,115.1723,113.5458,114.9061,6768600,DIS,116.1452,115.2711,117.1846,114.6311,106.9608,111.0833,106.7429,106.9323
2025-08-18,114.8864,115.3399,113.5163,113.5458,5798400,DIS,115.9338,115.2345,117.2733,114.6412,107.1123,111.1586,106.8472,107.0114
2025-08-19,114.6104,115.3201,114.0683,114.8371,5914000,DIS,115.6977,115.1750,117.3295,114.6399,107.2692,111.2269,106.9506,107.0870
2025-08-20,115.3694,116.2073,114.3443,114.4231,7046700,DIS,115.4069,115.1936,117.3664,114.6686,107.4369,111.3090,107.0629,107.1694
2025-08-21,114.5513,114.9949,113.8810,114.9061,6337100,DIS,115.1240,115.1324,117.3267,114.6640,107.6198,111.3732,107.1656,107.2429
2025-08-22,117.1635,118.0703,115.4581,115.9116,7161700,DIS,114.9953,115.3258,117.3237,114.7620,107.8227,111.4878,107.2833,107.3416
2025-08-25,116.0299,117.3507,116.0200,116.7987,5424900,DIS,114.8642,115.3929,117.3159,114.8117,108.0242,111.5778,107.3954,107.4280
2025-08-26,115.9707,116.6903,115.4877,115.7539,5787400,DIS,114.7529,115.4479,117.3200,114.8571,108.2232,111.6648,107.5031,107.5130
2025-08-27,116.4044,116.7692,115.6159,115.8524,4378000,DIS,114.6814,115.5390,117.3026,114.9178,108.5152,111.7586,107.6020,107.6015
2025-08-28,115.9609,116.6805,114.9456,116.4143,5687700,DIS,114.6089,115.5792,117.3028,114.9587,108.8550,111.8418,107.6984,107.6847
2025-08-29,116.6903,116.9565,115.5764,115.7144,5212600,DIS,114.6972,115.6850,117.3230,115.0266,109.2043,111.9378,107.7980,107.7743
2025-09-02,116.5819,116.5917,114.3443,115.3497,6015900,DIS,114.6439,115.7704,117.3454,115.0876,109.5680,112.0298,107.8881,107.8619
2025-09-03,115.7046,116.9269,114.6893,116.1482,6288700,DIS,114.5976,115.7641,117.3480,115.1118,109.8275,112.1026,107.9732,107.9400
2025-09-04,117.1142,117.9717,115.0934,115.4089,6949300,DIS,114.7770,115.8927,117.3511,115.1903,110.1621,112.2018,108.0569,108.0313
2025-09-05,116.2270,118.0703,116.0200,117.2127,6669100,DIS,115.0249,115.9246,117.3214,115.2310,110.4911,112.2815,108.1048,108.1128
2025-09-08,117.1437,117.1832,115.0737,116.2763,6450700,DIS,115.3408,116.0407,117.2697,115.3060,110.8316,112.3778,108.1283,108.2027
2025-09-09,115.6947,117.3507,115.5469,116.8382,5444300,DIS,115.5784,116.0077,117.1717,115.3212,111.1541,112.4435,108.1520,108.2772
2025-09-10,114.1373,115.8327,112.8657,115.1821,7484900,DIS,115.6804,115.8296,117.0097,115.2748,111.4831,112.4770,108.1734,108.3355
2025-09-11,115.4089,115.4976,112.9938,113.8021,8399100,DIS,115.7021,115.7895,116.8833,115.2801,111.8047,112.5351,108.1921,108.4059
2025-09-12,114.3048,115.3399,113.4571,114.6006,7640900,DIS,115.6849,115.6481,116.7449,115.2418,112.1232,112.5701,108.2031,108.4646
2025-09-15,113.9697,115.0836,113.3586,114.4527,7150900,DIS,115.6962,115.4883,116.5797,115.1919,112.4179,112.5978,108.2079,108.5194
2025-09-16,113.5853,114.1964,113.0727,113.8021,6844900,DIS,115.6311,115.3070,116.4234,115.1289,112.6970,112.6174,108.2091,108.5698
2025-09-17,114.4428,114.9949,113.5754,113.5951,7333900,DIS,115.6228,115.2247,116.3106,115.1020,112.9579,112.6535,108.2172,108.6282
2025-09-18,113.2205,114.1274,112.4221,113.6838,9460500,DIS,115.5153,115.0339,116.1972,115.0282,113.2040,112.6648,108.2087,108.6739
2025-09-19,112.1362,112.9643,110.3324,112.9643,23398400,DIS,115.3946,114.7579,116.0435,114.9148,113.4404,112.6543,108.1954,108.7084
2025-09-22,110.9534,112.0081,109.9282,110.1648,15479800,DIS,115.0841,114.3956,115.8994,114.7595,113.6551,112.6206,108.1777,108.7307
2025-09-23,110.6478,111.9983,110.0071,111.1111,13145000,DIS,114.8150,114.0386,115.7472,114.5982,113.8689,112.5816,108.1620,108.7498
2025-09-24,111.8110,112.5207,110.5985,110.8055,8755200,DIS,114.6070,113.8265,115.6377,114.4889,114.0956,112.5663,108.1494,108.7802
2025-09-25,111.3772,112.4221,111.0421,111.1012,6365500,DIS,114.3556,113.5932,115.5031,114.3669,114.3016,112.5427,108.1371,108.8061
2025-09-26,111.8504,111.9490,111.1505,111.5152,6145700,DIS,114.1501,113.4272,115.3308,114.2682,114.5160,112.5290,108.1260,108.8364
2025-09-29,113.1417,113.3684,111.7124,111.8504,9304100,DIS,113.9727,113.4000,115.1999,114.2240,114.7427,112.5412,108.1317,108.8792
2025-09-30,112.8657,113.2403,111.7222,112.8953,9303700,DIS,113.7868,113.3491,115.0749,114.1708,114.8693,112.5476,108.1354,108.9189
2025-10-01,111.3378,114.4034,111.1801,112.4517,9736300,DIS,113.5685,113.1576,114.9150,114.0597,114.9509,112.5236,108.1321,108.9430
2025-10-02,110.5394,111.5547,109.1988,111.3674,8695100,DIS,113.2398,112.9082,114.7021,113.9216,115.0164,112.4843,108.1234,108.9588
2025-10-03,110.8647,111.9490,109.9676,110.4408,7148400,DIS,112.9717,112.7136,114.5152,113.8017,115.0406,112.4523,108.1240,108.9778
2025-10-06,111.1407,111.4955,109.8592,111.0815,6141200,DIS,112.6715,112.5638,114.3433,113.6974,115.0587,112.4263,108.1295,108.9993
2025-10-07,110.9238,111.7814,110.2042,111.0224,5409800,DIS,112.4330,112.4076,114.1887,113.5886,115.0594,112.3966,108.1294,109.0185
2025-10-08,110.2929,111.5842,110.0564,111.1998,7074400,DIS,112.2407,112.2062,114.0306,113.4594,115.0609,112.3549,108.1344,109.0312
2025-10-09,109.4058,111.3871,109.2973,110.2239,6502400,DIS,111.9406,111.9395,113.8621,113.3004,115.0417,112.2965,108.1349,109.0349
2025-10-10,107.6315,111.0717,107.5526,109.9381,9635200,DIS,111.6069,111.5292,113.6665,113.0781,115.0122,112.2041,108.1232,109.0209
2025-10-13,108.6961,109.3762,107.8188,108.8144,7435100,DIS,111.3432,111.2594,113.5419,112.9063,114.9963,112.1347,108.1200,109.0177
2025-10-14,109.5832,110.2436,107.6413,108.0849,7898000,DIS,111.1431,111.0998,113.3806,112.7759,115.0079,112.0841,108.1155,109.0233
2025-10-15,110.1155,111.0717,109.5536,109.8789,7012600,DIS,110.9268,111.0060,113.2503,112.6716,115.0183,112.0451,108.1137,109.0342
2025-10-16,108.3116,110.4901,106.9612,110.1944,7531200,DIS,110.6813,110.7494,113.1460,112.5006,115.0244,111.9712,108.1078,109.0270
2025-10-17,109.0903,109.8691,107.8779,108.1736,10090500,DIS,110.5290,110.5914,113.1025,112.3669,115.0125,111.9142,108.1095,109.0276
2025-10-20,110.3619,110.6478,109.0213,109.4452,8047500,DIS,110.4994,110.5695,113.0932,112.2883,115.0215,111.8834,108.1148,109.0409
2025-10-21,112.6685,112.9051,110.4408,110.6478,8163200,DIS,110.6005,110.7695,113.1277,112.3032,115.0487,111.8990,108.1343,109.0770
2025-10-22,111.4660,112.6488,111.3674,112.3728,7569200,DIS,110.5832,110.8358,113.1151,112.2703,115.0538,111.8904,108.1461,109.1008
2025-10-23,111.4167,112.2052,110.3028,111.5547,6945400,DIS,110.5852,110.8911,113.0439,112.2369,115.0593,111.8810,108.1582,109.1238
2025-10-24,110.0859,112.0278,109.9972,111.6138,6235200,DIS,110.4970,110.8144,112.9526,112.1525,115.0451,111.8455,108.1619,109.1334
2025-10-27,110.7365,110.9928,109.7212,110.3422,6029600,DIS,110.3767,110.8070,112.8925,112.0970,115.0385,111.8235,108.1769,109.1493
2025-10-28,110.0564,110.8745,109.8691,110.3127,6839400,DIS,110.2363,110.7355,112.7959,112.0170,115.0346,111.7885,108.1940,109.1584
2025-10-29,108.6665,109.9381,108.4398,109.5931,7097100,DIS,110.1027,110.5385,112.6770,111.8856,115.0033,111.7267,108.2069,109.1535
2025-10-30,110.2437,111.9588,107.9863,108.5581,8311300,DIS,110.0879,110.5104,112.5745,111.8212,114.9705,111.6973,108.2275,109.1643
2025-10-31,111.0125,111.4857,108.9524,109.9874,8700600,DIS,110.0953,110.5582,112.5037,111.7895,114.9152,111.6838,108.2516,109.1827
2025-11-03,110.5197,111.1998,109.4452,110.9435,8542300,DIS,110.0642,110.5545,112.3708,111.7397,114.8473,111.6607,108.2818,109.1960
2025-11-04,109.8789,110.1944,109.0608,109.3861,7950100,DIS,110.0120,110.4902,112.2478,111.6667,114.7818,111.6254,108.3059,109.2028
2025-11-05,109.7705,110.3718,109.0213,109.7606,5746000,DIS,109.9859,110.4217,112.1238,111.5923,114.7219,111.5887,108.3213,109.2084
2025-11-06,108.9129,110.1155,107.6216,109.5832,10291800,DIS,109.9612,110.2780,111.9740,111.4873,114.6383,111.5357,108.3319,109.2055
2025-11-07,109.1594,109.8395,108.4693,108.6862,8782100,DIS,110.0376,110.1714,111.8380,111.3960,114.5704,111.4887,108.3327,109.2050
2025-11-10,110.6379,111.1801,109.4452,109.5635,9158700,DIS,110.1347,110.2159,111.7169,111.3663,114.5199,111.4718,108.3355,109.2193
2025-11-11,113.2107,113.3290,110.8154,111.0421,9713300,DIS,110.3161,110.5011,111.6495,111.4386,114.4975,111.5063,108.3453,109.2590
2025-11-12,114.9850,115.4187,112.7573,112.9347,15248700,DIS,110.5596,110.9281,111.6351,111.5777,114.4915,111.5751,108.3699,109.3160
2025-11-13,106.0740,107.7990,103.4126,107.3358,44045400,DIS,110.4477,110.4658,111.4143,111.3618,114.3827,111.4662,108.3447,109.2837
2025-11-14,104.2899,107.1780,103.7970,105.9853,16691400,DIS,110.2077,109.8776,111.1756,111.0845,114.2485,111.3241,108.3095,109.2340
2025-11-17,104.1814,106.1332,103.6196,104.2406,12296400,DIS,109.8986,109.3351,110.9163,110.8138,114.0930,111.1827,108.2755,109.1838
2025-11-18,104.7630,105.5516,103.5013,103.5999,11796200,DIS,109.5034,108.8997,110.6977,110.5765,113.9347,111.0555,108.2399,109.1398
2025-11-19,103.1760,106.0543,102.5944,104.5659,12790000,DIS,109.0889,108.3546,110.4785,110.2863,113.7441,110.8995,108.1997,109.0804
2025-11-20,101.2341,104.2899,101.0370,103.8660,12609900,DIS,108.5797,107.6764,110.1950,109.9313,113.5391,110.7081,108.1634,109.0024
2025-11-21,102.7916,103.2844,101.2243,102.0030,10785400,DIS,108.2150,107.2112,109.9647,109.6513,113.3548,110.5514,108.1272,108.9406
2025-11-24,100.4850,102.8507,100.4357,102.6043,15024800,DIS,107.7024,106.5706,109.6950,109.2918,113.1374,110.3520,108.0856,108.8564
2025-11-25,101.8354,102.4367,100.5441,101.0271,10574500,DIS,107.2914,106.1196,109.4600,108.9994,112.9417,110.1834,108.0585,108.7866
2025-11-26,101.9537,102.7620,101.4115,101.8453,10130200,DIS,106.9558,105.7229,109.2102,108.7231,112.7604,110.0204,108.0332,108.7186
2025-11-28,102.9789,103.2450,101.7664,101.8256,6525500,DIS,106.5925,105.4616,109.0054,108.4979,112.6013,109.8810,108.0120,108.6615
2025-12-01,105.2460,105.3052,102.9789,103.4224,12628900,DIS,106.3042,105.4410,108.8676,108.3703,112.4555,109.7892,108.0004,108.6275
2025-12-02,103.3337,105.0489,103.3239,105.0094,8548200,DIS,105.9449,105.2403,108.7152,108.1728,112.3073,109.6614,107.9754,108.5748
2025-12-03,104.2307,104.3392,102.9789,103.4027,10177800,DIS,105.6625,105.1442,108.5868,108.0182,112.1670,109.5538,107.9588,108.5316
2025-12-04,103.9646,104.7039,103.0183,104.3293,11471400,DIS,105.3722,105.0318,108.4299,107.8593,112.0338,109.4431,107.9322,108.4861
2025-12-05,103.7970,104.6546,103.0676,103.6787,10680100,DIS,105.1164,104.9142,108.2783,107.7000,111.8907,109.3313,107.9086,108.4395
2025-12-08,106.0937,106.5078,103.3337,103.7970,13727700,DIS,104.9631,105.0266,108.1632,107.6370,111.7470,109.2672,107.9058,108.4161
2025-12-09,105.4924,106.2120,105.0292,106.0543,8549400,DIS,104.7058,105.0709,108.0102,107.5529,111.6050,109.1925,107.8875,108.3871
2025-12-10,107.2766,108.1046,105.0587,105.5910,11237900,DIS,104.4091,105.2810,107.8984,107.5420,111.4867,109.1545,107.8815,108.3760
2025-12-11,109.8691,109.9676,107.5526,107.6413,13281400,DIS,104.1533,105.7180,107.8690,107.6333,111.3920,109.1687,107.8820,108.3909
2025-12-12,110.0071,111.7222,109.5635,110.1352,13059100,DIS,104.3500,106.1264,107.8584,107.7264,111.2802,109.1853,107.8858,108.4069
2025-12-15,109.6498,110.7018,107.7246,109.8582,14318000,DIS,104.6180,106.4620,107.8341,107.8018,111.1746,109.1945,107.8755,108.4193
2025-12-16,110.7712,111.9919,110.0170,110.3743,15580200,DIS,104.9475,106.8724,107.8267,107.9183,111.0850,109.2257,107.8758,108.4427
2025-12-17,109.7887,111.2773,109.6200,110.2155,12142500,DIS,105.1988,107.1502,107.8040,107.9916,110.9964,109.2369,107.8898,108.4561
2025-12-18,111.0193,111.9423,109.5803,109.6895,12913900,DIS,105.5909,107.5186,107.8185,108.1103,110.9246,109.2722,107.9084,108.4816
2025-12-19,110.3941,112.6171,110.0765,111.4659,21138400,DIS,106.0489,107.7925,107.8383,108.1999,110.8502,109.2944,107.9430,108.5006
2025-12-22,111.5254,111.9422,110.3048,110.5628,8803300,DIS,106.4856,108.1480,107.9162,108.3303,110.7913,109.3386,107.9828,108.5307
2025-12-23,112.3591,112.4484,111.1880,111.4361,7634500,DIS,107.0793,108.5491,107.9894,108.4883,110.7657,109.3984,108.0387,108.5688
2025-12-24,113.6095,113.6591,111.9422,112.0812,4606700,DIS,107.6680,109.0310,108.0700,108.6891,110.7253,109.4818,108.1263,108.6190
2025-12-26,112.6965,113.8675,112.4087,113.2820,5428900,DIS,108.2052,109.3801,108.1216,108.8463,110.6859,109.5454,108.2051,108.6596
2025-12-29,113.3217,113.6194,112.4484,112.4583,7966000,DIS,108.7223,109.7555,108.2218,109.0218,110.6839,109.6202,108.2963,108.7060
2025-12-30,113.9171,114.4034,113.2324,113.2324,6883900,DIS,109.1559,110.1518,108.3183,109.2138,110.7104,109.7053,108.3818,108.7578
2025-12-31,112.9049,114.0164,112.6865,113.8973,6608000,DIS,109.6344,110.4140,108.3692,109.3585,110.7312,109.7686,108.4587,108.7991
2026-01-02,110.9995,112.5774,110.7712,112.5774,8906200,DIS,109.9729,110.4698,108.3358,109.4229,110.7317,109.7930,108.5261,108.8210
2026-01-05,113.2026,115.1477,110.5330,110.5727,12029000,DIS,110.4348,110.7301,108.3705,109.5711,110.7428,109.8605,108.5999,108.8646
2026-01-06,113.6988,113.8873,112.2499,112.9247,7388300,DIS,110.9299,111.0128,108.4162,109.7330,110.7300,109.9365,108.6832,108.9127
2026-01-07,112.0514,114.0957,111.6545,113.5896,8296300,DIS,111.2277,111.1117,108.4555,109.8239,110.7041,109.9784,108.7553,108.9439
2026-01-08,113.3018,114.1156,111.6942,111.6942,9778200,DIS,111.6182,111.3203,108.5068,109.9603,110.6996,110.0442,108.8302,108.9873
2026-01-09,114.9988,115.0981,113.0339,113.4408,8935200,DIS,112.0043,111.6706,108.6056,110.1579,110.7008,110.1423,108.9065,109.0471
2026-01-12,111.9621,114.0660,111.6942,113.7583,10833800,DIS,112.1090,111.6984,108.6715,110.2286,110.6743,110.1784,108.9717,109.0761
2026-01-13,112.1209,112.3591,110.7613,111.9819,8945700,DIS,112.2147,111.7386,108.7091,110.3028,110.6418,110.2168,109.0394,109.1064
2026-01-14,112.6667,112.7262,111.4064,111.9522,8950900,DIS,112.3655,111.8270,108.7422,110.3955,110.6230,110.2653,109.1214,109.1418
2026-01-15,112.5476,113.2423,111.3170,112.8453,7958500,DIS,112.4543,111.8956,108.7827,110.4799,110.5768,110.3105,109.1997,109.1757
2026-01-16,110.3544,112.9843,110.2750,112.3392,12049600,DIS,112.4826,111.7489,108.7922,110.4750,110.5200,110.3114,109.2721,109.1874
2026-01-20,109.5010,110.2453,107.9727,108.8261,9818200,DIS,112.4067,111.5348,108.7869,110.4368,110.4553,110.2954,109.3393,109.1905
2026-01-21,112.3293,112.3888,109.6597,109.7292,10041400,DIS,112.5034,111.6104,108.8552,110.5110,110.4146,110.3356,109.4649,109.2218
2026-01-22,112.3491,113.4209,111.3170,112.3094,12437700,DIS,112.5446,111.6808,108.9190,110.5831,110.3785,110.3755,109.6167,109.2529
2026-01-23,110.1361,112.0911,109.7094,111.8331,10819800,DIS,112.4335,111.5337,108.9089,110.5656,110.3129,110.3708,109.7586,109.2617
2026-01-26,110.4636,111.5552,110.2849,110.8308,8859800,DIS,112.2762,111.4318,108.8540,110.5616,110.2517,110.3726,109.9099,109.2736
2026-01-27,109.7689,110.9499,109.1933,110.6521,8956900,DIS,112.1298,111.2734,108.7497,110.5305,110.1924,110.3606,110.0099,109.2786
2026-01-28,108.7269,110.5827,108.1711,109.4414,9016600,DIS,111.9001,111.0309,108.8027,110.4598,110.1085,110.3283,110.1353,109.2731
2026-01-29,110.7315,110.8208,107.9330,108.7964,11079000,DIS,111.7408,111.0024,108.9316,110.4704,110.0536,110.3363,110.2723,109.2876
2026-01-30,111.9423,112.0911,110.1460,110.5132,17895200,DIS,111.6927,111.0919,109.0868,110.5281,110.0015,110.3681,110.4166,109.3140
2026-02-02,103.6557,107.7841,102.9611,103.2191,37778500,DIS,111.3255,110.3837,109.0646,110.2586,109.8812,110.2352,110.5176,109.2577
2026-02-03,103.4275,104.1916,101.5618,103.9832,24827100,DIS,110.8367,109.7212,109.0697,109.9907,109.7741,110.1004,110.6286,109.1997
2026-02-04,106.2360,107.7742,102.8420,103.4076,19070400,DIS,110.4636,109.3893,109.1697,109.8435,109.6823,110.0238,110.7435,109.1702
2026-02-05,104.1718,107.5062,104.0130,106.2360,11859500,DIS,110.0696,108.8924,109.1973,109.6211,109.5810,109.9080,110.8521,109.1205
2026-02-06,107.8734,108.1314,104.5687,105.3230,12105600,DIS,109.7982,108.7953,109.3451,109.5525,109.5200,109.8677,110.9690,109.1081
2026-02-09,106.3154,108.0918,105.9581,107.8635,10515400,DIS,109.3640,108.5591,109.4347,109.4256,109.4473,109.7973,111.0722,109.0803
2026-02-10,109.1238,110.2651,106.7818,106.7818,9815500,DIS,109.2221,108.6129,109.5781,109.4138,109.3941,109.7840,111.1760,109.0807
2026-02-11,107.2978,109.0345,106.9803,108.1017,9374900,DIS,108.9809,108.4877,109.6645,109.3308,109.3349,109.7348,111.2695,109.0630
2026-02-12,101.6015,107.3375,100.2518,107.1093,25319600,DIS,108.4277,107.8318,109.5916,109.0277,109.2296,109.5737,111.3350,108.9887
2026-02-13,104.6481,104.7176,100.4305,100.6289,12845300,DIS,108.0327,107.5286,109.6179,108.8559,109.1665,109.4762,111.4108,108.9455
2026-02-17,104.6382,106.4642,103.5764,105.7596,10467400,DIS,107.7469,107.2533,109.6260,108.6905,109.1064,109.3804,111.4876,108.9027
2026-02-18,106.2856,106.9108,105.0054,105.1543,8791600,DIS,107.5861,107.1612,109.6724,108.5962,109.0512,109.3191,111.5734,108.8766
2026-02-19,105.1940,106.9505,104.6481,106.2955,7492900,DIS,107.2294,106.9738,109.7004,108.4628,108.9893,109.2374,111.6455,108.8400
2026-02-20,104.7772,105.3924,103.8542,104.8069,9043600,DIS,106.8508,106.7646,109.6740,108.3183,108.9186,109.1491,111.7173,108.7996
2026-02-23,103.6161,104.3901,102.1771,104.1817,10626500,DIS,106.5248,106.4648,109.6365,108.1339,108.8233,109.0395,111.7830,108.7480
2026-02-24,105.2436,106.4146,103.1893,103.6557,13594800,DIS,106.2638,106.3485,109.5958,108.0205,108.7471,108.9643,111.8082,108.7131
2026-02-25,104.2512,105.9085,103.7153,105.1940,8556500,DIS,105.9879,106.1487,109.4835,107.8727,108.6763,108.8710,111.8136,108.6687
2026-02-26,104.7474,105.9581,104.5191,104.6680,9578500,DIS,105.7889,106.0153,109.3783,107.7501,108.6183,108.7894,111.8174,108.6297
2026-02-27,105.2337,105.5314,103.1397,103.9832,13954000,DIS,105.5140,105.9408,109.2900,107.6514,108.5620,108.7189,111.8013,108.5959
2026-03-02,103.5367,103.8145,102.0778,103.8145,14178600,DIS,105.0937,105.7118,109.1453,107.4901,108.4860,108.6163,111.7724,108.5456
2026-03-03,102.5145,103.5168,101.3732,102.0580,13608400,DIS,105.0367,105.4073,108.9998,107.2950,108.4019,108.4955,111.7307,108.4856
2026-03-04,102.2565,103.0504,101.8595,102.3855,9672300,DIS,104.9781,105.1073,108.8245,107.0974,108.3215,108.3720,111.6912,108.4236
2026-03-05,101.6313,103.7550,100.8175,102.3160,11751500,DIS,104.7479,104.7762,108.6493,106.8830,108.2438,108.2385,111.6427,108.3560
2026-03-06,100.7679,101.0358,99.1900,100.6190,10448600,DIS,104.5777,104.3945,108.4341,106.6432,108.1752,108.0905,111.5937,108.2805
2026-03-09,100.8870,101.0954,97.7014,99.7854,11715100,DIS,104.2284,104.0604,108.2047,106.4175,108.0971,107.9479,111.5467,108.2069
2026-03-10,100.5495,101.4625,99.4778,100.9763,7833100,DIS,103.9401,103.7260,107.9435,106.1874,108.0067,107.8014,111.5073,108.1307
2026-03-11,100.1228,101.1152,99.6365,100.6289,8152800,DIS,103.4900,103.3829,107.6920,105.9495,107.9068,107.6493,111.4625,108.0510
2026-03-12,98.6739,100.1129,98.6144,99.3388,10309400,DIS,103.0588,102.9344,107.3991,105.6642,107.8104,107.4716,111.4174,107.9577
2026-03-13,98.5350,100.0037,98.4060,99.0709,9551500,DIS,102.9055,102.5154,107.0914,105.3846,107.7049,107.2946,111.3587,107.8640
2026-03-16,97.9098,98.9319,97.7113,98.7136,11578500,DIS,102.5686,102.0768,106.7915,105.0915,107.5803,107.1088,111.3009,107.7649
2026-03-17,99.5373,99.9442,98.2670,98.4159,11785600,DIS,102.3135,101.8349,106.5623,104.8737,107.4490,106.9589,111.2488,107.6831
2026-03-18,98.6640,100.2518,98.2472,99.0808,12615100,DIS,101.9324,101.5329,106.2715,104.6302,107.3210,106.7946,111.1874,107.5933
2026-03-19,98.4457,100.0137,97.6914,98.2770,14793800,DIS,101.5950,101.2389,105.9664,104.3876,107.1913,106.6293,111.1253,107.5023
2026-03-20,98.7533,99.2694,97.6418,98.2571,27544200,DIS,101.2938,101.0022,105.7005,104.1667,107.0780,106.4733,111.0616,107.4152
2026-03-23,97.2052,99.8350,97.1159,99.4579,11373000,DIS,100.9733,100.6406,105.3785,103.8937,106.9427,106.2898,110.9906,107.3137
2026-03-24,95.6570,97.3044,95.5181,96.9968,9155700,DIS,100.4940,100.1659,104.9917,103.5707,106.7987,106.0793,110.9166,107.1977
2026-03-25,95.2204,96.4410,94.3371,96.0838,8467500,DIS,100.0424,99.6949,104.6569,103.2432,106.6642,105.8642,110.8337,107.0785
2026-03-26,94.0295,95.6670,93.8707,94.3967,8548800,DIS,99.5065,99.1554,104.2950,102.8819,106.5021,105.6299,110.7363,106.9486
2026-03-27,91.7172,93.4738,91.4890,93.4738,12475900,DIS,98.8307,98.4470,103.8761,102.4441,106.3091,105.3544,110.6122,106.7971
2026-03-30,93.6028,94.4662,92.1836,92.1836,10592600,DIS,98.3340,97.9856,103.4972,102.0974,106.1399,105.1217,110.4936,106.6658
2026-03-31,95.6471,96.1532,93.4738,94.6150,11180200,DIS,97.9907,97.7629,103.2030,101.8444,105.9976,104.9341,110.3897,106.5562
2026-04-01,95.8257,97.6121,95.7563,96.5204,8518600,DIS,97.6691,97.5784,102.9295,101.6084,105.8582,104.7537,110.2900,106.4494
2026-04-02,95.8754,96.4311,94.3669,95.2700,6379100,DIS,97.3813,97.4162,102.6004,101.3835,105.7278,104.5779,110.1831,106.3442
2026-04-06,95.5479,96.4212,95.3891,95.7662,5882200,DIS,97.1203,97.2383,102.2644,101.1547,105.5917,104.3991,110.0810,106.2368
2026-04-07,95.0517,96.0540,94.6051,95.0715,7913000,DIS,96.8286,97.0300,101.9627,100.9154,105.4358,104.2140,109.9779,106.1255
2026-04-08,98.4258,98.4357,96.9472,97.3540,10821000,DIS,96.7224,97.1630,101.7220,100.8177,105.2880,104.0994,109.8927,106.0488
2026-04-09,99.0312,99.4678,96.9372,97.9098,8918300,DIS,96.6678,97.3409,101.5072,100.7477,105.1284,103.9990,109.8100,105.9790
2026-04-10,98.4159,99.3984,98.0686,99.0808,6359600,DIS,96.6549,97.4433,101.3010,100.6562,105.0519,103.8884,109.7173,105.9038
2026-04-13,100.4106,100.4999,97.7808,97.7808,6790300,DIS,96.7487,97.7259,101.0946,100.6466,105.0131,103.8196,109.6308,105.8491
2026-04-14,101.8099,102.3160,100.1327,100.5694,9997400,DIS,96.9437,98.1148,100.8919,100.6922,104.9894,103.7798,109.5412,105.8089
2026-04-15,102.2565,102.5939,101.0160,101.8198,7035300,DIS,97.0796,98.5093,100.8639,100.7536,104.9643,103.7496,109.4495,105.7736
2026-04-16,103.1099,103.7351,101.9984,102.8321,8145900,DIS,97.3019,98.9474,100.8576,100.8460,104.9636,103.7370,109.3538,105.7471
2026-04-17,105.4818,105.5214,103.8939,103.8939,10506200,DIS,97.6537,99.5697,100.8425,101.0278,105.0061,103.7715,109.2726,105.7444
2026-04-20,105.4917,106.2955,105.1046,105.1046,6423400,DIS,97.9907,100.1337,100.8689,101.2028,105.0331,103.8056,109.1940,105.7419
2026-04-21,103.4970,106.0673,103.1794,105.3825,7784500,DIS,98.3052,100.4540,100.7814,101.2928,105.0632,103.7995,109.1003,105.7196
2026-04-22,104.0229,105.4718,103.4374,104.2313,6886600,DIS,98.7235,100.7939,100.7355,101.3998,105.0851,103.8039,109.0134,105.7027
2026-04-23,102.8618,104.4000,101.7702,104.1420,6147000,DIS,99.1056,100.9909,100.6103,101.4572,105.0942,103.7852,108.9273,105.6744
2026-04-24,101.8198,102.8519,101.1946,102.8122,5974500,DIS,99.4951,101.0698,100.5007,101.4714,105.0826,103.7463,108.8420,105.6361
2026-04-27,101.5717,103.0206,101.2839,101.8397,6524300,DIS,99.9878,101.1176,100.5001,101.4753,105.0458,103.7032,108.7507,105.5956
2026-04-28,100.6984,102.5046,99.8449,101.8794,6409300,DIS,100.3426,101.0777,100.4211,101.4449,105.0195,103.6437,108.6634,105.5469
2026-04-29,100.5297,100.7083,99.8350,100.1724,5533700,DIS,100.5868,101.0255,100.3390,101.4090,104.9825,103.5821,108.5747,105.4970
2026-04-30,102.9611,103.3283,99.6564,100.1427,9203500,DIS,100.9435,101.2098,100.2725,101.4698,104.9724,103.5698,108.5031,105.4717
2026-05-01,102.2962,104.0329,102.1870,103.6061,5956900,DIS,101.2646,101.3133,100.2145,101.5023,104.9574,103.5446,108.4241,105.4401
2026-05-04,100.5396,102.2664,100.4999,101.9587,8400100,DIS,101.5142,101.2396,100.1298,101.4645,104.9019,103.4851,108.3244,105.3914
2026-05-05,99.7159,100.9564,99.2991,100.7579,14314700,DIS,101.7474,101.0945,100.0518,101.3959,104.8441,103.4104,108.2246,105.3349
2026-05-06,107.2383,108.3101,104.5092,105.7100,23219500,DIS,102.1880,101.6796,100.0917,101.6250,104.8437,103.4862,108.1652,105.3539
2026-05-07,107.8337,109.6399,106.2757,108.2208,14309200,DIS,102.6281,102.2657,100.1633,101.8685,104.8234,103.5723,108.1077,105.3785
2026-05-08,107.1986,108.3795,106.7222,108.2009,8370000,DIS,103.0673,102.7355,100.2123,102.0775,104.7953,103.6441,108.0378,105.3966
2026-05-11,103.9237,107.5658,103.5863,107.1787,10562300,DIS,103.2429,102.8487,100.1861,102.1499,104.7381,103.6497,107.9563,105.3820
2026-05-12,105.3527,105.4619,103.4275,104.1916,8178500,DIS,103.4201,103.0872,100.2225,102.2755,104.6839,103.6834,107.8844,105.3817
2026-05-13,104.1023,105.0749,103.0702,104.5489,7605900,DIS,103.5123,103.1839,100.2542,102.3472,104.6270,103.6917,107.8117,105.3690
2026-05-14,104.6184,105.4817,104.0527,104.7375,6144600,DIS,103.5878,103.3205,100.3014,102.4362,104.5630,103.7100,107.7438,105.3615
2026-05-15,101.9389,104.6184,101.5221,104.2313,9258600,DIS,103.4106,103.1889,100.3076,102.4167,104.4784,103.6750,107.6643,105.3274
2026-05-18,103.1199,103.9038,101.7702,101.9091,9037200,DIS,103.2920,103.1823,100.3546,102.4443,104.3944,103.6640,107.5929,105.3055
2026-05-19,101.5122,103.1397,101.1946,102.9214,7032600,DIS,103.1928,103.0233,100.3671,102.4078,104.2859,103.6214,107.5258,105.2677
2026-05-20,103.2886,104.0626,100.8274,102.1275,7941400,DIS,103.1561,103.0485,100.4219,102.4423,104.1827,103.6148,107.4540,105.2480
2026-05-21,102.7924,103.8245,101.8099,102.8221,8611200,DIS,103.1526,103.0241,100.4753,102.4560,104.0837,103.5985,107.3848,105.2236
2026-05-22,102.2168,103.7054,102.1969,103.2489,5693300,DIS,103.1724,102.9472,100.5462,102.4466,103.9726,103.5711,107.3283,105.1937
2026-05-26,102.4946,103.0107,101.5717,102.3160,6714400,DIS,103.2186,102.9041,100.6254,102.4485,103.8584,103.5498,107.2844,105.1668
2026-05-27,103.3878,104.4497,102.4748,102.5145,7360100,DIS,103.3531,102.9502,100.7349,102.4854,103.7632,103.5466,107.2472,105.1491
2026-05-28,102.9412,103.6161,102.3160,103.0206,6511100,DIS,103.4736,102.9493,100.8030,102.5032,103.6826,103.5346,107.2072,105.1272
2026-05-29,101.0557,102.9710,101.0557,102.8420,13340300,DIS,103.3784,102.7690,100.8508,102.4465,103.5612,103.4855,107.1520,105.0866
2026-06-01,102.0679,102.2267,99.5373,100.8870,8219000,DIS,103.3670,102.7022,100.9233,102.4316,103.4449,103.4574,107.0874,105.0566
2026-06-02,100.6389,101.7106,99.3289,101.5717,8397400,DIS,103.3719,102.5057,100.9610,102.3613,103.3307,103.4016,107.0174,105.0126
2026-06-03,98.6342,100.4999,98.4953,99.6762,7471600,DIS,103.3178,102.1370,100.9896,102.2152,103.1841,103.3072,106.9418,104.9492
2026-06-04,98.5846,100.6984,98.2571,99.7755,9568000,DIS,102.8851,101.7987,101.0481,102.0728,103.0199,103.2137,106.8603,104.8858
2026-06-05,98.9518,99.4381,98.3365,98.9220,9501600,DIS,102.4411,101.5275,101.1228,101.9504,102.8898,103.1293,106.7820,104.8268
2026-06-08,98.1182,99.0808,97.6617,98.7632,7559200,DIS,101.9870,101.2028,101.2045,101.8001,102.7498,103.0301,106.6958,104.7600
2026-06-09,98.5747,99.3289,97.7609,98.2968,8616300,DIS,101.7196,100.9525,101.3417,101.6736,102.6089,102.9419,106.6159,104.6985
2026-06-10,97.8602,99.0014,97.2052,98.7335,7041400,DIS,101.3449,100.6580,101.4268,101.5241,102.4620,102.8412,106.5194,104.6305
2026-06-11,99.5770,99.9740,97.3540,98.0785,9264400,DIS,101.1187,100.5551,101.5054,101.4477,102.3542,102.7766,106.4371,104.5802
2026-06-12,99.2793,100.9961,98.7831,100.2915,8257200,DIS,100.8517,100.4336,101.5745,101.3627,102.2520,102.7073,106.3537,104.5274
2026-06-15,100.9167,101.6213,99.8251,100.1129,10265100,DIS,100.8006,100.4796,101.6753,101.3452,102.1379,102.6719,106.2762,104.4915
2026-06-16,100.5098,101.1549,99.2892,100.6587,10694600,DIS,100.6701,100.4825,101.7746,101.3124,102.0195,102.6291,106.1990,104.4519
2026-06-17,100.0930,101.5816,99.6762,99.9045,11168700,DIS,100.5992,100.4454,101.8754,101.2646,101.9191,102.5788,106.1160,104.4085
2026-06-18,103.1000,103.4275,100.0335,101.0259,22943600,DIS,100.5897,100.6982,101.9689,101.3366,101.8454,102.5892,106.0486,104.3955
2026-06-22,101.6710,103.5168,100.7381,102.6237,17396300,DIS,100.5337,100.7908,102.0217,101.3497,101.7644,102.5710,105.9784,104.3684
2026-06-23,102.7427,103.2489,101.0259,101.2442,14457400,DIS,100.5600,100.9767,102.1082,101.4043,101.7046,102.5744,105.9066,104.3522
2026-06-24,100.3511,103.7351,100.2717,102.3160,12215500,DIS,100.4528,100.9171,102.1070,101.3630,101.6008,102.5304,105.8272,104.3124
2026-06-25,97.3044,100.8076,97.2449,100.3411,12054400,DIS,100.1486,100.5731,102.0169,101.2039,101.4544,102.4269,105.7280,104.2427
2026-06-26,98.0388,98.6938,97.1555,97.3044,13921400,DIS,99.9035,100.3317,101.9325,101.0797,101.3982,102.3400,105.6397,104.1809
2026-06-29,97.8800,99.2793,97.7510,98.9518,10418100,DIS,99.7447,100.0982,101.8279,100.9543,101.3428,102.2517,105.5584,104.1182
2026-06-30,96.2500,97.6000,95.9900,97.4100,12717800,DIS,99.4538,99.7317,101.6433,100.7698,101.2429,102.1328,105.4626,104.0399
2026-07-01,95.7100,97.7600,95.6500,96.5500,11590400,DIS,99.2074,99.3487,101.4477,100.5714,101.1583,102.0056,105.3696,103.9571
2026-07-02,99.5000,99.5200,95.7700,96.4000,11297800,DIS,99.2507,99.3631,101.3677,100.5293,101.0746,101.9560,105.2973,103.9127
2026-07-06,97.4100,99.4400,97.0200,98.8500,10171900,DIS,99.1919,99.1771,101.2355,100.4070,100.9855,101.8660,105.2164,103.8480
2026-07-07,97.4800,99.0400,96.9200,98.1400,9936400,DIS,99.1183,99.0155,101.1278,100.2922,100.8691,101.7792,105.1316,103.7846
2026-07-08,96.7000,97.6600,96.6400,97.3000,8720800,DIS,99.0474,98.7950,101.0254,100.1514,100.7631,101.6786,105.0490,103.7142
2026-07-09,96.1700,96.5500,94.7800,96.3400,11448100,DIS,98.9272,98.5450,100.9174,99.9952,100.7088,101.5695,104.9692,103.6391
2026-07-10,95.6200,97.0500,95.5200,96.8900,10678900,DIS,98.8152,98.2664,100.8158,99.8237,100.6185,101.4517,104.8925,103.5593
2026-07-13,96.0000,97.5400,95.8300,96.1000,9304200,DIS,98.6363,98.0505,100.7253,99.6737,100.5321,101.3437,104.8193,103.4841
2026-07-14,95.8700,96.6900,95.1300,95.5100,7651600,DIS,98.4659,97.8429,100.5834,99.5245,100.4280,101.2353,104.7396,103.4083
2026-07-15,97.1500,97.9000,96.1000,96.1000,10219200,DIS,98.2775,97.7769,100.4805,99.4314,100.3475,101.1544,104.6684,103.3460
2026-07-16,99.7100,99.8500,97.2800,97.2800,7480000,DIS,98.2375,97.9610,100.4639,99.4423,100.2968,101.1258,104.6077,103.3099
2026-07-17,97.6700,99.7900,97.0500,99.0100,10496500,DIS,98.1164,97.9333,100.4230,99.3728,100.2374,101.0574,104.5304,103.2537
2026-07-20,96.4100,98.3900,96.0000,97.8500,9861700,DIS,97.7819,97.7882,100.2064,99.2567,100.1490,100.9654,104.4481,103.1857
2026-07-21,96.1400,96.8900,95.8400,96.0000,9745400,DIS,97.5054,97.6312,99.9726,99.1344,100.0679,100.8698,104.3721,103.1155
2026-07-22,95.8700,97.3000,95.6500,97.1200,9119200,DIS,97.1617,97.4635,99.7460,99.0064,99.9792,100.7708,104.2987,103.0434
2026-07-23,92.8300,94.8200,92.4900,94.8100,13562500,DIS,96.7857,97.0222,99.5241,98.7642,99.8551,100.6136,104.2086,102.9418
2026-07-24,94.8500,96.2900,93.0000,93.2600,12153100,DIS,96.6629,96.8153,99.3141,98.6107,99.7683,100.4994,104.1271,102.8613
2026-07-27,96.6500,97.1900,95.5100,95.5100,10593900,DIS,96.5935,96.7996,99.1650,98.5338,99.7096,100.4232,104.0558,102.7995
2026-07-28,98.8900,99.2300,96.9700,97.0000,11389300,DIS,96.6440,96.9987,99.0504,98.5478,99.6759,100.3929,103.9987,102.7606
2026-07-29,98.4800,99.4100,97.9900,98.3400,11070100,DIS,96.7555,97.1398,98.9813,98.5451,99.6444,100.3550,103.9441,102.7180
2026-07-30,96.1600,97.4800,94.4600,97.4100,21112400,DIS,96.7780,97.0464,98.8421,98.4516,99.5984,100.2719,103.8868,102.6528
2026-07-31,96.1900,96.5900,95.6000,96.0800,11193000,DIS,96.6125,96.9649,98.7356,98.3629,99.5514,100.1911,103.8242,102.5885
2026-08-03,98.1400,99.0500,97.2100,97.6200,11480300,DIS,96.6490,97.0768,98.6327,98.3542,99.5273,100.1505,103.7670,102.5442
2026-08-04,98.1800,98.5700,97.3800,97.8700,16796800,DIS,96.6840,97.1819,98.5404,98.3473,99.5079,100.1114,103.7073,102.5008
2026-08-05,101.7600,103.2100,99.6900,101.9900,20809000,DIS,96.9370,97.6179,98.5313,98.4812,99.5387,100.1441,103.6746,102.4934
2026-08-06,104.6800,104.7300,102.5200,102.5400,14047200,DIS,97.3625,98.2905,98.5750,98.7243,99.6002,100.2339,103.6525,102.5151
2026-08-07,104.9100,105.2500,103.7000,104.4200,10929700,DIS,97.8270,98.9209,98.6054,98.9668,99.6702,100.3265,103.6253,102.5390
2026-08-10,103.1800,104.8000,102.8000,104.6100,8631900,DIS,98.1860,99.3265,98.6102,99.1321,99.7066,100.3830,103.5778,102.5454
2026-08-11,103.5300,104.0900,102.7900,102.9500,6781600,DIS,98.5690,99.7269,98.6597,99.3045,99.7553,100.4453,103.5381,102.5552
2026-08-12,103.2200,103.6800,102.0300,103.2900,6717500,DIS,98.8725,100.0595,98.6827,99.4581,99.8030,100.5003,103.4972,102.5618
2026-08-13,104.8000,104.9400,103.4600,103.8000,7100000,DIS,99.1270,100.5110,98.7659,99.6676,99.8635,100.5854,103.4707,102.5840
2026-08-14,106.8500,107.1100,104.9100,104.9900,8176900,DIS,99.5860,101.1147,98.9303,99.9492,99.9599,100.7095,103.4513,102.6265
2026-08-17,103.5000,106.6400,103.4600,106.3300,7635000,DIS,99.9405,101.3419,99.0286,100.0885,100.0383,100.7647,103.4185,102.6352
2026-08-18,103.9500,105.2100,103.6300,104.1900,6149900,DIS,100.3310,101.5903,99.1285,100.2399,100.1256,100.8278,103.3949,102.6483
2026-08-19,106.9300,107.0600,103.9600,104.0600,8046100,DIS,100.8840,102.0988,99.3048,100.5023,100.2546,100.9486,103.3784,102.6909
2026-08-20,107.3200,108.6900,106.4200,106.8800,7971500,DIS,101.6085,102.5961,99.4797,100.7696,100.4107,101.0748,103.3599,102.7369
2026-08-21,107.7800,108.4100,106.9700,107.5700,6840800,DIS,102.2550,103.0898,99.6781,101.0445,100.5524,101.2076,103.3462,102.7871
2026-08-24,110.6100,111.8700,108.0800,108.3900,12658400,DIS,102.9530,103.8060,99.8987,101.4197,100.7021,101.3938,103.3499,102.8649
2026-08-25,111.2500,111.6000,109.7600,110.5000,6747100,DIS,103.5710,104.5149,100.1382,101.8052,100.8563,101.5889,103.3573,102.9484
2026-08-26,109.6300,111.5200,109.4500,111.3000,8524600,DIS,104.1285,105.0021,100.3124,102.1120,100.9939,101.7482,103.3608,103.0149
2026-08-27,106.8200,108.8700,106.7400,108.7800,8699500,DIS,104.6615,105.1752,100.4386,102.2966,101.1066,101.8486,103.3491,103.0527
2026-08-31,107.5500,108.0900,106.9700,107.7800,8728700,DIS,105.2295,105.4014,100.5878,102.5027,101.2316,101.9615,103.3337,103.0975
2026-09-01,106.2200,108.9500,106.1400,107.2400,7033700,DIS,105.6335,105.4794,100.6502,102.6484,101.3095,102.0458,103.2987,103.1285
2026-09-02,107.9800,108.9900,106.5050,106.7100,7534710,DIS,106.1235,105.7175,100.7763,102.8575,101.3990,102.1633,103.2637,103.1768
