Date,Close,High,Low,Open,Volume,Ticker,SMA_20,EMA_20,SMA_50,EMA_50,SMA_100,EMA_100,SMA_200,EMA_200
2021-08-13,9.9660,10.2300,9.9294,10.1787,45118500,F,,9.9660,,9.9660,,9.9660,,9.9660
2021-08-16,9.8707,9.9440,9.7680,9.9000,38664300,F,,9.9570,,9.9623,,9.9641,,9.9651
2021-08-17,9.5260,9.7754,9.3940,9.7680,74625300,F,,9.9159,,9.9452,,9.9555,,9.9607
2021-08-18,9.5334,9.6874,9.4600,9.4967,50966700,F,,9.8795,,9.9290,,9.9471,,9.9565
2021-08-19,9.2914,9.4747,9.2180,9.3867,69038800,F,,9.8235,,9.9040,,9.9341,,9.9498
2021-08-20,9.2180,9.2914,9.0787,9.2474,53615600,F,,9.7658,,9.8771,,9.9199,,9.9426
2021-08-23,9.3354,9.4234,9.1447,9.3207,64573600,F,,9.7248,,9.8559,,9.9084,,9.9365
2021-08-24,9.5920,9.6360,9.3574,9.3940,53672500,F,,9.7122,,9.8455,,9.9021,,9.9331
2021-08-25,9.6580,9.7387,9.5480,9.6214,51195500,F,,9.7070,,9.8382,,9.8973,,9.9304
2021-08-26,9.4600,9.6287,9.3940,9.6140,57559800,F,,9.6835,,9.8234,,9.8886,,9.9257
2021-08-27,9.7607,9.8047,9.4380,9.4527,57587300,F,,9.6908,,9.8209,,9.8861,,9.9240
2021-08-30,9.5700,9.8047,9.5554,9.7900,42720100,F,,9.6793,,9.8111,,9.8798,,9.9205
2021-08-31,9.5554,9.6360,9.4820,9.5480,42212700,F,,9.6675,,9.8010,,9.8734,,9.9169
2021-09-01,9.6140,9.6947,9.4600,9.5554,58875700,F,,9.6624,,9.7937,,9.8683,,9.9139
2021-09-02,9.5407,9.6874,9.5114,9.5994,49053200,F,,9.6508,,9.7838,,9.8618,,9.9102
2021-09-03,9.4527,9.5700,9.4380,9.5260,41616700,F,,9.6320,,9.7708,,9.8537,,9.9056
2021-09-07,9.4967,9.5627,9.3940,9.4087,64008900,F,,9.6191,,9.7600,,9.8466,,9.9015
2021-09-08,9.5554,9.6947,9.4674,9.5114,57980900,F,,9.6130,,9.7520,,9.8408,,9.8981
2021-09-09,9.3574,9.4967,9.3280,9.4967,68806400,F,,9.5887,,9.7365,,9.8313,,9.8927
2021-09-10,9.2987,9.4820,9.2840,9.4160,48792500,F,9.5326,9.5611,,9.7194,,9.8207,,9.8868
2021-09-13,9.5260,9.5260,9.2547,9.3574,62270800,F,9.5106,9.5577,,9.7118,,9.8149,,9.8832
2021-09-14,9.4307,9.5774,9.3794,9.4820,47640800,F,9.4886,9.5456,,9.7008,,9.8073,,9.8787
2021-09-15,9.6947,9.7167,9.3940,9.4527,60282100,F,9.4971,9.5598,,9.7005,,9.8050,,9.8769
2021-09-16,9.8267,9.9220,9.6067,9.6654,76426100,F,9.5117,9.5852,,9.7055,,9.8055,,9.8764
2021-09-17,9.9367,10.0467,9.8194,9.8340,76182400,F,9.5440,9.6187,,9.7145,,9.8081,,9.8770
2021-09-20,9.4014,9.6727,9.2620,9.5847,126152200,F,9.5532,9.5980,,9.7023,,9.8000,,9.8722
2021-09-21,9.3647,9.5114,9.2840,9.4527,60473100,F,9.5546,9.5758,,9.6890,,9.7914,,9.8672
2021-09-22,9.7020,9.8194,9.4674,9.4747,75784000,F,9.5601,9.5878,,9.6895,,9.7896,,9.8656
2021-09-23,10.0540,10.0760,9.7680,9.7900,68708100,F,9.5799,9.6322,,9.7038,,9.7949,,9.8674
2021-09-24,10.1054,10.2227,10.0027,10.0174,57440200,F,9.6122,9.6773,,9.7196,,9.8010,,9.8698
2021-09-27,10.3840,10.4794,10.1787,10.1860,68769700,F,9.6434,9.7446,,9.7456,,9.8126,,9.8749
2021-09-28,10.4940,10.8020,10.4354,10.7287,107090900,F,9.6896,9.8160,,9.7750,,9.8261,,9.8811
2021-09-29,10.4867,10.6334,10.3914,10.6040,56805500,F,9.7361,9.8798,,9.8029,,9.8391,,9.8871
2021-09-30,10.3840,10.5014,10.3327,10.4574,78820500,F,9.7746,9.9279,,9.8257,,9.8499,,9.8920
2021-10-01,10.3840,10.5380,10.2740,10.4574,51880900,F,9.8168,9.9713,,9.8476,,9.8605,,9.8969
2021-10-04,10.5234,10.8460,10.4280,10.4647,78332500,F,9.8703,10.0239,,9.8741,,9.8736,,9.9032
2021-10-05,10.4794,10.5894,10.3474,10.5894,55915800,F,9.9195,10.0673,,9.8978,,9.8856,,9.9089
2021-10-06,10.3547,10.5160,10.1860,10.3694,61020300,F,9.9594,10.0946,,9.9157,,9.8949,,9.9133
2021-10-07,10.9194,10.9634,10.4940,10.5160,96557500,F,10.0375,10.1732,,9.9551,,9.9152,,9.9233
2021-10-08,11.0880,11.3594,10.8900,10.9414,99468900,F,10.1270,10.2603,,9.9995,,9.9384,,9.9349
2021-10-11,11.0660,11.2640,10.9780,11.1467,45302300,F,10.2040,10.3370,,10.0413,,9.9608,,9.9462
2021-10-12,11.4694,11.4987,11.0074,11.0807,89134000,F,10.3059,10.4449,,10.0973,,9.9906,,9.9613
2021-10-13,11.3740,11.5060,11.1980,11.4327,63363500,F,10.3899,10.5334,,10.1474,,10.0180,,9.9754
2021-10-14,11.3300,11.4547,11.2714,11.4547,50875100,F,10.4651,10.6093,,10.1938,,10.0440,,9.9889
2021-10-15,11.5134,11.7554,11.3960,11.3960,77211800,F,10.5439,10.6954,,10.2455,,10.0731,,10.0041
2021-10-18,11.4107,11.4767,11.3594,11.4180,48643800,F,10.6444,10.7635,,10.2912,,10.0996,,10.0180
2021-10-19,11.3080,11.5060,11.2714,11.4400,44668300,F,10.7415,10.8153,,10.3311,,10.1235,,10.0309
2021-10-20,11.7627,11.8507,11.2714,11.3154,105213700,F,10.8446,10.9056,,10.3872,,10.1560,,10.0481
2021-10-21,12.1367,12.2467,11.8287,11.8507,95855000,F,10.9487,11.0228,,10.4559,,10.1952,,10.0689
2021-10-22,11.9387,12.1294,11.9020,12.0414,60646800,F,11.0404,11.1100,10.1700,10.5140,,10.2297,,10.0875
2021-10-25,11.7334,12.1000,11.5940,12.0267,67808000,F,11.1078,11.1694,10.2054,10.5618,,10.2595,,10.1039
2021-10-26,11.6894,11.8947,11.5134,11.7994,64882300,F,11.1676,11.2189,10.2418,10.6060,,10.2878,,10.1197
2021-10-27,11.3740,11.6747,11.3667,11.5794,96094300,F,11.2120,11.2337,10.2787,10.6362,,10.3093,,10.1321
2021-10-28,12.3640,12.8920,12.2540,12.3640,215237600,F,11.3110,11.3414,10.3353,10.7039,,10.3500,,10.1543
2021-10-29,12.5254,12.7307,12.1367,12.3640,100560700,F,11.4180,11.4541,10.4000,10.7753,,10.3931,,10.1779
2021-11-01,13.1634,13.1780,12.5180,12.8334,125246500,F,11.5500,11.6169,10.4789,10.8690,,10.4479,,10.2076
2021-11-02,13.2074,13.3394,13.0020,13.3100,115146200,F,11.6864,11.7684,10.5564,10.9607,,10.5026,,10.2375
2021-11-03,13.6620,13.8087,13.1120,13.1414,104755500,F,11.8518,11.9487,10.6378,11.0666,,10.5651,,10.2716
2021-11-04,14.2414,14.3000,13.7280,13.8747,157505500,F,12.0179,12.1671,10.7294,11.1911,,10.6379,,10.3111
2021-11-05,14.1461,14.4614,13.9261,14.4541,122232200,F,12.1708,12.3556,10.8232,11.3070,,10.7074,,10.3492
2021-11-08,14.7767,14.9747,14.1094,14.2267,153490400,F,12.3563,12.5861,10.9235,11.4431,,10.7880,,10.3933
2021-11-09,14.7547,15.0407,14.2340,15.0407,164928500,F,12.5206,12.7927,11.0272,11.5729,,10.8665,,10.4367
2021-11-10,14.1974,15.0114,13.9774,14.5787,229109600,F,12.6618,12.9265,11.1200,11.6759,,10.9325,,10.4741
2021-11-11,14.3367,14.5494,14.1240,14.4027,96436500,F,12.8121,13.0608,11.2145,11.7802,,10.9999,,10.5125
2021-11-12,14.3000,14.3880,14.0874,14.2120,77837900,F,12.9514,13.1788,11.3097,11.8790,,11.0653,,10.5502
2021-11-15,14.5640,14.6300,14.0360,14.2707,84838600,F,13.1091,13.3107,11.4119,11.9843,,11.1345,,10.5902
2021-11-16,14.5127,14.7107,14.3220,14.5934,66557200,F,13.2693,13.4252,11.5122,12.0835,,11.2014,,10.6292
2021-11-17,14.6374,14.6740,14.2560,14.4760,80855200,F,13.4131,13.5406,11.6138,12.1836,,11.2695,,10.6691
2021-11-18,14.4163,14.9322,14.2689,14.8585,111368800,F,13.5271,13.6240,11.7150,12.2712,,11.3318,,10.7064
2021-11-19,14.2910,14.4973,14.1804,14.4752,64610400,F,13.6447,13.6876,11.8149,12.3504,,11.3904,,10.7420
2021-11-22,15.0943,15.3228,14.2320,14.2910,137861700,F,13.8127,13.8215,11.9262,12.4580,,11.4637,,10.7853
2021-11-23,14.8880,15.1312,14.7185,15.0575,90984500,F,13.9726,13.9231,12.0354,12.5533,,11.5315,,10.8262
2021-11-24,14.9248,14.9912,14.5784,14.7185,77324300,F,14.1502,14.0185,12.1400,12.6463,,11.5987,,10.8669
2021-11-26,14.5563,14.6226,14.3499,14.4900,49434000,F,14.2598,14.0697,12.2346,12.7212,,11.6573,,10.9036
2021-11-29,14.4973,14.8806,14.3647,14.7922,68778700,F,14.3584,14.1104,12.3258,12.7908,,11.7135,,10.9394
2021-11-30,14.1436,14.7037,14.0256,14.4605,103238400,F,14.4074,14.1136,12.4206,12.8439,,11.7617,,10.9713
2021-12-01,14.4310,15.0870,14.3942,14.4679,125295600,F,14.4686,14.1438,12.5220,12.9061,,11.8145,,11.0057
2021-12-02,14.6448,14.8216,14.2099,14.3721,94142300,F,14.5177,14.1915,12.6208,12.9743,,11.8706,,11.0419
2021-12-03,14.1067,15.0354,13.9519,15.0133,120275200,F,14.5110,14.1835,12.7019,13.0187,,11.9148,,11.0724
2021-12-06,14.1657,14.3647,13.7161,14.1731,88147400,F,14.5120,14.1818,12.7831,13.0637,,11.9594,,11.1032
2021-12-07,14.7111,14.7848,14.3868,14.4826,75885600,F,14.5087,14.2322,12.8696,13.1283,,12.0139,,11.1391
2021-12-08,14.6005,14.8806,14.5563,14.8732,63246800,F,14.5010,14.2673,12.9517,13.1860,,12.0651,,11.1735
2021-12-09,14.4236,14.6890,14.4015,14.5637,63357600,F,14.5123,14.2822,13.0305,13.2346,,12.1118,,11.2059
2021-12-10,15.8093,15.8387,14.5637,14.5710,169657200,F,14.5859,14.4276,13.1390,13.3355,,12.1850,,11.2517
2021-12-13,15.0575,15.6987,14.8364,15.6545,126632300,F,14.6238,14.4876,13.2324,13.4031,,12.2419,,11.2896
2021-12-14,14.7774,14.8732,14.2836,14.5932,124559700,F,14.6345,14.5152,13.3175,13.4570,,12.2921,,11.3243
2021-12-15,14.8806,14.9838,14.4089,14.7332,79679700,F,14.6529,14.5500,13.4056,13.5128,,12.3434,,11.3596
2021-12-16,14.9985,15.5513,14.9322,15.1607,107020900,F,14.6709,14.5927,13.4984,13.5711,,12.3960,,11.3959
2021-12-17,14.5710,14.9175,14.4458,14.7627,98710700,F,14.6787,14.5906,13.5715,13.6103,,12.4390,,11.4274
2021-12-20,14.3131,14.4605,14.0404,14.3426,74565600,F,14.6798,14.5642,13.6360,13.6378,,12.4761,,11.4562
2021-12-21,14.4531,14.5858,14.2468,14.5563,58930900,F,14.6477,14.5536,13.7037,13.6698,,12.5153,,11.4860
2021-12-22,14.8437,14.9912,14.4752,14.4752,75806400,F,14.6455,14.5813,13.7712,13.7158,,12.5614,,11.5194
2021-12-23,14.9248,15.0428,14.7406,14.7995,50610500,F,14.6455,14.6140,13.8422,13.7633,,12.6082,,11.5533
2021-12-27,15.3302,15.3965,14.8143,14.9322,59651800,F,14.6842,14.6822,13.9222,13.8247,,12.6621,,11.5909
2021-12-28,15.3007,15.5218,15.1754,15.2270,53020500,F,14.7244,14.7411,13.9980,13.8826,,12.7143,,11.6278
2021-12-29,15.1533,15.3081,15.0722,15.2639,37883000,F,14.7748,14.7804,14.0728,13.9324,,12.7626,,11.6628
2021-12-30,15.0870,15.4481,15.0870,15.1754,51470100,F,14.8076,14.8096,14.1484,13.9777,,12.8087,,11.6969
2021-12-31,15.3081,15.4850,15.0796,15.0796,51899600,F,14.8408,14.8570,14.2193,14.0299,,12.8582,,11.7329
2022-01-03,16.0451,16.1262,15.5218,15.6766,110449000,F,14.9377,14.9702,14.2975,14.1089,,12.9213,,11.7758
2022-01-04,17.9172,18.1014,16.5242,16.5979,311645200,F,15.1253,15.2508,14.4170,14.2582,12.2935,13.0202,,11.8369
2022-01-05,17.4381,18.3889,17.2981,17.7329,253540000,F,15.2616,15.4592,14.5311,14.3829,12.3683,13.1077,,11.8926
2022-01-06,18.0277,18.1456,17.2170,17.7550,155058800,F,15.4330,15.7038,14.6579,14.5259,12.4498,13.2051,,11.9536
2022-01-07,18.0130,18.3594,17.7182,18.1825,127017500,F,15.6125,15.9237,14.7907,14.6626,12.5347,13.3003,,12.0139
2022-01-10,17.5781,18.0130,17.2096,17.7624,122800700,F,15.7009,16.0813,14.8950,14.7770,12.6151,13.3850,,12.0693
2022-01-11,17.9466,17.9466,17.1580,17.5265,106011600,F,15.8454,16.2589,15.0034,14.9013,12.7017,13.4754,,12.1278
2022-01-12,18.0351,18.3078,17.6960,18.1383,104050000,F,16.0083,16.4281,15.1008,15.0241,12.7899,13.5656,,12.1866
2022-01-13,18.4404,19.0669,17.9614,18.1604,185780500,F,16.1862,16.6197,15.2055,15.1581,12.8809,13.6622,,12.2488
2022-01-14,18.5657,18.6321,17.9098,18.0351,146012200,F,16.3646,16.8051,15.3036,15.2918,12.9707,13.7593,,12.3116
2022-01-18,17.9687,18.5215,17.9098,18.3299,110518100,F,16.5345,16.9159,15.3781,15.3967,13.0538,13.8426,,12.3679
2022-01-19,16.5463,18.3667,16.5168,18.1677,153198200,F,16.6462,16.8807,15.4261,15.4418,13.1246,13.8962,,12.4095
2022-01-20,15.9567,16.8632,15.8977,16.1262,152014100,F,16.7213,16.7927,15.4497,15.4620,13.1866,13.9370,,12.4448
2022-01-21,15.2196,15.8461,15.1386,15.6324,145532900,F,16.7401,16.6429,15.4590,15.4525,13.2431,13.9624,,12.4724
2022-01-24,15.0280,15.0870,13.8561,14.6890,186674000,F,16.7453,16.4891,15.4756,15.4359,13.2978,13.9835,,12.4978
2022-01-25,14.7258,14.9690,14.4163,14.7406,116775800,F,16.7151,16.3211,15.4834,15.4080,13.3489,13.9982,,12.5200
2022-01-26,14.6742,15.5071,14.4236,15.4850,135786400,F,16.6837,16.1643,15.4909,15.3792,13.4003,14.0116,,12.5414
2022-01-27,14.4089,15.2196,14.3057,14.9690,105674400,F,16.6465,15.9971,15.4878,15.3412,13.4498,14.0194,,12.5600
2022-01-28,14.4756,14.4830,14.0163,14.3126,87677100,F,16.6160,15.8522,15.4870,15.3072,13.4996,14.0285,,12.5791
2022-01-31,15.0386,15.0608,14.3496,14.5052,91361900,F,16.6025,15.7747,15.4951,15.2967,13.5544,14.0485,,12.6036
2022-02-01,15.3053,15.4460,14.7571,15.2683,117651800,F,16.5655,15.7300,15.5128,15.2970,13.6139,14.0734,,12.6304
2022-02-02,15.2831,15.5942,14.9497,15.4164,95377600,F,16.4338,15.6874,15.5327,15.2965,13.6738,14.0973,,12.6568
2022-02-03,14.7349,15.2757,14.7200,14.9423,103016000,F,16.2986,15.5967,15.5255,15.2745,13.7259,14.1099,,12.6775
2022-02-04,13.3051,13.7718,12.9791,13.7199,211100500,F,16.0625,15.3785,15.4938,15.1972,13.7646,14.0940,,12.6838
2022-02-07,13.2532,13.4236,13.1125,13.1347,84610000,F,15.8245,15.1761,15.4604,15.1210,13.8002,14.0773,,12.6894
2022-02-08,13.1273,13.2680,12.6087,13.0236,142694300,F,15.6020,14.9809,15.4318,15.0428,13.8332,14.0585,,12.6938
2022-02-09,13.5940,13.6533,13.3569,13.5347,87118600,F,15.3843,14.8489,15.4138,14.9860,13.8698,14.0493,,12.7027
2022-02-10,13.3940,13.8014,13.2755,13.3125,76195300,F,15.1523,14.7103,15.3988,14.9236,13.9097,14.0364,,12.7096
2022-02-11,13.0013,13.6014,12.9050,13.4088,94534100,F,14.8803,14.5475,15.3702,14.8482,13.9461,14.0159,,12.7125
2022-02-14,12.9347,13.1347,12.8087,12.9717,78625000,F,14.5988,14.3939,15.3360,14.7731,13.9784,13.9945,,12.7147
2022-02-15,13.3940,13.4310,13.1273,13.1866,65883300,F,14.3700,14.2987,15.3217,14.7191,14.0118,13.9826,,12.7215
2022-02-16,13.3421,13.4903,13.1421,13.2532,57442100,F,14.2098,14.2076,15.3052,14.6651,14.0442,13.9699,,12.7277
2022-02-17,12.9939,13.2903,12.9643,13.2310,55368600,F,14.0617,14.0920,15.2709,14.5995,14.0703,13.9506,,12.7303
2022-02-18,13.3643,13.6903,13.0162,13.0384,106404200,F,13.9689,14.0227,15.2462,14.5511,14.0990,13.9389,,12.7366
2022-02-22,12.8087,13.1569,12.6458,13.0902,98550700,F,13.8580,13.9071,15.2139,14.4828,14.1222,13.9166,,12.7373
2022-02-23,12.5569,13.1347,12.5050,12.9643,79855400,F,13.7495,13.7785,15.1488,14.4072,14.1439,13.8896,,12.7355
2022-02-24,12.7050,12.7347,11.8234,11.8457,110443900,F,13.6510,13.6763,15.1018,14.3405,14.1671,13.8662,,12.7352
2022-02-25,13.2088,13.2606,12.6828,12.7791,78888000,F,13.5910,13.6317,15.0704,14.2961,14.1940,13.8532,,12.7400
2022-02-28,13.0088,13.0977,12.7495,12.8458,82367800,F,13.5177,13.5724,15.0330,14.2456,14.2193,13.8364,,12.7426
2022-03-01,12.3717,12.8976,12.1865,12.8976,94819500,F,13.3844,13.4581,14.9804,14.1721,14.2394,13.8074,,12.7389
2022-03-02,13.4088,13.5199,12.8161,12.9643,138638200,F,13.2895,13.4534,14.9572,14.1422,14.2643,13.7995,,12.7456
2022-03-03,13.0384,13.5199,12.9199,13.5199,95395500,F,13.1773,13.4138,14.9317,14.0989,14.2838,13.7845,,12.7485
2022-03-04,12.4828,12.8828,12.3272,12.8532,91304000,F,13.0647,13.3252,14.8923,14.0355,14.2980,13.7587,,12.7459
2022-03-07,11.8309,12.5198,11.8309,12.4754,87999200,F,12.9910,13.1829,14.8320,13.9491,14.3016,13.7205,,12.7368
2022-03-08,11.8753,12.3865,11.6827,11.8975,101020300,F,12.9221,13.0583,14.7710,13.8677,14.3066,13.6840,,12.7282
2022-03-09,12.1272,12.4680,12.0605,12.3346,62846700,F,12.8721,12.9696,14.7070,13.7995,14.3146,13.6532,,12.7222
2022-03-10,12.0976,12.1568,11.6753,11.9346,72992600,F,12.7973,12.8866,14.6429,13.7327,14.3204,13.6223,,12.7160
2022-03-11,11.8827,12.2087,11.8605,12.1494,54985900,F,12.7217,12.7910,14.5775,13.6602,14.3252,13.5879,,12.7077
2022-03-14,11.6605,12.0235,11.4901,11.9198,66341700,F,12.6546,12.6833,14.5090,13.5818,14.3287,13.5497,,12.6973
2022-03-15,11.8975,11.9568,11.5049,11.6827,65263700,F,12.6028,12.6085,14.4408,13.5157,14.3300,13.5170,,12.6893
2022-03-16,12.2828,12.3198,11.8975,12.2013,82677600,F,12.5472,12.5775,14.3655,13.4674,14.3315,13.4926,,12.6853
2022-03-17,12.2828,12.2828,11.9716,12.0235,58500200,F,12.4943,12.5494,14.2528,13.4209,14.3349,13.4686,,12.6813
2022-03-18,12.4902,12.5198,12.0605,12.1642,89144000,F,12.4691,12.5438,14.1539,13.3844,14.3425,13.4492,,12.6794
2022-03-21,12.2087,12.6754,12.0976,12.4976,72583600,F,12.4113,12.5118,14.0375,13.3383,14.3477,13.4247,,12.6747
2022-03-22,12.6606,12.8236,12.3717,12.3865,77647100,F,12.4039,12.5260,13.9304,13.3117,14.3606,13.4095,,12.6746
2022-03-23,12.3568,12.6309,12.2753,12.4606,63296800,F,12.3939,12.5099,13.8260,13.2743,14.3605,13.3887,,12.6714
2022-03-24,12.4680,12.5791,12.3272,12.4013,56314200,F,12.3820,12.5059,13.7164,13.2427,14.3599,13.3705,,12.6694
2022-03-25,12.2013,12.4309,12.1050,12.4013,62023100,F,12.3316,12.4769,13.5998,13.2018,14.3503,13.3473,,12.6647
2022-03-28,12.3494,12.3568,12.0605,12.2605,54634400,F,12.2987,12.4647,13.4779,13.1684,14.3417,13.3276,,12.6616
2022-03-29,13.1495,13.1866,12.6013,12.6013,90676900,F,12.3376,12.5300,13.3696,13.1677,14.3366,13.3240,,12.6664
2022-03-30,12.7939,13.0828,12.7421,12.9791,57853400,F,12.3068,12.5551,13.2661,13.1530,14.3221,13.3135,,12.6677
2022-03-31,12.5272,12.8532,12.2235,12.7421,52529400,F,12.2813,12.5524,13.1857,13.1285,14.3059,13.2980,,12.6663
2022-04-01,12.3346,12.7050,12.1050,12.6013,64695700,F,12.2739,12.5317,13.1133,13.0973,14.2815,13.2789,,12.6630
2022-04-04,12.3420,12.3939,12.1198,12.3420,51146500,F,12.2994,12.5136,13.0557,13.0677,14.2574,13.2603,,12.6598
2022-04-05,11.7197,12.3124,11.7123,12.1939,91708000,F,12.2916,12.4380,12.9896,13.0149,14.2326,13.2298,,12.6505
2022-04-06,11.4012,11.7049,11.2456,11.5568,102881600,F,12.2553,12.3393,12.9231,12.9516,14.2032,13.1936,,12.6380
2022-04-07,11.0826,11.2678,10.7863,11.1641,101229100,F,12.2046,12.2196,12.8513,12.8783,14.1711,13.1518,,12.6225
2022-04-08,11.1493,11.4382,10.9715,11.0678,75085800,F,12.1679,12.1177,12.7861,12.8105,14.1369,13.1122,,12.6079
2022-04-11,11.3197,11.6827,11.0308,11.0308,66117100,F,12.1509,12.0417,12.7229,12.7520,14.1050,13.0767,,12.5951
2022-04-12,11.3790,11.6457,11.3197,11.4827,49138700,F,12.1250,11.9786,12.6498,12.6982,14.0724,13.0430,,12.5830
2022-04-13,11.4901,11.5197,11.2752,11.3419,51871800,F,12.0853,11.9320,12.5735,12.6508,14.0431,13.0123,,12.5721
2022-04-14,11.4679,11.6753,11.4530,11.4827,39312900,F,12.0446,11.8878,12.4971,12.6044,14.0149,12.9817,,12.5611
2022-04-18,11.6086,11.6975,11.3864,11.3864,40205800,F,12.0005,11.8612,12.4346,12.5654,13.9801,12.9545,,12.5516
2022-04-19,11.9642,12.0235,11.6605,11.6605,55398300,F,11.9883,11.8710,12.4078,12.5418,13.9508,12.9349,,12.5458
2022-04-20,11.8901,12.2605,11.8605,12.0235,47351500,F,11.9498,11.8729,12.3805,12.5162,13.9205,12.9142,,12.5393
2022-04-21,11.6308,12.2753,11.5642,12.2087,49898500,F,11.9135,11.8498,12.3506,12.4815,13.8912,12.8888,,12.5302
2022-04-22,11.2086,11.5864,11.1123,11.5197,56193700,F,11.8505,11.7887,12.3029,12.4316,13.8583,12.8555,,12.5171
2022-04-25,11.3279,11.3353,10.9028,11.1191,58361400,F,11.8068,11.7448,12.2616,12.3883,13.8302,12.8253,,12.5052
2022-04-26,10.9699,11.2906,10.9401,11.2608,60345300,F,11.7378,11.6710,12.2210,12.3327,13.7956,12.7885,,12.4900
2022-04-27,11.0743,11.2608,10.8879,11.0296,65847900,F,11.6341,11.6142,12.1837,12.2833,13.7599,12.7546,,12.4759
2022-04-28,10.9028,11.1787,10.3659,11.1191,131556500,F,11.5395,11.5465,12.1339,12.2292,13.7278,12.7179,,12.4602
2022-04-29,10.5598,11.1638,10.5150,10.8804,83184900,F,11.4412,11.4525,12.0783,12.1637,13.6918,12.6752,,12.4413
2022-05-02,10.6418,10.6567,10.3062,10.4554,64734000,F,11.3565,11.3753,12.0312,12.1040,13.6511,12.6349,,12.4234
2022-05-03,10.8581,10.9998,10.5896,10.6716,55734200,F,11.2823,11.3260,11.9811,12.0552,13.6136,12.5997,,12.4078
2022-05-04,11.1713,11.1862,10.6343,10.8208,59774900,F,11.2549,11.3113,11.9484,12.0205,13.5811,12.5715,,12.3955
2022-05-05,10.8357,11.0520,10.6940,11.0520,57889200,F,11.2266,11.2660,11.9139,11.9741,13.5314,12.5371,,12.3800
2022-05-06,10.5971,10.8879,10.4405,10.7835,66622200,F,11.2023,11.2023,11.8718,11.9201,13.4868,12.4987,,12.3623
2022-05-09,9.9706,10.5672,9.9259,10.3286,71242000,F,11.1434,11.0850,11.8070,11.8436,13.4387,12.4486,,12.3385
2022-05-10,9.9557,10.3211,9.7096,10.2913,75506700,F,11.0752,10.9774,11.7460,11.7696,13.3895,12.3992,,12.3148
2022-05-11,9.5679,10.1571,9.5381,9.8439,71644900,F,10.9847,10.8432,11.6899,11.6832,13.3352,12.3432,,12.2874
2022-05-12,9.2771,9.5456,9.0608,9.1056,113203900,F,10.8740,10.6940,11.6072,11.5889,13.2822,12.2825,,12.2575
2022-05-13,10.0676,10.1645,9.5978,9.6052,78944200,F,10.8040,10.6344,11.5478,11.5292,13.2398,12.2386,,12.2357
2022-05-16,9.7320,10.0825,9.6798,10.0601,65055400,F,10.7102,10.5484,11.4928,11.4587,13.1926,12.1890,,12.2108
2022-05-17,10.0900,10.0900,9.8140,9.9483,50891400,F,10.6165,10.5048,11.4580,11.4051,13.1450,12.1474,,12.1897
2022-05-18,9.5306,9.9632,9.4784,9.8811,68362500,F,10.4985,10.4120,11.4111,11.3316,13.0911,12.0956,,12.1632
2022-05-19,9.5828,9.7842,9.4188,9.4262,58459600,F,10.3961,10.3330,11.3602,11.2630,13.0336,12.0458,,12.1375
2022-05-20,9.3218,9.7842,9.0012,9.7320,78183400,F,10.3017,10.2367,11.3047,11.1869,12.9738,11.9919,,12.1095
2022-05-23,9.5679,9.6574,9.3218,9.4262,51929600,F,10.2137,10.1730,11.2584,11.1234,12.9180,11.9439,,12.0842
2022-05-24,9.2622,9.4561,9.1503,9.3964,51082800,F,10.1284,10.0863,11.2104,11.0504,12.8597,11.8908,,12.0561
2022-05-25,9.4784,9.5530,9.1876,9.1951,41193100,F,10.0486,10.0284,11.1621,10.9887,12.8014,11.8430,,12.0305
2022-05-26,9.7842,9.8439,9.5381,9.5456,45709200,F,9.9926,10.0051,11.1121,10.9415,12.7388,11.8023,,12.0081
2022-05-27,10.1645,10.1645,9.8737,9.8886,54195700,F,9.9729,10.0203,11.0697,10.9110,12.6613,11.7698,12.4774,11.9898
2022-05-31,10.2018,10.3062,9.9557,10.2018,79689900,F,9.9509,10.0376,11.0240,10.8832,12.5889,11.7388,12.4786,11.9720
2022-06-01,10.1049,10.4181,9.9930,10.3510,50726200,F,9.9132,10.0440,10.9819,10.8527,12.5097,11.7064,12.4798,11.9534
2022-06-02,10.3584,10.4106,10.1422,10.1720,42979700,F,9.8726,10.0740,10.9358,10.8333,12.4331,11.6797,12.4839,11.9376
2022-06-03,10.0676,10.2764,9.9632,10.1645,43625200,F,9.8342,10.0733,10.8901,10.8033,12.3580,11.6478,12.4866,11.9190
2022-06-06,10.0377,10.2466,9.9781,10.2466,37711100,F,9.8062,10.0700,10.8414,10.7733,12.2789,11.6159,12.4903,11.9002
2022-06-07,10.2466,10.2689,9.8364,9.8886,38940300,F,9.8200,10.0868,10.8024,10.7526,12.2011,11.5888,12.4955,11.8838
2022-06-08,10.0900,10.3286,10.0228,10.1645,39441900,F,9.8267,10.0871,10.7572,10.7266,12.1176,11.5591,12.4992,11.8659
2022-06-09,9.9035,10.1347,9.9035,10.0750,30468000,F,9.8435,10.0696,10.6922,10.6943,12.0309,11.5263,12.5008,11.8464
2022-06-10,9.5083,9.8513,9.4188,9.6947,55644400,F,9.8550,10.0161,10.6265,10.6478,11.9463,11.4864,12.5000,11.8231
2022-06-13,8.8073,9.2323,8.7551,9.1727,80676300,F,9.7920,9.9010,10.5521,10.5756,11.8689,11.4333,12.4968,11.7931
2022-06-14,9.0981,9.2622,8.8818,8.9415,82369300,F,9.7603,9.8245,10.4874,10.5177,11.8004,11.3871,12.4935,11.7663
2022-06-15,9.1503,9.2622,8.9490,9.1130,70393200,F,9.7133,9.7603,10.4236,10.4641,11.7397,11.3428,12.4914,11.7403
2022-06-16,8.3896,8.8818,8.2927,8.7998,80380100,F,9.6563,9.6298,10.3570,10.3827,11.6733,11.2843,12.4855,11.7069
2022-06-17,8.3747,8.5313,8.1286,8.3822,80248800,F,9.5959,9.5103,10.2964,10.3040,11.6098,11.2267,12.4793,11.6738
2022-06-21,8.5463,8.6954,8.4642,8.6134,66283400,F,9.5571,9.4184,10.2457,10.2351,11.5485,11.1736,12.4744,11.6427
2022-06-22,8.5612,8.7103,8.3598,8.3971,46098900,F,9.5068,9.3368,10.1939,10.1694,11.4900,11.1219,12.4699,11.6120
2022-06-23,8.6208,8.6357,8.3896,8.5761,53655000,F,9.4747,9.2686,10.1400,10.1087,11.4315,11.0724,12.4655,11.5822
2022-06-24,8.9564,9.0384,8.6283,8.6879,55457600,F,9.4486,9.2389,10.0915,10.0635,11.3706,11.0305,12.4625,11.5561
2022-06-27,8.9788,9.0832,8.8744,9.0384,44009900,F,9.4083,9.2141,10.0413,10.0210,11.3074,10.9898,12.4606,11.5305
2022-06-28,8.8073,9.2771,8.7998,9.0534,45866900,F,9.3405,9.1754,9.9881,9.9734,11.2426,10.9466,12.4582,11.5034
2022-06-29,8.5910,8.7700,8.4866,8.7551,39474200,F,9.2599,9.1197,9.9277,9.9192,11.1812,10.9000,12.4535,11.4744
2022-06-30,8.3002,8.4717,8.1510,8.3822,59238200,F,9.1697,9.0417,9.8544,9.8557,11.1311,10.8485,12.4479,11.4428
2022-07-01,8.4419,8.5761,8.1958,8.2778,54356000,F,9.0739,8.9845,9.7855,9.8002,11.0830,10.8008,12.4416,11.4130
2022-07-05,8.3524,8.3598,7.9124,8.2405,87269800,F,8.9881,8.9243,9.7199,9.7434,11.0353,10.7523,12.4342,11.3825
2022-07-06,8.2480,8.4046,8.0839,8.3151,71282900,F,8.8986,8.8599,9.6607,9.6848,10.9818,10.7028,12.4258,11.3513
2022-07-07,8.6879,8.7402,8.4493,8.4493,63000400,F,8.8207,8.8435,9.6079,9.6457,10.9347,10.6629,12.4222,11.3248
2022-07-08,8.6656,8.7849,8.5612,8.6879,55235600,F,8.7495,8.8266,9.5618,9.6073,10.8914,10.6233,12.4187,11.2984
2022-07-11,8.4195,8.6954,8.4046,8.6059,48833600,F,8.6753,8.7878,9.5087,9.5607,10.8462,10.5797,12.4123,11.2697
2022-07-12,8.6208,8.7402,8.4046,8.4195,58414500,F,8.6309,8.7719,9.4631,9.5238,10.7985,10.5409,12.4051,11.2433
2022-07-13,8.5835,8.6357,8.3300,8.4344,48274300,F,8.6197,8.7540,9.4236,9.4870,10.7509,10.5021,12.3975,11.2169
2022-07-14,8.4941,8.5015,8.3076,8.3673,48176300,F,8.5895,8.7292,9.3806,9.4480,10.7059,10.4624,12.3881,11.1898
2022-07-15,8.8595,8.8744,8.5686,8.6357,49306900,F,8.5750,8.7416,9.3406,9.4249,10.6609,10.4306,12.3799,11.1666
2022-07-18,8.9191,9.1354,8.8744,9.0608,45873400,F,8.6014,8.7585,9.2956,9.4051,10.6220,10.4007,12.3721,11.1442
2022-07-19,9.3889,9.4635,9.1056,9.1130,62650800,F,8.6522,8.8186,9.2666,9.4045,10.5903,10.3807,12.3671,11.1268
2022-07-20,9.4934,9.5605,9.3293,9.3964,51932200,F,8.6995,8.8828,9.2446,9.4080,10.5582,10.3631,12.3626,11.1105
2022-07-21,9.6947,9.6947,9.4188,9.6052,66949200,F,8.7562,8.9602,9.2391,9.4192,10.5230,10.3498,12.3585,11.0964
2022-07-22,9.5605,9.7991,9.4859,9.7693,46724700,F,8.8032,9.0173,9.2311,9.4247,10.4886,10.3342,12.3539,11.0812
2022-07-25,9.5754,9.6872,9.3964,9.5828,36830500,F,8.8341,9.0705,9.2313,9.4306,10.4606,10.3192,12.3500,11.0662
2022-07-26,9.3517,9.5157,9.2920,9.4561,49272300,F,8.8528,9.0973,9.2328,9.4275,10.4200,10.3000,12.3422,11.0491
2022-07-27,9.8364,9.8364,9.4188,9.5083,64572300,F,8.9042,9.1676,9.2282,9.4436,10.3880,10.2908,12.3359,11.0370
2022-07-28,10.4405,10.5076,9.9781,10.3957,144096500,F,8.9967,9.2889,9.2423,9.4827,10.3676,10.2938,12.3328,11.0311
2022-07-29,10.9550,11.0296,10.4479,10.5225,94551600,F,9.1294,9.4475,9.2596,9.5404,10.3588,10.3069,12.3302,11.0303
2022-08-01,11.4398,11.5069,10.8506,10.9326,109521700,F,9.2793,9.6373,9.2978,9.6149,10.3545,10.3293,12.3305,11.0344
2022-08-02,11.3055,11.5218,11.2757,11.3353,74626800,F,9.4270,9.7962,9.3323,9.6812,10.3462,10.3487,12.3304,11.0371
2022-08-03,11.7008,12.0438,11.5292,11.5442,95846000,F,9.5996,9.9776,9.3799,9.7604,10.3423,10.3754,12.3314,11.0437
2022-08-04,11.4621,11.6858,11.4174,11.6709,85039800,F,9.7383,10.1189,9.4177,9.8271,10.3381,10.3970,12.3316,11.0479
2022-08-05,11.4099,11.5367,11.2831,11.3577,68093500,F,9.8755,10.2419,9.4607,9.8892,10.3356,10.4170,12.3321,11.0515
2022-08-08,11.7679,11.9618,11.5964,11.6113,75988100,F,10.0430,10.3872,9.5065,9.9629,10.3343,10.4438,12.3321,11.0586
2022-08-09,11.3279,11.7082,11.2981,11.6784,67676800,F,10.1783,10.4768,9.5374,10.0164,10.3247,10.4613,12.3281,11.0613
2022-08-10,11.6744,11.7346,11.4710,11.6518,71607000,F,10.3329,10.5909,9.5675,10.0814,10.3186,10.4853,12.3268,11.0674
2022-08-11,11.9229,11.9907,11.7572,11.9003,61567000,F,10.5043,10.7177,9.6020,10.1536,10.3130,10.5138,12.3277,11.0759
2022-08-12,12.1865,12.2166,11.9304,12.0133,53182500,F,10.6707,10.8576,9.6436,10.2334,10.3127,10.5469,12.3302,11.0870
2022-08-15,12.2920,12.3899,12.0058,12.0509,51779600,F,10.8393,10.9942,9.6823,10.3141,10.3091,10.5814,12.3348,11.0989
2022-08-16,12.3748,12.5631,12.2468,12.2769,54028900,F,10.9886,11.1257,9.7284,10.3949,10.3092,10.6170,12.3349,11.1116
2022-08-17,12.0735,12.2543,11.9756,12.1715,57118300,F,11.1176,11.2160,9.7691,10.4607,10.3053,10.6458,12.3326,11.1212
2022-08-18,12.1639,12.2091,11.9455,12.0434,39414200,F,11.2411,11.3063,9.8075,10.5275,10.3049,10.6759,12.3276,11.1316
2022-08-19,11.9606,12.1564,11.8777,12.0133,48597200,F,11.3611,11.3686,9.8449,10.5837,10.3010,10.7013,12.3214,11.1398
2022-08-22,11.3580,11.4559,11.2300,11.3580,71321800,F,11.4502,11.3676,9.8740,10.6141,10.2831,10.7143,12.3098,11.1420
2022-08-23,11.5388,11.6141,11.3655,11.3655,51289000,F,11.5596,11.3839,9.9146,10.6503,10.2706,10.7306,12.2963,11.1460
2022-08-24,11.6894,11.7949,11.4785,11.5388,39508700,F,11.6522,11.4130,9.9722,10.6911,10.2622,10.7496,12.2841,11.1514
2022-08-25,11.9982,12.0811,11.7346,11.7497,56401300,F,11.7301,11.4687,10.0302,10.7424,10.2588,10.7743,12.2702,11.1598
2022-08-26,11.6066,12.1187,11.6066,12.0585,54517300,F,11.7627,11.4818,10.0794,10.7762,10.2515,10.7908,12.2544,11.1642
2022-08-29,11.7271,11.8325,11.4409,11.4484,50416500,F,11.7770,11.5052,10.1461,10.8135,10.2515,10.8094,12.2421,11.1698
2022-08-30,11.6367,11.9003,11.4258,11.8250,66034400,F,11.7936,11.5177,10.2114,10.8458,10.2539,10.8257,12.2286,11.1745
2022-08-31,11.4785,11.6894,11.4785,11.6894,52058200,F,11.7825,11.5140,10.2700,10.8706,10.2579,10.8387,12.2145,11.1775
2022-09-01,11.4409,11.4635,11.1321,11.3731,65299800,F,11.7814,11.5070,10.3276,10.8930,10.2608,10.8506,12.1988,11.1801
2022-09-02,11.4183,11.7271,11.3430,11.6970,64565400,F,11.7818,11.4986,10.3835,10.9136,10.2618,10.8618,12.1834,11.1825
2022-09-06,11.3204,11.4785,11.1773,11.4635,58676700,F,11.7595,11.4816,10.4308,10.9295,10.2612,10.8709,12.1668,11.1839
2022-09-07,11.6216,11.6668,11.1396,11.2300,55087200,F,11.7742,11.4949,10.4837,10.9567,10.2625,10.8858,12.1528,11.1882
2022-09-08,11.6518,11.6593,11.3128,11.4183,60075900,F,11.7730,11.5099,10.5406,10.9839,10.2643,10.9009,12.1396,11.1928
2022-09-09,11.6141,11.8250,11.5388,11.7497,63328600,F,11.7576,11.5198,10.6010,11.0087,10.2644,10.9151,12.1222,11.1970
2022-09-12,11.7045,11.8551,11.6367,11.7120,52656500,F,11.7335,11.5374,10.6691,11.0359,10.2618,10.9307,12.1063,11.2021
2022-09-13,11.1019,11.3957,11.0718,11.2978,80842500,F,11.6740,11.4959,10.7223,11.0385,10.2539,10.9341,12.0872,11.2011
2022-09-14,11.0417,11.1848,10.8835,11.1170,59571800,F,11.6073,11.4527,10.7761,11.0386,10.2480,10.9362,12.0696,11.1995
2022-09-15,11.2149,11.4559,11.0567,11.0643,61377000,F,11.5644,11.4300,10.8354,11.0456,10.2481,10.9417,12.0532,11.1996
2022-09-16,11.0869,11.1019,10.8986,11.0116,68454800,F,11.5105,11.3973,10.8834,11.0472,10.2457,10.9446,12.0379,11.1985
2022-09-19,11.2450,11.2676,10.9136,10.9212,48696200,F,11.4748,11.3828,10.9350,11.0549,10.2484,10.9506,12.0220,11.1990
2022-09-20,9.8592,10.7178,9.7989,10.6124,196340000,F,11.3998,11.2377,10.9638,11.0080,10.2363,10.9290,11.9981,11.1857
2022-09-21,9.8291,10.2358,9.8291,9.9722,94271600,F,11.3143,11.1036,10.9880,10.9618,10.2255,10.9072,11.9767,11.1722
2022-09-22,9.6182,9.9722,9.6031,9.8818,82004400,F,11.2108,10.9621,11.0087,10.9091,10.2161,10.8816,11.9539,11.1567
2022-09-23,9.2717,9.3696,9.0006,9.2868,104043700,F,11.0744,10.8011,11.0242,10.8449,10.2024,10.8498,11.9267,11.1379
2022-09-26,9.0307,9.3244,8.9855,9.1964,89300400,F,10.9456,10.6325,11.0276,10.7738,10.1841,10.8137,11.8989,11.1170
2022-09-27,8.9704,9.2039,8.7821,9.1964,87044400,F,10.8078,10.4742,11.0287,10.7030,10.1621,10.7772,11.8716,11.0956
2022-09-28,9.1738,9.2190,8.8574,8.9704,72701600,F,10.6847,10.3503,11.0244,10.6431,10.1455,10.7455,11.8384,11.0765
2022-09-29,8.6390,8.9478,8.5562,8.9252,84534900,F,10.5427,10.1874,11.0073,10.5645,10.1259,10.7038,11.8064,11.0522
2022-09-30,8.4357,8.6842,8.4281,8.5788,71688200,F,10.3924,10.0205,10.9821,10.4810,10.1106,10.6589,11.7746,11.0262
2022-10-03,8.6390,8.7294,8.3829,8.5712,66198300,F,10.2535,9.8890,10.9637,10.4088,10.0974,10.6189,11.7434,11.0025
2022-10-04,9.3094,9.3169,8.9930,9.0081,87629200,F,10.1529,9.8338,10.9583,10.3657,10.0948,10.5929,11.7150,10.9856
2022-10-05,9.4223,9.4600,9.1361,9.3244,87919100,F,10.0430,9.7946,10.9598,10.3287,10.0963,10.5698,11.6892,10.9700
2022-10-06,9.3094,9.5127,9.1813,9.3094,64531900,F,9.9258,9.7484,10.9492,10.2887,10.0887,10.5448,11.6642,10.9535
2022-10-07,9.1888,9.2642,9.0382,9.1738,56494500,F,9.8046,9.6951,10.9242,10.2456,10.0833,10.5180,11.6379,10.9360
2022-10-10,8.5562,8.6993,8.4357,8.6390,115548900,F,9.6472,9.5866,10.8762,10.1793,10.0679,10.4791,11.6065,10.9123
2022-10-11,8.7068,8.9403,8.4206,8.5110,75173200,F,9.5274,9.5028,10.8215,10.1216,10.0597,10.4440,11.5754,10.8903
2022-10-12,8.6917,8.8123,8.5486,8.6466,59628500,F,9.4099,9.4256,10.7693,10.0655,10.0508,10.4093,11.5422,10.8685
2022-10-13,8.8650,8.9554,8.4357,8.4658,70487400,F,9.2924,9.3722,10.7126,10.0184,10.0462,10.3787,11.5100,10.8485
2022-10-14,8.7897,8.9252,8.7068,8.8876,55127700,F,9.1775,9.3167,10.6591,9.9702,10.0384,10.3473,11.4782,10.8280
2022-10-17,8.9102,9.0307,8.7821,9.0231,59561700,F,9.0608,9.2780,10.6091,9.9287,10.0349,10.3188,11.4473,10.8090
2022-10-18,9.0608,9.2265,8.9704,9.2039,53603400,F,9.0209,9.2573,10.5550,9.8946,10.0307,10.2939,11.4161,10.7916
2022-10-19,9.1361,9.1437,8.9328,8.9704,54130000,F,8.9862,9.2458,10.5111,9.8649,10.0242,10.2710,11.3815,10.7751
2022-10-20,8.8650,9.1888,8.8349,9.1361,55568100,F,8.9486,9.2095,10.4549,9.8257,10.0112,10.2431,11.3363,10.7561
2022-10-21,9.1813,9.2265,8.7972,8.8424,55132700,F,8.9441,9.2068,10.4001,9.8004,10.0010,10.2221,11.2950,10.7404
2022-10-24,9.3997,9.5278,9.1738,9.2642,64717700,F,8.9625,9.2252,10.3444,9.7847,9.9940,10.2058,11.2518,10.7271
2022-10-25,9.6634,9.8140,9.3847,9.4751,66391600,F,8.9972,9.2669,10.2918,9.7799,9.9870,10.1951,11.2101,10.7165
2022-10-26,9.6558,9.8366,9.4299,9.6408,86833600,F,9.0213,9.3040,10.2374,9.7751,9.9829,10.1844,11.1705,10.7059
2022-10-27,9.7914,9.9571,9.3545,9.6182,88421500,F,9.0789,9.3504,10.1918,9.7757,9.9805,10.1766,11.1297,10.6968
2022-10-28,9.9872,10.0249,9.7688,9.7914,55777900,F,9.1565,9.4110,10.1483,9.7840,9.9779,10.1729,11.0895,10.6898
2022-10-31,10.0701,10.1755,9.8968,9.9044,54676700,F,9.2280,9.4738,10.1104,9.7952,9.9777,10.1708,11.0476,10.6836
2022-11-01,10.0927,10.2810,9.9119,10.2207,47454700,F,9.2672,9.5327,10.0851,9.8069,9.9796,10.1693,11.0052,10.6777
2022-11-02,9.8366,10.2960,9.8366,9.9571,73673500,F,9.2879,9.5617,10.0511,9.8080,9.9828,10.1627,10.9646,10.6694
2022-11-03,9.9872,10.1379,9.6182,9.6483,58782600,F,9.3218,9.6022,10.0170,9.8151,9.9946,10.1592,10.9318,10.6626
2022-11-04,10.1755,10.3713,9.9948,10.2207,61489100,F,9.3711,9.6568,9.9806,9.8292,10.0054,10.1595,10.9029,10.6577
2022-11-07,10.3186,10.3638,10.0701,10.2508,48176900,F,9.4592,9.7198,9.9548,9.8484,10.0171,10.1627,10.8784,10.6544
2022-11-08,10.3337,10.3939,10.1755,10.3789,52731900,F,9.5406,9.7783,9.9270,9.8674,10.0365,10.1661,10.8549,10.6512
2022-11-09,10.0249,10.3186,10.0023,10.2207,74199200,F,9.6072,9.8018,9.8947,9.8736,10.0530,10.1633,10.8314,10.6449
2022-11-10,10.6802,10.8157,10.2960,10.3111,75638500,F,9.6980,9.8854,9.8788,9.9052,10.0744,10.1735,10.8114,10.6453
2022-11-11,10.9212,11.0492,10.6952,10.7404,60187600,F,9.8046,9.9841,9.8684,9.9451,10.0980,10.1883,10.7940,10.6480
2022-11-14,10.7005,10.9212,10.7005,10.8298,57691600,F,9.8941,10.0523,9.8540,9.9747,10.1188,10.1985,10.7751,10.6485
2022-11-15,10.8831,11.0962,10.8070,10.8755,61835700,F,9.9852,10.1314,9.8453,10.0103,10.1380,10.2120,10.7543,10.6509
2022-11-16,10.5787,10.7842,10.5330,10.7309,47484200,F,10.0573,10.1740,9.8244,10.0326,10.1540,10.2193,10.7307,10.6502
2022-11-17,10.5863,10.5863,10.3123,10.3960,54317900,F,10.1434,10.2133,9.8031,10.0543,10.1718,10.2265,10.7072,10.6495
2022-11-18,10.6472,10.7537,10.5178,10.7157,37101900,F,10.2167,10.2546,9.7838,10.0776,10.1924,10.2349,10.6868,10.6495
2022-11-21,10.6167,10.6852,10.3960,10.5483,34087100,F,10.2775,10.2891,9.7620,10.0987,10.2156,10.2424,10.6733,10.6492
2022-11-22,10.7081,10.7690,10.6396,10.6929,28738800,F,10.3298,10.3290,9.7541,10.1226,10.2382,10.2517,10.6606,10.6498
2022-11-23,10.6776,10.7005,10.5406,10.6548,25974200,F,10.3809,10.3622,9.7468,10.1444,10.2615,10.2601,10.6484,10.6500
2022-11-25,10.7157,10.7385,10.5787,10.6244,12980900,F,10.4271,10.3959,9.7369,10.1668,10.2862,10.2691,10.6340,10.6507
2022-11-28,10.4493,10.6244,10.4265,10.6091,35249700,F,10.4502,10.4010,9.7241,10.1779,10.3038,10.2727,10.6193,10.6487
2022-11-29,10.4645,10.5787,10.4341,10.5406,28380800,F,10.4699,10.4070,9.7085,10.1891,10.3218,10.2765,10.6066,10.6469
2022-11-30,10.5787,10.6167,10.2362,10.4874,61537300,F,10.4942,10.4234,9.7229,10.2044,10.3433,10.2825,10.5948,10.6462
2022-12-01,10.7157,10.9288,10.6548,10.7233,45335100,F,10.5382,10.4512,9.7406,10.2244,10.3643,10.2910,10.5814,10.6469
2022-12-02,10.5483,10.6320,10.4645,10.5330,42417400,F,10.5662,10.4604,9.7592,10.2371,10.3839,10.2961,10.5674,10.6459
2022-12-05,10.1829,10.4798,10.1753,10.4645,39714500,F,10.5666,10.4340,9.7775,10.2350,10.4008,10.2939,10.5534,10.6413
2022-12-06,10.1068,10.3275,9.9394,10.2134,39996000,F,10.5560,10.4029,9.7990,10.2300,10.4133,10.2902,10.5371,10.6360
2022-12-07,9.9698,10.2134,9.9622,10.0460,36609800,F,10.5378,10.3616,9.8190,10.2198,10.4238,10.2839,10.5229,10.6293
2022-12-08,9.9851,10.0916,9.9470,10.0460,32376300,F,10.5358,10.3258,9.8352,10.2106,10.4298,10.2779,10.5100,10.6229
2022-12-09,10.0307,10.1677,9.9242,9.9242,41553600,F,10.5033,10.2977,9.8630,10.2035,10.4351,10.2730,10.4967,10.6170
2022-12-12,10.2438,10.2514,9.9698,10.0460,35473800,F,10.4695,10.2925,9.8992,10.2051,10.4406,10.2725,10.4818,10.6133
2022-12-13,10.3275,10.5939,10.1753,10.4874,57872100,F,10.4508,10.2959,9.9330,10.2099,10.4483,10.2736,10.4684,10.6105
2022-12-14,10.2591,10.4874,10.1677,10.3275,51199900,F,10.4196,10.2924,9.9520,10.2118,10.4551,10.2733,10.4579,10.6070
2022-12-15,9.9166,10.0916,9.8557,10.0688,55725300,F,10.3865,10.2566,9.9618,10.2003,10.4608,10.2662,10.4404,10.6001
2022-12-16,9.2240,9.7568,9.1936,9.7187,118345700,F,10.3184,10.1582,9.9601,10.1620,10.4547,10.2456,10.4213,10.5864
2022-12-19,8.8968,9.2621,8.7826,9.2240,88062500,F,10.2309,10.0381,9.9543,10.1124,10.4392,10.2189,10.4034,10.5696
2022-12-20,8.7293,8.8891,8.4630,8.8663,82057900,F,10.1365,9.9134,9.9578,10.0581,10.4170,10.1894,10.3879,10.5513
2022-12-21,8.9653,8.9729,8.7902,8.8359,49256000,F,10.0494,9.8231,9.9629,10.0153,10.3922,10.1651,10.3733,10.5355
2022-12-22,8.6076,8.7826,8.4477,8.7826,75158700,F,9.9459,9.7074,9.9612,9.9601,10.3653,10.1343,10.3557,10.5163
2022-12-23,8.6456,8.6761,8.5391,8.5771,38200700,F,9.8424,9.6063,9.9568,9.9085,10.3347,10.1048,10.3385,10.4977
2022-12-27,8.5238,8.6684,8.4706,8.5847,44837400,F,9.7461,9.5032,9.9515,9.8542,10.3053,10.0735,10.3217,10.4781
2022-12-28,8.3336,8.5619,8.2955,8.5086,49375400,F,9.6396,9.3918,9.9400,9.7946,10.2746,10.0390,10.3051,10.4567
2022-12-29,8.7826,8.7902,8.4097,8.4325,53550300,F,9.5497,9.3338,9.9344,9.7549,10.2447,10.0142,10.2895,10.4401
2022-12-30,8.8511,8.8587,8.6684,8.6761,39232200,F,9.4565,9.2878,9.9287,9.7194,10.2199,9.9911,10.2723,10.4243
2023-01-03,8.8891,9.0718,8.8054,8.9957,45809000,F,9.3736,9.2498,9.9292,9.6869,10.1921,9.9693,10.2554,10.4090
2023-01-04,9.1403,9.1936,8.9348,9.0414,53429700,F,9.3214,9.2394,9.9284,9.6655,10.1643,9.9529,10.2386,10.3964
2023-01-05,9.3230,9.4219,9.0414,9.2164,50785600,F,9.2822,9.2474,9.9269,9.6520,10.1356,9.9404,10.2242,10.3857
2023-01-06,9.5741,9.5817,9.2088,9.2240,53089100,F,9.2624,9.2785,9.9251,9.6490,10.1084,9.9332,10.2087,10.3776
2023-01-09,9.6578,9.8405,9.5513,9.6959,50865500,F,9.2461,9.3146,9.9251,9.6493,10.0813,9.9277,10.1953,10.3705
2023-01-10,9.7720,9.7948,9.5132,9.6502,47065500,F,9.2331,9.3582,9.9247,9.6541,10.0583,9.9246,10.1818,10.3645
2023-01-11,10.0612,10.0916,9.8100,9.8405,51911600,F,9.2240,9.4251,9.9262,9.6701,10.0372,9.9273,10.1711,10.3615
2023-01-12,10.2210,10.2971,9.9775,10.0992,58113700,F,9.2187,9.5009,9.9292,9.6917,10.0198,9.9331,10.1604,10.3601
2023-01-13,9.6806,9.7568,9.4904,9.6122,96444000,F,9.1898,9.5180,9.9210,9.6913,10.0031,9.9281,10.1431,10.3533
2023-01-17,9.6426,9.7796,9.4599,9.6730,60774900,F,9.1761,9.5299,9.9171,9.6893,9.9841,9.9225,10.1273,10.3462
2023-01-18,9.4447,9.7796,9.4371,9.7339,48774400,F,9.1871,9.5218,9.9063,9.6798,9.9617,9.9130,10.1119,10.3373
2023-01-19,9.2697,9.4067,9.1631,9.3534,52918500,F,9.2057,9.4978,9.8881,9.6637,9.9344,9.9003,10.0966,10.3267
2023-01-20,9.4371,9.4523,9.1936,9.2925,44349200,F,9.2411,9.4920,9.8705,9.6548,9.9127,9.8911,10.0821,10.3178
2023-01-23,9.7415,9.8252,9.4599,9.4980,49688000,F,9.2800,9.5158,9.8587,9.6582,9.8928,9.8882,10.0722,10.3121
2023-01-24,9.6959,9.8176,9.6045,9.6502,41537400,F,9.3344,9.5329,9.8521,9.6597,9.8734,9.8843,10.0637,10.3059
2023-01-25,9.7339,9.7796,9.5056,9.5893,37739000,F,9.3888,9.5521,9.8332,9.6626,9.8560,9.8814,10.0569,10.3002
2023-01-26,9.8329,9.9470,9.6730,9.8861,48970900,F,9.4542,9.5788,9.8114,9.6693,9.8399,9.8804,10.0503,10.2956
2023-01-27,10.0992,10.1753,9.7948,9.8024,62114600,F,9.5425,9.6284,9.7994,9.6861,9.8267,9.8847,10.0442,10.2936
2023-01-30,9.8100,10.0460,9.7872,9.9014,64512600,F,9.5939,9.6457,9.7779,9.6910,9.8116,9.8833,10.0364,10.2888
2023-01-31,10.2819,10.3275,10.0840,10.1906,83093300,F,9.6654,9.7063,9.7720,9.7142,9.7982,9.8912,10.0303,10.2888
2023-02-01,10.4950,10.6472,10.2667,10.2895,70641000,F,9.7457,9.7814,9.7701,9.7448,9.7866,9.9031,10.0255,10.2908
2023-02-02,10.8983,11.1114,10.6776,10.7842,102579800,F,9.8336,9.8878,9.7752,9.7900,9.7795,9.9228,10.0219,10.2969
2023-02-03,10.0688,10.3580,9.7263,9.9318,165500200,F,9.8709,9.9050,9.7642,9.8009,9.7631,9.9257,10.0124,10.2946
2023-02-06,10.0003,10.0536,9.7263,10.0155,77262800,F,9.8922,9.9141,9.7501,9.8088,9.7521,9.9272,10.0030,10.2917
2023-02-07,10.2362,10.2819,9.8785,9.9546,70671100,F,9.9211,9.9447,9.7412,9.8255,9.7440,9.9333,9.9960,10.2911
2023-02-08,10.2134,10.4189,10.1221,10.1221,62028400,F,9.9432,9.9703,9.7312,9.8407,9.7340,9.9389,9.9910,10.2903
2023-02-09,10.2667,10.6015,10.1982,10.3960,78667100,F,9.9535,9.9986,9.7275,9.8574,9.7258,9.9453,9.9857,10.2901
2023-02-10,10.2990,10.4366,10.1210,10.3880,68205200,F,9.9574,10.0272,9.7242,9.8748,9.7164,9.9523,9.9824,10.2902
2023-02-13,10.5903,10.5984,10.2748,10.2828,64201900,F,10.0029,10.0808,9.7244,9.9028,9.7237,9.9650,9.9800,10.2932
2023-02-14,10.4932,10.6712,10.3718,10.5094,75352900,F,10.0454,10.1201,9.7200,9.9260,9.7303,9.9754,9.9779,10.2952
2023-02-15,10.4608,10.4689,10.1938,10.3152,65850000,F,10.0962,10.1525,9.7183,9.9469,9.7387,9.9851,9.9774,10.2968
2023-02-16,10.4446,10.6307,10.1210,10.2990,64145500,F,10.1550,10.1803,9.7235,9.9665,9.7505,9.9942,9.9764,10.2983
2023-02-17,10.4285,10.4689,10.2343,10.3718,54401000,F,10.2045,10.2040,9.7299,9.9846,9.7644,10.0028,9.9743,10.2996
2023-02-21,9.8702,10.3637,9.8460,10.2909,77724200,F,10.2110,10.1722,9.7279,9.9801,9.7734,10.0001,9.9678,10.2953
2023-02-22,9.8783,9.9592,9.8217,9.9026,52844700,F,10.2201,10.1442,9.7258,9.9761,9.7805,9.9977,9.9630,10.2912
2023-02-23,9.7651,9.9997,9.6113,9.9673,57952800,F,10.2216,10.1081,9.7205,9.9678,9.7918,9.9931,9.9588,10.2859
2023-02-24,9.6113,9.6922,9.5062,9.5628,50631600,F,10.2106,10.0608,9.7078,9.9538,9.8035,9.9856,9.9570,10.2792
2023-02-27,9.7570,10.0482,9.6761,9.6922,60378100,F,10.1934,10.0319,9.6964,9.9461,9.8147,9.9810,9.9560,10.2740
2023-02-28,9.7651,9.8541,9.7165,9.7651,59796800,F,10.1912,10.0064,9.6865,9.9390,9.8192,9.9767,9.9570,10.2690
2023-03-01,9.9673,10.1453,9.8460,9.9916,85328800,F,10.1755,10.0027,9.6876,9.9401,9.8247,9.9766,9.9605,10.2659
2023-03-02,10.1534,10.1534,9.8945,10.0159,78214100,F,10.1584,10.0171,9.7061,9.9485,9.8331,9.9801,9.9609,10.2648
2023-03-03,10.5822,10.6065,10.2343,10.2909,80080200,F,10.1426,10.0709,9.7398,9.9733,9.8471,9.9920,9.9652,10.2680
2023-03-06,10.5013,10.6631,10.4608,10.5822,50571200,F,10.1642,10.1119,9.7753,9.9941,9.8665,10.0021,9.9672,10.2703
2023-03-07,10.3799,10.5013,10.3395,10.4689,46540400,F,10.1832,10.1374,9.8036,10.0092,9.8833,10.0096,9.9715,10.2714
2023-03-08,10.5013,10.5256,10.2828,10.3395,46421000,F,10.1964,10.1721,9.8415,10.0285,9.9013,10.0193,9.9761,10.2737
2023-03-09,10.0725,10.5822,10.0644,10.5336,65423500,F,10.1894,10.1626,9.8700,10.0302,9.9134,10.0203,9.9798,10.2717
2023-03-10,9.7893,10.1210,9.7084,10.0563,73897400,F,10.1655,10.1270,9.8953,10.0208,9.9234,10.0158,9.9809,10.2669
2023-03-13,9.7327,9.9592,9.1583,9.6518,119167600,F,10.1372,10.0895,9.9233,10.0095,9.9316,10.0102,9.9833,10.2616
2023-03-14,9.6518,9.9592,9.5223,9.8783,93844200,F,10.0903,10.0478,9.9407,9.9954,9.9376,10.0031,9.9841,10.2555
2023-03-15,9.4738,9.4900,9.1583,9.3039,108909300,F,10.0393,9.9931,9.9531,9.9750,9.9409,9.9926,9.9826,10.2477
2023-03-16,9.5628,9.6194,9.2392,9.3282,74017200,F,9.9944,9.9521,9.9666,9.9588,9.9479,9.9841,9.9796,10.2409
2023-03-17,9.1421,9.4900,8.9965,9.4657,249885100,F,9.9293,9.8750,9.9666,9.9268,9.9475,9.9674,9.9743,10.2300
2023-03-20,9.0450,9.2877,9.0207,9.1664,74975100,F,9.8601,9.7959,9.9611,9.8922,9.9440,9.9491,9.9690,10.2182
2023-03-21,9.4819,9.5304,9.2068,9.2230,74794900,F,9.8407,9.7660,9.9592,9.8761,9.9422,9.9399,9.9646,10.2109
2023-03-22,9.2877,9.6599,9.2796,9.5143,69729100,F,9.8112,9.7205,9.9518,9.8530,9.9385,9.9270,9.9607,10.2017
2023-03-23,9.2392,9.5304,9.1178,9.4253,74225300,F,9.7849,9.6746,9.9412,9.8290,9.9330,9.9134,9.9567,10.1921
2023-03-24,9.3120,9.3120,9.0450,9.1583,72425300,F,9.7699,9.6401,9.9262,9.8087,9.9262,9.9014,9.9520,10.1833
2023-03-27,9.3201,9.4657,9.2311,9.4091,55941100,F,9.7481,9.6096,9.9082,9.7895,9.9187,9.8899,9.9482,10.1748
2023-03-28,9.3848,9.4253,9.2715,9.3444,41385900,F,9.7291,9.5882,9.9023,9.7737,9.9116,9.8799,9.9456,10.1669
2023-03-29,9.7489,9.7570,9.4738,9.5304,48655400,F,9.7181,9.6035,9.9044,9.7727,9.9107,9.8773,9.9468,10.1627
2023-03-30,9.9430,10.0240,9.8702,9.9350,57751300,F,9.7076,9.6359,9.9143,9.7794,9.9103,9.8786,9.9525,10.1605
2023-03-31,10.1938,10.2181,10.0240,10.0401,66868200,F,9.6882,9.6890,9.9328,9.7956,9.9105,9.8849,9.9580,10.1609
2023-04-03,10.2586,10.2990,10.0968,10.1372,55956300,F,9.6761,9.7432,9.9493,9.8138,9.9099,9.8923,9.9635,10.1618
2023-04-04,10.2909,10.3961,10.1210,10.3314,54655700,F,9.6716,9.7954,9.9602,9.8325,9.9095,9.9002,9.9730,10.1631
2023-04-05,10.0563,10.2343,9.8864,10.1777,53332900,F,9.6494,9.8203,9.9675,9.8413,9.9098,9.9033,9.9814,10.1621
2023-04-06,9.9754,10.0968,9.9430,10.0482,36355800,F,9.6445,9.8350,9.9723,9.8465,9.9027,9.9047,9.9886,10.1602
2023-04-10,10.2909,10.2909,9.8379,9.8702,61326200,F,9.6696,9.8784,9.9814,9.8640,9.8964,9.9123,9.9972,10.1615
2023-04-11,10.4123,10.5741,10.3476,10.3476,63633600,F,9.7036,9.9293,9.9877,9.8855,9.8935,9.9222,10.0062,10.1640
2023-04-12,10.2505,10.5822,10.2343,10.5660,53845500,F,9.7335,9.9599,9.9965,9.8998,9.8872,9.9287,10.0126,10.1649
2023-04-13,10.0806,10.2262,9.8864,10.2262,75485700,F,9.7638,9.9714,9.9925,9.9069,9.8822,9.9317,10.0181,10.1640
2023-04-14,10.1291,10.2424,10.0482,10.0725,43542000,F,9.7922,9.9864,9.9852,9.9156,9.8777,9.9357,10.0247,10.1637
2023-04-17,10.2586,10.2586,10.0806,10.1129,40191100,F,9.8480,10.0123,9.9724,9.9290,9.8738,9.9421,10.0331,10.1646
2023-04-18,10.2990,10.3233,10.2100,10.2748,38865900,F,9.9107,10.0396,9.9770,9.9435,9.8706,9.9491,10.0431,10.1660
2023-04-19,9.8864,10.1938,9.8460,10.1938,69451800,F,9.9309,10.0250,9.9747,9.9413,9.8624,9.9479,10.0503,10.1632
2023-04-20,9.6033,9.6518,9.3444,9.5547,79563100,F,9.9467,9.9849,9.9620,9.9280,9.8516,9.9411,10.0566,10.1576
2023-04-21,9.5547,9.6437,9.4334,9.6275,46926500,F,9.9625,9.9439,9.9489,9.9134,9.8400,9.9334,10.0631,10.1516
2023-04-24,9.8379,9.8541,9.6113,9.6194,57794700,F,9.9888,9.9338,9.9403,9.9104,9.8339,9.9315,10.0688,10.1485
2023-04-25,9.6413,9.8133,9.5839,9.8051,63114700,F,10.0048,9.9059,9.9271,9.8999,9.8257,9.9258,10.0737,10.1434
2023-04-26,9.4529,9.7150,9.4283,9.6659,58105300,F,10.0082,9.8628,9.9044,9.8824,9.8144,9.9164,10.0789,10.1366
2023-04-27,9.5102,9.5921,9.3710,9.5102,53280300,F,9.9963,9.8292,9.8847,9.8678,9.8024,9.9084,10.0833,10.1303
2023-04-28,9.7314,9.7805,9.4775,9.4938,55045000,F,9.9857,9.8199,9.8701,9.8624,9.7942,9.9049,10.0891,10.1264
2023-05-01,9.8788,10.0672,9.8215,9.8379,59834200,F,9.9700,9.8255,9.8588,9.8631,9.7912,9.9043,10.0960,10.1239
2023-05-02,9.6659,9.9034,9.5512,9.8706,91090400,F,9.9403,9.8103,9.8436,9.8553,9.7867,9.8996,10.1000,10.1193
2023-05-03,9.6577,9.9034,9.6085,9.6167,94050700,F,9.9087,9.7958,9.8393,9.8476,9.7836,9.8948,10.1037,10.1148
2023-05-04,9.4693,9.6904,9.3955,9.6659,79792900,F,9.8793,9.7647,9.8311,9.8327,9.7785,9.8864,10.1041,10.1083
2023-05-05,9.8215,9.8624,9.6003,9.6577,64173300,F,9.8716,9.7701,9.8323,9.8323,9.7764,9.8851,10.1058,10.1055
2023-05-08,9.8461,9.8788,9.7068,9.8461,49943800,F,9.8494,9.7773,9.8370,9.8328,9.7724,9.8843,10.1065,10.1029
2023-05-09,9.7150,9.7723,9.6495,9.7396,42878300,F,9.8145,9.7714,9.8361,9.8282,9.7663,9.8810,10.1073,10.0990
2023-05-10,9.7396,9.8624,9.6085,9.8461,49193100,F,9.7890,9.7684,9.8356,9.8247,9.7611,9.8782,10.1081,10.0955
2023-05-11,9.7232,9.7314,9.6331,9.6904,43030800,F,9.7711,9.7641,9.8307,9.8208,9.7591,9.8751,10.1100,10.0918
2023-05-12,9.5594,9.7805,9.5430,9.7723,45155400,F,9.7426,9.7446,9.8189,9.8105,9.7625,9.8689,10.1086,10.0865
2023-05-15,9.5348,9.6003,9.4938,9.5839,53197000,F,9.7064,9.7246,9.7979,9.7997,9.7689,9.8622,10.1041,10.0810
2023-05-16,9.2153,9.4856,9.2071,9.4611,60514900,F,9.6522,9.6761,9.7722,9.7768,9.7737,9.8494,10.0954,10.0724
2023-05-17,9.4201,9.5348,9.2727,9.2972,50077500,F,9.6289,9.6517,9.7530,9.7628,9.7783,9.8409,10.0853,10.0659
2023-05-18,9.5348,9.5512,9.3792,9.3873,38181400,F,9.6255,9.6406,9.7337,9.7539,9.7876,9.8349,10.0764,10.0606
2023-05-19,9.5430,9.6413,9.4529,9.5512,43474200,F,9.6249,9.6313,9.7231,9.7456,9.7965,9.8291,10.0656,10.0554
2023-05-22,9.5266,9.6085,9.3136,9.5921,57417200,F,9.6093,9.6213,9.7178,9.7370,9.8066,9.8231,10.0559,10.0502
2023-05-23,9.6085,9.7560,9.4447,9.4447,56843800,F,9.6077,9.6201,9.7153,9.7320,9.8193,9.8189,10.0469,10.0458
2023-05-24,9.2809,9.5430,9.2153,9.5348,71391000,F,9.5991,9.5878,9.7079,9.7143,9.8243,9.8082,10.0345,10.0382
2023-05-25,9.3218,9.4365,9.2809,9.2809,51328900,F,9.5897,9.5624,9.7049,9.6989,9.8290,9.7986,10.0245,10.0310
2023-05-26,9.9034,10.0672,9.4529,9.4938,123257500,F,9.5983,9.5949,9.7117,9.7069,9.8391,9.8006,10.0156,10.0298
2023-05-30,10.3130,10.4686,10.2474,10.3621,86226900,F,9.6200,9.6633,9.7351,9.7307,9.8509,9.8108,10.0076,10.0326
2023-05-31,9.8297,10.2311,9.7969,10.2229,86275300,F,9.6282,9.6792,9.7508,9.7345,9.8559,9.8112,9.9958,10.0306
2023-06-01,9.9198,9.9771,9.6986,9.8870,64407800,F,9.6413,9.7021,9.7596,9.7418,9.8594,9.8133,9.9839,10.0295
2023-06-02,10.1491,10.2474,9.9444,10.0427,65261200,F,9.6753,9.7446,9.7768,9.7578,9.8643,9.8200,9.9728,10.0307
2023-06-05,10.3130,10.3867,10.2392,10.3703,49890200,F,9.6998,9.7988,9.7983,9.7796,9.8697,9.8297,9.9640,10.0335
2023-06-06,10.5915,10.5915,10.2474,10.2802,57258400,F,9.7371,9.8743,9.8238,9.8114,9.8750,9.8448,9.9561,10.0390
2023-06-07,11.1321,11.1403,10.6324,10.6652,99342000,F,9.8080,9.9941,9.8601,9.8632,9.8841,9.8703,9.9520,10.0499
2023-06-08,11.1239,11.2550,11.0256,11.0830,64254700,F,9.8772,10.1017,9.8949,9.9126,9.8986,9.8951,9.9508,10.0606
2023-06-09,11.2550,11.4925,11.2222,11.3287,70329500,F,9.9538,10.2115,9.9250,9.9653,9.9147,9.9221,9.9494,10.0725
2023-06-12,11.2878,11.3697,11.1813,11.3041,44584700,F,10.0402,10.3140,9.9519,10.0171,9.9331,9.9491,9.9474,10.0846
2023-06-13,11.5745,11.6072,11.3779,11.3860,61781100,F,10.1422,10.4341,9.9795,10.0782,9.9562,9.9813,9.9453,10.0994
2023-06-14,11.6318,11.8366,11.4434,11.6727,69748500,F,10.2630,10.5481,10.0070,10.1391,9.9781,10.0140,9.9454,10.1146
2023-06-15,11.8366,11.8775,11.5663,11.5663,61463400,F,10.3838,10.6708,10.0379,10.2057,9.9991,10.0501,9.9459,10.1318
2023-06-16,11.8120,11.9676,11.7301,11.8939,75398100,F,10.4977,10.7795,10.0730,10.2687,10.0202,10.0849,9.9468,10.1485
2023-06-20,11.6482,11.8120,11.4516,11.7137,56645800,F,10.6029,10.8622,10.1064,10.3228,10.0394,10.1159,9.9477,10.1634
2023-06-21,11.4843,11.6973,11.4188,11.6646,49984300,F,10.7008,10.9215,10.1303,10.3683,10.0559,10.1430,9.9479,10.1765
2023-06-22,11.6236,11.7137,11.3779,11.3942,46862500,F,10.8016,10.9884,10.1545,10.4176,10.0711,10.1723,9.9489,10.1909
2023-06-23,11.4843,11.5908,11.4024,11.4106,48260200,F,10.9118,11.0356,10.1792,10.4594,10.0879,10.1983,9.9497,10.2038
2023-06-26,11.5581,11.6564,11.4598,11.4762,44956300,F,11.0236,11.0854,10.2088,10.5025,10.1006,10.2252,9.9494,10.2173
2023-06-27,11.8038,11.8448,11.5171,11.6236,49813100,F,11.1186,11.1538,10.2423,10.5535,10.1137,10.2565,9.9502,10.2331
2023-06-28,12.1151,12.1151,11.7710,11.7874,58380800,F,11.2087,11.2453,10.2794,10.6148,10.1259,10.2933,9.9527,10.2518
2023-06-29,12.2461,12.3936,12.1151,12.1806,58488600,F,11.3295,11.3406,10.3183,10.6787,10.1477,10.3320,9.9554,10.2716
2023-06-30,12.3936,12.4755,12.2543,12.3281,54036900,F,11.4532,11.4409,10.3685,10.7460,10.1716,10.3728,9.9618,10.2928
2023-07-03,12.4837,12.6148,12.4100,12.4100,29412700,F,11.5699,11.5402,10.4261,10.8141,10.1941,10.4146,9.9691,10.3146
2023-07-05,12.5738,12.6311,12.3854,12.4591,52003900,F,11.6830,11.6387,10.4865,10.8831,10.2177,10.4573,9.9758,10.3370
2023-07-06,12.2707,12.4919,12.1888,12.4264,64841400,F,11.7669,11.6989,10.5351,10.9375,10.2377,10.4932,9.9818,10.3563
2023-07-07,12.2707,12.4837,12.2380,12.2789,53375500,F,11.8239,11.7533,10.5877,10.9898,10.2574,10.5284,9.9869,10.3753
2023-07-10,12.3444,12.3608,12.1478,12.2543,51882000,F,11.8849,11.8096,10.6455,11.0429,10.2750,10.5644,9.9993,10.3949
2023-07-11,12.4755,12.4919,12.2625,12.3444,45849700,F,11.9459,11.8730,10.7048,11.0991,10.2948,10.6023,10.0126,10.4156
2023-07-12,12.4673,12.6311,12.4509,12.5902,47636800,F,12.0049,11.9296,10.7596,11.1528,10.3149,10.6392,10.0268,10.4360
2023-07-13,12.4427,12.5165,12.3526,12.5083,49664300,F,12.0483,11.9785,10.8108,11.2034,10.3348,10.6749,10.0427,10.4560
2023-07-14,12.2707,12.5083,12.2134,12.4755,48747900,F,12.0803,12.0063,10.8629,11.2452,10.3533,10.7065,10.0589,10.4741
2023-07-17,11.5417,11.9840,11.5417,11.9431,99402100,F,12.0655,11.9621,10.9006,11.2569,10.3700,10.7230,10.0717,10.4847
2023-07-18,11.6072,11.6072,11.4024,11.4270,71710800,F,12.0553,11.9283,10.9434,11.2706,10.3873,10.7405,10.0839,10.4959
2023-07-19,11.5499,11.6809,11.5171,11.5826,58280800,F,12.0504,11.8922,10.9780,11.2815,10.4051,10.7566,10.0984,10.5063
2023-07-20,11.4925,11.5335,11.3860,11.4925,45952600,F,12.0508,11.8542,11.0109,11.2898,10.4239,10.7711,10.1137,10.5162
2023-07-21,11.4106,11.5990,11.2632,11.5745,57579800,F,12.0401,11.8119,11.0448,11.2946,10.4405,10.7838,10.1276,10.5251
2023-07-24,11.5597,11.6094,11.4686,11.5017,46687000,F,12.0439,11.7879,11.0812,11.3050,10.4584,10.7992,10.1388,10.5354
2023-07-25,11.2450,11.4769,11.2284,11.4769,58772700,F,12.0282,11.7362,11.1116,11.3026,10.4712,10.8080,10.1479,10.5424
2023-07-26,11.3195,11.3858,11.1953,11.2202,42019700,F,12.0040,11.6965,11.1468,11.3033,10.4828,10.8181,10.1580,10.5501
2023-07-27,11.3692,11.5762,11.3444,11.4520,67313500,F,11.9667,11.6654,11.1835,11.3059,10.4907,10.8290,10.1689,10.5583
2023-07-28,10.9800,11.3030,10.7813,11.2450,116696500,F,11.9034,11.6001,11.2188,11.2931,10.4955,10.8320,10.1810,10.5625
2023-07-31,10.9386,10.9469,10.6902,10.7730,64507700,F,11.8307,11.5371,11.2492,11.2792,10.5011,10.8341,10.1922,10.5662
2023-08-01,11.1125,11.1291,10.8558,10.8889,59129900,F,11.7621,11.4967,11.2807,11.2726,10.5072,10.8397,10.2043,10.5717
2023-08-02,10.7979,10.9552,10.7482,10.9303,57997400,F,11.6733,11.4301,11.3058,11.2540,10.5145,10.8388,10.2139,10.5739
2023-08-03,10.8475,10.8807,10.6488,10.7565,51996300,F,11.6022,11.3746,11.3323,11.2381,10.5250,10.8390,10.2242,10.5766
2023-08-04,10.6737,10.8475,10.5991,10.8475,48412900,F,11.5223,11.3079,11.3536,11.2159,10.5344,10.8357,10.2330,10.5776
2023-08-07,10.7151,10.7316,10.5826,10.7068,43929200,F,11.4408,11.2514,11.3822,11.1963,10.5451,10.8333,10.2413,10.5790
2023-08-08,10.6654,10.6819,10.5163,10.5743,45103800,F,11.3503,11.1956,11.4091,11.1755,10.5570,10.8300,10.2490,10.5798
2023-08-09,10.5412,10.6240,10.4832,10.5743,42932600,F,11.2540,11.1333,11.4219,11.1506,10.5668,10.8243,10.2573,10.5795
2023-08-10,10.0692,10.5826,10.0029,10.5826,104063900,F,11.1354,11.0319,11.4170,11.1082,10.5760,10.8093,10.2618,10.5744
2023-08-11,10.0526,10.1023,9.9367,10.0360,64371700,F,11.0244,10.9387,11.4215,11.0668,10.5861,10.7944,10.2650,10.5692
2023-08-14,10.1023,10.1271,9.9532,9.9615,48099600,F,10.9525,10.8590,11.4251,11.0290,10.5923,10.7806,10.2672,10.5645
2023-08-15,9.9201,10.0609,9.9118,9.9864,42616400,F,10.8681,10.7696,11.4205,10.9855,10.5987,10.7636,10.2686,10.5581
2023-08-16,9.7794,9.9615,9.7711,9.8539,44838900,F,10.7796,10.6753,11.4099,10.9382,10.6041,10.7441,10.2685,10.5504
2023-08-17,9.7959,9.9118,9.7545,9.8373,36104900,F,10.6948,10.5915,11.3939,10.8934,10.6089,10.7253,10.2675,10.5429
2023-08-18,9.9036,9.9532,9.7048,9.7131,44519900,F,10.6194,10.5260,11.3694,10.8546,10.6147,10.7091,10.2667,10.5365
2023-08-21,9.9118,9.9864,9.8290,9.9698,33456700,F,10.5370,10.4675,11.3451,10.8176,10.6200,10.6933,10.2658,10.5303
2023-08-22,9.8290,9.9615,9.8042,9.9450,32027500,F,10.4662,10.4067,11.3166,10.7788,10.6208,10.6762,10.2658,10.5233
2023-08-23,9.9036,9.9118,9.7711,9.7876,30437700,F,10.3954,10.3588,11.2889,10.7445,10.6204,10.6609,10.2654,10.5171
2023-08-24,9.7297,9.8787,9.7297,9.8456,33338200,F,10.3134,10.2989,11.2520,10.7047,10.6158,10.6424,10.2631,10.5093
2023-08-25,9.8622,9.9284,9.5889,9.7959,47610000,F,10.2576,10.2573,11.2166,10.6717,10.6118,10.6270,10.2608,10.5029
2023-08-28,9.8539,9.9864,9.8125,9.8953,29693500,F,10.2033,10.2189,11.1770,10.6396,10.6074,10.6117,10.2584,10.4964
2023-08-29,9.9781,9.9864,9.8456,9.8953,32009000,F,10.1466,10.1959,11.1403,10.6137,10.6066,10.5991,10.2582,10.4913
2023-08-30,9.9615,10.0609,9.9450,9.9946,30617900,F,10.1048,10.1736,11.1066,10.5881,10.6065,10.5865,10.2546,10.4860
2023-08-31,10.0443,10.1603,10.0112,10.0443,39025700,F,10.0646,10.1613,11.0778,10.5668,10.6040,10.5758,10.2502,10.4816
2023-09-01,10.0526,10.1603,9.9698,10.0692,34716900,F,10.0336,10.1509,11.0464,10.5466,10.6004,10.5654,10.2470,10.4773
2023-09-05,10.0112,10.0857,9.9698,10.0360,35202000,F,9.9984,10.1376,11.0169,10.5256,10.5981,10.5544,10.2426,10.4727
2023-09-06,9.9946,10.0278,9.7959,9.9367,41881500,F,9.9648,10.1240,10.9856,10.5048,10.5972,10.5433,10.2397,10.4679
2023-09-07,9.9036,9.9781,9.8539,9.8953,38559600,F,9.9330,10.1030,10.9476,10.4812,10.5949,10.5307,10.2363,10.4623
2023-09-08,10.1851,10.2348,9.9118,9.9118,49493500,F,9.9388,10.1108,10.9090,10.4696,10.5942,10.5238,10.2340,10.4596
2023-09-11,10.1189,10.2679,10.0774,10.2348,34673600,F,9.9421,10.1116,10.8665,10.4558,10.5924,10.5158,10.2315,10.4562
2023-09-12,10.3093,10.4252,10.1189,10.1271,49507700,F,9.9524,10.1304,10.8248,10.4501,10.5966,10.5117,10.2295,10.4547
2023-09-13,10.4666,10.6902,10.4584,10.5080,62579700,F,9.9797,10.1624,10.7844,10.4507,10.6053,10.5108,10.2285,10.4548
2023-09-14,10.4501,10.5163,10.2762,10.4418,43461600,F,10.0133,10.1898,10.7420,10.4507,10.6142,10.5096,10.2271,10.4548
2023-09-15,10.4418,10.5908,10.2679,10.2679,63982400,F,10.0456,10.2138,10.7054,10.4504,10.6203,10.5083,10.2271,10.4546
2023-09-18,10.2182,10.3673,10.1437,10.3507,47444100,F,10.0613,10.2143,10.6643,10.4413,10.6260,10.5025,10.2259,10.4523
2023-09-19,10.4004,10.4749,10.1934,10.2182,40900000,F,10.0857,10.2320,10.6255,10.4397,10.6355,10.5005,10.2250,10.4518
2023-09-20,10.2348,10.4915,10.2265,10.4749,37449600,F,10.1060,10.2322,10.5806,10.4316,10.6427,10.4953,10.2226,10.4496
2023-09-21,10.1023,10.2265,10.0692,10.1023,40140500,F,10.1160,10.2199,10.5333,10.4187,10.6465,10.4875,10.2203,10.4462
2023-09-22,10.2927,10.5743,10.2762,10.3507,65205500,F,10.1441,10.2268,10.4903,10.4138,10.6506,10.4836,10.2209,10.4446
2023-09-25,10.4170,10.5163,10.2182,10.2265,41219400,F,10.1718,10.2449,10.4533,10.4139,10.6581,10.4823,10.2224,10.4444
2023-09-26,10.2927,10.4832,10.2431,10.3424,41261000,F,10.1938,10.2495,10.4283,10.4091,10.6645,10.4785,10.2240,10.4429
2023-09-27,10.2596,10.3673,10.1437,10.3673,41616600,F,10.2079,10.2504,10.4013,10.4033,10.6724,10.4742,10.2254,10.4410
2023-09-28,10.4004,10.4832,10.0775,10.2017,49109800,F,10.2298,10.2647,10.3783,10.4032,10.6781,10.4727,10.2273,10.4406
2023-09-29,10.2845,10.4832,10.2265,10.4418,62364900,F,10.2418,10.2666,10.3542,10.3985,10.6825,10.4690,10.2275,10.4391
2023-10-02,10.1934,10.3010,10.1271,10.2513,51204000,F,10.2489,10.2596,10.3298,10.3905,10.6873,10.4636,10.2268,10.4366
2023-10-03,9.9946,10.1271,9.9532,10.0692,55074700,F,10.2480,10.2344,10.2985,10.3749,10.6899,10.4543,10.2255,10.4322
2023-10-04,9.9284,10.0029,9.8373,9.9532,45217900,F,10.2447,10.2052,10.2722,10.3574,10.6919,10.4439,10.2255,10.4272
2023-10-05,9.8539,9.9367,9.6800,9.8870,47425000,F,10.2422,10.1718,10.2429,10.3377,10.6949,10.4322,10.2287,10.4215
2023-10-06,9.9367,10.0609,9.6800,9.7876,57558500,F,10.2298,10.1494,10.2142,10.3220,10.6989,10.4224,10.2339,10.4167
2023-10-09,9.9946,10.0609,9.7545,9.7711,33328000,F,10.2236,10.1347,10.1945,10.3091,10.7067,10.4139,10.2402,10.4125
2023-10-10,10.1023,10.1851,10.0112,10.0195,40404600,F,10.2133,10.1316,10.1778,10.3010,10.7135,10.4077,10.2459,10.4094
2023-10-11,10.1437,10.2596,10.0609,10.1768,31321500,F,10.1971,10.1327,10.1584,10.2948,10.7196,10.4025,10.2536,10.4068
2023-10-12,9.9367,9.9946,9.8042,9.8373,51644000,F,10.1714,10.1141,10.1412,10.2808,10.7235,10.3933,10.2600,10.4021
2023-10-13,9.7794,9.9367,9.7711,9.9118,47221800,F,10.1383,10.0822,10.1198,10.2611,10.7261,10.3811,10.2663,10.3959
2023-10-16,9.8787,9.9036,9.7876,9.8622,29183000,F,10.1213,10.0628,10.1039,10.2461,10.7288,10.3712,10.2740,10.3907
2023-10-17,9.9698,10.0774,9.8125,9.8125,40516500,F,10.0998,10.0539,10.0890,10.2353,10.7356,10.3632,10.2800,10.3865
2023-10-18,9.7297,9.8787,9.7297,9.8787,44840100,F,10.0746,10.0231,10.0703,10.2155,10.7397,10.3507,10.2844,10.3800
2023-10-19,9.5475,9.7379,9.5309,9.5972,49057500,F,10.0468,9.9778,10.0505,10.1893,10.7362,10.3348,10.2877,10.3717
2023-10-20,9.6386,9.7379,9.5558,9.5889,53307500,F,10.0141,9.9455,10.0418,10.1677,10.7294,10.3210,10.2901,10.3644
2023-10-23,9.5061,9.6800,9.4564,9.5641,49073800,F,9.9686,9.9036,10.0309,10.1417,10.7262,10.3048,10.2911,10.3559
2023-10-24,9.4316,9.5806,9.4233,9.5227,47775600,F,9.9255,9.8587,10.0175,10.1139,10.7213,10.2876,10.2903,10.3467
2023-10-25,9.5558,9.6386,9.2825,9.3984,74213800,F,9.8903,9.8298,10.0102,10.0920,10.7154,10.2731,10.2898,10.3388
2023-10-26,9.3984,9.8787,9.3819,9.8622,84725900,F,9.8402,9.7887,10.0026,10.0648,10.7062,10.2557,10.2880,10.3295
2023-10-27,8.2474,9.0838,8.1978,9.0507,187029600,F,9.7384,9.6419,9.9716,9.9935,10.6828,10.2160,10.2789,10.3088
2023-10-30,8.0901,8.3965,8.0156,8.3468,106474700,F,9.6332,9.4942,9.9354,9.9189,10.6524,10.1739,10.2682,10.2867
2023-10-31,8.1994,8.3340,8.0985,8.1742,82238800,F,9.5434,9.3708,9.9011,9.8515,10.6231,10.1348,10.2608,10.2659
2023-11-01,8.3340,8.3508,8.2078,8.2751,75469700,F,9.4637,9.2721,9.8712,9.7920,10.5939,10.0991,10.2543,10.2467
2023-11-02,8.5274,8.5358,8.3845,8.4265,66914000,F,9.3974,9.2012,9.8437,9.7424,10.5663,10.0680,10.2497,10.2296
2023-11-03,8.8806,8.9479,8.6199,8.6283,60912400,F,9.3446,9.1706,9.8267,9.7086,10.5394,10.0445,10.2478,10.2162
2023-11-06,8.6704,8.9143,8.6115,8.8806,48435500,F,9.2784,9.1230,9.8029,9.6679,10.5098,10.0173,10.2439,10.2008
2023-11-07,8.5526,8.6536,8.4517,8.6199,50430800,F,9.2009,9.0687,9.7768,9.6241,10.4769,9.9883,10.2380,10.1844
2023-11-08,8.4517,8.5863,8.4349,8.5695,38700600,F,9.1163,9.0099,9.7463,9.5781,10.4433,9.9578,10.2318,10.1671
2023-11-09,8.1574,8.4685,8.1490,8.4433,59356900,F,9.0273,8.9287,9.7102,9.5224,10.4084,9.9222,10.2239,10.1471
2023-11-10,8.2919,8.3004,8.1322,8.2499,45069700,F,8.9530,8.8681,9.6752,9.4742,10.3765,9.8899,10.2162,10.1287
2023-11-13,8.2583,8.3004,8.1910,8.2667,34458300,F,8.8719,8.8100,9.6393,9.4265,10.3428,9.8576,10.2070,10.1101
2023-11-14,8.7461,8.7965,8.3929,8.4013,67684000,F,8.8108,8.8039,9.6140,9.3998,10.3154,9.8356,10.2017,10.0965
2023-11-15,8.8049,8.8890,8.7377,8.7545,45193700,F,8.7645,8.8040,9.5902,9.3765,10.2879,9.8152,10.1943,10.0836
2023-11-16,8.5442,8.7713,8.4938,8.7461,45408100,F,8.7144,8.7793,9.5630,9.3438,10.2553,9.7900,10.1845,10.0683
2023-11-17,8.6367,8.6788,8.5695,8.6283,36501200,F,8.6643,8.7657,9.5320,9.3161,10.2205,9.7672,10.1732,10.0541
2023-11-20,8.6956,8.7713,8.6283,8.6536,46933100,F,8.6237,8.7590,9.5036,9.2918,10.1850,9.7460,10.1663,10.0406
2023-11-21,8.5695,8.6788,8.4938,8.6452,47284300,F,8.5806,8.7410,9.4688,9.2635,10.1468,9.7227,10.1592,10.0259
2023-11-22,8.6283,8.7293,8.5526,8.6115,41116300,F,8.5343,8.7302,9.4320,9.2385,10.1082,9.7010,10.1511,10.0120
2023-11-24,8.7461,8.8554,8.6452,8.6452,22028100,F,8.5016,8.7318,9.3979,9.2192,10.0700,9.6821,10.1438,9.9994
2023-11-27,8.6956,8.7629,8.6620,8.7208,32247600,F,8.5241,8.7283,9.3630,9.1987,10.0342,9.6626,10.1360,9.9864
2023-11-28,8.7208,8.7461,8.6115,8.6872,38510600,F,8.5556,8.7276,9.3331,9.1800,9.9987,9.6439,10.1281,9.9739
2023-11-29,8.9059,9.2170,8.8806,9.1497,77246800,F,8.5909,8.7446,9.3032,9.1692,9.9643,9.6293,10.1196,9.9632
2023-11-30,8.6283,8.9984,8.5611,8.9815,80525700,F,8.6056,8.7335,9.2711,9.1480,9.9258,9.6095,10.1103,9.9499
2023-12-01,8.8974,8.9143,8.5947,8.6536,61619800,F,8.6241,8.7491,9.2470,9.1382,9.8901,9.5954,10.1025,9.9395
2023-12-04,8.9984,9.0740,8.8302,8.8470,54196100,F,8.6300,8.7729,9.2211,9.1327,9.8557,9.5835,10.0953,9.9301
2023-12-05,8.9143,8.9815,8.8638,8.9479,41551100,F,8.6422,8.7863,9.1910,9.1241,9.8221,9.5703,10.0877,9.9200
2023-12-06,8.9899,9.1497,8.9731,9.0404,47223500,F,8.6641,8.8057,9.1650,9.1189,9.7966,9.5588,10.0833,9.9107
2023-12-07,9.0993,9.1497,8.9815,9.0068,40523200,F,8.6965,8.8337,9.1417,9.1181,9.7715,9.5497,10.0794,9.9027
2023-12-08,9.2591,9.3095,9.0740,9.0909,48961200,F,8.7515,8.8742,9.1189,9.1236,9.7486,9.5439,10.0769,9.8963
2023-12-11,9.3095,9.3768,9.2338,9.2675,39700900,F,8.8024,8.9156,9.0994,9.1309,9.7268,9.5393,10.0754,9.8904
2023-12-12,9.3852,9.4188,9.2927,9.3263,40206200,F,8.8588,8.9604,9.0833,9.1409,9.7066,9.5363,10.0735,9.8854
2023-12-13,9.4525,9.4945,9.0825,9.2759,68066700,F,8.8941,9.0072,9.0724,9.1531,9.6855,9.5346,10.0719,9.8811
2023-12-14,10.1589,10.2009,9.6459,9.6459,110777600,F,8.9618,9.1169,9.0770,9.1925,9.6746,9.5470,10.0729,9.8839
2023-12-15,10.1084,10.2430,10.0328,10.1505,85298200,F,9.0400,9.2113,9.0821,9.2285,9.6625,9.5581,10.0727,9.8861
2023-12-18,10.0328,10.1589,10.0159,10.0832,43424400,F,9.1098,9.2896,9.0840,9.2600,9.6491,9.5675,10.0699,9.8876
2023-12-19,10.1084,10.1505,9.9991,10.0664,35722900,F,9.1804,9.3676,9.0863,9.2933,9.6404,9.5782,10.0680,9.8898
2023-12-20,9.9234,10.2094,9.9150,10.0664,54981100,F,9.2481,9.4205,9.0827,9.3180,9.6303,9.5850,10.0657,9.8901
2023-12-21,10.3775,10.3944,10.0075,10.0328,66424600,F,9.3356,9.5116,9.0874,9.3595,9.6229,9.6007,10.0651,9.8949
2023-12-22,10.3860,10.4785,10.3271,10.3607,43764600,F,9.4176,9.5949,9.0964,9.3998,9.6188,9.6163,10.0666,9.8998
2023-12-26,10.4701,10.5121,10.4028,10.4196,26293700,F,9.5063,9.6783,9.1102,9.4418,9.6150,9.6332,10.0700,9.9055
2023-12-27,10.4196,10.4701,10.2850,10.4532,39891300,F,9.5912,9.7489,9.1210,9.4801,9.6125,9.6487,10.0735,9.9106
2023-12-28,10.3775,10.4532,10.3271,10.4112,26688500,F,9.6648,9.8087,9.1292,9.5153,9.6091,9.6632,10.0771,9.9153
2023-12-29,10.2514,10.4196,10.2262,10.3860,40964700,F,9.7460,9.8509,9.1396,9.5442,9.6050,9.6748,10.0810,9.9186
2024-01-02,10.2262,10.4112,10.0412,10.1253,47494800,F,9.8124,9.8866,9.1532,9.5709,9.6018,9.6857,10.0843,9.9217
2024-01-03,9.8477,10.1168,9.7889,10.1084,70120100,F,9.8549,9.8829,9.1574,9.5818,9.5996,9.6890,10.0878,9.9209
2024-01-04,9.8225,9.9402,9.7805,9.8898,54920300,F,9.9003,9.8772,9.1637,9.5912,9.5973,9.6916,10.0917,9.9199
2024-01-05,9.9655,10.1253,9.7805,9.7973,44443800,F,9.9491,9.8856,9.1744,9.6059,9.5959,9.6970,10.0941,9.9204
2024-01-08,10.0664,10.1337,9.9150,9.9655,41514400,F,9.9974,9.9028,9.1846,9.6239,9.5974,9.7043,10.0980,9.9219
2024-01-09,9.9571,10.0075,9.8982,9.9318,49536700,F,10.0323,9.9080,9.1958,9.6370,9.5992,9.7093,10.1016,9.9222
2024-01-10,9.9487,9.9739,9.8477,9.9487,37539200,F,10.0643,9.9118,9.2298,9.6492,9.6007,9.7141,10.1048,9.9225
2024-01-11,9.8477,9.8982,9.7300,9.8814,48692000,F,10.0874,9.9057,9.2649,9.6570,9.6002,9.7167,10.1074,9.9217
2024-01-12,9.6375,9.8982,9.5954,9.7973,55030100,F,10.0967,9.8802,9.2937,9.6563,9.5974,9.7152,10.1087,9.9189
2024-01-16,9.6375,9.6711,9.4020,9.5029,45207700,F,10.0706,9.8571,9.3198,9.6555,9.5955,9.7136,10.1081,9.9161
2024-01-17,9.4777,9.5113,9.3432,9.3936,52671300,F,10.0391,9.8210,9.3388,9.6485,9.5912,9.7089,10.1058,9.9117
2024-01-18,9.2422,9.5114,9.2170,9.4609,71667200,F,9.9995,9.7658,9.3460,9.6326,9.5864,9.6997,10.1011,9.9051
2024-01-19,9.4188,9.4357,9.1077,9.2002,61143300,F,9.9651,9.7328,9.3610,9.6242,9.5819,9.6941,10.0969,9.9002
2024-01-22,9.4188,9.5870,9.3684,9.4441,45479600,F,9.9398,9.7029,9.3783,9.6162,9.5776,9.6887,10.0925,9.8954
2024-01-23,9.5618,9.6375,9.4525,9.5534,45465200,F,9.8990,9.6895,9.4005,9.6140,9.5734,9.6862,10.0900,9.8921
2024-01-24,9.2759,9.6291,9.2507,9.6207,59064600,F,9.8435,9.6501,9.4229,9.6008,9.5666,9.6781,10.0865,9.8860
2024-01-25,9.5366,9.5534,9.2759,9.3263,49356700,F,9.7969,9.6393,9.4478,9.5983,9.5615,9.6753,10.0828,9.8825
2024-01-26,9.5786,9.6711,9.5029,9.5870,35837000,F,9.7548,9.6335,9.4742,9.5975,9.5567,9.6733,10.0786,9.8795
2024-01-29,9.7132,9.7216,9.5029,9.5702,58249600,F,9.7216,9.6411,9.4935,9.6020,9.5538,9.6741,10.0759,9.8778
2024-01-30,9.9066,9.9823,9.7720,9.8982,70213300,F,9.7044,9.6664,9.5156,9.6140,9.5529,9.6787,10.0750,9.8781
2024-01-31,9.8561,10.0832,9.8561,9.8898,74558900,F,9.6859,9.6844,9.5418,9.6235,9.5524,9.6822,10.0737,9.8779
2024-02-01,10.1757,10.2094,9.7720,9.9402,81065800,F,9.7022,9.7312,9.5726,9.6451,9.5523,9.6920,10.0733,9.8809
2024-02-02,10.2094,10.2514,10.0412,10.1168,73130900,F,9.7216,9.7768,9.6028,9.6673,9.5532,9.7023,10.0728,9.8841
2024-02-05,9.7468,10.1589,9.7048,10.1000,81026800,F,9.7107,9.7739,9.6264,9.6704,9.5476,9.7031,10.0721,9.8828
2024-02-06,10.1505,10.1757,9.7721,9.7889,98636800,F,9.7149,9.8098,9.6568,9.6892,9.5444,9.7120,10.0748,9.8854
2024-02-07,10.7644,10.9158,10.2598,10.7055,137224000,F,9.7552,9.9007,9.6972,9.7314,9.5476,9.7328,10.0809,9.8942
2024-02-08,10.7896,10.8485,10.5457,10.8233,68653900,F,9.7973,9.9854,9.7391,9.7729,9.5511,9.7538,10.0857,9.9031
2024-02-09,10.6635,10.8653,10.6298,10.7728,47649600,F,9.8381,10.0499,9.7779,9.8078,9.5555,9.7718,10.0908,9.9107
2024-02-12,10.9158,10.9915,10.6298,10.6635,54036500,F,9.9020,10.1324,9.8181,9.8512,9.5607,9.7944,10.0981,9.9207
2024-02-13,10.6635,10.8485,10.4953,10.7392,67907700,F,9.9533,10.1830,9.8588,9.8831,9.5649,9.8116,10.1038,9.9280
2024-02-14,10.5626,10.7560,10.5289,10.6971,52978800,F,10.0075,10.2191,9.8921,9.9097,9.5695,9.8265,10.1080,9.9344
2024-02-15,10.8130,10.8389,10.6317,10.6662,57811800,F,10.0861,10.2757,9.9284,9.9452,9.5747,9.8460,10.1127,9.9431
2024-02-16,10.6230,10.8044,10.5885,10.7267,43228600,F,10.1463,10.3088,9.9626,9.9717,9.5768,9.8614,10.1175,9.9499
2024-02-20,10.5798,10.6489,10.4503,10.5280,44591000,F,10.2043,10.3346,9.9944,9.9956,9.5797,9.8757,10.1221,9.9561
2024-02-21,10.4848,10.6403,10.4071,10.5453,41835800,F,10.2505,10.3489,10.0221,10.0148,9.5819,9.8877,10.1271,9.9614
2024-02-22,10.4676,10.5712,10.4071,10.4762,36980500,F,10.3101,10.3602,10.0463,10.0325,9.5826,9.8992,10.1304,9.9664
2024-02-23,10.4848,10.5885,10.4416,10.4503,32152100,F,10.3575,10.3721,10.0698,10.0503,9.5846,9.9108,10.1336,9.9716
2024-02-26,10.3207,10.5971,10.3207,10.4762,40241300,F,10.3946,10.3672,10.0885,10.0609,9.5859,9.9189,10.1366,9.9751
2024-02-27,10.3639,10.5107,10.3294,10.3812,36508800,F,10.4271,10.3669,10.1067,10.0728,9.5896,9.9277,10.1397,9.9789
2024-02-28,10.6230,10.7094,10.3294,10.3380,51447900,F,10.4629,10.3913,10.1160,10.0943,9.5965,9.9415,10.1442,9.9853
2024-02-29,10.7439,10.7698,10.6403,10.6835,43098500,F,10.5073,10.4248,10.1287,10.1198,9.6054,9.9574,10.1501,9.9929
2024-03-01,10.7526,10.9167,10.6403,10.8217,48761400,F,10.5362,10.4561,10.1431,10.1446,9.6136,9.9731,10.1562,10.0005
2024-03-04,11.0030,11.2535,10.8562,10.8562,81871700,F,10.5758,10.5082,10.1610,10.1783,9.6237,9.9935,10.1652,10.0104
2024-03-05,10.8648,11.0030,10.7957,10.9253,47896200,F,10.6317,10.5421,10.1798,10.2052,9.6313,10.0108,10.1724,10.0189
2024-03-06,10.6921,10.8562,10.6489,10.8130,48834500,F,10.6588,10.5564,10.1861,10.2243,9.6368,10.0243,10.1782,10.0256
2024-03-07,10.7180,10.7698,10.5885,10.7180,38971000,F,10.6565,10.5718,10.1928,10.2437,9.6446,10.0380,10.1841,10.0325
2024-03-08,10.5194,10.8130,10.4848,10.7353,54723800,F,10.6430,10.5668,10.1938,10.2545,9.6520,10.0475,10.1890,10.0374
2024-03-11,10.4589,10.5712,10.4330,10.4762,35135400,F,10.6328,10.5565,10.1945,10.2625,9.6578,10.0557,10.1933,10.0416
2024-03-12,10.4589,10.5021,10.3898,10.4848,31245200,F,10.6099,10.5472,10.1962,10.2702,9.6627,10.0637,10.1992,10.0457
2024-03-13,10.6835,10.7785,10.4589,10.4676,50595300,F,10.6109,10.5602,10.2048,10.2864,9.6722,10.0759,10.2060,10.0521
2024-03-14,10.4330,10.6835,10.3726,10.6576,52619900,F,10.6044,10.5481,10.2090,10.2922,9.6811,10.0830,10.2086,10.0558
2024-03-15,10.4157,10.5971,10.3812,10.4071,88254000,F,10.5846,10.5355,10.2203,10.2970,9.6888,10.0896,10.2091,10.0594
2024-03-18,10.5194,10.5280,10.3466,10.4848,36599200,F,10.5794,10.5340,10.2343,10.3057,9.6990,10.0981,10.2126,10.0640
2024-03-19,10.6230,10.6662,10.4589,10.4589,32668700,F,10.5816,10.5424,10.2474,10.3182,9.7109,10.1085,10.2161,10.0696
2024-03-20,11.1412,11.1585,10.5885,10.5885,67721500,F,10.6144,10.5995,10.2689,10.3504,9.7267,10.1290,10.2211,10.0802
2024-03-21,11.1585,11.2794,11.0462,11.1585,55822500,F,10.6489,10.6527,10.2929,10.3821,9.7443,10.1493,10.2253,10.0910
2024-03-22,11.1498,11.1930,11.0980,11.1153,33137500,F,10.6822,10.7001,10.3169,10.4122,9.7734,10.1692,10.2281,10.1015
2024-03-25,11.1412,11.2794,11.0030,11.1585,39063500,F,10.7232,10.7421,10.3428,10.4408,9.8039,10.1884,10.2281,10.1118
2024-03-26,10.7439,11.1930,10.7353,11.1930,67140200,F,10.7422,10.7422,10.3649,10.4527,9.8293,10.1994,10.2262,10.1181
2024-03-27,11.2794,11.2880,10.8130,10.8217,53555800,F,10.7750,10.7934,10.3978,10.4851,9.8588,10.2208,10.2263,10.1297
2024-03-28,11.4694,11.4867,11.2708,11.2880,61846400,F,10.8113,10.8578,10.4376,10.5237,9.8882,10.2455,10.2273,10.1430
2024-04-01,11.4780,11.5558,11.3485,11.5126,35898300,F,10.8476,10.9169,10.4823,10.5612,9.9142,10.2699,10.2268,10.1563
2024-04-02,11.4694,11.5471,11.3053,11.3658,42653400,F,10.8709,10.9695,10.5233,10.5968,9.9422,10.2937,10.2260,10.1694
2024-04-03,11.7890,11.8149,11.4262,11.4435,57498900,F,10.9171,11.0475,10.5707,10.6435,9.9745,10.3233,10.2257,10.1855
2024-04-04,11.4089,12.0481,11.3744,12.0049,67812400,F,10.9529,11.0819,10.6077,10.6735,10.0041,10.3448,10.2237,10.1977
2024-04-05,11.4694,11.5730,11.3053,11.4608,46937400,F,10.9905,11.1188,10.6516,10.7048,10.0372,10.3671,10.2228,10.2103
2024-04-08,11.5817,11.6940,11.5299,11.5299,29900500,F,11.0436,11.1629,10.6925,10.7391,10.0701,10.3911,10.2233,10.2240
2024-04-09,11.6940,11.7371,11.5212,11.6335,35497900,F,11.1054,11.2135,10.7348,10.7766,10.1045,10.4169,10.2237,10.2386
2024-04-10,11.2794,11.4780,11.1844,11.4521,51395000,F,11.1464,11.2198,10.7661,10.7963,10.1298,10.4340,10.2226,10.2489
2024-04-11,11.2621,11.3485,11.1499,11.3226,38383100,F,11.1753,11.2238,10.7932,10.8146,10.1544,10.4504,10.2211,10.2590
2024-04-12,10.8908,11.1585,10.7957,11.1585,52356300,F,11.1982,11.1921,10.8139,10.8176,10.1778,10.4591,10.2166,10.2653
2024-04-15,10.5626,11.0721,10.5194,11.0030,59484400,F,11.2056,11.1321,10.8216,10.8076,10.1971,10.4612,10.2088,10.2683
2024-04-16,10.4416,10.5798,10.3121,10.4848,56392200,F,11.2017,11.0664,10.8263,10.7932,10.2146,10.4608,10.1998,10.2700
2024-04-17,10.3985,10.5798,10.3812,10.4848,43646600,F,11.1904,11.0028,10.8393,10.7777,10.2329,10.4595,10.1898,10.2713
2024-04-18,10.4157,10.5107,10.3466,10.4330,39902100,F,11.1542,10.9469,10.8446,10.7635,10.2507,10.4587,10.1795,10.2727
2024-04-19,10.4848,10.5626,10.3812,10.3812,39623800,F,11.1205,10.9029,10.8390,10.7526,10.2681,10.4592,10.1690,10.2748
2024-04-22,11.1239,11.1412,10.5798,10.6317,86462700,F,11.1192,10.9239,10.8457,10.7672,10.2924,10.4723,10.1633,10.2833
2024-04-23,11.1758,11.2708,11.0721,11.2708,62807100,F,11.1209,10.9479,10.8560,10.7832,10.3169,10.4863,10.1578,10.2921
2024-04-24,11.1844,11.2708,11.0376,11.1758,74510400,F,11.1429,10.9704,10.8613,10.7989,10.3397,10.5001,10.1520,10.3010
2024-04-25,11.2621,11.3830,10.9080,11.0980,86944100,F,11.1421,10.9982,10.8733,10.8171,10.3661,10.5152,10.1460,10.3106
2024-04-26,11.0462,11.2449,10.8908,11.0203,57257800,F,11.1209,11.0028,10.8830,10.8261,10.3876,10.5257,10.1389,10.3179
2024-04-29,11.0117,11.0894,10.8389,11.0635,50285600,F,11.0976,11.0036,10.8870,10.8333,10.4077,10.5353,10.1317,10.3248
2024-04-30,10.4935,10.8821,10.4762,10.8821,75890500,F,11.0488,10.9550,10.8844,10.8200,10.4235,10.5345,10.1228,10.3265
2024-05-01,10.5366,10.7353,10.4935,10.5021,48749400,F,10.9862,10.9152,10.8835,10.8089,10.4390,10.5345,10.1178,10.3286
2024-05-02,10.7871,10.8389,10.6748,10.7094,46868600,F,10.9551,10.9030,10.8895,10.8081,10.4558,10.5395,10.1137,10.3331
2024-05-03,10.7353,11.0203,10.7007,10.9167,47463300,F,10.9184,10.8870,10.8949,10.8052,10.4706,10.5434,10.1096,10.3371
2024-05-06,10.7957,10.8994,10.7612,10.8303,29780300,F,10.8791,10.8783,10.9011,10.8048,10.4855,10.5484,10.1061,10.3417
2024-05-07,10.6384,10.8832,10.5685,10.8395,48102900,F,10.8263,10.8555,10.9075,10.7983,10.4980,10.5502,10.1023,10.3447
2024-05-08,10.6209,10.7083,10.5073,10.5597,38177200,F,10.7934,10.8331,10.9126,10.7913,10.5097,10.5516,10.0976,10.3474
2024-05-09,10.6034,10.6821,10.5422,10.6122,29103800,F,10.7605,10.8113,10.9122,10.7840,10.5141,10.5526,10.0944,10.3500
2024-05-10,10.4811,10.6384,10.4111,10.6209,51447800,F,10.7400,10.7798,10.9070,10.7721,10.5178,10.5512,10.0902,10.3513
2024-05-13,10.7783,10.8832,10.5335,10.5335,60962300,F,10.7508,10.7797,10.9075,10.7723,10.5253,10.5557,10.0872,10.3555
2024-05-14,10.8744,11.0493,10.8045,10.8744,39980400,F,10.7724,10.7887,10.9049,10.7763,10.5330,10.5620,10.0867,10.3607
2024-05-15,10.7608,10.9793,10.6471,10.9181,50739900,F,10.7905,10.7860,10.9028,10.7757,10.5413,10.5660,10.0858,10.3647
2024-05-16,10.8220,10.9094,10.7171,10.7258,41502200,F,10.8108,10.7895,10.9054,10.7775,10.5458,10.5710,10.0843,10.3692
2024-05-17,10.7346,10.8220,10.7083,10.8132,24011300,F,10.8233,10.7842,10.9057,10.7759,10.5493,10.5743,10.0840,10.3728
2024-05-20,10.6209,10.7783,10.6122,10.7258,27019100,F,10.7982,10.7687,10.9078,10.7698,10.5508,10.5752,10.0829,10.3753
2024-05-21,10.6209,10.6646,10.5160,10.6297,32851000,F,10.7704,10.7546,10.9110,10.7639,10.5528,10.5761,10.0826,10.3777
2024-05-22,10.5160,10.5597,10.4636,10.5422,35403000,F,10.7370,10.7319,10.9122,10.7542,10.5542,10.5749,10.0816,10.3791
2024-05-23,10.5860,10.6821,10.4985,10.5772,43590100,F,10.7032,10.7180,10.9102,10.7476,10.5575,10.5751,10.0812,10.3812
2024-05-24,10.6297,10.7258,10.5248,10.6297,40840400,F,10.6824,10.7096,10.9141,10.7430,10.5615,10.5762,10.0817,10.3837
2024-05-28,10.2101,10.6034,10.1926,10.5860,57460100,F,10.6423,10.6620,10.9100,10.7221,10.5652,10.5689,10.0824,10.3819
2024-05-29,10.1052,10.1838,10.0527,10.1139,45759500,F,10.6229,10.6090,10.9017,10.6979,10.5680,10.5598,10.0827,10.3792
2024-05-30,10.2887,10.2975,10.0352,10.1227,42218900,F,10.6105,10.5785,10.8951,10.6819,10.5712,10.5544,10.0836,10.3783
2024-05-31,10.6034,10.6209,10.1926,10.2887,57205800,F,10.6013,10.5808,10.8843,10.6788,10.5766,10.5554,10.0870,10.3805
2024-06-03,10.6559,10.7695,10.5073,10.7083,53784100,F,10.5973,10.5880,10.8743,10.6779,10.5836,10.5574,10.0914,10.3833
2024-06-04,10.5160,10.6034,10.4548,10.5597,41533100,F,10.5833,10.5811,10.8616,10.6715,10.5893,10.5565,10.0950,10.3846
2024-06-05,10.5510,10.5947,10.3324,10.5335,45509800,F,10.5790,10.5783,10.8498,10.6668,10.5963,10.5564,10.0982,10.3862
2024-06-06,10.5510,10.5772,10.4548,10.4723,28289900,F,10.5755,10.5757,10.8459,10.6623,10.6054,10.5563,10.1014,10.3879
2024-06-07,10.6209,10.6297,10.4461,10.4898,31934000,F,10.5763,10.5800,10.8327,10.6606,10.6153,10.5576,10.1054,10.3902
2024-06-10,10.8220,10.9444,10.5772,10.6034,68322800,F,10.5934,10.6030,10.8198,10.6670,10.6287,10.5628,10.1100,10.3945
2024-06-11,10.5860,10.8045,10.5335,10.7695,48201800,F,10.5838,10.6014,10.8020,10.6638,10.6421,10.5633,10.1143,10.3964
2024-06-12,10.5597,10.8132,10.5160,10.7346,57116200,F,10.5680,10.5974,10.7838,10.6597,10.6536,10.5632,10.1177,10.3980
2024-06-13,10.4373,10.5685,10.3587,10.5597,41422300,F,10.5519,10.5822,10.7567,10.6510,10.6637,10.5607,10.1207,10.3984
2024-06-14,10.2363,10.3412,10.0964,10.3150,49382100,F,10.5226,10.5492,10.7333,10.6347,10.6705,10.5543,10.1219,10.3968
2024-06-17,10.3587,10.3936,10.1926,10.1926,31970100,F,10.5038,10.5311,10.7111,10.6239,10.6813,10.5504,10.1239,10.3964
2024-06-18,10.2975,10.4373,10.2887,10.3237,29023400,F,10.4876,10.5088,10.6854,10.6111,10.6889,10.5454,10.1252,10.3954
2024-06-20,10.4373,10.4636,10.1838,10.2363,53468000,F,10.4784,10.5020,10.6602,10.6043,10.6975,10.5433,10.1271,10.3958
2024-06-21,10.3499,10.4111,10.2800,10.4024,50178700,F,10.4701,10.4875,10.6417,10.5943,10.7039,10.5395,10.1288,10.3954
2024-06-24,10.6909,10.7083,10.4199,10.4286,58436900,F,10.4754,10.5069,10.6302,10.5981,10.7117,10.5425,10.1323,10.3983
2024-06-25,10.5685,10.6734,10.5160,10.6384,38818900,F,10.4723,10.5128,10.6238,10.5969,10.7188,10.5430,10.1356,10.4000
2024-06-26,10.5860,10.6034,10.4461,10.4985,41426600,F,10.4911,10.5197,10.6243,10.5965,10.7229,10.5438,10.1376,10.4019
2024-06-27,10.6909,10.8220,10.5335,10.5597,48080200,F,10.5204,10.5360,10.6292,10.6002,10.7278,10.5467,10.1405,10.4047
2024-06-28,10.9618,11.0318,10.7171,10.7171,65914700,F,10.5540,10.5766,10.6405,10.6144,10.7399,10.5550,10.1437,10.4103
2024-07-01,11.1542,11.2503,10.9531,10.9793,56152700,F,10.5816,10.6316,10.6553,10.6356,10.7499,10.5668,10.1472,10.4177
2024-07-02,11.2503,11.3202,11.1192,11.2153,46990400,F,10.6113,10.6905,10.6706,10.6597,10.7548,10.5804,10.1512,10.4260
2024-07-03,11.2503,11.3290,11.1891,11.2678,26894300,F,10.6480,10.7438,10.6731,10.6828,10.7594,10.5936,10.1552,10.4342
2024-07-05,11.2241,11.3290,11.1454,11.2503,31589300,F,10.6817,10.7896,10.6741,10.7041,10.7650,10.6061,10.1603,10.4420
2024-07-08,11.3465,11.5388,11.2940,11.3377,44346200,F,10.7214,10.8426,10.6773,10.7292,10.7693,10.6208,10.1650,10.4510
2024-07-09,11.2765,11.4251,11.2590,11.3290,40680900,F,10.7542,10.8839,10.6776,10.7507,10.7755,10.6337,10.1702,10.4593
2024-07-10,11.5126,11.5475,11.2853,11.3202,36305500,F,10.7888,10.9438,10.6869,10.7806,10.7850,10.6511,10.1773,10.4697
2024-07-11,11.7748,11.8360,11.5825,11.5825,51443400,F,10.8482,11.0229,10.7022,10.8196,10.7946,10.6734,10.1847,10.4827
2024-07-12,12.2643,12.4217,11.8272,11.8272,85609700,F,10.9334,11.1412,10.7376,10.8762,10.8110,10.7049,10.1939,10.5004
2024-07-15,12.4391,12.6140,12.3430,12.4217,65643300,F,11.0335,11.2648,10.7757,10.9375,10.8296,10.7392,10.2046,10.5197
2024-07-16,12.5790,12.6489,12.4042,12.4741,52040100,F,11.1507,11.3900,10.8115,11.0019,10.8505,10.7757,10.2162,10.5402
2024-07-17,12.6577,12.7888,12.4829,12.4916,58087100,F,11.2656,11.5107,10.8499,11.0668,10.8724,10.8129,10.2275,10.5613
2024-07-18,12.7189,12.9811,12.6315,12.6839,58077000,F,11.3867,11.6258,10.8884,11.1316,10.8948,10.8507,10.2397,10.5828
2024-07-19,12.2206,12.6752,12.2031,12.6664,75908600,F,11.4758,11.6824,10.9201,11.1743,10.9138,10.8778,10.2498,10.5991
2024-07-22,12.3430,12.3954,12.0545,12.2556,59116800,F,11.5755,11.7453,10.9545,11.2201,10.9336,10.9068,10.2616,10.6164
2024-07-23,12.0895,12.2993,11.8622,12.2905,85897700,F,11.6454,11.7781,10.9842,11.2542,10.9482,10.9302,10.2724,10.6311
2024-07-24,11.9496,12.1332,11.8797,12.0021,81768700,F,11.7145,11.7944,11.0136,11.2815,10.9603,10.9504,10.2828,10.6442
2024-07-25,9.7555,10.4723,9.7468,10.3150,259484000,F,11.6730,11.6003,10.9931,11.2217,10.9503,10.9268,10.2819,10.6354
2024-07-26,9.7817,9.9303,9.6594,9.7992,79599900,F,11.6275,11.4271,10.9713,11.1652,10.9381,10.9041,10.2809,10.6269
2024-07-29,9.6244,9.7730,9.4408,9.7730,91667500,F,11.5606,11.2554,10.9486,11.1048,10.9257,10.8788,10.2785,10.6169
2024-07-30,9.4758,9.7118,9.4233,9.6419,69337000,F,11.4767,11.0859,10.9216,11.0409,10.9135,10.8510,10.2751,10.6055
2024-07-31,9.4583,9.6244,9.3709,9.4933,75478000,F,11.3871,10.9309,10.8961,10.9788,10.9009,10.8234,10.2728,10.5941
2024-08-01,9.3447,9.5457,9.2747,9.4933,60516500,F,11.2918,10.7798,10.8706,10.9147,10.8892,10.7941,10.2706,10.5817
2024-08-02,8.7677,9.2223,8.7415,9.2223,110703000,F,11.1690,10.5882,10.8335,10.8305,10.8723,10.7540,10.2650,10.5636
2024-08-05,8.4880,8.6541,8.2957,8.3569,115594200,F,11.0261,10.3882,10.7930,10.7387,10.8526,10.7091,10.2576,10.5430
2024-08-06,8.5492,8.6191,8.4618,8.5579,111817600,F,10.8897,10.2130,10.7522,10.6528,10.8312,10.6663,10.2517,10.5231
2024-08-07,8.6735,8.8599,8.6557,8.7445,69482400,F,10.7478,10.0664,10.7131,10.5752,10.8136,10.6269,10.2473,10.5047
2024-08-08,8.9931,9.0996,8.7001,8.7001,73007600,F,10.6087,9.9642,10.6888,10.5132,10.7994,10.5945,10.2441,10.4897
2024-08-09,8.9664,9.0286,8.8510,8.9487,48860800,F,10.4438,9.8692,10.6660,10.4525,10.7839,10.5623,10.2414,10.4745
2024-08-12,8.7534,8.9664,8.7356,8.9664,56118700,F,10.2595,9.7629,10.6353,10.3859,10.7652,10.5265,10.2380,10.4574
2024-08-13,9.0019,9.0108,8.6735,8.8066,44766100,F,10.0806,9.6904,10.6032,10.3316,10.7438,10.4963,10.2353,10.4429
2024-08-14,9.0375,9.0907,8.9220,9.0197,37026400,F,9.8996,9.6282,10.5709,10.2808,10.7226,10.4674,10.2335,10.4289
2024-08-15,9.2860,9.3215,9.2061,9.2061,41597900,F,9.7280,9.5956,10.5463,10.2418,10.7039,10.4440,10.2386,10.4176
2024-08-16,9.3304,9.3393,9.2061,9.2328,34142600,F,9.5835,9.5704,10.5219,10.2061,10.6858,10.4219,10.2448,10.4068
2024-08-19,9.5168,9.5435,9.3571,9.3748,41066300,F,9.4422,9.5653,10.5012,10.1791,10.6735,10.4040,10.2514,10.3979
2024-08-20,9.4813,9.5790,9.4192,9.4991,32468000,F,9.3118,9.5573,10.4784,10.1517,10.6556,10.3858,10.2572,10.3888
2024-08-21,9.6323,9.7388,9.5435,9.6234,48943900,F,9.1959,9.5644,10.4546,10.1313,10.6372,10.3708,10.2627,10.3813
2024-08-22,9.6944,9.7743,9.6234,9.6323,50885400,F,9.1928,9.5768,10.4368,10.1142,10.6194,10.3574,10.2668,10.3744
2024-08-23,10.0051,10.0140,9.7122,9.7477,64612700,F,9.2040,9.6176,10.4257,10.1099,10.6047,10.3505,10.2734,10.3707
2024-08-26,9.8631,10.0939,9.8276,10.0495,53070300,F,9.2159,9.6410,10.4142,10.1002,10.5855,10.3408,10.2800,10.3657
2024-08-27,9.8897,9.9607,9.7565,9.8720,44841000,F,9.2366,9.6647,10.4073,10.0920,10.5703,10.3319,10.2872,10.3610
2024-08-28,9.8009,9.9341,9.7477,9.8542,35442200,F,9.2538,9.6776,10.3961,10.0806,10.5536,10.3214,10.2954,10.3554
2024-08-29,9.8631,9.9430,9.7565,9.7832,44989200,F,9.2797,9.6953,10.3874,10.0720,10.5364,10.3123,10.3033,10.3505
2024-08-30,9.9341,9.9696,9.8187,9.8986,44977100,F,9.3380,9.7180,10.3773,10.0666,10.5188,10.3048,10.3116,10.3463
2024-09-03,9.7477,9.8897,9.7122,9.8364,49613500,F,9.4010,9.7209,10.3653,10.0541,10.5035,10.2938,10.3166,10.3404
2024-09-04,9.7210,9.9075,9.6323,9.7565,47900700,F,9.4596,9.7209,10.3459,10.0411,10.4881,10.2824,10.3212,10.3342
2024-09-05,9.5612,9.8897,9.5168,9.8364,50551900,F,9.5040,9.7057,10.3258,10.0222,10.4748,10.2681,10.3263,10.3265
2024-09-06,9.3926,9.6500,9.3482,9.5701,47508900,F,9.5240,9.6759,10.3019,9.9975,10.4631,10.2508,10.3301,10.3172
2024-09-09,9.4636,9.5524,9.3571,9.4192,39223300,F,9.5488,9.6556,10.2773,9.9766,10.4533,10.2352,10.3339,10.3087
2024-09-10,9.1617,9.3127,9.0286,9.3127,63019200,F,9.5692,9.6086,10.2413,9.9447,10.4409,10.2140,10.3369,10.2973
2024-09-11,9.2772,9.2860,8.9931,9.1529,55840200,F,9.5830,9.5770,10.2038,9.9185,10.4295,10.1954,10.3401,10.2872
2024-09-12,9.4281,9.4547,9.1529,9.2328,43779600,F,9.6025,9.5629,10.1674,9.8992,10.4190,10.1802,10.3435,10.2786
2024-09-13,9.4902,9.5790,9.4369,9.4813,35184800,F,9.6127,9.5559,10.1322,9.8832,10.4026,10.1666,10.3475,10.2708
2024-09-16,9.5879,9.6944,9.5080,9.5346,34802400,F,9.6256,9.5590,10.0994,9.8716,10.3868,10.1551,10.3519,10.2640
2024-09-17,9.6766,9.8897,9.6056,9.6678,52068600,F,9.6336,9.5702,10.0660,9.8640,10.3717,10.1456,10.3557,10.2581
2024-09-18,9.7477,9.9962,9.6944,9.7033,55017300,F,9.6469,9.5871,10.0355,9.8594,10.3565,10.1377,10.3613,10.2531
2024-09-19,9.6944,10.0406,9.6500,9.9607,52436400,F,9.6500,9.5973,9.9991,9.8529,10.3430,10.1290,10.3653,10.2475
2024-09-20,9.6589,9.6589,9.4902,9.6411,68809100,F,9.6482,9.6032,9.9568,9.8453,10.3295,10.1197,10.3686,10.2417
2024-09-23,9.6855,9.6944,9.5080,9.6234,40421300,F,9.6323,9.6110,9.9052,9.8391,10.3214,10.1111,10.3724,10.2361
2024-09-24,9.6500,9.7654,9.5967,9.7388,37746300,F,9.6216,9.6147,9.8494,9.8317,10.3125,10.1019,10.3757,10.2303
2024-09-25,9.2505,9.4014,9.1617,9.4014,74109600,F,9.5896,9.5800,9.7828,9.8089,10.2972,10.0851,10.3765,10.2205
2024-09-26,9.4813,9.5435,9.3748,9.3748,51408500,F,9.5737,9.5706,9.7193,9.7960,10.2846,10.0731,10.3776,10.2132
2024-09-27,9.5701,9.7565,9.5524,9.6234,45469600,F,9.5590,9.5706,9.6563,9.7872,10.2724,10.0632,10.3789,10.2068
2024-09-30,9.3748,9.4192,9.2594,9.3038,59662900,F,9.5311,9.5519,9.5994,9.7710,10.2597,10.0495,10.3789,10.1985
2024-10-01,9.5435,9.6056,9.3926,9.5168,63963000,F,9.5208,9.5511,9.5434,9.7621,10.2490,10.0395,10.3793,10.1920
2024-10-02,9.3038,9.5257,9.2594,9.5257,51457400,F,9.5000,9.5276,9.4877,9.7441,10.2360,10.0249,10.3750,10.1831
2024-10-03,9.2772,9.2949,9.1706,9.2416,44458300,F,9.4858,9.5037,9.4343,9.7258,10.2239,10.0101,10.3709,10.1741
2024-10-04,9.3837,9.4192,9.2683,9.4014,45883000,F,9.4853,9.4923,9.4268,9.7124,10.2100,9.9977,10.3676,10.1663
2024-10-07,9.3127,9.4192,9.2772,9.3659,38009100,F,9.4778,9.4752,9.4175,9.6967,10.1944,9.9842,10.3637,10.1578
2024-10-08,9.3127,9.3926,9.2150,9.3215,46355700,F,9.4853,9.4597,9.4112,9.6816,10.1799,9.9709,10.3606,10.1494
2024-10-09,9.4281,9.4813,9.2683,9.3127,40407000,F,9.4929,9.4567,9.4103,9.6717,10.1659,9.9601,10.3559,10.1422
2024-10-10,9.4813,9.4991,9.3571,9.3926,39458300,F,9.4955,9.4590,9.4107,9.6642,10.1534,9.9506,10.3513,10.1356
2024-10-11,9.5168,9.5879,9.4369,9.4458,31915700,F,9.4969,9.4645,9.4142,9.6584,10.1424,9.9420,10.3466,10.1295
2024-10-14,9.6944,9.7299,9.4636,9.5080,41940200,F,9.5022,9.4864,9.4327,9.6599,10.1331,9.9371,10.3429,10.1251
2024-10-15,9.6234,9.7832,9.6056,9.6855,53097100,F,9.4995,9.4995,9.4554,9.6584,10.1242,9.9309,10.3392,10.1201
2024-10-16,9.7921,9.9252,9.6678,9.6678,46996400,F,9.5018,9.5273,9.4803,9.6637,10.1162,9.9282,10.3369,10.1169
2024-10-17,9.8276,9.8808,9.7122,9.8009,37617200,F,9.5084,9.5559,9.5034,9.6701,10.1082,9.9262,10.3349,10.1140
2024-10-18,9.8542,9.9163,9.8009,9.9075,26074900,F,9.5182,9.5843,9.5206,9.6773,10.1047,9.9248,10.3349,10.1114
2024-10-21,9.6589,9.9075,9.6411,9.8364,41008600,F,9.5168,9.5914,9.5344,9.6766,10.1002,9.9195,10.3341,10.1069
2024-10-22,9.8631,9.8986,9.6944,9.6944,51597600,F,9.5275,9.6173,9.5566,9.6839,10.0959,9.9184,10.3336,10.1045
2024-10-23,9.8187,9.9785,9.7832,9.8631,37335400,F,9.5559,9.6365,9.5730,9.6892,10.0881,9.9164,10.3323,10.1016
2024-10-24,9.9785,9.9874,9.8276,9.9785,44736400,F,9.5808,9.6691,9.5918,9.7005,10.0813,9.9176,10.3325,10.1004
2024-10-25,9.8276,10.0584,9.7832,10.0140,39120700,F,9.5936,9.6842,9.6026,9.7055,10.0744,9.9158,10.3319,10.0977
2024-10-28,10.0939,10.1117,9.8720,9.9163,97967000,F,9.6296,9.7232,9.6179,9.7207,10.0699,9.9194,10.3331,10.0977
2024-10-29,9.2416,9.3659,9.0375,9.3482,156228000,F,9.6145,9.6773,9.6124,9.7020,10.0568,9.9060,10.3311,10.0891
2024-10-30,9.2949,9.3482,9.1706,9.2328,48853700,F,9.6141,9.6409,9.6086,9.6860,10.0435,9.8939,10.3294,10.0812
2024-10-31,9.1351,9.3038,9.0907,9.2594,72098700,F,9.6070,9.5927,9.5987,9.6644,10.0266,9.8788,10.3277,10.0718
2024-11-01,9.0730,9.2416,9.0552,9.1706,43472300,F,9.5914,9.5432,9.5863,9.6412,10.0115,9.8629,10.3268,10.0619
2024-11-04,9.1973,9.3837,9.0818,9.0818,55323800,F,9.5857,9.5103,9.5701,9.6238,9.9979,9.8497,10.3257,10.0533
2024-11-05,9.4103,9.4458,9.1440,9.1706,49309000,F,9.5905,9.5008,9.5611,9.6154,9.9876,9.8410,10.3257,10.0469
2024-11-06,9.9341,9.9696,9.6234,9.7210,100781800,F,9.6158,9.5420,9.5619,9.6279,9.9846,9.8428,10.3275,10.0458
2024-11-07,9.8621,9.9971,9.7451,9.9071,55407900,F,9.6349,9.5725,9.5632,9.6371,9.9796,9.8432,10.3305,10.0439
2024-11-08,9.8711,9.8711,9.7721,9.8351,45463400,F,9.6526,9.6010,9.5633,9.6463,9.9754,9.8438,10.3321,10.0422
2024-11-11,10.1051,10.1861,9.9161,9.9611,56630500,F,9.6731,9.6490,9.5668,9.6643,9.9720,9.8489,10.3348,10.0428
2024-11-12,9.9881,10.1681,9.8531,10.0241,44921400,F,9.6914,9.6813,9.5716,9.6770,9.9684,9.8517,10.3362,10.0423
2024-11-13,9.9881,10.0511,9.9161,10.0061,55150900,F,9.7012,9.7105,9.5769,9.6892,9.9614,9.8544,10.3366,10.0418
2024-11-14,9.9611,10.1051,9.9161,10.0151,56780900,F,9.7078,9.7343,9.5849,9.6998,9.9553,9.8565,10.3371,10.0410
2024-11-15,9.9071,10.0331,9.8801,9.9431,58895400,F,9.7105,9.7508,9.5952,9.7080,9.9485,9.8575,10.3357,10.0396
2024-11-18,10.0871,10.1411,9.9251,9.9431,47727300,F,9.7319,9.7828,9.6077,9.7228,9.9425,9.8621,10.3351,10.0401
2024-11-19,9.9431,10.1861,9.9071,9.9521,53227700,F,9.7359,9.7981,9.6233,9.7315,9.9323,9.8637,10.3361,10.0391
2024-11-20,9.6552,9.9431,9.5472,9.9071,68633300,F,9.7277,9.7845,9.6308,9.7285,9.9173,9.8595,10.3336,10.0353
2024-11-21,9.7181,9.7631,9.5472,9.7001,53409500,F,9.7147,9.7782,9.6366,9.7281,9.9020,9.8567,10.3284,10.0322
2024-11-22,10.0601,10.2400,9.7181,9.7271,82556700,F,9.7263,9.8050,9.6480,9.7411,9.8901,9.8608,10.3248,10.0324
2024-11-25,10.2580,10.3660,10.1501,10.1681,63469300,F,9.7345,9.8482,9.6614,9.7614,9.8804,9.8686,10.3227,10.0347
2024-11-26,9.9881,10.1051,9.9341,10.0421,47458800,F,9.7718,9.8615,9.6677,9.7703,9.8669,9.8710,10.3181,10.0342
2024-11-27,9.9881,10.1321,9.9521,10.0151,28474200,F,9.8065,9.8735,9.6725,9.7788,9.8540,9.8733,10.3147,10.0338
2024-11-29,10.0151,10.1411,10.0061,10.0421,28935200,F,9.8505,9.8870,9.6789,9.7881,9.8390,9.8761,10.3120,10.0336
2024-12-02,9.8801,10.1231,9.8621,10.0961,50034400,F,9.8909,9.8864,9.6833,9.7917,9.8200,9.8762,10.3073,10.0320
2024-12-03,9.7361,9.9071,9.7361,9.8891,43904300,F,9.9178,9.8721,9.6843,9.7895,9.7948,9.8734,10.3029,10.0291
2024-12-04,9.6641,9.7811,9.5292,9.7631,66780700,F,9.9305,9.8523,9.6846,9.7846,9.7670,9.8693,10.2983,10.0255
2024-12-05,9.3942,9.6192,9.3492,9.5742,68162000,F,9.9035,9.8086,9.6875,9.7693,9.7352,9.8599,10.2928,10.0192
2024-12-06,9.4572,9.5382,9.3762,9.4572,56227000,F,9.8833,9.7752,9.6870,9.7570,9.7032,9.8519,10.2878,10.0136
2024-12-09,9.5382,9.7181,9.4752,9.5022,53230100,F,9.8666,9.7526,9.6864,9.7484,9.6714,9.8457,10.2831,10.0089
2024-12-10,9.5022,9.6641,9.4932,9.6462,45084300,F,9.8365,9.7287,9.6889,9.7388,9.6442,9.8389,10.2790,10.0038
2024-12-11,9.3672,9.5472,9.2502,9.5472,60487100,F,9.8054,9.6943,9.6854,9.7242,9.6144,9.8295,10.2740,9.9975
2024-12-12,9.3492,9.4572,9.3132,9.3402,38432600,F,9.7735,9.6614,9.6863,9.7095,9.5870,9.8200,10.2676,9.9910
2024-12-13,9.3492,9.3942,9.2862,9.3582,40560700,F,9.7429,9.6317,9.6877,9.6954,9.5610,9.8107,10.2606,9.9846
2024-12-16,8.9893,9.1063,8.8903,9.0613,96264400,F,9.6970,9.5705,9.6799,9.6677,9.5533,9.7944,10.2518,9.9747
2024-12-17,8.9713,9.0343,8.8903,8.9623,76208600,F,9.6412,9.5135,9.6730,9.6404,9.5452,9.7781,10.2417,9.9648
2024-12-18,8.7193,9.0793,8.6923,8.9443,84199500,F,9.5800,9.4378,9.6612,9.6043,9.5362,9.7572,10.2309,9.9524
2024-12-19,8.7643,8.9533,8.7283,8.8093,81659000,F,9.5355,9.3737,9.6479,9.5713,9.5291,9.7375,10.2213,9.9405
2024-12-20,8.8903,8.9623,8.7103,8.7283,87705500,F,9.4941,9.3276,9.6361,9.5446,9.5234,9.7207,10.2122,9.9301
2024-12-23,8.9083,8.9263,8.7733,8.8813,50646600,F,9.4365,9.2877,9.6239,9.5197,9.5190,9.7047,10.2041,9.9199
2024-12-24,9.0163,9.0523,8.8993,8.9083,29083100,F,9.3744,9.2619,9.6103,9.4999,9.5215,9.6910,10.1969,9.9109
2024-12-26,9.0613,9.1063,8.9803,8.9983,35922700,F,9.3281,9.2428,9.5991,9.4827,9.5273,9.6785,10.1899,9.9025
2024-12-27,9.0253,9.1782,8.9803,9.0253,52899900,F,9.2799,9.2220,9.5838,9.4648,9.5320,9.6656,10.1816,9.8938
2024-12-30,8.8903,8.9803,8.8363,8.9533,47116700,F,9.2237,9.1904,9.5650,9.4423,9.5342,9.6503,10.1739,9.8838
2024-12-31,8.9083,9.0073,8.8543,8.9173,54104200,F,9.1751,9.1636,9.5461,9.4213,9.5333,9.6356,10.1664,9.8741
2025-01-02,8.6833,8.9623,8.6743,8.9173,67156200,F,9.1225,9.1178,9.5266,9.3924,9.5305,9.6167,10.1572,9.8622
2025-01-03,8.8903,8.9533,8.5754,8.7193,77245900,F,9.0838,9.0962,9.5071,9.3727,9.5319,9.6023,10.1485,9.8525
2025-01-06,8.9263,9.1692,8.9083,9.0523,63840800,F,9.0604,9.0800,9.4893,9.3552,9.5311,9.5889,10.1374,9.8433
2025-01-07,8.7823,9.0073,8.7463,8.9533,62404000,F,9.0266,9.0516,9.4653,9.3327,9.5286,9.5730,10.1256,9.8328
2025-01-08,8.7643,8.7733,8.6204,8.7643,61678800,F,8.9879,9.0243,9.4441,9.3104,9.5233,9.5570,10.1136,9.8221
2025-01-10,8.6833,8.8543,8.6293,8.7013,73373400,F,8.9470,8.9918,9.4159,9.2858,9.5169,9.5397,10.1013,9.8108
2025-01-13,8.7373,8.7463,8.6114,8.6923,66023000,F,8.9155,8.9676,9.4058,9.2643,9.5091,9.5238,10.0913,9.8001
2025-01-14,8.8003,8.8363,8.7103,8.8003,45419900,F,8.8880,8.9516,9.3959,9.2461,9.5023,9.5094,10.0789,9.7902
2025-01-15,8.9533,9.0523,8.8993,8.9713,68674400,F,8.8683,8.9518,9.3923,9.2346,9.4955,9.4984,10.0663,9.7818
2025-01-16,9.0073,9.0523,8.8993,8.9173,45770000,F,8.8692,8.9571,9.3909,9.2257,9.4886,9.4887,10.0540,9.7741
2025-01-17,9.1602,9.1872,9.0343,9.0703,60802700,F,8.8786,8.9764,9.3902,9.2232,9.4802,9.4822,10.0424,9.7680
2025-01-21,9.3852,9.4032,9.2142,9.2682,65670800,F,8.9119,9.0154,9.3897,9.2295,9.4754,9.4803,10.0304,9.7642
2025-01-22,9.0253,9.2232,9.0163,9.2232,64949200,F,8.9249,9.0163,9.3715,9.2215,9.4667,9.4713,10.0185,9.7569
2025-01-23,9.1423,9.1512,8.9713,9.0433,56241100,F,8.9375,9.0283,9.3571,9.2184,9.4602,9.4648,10.0069,9.7508
2025-01-24,9.1063,9.2772,9.0793,9.1422,42909100,F,8.9474,9.0357,9.3418,9.2140,9.4526,9.4577,9.9945,9.7443
2025-01-27,9.3402,9.3762,9.0883,9.0973,73082600,F,8.9636,9.0647,9.3265,9.2189,9.4466,9.4553,9.9827,9.7403
2025-01-28,9.0703,9.2052,8.9263,9.2052,92177600,F,8.9641,9.0653,9.3082,9.2131,9.4399,9.4477,9.9717,9.7337
2025-01-29,9.1872,9.2592,9.0253,9.0883,69986900,F,8.9722,9.0769,9.2922,9.2121,9.4345,9.4425,9.9613,9.7282
2025-01-30,9.1423,9.3492,9.0523,9.2322,69663100,F,8.9848,9.0831,9.2758,9.2094,9.4303,9.4366,9.9526,9.7224
2025-01-31,9.0703,9.3132,8.9893,9.1512,103652400,F,8.9929,9.0819,9.2590,9.2039,9.4271,9.4293,9.9451,9.7159
2025-02-03,8.8993,9.0523,8.6383,8.7463,131430300,F,9.0037,9.0645,9.2353,9.1920,9.4215,9.4188,9.9374,9.7078
2025-02-04,9.1423,9.1423,8.9083,8.9443,68716500,F,9.0163,9.0719,9.2193,9.1900,9.4213,9.4134,9.9311,9.7021
2025-02-05,9.0073,9.2862,8.9623,9.1423,124187800,F,9.0203,9.0657,9.2063,9.1828,9.4186,9.4053,9.9241,9.6952
2025-02-06,8.3324,8.6743,8.3324,8.5394,222758300,F,8.9978,8.9959,9.1786,9.1495,9.4076,9.3841,9.9133,9.6817
2025-02-07,8.3144,8.4134,8.2604,8.3954,140852700,F,8.9753,8.9310,9.1437,9.1167,9.3959,9.3629,9.8992,9.6681
2025-02-10,8.3144,8.3684,8.2064,8.3234,72168000,F,8.9569,8.8723,9.1048,9.0853,9.3831,9.3421,9.8849,9.6546
2025-02-11,8.2874,8.3324,8.2514,8.2874,54844600,F,8.9344,8.8166,9.0708,9.0540,9.3692,9.3213,9.8705,9.6410
2025-02-12,8.3054,8.3594,8.1884,8.2514,67339600,F,8.9096,8.7679,9.0372,9.0246,9.3548,9.3011,9.8557,9.6277
2025-02-13,8.4134,8.4674,8.3144,8.3594,72059800,F,8.8827,8.7341,9.0051,9.0007,9.3420,9.2836,9.8425,9.6156
2025-02-14,8.5304,8.5574,8.4494,8.4854,53778300,F,8.8588,8.7147,8.9781,8.9822,9.3307,9.2686,9.8301,9.6048
2025-02-18,8.6326,8.6883,8.5768,8.6605,62175800,F,8.8324,8.7069,8.9561,8.9685,9.3202,9.2561,9.8208,9.5951
2025-02-19,8.6790,8.7255,8.5582,8.6140,50191700,F,8.7971,8.7042,8.9363,8.9572,9.3105,9.2446,9.8115,9.5860
2025-02-20,8.7255,8.7348,8.6233,8.6698,39787800,F,8.7821,8.7063,8.9230,8.9481,9.3052,9.2343,9.8012,9.5775
2025-02-21,8.6233,8.7441,8.5768,8.7162,58437700,F,8.7562,8.6984,8.9063,8.9353,9.2967,9.2222,9.7906,9.5680
2025-02-24,8.6883,8.7348,8.5582,8.6512,72562600,F,8.7353,8.6974,8.8893,8.9257,9.2878,9.2117,9.7801,9.5592
2025-02-25,8.7534,8.8184,8.6512,8.7069,88876800,F,8.7059,8.7027,8.8743,8.9189,9.2816,9.2026,9.7707,9.5512
2025-02-26,8.7998,8.9392,8.7720,8.7906,87948100,F,8.6924,8.7120,8.8630,8.9142,9.2742,9.1946,9.7616,9.5437
2025-02-27,8.6326,8.8556,8.6326,8.7720,70518800,F,8.6647,8.7044,8.8486,8.9032,9.2675,9.1835,9.7517,9.5347
2025-02-28,8.8742,9.0043,8.6512,8.6605,137992600,F,8.6513,8.7206,8.8391,8.9020,9.2634,9.1774,9.7437,9.5281
2025-03-03,8.7255,9.1251,8.6605,9.0229,154435900,F,8.6340,8.7211,8.8339,8.8951,9.2569,9.1684,9.7334,9.5201
2025-03-04,8.4746,8.6140,8.4189,8.5768,167500000,F,8.6128,8.6976,8.8239,8.8786,9.2485,9.1547,9.7214,9.5097
2025-03-05,8.9671,8.9857,8.5490,8.6047,157774900,F,8.6041,8.7233,8.8289,8.8821,9.2450,9.1510,9.7125,9.5043
2025-03-06,8.9299,9.0322,8.7534,8.8463,136680700,F,8.6002,8.7429,8.8322,8.8840,9.2400,9.1466,9.7030,9.4986
2025-03-07,9.1994,9.2552,8.8370,8.8649,150644900,F,8.6435,8.7864,8.8384,8.8963,9.2372,9.1476,9.6953,9.4956
2025-03-10,9.2552,9.4224,9.0786,9.0786,167183800,F,8.6906,8.8311,8.8453,8.9104,9.2346,9.1498,9.6885,9.4932
2025-03-11,9.0043,9.2552,8.8184,9.2180,210127000,F,8.7251,8.8476,8.8451,8.9141,9.2277,9.1469,9.6804,9.4884
2025-03-12,8.9114,9.0229,8.7906,9.0136,129994600,F,8.7563,8.8536,8.8421,8.9140,9.2206,9.1422,9.6724,9.4826
2025-03-13,8.8556,9.2459,8.8277,8.8928,137747600,F,8.7838,8.8538,8.8387,8.9117,9.2112,9.1365,9.6637,9.4764
2025-03-14,9.0414,9.0972,8.9578,8.9764,91313800,F,8.8152,8.8717,8.8417,8.9168,9.2034,9.1347,9.6558,9.4720
2025-03-17,9.2180,9.2738,9.0507,9.0507,98583100,F,8.8496,8.9047,8.8479,8.9286,9.1970,9.1363,9.6508,9.4695
2025-03-18,9.2459,9.3295,9.1808,9.2459,102730900,F,8.8802,8.9372,8.8592,8.9410,9.1929,9.1385,9.6465,9.4673
2025-03-19,9.4503,9.5525,9.2459,9.2552,124697400,F,8.9188,8.9860,8.8704,8.9610,9.1887,9.1447,9.6423,9.4671
2025-03-20,9.3016,9.4317,9.2830,9.3574,109103700,F,8.9476,9.0161,8.8779,8.9744,9.1836,9.1478,9.6358,9.4655
2025-03-21,9.2923,9.4038,9.1344,9.2087,240638600,F,8.9810,9.0424,8.8881,8.9868,9.1767,9.1506,9.6290,9.4638
2025-03-24,9.5246,9.5246,9.3016,9.3295,102847200,F,9.0229,9.0883,8.9033,9.0079,9.1737,9.1580,9.6241,9.4644
2025-03-25,9.5618,9.6176,9.4503,9.5711,83674900,F,9.0633,9.1334,8.9208,9.0297,9.1684,9.1660,9.6191,9.4653
2025-03-26,9.5711,9.6176,9.3760,9.5432,139742100,F,9.1018,9.1751,8.9375,9.0509,9.1717,9.1741,9.6142,9.4664
2025-03-27,9.1994,9.6640,9.1251,9.5339,229032500,F,9.1302,9.1774,8.9455,9.0567,9.1707,9.1746,9.6071,9.4637
2025-03-28,9.0322,9.1901,8.9392,9.1437,136868300,F,9.1381,9.1636,8.9471,9.0557,9.1697,9.1717,9.5982,9.4594
2025-03-31,9.3202,9.3946,8.8742,8.8928,139951900,F,9.1678,9.1785,8.9533,9.0661,9.1721,9.1747,9.5918,9.4580
2025-04-01,9.2366,9.4503,9.1158,9.3853,135388700,F,9.2059,9.1840,8.9549,9.0728,9.1725,9.1759,9.5852,9.4558
2025-04-02,9.4317,9.5432,9.1251,9.1437,136908500,F,9.2292,9.2076,8.9558,9.0869,9.1727,9.1810,9.5802,9.4556
2025-04-03,8.8649,9.4782,8.8556,9.2830,220271000,F,9.2259,9.1750,8.9526,9.0782,9.1621,9.1747,9.5733,9.4497
2025-04-04,8.9021,9.0414,8.5490,8.6605,177466200,F,9.2110,9.1490,8.9478,9.0713,9.1525,9.1693,9.5660,9.4443
2025-04-07,8.5861,8.9578,8.3631,8.6140,274938500,F,9.1776,9.0954,8.9374,9.0522,9.1396,9.1578,9.5575,9.4357
2025-04-08,8.0750,8.8463,7.9449,8.8463,199286800,F,9.1311,8.9982,8.9121,9.0139,9.1193,9.1363,9.5457,9.4222
2025-04-09,8.8277,8.8649,7.8427,7.8985,199663000,F,9.1269,8.9820,8.9072,9.0066,9.1077,9.1302,9.5381,9.4163
2025-04-10,8.4932,8.6233,8.2516,8.4560,163535400,F,9.1088,8.9354,8.8933,8.9865,9.0928,9.1176,9.5271,9.4071
2025-04-11,8.6698,8.6883,8.4003,8.4653,146073700,F,9.0902,8.9101,8.8839,8.9741,9.0798,9.1087,9.5176,9.3998
2025-04-14,9.0229,9.1158,8.5490,8.7162,189955000,F,9.0805,8.9209,8.8829,8.9760,9.0710,9.1070,9.5098,9.3960
2025-04-15,8.7813,8.9485,8.7162,8.9392,125469000,F,9.0572,8.9076,8.8806,8.9683,9.0579,9.1006,9.5002,9.3899
2025-04-16,8.7348,8.9392,8.6326,8.7998,133804900,F,9.0215,8.8911,8.8724,8.9592,9.0459,9.0933,9.4891,9.3834
2025-04-17,8.9485,9.0043,8.7348,8.7441,129204600,F,9.0038,8.8966,8.8713,8.9588,9.0388,9.0905,9.4781,9.3790
2025-04-21,8.7998,8.9485,8.6883,8.9021,94138900,F,8.9792,8.8874,8.8806,8.9525,9.0296,9.0847,9.4658,9.3733
2025-04-22,8.9671,9.0322,8.8556,8.8742,121387100,F,8.9513,8.8950,8.8937,8.9531,9.0187,9.0824,9.4544,9.3692
2025-04-23,9.0879,9.3016,9.0229,9.1437,158691500,F,8.9276,8.9133,8.9091,8.9584,9.0070,9.0825,9.4437,9.3664
2025-04-24,9.3481,9.3760,9.1251,9.1715,87031000,F,8.9165,8.9547,8.9303,8.9737,9.0006,9.0878,9.4337,9.3663
2025-04-25,9.3295,9.3853,9.2645,9.3388,88682400,F,8.9230,8.9904,8.9508,8.9876,8.9940,9.0925,9.4240,9.3659
2025-04-28,9.3109,9.4596,9.2645,9.3481,77051500,F,8.9369,9.0210,8.9688,9.0003,8.9869,9.0969,9.4130,9.3653
2025-04-29,9.4317,9.4689,9.2273,9.3574,141980300,F,8.9425,9.0601,8.9868,9.0172,8.9825,9.1035,9.4013,9.3660
2025-04-30,9.3016,9.4131,9.1622,9.3946,136406200,F,8.9457,9.0831,9.0002,9.0284,8.9781,9.1074,9.3864,9.3654
2025-05-01,9.4596,9.5897,9.3109,9.4224,126532500,F,8.9471,9.1189,9.0158,9.0453,8.9761,9.1144,9.3715,9.3663
2025-05-02,9.5525,9.6547,9.4968,9.5711,82228700,F,8.9815,9.1602,9.0323,9.0652,8.9777,9.1231,9.3564,9.3682
2025-05-05,9.4503,9.5154,9.3853,9.5061,105766300,F,9.0089,9.1879,9.0489,9.0803,8.9776,9.1295,9.3404,9.3690
2025-05-06,9.7012,9.8685,9.3481,9.3760,131814000,F,9.0647,9.2368,9.0691,9.1046,8.9792,9.1409,9.3253,9.3723
2025-05-07,9.5525,9.7662,9.4038,9.7198,116885100,F,9.1386,9.2668,9.0851,9.1222,8.9797,9.1490,9.3119,9.3741
2025-05-08,9.5525,9.7198,9.5339,9.6083,107173400,F,9.1748,9.2940,9.1002,9.1391,8.9816,9.1570,9.2980,9.3759
2025-05-09,9.6919,9.7477,9.6176,9.6269,76350700,F,9.2347,9.3319,9.1214,9.1608,8.9850,9.1676,9.2860,9.3790
2025-05-12,9.9465,10.1162,9.8805,9.9559,102035800,F,9.2986,9.3905,9.1428,9.1916,8.9910,9.1830,9.2760,9.3846
2025-05-13,9.9936,10.0219,9.8239,9.9936,83671000,F,9.3471,9.4479,9.1682,9.2230,9.0010,9.1991,9.2772,9.3907
2025-05-14,10.0407,10.0879,9.8805,9.9653,84453100,F,9.4101,9.5044,9.1995,9.2551,9.0117,9.2157,9.2785,9.3972
2025-05-15,10.1350,10.1633,9.9465,9.9842,71096500,F,9.4801,9.5644,9.2228,9.2896,9.0259,9.2339,9.2810,9.4045
2025-05-16,10.1822,10.1916,10.0313,10.1539,64913000,F,9.5418,9.6233,9.2479,9.3246,9.0400,9.2527,9.2846,9.4123
2025-05-19,10.1350,10.1727,10.0219,10.0785,60195700,F,9.6085,9.6720,9.2666,9.3564,9.0525,9.2702,9.2879,9.4194
2025-05-20,10.1067,10.2199,10.0502,10.1727,61063800,F,9.6655,9.7134,9.2836,9.3858,9.0645,9.2868,9.2918,9.4263
2025-05-21,9.8805,10.0785,9.8522,10.0502,89090500,F,9.7051,9.7293,9.3012,9.4052,9.0731,9.2985,9.2973,9.4308
2025-05-22,9.8428,9.8993,9.7485,9.8805,94081100,F,9.7299,9.7401,9.3198,9.4224,9.0809,9.3093,9.3041,9.4349
2025-05-23,9.7673,9.8145,9.7013,9.7108,80519000,F,9.7518,9.7427,9.3380,9.4359,9.0884,9.3184,9.3102,9.4382
2025-05-27,9.7202,9.8899,9.6259,9.8522,89066800,F,9.7722,9.7406,9.3516,9.4470,9.0967,9.3263,9.3154,9.4410
2025-05-28,9.5882,9.7485,9.5693,9.7296,102335600,F,9.7800,9.7261,9.3590,9.4526,9.1035,9.3315,9.3184,9.4425
2025-05-29,9.6353,9.6919,9.5316,9.6259,101642200,F,9.7967,9.7174,9.3668,9.4597,9.1130,9.3375,9.3217,9.4444
2025-05-30,9.7862,9.8616,9.5411,9.5976,152191600,F,9.8131,9.7240,9.3735,9.4725,9.1219,9.3464,9.3269,9.4478
2025-06-02,9.4091,9.6919,9.3148,9.6825,170340800,F,9.8059,9.6940,9.3757,9.4701,9.1268,9.3476,9.3289,9.4474
2025-06-03,9.6071,9.6448,9.3242,9.3996,121584300,F,9.8137,9.6857,9.3820,9.4754,9.1350,9.3528,9.3318,9.4490
2025-06-04,9.6542,9.7768,9.5976,9.6071,123191200,F,9.8114,9.6827,9.3845,9.4824,9.1439,9.3588,9.3336,9.4510
2025-06-05,9.5222,9.6636,9.4562,9.6165,133191400,F,9.8099,9.6674,9.3838,9.4840,9.1523,9.3620,9.3346,9.4518
2025-06-06,9.6731,9.7579,9.5693,9.5788,105916700,F,9.8159,9.6679,9.3858,9.4914,9.1617,9.3681,9.3354,9.4540
2025-06-09,9.7485,9.8522,9.7013,9.7013,63638900,F,9.8187,9.6756,9.3968,9.5015,9.1711,9.3757,9.3367,9.4569
2025-06-10,9.9936,10.0407,9.7673,9.7862,87955500,F,9.8211,9.7059,9.4160,9.5208,9.1815,9.3879,9.3385,9.4622
2025-06-11,10.0502,10.1539,10.0030,10.0313,93094900,F,9.8239,9.7387,9.4306,9.5416,9.1920,9.4010,9.3403,9.4681
2025-06-12,9.9276,9.9842,9.8333,9.9747,76393300,F,9.8182,9.7567,9.4444,9.5567,9.1996,9.4115,9.3399,9.4726
2025-06-13,9.8333,9.9088,9.7862,9.8710,90106200,F,9.8032,9.7640,9.4525,9.5675,9.2041,9.4198,9.3398,9.4762
2025-06-16,10.0125,10.0596,9.8993,9.8993,75195200,F,9.7947,9.7876,9.4754,9.5850,9.2140,9.4315,9.3404,9.4816
2025-06-17,9.8239,10.0219,9.7862,9.9842,100969400,F,9.7791,9.7911,9.4938,9.5944,9.2208,9.4393,9.3405,9.4850
2025-06-18,9.8333,9.9276,9.8050,9.8333,82770200,F,9.7654,9.7951,9.5188,9.6037,9.2281,9.4471,9.3403,9.4884
2025-06-20,9.9842,9.9936,9.8616,9.8899,116743400,F,9.7706,9.8131,9.5570,9.6186,9.2345,9.4578,9.3406,9.4934
2025-06-23,10.1350,10.1350,9.9370,9.9465,77576500,F,9.7852,9.8438,9.5831,9.6389,9.2452,9.4712,9.3425,9.4998
2025-06-24,10.1162,10.2482,10.1067,10.1727,77244400,F,9.8027,9.8697,9.6156,9.6576,9.2545,9.4839,9.3445,9.5059
2025-06-25,9.8805,10.1539,9.8239,10.1445,91927300,F,9.8107,9.8707,9.6398,9.6664,9.2618,9.4918,9.3461,9.5096
2025-06-26,10.0219,10.0407,9.8710,9.8993,88416400,F,9.8324,9.8851,9.6598,9.6803,9.2714,9.5023,9.3492,9.5147
2025-06-27,10.1822,10.2953,10.0690,10.0879,182008200,F,9.8597,9.9134,9.6878,9.7000,9.2842,9.5157,9.3528,9.5214
2025-06-30,10.2293,10.2387,10.0785,10.1067,88472200,F,9.8819,9.9435,9.7177,9.7207,9.2951,9.5299,9.3582,9.5284
2025-07-01,10.7007,10.7290,10.1727,10.1916,140150700,F,9.9465,10.0156,9.7527,9.7592,9.3120,9.5531,9.3653,9.5401
2025-07-02,11.0967,11.1061,10.7196,10.7290,122331600,F,10.0209,10.1186,9.7987,9.8116,9.3396,9.5836,9.3736,9.5556
2025-07-03,11.1344,11.2758,11.0778,11.0778,60311500,F,10.0950,10.2153,9.8420,9.8635,9.3678,9.6143,9.3818,9.5713
2025-07-07,10.9270,11.1155,10.8233,10.9364,73842100,F,10.1652,10.2831,9.8788,9.9052,9.3940,9.6403,9.3885,9.5848
2025-07-08,11.0118,11.1721,10.9741,10.9835,74190200,F,10.2321,10.3525,9.9121,9.9486,9.4212,9.6675,9.3952,9.5990
2025-07-09,11.1532,11.2192,11.0872,11.1061,63886900,F,10.3024,10.4288,9.9485,9.9958,9.4497,9.6969,9.4022,9.6144
2025-07-10,11.2287,11.2852,11.1061,11.1815,67263000,F,10.3641,10.5049,9.9869,10.0442,9.4778,9.7272,9.4099,9.6305
2025-07-11,11.1061,11.1815,11.0401,11.1721,65340700,F,10.4169,10.5622,10.0204,10.0858,9.5036,9.7545,9.4172,9.6452
2025-07-14,11.2004,11.2192,11.0024,11.0872,62098100,F,10.4806,10.6230,10.0583,10.1295,9.5293,9.7832,9.4247,9.6606
2025-07-15,10.9081,11.2475,10.8610,11.2192,65101900,F,10.5343,10.6501,10.0873,10.1601,9.5516,9.8055,9.4310,9.6731
2025-07-16,10.5970,10.7950,10.5121,10.7007,107978100,F,10.5635,10.6451,10.1082,10.1772,9.5703,9.8211,9.4378,9.6822
2025-07-17,10.5121,10.7007,10.4744,10.5499,70345300,F,10.5979,10.6324,10.1294,10.1903,9.5892,9.8348,9.4429,9.6905
2025-07-18,10.5216,10.5970,10.4179,10.5310,68812600,F,10.6323,10.6219,10.1459,10.2033,9.6075,9.8484,9.4477,9.6988
2025-07-21,10.6630,10.7950,10.5687,10.6158,65515600,F,10.6663,10.6258,10.1681,10.2213,9.6266,9.8645,9.4541,9.7084
2025-07-22,10.5499,10.6441,10.4461,10.5970,79403800,F,10.6870,10.6185,10.1880,10.2342,9.6441,9.8781,9.4591,9.7167
2025-07-23,10.7290,10.8044,10.6347,10.6347,76163200,F,10.7177,10.6291,10.2087,10.2536,9.6651,9.8950,9.4663,9.7268
2025-07-24,10.6158,10.7761,10.5876,10.6630,63557800,F,10.7544,10.6278,10.2221,10.2678,9.6825,9.9092,9.4730,9.7357
2025-07-25,10.8138,10.8327,10.5970,10.6913,52312300,F,10.7940,10.6455,10.2385,10.2892,9.7034,9.9271,9.4801,9.7464
2025-07-28,10.6347,10.8327,10.6064,10.8233,54173600,F,10.8167,10.6445,10.2504,10.3028,9.7250,9.9412,9.4867,9.7552
2025-07-29,10.4461,10.6441,10.4273,10.6441,58371500,F,10.8275,10.6256,10.2566,10.3084,9.7397,9.9512,9.4924,9.7621
2025-07-30,10.2482,10.4933,10.2010,10.4933,79866900,F,10.8049,10.5897,10.2580,10.3061,9.7529,9.9570,9.4965,9.7669
2025-07-31,10.4367,10.5121,10.0690,10.1539,101090900,F,10.7719,10.5751,10.2640,10.3112,9.7653,9.9665,9.5013,9.7736
2025-08-01,10.2010,10.2953,10.0690,10.2953,73541500,F,10.7252,10.5395,10.2659,10.3069,9.7748,9.9712,9.5047,9.7779
2025-08-04,10.3236,10.3896,10.2387,10.2670,56696800,F,10.6950,10.5189,10.2747,10.3075,9.7880,9.9782,9.5078,9.7833
2025-08-05,10.4273,10.4650,10.2764,10.3519,58864300,F,10.6658,10.5102,10.2864,10.3122,9.8031,9.9871,9.5118,9.7897
2025-08-06,10.5687,10.6158,10.4461,10.4744,59519800,F,10.6366,10.5158,10.3025,10.3223,9.8202,9.9986,9.5157,9.7974
2025-08-07,10.6347,10.7384,10.4650,10.6536,71775000,F,10.6069,10.5271,10.3208,10.3345,9.8362,10.0112,9.5198,9.8058
2025-08-08,10.6724,10.7196,10.5687,10.6630,48465300,F,10.5852,10.5409,10.3424,10.3478,9.8507,10.0243,9.5239,9.8144
2025-08-11,10.6438,11.0546,10.5673,10.7966,84333000,F,10.5574,10.5507,10.3626,10.3594,9.8647,10.0365,9.5288,9.8227
2025-08-12,10.7488,10.8157,10.6342,10.7011,63944100,F,10.5494,10.5696,10.3819,10.3747,9.8777,10.0506,9.5332,9.8319
2025-08-13,10.9304,10.9782,10.6915,10.7680,63823300,F,10.5661,10.6039,10.4123,10.3964,9.8940,10.0681,9.5388,9.8428
2025-08-14,10.9304,10.9399,10.7202,10.7966,52469200,F,10.5870,10.6350,10.4388,10.4174,9.9104,10.0851,9.5435,9.8536
2025-08-15,10.9304,11.0068,10.9017,10.9208,46141400,F,10.6074,10.6632,10.4643,10.4375,9.9244,10.1019,9.5490,9.8643
2025-08-18,10.9495,10.9686,10.8635,10.8922,37113800,F,10.6218,10.6904,10.4928,10.4576,9.9383,10.1187,9.5533,9.8751
2025-08-19,11.0641,11.2075,10.9782,11.0068,58020200,F,10.6475,10.7260,10.5206,10.4814,9.9532,10.1374,9.5624,9.8870
2025-08-20,10.9782,11.0833,10.9591,11.0068,46469900,F,10.6599,10.7500,10.5452,10.5009,9.9710,10.1540,9.5709,9.8978
2025-08-21,10.8253,10.9208,10.7011,10.9113,51779300,F,10.6704,10.7572,10.5619,10.5136,9.9889,10.1673,9.5793,9.9070
2025-08-22,11.2170,11.2457,10.8826,10.8826,58538700,F,10.6906,10.8010,10.5852,10.5412,10.0079,10.1881,9.5900,9.9201
2025-08-25,11.2935,11.3221,11.1597,11.1979,45038800,F,10.7235,10.8479,10.6125,10.5707,10.0285,10.2100,9.6005,9.9337
2025-08-26,11.3126,11.3412,11.2457,11.2839,48613300,F,10.7668,10.8922,10.6421,10.5998,10.0473,10.2318,9.6100,9.9475
2025-08-27,11.3794,11.4463,11.2839,11.2935,40381500,F,10.8234,10.9386,10.6694,10.6303,10.0724,10.2545,9.6172,9.9617
2025-08-28,11.1884,11.4559,11.1119,11.4559,47723700,F,10.8610,10.9624,10.6967,10.6522,10.0953,10.2730,9.6239,9.9739
2025-08-29,11.2457,11.3030,11.1979,11.2170,44069700,F,10.9132,10.9893,10.7250,10.6755,10.1219,10.2923,9.6307,9.9866
2025-09-02,11.1979,11.3603,11.1215,11.2361,57704200,F,10.9569,11.0092,10.7493,10.6960,10.1531,10.3102,9.6362,9.9986
2025-09-03,11.1024,11.2075,11.0546,11.1501,47728700,F,10.9907,11.0181,10.7686,10.7119,10.1759,10.3259,9.6418,10.0096
2025-09-04,11.1597,11.1788,11.0546,11.1310,33136700,F,11.0202,11.0316,10.7895,10.7295,10.2025,10.3424,9.6476,10.0211
2025-09-05,11.2170,11.3795,11.1406,11.1884,47547800,F,11.0493,11.0492,10.8162,10.7486,10.2280,10.3597,9.6539,10.0330
2025-09-08,11.1693,11.2266,11.0642,11.2266,39734500,F,11.0742,11.0607,10.8392,10.7651,10.2495,10.3758,9.6602,10.0443
2025-09-09,10.9782,11.1597,10.9399,11.1501,41262700,F,11.0909,11.0528,10.8551,10.7734,10.2714,10.3877,9.6647,10.0536
2025-09-10,10.9113,11.0068,10.8062,10.9782,47021300,F,11.0990,11.0393,10.8687,10.7789,10.2932,10.3981,9.6695,10.0621
2025-09-11,11.2361,11.2648,10.9208,10.9495,64196100,F,11.1143,11.0581,10.8794,10.7968,10.3161,10.4147,9.6774,10.0738
2025-09-12,11.1597,11.2839,11.1406,11.2266,50100800,F,11.1258,11.0677,10.8807,10.8110,10.3397,10.4294,9.6846,10.0846
2025-09-15,11.1597,11.2361,11.0928,11.2170,47942400,F,11.1372,11.0765,10.8812,10.8247,10.3616,10.4439,9.6901,10.0953
2025-09-16,11.0928,11.2552,10.9973,11.1692,58065000,F,11.1444,11.0781,10.8845,10.8352,10.3816,10.4567,9.6943,10.1052
2025-09-17,11.1406,11.3508,11.0355,11.1119,68585900,F,11.1482,11.0840,10.8871,10.8472,10.3996,10.4703,9.7001,10.1155
2025-09-18,11.2170,11.2552,11.1024,11.1693,55040100,F,11.1602,11.0967,10.8884,10.8617,10.4184,10.4851,9.7062,10.1265
2025-09-19,11.1024,11.2744,11.0737,11.2457,71676300,F,11.1740,11.0972,10.8858,10.8711,10.4364,10.4973,9.7117,10.1362
2025-09-22,11.1406,11.1788,11.0546,11.0833,58432700,F,11.1702,11.1014,10.8865,10.8817,10.4534,10.5100,9.7180,10.1462
2025-09-23,11.2075,11.3986,11.1788,11.1788,55667600,F,11.1659,11.1115,10.8867,10.8945,10.4725,10.5238,9.7253,10.1567
2025-09-24,11.1119,11.3030,11.0737,11.2075,60193800,F,11.1559,11.1115,10.8907,10.9030,10.4890,10.5355,9.7326,10.1662
2025-09-25,11.1024,11.1310,10.8635,11.0259,67656300,F,11.1420,11.1106,10.9008,10.9108,10.5045,10.5467,9.7411,10.1755
2025-09-26,11.4750,11.7712,11.1310,11.1310,117681800,F,11.1564,11.1453,10.9201,10.9329,10.5248,10.5651,9.7512,10.1885
2025-09-29,11.5514,11.5801,11.3603,11.5610,83325000,F,11.1716,11.1840,10.9407,10.9572,10.5433,10.5846,9.7612,10.2020
2025-09-30,11.4272,11.6565,11.3795,11.5705,70765000,F,11.1831,11.2072,10.9560,10.9756,10.5620,10.6013,9.7709,10.2142
2025-10-01,11.7234,11.7330,11.5037,11.5801,73578400,F,11.2142,11.2563,10.9795,11.0049,10.5837,10.6235,9.7827,10.2292
2025-10-02,11.6756,11.8763,11.5801,11.7330,74530500,F,11.2400,11.2963,10.9984,11.0312,10.6036,10.6444,9.7943,10.2436
2025-10-03,12.1056,12.1056,11.6565,11.7043,100778600,F,11.2844,11.3734,11.0282,11.0734,10.6252,10.6733,9.8081,10.2622
2025-10-06,12.1343,12.2298,11.9241,12.0674,90544900,F,11.3326,11.4458,11.0546,11.1150,10.6466,10.7022,9.8238,10.2808
2025-10-07,11.3890,11.9718,11.2170,11.9432,154390200,F,11.3532,11.4404,11.0697,11.1257,10.6601,10.7158,9.8359,10.2918
2025-10-08,11.2170,11.4750,11.1597,11.4463,78469700,F,11.3685,11.4191,11.0851,11.1293,10.6709,10.7257,9.8484,10.3010
2025-10-09,10.9877,11.2457,10.9686,11.2266,70320500,F,11.3560,11.3780,11.0999,11.1238,10.6789,10.7309,9.8595,10.3079
2025-10-10,10.9017,11.0737,10.8444,11.0355,84595400,F,11.3431,11.3327,11.1092,11.1151,10.6866,10.7343,9.8695,10.3138
2025-10-13,11.0259,11.1119,10.9495,10.9782,73939400,F,11.3365,11.3035,11.1257,11.1116,10.6958,10.7401,9.8801,10.3209
2025-10-14,11.1310,11.2361,10.8348,10.8731,89117900,F,11.3384,11.2870,11.1418,11.1123,10.7083,10.7478,9.8907,10.3289
2025-10-15,11.2361,11.2552,11.1215,11.1597,88960700,F,11.3431,11.2822,11.1580,11.1172,10.7222,10.7575,9.9016,10.3379
2025-10-16,11.2170,11.2648,11.1215,11.2170,108701200,F,11.3431,11.2760,11.1710,11.1211,10.7367,10.7666,9.9125,10.3467
2025-10-17,11.3890,11.4750,11.1979,11.2170,107633500,F,11.3575,11.2868,11.1861,11.1316,10.7534,10.7789,9.9250,10.3571
2025-10-20,11.4559,11.5419,11.3794,11.3986,77878900,F,11.3732,11.3029,11.2017,11.1443,10.7721,10.7923,9.9378,10.3680
2025-10-21,12.0005,12.0674,11.5323,11.7139,297153200,F,11.4129,11.3693,11.2289,11.1779,10.7957,10.8163,9.9544,10.3842
2025-10-22,11.8763,12.0387,11.7330,11.9718,415062200,F,11.4511,11.4176,11.2514,11.2053,10.8166,10.8372,9.9693,10.3991
2025-10-23,11.7903,11.9336,11.6470,11.9145,479840300,F,11.4855,11.4531,11.2686,11.2282,10.8405,10.8561,9.9836,10.4129
2025-10-24,13.2235,13.3477,12.1438,12.1629,298366900,F,11.5729,11.6217,11.3145,11.3065,10.8766,10.9030,10.0058,10.4409
2025-10-27,12.6693,13.1853,12.6215,13.1853,140859000,F,11.6288,11.7215,11.3493,11.3599,10.9068,10.9380,10.0253,10.4631
2025-10-28,12.5451,12.6884,12.4591,12.6502,96738500,F,11.6847,11.7999,11.3812,11.4064,10.9370,10.9698,10.0446,10.4838
2025-10-29,12.6502,12.7935,12.4878,12.5164,127512200,F,11.7311,11.8809,11.4129,11.4552,10.9668,11.0031,10.0642,10.5053
2025-10-30,12.4782,12.6980,12.4782,12.5547,80766300,F,11.7712,11.9378,11.4429,11.4953,10.9941,11.0323,10.0826,10.5250
2025-10-31,12.5451,12.5833,12.4113,12.4591,68862000,F,11.7932,11.9956,11.4773,11.5365,11.0196,11.0622,10.1006,10.5451
2025-11-03,12.4304,12.5164,12.3253,12.5164,80419400,F,11.8080,12.0370,11.5016,11.5715,11.0434,11.0893,10.1177,10.5638
2025-11-04,12.2203,12.3540,12.1820,12.3349,70360600,F,11.8495,12.0545,11.5201,11.5970,11.0663,11.1117,10.1330,10.5803
2025-11-05,12.5260,12.7171,12.3062,12.3445,79134300,F,11.9150,12.0994,11.5444,11.6334,11.0932,11.1397,10.1487,10.5997
2025-11-06,12.5355,12.6693,12.4018,12.5547,82291000,F,11.9924,12.1409,11.5675,11.6688,11.1185,11.1674,10.1662,10.6189
2025-11-07,12.7675,12.7965,12.5162,12.5259,80011300,F,12.0857,12.2006,11.5991,11.7119,11.1479,11.1991,10.1844,10.6403
2025-11-10,12.7192,12.7965,12.5645,12.7868,62051200,F,12.1703,12.2500,11.6285,11.7514,11.1768,11.2292,10.2024,10.6610
2025-11-11,12.8545,12.9898,12.7482,12.7482,79742400,F,12.2565,12.3076,11.6617,11.7946,11.2055,11.2613,10.2200,10.6828
2025-11-12,12.9995,13.0478,12.8545,12.8545,61840500,F,12.3447,12.3735,11.6996,11.8419,11.2341,11.2958,10.2396,10.7059
2025-11-13,12.8352,13.0478,12.8062,12.9511,71481600,F,12.4256,12.4174,11.7331,11.8808,11.2613,11.3262,10.2579,10.7271
2025-11-14,12.7482,12.8642,12.6612,12.7385,67932400,F,12.4935,12.4489,11.7637,11.9148,11.2900,11.3544,10.2759,10.7472
2025-11-17,12.4486,12.7385,12.3519,12.7385,73404400,F,12.5432,12.4489,11.7893,11.9358,11.3142,11.3761,10.2928,10.7641
2025-11-18,12.5839,12.6515,12.3326,12.4389,70215400,F,12.5723,12.4617,11.8214,11.9612,11.3383,11.4000,10.3112,10.7822
2025-11-19,12.4679,12.7095,12.4292,12.5935,49619300,F,12.6019,12.4623,11.8526,11.9811,11.3606,11.4211,10.3279,10.7990
2025-11-20,11.9943,12.5742,11.9653,12.4776,95861900,F,12.6121,12.4178,11.8677,11.9816,11.3736,11.4325,10.3428,10.8109
2025-11-21,12.4002,12.5066,12.0716,12.0910,74048900,F,12.5710,12.4161,11.8925,11.9980,11.3866,11.4516,10.3631,10.8267
2025-11-24,12.5259,12.5452,12.4002,12.4099,52936200,F,12.5638,12.4265,11.9199,12.0187,11.4005,11.4729,10.3842,10.8436
2025-11-25,12.7288,12.8158,12.5452,12.5549,52885000,F,12.5730,12.4553,11.9526,12.0465,11.4186,11.4978,10.4063,10.8624
2025-11-26,12.7482,12.8158,12.6805,12.7288,44942200,F,12.5779,12.4832,11.9847,12.0741,11.4359,11.5226,10.4286,10.8811
2025-11-28,12.8352,12.8932,12.7385,12.7675,29536200,F,12.5957,12.5167,12.0171,12.1039,11.4527,11.5485,10.4512,10.9006
2025-12-01,12.7192,12.9415,12.6902,12.7578,51594000,F,12.6044,12.5360,12.0494,12.1280,11.4676,11.5717,10.4727,10.9187
2025-12-02,12.5259,12.7482,12.4389,12.7482,57641700,F,12.6092,12.5351,12.0772,12.1436,11.4818,11.5906,10.4927,10.9347
2025-12-03,12.6515,12.6999,12.5259,12.5549,45364700,F,12.6308,12.5462,12.1060,12.1636,11.4963,11.6116,10.5128,10.9517
2025-12-04,12.6999,12.7965,12.6225,12.7482,47554800,F,12.6394,12.5608,12.1378,12.1846,11.5143,11.6332,10.5329,10.9691
2025-12-05,12.5935,12.8352,12.5645,12.7095,54099400,F,12.6423,12.5639,12.1676,12.2006,11.5342,11.6522,10.5523,10.9853
2025-12-08,12.6999,12.7192,12.5162,12.6322,45580800,F,12.6390,12.5769,12.1921,12.2202,11.5561,11.6729,10.5726,11.0024
2025-12-09,12.6419,12.7772,12.6225,12.6902,33350000,F,12.6351,12.5830,12.2139,12.2367,11.5773,11.6921,10.5924,11.0187
2025-12-10,12.9608,12.9705,12.6322,12.6419,72210700,F,12.6404,12.6190,12.2446,12.2651,11.6003,11.7172,10.6134,11.0380
2025-12-11,13.1734,13.2218,12.8545,12.9415,59012300,F,12.6491,12.6718,12.2736,12.3007,11.6265,11.7461,10.6353,11.0592
2025-12-12,13.2991,13.3764,13.2121,13.2121,48337300,F,12.6723,12.7316,12.3061,12.3399,11.6522,11.7768,10.6586,11.0815
2025-12-15,13.1928,13.3474,13.0381,13.3377,53577300,F,12.6945,12.7755,12.3278,12.3733,11.6780,11.8049,10.6802,11.1025
2025-12-16,13.2121,13.5214,13.1155,13.2604,69408900,F,12.7327,12.8171,12.3494,12.4062,11.7020,11.8327,10.7027,11.1235
2025-12-17,12.8642,13.2024,12.8448,13.1734,58320600,F,12.7467,12.8216,12.3789,12.4242,11.7243,11.8532,10.7246,11.1408
2025-12-18,12.8738,13.0188,12.8062,12.9318,52604800,F,12.7670,12.8265,12.4120,12.4418,11.7485,11.8734,10.7441,11.1581
2025-12-19,13.0188,13.0285,12.8352,12.8642,61640600,F,12.8183,12.8448,12.4526,12.4645,11.7763,11.8961,10.7646,11.1766
2025-12-22,13.0091,13.1541,12.9705,13.0575,31106100,F,12.8487,12.8605,12.4948,12.4858,11.8020,11.9181,10.7836,11.1948
2025-12-23,12.8448,12.9995,12.8352,12.9801,25440800,F,12.8646,12.8590,12.5311,12.4999,11.8284,11.9364,10.8016,11.2113
2025-12-24,12.9125,12.9318,12.8062,12.8545,14227600,F,12.8738,12.8641,12.5668,12.5161,11.8543,11.9558,10.8211,11.2282
2025-12-26,12.8642,12.9318,12.8158,12.8932,22471400,F,12.8796,12.8641,12.5993,12.5297,11.8787,11.9738,10.8409,11.2445
2025-12-29,12.8352,12.8642,12.7965,12.8255,24398300,F,12.8796,12.8613,12.6317,12.5417,11.9013,11.9908,10.8608,11.2603
2025-12-30,12.7868,12.8448,12.7578,12.8352,23002800,F,12.8830,12.8542,12.6597,12.5513,11.9229,12.0066,10.8795,11.2755
2025-12-31,12.6805,12.7772,12.6805,12.7675,26302300,F,12.8907,12.8377,12.6842,12.5564,11.9429,12.0199,10.8968,11.2895
2026-01-02,12.8932,12.9415,12.6225,12.7385,46366900,F,12.9028,12.8430,12.7020,12.5696,11.9654,12.0372,10.9151,11.3054
2026-01-05,13.0188,13.0285,12.7578,12.8062,50135200,F,12.9188,12.8597,12.7249,12.5872,11.9881,12.0567,10.9329,11.3225
2026-01-06,13.3377,13.3957,12.8738,13.0575,84534700,F,12.9560,12.9053,12.7558,12.6166,12.0122,12.0820,10.9531,11.3425
2026-01-07,13.2798,13.3571,13.1348,13.3377,50609000,F,12.9850,12.9409,12.7569,12.6426,12.0357,12.1057,10.9730,11.3618
2026-01-08,13.9176,14.0143,13.4247,13.4247,154276800,F,13.0488,13.0339,12.7819,12.6926,12.0656,12.1416,10.9950,11.3872
2026-01-09,13.7243,13.9273,13.6180,13.8693,68436200,F,13.0869,13.0997,12.8055,12.7331,12.0933,12.1730,11.0158,11.4105
2026-01-12,13.5600,13.7147,13.4924,13.6760,53444000,F,13.1063,13.1435,12.8237,12.7655,12.1183,12.2004,11.0358,11.4319
2026-01-13,13.5117,13.6567,13.4924,13.5890,58867500,F,13.1169,13.1786,12.8443,12.7948,12.1436,12.2264,11.0573,11.4526
2026-01-14,13.3764,13.6470,13.3281,13.5310,65318600,F,13.1261,13.1974,12.8610,12.8176,12.1691,12.2492,11.0790,11.4717
2026-01-15,13.3474,13.6567,13.3281,13.4537,44241500,F,13.1328,13.2117,12.8793,12.8384,12.1904,12.2709,11.0992,11.4904
2026-01-16,13.1444,13.3377,13.1348,13.2991,60750800,F,13.1469,13.2053,12.8978,12.8504,12.2089,12.2882,11.1187,11.5068
2026-01-20,12.8352,13.1541,12.7868,13.0188,67018100,F,13.1449,13.1701,12.9040,12.8498,12.2242,12.2990,11.1357,11.5200
2026-01-21,13.3088,13.3088,12.9608,12.9608,58160100,F,13.1594,13.1833,12.9194,12.8678,12.2435,12.3190,11.1579,11.5378
2026-01-22,13.2508,13.3764,13.2411,13.3184,38170300,F,13.1715,13.1897,12.9291,12.8828,12.2641,12.3375,11.1797,11.5549
2026-01-23,13.1058,13.2411,13.0961,13.2411,39702100,F,13.1846,13.1817,12.9368,12.8915,12.2827,12.3527,11.2023,11.5703
2026-01-26,12.9898,13.2024,12.8932,13.1058,59171000,F,13.1884,13.1634,12.9395,12.8954,12.3006,12.3653,11.2269,11.5844
2026-01-27,13.4634,13.4827,13.0575,13.1831,100003700,F,13.2184,13.1920,12.9488,12.9177,12.3242,12.3871,11.2500,11.6031
2026-01-28,13.3571,13.4247,13.2991,13.4151,48751800,F,13.2445,13.2077,12.9593,12.9349,12.3462,12.4063,11.2744,11.6206
2026-01-29,13.5310,13.6180,13.3377,13.4247,84803900,F,13.2817,13.2385,12.9749,12.9583,12.3693,12.4285,11.2987,11.6396
2026-01-30,13.4151,13.5117,13.3281,13.4441,66996300,F,13.3184,13.2553,12.9943,12.9762,12.3918,12.4481,11.3206,11.6573
2026-02-02,13.3474,13.4344,13.2894,13.3957,54218100,F,13.3411,13.2641,13.0095,12.9908,12.4155,12.4659,11.3435,11.6741
2026-02-03,13.2701,13.5697,13.1541,13.3571,76638000,F,13.3537,13.2647,13.0256,13.0017,12.4391,12.4818,11.3661,11.6900
2026-02-04,13.3571,13.5310,13.2314,13.2604,70488700,F,13.3547,13.2735,13.0528,13.0156,12.4603,12.4991,11.3882,11.7066
2026-02-05,13.2604,13.3571,13.0768,13.2894,79719900,F,13.3537,13.2722,13.0700,13.0252,12.4813,12.5142,11.4105,11.7220
2026-02-06,13.3377,13.4151,13.2121,13.3184,55588200,F,13.3247,13.2785,13.0863,13.0375,12.5031,12.5305,11.4323,11.7381
2026-02-09,13.1348,13.3184,13.0768,13.2894,59778000,F,13.2952,13.2648,13.0944,13.0413,12.5235,12.5425,11.4526,11.7520
2026-02-10,13.1154,13.2798,13.1154,13.1831,80827700,F,13.2730,13.2506,13.1017,13.0442,12.5432,12.5538,11.4714,11.7656
2026-02-11,13.3861,13.4151,13.0671,13.1638,129595000,F,13.2667,13.2635,13.1127,13.0576,12.5649,12.5703,11.4917,11.7817
2026-02-12,13.5310,13.8790,13.3861,13.4344,133257200,F,13.2744,13.2890,13.1290,13.0762,12.5892,12.5893,11.5128,11.7991
2026-02-13,13.7948,14.0098,13.5310,13.5604,87400200,F,13.2968,13.3371,13.1544,13.1044,12.6158,12.6132,11.5346,11.8189
2026-02-17,13.8046,13.8437,13.6092,13.7655,57684800,F,13.3298,13.3817,13.1774,13.1318,12.6417,12.6368,11.5571,11.8387
2026-02-18,13.5310,13.8144,13.4920,13.7851,64199300,F,13.3646,13.3959,13.1940,13.1475,12.6659,12.6545,11.5775,11.8555
2026-02-19,13.4627,13.6287,13.3747,13.4529,58268500,F,13.3723,13.4022,13.2114,13.1598,12.6895,12.6705,11.5970,11.8715
2026-02-20,13.6874,13.7167,13.4040,13.4627,67701100,F,13.3941,13.4294,13.2312,13.1805,12.7116,12.6907,11.6182,11.8896
2026-02-23,13.3259,13.7167,13.2575,13.6581,59134400,F,13.4051,13.4195,13.2449,13.1862,12.7294,12.7032,11.6363,11.9039
2026-02-24,13.8730,14.0000,13.4138,13.4529,73560800,F,13.4493,13.4627,13.2631,13.2132,12.7538,12.7264,11.6579,11.9235
2026-02-25,14.0977,14.1563,13.8241,13.9218,58968700,F,13.4810,13.5232,13.2816,13.2479,12.7776,12.7535,11.6807,11.9451
2026-02-26,14.0782,14.4592,13.9707,14.1172,61456300,F,13.5171,13.5760,13.2972,13.2804,12.8016,12.7798,11.7026,11.9663
2026-02-27,13.7655,14.2345,13.7069,13.9902,73157000,F,13.5288,13.5941,13.3086,13.2994,12.8182,12.7993,11.7217,11.9842
2026-03-02,13.0816,13.6092,12.9156,13.6092,110305500,F,13.5121,13.5453,13.3060,13.2909,12.8277,12.8049,11.7371,11.9952
2026-03-03,12.4075,12.8765,12.3880,12.7690,102354700,F,13.4651,13.4369,13.2969,13.2563,12.8379,12.7970,11.7490,11.9993
2026-03-04,12.5150,12.8472,12.5150,12.6518,73976700,F,13.4274,13.3491,13.2897,13.2272,12.8509,12.7914,11.7609,12.0044
2026-03-05,12.0558,12.4564,11.9581,12.4075,71944300,F,13.3623,13.2260,13.2704,13.1813,12.8615,12.7769,11.7702,12.0049
2026-03-06,11.8702,12.0363,11.7530,11.8897,59877700,F,13.2928,13.0968,13.2477,13.1298,12.8712,12.7589,11.7789,12.0036
2026-03-09,11.9093,11.9190,11.5283,11.6650,69611200,F,13.2214,12.9837,13.2290,13.0820,12.8801,12.7421,11.7879,12.0026
2026-03-10,11.9581,12.2219,11.9093,11.9093,56746300,F,13.1625,12.8861,13.2099,13.0379,12.8883,12.7266,11.7983,12.0022
2026-03-11,11.8311,12.2024,11.7530,11.9874,50074500,F,13.0983,12.7856,13.1892,12.9906,12.8943,12.7088,11.8082,12.0005
2026-03-12,11.7627,11.9093,11.5771,11.6553,51733900,F,13.0172,12.6882,13.1678,12.9424,12.8997,12.6901,11.8182,11.9981
2026-03-13,11.4013,11.8507,11.3817,11.8311,48546500,F,12.9107,12.5656,13.1400,12.8820,12.8999,12.6646,11.8266,11.9922
2026-03-16,11.4403,11.6064,11.3719,11.5478,49441400,F,12.7929,12.4584,13.1152,12.8255,12.8997,12.6403,11.8359,11.9867
2026-03-17,11.6650,11.7530,11.5673,11.5869,59520100,F,12.6860,12.3829,13.0907,12.7799,12.8963,12.6210,11.8460,11.9835
2026-03-18,11.5185,11.7334,11.4306,11.5966,55564800,F,12.5853,12.3006,13.0607,12.7305,12.8928,12.5992,11.8547,11.9789
2026-03-19,11.3719,11.4794,11.2156,11.4110,47423400,F,12.4808,12.2121,13.0214,12.6772,12.8886,12.5749,11.8645,11.9728
2026-03-20,11.2547,11.4110,11.1082,11.3719,147725100,F,12.3592,12.1209,12.9809,12.6214,12.8689,12.5487,11.8728,11.9657
2026-03-23,11.4892,11.7334,11.4501,11.6553,44442200,F,12.2673,12.0608,12.9323,12.5770,12.8571,12.5278,11.8819,11.9609
2026-03-24,11.5673,11.6064,11.4013,11.4110,31903900,F,12.1521,12.0138,12.8891,12.5374,12.8473,12.5087,11.8922,11.9570
2026-03-25,11.4013,11.7334,11.3915,11.6748,37746100,F,12.0172,11.9554,12.8460,12.4929,12.8348,12.4868,11.9008,11.9515
2026-03-26,11.3329,11.4501,11.2254,11.2938,28517600,F,11.8800,11.8961,12.8024,12.4474,12.8234,12.4640,11.9087,11.9453
2026-03-27,11.1082,11.2840,11.0300,11.2742,33064600,F,11.7471,11.8211,12.7570,12.3949,12.8090,12.4371,11.9143,11.9370
2026-03-30,10.9518,11.1863,10.8541,11.1472,41459900,F,11.6406,11.7383,12.7091,12.3383,12.7942,12.4077,11.9188,11.9272
2026-03-31,11.2742,11.3231,11.0105,11.0984,38287900,F,11.5839,11.6941,12.6717,12.2965,12.7848,12.3853,11.9255,11.9207
2026-04-01,11.4110,11.4208,11.3133,11.3524,33991700,F,11.5287,11.6672,12.6432,12.2618,12.7736,12.3660,11.9334,11.9156
2026-04-02,11.3329,11.3524,11.0984,11.2059,31109100,F,11.4926,11.6353,12.6037,12.2254,12.7616,12.3455,11.9400,11.9098
2026-04-06,11.3426,11.3622,11.2352,11.3329,24374600,F,11.4662,11.6074,12.5656,12.1908,12.7473,12.3257,11.9476,11.9042
2026-04-07,11.2547,11.3426,11.0886,11.2742,41991600,F,11.4335,11.5738,12.5285,12.1541,12.7327,12.3044,11.9547,11.8977
2026-04-08,11.8995,11.9581,11.6846,11.6846,58140000,F,11.4306,11.6049,12.5067,12.1441,12.7231,12.2964,11.9643,11.8977
2026-04-09,11.9581,11.9874,11.6846,11.7920,32576200,F,11.4369,11.6385,12.4766,12.1368,12.7127,12.2897,11.9734,11.8983
2026-04-10,11.8507,12.1340,11.7920,12.0558,28362700,F,11.4413,11.6587,12.4465,12.1256,12.7029,12.2810,11.9821,11.8979
2026-04-13,11.8800,11.8897,11.6455,11.7530,32688600,F,11.4652,11.6798,12.4135,12.1159,12.6942,12.2731,11.9921,11.8977
2026-04-14,12.4173,12.4564,12.1633,12.2219,50232200,F,11.5141,11.7500,12.3935,12.1278,12.6939,12.2759,12.0041,11.9029
2026-04-15,12.4173,12.4661,12.2024,12.4075,39926500,F,11.5517,11.8136,12.3749,12.1391,12.6922,12.2787,12.0152,11.9080
2026-04-16,12.1535,12.4564,12.1340,12.3782,37407700,F,11.5835,11.8459,12.3526,12.1397,12.6891,12.2763,12.0249,11.9104
2026-04-17,12.5736,12.7397,12.3294,12.3489,45735000,F,11.6435,11.9153,12.3369,12.1567,12.6949,12.2822,12.0342,11.9170
2026-04-20,12.5736,12.6225,12.4564,12.5150,26029000,F,11.7095,11.9780,12.3232,12.1730,12.6966,12.2879,12.0416,11.9236
2026-04-21,12.4857,12.7299,12.4857,12.5736,32210000,F,11.7593,12.0263,12.3061,12.1853,12.6962,12.2918,12.0484,11.9292
2026-04-22,12.3391,12.5834,12.2903,12.5443,23958300,F,11.7979,12.0561,12.2902,12.1913,12.6923,12.2928,12.0554,11.9332
2026-04-23,12.1926,12.4075,12.0851,12.3196,30844500,F,11.8375,12.0691,12.2718,12.1914,12.6867,12.2908,12.0613,11.9358
2026-04-24,12.0949,12.1731,12.0070,12.1633,35043500,F,11.8756,12.0716,12.2459,12.1876,12.6793,12.2869,12.0660,11.9374
2026-04-27,12.2024,12.3587,12.0949,12.0949,35098200,F,11.9303,12.0840,12.2194,12.1882,12.6742,12.2852,12.0709,11.9400
2026-04-28,12.1144,12.2317,11.9581,12.2317,44278000,F,11.9884,12.0869,12.1858,12.1853,12.6701,12.2819,12.0759,11.9418
2026-04-29,11.9581,12.0949,11.8604,12.0851,48672800,F,12.0226,12.0746,12.1488,12.1764,12.6631,12.2754,12.0797,11.9419
2026-04-30,11.8018,11.8116,11.2059,11.2840,80557900,F,12.0421,12.0487,12.1142,12.1617,12.6541,12.2661,12.0842,11.9405
2026-05-01,11.6064,11.7920,11.5087,11.7823,52880500,F,12.0558,12.0065,12.0771,12.1399,12.6443,12.2530,12.0893,11.9372
2026-05-04,11.2352,11.6064,11.1961,11.5771,51014800,F,12.0504,11.9331,12.0281,12.1044,12.6296,12.2329,12.0929,11.9302
2026-05-05,11.4208,11.5185,11.2938,11.2938,42262100,F,12.0588,11.8843,11.9900,12.0776,12.6174,12.2168,12.0974,11.9252
2026-05-06,11.8897,11.9679,11.6650,11.6650,52111200,F,12.0583,11.8848,11.9503,12.0703,12.6067,12.2103,12.1035,11.9248
2026-05-07,11.8995,12.0167,11.7823,11.9386,38986700,F,12.0553,11.8862,11.9063,12.0636,12.5940,12.2041,12.1102,11.9246
2026-05-08,12.0363,12.0851,11.8995,12.0070,38453500,F,12.0646,11.9005,11.8655,12.0625,12.5813,12.2008,12.1168,11.9257
2026-05-11,11.7725,12.1047,11.7334,12.0558,48850800,F,12.0592,11.8883,11.8256,12.0511,12.5671,12.1923,12.1226,11.9241
2026-05-12,11.8615,11.9011,11.6736,11.7923,42165300,F,12.0315,11.8858,11.8012,12.0437,12.5536,12.1858,12.1278,11.9235
2026-05-13,13.4246,13.7906,11.8417,11.8417,216261200,F,12.0818,12.0323,11.8216,12.0978,12.5592,12.2103,12.1418,11.9385
2026-05-14,14.3249,14.7799,13.4840,13.6027,187021600,F,12.1904,12.2507,11.8578,12.1852,12.5737,12.2522,12.1611,11.9622
2026-05-15,13.2564,13.8995,13.1476,13.8302,108272300,F,12.2245,12.3464,11.8818,12.2272,12.5761,12.2721,12.1762,11.9751
2026-05-18,12.8904,13.8401,12.8805,13.8401,69708800,F,12.2404,12.3982,11.9022,12.2532,12.5749,12.2843,12.1885,11.9842
2026-05-19,12.9201,13.0882,12.5837,12.7519,41418200,F,12.2621,12.4479,11.9224,12.2793,12.5757,12.2969,12.2021,11.9935
2026-05-20,13.0784,13.1674,12.7816,12.9102,42349000,F,12.2990,12.5080,11.9448,12.3107,12.5773,12.3124,12.2158,12.0043
2026-05-21,13.5235,13.6521,12.9992,13.0289,72523100,F,12.3656,12.6047,11.9787,12.3582,12.5839,12.3364,12.2313,12.0194
2026-05-22,14.7700,14.7898,13.6225,13.6422,109712200,F,12.4993,12.8109,12.0388,12.4528,12.6033,12.3846,12.2523,12.0468
2026-05-26,15.1559,15.3834,14.6216,14.6216,90423300,F,12.6470,13.0343,12.1139,12.5588,12.6270,12.4394,12.2749,12.0777
2026-05-27,15.7099,15.8879,15.2251,15.2647,89234100,F,12.8268,13.2891,12.1993,12.6824,12.6573,12.5042,12.3001,12.1139
2026-05-28,16.4716,16.5705,15.6901,15.6901,98577300,F,13.0525,13.5922,12.2954,12.8310,12.6931,12.5828,12.3292,12.1572
2026-05-29,17.2531,17.5895,16.6398,16.6991,154228200,F,13.3250,13.9408,12.4101,13.0044,12.7354,12.6752,12.3618,12.2079
2026-06-01,16.4518,17.2927,16.4518,17.1938,97586400,F,13.5673,14.1800,12.5117,13.1396,12.7665,12.7500,12.3894,12.2502
2026-06-02,15.9770,16.5705,15.6604,16.3925,72847500,F,13.8044,14.3511,12.6062,13.2509,12.7935,12.8139,12.4146,12.2872
2026-06-03,15.5417,16.0264,15.4625,15.8385,59298500,F,14.0104,14.4645,12.6872,13.3407,12.8098,12.8679,12.4377,12.3196
2026-06-04,15.1756,15.7198,15.0569,15.7198,50079400,F,14.1747,14.5322,12.7594,13.4127,12.8243,12.9136,12.4588,12.3480
2026-06-05,14.7404,15.0965,14.5227,15.0668,65372100,F,14.3168,14.5521,12.8262,13.4647,12.8361,12.9498,12.4772,12.3718
2026-06-08,14.8393,15.0272,14.7502,14.8294,33038300,F,14.4569,14.5794,12.8963,13.5186,12.8493,12.9872,12.4965,12.3964
2026-06-09,14.7898,15.2251,14.3347,14.9481,51032600,F,14.6078,14.5994,12.9699,13.5685,12.8635,13.0229,12.5163,12.4202
2026-06-10,14.1468,14.6810,14.0775,14.6810,50776700,F,14.7221,14.5563,13.0338,13.5912,12.8715,13.0452,12.5310,12.4374
2026-06-11,14.5524,14.6216,13.9489,14.1468,47657200,F,14.7784,14.5560,13.0994,13.6289,12.8856,13.0750,12.5472,12.4584
2026-06-12,14.6810,14.8393,14.4535,14.5920,42162200,F,14.7963,14.5679,13.1648,13.6701,12.9040,13.1068,12.5641,12.4805
2026-06-15,14.6118,15.3141,14.5821,15.0569,48551900,F,14.8640,14.5720,13.2304,13.7070,12.9170,13.1366,12.5803,12.5018
2026-06-16,14.2556,14.6909,14.2556,14.6315,47490000,F,14.9323,14.5419,13.2886,13.7286,12.9271,13.1588,12.5956,12.5192
2026-06-17,13.8104,14.3249,13.7808,14.2754,43099800,F,14.9768,14.4722,13.3397,13.7318,12.9341,13.1717,12.6084,12.5321
2026-06-18,13.9094,13.9786,13.5730,13.9687,88711700,F,15.0183,14.4186,13.3799,13.7387,12.9433,13.1863,12.6220,12.5458
2026-06-22,13.9588,14.4040,13.8005,13.9489,66738100,F,15.0401,14.3748,13.4199,13.7474,12.9483,13.2016,12.6363,12.5598
2026-06-23,13.8500,14.0676,13.5928,13.6917,65368300,F,14.9941,14.3249,13.4599,13.7514,12.9532,13.2144,12.6497,12.5727
2026-06-24,13.6917,13.9984,13.5631,13.8797,51675000,F,14.9209,14.2646,13.4962,13.7490,12.9548,13.2239,12.6621,12.5838
2026-06-25,13.9588,14.2061,13.7412,13.7709,61741400,F,14.8333,14.2354,13.5270,13.7573,12.9603,13.2384,12.6760,12.5975
2026-06-26,13.9786,14.3249,13.8203,13.8203,59551900,F,14.7087,14.2110,13.5582,13.7660,12.9666,13.2531,12.6910,12.6112
2026-06-29,13.8698,14.0973,13.8104,13.9390,46333200,F,14.5395,14.1785,13.5926,13.7700,12.9726,13.2653,12.7058,12.6237
2026-06-30,13.7511,14.0380,13.6422,13.8698,59308700,F,14.4045,14.1378,13.6161,13.7693,12.9765,13.2749,12.7184,12.6350
2026-07-01,13.4939,13.7313,13.4048,13.7016,44544000,F,14.2803,14.0765,13.6345,13.7585,12.9788,13.2793,12.7301,12.6435
2026-07-02,13.2169,13.8500,13.0784,13.6719,48984900,F,14.1641,13.9946,13.6491,13.7372,12.9776,13.2780,12.7403,12.6492
2026-07-06,13.6818,13.7511,13.2762,13.3652,54301400,F,14.0894,13.9648,13.6760,13.7351,12.9831,13.2860,12.7533,12.6595
2026-07-07,13.4147,13.6521,13.4048,13.6027,43813400,F,14.0231,13.9124,13.7004,13.7225,12.9861,13.2886,12.7647,12.6670
2026-07-08,13.3554,13.4246,13.0981,13.2366,43967600,F,13.9489,13.8594,13.7256,13.7081,12.9858,13.2899,12.7754,12.6738
2026-07-09,13.4642,13.6027,13.2960,13.4444,41197500,F,13.8826,13.8217,13.7509,13.6985,12.9851,13.2933,12.7872,12.6817
2026-07-10,13.8500,13.9489,13.4840,13.4840,47092800,F,13.8678,13.8244,13.7856,13.7045,12.9857,13.3044,12.8007,12.6933
2026-07-13,13.7016,14.0676,13.6719,13.8401,51284100,F,13.8253,13.8127,13.8205,13.7044,12.9846,13.3122,12.8132,12.7034
2026-07-14,13.7906,13.8797,13.6126,13.8500,42721900,F,13.7808,13.8106,13.8602,13.7078,12.9872,13.3217,12.8266,12.7142
2026-07-15,14.0281,14.2259,13.8203,13.8896,57373200,F,13.7516,13.8313,13.9087,13.7203,12.9929,13.3357,12.8412,12.7273
2026-07-16,14.0380,14.1171,13.8500,14.0479,33315200,F,13.7407,13.8510,13.9647,13.7328,12.9964,13.3496,12.8540,12.7403
2026-07-17,14.0775,14.3446,13.7016,13.8896,45456500,F,13.7540,13.8726,14.0179,13.7463,13.0039,13.3640,12.8667,12.7536
2026-07-20,13.8401,14.1468,13.7906,14.1468,39940100,F,13.7506,13.8695,14.0569,13.7500,13.0036,13.3734,12.8787,12.7644
2026-07-21,14.1171,14.2655,13.8797,13.9984,48936300,F,13.7585,13.8931,14.1012,13.7644,13.0038,13.3882,12.8907,12.7779
2026-07-22,14.2655,14.5425,14.1072,14.1171,62012000,F,13.7793,13.9285,14.1458,13.7840,13.0057,13.4055,12.9036,12.7927
2026-07-23,13.9984,14.1270,13.8698,14.0577,65393700,F,13.7946,13.9352,14.1903,13.7924,13.0080,13.4173,12.9131,12.8047
2026-07-24,14.2160,14.3941,13.9885,14.0182,76549600,F,13.8075,13.9619,14.2374,13.8090,13.0193,13.4331,12.9235,12.8187
2026-07-27,14.5227,14.7107,14.1864,14.6513,58748400,F,13.8347,14.0153,14.2594,13.8370,13.0405,13.4547,12.9392,12.8357
2026-07-28,14.7997,14.8591,14.5029,14.6019,75709000,F,13.8812,14.0900,14.2689,13.8748,13.0633,13.4813,12.9571,12.8552
2026-07-29,15.1163,16.1155,14.9976,15.4032,98361100,F,13.9494,14.1878,14.3061,13.9235,13.0939,13.5137,12.9777,12.8777
2026-07-30,14.7008,15.2053,14.4831,15.1756,60025800,F,14.0098,14.2366,14.3423,13.9539,13.1222,13.5372,12.9967,12.8959
2026-07-31,14.5227,14.8690,14.2556,14.7997,56015200,F,14.0751,14.2639,14.3743,13.9763,13.1484,13.5567,13.0142,12.9120
2026-08-03,14.2754,14.8986,14.2754,14.7503,42705200,F,14.1047,14.2650,14.3983,13.9880,13.1715,13.5709,13.0299,12.9256
2026-08-04,14.0874,14.3347,13.8302,14.3347,53923500,F,14.1384,14.2481,14.4095,13.9919,13.1941,13.5812,13.0442,12.9372
2026-08-05,13.9786,14.3347,13.9786,14.1765,41003600,F,14.1695,14.2224,14.3937,13.9914,13.2163,13.5890,13.0580,12.9475
2026-08-06,13.6423,14.0083,13.6027,13.9984,59941400,F,14.1784,14.1672,14.3634,13.9777,13.2387,13.5901,13.0693,12.9544
2026-08-07,13.8302,13.9390,13.6126,13.6719,34589200,F,14.1775,14.1351,14.3258,13.9719,13.2626,13.5948,13.0811,12.9632
2026-08-10,13.8500,13.9193,13.6126,13.7906,39252700,F,14.1849,14.1079,14.2734,13.9671,13.2844,13.5999,13.0904,12.9720
2026-08-11,13.9800,14.1800,13.8400,13.8900,36394900,F,14.1943,14.0957,14.2080,13.9676,13.3090,13.6074,13.1009,12.9820
2026-08-12,13.8300,14.0800,13.7900,14.0300,29971543,F,14.1844,14.0704,14.1555,13.9622,13.3336,13.6118,13.1111,12.9904
