Date,Close,High,Low,Open,Volume,Ticker,SMA_20,EMA_20,SMA_50,EMA_50,SMA_100,EMA_100,SMA_200,EMA_200
2021-04-29,39.0940,39.8960,38.5560,39.8760,5871500,FTNT,,39.0940,,39.0940,,39.0940,,39.0940
2021-04-30,40.8460,41.0880,38.9020,39.6320,13721500,FTNT,,39.2609,,39.1627,,39.1287,,39.1114
2021-05-03,40.6360,41.1640,39.8560,41.0620,6163500,FTNT,,39.3918,,39.2205,,39.1585,,39.1266
2021-05-04,41.3560,41.5480,40.4740,40.6280,8022500,FTNT,,39.5789,,39.3042,,39.2021,,39.1488
2021-05-05,41.8760,42.3500,41.4540,41.5280,6135000,FTNT,,39.7977,,39.4051,,39.2550,,39.1759
2021-05-06,41.3020,41.8200,40.6460,41.7260,5826500,FTNT,,39.9409,,39.4795,,39.2955,,39.1971
2021-05-07,42.3540,42.5340,41.6580,41.8000,4040500,FTNT,,40.1707,,39.5922,,39.3561,,39.2285
2021-05-10,40.8580,42.2560,40.8480,42.2000,4217500,FTNT,,40.2362,,39.6418,,39.3858,,39.2447
2021-05-11,41.3020,41.4120,39.7820,39.9900,4089000,FTNT,,40.3377,,39.7069,,39.4238,,39.2652
2021-05-12,39.4060,40.8080,39.1920,40.6920,5706500,FTNT,,40.2490,,39.6951,,39.4234,,39.2666
2021-05-13,39.6780,40.2520,39.6340,40.0000,7267500,FTNT,,40.1946,,39.6945,,39.4285,,39.2707
2021-05-14,41.1720,41.2780,39.8020,39.9400,6061000,FTNT,,40.2877,,39.7524,,39.4630,,39.2896
2021-05-17,40.8680,41.3000,40.3020,40.7360,4222000,FTNT,,40.3429,,39.7962,,39.4908,,39.3053
2021-05-18,40.8500,41.5960,40.7840,40.8480,4658000,FTNT,,40.3912,,39.8375,,39.5177,,39.3207
2021-05-19,41.5200,41.5600,40.0540,40.2080,4393000,FTNT,,40.4987,,39.9035,,39.5574,,39.3425
2021-05-20,42.4640,42.6380,41.6580,41.6580,4341500,FTNT,,40.6859,,40.0039,,39.6149,,39.3736
2021-05-21,42.1660,43.0340,42.0240,42.6420,4089500,FTNT,,40.8269,,40.0887,,39.6655,,39.4014
2021-05-24,42.6140,42.9620,42.3060,42.3060,4247000,FTNT,,40.9971,,40.1877,,39.7238,,39.4334
2021-05-25,42.9140,43.2820,42.7400,42.8340,3583500,FTNT,,41.1796,,40.2946,,39.7870,,39.4680
2021-05-26,43.1420,43.7360,42.8260,43.1580,4490500,FTNT,41.3209,41.3665,,40.4063,,39.8535,,39.5045
2021-05-27,43.2680,43.6560,42.6220,43.1340,7908000,FTNT,41.5296,41.5476,,40.5185,,39.9211,,39.5420
2021-05-28,43.7080,44.2000,43.2320,43.3080,4149500,FTNT,41.6727,41.7534,,40.6436,,39.9961,,39.5835
2021-06-01,42.9980,44.0760,42.7260,44.0240,3630000,FTNT,41.7908,41.8719,,40.7359,,40.0555,,39.6174
2021-06-02,43.2740,43.3300,42.7760,42.9780,3329000,FTNT,41.8867,42.0054,,40.8354,,40.1192,,39.6538
2021-06-03,43.0760,43.4700,42.3340,43.0000,2832000,FTNT,41.9467,42.1074,,40.9233,,40.1778,,39.6879
2021-06-04,44.3520,44.4700,43.4800,43.4800,3142500,FTNT,42.0992,42.3212,,41.0578,,40.2604,,39.7343
2021-06-07,44.7080,44.7620,44.0120,44.4320,2838000,FTNT,42.2169,42.5485,,41.2009,,40.3485,,39.7838
2021-06-08,45.4720,45.5560,44.7460,44.7600,4280000,FTNT,42.4476,42.8269,,41.3684,,40.4500,,39.8404
2021-06-09,45.1040,45.6980,44.8060,45.5860,2932500,FTNT,42.6377,43.0438,,41.5149,,40.5421,,39.8927
2021-06-10,45.7900,45.9040,44.8800,45.0680,3870500,FTNT,42.9569,43.3053,,41.6826,,40.6460,,39.9514
2021-06-11,45.7880,45.8780,45.4440,45.6020,3273000,FTNT,43.2624,43.5418,,41.8435,,40.7479,,40.0095
2021-06-14,46.2920,46.3000,45.6020,45.8180,3283500,FTNT,43.5184,43.8037,,42.0180,,40.8577,,40.0720
2021-06-15,46.0120,46.3420,45.8000,46.2100,3165500,FTNT,43.7756,44.0140,,42.1746,,40.9597,,40.1311
2021-06-16,46.0540,46.5160,45.4220,46.0560,3501000,FTNT,44.0358,44.2083,,42.3268,,41.0606,,40.1900
2021-06-17,47.3960,47.5340,45.8200,45.9160,5871500,FTNT,44.3296,44.5119,,42.5256,,41.1860,,40.2617
2021-06-18,46.7320,47.7960,46.6900,47.4000,9358500,FTNT,44.5430,44.7233,,42.6905,,41.2959,,40.3261
2021-06-21,47.5840,47.9940,46.7360,47.1520,4077500,FTNT,44.8139,44.9958,,42.8824,,41.4204,,40.3983
2021-06-22,48.3800,48.4120,47.5960,47.6000,4143000,FTNT,45.1022,45.3181,,43.0980,,41.5582,,40.4778
2021-06-23,48.0120,48.5840,47.6720,48.4640,3905000,FTNT,45.3571,45.5746,,43.2907,,41.6860,,40.5527
2021-06-24,47.9980,48.7880,47.9860,48.4900,3434500,FTNT,45.5999,45.8054,,43.4753,,41.8110,,40.6268
2021-06-25,48.4060,48.4720,47.2880,48.1000,5296000,FTNT,45.8568,46.0531,,43.6687,,41.9416,,40.7042
2021-06-28,49.4080,49.4660,48.5520,48.6340,3795500,FTNT,46.1418,46.3726,,43.8937,,42.0894,,40.7908
2021-06-29,48.6480,48.9940,47.9300,48.7100,4774500,FTNT,46.4243,46.5893,,44.0802,,42.2193,,40.8690
2021-06-30,47.6380,48.5640,47.5660,48.5640,5466500,FTNT,46.6425,46.6892,,44.2197,,42.3266,,40.9364
2021-07-01,48.4680,48.5320,47.2720,47.5720,5718000,FTNT,46.9121,46.8586,,44.3863,,42.4482,,41.0113
2021-07-02,49.6080,49.7460,48.6920,48.6940,3666500,FTNT,47.1749,47.1205,,44.5911,,42.5900,,41.0968
2021-07-06,50.2300,50.3700,49.1360,50.1500,5034500,FTNT,47.4510,47.4166,,44.8122,,42.7413,,41.1877
2021-07-07,50.6660,50.7580,49.3480,50.5500,5402500,FTNT,47.7107,47.7261,,45.0418,,42.8982,,41.2820
2021-07-08,50.5860,50.8960,49.1240,49.9640,4513000,FTNT,47.9848,47.9984,,45.2592,,43.0504,,41.3746
2021-07-09,51.3620,51.4860,50.5060,50.9220,4791000,FTNT,48.2634,48.3188,44.6687,45.4985,,43.2150,,41.4740
2021-07-12,51.1580,51.8940,50.9540,51.6160,4102500,FTNT,48.5319,48.5892,44.9100,45.7205,,43.3723,,41.5703
2021-07-13,51.4080,51.6900,50.8000,51.1800,2545500,FTNT,48.7877,48.8576,45.1212,45.9435,,43.5314,,41.6682
2021-07-14,51.1680,51.7340,50.7260,51.5800,3674500,FTNT,49.0455,49.0777,45.3319,46.1484,,43.6827,,41.7627
2021-07-15,51.2600,52.3800,50.8620,51.5540,6286000,FTNT,49.3058,49.2855,45.5300,46.3488,,43.8327,,41.8572
2021-07-16,51.6880,52.5540,51.6420,51.7200,4327000,FTNT,49.5204,49.5143,45.7262,46.5582,,43.9883,,41.9551
2021-07-19,51.3260,51.6700,50.4740,51.0200,4539000,FTNT,49.7501,49.6869,45.9267,46.7452,,44.1336,,42.0483
2021-07-20,52.7680,53.0300,51.6000,51.8980,3952500,FTNT,50.0093,49.9803,46.1350,46.9814,,44.3045,,42.1550
2021-07-21,52.9300,53.2040,52.4100,52.8420,4078500,FTNT,50.2368,50.2612,46.3764,47.2147,,44.4753,,42.2622
2021-07-22,54.1500,54.2880,53.1380,53.2540,4041500,FTNT,50.5437,50.6316,46.6334,47.4866,,44.6669,,42.3805
2021-07-23,55.1420,55.2180,53.7240,54.1880,4112500,FTNT,50.9009,51.0612,46.9481,47.7868,,44.8743,,42.5075
2021-07-26,54.4680,55.4000,54.4280,55.3200,3356500,FTNT,51.2040,51.3856,47.2439,48.0488,,45.0643,,42.6265
2021-07-27,54.2280,54.6840,53.3360,54.4800,3686500,FTNT,51.4450,51.6563,47.5050,48.2912,,45.2458,,42.7419
2021-07-28,54.3380,54.7640,53.8160,54.4000,4005500,FTNT,51.7295,51.9117,47.7744,48.5283,,45.4258,,42.8573
2021-07-29,54.8420,55.3400,54.4340,54.4560,4835000,FTNT,52.0897,52.1908,48.0542,48.7759,,45.6123,,42.9765
2021-07-30,54.4480,54.7560,50.0000,54.1980,9331500,FTNT,52.3887,52.4058,48.3128,48.9983,,45.7872,,43.0907
2021-08-02,56.9240,57.7080,54.0280,54.8540,10210500,FTNT,52.7545,52.8361,48.6020,49.3091,,46.0078,,43.2283
2021-08-03,59.5520,59.6000,57.0000,57.0940,7555000,FTNT,53.2206,53.4757,48.9497,49.7108,,46.2760,,43.3908
2021-08-04,60.8040,61.1200,58.6900,59.4700,6016000,FTNT,53.7275,54.1736,49.3135,50.1458,,46.5637,,43.5640
2021-08-05,60.0040,61.3020,59.6540,61.0000,6621000,FTNT,54.1984,54.7289,49.6553,50.5324,,46.8298,,43.7276
2021-08-06,60.7360,60.7540,59.2000,59.7100,3981500,FTNT,54.6671,55.3010,50.0072,50.9326,,47.1052,,43.8968
2021-08-09,60.2220,61.1000,59.8380,61.0300,3624500,FTNT,55.1203,55.7697,50.3463,51.2969,,47.3649,,44.0593
2021-08-10,60.0800,60.8720,59.6240,60.3060,3611000,FTNT,55.5539,56.1802,50.6737,51.6413,,47.6167,,44.2187
2021-08-11,59.7340,60.5960,58.7420,60.2860,4897500,FTNT,55.9822,56.5186,51.0084,51.9587,,47.8566,,44.3731
2021-08-12,61.1320,61.9580,59.6560,59.8680,5780500,FTNT,56.4758,56.9580,51.3656,52.3184,,48.1195,,44.5398
2021-08-13,61.8660,61.9060,60.4420,60.7000,2991500,FTNT,56.9847,57.4254,51.7414,52.6928,,48.3917,,44.7122
2021-08-16,60.4880,61.8000,59.7340,61.8000,3789000,FTNT,57.4428,57.7171,52.0641,52.9985,,48.6313,,44.8692
2021-08-17,59.7260,60.4540,59.0380,60.0280,4477500,FTNT,57.7907,57.9084,52.3645,53.2623,,48.8510,,45.0170
2021-08-18,58.5440,59.7800,58.5160,59.6380,4402000,FTNT,58.0714,57.9690,52.6259,53.4695,,49.0429,,45.1516
2021-08-19,59.1560,59.7160,57.2520,57.5580,4093000,FTNT,58.3217,58.0820,52.9070,53.6925,,49.2432,,45.2910
2021-08-20,59.5880,59.9180,59.0660,59.5400,3658000,FTNT,58.5440,58.2254,53.1829,53.9237,,49.4480,,45.4332
2021-08-23,61.5040,61.6900,60.3340,60.3780,4704500,FTNT,58.8958,58.5377,53.4972,54.2209,,49.6867,,45.5931
2021-08-24,59.9680,61.6020,59.8240,61.6000,5207500,FTNT,59.1828,58.6739,53.7708,54.4463,,49.8903,,45.7362
2021-08-25,61.2060,61.5680,60.0360,60.1000,4008500,FTNT,59.5262,58.9151,54.0746,54.7114,,50.1144,,45.8901
2021-08-26,62.0260,62.3140,61.0540,61.0600,3659000,FTNT,59.8854,59.2113,54.3941,54.9982,,50.3503,,46.0507
2021-08-27,63.2120,63.4880,61.7740,62.0960,4456000,FTNT,60.3236,59.5924,54.7104,55.3203,,50.6050,,46.2214
2021-08-30,63.8780,64.3800,63.6000,63.8240,3393000,FTNT,60.6713,60.0005,55.0533,55.6559,,50.8678,,46.3971
2021-08-31,63.0280,64.1160,62.6440,64.0000,5856500,FTNT,60.8451,60.2888,55.3622,55.9450,,51.1086,,46.5626
2021-09-01,61.6940,63.5880,60.8860,63.5080,8388000,FTNT,60.8896,60.4227,55.6285,56.1705,,51.3182,,46.7131
2021-09-02,62.7800,63.3600,62.0920,62.2640,4073500,FTNT,61.0284,60.6472,55.9238,56.4297,,51.5452,,46.8730
2021-09-03,64.0380,64.2860,62.7660,62.7660,3534500,FTNT,61.1935,60.9701,56.2446,56.7281,,51.7926,,47.0438
2021-09-07,62.8160,64.4000,62.4800,64.2000,4063000,FTNT,61.3232,61.1459,56.5328,56.9668,,52.0108,,47.2007
2021-09-08,61.8400,63.1480,61.6100,62.6100,5401000,FTNT,61.4112,61.2120,56.7815,57.1579,,52.2055,,47.3464
2021-09-09,62.1480,62.6480,61.8200,61.8400,4065500,FTNT,61.5319,61.3012,57.0515,57.3536,,52.4024,,47.4937
2021-09-10,62.0980,62.9640,61.7160,62.6460,3319500,FTNT,61.5802,61.3770,57.3407,57.5396,,52.5943,,47.6390
2021-09-13,59.3840,62.2880,58.8540,62.1120,8885500,FTNT,61.4561,61.1872,57.5590,57.6120,,52.7288,,47.7559
2021-09-14,60.1160,61.1360,59.2640,59.6000,6213000,FTNT,61.4375,61.0852,57.7692,57.7102,,52.8751,,47.8789
2021-09-15,60.3060,60.7980,59.8380,60.4460,5027500,FTNT,61.4665,61.0110,57.9707,57.8120,,53.0222,,48.0025
2021-09-16,60.8120,60.8760,59.7140,60.1780,3354000,FTNT,61.5799,60.9920,58.1736,57.9296,,53.1765,,48.1300
2021-09-17,59.8980,60.8820,59.3620,60.5060,7779000,FTNT,61.6170,60.8879,58.3598,58.0068,,53.3096,,48.2471
2021-09-20,59.4140,59.5500,56.8280,58.4020,5185500,FTNT,61.6083,60.7475,58.5209,58.0620,51.5948,53.4305,,48.3582
2021-09-21,59.9200,60.6580,59.0240,60.4000,3565500,FTNT,61.5291,60.6687,58.6961,58.1349,51.8031,53.5590,,48.4732
2021-09-22,60.3240,60.6380,59.4700,60.2000,3515000,FTNT,61.5469,60.6358,58.8744,58.2207,51.9978,53.6929,,48.5911
2021-09-23,62.1080,62.2900,60.4740,60.8920,4887000,FTNT,61.5920,60.7761,59.0932,58.3731,52.2126,53.8596,,48.7256
2021-09-24,62.3800,62.5660,61.4240,61.6400,3283000,FTNT,61.6097,60.9288,59.3156,58.5303,52.4228,54.0283,,48.8615
2021-09-27,60.1140,61.9760,59.8380,61.6920,4127000,FTNT,61.4548,60.8512,59.4842,58.5924,52.6052,54.1488,,48.9735
2021-09-28,57.5760,60.1900,57.4140,59.5740,7433000,FTNT,61.1397,60.5393,59.6092,58.5525,52.7679,54.2167,,49.0591
2021-09-29,57.7660,58.8060,57.6160,58.2500,5604000,FTNT,60.8766,60.2752,59.7091,58.5217,52.9220,54.2869,,49.1457
2021-09-30,58.4080,59.0240,57.6780,57.6780,4332000,FTNT,60.7123,60.0973,59.8187,58.5172,53.0975,54.3685,,49.2379
2021-10-01,59.6000,59.9000,57.8100,58.2340,4479000,FTNT,60.5533,60.0500,59.9277,58.5597,53.2805,54.4721,,49.3410
2021-10-04,57.7740,58.8660,56.9540,58.5080,5075500,FTNT,60.2401,59.8332,59.9803,58.5289,53.4642,54.5375,,49.4249
2021-10-05,59.7040,60.2000,58.3240,58.7240,5241000,FTNT,60.0845,59.8209,60.0850,58.5750,53.6645,54.6398,,49.5272
2021-10-06,60.3600,60.9420,58.5780,58.8840,4171000,FTNT,60.0105,59.8722,60.2077,58.6450,53.8563,54.7531,,49.6349
2021-10-07,61.9240,62.6480,60.8040,60.9260,3705000,FTNT,59.9993,60.0677,60.3594,58.7736,54.0669,54.8951,,49.7572
2021-10-08,61.4340,62.4480,61.0700,62.0360,2363000,FTNT,59.9661,60.1978,60.4912,58.8779,54.2727,55.0246,,49.8734
2021-10-11,61.3600,61.8220,60.5700,61.0320,2524000,FTNT,60.0649,60.3085,60.6295,58.9752,54.4711,55.1500,,49.9877
2021-10-12,61.3160,62.1720,61.1460,62.1720,2510500,FTNT,60.1249,60.4044,60.7173,59.0670,54.6597,55.2721,,50.1004
2021-10-13,62.0200,62.8000,61.6020,61.7780,3788000,FTNT,60.2106,60.5583,60.7667,59.1828,54.8582,55.4058,,50.2190
2021-10-14,62.7620,63.7760,62.2200,62.9780,4454000,FTNT,60.3081,60.7682,60.8058,59.3232,55.0597,55.5514,,50.3438
2021-10-15,63.0580,63.3160,62.3460,62.9920,3697500,FTNT,60.4661,60.9862,60.8669,59.4696,55.2611,55.7001,,50.4703
2021-10-18,65.3480,65.3780,63.0920,63.0920,4646500,FTNT,60.7628,61.4017,60.9592,59.7002,55.4832,55.8911,,50.6184
2021-10-19,66.4240,66.6180,65.3000,65.7700,4547000,FTNT,61.0880,61.8800,61.0832,59.9638,55.7147,56.0997,,50.7757
2021-10-20,66.6900,67.3220,65.7240,66.8420,3533000,FTNT,61.4063,62.3381,61.2154,60.2276,55.9446,56.3094,,50.9340
2021-10-21,66.8680,66.8920,65.5400,66.7680,3108500,FTNT,61.6443,62.7695,61.3581,60.4880,56.1833,56.5185,,51.0925
2021-10-22,67.0580,67.7640,66.2600,66.9720,2282500,FTNT,61.8782,63.1779,61.4766,60.7457,56.4211,56.7272,,51.2514
2021-10-25,66.3820,69.0500,66.2040,67.5200,4970000,FTNT,62.1916,63.4831,61.5669,60.9667,56.6542,56.9184,,51.4020
2021-10-26,64.5260,66.8200,64.0000,66.7920,7187000,FTNT,62.5391,63.5824,61.6477,61.1063,56.8559,57.0690,,51.5325
2021-10-27,64.1220,65.7040,64.0440,64.8400,3491500,FTNT,62.8569,63.6338,61.7356,61.2245,57.0500,57.2087,,51.6578
2021-10-28,65.4760,65.5280,64.1360,64.1360,2842500,FTNT,63.2103,63.8092,61.8742,61.3913,57.2501,57.3724,,51.7953
2021-10-29,67.2680,67.5880,65.0100,65.0520,4276500,FTNT,63.5937,64.1386,62.0365,61.6217,57.4717,57.5683,,51.9493
2021-11-01,64.8220,67.5980,63.8120,67.2680,5875000,FTNT,63.9461,64.2037,62.1412,61.7472,57.6620,57.7120,,52.0774
2021-11-02,65.6860,66.3960,64.9420,64.9960,3826500,FTNT,64.2452,64.3449,62.2248,61.9017,57.8610,57.8699,,52.2128
2021-11-03,65.9840,66.4720,64.4440,66.0120,3431500,FTNT,64.5264,64.5010,62.3451,62.0618,58.0579,58.0306,,52.3498
2021-11-04,67.6800,67.7060,65.7180,65.7320,5747500,FTNT,64.8142,64.8038,62.4746,62.2821,58.2746,58.2216,,52.5023
2021-11-05,68.2380,69.8460,65.5020,69.8460,8395000,FTNT,65.1544,65.1308,62.5988,62.5157,58.4965,58.4200,,52.6589
2021-11-08,70.2380,71.0700,68.2720,69.0000,6589000,FTNT,65.5983,65.6172,62.7394,62.8185,58.7249,58.6540,,52.8338
2021-11-09,69.8120,70.8280,68.6620,70.3940,5009500,FTNT,66.0231,66.0167,62.8580,63.0928,58.9557,58.8749,,53.0028
2021-11-10,66.6320,69.2000,65.8800,69.1340,5811500,FTNT,66.2537,66.0753,62.9301,63.2316,59.1462,59.0285,,53.1384
2021-11-11,67.3760,67.9820,66.9080,67.7780,3304500,FTNT,66.4844,66.1992,63.0438,63.3941,59.3361,59.1938,,53.2800
2021-11-12,68.4340,68.7480,67.8500,67.8680,2909000,FTNT,66.7532,66.4120,63.1568,63.5917,59.5403,59.3768,,53.4308
2021-11-15,67.0260,68.9500,66.3580,68.9500,3757000,FTNT,66.8371,66.4705,63.2166,63.7264,59.7306,59.5283,,53.5661
2021-11-16,68.2020,68.4960,66.4220,66.4220,3391000,FTNT,66.9260,66.6354,63.3243,63.9019,59.9286,59.7000,,53.7117
2021-11-17,68.2700,68.8280,66.9580,68.2460,3756500,FTNT,67.0050,66.7911,63.4529,64.0732,60.1172,59.8697,,53.8566
2021-11-18,68.7020,69.2800,67.6140,68.2000,3465000,FTNT,67.0967,66.9731,63.5840,64.2547,60.3177,60.0446,,54.0043
2021-11-19,68.5020,70.1280,68.3840,69.3720,3608000,FTNT,67.1689,67.1187,63.7121,64.4213,60.5264,60.2121,,54.1486
2021-11-22,66.1600,68.9080,65.0620,68.7400,5159500,FTNT,67.1578,67.0274,63.8476,64.4895,60.7033,60.3299,,54.2681
2021-11-23,65.4960,66.6300,63.6540,65.3140,5327500,FTNT,67.2063,66.8815,63.9552,64.5290,60.8622,60.4322,,54.3798
2021-11-24,66.6480,66.6760,63.9940,65.3700,2946000,FTNT,67.3326,66.8593,64.0820,64.6121,61.0264,60.5553,,54.5019
2021-11-26,65.4780,68.2080,65.0420,66.0900,3236000,FTNT,67.3327,66.7277,64.1754,64.6460,61.1745,60.6528,,54.6111
2021-11-29,68.6600,69.1000,66.3660,66.6000,5235500,FTNT,67.4023,66.9118,64.3506,64.8034,61.3552,60.8113,,54.7509
2021-11-30,66.4220,69.5540,66.0660,68.9280,8660000,FTNT,67.4823,66.8651,64.4908,64.8669,61.5058,60.9224,,54.8670
2021-12-01,61.0520,67.6100,60.9020,67.5200,11505500,FTNT,67.2506,66.3115,64.5134,64.7173,61.6048,60.9250,,54.9286
2021-12-02,62.6220,62.9320,60.2200,61.0520,8490500,FTNT,67.0825,65.9601,64.5594,64.6351,61.7169,60.9586,,55.0051
2021-12-03,60.5640,62.6500,59.3340,62.1760,10449000,FTNT,66.7267,65.4462,64.5285,64.4755,61.8109,60.9508,,55.0604
2021-12-06,58.4080,60.1040,57.8480,59.5580,11292500,FTNT,66.2352,64.7759,64.4490,64.2375,61.8823,60.9004,,55.0937
2021-12-07,63.4480,63.5400,60.5980,60.6380,6454000,FTNT,65.8957,64.6494,64.5157,64.2066,61.9999,60.9509,,55.1769
2021-12-08,64.4880,64.7760,62.2860,63.4460,5147000,FTNT,65.6295,64.6341,64.6540,64.2176,62.1316,61.0209,,55.2695
2021-12-09,63.2840,64.8920,62.9680,64.5760,4041500,FTNT,65.4621,64.5055,64.7643,64.1810,62.2367,61.0657,,55.3492
2021-12-10,66.5260,66.8560,64.0200,64.0200,6902000,FTNT,65.4196,64.6979,64.9267,64.2730,62.3727,61.1739,,55.4605
2021-12-13,66.3200,67.8760,65.7500,66.9120,7119500,FTNT,65.3139,64.8524,65.0611,64.3532,62.4944,61.2758,,55.5685
2021-12-14,63.1600,64.6300,61.2160,64.5760,8491500,FTNT,65.1206,64.6912,65.1688,64.3064,62.5746,61.3131,,55.6440
2021-12-15,67.3560,67.5220,63.1840,63.2000,8266000,FTNT,65.0783,64.9450,65.3218,64.4260,62.7034,61.4327,,55.7606
2021-12-16,64.5840,67.5400,63.9960,67.0960,7288000,FTNT,64.8940,64.9106,65.4063,64.4322,62.8070,61.4951,,55.8484
2021-12-17,66.7660,67.4380,63.0240,63.2740,48309500,FTNT,64.7972,65.0873,65.5032,64.5237,62.9313,61.5995,,55.9570
2021-12-20,66.1060,66.8720,64.1460,64.7300,7360500,FTNT,64.6774,65.1843,65.5966,64.5858,63.0439,61.6887,,56.0580
2021-12-21,67.8500,67.9560,64.6400,66.9560,5662000,FTNT,64.7619,65.4382,65.7264,64.7138,63.1779,61.8107,,56.1753
2021-12-22,69.6320,69.7580,67.0000,68.0000,4233500,FTNT,64.9687,65.8376,65.8927,64.9067,63.3050,61.9656,,56.3092
2021-12-23,69.8040,70.9680,69.2160,69.6000,3536000,FTNT,65.1265,66.2154,66.0484,65.0987,63.4075,62.1208,,56.4435
2021-12-27,73.5340,73.5580,70.7520,70.7780,5094000,FTNT,65.5293,66.9124,66.2638,65.4295,63.5348,62.3468,,56.6136
2021-12-28,73.2000,74.0000,72.3040,74.0000,3828500,FTNT,65.7563,67.5112,66.4667,65.7342,63.6668,62.5618,,56.7786
2021-12-29,73.3480,74.3540,72.5420,73.2500,2975500,FTNT,66.1026,68.0671,66.6267,66.0328,63.7929,62.7753,,56.9435
2021-12-30,71.9560,74.0580,71.7600,73.4460,3754000,FTNT,66.6478,68.4375,66.7373,66.2651,63.9103,62.9571,,57.0928
2021-12-31,71.8800,72.7120,71.7860,71.9520,2640500,FTNT,67.1107,68.7653,66.8411,66.4853,64.0283,63.1338,,57.2400
2022-01-03,66.6240,72.4240,66.4880,72.4240,9515000,FTNT,67.4137,68.5614,66.8362,66.4907,64.0972,63.2029,,57.3334
2022-01-04,64.4280,66.6840,62.5340,66.1000,9829000,FTNT,67.7147,68.1677,66.7836,66.4098,64.1301,63.2272,,57.4040
2022-01-05,60.6980,63.9400,60.5820,63.1760,12033000,FTNT,67.5772,67.4563,66.6700,66.1858,64.1184,63.1771,,57.4367
2022-01-06,62.8000,63.9340,58.7380,58.8980,12004000,FTNT,67.4928,67.0129,66.6354,66.0531,64.1416,63.1697,,57.4901
2022-01-07,62.9320,63.9660,61.8160,61.8880,8805000,FTNT,67.4752,66.6242,66.6116,65.9307,64.1736,63.1649,,57.5442
2022-01-10,64.9420,64.9820,60.4840,60.8440,11657500,FTNT,67.3960,66.4640,66.6010,65.8919,64.2376,63.2001,,57.6179
2022-01-11,64.7120,64.8000,62.8000,63.5460,7455500,FTNT,67.3156,66.2971,66.5498,65.8456,64.2932,63.2301,,57.6884
2022-01-12,64.1580,66.0500,63.6420,65.1080,7013500,FTNT,67.3655,66.0934,66.5366,65.7795,64.3389,63.2484,,57.7528
2022-01-13,61.5760,64.5600,61.4520,64.1080,6471000,FTNT,67.0765,65.6632,66.4544,65.6146,64.3396,63.2153,,57.7909
2022-01-14,62.5080,62.7760,60.6320,61.0500,6412000,FTNT,66.9727,65.3627,66.3848,65.4928,64.3650,63.2013,,57.8378
2022-01-18,61.6940,63.5280,60.6100,60.8160,7610000,FTNT,66.7191,65.0133,66.2651,65.3438,64.3699,63.1715,,57.8762
2022-01-19,61.4320,64.6320,61.3480,62.4700,5922000,FTNT,66.4854,64.6722,66.1290,65.1904,64.3639,63.1370,,57.9115
2022-01-20,60.9980,63.5880,60.9300,61.9960,5268000,FTNT,66.1428,64.3223,65.9442,65.0260,64.3418,63.0947,,57.9423
2022-01-21,57.7300,60.8800,57.6500,60.3720,9746500,FTNT,65.5477,63.6945,65.7026,64.7399,64.2803,62.9884,,57.9401
2022-01-24,58.0740,58.1500,52.5680,56.5320,16821500,FTNT,64.9612,63.1592,65.5314,64.4785,64.2308,62.8911,,57.9415
2022-01-25,54.5900,56.8860,54.2260,56.7560,8703000,FTNT,64.0140,62.3431,65.2757,64.0907,64.1597,62.7267,,57.9081
2022-01-26,54.2300,57.3020,53.6620,56.3600,8629000,FTNT,63.0655,61.5704,64.9916,63.7040,64.0742,62.5585,,57.8715
2022-01-27,53.9440,56.3340,53.7320,55.1300,6165500,FTNT,62.0953,60.8441,64.7300,63.3213,63.9733,62.3879,,57.8324
2022-01-28,56.4320,56.5120,53.0400,54.7500,7346500,FTNT,61.3191,60.4239,64.4946,63.0511,63.9094,62.2700,,57.8185
2022-01-31,59.4480,59.6200,55.9120,56.4320,9103500,FTNT,60.6975,60.3309,64.3181,62.9098,63.8855,62.2141,,57.8347
2022-02-01,60.4360,60.6260,58.3580,59.5680,6467000,FTNT,60.3881,60.3409,64.1528,62.8128,63.8684,62.1789,,57.8606
2022-02-02,61.9760,62.2000,60.6040,61.2240,8535500,FTNT,60.2655,60.4967,64.0223,62.7800,63.8672,62.1749,,57.9016
2022-02-03,59.4000,62.1060,59.0740,59.8960,8857500,FTNT,60.2006,60.3922,63.8871,62.6474,63.8673,62.1199,,57.9165
2022-02-04,62.8660,63.4660,57.8360,60.8140,12722500,FTNT,60.2039,60.6278,63.8345,62.6560,63.8948,62.1347,,57.9657
2022-02-07,61.4440,63.3800,61.1540,62.2840,5925000,FTNT,60.1295,60.7055,63.7304,62.6085,63.9062,62.1210,,58.0003
2022-02-08,62.9720,63.1940,60.8900,61.1860,4988000,FTNT,60.0310,60.9214,63.6803,62.6227,63.9278,62.1379,,58.0498
2022-02-09,65.9680,66.0520,63.7100,64.0000,6909000,FTNT,60.0938,61.4020,63.6264,62.7539,63.9885,62.2137,,58.1286
2022-02-10,65.0720,66.4720,64.1040,64.2500,5765000,FTNT,60.1395,61.7515,63.5994,62.8448,64.0451,62.2703,57.8200,58.1977
2022-02-11,62.0540,65.9560,61.6380,65.2580,5881000,FTNT,60.1634,61.7804,63.6195,62.8138,64.0664,62.2660,57.9348,58.2360
2022-02-14,62.0700,63.3560,61.2900,62.2240,5370000,FTNT,60.1415,61.8079,63.6084,62.7846,64.0839,62.2621,58.0409,58.2742
2022-02-15,64.4840,64.6720,62.9800,63.3720,3830000,FTNT,60.2810,62.0628,63.6868,62.8513,64.1077,62.3061,58.1601,58.3360
2022-02-16,64.0720,64.3040,62.0680,63.4920,4955500,FTNT,60.4130,62.2542,63.8001,62.8991,64.1246,62.3411,58.2737,58.3931
2022-02-17,62.1080,63.5260,61.8460,63.5260,3957000,FTNT,60.4685,62.2402,63.7733,62.8681,64.1445,62.3365,58.3749,58.4300
2022-02-18,60.9700,62.8620,60.7880,62.2140,4612000,FTNT,60.6305,62.1193,63.7030,62.7937,64.1785,62.3094,58.4732,58.4553
2022-02-22,59.4800,61.3400,58.5900,60.4060,6688500,FTNT,60.7008,61.8679,63.6269,62.6637,64.1956,62.2534,58.5588,58.4655
2022-02-23,56.9020,60.7400,56.6840,60.0900,6862000,FTNT,60.8164,61.3950,63.4344,62.4378,64.1805,62.1474,58.6390,58.4499
2022-02-24,63.2900,63.6940,55.1880,55.5760,12905500,FTNT,61.2694,61.5754,63.3738,62.4712,64.2174,62.1701,58.7490,58.4981
2022-02-25,64.9940,65.1120,62.0000,63.3920,6182500,FTNT,61.8219,61.9010,63.4105,62.5701,64.2896,62.2260,58.8769,58.5627
2022-02-28,68.9040,69.0900,64.3040,64.5100,12006500,FTNT,62.4455,62.5680,63.4414,62.8185,64.3816,62.3582,59.0231,58.6656
2022-03-01,67.5660,70.3040,66.8440,69.2100,8148000,FTNT,62.8514,63.0440,63.5011,63.0047,64.4537,62.4613,59.1550,58.7542
2022-03-02,68.9620,69.3740,66.4740,67.9300,5867000,FTNT,63.2777,63.6076,63.5450,63.2383,64.5241,62.5901,59.2955,58.8558
2022-03-03,67.2700,69.6580,66.3080,69.2260,5678000,FTNT,63.5424,63.9564,63.5683,63.3964,64.5824,62.6827,59.4276,58.9395
2022-03-04,67.0920,67.8100,65.2920,67.2560,6077500,FTNT,63.9270,64.2550,63.5531,63.5413,64.6398,62.7701,59.5555,59.0206
2022-03-07,58.2740,67.5920,58.1680,66.7440,12903000,FTNT,63.6974,63.6854,63.3260,63.3348,64.6093,62.6810,59.6345,59.0132
2022-03-08,55.3660,57.3000,54.5000,56.9140,10565500,FTNT,63.3935,62.8931,63.0372,63.0223,64.5428,62.5362,59.7005,58.9769
2022-03-09,57.4860,57.8600,54.8060,57.0220,10994500,FTNT,63.1192,62.3781,62.7162,62.8052,64.4900,62.4362,59.7749,58.9621
2022-03-10,57.3520,57.9460,55.5120,56.8600,7338000,FTNT,62.6884,61.8994,62.3993,62.5913,64.4330,62.3355,59.8471,58.9460
2022-03-11,55.8260,58.4120,55.7040,58.4120,6845000,FTNT,62.2261,61.3210,62.0488,62.3260,64.3378,62.2066,59.9105,58.9150
2022-03-14,55.0880,56.4220,53.0540,55.2660,9983000,FTNT,61.8778,60.7274,61.7115,62.0422,64.2244,62.0656,59.9696,58.8769
2022-03-15,56.6640,56.7960,54.7520,55.6900,6130000,FTNT,61.6075,60.3404,61.4072,61.8313,64.1241,61.9587,60.0344,58.8549
2022-03-16,59.5080,59.5660,56.3400,56.7700,9152500,FTNT,61.3587,60.2611,61.2648,61.7402,64.0505,61.9101,60.1169,58.8614
2022-03-17,60.6960,60.7080,57.8400,58.7420,8120000,FTNT,61.1899,60.3025,61.1902,61.6992,63.9869,61.8861,60.2040,58.8796
2022-03-18,63.9940,64.2320,60.0600,60.5980,13095000,FTNT,61.2842,60.6541,61.2561,61.7892,63.9630,61.9278,60.3086,58.9305
2022-03-21,62.9060,63.7720,61.1620,63.0680,7950500,FTNT,61.3810,60.8686,61.2582,61.8330,63.9468,61.9472,60.4014,58.9701
2022-03-22,65.1380,65.3560,62.4000,62.6440,6457500,FTNT,61.6639,61.2752,61.3024,61.9626,63.9570,62.0104,60.5035,59.0315
2022-03-23,64.2860,65.9100,63.6340,64.7500,3931500,FTNT,62.0331,61.5619,61.2892,62.0537,63.9451,62.0555,60.5976,59.0837
2022-03-24,67.1420,67.2700,63.6660,64.5040,4998500,FTNT,62.2257,62.0934,61.3378,62.2533,63.9438,62.1562,60.7078,59.1639
2022-03-25,66.5460,67.2300,64.4060,66.6000,4292500,FTNT,62.3033,62.5174,61.3856,62.4216,63.9611,62.2431,60.8116,59.2374
2022-03-28,67.7060,68.2460,65.9220,66.6000,3872000,FTNT,62.2434,63.0116,61.5082,62.6288,63.9813,62.3513,60.9212,59.3216
2022-03-29,69.4960,69.7180,67.2720,68.9120,6421000,FTNT,62.3399,63.6291,61.6480,62.8981,64.0164,62.4928,61.0372,59.4229
2022-03-30,68.3860,70.1600,68.0020,69.0000,3578000,FTNT,62.3111,64.0822,61.7818,63.1133,64.0235,62.6095,61.1490,59.5121
2022-03-31,68.3480,70.5960,68.2520,68.2520,6092500,FTNT,62.3650,64.4884,61.9201,63.3186,64.0246,62.7231,61.2605,59.6000
2022-04-01,67.8020,69.0200,67.2040,68.2020,3621500,FTNT,62.4005,64.8040,62.0562,63.4944,64.0002,62.8237,61.3625,59.6816
2022-04-04,69.3380,69.5260,68.0700,68.4960,3355000,FTNT,62.9537,65.2358,62.2884,63.7236,63.9955,62.9527,61.4756,59.7777
2022-04-05,68.3780,69.3960,67.7300,69.2480,4341500,FTNT,63.6043,65.5351,62.4944,63.9061,64.0129,63.0601,61.5795,59.8633
2022-04-06,66.4140,67.5580,65.7040,67.0620,4918500,FTNT,64.0507,65.6188,62.7309,64.0045,64.0033,63.1265,61.6697,59.9284
2022-04-07,67.6240,68.9040,66.2540,66.2540,5227500,FTNT,64.5643,65.8098,62.9988,64.1464,63.9952,63.2156,61.7678,60.0050
2022-04-08,67.1660,68.3420,66.7800,67.0240,3617500,FTNT,65.1313,65.9389,63.2632,64.2648,63.9966,63.2938,61.8636,60.0763
2022-04-11,65.6140,66.7680,64.9300,66.1380,4485000,FTNT,65.6576,65.9080,63.4469,64.3177,63.9707,63.3397,61.9497,60.1314
2022-04-12,66.0200,68.3440,65.4900,67.0620,3894000,FTNT,66.1254,65.9187,63.5783,64.3845,63.9482,63.3928,62.0327,60.1900
2022-04-13,68.1720,68.5400,66.1040,66.3980,3954500,FTNT,66.5586,66.1333,63.7330,64.5330,63.9429,63.4874,62.1303,60.2694
2022-04-14,66.3520,68.6780,66.2100,68.5700,3645000,FTNT,66.8414,66.1541,63.8206,64.6044,63.9214,63.5442,62.2239,60.3299
2022-04-18,66.0840,66.8440,64.6500,65.8860,3188000,FTNT,66.9459,66.1474,63.9542,64.6624,63.9207,63.5945,62.3120,60.3872
2022-04-19,67.0380,67.2320,65.0920,65.8740,3805000,FTNT,67.1525,66.2322,64.0377,64.7555,63.9361,63.6627,62.3991,60.4533
2022-04-20,68.1160,69.7300,67.3460,67.6000,5339000,FTNT,67.3014,66.4116,64.1711,64.8873,63.9508,63.7508,62.4886,60.5296
2022-04-21,64.2520,71.5160,64.0860,68.9160,6071000,FTNT,67.2997,66.2060,64.1967,64.8624,63.9385,63.7608,62.5565,60.5666
2022-04-22,60.8580,64.7680,60.7280,64.1800,5262000,FTNT,66.9855,65.6966,64.0945,64.7054,63.8605,63.7033,62.6079,60.5695
2022-04-25,64.6980,64.8620,60.2020,60.4260,6626000,FTNT,66.8931,65.6015,64.0870,64.7051,63.8432,63.7230,62.6745,60.6106
2022-04-26,61.3000,64.2880,61.2880,63.8660,4976500,FTNT,66.5728,65.1919,64.0720,64.5716,63.8457,63.6750,62.7252,60.6175
2022-04-27,60.0640,63.1480,59.9280,61.3160,5187000,FTNT,66.1012,64.7035,64.0318,64.3948,63.8201,63.6035,62.7685,60.6120
2022-04-28,61.7300,62.3780,59.3340,60.8480,5961500,FTNT,65.7684,64.4203,63.9768,64.2903,63.8318,63.5664,62.8213,60.6231
2022-04-29,57.8020,61.9760,57.5280,61.2440,6013000,FTNT,65.2411,63.7900,63.8514,64.0358,63.8257,63.4522,62.8540,60.5950
2022-05-02,58.4040,58.8980,56.7060,57.7120,6456000,FTNT,64.7712,63.2770,63.7773,63.8150,63.7753,63.3523,62.8876,60.5732
2022-05-03,57.3060,58.8000,56.7260,58.4040,5069500,FTNT,64.1696,62.7084,63.7040,63.5597,63.7035,63.2326,62.9175,60.5407
2022-05-04,57.4740,57.6980,53.5520,56.8380,11359000,FTNT,63.6244,62.2099,63.6639,63.3211,63.6454,63.1185,62.9411,60.5102
2022-05-05,56.9040,61.2780,55.1600,60.6000,13191000,FTNT,63.1489,61.7045,63.6639,63.0694,63.5492,62.9955,62.9609,60.4743
2022-05-06,53.2740,55.9000,52.6520,55.8240,7995000,FTNT,62.4314,60.9016,63.4636,62.6853,63.4187,62.8030,62.9565,60.4027
2022-05-09,49.0440,52.3800,48.7260,51.9520,10737000,FTNT,61.5253,59.7723,63.1446,62.1503,63.2775,62.5305,62.9261,60.2896
2022-05-10,52.3580,53.4600,49.1040,51.7560,13170000,FTNT,60.8625,59.0662,62.8137,61.7663,63.1276,62.3291,62.9155,60.2107
2022-05-11,52.1920,55.7480,51.8760,52.3200,15667500,FTNT,60.1711,58.4115,62.5062,61.3909,63.0036,62.1283,62.9053,60.1309
2022-05-12,53.3320,55.4800,50.8000,51.4000,10798000,FTNT,59.4291,57.9278,62.1936,61.0748,62.8693,61.9542,62.9003,60.0633
2022-05-13,56.3100,56.6980,54.4680,54.5120,8673500,FTNT,58.9270,57.7737,61.9744,60.8880,62.7713,61.8424,62.9076,60.0259
2022-05-16,55.1140,57.4760,54.9560,55.8600,6360500,FTNT,58.3785,57.5204,61.7348,60.6615,62.6440,61.7092,62.9110,59.9771
2022-05-17,56.5620,57.4000,55.0340,56.6860,7720500,FTNT,57.8547,57.4291,61.7006,60.5008,62.5133,61.6072,62.9092,59.9431
2022-05-18,54.1160,56.6560,53.6860,55.3160,11199000,FTNT,57.1547,57.1136,61.6756,60.2504,62.3564,61.4589,62.8820,59.8851
2022-05-19,55.0320,56.3220,53.1440,53.5180,8350500,FTNT,56.6937,56.9153,61.6265,60.0457,62.1714,61.3316,62.8531,59.8368
2022-05-20,57.0560,57.8000,54.2460,57.2600,11468000,FTNT,56.5036,56.9287,61.6206,59.9285,62.0099,61.2470,62.8384,59.8091
2022-05-23,57.2740,58.5060,56.7180,57.2900,7018000,FTNT,56.1324,56.9616,61.6496,59.8244,61.8492,61.1683,62.8211,59.7839
2022-05-24,57.1680,61.9200,55.3140,56.4080,8979500,FTNT,55.9258,56.9813,61.6912,59.7202,61.7013,61.0891,62.8058,59.7579
2022-05-25,57.4640,58.1440,56.0360,56.1900,6623500,FTNT,55.7958,57.0272,61.7072,59.6318,61.5572,61.0173,62.7927,59.7351
2022-05-26,58.8600,59.4280,56.9160,57.5380,6211000,FTNT,55.6523,57.2018,61.6942,59.6015,61.4795,60.9746,62.7883,59.7263
2022-05-27,59.5740,59.9280,58.4560,59.4300,9173000,FTNT,55.7409,57.4277,61.6718,59.6004,61.4310,60.9468,62.7806,59.7248
2022-05-31,58.8280,59.6320,57.8140,59.4540,9866000,FTNT,55.7621,57.5611,61.5684,59.5701,61.4123,60.9049,62.7654,59.7159
2022-06-01,57.8120,59.8500,57.4440,59.2520,5257000,FTNT,55.7874,57.5850,61.4666,59.5012,61.3624,60.8436,62.7520,59.6970
2022-06-02,60.6440,61.0660,57.6420,57.9120,5513000,FTNT,55.9459,57.8763,61.3767,59.5460,61.3395,60.8397,62.7566,59.7064
2022-06-03,59.3280,59.9280,58.3960,59.6240,4924500,FTNT,56.0671,58.0146,61.2775,59.5374,61.2834,60.8097,62.7605,59.7026
2022-06-06,59.3940,60.2980,59.0320,60.1840,3275500,FTNT,56.3731,58.1459,61.1226,59.5318,61.2302,60.7817,62.7617,59.6995
2022-06-07,61.0760,61.2960,58.5480,58.7440,4148000,FTNT,56.9747,58.4250,61.0132,59.5924,61.1994,60.7875,62.7691,59.7132
2022-06-08,60.1060,61.4160,60.0420,60.8200,3418500,FTNT,57.3621,58.5851,60.8612,59.6125,61.1847,60.7740,62.7621,59.7172
2022-06-09,60.7000,62.4060,59.5340,60.5120,5970000,FTNT,57.7875,58.7865,60.6852,59.6552,61.1666,60.7726,62.7658,59.7269
2022-06-10,57.6620,59.9420,57.3640,59.5920,6866000,FTNT,58.0040,58.6794,60.4708,59.5770,61.1263,60.7110,62.7481,59.7064
2022-06-13,53.2980,55.8300,53.0100,55.5980,6939000,FTNT,57.8534,58.1669,60.1698,59.3308,61.0449,60.5642,62.7044,59.6426
2022-06-14,53.8460,54.3060,53.0240,53.7480,4913500,FTNT,57.7900,57.7554,59.8906,59.1157,60.9734,60.4312,62.6576,59.5849
2022-06-15,55.5040,56.5880,54.1380,54.4900,5361000,FTNT,57.7371,57.5410,59.6140,58.9740,60.9512,60.3336,62.6157,59.5443
2022-06-16,52.7460,54.5540,52.3360,54.0880,5731000,FTNT,57.6686,57.0843,59.3013,58.7298,60.8979,60.1833,62.5643,59.4767
2022-06-17,53.7980,54.2980,52.6000,52.6240,11750500,FTNT,57.6069,56.7713,59.0490,58.5364,60.8900,60.0569,62.5248,59.4202
2022-06-21,56.2020,57.0000,55.0940,55.1800,5768500,FTNT,57.5642,56.7171,58.8206,58.4449,60.9097,59.9806,62.4920,59.3882
2022-06-22,55.6880,56.9120,55.1000,55.1980,4096500,FTNT,57.4849,56.6191,58.5910,58.3367,60.9271,59.8956,62.4502,59.3513
2022-06-23,56.8000,57.3600,55.1900,56.2000,4602300,FTNT,57.4665,56.6363,58.4147,58.2765,60.9308,59.8343,62.4201,59.3260
2022-06-24,59.1300,59.3800,56.3800,57.5100,7996900,FTNT,57.5498,56.8738,58.2769,58.3099,60.9276,59.8203,62.4066,59.3240
2022-06-27,58.8500,60.3900,57.5800,58.9700,3179500,FTNT,57.5493,57.0620,58.0905,58.3311,60.9118,59.8011,62.3901,59.3193
2022-06-28,57.2900,60.5900,57.0600,59.6100,4750500,FTNT,57.4351,57.0837,57.9092,58.2903,60.8649,59.7514,62.3660,59.2991
2022-06-29,57.1700,57.9500,56.4500,57.2500,3357600,FTNT,57.3522,57.0919,57.7310,58.2464,60.8426,59.7003,62.3550,59.2779
2022-06-30,56.5800,57.3600,55.8500,56.7500,4280000,FTNT,57.2906,57.0432,57.5218,58.1810,60.7797,59.6385,62.3373,59.2511
2022-07-01,57.3700,57.6300,55.7800,56.4000,2661700,FTNT,57.1269,57.0743,57.3069,58.1492,60.7390,59.5936,62.3226,59.2324
2022-07-05,59.0000,59.2000,56.0400,56.1300,3437600,FTNT,57.1105,57.2577,57.2018,58.1826,60.6993,59.5818,62.3136,59.2300
2022-07-06,59.8700,60.6000,59.0900,59.5200,4152500,FTNT,57.1343,57.5065,57.1821,58.2488,60.6383,59.5875,62.3134,59.2364
2022-07-07,61.6200,61.9200,59.8100,60.2500,5456500,FTNT,57.1615,57.8983,57.1205,58.3810,60.6038,59.6278,62.3244,59.2601
2022-07-08,62.7000,63.1100,60.5900,61.2600,3691500,FTNT,57.2912,58.3556,57.1485,58.5503,60.6102,59.6886,62.3383,59.2944
2022-07-11,62.2800,62.6400,61.3600,62.2300,3544000,FTNT,57.3702,58.7293,57.1928,58.6966,60.6123,59.7399,62.3481,59.3241
2022-07-12,59.6200,63.5600,59.1400,63.0000,5614700,FTNT,57.4681,58.8142,57.1506,58.7328,60.5637,59.7375,62.3357,59.3270
2022-07-13,58.9100,59.9100,57.4400,58.1000,3750900,FTNT,57.7487,58.8233,57.1728,58.7398,60.5121,59.7211,62.3183,59.3229
2022-07-14,57.6400,58.3200,55.5700,58.2900,4630600,FTNT,57.9384,58.7106,57.1575,58.6966,60.4674,59.6799,62.3060,59.3061
2022-07-15,60.2200,60.5800,58.0800,58.0800,4738200,FTNT,58.1742,58.8543,57.2158,58.7564,60.4599,59.6906,62.3192,59.3152
2022-07-18,58.0000,60.9000,57.7800,60.4300,4819300,FTNT,58.4369,58.7730,57.2263,58.7267,60.4451,59.6571,62.3203,59.3021
2022-07-19,59.2000,59.5900,58.3400,59.3200,7184900,FTNT,58.7070,58.8136,57.2722,58.7453,60.4681,59.6481,62.3243,59.3011
2022-07-20,59.6400,60.6300,58.8400,59.5300,5244700,FTNT,58.8789,58.8923,57.3996,58.7804,60.4316,59.6479,62.3245,59.3045
2022-07-21,61.8600,61.9300,59.0200,59.9700,3901200,FTNT,59.1875,59.1750,57.6559,58.9011,60.4002,59.6917,62.3449,59.3299
2022-07-22,61.2300,63.4000,60.9100,62.3200,2397600,FTNT,59.4090,59.3707,57.8333,58.9925,60.3235,59.7222,62.3526,59.3488
2022-07-25,61.0000,61.2400,59.9500,61.1800,3182800,FTNT,59.5025,59.5259,58.0095,59.0712,60.2578,59.7475,62.3558,59.3652
2022-07-26,56.2600,61.2100,55.2100,61.2100,6507200,FTNT,59.3730,59.2148,58.0680,58.9609,60.1308,59.6784,62.3275,59.3343
2022-07-27,57.9300,58.5400,56.3500,57.3100,4262400,FTNT,59.4050,59.0925,58.1004,58.9205,60.0374,59.6438,62.3099,59.3204
2022-07-28,59.4000,59.6300,57.3500,58.2600,3886300,FTNT,59.5165,59.1218,58.1862,58.9393,59.9605,59.6390,62.3001,59.3212
2022-07-29,59.6500,59.9300,58.5300,59.4600,4806100,FTNT,59.6700,59.1721,58.2479,58.9672,59.9743,59.6392,62.2918,59.3244
2022-08-01,60.0600,60.9500,58.5800,59.0300,3960200,FTNT,59.8045,59.2566,58.3668,59.0100,60.0212,59.6475,62.2820,59.3318
2022-08-02,60.3700,61.0300,59.4000,59.5500,4032500,FTNT,59.8730,59.3627,58.4736,59.0634,60.0500,59.6618,62.2700,59.3421
2022-08-03,62.8800,63.1600,60.8300,61.1900,6500500,FTNT,60.0235,59.6977,58.5900,59.2130,60.1053,59.7256,62.2692,59.3773
2022-08-04,52.6100,56.9600,52.0000,56.8300,19687500,FTNT,59.5730,59.0226,58.4968,58.9541,60.0732,59.5847,62.2055,59.3100
2022-08-05,53.3900,53.4500,51.2400,52.0000,11779800,FTNT,59.1075,58.4862,58.4212,58.7359,60.0562,59.4620,62.1403,59.2510
2022-08-08,53.3200,54.3700,53.1700,53.5200,6171000,FTNT,58.6595,57.9942,58.3383,58.5235,60.0227,59.3404,62.0734,59.1920
2022-08-09,52.1900,53.3600,51.9000,52.9100,4391000,FTNT,58.2880,57.4414,58.2049,58.2751,59.9496,59.1988,62.0001,59.1224
2022-08-10,53.8900,54.3200,53.3400,54.0400,6173500,FTNT,58.0370,57.1032,58.0912,58.1032,59.8815,59.0937,61.9342,59.0703
2022-08-11,52.5200,54.8700,52.4100,54.2900,5496400,FTNT,57.7810,56.6667,57.9651,57.8842,59.7668,58.9635,61.8649,59.0051
2022-08-12,54.2900,54.4100,52.7900,53.0700,5007700,FTNT,57.4845,56.4403,57.8946,57.7433,59.6806,58.8710,61.8137,58.9582
2022-08-15,54.0800,54.5300,53.7600,53.9000,3109700,FTNT,57.2885,56.2155,57.7634,57.5996,59.5700,58.7761,61.7635,58.9097
2022-08-16,52.9400,54.2700,52.3200,53.8400,4902300,FTNT,56.9755,55.9036,57.6356,57.4169,59.4566,58.6605,61.7008,58.8503
2022-08-17,51.9300,52.6400,51.6300,52.3300,4814200,FTNT,56.5900,55.5251,57.4863,57.2017,59.3044,58.5272,61.6241,58.7814
2022-08-18,52.2700,52.5600,51.8200,52.0700,3793700,FTNT,56.1105,55.2151,57.3102,57.0083,59.1617,58.4033,61.5614,58.7166
2022-08-19,51.2900,52.1600,51.0700,51.8700,4369400,FTNT,55.6135,54.8413,57.1339,56.7841,58.9975,58.2625,61.4894,58.6427
2022-08-22,50.3200,50.7900,49.7100,50.2800,6160800,FTNT,55.0795,54.4107,56.9263,56.5306,58.8058,58.1052,61.4111,58.5599
2022-08-23,50.5900,52.3200,50.5100,50.9100,6809900,FTNT,54.7960,54.0468,56.7848,56.2976,58.6278,57.9564,61.3256,58.4806
2022-08-24,50.1600,50.9000,49.9800,50.7400,3366000,FTNT,54.4075,53.6767,56.7221,56.0569,58.4459,57.8020,61.2352,58.3978
2022-08-25,50.8700,50.9700,50.1800,50.6700,4258900,FTNT,53.9810,53.4094,56.6626,55.8535,58.2766,57.6647,61.1384,58.3229
2022-08-26,49.5700,51.2200,49.4200,51.2200,7008600,FTNT,53.4770,53.0437,56.5439,55.6071,58.0789,57.5044,61.0372,58.2358
2022-08-29,48.6900,49.4900,48.5700,49.3500,5837100,FTNT,52.9085,52.6291,56.4628,55.3358,57.8820,57.3299,60.9475,58.1408
2022-08-30,49.0400,49.3600,48.3100,49.1900,6129900,FTNT,52.3420,52.2872,56.3676,55.0889,57.7083,57.1657,60.8558,58.0503
2022-08-31,48.6900,50.1800,48.4900,49.4500,5860000,FTNT,51.6325,51.9447,56.2174,54.8380,57.5190,56.9979,60.7571,57.9571
2022-09-01,48.5500,48.6000,47.3700,48.0400,5723800,FTNT,51.4295,51.6214,56.0746,54.5914,57.3328,56.8306,60.6647,57.8635
2022-09-02,48.6000,49.5500,48.3400,49.0800,6405100,FTNT,51.1900,51.3336,55.9106,54.3565,57.1627,56.6676,60.5667,57.7714
2022-09-06,49.6500,49.9400,48.0300,48.6800,7441800,FTNT,51.0065,51.1733,55.7210,54.1719,56.9990,56.5287,60.4736,57.6906
2022-09-07,50.4500,50.6400,49.2900,49.8800,5120600,FTNT,50.9195,51.1044,55.5530,54.0259,56.8217,56.4083,60.3823,57.6185
2022-09-08,51.7100,51.8400,49.9800,50.2100,4492200,FTNT,50.8105,51.1621,55.4414,53.9351,56.6753,56.3153,60.2984,57.5597
2022-09-09,53.5900,53.6900,52.0800,52.0800,5488200,FTNT,50.8640,51.3933,55.3698,53.9216,56.5504,56.2613,60.2355,57.5202
2022-09-12,55.8400,55.9400,53.7500,53.7800,7382400,FTNT,50.9415,51.8168,55.3550,53.9968,56.4384,56.2530,60.1872,57.5035
2022-09-13,51.8700,53.6200,51.8000,53.2300,7693700,FTNT,50.8310,51.8219,55.2450,53.9134,56.2759,56.1662,60.1133,57.4474
2022-09-14,51.9400,52.3200,51.0500,52.2500,4542200,FTNT,50.7810,51.8331,55.1038,53.8360,56.1528,56.0825,60.0457,57.3926
2022-09-15,50.8200,52.4800,50.5400,51.9200,6011900,FTNT,50.7255,51.7366,54.9228,53.7177,56.0524,55.9783,59.9565,57.3272
2022-09-16,50.4200,50.6400,49.6000,50.1900,10405500,FTNT,50.6330,51.6112,54.6988,53.5884,55.9097,55.8682,59.8764,57.2585
2022-09-19,50.7400,50.8400,49.6100,49.6100,3593400,FTNT,50.6055,51.5283,54.4596,53.4767,55.8041,55.7667,59.8249,57.1937
2022-09-20,50.7700,51.1000,50.1700,50.3300,3590100,FTNT,50.6280,51.4560,54.2294,53.3706,55.7111,55.6677,59.7656,57.1297
2022-09-21,49.8000,51.8000,49.7600,51.1100,4367600,FTNT,50.5885,51.2983,54.0330,53.2305,55.5918,55.5515,59.7118,57.0568
2022-09-22,48.7400,50.1700,48.6400,49.5100,4057600,FTNT,50.5175,51.0547,53.8296,53.0544,55.5012,55.4166,59.6635,56.9740
2022-09-23,48.5900,48.9200,47.9500,48.5000,4248100,FTNT,50.4035,50.8199,53.6486,52.8794,55.4031,55.2815,59.5892,56.8906
2022-09-26,48.2900,49.5400,48.2100,48.7700,3514600,FTNT,50.3395,50.5790,53.4100,52.6994,55.3129,55.1430,59.5082,56.8050
2022-09-27,48.5000,49.7400,47.8700,49.0100,4214800,FTNT,50.3300,50.3810,53.2200,52.5347,55.2232,55.0115,59.4343,56.7224
2022-09-28,49.9700,50.2300,48.4000,48.9400,3878500,FTNT,50.3765,50.3419,53.0354,52.4341,55.1538,54.9116,59.3515,56.6552
2022-09-29,49.6300,49.8600,48.4900,49.5000,3470000,FTNT,50.4235,50.2741,52.8352,52.3242,55.1174,54.8071,59.2680,56.5853
2022-09-30,49.1300,50.5900,49.0600,49.5900,4727200,FTNT,50.4525,50.1651,52.5806,52.1989,55.1182,54.6946,59.1979,56.5111
2022-10-03,50.9600,51.3900,49.3300,49.5800,5040400,FTNT,50.5705,50.2408,52.3752,52.1503,55.1043,54.6207,59.1159,56.4559
2022-10-04,52.6800,53.0800,52.1100,52.2700,3892400,FTNT,50.7220,50.4731,52.2088,52.1711,55.1091,54.5823,59.0564,56.4183
2022-10-05,53.5900,53.8500,51.6900,51.7000,3368100,FTNT,50.8790,50.7700,52.1554,52.2267,55.1117,54.5626,58.9905,56.3902
2022-10-06,53.7400,54.7500,53.5600,53.7900,4983300,FTNT,50.9805,51.0528,52.0716,52.2861,55.0860,54.5463,58.9287,56.3638
2022-10-07,51.4700,53.1600,50.9500,52.6800,5489900,FTNT,50.8745,51.0925,51.9130,52.2541,55.0496,54.4854,58.8468,56.3151
2022-10-10,51.2300,53.8400,50.8300,53.3100,6975000,FTNT,50.6440,51.1056,51.7446,52.2139,54.9963,54.4209,58.7548,56.2645
2022-10-11,48.5800,51.0600,48.2900,50.8100,6377600,FTNT,50.4795,50.8651,51.5150,52.0714,54.9409,54.3053,58.6486,56.1881
2022-10-12,48.2100,48.9500,47.4000,48.8100,4970400,FTNT,50.2930,50.6122,51.2718,51.9200,54.8727,54.1846,58.5220,56.1087
2022-10-13,49.2000,49.6300,45.7400,46.4600,5114200,FTNT,50.2120,50.4777,50.9982,51.8133,54.7941,54.0859,58.4020,56.0399
2022-10-14,48.1300,50.2700,48.0700,50.0600,4751700,FTNT,50.0975,50.2541,50.9086,51.6689,54.7027,53.9679,58.2759,55.9612
2022-10-17,50.4600,50.7400,49.6700,49.6700,5594600,FTNT,50.0835,50.2737,50.8500,51.6215,54.6356,53.8985,58.1685,55.9065
2022-10-18,51.5600,52.7500,50.6600,52.1900,5122000,FTNT,50.1230,50.3962,50.8148,51.6191,54.5766,53.8522,58.0669,55.8632
2022-10-19,51.7900,52.7400,51.0900,51.1700,4373800,FTNT,50.2225,50.5290,50.8068,51.6258,54.5059,53.8113,57.9927,55.8227
2022-10-20,51.5900,53.1300,51.3000,52.0200,4433500,FTNT,50.3650,50.6300,50.7608,51.6244,54.4260,53.7673,57.9285,55.7806
2022-10-21,53.7500,53.8700,50.9400,51.7200,5512200,FTNT,50.6230,50.9272,50.7854,51.7077,54.3752,53.7670,57.8938,55.7604
2022-10-24,54.9000,55.5000,52.8300,54.3400,5905900,FTNT,50.9535,51.3055,50.7976,51.8329,54.3461,53.7894,57.8543,55.7518
2022-10-25,55.9200,56.7500,54.9800,54.9800,5524300,FTNT,51.3245,51.7450,50.8344,51.9932,54.2989,53.8316,57.8192,55.7535
2022-10-26,55.4900,57.2500,54.8000,55.0900,5972700,FTNT,51.6005,52.1017,50.8854,52.1303,54.2605,53.8645,57.7719,55.7509
2022-10-27,56.0100,57.0000,55.5100,56.2000,4246200,FTNT,51.9195,52.4739,50.9670,52.2825,54.2267,53.9069,57.7284,55.7535
2022-10-28,57.1000,57.1600,55.2700,56.3600,3795400,FTNT,52.3180,52.9145,51.0636,52.4714,54.1869,53.9702,57.6931,55.7669
2022-10-31,57.1600,57.3400,55.9000,56.3900,5405900,FTNT,52.6280,53.3188,51.1810,52.6552,54.1574,54.0333,57.6711,55.7807
2022-11-01,56.4200,58.2900,56.3900,57.8600,4765900,FTNT,52.8150,53.6142,51.3030,52.8029,54.1146,54.0806,57.6406,55.7871
2022-11-02,53.2300,56.3300,53.0900,56.2000,9976900,FTNT,52.7970,53.5776,51.3558,52.8196,54.0703,54.0638,57.5983,55.7616
2022-11-03,45.9300,47.3400,42.6100,45.5500,16959800,FTNT,52.4065,52.8492,51.2712,52.5495,53.9966,53.9027,57.5208,55.6638
2022-11-04,47.1000,47.3100,45.1500,46.2100,9579800,FTNT,52.1880,52.3017,51.1958,52.3358,53.9292,53.7680,57.4513,55.5786
2022-11-07,47.8600,48.2700,45.9400,47.2200,6168100,FTNT,52.0195,51.8787,51.1616,52.1602,53.8527,53.6510,57.4020,55.5018
2022-11-08,50.6000,51.2400,48.1500,48.5100,7081000,FTNT,52.1205,51.7569,51.1998,52.0990,53.8313,53.5906,57.3646,55.4530
2022-11-09,49.8800,50.5200,49.5900,50.2500,4717300,FTNT,52.2040,51.5781,51.2166,52.0120,53.7921,53.5171,57.3410,55.3976
2022-11-10,54.3900,54.7400,52.7800,53.2700,7428200,FTNT,52.4635,51.8459,51.3306,52.1053,53.7740,53.5344,57.3418,55.3875
2022-11-11,56.1300,56.2300,53.7600,54.0000,6267100,FTNT,52.8635,52.2539,51.4822,52.2631,53.7784,53.5858,57.3528,55.3949
2022-11-14,55.5200,56.9100,54.8000,55.7000,5687800,FTNT,53.1165,52.5650,51.6206,52.3908,53.7656,53.6241,57.3482,55.3962
2022-11-15,56.2000,57.3900,55.6600,56.9000,4498100,FTNT,53.3485,52.9112,51.7516,52.5402,53.7363,53.6751,57.3320,55.4042
2022-11-16,54.6900,55.9800,54.5100,55.6800,4280700,FTNT,53.4935,53.0806,51.8364,52.6245,53.6947,53.6952,57.3032,55.3971
2022-11-17,54.1400,54.5400,52.6800,53.4600,5429300,FTNT,53.6210,53.1815,51.8850,52.6839,53.6632,53.7040,57.2640,55.3846
2022-11-18,52.1500,55.8000,51.2600,55.8000,6357000,FTNT,53.5410,53.0833,51.8562,52.6630,53.6130,53.6732,57.2278,55.3524
2022-11-21,52.3200,52.5900,51.4000,51.5600,3731600,FTNT,53.4120,53.0106,51.7858,52.6496,53.5704,53.6464,57.1751,55.3222
2022-11-22,52.2800,52.8500,51.2200,52.7800,4935600,FTNT,53.2300,52.9410,51.7940,52.6351,53.5195,53.6194,57.1292,55.2919
2022-11-23,53.3500,53.5800,51.8400,52.2500,2997200,FTNT,53.1230,52.9799,51.8222,52.6631,53.4630,53.6140,57.0811,55.2726
2022-11-25,52.9100,53.4800,52.8700,53.0800,2117800,FTNT,52.9680,52.9733,51.8640,52.6728,53.3934,53.6001,57.0158,55.2491
2022-11-28,52.0800,53.2400,51.8900,52.9700,3905800,FTNT,52.7170,52.8882,51.8972,52.6495,53.2980,53.5700,56.9509,55.2176
2022-11-29,51.5900,52.3000,50.8400,52.2500,5729100,FTNT,52.4385,52.7646,51.9142,52.6080,53.1869,53.5308,56.8986,55.1815
2022-11-30,53.1600,53.1900,50.4800,51.2300,11465700,FTNT,52.2755,52.8022,51.9620,52.6296,53.0957,53.5234,56.8540,55.1614
2022-12-01,55.3800,55.5500,53.3500,53.6300,4410200,FTNT,52.3830,53.0477,52.0736,52.7375,53.0533,53.5602,56.8085,55.1635
2022-12-02,53.6100,54.3600,52.9600,54.1100,4685400,FTNT,52.7670,53.1013,52.1710,52.7717,53.0003,53.5612,56.7562,55.1481
2022-12-05,51.6700,52.8300,51.1400,52.7200,3644100,FTNT,52.9955,52.9650,52.2326,52.7285,52.9406,53.5237,56.7040,55.1135
2022-12-06,50.8500,51.8900,50.6300,51.7700,3714300,FTNT,53.1450,52.7635,52.2838,52.6548,52.8469,53.4708,56.6534,55.0710
2022-12-07,51.6000,51.7700,50.3700,50.7400,3172400,FTNT,53.1950,52.6527,52.3458,52.6135,52.7829,53.4338,56.6140,55.0365
2022-12-08,52.9100,53.3900,51.1700,51.9200,4109000,FTNT,53.3465,52.6772,52.4046,52.6251,52.7200,53.4234,56.5940,55.0153
2022-12-09,52.1300,52.9500,51.8800,52.7800,3784700,FTNT,53.2335,52.6251,52.4546,52.6057,52.6449,53.3978,56.5382,54.9866
2022-12-12,53.6400,54.0600,52.3000,52.4600,3808500,FTNT,53.1090,52.7218,52.5448,52.6462,52.5627,53.4026,56.4815,54.9732
2022-12-13,54.7100,56.7100,53.8100,56.6500,4640600,FTNT,53.0685,52.9111,52.6198,52.7272,52.4975,53.4285,56.4105,54.9706
2022-12-14,54.2700,55.8000,53.6800,55.0100,3709400,FTNT,52.9720,53.0405,52.6516,52.7877,52.4302,53.4451,56.3440,54.9636
2022-12-15,52.1700,54.0000,52.0100,53.5400,4501600,FTNT,52.8460,52.9576,52.6232,52.7635,52.3893,53.4199,56.2601,54.9358
2022-12-16,51.9200,52.5000,51.3700,51.5400,14845300,FTNT,52.7350,52.8588,52.5868,52.7304,52.3292,53.3902,56.1833,54.9058
2022-12-19,49.9800,51.7400,49.6700,51.7400,4871600,FTNT,52.6265,52.5846,52.5570,52.6225,52.2350,53.3226,56.0977,54.8568
2022-12-20,50.4700,50.7300,49.2600,49.5200,4342100,FTNT,52.5340,52.3832,52.5418,52.5381,52.1432,53.2662,56.0587,54.8132
2022-12-21,50.0100,50.3000,47.0400,50.3000,6803100,FTNT,52.4205,52.1572,52.5704,52.4390,52.0427,53.2017,56.0319,54.7654
2022-12-22,49.1500,49.9900,48.4500,49.6400,4906400,FTNT,52.2105,51.8708,52.5892,52.3100,51.9305,53.1214,55.9903,54.7095
2022-12-23,48.7300,49.2200,48.2900,48.9700,2958800,FTNT,52.0015,51.5717,52.5798,52.1696,51.7890,53.0345,55.9472,54.6500
2022-12-27,48.5500,49.2300,47.9000,48.4400,2804500,FTNT,51.8250,51.2839,52.5882,52.0277,51.7484,52.9457,55.9108,54.5893
2022-12-28,47.8600,49.0300,47.8000,48.5000,2633100,FTNT,51.6385,50.9578,52.5362,51.8642,51.6931,52.8450,55.8746,54.5224
2022-12-29,49.2100,49.3700,48.0000,48.1000,2668100,FTNT,51.4410,50.7914,52.4892,51.7601,51.6520,52.7730,55.8374,54.4695
2022-12-30,48.8900,48.9200,48.1500,48.5500,2338900,FTNT,51.1165,50.6103,52.4312,51.6476,51.6190,52.6961,55.7843,54.4140
2023-01-03,48.5200,50.2500,48.0200,49.5300,4647500,FTNT,50.8620,50.4112,52.3698,51.5249,51.5653,52.6134,55.7234,54.3553
2023-01-04,48.3000,49.4700,47.9600,49.0200,4674800,FTNT,50.6935,50.2101,52.2608,51.3985,51.5231,52.5280,55.6449,54.2951
2023-01-05,47.4500,48.1800,46.5500,47.7700,6585100,FTNT,50.5235,49.9473,52.1118,51.2436,51.4547,52.4274,55.5676,54.2270
2023-01-06,48.6900,48.8600,47.0800,48.3200,5223700,FTNT,50.3780,49.8275,51.9672,51.1435,51.4008,52.3534,55.4854,54.1719
2023-01-09,49.4100,50.6700,49.3000,49.4100,4539700,FTNT,50.2030,49.7878,51.8456,51.0755,51.3655,52.2952,55.4110,54.1245
2023-01-10,48.4200,50.1500,48.1000,49.1200,5314100,FTNT,50.0175,49.6575,51.6938,50.9714,51.3304,52.2184,55.3174,54.0677
2023-01-11,48.8000,49.0600,48.1500,48.8400,4111100,FTNT,49.7755,49.5758,51.5278,50.8862,51.2957,52.1507,55.2287,54.0153
2023-01-12,48.4000,48.6400,47.1900,48.1300,4932500,FTNT,49.4600,49.4639,51.3526,50.7887,51.2668,52.0765,55.1322,53.9594
2023-01-13,48.8700,49.0400,45.8800,46.2500,6281700,FTNT,49.1900,49.4073,51.2016,50.7135,51.2523,52.0130,55.0290,53.9088
2023-01-17,50.1000,50.4500,48.4300,48.7600,5436600,FTNT,49.0865,49.4733,51.1390,50.6894,51.2474,51.9751,54.9376,53.8709
2023-01-18,48.3800,51.5200,48.3100,50.6800,4894800,FTNT,48.9095,49.3691,51.1880,50.5988,51.2296,51.9039,54.8378,53.8163
2023-01-19,48.4200,49.0200,47.7800,48.1100,4631900,FTNT,48.8315,49.2788,51.2144,50.5134,51.2051,51.8349,54.7408,53.7626
2023-01-20,49.2700,49.3600,48.5000,48.5500,5372900,FTNT,48.7715,49.2779,51.2426,50.4646,51.2021,51.7841,54.6405,53.7179
2023-01-23,50.5100,50.5500,48.8900,49.2700,5771300,FTNT,48.7965,49.3953,51.2408,50.4664,51.2203,51.7589,54.5512,53.6860
2023-01-24,51.0900,51.4500,50.1000,50.4700,4698000,FTNT,48.8935,49.5567,51.2650,50.4909,51.2408,51.7456,54.4745,53.6601
2023-01-25,51.7600,51.9100,49.4300,50.2100,5872700,FTNT,49.0450,49.7665,51.2124,50.5406,51.2715,51.7459,54.3952,53.6412
2023-01-26,53.2100,54.5700,51.9400,53.3300,6410600,FTNT,49.2780,50.0945,51.1540,50.6453,51.3181,51.7749,54.3254,53.6369
2023-01-27,52.7000,53.1300,51.7100,51.9000,5257100,FTNT,49.5200,50.3426,51.0976,50.7259,51.3591,51.7932,54.2609,53.6276
2023-01-30,51.0500,52.4100,50.9200,52.3400,5248800,FTNT,49.6120,50.4100,50.9946,50.7386,51.3731,51.7785,54.1860,53.6020
2023-01-31,52.3400,52.5300,50.9200,51.0900,6031300,FTNT,49.7845,50.5938,50.9476,50.8014,51.3920,51.7896,54.1069,53.5894
2023-02-01,53.0900,53.5900,51.4200,52.1500,9170600,FTNT,50.0130,50.8315,50.9266,50.8912,51.4058,51.8154,54.0406,53.5844
2023-02-02,53.8500,54.3300,53.0000,53.0100,6790000,FTNT,50.2905,51.1190,50.9606,51.0072,51.4084,51.8557,53.9794,53.5871
2023-02-03,53.0000,53.7400,52.5400,52.8700,5467600,FTNT,50.5680,51.2981,50.9742,51.0853,51.3800,51.8783,53.9092,53.5812
2023-02-06,51.9900,53.4700,51.8800,52.4700,4853600,FTNT,50.7330,51.3640,50.9684,51.1208,51.3812,51.8805,53.8286,53.5654
2023-02-07,53.7800,54.1900,51.7900,52.5500,9785500,FTNT,50.9515,51.5941,50.9770,51.2251,51.3996,51.9182,53.7762,53.5675
2023-02-08,59.6400,61.4500,58.7200,60.7500,18344600,FTNT,51.5125,52.3604,51.1116,51.5551,51.4878,52.0711,53.7701,53.6280
2023-02-09,57.8200,60.8300,57.6500,60.7600,9973100,FTNT,51.9635,52.8804,51.2264,51.8008,51.5618,52.1849,53.7357,53.6697
2023-02-10,59.6100,59.6900,57.1000,57.4200,5564400,FTNT,52.5240,53.5213,51.3868,52.1070,51.6505,52.3319,53.7273,53.7288
2023-02-13,60.1500,60.4600,59.3300,59.7600,4507500,FTNT,53.0880,54.1526,51.5266,52.4224,51.7443,52.4867,53.7277,53.7927
2023-02-14,61.1900,61.5000,59.8800,60.1500,5190100,FTNT,53.6425,54.8228,51.6428,52.7663,51.8582,52.6591,53.7250,53.8663
2023-02-15,62.8100,63.0200,60.7100,60.9900,5235100,FTNT,54.3640,55.5835,51.8268,53.1601,51.9989,52.8601,53.7500,53.9553
2023-02-16,61.3900,62.6100,61.2300,62.0000,4033900,FTNT,55.0125,56.1365,52.0212,53.4829,52.1269,53.0290,53.7650,54.0292
2023-02-17,60.6400,61.3000,60.2900,60.8700,3687200,FTNT,55.5810,56.5654,52.2170,53.7635,52.2504,53.1797,53.7816,54.0950
2023-02-21,59.7100,60.3700,59.3000,59.7900,4515500,FTNT,56.0410,56.8649,52.3792,53.9967,52.3625,53.3090,53.7928,54.1509
2023-02-22,60.2100,61.2500,59.7700,60.6000,5662900,FTNT,56.4970,57.1835,52.5252,54.2404,52.4649,53.4457,53.8094,54.2112
2023-02-23,60.5800,60.7900,59.3400,60.6100,4123800,FTNT,56.9380,57.5069,52.6942,54.4890,52.5744,53.5870,53.8459,54.2746
2023-02-24,58.8600,59.8500,58.5700,59.3900,3730400,FTNT,57.2205,57.6358,52.7986,54.6604,52.6717,53.6914,53.8950,54.3202
2023-02-27,59.6200,60.1400,59.3800,59.6800,3597100,FTNT,57.5665,57.8248,52.8968,54.8549,52.7583,53.8088,53.9313,54.3729
2023-02-28,59.4400,60.0900,59.0800,59.6300,3962300,FTNT,57.9860,57.9786,53.0002,55.0347,52.8259,53.9203,53.9675,54.4233
2023-03-01,58.4400,59.5400,58.3000,59.5400,3353000,FTNT,58.2910,58.0226,53.1256,55.1683,52.8744,54.0098,53.9931,54.4633
2023-03-02,59.6400,60.0400,58.1600,58.4100,3442100,FTNT,58.6185,58.1766,53.2800,55.3436,52.9334,54.1213,54.0097,54.5148
2023-03-03,60.8400,60.9000,59.5300,59.6800,3870900,FTNT,58.9680,58.4303,53.4972,55.5592,53.0271,54.2543,54.0383,54.5777
2023-03-06,61.3100,61.7600,60.6600,61.1100,2542900,FTNT,59.3835,58.7045,53.7140,55.7847,53.1279,54.3940,54.0621,54.6447
2023-03-07,60.3700,61.9900,60.1100,61.0000,5258100,FTNT,59.8025,58.8631,53.9212,55.9645,53.2458,54.5124,54.0933,54.7017
2023-03-08,61.7900,61.9900,59.7500,60.6600,5047400,FTNT,60.2030,59.1419,54.1740,56.1930,53.3816,54.6565,54.1271,54.7722
2023-03-09,59.9500,62.0800,59.8600,61.4600,4940400,FTNT,60.2185,59.2188,54.3984,56.3403,53.4891,54.7613,54.1416,54.8238
2023-03-10,58.7600,60.4700,58.6000,60.0200,4381600,FTNT,60.2655,59.1751,54.6026,56.4352,53.5954,54.8405,54.1490,54.8629
2023-03-13,59.2700,60.1700,57.6300,58.2200,4772300,FTNT,60.2485,59.1842,54.8308,56.5463,53.6835,54.9282,54.1595,54.9068
2023-03-14,60.8900,61.0900,59.8900,60.3500,3887400,FTNT,60.2855,59.3466,55.0644,56.7167,53.7768,55.0463,54.1767,54.9663
2023-03-15,60.3900,61.2200,59.7200,60.6100,3450400,FTNT,60.2455,59.4460,55.2944,56.8607,53.8628,55.1521,54.1843,55.0203
2023-03-16,61.8800,61.9700,59.9000,60.3400,3994000,FTNT,60.1990,59.6778,55.5616,57.0576,53.9657,55.2853,54.1959,55.0885
2023-03-17,61.2200,62.4700,60.7000,61.7200,8197000,FTNT,60.1905,59.8247,55.8200,57.2208,54.0404,55.4028,54.2078,55.1495
2023-03-20,61.5400,61.5800,60.7600,60.9100,4768300,FTNT,60.2355,59.9881,56.1018,57.3902,54.1068,55.5243,54.2265,55.2131
2023-03-21,62.4600,62.6100,60.8700,61.7500,3661900,FTNT,60.3730,60.2235,56.3772,57.5890,54.1722,55.6617,54.2355,55.2852
2023-03-22,61.2100,63.2000,61.1700,62.3000,2859400,FTNT,60.4230,60.3174,56.6132,57.7310,54.2294,55.7716,54.2449,55.3442
2023-03-23,63.2500,63.9500,62.0000,62.1000,4429700,FTNT,60.5565,60.5967,56.9098,57.9474,54.3018,55.9196,54.2642,55.4229
2023-03-24,62.9900,63.2500,62.0200,62.9200,3384500,FTNT,60.7630,60.8247,57.1936,58.1452,54.3607,56.0596,54.2738,55.4981
2023-03-27,63.9800,64.3300,63.1700,63.2600,5029800,FTNT,60.9810,61.1252,57.5052,58.3740,54.4289,56.2165,54.2932,55.5825
2023-03-28,64.2700,64.6000,63.5100,63.7300,3993200,FTNT,61.2225,61.4247,57.8132,58.6052,54.5074,56.3760,54.3110,55.6690
2023-03-29,64.8100,65.1000,64.3600,65.0400,4280300,FTNT,61.5410,61.7471,58.1074,58.8485,54.6232,56.5430,54.3468,55.7599
2023-03-30,65.8100,65.8800,65.0900,65.2000,3681600,FTNT,61.8495,62.1340,58.4560,59.1215,54.8220,56.7265,54.4093,55.8599
2023-03-31,66.4600,66.5700,65.5500,66.0200,5714900,FTNT,62.1305,62.5460,58.8168,59.4093,55.0156,56.9192,54.4724,55.9654
2023-04-03,66.3100,66.3800,65.6500,65.8200,3343000,FTNT,62.3805,62.9045,59.1576,59.6799,55.2001,57.1052,54.5264,56.0683
2023-04-04,65.9700,66.7200,65.5300,66.5700,3401900,FTNT,62.6605,63.1965,59.4668,59.9266,55.3538,57.2807,54.5925,56.1669
2023-04-05,65.1500,66.2600,64.7100,65.6800,3864900,FTNT,62.8285,63.3825,59.7480,60.1314,55.5065,57.4365,54.6493,56.2563
2023-04-06,65.5200,65.5800,64.2600,64.7500,2772200,FTNT,63.1070,63.5861,60.0232,60.3428,55.6178,57.5966,54.6959,56.3484
2023-04-10,66.9100,67.4400,64.6500,64.8000,5934700,FTNT,63.5145,63.9026,60.2972,60.6003,55.7256,57.7810,54.7520,56.4535
2023-04-11,67.0000,67.6400,66.5500,66.7100,3107900,FTNT,63.9010,64.1976,60.5832,60.8513,55.8404,57.9636,54.8030,56.5585
2023-04-12,67.1900,68.1800,66.9600,67.5700,3890200,FTNT,64.2160,64.4826,60.9060,61.0998,55.9503,58.1463,54.8433,56.6642
2023-04-13,68.3900,68.8500,67.5100,67.6700,4195300,FTNT,64.6160,64.8547,61.2270,61.3857,56.0873,58.3491,54.8910,56.7809
2023-04-14,68.0700,69.0700,67.4200,68.2700,4049500,FTNT,64.9255,65.1610,61.5266,61.6479,56.2266,58.5416,54.9449,56.8932
2023-04-17,67.7100,68.7700,67.0700,68.3600,3342300,FTNT,65.2500,65.4037,61.8038,61.8856,56.3822,58.7232,54.9976,57.0009
2023-04-18,67.8200,68.7000,67.5500,68.5100,3526700,FTNT,65.5640,65.6338,62.1002,62.1183,56.5372,58.9033,55.0538,57.1085
2023-04-19,67.3200,67.5100,66.9200,67.3700,2458400,FTNT,65.8070,65.7944,62.4068,62.3223,56.6876,59.0700,55.1035,57.2101
2023-04-20,66.9000,67.6300,66.5300,66.8400,2702500,FTNT,66.0915,65.8997,62.6692,62.5018,56.8231,59.2250,55.1430,57.3066
2023-04-21,66.7800,67.3200,66.5100,67.3200,2876500,FTNT,66.2680,65.9836,62.8120,62.6696,56.9618,59.3746,55.1776,57.4008
2023-04-24,66.2500,67.2100,65.7000,67.0800,2933600,FTNT,66.4310,66.0089,62.9806,62.8100,57.1035,59.5108,55.2007,57.4889
2023-04-25,63.1700,65.9300,63.1000,65.3600,5726600,FTNT,66.3905,65.7386,63.0518,62.8241,57.2193,59.5832,55.2031,57.5454
2023-04-26,63.4000,64.1300,63.0900,63.2700,3650200,FTNT,66.3470,65.5158,63.1168,62.8467,57.3217,59.6588,55.2087,57.6037
2023-04-27,63.0600,64.2000,62.3300,64.0800,5012000,FTNT,66.2595,65.2820,63.1542,62.8551,57.3985,59.7262,55.2259,57.6579
2023-04-28,63.0500,63.0800,61.7300,62.6700,5597600,FTNT,66.1215,65.0694,63.1590,62.8627,57.4929,59.7920,55.2466,57.7116
2023-05-01,62.8100,63.3000,61.6600,62.3000,3827300,FTNT,65.9390,64.8542,63.1874,62.8606,57.6043,59.8518,55.2724,57.7623
2023-05-02,61.4400,62.8300,61.0100,62.6000,5430000,FTNT,65.6955,64.5290,63.2034,62.8049,57.7102,59.8832,55.2785,57.7989
2023-05-03,60.4900,61.7000,60.3300,61.6400,6497300,FTNT,65.4215,64.1444,63.2190,62.7141,57.7991,59.8952,55.2910,57.8257
2023-05-04,61.1800,61.6100,60.3700,61.2900,5939300,FTNT,65.2230,63.8621,63.2384,62.6540,57.8818,59.9207,55.3009,57.8591
2023-05-05,64.5900,65.4500,60.5000,60.7500,9353900,FTNT,65.1765,63.9314,63.3186,62.7299,58.0064,60.0131,55.3256,57.9260
2023-05-08,66.0800,66.4800,64.6000,65.7400,5872800,FTNT,65.1350,64.1360,63.4630,62.8613,58.1308,60.1333,55.3467,58.0072
2023-05-09,66.4000,67.0000,66.0600,66.4600,4814400,FTNT,65.1050,64.3516,63.5986,63.0001,58.2477,60.2574,55.3726,58.0907
2023-05-10,67.0100,67.8000,66.5400,66.9700,4056000,FTNT,65.0960,64.6048,63.7500,63.1573,58.3751,60.3911,55.4026,58.1794
2023-05-11,67.5000,67.7600,66.9600,67.2900,4397000,FTNT,65.0515,64.8805,63.9312,63.3276,58.5284,60.5318,55.4588,58.2722
2023-05-12,67.7700,68.1800,66.9600,67.6800,3702900,FTNT,65.0365,65.1557,64.0938,63.5018,58.6869,60.6752,55.5080,58.3667
2023-05-15,68.5600,68.7800,67.4600,67.6800,4580000,FTNT,65.0790,65.4799,64.2482,63.7002,58.8727,60.8313,55.5538,58.4681
2023-05-16,68.3100,68.9700,68.2200,68.4900,3399100,FTNT,65.1035,65.7495,64.3882,63.8810,59.0511,60.9794,55.5971,58.5660
2023-05-17,68.4300,68.9900,67.6400,68.4000,3466300,FTNT,65.1590,66.0048,64.5494,64.0594,59.2353,61.1269,55.6390,58.6642
2023-05-18,68.1400,68.7600,67.7500,68.6800,4576200,FTNT,65.2210,66.2081,64.6764,64.2194,59.4252,61.2658,55.6778,58.7585
2023-05-19,69.6300,69.6800,68.1900,68.5000,4745600,FTNT,65.3635,66.5340,64.8700,64.4316,59.6342,61.4314,55.7116,58.8667
2023-05-22,69.5200,71.2900,69.4700,69.7500,4493100,FTNT,65.5270,66.8184,65.0852,64.6311,59.8439,61.5916,55.7961,58.9727
2023-05-23,68.0900,69.4600,67.4600,69.3700,5495400,FTNT,65.7730,66.9395,65.2616,64.7667,60.0462,61.7203,55.8696,59.0634
2023-05-24,66.5900,69.4600,66.0100,68.5000,9000600,FTNT,65.9325,66.9062,65.3756,64.8382,60.2200,61.8167,55.9360,59.1383
2023-05-25,67.1700,67.8800,64.4600,66.8900,8565600,FTNT,66.1380,66.9313,65.5112,64.9297,60.4028,61.9227,56.0109,59.2182
2023-05-26,67.7700,68.8200,67.3000,67.3600,5343700,FTNT,66.3740,67.0112,65.6290,65.0411,60.5953,62.0385,56.0803,59.3033
2023-05-30,68.5400,69.1000,67.4100,68.1100,4419600,FTNT,66.6605,67.1568,65.7754,65.1783,60.7977,62.1672,56.1604,59.3952
2023-05-31,68.3300,69.2700,67.8600,68.3400,6605100,FTNT,67.0050,67.2685,65.9112,65.3019,61.0065,62.2893,56.2306,59.4841
2023-06-01,68.6400,69.1100,66.9300,67.6400,4694400,FTNT,67.4125,67.3992,66.0348,65.4328,61.2060,62.4150,56.3034,59.5752
2023-06-02,68.1300,69.3700,67.8500,68.6400,4186200,FTNT,67.7600,67.4688,66.1732,65.5386,61.3932,62.5282,56.3793,59.6603
2023-06-05,71.2700,71.6300,67.9500,67.9800,8966800,FTNT,68.0940,67.8308,66.3336,65.7633,61.6217,62.7013,56.4760,59.7758
2023-06-06,69.5400,71.3800,68.8400,71.3500,5113000,FTNT,68.2670,67.9936,66.4646,65.9114,61.8291,62.8367,56.5624,59.8730
2023-06-07,67.0600,69.9300,66.8400,69.5400,5446400,FTNT,68.3000,67.9047,66.5262,65.9565,62.0157,62.9204,56.6412,59.9445
2023-06-08,69.0000,69.3500,67.0200,67.0700,4742700,FTNT,68.3995,68.0090,66.6208,66.0758,62.2170,63.0408,56.7346,60.0346
2023-06-09,68.0100,69.8000,67.0100,68.9500,4212700,FTNT,68.4250,68.0091,66.6848,66.1517,62.3961,63.1392,56.8217,60.1140
2023-06-12,69.8400,69.9800,68.1300,68.2000,5487200,FTNT,68.5285,68.1834,66.7654,66.2963,62.6107,63.2718,56.9201,60.2107
2023-06-13,70.4900,70.7500,69.3600,70.5000,4761600,FTNT,68.6250,68.4031,66.8460,66.4608,62.8314,63.4148,57.0182,60.3130
2023-06-14,71.4800,71.5900,69.7000,70.0700,4875400,FTNT,68.7835,68.6962,66.9494,66.6576,63.0535,63.5745,57.1278,60.4241
2023-06-15,73.5900,73.8500,71.1500,71.2900,5438000,FTNT,69.0415,69.1622,67.1018,66.9295,63.2843,63.7728,57.2523,60.5551
2023-06-16,72.7800,74.7700,72.3700,74.4600,10916000,FTNT,69.2735,69.5068,67.2544,67.1589,63.5012,63.9512,57.3710,60.6768
2023-06-20,71.6600,72.7700,70.9200,72.4500,4286100,FTNT,69.3750,69.7119,67.3772,67.3354,63.7002,64.1038,57.4858,60.7861
2023-06-21,71.1100,71.8400,70.5800,71.6600,7128100,FTNT,69.4545,69.8450,67.4612,67.4834,63.8792,64.2426,57.5986,60.8888
2023-06-22,71.8600,72.2400,70.8100,71.1100,3234000,FTNT,69.6430,70.0369,67.5584,67.6551,64.0708,64.3934,57.7149,60.9980
2023-06-23,71.5900,71.7600,70.1500,71.1100,14856000,FTNT,69.8930,70.1848,67.6464,67.8094,64.2762,64.5359,57.8246,61.1034
2023-06-26,71.0600,72.7200,70.9000,71.6900,3416400,FTNT,70.0875,70.2682,67.6998,67.9369,64.4634,64.6651,57.9277,61.2024
2023-06-27,73.6600,73.8900,71.5500,71.6400,4602500,FTNT,70.3820,70.5912,67.8116,68.1613,64.6691,64.8432,58.0374,61.3264
2023-06-28,74.3300,74.9300,72.9500,73.4900,5834400,FTNT,70.6715,70.9473,67.9440,68.4032,64.8739,65.0311,58.1411,61.4558
2023-06-29,75.0900,75.3000,73.9000,74.5400,6114400,FTNT,71.0095,71.3418,68.0894,68.6654,65.0948,65.2303,58.2374,61.5914
2023-06-30,75.5900,76.2700,75.2600,75.5500,4578400,FTNT,71.3570,71.7464,68.2548,68.9370,65.3308,65.4354,58.3560,61.7307
2023-07-03,74.6600,75.3600,73.6500,75.3000,2253900,FTNT,71.6835,72.0239,68.4100,69.1614,65.5396,65.6181,58.4696,61.8594
2023-07-05,74.3100,74.7100,74.0100,74.4200,3763800,FTNT,71.8355,72.2416,68.5606,69.3633,65.6863,65.7902,58.5870,61.9833
2023-07-06,74.6500,74.7700,72.4500,73.8400,4329100,FTNT,72.0910,72.4710,68.7286,69.5706,65.8546,65.9656,58.7082,62.1093
2023-07-07,74.6800,75.4600,73.9900,74.4100,4011700,FTNT,72.4720,72.6814,68.9588,69.7710,66.0053,66.1382,58.8279,62.2344
2023-07-10,77.8600,78.6600,74.7900,74.7900,8176700,FTNT,72.9150,73.1746,69.2480,70.0882,66.1824,66.3703,58.9633,62.3899
2023-07-11,78.3200,78.6300,77.2200,78.6100,4294700,FTNT,73.4305,73.6646,69.5532,70.4110,66.3537,66.6069,59.1059,62.5484
2023-07-12,76.7200,79.0300,75.5100,78.8700,6147900,FTNT,73.7745,73.9556,69.8266,70.6584,66.4928,66.8072,59.2458,62.6894
2023-07-13,78.2500,78.2900,76.7300,77.4000,4709500,FTNT,74.1625,74.3646,70.1354,70.9562,66.6614,67.0338,59.3941,62.8442
2023-07-14,78.9200,80.0300,78.3400,78.5500,4913700,FTNT,74.5345,74.7984,70.4850,71.2685,66.8442,67.2691,59.5473,63.0042
2023-07-17,80.2800,80.6000,78.5800,78.7200,4185300,FTNT,74.8690,75.3205,70.8808,71.6219,67.0499,67.5268,59.7062,63.1761
2023-07-18,80.2400,80.4400,79.1600,79.9600,4586200,FTNT,75.2420,75.7890,71.2620,71.9598,67.2502,67.7785,59.8575,63.3459
2023-07-19,78.6900,81.2400,78.3000,80.4500,5985000,FTNT,75.5935,76.0653,71.5440,72.2237,67.4313,67.9946,60.0028,63.4985
2023-07-20,77.7000,79.3700,77.5300,78.6700,3623900,FTNT,75.9230,76.2210,71.7764,72.4385,67.6197,68.1868,60.1457,63.6398
2023-07-21,78.1600,79.1400,78.0600,78.3700,12134100,FTNT,76.2380,76.4057,72.0116,72.6629,67.8051,68.3843,60.2817,63.7843
2023-07-24,77.2700,78.8200,76.3200,78.6900,3870200,FTNT,76.5220,76.4880,72.2168,72.8435,67.9834,68.5602,60.4046,63.9185
2023-07-25,78.3400,78.6200,77.4100,77.7300,3679000,FTNT,76.8860,76.6644,72.4336,73.0591,68.1824,68.7539,60.5284,64.0620
2023-07-26,77.2600,78.7500,76.8600,77.5600,3378500,FTNT,77.0660,76.7211,72.6234,73.2238,68.3586,68.9223,60.6460,64.1933
2023-07-27,76.5800,78.5200,76.3100,78.3900,3957700,FTNT,77.1785,76.7076,72.7838,73.3555,68.5160,69.0740,60.7715,64.3166
2023-07-28,76.8000,77.6300,76.1500,77.2400,3544400,FTNT,77.2640,76.7164,72.9536,73.4905,68.6709,69.2270,60.8994,64.4408
2023-07-31,77.7200,77.7500,76.7900,77.0900,3543600,FTNT,77.3705,76.8120,73.1394,73.6564,68.8444,69.3951,61.0451,64.5729
2023-08-01,78.0300,78.5800,76.9100,77.6400,2619600,FTNT,77.5390,76.9280,73.3372,73.8279,69.0068,69.5661,61.1942,64.7068
2023-08-02,74.3200,77.2400,74.0100,77.2400,5674300,FTNT,77.5395,76.6796,73.4310,73.8472,69.1505,69.6603,61.3198,64.8025
2023-08-03,75.7600,76.0000,74.1500,74.2000,6020300,FTNT,77.5950,76.5921,73.5558,73.9222,69.3205,69.7810,61.4579,64.9115
2023-08-04,56.7700,61.3600,56.1000,60.4200,32831500,FTNT,76.6995,74.7042,73.3294,73.2496,69.2955,69.5234,61.4895,64.8305
2023-08-07,57.7000,58.1800,56.8600,57.5800,14402400,FTNT,75.6915,73.0848,73.1516,72.6398,69.2636,69.2893,61.5202,64.7595
2023-08-08,58.5700,59.1200,56.5700,56.8800,16011800,FTNT,74.7040,71.7024,72.9796,72.0880,69.2454,69.0770,61.5541,64.6980
2023-08-09,59.7800,60.3500,58.4600,58.8400,13133500,FTNT,73.8570,70.5670,72.8198,71.6054,69.2244,68.8929,61.5950,64.6490
2023-08-10,60.5600,62.2100,60.0700,61.1600,10993600,FTNT,72.9725,69.6139,72.6602,71.1722,69.2178,68.7279,61.6291,64.6083
2023-08-11,59.6800,61.2100,59.3500,60.0500,7695700,FTNT,72.0105,68.6678,72.4872,70.7215,69.1992,68.5487,61.6530,64.5593
2023-08-14,59.6600,60.1000,59.2000,59.6900,7340000,FTNT,70.9795,67.8099,72.3076,70.2878,69.1712,68.3727,61.6717,64.5106
2023-08-15,59.1700,60.2300,59.0100,59.5700,7210700,FTNT,69.9260,66.9871,72.1284,69.8518,69.1508,68.1905,61.6901,64.4574
2023-08-16,58.1800,59.5900,58.1500,59.0000,3596700,FTNT,68.9005,66.1483,71.8666,69.3940,69.1001,67.9923,61.7009,64.3949
2023-08-17,57.4100,58.8300,57.3400,58.6000,5045600,FTNT,67.8860,65.3161,71.6240,68.9241,69.0443,67.7827,61.7025,64.3254
2023-08-18,57.1600,57.6900,56.8400,56.9800,5390400,FTNT,66.8360,64.5393,71.4260,68.4627,68.9761,67.5724,61.7025,64.2541
2023-08-21,58.3900,58.7200,57.7900,58.0700,6711700,FTNT,65.8920,63.9537,71.2138,68.0677,68.9173,67.3905,61.7123,64.1958
2023-08-22,58.3200,58.6100,57.7800,58.3200,4841800,FTNT,64.8910,63.4171,71.0200,67.6855,68.8524,67.2109,61.7378,64.1373
2023-08-23,59.1900,59.5000,58.1400,58.8100,4689700,FTNT,63.9875,63.0146,70.8070,67.3523,68.7862,67.0521,61.8041,64.0881
2023-08-24,58.1500,59.8300,58.1200,59.6000,4833700,FTNT,63.0660,62.5513,70.5602,66.9914,68.7031,66.8758,61.8593,64.0290
2023-08-25,58.8100,58.9600,57.9600,58.2000,4241100,FTNT,62.1665,62.1949,70.3068,66.6706,68.6281,66.7161,61.9141,63.9771
2023-08-28,58.7000,59.4300,58.2000,59.1000,4840900,FTNT,61.2155,61.8621,70.0090,66.3580,68.5554,66.5574,61.9546,63.9246
2023-08-29,60.6300,60.9300,58.5100,58.7000,5632200,FTNT,60.3455,61.7448,69.7660,66.1334,68.5102,66.4400,62.0083,63.8918
2023-08-30,61.2200,61.4500,60.5000,60.5700,5045800,FTNT,59.6905,61.6948,69.5572,65.9407,68.4672,66.3366,62.0425,63.8652
2023-08-31,60.2100,61.8300,60.1700,61.5000,6428600,FTNT,58.9130,61.5534,69.3392,65.7160,68.4002,66.2153,62.0629,63.8288
2023-09-01,60.8700,60.9600,60.3900,60.5000,4957900,FTNT,59.1180,61.4883,69.1194,65.5259,68.3389,66.1095,62.0896,63.7994
2023-09-05,61.9100,61.9700,60.5600,60.9200,4904800,FTNT,59.3285,61.5285,68.9258,65.3841,68.2861,66.0263,62.1182,63.7806
2023-09-06,62.2300,62.3900,61.7200,61.9000,5225500,FTNT,59.5115,61.5953,68.7492,65.2605,68.2245,65.9511,62.1559,63.7652
2023-09-07,63.1700,63.3300,61.6200,61.8800,5440700,FTNT,59.6810,61.7452,68.5394,65.1785,68.1755,65.8960,62.2010,63.7593
2023-09-08,64.0700,64.3000,63.0500,63.0500,5817300,FTNT,59.8565,61.9666,68.3342,65.1350,68.1391,65.8599,62.2606,63.7623
2023-09-11,65.0700,65.4600,64.5200,64.8200,4575500,FTNT,60.1260,62.2622,68.1338,65.1325,68.1116,65.8442,62.3244,63.7754
2023-09-12,63.5000,65.6800,63.4700,64.6100,5316900,FTNT,60.3180,62.3801,67.8920,65.0684,68.0734,65.7978,62.3805,63.7726
2023-09-13,62.6200,63.8800,62.5700,63.2700,3995900,FTNT,60.4905,62.4029,67.6512,64.9724,68.0306,65.7349,62.4268,63.7611
2023-09-14,63.1000,63.3900,62.6600,62.7800,4289100,FTNT,60.7365,62.4693,67.4270,64.8990,67.9938,65.6827,62.4778,63.7546
2023-09-15,61.0200,62.6700,60.6800,62.5000,10314000,FTNT,60.9170,62.3313,67.1544,64.7469,67.9415,65.5904,62.5225,63.7274
2023-09-18,60.4500,61.2800,60.3300,60.8300,3429300,FTNT,61.0815,62.1521,66.8698,64.5784,67.9143,65.4886,62.5668,63.6947
2023-09-19,60.4400,60.5100,58.4500,59.9500,4220100,FTNT,61.1840,61.9891,66.5214,64.4161,67.8847,65.3886,62.6032,63.6624
2023-09-20,60.1500,61.3900,60.1400,60.6800,3451900,FTNT,61.2755,61.8139,66.1580,64.2488,67.8556,65.2849,62.6270,63.6274
2023-09-21,58.7800,60.1500,58.6700,59.6600,4388800,FTNT,61.2550,61.5250,65.7992,64.0343,67.8129,65.1561,62.6529,63.5792
2023-09-22,58.2400,59.0900,58.1100,58.7500,3458500,FTNT,61.2595,61.2121,65.3990,63.8071,67.7672,65.0191,62.6857,63.5261
2023-09-25,58.1100,58.1500,57.6300,57.8400,3811300,FTNT,61.2245,60.9167,64.9828,63.5837,67.7339,64.8823,62.7220,63.4722
2023-09-26,57.4300,58.0400,57.1900,57.8400,4347400,FTNT,61.1610,60.5846,64.5258,63.3424,67.7033,64.7347,62.7512,63.4120
2023-09-27,58.1400,58.3400,57.5000,57.9400,3285600,FTNT,61.0365,60.3518,64.0838,63.1383,67.6729,64.6042,62.7773,63.3596
2023-09-28,58.6000,59.2400,57.7100,58.1800,3545900,FTNT,60.9055,60.1850,63.6820,62.9604,67.6130,64.4853,62.8097,63.3122
2023-09-29,58.6800,59.6700,58.3500,59.6400,4665100,FTNT,60.8290,60.0416,63.3016,62.7925,67.5390,64.3703,62.8349,63.2661
2023-10-02,58.6300,59.5700,58.3400,58.7900,4098800,FTNT,60.7170,59.9072,62.9110,62.6293,67.4613,64.2566,62.8545,63.2200
2023-10-03,57.6100,58.3700,57.0800,58.0300,6914100,FTNT,60.5020,59.6884,62.5178,62.4324,67.3673,64.1250,62.8712,63.1642
2023-10-04,58.2600,58.7500,57.4700,57.9700,4875600,FTNT,60.3035,59.5524,62.1162,62.2688,67.2749,64.0089,62.9016,63.1154
2023-10-05,58.0200,58.3100,56.6400,58.1100,7429100,FTNT,60.0460,59.4064,61.7314,62.1022,67.1774,63.8903,62.9321,63.0647
2023-10-06,59.9300,60.2100,57.5000,57.6200,4752600,FTNT,59.8390,59.4563,61.3984,62.0170,67.0911,63.8119,62.9819,63.0335
2023-10-09,59.5100,60.6000,58.4500,59.7200,4918300,FTNT,59.5610,59.4614,61.0526,61.9187,67.0031,63.7267,63.0271,62.9984
2023-10-10,59.4000,60.3500,59.3400,59.6000,5051000,FTNT,59.3560,59.4556,60.6862,61.8199,66.9128,63.6410,63.0740,62.9626
2023-10-11,58.9700,59.4700,57.0000,59.4300,9492400,FTNT,59.1735,59.4093,60.3050,61.7082,66.8211,63.5485,63.1231,62.9229
2023-10-12,58.0000,59.1000,57.7600,58.8500,8388300,FTNT,58.9185,59.2751,59.9786,61.5627,66.7048,63.4386,63.1695,62.8739
2023-10-13,57.7600,58.0500,56.0700,56.6100,11560900,FTNT,58.7555,59.1308,59.6186,61.4136,66.5872,63.3262,63.2155,62.8230
2023-10-16,59.1400,59.7500,57.8400,58.5600,5498600,FTNT,58.6900,59.1317,59.6660,61.3245,66.4977,63.2433,63.2719,62.7864
2023-10-17,58.6500,59.3700,57.7100,58.4200,4774700,FTNT,58.6005,59.0858,59.6850,61.2196,66.4183,63.1523,63.3191,62.7452
2023-10-18,57.6700,58.5000,57.5900,57.8800,4671300,FTNT,58.4765,58.9510,59.6670,61.0804,66.3233,63.0438,63.3630,62.6947
2023-10-19,57.7700,58.4500,57.4600,57.6300,7383300,FTNT,58.4260,58.8385,59.6268,60.9506,66.2233,62.9393,63.4093,62.6457
2023-10-20,56.3600,57.9400,55.9200,57.9100,6500800,FTNT,58.3320,58.6024,59.5428,60.7705,66.1015,62.8091,63.4496,62.5832
2023-10-23,56.1000,56.5700,55.5200,56.0100,4085000,FTNT,58.2315,58.3641,59.4712,60.5874,65.9792,62.6762,63.4928,62.5187
2023-10-24,57.5400,57.7000,56.1400,56.2800,4714800,FTNT,58.2370,58.2856,59.4288,60.4679,65.8682,62.5745,63.5371,62.4691
2023-10-25,55.9400,57.4500,55.9000,57.0800,4252300,FTNT,58.1270,58.0622,59.3642,60.2903,65.7463,62.4431,63.5697,62.4042
2023-10-26,55.7200,56.4200,55.4600,56.0000,5490500,FTNT,57.9830,57.8392,59.3150,60.1111,65.5908,62.3100,63.6062,62.3377
2023-10-27,56.2600,56.5700,55.5800,55.7900,5317800,FTNT,57.8620,57.6888,59.2920,59.9601,65.4580,62.1902,63.6435,62.2772
2023-10-30,56.3200,56.8200,55.9400,56.5100,5594200,FTNT,57.7465,57.5584,59.2752,59.8173,65.3506,62.0740,63.6831,62.2179
2023-10-31,57.1700,57.4000,56.0800,56.4900,4076500,FTNT,57.7245,57.5214,59.2508,59.7135,65.2323,61.9768,63.7246,62.1677
2023-11-01,57.3100,57.6800,56.2100,57.4300,5825500,FTNT,57.6770,57.5013,59.2306,59.6192,65.1253,61.8844,63.7607,62.1193
2023-11-02,57.5900,58.1900,57.1500,57.3400,9607500,FTNT,57.6555,57.5097,59.1986,59.5397,65.0028,61.7994,63.8067,62.0743
2023-11-03,50.4800,50.5700,44.1200,44.5000,38074400,FTNT,57.1830,56.8402,59.0452,59.1844,64.8027,61.5752,63.8170,61.9589
2023-11-06,50.1000,50.8000,48.2900,50.0900,16649700,FTNT,56.7125,56.1983,58.8710,58.8281,64.5889,61.3480,63.8212,61.8409
2023-11-07,49.5200,50.3400,47.6600,50.1700,14908300,FTNT,56.2185,55.5623,58.6874,58.4631,64.3482,61.1138,63.8162,61.7183
2023-11-08,50.2400,51.3400,49.4400,49.8200,13597000,FTNT,55.7820,55.0554,58.4796,58.1406,64.1228,60.8985,63.8120,61.6041
2023-11-09,49.6700,50.9600,49.6300,50.5100,9651300,FTNT,55.3655,54.5425,58.2486,57.8084,63.9029,60.6761,63.8015,61.4854
2023-11-10,50.8200,50.8300,49.9000,50.0000,6708900,FTNT,55.0185,54.1880,58.0608,57.5344,63.7000,60.4810,63.7896,61.3792
2023-11-13,50.3000,50.7300,49.7000,50.4400,6038900,FTNT,54.5765,53.8177,57.8494,57.2507,63.4844,60.2794,63.7776,61.2690
2023-11-14,51.3200,51.9800,50.9100,51.0100,6778100,FTNT,54.2100,53.5798,57.6376,57.0181,63.2817,60.1019,63.7789,61.1700
2023-11-15,51.0600,51.8100,50.7100,51.4300,6946400,FTNT,53.8795,53.3398,57.4142,56.7845,63.0817,59.9229,63.7725,61.0694
2023-11-16,50.4200,51.2400,49.9700,50.7100,8052100,FTNT,53.5120,53.0618,57.1592,56.5349,62.8493,59.7347,63.7592,60.9634
2023-11-17,51.2600,51.3200,50.3200,50.5900,5021300,FTNT,53.2570,52.8902,56.9030,56.3280,62.6186,59.5669,63.7462,60.8669
2023-11-20,51.9100,52.0800,51.2700,51.5900,4915200,FTNT,53.0475,52.7968,56.6398,56.1548,62.3868,59.4153,63.7408,60.7778
2023-11-21,52.5800,52.7700,51.5500,51.7700,5441900,FTNT,52.7995,52.7762,56.4214,56.0146,62.1567,59.2799,63.7437,60.6962
2023-11-22,52.9700,53.7100,52.7600,52.9000,5586800,FTNT,52.6510,52.7946,56.2284,55.8952,61.9398,59.1550,63.7397,60.6193
2023-11-24,53.4300,53.6900,52.8200,52.9700,2847400,FTNT,52.5365,52.8551,56.0350,55.7985,61.7310,59.0416,63.7086,60.5478
2023-11-27,53.7400,53.9500,53.2100,53.3200,7096000,FTNT,52.4105,52.9394,55.8894,55.7178,61.5219,58.9366,63.6882,60.4800
2023-11-28,52.7900,53.9300,52.6900,53.2500,5731200,FTNT,52.2340,52.9252,55.7362,55.6030,61.3030,58.8149,63.6541,60.4035
2023-11-29,53.6000,53.9300,52.8400,53.4800,7385000,FTNT,52.0555,52.9894,55.5994,55.5244,61.0604,58.7116,63.6214,60.3358
2023-11-30,52.5600,54.8900,52.4300,53.8800,16805100,FTNT,51.8180,52.9485,55.4476,55.4082,60.8028,58.5898,63.5782,60.2585
2023-12-01,52.4900,52.7000,51.6900,52.0500,7175500,FTNT,51.5630,52.9049,55.3218,55.2937,60.5605,58.4690,63.5266,60.1812
2023-12-04,52.2500,52.6700,51.8600,51.9800,4726200,FTNT,51.6515,52.8425,55.2020,55.1744,60.3005,58.3459,63.4809,60.1022
2023-12-05,52.5200,52.9700,51.8300,52.0700,4242000,FTNT,51.7725,52.8118,55.0902,55.0703,60.0365,58.2305,63.4403,60.0268
2023-12-06,51.8300,52.9900,51.7900,52.8400,4055800,FTNT,51.8880,52.7183,54.9782,54.9432,59.7520,58.1038,63.4009,59.9452
2023-12-07,51.3200,51.9100,50.6500,51.9100,6341100,FTNT,51.9420,52.5851,54.8418,54.8011,59.4628,57.9695,63.3565,59.8594
2023-12-08,52.1600,52.3600,50.9700,51.1400,4620400,FTNT,52.0665,52.5446,54.7130,54.6975,59.1975,57.8544,63.3144,59.7828
2023-12-11,53.6400,53.7500,52.2000,52.3900,5135300,FTNT,52.2075,52.6490,54.6122,54.6561,58.9569,57.7710,63.2883,59.7217
2023-12-12,55.0400,55.6400,53.4000,53.8400,7815400,FTNT,52.4445,52.8767,54.5404,54.6711,58.7257,57.7169,63.2654,59.6751
2023-12-13,55.3500,55.5300,54.6700,55.1000,5551300,FTNT,52.6460,53.1122,54.4952,54.6978,58.5065,57.6700,63.2449,59.6321
2023-12-14,57.0500,57.4700,55.7200,55.8000,9119700,FTNT,52.9455,53.4873,54.4710,54.7900,58.2936,57.6577,63.2380,59.6064
2023-12-15,57.8300,58.0100,56.3800,57.0500,16924000,FTNT,53.3160,53.9008,54.4672,54.9092,58.0993,57.6611,63.2289,59.5887
2023-12-18,56.1100,57.8100,56.0800,57.7100,11621300,FTNT,53.5585,54.1112,54.3908,54.9563,57.8946,57.6304,63.2053,59.5541
2023-12-19,57.7600,57.8100,55.8000,56.3000,6341800,FTNT,53.8510,54.4587,54.3558,55.0663,57.7042,57.6330,63.1875,59.5362
2023-12-20,57.4500,58.6400,56.9400,57.6600,6049700,FTNT,54.0945,54.7436,54.3168,55.1597,57.5015,57.6294,63.1729,59.5155
2023-12-21,58.5100,58.6600,57.5400,57.7700,4444300,FTNT,54.3715,55.1023,54.3076,55.2911,57.3063,57.6468,63.1565,59.5055
2023-12-22,59.2700,59.5300,58.5600,58.8400,5057400,FTNT,54.6635,55.4992,54.3330,55.4471,57.1558,57.6790,63.1531,59.5031
2023-12-26,59.8000,59.8700,59.1300,59.4600,3134400,FTNT,54.9665,55.9088,54.3738,55.6178,56.9962,57.7210,63.1583,59.5061
2023-12-27,59.3400,59.8300,59.0200,59.6600,2878100,FTNT,55.2940,56.2356,54.3778,55.7638,57.0219,57.7530,63.1587,59.5044
2023-12-28,59.4000,59.5800,59.0600,59.5000,2900100,FTNT,55.5840,56.5370,54.3928,55.9064,57.0389,57.7856,63.1512,59.5034
2023-12-29,58.5300,59.3900,58.2700,59.3000,2880600,FTNT,55.8825,56.7268,54.4100,56.0093,57.0385,57.8004,63.1419,59.4937
2024-01-02,57.7800,58.7700,57.3500,58.1000,6012300,FTNT,56.1470,56.8271,54.4102,56.0787,57.0185,57.8000,63.1214,59.4766
2024-01-03,57.8500,58.2200,56.9400,57.2800,5329500,FTNT,56.4270,56.9245,54.4400,56.1482,56.9914,57.8010,63.1046,59.4605
2024-01-04,58.3900,58.7300,57.7800,58.0000,5365400,FTNT,56.7205,57.0641,54.4858,56.2361,56.9785,57.8126,63.0888,59.4498
2024-01-05,58.3400,58.9300,58.0800,58.2600,4914200,FTNT,57.0460,57.1856,54.5018,56.3186,56.9653,57.8231,63.0682,59.4388
2024-01-08,61.2600,61.3000,58.4500,58.5500,6054500,FTNT,57.5430,57.5736,54.6082,56.5124,56.9862,57.8911,63.0685,59.4569
2024-01-09,59.4000,61.2000,59.3100,60.3100,9085900,FTNT,57.9050,57.7476,54.6818,56.6256,56.9984,57.9210,63.0492,59.4563
2024-01-10,61.3700,61.6000,59.1300,59.3800,6296100,FTNT,58.2915,58.0926,54.7840,56.8117,57.0380,57.9893,63.0411,59.4754
2024-01-11,62.2500,62.3300,60.9600,62.0000,5072200,FTNT,58.6520,58.4885,54.9026,57.0250,57.0889,58.0737,63.0325,59.5030
2024-01-12,62.4400,63.0400,61.7600,62.6300,4794000,FTNT,59.0065,58.8649,55.0080,57.2373,57.1294,58.1601,63.0233,59.5322
2024-01-16,62.0000,62.3900,61.0100,61.0900,6578200,FTNT,59.2540,59.1634,55.1018,57.4241,57.1662,58.2362,63.0093,59.5567
2024-01-17,60.6200,61.6200,59.7300,61.2000,5407700,FTNT,59.3935,59.3022,55.1624,57.5494,57.1805,58.2834,62.9833,59.5673
2024-01-18,61.4100,61.4900,60.2900,61.0000,4429100,FTNT,59.6585,59.5029,55.3810,57.7008,57.2131,58.3453,62.9581,59.5857
2024-01-19,60.9000,62.1000,60.0800,61.5500,9170500,FTNT,59.8155,59.6360,55.5970,57.8263,57.2340,58.3959,62.9310,59.5987
2024-01-22,62.6600,62.8000,61.4000,61.8800,8398000,FTNT,60.0760,59.9240,55.8598,58.0158,57.2736,58.4803,62.9145,59.6292
2024-01-23,64.4100,64.7800,63.7700,64.2600,8220600,FTNT,60.3710,60.3512,56.1432,58.2666,57.3114,58.5977,62.9108,59.6768
2024-01-24,66.1100,66.7200,64.7700,65.0600,7735400,FTNT,60.7130,60.8997,56.4720,58.5742,57.3603,58.7465,62.9137,59.7408
2024-01-25,65.5500,67.3600,65.0200,67.2700,6800400,FTNT,61.0005,61.3426,56.7666,58.8477,57.4137,58.8812,62.9069,59.7986
2024-01-26,66.1200,66.7700,65.3500,65.4600,6691500,FTNT,61.3395,61.7975,57.0830,59.1329,57.4662,59.0246,62.9025,59.8615
2024-01-29,66.4500,66.6400,65.6600,65.8100,4443400,FTNT,61.6920,62.2406,57.3856,59.4199,57.5116,59.1716,62.8988,59.9270
2024-01-30,66.7100,66.9200,65.8000,66.1900,5830000,FTNT,62.1010,62.6663,57.6986,59.7057,57.5564,59.3209,62.8904,59.9945
2024-01-31,64.4900,65.2800,63.5900,64.8700,9668100,FTNT,62.4365,62.8400,57.9800,59.8934,57.5696,59.4232,62.8725,60.0393
2024-02-01,66.4500,66.6900,64.5900,64.7100,9622500,FTNT,62.8665,63.1838,58.2838,60.1505,57.5934,59.5624,62.8662,60.1031
2024-02-02,66.4400,66.9900,65.9000,66.3400,8320000,FTNT,63.2690,63.4939,58.5744,60.3971,57.6071,59.6986,62.8593,60.1661
2024-02-05,66.0900,66.4400,64.8600,66.4100,9137500,FTNT,63.6565,63.7412,58.8446,60.6204,57.6330,59.8251,62.8532,60.2251
2024-02-06,67.4800,67.5600,65.8900,66.5000,13315800,FTNT,63.9675,64.0972,59.1348,60.8894,57.6816,59.9767,62.8561,60.2972
2024-02-07,70.0300,73.9100,67.2200,73.8300,25551100,FTNT,64.4990,64.6623,59.4668,61.2478,57.7509,60.1758,62.8723,60.3941
2024-02-08,67.8500,70.6400,67.7600,69.7900,8370900,FTNT,64.8230,64.9659,59.7490,61.5068,57.8192,60.3277,62.8803,60.4683
2024-02-09,70.4400,70.8600,68.2000,68.2500,7522400,FTNT,65.2325,65.4872,60.1020,61.8571,57.9191,60.5280,62.9167,60.5675
2024-02-12,70.2600,71.0900,70.1300,70.6600,4790800,FTNT,65.6235,65.9418,60.4352,62.1866,58.0173,60.7207,62.9510,60.6639
2024-02-13,69.4000,69.5600,68.2500,68.5200,5427300,FTNT,65.9935,66.2711,60.7720,62.4695,58.1098,60.8926,62.9827,60.7509
2024-02-14,70.8800,70.9400,69.9300,70.0800,3703400,FTNT,66.5065,66.7101,61.1398,62.7993,58.2308,61.0903,63.0218,60.8517
2024-02-15,70.2600,71.4900,70.0400,71.4500,3186000,FTNT,66.9490,67.0481,61.5000,63.0919,58.3510,61.2719,63.0591,60.9453
2024-02-16,68.4800,70.0800,67.9000,70.0800,4528400,FTNT,67.3280,67.1845,61.8192,63.3032,58.4547,61.4147,63.0943,61.0202
2024-02-20,67.9100,68.3600,66.7600,68.1600,3271400,FTNT,67.5905,67.2536,62.1408,63.4838,58.5595,61.5433,63.1314,61.0888
2024-02-21,65.3400,65.5200,61.0000,62.0300,12815400,FTNT,67.6370,67.0714,62.4212,63.5566,58.6315,61.6185,63.1522,61.1311
2024-02-22,66.9600,67.2300,65.7700,66.9500,7627600,FTNT,67.6795,67.0608,62.7172,63.6901,58.7151,61.7242,63.1640,61.1891
2024-02-23,67.6400,67.8900,67.1900,67.5000,3772600,FTNT,67.7840,67.1159,62.9972,63.8450,58.8047,61.8414,63.1718,61.2533
2024-02-26,68.4000,69.4800,67.7700,68.0000,5205000,FTNT,67.8980,67.2382,63.2644,64.0236,58.9024,61.9712,63.1818,61.3244
2024-02-27,69.9500,70.2800,68.8700,69.3200,4991500,FTNT,68.0730,67.4965,63.5564,64.2560,59.0258,62.1292,63.1965,61.4102
2024-02-28,69.5100,70.0500,68.7800,69.9500,2744800,FTNT,68.2130,67.6882,63.8056,64.4621,59.1383,62.2754,63.2066,61.4908
2024-02-29,69.1100,70.1500,68.1500,70.0500,5782100,FTNT,68.4440,67.8236,64.0312,64.6443,59.2492,62.4107,63.2133,61.5666
2024-03-01,70.4400,70.4900,68.5700,69.0900,4840800,FTNT,68.6435,68.0728,64.3178,64.8716,59.3543,62.5697,63.2227,61.6549
2024-03-04,71.3900,71.6900,70.5000,70.6900,4277700,FTNT,68.8910,68.3887,64.5904,65.1272,59.4731,62.7444,63.2381,61.7518
2024-03-05,69.0400,71.0700,67.3100,71.0700,6840700,FTNT,69.0385,68.4508,64.8222,65.2807,59.5695,62.8691,63.2411,61.8243
2024-03-06,71.3200,71.7300,69.1100,70.9700,7401200,FTNT,69.2305,68.7240,65.0784,65.5175,59.6930,63.0364,63.2570,61.9188
2024-03-07,73.0700,73.3300,71.1900,71.9500,6314300,FTNT,69.3825,69.1379,65.3544,65.8137,59.8437,63.2351,63.2742,62.0297
2024-03-08,71.3500,73.5000,71.0900,73.2600,5278900,FTNT,69.5575,69.3486,65.5854,66.0308,59.9796,63.3958,63.2834,62.1225
2024-03-11,71.4600,71.8000,69.9100,70.9300,3139300,FTNT,69.6085,69.5497,65.8278,66.2437,60.1028,63.5555,63.3002,62.2154
2024-03-12,71.3400,71.9500,70.7400,71.6800,3858500,FTNT,69.6625,69.7202,66.0666,66.4436,60.2297,63.7096,63.3240,62.3062
2024-03-13,70.1800,71.5900,70.0000,71.5900,4078200,FTNT,69.7015,69.7640,66.2996,66.5901,60.3548,63.8377,63.3390,62.3845
2024-03-14,68.0400,69.7500,67.6200,69.2900,6500100,FTNT,69.5595,69.5998,66.5048,66.6470,60.4575,63.9210,63.3404,62.4408
2024-03-15,66.7200,67.9700,66.5100,67.7200,10118000,FTNT,69.3825,69.3255,66.6822,66.6498,60.5611,63.9764,63.3313,62.4834
2024-03-18,67.5500,68.1800,66.8100,66.9900,3909000,FTNT,69.3360,69.1564,66.8654,66.6851,60.6756,64.0471,63.3274,62.5338
2024-03-19,67.7900,67.8800,66.4500,67.1300,3059400,FTNT,69.3300,69.0263,67.0544,66.7284,60.7781,64.1213,63.3231,62.5861
2024-03-20,67.8700,68.0600,67.0200,67.7900,4230300,FTNT,69.4565,68.9162,67.1866,66.7732,60.8974,64.1955,63.3218,62.6387
2024-03-21,68.5700,68.7200,67.7500,68.5800,3716300,FTNT,69.5370,68.8832,67.3700,66.8437,61.0259,64.2821,63.3083,62.6977
2024-03-22,68.3000,68.9300,67.5300,68.9200,2832800,FTNT,69.5700,68.8277,67.5086,66.9008,61.1463,64.3617,63.3022,62.7534
2024-03-25,67.8900,68.4100,67.6100,67.8500,3296100,FTNT,69.5445,68.7384,67.6214,66.9396,61.2620,64.4315,63.3063,62.8046
2024-03-26,67.4500,68.1700,67.0400,67.9600,3312400,FTNT,69.4195,68.6157,67.7216,66.9596,61.3648,64.4913,63.2985,62.8508
2024-03-27,67.2700,68.3200,66.1900,68.2900,3535000,FTNT,69.3075,68.4875,67.8270,66.9718,61.4644,64.5463,63.2948,62.8947
2024-03-28,68.3100,68.6000,67.0000,67.2100,3922200,FTNT,69.2675,68.4706,67.9808,67.0242,61.5716,64.6209,63.2872,62.9486
2024-04-01,67.8200,68.7300,66.7300,68.7300,3003400,FTNT,69.1365,68.4086,68.1090,67.0555,61.7450,64.6842,63.2738,62.9971
2024-04-02,68.8500,68.9300,66.6000,66.9700,4711600,FTNT,69.0095,68.4507,68.2680,67.1258,61.9325,64.7667,63.2607,63.0553
2024-04-03,71.3200,72.0200,68.5800,68.6100,7868900,FTNT,69.1235,68.7239,68.4412,67.2903,62.1505,64.8965,63.2493,63.1376
2024-04-04,69.2300,73.6300,69.2100,72.0300,6959700,FTNT,69.0190,68.7721,68.5376,67.3664,62.3404,64.9823,63.2316,63.1982
2024-04-05,70.9100,71.8300,69.3400,69.7500,7475400,FTNT,68.9110,68.9757,68.6336,67.5053,62.5528,65.0997,63.2278,63.2749
2024-04-08,68.3900,70.2400,68.2300,70.0400,5099900,FTNT,68.7630,68.9200,68.6904,67.5400,62.7285,65.1648,63.2142,63.3258
2024-04-09,68.2200,69.1400,67.8000,69.1400,2799300,FTNT,68.6010,68.8533,68.7324,67.5667,62.9077,65.2253,63.1960,63.3745
2024-04-10,68.1300,68.5000,67.0800,67.0800,3641300,FTNT,68.4405,68.7844,68.7660,67.5888,63.0758,65.2828,63.1788,63.4218
2024-04-11,68.2200,68.8600,67.4400,68.6100,2917900,FTNT,68.3425,68.7307,68.7962,67.6135,63.2474,65.3410,63.1646,63.4696
2024-04-12,66.4500,67.7200,65.9300,67.4700,5134700,FTNT,68.2630,68.5135,68.8354,67.5679,63.4077,65.3630,63.1285,63.4992
2024-04-15,64.7300,67.1900,64.5800,67.0800,4911100,FTNT,68.1635,68.1531,68.8010,67.4566,63.5424,65.3504,63.0805,63.5115
2024-04-16,64.4800,65.5700,64.2600,64.6200,3015000,FTNT,68.0100,67.8033,68.7618,67.3399,63.6681,65.3332,63.0275,63.5211
2024-04-17,64.6600,65.5500,64.5000,64.8900,3278400,FTNT,67.8535,67.5039,68.7332,67.2348,63.7889,65.3199,62.9728,63.5325
2024-04-18,64.0300,65.0100,63.5300,64.7700,3087300,FTNT,67.6615,67.1731,68.6642,67.1091,63.8995,65.2943,62.9197,63.5374
2024-04-19,63.4000,64.4100,62.9200,63.7900,4836100,FTNT,67.4030,66.8137,68.5316,66.9637,63.9992,65.2568,62.8651,63.5360
2024-04-22,63.6900,64.2300,62.6100,63.9700,3629200,FTNT,67.1725,66.5162,68.4484,66.8353,64.0987,65.2258,62.8103,63.5376
2024-04-23,64.8000,65.1000,63.9800,64.0800,3544100,FTNT,67.0180,66.3528,68.3356,66.7555,64.2188,65.2174,62.7609,63.5501
2024-04-24,65.4500,65.8000,64.5900,64.8900,3817100,FTNT,66.9180,66.2668,68.2394,66.7043,64.3373,65.2220,62.6989,63.5690
2024-04-25,64.0300,64.6900,62.8700,64.6100,3670800,FTNT,66.7560,66.0538,68.1320,66.5994,64.4520,65.1984,62.6274,63.5736
2024-04-26,64.1800,65.1500,63.9000,64.4200,4138200,FTNT,66.5495,65.8753,67.9980,66.5045,64.5689,65.1782,62.5647,63.5797
2024-04-29,64.3000,65.1400,63.7000,64.3500,3824400,FTNT,66.3735,65.7253,67.8788,66.4181,64.6894,65.1608,62.4950,63.5868
2024-04-30,63.1800,64.4400,63.1600,63.7900,5324400,FTNT,66.0900,65.4829,67.7728,66.2911,64.7960,65.1216,62.4163,63.5828
2024-05-01,63.5300,64.8700,63.1400,63.5100,4337000,FTNT,65.7005,65.2969,67.6852,66.1828,64.9130,65.0901,62.3325,63.5823
2024-05-02,65.2000,65.2600,63.0100,63.1500,8288900,FTNT,65.4990,65.2877,67.6824,66.1443,65.0518,65.0922,62.2573,63.5983
2024-05-03,58.8800,62.4900,58.7900,61.8600,15896600,FTNT,64.8975,64.6774,67.5208,65.8594,65.1190,64.9692,62.1583,63.5514
2024-05-06,58.8100,60.3500,58.4300,59.2500,14472600,FTNT,64.4185,64.1186,67.3442,65.5829,65.1707,64.8473,62.0638,63.5042
2024-05-07,59.4300,60.4000,58.4100,59.0000,18440300,FTNT,63.9790,63.6721,67.1648,65.3417,65.2146,64.7400,61.9702,63.4637
2024-05-08,59.6300,59.8000,57.8400,59.4200,10886900,FTNT,63.5540,63.2871,66.9584,65.1177,65.2574,64.6388,61.8820,63.4255
2024-05-09,58.1100,59.7500,58.0100,59.4000,6929800,FTNT,63.0485,62.7941,66.7304,64.8429,65.2680,64.5095,61.7808,63.3726
2024-05-10,58.1600,59.4000,58.0700,58.2500,3934500,FTNT,62.6340,62.3527,66.5114,64.5808,65.2713,64.3838,61.6853,63.3208
2024-05-13,59.6300,59.9200,58.4000,58.5600,5492000,FTNT,62.3790,62.0934,66.2952,64.3866,65.3065,64.2896,61.6006,63.2841
2024-05-14,60.2000,60.5000,59.2300,59.8000,4269800,FTNT,62.1650,61.9131,66.0714,64.2225,65.3309,64.2087,61.5176,63.2534
2024-05-15,60.7300,61.2800,60.6100,60.8200,3551800,FTNT,61.9685,61.8004,65.9052,64.0855,65.3637,64.1398,61.4326,63.2283
2024-05-16,61.2400,61.3500,59.5800,60.6100,4443100,FTNT,61.8290,61.7470,65.7036,63.9739,65.3910,64.0824,61.3487,63.2085
2024-05-17,61.4300,61.8600,60.7800,61.0400,2799700,FTNT,61.7305,61.7168,65.4708,63.8741,65.4126,64.0298,61.2842,63.1908
2024-05-20,62.3400,62.4100,60.8600,61.1700,2842400,FTNT,61.6630,61.7762,65.2906,63.8140,65.4380,63.9964,61.2171,63.1823
2024-05-21,61.3100,61.8000,59.8500,61.7400,5127600,FTNT,61.4885,61.7318,65.0876,63.7158,65.4577,63.9432,61.2398,63.1637
2024-05-22,61.5700,61.6900,60.7500,61.4300,3048400,FTNT,61.2945,61.7164,64.8922,63.6316,65.4794,63.8962,61.2592,63.1478
2024-05-23,60.9300,62.0800,60.6500,61.9700,3714100,FTNT,61.1395,61.6415,64.7072,63.5257,65.5034,63.8374,61.2710,63.1258
2024-05-24,61.3500,61.7600,60.6800,61.1100,2654000,FTNT,60.9980,61.6137,64.5734,63.4404,65.5391,63.7882,61.2788,63.1081
2024-05-28,59.4500,61.0800,59.2800,61.0000,4875300,FTNT,60.7555,61.4077,64.4280,63.2839,65.5551,63.7023,61.2733,63.0717
2024-05-29,59.7300,60.3000,58.7000,58.9300,4598000,FTNT,60.5830,61.2479,64.2716,63.1445,65.5685,63.6236,61.2735,63.0384
2024-05-30,58.0000,59.2300,57.8600,59.1200,5437000,FTNT,60.3065,60.9386,64.0758,62.9428,65.5651,63.5123,61.2652,62.9883
2024-05-31,59.3200,59.4100,57.7100,58.8700,16363000,FTNT,60.0125,60.7844,63.9048,62.8007,65.5457,63.4293,61.2660,62.9518
2024-06-03,58.8000,59.6100,58.1800,59.6100,3565500,FTNT,60.0085,60.5954,63.7094,62.6438,65.5397,63.3376,61.2691,62.9105
2024-06-04,58.6400,59.4800,58.6100,58.6600,3688000,FTNT,60.0000,60.4092,63.5162,62.4868,65.5124,63.2446,61.2752,62.8680
2024-06-05,59.7100,60.1400,58.4500,59.3900,3614700,FTNT,60.0140,60.3426,63.3526,62.3779,65.4870,63.1746,61.2880,62.8366
2024-06-06,59.7500,60.0600,59.2100,59.8400,3060300,FTNT,60.0200,60.2862,63.1986,62.2749,65.4601,63.1068,61.2948,62.8059
2024-06-07,59.7200,59.9900,59.0100,59.3800,2613200,FTNT,60.1005,60.2322,63.0476,62.1747,65.4373,63.0397,61.3018,62.7752
2024-06-10,60.0900,60.2500,58.9400,59.1100,3462500,FTNT,60.1970,60.2187,62.8832,62.0929,65.4320,62.9813,61.3063,62.7484
2024-06-11,59.7400,60.0900,58.1600,60.0000,5133400,FTNT,60.2025,60.1731,62.7216,62.0006,65.4153,62.9171,61.3142,62.7185
2024-06-12,60.6200,60.7500,59.0500,59.6900,5706000,FTNT,60.2235,60.2157,62.5570,61.9465,65.4125,62.8716,61.3233,62.6976
2024-06-13,60.2300,60.6900,59.6500,60.5100,3574800,FTNT,60.1985,60.2170,62.3352,61.8792,65.3882,62.8193,61.3309,62.6731
2024-06-14,60.7800,60.8900,60.1300,60.4500,3212900,FTNT,60.1755,60.2706,62.1662,61.8361,65.3519,62.7789,61.3317,62.6542
2024-06-17,60.9000,61.4800,60.1800,60.6400,4979300,FTNT,60.1490,60.3306,61.9660,61.7994,65.2998,62.7417,61.3301,62.6368
2024-06-18,59.1500,61.2500,59.0000,60.8800,5501800,FTNT,59.9895,60.2181,61.7812,61.6955,65.2358,62.6706,61.3248,62.6021
2024-06-20,57.9400,58.7600,57.1700,58.6000,10407500,FTNT,59.8210,60.0012,61.5756,61.5482,65.1540,62.5769,61.3101,62.5557
2024-06-21,58.5600,58.6500,57.7700,58.2800,16729000,FTNT,59.6705,59.8639,61.3842,61.4310,65.0751,62.4974,61.2934,62.5159
2024-06-24,58.2800,59.1800,58.2600,58.4000,4147900,FTNT,59.5380,59.7131,61.1854,61.3074,64.9908,62.4139,61.2736,62.4738
2024-06-25,58.6900,59.0800,57.9000,58.4400,5203700,FTNT,59.4050,59.6156,61.0302,61.2048,64.9328,62.3401,61.2512,62.4361
2024-06-26,58.1100,58.4300,57.0000,58.1700,6374200,FTNT,59.3380,59.4722,60.8978,61.0834,64.8494,62.2564,61.2214,62.3931
2024-06-27,60.0400,60.1800,57.9300,58.3100,5019500,FTNT,59.3535,59.5263,60.8090,61.0425,64.7854,62.2125,61.1963,62.3697
2024-06-28,60.2700,60.8400,59.7900,60.0300,7987400,FTNT,59.4670,59.5971,60.7212,61.0122,64.7272,62.1740,61.1801,62.3488
2024-07-01,59.8500,60.4300,59.5800,60.4300,4884500,FTNT,59.4935,59.6212,60.6376,60.9666,64.6509,62.1280,61.1663,62.3239
2024-07-02,61.0100,61.0400,59.6600,59.6600,4604900,FTNT,59.6040,59.7535,60.5898,60.9683,64.5607,62.1058,61.1558,62.3109
2024-07-03,60.7300,61.4800,60.6600,61.1400,3039800,FTNT,59.7085,59.8465,60.5306,60.9590,64.4895,62.0786,61.1544,62.2951
2024-07-05,61.0900,61.3800,60.3700,60.6200,3120600,FTNT,59.7775,59.9649,60.4564,60.9641,64.3960,62.0590,61.1576,62.2831
2024-07-08,60.1100,61.0500,59.5200,60.9800,4845400,FTNT,59.7955,59.9787,60.3496,60.9306,64.2945,62.0204,61.1559,62.2615
2024-07-09,60.2800,60.7800,59.3200,60.2600,3563500,FTNT,59.8235,60.0074,60.2746,60.9051,64.2033,61.9860,61.1566,62.2418
2024-07-10,59.5900,60.5500,58.9800,60.5000,3905200,FTNT,59.7985,59.9677,60.1828,60.8536,64.0904,61.9385,61.1606,62.2154
2024-07-11,58.7900,59.9200,58.7800,59.6300,4377700,FTNT,59.7510,59.8555,60.0726,60.7726,63.9757,61.8762,61.1634,62.1813
2024-07-12,59.5500,59.9000,58.7700,58.9300,4398900,FTNT,59.6975,59.8264,60.0000,60.7247,63.8864,61.8301,61.1706,62.1551
2024-07-15,59.9000,60.7200,59.2600,59.7400,3879500,FTNT,59.6810,59.8334,59.9274,60.6923,63.8063,61.7919,61.1829,62.1327
2024-07-16,59.4800,60.2700,59.4100,60.1500,4158800,FTNT,59.6160,59.7998,59.8130,60.6448,63.7477,61.7461,61.1896,62.1063
2024-07-17,59.1100,59.5900,57.9700,58.4900,7022600,FTNT,59.5265,59.7341,59.8176,60.5846,63.6692,61.6939,61.1922,62.0765
2024-07-18,58.1300,60.5100,58.0700,60.4800,5599000,FTNT,59.4755,59.5813,59.8040,60.4884,63.5741,61.6233,61.1894,62.0372
2024-07-19,58.4800,58.7800,57.5800,58.1200,8563200,FTNT,59.5025,59.4764,59.7850,60.4096,63.4749,61.5611,61.1887,62.0018
2024-07-22,58.4500,59.0000,58.0400,59.0000,4386500,FTNT,59.4970,59.3787,59.7614,60.3327,63.3599,61.4995,61.1929,61.9665
2024-07-23,57.9400,58.9500,57.6800,58.3400,5989400,FTNT,59.4800,59.2416,59.7580,60.2389,63.2442,61.4290,61.1913,61.9264
2024-07-24,56.6400,58.7000,56.5200,57.8300,5379100,FTNT,59.3775,58.9939,59.7276,60.0978,63.1195,61.3342,61.1844,61.8738
2024-07-25,57.3100,58.6200,56.8100,57.1300,5262400,FTNT,59.3375,58.8335,59.6812,59.9885,62.9882,61.2545,61.1713,61.8284
2024-07-26,57.0000,57.8100,56.8400,57.6600,4245000,FTNT,59.1855,58.6589,59.6172,59.8713,62.8443,61.1702,61.1587,61.7804
2024-07-29,57.3900,58.0600,56.4200,57.0000,4001700,FTNT,59.0415,58.5380,59.5504,59.7740,62.7278,61.0954,61.1487,61.7367
2024-07-30,57.5000,58.4500,56.9300,57.4900,4116100,FTNT,58.9240,58.4392,59.4756,59.6848,62.5896,61.0242,61.1413,61.6945
2024-07-31,58.0400,59.0700,57.9400,58.3000,4676300,FTNT,58.7755,58.4012,59.4078,59.6203,62.4393,60.9651,61.1415,61.6582
2024-08-01,57.2000,58.3000,56.4700,58.0300,4542900,FTNT,58.5990,58.2868,59.3050,59.5254,62.2978,60.8905,61.1387,61.6138
2024-08-02,56.5100,56.7500,55.5200,56.6200,5940800,FTNT,58.3700,58.1175,59.2090,59.4071,62.1483,60.8038,61.1256,61.5630
2024-08-05,55.3900,56.3600,54.5700,54.9100,7664700,FTNT,58.1340,57.8578,59.0854,59.2496,61.9888,60.6966,61.1093,61.5016
2024-08-06,55.8100,56.8600,55.1900,56.0000,9433800,FTNT,57.9105,57.6628,58.9830,59.1147,61.8451,60.5998,61.1000,61.4450
2024-08-07,69.9300,71.8200,65.0000,65.6800,23535600,FTNT,58.4275,58.8311,59.1546,59.5388,61.8640,60.7846,61.1608,61.5294
2024-08-08,68.6800,70.9900,68.3900,69.7200,10955100,FTNT,58.9220,59.7691,59.3392,59.8973,61.8836,60.9409,61.2224,61.6005
2024-08-09,69.6900,69.9800,67.9700,68.9900,6988600,FTNT,59.4290,60.7139,59.5384,60.2813,61.9050,61.1142,61.2903,61.6810
2024-08-12,70.3600,71.5400,69.4000,69.8000,6173300,FTNT,59.9520,61.6326,59.7856,60.6766,61.9307,61.2973,61.3544,61.7674
2024-08-13,71.5000,71.5900,69.6500,70.3200,5524300,FTNT,60.5530,62.5723,60.0292,61.1010,61.9670,61.4993,61.4322,61.8642
2024-08-14,72.7900,73.6700,71.4400,71.6100,6099300,FTNT,61.2370,63.5454,60.3090,61.5594,62.0092,61.7229,61.5176,61.9729
2024-08-15,73.4000,73.8300,72.5300,73.2800,4589800,FTNT,62.0005,64.4840,60.6042,62.0237,62.0602,61.9541,61.6033,62.0866
2024-08-16,74.7200,74.9000,72.9000,73.2500,4798600,FTNT,62.8125,65.4588,60.9044,62.5216,62.1285,62.2069,61.6953,62.2124
2024-08-19,74.7700,75.1900,74.3600,74.6900,5248300,FTNT,63.6285,66.3456,61.2048,63.0020,62.2017,62.4557,61.7833,62.3373
2024-08-20,75.5700,76.3100,74.7700,75.0000,5733200,FTNT,64.5100,67.2241,61.5218,63.4948,62.2847,62.7154,61.8746,62.4690
2024-08-21,75.4200,75.8000,74.6400,75.3000,3065800,FTNT,65.4490,68.0047,61.8284,63.9625,62.3558,62.9669,61.9637,62.5978
2024-08-22,74.4900,75.8100,74.3900,75.6000,5006800,FTNT,66.3080,68.6223,62.1234,64.3753,62.4225,63.1951,62.0838,62.7162
2024-08-23,74.7300,75.1000,73.7500,74.8800,3182500,FTNT,67.1945,69.2040,62.4056,64.7814,62.4813,63.4235,62.2069,62.8357
2024-08-26,75.1800,75.4000,74.8000,74.9800,2751200,FTNT,68.0840,69.7732,62.7046,65.1892,62.5199,63.6563,62.3352,62.9585
2024-08-27,75.9700,75.9900,74.6100,74.8500,2471100,FTNT,69.0075,70.3633,63.0084,65.6120,62.5873,63.9002,62.4639,63.0880
2024-08-28,75.6100,76.2800,75.1900,76.0000,2635300,FTNT,69.8860,70.8630,63.3026,66.0040,62.6343,64.1320,62.5936,63.2126
2024-08-29,76.2700,77.1800,75.5400,76.0000,3054500,FTNT,70.8395,71.3780,63.6450,66.4066,62.7131,64.3724,62.7208,63.3425
2024-08-30,76.7100,76.9100,76.0800,76.3100,3585700,FTNT,71.8495,71.8858,64.0204,66.8107,62.7980,64.6167,62.8529,63.4755
2024-09-03,77.1300,78.0800,76.0800,76.6200,5807900,FTNT,72.9365,72.3852,64.3918,67.2154,62.8880,64.8645,62.9819,63.6114
2024-09-04,76.8700,77.1800,75.7100,76.5500,4181600,FTNT,73.9895,72.8124,64.7636,67.5940,62.9745,65.1022,63.1110,63.7433
2024-09-05,75.8000,76.6700,75.2500,76.4400,4469100,FTNT,74.2830,73.0969,65.1058,67.9158,63.0680,65.3141,63.2379,63.8633
2024-09-06,75.1600,76.4200,74.6000,76.0200,5364400,FTNT,74.6070,73.2934,65.4468,68.1999,63.1723,65.5090,63.3574,63.9757
2024-09-09,75.1000,75.9200,74.9200,75.2700,4088900,FTNT,74.8775,73.4654,65.7480,68.4705,63.2785,65.6990,63.4733,64.0864
2024-09-10,76.0700,76.1300,75.0200,75.4300,3853900,FTNT,75.1630,73.7135,66.0640,68.7685,63.3926,65.9043,63.5908,64.2056
2024-09-11,76.6400,76.8400,74.7100,75.7800,4102300,FTNT,75.4200,73.9922,66.3998,69.0772,63.5187,66.1169,63.7091,64.3294
2024-09-12,74.4900,76.8900,73.2900,76.8500,8617100,FTNT,75.5050,74.0396,66.6694,69.2894,63.6296,66.2827,63.8144,64.4305
2024-09-13,75.0100,75.6000,74.1300,74.6700,4637500,FTNT,75.5855,74.1320,66.9550,69.5138,63.7428,66.4555,63.9208,64.5357
2024-09-16,76.3400,76.6500,74.8000,74.8700,4401900,FTNT,75.6665,74.3423,67.2600,69.7815,63.8582,66.6513,64.0385,64.6532
2024-09-17,75.6100,76.4700,75.3800,76.1000,2677900,FTNT,75.7085,74.4630,67.5700,70.0100,63.9598,66.8287,64.1486,64.7622
2024-09-18,74.6800,75.8400,74.5400,75.8100,2876400,FTNT,75.6640,74.4837,67.8580,70.1932,64.0663,66.9841,64.2592,64.8609
2024-09-19,75.6600,76.2000,74.8500,76.0800,3947400,FTNT,75.6760,74.5957,68.1794,70.4076,64.1811,67.1559,64.3750,64.9683
2024-09-20,76.7800,76.8600,75.5200,75.5200,12542800,FTNT,75.7905,74.8038,68.5392,70.6575,64.3059,67.3465,64.4977,65.0859
2024-09-23,77.4400,77.8200,76.9700,77.2000,3252200,FTNT,75.9260,75.0548,68.8970,70.9234,64.4485,67.5464,64.6223,65.2088
2024-09-24,77.4600,78.1800,77.1300,77.3700,2943100,FTNT,76.0400,75.2839,69.2482,71.1798,64.5878,67.7427,64.7504,65.3307
2024-09-25,76.6100,77.8300,75.9400,77.4200,4286300,FTNT,76.0720,75.4102,69.5908,71.3927,64.7019,67.9183,64.8769,65.4429
2024-09-26,77.2100,77.7400,76.0700,77.1400,5170100,FTNT,76.1520,75.5816,69.9528,71.6209,64.8852,68.1023,65.0021,65.5600
2024-09-27,77.4500,77.7800,76.4300,77.2000,2987900,FTNT,76.2110,75.7595,70.3392,71.8494,65.0716,68.2874,65.1212,65.6783
2024-09-30,77.5500,78.0800,76.7100,77.6500,3453100,FTNT,76.2530,75.9301,70.7206,72.0730,65.2528,68.4708,65.2337,65.7965
2024-10-01,76.4900,78.5000,76.1800,78.2100,3966200,FTNT,76.2210,75.9834,71.0814,72.2462,65.4214,68.6296,65.3394,65.9029
2024-10-02,77.5900,77.8300,76.0000,76.4900,3000100,FTNT,76.2570,76.1364,71.4744,72.4558,65.6162,68.8070,65.4421,66.0191
2024-10-03,76.9800,77.6100,76.7800,77.3000,3717000,FTNT,76.3160,76.2167,71.8812,72.6332,65.8044,68.9689,65.5379,66.1282
2024-10-04,78.0100,78.2000,76.8200,77.6900,3144100,FTNT,76.4585,76.3875,72.2952,72.8441,65.9882,69.1479,65.6474,66.2464
2024-10-07,77.4800,79.0800,77.3400,78.0200,4213000,FTNT,76.5775,76.4916,72.7048,73.0259,66.1610,69.3129,65.7460,66.3582
2024-10-08,77.7800,78.0400,76.8200,77.8100,3879100,FTNT,76.6630,76.6143,73.1126,73.2123,66.3315,69.4806,65.8476,66.4719
2024-10-09,80.3300,80.3700,78.0000,78.0700,4709400,FTNT,76.8475,76.9682,73.5692,73.4914,66.5224,69.6954,65.9567,66.6098
2024-10-10,82.4800,82.5000,79.6600,79.6600,5288300,FTNT,77.2470,77.4931,74.0580,73.8439,66.7329,69.9486,66.0728,66.7677
2024-10-11,82.8700,83.0400,81.9200,82.4400,2966200,FTNT,77.6400,78.0052,74.5714,74.1979,66.9382,70.2044,66.1881,66.9279
2024-10-14,82.8300,83.7700,81.9300,83.4500,2777100,FTNT,77.9645,78.4647,75.0978,74.5364,67.1534,70.4544,66.3056,67.0861
2024-10-15,82.6400,82.9900,82.1800,82.6600,5379000,FTNT,78.3160,78.8623,75.6428,74.8542,67.3641,70.6957,66.4218,67.2409
2024-10-16,82.1200,82.6100,81.4000,82.6100,2696400,FTNT,78.6880,79.1726,76.1690,75.1391,67.5760,70.9220,66.5397,67.3889
2024-10-17,80.8600,81.7200,79.5600,80.0200,4093100,FTNT,78.9480,79.3333,76.3876,75.3635,67.7711,71.1188,66.6551,67.5230
2024-10-18,81.0700,81.2900,80.2400,80.5100,2955900,FTNT,79.1625,79.4987,76.6354,75.5872,67.9873,71.3158,66.7712,67.6578
2024-10-21,82.0500,83.2200,81.7700,82.6600,3798900,FTNT,79.3930,79.7417,76.8826,75.8407,68.2105,71.5284,66.8895,67.8010
2024-10-22,82.4400,82.9700,81.2000,81.3800,3046800,FTNT,79.6420,79.9987,77.1242,76.0995,68.4549,71.7444,67.0100,67.9466
2024-10-23,80.3700,82.8900,80.2400,82.0300,4067900,FTNT,79.8300,80.0340,77.3016,76.2670,68.6654,71.9152,67.1056,68.0703
2024-10-24,80.6200,81.3400,80.3600,80.6500,2828600,FTNT,80.0005,80.0898,77.4582,76.4377,68.8836,72.0876,67.2117,68.1951
2024-10-25,80.3400,81.8000,80.2200,80.7900,3111700,FTNT,80.1450,80.1137,77.5970,76.5907,69.1006,72.2510,67.3065,68.3160
2024-10-28,80.7600,81.4800,80.4700,81.1600,2492200,FTNT,80.3055,80.1752,77.7178,76.7542,69.3111,72.4195,67.3991,68.4398
2024-10-29,79.3700,80.3900,78.5100,79.7700,3806000,FTNT,80.4495,80.0985,77.8098,76.8568,69.5073,72.5572,67.4837,68.5486
2024-10-30,78.7400,79.9200,78.5900,79.2500,2595500,FTNT,80.5070,79.9691,77.8732,76.9306,69.6975,72.6796,67.5674,68.6500
2024-10-31,78.6600,79.5100,78.1500,78.9900,4584900,FTNT,80.5910,79.8445,77.9380,76.9984,69.8832,72.7980,67.6576,68.7496
2024-11-01,78.8000,79.4200,77.8200,78.1800,4055400,FTNT,80.6305,79.7450,78.0242,77.0691,70.0738,72.9169,67.7446,68.8496
2024-11-04,78.8400,79.3700,77.8000,78.6300,3488000,FTNT,80.6985,79.6588,78.1064,77.1385,70.2560,73.0342,67.8343,68.9490
2024-11-05,77.9200,79.4500,77.7200,79.3500,4408000,FTNT,80.7055,79.4932,78.1612,77.1692,70.4329,73.1309,67.9106,69.0382
2024-11-06,80.8700,81.0800,79.7800,80.2100,5711300,FTNT,80.7325,79.6243,78.2592,77.3143,70.6338,73.2842,67.9929,69.1560
2024-11-07,83.6800,83.8300,81.5000,82.4500,6375000,FTNT,80.7925,80.0106,78.4206,77.5640,70.8616,73.4900,68.0807,69.3005
2024-11-08,92.0400,92.5300,84.2600,84.5000,13790400,FTNT,81.2510,81.1562,78.7360,78.1316,71.1905,73.8573,68.2132,69.5267
2024-11-11,97.1800,97.3500,92.3000,92.4200,8393300,FTNT,81.9685,82.6823,79.1454,78.8786,71.5829,74.3192,68.3685,69.8019
2024-11-12,99.1500,99.5100,96.9100,97.1600,7146000,FTNT,82.7940,84.2507,79.5858,79.6736,71.9888,74.8109,68.5320,70.0939
2024-11-13,97.8800,100.5900,97.6000,98.0500,6571800,FTNT,83.5820,85.5487,80.0060,80.3876,72.3848,75.2677,68.6878,70.3704
2024-11-14,94.4600,97.0600,94.1100,96.5400,7275800,FTNT,84.2620,86.3974,80.3792,80.9394,72.7425,75.6477,68.8377,70.6101
2024-11-15,94.2000,96.3800,92.7300,94.8000,5915600,FTNT,84.9185,87.1405,80.7600,81.4595,73.1034,76.0151,68.9764,70.8448
2024-11-18,91.8800,96.7400,90.9600,94.5700,8702100,FTNT,85.4100,87.5919,81.0956,81.8681,73.4218,76.3293,69.1036,71.0541
2024-11-19,90.7900,91.7800,89.6700,90.5900,5706900,FTNT,85.8275,87.8965,81.3900,82.2180,73.7270,76.6156,69.2271,71.2505
2024-11-20,92.4500,92.4900,90.6100,91.3000,5026800,FTNT,86.4315,88.3301,81.7062,82.6192,74.0530,76.9292,69.3520,71.4614
2024-11-21,94.0200,94.3500,92.5200,93.0000,4379700,FTNT,87.1015,88.8720,82.0968,83.0663,74.3831,77.2676,69.4719,71.6859
2024-11-22,92.7700,94.5000,92.3300,94.3200,4060500,FTNT,87.7230,89.2433,82.4520,83.4469,74.7035,77.5746,69.5965,71.8957
2024-11-25,93.1200,94.9000,92.6800,93.1100,8804500,FTNT,88.3410,89.6125,82.7876,83.8262,75.0238,77.8824,69.7099,72.1069
2024-11-26,96.4400,96.7000,93.9700,93.9700,4729300,FTNT,89.1945,90.2627,83.2042,84.3209,75.3871,78.2499,69.8408,72.3490
2024-11-27,94.0600,96.7900,93.8600,96.6800,3834700,FTNT,89.9605,90.6244,83.5918,84.7028,75.7249,78.5630,69.9641,72.5650
2024-11-29,95.0500,95.4700,94.1100,94.3300,2124100,FTNT,90.7800,91.0458,83.9796,85.1086,76.0795,78.8894,70.0850,72.7888
2024-12-02,95.3200,97.1800,94.9300,95.3600,4379500,FTNT,91.6060,91.4529,84.3504,85.5090,76.4448,79.2148,70.2103,73.0130
2024-12-03,95.2900,95.7900,93.3800,95.0000,3716700,FTNT,92.4285,91.8183,84.7074,85.8926,76.8022,79.5331,70.3443,73.2346
2024-12-04,98.1900,98.5000,96.0500,96.9900,4979200,FTNT,93.4420,92.4252,85.1220,86.3748,77.1851,79.9026,70.4957,73.4829
2024-12-05,98.4600,99.7400,97.7000,98.3100,3940700,FTNT,94.3215,92.9999,85.5590,86.8488,77.5749,80.2700,70.6613,73.7315
2024-12-06,99.2100,99.7100,98.1000,98.5200,3219900,FTNT,95.0980,93.5914,85.9990,87.3335,77.9759,80.6451,70.8226,73.9850
2024-12-09,97.0400,100.4000,96.2000,99.7100,4260800,FTNT,95.3480,93.9198,86.3908,87.7142,78.3650,80.9697,70.9696,74.2144
2024-12-10,97.1300,98.3700,96.0600,96.5200,3915600,FTNT,95.3455,94.2255,86.7824,88.0834,78.7515,81.2897,71.1132,74.4424
2024-12-11,98.0400,98.6800,97.0300,98.0000,3417400,FTNT,95.2900,94.5888,87.2134,88.4739,79.1474,81.6214,71.2537,74.6772
2024-12-12,98.6000,98.9000,97.2500,98.0400,2859800,FTNT,95.3260,94.9708,87.6336,88.8710,79.5540,81.9576,71.3991,74.9152
2024-12-13,97.9500,99.1900,96.8600,98.2900,3165900,FTNT,95.5005,95.2546,88.0530,89.2270,79.9671,82.2743,71.5433,75.1444
2024-12-16,98.1600,98.5000,97.0300,98.2100,3822400,FTNT,95.6985,95.5313,88.4560,89.5773,80.3756,82.5889,71.6819,75.3735
2024-12-17,97.6200,99.3700,97.0100,98.1600,4009800,FTNT,95.9855,95.7302,88.8588,89.8927,80.7818,82.8865,71.8131,75.5948
2024-12-18,93.3600,98.5700,92.8300,98.0500,5751000,FTNT,96.1140,95.5045,89.1704,90.0287,81.1415,83.0939,71.9347,75.7716
2024-12-19,94.8500,96.8700,94.2300,95.9400,4582600,FTNT,96.2340,95.4421,89.4608,90.2178,81.5150,83.3267,72.0523,75.9614
2024-12-20,97.1900,97.8300,93.3600,93.7200,13324400,FTNT,96.3925,95.6086,89.7550,90.4912,81.9065,83.6012,72.1729,76.1726
2024-12-23,96.4200,97.0700,95.3400,96.9300,3107900,FTNT,96.5750,95.6859,90.0260,90.7237,82.2987,83.8551,72.2983,76.3741
2024-12-24,97.8100,97.8300,96.3200,96.6500,1764900,FTNT,96.8095,95.8882,90.3256,91.0016,82.7117,84.1314,72.4300,76.5874
2024-12-26,97.2900,97.6000,96.7300,97.1600,1661500,FTNT,96.8520,96.0217,90.6186,91.2482,83.1307,84.3920,72.5598,76.7934
2024-12-27,96.0800,96.5100,94.8000,96.5100,2774700,FTNT,96.9530,96.0272,90.8978,91.4377,83.5334,84.6234,72.6893,76.9853
2024-12-30,95.1300,95.7300,94.0000,94.8800,2127900,FTNT,96.9570,95.9418,91.1832,91.5825,83.7854,84.8315,72.8247,77.1659
2024-12-31,94.4800,96.0000,93.8700,95.7900,2183900,FTNT,96.9150,95.8026,91.4514,91.6961,84.0434,85.0225,72.9635,77.3381
2025-01-02,94.7500,96.1700,93.2100,95.3600,2850700,FTNT,96.8880,95.7023,91.7054,91.8159,84.2940,85.2152,73.0995,77.5114
2025-01-03,97.4700,98.3800,95.3700,95.7300,4270700,FTNT,96.8520,95.8707,92.0060,92.0376,84.5651,85.4578,73.2479,77.7100
2025-01-06,97.9400,101.0000,97.1200,100.8800,4193200,FTNT,96.8260,96.0678,92.3574,92.2691,84.8295,85.7050,73.3983,77.9113
2025-01-07,95.9300,98.0000,94.4000,97.6900,4006900,FTNT,96.6620,96.0546,92.6636,92.4126,85.0609,85.9075,73.5351,78.0906
2025-01-08,96.0400,96.2700,93.3300,95.2000,4756100,FTNT,96.6120,96.0532,92.9776,92.5549,85.2873,86.1081,73.6738,78.2692
2025-01-10,94.5600,95.6700,94.1500,95.4400,4019400,FTNT,96.4835,95.9110,93.2536,92.6335,85.4857,86.2755,73.8071,78.4313
2025-01-13,93.8300,94.3500,92.6400,93.9700,4148800,FTNT,96.2730,95.7128,93.5428,92.6804,85.6763,86.4251,73.9390,78.5845
2025-01-14,92.4900,93.3300,90.8000,92.5700,5432800,FTNT,95.9675,95.4059,93.8178,92.6730,85.8455,86.5452,74.0651,78.7228
2025-01-15,93.0600,94.1600,92.7600,93.8800,4846800,FTNT,95.7230,95.1825,94.1058,92.6881,86.0219,86.6742,74.1889,78.8655
2025-01-16,94.0500,94.8500,93.4100,93.9200,2907900,FTNT,95.5175,95.0746,94.4108,92.7415,86.2175,86.8202,74.3200,79.0166
2025-01-17,94.2300,96.0900,93.8800,96.0900,4917000,FTNT,95.3480,94.9942,94.7186,92.7999,86.4125,86.9670,74.4469,79.1680
2025-01-21,97.2000,97.2800,94.8200,95.6500,3850100,FTNT,95.5400,95.2043,95.1042,92.9725,86.6327,87.1696,74.5763,79.3474
2025-01-22,98.2400,98.3400,96.5900,98.0000,3542100,FTNT,95.7095,95.4934,95.4516,93.1790,86.8554,87.3888,74.7214,79.5354
2025-01-23,97.4500,98.0700,95.9400,97.6500,3704700,FTNT,95.7225,95.6797,95.7270,93.3465,87.0738,87.5880,74.8541,79.7136
2025-01-24,96.9000,97.5700,96.1100,97.5700,4139600,FTNT,95.7465,95.7959,95.8242,93.4859,87.2801,87.7724,74.9966,79.8846
2025-01-27,96.7700,98.3300,94.1000,94.9100,4245500,FTNT,95.6945,95.8887,95.8160,93.6147,87.4807,87.9506,75.1394,80.0527
2025-01-28,99.8300,100.3800,95.5500,96.5300,4380100,FTNT,95.8215,96.2641,95.8296,93.8584,87.7077,88.1858,75.2979,80.2494
2025-01-29,99.3300,100.2100,98.2000,99.9200,3124500,FTNT,95.9840,96.5561,95.8586,94.0730,87.9323,88.4065,75.4534,80.4393
2025-01-30,100.9300,102.1700,100.0200,100.4100,4168500,FTNT,96.2740,96.9726,95.9880,94.3419,88.1836,88.6545,75.6258,80.6432
2025-01-31,100.8800,102.8700,100.4700,101.1400,4089800,FTNT,96.5940,97.3448,96.1216,94.5983,88.4408,88.8966,75.8066,80.8446
2025-02-03,100.9000,101.4100,98.1200,98.8700,4943900,FTNT,96.9015,97.6834,96.3020,94.8454,88.6988,89.1343,75.9887,81.0441
2025-02-04,102.7800,102.8300,100.7000,101.0000,3900000,FTNT,97.1670,98.1687,96.5418,95.1566,88.9659,89.4045,76.1793,81.2604
2025-02-05,105.0700,105.1200,101.8500,103.1500,4160000,FTNT,97.5235,98.8260,96.7942,95.5453,89.2502,89.7147,76.3845,81.4973
2025-02-06,104.7200,105.8200,103.9600,105.4000,6937700,FTNT,97.9630,99.3873,97.0082,95.9051,89.5525,90.0118,76.5911,81.7284
2025-02-07,107.6600,110.5300,102.3700,109.4900,11183600,FTNT,98.5440,100.1752,97.3060,96.3661,89.8790,90.3613,76.8109,81.9864
2025-02-10,109.5500,110.9900,107.4500,108.6500,5111300,FTNT,99.2935,101.0681,97.6346,96.8831,90.2111,90.7413,77.0347,82.2607
2025-02-11,108.3300,110.3300,107.8100,109.5000,4430100,FTNT,100.0185,101.7597,97.8724,97.3320,90.5383,91.0896,77.2491,82.5201
2025-02-12,107.7000,107.8000,104.2700,107.0300,4412300,FTNT,100.7790,102.3254,98.1452,97.7386,90.8685,91.4185,77.4674,82.7706
2025-02-13,109.9800,110.0300,107.6100,108.9900,3601400,FTNT,101.6250,103.0544,98.4438,98.2186,91.2117,91.7861,77.6964,83.0413
2025-02-14,111.6400,112.3700,108.7200,110.2700,4981100,FTNT,102.5045,103.8721,98.7702,98.7450,91.5603,92.1792,77.9331,83.3259
2025-02-18,114.2600,114.8200,112.4600,112.7000,6666600,FTNT,103.5060,104.8614,99.1496,99.3534,91.9285,92.6164,78.1885,83.6337
2025-02-19,114.5700,114.6300,111.8800,114.1100,4912100,FTNT,104.3745,105.7860,99.4772,99.9501,92.2996,93.0512,78.4437,83.9415
2025-02-20,114.2100,114.5300,110.8300,113.8000,6895600,FTNT,105.1730,106.5883,99.7922,100.5093,92.6756,93.4702,78.6888,84.2427
2025-02-21,110.0200,114.5700,109.9300,113.9600,5172100,FTNT,105.8015,106.9152,100.0084,100.8823,93.0037,93.7979,78.9445,84.4992
2025-02-24,108.6900,110.0200,107.3300,109.3200,5413900,FTNT,106.3910,107.0842,100.2414,101.1885,93.3161,94.0928,79.1939,84.7399
2025-02-25,108.0600,108.5700,105.7800,108.0800,4429600,FTNT,106.9555,107.1771,100.4600,101.4580,93.6212,94.3693,79.4370,84.9719
2025-02-26,109.0200,110.2900,107.8300,108.4600,3799700,FTNT,107.4150,107.3526,100.6796,101.7545,93.9465,94.6595,79.6840,85.2112
2025-02-27,107.0900,111.3100,107.0000,109.9800,4305500,FTNT,107.8030,107.3276,100.8494,101.9638,94.2415,94.9056,79.9289,85.4289
2025-02-28,108.0100,108.2600,105.9000,106.9800,5126300,FTNT,108.1570,107.3926,101.0506,102.2009,94.5518,95.1651,80.1781,85.6536
2025-03-03,106.5400,110.6700,106.0400,108.8200,5292000,FTNT,108.4400,107.3114,101.2182,102.3710,94.8371,95.3903,80.4127,85.8614
2025-03-04,106.4800,107.7100,103.9300,106.8100,5443000,FTNT,108.7190,107.2322,101.3954,102.5322,95.1271,95.6099,80.6441,86.0666
2025-03-05,106.8000,107.5000,103.7200,105.3800,4953800,FTNT,108.9200,107.1911,101.6642,102.6995,95.4173,95.8315,80.8744,86.2729
2025-03-06,101.7200,106.6800,101.5000,105.6500,4443100,FTNT,108.7525,106.6700,101.8016,102.6611,95.6312,95.9481,81.0768,86.4266
2025-03-07,101.2800,102.3500,98.0500,102.0000,5560900,FTNT,108.5805,106.1567,101.8834,102.6070,95.8192,96.0537,81.2761,86.5744
2025-03-10,96.0400,99.5400,95.7200,99.3200,5573600,FTNT,107.9995,105.1932,101.8758,102.3494,95.9509,96.0534,81.4446,86.6686
2025-03-11,98.2800,99.9400,95.5000,96.4900,6312000,FTNT,107.4360,104.5348,101.8852,102.1898,96.1054,96.0975,81.6294,86.7841
2025-03-12,97.9300,100.8500,97.6100,99.5300,4301600,FTNT,106.9160,103.9058,101.8980,102.0228,96.2583,96.1338,81.8112,86.8950
2025-03-13,93.4200,97.5000,93.2700,97.4000,4261600,FTNT,106.2020,102.9071,101.8448,101.6854,96.3713,96.0801,81.9737,86.9600
2025-03-14,96.2500,96.6900,94.0000,94.6400,3973000,FTNT,105.5155,102.2731,101.8672,101.4723,96.5252,96.0834,82.1482,87.0524
2025-03-17,96.6700,97.4900,95.5800,95.7400,4146300,FTNT,104.7670,101.7395,101.9110,101.2839,96.6812,96.0951,82.3343,87.1481
2025-03-18,96.9100,97.2900,94.8100,96.0800,3481400,FTNT,103.8995,101.2795,101.9542,101.1124,96.8298,96.1112,82.5202,87.2452
2025-03-19,98.1700,99.1800,97.0600,97.3300,4320800,FTNT,103.0795,100.9834,101.9682,100.9970,96.9871,96.1520,82.7210,87.3539
2025-03-20,98.4500,99.5900,97.1100,97.1400,4249100,FTNT,102.2915,100.7421,101.9784,100.8971,97.1679,96.1975,82.9167,87.4643
2025-03-21,98.6500,98.7300,95.9400,97.3200,5778500,FTNT,101.7230,100.5429,102.0328,100.8090,97.3482,96.2460,83.1159,87.5756
2025-03-24,99.7900,100.2900,98.8100,100.0000,4047000,FTNT,101.2780,100.4712,102.1078,100.7691,97.5427,96.3162,83.3217,87.6972
2025-03-25,102.0900,102.2200,99.5500,99.7200,3423600,FTNT,100.9795,100.6253,102.2584,100.8209,97.7560,96.4305,83.5336,87.8404
2025-03-26,101.0100,102.3400,100.4200,101.6200,2997300,FTNT,100.5790,100.6620,102.4020,100.8283,97.9724,96.5212,83.7399,87.9714
2025-03-27,99.5400,100.9700,98.9900,100.2600,3358300,FTNT,100.2015,100.5551,102.5430,100.7778,98.1804,96.5810,83.9390,88.0865
2025-03-28,96.6000,99.4800,95.3700,99.0700,4501200,FTNT,99.6310,100.1784,102.6138,100.6139,98.3598,96.5814,84.1215,88.1712
2025-03-31,96.2600,96.9700,93.2600,94.4600,6285500,FTNT,99.1170,99.8053,102.6580,100.4432,98.5344,96.5750,84.3041,88.2517
2025-04-01,96.6700,96.8300,94.5400,95.2200,4109000,FTNT,98.6265,99.5067,102.7068,100.2952,98.7127,96.5769,84.4844,88.3355
2025-04-02,98.0800,98.4000,95.0000,95.0800,3438300,FTNT,98.1905,99.3708,102.7244,100.2083,98.9143,96.6067,84.6736,88.4325
2025-04-03,89.4400,93.4800,89.3300,92.7600,8699100,FTNT,97.5765,98.4250,102.5484,99.7861,99.0000,96.4647,84.8169,88.4425
2025-04-04,84.7100,87.7900,84.2800,86.5100,11174900,FTNT,96.7480,97.1188,102.2936,99.1948,99.0103,96.2320,84.9360,88.4053
2025-04-07,88.0000,91.3800,81.7000,82.3200,11000400,FTNT,96.3460,96.2503,102.1156,98.7558,98.9699,96.0690,85.0802,88.4013
2025-04-08,88.1500,91.9200,86.8200,91.6600,9188600,FTNT,95.8395,95.4789,101.9432,98.3399,98.8796,95.9122,85.2313,88.3988
2025-04-09,99.9300,100.5000,87.8300,88.8100,9263400,FTNT,95.9395,95.9028,101.9452,98.4023,98.8874,95.9917,85.4381,88.5135
2025-04-10,96.3200,98.1900,93.5800,97.2600,6807700,FTNT,96.0845,95.9425,101.8850,98.3206,98.8718,95.9982,85.6283,88.5912
2025-04-11,97.7300,98.1800,94.9700,96.0100,5502900,FTNT,96.1585,96.1128,101.8210,98.2974,98.9045,96.0325,85.8235,88.6822
2025-04-14,96.8500,100.5000,95.3600,99.8900,4615600,FTNT,96.1675,96.1830,101.7404,98.2407,98.9310,96.0487,86.0172,88.7634
2025-04-15,99.2000,99.2400,97.2000,97.3900,3584000,FTNT,96.2820,96.4703,101.7064,98.2783,99.0042,96.1111,86.2130,88.8673
2025-04-16,96.0700,98.6000,94.8000,97.2000,5678100,FTNT,96.1770,96.4322,101.5722,98.1917,99.0570,96.1103,86.3920,88.9389
2025-04-17,96.1300,97.3500,95.8000,96.8300,2979100,FTNT,96.0610,96.4034,101.3934,98.1109,99.0938,96.1107,86.5734,89.0105
2025-04-21,92.7200,95.7100,91.3300,94.8700,3071500,FTNT,95.7645,96.0526,101.1534,97.8994,99.0808,96.0435,86.7320,89.0474
2025-04-22,94.3700,95.0600,91.2400,93.5100,4621000,FTNT,95.4935,95.8924,100.8876,97.7610,99.0968,96.0104,86.9002,89.1004
2025-04-23,97.0000,99.5400,96.2900,97.4500,4330100,FTNT,95.2390,95.9979,100.6366,97.7312,99.1356,96.0300,87.0797,89.1790
2025-04-24,100.7200,101.1900,96.7500,96.9900,4087900,FTNT,95.2245,96.4476,100.4844,97.8484,99.1784,96.1229,87.2828,89.2938
2025-04-25,101.8000,101.9200,99.9900,100.2700,3350000,FTNT,95.3375,96.9573,100.3664,98.0034,99.2558,96.2353,87.4904,89.4182
2025-04-28,102.6400,103.0800,100.9400,102.3900,3079100,FTNT,95.6395,97.4985,100.2196,98.1852,99.3317,96.3621,87.7056,89.5498
2025-04-29,104.2100,104.5400,101.9700,102.0200,3128900,FTNT,96.0370,98.1377,100.0710,98.4215,99.4206,96.5175,87.9327,89.6957
2025-04-30,103.7600,103.9800,100.3400,101.8600,5456900,FTNT,96.3915,98.6732,99.8610,98.6308,99.5053,96.6609,88.1538,89.8356
2025-05-01,104.2100,106.4100,104.1400,104.8800,4088300,FTNT,96.6980,99.2005,99.6538,98.8496,99.5655,96.8104,88.3753,89.9787
2025-05-02,106.1800,106.6500,104.6300,105.7100,3795600,FTNT,97.5350,99.8652,99.4932,99.1371,99.6427,96.9960,88.6088,90.1399
2025-05-05,108.6900,109.3300,104.4600,104.5700,5447100,FTNT,98.7340,100.7057,99.4666,99.5117,99.7375,97.2275,88.8567,90.3244
2025-05-06,107.1400,108.5100,105.4300,105.9900,4775200,FTNT,99.6910,101.3185,99.4356,99.8108,99.8385,97.4238,89.1018,90.4918
2025-05-07,106.7200,107.4400,105.4700,106.0400,6859300,FTNT,100.6195,101.8329,99.4088,100.0818,99.9344,97.6079,89.3430,90.6532
2025-05-08,97.7400,99.2700,93.2500,97.6000,15635100,FTNT,100.5100,101.4431,99.1832,99.9900,99.9314,97.6105,89.5394,90.7237
2025-05-09,97.4200,98.3800,95.4200,98.3300,5721200,FTNT,100.5650,101.0599,98.9898,99.8892,99.9196,97.6067,89.7368,90.7904
2025-05-12,102.0400,102.1300,99.1900,99.8500,6251500,FTNT,100.7805,101.1533,98.8704,99.9735,99.9605,97.6945,89.9638,90.9023
2025-05-13,105.0500,105.5000,101.2800,101.4900,5890000,FTNT,101.1905,101.5244,98.8406,100.1726,100.0294,97.8402,90.2025,91.0431
2025-05-14,103.2300,105.9700,102.6800,105.1000,4513500,FTNT,101.3920,101.6868,98.7756,100.2925,100.0855,97.9469,90.4337,91.1643
2025-05-15,102.5600,103.4000,101.3400,102.5000,4680100,FTNT,101.7165,101.7700,98.6908,100.3814,100.1775,98.0383,90.6595,91.2777
2025-05-16,104.5900,105.1100,102.6900,103.2300,4510500,FTNT,102.1395,102.0386,98.7482,100.5465,100.2749,98.1680,90.8950,91.4102
2025-05-19,104.7500,104.9500,103.5000,103.5600,3562300,FTNT,102.7410,102.2968,98.8176,100.7113,100.3505,98.2983,91.1285,91.5429
2025-05-20,104.7900,104.8900,103.2000,104.8900,3958300,FTNT,103.2620,102.5342,98.9926,100.8713,100.4342,98.4269,91.3665,91.6747
2025-05-21,102.8400,104.7800,102.7500,103.7000,4423700,FTNT,103.5540,102.5634,99.0838,100.9485,100.4845,98.5143,91.5981,91.7858
2025-05-22,103.6200,104.6900,103.0800,103.3300,3655100,FTNT,103.6990,102.6640,99.1976,101.0532,100.5478,98.6154,91.8393,91.9036
2025-05-23,103.1600,103.5300,101.5800,102.1600,3768800,FTNT,103.7670,102.7112,99.3924,101.1358,100.6186,98.7054,92.0760,92.0156
2025-05-27,104.7400,106.0600,104.1700,104.2000,4249100,FTNT,103.8720,102.9045,99.5622,101.2772,100.7147,98.8249,92.2501,92.1422
2025-05-28,104.5100,105.5800,104.2200,104.7400,3740100,FTNT,103.8870,103.0574,99.7190,101.4040,100.8150,98.9374,92.4292,92.2653
2025-05-29,102.0400,105.5000,100.9000,105.2200,4731600,FTNT,103.8010,102.9605,99.8216,101.4289,100.8879,98.9989,92.5910,92.3625
2025-05-30,101.7800,102.4800,100.5400,102.2000,17093000,FTNT,103.6795,102.8480,99.8938,101.4427,100.9310,99.0539,92.7481,92.4562
2025-06-02,102.4700,102.5200,99.8500,101.1000,5242600,FTNT,103.4940,102.8120,99.9742,101.4830,100.9763,99.1216,92.9029,92.5559
2025-06-03,102.8800,103.1700,102.0600,102.2600,3789900,FTNT,103.2035,102.8185,100.0588,101.5377,101.0458,99.1960,93.0534,92.6586
2025-06-04,101.6200,102.8400,101.3200,102.5000,3392800,FTNT,102.9275,102.7044,100.0954,101.5410,101.1016,99.2440,93.1945,92.7478
2025-06-05,103.5000,103.9800,101.7500,102.0700,3368100,FTNT,102.7665,102.7801,100.1236,101.6178,101.1910,99.3283,93.3384,92.8548
2025-06-06,104.9400,105.2000,103.7300,104.3200,3296600,FTNT,103.1265,102.9858,100.2022,101.7481,101.3021,99.4394,93.4892,92.9750
2025-06-09,102.0800,105.0000,101.9400,104.7300,3904800,FTNT,103.3595,102.8996,100.2530,101.7611,101.3980,99.4917,93.6218,93.0656
2025-06-10,101.6300,102.9000,101.0700,102.3300,3789300,FTNT,103.3390,102.7787,100.3536,101.7560,101.4837,99.5340,93.7528,93.1508
2025-06-11,102.0200,104.0100,100.1400,101.4200,4220300,FTNT,103.1875,102.7064,100.4688,101.7663,101.5634,99.5833,93.8905,93.2391
2025-06-12,101.6600,102.7900,101.4700,101.8400,2946600,FTNT,103.1090,102.6067,100.5686,101.7621,101.6377,99.6244,94.0251,93.3229
2025-06-13,100.8300,103.3400,100.3100,100.7800,3425200,FTNT,103.0225,102.4375,100.6236,101.7256,101.6740,99.6483,94.1534,93.3976
2025-06-16,101.9500,103.2300,101.1000,101.1000,3519800,FTNT,102.8905,102.3911,100.8738,101.7344,101.7111,99.6938,94.2833,93.4827
2025-06-17,102.8800,104.5000,101.3000,101.5300,4096000,FTNT,102.7970,102.4377,101.2372,101.7793,101.7654,99.7569,94.4196,93.5762
2025-06-18,100.8200,103.4000,99.8400,103.2600,4337300,FTNT,102.5985,102.2836,101.4936,101.7417,101.8046,99.7780,94.5424,93.6482
2025-06-20,99.8500,101.9900,98.8600,101.3200,6944000,FTNT,102.4490,102.0518,101.7276,101.6675,101.8354,99.7794,94.6581,93.7100
2025-06-23,103.1500,103.4600,98.6000,99.7800,4523500,FTNT,102.4255,102.1564,101.7920,101.7256,101.8686,99.8462,94.7882,93.8039
2025-06-24,104.4200,104.9900,103.3900,104.3200,3540500,FTNT,102.4885,102.3720,101.9540,101.8313,101.9195,99.9367,94.9259,93.9095
2025-06-25,103.6900,105.7900,103.5200,104.8700,2791900,FTNT,102.4360,102.4975,102.0732,101.9042,101.9471,100.0111,95.0654,94.0068
2025-06-26,103.8600,104.7400,103.1000,103.7300,2816300,FTNT,102.4035,102.6273,102.2134,101.9809,101.9769,100.0873,95.2089,94.1049
2025-06-27,103.1100,104.4700,102.9400,103.9200,5706100,FTNT,102.4570,102.6733,102.2916,102.0252,101.9990,100.1471,95.3489,94.1945
2025-06-30,105.7200,105.9600,103.4100,103.9000,4095400,FTNT,102.6540,102.9634,102.4846,102.1701,102.0284,100.2575,95.4972,94.3092
2025-07-01,102.4300,105.8500,100.9100,105.3600,6138000,FTNT,102.6520,102.9126,102.6106,102.1803,102.0020,100.3005,95.6261,94.3900
2025-07-02,102.2100,102.6500,100.9100,101.8100,3749300,FTNT,102.6185,102.8457,102.8004,102.1814,101.9769,100.3383,95.7647,94.4678
2025-07-03,105.6600,106.1200,102.6200,102.6800,2864100,FTNT,102.8205,103.1137,103.0262,102.3178,101.9569,100.4437,95.9180,94.5791
2025-07-07,106.6500,107.5600,105.0200,105.6000,4762200,FTNT,102.9780,103.4505,103.2192,102.4877,101.9279,100.5666,96.0695,94.6993
2025-07-08,107.5400,107.8300,103.3600,106.9700,5288500,FTNT,103.1080,103.8400,103.3556,102.6859,101.9200,100.7047,96.2292,94.8270
2025-07-09,107.6500,108.7700,105.6200,108.6500,4442500,FTNT,103.3865,104.2029,103.4726,102.8805,101.9195,100.8422,96.3940,94.9546
2025-07-10,100.2000,108.0900,99.9100,107.7100,5972600,FTNT,103.3150,103.8216,103.4238,102.7754,101.8217,100.8295,96.5167,95.0068
2025-07-11,99.0600,100.6200,98.7000,100.0000,4132000,FTNT,103.1670,103.3681,103.3208,102.6297,101.6959,100.7944,96.6281,95.0471
2025-07-14,102.9700,103.5600,99.2500,99.3600,6019600,FTNT,103.2325,103.3302,103.3050,102.6431,101.5830,100.8375,96.7558,95.1260
2025-07-15,104.9300,105.4400,103.3800,103.4100,4172800,FTNT,103.4375,103.4826,103.3194,102.7327,101.4866,100.9186,96.8931,95.2235
2025-07-16,103.4400,105.1900,101.5500,104.9300,3509300,FTNT,103.5120,103.4785,103.2646,102.7605,101.3789,100.9685,97.0273,95.3053
2025-07-17,104.9200,105.4600,103.3500,103.5000,3480900,FTNT,103.6140,103.6158,103.1892,102.8452,101.3279,101.0467,97.1658,95.4009
2025-07-18,105.4200,106.5700,104.7200,105.7100,3640800,FTNT,103.8440,103.7876,103.1548,102.9461,101.2952,101.1333,97.3057,95.5006
2025-07-21,106.9400,107.5200,104.3600,105.1600,3533600,FTNT,104.1985,104.0879,103.1592,103.1028,101.2840,101.2483,97.4526,95.6145
2025-07-22,104.8100,107.4000,104.6400,106.9300,2951400,FTNT,104.2815,104.1566,103.3006,103.1697,101.2419,101.3189,97.5942,95.7060
2025-07-23,105.0600,105.1500,103.1400,104.9100,2582700,FTNT,104.3135,104.2427,103.4534,103.2438,101.2216,101.3929,97.7316,95.7990
2025-07-24,104.7700,106.1900,104.0300,105.3100,2440000,FTNT,104.3675,104.2929,103.5080,103.3037,101.1892,101.4598,97.8705,95.8883
2025-07-25,104.8200,105.8500,104.7200,105.2300,2087900,FTNT,104.4155,104.3431,103.5034,103.3632,101.1720,101.5263,98.0046,95.9772
2025-07-28,104.8800,106.2100,104.1200,104.9800,2129000,FTNT,104.5040,104.3942,103.5364,103.4226,101.1560,101.5928,98.1416,96.0658
2025-07-29,104.7700,106.9500,103.2100,105.6300,3246900,FTNT,104.4565,104.4300,103.5806,103.4755,101.1357,101.6557,98.2765,96.1524
2025-07-30,101.7100,104.8800,99.7800,104.8800,5326200,FTNT,104.4205,104.1710,103.5230,103.4062,101.1356,101.6567,98.3834,96.2077
2025-07-31,99.9000,102.6000,99.6700,102.2700,4311900,FTNT,104.3050,103.7642,103.4260,103.2687,101.1218,101.6220,98.4705,96.2444
2025-08-01,97.3600,99.3800,96.8300,99.3800,4709400,FTNT,103.8900,103.1543,103.2774,103.0370,101.1350,101.5376,98.5430,96.2555
2025-08-04,98.5500,99.3500,96.5400,97.8200,5383000,FTNT,103.4850,102.7158,103.1916,102.8611,101.1377,101.4784,98.6216,96.2783
2025-08-05,96.2100,99.4000,96.1200,98.4500,4034200,FTNT,102.9185,102.0962,103.0434,102.6002,101.1205,101.3741,98.6894,96.2777
2025-08-06,96.5800,97.5900,96.3000,96.9900,8765700,FTNT,102.3650,101.5708,102.9118,102.3641,101.1521,101.2792,98.7617,96.2807
2025-08-07,75.3000,75.3500,70.1200,74.3000,47433000,FTNT,101.1200,99.0688,102.3230,101.3028,100.9426,100.7647,98.7339,96.0719
2025-08-08,74.3900,76.7100,72.8300,76.1100,17024500,FTNT,99.8865,96.7185,101.7206,100.2474,100.7198,100.2424,98.7005,95.8562
2025-08-11,74.5700,76.9000,73.8100,74.0200,13429600,FTNT,98.4665,94.6091,101.1712,99.2404,100.4964,99.7341,98.6631,95.6444
2025-08-12,78.4700,78.9900,74.9800,75.0000,15463900,FTNT,97.1435,93.0720,100.7050,98.4259,100.2994,99.3130,98.6433,95.4735
2025-08-13,79.3300,80.1000,78.0500,79.8800,14129000,FTNT,95.9380,91.7633,100.2422,97.6771,100.1082,98.9173,98.6381,95.3128
2025-08-14,77.2500,78.6000,76.8200,78.0500,11823100,FTNT,94.5545,90.3811,99.7296,96.8760,99.8942,98.4882,98.6212,95.1331
2025-08-15,79.1100,79.8200,77.0400,77.6800,10868800,FTNT,93.2390,89.3076,99.2794,96.1793,99.6874,98.1045,98.6151,94.9737
2025-08-18,80.7600,81.2000,78.9400,79.5700,12268400,FTNT,91.9300,88.4936,98.8246,95.5746,99.4741,97.7611,98.6151,94.8322
2025-08-19,78.0900,81.2800,77.1000,81.2800,15012600,FTNT,90.5940,87.5028,98.2876,94.8889,99.2449,97.3715,98.6087,94.6657
2025-08-20,79.6100,80.3000,77.3000,78.0900,12247300,FTNT,89.3215,86.7511,97.8382,94.2898,99.0456,97.0198,98.6130,94.5159
2025-08-21,77.7500,79.1100,76.8600,78.9100,9966800,FTNT,87.9705,85.8938,97.3606,93.6412,98.8571,96.6382,98.6085,94.3490
2025-08-22,80.0200,80.6200,78.2100,78.3100,6175800,FTNT,86.7305,85.3344,96.9206,93.1070,98.6947,96.3092,98.6146,94.2064
2025-08-25,77.6400,79.9900,77.6100,79.9000,7269000,FTNT,85.3685,84.6016,96.4402,92.5004,98.5044,95.9395,98.6086,94.0416
2025-08-26,77.6500,78.3300,77.2100,77.9500,6114300,FTNT,84.0125,83.9395,95.9766,91.9181,98.3001,95.5773,98.6072,93.8785
2025-08-27,78.1300,78.3400,77.5100,78.0400,5711000,FTNT,82.8335,83.3863,95.5002,91.3774,98.1870,95.2318,98.5935,93.7218
2025-08-28,79.2900,79.4100,77.9400,78.1800,4929700,FTNT,81.8030,82.9961,95.0284,90.9033,98.1328,94.9161,98.5716,93.5782
2025-08-29,78.7700,79.5200,78.3200,79.1700,4458200,FTNT,80.8735,82.5936,94.5874,90.4275,98.0405,94.5964,98.5052,93.4309
2025-09-02,76.9300,77.2600,75.0000,75.2400,7353500,FTNT,79.7925,82.0543,94.1290,89.8982,97.9283,94.2466,98.4040,93.2667
2025-09-03,76.5800,77.1300,76.1000,76.7300,4857800,FTNT,78.8110,81.5329,93.5976,89.3759,97.6948,93.8968,98.2911,93.1006
2025-09-04,76.4400,76.6300,75.1100,76.2600,6127700,FTNT,77.8040,81.0479,93.0380,88.8686,97.4960,93.5511,98.1839,92.9349
2025-09-05,78.8300,79.4900,76.8800,76.9100,10495900,FTNT,77.9805,80.8366,92.5408,88.4750,97.3070,93.2596,98.1058,92.7945
2025-09-08,80.3600,80.4000,79.1800,79.1800,6728800,FTNT,78.2790,80.7912,92.0708,88.1567,97.1421,93.0041,98.0366,92.6708
2025-09-09,79.8400,80.4000,79.2500,80.4000,4507700,FTNT,78.5425,80.7006,91.6054,87.8306,96.9485,92.7435,97.9764,92.5431
2025-09-10,79.4800,80.6000,78.9000,79.9300,5899400,FTNT,78.5930,80.5844,91.0806,87.5031,96.7826,92.4808,97.9198,92.4131
2025-09-11,80.8900,81.2200,79.6800,80.0400,6932300,FTNT,78.6710,80.6135,90.6498,87.2438,96.6302,92.2513,97.8620,92.2985
2025-09-12,79.6800,81.2700,79.6500,80.9300,4428900,FTNT,78.7925,80.5246,90.1992,86.9472,96.4998,92.0024,97.7903,92.1729
2025-09-15,81.0000,81.0600,79.6100,80.2500,6220500,FTNT,78.8870,80.5699,89.7060,86.7139,96.3661,91.7845,97.7315,92.0617
2025-09-16,79.7800,81.0000,79.4900,80.9400,5585100,FTNT,78.8380,80.4946,89.1686,86.4420,96.1939,91.5468,97.6648,91.9395
2025-09-17,80.2900,80.8700,79.7200,79.8500,4978200,FTNT,78.9480,80.4752,88.6236,86.2008,95.9896,91.3239,97.5840,91.8236
2025-09-18,80.9900,81.8700,80.7600,81.3300,5119700,FTNT,79.0170,80.5242,88.0904,85.9964,95.7815,91.1192,97.5187,91.7158
2025-09-19,84.2100,84.7000,82.1700,82.4600,22847000,FTNT,79.3400,80.8752,87.7706,85.9264,95.5972,90.9824,97.4645,91.6411
2025-09-22,85.0100,85.1200,81.9000,83.1300,6172900,FTNT,79.5895,81.2690,87.4896,85.8904,95.4052,90.8642,97.4129,91.5752
2025-09-23,85.2700,86.0600,84.1400,85.1200,5370400,FTNT,79.9710,81.6501,87.1356,85.8661,95.2203,90.7534,97.3628,91.5124
2025-09-24,83.6000,86.2100,83.3400,85.2900,5658600,FTNT,80.2685,81.8358,86.7090,85.7772,95.0142,90.6117,97.2899,91.4337
2025-09-25,83.2100,83.4000,81.7600,82.9600,4756400,FTNT,80.5225,81.9666,86.3044,85.6766,94.7845,90.4652,97.2136,91.3519
2025-09-26,84.3200,84.8900,82.9700,83.2000,4171900,FTNT,80.7740,82.1908,85.8924,85.6234,94.5408,90.3435,97.1392,91.2819
2025-09-29,84.6500,85.1600,83.6000,84.8800,4652000,FTNT,81.0680,82.4250,85.4770,85.5852,94.3159,90.2307,97.0772,91.2159
2025-09-30,84.0800,84.9900,83.5000,84.3300,3967000,FTNT,81.4255,82.5826,85.0198,85.5262,94.0895,90.1089,97.0120,91.1449
2025-10-01,85.1800,85.3300,83.6700,83.9200,4314900,FTNT,81.8555,82.8300,84.6272,85.5126,93.9639,90.0113,96.9477,91.0856
2025-10-02,86.2900,86.3900,84.6600,85.2500,4639200,FTNT,82.3480,83.1595,84.2518,85.5431,93.8526,89.9376,96.8861,91.0378
2025-10-03,85.7900,87.2400,85.5400,86.8000,4247400,FTNT,82.6960,83.4100,83.8722,85.5528,93.6901,89.8555,96.8253,90.9856
2025-10-06,86.3800,87.1900,85.9600,86.3500,3844800,FTNT,82.9970,83.6929,83.5034,85.5852,93.5034,89.7867,96.7664,90.9398
2025-10-07,84.9200,87.0500,84.6600,86.3600,4330300,FTNT,83.2510,83.8097,83.1042,85.5591,93.3203,89.6903,96.7029,90.8799
2025-10-08,86.4600,86.7300,85.1300,85.6000,5614300,FTNT,83.6000,84.0622,82.7380,85.5944,93.1593,89.6264,96.6684,90.8359
2025-10-09,86.1900,86.5200,84.1500,85.7000,3926700,FTNT,83.8650,84.2648,82.4276,85.6178,92.9753,89.5583,96.6251,90.7897
2025-10-10,83.0400,87.1000,82.9800,86.5000,4604600,FTNT,84.0330,84.1482,82.0904,85.5167,92.7582,89.4292,96.5544,90.7126
2025-10-13,84.2000,85.2000,83.5900,84.7000,4433600,FTNT,84.1930,84.1531,81.8272,85.4651,92.5523,89.3257,96.4933,90.6478
2025-10-14,83.0800,83.9000,82.2000,82.5000,4915200,FTNT,84.3580,84.0509,81.5178,85.3715,92.3547,89.2020,96.4196,90.5725
2025-10-15,83.5800,84.7800,83.0700,83.7200,4136100,FTNT,84.5225,84.0060,81.2652,85.3013,92.1543,89.0907,96.3511,90.5029
2025-10-16,83.1400,84.3400,82.1700,83.7400,4020000,FTNT,84.6300,83.9236,80.9964,85.2165,91.9541,88.9728,96.2864,90.4296
2025-10-17,83.4400,83.7700,82.3100,82.5900,4162000,FTNT,84.5915,83.8775,81.1592,85.1469,91.7411,88.8633,96.2279,90.3601
2025-10-20,84.8600,84.9600,83.0500,83.0500,3968300,FTNT,84.5840,83.9711,81.3686,85.1356,91.5446,88.7840,96.1798,90.3054
2025-10-21,84.7800,85.1200,81.1000,83.4100,4828900,FTNT,84.5595,84.0481,81.5728,85.1217,91.3720,88.7047,96.1300,90.2504
2025-10-22,84.6600,85.4900,84.0700,85.0000,4101800,FTNT,84.6125,84.1064,81.6966,85.1036,91.2008,88.6246,96.0659,90.1948
2025-10-23,84.9300,85.4700,84.3400,84.6600,2548700,FTNT,84.6985,84.1848,81.8086,85.0968,91.0254,88.5515,96.0009,90.1424
2025-10-24,85.5600,85.8600,84.9800,85.7700,3367500,FTNT,84.7605,84.3158,81.9748,85.1149,90.8522,88.4922,95.9490,90.0968
2025-10-27,85.2900,86.5600,85.1400,86.1300,4166100,FTNT,84.7925,84.4086,82.0984,85.1218,90.6889,88.4288,95.8953,90.0489
2025-10-28,85.8700,87.0400,84.9800,86.0700,4895600,FTNT,84.8820,84.5478,82.2006,85.1511,90.5126,88.3781,95.8518,90.0074
2025-10-29,84.2200,85.0000,83.5600,84.8500,5430700,FTNT,84.8340,84.5166,82.3232,85.1146,90.3054,88.2958,95.8038,89.9498
2025-10-30,84.2000,85.6000,84.1500,84.5800,4575300,FTNT,84.7295,84.4864,82.4150,85.0787,90.1266,88.2147,95.7623,89.8926
2025-10-31,86.4300,86.8300,84.0000,84.2100,4680400,FTNT,84.7615,84.6715,82.5886,85.1317,89.9746,88.1794,95.7292,89.8581
2025-11-03,87.5200,87.6600,84.8800,86.0200,6239600,FTNT,84.8185,84.9428,82.7386,85.2254,89.8296,88.1663,95.6965,89.8348
2025-11-04,85.2200,86.8400,84.4200,86.5000,5906500,FTNT,84.8335,84.9692,82.8902,85.2252,89.6652,88.1080,95.6515,89.7889
2025-11-05,85.9900,86.3200,84.0000,84.6100,8713500,FTNT,84.8100,85.0664,83.0570,85.2552,89.5168,88.0660,95.5954,89.7511
2025-11-06,80.5400,81.6900,75.3100,76.0500,13371800,FTNT,84.5275,84.6353,83.1052,85.0703,89.3027,87.9170,95.5069,89.6595
2025-11-07,81.7900,81.9800,79.5500,79.7800,7152600,FTNT,84.4650,84.3643,83.1552,84.9416,89.0918,87.7957,95.4286,89.5812
2025-11-10,82.2800,82.6200,80.2700,82.3000,6447900,FTNT,84.3690,84.1658,83.2254,84.8372,88.9064,87.6864,95.3555,89.5085
2025-11-11,83.6600,84.2400,82.0900,82.2800,5108100,FTNT,84.3980,84.1177,83.3600,84.7911,88.7445,87.6067,95.2900,89.4503
2025-11-12,82.1400,84.0300,81.7600,83.3500,4786400,FTNT,84.3260,83.9293,83.4712,84.6871,88.5344,87.4985,95.2015,89.3776
2025-11-13,81.0300,82.5500,80.9500,81.4500,4735300,FTNT,84.2205,83.6532,83.5630,84.5437,88.3005,87.3704,95.1100,89.2945
2025-11-14,82.3100,83.2600,79.7500,80.1400,5149800,FTNT,84.1640,83.5253,83.6326,84.4561,88.0867,87.2702,95.0169,89.2250
2025-11-17,81.9400,82.9600,81.7700,82.1000,4479000,FTNT,84.0180,83.3743,83.6642,84.3574,87.8675,87.1646,94.9222,89.1525
2025-11-18,80.1500,82.2600,79.1400,81.6000,6448400,FTNT,83.7865,83.0672,83.6704,84.1924,87.6379,87.0257,94.8185,89.0630
2025-11-19,79.7300,80.3700,79.3200,79.8200,4190100,FTNT,83.5400,82.7494,83.6754,84.0174,87.3780,86.8812,94.7032,88.9701
2025-11-20,78.0400,81.2100,77.7900,80.5000,5994200,FTNT,83.1955,82.3009,83.6184,83.7830,87.1341,86.7062,94.5681,88.8613
2025-11-21,78.8600,79.5000,77.1700,77.8000,5531300,FTNT,82.8605,81.9732,83.6020,83.5900,86.9006,86.5508,94.4388,88.7618
2025-11-24,79.7700,80.0100,78.7000,78.8900,8416900,FTNT,82.5845,81.7633,83.5774,83.4402,86.6417,86.4165,94.2993,88.6724
2025-11-25,80.8700,81.1900,79.3000,79.3800,3816400,FTNT,82.3345,81.6783,83.5992,83.3394,86.3839,86.3067,94.1559,88.5947
2025-11-26,80.5500,80.8600,78.6300,80.8100,4527000,FTNT,82.1510,81.5708,83.6044,83.2300,86.1140,86.1927,94.0170,88.5147
2025-11-28,81.1300,81.3600,80.3600,80.6700,2199100,FTNT,81.9975,81.5288,83.6072,83.1476,85.8488,86.0925,93.8842,88.4412
2025-12-01,81.8200,82.1000,80.4300,80.4900,4092800,FTNT,81.7670,81.5566,83.5594,83.0956,85.6650,86.0079,93.7434,88.3753
2025-12-02,82.9400,83.2700,82.0000,82.5100,3869700,FTNT,81.5380,81.6883,83.5180,83.0895,85.5038,85.9471,93.5999,88.3212
2025-12-03,82.7600,82.9600,81.4200,82.2100,5133700,FTNT,81.4150,81.7904,83.4678,83.0766,85.3017,85.8840,93.4424,88.2659
2025-12-04,85.1800,85.2400,82.4100,82.9800,6709900,FTNT,81.3745,82.1132,83.4994,83.1590,85.1042,85.8700,93.2954,88.2352
2025-12-05,86.9200,86.9400,85.2000,85.5400,6172200,FTNT,81.6935,82.5710,83.5736,83.3065,84.9390,85.8908,93.1590,88.2221
2025-12-08,83.5300,87.1100,83.2600,86.9600,6075000,FTNT,81.7805,82.6623,83.5578,83.3153,84.7251,85.8441,93.0265,88.1754
2025-12-09,83.5000,84.1600,82.1500,83.0900,3991200,FTNT,81.8415,82.7421,83.5348,83.3225,84.5059,85.7977,92.9006,88.1289
2025-12-10,81.6000,83.2200,80.2400,82.9000,7383600,FTNT,81.7385,82.6333,83.4852,83.2550,84.2525,85.7146,92.7683,88.0639
2025-12-11,82.4700,83.2200,81.4500,81.6000,4523600,FTNT,81.7550,82.6178,83.4310,83.2242,84.0291,85.6503,92.6355,88.0083
2025-12-12,82.2200,82.6600,81.6600,81.9800,4283800,FTNT,81.8145,82.5799,83.3496,83.1848,83.8007,85.5824,92.5112,87.9507
2025-12-15,81.5200,82.8300,80.7900,82.1000,5101400,FTNT,81.7750,82.4790,83.2642,83.1195,83.5682,85.5019,92.3787,87.8867
2025-12-16,82.4700,82.8300,81.1300,81.3100,5264000,FTNT,81.8015,82.4781,83.1860,83.0941,83.3447,85.4419,92.2584,87.8328
2025-12-17,79.3800,81.4400,79.3800,80.0900,9268900,FTNT,81.7630,82.1830,83.0752,82.9484,83.0897,85.3219,92.1229,87.7487
2025-12-18,79.7500,80.6000,78.5700,80.5400,8070000,FTNT,81.7640,81.9513,82.9410,82.8230,82.8395,85.2115,91.9876,87.6691
2025-12-19,80.2400,80.4400,79.0000,79.7300,20115500,FTNT,81.8740,81.7883,82.8220,82.7217,82.6248,85.1131,91.8802,87.5952
2025-12-22,81.7400,81.8300,80.1300,81.3500,4714500,FTNT,82.0180,81.7837,82.7960,82.6832,82.4432,85.0463,91.7825,87.5369
2025-12-23,80.6600,81.7100,80.1000,81.6100,3465700,FTNT,82.0625,81.6767,82.7252,82.6039,82.2762,84.9594,91.7056,87.4685
2025-12-24,81.1800,81.3800,80.2800,80.5300,1241000,FTNT,82.0780,81.6294,82.6872,82.5480,82.1025,84.8846,91.6201,87.4059
2025-12-26,81.5600,81.6500,80.5900,80.9100,2973900,FTNT,82.1285,81.6228,82.6468,82.5093,81.9560,84.8188,91.5383,87.3477
2025-12-29,80.8200,81.7900,80.4200,81.2800,4864300,FTNT,82.1130,81.5463,82.6004,82.4430,81.7984,84.7396,91.4753,87.2828
2025-12-30,80.3100,80.8700,80.2800,80.6100,2493900,FTNT,82.0375,81.4286,82.5378,82.3594,81.8485,84.6519,91.3956,87.2134
2025-12-31,79.4100,80.4100,79.3700,80.1200,2867600,FTNT,81.8610,81.2363,82.4288,82.2437,81.8987,84.5481,91.3093,87.1358
2026-01-02,77.8800,79.9700,77.1800,79.9700,7548800,FTNT,81.6170,80.9167,82.2908,82.0726,81.9318,84.4160,91.2141,87.0437
2026-01-05,77.9400,79.9000,77.8300,78.5100,6068200,FTNT,81.2550,80.6332,82.1564,81.9105,81.9265,84.2878,91.1130,86.9531
2026-01-06,78.4400,79.2000,77.6000,77.7300,6477800,FTNT,80.8310,80.4243,82.0266,81.7744,81.9176,84.1720,91.0129,86.8684
2026-01-07,80.0200,80.8600,78.3500,78.6100,6870600,FTNT,80.6555,80.3858,81.9158,81.7056,81.9453,84.0898,90.9198,86.8002
2026-01-08,78.0500,79.5400,77.7600,79.5400,6441700,FTNT,80.3830,80.1634,81.7710,81.5623,81.9347,83.9702,90.8111,86.7132
2026-01-09,79.2200,79.3700,77.9700,78.1500,5003200,FTNT,80.2640,80.0735,81.6380,81.4704,81.9193,83.8761,90.6967,86.6386
2026-01-12,78.6600,79.0800,77.9900,78.9200,3857900,FTNT,80.0735,79.9389,81.5268,81.3602,81.9250,83.7728,90.5850,86.5592
2026-01-13,78.3300,79.7200,77.7600,78.7000,5748700,FTNT,79.8790,79.7857,81.4094,81.2414,81.9122,83.6650,90.4789,86.4773
2026-01-14,76.3900,78.3100,75.8100,76.4500,10181100,FTNT,79.6225,79.4623,81.2086,81.0511,81.8986,83.5210,90.3779,86.3770
2026-01-15,76.3200,78.3300,76.1800,76.5400,6345400,FTNT,79.3150,79.1630,80.9846,80.8656,81.8616,83.3784,90.2782,86.2769
2026-01-16,75.3800,76.6100,75.1500,76.5400,7913700,FTNT,79.1150,78.8027,80.7878,80.6505,81.8390,83.2200,90.1717,86.1685
2026-01-20,75.4600,75.6000,73.5500,74.1100,6870600,FTNT,78.9005,78.4844,80.5772,80.4469,81.8171,83.0663,90.0586,86.0619
2026-01-21,75.7500,76.0200,74.7100,75.8100,6368300,FTNT,78.6760,78.2239,80.4814,80.2627,81.7933,82.9215,89.9902,85.9593
2026-01-22,77.6200,77.8100,76.3300,76.4900,4853300,FTNT,78.4700,78.1664,80.3980,80.1591,81.7766,82.8165,89.9547,85.8763
2026-01-23,81.6400,85.0600,81.1000,83.5000,10960100,FTNT,78.5190,78.4972,80.3852,80.2172,81.8053,82.7932,89.9229,85.8342
2026-01-26,83.0700,83.1300,81.0400,81.6500,5708800,FTNT,78.6135,78.9327,80.3734,80.3290,81.8667,82.7987,89.8975,85.8067
2026-01-27,81.7100,83.5600,81.2600,83.2100,4818400,FTNT,78.6210,79.1972,80.3648,80.3832,81.9180,82.7771,89.8064,85.7659
2026-01-28,82.0800,82.5500,81.6400,82.1800,3918000,FTNT,78.6840,79.4718,80.3858,80.4497,81.9744,82.7633,89.7352,85.7292
2026-01-29,81.5100,82.1100,79.7400,81.5000,6266300,FTNT,78.7440,79.6659,80.3698,80.4913,82.0012,82.7385,89.6541,85.6873
2026-01-30,81.2600,81.4800,80.1800,80.6400,7499100,FTNT,78.8365,79.8177,80.3562,80.5215,82.0102,82.7092,89.5762,85.6432
2026-02-02,81.2900,82.3600,80.1500,80.8600,7788200,FTNT,79.0070,79.9579,80.3790,80.5516,82.0247,82.6811,89.4866,85.5999
2026-02-03,79.3000,81.2300,77.7900,80.9800,6663400,FTNT,79.0750,79.8953,80.3704,80.5025,82.0229,82.6141,89.4028,85.5372
2026-02-04,81.1200,81.4500,77.7900,78.8700,7824800,FTNT,79.2090,80.0119,80.4320,80.5267,82.0252,82.5846,89.3277,85.4932
2026-02-05,78.9300,81.7800,78.0300,80.9500,12691300,FTNT,79.1545,79.9089,80.4334,80.4641,82.0177,82.5122,89.2588,85.4279
2026-02-06,82.7600,83.5200,77.2700,81.8000,15226300,FTNT,79.3900,80.1804,80.4932,80.5541,82.0353,82.5171,89.2007,85.4014
2026-02-09,85.9300,86.1700,81.3700,82.2700,9897000,FTNT,79.7255,80.7280,80.5944,80.7650,82.0968,82.5847,89.1454,85.4067
2026-02-10,85.5300,87.4900,85.1700,86.3500,7859100,FTNT,80.0690,81.1853,80.6940,80.9518,82.1492,82.6430,89.0694,85.4079
2026-02-11,87.8200,88.3000,84.2000,85.4100,7987300,FTNT,80.5435,81.8172,80.8278,81.2212,82.2175,82.7455,88.9995,85.4319
2026-02-12,84.2600,88.6000,82.9700,87.5500,7805800,FTNT,80.9370,82.0499,80.8766,81.3403,82.2180,82.7755,88.9076,85.4202
2026-02-13,85.5600,86.5300,83.6000,84.5500,8091300,FTNT,81.3990,82.3842,80.9290,81.5058,82.2235,82.8306,88.8144,85.4216
2026-02-17,81.6900,85.4200,81.0500,85.1700,6061100,FTNT,81.7145,82.3180,80.9076,81.5130,82.1877,82.8081,88.7040,85.3845
2026-02-18,80.6900,81.2600,79.3400,80.9000,5853300,FTNT,81.9760,82.1630,80.8178,81.4808,82.1586,82.7661,88.5864,85.3378
2026-02-19,81.6700,81.7700,80.2400,81.0100,4584100,FTNT,82.2720,82.1160,80.7128,81.4882,82.1432,82.7444,88.4639,85.3013
2026-02-20,80.0000,83.0800,79.4000,81.1700,6703800,FTNT,82.3910,81.9145,80.6422,81.4298,82.1000,82.6901,88.3204,85.2485
2026-02-23,75.6000,79.4800,74.6600,78.4200,8323500,FTNT,82.0890,81.3131,80.4842,81.2012,82.0095,82.5497,88.1627,85.1525
2026-02-24,75.2300,77.0500,74.3100,75.3700,10049400,FTNT,81.6970,80.7338,80.3568,80.9670,81.9210,82.4047,88.0053,85.0538
2026-02-25,77.3500,77.6000,74.3500,74.4900,5527400,FTNT,81.4790,80.4115,80.2544,80.8252,81.8427,82.3046,87.9033,84.9771
2026-02-26,79.2000,79.7400,76.8500,77.3200,5872000,FTNT,81.3350,80.2961,80.1940,80.7615,81.7718,82.2432,87.8122,84.9197
2026-02-27,79.0300,79.1200,76.6400,77.3000,7548200,FTNT,81.2110,80.1756,80.1442,80.6936,81.7042,82.1795,87.6972,84.8610
2026-03-02,79.1800,79.7700,77.5600,78.2900,5247300,FTNT,81.1070,80.0807,80.0784,80.6342,81.6322,82.1201,87.5678,84.8045
2026-03-03,81.1000,81.9800,77.1900,77.2600,7475200,FTNT,81.0975,80.1778,80.1128,80.6525,81.5940,82.0999,87.4572,84.7677
2026-03-04,82.7900,83.9800,80.9500,81.0400,6280700,FTNT,81.2720,80.4266,80.1736,80.7363,81.5573,82.1136,87.3583,84.7480
2026-03-05,84.4200,84.7300,82.2500,82.2800,5544100,FTNT,81.4370,80.8069,80.2572,80.8808,81.5396,82.1593,87.2575,84.7447
2026-03-06,83.6700,84.4800,82.9000,83.9900,5658000,FTNT,81.6740,81.0796,80.2958,80.9901,81.5459,82.1892,87.1521,84.7340
2026-03-09,83.8100,84.6000,82.1800,83.0600,6446500,FTNT,81.7265,81.3396,80.3588,81.1007,81.5420,82.2213,87.0472,84.7248
2026-03-10,84.2000,85.0500,81.6200,84.2900,5829400,FTNT,81.6400,81.6120,80.4192,81.2223,81.5532,82.2605,86.9540,84.7196
2026-03-11,83.4800,85.3700,82.3500,84.3000,5437700,FTNT,81.5375,81.7899,80.4576,81.3108,81.5522,82.2846,86.8533,84.7073
2026-03-12,84.4000,85.0700,82.3100,82.9200,5220900,FTNT,81.3665,82.0385,80.5292,81.4319,81.5648,82.3265,86.7595,84.7042
2026-03-13,83.4400,85.1000,82.8100,84.4000,3963600,FTNT,81.3255,82.1720,80.5918,81.5107,81.5648,82.3485,86.6530,84.6916
2026-03-16,84.4900,85.8600,83.9700,84.3900,5725100,FTNT,81.2720,82.3928,80.6934,81.6275,81.5611,82.3910,86.5529,84.6896
2026-03-17,83.1600,86.4200,83.0600,84.5800,3938200,FTNT,81.3455,82.4658,80.7990,81.6876,81.5449,82.4062,86.4585,84.6744
2026-03-18,83.3900,84.3300,82.2000,82.4400,4343600,FTNT,81.4805,82.5538,80.9080,81.7544,81.5322,82.4257,86.3665,84.6616
2026-03-19,83.1200,84.9500,82.2900,83.5200,4539100,FTNT,81.5530,82.6078,81.0016,81.8079,81.5141,82.4394,86.2698,84.6463
2026-03-20,81.4000,82.9600,80.2700,82.9600,16257800,FTNT,81.6230,82.4927,81.0292,81.7919,81.4725,82.4188,86.1624,84.6140
2026-03-23,82.7700,83.7200,81.2200,82.0100,5000000,FTNT,81.9815,82.5191,81.1236,81.8303,81.4473,82.4258,86.0681,84.5956
2026-03-24,79.3400,82.8000,79.1200,82.3300,6174000,FTNT,82.1870,82.2164,81.1260,81.7326,81.3820,82.3647,85.9473,84.5433
2026-03-25,78.8900,81.5200,78.4600,80.1300,6052900,FTNT,82.2640,81.8996,81.1306,81.6212,81.3287,82.2959,85.8171,84.4871
2026-03-26,81.0300,81.7200,78.2900,78.2900,4489100,FTNT,82.3555,81.8168,81.1846,81.5980,81.2970,82.2708,85.7118,84.4527
2026-03-27,78.2000,79.6900,76.4200,79.6900,8771200,FTNT,82.3140,81.4723,81.2208,81.4647,81.2147,82.1902,85.5947,84.3905
2026-03-30,79.0500,80.9400,78.0800,78.1100,7015900,FTNT,82.3075,81.2416,81.2754,81.3700,81.1300,82.1280,85.4798,84.3373
2026-03-31,81.7200,81.8300,79.5600,79.7500,6045200,FTNT,82.3385,81.2872,81.4022,81.3838,81.0950,82.1199,85.3801,84.3113
2026-04-01,81.1500,82.1400,80.0000,81.7700,5255500,FTNT,82.2565,81.2741,81.5160,81.3746,81.0466,82.1007,85.2817,84.2798
2026-04-02,82.5300,82.5600,80.0200,80.8500,4139300,FTNT,82.1620,81.3937,81.6516,81.4199,81.0665,82.1092,85.1846,84.2624
2026-04-06,82.2900,83.3800,81.8300,82.7400,3459300,FTNT,82.0930,81.4791,81.7450,81.4540,81.0715,82.1128,85.0817,84.2428
2026-04-07,83.7200,83.9500,81.6300,81.8600,5591500,FTNT,82.0885,81.6925,81.7866,81.5429,81.0859,82.1446,84.9962,84.2376
2026-04-08,83.5100,86.1400,82.2800,85.1000,5954900,FTNT,82.0540,81.8656,81.7954,81.6200,81.0844,82.1717,84.9145,84.2304
2026-04-09,80.6600,83.7100,79.5600,83.2700,6656500,FTNT,81.9130,81.7508,81.7744,81.5824,81.0696,82.1417,84.8020,84.1948
2026-04-10,76.7000,80.5200,76.0100,80.5200,12401100,FTNT,81.5280,81.2697,81.6668,81.3909,81.0263,82.0340,84.6634,84.1203
2026-04-13,78.7400,78.8000,76.1000,76.9500,6716300,FTNT,81.2930,81.0288,81.6114,81.2870,80.9906,81.9688,84.5387,84.0667
2026-04-14,78.7000,80.0200,77.7300,79.0600,5838500,FTNT,81.0035,80.8070,81.5602,81.1855,80.9582,81.9040,84.4129,84.0133
2026-04-15,79.6400,80.0700,77.4100,78.8200,6151400,FTNT,80.8275,80.6959,81.5272,81.1249,80.9531,81.8592,84.2955,83.9698
2026-04-16,82.4000,82.5000,79.8900,79.9800,5517900,FTNT,80.7780,80.8582,81.5892,81.1749,80.9798,81.8699,84.1789,83.9542
2026-04-17,81.8400,84.2500,81.0200,83.9500,4968300,FTNT,80.7140,80.9517,81.6036,81.2010,81.0178,81.8693,84.0760,83.9332
2026-04-20,82.6000,83.3300,81.4700,82.1000,4049300,FTNT,80.7740,81.1087,81.6770,81.2558,81.0552,81.8838,83.9779,83.9199
2026-04-21,85.2600,85.6800,82.1000,82.2300,5158100,FTNT,80.8985,81.5040,81.7270,81.4129,81.1101,81.9506,83.8759,83.9332
2026-04-22,87.0900,87.6400,85.7800,86.2700,4443100,FTNT,81.2860,82.0360,81.7502,81.6355,81.1723,82.0524,83.7781,83.9646
2026-04-23,82.7600,85.3500,81.8100,85.0600,5417700,FTNT,81.4795,82.1050,81.6948,81.6796,81.1944,82.0664,83.6542,83.9526
2026-04-24,84.3400,84.5600,82.5000,83.1000,5778400,FTNT,81.6450,82.3178,81.6252,81.7839,81.2265,82.1114,83.5376,83.9565
2026-04-27,85.6700,86.7600,83.7800,84.1000,5679500,FTNT,82.0185,82.6371,81.6534,81.9363,81.2650,82.1819,83.4650,83.9735
2026-04-28,85.7200,87.4400,85.4400,86.7400,3887154,FTNT,82.3520,82.9307,81.6566,82.0847,81.2928,82.2520,83.3983,83.9909
