Date,Close,High,Low,Open,Volume,Ticker,SMA_20,EMA_20,SMA_50,EMA_50,SMA_100,EMA_100,SMA_200,EMA_200
2021-07-07,40.2100,43.0000,39.6400,42.4400,901300,GRPN,,40.2100,,40.2100,,40.2100,,40.2100
2021-07-08,39.5900,40.1200,38.5500,39.4300,661100,GRPN,,40.1510,,40.1857,,40.1977,,40.2038
2021-07-09,40.5500,40.5800,39.6200,39.7700,654400,GRPN,,40.1890,,40.2000,,40.2047,,40.2073
2021-07-12,40.7900,41.4400,39.9500,40.6300,564100,GRPN,,40.2462,,40.2231,,40.2163,,40.2131
2021-07-13,40.8000,41.4900,40.2800,40.4100,401200,GRPN,,40.2989,,40.2457,,40.2278,,40.2189
2021-07-14,40.4800,41.9800,40.2100,41.1800,304200,GRPN,,40.3162,,40.2549,,40.2328,,40.2215
2021-07-15,39.7800,41.2500,39.4900,40.1000,382400,GRPN,,40.2651,,40.2363,,40.2239,,40.2171
2021-07-16,37.8400,40.1700,37.1600,39.9300,666400,GRPN,,40.0342,,40.1423,,40.1767,,40.1935
2021-07-19,36.3800,37.5200,35.7000,36.4800,735900,GRPN,,39.6861,,39.9948,,40.1015,,40.1555
2021-07-20,38.9900,39.2200,36.1000,36.3800,609500,GRPN,,39.6198,,39.9554,,40.0795,,40.1439
2021-07-21,39.3100,40.4400,38.8300,39.0000,567800,GRPN,,39.5903,,39.9301,,40.0642,,40.1356
2021-07-22,38.0900,39.3900,37.8100,39.2700,551100,GRPN,,39.4474,,39.8579,,40.0251,,40.1153
2021-07-23,37.8000,38.8200,37.0900,38.3400,570100,GRPN,,39.2905,,39.7772,,39.9811,,40.0922
2021-07-26,37.2400,38.4500,36.9400,37.7500,525400,GRPN,,39.0953,,39.6777,,39.9268,,40.0639
2021-07-27,36.2400,37.4200,35.3300,37.2400,718200,GRPN,,38.8233,,39.5429,,39.8538,,40.0258
2021-07-28,36.3400,37.6400,36.2500,36.8200,549300,GRPN,,38.5868,,39.4173,,39.7842,,39.9891
2021-07-29,36.8100,37.5800,36.2000,36.7100,714000,GRPN,,38.4176,,39.3150,,39.7253,,39.9575
2021-07-30,36.3700,37.5000,36.0700,37.3800,836100,GRPN,,38.2226,,39.1996,,39.6589,,39.9218
2021-08-02,36.1300,37.9600,36.0300,36.4600,656200,GRPN,,38.0233,,39.0792,,39.5890,,39.8841
2021-08-03,36.7200,36.7600,34.9400,36.1700,666400,GRPN,38.3230,37.8992,,38.9867,,39.5322,,39.8526
2021-08-04,35.8400,37.2000,35.2400,36.2100,768200,GRPN,38.1045,37.7031,,38.8633,,39.4591,,39.8127
2021-08-05,35.6300,36.0100,35.2100,35.6100,1759000,GRPN,37.9065,37.5056,,38.7365,,39.3833,,39.7710
2021-08-06,30.6100,41.6600,30.2500,40.0000,6490200,GRPN,37.4095,36.8489,,38.4178,,39.2095,,39.6799
2021-08-09,28.2900,29.9300,27.8600,29.9300,2835900,GRPN,36.7845,36.0338,,38.0206,,38.9933,,39.5666
2021-08-10,26.9000,28.2900,26.1200,28.2900,2685500,GRPN,36.0895,35.1639,,37.5845,,38.7538,,39.4405
2021-08-11,26.2200,27.0200,25.2700,27.0000,2212900,GRPN,35.3765,34.3121,,37.1388,,38.5056,,39.3090
2021-08-12,25.5100,26.3000,24.6900,26.1100,3160900,GRPN,34.6630,33.4738,,36.6828,,38.2483,,39.1717
2021-08-13,24.9500,25.4000,24.3800,25.2900,1355600,GRPN,34.0185,32.6620,,36.2227,,37.9850,,39.0302
2021-08-16,24.5200,25.1900,23.8000,24.9200,1686400,GRPN,33.4255,31.8866,,35.7638,,37.7183,,38.8858
2021-08-17,22.8200,24.2100,22.5200,24.0600,2239700,GRPN,32.6170,31.0231,,35.2562,,37.4233,,38.7259
2021-08-18,23.5300,24.8700,22.8600,23.0000,2036300,GRPN,31.8280,30.3095,,34.7963,,37.1482,,38.5747
2021-08-19,22.7400,24.0500,22.5500,23.1700,1221000,GRPN,31.0605,29.5886,,34.3235,,36.8629,,38.4172
2021-08-20,22.5600,23.0700,22.3100,22.6100,1137700,GRPN,30.2985,28.9192,,33.8622,,36.5797,,38.2594
2021-08-23,23.2800,23.4600,22.5600,22.8700,1071400,GRPN,29.6005,28.3821,,33.4472,,36.3163,,38.1103
2021-08-24,24.3900,24.4400,23.2500,23.5800,1237200,GRPN,29.0080,28.0019,,33.0920,,36.0801,,37.9738
2021-08-25,24.8200,25.1000,24.0600,24.3400,1475500,GRPN,28.4320,27.6989,,32.7676,,35.8572,,37.8429
2021-08-26,24.4200,24.9600,24.0500,24.5900,784200,GRPN,27.8125,27.3866,,32.4403,,35.6307,,37.7094
2021-08-27,24.6000,25.1700,24.1800,24.1800,919700,GRPN,27.2240,27.1212,,32.1328,,35.4123,,37.5789
2021-08-30,23.7200,25.0700,23.6800,25.0000,829400,GRPN,26.6035,26.7973,,31.8029,,35.1807,,37.4410
2021-08-31,24.7700,25.1300,23.7800,23.7800,1413500,GRPN,26.0060,26.6042,,31.5271,,34.9746,,37.3149
2021-09-01,23.8000,24.9200,23.7200,24.8500,928300,GRPN,25.4040,26.3371,,31.2241,,34.7533,,37.1805
2021-09-02,23.1600,23.9600,23.1500,23.8500,2181800,GRPN,24.7805,26.0346,,30.9078,,34.5237,,37.0410
2021-09-03,22.7100,23.6700,22.6700,23.1600,1073000,GRPN,24.3855,25.7179,,30.5864,,34.2898,,36.8984
2021-09-07,23.0900,23.1000,22.5000,22.6100,861600,GRPN,24.1255,25.4677,,30.2924,,34.0680,,36.7610
2021-09-08,22.0900,23.2700,21.9200,23.1600,1424900,GRPN,23.8850,25.1460,,29.9707,,33.8308,,36.6150
2021-09-09,22.1600,22.5700,21.7200,22.0800,782900,GRPN,23.6820,24.8616,,29.6644,,33.5997,,36.4712
2021-09-10,21.9400,22.2700,21.5900,22.2500,971900,GRPN,23.5035,24.5833,,29.3615,,33.3688,,36.3266
2021-09-13,22.2100,22.6400,21.9000,22.0000,1098000,GRPN,23.3665,24.3573,,29.0811,,33.1479,,36.1861
2021-09-14,21.2300,22.1800,21.0400,22.1000,931100,GRPN,23.2020,24.0595,,28.7732,,32.9119,,36.0373
2021-09-15,21.5700,21.7100,20.9100,21.2800,841800,GRPN,23.1395,23.8224,30.2108,28.4907,,32.6873,,35.8933
2021-09-16,21.2600,21.5800,21.0500,21.3300,694500,GRPN,23.0260,23.5783,29.8318,28.2071,,32.4610,,35.7477
2021-09-17,22.0400,22.0800,21.2100,21.3900,1491300,GRPN,22.9910,23.4318,29.4808,27.9653,,32.2546,,35.6113
2021-09-20,21.8300,21.8600,20.7600,21.1900,765000,GRPN,22.9545,23.2793,29.1064,27.7247,,32.0482,,35.4742
2021-09-21,21.2900,22.1700,21.2100,21.9300,672200,GRPN,22.8550,23.0898,28.7164,27.4723,,31.8352,,35.3331
2021-09-22,22.5900,22.6600,21.5400,21.6400,1057000,GRPN,22.7650,23.0422,28.3522,27.2809,,31.6521,,35.2063
2021-09-23,23.7900,23.9200,22.6600,22.7700,979300,GRPN,22.7135,23.1134,28.0184,27.1440,,31.4964,,35.0927
2021-09-24,24.1300,24.3000,23.3300,23.6300,873600,GRPN,22.6990,23.2103,27.7054,27.0258,,31.3505,,34.9836
2021-09-27,24.7200,24.8600,24.2300,24.3700,1064300,GRPN,22.7050,23.3540,27.4430,26.9354,,31.2192,,34.8815
2021-09-28,23.7500,24.6900,23.6100,24.5600,1057100,GRPN,22.7065,23.3918,27.1904,26.8104,,31.0713,,34.7707
2021-09-29,23.2000,23.9400,23.0800,23.6900,703000,GRPN,22.6280,23.3735,26.8746,26.6689,,30.9155,,34.6556
2021-09-30,22.8100,23.4500,22.6400,23.4300,964200,GRPN,22.5785,23.3198,26.5446,26.5175,,30.7550,,34.5377
2021-10-01,23.5600,24.1900,23.0800,23.0800,884800,GRPN,22.5985,23.3427,26.2540,26.4016,,30.6125,,34.4285
2021-10-04,23.2200,23.7500,23.0000,23.5700,698000,GRPN,22.6240,23.3310,25.9624,26.2768,,30.4661,,34.3170
2021-10-05,23.0000,23.6200,22.7200,23.1800,779600,GRPN,22.6195,23.2995,25.6776,26.1483,,30.3183,,34.2043
2021-10-06,22.3600,22.8200,22.1200,22.5100,639100,GRPN,22.6330,23.2100,25.4000,25.9997,,30.1607,,34.0865
2021-10-07,23.2400,23.6000,22.7100,22.9100,589100,GRPN,22.6870,23.2129,25.1380,25.8915,,30.0236,,33.9786
2021-10-08,23.1500,23.8000,23.1500,23.4700,369300,GRPN,22.7475,23.2069,24.8648,25.7840,,29.8875,,33.8708
2021-10-11,22.4700,23.2800,22.3500,23.2800,605000,GRPN,22.7605,23.1367,24.5868,25.6540,,29.7406,,33.7574
2021-10-12,22.3100,22.9500,22.1800,22.6100,637200,GRPN,22.8145,23.0580,24.3104,25.5229,,29.5935,,33.6435
2021-10-13,23.4800,23.6100,21.9800,22.4800,1003900,GRPN,22.9100,23.0982,24.0456,25.4428,,29.4724,,33.5423
2021-10-14,23.5400,23.8000,22.9600,23.1200,664700,GRPN,23.0240,23.1402,23.7996,25.3682,,29.3550,,33.4428
2021-10-15,23.3900,24.1300,23.3500,24.0100,491900,GRPN,23.0915,23.1640,23.5548,25.2906,,29.2368,,33.3428
2021-10-18,23.3100,23.3900,22.7600,23.2200,379600,GRPN,23.1655,23.1779,23.4088,25.2129,,29.1195,,33.2430
2021-10-19,23.5700,23.6500,23.1300,23.5000,248600,GRPN,23.2795,23.2153,23.3144,25.1485,,29.0096,,33.1467
2021-10-20,23.5900,23.9700,23.3200,23.5600,532900,GRPN,23.3295,23.2510,23.2482,25.0874,,28.9023,,33.0516
2021-10-21,23.8200,23.9700,23.3300,23.4300,574600,GRPN,23.3310,23.3052,23.2002,25.0377,,28.8016,,32.9598
2021-10-22,23.2300,23.5600,22.7100,23.4800,1115800,GRPN,23.2860,23.2980,23.1546,24.9668,,28.6913,,32.8630
2021-10-25,23.5000,23.8600,22.9500,23.3000,1333400,GRPN,23.2250,23.3172,23.1256,24.9093,,28.5885,,32.7698
2021-10-26,22.3200,23.7100,22.2200,23.7100,1161700,GRPN,23.1535,23.2223,23.0816,24.8077,,28.4644,,32.6658
2021-10-27,21.3200,22.3100,21.2500,22.1200,1102900,GRPN,23.0595,23.0411,23.0516,24.6709,,28.3229,,32.5529
2021-10-28,21.8600,21.9400,21.0600,21.2500,990000,GRPN,23.0120,22.9286,23.0182,24.5607,,28.1949,,32.4465
2021-10-29,21.2200,21.7500,20.8600,21.5800,1162100,GRPN,22.8950,22.7659,22.9878,24.4297,,28.0568,,32.3348
2021-11-01,22.7000,22.7800,21.1100,21.3000,1452300,GRPN,22.8690,22.7596,22.9906,24.3619,,27.9507,,32.2389
2021-11-02,22.2100,23.6200,21.5900,23.4000,1990000,GRPN,22.8295,22.7073,22.9692,24.2775,,27.8371,,32.1392
2021-11-03,23.5000,23.9000,21.9200,22.1900,1774700,GRPN,22.8865,22.7828,22.9514,24.2470,,27.7512,,32.0532
2021-11-04,22.9100,23.9400,22.4400,23.6100,1564700,GRPN,22.8700,22.7949,22.9132,24.1946,,27.6553,,31.9622
2021-11-05,25.5500,26.6600,23.3000,23.7500,4536500,GRPN,22.9900,23.0573,22.9358,24.2477,,27.6136,,31.8984
2021-11-08,26.2600,26.7700,24.9200,25.9300,1587200,GRPN,23.1795,23.3623,22.9690,24.3266,,27.5868,,31.8423
2021-11-09,26.1000,26.7400,25.5500,26.0000,1203900,GRPN,23.3690,23.6230,23.0166,24.3962,,27.5574,,31.7852
2021-11-10,25.2800,26.7000,25.2400,25.9000,1845500,GRPN,23.4590,23.7808,23.0268,24.4308,,27.5123,,31.7204
2021-11-11,27.3300,27.4000,25.3100,25.4500,1284300,GRPN,23.6485,24.1189,23.0974,24.5445,,27.5087,,31.6768
2021-11-12,27.6400,27.6800,26.5400,27.3500,847200,GRPN,23.8610,24.4542,23.1870,24.6659,,27.5113,,31.6366
2021-11-15,26.9200,27.8800,26.5700,27.7500,944400,GRPN,24.0415,24.6890,23.2712,24.7543,,27.4996,,31.5897
2021-11-16,26.6400,26.7400,25.8800,26.6700,918100,GRPN,24.1950,24.8748,23.3422,24.8283,,27.4825,,31.5404
2021-11-17,26.4000,27.5000,26.1200,26.5900,508300,GRPN,24.3355,25.0201,23.4284,24.8899,,27.4611,,31.4893
2021-11-18,25.6300,26.6800,25.1800,26.3800,626500,GRPN,24.4260,25.0782,23.4978,24.9189,,27.4248,,31.4310
2021-11-19,24.0900,25.5700,24.0500,25.4600,847700,GRPN,24.4690,24.9841,23.5408,24.8864,,27.3588,,31.3579
2021-11-22,23.7600,24.5700,22.8000,24.2300,1073200,GRPN,24.4820,24.8675,23.5718,24.8422,,27.2875,,31.2823
2021-11-23,24.1000,24.4000,23.5000,23.8100,722700,GRPN,24.5710,24.7944,23.6292,24.8131,,27.2244,,31.2108
2021-11-24,23.3500,23.8200,22.7400,23.6600,485700,GRPN,24.6725,24.6568,23.6648,24.7558,26.9378,27.1477,,31.1326
2021-11-26,22.8900,23.2200,21.7400,22.3000,593000,GRPN,24.7240,24.4886,23.6974,24.6826,26.7646,27.0634,,31.0506
2021-11-29,21.9400,23.2500,21.8500,23.2500,800800,GRPN,24.7600,24.2458,23.6954,24.5750,26.5881,26.9619,,30.9600
2021-11-30,20.6600,21.8900,20.3900,21.5100,1003500,GRPN,24.6580,23.9043,23.6720,24.4215,26.3892,26.8371,,30.8575
2021-12-01,19.9700,22.2200,19.9300,21.7200,1177900,GRPN,24.5460,23.5296,23.6456,24.2469,26.1810,26.7012,,30.7491
2021-12-02,20.8900,21.0000,19.4900,20.0000,1323900,GRPN,24.4155,23.2782,23.6116,24.1153,25.9819,26.5861,,30.6510
2021-12-03,19.3500,20.9000,19.2300,20.8000,1442700,GRPN,24.2375,22.9041,23.5228,23.9284,25.7706,26.4428,,30.5386
2021-12-06,21.2700,21.8900,19.0000,19.3500,1212600,GRPN,24.0235,22.7485,23.4656,23.8242,25.5855,26.3404,,30.4464
2021-12-07,21.5700,22.1600,21.3600,21.9700,742300,GRPN,23.7890,22.6363,23.4026,23.7358,25.4228,26.2459,,30.3580
2021-12-08,22.5400,22.9000,21.2600,21.4800,584500,GRPN,23.6110,22.6271,23.3784,23.6889,25.2844,26.1725,,30.2803
2021-12-09,22.6900,22.9800,22.1300,22.2700,578100,GRPN,23.4815,22.6331,23.3682,23.6497,25.1214,26.1036,,30.2047
2021-12-10,22.3400,22.9100,21.8300,22.6700,678100,GRPN,23.2320,22.6052,23.3588,23.5983,24.9517,26.0290,,30.1265
2021-12-13,21.3400,22.1400,20.7200,22.1100,637300,GRPN,22.9170,22.4847,23.3144,23.5098,24.7842,25.9362,,30.0390
2021-12-14,21.3500,22.1000,20.9800,20.9800,677700,GRPN,22.6385,22.3766,23.2770,23.4251,24.6197,25.8454,,29.9526
2021-12-15,20.7300,21.1500,19.3200,21.0900,1025400,GRPN,22.3430,22.2198,23.2316,23.3194,24.4546,25.7441,,29.8608
2021-12-16,20.8600,21.1400,20.3200,20.9300,1034700,GRPN,22.0660,22.0903,23.2016,23.2229,24.3008,25.6474,,29.7713
2021-12-17,22.0500,22.2300,20.1200,20.8500,1201100,GRPN,21.8870,22.0865,23.1778,23.1769,24.1579,25.5761,,29.6944
2021-12-20,23.2000,23.2200,20.8000,21.3500,1173100,GRPN,21.8425,22.1925,23.1788,23.1779,24.0218,25.5291,,29.6298
2021-12-21,24.5600,25.8200,24.1800,24.7500,2164900,GRPN,21.8825,22.4180,23.2206,23.2321,23.9037,25.5099,,29.5794
2021-12-22,25.5700,26.3600,24.1900,24.1900,1182700,GRPN,21.9560,22.7182,23.2858,23.3237,23.7981,25.5111,,29.5395
2021-12-23,25.4100,25.9000,25.0400,25.6000,649900,GRPN,22.0590,22.9745,23.3244,23.4056,23.6850,25.5091,,29.4984
2021-12-27,25.0300,25.8700,25.0000,25.5400,523700,GRPN,22.1660,23.1703,23.3542,23.4693,23.5769,25.4996,,29.4539
2021-12-28,24.2500,25.1700,24.0300,24.8200,859000,GRPN,22.2815,23.2731,23.3714,23.4999,23.4631,25.4748,,29.4021
2021-12-29,23.7000,24.8400,23.6000,23.9300,612700,GRPN,22.4335,23.3138,23.3792,23.5077,23.3940,25.4397,,29.3454
2021-12-30,24.3400,24.9200,23.6600,23.6600,672000,GRPN,22.6520,23.4115,23.3946,23.5404,23.3545,25.4179,,29.2956
2021-12-31,23.1600,24.5900,23.0800,24.3100,856600,GRPN,22.7655,23.3876,23.3860,23.5254,23.3171,25.3732,,29.2345
2022-01-03,26.8300,26.9900,23.8300,23.8300,1573200,GRPN,23.1395,23.7154,23.4462,23.6550,23.3232,25.4021,,29.2106
2022-01-04,26.4200,27.1800,25.9800,26.6500,795400,GRPN,23.3970,23.9730,23.5100,23.7635,23.3323,25.4222,,29.1829
2022-01-05,25.3600,27.7700,25.3600,26.5000,960200,GRPN,23.5865,24.1051,23.5472,23.8261,23.3364,25.4210,,29.1448
2022-01-06,24.1500,26.1900,24.0700,25.6600,912800,GRPN,23.6670,24.1094,23.5838,23.8388,23.3327,25.3958,,29.0951
2022-01-07,23.6600,24.8800,23.6500,24.1800,516200,GRPN,23.7155,24.0666,23.6306,23.8318,23.3411,25.3614,,29.0410
2022-01-10,23.1100,23.5800,22.0200,23.5800,859500,GRPN,23.7540,23.9755,23.6556,23.8035,23.3369,25.3169,,28.9820
2022-01-11,23.1600,23.8000,22.7900,22.9300,715500,GRPN,23.8450,23.8978,23.6944,23.7782,23.3411,25.2741,,28.9241
2022-01-12,23.0000,23.8300,22.6400,23.5000,834900,GRPN,23.9275,23.8123,23.7004,23.7477,23.3455,25.2291,,28.8651
2022-01-13,22.9000,23.9800,22.7200,23.0800,632200,GRPN,24.0360,23.7254,23.7142,23.7145,23.3417,25.1830,,28.8058
2022-01-14,22.0500,22.5000,21.3400,22.3900,1336600,GRPN,24.0955,23.5658,23.6852,23.6492,23.3183,25.1210,,28.7386
2022-01-18,21.6500,22.4400,21.2600,22.0000,1012700,GRPN,24.0755,23.3834,23.6600,23.5708,23.2866,25.0522,,28.6680
2022-01-19,21.9100,22.6300,21.5900,21.7000,761600,GRPN,24.0110,23.2431,23.5872,23.5057,23.2615,24.9900,,28.6008
2022-01-20,22.1000,23.1800,21.9600,22.1000,720300,GRPN,23.8880,23.1342,23.5040,23.4505,23.2365,24.9328,,28.5361
2022-01-21,21.4100,22.2300,21.0100,21.8100,1223200,GRPN,23.6800,22.9700,23.4102,23.3705,23.2134,24.8630,,28.4652
2022-01-24,21.9500,22.0600,19.8400,20.5100,1396800,GRPN,23.5070,22.8728,23.3436,23.3148,23.1852,24.8053,,28.4004
2022-01-25,22.2300,22.4000,20.7300,21.7900,1188000,GRPN,23.3670,22.8116,23.2416,23.2723,23.1695,24.7543,,28.3390
2022-01-26,26.6800,28.7200,22.0800,22.5700,13617800,GRPN,23.4885,23.1800,23.2224,23.4059,23.2047,24.7925,,28.3225
2022-01-27,27.8600,29.4100,26.7000,27.1800,8416700,GRPN,23.6965,23.6258,23.2412,23.5806,23.2562,24.8532,,28.3179
2022-01-28,27.1100,27.7500,26.0500,27.1000,1930500,GRPN,23.8350,23.9576,23.2506,23.7190,23.2964,24.8979,,28.3058
2022-01-31,30.5400,31.1500,27.9200,28.0000,5234200,GRPN,24.2040,24.5845,23.3334,23.9865,23.3809,25.0096,,28.3281
2022-02-01,30.4400,30.6900,28.8700,30.2800,2032100,GRPN,24.3845,25.1422,23.4296,24.2396,23.4637,25.1172,,28.3491
2022-02-02,23.6700,28.7100,23.5000,28.6000,4448100,GRPN,24.2470,25.0019,23.4212,24.2172,23.4810,25.0885,,28.3025
2022-02-03,23.1900,24.1900,22.8500,22.9800,1614800,GRPN,24.1385,24.8294,23.4098,24.1769,23.4908,25.0509,,28.2517
2022-02-04,22.9800,23.3600,22.1300,23.1600,1177600,GRPN,24.0800,24.6532,23.3874,24.1300,23.5083,25.0099,,28.1992
2022-02-07,23.9500,24.4600,23.2100,23.2700,1052200,GRPN,24.0945,24.5863,23.3994,24.1229,23.5321,24.9889,,28.1569
2022-02-08,24.7600,25.0800,23.8100,24.0500,751900,GRPN,24.1770,24.6028,23.4368,24.1479,23.5671,24.9844,,28.1231
2022-02-09,24.8100,25.1500,24.5900,24.8500,543300,GRPN,24.2595,24.6225,23.4942,24.1739,23.5948,24.9809,,28.0902
2022-02-10,24.3600,25.5900,24.2500,24.4600,797400,GRPN,24.3275,24.5975,23.5682,24.1812,23.6201,24.9686,,28.0530
2022-02-11,24.0100,25.4400,23.9200,24.3500,604900,GRPN,24.3830,24.5416,23.6490,24.1745,23.6473,24.9496,,28.0128
2022-02-14,25.2600,25.5400,23.9100,24.0700,726000,GRPN,24.5435,24.6100,23.7364,24.2170,23.6740,24.9558,,27.9854
2022-02-15,26.9200,27.3800,25.6600,25.6800,1273100,GRPN,24.8070,24.8300,23.8878,24.3230,23.7053,24.9947,,27.9748
2022-02-16,26.2800,27.1500,25.9900,26.5300,729400,GRPN,25.0255,24.9681,23.9880,24.3998,23.7268,25.0201,,27.9580
2022-02-17,25.2000,26.6500,25.0600,26.3100,558800,GRPN,25.1805,24.9902,24.0606,24.4312,23.7316,25.0237,,27.9305
2022-02-18,23.4600,25.2800,23.0000,25.0000,1302900,GRPN,25.2830,24.8445,24.0790,24.3931,23.7287,24.9927,,27.8860
2022-02-22,22.6600,23.9100,22.4800,23.1000,729100,GRPN,25.3185,24.6364,24.0784,24.3251,23.7233,24.9465,,27.8340
2022-02-23,21.9500,22.7600,21.8800,22.6800,1008500,GRPN,25.3045,24.3806,24.0706,24.2320,23.7147,24.8872,,27.7755
2022-02-24,23.1500,23.3300,20.5800,20.8100,956900,GRPN,25.1280,24.2634,24.1068,24.1895,23.7106,24.8528,,27.7295
2022-02-25,22.9800,23.4300,22.0100,23.0200,705000,GRPN,24.8840,24.1411,24.1394,24.1421,23.7082,24.8157,,27.6822
2022-02-28,21.7200,22.9800,21.4400,22.5100,1789200,GRPN,24.6145,23.9106,24.1592,24.0471,23.6954,24.7544,,27.6229
2022-03-01,20.0500,21.8700,19.6700,19.9000,2914400,GRPN,24.0900,23.5429,24.1430,23.8904,23.6723,24.6613,,27.5475
2022-03-02,19.2400,20.1600,18.6000,19.6900,2066300,GRPN,23.5300,23.1331,24.0868,23.7080,23.6323,24.5539,,27.4649
2022-03-03,18.3500,19.3900,18.0400,19.3600,1246400,GRPN,23.2640,22.6776,23.9898,23.4979,23.5843,24.4311,,27.3742
2022-03-04,17.0000,18.3500,16.8800,18.1200,1718000,GRPN,22.9545,22.1368,23.8386,23.2431,23.5296,24.2839,,27.2709
2022-03-07,17.0000,17.2000,16.3700,17.0000,1726600,GRPN,22.6555,21.6476,23.6672,22.9982,23.4765,24.1397,,27.1687
2022-03-08,18.3100,19.0700,16.7600,17.3100,1417000,GRPN,22.3735,21.3297,23.5252,22.8144,23.4248,24.0242,,27.0806
2022-03-09,18.5100,19.3200,18.3800,18.6800,889900,GRPN,22.0610,21.0612,23.3948,22.6456,23.3745,23.9150,,26.9953
2022-03-10,18.7400,18.8000,17.8800,18.1200,707400,GRPN,21.7575,20.8401,23.2846,22.4924,23.3280,23.8126,,26.9132
2022-03-11,18.0100,18.9200,17.7600,18.9100,770300,GRPN,21.4400,20.5706,23.1708,22.3167,23.2750,23.6977,,26.8246
2022-03-14,17.8500,18.1800,17.3200,18.0500,764100,GRPN,21.1320,20.3115,23.0410,22.1415,23.2178,23.5819,,26.7353
2022-03-15,18.2000,18.6100,17.5900,17.9600,742700,GRPN,20.7790,20.1104,22.9418,21.9869,23.1639,23.4753,,26.6504
2022-03-16,19.3600,19.4600,18.6100,18.6200,722000,GRPN,20.4010,20.0389,22.7924,21.8839,23.1193,23.3938,,26.5778
2022-03-17,18.7500,19.2500,18.7000,19.1400,956000,GRPN,20.0245,19.9162,22.6390,21.7610,23.0745,23.3018,,26.4999
2022-03-18,19.0900,19.3100,18.5200,18.5400,1460400,GRPN,19.7190,19.8375,22.5136,21.6563,23.0304,23.2184,,26.4262
2022-03-21,18.8900,19.1800,18.4100,19.1800,552700,GRPN,19.4905,19.7473,22.4084,21.5478,22.9961,23.1327,,26.3512
2022-03-22,19.2800,19.9400,19.0000,19.0000,729200,GRPN,19.3215,19.7028,22.3208,21.4588,22.9757,23.0564,,26.2809
2022-03-23,18.8800,19.8000,18.7400,18.9300,470100,GRPN,19.1680,19.6244,22.2362,21.3577,22.9459,22.9737,,26.2072
2022-03-24,19.3700,19.4000,18.5900,19.0700,515200,GRPN,18.9790,19.6002,22.1604,21.2798,22.9274,22.9024,,26.1392
2022-03-25,18.9900,19.6400,18.7100,19.5400,405400,GRPN,18.7795,19.5421,22.0802,21.1900,22.8903,22.8249,,26.0680
2022-03-28,19.6500,19.6700,18.8300,19.1800,620100,GRPN,18.6760,19.5523,22.0152,21.1296,22.8647,22.7620,,26.0042
2022-03-29,20.6600,20.7500,19.8100,19.8200,770900,GRPN,18.7065,19.6578,21.9874,21.1112,22.8363,22.7204,,25.9510
2022-03-30,19.2500,20.6600,19.1400,20.3600,672700,GRPN,18.7070,19.6190,21.9394,21.0382,22.7997,22.6517,,25.8843
2022-03-31,19.2300,19.4200,18.7200,19.3300,712600,GRPN,18.7510,19.5819,21.8858,20.9673,22.7365,22.5839,,25.8181
2022-04-01,19.1600,19.8000,18.8700,19.4700,504800,GRPN,18.8590,19.5418,21.8270,20.8964,22.6655,22.5161,,25.7519
2022-04-04,19.9600,20.0800,19.2100,19.4100,573200,GRPN,19.0070,19.5816,21.7980,20.8597,22.6041,22.4655,,25.6942
2022-04-05,20.2800,20.9500,19.8200,20.6900,866000,GRPN,19.1055,19.6481,21.7646,20.8369,22.5541,22.4222,,25.6404
2022-04-06,19.7800,20.3200,19.5800,19.8600,691100,GRPN,19.1690,19.6607,21.7156,20.7955,22.4786,22.3699,,25.5821
2022-04-07,19.9600,20.2700,19.3900,20.2400,554400,GRPN,19.2300,19.6892,21.5812,20.7627,22.4018,22.3222,,25.5261
2022-04-08,20.0600,20.8400,19.6000,20.0100,731500,GRPN,19.3325,19.7245,21.4252,20.7352,22.3332,22.2774,,25.4717
2022-04-11,19.4400,20.4400,19.3200,19.6000,756300,GRPN,19.4120,19.6974,21.2718,20.6844,22.2612,22.2212,,25.4117
2022-04-12,19.5900,20.5200,19.4700,20.0000,700100,GRPN,19.4815,19.6872,21.0528,20.6415,22.1931,22.1691,,25.3538
2022-04-13,19.6600,19.9900,19.2700,19.4600,503200,GRPN,19.4965,19.6846,20.8372,20.6030,22.1334,22.1194,,25.2971
2022-04-14,19.8200,19.9100,19.2200,19.5500,613400,GRPN,19.5500,19.6975,20.7602,20.5723,22.0907,22.0739,,25.2426
2022-04-18,19.3600,19.8500,19.2200,19.6500,567800,GRPN,19.5635,19.6653,20.6836,20.5247,22.0467,22.0202,,25.1841
2022-04-19,20.7000,21.0100,19.2000,19.2500,911500,GRPN,19.6540,19.7639,20.6380,20.5316,22.0127,21.9940,,25.1395
2022-04-20,19.7400,21.1800,19.6900,21.1600,732100,GRPN,19.6770,19.7616,20.5538,20.5006,21.9766,21.9494,24.4572,25.0857
2022-04-21,19.5100,20.4500,19.4900,19.9400,788600,GRPN,19.7085,19.7376,20.4488,20.4617,21.9428,21.9011,24.3537,25.0303
2022-04-22,18.7800,19.8000,18.7500,19.6900,606000,GRPN,19.6790,19.6464,20.3282,20.3958,21.9112,21.8393,24.2497,24.9681
2022-04-25,20.0900,20.1100,18.3700,18.4000,873500,GRPN,19.7340,19.6887,20.2428,20.3838,21.9055,21.8046,24.1474,24.9195
2022-04-26,19.3700,20.1000,19.2900,19.8600,776800,GRPN,19.7200,19.6583,20.1500,20.3440,21.8995,21.7564,24.0403,24.8643
2022-04-27,19.1200,20.2700,19.0900,19.0900,803700,GRPN,19.6430,19.6071,20.0272,20.2960,21.8818,21.7042,23.9319,24.8072
2022-04-28,20.2800,20.3700,19.0200,19.4600,665600,GRPN,19.6945,19.6712,19.8944,20.2954,21.8911,21.6760,23.8309,24.7621
2022-04-29,19.5100,20.8500,19.4000,20.0300,1160800,GRPN,19.7085,19.6558,19.7590,20.2646,21.8735,21.6331,23.7295,24.7099
2022-05-02,20.3500,20.3600,19.1600,19.2800,674100,GRPN,19.7680,19.7219,19.6620,20.2679,21.8613,21.6077,23.6421,24.6665
2022-05-03,19.1300,20.2500,18.5900,20.2500,907400,GRPN,19.7265,19.6655,19.5754,20.2233,21.8272,21.5586,23.5558,24.6114
2022-05-04,19.3900,19.4600,18.0800,18.9800,818800,GRPN,19.6820,19.6393,19.5100,20.1906,21.7942,21.5157,23.4578,24.5594
2022-05-05,18.5300,19.1300,18.1700,19.1300,662200,GRPN,19.6195,19.5337,19.4416,20.1255,21.7561,21.4566,23.3539,24.4994
2022-05-06,16.4500,18.4200,16.4100,18.4200,1500400,GRPN,19.4440,19.2400,19.3076,19.9814,21.7072,21.3574,23.2457,24.4193
2022-05-09,15.6600,16.0500,14.9100,15.9700,3269300,GRPN,19.2240,18.8990,19.1612,19.8119,21.6503,21.2446,23.1350,24.3322
2022-05-10,13.7000,14.7300,13.5000,13.6200,5728000,GRPN,18.9370,18.4039,19.0008,19.5722,21.5800,21.0952,23.0173,24.2264
2022-05-11,12.7300,14.1200,12.6600,13.6600,2012900,GRPN,18.5940,17.8635,18.8544,19.3039,21.4987,20.9296,22.8998,24.1120
2022-05-12,14.2300,15.2300,13.2700,13.5000,2379800,GRPN,18.3225,17.5175,18.7542,19.1049,21.4205,20.7969,22.7892,24.0137
2022-05-13,14.7600,15.0700,14.1200,14.7000,1367000,GRPN,18.0695,17.2548,18.6824,18.9345,21.3361,20.6774,22.6790,23.9216
2022-05-16,14.1200,14.8800,14.0600,14.7700,1025900,GRPN,17.8075,16.9563,18.6248,18.7457,21.2317,20.5475,22.5677,23.8241
2022-05-17,14.3100,15.0400,14.0900,14.3300,859200,GRPN,17.4880,16.7043,18.5710,18.5718,21.1191,20.4240,22.4586,23.7294
2022-05-18,12.7000,13.9700,12.6100,13.8100,1146000,GRPN,17.1360,16.3229,18.4588,18.3415,20.9920,20.2711,22.3385,23.6197
2022-05-19,12.5200,12.8200,12.3300,12.5000,934100,GRPN,16.7865,15.9607,18.3390,18.1132,20.8669,20.1176,22.2219,23.5092
2022-05-20,12.0700,12.7400,11.5300,12.7200,1094300,GRPN,16.4510,15.5902,18.2056,17.8762,20.7451,19.9582,22.1041,23.3954
2022-05-23,12.1300,12.2500,11.5500,12.1500,1053900,GRPN,16.0530,15.2606,18.0880,17.6509,20.6294,19.8032,22.0117,23.2833
2022-05-24,11.4300,11.9100,11.1700,11.8200,1544200,GRPN,15.6560,14.8958,17.9596,17.4069,20.5003,19.6374,21.9274,23.1653
2022-05-25,13.9700,14.2200,11.4100,11.4200,1824800,GRPN,15.3985,14.8076,17.8750,17.2722,20.4084,19.5252,21.8628,23.0739
2022-05-26,15.4900,15.9700,14.1100,14.1700,1851800,GRPN,15.1590,14.8726,17.7976,17.2023,20.2950,19.4453,21.8091,22.9984
2022-05-27,15.5800,16.4800,15.3900,15.5200,1826800,GRPN,14.9625,14.9400,17.7342,17.1386,20.1866,19.3687,21.7595,22.9246
2022-05-31,15.4500,15.9500,15.0700,15.3200,846600,GRPN,14.7175,14.9886,17.6614,17.0724,20.0875,19.2911,21.7120,22.8502
2022-06-01,15.4500,16.4000,15.4400,16.0000,1060900,GRPN,14.5335,15.0325,17.5926,17.0088,20.0005,19.2151,21.6666,22.7766
2022-06-02,15.6800,15.9200,15.1200,15.2900,686600,GRPN,14.3480,15.0942,17.5206,16.9567,19.9207,19.1451,21.6309,22.7060
2022-06-03,14.9100,15.5000,14.8400,15.4900,532500,GRPN,14.1670,15.0766,17.4412,16.8764,19.8387,19.0612,21.5878,22.6284
2022-06-06,15.0200,15.3100,14.6600,15.1700,504300,GRPN,14.0955,15.0712,17.3542,16.8036,19.7573,18.9812,21.5492,22.5527
2022-06-07,14.7600,15.0300,14.5400,14.8100,427300,GRPN,14.0505,15.0416,17.2696,16.7235,19.6749,18.8976,21.5102,22.4751
2022-06-08,16.3700,16.4500,14.7700,14.8500,919000,GRPN,14.1840,15.1681,17.2040,16.7096,19.6096,18.8475,21.4757,22.4144
2022-06-09,16.2700,16.3400,15.7800,16.1300,809800,GRPN,14.3610,15.2731,17.1162,16.6924,19.5518,18.7965,21.4351,22.3533
2022-06-10,15.3000,16.1300,15.2700,15.8200,768700,GRPN,14.4145,15.2756,17.0372,16.6378,19.4883,18.7273,21.3875,22.2831
2022-06-13,14.6900,15.0500,14.2600,14.6400,545000,GRPN,14.4110,15.2198,16.9464,16.5614,19.4161,18.6473,21.3388,22.2075
2022-06-14,14.7900,15.2600,14.6400,14.7400,581300,GRPN,14.4445,15.1789,16.8590,16.4919,19.3430,18.5709,21.2898,22.1337
2022-06-15,15.0700,15.3800,14.6600,14.9800,608400,GRPN,14.4825,15.1685,16.7612,16.4362,19.2796,18.5016,21.2465,22.0634
2022-06-16,14.0600,14.7100,13.7800,14.5900,734200,GRPN,14.5505,15.0630,16.6368,16.3430,19.2007,18.4136,21.1930,21.9838
2022-06-17,14.8900,14.9800,14.0900,14.0900,852500,GRPN,14.6690,15.0465,16.5390,16.2860,19.1273,18.3439,21.1484,21.9132
2022-06-21,15.3400,15.8400,15.0000,15.0000,932900,GRPN,14.8325,15.0744,16.4466,16.2489,19.0139,18.2844,21.1093,21.8478
2022-06-22,14.9100,15.5500,14.8800,14.9400,619600,GRPN,14.9715,15.0588,16.3436,16.1964,18.8844,18.2176,21.0703,21.7788
2022-06-23,15.5300,15.5600,14.5900,14.9600,600400,GRPN,15.1765,15.1037,16.2654,16.1703,18.7686,18.1644,21.0325,21.7166
2022-06-24,15.7000,16.0900,15.1600,15.6600,1230200,GRPN,15.2630,15.1605,16.1876,16.1518,18.6202,18.1156,21.0006,21.6567
2022-06-27,14.0900,15.9900,14.0700,15.9200,773200,GRPN,15.1930,15.0585,16.0762,16.0710,18.4567,18.0358,20.9602,21.5814
2022-06-28,13.2600,14.4200,13.0200,14.1600,892900,GRPN,15.0770,14.8872,15.9450,15.9607,18.3526,17.9413,20.9168,21.4986
2022-06-29,11.9000,13.1700,11.7100,13.1700,1112100,GRPN,14.8995,14.6027,15.7958,15.8015,18.2397,17.8216,20.8653,21.4031
2022-06-30,11.3000,11.6900,11.1100,11.6100,1148500,GRPN,14.6920,14.2882,15.6078,15.6250,18.1229,17.6925,20.8156,21.3026
2022-07-01,10.9900,11.6100,10.5700,11.3100,1212700,GRPN,14.4575,13.9741,15.4328,15.4432,17.9933,17.5598,20.7627,21.2000
2022-07-05,11.7700,11.7800,10.5100,10.9900,1030900,GRPN,14.3005,13.7642,15.2780,15.2992,17.8634,17.4451,20.7153,21.1062
2022-07-06,10.6400,11.8000,10.5900,11.6700,741600,GRPN,14.0815,13.4666,15.1152,15.1164,17.7217,17.3104,20.6583,21.0020
2022-07-07,10.9600,11.2400,10.5700,10.7000,769300,GRPN,13.8915,13.2279,14.9326,14.9534,17.5877,17.1846,20.6039,20.9021
2022-07-08,10.6500,10.9900,10.3400,10.8000,772000,GRPN,13.6055,12.9824,14.7582,14.7847,17.4541,17.0552,20.5507,20.8001
2022-07-11,9.7200,10.5500,9.5900,10.4700,1120400,GRPN,13.2780,12.6717,14.5702,14.5861,17.2987,16.9100,20.4864,20.6898
2022-07-12,9.7400,10.1400,9.6200,9.7300,592900,GRPN,13.0000,12.3925,14.3594,14.3960,17.1269,16.7680,20.4161,20.5809
2022-07-13,9.5200,9.6800,9.2500,9.6300,869400,GRPN,12.7415,12.1189,14.1596,14.2048,16.9593,16.6245,20.3431,20.4708
2022-07-14,8.8900,9.4000,8.7800,9.2800,1129500,GRPN,12.4465,11.8114,13.9304,13.9964,16.7962,16.4713,20.2639,20.3556
2022-07-15,9.6400,9.6500,8.7900,9.0400,1501100,GRPN,12.1750,11.6046,13.7406,13.8255,16.6580,16.3360,20.1934,20.2490
2022-07-18,10.1800,10.4800,9.8400,9.8500,1104600,GRPN,11.9810,11.4689,13.5564,13.6826,16.5332,16.2141,20.1283,20.1488
2022-07-19,11.2800,11.2900,10.3300,10.3400,1321400,GRPN,11.8005,11.4509,13.4114,13.5884,16.4265,16.1164,20.0706,20.0605
2022-07-20,12.0500,12.1100,11.0600,11.3000,1530200,GRPN,11.6360,11.5080,13.3234,13.5280,16.3155,16.0359,20.0131,19.9808
2022-07-21,11.7600,11.9400,11.3900,11.9200,596000,GRPN,11.4785,11.5320,13.2454,13.4587,16.2033,15.9512,19.9558,19.8990
2022-07-22,10.5800,11.9400,10.4900,11.6400,828800,GRPN,11.2310,11.4413,13.1830,13.3458,16.0919,15.8449,19.8937,19.8063
2022-07-25,10.4800,10.6600,10.3600,10.5800,439600,GRPN,10.9700,11.3498,13.1380,13.2334,15.9962,15.7386,19.8343,19.7135
2022-07-26,10.0400,10.2700,10.0100,10.1900,392900,GRPN,10.7675,11.2250,13.0542,13.1082,15.9042,15.6258,19.7683,19.6172
2022-07-27,10.5200,10.5700,10.0100,10.2200,372800,GRPN,10.6305,11.1579,12.9694,13.0067,15.8259,15.5247,19.7051,19.5267
2022-07-28,10.6500,10.7800,10.0300,10.4400,436100,GRPN,10.5680,11.1095,12.9000,12.9143,15.7624,15.4282,19.6460,19.4384
2022-07-29,10.6000,10.7200,10.3400,10.6900,662100,GRPN,10.5330,11.0610,12.8258,12.8235,15.6984,15.3326,19.5875,19.3505
2022-08-01,11.4800,11.5600,10.4300,10.4800,771700,GRPN,10.5575,11.1009,12.8014,12.7708,15.6301,15.2563,19.5275,19.2721
2022-08-02,12.2300,12.2900,11.2900,11.3300,800900,GRPN,10.5805,11.2084,12.7956,12.7496,15.5673,15.1963,19.4709,19.2021
2022-08-03,12.6400,12.6800,12.2800,12.4000,871300,GRPN,10.6805,11.3448,12.8070,12.7453,15.5063,15.1457,19.4172,19.1368
2022-08-04,12.4600,12.8500,12.3700,12.5900,396400,GRPN,10.7555,11.4510,12.8136,12.7341,15.4508,15.0925,19.3629,19.0703
2022-08-05,12.8200,12.9800,12.2900,12.3300,574900,GRPN,10.8640,11.5814,12.8414,12.7375,15.4005,15.0475,19.3092,19.0081
2022-08-08,13.8700,14.2500,12.9700,12.9900,1947200,GRPN,11.0715,11.7993,12.8394,12.7819,15.3572,15.0242,19.2606,18.9570
2022-08-09,12.5600,14.8500,12.3900,13.7400,1853500,GRPN,11.2125,11.8718,12.7808,12.7732,15.2892,14.9754,19.2043,18.8934
2022-08-10,12.6900,13.0800,11.8200,12.9000,1142700,GRPN,11.3710,11.9497,12.7230,12.7699,15.2286,14.9302,19.1516,18.8316
2022-08-11,12.8400,13.6000,12.7500,12.8400,772100,GRPN,11.5685,12.0345,12.6708,12.7727,15.1661,14.8888,19.0983,18.7720
2022-08-12,12.7100,12.9600,12.1900,12.9200,866500,GRPN,11.7220,12.0988,12.6160,12.7702,15.1043,14.8456,19.0502,18.7117
2022-08-15,12.8700,13.0400,12.4400,12.5100,700600,GRPN,11.8565,12.1723,12.5598,12.7741,15.0402,14.8065,19.0080,18.6536
2022-08-16,13.4000,14.1800,12.4200,12.7100,1776500,GRPN,11.9625,12.2892,12.5296,12.7987,14.9854,14.7787,18.9657,18.6013
2022-08-17,12.0100,13.0800,11.9500,13.0800,883500,GRPN,11.9605,12.2626,12.4694,12.7678,14.9118,14.7238,18.9196,18.5357
2022-08-18,11.5500,12.1100,11.2500,12.0300,792000,GRPN,11.9500,12.1947,12.4052,12.7200,14.8374,14.6610,18.8639,18.4662
2022-08-19,10.9800,11.2600,10.9600,11.1900,701700,GRPN,11.9700,12.0790,12.2974,12.6518,14.7507,14.5881,18.8077,18.3917
2022-08-22,10.4600,10.8500,10.2800,10.6600,767700,GRPN,11.9690,11.9249,12.1812,12.5658,14.6487,14.5064,18.7425,18.3128
2022-08-23,10.3500,10.7800,10.2500,10.6500,512400,GRPN,11.9845,11.7749,12.0822,12.4789,14.5597,14.4240,18.6797,18.2336
2022-08-24,10.2300,10.5200,10.1700,10.2900,504500,GRPN,11.9700,11.6277,11.9930,12.3907,14.4697,14.3410,18.6031,18.1539
2022-08-25,10.5600,10.7000,10.2500,10.2600,563600,GRPN,11.9655,11.5260,11.9084,12.3189,14.3837,14.2661,18.5246,18.0784
2022-08-26,10.1100,10.6600,9.9500,10.6000,710300,GRPN,11.9410,11.3912,11.8092,12.2323,14.2852,14.1838,18.4447,17.9991
2022-08-29,10.1500,10.2300,9.9100,9.9600,620500,GRPN,11.8745,11.2730,11.7310,12.1507,14.1839,14.1039,18.3690,17.9210
2022-08-30,10.0100,10.5600,9.8700,10.2900,603300,GRPN,11.7635,11.1527,11.6334,12.0667,14.0862,14.0229,18.2824,17.8423
2022-08-31,9.9100,10.4000,9.9000,10.1000,599600,GRPN,11.6270,11.0343,11.5248,11.9821,13.9857,13.9414,18.1938,17.7633
2022-09-01,10.2800,10.2900,9.3100,9.7700,944300,GRPN,11.5180,10.9625,11.4322,11.9154,13.8879,13.8689,18.1106,17.6889
2022-09-02,11.0500,11.3300,10.5800,10.6800,1070800,GRPN,11.4295,10.9708,11.3426,11.8814,13.8040,13.8131,18.0326,17.6228
2022-09-06,10.3800,11.1400,10.3800,11.0100,649600,GRPN,11.2550,10.9146,11.2362,11.8226,13.7119,13.7451,17.9525,17.5507
2022-09-07,10.8700,10.8900,10.1800,10.2300,504600,GRPN,11.1705,10.9103,11.1718,11.7852,13.6240,13.6882,17.8787,17.4843
2022-09-08,10.7400,10.7600,10.2500,10.7400,461800,GRPN,11.0730,10.8941,11.1214,11.7442,13.5332,13.6298,17.8120,17.4172
2022-09-09,11.3100,11.3600,10.8600,10.8600,579200,GRPN,10.9965,10.9337,11.1096,11.7272,13.4527,13.5839,17.7497,17.3564
2022-09-12,12.1200,12.1700,11.4200,11.4200,779900,GRPN,10.9670,11.0467,11.1260,11.7426,13.3669,13.5549,17.6898,17.3043
2022-09-13,12.1600,12.2000,11.1700,11.5700,1047800,GRPN,10.9315,11.1527,11.1494,11.7590,13.2911,13.5273,17.6339,17.2531
2022-09-14,12.4800,12.5000,11.5800,12.2000,947200,GRPN,10.8855,11.2791,11.1636,11.7872,13.2208,13.5065,17.5818,17.2056
2022-09-15,11.1300,12.6600,11.0500,12.4200,1442500,GRPN,10.8415,11.2649,11.1734,11.7615,13.1443,13.4595,17.5278,17.1452
2022-09-16,10.7300,10.9000,10.5500,10.8400,2129200,GRPN,10.8005,11.2140,11.1688,11.7210,13.0507,13.4054,17.4781,17.0813
2022-09-19,10.3200,10.5600,10.0600,10.4400,763700,GRPN,10.7675,11.1288,11.1622,11.6661,12.9602,13.3443,17.4299,17.0141
2022-09-20,10.1800,10.4000,10.0500,10.0700,645700,GRPN,10.7535,11.0385,11.1714,11.6078,12.8708,13.2817,17.3763,16.9461
2022-09-21,10.1700,10.5800,10.1100,10.1900,524500,GRPN,10.7445,10.9558,11.1800,11.5514,12.7697,13.2200,17.3304,16.8786
2022-09-22,9.5400,10.2000,9.4900,10.1000,744100,GRPN,10.7100,10.8209,11.1804,11.4725,12.6700,13.1472,17.2718,16.8056
2022-09-23,9.2600,9.4300,9.1000,9.3100,643900,GRPN,10.6450,10.6723,11.1878,11.3858,12.5591,13.0702,17.2102,16.7305
2022-09-26,8.9900,9.5600,8.9700,9.1700,688000,GRPN,10.5890,10.5121,11.1748,11.2918,12.4577,12.9894,17.1425,16.6535
2022-09-27,9.1900,9.7100,9.1600,9.2400,580500,GRPN,10.5410,10.3861,11.1550,11.2094,12.3557,12.9142,17.0750,16.5792
2022-09-28,9.1100,9.2900,9.0400,9.1700,577100,GRPN,10.4960,10.2646,11.1116,11.1271,12.2615,12.8388,17.0088,16.5049
2022-09-29,8.7400,8.9200,8.4500,8.8700,830300,GRPN,10.4375,10.1194,11.0454,11.0335,12.1844,12.7577,16.9458,16.4277
2022-09-30,7.9600,8.6400,7.9300,8.6100,942300,GRPN,10.3215,9.9137,10.9694,10.9129,12.1074,12.6627,16.8789,16.3434
2022-10-03,8.0700,8.1700,7.8200,8.0800,808100,GRPN,10.1725,9.7382,10.9192,10.8014,12.0511,12.5717,16.8156,16.2611
2022-10-04,8.7800,8.8300,8.2700,8.2700,956100,GRPN,10.0925,9.6469,10.8852,10.7222,12.0116,12.4966,16.7552,16.1866
2022-10-05,8.6900,8.7300,8.2300,8.4800,637100,GRPN,9.9835,9.5558,10.8582,10.6425,11.9562,12.4213,16.6884,16.1120
2022-10-06,9.1600,9.3700,8.6700,8.7100,1193500,GRPN,9.9045,9.5181,10.8310,10.5843,11.9002,12.3567,16.6182,16.0429
2022-10-07,8.2400,9.0100,7.8400,8.9800,1397000,GRPN,9.7510,9.3964,10.7828,10.4924,11.8414,12.2752,16.5366,15.9652
2022-10-10,8.0900,8.3900,7.9900,8.1600,500200,GRPN,9.5495,9.2719,10.7326,10.3982,11.7792,12.1923,16.4492,15.8869
2022-10-11,7.5500,8.1000,7.4900,8.0600,1032500,GRPN,9.3190,9.1079,10.6540,10.2865,11.7277,12.1004,16.3599,15.8039
2022-10-12,7.3700,7.5800,7.1300,7.5200,989900,GRPN,9.0635,8.9424,10.5568,10.1721,11.6762,12.0067,16.2716,15.7200
2022-10-13,7.3500,7.3900,6.9200,7.1000,797400,GRPN,8.8745,8.7908,10.4510,10.0615,11.6290,11.9145,16.1871,15.6367
2022-10-14,7.2200,7.5800,7.1800,7.4600,512500,GRPN,8.6990,8.6412,10.3462,9.9500,11.5799,11.8215,16.1047,15.5530
2022-10-17,7.3700,7.4400,7.0900,7.1800,640200,GRPN,8.5515,8.5201,10.2372,9.8488,11.5393,11.7334,16.0198,15.4715
2022-10-18,7.4700,7.8600,7.4400,7.6100,719400,GRPN,8.4160,8.4201,10.1092,9.7556,11.4743,11.6490,15.9414,15.3919
2022-10-19,6.9400,7.4800,6.9000,7.4400,772000,GRPN,8.2545,8.2791,9.9968,9.6451,11.3888,11.5557,15.8419,15.3078
2022-10-20,6.8100,7.2700,6.8000,6.8900,711100,GRPN,8.1180,8.1392,9.8792,9.5340,11.3011,11.4617,15.7439,15.2233
2022-10-21,6.8600,6.9300,6.6600,6.8100,736600,GRPN,7.9980,8.0174,9.7596,9.4291,11.2152,11.3706,15.6514,15.1401
2022-10-24,6.4000,6.8400,6.3800,6.8400,1229300,GRPN,7.8685,7.8633,9.6334,9.3103,11.1247,11.2722,15.5626,15.0531
2022-10-25,6.5800,6.7300,6.3500,6.4000,1921800,GRPN,7.7380,7.7411,9.5076,9.2032,11.0337,11.1793,15.4772,14.9688
2022-10-26,7.3700,7.6400,6.5400,6.5400,1301500,GRPN,7.6510,7.7058,9.3870,9.1313,10.9583,11.1038,15.3985,14.8932
2022-10-27,7.5800,7.8000,7.4000,7.4000,707000,GRPN,7.5930,7.6938,9.2984,9.0705,10.8839,11.0341,15.3206,14.8204
2022-10-28,7.5800,7.8300,7.2100,7.5800,1298100,GRPN,7.5740,7.6830,9.2190,9.0121,10.8121,10.9657,15.2435,14.7484
2022-10-31,7.3700,7.6600,7.3000,7.5000,283400,GRPN,7.5390,7.6532,9.1468,8.9477,10.7221,10.8945,15.1659,14.6749
2022-11-01,7.7100,7.8900,7.5600,7.5900,632700,GRPN,7.4855,7.6586,9.0918,8.8991,10.6365,10.8314,15.0942,14.6056
2022-11-02,7.1300,7.7300,7.0900,7.7300,718500,GRPN,7.4075,7.6082,9.0274,8.8298,10.5548,10.7581,15.0216,14.5313
2022-11-03,6.8400,7.2600,6.8200,7.0900,469700,GRPN,7.2915,7.5351,8.9596,8.7517,10.4763,10.6805,14.9462,14.4547
2022-11-04,7.0700,7.1300,6.7400,7.0700,520700,GRPN,7.2330,7.4908,8.8898,8.6858,10.3991,10.6090,14.8711,14.3812
2022-11-07,7.0400,7.2500,6.7600,7.1400,1891100,GRPN,7.1805,7.4478,8.8284,8.6212,10.3188,10.5383,14.7992,14.3082
2022-11-08,8.9700,9.0700,6.5800,6.9700,4209500,GRPN,7.2515,7.5928,8.8048,8.6349,10.2679,10.5073,14.7343,14.2551
2022-11-09,8.3300,8.8400,8.0800,8.8400,2022900,GRPN,7.2995,7.6630,8.7712,8.6230,10.2023,10.4642,14.6648,14.1961
2022-11-10,9.6500,9.9700,8.9600,8.9900,1797800,GRPN,7.4145,7.8523,8.7660,8.6632,10.1454,10.4481,14.5797,14.1509
2022-11-11,10.1000,10.2900,9.1600,9.4800,1428000,GRPN,7.5585,8.0663,8.7624,8.7196,10.0973,10.4412,14.4909,14.1106
2022-11-14,9.0500,10.2400,9.0400,9.8800,3259700,GRPN,7.6425,8.1600,8.7224,8.7325,10.0325,10.4136,14.4006,14.0602
2022-11-15,9.0600,9.9000,8.9600,9.5000,990200,GRPN,7.7220,8.2457,8.6960,8.7454,9.9661,10.3868,14.2932,14.0105
2022-11-16,8.5500,8.9900,8.5000,8.8500,907200,GRPN,7.8025,8.2747,8.6496,8.7377,9.9107,10.3504,14.1837,13.9561
2022-11-17,8.5900,8.7400,8.1500,8.2600,494300,GRPN,7.8915,8.3047,8.6066,8.7319,9.8640,10.3156,14.1083,13.9027
2022-11-18,8.2500,8.8600,8.2100,8.8000,688700,GRPN,7.9610,8.2995,8.5454,8.7130,9.8275,10.2747,14.0336,13.8465
2022-11-21,8.2800,8.6800,8.1100,8.2300,635200,GRPN,8.0550,8.2977,8.4686,8.6960,9.7973,10.2352,13.9601,13.7911
2022-11-22,8.0600,8.2800,7.9900,8.2600,567600,GRPN,8.1290,8.2750,8.3866,8.6711,9.7680,10.1921,13.8807,13.7341
2022-11-23,8.1400,8.2500,7.9900,8.0000,482200,GRPN,8.1675,8.2622,8.2998,8.6503,9.7317,10.1515,13.7976,13.6784
2022-11-25,8.4000,8.4400,8.0400,8.0600,278200,GRPN,8.2085,8.2753,8.2452,8.6405,9.7093,10.1168,13.7155,13.6259
2022-11-28,8.0200,8.4000,7.8400,8.3200,701500,GRPN,8.2305,8.2510,8.1910,8.6161,9.6799,10.0753,13.6338,13.5701
2022-11-29,8.0900,8.2000,7.9500,8.0000,503000,GRPN,8.2665,8.2356,8.1464,8.5955,9.6543,10.0360,13.5542,13.5156
2022-11-30,8.3300,8.4200,7.9600,8.2000,1140000,GRPN,8.2975,8.2446,8.1094,8.5851,9.6404,10.0022,13.4696,13.4640
2022-12-01,8.7400,8.8200,8.3100,8.4000,667700,GRPN,8.3780,8.2918,8.0808,8.5912,9.6304,9.9772,13.3787,13.4170
2022-12-02,8.4000,8.6300,8.3400,8.4900,436300,GRPN,8.4560,8.3021,8.0580,8.5837,9.6192,9.9459,13.2893,13.3671
2022-12-05,7.9900,8.3200,7.9800,8.2700,774300,GRPN,8.5020,8.2724,8.0326,8.5604,9.6102,9.9072,13.2032,13.3136
2022-12-06,7.6600,7.9800,7.6500,7.9600,638900,GRPN,8.5330,8.2141,8.0060,8.5251,9.5904,9.8627,13.1242,13.2573
2022-12-07,7.2800,7.6000,7.0400,7.6000,1164100,GRPN,8.4485,8.1251,7.9678,8.4762,9.5614,9.8116,13.0473,13.1978
2022-12-08,7.4900,7.5100,6.9000,7.3200,1082500,GRPN,8.4065,8.0646,7.9354,8.4376,9.5235,9.7656,12.9750,13.1410
2022-12-09,7.0600,7.5700,7.0200,7.4300,869100,GRPN,8.2770,7.9689,7.9018,8.3835,9.4736,9.7120,12.8946,13.0805
2022-12-12,7.1100,7.1300,6.8800,7.0800,881900,GRPN,8.1275,7.8871,7.8848,8.3336,9.4271,9.6605,12.8152,13.0211
2022-12-13,7.1900,8.0000,7.1300,7.4600,1298000,GRPN,8.0345,7.8207,7.8672,8.2888,9.3932,9.6116,12.7426,12.9631
2022-12-14,7.2500,7.3800,7.0400,7.1600,948800,GRPN,7.9440,7.7664,7.8366,8.2480,9.3609,9.5648,12.6786,12.9063
2022-12-15,6.7700,7.1400,6.7400,7.0200,1322500,GRPN,7.8550,7.6715,7.7982,8.1901,9.3282,9.5095,12.6162,12.8452
2022-12-16,6.8800,6.9200,6.6300,6.7000,1644000,GRPN,7.7695,7.5961,7.7526,8.1387,9.2918,9.4574,12.5589,12.7858
2022-12-19,6.3000,6.8400,6.2500,6.8000,1921100,GRPN,7.6720,7.4727,7.7138,8.0666,9.2483,9.3949,12.5054,12.7213
2022-12-20,6.8300,6.9500,6.2200,6.2800,1800900,GRPN,7.5995,7.4115,7.6886,8.0181,9.2106,9.3441,12.4545,12.6627
2022-12-21,7.2300,7.5700,6.9100,6.9700,1951500,GRPN,7.5580,7.3942,7.6822,7.9872,9.1681,9.3022,12.3991,12.6086
2022-12-22,7.2200,7.2900,6.8800,7.1500,1541400,GRPN,7.5120,7.3776,7.6792,7.9571,9.1180,9.2610,12.3427,12.5550
2022-12-23,7.2700,7.3100,6.9200,7.2600,1122200,GRPN,7.4555,7.3673,7.6776,7.9301,9.0643,9.2216,12.2853,12.5024
2022-12-27,7.5500,7.7300,7.2700,7.2900,1387600,GRPN,7.4320,7.3847,7.6842,7.9152,9.0152,9.1885,12.2330,12.4532
2022-12-28,6.8600,7.6200,6.6600,7.5500,791000,GRPN,7.3705,7.3348,7.6740,7.8739,8.9556,9.1424,12.1781,12.3975
2022-12-29,7.5700,7.6500,6.8600,6.9900,1072200,GRPN,7.3325,7.3572,7.6760,7.8619,8.8926,9.1112,12.1249,12.3495
2022-12-30,8.5800,8.6300,7.1500,7.3600,3227600,GRPN,7.3245,7.4736,7.7088,7.8901,8.8528,9.1007,12.0710,12.3120
2023-01-03,8.8600,9.0400,8.5300,8.8200,1604800,GRPN,7.3475,7.6057,7.7498,7.9281,8.8145,9.0959,12.0216,12.2776
2023-01-04,8.8200,8.9900,8.5300,8.9800,758200,GRPN,7.3890,7.7213,7.7890,7.9631,8.7743,9.0905,11.9702,12.2432
2023-01-05,8.0800,8.7800,8.0500,8.7600,1067200,GRPN,7.4100,7.7555,7.8226,7.9677,8.7280,9.0705,11.9162,12.2018
2023-01-06,8.3000,8.4000,7.9400,8.1100,1030700,GRPN,7.4610,7.8073,7.8570,7.9807,8.6823,9.0552,11.8613,12.1630
2023-01-09,8.4200,8.7800,8.3900,8.5200,971500,GRPN,7.5075,7.8657,7.8780,7.9980,8.6325,9.0426,11.8090,12.1257
2023-01-10,8.4800,8.4900,8.2400,8.3300,622500,GRPN,7.5785,7.9242,7.8960,8.0169,8.5972,9.0315,11.7545,12.0894
2023-01-11,8.1900,8.6100,8.1900,8.4900,726700,GRPN,7.6325,7.9495,7.9082,8.0236,8.5636,9.0148,11.7005,12.0506
2023-01-12,8.2100,8.4300,7.9400,8.3000,883000,GRPN,7.6835,7.9743,7.9250,8.0310,8.5359,8.9989,11.6433,12.0124
2023-01-13,8.5700,8.7500,8.0200,8.1300,772900,GRPN,7.7495,8.0310,7.9422,8.0521,8.5170,8.9904,11.5829,11.9782
2023-01-17,8.3300,8.6300,8.1800,8.4600,598700,GRPN,7.8275,8.0595,7.9662,8.0630,8.4968,8.9773,11.5283,11.9419
2023-01-18,8.0200,8.6000,7.9800,8.4300,437400,GRPN,7.8845,8.0558,7.9898,8.0613,8.4747,8.9584,11.4722,11.9028
2023-01-19,7.8200,8.0100,7.7600,7.8400,579700,GRPN,7.9605,8.0333,8.0048,8.0518,8.4473,8.9358,11.4155,11.8622
2023-01-20,8.0100,8.0300,7.8000,7.9600,563000,GRPN,8.0195,8.0311,8.0242,8.0502,8.4263,8.9175,11.3558,11.8239
2023-01-23,8.2200,8.3100,8.0100,8.0800,544100,GRPN,8.0690,8.0491,8.0092,8.0569,8.4070,8.9037,11.2955,11.7880
2023-01-24,8.6000,8.8000,8.1300,8.1300,1141000,GRPN,8.1380,8.1015,8.0146,8.0782,8.3929,8.8977,11.2396,11.7563
2023-01-25,8.8000,8.8200,7.9600,8.3700,978500,GRPN,8.2145,8.1681,7.9976,8.1065,8.3818,8.8957,11.1838,11.7269
2023-01-26,8.9100,9.1100,8.7500,8.9600,527000,GRPN,8.2825,8.2387,7.9738,8.1380,8.3681,8.8960,11.1280,11.6989
2023-01-27,9.2400,9.3900,8.9400,8.9400,549000,GRPN,8.4015,8.3341,7.9776,8.1812,8.3500,8.9028,11.0770,11.6744
2023-01-30,8.3500,9.0300,8.3100,9.0000,745300,GRPN,8.4405,8.3356,7.9634,8.1878,8.3297,8.8919,11.0208,11.6413
2023-01-31,8.2600,8.8400,8.1800,8.4500,886500,GRPN,8.4245,8.3284,7.9576,8.1906,8.3036,8.8794,10.9638,11.6077
2023-02-01,8.7300,8.8200,8.0300,8.2600,1339800,GRPN,8.4180,8.3666,7.9604,8.2118,8.2835,8.8764,10.9084,11.5790
2023-02-02,9.3500,9.4700,8.9200,8.9200,728900,GRPN,8.4445,8.4603,7.9824,8.2564,8.2639,8.8858,10.8583,11.5569
2023-02-03,8.7800,9.2700,8.7300,9.0800,508600,GRPN,8.4795,8.4907,7.9924,8.2770,8.2305,8.8837,10.7987,11.5292
2023-02-06,8.1300,8.6900,8.1100,8.6100,795500,GRPN,8.4710,8.4564,7.9938,8.2712,8.1902,8.8688,10.7407,11.4954
2023-02-07,7.9800,8.1400,7.8100,8.1100,730200,GRPN,8.4490,8.4110,7.9906,8.2598,8.1452,8.8512,10.6830,11.4604
2023-02-08,7.6900,8.1400,7.6400,8.0200,706900,GRPN,8.4095,8.3424,7.9764,8.2374,8.1108,8.8282,10.6276,11.4229
2023-02-09,7.3700,7.9300,7.3500,7.8200,749300,GRPN,8.3685,8.2497,7.9634,8.2034,8.0772,8.7993,10.5640,11.3826
2023-02-10,7.1000,7.3400,7.0700,7.3100,682800,GRPN,8.3130,8.1402,7.9436,8.1601,8.0450,8.7656,10.5026,11.3400
2023-02-13,7.3100,7.3600,7.0100,7.1300,421900,GRPN,8.2500,8.0612,7.9232,8.1268,8.0163,8.7368,10.4436,11.2999
2023-02-14,7.5100,7.5500,7.0800,7.2200,599400,GRPN,8.2090,8.0087,7.8986,8.1026,7.9897,8.7125,10.3797,11.2622
2023-02-15,7.7500,7.7600,7.3100,7.3700,2894300,GRPN,8.1955,7.9840,7.8856,8.0888,7.9718,8.6935,10.3209,11.2272
2023-02-16,7.6000,7.8500,7.3900,7.5700,752900,GRPN,8.1845,7.9475,7.8778,8.0696,7.9552,8.6718,10.2571,11.1911
2023-02-17,7.5300,7.6000,7.2000,7.5900,537700,GRPN,8.1605,7.9077,7.8752,8.0485,7.9406,8.6492,10.1992,11.1547
2023-02-21,7.1900,7.5100,7.1100,7.3200,551600,GRPN,8.1090,7.8394,7.8734,8.0148,7.9206,8.6203,10.1382,11.1152
2023-02-22,7.2900,7.3600,7.1800,7.1900,412700,GRPN,8.0435,7.7870,7.8694,7.9864,7.9024,8.5940,10.0820,11.0772
2023-02-23,7.3000,7.4100,7.0800,7.3700,404800,GRPN,7.9685,7.7407,7.8742,7.9595,7.8880,8.5683,10.0362,11.0396
2023-02-24,7.1400,7.2500,7.0500,7.0800,553900,GRPN,7.8800,7.6834,7.8748,7.9273,7.8798,8.5401,9.9936,11.0008
2023-02-27,7.4000,7.4800,7.1000,7.2200,817400,GRPN,7.7880,7.6565,7.8790,7.9066,7.8731,8.5175,9.9621,10.9650
2023-02-28,7.5100,7.7200,7.2900,7.5000,711200,GRPN,7.7460,7.6425,7.8842,7.8911,7.8604,8.4975,9.9360,10.9306
2023-03-01,6.8400,7.4700,6.7300,7.4700,839500,GRPN,7.6750,7.5661,7.8856,7.8499,7.8419,8.4647,9.8991,10.8899
2023-03-02,6.7500,6.8300,6.5300,6.7800,612700,GRPN,7.5760,7.4884,7.8830,7.8067,7.8178,8.4308,9.8590,10.8487
2023-03-03,6.8200,7.0300,6.7400,6.8800,673500,GRPN,7.4495,7.4247,7.8934,7.7680,7.8036,8.3989,9.8225,10.8086
2023-03-06,6.3000,6.9300,6.3000,6.8700,1139200,GRPN,7.3255,7.3176,7.8828,7.7105,7.7857,8.3573,9.7825,10.7637
2023-03-07,6.1700,6.4700,6.1200,6.3000,917400,GRPN,7.2275,7.2083,7.8616,7.6501,7.7719,8.3140,9.7498,10.7180
2023-03-08,6.0300,6.2300,5.9900,6.1400,917800,GRPN,7.1300,7.0961,7.8378,7.5865,7.7585,8.2688,9.7174,10.6714
2023-03-09,5.7300,6.0700,5.7200,6.0100,1022300,GRPN,7.0320,6.9660,7.8070,7.5137,7.7423,8.2185,9.6857,10.6222
2023-03-10,5.6100,5.8700,5.5200,5.7600,901400,GRPN,6.9440,6.8368,7.7682,7.4391,7.7262,8.1668,9.6531,10.5723
2023-03-13,5.6100,5.7700,5.3100,5.5500,814900,GRPN,6.8695,6.7200,7.7432,7.3673,7.7086,8.1162,9.6240,10.5230
2023-03-14,5.5500,5.9100,5.4800,5.7900,720900,GRPN,6.7815,6.6086,7.7028,7.2961,7.6894,8.0654,9.5819,10.4735
2023-03-15,5.1000,5.5000,4.9800,5.3700,2393500,GRPN,6.6610,6.4649,7.6332,7.2100,7.6710,8.0067,9.5299,10.4200
2023-03-16,4.9000,5.1000,4.8100,5.0800,2276300,GRPN,6.5185,6.3159,7.5540,7.1194,7.6519,7.9451,9.4765,10.3651
2023-03-17,4.0900,4.5100,3.8500,4.5100,5337000,GRPN,6.3430,6.1039,7.4594,7.0006,7.6242,7.8688,9.4197,10.3027
2023-03-20,4.0600,4.1100,3.8900,4.0500,1503600,GRPN,6.1695,5.9092,7.3790,6.8852,7.6008,7.7934,9.3628,10.2405
2023-03-21,4.2100,4.3200,4.0800,4.0800,1133400,GRPN,6.0205,5.7474,7.2972,6.7803,7.5771,7.7224,9.3054,10.1805
2023-03-22,3.9300,4.2900,3.9200,4.2200,1392200,GRPN,5.8525,5.5743,7.2074,6.6686,7.5427,7.6473,9.2505,10.1183
2023-03-23,3.7200,4.0100,3.6600,4.0100,1458800,GRPN,5.6735,5.3977,7.1122,6.5529,7.5041,7.5696,9.1940,10.0547
2023-03-24,3.6700,3.8200,3.6400,3.6400,652400,GRPN,5.5000,5.2332,7.0218,6.4399,7.4650,7.4923,9.1386,9.9911
2023-03-27,3.6300,3.7500,3.6200,3.7200,697200,GRPN,5.3115,5.0805,6.9302,6.3297,7.4276,7.4159,9.0749,9.9279
2023-03-28,3.5700,3.7000,3.5600,3.6000,739400,GRPN,5.1145,4.9366,6.8302,6.2215,7.3862,7.3397,9.0114,9.8646
2023-03-29,3.5100,3.6200,3.4600,3.6100,1701400,GRPN,4.9480,4.8008,6.7338,6.1151,7.3500,7.2639,8.9524,9.8014
2023-03-30,3.3700,3.6800,3.3700,3.5600,1077100,GRPN,4.7790,4.6645,6.6408,6.0075,7.3153,7.1868,8.8958,9.7374
2023-03-31,4.2100,4.2600,3.5100,3.5700,3741100,GRPN,4.6485,4.6212,6.5686,5.9370,7.2867,7.1278,8.8429,9.6824
2023-04-03,4.1100,4.2700,3.9300,4.2200,1463700,GRPN,4.5390,4.5725,6.4906,5.8653,7.2574,7.0681,8.7881,9.6269
2023-04-04,3.9600,4.1800,3.8700,4.1000,907700,GRPN,4.4285,4.5142,6.4054,5.7906,7.2073,7.0065,8.7376,9.5705
2023-04-05,3.7900,3.9500,3.7400,3.9400,785100,GRPN,4.3165,4.4452,6.3092,5.7122,7.1619,6.9428,8.6821,9.5130
2023-04-06,3.9700,3.9900,3.6600,3.7800,651500,GRPN,4.2285,4.4000,6.2126,5.6438,7.1051,6.8840,8.6252,9.4579
2023-04-10,3.9700,4.1000,3.7800,3.8800,770600,GRPN,4.1465,4.3590,6.1138,5.5782,7.0438,6.8263,8.5706,9.4033
2023-04-11,4.0000,4.0900,3.8700,3.9700,764300,GRPN,4.0660,4.3248,6.0090,5.5163,6.9933,6.7703,8.5129,9.3495
2023-04-12,3.7200,4.1300,3.6700,4.0700,961500,GRPN,3.9745,4.2672,5.9164,5.4459,6.9399,6.7099,8.4530,9.2935
2023-04-13,3.8700,3.9100,3.7300,3.7500,768800,GRPN,3.9130,4.2294,5.8286,5.3841,6.8931,6.6536,8.4019,9.2395
2023-04-14,3.7500,3.9300,3.6500,3.8400,774000,GRPN,3.8555,4.1837,5.7290,5.3200,6.8447,6.5962,8.3544,9.1849
2023-04-17,4.1600,4.2400,3.7300,3.7700,1646000,GRPN,3.8590,4.1815,5.6252,5.2745,6.8038,6.5479,8.3157,9.1349
2023-04-18,4.1000,4.2100,3.9300,4.1900,577100,GRPN,3.8610,4.1737,5.5316,5.2284,6.7620,6.4994,8.2797,9.0848
2023-04-19,4.0800,4.1500,3.9100,4.0600,622300,GRPN,3.8545,4.1648,5.4506,5.1834,6.7222,6.4515,8.2451,9.0350
2023-04-20,3.9700,4.1900,3.9600,4.0200,628800,GRPN,3.8565,4.1462,5.3704,5.1358,6.6805,6.4024,8.2061,8.9846
2023-04-21,3.9100,3.9700,3.8400,3.9700,546000,GRPN,3.8660,4.1237,5.2948,5.0877,6.6356,6.3530,8.1724,8.9341
2023-04-24,3.7900,3.9200,3.7600,3.9200,633800,GRPN,3.8720,4.0920,5.2232,5.0369,6.5933,6.3023,8.1366,8.8829
2023-04-25,3.7000,3.8600,3.5800,3.7500,1430400,GRPN,3.8755,4.0546,5.1552,4.9844,6.5494,6.2507,8.1018,8.8313
2023-04-26,3.6900,3.8100,3.6500,3.6800,463000,GRPN,3.8815,4.0199,5.0828,4.9337,6.5030,6.2000,8.0717,8.7802
2023-04-27,3.7800,3.9300,3.7300,3.7400,413100,GRPN,3.8950,3.9970,5.0082,4.8884,6.4534,6.1521,8.0419,8.7304
2023-04-28,3.5800,3.9200,3.4700,3.7600,1645300,GRPN,3.9055,3.9573,4.9248,4.8371,6.4052,6.1012,8.0122,8.6792
2023-05-01,3.4400,3.6000,3.3800,3.6000,959300,GRPN,3.8670,3.9081,4.8416,4.7823,6.3597,6.0485,7.9849,8.6271
2023-05-02,3.3500,3.4500,3.3100,3.4400,771100,GRPN,3.8290,3.8549,4.7580,4.7262,6.3166,5.9951,7.9535,8.5745
2023-05-03,3.3400,3.4400,3.3000,3.3800,677700,GRPN,3.7980,3.8059,4.6810,4.6718,6.2772,5.9425,7.9193,8.5225
2023-05-04,3.3200,3.4000,3.2700,3.3200,498700,GRPN,3.7745,3.7596,4.6016,4.6188,6.2355,5.8905,7.8795,8.4707
2023-05-05,3.4600,3.4700,3.3600,3.3800,485400,GRPN,3.7490,3.7311,4.5248,4.5733,6.1995,5.8424,7.8365,8.4208
2023-05-08,3.5300,3.5700,3.4100,3.4900,448900,GRPN,3.7270,3.7119,4.4526,4.5324,6.1637,5.7966,7.7954,8.3722
2023-05-09,3.6700,3.6900,3.4200,3.5000,709700,GRPN,3.7105,3.7079,4.3780,4.4986,6.1285,5.7545,7.7608,8.3254
2023-05-10,3.9700,4.1900,3.7300,3.7300,2210800,GRPN,3.7230,3.7329,4.3072,4.4779,6.0957,5.7192,7.7283,8.2821
2023-05-11,3.3300,3.7500,3.0300,3.7400,3403700,GRPN,3.6960,3.6945,4.2370,4.4329,6.0613,5.6719,7.6947,8.2328
2023-05-12,3.2800,3.3200,3.0600,3.2800,1469000,GRPN,3.6725,3.6550,4.1676,4.3877,6.0253,5.6245,7.6585,8.1835
2023-05-15,3.0800,3.3100,3.0300,3.2500,1841800,GRPN,3.6185,3.6003,4.0928,4.3364,5.9931,5.5741,7.6207,8.1327
2023-05-16,2.9700,3.0700,2.8900,3.0600,1517100,GRPN,3.5620,3.5402,4.0262,4.2828,5.9545,5.5226,7.5825,8.0813
2023-05-17,3.5300,3.7500,2.9400,2.9800,3809100,GRPN,3.5345,3.5393,3.9734,4.2533,5.9175,5.4831,7.5428,8.0361
2023-05-18,4.3300,4.3400,3.5200,3.5200,3713300,GRPN,3.5525,3.6146,3.9394,4.2563,5.8886,5.4603,7.5033,7.9992
2023-05-19,4.0300,4.5400,3.8100,4.3000,1925500,GRPN,3.5585,3.6541,3.9054,4.2474,5.8562,5.4319,7.4602,7.9597
2023-05-22,4.5300,4.6800,3.8600,4.0000,1885000,GRPN,3.5955,3.7376,3.8838,4.2585,5.8260,5.4141,7.4206,7.9256
2023-05-23,4.4400,4.7100,4.3800,4.4900,1268000,GRPN,3.6325,3.8045,3.8604,4.2656,5.8018,5.3948,7.3787,7.8909
2023-05-24,4.4800,4.5000,4.2000,4.4600,703200,GRPN,3.6720,3.8688,3.8390,4.2740,5.7709,5.3767,7.3317,7.8569
2023-05-25,5.1500,5.3000,4.4200,4.4300,2432300,GRPN,3.7405,3.9908,3.8400,4.3084,5.7366,5.3722,7.2947,7.8300
2023-05-26,5.3100,5.4300,4.7100,5.1700,1653400,GRPN,3.8270,4.1165,3.8482,4.3476,5.7011,5.3710,7.2578,7.8049
2023-05-30,5.5200,5.6100,4.7700,5.4300,2172700,GRPN,3.9310,4.2501,3.8768,4.3936,5.6681,5.3739,7.2212,7.7822
2023-05-31,5.4000,5.5800,4.9900,5.4000,1627100,GRPN,4.0335,4.3596,3.9036,4.4331,5.6413,5.3744,7.1846,7.7585
2023-06-01,5.4000,5.6100,4.8700,5.3800,1254700,GRPN,4.1365,4.4587,3.9274,4.4710,5.6123,5.3749,7.1473,7.7350
2023-06-02,6.0400,6.0500,5.4900,5.5500,1619100,GRPN,4.2725,4.6093,3.9696,4.5325,5.5885,5.3881,7.1105,7.7182
2023-06-05,5.9200,6.1900,5.7200,6.0400,1122200,GRPN,4.3955,4.7341,4.0136,4.5869,5.5629,5.3986,7.0800,7.7003
2023-06-06,6.1200,6.2900,5.7900,5.8600,766000,GRPN,4.5250,4.8661,4.0626,4.6471,5.5422,5.4129,7.0529,7.6845
2023-06-07,5.6400,6.3300,5.6400,6.2700,988000,GRPN,4.6235,4.9398,4.1028,4.6860,5.5165,5.4174,7.0262,7.6642
2023-06-08,5.7200,5.8000,4.8600,5.6600,1450300,GRPN,4.7110,5.0141,4.1458,4.7266,5.4880,5.4234,7.0025,7.6449
2023-06-09,5.2200,5.8200,5.1300,5.6800,926100,GRPN,4.8055,5.0337,4.1800,4.7459,5.4569,5.4194,6.9768,7.6207
2023-06-12,5.0400,5.3000,4.9900,5.1900,748500,GRPN,4.8935,5.0343,4.2134,4.7574,5.4271,5.4119,6.9509,7.5950
2023-06-13,4.8400,5.2000,4.7300,5.0400,1294800,GRPN,4.9815,5.0158,4.2260,4.7607,5.3973,5.4005,6.9223,7.5676
2023-06-14,4.5300,4.8500,4.4300,4.8500,1369600,GRPN,5.0595,4.9696,4.2344,4.7516,5.3625,5.3833,6.8944,7.5374
2023-06-15,4.7300,4.7600,4.4700,4.5300,1101600,GRPN,5.1195,4.9467,4.2498,4.7508,5.3276,5.3704,6.8673,7.5095
2023-06-16,4.9300,5.0900,4.6500,4.7900,1191900,GRPN,5.1495,4.9451,4.2726,4.7578,5.2909,5.3616,6.8419,7.4838
2023-06-20,4.2600,5.0500,4.2500,5.0000,1433400,GRPN,5.1610,4.8799,4.2784,4.7383,5.2455,5.3398,6.8137,7.4517
2023-06-21,4.8100,4.8900,4.1800,4.3700,1491800,GRPN,5.1750,4.8732,4.2952,4.7411,5.2045,5.3293,6.7863,7.4254
2023-06-22,5.4500,5.6300,4.5000,4.7000,1936900,GRPN,5.2255,4.9282,4.3242,4.7689,5.1666,5.3317,6.7583,7.4058
2023-06-23,5.4900,5.8400,5.1900,5.3700,3942000,GRPN,5.2760,4.9817,4.3596,4.7972,5.1380,5.3349,6.7338,7.3867
2023-06-26,5.2300,6.0200,5.1400,5.4900,1388600,GRPN,5.2800,5.0053,4.3868,4.8141,5.1077,5.3328,6.7056,7.3653
2023-06-27,5.5600,5.7300,5.1000,5.2100,1205400,GRPN,5.2925,5.0582,4.4230,4.8434,5.0760,5.3373,6.6797,7.3473
2023-06-28,5.9300,6.0000,5.4900,5.6000,1152800,GRPN,5.3130,5.1412,4.4584,4.8860,5.0418,5.3490,6.6528,7.3332
2023-06-29,6.2800,6.3300,5.6400,5.9100,1160000,GRPN,5.3570,5.2496,4.5020,4.9407,5.0168,5.3675,6.6236,7.3227
2023-06-30,5.9100,6.4000,5.8600,6.3500,1074800,GRPN,5.3825,5.3125,4.5386,4.9787,4.9946,5.3782,6.5924,7.3087
2023-07-03,6.2000,6.2900,5.8200,5.8800,506400,GRPN,5.3905,5.3971,4.5832,5.0266,4.9768,5.3945,6.5610,7.2976
2023-07-05,6.1900,6.4400,6.0300,6.1900,775900,GRPN,5.4040,5.4726,4.6288,5.0722,4.9618,5.4102,6.5363,7.2866
2023-07-06,6.0600,6.1600,5.8400,6.1400,625900,GRPN,5.4010,5.5285,4.6742,5.1109,4.9487,5.4231,6.5130,7.2744
2023-07-07,6.1100,6.2800,5.9300,5.9400,758200,GRPN,5.4245,5.5839,4.7224,5.1501,4.9388,5.4367,6.4919,7.2628
2023-07-10,6.7200,7.1000,6.0400,6.1800,1828200,GRPN,5.4745,5.6921,4.7830,5.2117,4.9329,5.4621,6.4746,7.2574
2023-07-11,6.8700,7.0500,6.5100,6.8900,1092800,GRPN,5.5570,5.8043,4.8448,5.2767,4.9265,5.4900,6.4581,7.2536
2023-07-12,6.7300,7.2000,6.6900,7.0800,800900,GRPN,5.6415,5.8924,4.9078,5.3337,4.9163,5.5145,6.4440,7.2484
2023-07-13,6.9100,7.1300,6.7400,6.8100,631000,GRPN,5.7450,5.9894,4.9772,5.3955,4.9094,5.5422,6.4323,7.2450
2023-07-14,6.2400,6.9800,6.2100,6.9400,887800,GRPN,5.8305,6.0132,5.0350,5.4286,4.8965,5.5560,6.4185,7.2350
2023-07-17,6.5100,6.6200,6.0600,6.2200,570100,GRPN,5.9195,6.0605,5.0984,5.4710,4.8897,5.5749,6.4052,7.2278
2023-07-18,6.8600,6.9100,6.4500,6.5500,1006400,GRPN,6.0160,6.1367,5.1692,5.5255,4.8854,5.6003,6.3939,7.2241
2023-07-19,7.3800,8.5700,6.9700,7.1100,4092900,GRPN,6.1720,6.2551,5.2476,5.5982,4.8862,5.6356,6.3871,7.2257
2023-07-20,6.9200,7.4000,6.8600,7.2800,1263300,GRPN,6.2775,6.3184,5.3154,5.6501,4.8840,5.6610,6.3819,7.2226
2023-07-21,6.7900,7.2300,6.5200,7.0400,978100,GRPN,6.3445,6.3633,5.3778,5.6948,4.8779,5.6834,6.3755,7.2183
2023-07-24,6.6100,6.8600,6.3800,6.7900,964900,GRPN,6.4005,6.3868,5.4306,5.7307,4.8689,5.7017,6.3647,7.2123
2023-07-25,6.8700,7.1100,6.3500,6.5600,942300,GRPN,6.4825,6.4328,5.5014,5.7753,4.8692,5.7248,6.3556,7.2089
2023-07-26,7.9800,7.9900,6.8300,6.8300,2174500,GRPN,6.6035,6.5802,5.5954,5.8618,4.8815,5.7695,6.3497,7.2165
2023-07-27,7.6600,8.5000,7.6000,7.8900,1495600,GRPN,6.6900,6.6830,5.6870,5.9323,4.8899,5.8069,6.3468,7.2209
2023-07-28,8.0500,8.2700,7.7600,7.7600,1192500,GRPN,6.7785,6.8132,5.7886,6.0154,4.9074,5.8514,6.3466,7.2292
2023-07-31,7.9000,8.4400,7.2400,8.1300,1984200,GRPN,6.8780,6.9167,5.8760,6.0893,4.9247,5.8919,6.3483,7.2359
2023-08-01,7.6900,7.9000,7.2500,7.9000,879200,GRPN,6.9525,6.9904,5.9432,6.1521,4.9413,5.9275,6.3499,7.2404
2023-08-02,7.4400,7.6500,7.2600,7.3600,542000,GRPN,7.0150,7.0332,6.0114,6.2026,4.9584,5.9575,6.3504,7.2424
2023-08-03,7.7900,8.0100,7.1000,7.3400,958600,GRPN,7.1015,7.1053,6.0766,6.2648,4.9802,5.9938,6.3532,7.2478
2023-08-04,7.8900,8.1600,7.6100,7.8200,758500,GRPN,7.1905,7.1800,6.1456,6.3285,5.0030,6.0313,6.3558,7.2542
2023-08-07,8.0300,8.1700,7.3800,7.8800,1028900,GRPN,7.2560,7.2610,6.2166,6.3953,5.0278,6.0709,6.3586,7.2619
2023-08-08,8.2500,8.3300,7.6000,7.9100,927700,GRPN,7.3250,7.3551,6.2786,6.4680,5.0593,6.1140,6.3652,7.2718
2023-08-09,7.9400,8.6800,7.9100,8.3500,1793800,GRPN,7.3855,7.4108,6.3312,6.5257,5.0897,6.1502,6.3708,7.2784
2023-08-10,7.6000,8.4800,7.0100,8.1800,2107600,GRPN,7.4200,7.4289,6.3728,6.5679,5.1248,6.1789,6.3745,7.2816
2023-08-11,9.4900,9.6700,7.6200,7.6200,3519500,GRPN,7.5825,7.6252,6.4546,6.6824,5.1791,6.2445,6.3900,7.3036
2023-08-14,9.7700,10.5000,9.3000,9.4700,2245300,GRPN,7.7455,7.8294,6.5420,6.8035,5.2347,6.3143,6.4059,7.3281
2023-08-15,10.6300,10.6500,9.5500,9.5700,1482800,GRPN,7.9340,8.0962,6.6338,6.9536,5.3017,6.3997,6.4222,7.3610
2023-08-16,11.0000,11.5500,10.3100,10.6500,2182400,GRPN,8.1150,8.3727,6.7354,7.1123,5.3745,6.4908,6.4393,7.3972
2023-08-17,11.7400,12.6100,10.9500,11.2000,2471100,GRPN,8.3560,8.6934,6.8478,7.2938,5.4552,6.5948,6.4601,7.4404
2023-08-18,11.2900,11.5900,10.7300,11.5000,1570300,GRPN,8.5810,8.9407,6.9608,7.4505,5.5318,6.6878,6.4797,7.4787
2023-08-21,10.4700,11.3900,10.3100,11.2800,1011600,GRPN,8.7740,9.0863,7.0558,7.5689,5.6008,6.7627,6.4935,7.5085
2023-08-22,10.4900,10.8000,10.0700,10.5000,843700,GRPN,8.9550,9.2200,7.1612,7.6834,5.6706,6.8365,6.5103,7.5381
2023-08-23,11.7800,11.7800,10.3700,10.5000,1446600,GRPN,9.1450,9.4638,7.2960,7.8441,5.7547,6.9344,6.5350,7.5803
2023-08-24,12.1800,13.7800,12.1200,13.3900,2675400,GRPN,9.3710,9.7225,7.4428,8.0141,5.8344,7.0382,6.5606,7.6261
2023-08-25,12.9900,13.3500,12.0100,12.2100,1914900,GRPN,9.6180,10.0337,7.6120,8.2093,5.9232,7.1561,6.5903,7.6795
2023-08-28,12.0100,13.2500,12.0100,13.0500,1280800,GRPN,9.8235,10.2219,7.7576,8.3583,6.0037,7.2522,6.6055,7.7226
2023-08-29,11.8600,12.2700,11.4600,11.7300,944300,GRPN,10.0320,10.3779,7.8962,8.4956,6.0844,7.3434,6.6232,7.7637
2023-08-30,11.6700,11.9400,11.4300,11.8000,948800,GRPN,10.2435,10.5010,8.0444,8.6201,6.1614,7.4291,6.6333,7.8026
2023-08-31,12.3700,12.5100,11.3800,11.7000,916100,GRPN,10.4725,10.6790,8.1956,8.7672,6.2454,7.5270,6.6446,7.8481
2023-09-01,11.7700,12.3900,11.6400,12.3900,782100,GRPN,10.6665,10.7829,8.3220,8.8849,6.3231,7.6110,6.6582,7.8871
2023-09-05,11.2000,11.7900,10.8900,11.7700,1033000,GRPN,10.8250,10.8226,8.4362,8.9757,6.3979,7.6821,6.6689,7.9200
2023-09-06,11.0000,11.3100,10.7600,11.2300,547100,GRPN,10.9625,10.8395,8.5516,9.0551,6.4692,7.7478,6.6812,7.9507
2023-09-07,11.5000,11.6800,10.5800,10.9100,1621900,GRPN,11.1405,10.9024,8.6704,9.1510,6.5467,7.8221,6.6957,7.9860
2023-09-08,12.0400,12.4800,11.3700,11.4000,1561300,GRPN,11.3625,11.0108,8.7926,9.2643,6.6255,7.9056,6.7147,8.0263
2023-09-11,12.4500,12.9100,11.9500,12.2700,1469500,GRPN,11.5105,11.1478,8.9160,9.3892,6.7090,7.9956,6.7355,8.0704
2023-09-12,11.5500,12.6200,11.5100,12.4800,996500,GRPN,11.5995,11.1861,9.0288,9.4739,6.7837,8.0660,6.7530,8.1050
2023-09-13,11.3000,12.1200,11.1500,11.6100,899800,GRPN,11.6330,11.1970,9.1308,9.5455,6.8570,8.1300,6.7688,8.1368
2023-09-14,12.1000,12.3300,11.3100,11.4200,906400,GRPN,11.6880,11.2830,9.2490,9.6457,6.9389,8.2086,6.7873,8.1762
2023-09-15,11.8200,12.9500,11.6300,12.2500,1719100,GRPN,11.6920,11.3341,9.3642,9.7310,7.0192,8.2801,6.8063,8.2125
2023-09-18,13.0200,13.2300,11.8200,11.9200,1871000,GRPN,11.7785,11.4947,9.5024,9.8600,7.1124,8.3740,6.8309,8.2603
2023-09-19,12.2500,13.2000,12.2100,13.0800,991100,GRPN,11.8675,11.5666,9.6130,9.9537,7.1980,8.4507,6.8505,8.3000
2023-09-20,12.0000,12.9400,11.9600,12.3700,694900,GRPN,11.9430,11.6079,9.7156,10.0339,7.2802,8.5210,6.8668,8.3368
2023-09-21,11.3000,11.8800,11.1800,11.7800,742300,GRPN,11.9190,11.5786,9.8070,10.0836,7.3574,8.5760,6.8813,8.3663
2023-09-22,11.7100,11.8700,11.2700,11.3800,523200,GRPN,11.8955,11.5911,9.9030,10.1474,7.4401,8.6381,6.8999,8.3996
2023-09-25,12.4100,12.4200,11.3600,11.6000,570900,GRPN,11.8665,11.6691,10.0264,10.2361,7.5307,8.7128,6.9237,8.4395
2023-09-26,12.7000,12.9800,12.1800,12.2500,985000,GRPN,11.9010,11.7673,10.1502,10.3327,7.6243,8.7917,6.9508,8.4819
2023-09-27,12.8200,13.7900,12.6000,12.9000,1456400,GRPN,11.9490,11.8675,10.2694,10.4303,7.7193,8.8715,6.9774,8.5250
2023-09-28,13.3600,13.4800,12.6400,12.8400,694600,GRPN,12.0335,12.0097,10.3890,10.5452,7.8183,8.9604,7.0089,8.5731
2023-09-29,15.3200,15.7800,13.6600,13.6900,3726400,GRPN,12.1810,12.3249,10.5570,10.7324,7.9362,9.0863,7.0500,8.6403
2023-10-02,15.7500,16.2500,15.0500,15.4600,2432400,GRPN,12.3800,12.6511,10.7362,10.9292,8.0570,9.2183,7.0928,8.7110
2023-10-03,14.1900,15.8800,14.1300,15.7300,1734400,GRPN,12.5295,12.7977,10.8878,11.0570,8.1592,9.3167,7.1275,8.7655
2023-10-04,14.1200,14.5800,13.3300,14.2400,1227400,GRPN,12.6855,12.9236,11.0328,11.1772,8.2671,9.4118,7.1642,8.8188
2023-10-05,14.5300,14.9100,13.8200,14.1100,777600,GRPN,12.8370,13.0766,11.1638,11.3086,8.3796,9.5132,7.2025,8.8756
2023-10-06,14.5900,14.9900,14.2100,14.4300,806200,GRPN,12.9645,13.2207,11.3024,11.4373,8.4947,9.6137,7.2439,8.9325
2023-10-09,15.2000,15.3300,14.1000,14.4000,786500,GRPN,13.1020,13.4092,11.4454,11.5849,8.6170,9.7243,7.2858,8.9949
2023-10-10,9.8800,15.1800,9.7300,15.1800,8067600,GRPN,13.0185,13.0731,11.4850,11.5180,8.6805,9.7274,7.2990,9.0037
2023-10-11,9.9800,10.4700,9.4000,9.8200,2670000,GRPN,12.9525,12.7785,11.5308,11.4577,8.7370,9.7324,7.3128,9.0134
2023-10-12,10.9400,11.1200,9.9900,9.9900,2128600,GRPN,12.8945,12.6034,11.6008,11.4374,8.8061,9.7563,7.3311,9.0326
2023-10-13,12.7100,13.0900,11.2900,11.8600,3239000,GRPN,12.9390,12.6136,11.6992,11.4873,8.8879,9.8148,7.3569,9.0692
2023-10-16,12.8400,13.9300,12.6200,12.8200,2358900,GRPN,12.9300,12.6352,11.7982,11.5404,8.9719,9.8747,7.3868,9.1067
2023-10-17,12.7100,13.5000,12.3300,12.9900,1428700,GRPN,12.9530,12.6423,11.8918,11.5862,9.0542,9.9309,7.4125,9.1425
2023-10-18,13.1200,13.1500,11.9400,12.6900,1068600,GRPN,13.0090,12.6878,11.9892,11.6464,9.1339,9.9940,7.4352,9.1821
2023-10-19,12.5700,13.3300,12.4500,13.1200,1026100,GRPN,13.0725,12.6766,12.0818,11.6826,9.2065,10.0450,7.4538,9.2158
2023-10-20,12.6100,12.9800,12.0500,12.7500,1039500,GRPN,13.1175,12.6702,12.1820,11.7190,9.2774,10.0958,7.4727,9.2496
2023-10-23,11.4800,12.8900,11.4600,12.2900,1404300,GRPN,13.0710,12.5569,12.2218,11.7096,9.3382,10.1232,7.4897,9.2718
2023-10-24,11.6800,12.0000,11.4400,12.0000,674700,GRPN,13.0200,12.4734,12.2600,11.7084,9.4010,10.1541,7.5066,9.2957
2023-10-25,11.4100,11.8200,11.1500,11.4600,631900,GRPN,12.9495,12.3721,12.2756,11.6967,9.4547,10.1789,7.5216,9.3168
2023-10-26,11.2200,11.7500,10.8700,11.2100,861500,GRPN,12.8425,12.2624,12.2800,11.6780,9.5077,10.1996,7.5353,9.3357
2023-10-27,11.7700,12.3100,11.5200,12.0000,974100,GRPN,12.6650,12.2155,12.2806,11.6816,9.5642,10.2307,7.5532,9.3599
2023-10-30,12.2700,12.7000,11.8200,11.8200,623100,GRPN,12.4910,12.2207,12.3002,11.7047,9.6305,10.2710,7.5735,9.3889
2023-10-31,12.7900,12.8400,11.9500,12.1600,683600,GRPN,12.4210,12.2749,12.3466,11.7473,9.7012,10.3209,7.5946,9.4227
2023-11-01,13.0000,13.3600,12.6400,12.8900,578400,GRPN,12.3650,12.3439,12.3968,11.7964,9.7790,10.3740,7.6180,9.4583
2023-11-02,13.6100,13.9600,13.3000,13.3400,773100,GRPN,12.3190,12.4645,12.4334,11.8675,9.8647,10.4380,7.6459,9.4996
2023-11-03,14.4900,14.5000,13.7500,13.7500,987600,GRPN,12.3140,12.6574,12.4796,11.9704,9.9612,10.5183,7.6792,9.5493
2023-11-06,14.9100,14.9600,14.3300,14.5100,1090800,GRPN,12.2995,12.8720,12.5180,12.0856,10.0650,10.6052,7.7137,9.6026
2023-11-07,14.9000,15.5300,14.6500,14.9200,944600,GRPN,12.5505,13.0651,12.5758,12.1960,10.1667,10.6903,7.7471,9.6553
2023-11-08,13.9200,15.0800,13.7200,15.0800,1002800,GRPN,12.7475,13.1465,12.6170,12.2636,10.2566,10.7542,7.7737,9.6978
2023-11-09,13.5400,14.2700,13.3400,14.2700,2171300,GRPN,12.8775,13.1840,12.6544,12.3137,10.3494,10.8094,7.7974,9.7360
2023-11-10,8.8200,9.9200,8.0800,9.8400,8057200,GRPN,12.6830,12.7684,12.5834,12.1767,10.3895,10.7700,7.7970,9.7269
2023-11-13,9.6500,9.7400,8.5200,8.7000,2410900,GRPN,12.5235,12.4714,12.5410,12.0776,10.4315,10.7478,7.7990,9.7261
2023-11-14,9.6100,10.0300,9.1800,9.9600,1713800,GRPN,12.3685,12.1989,12.5092,11.9808,10.4727,10.7253,7.8053,9.7250
2023-11-15,10.0300,10.4600,9.5700,9.8300,2014600,GRPN,12.2140,11.9923,12.4898,11.9043,10.5207,10.7115,7.8142,9.7280
2023-11-16,9.3500,9.8500,9.0200,9.8500,1770600,GRPN,12.0530,11.7407,12.4468,11.8041,10.5586,10.6846,7.8173,9.7243
2023-11-17,9.5400,9.7500,9.2200,9.3900,879100,GRPN,11.8995,11.5311,12.3968,11.7154,10.5947,10.6619,7.8182,9.7224
2023-11-20,9.7200,10.1800,9.5400,9.5600,1084500,GRPN,11.8115,11.3586,12.3422,11.6371,10.6291,10.6433,7.8229,9.7224
2023-11-21,9.9500,10.5300,9.7600,10.3900,1423800,GRPN,11.7250,11.2244,12.3102,11.5709,10.6695,10.6295,7.8320,9.7247
2023-11-22,10.0800,10.5100,9.9900,9.9900,978400,GRPN,11.6585,11.1154,12.2858,11.5125,10.7083,10.6186,7.8425,9.7282
2023-11-24,10.5200,10.8000,9.9700,10.2200,682900,GRPN,11.6235,11.0587,12.2542,11.4736,10.7516,10.6167,7.8567,9.7361
2023-11-27,10.6500,10.7800,10.4700,10.5800,1056700,GRPN,11.5675,11.0198,12.2308,11.4413,10.7975,10.6174,7.8731,9.7452
2023-11-28,10.9200,11.6500,10.7000,10.7000,1495600,GRPN,11.5000,11.0103,12.1888,11.4208,10.8456,10.6233,7.8922,9.7569
2023-11-29,11.0500,11.2000,10.7200,11.0200,911500,GRPN,11.4130,11.0141,12.1648,11.4063,10.8889,10.6318,7.9109,9.7697
2023-11-30,11.3100,11.4000,10.8300,11.0700,1175900,GRPN,11.3285,11.0423,12.1510,11.4025,10.9333,10.6452,7.9299,9.7851
2023-12-01,11.9000,12.2100,11.0800,11.4400,1588700,GRPN,11.2430,11.1240,12.1630,11.4220,10.9850,10.6701,7.9506,9.8061
2023-12-04,11.9800,12.3700,11.7100,11.7800,1042500,GRPN,11.1175,11.2055,12.1684,11.4439,11.0357,10.6960,7.9725,9.8277
2023-12-05,11.9700,12.3100,11.8500,11.9400,685100,GRPN,10.9705,11.2783,12.1596,11.4645,11.0930,10.7212,7.9947,9.8490
2023-12-06,11.6300,12.1800,11.5100,12.0500,507200,GRPN,10.8070,11.3118,12.1382,11.4710,11.1442,10.7392,8.0169,9.8668
2023-12-07,11.4900,11.8900,11.4400,11.8700,456200,GRPN,10.6855,11.3288,12.1116,11.4718,11.1905,10.7541,8.0379,9.8829
2023-12-08,11.3100,11.7000,11.2200,11.3900,711500,GRPN,10.5740,11.3270,12.0706,11.4654,11.2298,10.7651,8.0580,9.8971
2023-12-11,11.5500,11.8000,11.2700,11.3500,508500,GRPN,10.7105,11.3482,11.9952,11.4687,11.2761,10.7807,8.0800,9.9136
2023-12-12,11.4000,11.4900,11.1100,11.4800,440100,GRPN,10.7980,11.3531,11.9082,11.4660,11.3222,10.7929,8.1000,9.9284
2023-12-13,11.6100,11.6200,11.0200,11.3000,657400,GRPN,10.8980,11.3776,11.8566,11.4717,11.3722,10.8091,8.1205,9.9451
2023-12-14,11.6100,11.9400,11.2500,11.8000,1216400,GRPN,10.9770,11.3997,11.8064,11.4771,11.4196,10.8250,8.1444,9.9617
2023-12-15,11.4100,11.7200,11.2000,11.7200,910200,GRPN,11.0800,11.4007,11.7440,11.4745,11.4539,10.8365,8.1677,9.9761
2023-12-18,11.0400,11.3700,10.9700,11.3400,554900,GRPN,11.1550,11.3664,11.6730,11.4574,11.4877,10.8406,8.1888,9.9866
2023-12-19,11.9300,12.1300,10.9900,10.9900,1191700,GRPN,11.2655,11.4200,11.6076,11.4760,11.5265,10.8621,8.2169,10.0060
2023-12-20,11.6800,12.2500,11.6800,12.0000,431200,GRPN,11.3520,11.4448,11.6436,11.4840,11.5643,10.8783,8.2445,10.0226
2023-12-21,12.7400,12.7400,11.7100,11.8100,855600,GRPN,11.4850,11.5682,11.6988,11.5332,11.6148,10.9152,8.2780,10.0497
2023-12-22,12.1100,12.8500,12.1000,12.7500,640400,GRPN,11.5645,11.6198,11.7222,11.5558,11.6615,10.9389,8.3099,10.0702
2023-12-26,12.4300,12.4800,11.9000,12.1200,542600,GRPN,11.6535,11.6969,11.7166,11.5901,11.7079,10.9684,8.3440,10.0937
2023-12-27,12.4200,12.6000,12.2300,12.5100,484000,GRPN,11.7285,11.7658,11.7082,11.6227,11.7532,10.9971,8.3781,10.1168
2023-12-28,12.9000,13.1900,12.2000,12.4100,1079700,GRPN,11.8210,11.8738,11.7120,11.6728,11.8019,11.0348,8.4148,10.1445
2023-12-29,12.8400,13.2100,12.5700,12.7500,1012000,GRPN,11.8975,11.9658,11.7064,11.7185,11.8478,11.0706,8.4535,10.1713
2024-01-02,12.1900,12.7400,12.1700,12.5700,596500,GRPN,11.9120,11.9872,11.6988,11.7370,11.8903,11.0927,8.4900,10.1914
2024-01-03,12.6500,12.8600,11.9600,12.0800,921700,GRPN,11.9455,12.0503,11.6996,11.7728,11.9408,11.1236,8.5328,10.2159
2024-01-04,12.6400,13.1300,12.5900,12.7700,644500,GRPN,11.9790,12.1065,11.7228,11.8068,11.9723,11.1536,8.5757,10.2400
2024-01-05,13.5200,13.6400,12.3600,12.5500,861900,GRPN,12.0735,12.2411,11.7596,11.8740,12.0098,11.2005,8.6222,10.2726
2024-01-08,13.6600,13.8300,13.0000,13.3000,900700,GRPN,12.1820,12.3762,11.8046,11.9441,12.0401,11.2492,8.6709,10.3063
2024-01-09,13.5900,13.9000,13.4200,13.5700,418100,GRPN,12.2960,12.4918,11.8520,12.0086,12.0660,11.2955,8.7202,10.3390
2024-01-10,13.1300,13.5600,12.8900,13.5500,547500,GRPN,12.3750,12.5526,11.8792,12.0526,12.0799,11.3318,8.7675,10.3668
2024-01-11,12.7700,13.2200,12.6000,13.2200,569300,GRPN,12.4435,12.5733,11.8892,12.0807,12.0947,11.3603,8.8132,10.3907
2024-01-12,13.3800,14.1700,13.1000,13.3500,2149100,GRPN,12.5320,12.6501,11.9010,12.1317,12.1238,11.4003,8.8623,10.4204
2024-01-16,12.1700,13.3500,12.0100,13.2500,1523500,GRPN,12.5600,12.6044,11.8844,12.1332,12.1406,11.4156,8.9056,10.4378
2024-01-17,11.7800,12.2800,11.3400,12.0000,1506200,GRPN,12.5785,12.5259,11.8478,12.1193,12.1406,11.4228,8.9476,10.4512
2024-01-18,11.8200,12.5000,11.5100,11.5100,1061700,GRPN,12.6175,12.4587,11.7944,12.1076,12.1370,11.4306,8.9857,10.4648
2024-01-19,11.7300,12.2600,11.5000,11.8600,1068400,GRPN,12.6075,12.3893,11.7308,12.0928,12.1244,11.4366,9.0238,10.4774
2024-01-22,11.5600,12.2800,11.3700,12.2600,1373300,GRPN,12.6015,12.3103,11.6640,12.0719,12.1199,11.4390,9.0618,10.4882
2024-01-23,11.6400,12.0500,11.4700,11.4700,762300,GRPN,12.5465,12.2465,11.6184,12.0549,12.1177,11.4430,9.1010,10.4996
2024-01-24,11.9300,12.4700,11.7100,11.9800,916400,GRPN,12.5375,12.2163,11.5862,12.0500,12.1203,11.4526,9.1408,10.5139
2024-01-25,13.0100,13.1600,12.0200,12.0200,1146300,GRPN,12.5665,12.2919,11.6700,12.0877,12.1267,11.4835,9.1860,10.5387
2024-01-26,13.5800,13.6500,13.0400,13.1000,856000,GRPN,12.6245,12.4146,11.7486,12.1462,12.1448,11.5250,9.2339,10.5690
2024-01-29,14.3000,14.4300,13.5300,13.6000,1219300,GRPN,12.6945,12.5941,11.8424,12.2307,12.1758,11.5799,9.2868,10.6061
2024-01-30,13.7600,14.3800,13.6300,14.2400,556600,GRPN,12.7405,12.7052,11.9170,12.2906,12.2034,11.6231,9.3363,10.6375
2024-01-31,13.6600,14.0800,13.2600,13.5500,601700,GRPN,12.8140,12.7961,12.0032,12.3443,12.2250,11.6634,9.3858,10.6676
2024-02-01,14.0400,14.2400,13.5300,13.6800,610400,GRPN,12.8835,12.9146,12.0932,12.4108,12.2450,11.7105,9.4352,10.7011
2024-02-02,14.0300,14.2800,13.7300,13.9800,462300,GRPN,12.9530,13.0208,12.1794,12.4743,12.2608,11.7564,9.4849,10.7342
2024-02-05,14.2400,14.5500,13.5300,13.9100,616200,GRPN,12.9890,13.1369,12.2652,12.5436,12.2877,11.8056,9.5357,10.7691
2024-02-06,15.5200,15.5400,13.6300,14.2000,1508700,GRPN,13.0820,13.3639,12.3740,12.6603,12.3299,11.8792,9.5934,10.8164
2024-02-07,16.0300,16.1100,15.3300,15.5200,1158400,GRPN,13.2040,13.6178,12.4842,12.7924,12.3692,11.9614,9.6540,10.8683
2024-02-08,16.5500,16.7500,15.9000,16.1500,881700,GRPN,13.3750,13.8971,12.6022,12.9398,12.4165,12.0522,9.7178,10.9248
2024-02-09,16.0400,16.6800,15.8500,16.6800,717200,GRPN,13.5385,14.1011,12.7046,13.0614,12.4467,12.1312,9.7795,10.9757
2024-02-12,16.9400,16.9800,15.6300,15.8900,1148700,GRPN,13.7165,14.3715,12.8224,13.2135,12.4936,12.2264,9.8458,11.0350
2024-02-13,16.3300,16.6500,15.7900,16.4200,679100,GRPN,13.9245,14.5580,12.9228,13.3357,12.5369,12.3077,9.9085,11.0877
2024-02-14,16.7300,17.0000,16.2900,16.4600,587800,GRPN,14.1720,14.7649,13.0194,13.4688,12.5912,12.3952,9.9743,11.1439
2024-02-15,17.9900,18.1800,16.9300,17.0500,1369600,GRPN,14.4805,15.0720,13.1396,13.6461,12.6540,12.5060,10.0470,11.2120
2024-02-16,18.2200,18.3500,17.4700,17.8600,717900,GRPN,14.8050,15.3718,13.2646,13.8255,12.7121,12.6192,10.1214,11.2817
2024-02-20,18.0300,18.1200,17.6000,18.0800,550400,GRPN,15.1285,15.6250,13.3926,13.9904,12.7654,12.7263,10.1948,11.3489
2024-02-21,17.7000,18.1100,17.5000,17.9700,505100,GRPN,15.4315,15.8226,13.5168,14.1358,12.8142,12.8248,10.2667,11.4121
2024-02-22,17.9200,18.3700,17.5800,17.9900,442900,GRPN,15.7310,16.0224,13.6490,14.2842,12.8598,12.9257,10.3390,11.4768
2024-02-23,17.8100,18.2600,17.5700,18.1000,429900,GRPN,15.9710,16.1926,13.7742,14.4225,12.8847,13.0224,10.4104,11.5398
2024-02-26,18.5100,18.8000,17.5700,17.8400,657200,GRPN,16.2175,16.4133,13.9164,14.5828,12.9123,13.1311,10.4846,11.6092
2024-02-27,18.3400,19.0000,18.1100,18.5900,541000,GRPN,16.4195,16.5968,14.0510,14.7301,12.9538,13.2342,10.5565,11.6762
2024-02-28,18.3700,18.4000,17.7600,18.3000,465700,GRPN,16.6500,16.7657,14.1862,14.8729,12.9963,13.3359,10.6317,11.7428
2024-02-29,18.5100,18.9100,18.2500,18.5000,422800,GRPN,16.8925,16.9318,14.3282,15.0155,13.0361,13.4384,10.7078,11.8101
2024-03-01,18.9200,18.9900,18.2500,18.8400,474000,GRPN,17.1365,17.1212,14.4858,15.1686,13.0794,13.5469,10.7870,11.8809
2024-03-04,18.2200,19.5200,18.0300,18.9500,767800,GRPN,17.3460,17.2258,14.6116,15.2883,13.1096,13.6395,10.8633,11.9439
2024-03-05,18.5500,19.1000,17.7200,17.7500,504600,GRPN,17.5615,17.3519,14.7490,15.4162,13.1963,13.7367,10.9384,12.0097
2024-03-06,18.1800,18.9500,18.0700,18.9500,649000,GRPN,17.6945,17.4308,14.8578,15.5246,13.2783,13.8247,11.0076,12.0711
2024-03-07,18.6100,19.1100,18.1300,18.1400,522800,GRPN,17.8235,17.5431,14.9878,15.6456,13.3550,13.9195,11.0805,12.1361
2024-03-08,18.9800,19.4300,18.6000,18.6000,678800,GRPN,17.9450,17.6799,15.1188,15.7763,13.4177,14.0197,11.1528,12.2042
2024-03-11,17.5600,18.9800,17.2500,18.9800,1195700,GRPN,18.0210,17.6685,15.2216,15.8463,13.4649,14.0898,11.2184,12.2575
2024-03-12,18.5800,18.6900,17.3800,17.5600,918200,GRPN,18.1030,17.7553,15.3352,15.9535,13.5236,14.1787,11.2889,12.3204
2024-03-13,18.0900,19.5600,17.9400,18.5000,1119300,GRPN,18.1910,17.7872,15.4402,16.0373,13.5733,14.2561,11.3536,12.3778
2024-03-14,18.1700,18.7400,17.8500,17.9000,1515900,GRPN,18.2630,17.8237,15.5598,16.1209,13.6293,14.3336,11.4179,12.4355
2024-03-15,12.5900,17.1300,12.3100,16.1800,9844800,GRPN,17.9930,17.3252,15.5586,15.9824,13.6291,14.2991,11.4532,12.4370
2024-03-18,14.3600,14.4400,11.8300,12.8000,5490300,GRPN,17.8000,17.0428,15.5930,15.9188,13.6579,14.3003,11.4980,12.4561
2024-03-19,15.4000,15.4400,13.8200,14.1800,2866900,GRPN,17.6685,16.8864,15.6306,15.8985,13.6951,14.3221,11.5480,12.4854
2024-03-20,14.9200,15.3800,14.6400,15.3700,1264500,GRPN,17.5295,16.6991,15.6558,15.8601,13.7302,14.3339,11.5924,12.5097
2024-03-21,15.0200,15.5800,14.5500,14.8800,1215300,GRPN,17.3845,16.5392,15.6844,15.8272,13.7682,14.3475,11.6379,12.5346
2024-03-22,14.4100,14.9400,14.2700,14.9300,752500,GRPN,17.2145,16.3364,15.7100,15.7716,13.7946,14.3488,11.6794,12.5533
2024-03-25,13.1100,14.5800,13.0700,14.5400,1363500,GRPN,16.9445,16.0291,15.7168,15.6672,13.8030,14.3242,11.7167,12.5588
2024-03-26,12.9100,13.5400,12.6700,13.1700,1674500,GRPN,16.6730,15.7321,15.7074,15.5591,13.8042,14.2962,11.7527,12.5623
2024-03-27,12.8200,13.1300,12.6300,13.0500,1065100,GRPN,16.3955,15.4547,15.7204,15.4517,13.8024,14.2670,11.7907,12.5649
2024-03-28,13.3400,13.8100,12.7300,12.7300,1660400,GRPN,16.1370,15.2533,15.7516,15.3689,13.7997,14.2486,11.8322,12.5726
2024-04-01,12.7100,13.7300,12.6900,13.4600,1046000,GRPN,15.8265,15.0111,15.7694,15.2646,13.7819,14.2182,11.8715,12.5740
2024-04-02,11.6500,12.4500,11.5600,12.4500,1926200,GRPN,15.4980,14.6910,15.7678,15.1228,13.7493,14.1673,11.9071,12.5648
2024-04-03,11.4800,11.8600,11.3500,11.8400,1910400,GRPN,15.1445,14.3852,15.7662,14.9800,13.7151,14.1141,11.9409,12.5540
2024-04-04,11.2600,12.1400,11.1900,11.8000,1396500,GRPN,14.7985,14.0875,15.7586,14.8341,13.6885,14.0576,11.9725,12.5411
2024-04-05,11.1900,11.5900,11.0400,11.2200,745100,GRPN,14.4275,13.8116,15.7438,14.6912,13.6650,14.0008,12.0072,12.5277
2024-04-08,11.1400,11.5800,11.0700,11.1200,1049900,GRPN,14.0355,13.5572,15.7064,14.5519,13.6882,13.9441,12.0388,12.5139
2024-04-09,11.2500,11.5400,11.0500,11.2200,925800,GRPN,13.7200,13.3374,15.6598,14.4224,13.7042,13.8908,12.0678,12.5013
2024-04-10,11.1000,11.4600,10.8600,11.0500,1043700,GRPN,13.3460,13.1243,15.5958,14.2922,13.7191,13.8355,12.0959,12.4873
2024-04-11,10.7000,11.3000,10.6700,11.2800,1277900,GRPN,12.9765,12.8934,15.5346,14.1513,13.7258,13.7734,12.1232,12.4696
2024-04-12,10.3700,10.8000,10.1000,10.7300,1422900,GRPN,12.5865,12.6531,15.4688,14.0030,13.7360,13.7060,12.1473,12.4487
2024-04-15,10.0000,10.3200,9.8400,10.2600,1424700,GRPN,12.4570,12.4004,15.3880,13.8460,13.7406,13.6327,12.1676,12.4243
2024-04-16,10.8100,10.9700,10.0000,10.3600,1753700,GRPN,12.2795,12.2490,15.3236,13.7270,13.7515,13.5768,12.1903,12.4082
2024-04-17,9.7700,11.2500,9.7200,10.8200,1969500,GRPN,11.9980,12.0129,15.2342,13.5718,13.7497,13.5014,12.2096,12.3820
2024-04-18,9.7100,10.2000,9.6400,9.7800,997100,GRPN,11.7375,11.7936,15.1180,13.4203,13.7460,13.4263,12.2271,12.3554
2024-04-19,9.5100,9.9000,9.4000,9.8000,1369700,GRPN,11.4620,11.5761,14.9876,13.2670,13.7359,13.3488,12.2437,12.3271
2024-04-22,9.5800,9.7600,9.2600,9.5000,1259700,GRPN,11.2205,11.3860,14.8482,13.1224,13.7252,13.2741,12.2613,12.2997
2024-04-23,10.5400,11.1500,9.7300,9.7900,1851800,GRPN,11.0920,11.3054,14.7382,13.0211,13.7214,13.2200,12.2835,12.2822
2024-04-24,10.6000,11.0700,10.4100,10.5900,1122700,GRPN,10.9765,11.2382,14.6114,12.9262,13.7169,13.1681,12.3029,12.2655
2024-04-25,11.4700,11.5800,10.1700,10.4700,1456600,GRPN,10.9090,11.2603,14.5142,12.8691,13.7185,13.1345,12.3259,12.2576
2024-04-26,11.6700,11.9200,11.2300,11.4200,909100,GRPN,10.8255,11.2993,14.4130,12.8221,13.7162,13.1055,12.3506,12.2517
2024-04-29,11.6500,11.8200,11.4600,11.6000,1236700,GRPN,10.7725,11.3327,14.2862,12.7761,13.7129,13.0767,12.3743,12.2458
2024-04-30,11.5600,11.8700,11.4000,11.5800,985900,GRPN,10.7680,11.3544,14.1530,12.7284,13.7088,13.0466,12.4009,12.2389
2024-05-01,11.1200,11.6400,10.9300,11.6400,953700,GRPN,10.7500,11.3320,14.0148,12.6653,13.7037,13.0085,12.4239,12.2278
2024-05-02,11.2800,11.4400,11.0000,11.4100,667000,GRPN,10.7510,11.3271,13.8864,12.6110,13.7016,12.9742,12.4460,12.2184
2024-05-03,11.2200,11.6600,11.0300,11.5900,730900,GRPN,10.7525,11.3169,13.7524,12.5565,13.7007,12.9395,12.4652,12.2084
2024-05-06,10.9700,11.3800,10.8700,11.2300,907200,GRPN,10.7440,11.2838,13.6156,12.4942,13.6949,12.9005,12.4855,12.1961
2024-05-07,10.9400,11.4900,10.8700,10.9800,1046800,GRPN,10.7285,11.2511,13.4642,12.4333,13.6903,12.8617,12.5062,12.1836
2024-05-08,10.7300,10.9700,10.5500,10.8800,987900,GRPN,10.7100,11.2015,13.3120,12.3665,13.6815,12.8195,12.5268,12.1691
2024-05-09,10.5000,11.0300,10.0900,11.0300,2205000,GRPN,10.7000,11.1347,13.1546,12.2933,13.6704,12.7735,12.5450,12.1525
2024-05-10,12.9700,14.0000,11.8000,11.8000,6093200,GRPN,10.8300,11.3095,13.0438,12.3198,13.6860,12.7774,12.5699,12.1607
2024-05-13,15.1100,15.4100,12.7300,13.1800,3465700,GRPN,11.0855,11.6714,12.9676,12.4293,13.7267,12.8236,12.6072,12.1900
2024-05-14,16.8900,17.4200,15.5000,15.5100,3734500,GRPN,11.3895,12.1684,12.9410,12.6042,13.7763,12.9041,12.6514,12.2368
2024-05-15,16.6400,17.5700,16.5900,16.9500,1737400,GRPN,11.7330,12.5943,12.9028,12.7625,13.8259,12.9781,12.6951,12.2806
2024-05-16,16.4000,16.9000,16.0400,16.6400,1095000,GRPN,12.0675,12.9567,12.8672,12.9051,13.8625,13.0459,12.7386,12.3216
2024-05-17,16.7900,16.9900,16.0200,16.4000,1249900,GRPN,12.4315,13.3218,12.8308,13.0575,13.9093,13.1200,12.7854,12.3660
2024-05-20,17.0500,17.4700,16.5000,16.7200,1389300,GRPN,12.8050,13.6769,12.7922,13.2140,13.9555,13.1978,12.8317,12.4127
2024-05-21,16.8300,17.3700,16.5300,16.8700,1460700,GRPN,13.1195,13.9772,12.7776,13.3558,13.9996,13.2698,12.8764,12.4566
2024-05-22,16.5100,17.1100,16.1700,16.6600,1111400,GRPN,13.4150,14.2184,12.7362,13.4795,14.0357,13.3339,12.9188,12.4969
2024-05-23,16.3500,16.7400,16.0300,16.6000,927200,GRPN,13.6590,14.4214,12.7014,13.5921,14.0708,13.3937,12.9593,12.5353
2024-05-24,16.4400,16.6300,16.1000,16.4900,653200,GRPN,13.8975,14.6137,12.6668,13.7038,14.1133,13.4540,13.0018,12.5741
2024-05-28,15.7200,17.2200,15.2800,16.5100,1575200,GRPN,14.1010,14.7190,12.7294,13.7828,14.1440,13.4989,13.0424,12.6054
2024-05-29,15.0000,15.4700,14.9900,15.3100,1096800,GRPN,14.2730,14.7458,12.7422,13.8306,14.1676,13.5286,13.0699,12.6293
2024-05-30,15.8400,16.0500,15.1700,15.2000,822300,GRPN,14.5090,14.8500,12.7510,13.9094,14.1908,13.5744,13.1003,12.6612
2024-05-31,15.8300,16.1800,15.7100,15.8800,957300,GRPN,14.7365,14.9433,12.7692,13.9847,14.2125,13.6190,13.1263,12.6927
2024-06-03,15.6800,16.4300,15.5300,16.2800,800100,GRPN,14.9595,15.0135,12.7824,14.0512,14.2334,13.6598,13.1497,12.7225
2024-06-04,15.0300,15.6500,14.7300,15.5300,732200,GRPN,15.1625,15.0151,12.7948,14.0896,14.2524,13.6870,13.1661,12.7454
2024-06-05,14.4400,15.3100,14.3500,15.1100,776500,GRPN,15.3375,14.9603,12.8214,14.1033,14.2691,13.7019,13.1819,12.7623
2024-06-06,14.4000,14.7000,14.1600,14.3800,743200,GRPN,15.5210,14.9069,12.8512,14.1149,14.2793,13.7157,13.2015,12.7786
2024-06-07,14.1800,14.4800,14.0800,14.1600,424300,GRPN,15.7050,14.8377,12.8784,14.1175,14.2994,13.7249,13.2200,12.7925
2024-06-10,14.3200,14.6300,14.0400,14.3100,920700,GRPN,15.7725,14.7884,12.8980,14.1254,14.3248,13.7367,13.2327,12.8077
2024-06-11,15.7600,15.9200,14.3100,14.3200,1148000,GRPN,15.8050,14.8809,12.9590,14.1895,14.3642,13.7767,13.2506,12.8371
2024-06-12,16.3600,16.7600,15.7300,16.0800,1041200,GRPN,15.7785,15.0218,13.0532,14.2746,14.4105,13.8279,13.2674,12.8722
2024-06-13,15.7200,16.3300,15.6800,16.2900,845500,GRPN,15.7325,15.0883,13.1380,14.3313,14.4521,13.8654,13.2860,12.9005
2024-06-14,14.8700,15.5800,14.7100,15.5000,889200,GRPN,15.6560,15.0675,13.2102,14.3525,14.4844,13.8853,13.3010,12.9201
2024-06-17,15.2800,15.2800,14.6100,14.7200,573900,GRPN,15.5805,15.0877,13.2920,14.3888,14.5179,13.9129,13.3191,12.9436
2024-06-18,14.9200,15.5400,14.9000,15.2500,512000,GRPN,15.4740,15.0718,13.3676,14.4097,14.5370,13.9328,13.3318,12.9632
2024-06-20,14.6500,15.0600,14.4600,15.0000,605600,GRPN,15.3650,15.0316,13.4356,14.4191,14.5477,13.9470,13.3462,12.9800
2024-06-21,14.8500,14.8700,14.2300,14.5100,828600,GRPN,15.2820,15.0143,13.5106,14.4360,14.5532,13.9649,13.3645,12.9986
2024-06-24,14.3900,15.0100,14.2900,14.6700,546300,GRPN,15.1840,14.9548,13.5844,14.4342,14.5595,13.9733,13.3814,13.0125
2024-06-25,14.2500,14.6000,14.1900,14.3200,620900,GRPN,15.0745,14.8877,13.6620,14.4270,14.5654,13.9788,13.3952,13.0248
2024-06-26,14.8900,15.0000,14.0600,14.2100,738800,GRPN,15.0330,14.8879,13.7598,14.4451,14.5739,13.9968,13.4094,13.0433
2024-06-27,15.0400,15.1100,14.2800,14.8200,826800,GRPN,15.0350,14.9024,13.8444,14.4684,14.5840,14.0175,13.4224,13.0632
2024-06-28,15.3000,15.4500,14.6900,15.1700,3856400,GRPN,15.0080,14.9403,13.9550,14.5011,14.5946,14.0429,13.4411,13.0855
2024-07-01,15.4900,15.6500,15.1800,15.2700,761600,GRPN,14.9910,14.9926,14.0706,14.5398,14.5943,14.0715,13.4621,13.1094
2024-07-02,15.1900,15.5800,14.8800,15.4600,510200,GRPN,14.9665,15.0114,14.1842,14.5653,14.5859,14.0937,13.4775,13.1301
2024-07-03,15.2400,15.4700,15.1000,15.3400,326700,GRPN,14.9770,15.0332,14.2974,14.5918,14.5728,14.1164,13.4946,13.1511
2024-07-05,14.4100,15.3800,14.1700,15.2300,1279500,GRPN,14.9755,14.9738,14.3748,14.5847,14.5565,14.1222,13.5016,13.1636
2024-07-08,14.5500,15.1500,14.4300,14.4900,780800,GRPN,14.9830,14.9335,14.4538,14.5833,14.5326,14.1307,13.5131,13.1774
2024-07-09,13.8300,14.5000,13.1600,14.4900,1370200,GRPN,14.9655,14.8284,14.5010,14.5538,14.5076,14.1247,13.5222,13.1839
2024-07-10,14.5800,14.9700,13.9200,14.2000,1666700,GRPN,14.9785,14.8047,14.5592,14.5548,14.4861,14.1337,13.5386,13.1978
2024-07-11,15.2800,15.3100,14.4600,14.7700,925300,GRPN,14.9545,14.8500,14.6318,14.5832,14.4590,14.1564,13.5565,13.2185
2024-07-12,16.6500,17.3600,15.3500,15.4600,2884100,GRPN,14.9690,15.0214,14.7336,14.6643,14.4433,14.2058,13.5777,13.2527
2024-07-15,16.6800,17.3300,16.3400,16.5800,1323000,GRPN,15.0170,15.1794,14.8448,14.7433,14.4298,14.2548,13.5976,13.2868
2024-07-16,17.9800,18.2400,16.9200,16.9200,1606500,GRPN,15.1725,15.4461,14.9788,14.8703,14.4326,14.3286,13.6234,13.3335
2024-07-17,17.3500,17.9100,16.6800,17.6800,1106200,GRPN,15.2760,15.6274,15.1014,14.9675,14.4269,14.3884,13.6433,13.3734
2024-07-18,16.9400,18.1700,16.7500,17.1200,935100,GRPN,15.3770,15.7524,15.2208,15.0449,14.4182,14.4389,13.6514,13.4089
2024-07-19,16.7400,17.3000,16.7200,16.8100,551200,GRPN,15.4815,15.8465,15.3368,15.1113,14.4005,14.4845,13.6564,13.4421
2024-07-22,17.3900,17.6000,16.7400,16.9800,861400,GRPN,15.6085,15.9935,15.4700,15.2007,14.3910,14.5420,13.6724,13.4813
2024-07-23,18.0800,18.1300,17.3100,17.3100,743200,GRPN,15.7930,16.1922,15.6216,15.3136,14.3881,14.6121,13.6922,13.5271
2024-07-24,17.2800,17.9100,17.1100,17.7700,730500,GRPN,15.9445,16.2958,15.7078,15.3907,14.3758,14.6649,13.7059,13.5644
2024-07-25,17.4600,18.1600,16.9500,17.2100,1120000,GRPN,16.0730,16.4067,15.7548,15.4719,14.3612,14.7203,13.7203,13.6032
2024-07-26,17.9900,18.0700,17.2300,17.8000,961400,GRPN,16.2205,16.5575,15.7768,15.5706,14.3589,14.7850,13.7342,13.6469
2024-07-29,17.1200,18.4700,16.9700,18.1500,1465300,GRPN,16.3115,16.6110,15.7864,15.6314,14.3446,14.8313,13.7704,13.6814
2024-07-30,15.7100,17.3900,15.5300,17.2000,2582200,GRPN,16.3225,16.5252,15.7726,15.6345,14.3199,14.8487,13.7991,13.7016
2024-07-31,13.3200,15.4700,13.0700,14.7700,4442000,GRPN,16.2290,16.2200,15.7032,15.5437,14.2670,14.8184,13.8110,13.6978
2024-08-01,12.2300,13.4500,12.0200,13.4200,2717200,GRPN,16.0785,15.8400,15.6068,15.4137,14.1995,14.7671,13.8086,13.6832
2024-08-02,11.5500,11.9900,11.2500,11.6300,2580800,GRPN,15.9355,15.4314,15.5012,15.2622,14.1394,14.7034,13.8021,13.6620
2024-08-05,11.4100,11.7200,10.3700,10.7000,1993600,GRPN,15.7785,15.0484,15.3992,15.1112,14.0677,14.6382,13.7956,13.6396
2024-08-06,11.4500,11.8200,11.0500,11.6000,1049700,GRPN,15.6595,14.7057,15.3012,14.9676,14.0013,14.5751,13.7873,13.6178
2024-08-07,10.6600,11.6800,10.6400,11.6800,1665600,GRPN,15.4635,14.3204,15.1856,14.7987,13.9262,14.4975,13.7777,13.5883
2024-08-08,10.3400,10.9900,10.2300,10.6900,1258800,GRPN,15.2165,13.9413,15.0780,14.6238,13.9037,14.4152,13.7664,13.5560
2024-08-09,10.6300,11.0500,10.4700,10.4700,1157000,GRPN,14.9155,13.6260,14.9906,14.4672,13.8664,14.3403,13.7621,13.5269
2024-08-12,12.1200,12.2000,10.8900,11.1800,1913400,GRPN,14.6875,13.4825,14.9162,14.3751,13.8336,14.2963,13.7643,13.5129
2024-08-13,12.9200,13.0500,11.9100,12.1200,1999100,GRPN,14.4345,13.4290,14.8580,14.3181,13.8136,14.2690,13.7719,13.5070
2024-08-14,12.2600,12.9900,12.0400,12.9900,1262700,GRPN,14.1800,13.3176,14.7896,14.2374,13.7860,14.2293,13.7771,13.4946
2024-08-15,13.7200,13.8100,12.7500,12.8300,1492500,GRPN,14.0190,13.3559,14.7634,14.2171,13.7791,14.2192,13.7868,13.4968
2024-08-16,13.7000,14.2500,13.5800,13.6100,839300,GRPN,13.8670,13.3887,14.7486,14.1968,13.7850,14.2089,13.7940,13.4989
2024-08-19,13.7000,13.9900,13.2900,13.7300,924300,GRPN,13.6825,13.4184,14.7346,14.1773,13.7929,14.1988,13.7985,13.5009
2024-08-20,13.6000,13.9800,13.3800,13.6900,590800,GRPN,13.4585,13.4357,14.7230,14.1547,13.8007,14.1870,13.8015,13.5019
2024-08-21,13.6300,13.9600,13.5100,13.7500,475000,GRPN,13.2760,13.4542,14.7092,14.1341,13.8036,14.1759,13.8016,13.5031
2024-08-22,13.1300,13.7500,13.1000,13.6400,870500,GRPN,13.0595,13.4233,14.6566,14.0947,13.8078,14.1552,13.7948,13.4994
2024-08-23,13.7200,14.0200,13.4000,13.4700,878200,GRPN,12.8460,13.4516,14.6038,14.0800,13.8285,14.1466,13.7889,13.5016
2024-08-26,13.8500,13.9000,13.3300,13.8100,798300,GRPN,12.6825,13.4895,14.5664,14.0710,13.8522,14.1407,13.7837,13.5051
2024-08-27,13.7300,13.9200,13.1900,13.7500,887000,GRPN,12.5835,13.5124,14.5436,14.0576,13.8769,14.1326,13.7827,13.5073
2024-08-28,13.3200,13.7300,13.0900,13.5700,692700,GRPN,12.5835,13.4941,14.5044,14.0287,13.8982,14.1165,13.7816,13.5055
2024-08-29,13.8800,13.9400,13.4000,13.5600,661700,GRPN,12.6660,13.5308,14.4836,14.0229,13.9256,14.1118,13.8069,13.5092
2024-08-30,13.8700,14.0600,13.6700,14.0200,539900,GRPN,12.7820,13.5631,14.4680,14.0169,13.9518,14.1070,13.8280,13.5128
2024-09-03,12.8700,13.7700,12.8700,13.7200,684100,GRPN,12.8550,13.4971,14.4284,13.9719,13.9695,14.0825,13.8443,13.5064
2024-09-04,12.4100,13.2800,12.3700,12.7400,985500,GRPN,12.9030,13.3936,14.3888,13.9107,13.9866,14.0494,13.8562,13.4955
2024-09-05,11.7000,12.7300,11.6800,12.3500,1096900,GRPN,12.9550,13.2323,14.3378,13.8240,13.9999,14.0029,13.8680,13.4776
2024-09-06,10.9400,11.8200,10.8700,11.5600,1398000,GRPN,12.9850,13.0140,14.2588,13.7109,14.0093,13.9422,13.8749,13.4523
2024-09-09,11.0500,11.4600,10.8600,10.9800,1033500,GRPN,13.0060,12.8269,14.1790,13.6065,14.0117,13.8850,13.8816,13.4284
2024-09-10,10.9400,11.3800,10.5500,11.1900,1109300,GRPN,12.9470,12.6472,14.0918,13.5020,14.0234,13.8267,13.8865,13.4037
2024-09-11,10.8300,11.1600,10.6000,10.7700,910200,GRPN,12.8425,12.4742,13.9986,13.3972,14.0346,13.7673,13.8903,13.3781
2024-09-12,10.9500,11.3100,10.7100,11.1100,1256900,GRPN,12.7770,12.3290,13.9138,13.3012,14.0490,13.7115,13.8924,13.3539
2024-09-13,11.5000,11.9300,11.1500,11.2400,2297900,GRPN,12.6660,12.2500,13.8390,13.2306,14.0682,13.6677,13.8967,13.3355
2024-09-16,11.8600,12.0200,11.3900,11.4900,1260800,GRPN,12.5740,12.2129,13.7880,13.1768,14.0814,13.6319,13.9014,13.3208
2024-09-17,12.4000,12.7800,12.0400,12.2000,1585100,GRPN,12.5090,12.2307,13.7450,13.1464,14.0994,13.6075,13.9081,13.3116
2024-09-18,11.7800,12.6300,11.7200,12.3600,1199200,GRPN,12.4180,12.1878,13.7040,13.0928,14.1025,13.5714,13.9105,13.2964
2024-09-19,11.7500,12.2500,11.6800,12.1900,772100,GRPN,12.3240,12.1461,13.6474,13.0401,14.1033,13.5353,13.9097,13.2810
2024-09-20,10.8500,11.8200,10.7300,11.6600,1644900,GRPN,12.2100,12.0227,13.5588,12.9542,14.0953,13.4821,13.9041,13.2568
2024-09-23,10.6800,11.2500,10.6800,10.8800,1366400,GRPN,12.0580,11.8948,13.4394,12.8650,14.0865,13.4266,13.8976,13.2312
2024-09-24,10.5100,10.8600,10.4300,10.8300,1219900,GRPN,11.8910,11.7629,13.3160,12.7727,14.0804,13.3689,13.8920,13.2041
2024-09-25,10.0800,10.5400,10.0000,10.5100,1550600,GRPN,11.7085,11.6026,13.1580,12.6671,14.0684,13.3037,13.8850,13.1730
2024-09-26,10.1900,10.3700,10.0300,10.2800,1155300,GRPN,11.5520,11.4681,13.0148,12.5700,14.0581,13.2421,13.8794,13.1433
2024-09-27,9.9600,10.4400,9.8600,10.2700,1669600,GRPN,11.3560,11.3245,12.8752,12.4676,14.0480,13.1771,13.8714,13.1117
2024-09-30,9.7800,10.0600,9.6900,9.9000,2351200,GRPN,11.1515,11.1774,12.7360,12.3622,14.0364,13.1098,13.8633,13.0785
2024-10-01,9.4700,9.8500,9.1500,9.7400,1391900,GRPN,10.9815,11.0148,12.5776,12.2488,14.0238,13.0378,13.8526,13.0426
2024-10-02,9.6000,9.8200,9.3100,9.4500,1247100,GRPN,10.8410,10.8800,12.4080,12.1449,14.0148,12.9697,13.8426,13.0083
2024-10-03,9.0900,9.5800,8.9600,9.4000,1565400,GRPN,10.7105,10.7095,12.2442,12.0251,13.9760,12.8929,13.8310,12.9694
2024-10-04,9.7200,9.8700,9.2300,9.2400,1391600,GRPN,10.6495,10.6153,12.0894,11.9347,13.9221,12.8300,13.8244,12.9370
2024-10-07,10.6300,10.7500,9.6100,9.7600,2786000,GRPN,10.6285,10.6167,11.9422,11.8835,13.8595,12.7865,13.8179,12.9141
2024-10-08,10.2700,10.7700,10.2200,10.5000,1056900,GRPN,10.5950,10.5837,11.8052,11.8203,13.7958,12.7366,13.8109,12.8878
2024-10-09,10.3400,10.5600,10.1400,10.2200,791400,GRPN,10.5705,10.5605,11.6978,11.7622,13.7352,12.6892,13.7989,12.8624
2024-10-10,10.5600,10.5800,10.0900,10.3600,763400,GRPN,10.5510,10.5604,11.6426,11.7151,13.6729,12.6470,13.7911,12.8395
2024-10-11,10.6700,11.0700,10.4800,10.5100,1154200,GRPN,10.5095,10.5709,11.6114,11.6741,13.6091,12.6079,13.7823,12.8179
2024-10-14,9.7000,10.6700,9.6500,10.6500,1881200,GRPN,10.4015,10.4879,11.5744,11.5967,13.5378,12.5503,13.7687,12.7869
2024-10-15,10.7600,10.8800,9.6200,9.7000,2221900,GRPN,10.3195,10.5138,11.5614,11.5639,13.4803,12.5148,13.7580,12.7667
2024-10-16,11.2600,11.2800,10.6000,10.9500,1577600,GRPN,10.2935,10.5849,11.5576,11.5520,13.4294,12.4900,13.7501,12.7517
2024-10-17,11.0700,11.4100,10.9500,11.3600,1062600,GRPN,10.2595,10.6311,11.5658,11.5331,13.3757,12.4619,13.7445,12.7350
2024-10-18,10.6600,11.3000,10.5500,11.1800,706200,GRPN,10.2500,10.6339,11.5722,11.4988,13.3251,12.4262,13.7346,12.7143
2024-10-21,10.1800,10.6100,9.9400,10.6100,1122000,GRPN,10.2250,10.5906,11.5632,11.4471,13.2769,12.3817,13.7223,12.6891
2024-10-22,9.9300,10.4500,9.9200,10.1400,800400,GRPN,10.1960,10.5277,11.5194,11.3876,13.2178,12.3332,13.7043,12.6617
2024-10-23,9.7300,9.9000,9.6500,9.8500,830200,GRPN,10.1785,10.4517,11.4556,11.3226,13.1568,12.2816,13.6847,12.6325
2024-10-24,10.1300,10.4000,9.7600,9.8600,984600,GRPN,10.1755,10.4211,11.4130,11.2758,13.1013,12.2390,13.6674,12.6076
2024-10-25,10.2500,10.5800,10.1200,10.4000,761500,GRPN,10.1900,10.4048,11.3436,11.2356,13.0535,12.1996,13.6530,12.5841
2024-10-28,10.2700,10.7900,10.2100,10.4700,1075700,GRPN,10.2145,10.3920,11.2750,11.1977,13.0118,12.1614,13.6405,12.5611
2024-10-29,10.5500,10.5500,10.1200,10.2700,730800,GRPN,10.2685,10.4070,11.2120,11.1723,12.9733,12.1295,13.6263,12.5411
2024-10-30,10.8300,10.9500,10.4100,10.5000,971900,GRPN,10.3300,10.4473,11.1566,11.1589,12.9398,12.1038,13.6196,12.5241
2024-10-31,10.2600,10.8900,10.2500,10.8200,1087700,GRPN,10.3885,10.4295,11.0892,11.1237,12.8992,12.0673,13.6120,12.5016
2024-11-01,10.3300,10.8000,10.3100,10.3900,925000,GRPN,10.4190,10.4200,11.0332,11.0925,12.8449,12.0328,13.6046,12.4799
2024-11-04,10.6700,10.6800,10.0500,10.2000,780900,GRPN,10.4210,10.4438,10.9722,11.0760,12.7880,12.0059,13.5993,12.4619
2024-11-05,10.7200,10.8600,10.5000,10.7000,560500,GRPN,10.4435,10.4701,10.9096,11.0620,12.7380,11.9804,13.5951,12.4446
2024-11-06,10.7200,11.1100,10.3700,10.8100,1006200,GRPN,10.4625,10.4939,10.8494,11.0486,12.6965,11.9554,13.5905,12.4274
2024-11-07,10.9000,11.1700,10.5100,10.7500,843500,GRPN,10.4795,10.5326,10.8010,11.0428,12.6527,11.9345,13.5853,12.4122
2024-11-08,10.9600,11.1000,10.5600,10.8500,1073900,GRPN,10.4940,10.5733,10.7426,11.0395,12.6131,11.9152,13.5751,12.3978
2024-11-11,11.7600,11.8000,11.0200,11.1000,1907300,GRPN,10.5970,10.6863,10.7004,11.0678,12.5842,11.9122,13.5660,12.3914
2024-11-12,11.3200,11.8300,11.1700,11.4900,4156100,GRPN,10.6250,10.7467,10.6694,11.0777,12.5489,11.9004,13.5511,12.3808
2024-11-13,8.2600,8.9100,7.7500,8.7500,8159500,GRPN,10.4750,10.5098,10.5864,10.9672,12.4876,11.8284,13.5236,12.3398
2024-11-14,8.3100,8.8000,8.1200,8.2900,2271300,GRPN,10.3370,10.3003,10.5186,10.8630,12.4282,11.7587,13.4968,12.2997
2024-11-15,8.1200,8.3600,7.8800,8.2900,1852500,GRPN,10.2100,10.0927,10.4622,10.7554,12.3605,11.6866,13.4672,12.2581
2024-11-18,8.7200,8.8000,7.8600,8.0200,1991700,GRPN,10.1370,9.9619,10.4156,10.6756,12.2973,11.6279,13.4407,12.2229
2024-11-19,8.8800,9.0900,8.4700,8.7000,1333200,GRPN,10.0845,9.8589,10.3744,10.6052,12.2331,11.5735,13.4139,12.1896
2024-11-20,8.5000,8.9200,8.3500,8.8200,1248300,GRPN,10.0230,9.7295,10.3278,10.5226,12.1632,11.5126,13.3788,12.1529
2024-11-21,9.2000,9.3900,8.4200,8.5300,1697000,GRPN,9.9765,9.6791,10.2928,10.4707,12.1033,11.4668,13.3446,12.1235
2024-11-22,9.3200,9.6600,9.1600,9.2000,1811200,GRPN,9.9300,9.6449,10.2492,10.4256,12.0441,11.4243,13.3085,12.0956
2024-11-25,9.5300,9.9200,9.4400,9.5300,1567000,GRPN,9.8930,9.6339,10.2026,10.3905,11.9953,11.3868,13.2759,12.0701
2024-11-26,9.1400,9.4700,9.0100,9.2600,1365900,GRPN,9.8225,9.5869,10.1374,10.3415,11.9412,11.3423,13.2369,12.0410
2024-11-27,9.3600,9.4300,9.1100,9.2400,667200,GRPN,9.7490,9.5653,10.0890,10.3030,11.8965,11.3031,13.2020,12.0143
2024-11-29,9.3800,9.5400,9.3100,9.3900,401500,GRPN,9.7050,9.5476,10.0416,10.2668,11.8445,11.2650,13.1653,11.9881
2024-12-02,9.5500,9.5800,9.0600,9.3300,732500,GRPN,9.6660,9.5479,10.0156,10.2387,11.7872,11.2310,13.1231,11.9638
2024-12-03,9.5100,9.5900,9.2200,9.5400,592200,GRPN,9.6080,9.5442,9.9922,10.2101,11.7158,11.1969,13.0796,11.9394
2024-12-04,11.2700,11.3800,9.4500,9.5200,3882100,GRPN,9.6355,9.7086,10.0074,10.2517,11.6617,11.1984,13.0458,11.9327
2024-12-05,11.6100,12.0800,11.1000,11.2500,2561500,GRPN,9.6800,9.8897,10.0380,10.3049,11.5980,11.2065,13.0153,11.9295
2024-12-06,12.9500,13.1000,11.6000,11.8200,2995800,GRPN,9.7825,10.1811,10.0932,10.4086,11.5540,11.2411,12.9905,11.9397
2024-12-09,12.3100,13.1000,12.0600,13.1000,1866700,GRPN,9.8500,10.3839,10.1402,10.4832,11.5077,11.2622,12.9630,11.9434
2024-12-10,12.4700,12.6500,11.2600,12.4800,2576800,GRPN,9.8855,10.5826,10.1940,10.5611,11.4650,11.2861,12.9328,11.9486
2024-12-11,12.5100,13.1900,12.4200,12.7100,1401900,GRPN,9.9450,10.7661,10.2548,10.6376,11.4162,11.3104,12.9036,11.9542
2024-12-12,11.8500,12.6900,11.8300,12.2900,1465700,GRPN,10.1245,10.8694,10.2998,10.6851,11.3539,11.3211,12.8710,11.9531
2024-12-13,11.4800,12.0600,11.2000,11.9600,1476700,GRPN,10.2830,10.9275,10.3476,10.7163,11.2959,11.3242,12.8359,11.9484
2024-12-16,11.3200,11.7400,11.2700,11.5200,894800,GRPN,10.4430,10.9649,10.3796,10.7399,11.2345,11.3241,12.7978,11.9422
2024-12-17,11.4800,11.7300,11.2300,11.2300,858900,GRPN,10.5810,11.0140,10.3966,10.7690,11.1694,11.3272,12.7641,11.9376
2024-12-18,10.8200,11.7400,10.6600,11.5900,1074000,GRPN,10.6780,10.9955,10.4076,10.7710,11.1064,11.3172,12.7255,11.9265
2024-12-19,10.3400,11.0900,10.3300,11.0100,975200,GRPN,10.7700,10.9331,10.4076,10.7541,11.0527,11.2978,12.6863,11.9107
2024-12-20,10.4000,10.9200,10.0200,10.1600,2198100,GRPN,10.8300,10.8823,10.4044,10.7402,11.0235,11.2800,12.6452,11.8956
2024-12-23,11.2500,11.2900,10.1700,10.3600,1121700,GRPN,10.9265,10.9173,10.4160,10.7602,11.0137,11.2794,12.6066,11.8892
2024-12-24,12.1000,12.1000,11.3600,11.4300,802600,GRPN,11.0550,11.0299,10.4640,10.8127,11.0192,11.2957,12.5793,11.8913
2024-12-26,12.0100,12.0800,11.4300,11.8800,1168500,GRPN,11.1985,11.1233,10.4890,10.8597,11.0252,11.3098,12.5465,11.8925
2024-12-27,11.9300,12.1200,11.5300,12.0000,865200,GRPN,11.3270,11.2001,10.5024,10.9016,11.0300,11.3221,12.5157,11.8929
2024-12-30,12.0800,12.3600,11.4500,11.6500,1142700,GRPN,11.4620,11.2839,10.5226,10.9479,11.0442,11.3371,12.4852,11.8947
2024-12-31,12.1500,12.3300,11.9000,12.2100,953600,GRPN,11.5920,11.3664,10.5524,10.9950,11.0623,11.3532,12.4830,11.8973
2025-01-02,12.0000,12.4200,11.7700,12.1900,713400,GRPN,11.7165,11.4267,10.5888,11.0344,11.0760,11.3660,12.4712,11.8983
2025-01-03,12.0600,12.3100,11.8100,12.0700,554700,GRPN,11.7560,11.4871,10.6314,11.0746,11.0754,11.3798,12.4545,11.8999
2025-01-06,12.2900,12.5300,11.9800,12.3100,690200,GRPN,11.7900,11.5635,10.6826,11.1223,11.0691,11.3978,12.4414,11.9038
2025-01-07,12.6900,12.7500,12.0900,12.4300,1320300,GRPN,11.7770,11.6708,10.7338,11.1838,11.0734,11.4234,12.4297,11.9116
2025-01-08,12.2200,12.7400,12.1400,12.4600,1132200,GRPN,11.7725,11.7231,10.7732,11.2244,11.0584,11.4392,12.4188,11.9147
2025-01-10,12.1600,12.3400,11.6600,12.0000,1028100,GRPN,11.7570,11.7647,10.8110,11.2611,11.0430,11.4534,12.4140,11.9171
2025-01-13,11.5100,11.9900,11.4000,11.8200,1005800,GRPN,11.7070,11.7405,10.8302,11.2709,11.0211,11.4546,12.4070,11.9131
2025-01-14,10.9700,11.9300,10.9500,11.7600,961800,GRPN,11.6630,11.6671,10.8330,11.2591,10.9948,11.4450,12.3978,11.9037
2025-01-15,10.8600,11.4700,10.6600,11.4700,1222200,GRPN,11.6320,11.5902,10.8450,11.2434,10.9671,11.4334,12.3854,11.8933
2025-01-16,10.9400,11.1700,10.5400,10.9200,773300,GRPN,11.6130,11.5283,10.8572,11.2315,10.9452,11.4236,12.3765,11.8838
2025-01-17,10.6500,11.2600,10.5300,11.1900,840700,GRPN,11.5715,11.4446,10.8568,11.2087,10.9145,11.4083,12.3715,11.8715
2025-01-21,10.7900,10.8900,10.5500,10.7500,790700,GRPN,11.5700,11.3823,10.8582,11.1923,10.8839,11.3960,12.3681,11.8608
2025-01-22,10.3500,10.8500,10.2900,10.8400,875300,GRPN,11.5705,11.2840,10.8508,11.1593,10.8501,11.3753,12.3635,11.8457
2025-01-23,10.5600,10.6000,10.1500,10.1500,789800,GRPN,11.5785,11.2150,10.8440,11.1358,10.8225,11.3592,12.3604,11.8330
2025-01-24,10.6100,10.6800,10.3400,10.5500,521700,GRPN,11.5465,11.1574,10.8370,11.1151,10.7898,11.3443,12.3577,11.8208
2025-01-27,10.5000,10.6300,10.3000,10.5300,640700,GRPN,11.4665,11.0948,10.8118,11.0910,10.7561,11.3276,12.3540,11.8076
2025-01-28,10.6300,10.8500,10.2700,10.5200,518600,GRPN,11.3975,11.0505,10.7980,11.0729,10.7337,11.3138,12.3516,11.7959
2025-01-29,10.5600,10.9300,10.5400,10.6500,559300,GRPN,11.3290,11.0038,10.8440,11.0528,10.7152,11.2989,12.3509,11.7836
2025-01-30,10.5000,10.7700,10.4700,10.6100,477400,GRPN,11.2500,10.9558,10.8878,11.0311,10.7032,11.2831,12.3516,11.7709
2025-01-31,10.4700,10.7100,10.3700,10.5700,697700,GRPN,11.1660,10.9096,10.9348,11.0091,10.6985,11.2670,12.3539,11.7579
2025-02-03,10.4300,10.5800,10.0800,10.1400,638000,GRPN,11.0875,10.8639,10.9690,10.9864,10.6923,11.2504,12.3520,11.7447
2025-02-04,11.3200,11.5800,10.3100,10.3100,1511700,GRPN,11.0505,10.9073,11.0178,10.9995,10.6961,11.2518,12.3598,11.7405
2025-02-05,11.5900,11.8300,11.2400,11.3100,986200,GRPN,11.0155,10.9723,11.0796,11.0227,10.7037,11.2585,12.3692,11.7390
2025-02-06,11.7500,11.9600,11.2500,11.6900,578700,GRPN,10.9685,11.0464,11.1306,11.0512,10.7117,11.2682,12.3804,11.7391
2025-02-07,11.7500,11.9500,11.5700,11.7500,603500,GRPN,10.9450,11.1134,11.1792,11.0786,10.7142,11.2777,12.3912,11.7392
2025-02-10,11.7600,11.9300,11.4400,11.9100,569900,GRPN,10.9250,11.1750,11.2238,11.1053,10.7132,11.2873,12.3973,11.7394
2025-02-11,11.7300,11.8700,11.5900,11.6500,533100,GRPN,10.9360,11.2279,11.2756,11.1298,10.7065,11.2961,12.4030,11.7393
2025-02-12,11.9200,11.9900,11.3000,11.6100,719100,GRPN,10.9835,11.2938,11.3268,11.1608,10.7079,11.3084,12.4052,11.7411
2025-02-13,12.7300,12.7800,11.6900,11.9400,1289800,GRPN,11.0770,11.4306,11.3938,11.2223,10.7177,11.3366,12.4105,11.7509
2025-02-14,12.8300,12.8900,12.4500,12.8200,849400,GRPN,11.1715,11.5638,11.4594,11.2854,10.7375,11.3661,12.4164,11.7617
2025-02-18,13.4300,13.6000,12.9400,12.9500,1216200,GRPN,11.3105,11.7416,11.5378,11.3695,10.7650,11.4070,12.4258,11.7783
2025-02-19,13.6000,13.8200,13.1900,13.1900,1151800,GRPN,11.4510,11.9186,11.5844,11.4570,10.7959,11.4504,12.4382,11.7964
2025-02-20,12.9800,13.5600,12.7600,13.5300,1026300,GRPN,11.5825,12.0196,11.6118,11.5167,10.8249,11.4807,12.4467,11.8082
2025-02-21,12.3800,13.1300,12.3600,13.1300,935900,GRPN,11.6735,12.0540,11.6004,11.5505,10.8468,11.4985,12.4525,11.8139
2025-02-24,11.9300,12.3900,11.6000,12.3900,891100,GRPN,11.7395,12.0422,11.5928,11.5654,10.8665,11.5071,12.4573,11.8150
2025-02-25,11.8000,11.9400,11.5200,11.8300,935100,GRPN,11.8045,12.0191,11.5794,11.5746,10.8867,11.5129,12.4616,11.8149
2025-02-26,11.6600,11.9900,11.5500,11.8500,664200,GRPN,11.8560,11.9849,11.5624,11.5780,10.9086,11.5158,12.4662,11.8133
2025-02-27,10.9900,11.6800,10.9100,11.6800,916700,GRPN,11.8775,11.8901,11.5452,11.5549,10.9225,11.5054,12.4687,11.8051
2025-02-28,11.1200,11.1400,10.6000,10.8000,1287100,GRPN,11.9085,11.8168,11.5380,11.5379,10.9428,11.4977,12.4594,11.7983
2025-03-03,10.4300,11.3300,10.3700,11.3000,802600,GRPN,11.9065,11.6847,11.5202,11.4944,10.9499,11.4766,12.4360,11.7847
2025-03-04,10.2600,10.5200,9.6000,10.2000,911100,GRPN,11.8980,11.5490,11.4958,11.4460,10.9462,11.4525,12.4029,11.7695
2025-03-05,10.6500,10.6600,10.0200,10.3500,931000,GRPN,11.8645,11.4634,11.4924,11.4148,10.9500,11.4366,12.3729,11.7584
2025-03-06,10.3300,10.8400,10.1600,10.4400,623600,GRPN,11.8015,11.3555,11.4922,11.3722,10.9499,11.4147,12.3426,11.7442
2025-03-07,10.5400,10.6800,10.1200,10.3300,877600,GRPN,11.7410,11.2778,11.4950,11.3396,10.9497,11.3974,12.3113,11.7322
2025-03-10,9.8300,10.3700,9.5200,10.2800,1092700,GRPN,11.6450,11.1399,11.4666,11.2804,10.9413,11.3663,12.2752,11.7133
2025-03-11,9.7700,9.9800,9.2100,9.9000,2821900,GRPN,11.5455,11.0095,11.4200,11.2212,10.9420,11.3347,12.2399,11.6939
2025-03-12,13.9800,14.1400,12.0900,12.2500,11165000,GRPN,11.6580,11.2924,11.4594,11.3294,10.9742,11.3871,12.2273,11.7167
2025-03-13,14.8600,14.8800,13.4200,13.9200,4367000,GRPN,11.8050,11.6321,11.5180,11.4678,11.0102,11.4559,12.2198,11.7480
2025-03-14,14.8500,15.1000,14.4900,14.9700,2584800,GRPN,11.9110,11.9386,11.5734,11.6005,11.0480,11.5231,12.2119,11.7788
2025-03-17,15.9800,16.2300,14.6100,15.0000,2932300,GRPN,12.0685,12.3235,11.6500,11.7722,11.1012,11.6114,12.2132,11.8206
2025-03-18,15.9300,16.6600,15.5100,15.6700,2187000,GRPN,12.1935,12.6670,11.7286,11.9353,11.1587,11.6969,12.2178,11.8615
2025-03-19,16.7900,16.9200,15.8600,16.0100,1748500,GRPN,12.3530,13.0596,11.8232,12.1256,11.2273,11.7977,12.2226,11.9106
2025-03-20,16.5200,16.8700,16.0500,16.5700,1660400,GRPN,12.5300,13.3892,11.9078,12.2980,11.2952,11.8912,12.2260,11.9564
2025-03-21,17.0900,17.3300,16.2200,16.3500,1826200,GRPN,12.7655,13.7417,11.9958,12.4859,11.3648,11.9942,12.2331,12.0075
2025-03-24,17.9900,18.3400,17.2400,17.4000,2289400,GRPN,13.0685,14.1463,12.1112,12.7017,11.4422,12.1129,12.2479,12.0670
2025-03-25,18.2400,18.5000,17.8300,17.8900,1730400,GRPN,13.3905,14.5361,12.2328,12.9189,11.5219,12.2342,12.2669,12.1285
2025-03-26,18.1900,18.6000,17.8800,18.2500,1412100,GRPN,13.7170,14.8841,12.3664,13.1256,11.5983,12.3522,12.2858,12.1888
2025-03-27,18.8300,18.9700,18.0600,18.2100,1653100,GRPN,14.1090,15.2599,12.5236,13.3493,11.6783,12.4804,12.3091,12.2549
2025-03-28,18.8200,18.9900,18.4300,18.7400,1439300,GRPN,14.4940,15.5990,12.6828,13.5639,11.7639,12.6060,12.3316,12.3202
2025-03-31,18.7700,19.1700,18.3200,18.3200,1920400,GRPN,14.9110,15.9010,12.8394,13.7680,11.8483,12.7280,12.3466,12.3844
2025-04-01,18.5300,18.9500,17.9400,18.7400,1352100,GRPN,15.3245,16.1514,12.9970,13.9548,11.9269,12.8429,12.3575,12.4455
2025-04-02,18.6000,18.9400,18.2100,18.2900,1052500,GRPN,15.7220,16.3846,13.1532,14.1369,12.0057,12.9569,12.3719,12.5067
2025-04-03,18.1600,18.4400,17.6300,17.8500,1076300,GRPN,16.1135,16.5537,13.3094,14.2947,12.0801,13.0600,12.3883,12.5630
2025-04-04,16.9900,17.8000,16.3500,17.5100,1820700,GRPN,16.4360,16.5952,13.4380,14.4004,12.1410,13.1378,12.3969,12.6070
2025-04-07,16.8000,18.1800,15.8400,16.3100,1693200,GRPN,16.7845,16.6147,13.5618,14.4945,12.1994,13.2103,12.4063,12.6488
2025-04-08,16.8000,18.0200,16.4900,17.6000,1224800,GRPN,17.1360,16.6324,13.6878,14.5849,12.2498,13.2814,12.4170,12.6901
2025-04-09,17.6000,18.2400,16.0400,16.7300,1698500,GRPN,17.3170,16.7245,13.8272,14.7032,12.3126,13.3669,12.4308,12.7389
2025-04-10,17.9100,18.2000,17.1100,17.2100,1406900,GRPN,17.4695,16.8374,13.9742,14.8289,12.4091,13.4569,12.4484,12.7904
2025-04-11,19.0500,19.2500,17.7500,17.8800,2175900,GRPN,17.6795,17.0481,14.1452,14.9944,12.5165,13.5676,12.4724,12.8527
2025-04-14,18.9400,19.7800,18.6000,19.5700,1892300,GRPN,17.8275,17.2283,14.3146,15.1492,12.6247,13.6740,12.4926,12.9132
2025-04-15,19.0000,19.6900,18.6000,18.8900,1372700,GRPN,17.9810,17.3971,14.4860,15.3002,12.7275,13.7795,12.5124,12.9738
2025-04-16,18.9600,19.8500,18.8200,18.9600,1418900,GRPN,18.0895,17.5459,14.6388,15.4437,12.8283,13.8821,12.5307,13.0334
2025-04-17,18.9900,19.3300,18.7200,19.1600,1205500,GRPN,18.2130,17.6834,14.7868,15.5828,12.9332,13.9832,12.5482,13.0926
2025-04-21,18.7800,19.1400,18.3600,19.0000,1111600,GRPN,18.2975,17.7879,14.9274,15.7082,13.0290,14.0782,12.5662,13.1492
2025-04-22,18.4500,19.6000,18.3700,19.0300,1553400,GRPN,18.3205,17.8509,15.0614,15.8157,13.1203,14.1648,12.5822,13.2020
2025-04-23,18.7100,19.4000,18.6200,18.8000,1046500,GRPN,18.3440,17.9327,15.2004,15.9292,13.2121,14.2548,12.6037,13.2568
2025-04-24,19.6400,19.9800,18.5000,18.7200,2181700,GRPN,18.4165,18.0953,15.3586,16.0747,13.3171,14.3614,12.6292,13.3203
2025-04-25,19.8900,20.2200,19.0300,19.7500,2217200,GRPN,18.4695,18.2663,15.5180,16.2243,13.4224,14.4709,12.6595,13.3857
2025-04-28,18.1000,19.9500,16.2500,19.9400,5686700,GRPN,18.4335,18.2504,15.6254,16.2979,13.5096,14.5427,12.6771,13.4326
2025-04-29,18.1000,18.6100,17.7000,18.2600,1328300,GRPN,18.4000,18.2361,15.7308,16.3686,13.5951,14.6132,12.6912,13.4790
2025-04-30,18.2100,18.2400,17.0700,17.5900,1316400,GRPN,18.3840,18.2336,15.8264,16.4408,13.6821,14.6844,12.6990,13.5261
2025-05-01,18.3700,18.4900,17.9000,18.3800,844800,GRPN,18.3725,18.2466,15.9218,16.5164,13.7531,14.7574,12.7074,13.5743
2025-05-02,17.8200,18.7100,17.7500,18.5000,973100,GRPN,18.3555,18.2060,16.0186,16.5675,13.8152,14.8180,12.7066,13.6165
2025-05-05,16.7800,17.6800,16.7400,17.5800,1781500,GRPN,18.3450,18.0702,16.1066,16.5759,13.8535,14.8569,12.7038,13.6480
2025-05-06,16.9200,17.1200,16.4200,16.6000,1398100,GRPN,18.3510,17.9606,16.2064,16.5894,13.8996,14.8977,12.7037,13.6806
2025-05-07,16.9800,17.3000,16.8500,17.0400,1624600,GRPN,18.3600,17.8672,16.3100,16.6047,13.9447,14.9390,12.7049,13.7134
2025-05-08,24.2100,24.3600,18.7000,18.7000,8274100,GRPN,18.6905,18.4713,16.5610,16.9029,14.0617,15.1226,12.7390,13.8178
2025-05-09,24.9900,25.3500,23.6100,24.6000,3545400,GRPN,19.0445,19.0921,16.8410,17.2201,14.1931,15.3180,12.7735,13.9290
2025-05-12,26.0400,26.4000,25.0000,25.7000,2162500,GRPN,19.3940,19.7538,17.1394,17.5660,14.3387,15.5303,12.8173,14.0495
2025-05-13,26.4500,26.7400,25.7300,26.0500,1815800,GRPN,19.7695,20.3916,17.4598,17.9144,14.4900,15.7465,12.8623,14.1729
2025-05-14,25.2200,26.9000,25.1500,26.5000,2244700,GRPN,20.0805,20.8514,17.7590,18.2008,14.6274,15.9341,12.8984,14.2828
2025-05-15,26.0600,26.3100,24.8500,25.0000,1387700,GRPN,20.4355,21.3475,18.0672,18.5090,14.7798,16.1346,12.9431,14.4000
2025-05-16,26.0000,26.4900,25.6000,26.0200,1192300,GRPN,20.7860,21.7906,18.3806,18.8028,14.9364,16.3300,12.9946,14.5154
2025-05-19,26.4800,26.6200,25.3700,25.5100,904500,GRPN,21.1710,22.2372,18.6994,19.1039,15.0972,16.5310,13.0604,14.6345
2025-05-20,26.5700,26.7500,26.1600,26.5000,697500,GRPN,21.5770,22.6498,19.0342,19.3967,15.2504,16.7297,13.1321,14.7532
2025-05-21,26.1700,26.6800,25.6700,26.3400,1132800,GRPN,21.9500,22.9851,19.3622,19.6623,15.3911,16.9167,13.2052,14.8668
2025-05-22,26.6700,26.7900,25.6500,26.0400,955000,GRPN,22.3015,23.3360,19.6160,19.9371,15.5377,17.1098,13.2815,14.9843
2025-05-23,26.7500,27.8700,26.3400,26.4100,1318400,GRPN,22.6445,23.6612,19.8538,20.2043,15.6859,17.3007,13.3580,15.1014
2025-05-27,28.4200,28.4800,26.8700,26.8700,1280100,GRPN,23.1605,24.1144,20.1252,20.5265,15.8493,17.5209,13.4468,15.2339
2025-05-28,28.9100,29.4900,28.2200,28.5200,1108500,GRPN,23.7010,24.5711,20.3838,20.8552,16.0169,17.7464,13.5396,15.3700
2025-05-29,29.4500,29.9300,28.6600,28.9500,1153200,GRPN,24.2630,25.0358,20.6542,21.1923,16.1914,17.9782,13.6337,15.5101
2025-05-30,29.1300,29.3200,28.2500,28.4200,1298700,GRPN,24.8010,25.4257,20.9010,21.5036,16.3621,18.1990,13.7188,15.6456
2025-06-02,32.3800,32.4500,29.3900,29.5000,2778300,GRPN,25.5290,26.0880,21.2182,21.9301,16.5630,18.4798,13.8161,15.8121
2025-06-03,32.4400,32.9700,31.3400,32.3400,1655000,GRPN,26.3120,26.6930,21.5252,22.3422,16.7605,18.7563,13.9170,15.9775
2025-06-04,32.5300,33.0500,32.0100,32.7300,824800,GRPN,27.0925,27.2489,21.8160,22.7418,16.9636,19.0290,14.0110,16.1423
2025-06-05,31.9700,32.8300,31.6200,32.5300,769500,GRPN,27.8420,27.6985,22.0906,23.1037,17.1617,19.2853,14.1023,16.2997
2025-06-06,32.9400,32.9700,31.9000,32.6300,1016400,GRPN,28.2785,28.1977,22.3856,23.4894,17.3760,19.5557,14.1985,16.4653
2025-06-09,31.3300,33.5200,29.4600,33.0300,3759500,GRPN,28.5955,28.4960,22.6356,23.7969,17.5796,19.7888,14.2872,16.6132
2025-06-10,32.6100,32.6400,30.9800,31.5000,1238100,GRPN,28.9240,28.8878,22.9114,24.1425,17.7971,20.0427,14.3821,16.7724
2025-06-11,32.6600,33.1600,32.3900,32.9700,1193300,GRPN,29.2345,29.2471,23.1892,24.4765,18.0143,20.2925,14.4797,16.9305
2025-06-12,32.3300,33.1400,32.2200,32.6700,895300,GRPN,29.5900,29.5407,23.4652,24.7845,18.2311,20.5309,14.5728,17.0837
2025-06-13,33.8900,34.3300,31.7500,32.0500,1710300,GRPN,29.9815,29.9549,23.7710,25.1416,18.4621,20.7954,14.6730,17.2509
2025-06-16,35.4000,35.8700,33.8900,34.3000,1514800,GRPN,30.4515,30.4735,24.1158,25.5438,18.7126,21.0846,14.7813,17.4315
2025-06-17,36.0300,36.4200,34.5000,34.9700,1207900,GRPN,30.9290,31.0027,24.4966,25.9551,18.9673,21.3806,14.8949,17.6166
2025-06-18,37.0300,37.1100,35.2300,35.8800,1721900,GRPN,31.4520,31.5767,24.9012,26.3894,19.2315,21.6905,15.0106,17.8098
2025-06-20,36.4400,41.2600,36.3200,37.8100,4012900,GRPN,31.9655,32.0399,25.2940,26.7835,19.4909,21.9825,15.1235,17.9951
2025-06-23,36.9300,37.3300,34.6800,36.0000,2170700,GRPN,32.4785,32.5056,25.6806,27.1814,19.7539,22.2785,15.2438,18.1835
2025-06-24,36.1000,37.2800,35.6300,37.1900,1221400,GRPN,32.9460,32.8479,26.0444,27.5312,20.0093,22.5522,15.3622,18.3618
2025-06-25,35.7400,36.7900,34.5600,36.1100,1431200,GRPN,33.3120,33.1234,26.3782,27.8531,20.2617,22.8134,15.4824,18.5347
2025-06-26,33.9100,36.1500,33.1300,35.5500,2167600,GRPN,33.5620,33.1983,26.6776,28.0906,20.4961,23.0331,15.5973,18.6877
2025-06-27,34.4500,34.7200,33.4800,34.0500,1452300,GRPN,33.8120,33.3175,26.9866,28.3400,20.7363,23.2592,15.7143,18.8446
2025-06-30,33.4500,34.6400,32.8500,34.5100,1271900,GRPN,34.0280,33.3301,27.2764,28.5404,20.9576,23.4610,15.8268,18.9899
2025-07-01,34.2900,35.2500,33.3400,33.4300,961800,GRPN,34.1235,33.4215,27.5824,28.7659,21.1846,23.6754,15.9441,19.1421
2025-07-02,35.0600,35.4200,33.6100,34.2300,916900,GRPN,34.2545,33.5776,27.9080,29.0127,21.4177,23.9009,16.0647,19.3005
2025-07-03,35.7800,36.3200,35.4600,35.4900,505900,GRPN,34.4170,33.7873,28.2546,29.2781,21.6580,24.1361,16.1861,19.4645
2025-07-07,36.7100,37.1500,35.2300,35.2300,1269900,GRPN,34.6540,34.0657,28.6146,29.5695,21.9075,24.3851,16.3103,19.6361
2025-07-08,37.3700,37.5800,36.7100,36.7500,832100,GRPN,34.8755,34.3804,28.9692,29.8754,22.1639,24.6422,16.4352,19.8125
2025-07-09,36.5300,38.2300,36.5000,37.6100,1174200,GRPN,35.1355,34.5851,29.3020,30.1364,22.4100,24.8776,16.5589,19.9789
2025-07-10,35.4400,36.6400,35.3700,36.3800,1265300,GRPN,35.2770,34.6665,29.6488,30.3444,22.6371,25.0868,16.6774,20.1327
2025-07-11,33.6300,35.9500,33.5600,35.4800,800300,GRPN,35.3255,34.5678,29.9594,30.4732,22.8451,25.2559,16.7913,20.2670
2025-07-14,33.9000,34.5000,33.3400,33.8200,649900,GRPN,35.4040,34.5042,30.2732,30.6076,23.0498,25.4271,16.9074,20.4027
2025-07-15,32.7500,34.1800,32.5300,34.0600,780400,GRPN,35.3470,34.3371,30.5608,30.6916,23.2413,25.5721,17.0186,20.5255
2025-07-16,32.8100,33.0400,32.1500,33.0200,633000,GRPN,35.2175,34.1917,30.8606,30.7747,23.4396,25.7154,17.1322,20.6478
2025-07-17,33.4900,34.2600,32.7100,32.8900,789200,GRPN,35.0905,34.1249,31.1948,30.8812,23.6507,25.8694,17.2488,20.7755
2025-07-18,32.4300,33.9400,32.1800,33.8000,850700,GRPN,34.8605,33.9635,31.5050,30.9419,23.8557,25.9993,17.3611,20.8915
2025-07-21,34.3300,34.4200,32.3000,32.6000,1179600,GRPN,34.7550,33.9984,31.8520,31.0748,24.0810,26.1643,17.4839,21.0252
2025-07-22,34.2000,35.5100,33.1200,34.8700,1419400,GRPN,34.6185,34.0176,32.0518,31.1973,24.3064,26.3234,17.6075,21.1563
2025-07-23,34.2400,34.6000,32.5800,34.4800,1111100,GRPN,34.5255,34.0387,32.2368,31.3167,24.5389,26.4802,17.7307,21.2865
2025-07-24,33.2100,34.2400,32.4000,34.1500,751400,GRPN,34.3990,33.9598,32.3802,31.3909,24.7598,26.6134,17.8513,21.4051
2025-07-25,32.9500,33.5800,32.3900,33.1500,749400,GRPN,34.3510,33.8636,32.5102,31.4521,24.9850,26.7389,17.9675,21.5200
2025-07-28,32.9700,33.5500,32.0000,33.0500,1246200,GRPN,34.2770,33.7785,32.6652,31.5116,25.2121,26.8623,18.0792,21.6340
2025-07-29,31.4300,33.4100,31.3400,33.1000,1162200,GRPN,34.1760,33.5549,32.7726,31.5084,25.4199,26.9527,18.1850,21.7314
2025-07-30,31.7200,31.8300,30.9500,31.6200,1245100,GRPN,34.0475,33.3801,32.8870,31.5167,25.6338,27.0471,18.2919,21.8308
2025-07-31,30.8400,31.9800,30.4000,31.9400,1294400,GRPN,33.8365,33.1382,32.9742,31.4901,25.8368,27.1222,18.3933,21.9205
2025-08-01,29.0600,30.1300,28.5200,30.1300,2078800,GRPN,33.5005,32.7498,33.0240,31.3948,26.0291,27.1606,18.4852,21.9915
2025-08-04,30.9700,30.9800,29.2400,29.2500,1101500,GRPN,33.2135,32.5803,33.1200,31.3782,26.2411,27.2360,18.5916,22.0808
2025-08-05,30.4400,31.5000,29.7800,31.1100,1452800,GRPN,32.8670,32.3765,33.1954,31.3414,26.4057,27.2995,18.6900,22.1640
2025-08-06,30.6700,31.5900,30.0400,30.5800,1814800,GRPN,32.5740,32.2139,33.2738,31.3151,26.5638,27.3662,18.7870,22.2486
2025-08-07,36.8900,43.0800,35.8300,39.0000,4221700,GRPN,32.6465,32.6593,33.4432,31.5337,26.7842,27.5548,18.9161,22.3943
2025-08-08,32.9800,37.0600,32.6700,36.7200,2428900,GRPN,32.6140,32.6898,33.5246,31.5904,26.9542,27.6623,19.0277,22.4997
2025-08-11,31.6700,35.1800,31.4000,32.8800,2350400,GRPN,32.5025,32.5927,33.5690,31.5935,27.1116,27.7416,19.1352,22.5909
2025-08-12,30.3400,31.9600,30.2000,31.6700,1583100,GRPN,32.3820,32.3782,33.5932,31.5444,27.2471,27.7931,19.2372,22.6680
2025-08-13,30.3400,31.2100,29.6700,30.4800,1543700,GRPN,32.2585,32.1840,33.5524,31.4971,27.3853,27.8435,19.3403,22.7444
2025-08-14,29.3500,30.2600,29.2600,30.0200,936000,GRPN,32.0515,31.9141,33.4906,31.4129,27.5079,27.8733,19.4364,22.8101
2025-08-15,28.5000,29.9000,28.3300,29.5400,1202900,GRPN,31.8550,31.5890,33.4100,31.2987,27.6130,27.8857,19.5276,22.8667
2025-08-18,29.4100,29.4200,28.1200,28.2600,1034900,GRPN,31.6090,31.3815,33.3588,31.2246,27.7247,27.9159,19.6233,22.9318
2025-08-19,27.7800,29.5200,27.7500,29.5200,1223500,GRPN,31.2880,31.0385,33.2556,31.0896,27.8206,27.9132,19.7095,22.9800
2025-08-20,27.5000,27.8900,26.8800,27.6600,1925800,GRPN,30.9510,30.7015,33.1790,30.9488,27.9073,27.9051,19.7928,23.0250
2025-08-21,27.1400,27.4000,26.2500,27.2100,1641700,GRPN,30.6475,30.3623,33.0696,30.7994,27.9905,27.8899,19.8772,23.0660
2025-08-22,26.6900,27.7900,26.6600,27.1400,1754200,GRPN,30.3345,30.0125,32.9502,30.6383,28.0697,27.8661,19.9590,23.1020
2025-08-25,26.1600,26.6600,26.0400,26.5000,752800,GRPN,29.9940,29.6456,32.8268,30.4627,28.1460,27.8324,20.0365,23.1325
2025-08-26,26.2500,26.5700,25.8400,26.1900,767300,GRPN,29.7350,29.3222,32.6740,30.2974,28.2225,27.8010,20.1141,23.1635
2025-08-27,26.2500,26.5100,25.9300,26.2000,668700,GRPN,29.4615,29.0296,32.4910,30.1387,28.3034,27.7703,20.1918,23.1942
2025-08-28,26.3900,27.0500,26.3800,26.4200,1199900,GRPN,29.2390,28.7782,32.2982,29.9917,28.3974,27.7430,20.2692,23.2260
2025-08-29,26.1000,26.5500,25.9900,26.4000,1118000,GRPN,29.0910,28.5232,32.0796,29.8391,28.4904,27.7104,20.3449,23.2546
2025-09-02,25.8400,26.0800,25.4000,25.8600,1001200,GRPN,28.8345,28.2676,31.8676,29.6823,28.5808,27.6734,20.4153,23.2803
2025-09-03,24.4800,25.8700,24.2800,25.8400,990500,GRPN,28.5365,27.9069,31.6186,29.4783,28.6496,27.6102,20.4811,23.2922
2025-09-04,23.3000,24.6600,23.2700,24.5600,1899800,GRPN,28.1680,27.4682,31.3626,29.2360,28.7035,27.5248,20.5563,23.2923
2025-09-05,24.0100,24.0500,22.6500,23.3500,2022900,GRPN,27.5240,27.1388,31.1280,29.0310,28.7531,27.4552,20.6348,23.2995
2025-09-08,22.7500,24.1000,22.5700,24.1000,1968400,GRPN,27.0125,26.7208,30.9048,28.7847,28.7912,27.3620,20.7080,23.2940
2025-09-09,23.0000,23.3100,22.6400,22.8900,1675300,GRPN,26.5790,26.3665,30.6758,28.5579,28.8312,27.2757,20.7794,23.2911
2025-09-10,22.6700,23.0700,22.4000,22.9900,1330100,GRPN,26.1955,26.0144,30.4602,28.3270,28.8683,27.1845,20.8483,23.2849
2025-09-11,23.5100,23.5400,22.4600,22.7200,1185800,GRPN,25.8540,25.7759,30.2446,28.1381,28.9135,27.1117,20.9234,23.2871
2025-09-12,22.8300,23.4300,22.8100,23.2300,1088600,GRPN,25.5280,25.4953,30.0000,27.9299,28.9540,27.0269,20.9915,23.2826
2025-09-15,22.5300,24.1800,22.1200,23.8000,2139700,GRPN,25.2295,25.2129,29.7350,27.7182,28.9948,26.9379,21.0576,23.2751
2025-09-16,22.2800,22.7300,22.1600,22.6500,1230200,GRPN,24.8730,24.9336,29.4464,27.5049,29.0305,26.8456,21.1213,23.2652
2025-09-17,21.9100,22.5400,21.4300,22.1800,1343500,GRPN,24.5795,24.6456,29.1372,27.2855,29.0532,26.7479,21.1852,23.2517
2025-09-18,22.4200,22.7000,21.7700,22.1400,1519700,GRPN,24.3255,24.4337,28.8550,27.0947,29.0785,26.6622,21.2505,23.2434
2025-09-19,22.5200,23.1600,22.2000,22.5500,1887800,GRPN,24.0945,24.2514,28.5966,26.9153,29.1227,26.5802,21.3162,23.2362
2025-09-22,22.7900,22.9300,21.5500,22.3200,1492800,GRPN,23.8995,24.1122,28.3798,26.7535,29.1696,26.5051,21.3824,23.2318
2025-09-23,22.3300,23.1300,22.1100,22.8800,1049800,GRPN,23.7080,23.9425,28.1484,26.5800,29.2108,26.4224,21.4465,23.2228
2025-09-24,22.6600,23.2000,21.9400,22.4700,1745200,GRPN,23.5285,23.8204,27.9466,26.4263,29.2537,26.3479,21.5034,23.2172
2025-09-25,22.5600,22.6700,21.7800,22.3500,1528400,GRPN,23.3440,23.7003,27.7416,26.2747,29.3011,26.2729,21.5582,23.2107
2025-09-26,22.7400,23.5700,22.2200,22.6000,1357800,GRPN,23.1615,23.6089,27.5266,26.1361,29.3607,26.2030,21.6071,23.2060
2025-09-29,23.2500,23.3400,22.2200,22.7200,1921100,GRPN,23.0190,23.5747,27.3430,26.0229,29.4240,26.1445,21.6618,23.2064
2025-09-30,23.3500,23.3800,22.6400,23.0100,1547800,GRPN,22.8945,23.5533,27.1234,25.9181,29.4877,26.0892,21.7162,23.2079
2025-10-01,22.2900,23.4800,22.2900,23.3300,1159400,GRPN,22.7850,23.4330,26.8852,25.7758,29.4685,26.0139,21.7651,23.1987
2025-10-02,22.5000,22.5800,21.6000,22.1600,1087800,GRPN,22.7450,23.3441,26.6504,25.6473,29.4436,25.9443,21.8184,23.1918
2025-10-03,22.9600,23.7300,22.4200,22.6600,1430900,GRPN,22.6925,23.3075,26.4454,25.5419,29.4128,25.8853,21.8758,23.1895
2025-10-06,22.5700,23.9400,22.5400,23.3000,1239900,GRPN,22.6835,23.2373,26.2378,25.4254,29.3740,25.8196,21.9320,23.1833
2025-10-07,22.6900,23.1600,21.9500,22.6400,1253300,GRPN,22.6680,23.1852,26.0322,25.3181,29.3487,25.7576,21.9881,23.1784
2025-10-08,22.1200,22.8000,21.9500,22.7400,1074100,GRPN,22.6405,23.0837,25.8460,25.1927,29.3093,25.6856,22.0446,23.1679
2025-10-09,21.6200,22.1200,21.5100,22.1200,986200,GRPN,22.5460,22.9443,25.6440,25.0526,29.2655,25.6051,22.1010,23.1525
2025-10-10,19.9400,22.0000,19.8700,21.6200,2056200,GRPN,22.4015,22.6582,25.4260,24.8521,29.2001,25.4929,22.1487,23.1205
2025-10-13,21.1800,21.2200,20.1100,20.3600,1248100,GRPN,22.3340,22.5174,25.2684,24.7081,29.1462,25.4075,22.1983,23.1012
2025-10-14,21.4300,22.3000,20.8000,20.9500,1332200,GRPN,22.2915,22.4139,25.0776,24.5796,29.0988,25.3287,22.2450,23.0846
2025-10-15,20.8100,21.4800,20.5100,21.3900,1010100,GRPN,22.2365,22.2611,24.8850,24.4317,29.0402,25.2393,22.2890,23.0619
2025-10-16,20.5300,21.1200,20.2400,21.0300,1030900,GRPN,22.1420,22.0962,24.6822,24.2787,28.9780,25.1460,22.3320,23.0367
2025-10-17,20.2700,21.1000,20.1300,20.2500,1066900,GRPN,22.0295,21.9223,24.3498,24.1215,28.8965,25.0495,22.3729,23.0092
2025-10-20,21.2000,21.8600,20.5300,20.6100,1115600,GRPN,21.9500,21.8535,24.1142,24.0069,28.8194,24.9732,22.4182,22.9912
2025-10-21,21.3900,21.5100,20.8800,21.2700,1039000,GRPN,21.9030,21.8094,23.9086,23.9043,28.7388,24.9023,22.4651,22.9753
2025-10-22,21.3800,21.8100,20.7800,21.0100,1343000,GRPN,21.8390,21.7685,23.7294,23.8053,28.6613,24.8325,22.5117,22.9594
2025-10-23,21.2100,21.5500,20.7000,21.3800,923800,GRPN,21.7715,21.7153,23.5468,23.7036,28.5496,24.7608,22.5563,22.9420
2025-10-24,20.9900,21.7000,20.9000,21.5600,857800,GRPN,21.6840,21.6462,23.3796,23.5971,28.4351,24.6861,22.5978,22.9226
2025-10-27,20.8500,21.5300,20.8200,21.0500,983600,GRPN,21.5640,21.5704,23.2266,23.4894,28.3183,24.6102,22.6410,22.9019
2025-10-28,19.9900,20.8200,19.6000,20.6300,1498500,GRPN,21.3960,21.4199,23.0382,23.3522,28.1985,24.5187,22.6801,22.8730
2025-10-29,20.6400,21.1200,19.9600,19.9600,1542600,GRPN,21.3135,21.3456,22.8954,23.2458,28.0755,24.4419,22.7258,22.8508
2025-10-30,19.6200,20.7700,19.4500,20.7700,1863900,GRPN,21.1695,21.1813,22.7378,23.1036,27.9584,24.3464,22.7690,22.8186
2025-10-31,20.1300,20.3700,19.5000,19.6200,1236800,GRPN,21.0280,21.0811,22.5976,22.9870,27.8336,24.2629,22.8154,22.7919
2025-11-03,21.5500,21.5800,20.0700,20.0700,1938100,GRPN,20.9770,21.1258,22.4948,22.9307,27.7225,24.2092,22.8684,22.7795
2025-11-04,19.0600,21.1300,18.8700,21.1300,2042300,GRPN,20.7955,20.9290,22.3528,22.7789,27.5898,24.1072,22.9105,22.7425
2025-11-05,20.4700,20.6400,19.0100,19.3800,1623800,GRPN,20.7130,20.8853,22.2372,22.6883,27.4556,24.0352,22.9589,22.7199
2025-11-06,18.9000,20.2600,18.7300,20.1700,2341200,GRPN,20.5770,20.6963,22.0902,22.5398,27.2906,23.9335,23.0016,22.6819
2025-11-07,17.9500,19.4000,17.2100,17.7600,3186000,GRPN,20.4775,20.4347,21.9214,22.3598,27.1098,23.8150,23.0386,22.6348
2025-11-10,18.8700,19.4500,17.3100,17.7500,2243000,GRPN,20.3620,20.2857,21.7768,22.2229,26.9282,23.7171,23.0799,22.5973
2025-11-11,18.5600,18.8100,18.0000,18.7100,1200300,GRPN,20.2185,20.1213,21.6312,22.0793,26.7494,23.6150,23.1202,22.5572
2025-11-12,18.9800,19.5700,18.3700,18.5400,1223600,GRPN,20.1270,20.0126,21.5212,21.9577,26.5699,23.5232,23.1619,22.5216
2025-11-13,18.5100,19.4000,18.3600,19.0200,1156800,GRPN,20.0260,19.8695,21.4254,21.8225,26.3940,23.4239,23.2017,22.4816
2025-11-14,18.5400,18.9000,18.2100,18.5000,826700,GRPN,19.9395,19.7429,21.3160,21.6938,26.2220,23.3272,23.2419,22.4424
2025-11-17,17.0500,18.4400,16.8900,18.4300,1440300,GRPN,19.7320,19.4864,21.2020,21.5117,26.0534,23.2029,23.2748,22.3888
2025-11-18,16.9100,17.3000,16.7400,16.8400,727700,GRPN,19.5080,19.2411,21.0802,21.3312,25.8780,23.0783,23.3072,22.3343
2025-11-19,16.0000,17.1500,15.8100,16.8200,1530500,GRPN,19.2390,18.9324,20.9468,21.1222,25.7035,22.9381,23.3306,22.2712
2025-11-20,15.6000,16.6100,15.3400,16.2900,1400800,GRPN,18.9585,18.6150,20.7886,20.9056,25.5166,22.7928,23.3506,22.2048
2025-11-21,16.3200,16.4400,15.4100,15.6600,1444900,GRPN,18.7250,18.3964,20.6584,20.7258,25.3292,22.6646,23.3735,22.1463
2025-11-24,16.0700,16.6000,16.0200,16.4400,1157700,GRPN,18.4860,18.1749,20.5292,20.5432,25.1321,22.5341,23.3951,22.0858
2025-11-25,16.4900,17.0800,16.2300,16.2300,1242000,GRPN,18.3110,18.0144,20.4134,20.3843,24.9299,22.4144,23.4187,22.0301
2025-11-26,16.9500,16.9800,16.3800,16.5200,752900,GRPN,18.1265,17.9130,20.3142,20.2496,24.7257,22.3062,23.4448,21.9796
2025-11-28,16.9100,17.1400,16.7000,16.9500,596000,GRPN,17.9910,17.8175,20.2040,20.1186,24.5295,22.1993,23.4698,21.9292
2025-12-01,17.0400,17.3800,16.4700,16.7100,892500,GRPN,17.8365,17.7435,20.0944,19.9979,24.3455,22.0972,23.4913,21.8805
2025-12-02,17.6800,17.8000,17.0200,17.0700,942300,GRPN,17.6430,17.7374,19.9922,19.9070,24.1860,22.0097,23.5156,21.8387
2025-12-03,17.9100,18.0900,17.4000,17.7800,936000,GRPN,17.5855,17.7539,19.9038,19.8287,24.0261,21.9285,23.5380,21.7996
2025-12-04,18.5200,18.8000,17.6900,17.9000,1204500,GRPN,17.4880,17.8268,19.8210,19.7774,23.8838,21.8610,23.5626,21.7670
2025-12-05,17.7500,18.8800,17.6800,18.5000,713400,GRPN,17.4305,17.8195,19.7248,19.6978,23.7332,21.7796,23.5864,21.7270
2025-12-08,16.5300,17.9300,16.4900,17.9300,909900,GRPN,17.3595,17.6967,19.6006,19.5736,23.5636,21.6756,23.6072,21.6753
2025-12-09,16.6500,17.0100,16.3000,16.4400,1124900,GRPN,17.2485,17.5970,19.4686,19.4590,23.4058,21.5761,23.6308,21.6253
2025-12-10,16.9100,17.4600,16.4000,16.5500,888500,GRPN,17.1660,17.5316,19.3398,19.3590,23.2316,21.4837,23.6563,21.5784
2025-12-11,16.7400,17.0000,16.6400,16.8600,623000,GRPN,17.0540,17.4562,19.2288,19.2563,23.0570,21.3898,23.6817,21.5302
2025-12-12,16.1000,16.8600,15.9900,16.8600,879000,GRPN,16.9335,17.3270,19.1008,19.1325,22.8756,21.2850,23.7073,21.4762
2025-12-15,15.5700,16.0500,15.5200,16.0500,1039300,GRPN,16.7850,17.1597,18.9530,18.9928,22.6992,21.1719,23.7295,21.4174
2025-12-16,15.8700,16.0300,15.5000,15.5000,1419300,GRPN,16.7260,17.0369,18.8190,18.8704,22.5284,21.0669,23.7567,21.3622
2025-12-17,16.2300,16.8000,15.8500,16.0100,1389200,GRPN,16.6920,16.9600,18.6898,18.7668,22.3610,20.9711,23.7866,21.3112
2025-12-18,16.4800,16.7400,16.2500,16.6500,735600,GRPN,16.7160,16.9143,18.5770,18.6771,22.2115,20.8822,23.8157,21.2631
2025-12-19,16.6200,16.7500,16.3200,16.6000,1478100,GRPN,16.7670,16.8863,18.4770,18.5965,22.0605,20.7978,23.8472,21.2169
2025-12-22,17.4600,17.5700,16.6600,16.6600,940600,GRPN,16.8240,16.9409,18.4274,18.5519,21.9267,20.7317,23.8818,21.1795
2025-12-23,18.1500,18.1700,17.4400,17.5500,1286700,GRPN,16.9280,17.0561,18.3668,18.5361,21.8176,20.6806,23.9234,21.1494
2025-12-24,18.1700,18.6800,17.9600,18.2300,926500,GRPN,17.0120,17.1622,18.3016,18.5218,21.6896,20.6308,23.9654,21.1197
2025-12-26,18.0600,18.4800,17.8900,18.1800,915600,GRPN,17.0675,17.2477,18.2466,18.5037,21.5658,20.5799,23.9858,21.0893
2025-12-29,17.5900,18.1000,17.4300,17.8300,1277700,GRPN,17.1015,17.2803,18.1878,18.4678,21.4350,20.5207,23.9994,21.0545
2025-12-30,17.8400,18.1400,17.5100,17.5600,1043100,GRPN,17.1415,17.3336,18.1392,18.4432,21.2445,20.4676,24.0144,21.0225
2025-12-31,17.6100,17.7900,17.4800,17.7100,960400,GRPN,17.1380,17.3599,18.0674,18.4105,21.0908,20.4111,24.0225,20.9885
2026-01-02,17.3100,17.9300,17.0200,17.9300,1090600,GRPN,17.1080,17.3552,17.9858,18.3674,20.9472,20.3497,24.0294,20.9519
2026-01-05,16.7400,17.8600,16.7100,17.4200,1140600,GRPN,17.0190,17.2966,17.8930,18.3036,20.8112,20.2782,24.0292,20.9100
2026-01-06,16.7200,17.0500,16.3000,17.0300,1174700,GRPN,16.9675,17.2417,17.8032,18.2415,20.6750,20.2077,24.0302,20.8683
2026-01-07,16.2700,16.9000,16.1700,16.5600,1121200,GRPN,16.9545,17.1491,17.7088,18.1641,20.5442,20.1297,24.0261,20.8226
2026-01-08,16.6100,16.9700,16.0600,16.1800,990400,GRPN,16.9525,17.0978,17.6240,18.1032,20.4253,20.0600,24.0192,20.7807
2026-01-09,16.4900,17.3000,16.2600,17.1200,917900,GRPN,16.9315,17.0399,17.5540,18.0399,20.2961,19.9893,24.0104,20.7380
2026-01-12,16.1100,16.6500,15.9000,16.4000,1075500,GRPN,16.9000,16.9513,17.4634,17.9643,20.1794,19.9125,24.0000,20.6919
2026-01-13,16.1400,16.2800,15.7200,16.1100,639900,GRPN,16.9020,16.8741,17.3938,17.8927,20.0658,19.8378,23.9866,20.6466
2026-01-14,16.1300,16.3200,15.7400,16.1300,589900,GRPN,16.9300,16.8032,17.3138,17.8236,19.9557,19.7644,23.9731,20.6017
2026-01-15,16.6900,16.8100,15.6400,16.2100,1070900,GRPN,16.9710,16.7924,17.2166,17.7791,19.8557,19.7035,23.9627,20.5628
2026-01-16,16.1600,16.7500,15.7300,16.7000,987900,GRPN,16.9675,16.7322,17.1586,17.7156,19.7557,19.6334,23.9509,20.5189
2026-01-20,16.2300,16.4100,15.7500,15.9800,794800,GRPN,16.9550,16.6844,17.0738,17.6574,19.6555,19.5660,23.9390,20.4763
2026-01-21,16.2000,16.4400,15.9500,16.2300,726700,GRPN,16.9340,16.6382,17.0198,17.6002,19.5550,19.4993,23.9292,20.4337
2026-01-22,16.1800,16.8000,16.1400,16.4300,672400,GRPN,16.8700,16.5946,16.9844,17.5445,19.4529,19.4336,23.9252,20.3914
2026-01-23,16.2000,16.4500,16.0800,16.2000,675600,GRPN,16.7725,16.5570,16.9310,17.4918,19.3539,19.3696,23.9222,20.3497
2026-01-26,16.1400,16.4700,16.1000,16.2200,674400,GRPN,16.6710,16.5173,16.8826,17.4388,19.2569,19.3056,23.9189,20.3078
2026-01-27,15.7800,16.2900,14.9200,16.2400,1704000,GRPN,16.5570,16.4471,16.8186,17.3737,19.1699,19.2358,23.9098,20.2627
2026-01-28,15.4900,16.0200,15.4700,15.8400,1176900,GRPN,16.4520,16.3559,16.7582,17.2999,19.0918,19.1616,23.8977,20.2153
2026-01-29,14.7600,15.5800,14.6900,15.5100,1033400,GRPN,16.2980,16.2039,16.6826,17.2003,18.9993,19.0745,23.8762,20.1610
2026-01-30,14.1500,14.8700,13.9900,14.5400,1383300,GRPN,16.1250,16.0083,16.6246,17.0806,18.9133,18.9769,23.8523,20.1012
2026-02-02,14.4100,14.7200,14.1500,14.1500,824600,GRPN,15.9800,15.8561,16.5746,16.9759,18.8274,18.8865,23.8293,20.0445
2026-02-03,13.5900,14.4500,13.2600,14.2500,1071100,GRPN,15.8225,15.6403,16.5264,16.8431,18.7366,18.7816,23.8025,19.9803
2026-02-04,13.6200,13.6600,12.9700,13.5700,1159100,GRPN,15.6675,15.4479,16.4868,16.7167,18.6377,18.6794,23.7756,19.9170
2026-02-05,12.6000,13.6500,12.4000,13.5400,1030800,GRPN,15.4840,15.1766,16.4124,16.5553,18.5354,18.5590,23.7447,19.8442
2026-02-06,13.2900,13.4100,12.6800,12.7800,1094500,GRPN,15.3180,14.9970,16.3568,16.4272,18.4430,18.4547,23.7189,19.7790
2026-02-09,13.0100,13.4200,12.8400,13.3500,738200,GRPN,15.1440,14.8077,16.2872,16.2932,18.3503,18.3469,23.6904,19.7117
2026-02-10,12.5700,13.1500,12.5200,12.9000,777300,GRPN,14.9670,14.5946,16.1996,16.1472,18.2569,18.2325,23.6551,19.6406
2026-02-11,12.0100,12.6300,11.8700,12.6300,799600,GRPN,14.7605,14.3485,16.1016,15.9850,18.1528,18.1093,23.6157,19.5647
2026-02-12,11.9200,12.4100,11.8900,12.2000,1239100,GRPN,14.5500,14.1172,15.9992,15.8256,18.0468,17.9867,23.5848,19.4886
2026-02-13,12.4800,12.5600,11.9400,12.0500,963900,GRPN,14.3395,13.9613,15.8952,15.6944,17.9437,17.8777,23.5567,19.4189
2026-02-17,12.4000,12.6000,12.0400,12.4900,817300,GRPN,14.1515,13.8126,15.7850,15.5652,17.8444,17.7692,23.5276,19.3490
2026-02-18,13.4900,13.8000,12.3800,12.4900,1489600,GRPN,14.0145,13.7818,15.6844,15.4838,17.7527,17.6845,23.5032,19.2907
2026-02-19,12.9600,13.4900,12.5800,13.4900,1046000,GRPN,13.8525,13.7036,15.5886,15.3848,17.6567,17.5909,23.4789,19.2277
2026-02-20,13.0600,13.5500,12.6500,12.6500,807400,GRPN,13.6965,13.6423,15.5192,15.2937,17.5599,17.5012,23.4603,19.1664
2026-02-23,12.1600,13.0000,11.8500,12.9100,966700,GRPN,13.4945,13.5011,15.4294,15.1708,17.4490,17.3954,23.4365,19.0966
2026-02-24,12.2600,12.3200,11.9500,12.0700,793900,GRPN,13.3005,13.3829,15.3364,15.0566,17.3381,17.2937,23.4129,19.0286
2026-02-25,12.3500,12.5300,12.1400,12.2900,510800,GRPN,13.1290,13.2845,15.2486,14.9505,17.2387,17.1958,23.3536,18.9622
2026-02-26,12.8500,13.0000,12.5100,12.5500,1013300,GRPN,12.9970,13.2432,15.1836,14.8681,17.1422,17.1098,23.2929,18.9013
2026-02-27,12.6200,12.8000,12.4300,12.8000,1139900,GRPN,12.8900,13.1838,15.1246,14.7799,17.0388,17.0209,23.2258,18.8388
2026-03-02,12.4800,12.8100,12.1800,12.1800,898300,GRPN,12.8065,13.1168,15.0568,14.6898,16.9379,16.9309,23.1560,18.7756
2026-03-03,12.2700,12.4900,11.7300,12.1700,679800,GRPN,12.6995,13.0361,14.9776,14.5949,16.8337,16.8387,23.0912,18.7108
2026-03-04,12.4900,12.5800,12.1100,12.3400,866000,GRPN,12.6445,12.9841,14.8978,14.5123,16.7374,16.7525,23.0234,18.6489
2026-03-05,12.3900,13.0900,11.9800,12.4700,1036900,GRPN,12.5830,12.9275,14.8132,14.4291,16.6451,16.6662,22.9553,18.5867
2026-03-06,12.2000,12.4000,11.9700,12.2300,955100,GRPN,12.5630,12.8582,14.7080,14.3417,16.5677,16.5777,22.8839,18.5231
2026-03-09,12.0700,12.2000,11.6300,12.2000,1598000,GRPN,12.5020,12.7832,14.5864,14.2526,16.4766,16.4885,22.8114,18.4589
2026-03-10,11.5800,12.8000,11.3500,12.5300,3109300,GRPN,12.4305,12.6686,14.4546,14.1478,16.3781,16.3913,22.7385,18.3905
2026-03-11,11.0800,12.5900,10.4500,10.9900,3855300,GRPN,12.3560,12.5173,14.3150,14.0275,16.2808,16.2861,22.6605,18.3177
2026-03-12,9.6600,10.8000,9.6300,10.7500,2700400,GRPN,12.2385,12.2452,14.1564,13.8562,16.1721,16.1549,22.5751,18.2316
2026-03-13,9.6400,9.7500,9.1700,9.7100,1756700,GRPN,12.1245,11.9971,13.9924,13.6909,16.0658,16.0259,22.4812,18.1461
2026-03-16,10.2900,10.4900,9.3900,9.5500,2246700,GRPN,12.0150,11.8345,13.8460,13.5575,15.9567,15.9123,22.3881,18.0679
2026-03-17,10.8000,11.6200,10.7000,10.9100,2909900,GRPN,11.9350,11.7360,13.7158,13.4494,15.8508,15.8110,22.2948,17.9956
2026-03-18,10.7300,10.9400,10.5000,10.5000,1533400,GRPN,11.7970,11.6402,13.5956,13.3427,15.7443,15.7104,22.2028,17.9233
2026-03-19,10.9800,11.2700,10.5700,10.5700,1567000,GRPN,11.6980,11.5773,13.4808,13.2501,15.6420,15.6168,22.0958,17.8542
2026-03-20,11.4300,11.6300,10.7800,10.9100,2308700,GRPN,11.6165,11.5633,13.3840,13.1787,15.5464,15.5339,21.9908,17.7903
2026-03-23,11.4500,11.7300,11.2000,11.5100,1720400,GRPN,11.5810,11.5525,13.2808,13.1109,15.4524,15.4530,21.8854,17.7272
2026-03-24,10.6000,11.4100,10.5600,11.2100,1558200,GRPN,11.4980,11.4618,13.1630,13.0124,15.3585,15.3569,21.7785,17.6563
2026-03-25,11.2800,11.4700,10.2700,10.7900,1735300,GRPN,11.4445,11.4444,13.0664,12.9445,15.2649,15.2762,21.6702,17.5928
2026-03-26,11.1400,11.5900,11.1000,11.1900,1361500,GRPN,11.3590,11.4155,12.9664,12.8737,15.1801,15.1943,21.5693,17.5286
2026-03-27,10.4700,11.2100,10.4700,11.1200,1256900,GRPN,11.2515,11.3254,12.8532,12.7795,15.0835,15.1007,21.4586,17.4584
2026-03-30,10.9700,11.2300,10.4100,10.5300,1331900,GRPN,11.1760,11.2916,12.7388,12.7085,14.9777,15.0189,21.3501,17.3938
2026-03-31,11.9000,12.0500,11.0000,11.1100,1596100,GRPN,11.1575,11.3495,12.6536,12.6768,14.9061,14.9571,21.2480,17.3392
2026-04-01,11.1900,12.2700,11.1800,12.0700,1131200,GRPN,11.0925,11.3343,12.5528,12.6185,14.8133,14.8826,21.1345,17.2780
2026-04-02,11.5000,11.6000,10.7600,10.8100,1074100,GRPN,11.0480,11.3501,12.4588,12.5746,14.7393,14.8156,21.0150,17.2205
2026-04-06,12.0600,12.2200,11.5100,11.5800,1105200,GRPN,11.0410,11.4177,12.3764,12.5544,14.6804,14.7610,20.8951,17.1691
2026-04-07,12.0300,12.2800,11.9100,11.9100,1103800,GRPN,11.0390,11.4760,12.2930,12.5339,14.6120,14.7069,20.7701,17.1180
2026-04-08,11.9700,12.9900,11.9000,12.5000,1114000,GRPN,11.0585,11.5231,12.2096,12.5118,14.5461,14.6527,20.6478,17.0668
2026-04-09,11.4700,12.1800,11.3000,11.9700,1175200,GRPN,11.0780,11.5180,12.1234,12.4709,14.4710,14.5897,20.5205,17.0111
2026-04-10,11.8600,11.8800,11.4100,11.5200,1074200,GRPN,11.1880,11.5506,12.0508,12.4470,14.4045,14.5357,20.3993,16.9598
2026-04-13,12.0400,12.2700,11.6800,11.7700,900200,GRPN,11.3080,11.5972,11.9964,12.4310,14.3395,14.4862,20.2808,16.9109
2026-04-14,12.5900,12.6800,12.0800,12.2000,1543000,GRPN,11.4230,11.6917,11.9652,12.4372,14.2949,14.4487,20.1742,16.8679
2026-04-15,12.9200,13.9300,12.6700,12.8200,2004400,GRPN,11.5290,11.8087,11.9354,12.4562,14.2550,14.4184,20.0665,16.8286
2026-04-16,15.5200,15.5500,13.0100,13.2200,3697800,GRPN,11.7685,12.1622,11.9740,12.5763,14.2502,14.4402,19.9769,16.8156
2026-04-17,14.2100,15.8200,14.0000,15.5700,4047400,GRPN,11.9300,12.3572,11.9858,12.6404,14.2363,14.4357,19.8765,16.7897
2026-04-20,14.9500,15.0800,13.9500,14.0400,1770800,GRPN,12.1060,12.6041,12.0328,12.7310,14.2226,14.4459,19.7759,16.7714
2026-04-21,16.6600,18.6900,15.7100,17.4800,8797300,GRPN,12.3665,12.9904,12.1002,12.8850,14.2285,14.4897,19.6803,16.7703
2026-04-22,15.9300,17.8800,15.4800,16.9700,3492600,GRPN,12.6330,13.2704,12.1586,13.0044,14.2229,14.5182,19.5764,16.7619
2026-04-23,14.6200,15.9300,13.3500,15.8800,3363000,GRPN,12.8000,13.3989,12.1996,13.0678,14.1996,14.5202,19.4627,16.7406
2026-04-24,14.6700,15.0100,14.2500,14.8300,1273600,GRPN,12.9765,13.5200,12.2528,13.1306,14.1772,14.5232,19.3534,16.7200
2026-04-27,14.9600,15.4900,14.3000,14.3000,1504700,GRPN,13.2010,13.6571,12.3136,13.2024,14.1564,14.5318,19.2510,16.7025
2026-04-28,14.2900,15.2100,14.2500,14.9100,1282300,GRPN,13.3670,13.7174,12.3498,13.2450,14.1225,14.5271,19.1543,16.6785
2026-04-29,14.2400,14.3500,13.5500,14.2400,1379000,GRPN,13.4840,13.7672,12.3866,13.2840,14.0858,14.5214,19.0560,16.6542
2026-04-30,14.2100,14.5200,13.4500,14.1400,1572300,GRPN,13.6350,13.8093,12.4010,13.3204,14.0427,14.5152,18.9633,16.6299
2026-05-01,14.8900,15.0600,14.2300,14.3400,1400300,GRPN,13.8045,13.9123,12.4396,13.3819,14.0141,14.5226,18.8737,16.6126
2026-05-04,15.5100,16.4900,14.9300,14.9600,2246800,GRPN,13.9770,14.0644,12.4886,13.4654,14.0039,14.5422,18.7838,16.6016
2026-05-05,15.0800,16.1000,15.0500,15.8700,1382200,GRPN,14.1295,14.1611,12.5470,13.5287,13.9882,14.5528,18.6970,16.5865
2026-05-06,15.8500,16.0500,14.9500,15.1900,1597100,GRPN,14.3235,14.3220,12.6188,13.6197,13.9776,14.5785,18.6046,16.5791
2026-05-07,15.4600,16.0800,15.1000,15.6100,2918400,GRPN,14.5230,14.4304,12.6810,13.6919,13.9648,14.5960,18.5109,16.5680
2026-05-08,17.7800,19.0000,15.8600,16.0000,6213000,GRPN,14.8190,14.7494,12.7796,13.8522,13.9816,14.6590,18.4286,16.5800
2026-05-11,16.8700,17.7700,15.7600,17.6900,3211200,GRPN,15.0605,14.9513,12.8646,13.9705,13.9946,14.7028,18.3469,16.5829
2026-05-12,17.4200,17.6100,16.2700,16.6600,1882100,GRPN,15.3020,15.1865,12.9634,14.1058,14.0101,14.7566,18.2693,16.5913
2026-05-13,18.3800,18.9200,16.7800,17.3500,2491800,GRPN,15.5750,15.4906,13.0856,14.2734,14.0316,14.8284,18.1963,16.6091
2026-05-14,17.1600,18.3400,16.9000,18.3400,1793100,GRPN,15.6570,15.6496,13.1790,14.3866,14.0384,14.8745,18.1250,16.6145
2026-05-15,17.4600,17.7900,16.9100,16.9100,1653900,GRPN,15.8195,15.8220,13.2804,14.5072,14.0468,14.9257,18.0537,16.6230
2026-05-18,16.9300,18.5600,16.9200,17.3900,1826900,GRPN,15.9185,15.9275,13.3750,14.6022,14.0415,14.9654,17.9841,16.6260
2026-05-19,17.4100,17.7200,16.5900,17.1800,2001300,GRPN,15.9560,16.0687,13.4818,14.7123,14.0341,15.0138,17.9259,16.6338
2026-05-20,17.3200,17.5300,16.5400,17.3000,1337700,GRPN,16.0255,16.1879,13.5966,14.8145,14.0256,15.0595,17.8576,16.6406
2026-05-21,18.2200,18.4800,16.6400,17.0500,1572400,GRPN,16.2055,16.3814,13.7394,14.9481,14.0272,15.1221,17.7965,16.6564
2026-05-22,18.9300,19.6600,17.9200,18.0900,1694200,GRPN,16.4185,16.6241,13.9248,15.1042,14.0406,15.1975,17.7378,16.6790
2026-05-26,20.6900,21.1700,17.5000,18.9000,4104300,GRPN,16.7050,17.0114,14.1458,15.3233,14.0691,15.3062,17.6568,16.7189
2026-05-27,21.4600,22.3900,20.4000,20.6900,2780900,GRPN,17.0635,17.4350,14.3692,15.5639,14.1076,15.4281,17.5992,16.7661
2026-05-28,21.2000,22.1700,20.7400,21.4200,1630000,GRPN,17.4115,17.7936,14.5772,15.7850,14.1465,15.5424,17.5469,16.8102
2026-05-29,20.2300,21.3700,19.9000,21.3700,1395100,GRPN,17.7125,18.0257,14.7672,15.9593,14.1814,15.6352,17.4963,16.8442
2026-06-01,18.9100,20.5800,18.7900,20.0000,2504200,GRPN,17.9135,18.1099,14.9258,16.0750,14.2033,15.7001,17.4392,16.8648
2026-06-02,18.8000,19.2300,18.4000,18.6300,1253300,GRPN,18.0780,18.1756,15.0732,16.1819,14.2286,15.7615,17.3864,16.8840
2026-06-03,17.3500,18.5900,16.9200,18.5900,1865100,GRPN,18.1915,18.0970,15.1912,16.2277,14.2360,15.7929,17.3307,16.8887
2026-06-04,18.5300,19.1100,17.6100,17.6100,1791500,GRPN,18.3255,18.1382,15.3498,16.3180,14.2564,15.8471,17.2763,16.9050
2026-06-05,16.4600,18.4700,16.3200,18.2500,1725900,GRPN,18.3755,17.9784,15.4534,16.3235,14.2599,15.8592,17.2197,16.9006
2026-06-08,16.1800,17.2900,15.9500,16.8100,1392700,GRPN,18.2955,17.8071,15.5542,16.3179,14.2603,15.8656,17.1631,16.8934
2026-06-09,16.6100,16.7900,15.5900,16.3300,1444200,GRPN,18.2825,17.6931,15.6770,16.3294,14.2651,15.8803,17.1104,16.8906
2026-06-10,16.0900,17.2000,15.8400,16.4700,1482200,GRPN,18.2160,17.5404,15.7794,16.3200,14.2591,15.8845,17.0574,16.8826
2026-06-11,16.8700,16.9500,15.6200,16.2600,1129300,GRPN,18.1405,17.4766,15.8788,16.3415,14.2662,15.9040,17.0110,16.8825
2026-06-12,17.0100,17.8300,16.5200,16.9400,1118800,GRPN,18.1330,17.4321,15.9952,16.3678,14.2740,15.9259,16.9648,16.8837
2026-06-15,17.4500,17.8900,17.3000,17.5300,1028200,GRPN,18.1325,17.4338,16.1142,16.4102,14.2865,15.9561,16.9208,16.8894
2026-06-16,17.2600,18.2000,17.0500,17.4900,1335300,GRPN,18.1490,17.4173,16.2182,16.4435,14.2973,15.9819,16.8751,16.8931
2026-06-17,16.5600,17.8800,16.4500,17.2100,929100,GRPN,18.1065,17.3356,16.3088,16.4481,14.3009,15.9934,16.8274,16.8898
2026-06-18,16.1900,16.8900,15.9900,16.8400,1409000,GRPN,18.0500,17.2265,16.3932,16.4380,14.3014,15.9972,16.7792,16.8828
2026-06-22,16.9000,17.4300,16.0100,16.0400,1495300,GRPN,17.9840,17.1954,16.5018,16.4561,14.3126,16.0151,16.7413,16.8830
2026-06-23,16.7600,17.4300,16.6900,16.8300,990200,GRPN,17.8755,17.1540,16.5998,16.4680,14.3253,16.0299,16.7086,16.8817
2026-06-24,18.3200,18.4300,16.7200,16.7200,1744800,GRPN,17.7570,17.2650,16.7254,16.5406,14.3609,16.0752,16.6801,16.8961
2026-06-25,22.8800,23.0000,18.5800,18.6300,3900100,GRPN,17.8280,17.7998,16.9312,16.7892,14.4482,16.2100,16.6808,16.9556
2026-06-26,22.6000,23.5700,21.0800,22.4100,3596500,GRPN,17.8980,18.2569,17.1248,17.0171,14.5301,16.3365,16.6788,17.0118
2026-06-29,23.6000,24.2800,22.4000,22.6300,2526700,GRPN,18.0665,18.7658,17.2864,17.2753,14.6302,16.4803,16.6834,17.0773
2026-06-30,24.0600,24.7500,22.6100,23.6600,1870700,GRPN,18.3240,19.2700,17.4834,17.5413,14.7346,16.6304,16.6862,17.1468
2026-07-01,25.6800,25.9900,24.0500,24.6100,1803500,GRPN,18.6680,19.8805,17.6980,17.8605,14.8654,16.8096,16.7004,17.2317
2026-07-02,25.5800,25.8000,24.5500,25.8000,1138400,GRPN,19.0795,20.4233,17.8764,18.1632,14.9883,16.9833,16.7157,17.3148
2026-07-06,26.5700,27.0900,25.5800,25.9600,1756337,GRPN,19.4815,21.0087,18.0892,18.4929,15.1239,17.1731,16.7371,17.4069
