Date,Close,High,Low,Open,Volume,Ticker,SMA_20,EMA_20,SMA_50,EMA_50,SMA_100,EMA_100,SMA_200,EMA_200
2021-06-21,11.2000,11.7600,10.8700,11.2000,2151000,HIMS,,11.2000,,11.2000,,11.2000,,11.2000
2021-06-22,10.9000,11.3300,10.7850,11.1100,2397000,HIMS,,11.1714,,11.1882,,11.1941,,11.1970
2021-06-23,11.1200,11.1490,10.7600,10.9000,2410200,HIMS,,11.1665,,11.1856,,11.1926,,11.1962
2021-06-24,10.7500,11.2700,10.7000,11.2300,1664900,HIMS,,11.1269,,11.1685,,11.1838,,11.1918
2021-06-25,10.6500,10.8600,10.4400,10.8200,1401300,HIMS,,11.0814,,11.1481,,11.1733,,11.1864
2021-06-28,10.8900,11.0000,10.6000,10.7400,990000,HIMS,,11.0632,,11.1380,,11.1676,,11.1835
2021-06-29,10.6900,11.0700,10.6850,11.0000,957300,HIMS,,11.0277,,11.1205,,11.1582,,11.1786
2021-06-30,10.8900,11.0000,10.5600,10.9600,1136600,HIMS,,11.0146,,11.1114,,11.1529,,11.1757
2021-07-01,10.9700,11.0600,10.6600,10.9500,1021200,HIMS,,11.0103,,11.1059,,11.1493,,11.1736
2021-07-02,10.3800,11.0300,10.2850,11.0000,1201200,HIMS,,10.9503,,11.0774,,11.1340,,11.1657
2021-07-06,10.5600,10.9000,10.1300,10.3500,1403300,HIMS,,10.9131,,11.0571,,11.1227,,11.1597
2021-07-07,10.7300,10.7600,10.1900,10.6100,1442400,HIMS,,10.8957,,11.0443,,11.1149,,11.1554
2021-07-08,10.3100,10.6800,10.0200,10.6400,1330900,HIMS,,10.8399,,11.0155,,11.0989,,11.1470
2021-07-09,10.1100,10.4400,9.9200,10.3600,1016500,HIMS,,10.7704,,10.9800,,11.0794,,11.1367
2021-07-12,10.5600,10.8440,10.2700,10.3200,1276100,HIMS,,10.7503,,10.9635,,11.0691,,11.1310
2021-07-13,9.9700,10.6400,9.9100,10.5000,1062900,HIMS,,10.6760,,10.9246,,11.0473,,11.1194
2021-07-14,9.2600,10.0300,9.0800,10.0300,1727100,HIMS,,10.5412,,10.8593,,11.0119,,11.1009
2021-07-15,9.7700,9.7750,9.1100,9.2500,1389300,HIMS,,10.4677,,10.8166,,10.9873,,11.0877
2021-07-16,9.1300,9.9600,9.0700,9.7600,1374200,HIMS,,10.3403,,10.7504,,10.9505,,11.0682
2021-07-19,9.5600,9.8300,8.9100,9.0000,1286800,HIMS,10.4200,10.2660,,10.7037,,10.9230,,11.0532
2021-07-20,8.6900,9.4000,8.6000,9.3300,6229400,HIMS,10.2945,10.1159,,10.6248,,10.8788,,11.0297
2021-07-21,8.8400,9.0500,8.6600,8.8000,2074200,HIMS,10.1915,9.9944,,10.5548,,10.8384,,11.0079
2021-07-22,8.4900,8.8500,7.9600,8.8400,5408200,HIMS,10.0600,9.8511,,10.4738,,10.7919,,10.9828
2021-07-23,8.6000,8.8700,8.1900,8.2800,2059100,HIMS,9.9525,9.7320,,10.4003,,10.7485,,10.9591
2021-07-26,8.1900,8.6970,8.1200,8.4800,1785100,HIMS,9.8295,9.5851,,10.3136,,10.6979,,10.9316
2021-07-27,8.2000,8.3200,7.9700,8.2100,1722500,HIMS,9.6950,9.4532,,10.2308,,10.6484,,10.9044
2021-07-28,8.3400,8.4300,8.0400,8.1800,1449800,HIMS,9.5775,9.3472,,10.1566,,10.6027,,10.8789
2021-07-29,7.9300,8.4500,7.8100,8.4400,3336300,HIMS,9.4295,9.2122,,10.0693,,10.5498,,10.8495
2021-07-30,7.9100,8.1690,7.7700,7.9000,2448500,HIMS,9.2765,9.0882,,9.9846,,10.4975,,10.8203
2021-08-02,8.0700,8.4100,7.9900,8.0000,3021500,HIMS,9.1610,8.9912,,9.9095,,10.4494,,10.7929
2021-08-03,8.1700,8.5300,8.0200,8.1700,3063800,HIMS,9.0415,8.9130,,9.8413,,10.4043,,10.7668
2021-08-04,8.1100,8.3210,7.8800,8.0900,2589800,HIMS,8.9105,8.8365,,9.7734,,10.3588,,10.7404
2021-08-05,8.1100,8.3900,7.6500,7.9900,3746500,HIMS,8.8005,8.7673,,9.7082,,10.3143,,10.7142
2021-08-06,8.1500,8.4500,8.0450,8.2300,2349300,HIMS,8.7025,8.7085,,9.6471,,10.2715,,10.6887
2021-08-09,8.2300,8.2500,7.7700,8.1700,2352200,HIMS,8.5860,8.6630,,9.5915,,10.2310,,10.6642
2021-08-10,7.8400,8.4400,7.7700,8.2500,2162500,HIMS,8.4795,8.5846,,9.5228,,10.1837,,10.6361
2021-08-11,7.5700,7.8900,7.2400,7.8900,5109900,HIMS,8.3950,8.4880,,9.4462,,10.1319,,10.6056
2021-08-12,8.3900,9.0800,8.0400,8.6800,9771300,HIMS,8.3260,8.4786,,9.4048,,10.0974,,10.5836
2021-08-13,8.3700,9.1000,8.3350,8.6400,3960200,HIMS,8.2880,8.4683,,9.3642,,10.0632,,10.5615
2021-08-16,7.4700,8.3700,7.4600,8.3700,4625000,HIMS,8.1835,8.3732,,9.2900,,10.0119,,10.5308
2021-08-17,6.9100,7.4900,6.7500,7.4300,5458800,HIMS,8.0945,8.2339,,9.1966,,9.9505,,10.4948
2021-08-18,7.3700,7.5900,6.7900,6.9100,2537400,HIMS,8.0210,8.1516,,9.1250,,9.8994,,10.4637
2021-08-19,6.8100,7.2900,6.8100,7.1600,2002400,HIMS,7.9370,8.0238,,9.0342,,9.8382,,10.4273
2021-08-20,7.1100,7.2800,6.7100,6.8100,1953300,HIMS,7.8625,7.9368,,8.9587,,9.7842,,10.3943
2021-08-23,7.2800,7.3100,7.1000,7.1500,2735600,HIMS,7.8170,7.8742,,8.8929,,9.7346,,10.3633
2021-08-24,7.7300,7.7600,7.2490,7.3400,1995700,HIMS,7.7935,7.8605,,8.8473,,9.6949,,10.3371
2021-08-25,7.5100,7.7700,7.3800,7.7200,1909400,HIMS,7.7520,7.8271,,8.7949,,9.6516,,10.3090
2021-08-26,7.4800,7.7700,7.4100,7.4500,1512900,HIMS,7.7295,7.7941,,8.7433,,9.6086,,10.2808
2021-08-27,7.7300,8.0000,7.4700,7.5700,1645100,HIMS,7.7205,7.7880,,8.7036,,9.5714,,10.2555
2021-08-30,8.0000,8.3200,7.8300,7.9000,4339900,HIMS,7.7170,7.8082,8.9200,8.6760,,9.5403,,10.2330
2021-08-31,7.8800,8.2100,7.5700,8.1000,2877500,HIMS,7.7025,7.8150,8.8536,8.6448,,9.5074,,10.2096
2021-09-01,8.1200,8.3650,7.6950,7.9000,2998600,HIMS,7.7030,7.8440,8.7980,8.6242,,9.4799,,10.1888
2021-09-02,8.3400,8.3950,8.0600,8.1800,2091200,HIMS,7.7145,7.8913,8.7424,8.6130,,9.4574,,10.1704
2021-09-03,8.2100,8.3200,8.0300,8.2800,1212100,HIMS,7.7175,7.9216,8.6916,8.5972,,9.4327,,10.1509
2021-09-07,8.6000,8.8300,8.1900,8.2000,5381300,HIMS,7.7360,7.9862,8.6506,8.5973,,9.4162,,10.1355
2021-09-08,8.5300,8.8490,8.1000,8.7700,2756800,HIMS,7.7705,8.0380,8.6034,8.5947,,9.3986,,10.1195
2021-09-09,9.0600,9.0790,8.3900,8.3900,2388400,HIMS,7.8450,8.1354,8.5708,8.6129,,9.3919,,10.1090
2021-09-10,8.7100,9.2400,8.5800,9.0800,2465800,HIMS,7.8610,8.1901,8.5272,8.6168,,9.3784,,10.0950
2021-09-13,8.8700,9.1050,8.5400,8.7400,2091900,HIMS,7.8860,8.2548,8.4852,8.6267,,9.3684,,10.0828
2021-09-14,8.6600,9.3500,8.5700,9.0000,1997800,HIMS,7.9455,8.2934,8.4508,8.6280,,9.3543,,10.0687
2021-09-15,8.6600,8.9090,8.3800,8.6600,2127200,HIMS,8.0330,8.3283,8.4128,8.6292,,9.3406,,10.0547
2021-09-16,8.6100,8.8900,8.5150,8.6000,2158300,HIMS,8.0950,8.3552,8.3704,8.6285,,9.3261,,10.0403
2021-09-17,8.7300,8.7800,8.2000,8.6500,5167000,HIMS,8.1910,8.3909,8.3388,8.6325,,9.3143,,10.0273
2021-09-20,8.0500,8.7200,7.9600,8.3200,3055800,HIMS,8.2380,8.3584,8.2976,8.6096,,9.2893,,10.0076
2021-09-21,8.2600,8.3380,8.0700,8.1100,1794900,HIMS,8.2870,8.3490,8.2516,8.5959,,9.2689,,9.9902
2021-09-22,8.2400,8.3300,8.1230,8.2900,1146800,HIMS,8.3125,8.3386,8.2170,8.5820,,9.2485,,9.9728
2021-09-23,8.2400,8.3750,7.9900,8.3200,1892200,HIMS,8.3490,8.3292,8.1966,8.5686,,9.2285,,9.9555
2021-09-24,8.1000,8.3100,8.0200,8.1400,1369500,HIMS,8.3800,8.3074,8.1632,8.5502,,9.2062,,9.9371
2021-09-27,8.3600,8.4700,7.9320,8.0800,1831700,HIMS,8.4115,8.3124,8.1478,8.5427,,9.1894,,9.9214
2021-09-28,7.8200,8.3000,7.7150,8.2500,2321700,HIMS,8.4025,8.2655,8.1130,8.5144,,9.1623,,9.9005
2021-09-29,7.5300,7.9700,7.4200,7.8200,2178900,HIMS,8.3850,8.1955,8.0898,8.4758,,9.1300,,9.8769
2021-09-30,7.5400,7.8300,7.4850,7.6100,2330400,HIMS,8.3560,8.1330,8.0638,8.4391,,9.0985,,9.8536
2021-10-01,7.3000,7.6400,7.2700,7.5500,2766800,HIMS,8.3040,8.0537,8.0400,8.3944,,9.0629,,9.8282
2021-10-04,7.2400,7.4500,7.1900,7.3000,1685700,HIMS,8.2555,7.9762,8.0128,8.3491,,9.0268,,9.8025
2021-10-05,7.3400,7.5900,7.2800,7.3200,1527900,HIMS,8.1925,7.9156,7.9958,8.3096,,8.9934,,9.7780
2021-10-06,7.3600,7.4400,7.1800,7.2100,1050500,HIMS,8.1340,7.8627,7.9790,8.2723,,8.9611,,9.7539
2021-10-07,7.4400,7.6700,7.3900,7.5000,1044900,HIMS,8.0530,7.8224,7.9610,8.2397,,8.9309,,9.7309
2021-10-08,7.3800,7.6600,7.2900,7.5000,1311400,HIMS,7.9865,7.7803,7.9500,8.2060,,8.9002,,9.7075
2021-10-11,7.4800,7.9900,7.4400,7.8900,2416900,HIMS,7.9170,7.7517,7.9414,8.1775,,8.8721,,9.6853
2021-10-12,7.9500,8.0300,7.4200,7.4400,2357900,HIMS,7.8815,7.7706,7.9390,8.1686,,8.8538,,9.6681
2021-10-13,8.3500,8.5000,8.0300,8.4940,2629800,HIMS,7.8660,7.8258,7.9426,8.1757,,8.8439,,9.6549
2021-10-14,8.4600,8.7900,8.3850,8.4900,1680600,HIMS,7.8585,7.8862,7.9496,8.1868,,8.8363,,9.6431
2021-10-15,8.3600,8.6700,8.2900,8.4600,1287800,HIMS,7.8400,7.9313,7.9546,8.1936,,8.8268,,9.6303
2021-10-18,7.9600,8.2900,7.9000,8.1700,1574500,HIMS,7.8355,7.9340,7.9508,8.1845,,8.8097,,9.6137
2021-10-19,8.2600,8.3900,8.1000,8.1200,1164800,HIMS,7.8355,7.9651,7.9514,8.1874,,8.7988,,9.6002
2021-10-20,8.3000,8.3400,8.1100,8.3000,1158600,HIMS,7.8385,7.9970,7.9606,8.1918,,8.7889,,9.5873
2021-10-21,8.4600,8.5120,8.2600,8.2600,634600,HIMS,7.8495,8.0411,7.9784,8.2024,,8.7824,,9.5760
2021-10-22,7.5900,8.3300,7.5200,8.2900,3773900,HIMS,7.8240,7.9981,7.9624,8.1783,,8.7588,,9.5563
2021-10-25,7.9400,8.2700,7.6800,7.8700,2404700,HIMS,7.8030,7.9926,7.9538,8.1690,,8.7426,,9.5402
2021-10-26,7.7700,8.1100,7.7400,7.9800,2243600,HIMS,7.8005,7.9714,7.9598,8.1534,,8.7233,,9.5226
2021-10-27,7.4400,7.9150,7.3900,7.8900,1796700,HIMS,7.7960,7.9208,7.9704,8.1254,,8.6979,,9.5019
2021-10-28,7.9100,7.9600,7.4100,7.4700,1563200,HIMS,7.8145,7.9197,7.9812,8.1169,,8.6823,,9.4860
2021-10-29,7.8000,7.9300,7.6600,7.8600,1122300,HIMS,7.8395,7.9083,8.0010,8.1045,,8.6648,,9.4693
2021-11-01,8.2100,8.2650,7.8200,7.8200,1575100,HIMS,7.8880,7.9371,8.0230,8.1086,,8.6558,,9.4567
2021-11-02,8.1300,8.3600,7.8400,8.2600,1443500,HIMS,7.9275,7.9554,8.0400,8.1095,,8.6454,,9.4435
2021-11-03,8.2600,8.2700,7.8850,8.1200,1994000,HIMS,7.9725,7.9845,8.0506,8.1154,,8.6378,,9.4317
2021-11-04,8.3400,9.1900,8.2100,8.8600,6584000,HIMS,8.0175,8.0183,8.0672,8.1242,,8.6319,,9.4209
2021-11-05,8.3300,8.7100,8.1600,8.3200,2206600,HIMS,8.0650,8.0480,8.0842,8.1323,,8.6259,,9.4100
2021-11-08,8.4500,8.5000,8.2500,8.3400,1297000,HIMS,8.1135,8.0863,8.0986,8.1447,,8.6224,,9.4005
2021-11-09,8.2800,8.6300,8.1000,8.6000,1806400,HIMS,8.1300,8.1047,8.1042,8.1500,8.5121,8.6156,,9.3893
2021-11-10,8.0200,8.3500,7.8700,8.2000,2434200,HIMS,8.1135,8.0967,8.1070,8.1449,8.4803,8.6038,,9.3757
2021-11-11,7.7000,8.6200,7.5350,8.5500,6690100,HIMS,8.0755,8.0589,8.0986,8.1275,8.4483,8.5859,,9.3590
2021-11-12,7.4000,7.8500,7.3300,7.7400,5697800,HIMS,8.0275,7.9961,8.0798,8.0990,8.4111,8.5625,,9.3395
2021-11-15,8.1700,8.2050,7.5200,7.5800,5737600,HIMS,8.0380,8.0127,8.0790,8.1017,8.3853,8.5547,,9.3279
2021-11-16,8.1900,8.2700,7.8800,8.0900,2589300,HIMS,8.0345,8.0296,8.0708,8.1052,8.3607,8.5475,,9.3166
2021-11-17,8.1200,8.5600,8.0900,8.2300,3277500,HIMS,8.0255,8.0382,8.0626,8.1058,8.3330,8.5390,,9.3047
2021-11-18,7.4100,8.1100,7.3600,8.1100,4187800,HIMS,7.9730,7.9784,8.0296,8.0785,8.3002,8.5166,,9.2858
2021-11-19,7.3100,7.6000,7.2000,7.3600,2573700,HIMS,7.9590,7.9147,8.0016,8.0484,8.2644,8.4928,,9.2662
2021-11-22,7.1500,7.4000,6.7700,7.3700,4468000,HIMS,7.9195,7.8419,7.9672,8.0131,8.2262,8.4662,,9.2451
2021-11-23,6.7000,7.0400,6.6200,7.0000,3418800,HIMS,7.8660,7.7331,7.9280,7.9616,8.1894,8.4312,,9.2198
2021-11-24,6.8500,7.0400,6.5800,6.6500,1610800,HIMS,7.8365,7.6490,7.8918,7.9180,8.1523,8.3999,,9.1962
2021-11-26,6.8800,7.0000,6.7400,6.7600,1327700,HIMS,7.7850,7.5758,7.8572,7.8773,8.1138,8.3698,,9.1731
2021-11-29,6.8000,7.0400,6.5700,6.9900,3543800,HIMS,7.7350,7.5019,7.8186,7.8351,8.0787,8.3387,,9.1495
2021-11-30,6.5500,6.8500,6.3300,6.8100,4051200,HIMS,7.6520,7.4112,7.7886,7.7847,8.0431,8.3033,,9.1237
2021-12-01,6.1500,6.8150,6.1100,6.6000,3549000,HIMS,7.5530,7.2911,7.7464,7.7206,7.9990,8.2606,,9.0941
2021-12-02,6.0300,6.0750,5.5900,6.0600,3849400,HIMS,7.4415,7.1710,7.7022,7.6543,7.9596,8.2165,,9.0636
2021-12-03,5.8800,6.1900,5.7200,6.0900,3023900,HIMS,7.3185,7.0481,7.6550,7.5847,7.9258,8.1702,,9.0319
2021-12-06,6.0200,6.1250,5.5200,5.7800,2545000,HIMS,7.2030,6.9502,7.6134,7.5233,7.8883,8.1276,,9.0019
2021-12-07,6.3900,6.5350,6.1800,6.1800,1822800,HIMS,7.1000,6.8968,7.5740,7.4789,7.8609,8.0932,,8.9760
2021-12-08,6.5500,6.7100,6.2200,6.3400,1705200,HIMS,7.0135,6.8638,7.5486,7.4425,7.8308,8.0627,,8.9518
2021-12-09,6.2700,6.5800,6.2400,6.4500,1291600,HIMS,6.9260,6.8072,7.5234,7.3965,7.8066,8.0272,,8.9251
2021-12-10,6.1000,6.3920,6.0450,6.2900,1635000,HIMS,6.8460,6.7399,7.4946,7.3456,7.7792,7.9890,,8.8970
2021-12-13,5.8900,6.2300,5.7800,6.1100,3493600,HIMS,6.7705,6.6589,7.4664,7.2886,7.7532,7.9474,,8.8671
2021-12-14,5.5000,5.9800,5.4700,5.8000,4886800,HIMS,6.6370,6.5486,7.4316,7.2184,7.7222,7.8990,,8.8336
2021-12-15,6.3500,6.4150,5.5200,5.5500,3659200,HIMS,6.5450,6.5296,7.4118,7.1844,7.7038,7.8683,,8.8089
2021-12-16,6.1300,6.6500,6.0300,6.5000,2101100,HIMS,6.4455,6.4916,7.3872,7.1430,7.6831,7.8339,,8.7822
2021-12-17,6.4400,6.5100,5.9200,6.0100,2698300,HIMS,6.3970,6.4867,7.3672,7.1155,7.6641,7.8063,,8.7589
2021-12-20,6.1900,6.3100,6.0700,6.2400,1932600,HIMS,6.3410,6.4584,7.3434,7.0792,7.6467,7.7743,,8.7334
2021-12-21,6.4400,6.4750,6.1900,6.2500,1781000,HIMS,6.3055,6.4567,7.3226,7.0541,7.6320,7.7478,,8.7105
2021-12-22,6.4800,6.5500,6.3000,6.3800,1482500,HIMS,6.2945,6.4589,7.2932,7.0316,7.6161,7.7227,,8.6883
2021-12-23,6.6500,6.7600,6.4320,6.4600,2126500,HIMS,6.2845,6.4771,7.2592,7.0166,7.6009,7.7015,,8.6681
2021-12-27,6.5900,6.7000,6.4300,6.7000,1771000,HIMS,6.2700,6.4878,7.2218,6.9999,7.5857,7.6795,,8.6474
2021-12-28,6.4200,6.8000,6.3500,6.6100,1805900,HIMS,6.2510,6.4814,7.1830,6.9771,7.5688,7.6545,,8.6252
2021-12-29,6.0800,6.4100,5.9700,6.3700,1647700,HIMS,6.2275,6.4432,7.1454,6.9420,7.5481,7.6234,,8.5999
2021-12-30,6.3800,6.6200,6.0200,6.1200,2239100,HIMS,6.2390,6.4371,7.1078,6.9199,7.5296,7.5987,,8.5778
2021-12-31,6.5500,6.6700,6.3200,6.3200,1871700,HIMS,6.2650,6.4479,7.0728,6.9054,7.5167,7.5780,,8.5576
2022-01-03,6.7500,6.8000,6.5400,6.5800,1615200,HIMS,6.3085,6.4767,7.0386,6.8993,7.5085,7.5616,,8.5396
2022-01-04,6.5000,6.8900,6.3800,6.8000,1796600,HIMS,6.3325,6.4789,7.0168,6.8837,7.4896,7.5406,,8.5194
2022-01-05,5.8800,6.4900,5.8500,6.3800,2813100,HIMS,6.3070,6.4218,6.9756,6.8443,7.4647,7.5077,,8.4931
2022-01-06,5.7300,5.9700,5.6000,5.9100,2617700,HIMS,6.2660,6.3560,6.9348,6.8006,7.4473,7.4725,,8.4656
2022-01-07,5.7400,5.8900,5.6700,5.7100,1628400,HIMS,6.2395,6.2973,6.9008,6.7590,7.4356,7.4382,,8.4385
2022-01-10,5.5800,5.6150,5.2500,5.6150,2581200,HIMS,6.2135,6.2290,6.8542,6.7128,7.4177,7.4014,,8.4100
2022-01-11,5.7700,5.8400,5.5400,5.5800,1715300,HIMS,6.2075,6.1853,6.8136,6.6758,7.4073,7.3691,,8.3838
2022-01-12,5.5800,5.9100,5.5500,5.7500,1356600,HIMS,6.2115,6.1276,6.7610,6.6328,7.3920,7.3336,,8.3559
2022-01-13,5.2500,5.6500,5.2200,5.6400,1710600,HIMS,6.1565,6.0440,6.7034,6.5786,7.3717,7.2924,,8.3250
2022-01-14,5.2900,5.3180,5.1000,5.1500,1759900,HIMS,6.1145,5.9722,6.6440,6.5281,7.3473,7.2527,,8.2948
2022-01-18,4.9800,5.2350,4.9500,5.1300,1917500,HIMS,6.0415,5.8777,6.5768,6.4674,7.3220,7.2077,,8.2618
2022-01-19,4.8500,5.1000,4.8200,5.0000,1835700,HIMS,5.9745,5.7798,6.5072,6.4039,7.2957,7.1610,,8.2278
2022-01-20,4.8200,5.2200,4.8200,4.9500,2680200,HIMS,5.8935,5.6884,6.4346,6.3418,7.2666,7.1147,,8.1939
2022-01-21,4.7900,4.9300,4.6800,4.7100,3118600,HIMS,5.8090,5.6029,6.3648,6.2810,7.2345,7.0686,,8.1601
2022-01-24,4.6300,4.6800,4.0700,4.5800,5276500,HIMS,5.7080,5.5102,6.2970,6.2162,7.2020,7.0204,,8.1249
2022-01-25,4.6400,4.7600,4.4300,4.4300,2095100,HIMS,5.6105,5.4273,6.2358,6.1544,7.1672,6.9732,,8.0903
2022-01-26,4.4700,5.0000,4.4100,4.8900,2892900,HIMS,5.5130,5.3362,6.1772,6.0884,7.1285,6.9237,,8.0542
2022-01-27,4.1900,4.6100,4.1500,4.4700,1973500,HIMS,5.4185,5.2270,6.0976,6.0139,7.0883,6.8695,,8.0158
2022-01-28,4.3200,4.3200,4.0700,4.1700,2132300,HIMS,5.3155,5.1406,6.0202,5.9475,7.0455,6.8190,,7.9790
2022-01-31,4.8800,4.9200,4.3100,4.3100,2470600,HIMS,5.2320,5.1158,5.9554,5.9056,7.0090,6.7806,,7.9482
2022-02-01,4.8900,4.9600,4.6300,4.9400,3829200,HIMS,5.1390,5.0943,5.9050,5.8658,6.9673,6.7432,,7.9177
2022-02-02,4.7300,4.9700,4.5500,4.9400,2045800,HIMS,5.0505,5.0596,5.8534,5.8213,6.9275,6.7033,,7.8860
2022-02-03,4.4300,4.6100,4.3400,4.5900,2008100,HIMS,4.9780,4.9996,5.7990,5.7667,6.8831,6.6583,,7.8516
2022-02-04,4.4400,4.4600,4.2400,4.4100,2322100,HIMS,4.9135,4.9463,5.7538,5.7147,6.8409,6.6144,,7.8177
2022-02-07,4.6600,4.7990,4.4100,4.4100,1580800,HIMS,4.8595,4.9191,5.7100,5.6733,6.8009,6.5757,,7.7863
2022-02-08,4.6600,4.6750,4.4050,4.5700,1828100,HIMS,4.8135,4.8944,5.6656,5.6336,6.7614,6.5378,,7.7552
2022-02-09,4.9500,5.0000,4.7000,4.7500,1677400,HIMS,4.7725,4.8997,5.6286,5.6068,6.7236,6.5063,,7.7272
2022-02-10,4.9100,5.2000,4.7100,4.8000,2303300,HIMS,4.7390,4.9007,5.5958,5.5794,6.6922,6.4747,,7.6992
2022-02-11,4.7200,5.0200,4.6400,4.9100,1416400,HIMS,4.7125,4.8835,5.5672,5.5457,6.6568,6.4400,,7.6696
2022-02-14,4.5500,4.8600,4.5100,4.7300,1362000,HIMS,4.6755,4.8517,5.5376,5.5067,6.6199,6.4025,,7.6385
2022-02-15,4.8700,4.9250,4.7150,4.7200,1646400,HIMS,4.6700,4.8535,5.5174,5.4817,6.5862,6.3722,,7.6110
2022-02-16,4.7900,4.8500,4.6800,4.8100,1054000,HIMS,4.6670,4.8474,5.4928,5.4546,6.5531,6.3409,,7.5829
2022-02-17,4.4700,4.8460,4.4300,4.8200,1556200,HIMS,4.6495,4.8115,5.4544,5.4160,6.5142,6.3038,,7.5519
2022-02-18,4.4000,4.4900,4.3000,4.4700,2143400,HIMS,4.6300,4.7723,5.4114,5.3761,6.4800,6.2661,,7.5206
2022-02-22,4.2000,4.5200,4.1500,4.2800,5686500,HIMS,4.6085,4.7178,5.3700,5.3300,6.4467,6.2252,,7.4875
2022-02-23,4.7500,5.2450,4.6100,4.6400,8142100,HIMS,4.6140,4.7208,5.3430,5.3073,6.4188,6.1960,,7.4603
2022-02-24,5.0100,5.0600,4.4200,4.4500,3983500,HIMS,4.6410,4.7484,5.3254,5.2956,6.3959,6.1725,,7.4359
2022-02-25,5.3000,5.3200,4.9600,5.0700,3058900,HIMS,4.6965,4.8009,5.3214,5.2958,6.3765,6.1552,,7.4147
2022-02-28,5.2200,5.3700,5.0500,5.2400,2135800,HIMS,4.7415,4.8408,5.2988,5.2928,6.3553,6.1367,,7.3928
2022-03-01,5.0500,5.4350,5.0200,5.1800,2011400,HIMS,4.7500,4.8608,5.2772,5.2833,6.3322,6.1152,,7.3695
2022-03-02,5.2100,5.3100,4.9100,5.0400,2062500,HIMS,4.7660,4.8940,5.2526,5.2804,6.3099,6.0973,,7.3480
2022-03-03,4.8900,5.2150,4.8400,5.1500,1837900,HIMS,4.7740,4.8936,5.2266,5.2651,6.2850,6.0734,,7.3236
2022-03-04,4.6000,4.8390,4.5100,4.8100,2198100,HIMS,4.7825,4.8657,5.1898,5.2390,6.2562,6.0442,,7.2965
2022-03-07,4.3300,4.7700,4.2850,4.5900,3691700,HIMS,4.7770,4.8146,5.1468,5.2034,6.2200,6.0102,,7.2670
2022-03-08,4.2900,4.5200,4.1150,4.3000,4235000,HIMS,4.7585,4.7647,5.0996,5.1676,6.1794,5.9762,,7.2373
2022-03-09,4.7200,4.7950,4.4100,4.4300,2159300,HIMS,4.7615,4.7604,5.0622,5.1500,6.1420,5.9513,,7.2123
2022-03-10,4.5400,4.6450,4.4400,4.5600,1908400,HIMS,4.7410,4.7394,5.0246,5.1261,6.1038,5.9234,,7.1857
2022-03-11,4.4700,4.5700,4.2400,4.5600,2643000,HIMS,4.7190,4.7138,4.9924,5.1004,6.0689,5.8946,,7.1587
2022-03-14,3.9000,4.4800,3.8600,4.4800,4155000,HIMS,4.6780,4.6363,4.9428,5.0533,6.0253,5.8551,,7.1262
2022-03-15,4.3400,4.3400,3.9220,3.9800,2740300,HIMS,4.6675,4.6081,4.8986,5.0253,5.9857,5.8251,,7.0985
2022-03-16,4.5600,4.5700,4.3150,4.4000,2799700,HIMS,4.6520,4.6035,4.8548,5.0071,5.9467,5.8000,,7.0733
2022-03-17,4.9500,4.9500,4.4400,4.5000,2320200,HIMS,4.6600,4.6365,4.8238,5.0048,5.9203,5.7832,,7.0521
2022-03-18,5.1000,5.1800,4.8500,4.8800,2857200,HIMS,4.6915,4.6806,4.8082,5.0086,5.8919,5.7697,,7.0327
2022-03-21,5.0100,5.1380,4.9100,5.0400,2524700,HIMS,4.7220,4.7120,4.7938,5.0086,5.8643,5.7546,,7.0126
2022-03-22,5.2600,5.3000,5.0200,5.0500,3373600,HIMS,4.7750,4.7642,4.7842,5.0185,5.8425,5.7448,,6.9951
2022-03-23,5.2800,5.4200,5.0800,5.1800,1935700,HIMS,4.8015,4.8133,4.7782,5.0287,5.8162,5.7356,,6.9781
2022-03-24,5.2700,5.3000,5.1050,5.2900,1259100,HIMS,4.8145,4.8568,4.7682,5.0382,5.7909,5.7264,,6.9611
2022-03-25,5.1700,5.2500,5.0900,5.2400,983400,HIMS,4.8080,4.8866,4.7600,5.0434,5.7605,5.7154,,6.9433
2022-03-28,5.1600,5.2700,4.9850,5.2000,1677100,HIMS,4.8050,4.9127,4.7582,5.0479,5.7308,5.7044,,6.9255
2022-03-29,5.3500,5.4800,5.2400,5.2400,2130600,HIMS,4.8200,4.9543,4.7594,5.0598,5.7017,5.6974,,6.9098
2022-03-30,5.3200,5.5100,5.2800,5.3300,930100,HIMS,4.8255,4.9891,4.7662,5.0700,5.6715,5.6899,,6.8940
2022-03-31,5.3300,5.4150,5.2650,5.3400,1585700,HIMS,4.8475,5.0216,4.7758,5.0802,5.6415,5.6828,,6.8785
2022-04-01,5.3000,5.4300,5.1350,5.4100,1841500,HIMS,4.8825,5.0481,4.7854,5.0888,5.6100,5.6752,,6.8628
2022-04-04,5.5100,5.5500,5.3100,5.3400,1793400,HIMS,4.9415,5.0921,4.7998,5.1053,5.5823,5.6719,7.0472,6.8493
2022-04-05,5.1900,5.5300,5.1300,5.5100,1629500,HIMS,4.9865,5.1014,4.8110,5.1086,5.5540,5.6624,7.0172,6.8328
2022-04-06,5.0500,5.1390,4.8500,5.0600,2204900,HIMS,5.0030,5.0965,4.8192,5.1063,5.5275,5.6502,6.9879,6.8150
2022-04-07,5.0100,5.0950,4.8600,5.0700,1591200,HIMS,5.0265,5.0883,4.8300,5.1026,5.5036,5.6376,6.9574,6.7971
2022-04-08,4.7800,4.9500,4.7800,4.9500,1466500,HIMS,5.0420,5.0589,4.8418,5.0899,5.4697,5.6206,6.9275,6.7770
2022-04-11,4.7700,4.9100,4.6500,4.7100,1689500,HIMS,5.0855,5.0314,4.8508,5.0774,5.4355,5.6037,6.8981,6.7570
2022-04-12,4.8900,5.1520,4.8350,4.9200,1937600,HIMS,5.1130,5.0179,4.8510,5.0700,5.4032,5.5896,6.8681,6.7385
2022-04-13,5.0200,5.1700,4.8200,4.9100,1703400,HIMS,5.1360,5.0181,4.8536,5.0681,5.3793,5.5783,6.8398,6.7214
2022-04-14,5.0600,5.2700,5.0100,5.1400,2309100,HIMS,5.1415,5.0221,4.8602,5.0677,5.3568,5.5681,6.8106,6.7048
2022-04-18,4.8300,5.0500,4.7800,5.0500,2259300,HIMS,5.1280,5.0038,4.8682,5.0584,5.3336,5.5535,6.7799,6.6862
2022-04-19,5.1000,5.1200,4.7800,4.7800,1652900,HIMS,5.1325,5.0130,4.8814,5.0600,5.3176,5.5445,6.7535,6.6704
2022-04-20,4.9100,5.0800,4.8900,5.0200,1489900,HIMS,5.1150,5.0032,4.8864,5.0542,5.2982,5.5319,6.7253,6.6529
2022-04-21,4.6100,5.0000,4.6000,4.9000,1598600,HIMS,5.0815,4.9657,4.8854,5.0367,5.2755,5.5137,6.6947,6.6326
2022-04-22,4.6500,4.7500,4.5300,4.6100,1111400,HIMS,5.0505,4.9357,4.8794,5.0216,5.2540,5.4966,6.6664,6.6128
2022-04-25,4.8200,4.8300,4.5710,4.5900,1407100,HIMS,5.0330,4.9246,4.8776,5.0137,5.2367,5.4832,6.6399,6.5950
2022-04-26,4.6500,4.7750,4.5200,4.7600,1241400,HIMS,5.0075,4.8985,4.8762,4.9994,5.2217,5.4667,6.6104,6.5756
2022-04-27,4.4900,4.8000,4.4700,4.6600,1557500,HIMS,4.9645,4.8596,4.8750,4.9794,5.2063,5.4473,6.5830,6.5549
2022-04-28,4.4100,4.5100,4.1000,4.3800,2013500,HIMS,4.9190,4.8168,4.8658,4.9571,5.1916,5.4268,6.5587,6.5335
2022-04-29,4.2100,4.5100,4.2000,4.3800,1233900,HIMS,4.8630,4.7590,4.8542,4.9278,5.1735,5.4027,6.5309,6.5104
2022-05-02,4.3300,4.3450,4.1000,4.1700,1517600,HIMS,4.8145,4.7181,4.8514,4.9044,5.1529,5.3814,6.5069,6.4887
2022-05-03,4.3300,4.4600,4.2300,4.3200,1702400,HIMS,4.7555,4.6812,4.8500,4.8818,5.1307,5.3606,6.4807,6.4672
2022-05-04,4.3500,4.3900,4.0500,4.3000,2239400,HIMS,4.7135,4.6496,4.8530,4.8610,5.1115,5.3406,6.4590,6.4462
2022-05-05,4.1900,4.3300,4.1000,4.2500,1205900,HIMS,4.6705,4.6058,4.8418,4.8347,5.0924,5.3178,6.4358,6.4237
2022-05-06,3.9900,4.1800,3.8850,4.1400,2098600,HIMS,4.6195,4.5472,4.8214,4.8015,5.0734,5.2915,6.4133,6.3995
2022-05-09,3.7100,3.9400,3.6150,3.9400,3908200,HIMS,4.5660,4.4675,4.7896,4.7587,5.0555,5.2602,6.3888,6.3728
2022-05-10,3.4700,3.9100,3.3500,3.8900,4352500,HIMS,4.5010,4.3725,4.7546,4.7082,5.0267,5.2248,6.3652,6.3439
2022-05-11,3.1100,3.5400,3.1000,3.4700,3581900,HIMS,4.4120,4.2522,4.7158,4.6455,4.9965,5.1829,6.3398,6.3117
2022-05-12,3.2000,3.2500,2.7200,3.0100,6479800,HIMS,4.3210,4.1520,4.6756,4.5888,4.9641,5.1436,6.3141,6.2807
2022-05-13,3.4500,3.6700,3.3000,3.3200,4036200,HIMS,4.2405,4.0852,4.6468,4.5442,4.9367,5.1101,6.2917,6.2526
2022-05-16,3.4700,3.6400,3.3610,3.4000,3097900,HIMS,4.1725,4.0266,4.6242,4.5021,4.9070,5.0776,6.2695,6.2249
2022-05-17,3.6900,3.7700,3.5500,3.5500,2401200,HIMS,4.1020,3.9945,4.6114,4.4702,4.8791,5.0501,6.2476,6.1997
2022-05-18,3.4100,3.7200,3.3400,3.6000,2117400,HIMS,4.0270,3.9389,4.5938,4.4286,4.8467,5.0177,6.2238,6.1719
2022-05-19,3.5500,3.6300,3.3550,3.3800,2739100,HIMS,3.9740,3.9018,4.5704,4.3942,4.8163,4.9886,6.2010,6.1458
2022-05-20,3.5100,3.6650,3.4500,3.6200,2007300,HIMS,3.9170,3.8645,4.5498,4.3595,4.7872,4.9593,6.1780,6.1196
2022-05-23,3.5300,3.5750,3.4100,3.5600,1903300,HIMS,3.8525,3.8326,4.5310,4.3270,4.7617,4.9310,6.1549,6.0938
2022-05-24,3.4200,3.5350,3.3200,3.5300,2307300,HIMS,3.7910,3.7933,4.5214,4.2914,4.7321,4.9011,6.1309,6.0672
2022-05-25,3.5900,3.6300,3.3800,3.3800,1800300,HIMS,3.7460,3.7740,4.5064,4.2639,4.7025,4.8751,6.1096,6.0426
2022-05-26,3.7000,3.8600,3.5700,3.5700,1745900,HIMS,3.7105,3.7669,4.4892,4.2418,4.6720,4.8519,6.0903,6.0192
2022-05-27,4.0800,4.0800,3.7600,3.7600,1419200,HIMS,3.7040,3.7967,4.4718,4.2354,4.6478,4.8366,6.0687,6.0000
2022-05-31,4.0400,4.1300,3.9400,4.0800,2494100,HIMS,3.6895,3.8199,4.4506,4.2278,4.6294,4.8208,6.0471,5.9805
2022-06-01,4.0300,4.1450,3.9800,4.0300,1581500,HIMS,3.6745,3.8399,4.4310,4.2200,4.6124,4.8051,6.0299,5.9610
2022-06-02,4.2500,4.3500,4.0400,4.0500,1415800,HIMS,3.6695,3.8790,4.4108,4.2212,4.5975,4.7941,6.0166,5.9440
2022-06-03,4.0600,4.2500,4.0300,4.1600,1174200,HIMS,3.6630,3.8962,4.3864,4.2149,4.5823,4.7796,6.0000,5.9253
2022-06-06,4.1500,4.3800,4.1000,4.1800,1692100,HIMS,3.6710,3.9204,4.3640,4.2123,4.5661,4.7671,5.9867,5.9076
2022-06-07,4.0500,4.0900,3.8800,3.9800,2004500,HIMS,3.6880,3.9327,4.3416,4.2060,4.5508,4.7529,5.9714,5.8891
2022-06-08,4.2000,4.3100,4.0100,4.0400,1369200,HIMS,3.7245,3.9582,4.3224,4.2057,4.5403,4.7420,5.9560,5.8723
2022-06-09,3.9200,4.2000,3.9000,4.2000,1505800,HIMS,3.7650,3.9545,4.2938,4.1945,4.5266,4.7257,5.9370,5.8529
2022-06-10,3.8500,4.0300,3.8400,3.9000,1346700,HIMS,3.7975,3.9446,4.2644,4.1810,4.5153,4.7084,5.9187,5.8330
2022-06-13,3.7600,3.7920,3.5400,3.6900,2352900,HIMS,3.8130,3.9270,4.2330,4.1645,4.5044,4.6896,5.9001,5.8123
2022-06-14,3.8300,3.9000,3.5900,3.7600,1931100,HIMS,3.8310,3.9178,4.2036,4.1514,4.4945,4.6726,5.8806,5.7926
2022-06-15,4.0700,4.2300,3.8500,3.8600,2392900,HIMS,3.8500,3.9323,4.1748,4.1482,4.4873,4.6606,5.8609,5.7755
2022-06-16,4.1000,4.1250,3.8500,3.9800,2188500,HIMS,3.8845,3.9482,4.1530,4.1463,4.4820,4.6495,5.8420,5.7588
2022-06-17,4.3500,4.3700,4.0800,4.1700,3219800,HIMS,3.9245,3.9865,4.1390,4.1543,4.4791,4.6436,5.8232,5.7448
2022-06-21,4.3800,4.5300,4.2900,4.3500,2699300,HIMS,3.9680,4.0240,4.1264,4.1631,4.4782,4.6384,5.8034,5.7312
2022-06-22,4.3600,4.4900,4.2500,4.2800,1876800,HIMS,4.0095,4.0560,4.1180,4.1709,4.4799,4.6329,5.7841,5.7176
2022-06-23,4.5900,4.6400,4.3800,4.3800,2647900,HIMS,4.0680,4.1068,4.1144,4.1873,4.4826,4.6320,5.7641,5.7063
2022-06-24,4.5800,4.9200,4.5200,4.6800,15863900,HIMS,4.1175,4.1519,4.1082,4.2027,4.4796,4.6310,5.7443,5.6951
2022-06-27,4.7600,4.8100,4.4300,4.6000,2417900,HIMS,4.1705,4.2098,4.1030,4.2246,4.4783,4.6335,5.7228,5.6858
2022-06-28,4.6000,4.8550,4.5800,4.7900,2226200,HIMS,4.1965,4.2470,4.0938,4.2393,4.4770,4.6329,5.7023,5.6750
2022-06-29,4.6400,4.6900,4.5000,4.5600,1651400,HIMS,4.2265,4.2844,4.0900,4.2550,4.4791,4.6330,5.6811,5.6647
2022-06-30,4.5300,4.6100,4.3800,4.5500,1944100,HIMS,4.2515,4.3078,4.0786,4.2658,4.4800,4.6310,5.6605,5.6534
2022-07-01,4.7900,4.8200,4.4900,4.5000,1639700,HIMS,4.2785,4.3537,4.0762,4.2863,4.4813,4.6341,5.6411,5.6448
2022-07-05,5.0800,5.0900,4.6250,4.6900,1793400,HIMS,4.3295,4.4229,4.0856,4.3175,4.4855,4.6430,5.6235,5.6392
2022-07-06,5.1700,5.2200,4.9600,5.1000,1790000,HIMS,4.3805,4.4940,4.0960,4.3509,4.4877,4.6534,5.6057,5.6346
2022-07-07,5.6100,5.6400,5.1800,5.1800,3176200,HIMS,4.4585,4.6003,4.1118,4.4003,4.4947,4.6723,5.5935,5.6343
2022-07-08,5.6000,5.6700,5.2900,5.5200,1783000,HIMS,4.5285,4.6955,4.1308,4.4473,4.5035,4.6907,5.5802,5.6340
2022-07-11,5.3800,5.5650,5.2950,5.5100,1346600,HIMS,4.6015,4.7607,4.1486,4.4839,4.5118,4.7044,5.5659,5.6314
2022-07-12,5.3600,5.4100,5.2200,5.4000,1992100,HIMS,4.6770,4.8178,4.1676,4.5183,4.5167,4.7173,5.5515,5.6287
2022-07-13,5.4200,5.6000,5.2130,5.2400,1926500,HIMS,4.7600,4.8751,4.1918,4.5536,4.5230,4.7313,5.5381,5.6267
2022-07-14,5.4300,5.4750,5.2250,5.3800,2183900,HIMS,4.8400,4.9280,4.2138,4.5880,4.5326,4.7451,5.5234,5.6247
2022-07-15,5.5100,5.7000,5.3300,5.4600,1488000,HIMS,4.9120,4.9834,4.2374,4.6241,4.5437,4.7602,5.5119,5.6236
2022-07-18,5.5200,5.6950,5.4430,5.5800,1538800,HIMS,4.9830,5.0345,4.2608,4.6593,4.5569,4.7753,5.5018,5.6225
2022-07-19,5.7400,5.8400,5.5100,5.5700,1947200,HIMS,5.0525,5.1017,4.2918,4.7017,4.5668,4.7944,5.4928,5.6237
2022-07-20,6.0600,6.1950,5.6800,5.7500,2275000,HIMS,5.1365,5.1930,4.3332,4.7549,4.5773,4.8194,5.4866,5.6280
2022-07-21,6.2400,6.2400,5.8400,6.0400,1500300,HIMS,5.2305,5.2927,4.3838,4.8132,4.5867,4.8476,5.4816,5.6341
2022-07-22,5.8300,6.2700,5.6500,6.2400,1787600,HIMS,5.2925,5.3439,4.4310,4.8530,4.5928,4.8670,5.4741,5.6361
2022-07-25,5.8700,5.9700,5.7300,5.8300,1095300,HIMS,5.3570,5.3940,4.4862,4.8929,4.6010,4.8869,5.4666,5.6384
2022-07-26,5.6600,5.8900,5.6050,5.8100,1105200,HIMS,5.4020,5.4193,4.5354,4.9230,4.6055,4.9022,5.4577,5.6386
2022-07-27,5.7700,5.8100,5.6250,5.7400,1062800,HIMS,5.4605,5.4527,4.5818,4.9562,4.6143,4.9194,5.4497,5.6399
2022-07-28,6.0700,6.0850,5.5600,5.7500,1684200,HIMS,5.5320,5.5115,4.6338,4.9999,4.6290,4.9422,5.4426,5.6442
2022-07-29,6.1900,6.2000,5.9100,6.1000,1538100,HIMS,5.6150,5.5761,4.6838,5.0466,4.6476,4.9669,5.4338,5.6496
2022-08-01,6.2300,6.4250,6.0200,6.1100,2073000,HIMS,5.6870,5.6384,4.7402,5.0930,4.6670,4.9919,5.4232,5.6554
2022-08-02,6.4200,6.4500,6.1400,6.1400,1389400,HIMS,5.7540,5.7128,4.7976,5.1450,4.6840,5.0202,5.4130,5.6630
2022-08-03,6.5200,6.6900,6.3400,6.4500,1845300,HIMS,5.8215,5.7897,4.8578,5.1989,4.7038,5.0499,5.4038,5.6715
2022-08-04,6.4800,6.7000,6.4600,6.5400,1745700,HIMS,5.8650,5.8554,4.9168,5.2492,4.7239,5.0782,5.3964,5.6796
2022-08-05,6.5500,6.6450,6.2050,6.3200,2464400,HIMS,5.9125,5.9216,4.9794,5.3002,4.7504,5.1073,5.3879,5.6883
2022-08-08,6.6700,6.9200,6.4550,6.6400,4117800,HIMS,5.9770,5.9929,5.0410,5.3539,4.7737,5.1383,5.3797,5.6980
2022-08-09,6.3300,6.9500,6.1250,6.7000,3669100,HIMS,6.0255,6.0250,5.0936,5.3922,4.7914,5.1619,5.3691,5.7043
2022-08-10,6.8200,6.8300,6.4000,6.6000,1931000,HIMS,6.0955,6.1007,5.1484,5.4482,4.8101,5.1947,5.3652,5.7154
2022-08-11,7.0900,7.2200,6.8400,6.9300,2593800,HIMS,6.1785,6.1949,5.2094,5.5126,4.8300,5.2322,5.3610,5.7291
2022-08-12,7.1500,7.1750,6.9500,7.1200,1839500,HIMS,6.2605,6.2859,5.2718,5.5768,4.8514,5.2702,5.3579,5.7432
2022-08-15,7.2200,7.2800,6.9800,7.1600,1610600,HIMS,6.3455,6.3748,5.3312,5.6412,4.8710,5.3088,5.3568,5.7579
2022-08-16,6.9600,7.2000,6.7600,7.2000,1628900,HIMS,6.4065,6.4306,5.3892,5.6929,4.8878,5.3415,5.3520,5.7699
2022-08-17,6.7300,6.8700,6.6800,6.8000,1906400,HIMS,6.4400,6.4591,5.4408,5.7336,4.9024,5.3690,5.3467,5.7794
2022-08-18,6.3800,6.7600,6.3000,6.7200,1743600,HIMS,6.4470,6.4516,5.4874,5.7589,4.9145,5.3890,5.3375,5.7854
2022-08-19,5.9800,6.2500,5.9050,6.2500,1789400,HIMS,6.4545,6.4066,5.5230,5.7676,4.9227,5.4007,5.3268,5.7873
2022-08-22,6.0200,6.0800,5.8200,5.8700,1697300,HIMS,6.4620,6.3698,5.5650,5.7775,4.9294,5.4130,5.3156,5.7897
2022-08-23,5.9900,6.1950,5.9600,6.0300,1155700,HIMS,6.4785,6.3336,5.6078,5.7858,4.9361,5.4244,5.3038,5.7917
2022-08-24,6.2300,6.2600,6.0200,6.0200,1094500,HIMS,6.5015,6.3238,5.6572,5.8033,4.9451,5.4404,5.2933,5.7960
2022-08-25,6.3800,6.4900,6.2500,6.3600,1053600,HIMS,6.5170,6.3291,5.7082,5.8259,4.9559,5.4590,5.2830,5.8018
2022-08-26,6.0200,6.3700,5.9250,6.3700,1143500,HIMS,6.5085,6.2997,5.7472,5.8335,4.9610,5.4701,5.2717,5.8040
2022-08-29,6.0800,6.1050,5.8350,5.8800,867500,HIMS,6.5010,6.2788,5.7868,5.8432,4.9699,5.4822,5.2620,5.8067
2022-08-30,6.2500,6.3300,6.1200,6.1700,1141400,HIMS,6.4925,6.2760,5.8248,5.8591,4.9819,5.4974,5.2547,5.8112
2022-08-31,6.3600,6.4500,6.2500,6.3600,1125100,HIMS,6.4845,6.2840,5.8644,5.8788,4.9954,5.5145,5.2495,5.8166
2022-09-01,6.2500,6.3300,5.8550,6.2300,1586200,HIMS,6.4730,6.2808,5.9022,5.8933,5.0101,5.5290,5.2399,5.8209
2022-09-02,6.0900,6.3600,6.0700,6.3300,1255300,HIMS,6.4500,6.2626,5.9322,5.9010,5.0233,5.5401,5.2294,5.8236
2022-09-06,5.9800,6.1900,5.8300,6.1100,2244000,HIMS,6.4155,6.2357,5.9602,5.9041,5.0342,5.5488,5.2187,5.8252
2022-09-07,6.5100,6.5550,5.7500,5.8600,2187100,HIMS,6.4245,6.2618,5.9952,5.9279,5.0491,5.5679,5.2142,5.8320
2022-09-08,6.6000,6.7400,6.3900,6.4300,1091500,HIMS,6.4135,6.2940,6.0352,5.9542,5.0645,5.5883,5.2107,5.8396
2022-09-09,6.6800,6.7500,6.5650,6.7000,1125300,HIMS,6.3930,6.3308,6.0760,5.9827,5.0830,5.6099,5.2083,5.8480
2022-09-12,6.6400,6.7500,6.5650,6.7200,863600,HIMS,6.3675,6.3602,6.1182,6.0085,5.0984,5.6303,5.2080,5.8559
2022-09-13,6.0400,6.4400,6.0000,6.3000,1725500,HIMS,6.3085,6.3297,6.1432,6.0097,5.1097,5.6384,5.2040,5.8577
2022-09-14,6.1400,6.1500,5.8100,6.0500,1347200,HIMS,6.2675,6.3117,6.1644,6.0148,5.1250,5.6484,5.2003,5.8605
2022-09-15,6.0300,6.2800,5.9710,6.0400,1058700,HIMS,6.2325,6.2848,6.1816,6.0154,5.1388,5.6559,5.1964,5.8622
2022-09-16,5.8800,5.9340,5.7100,5.9100,1836900,HIMS,6.2075,6.2463,6.1870,6.0101,5.1494,5.6604,5.1931,5.8624
2022-09-19,5.7800,5.8500,5.6700,5.7800,1092900,HIMS,6.1975,6.2019,6.1906,6.0011,5.1607,5.6627,5.1912,5.8615
2022-09-20,5.7200,5.8600,5.6000,5.6800,831200,HIMS,6.1825,6.1560,6.1974,5.9901,5.1730,5.6639,5.1897,5.8601
2022-09-21,5.6800,5.9300,5.6550,5.7800,903000,HIMS,6.1670,6.1107,6.2038,5.9779,5.1857,5.6642,5.1887,5.8583
2022-09-22,5.4700,5.6550,5.3350,5.6000,1188500,HIMS,6.1290,6.0496,6.2048,5.9580,5.1983,5.6603,5.1859,5.8545
2022-09-23,5.3500,5.4120,5.2100,5.2900,1215800,HIMS,6.0775,5.9830,6.2032,5.9341,5.2085,5.6542,5.1807,5.8495
2022-09-26,5.3100,5.5550,5.2500,5.3000,1086100,HIMS,6.0420,5.9189,6.1992,5.9097,5.2183,5.6474,5.1745,5.8441
2022-09-27,5.3800,5.6000,5.3100,5.4700,1318100,HIMS,6.0070,5.8676,6.1964,5.8889,5.2286,5.6421,5.1701,5.8395
2022-09-28,5.7000,5.7500,5.4150,5.4400,1312800,HIMS,5.9795,5.8516,6.1956,5.8815,5.2437,5.6432,5.1681,5.8381
2022-09-29,5.5900,5.6100,5.4000,5.5700,886000,HIMS,5.9410,5.8267,6.1862,5.8701,5.2597,5.6422,5.1666,5.8356
2022-09-30,5.5800,6.0100,5.5700,5.6000,1264500,HIMS,5.9075,5.8032,6.1730,5.8587,5.2784,5.6409,5.1670,5.8331
2022-10-03,5.5600,5.7400,5.5100,5.6600,1056200,HIMS,5.8810,5.7800,6.1676,5.8470,5.2993,5.6393,5.1630,5.8304
2022-10-04,5.7000,5.8300,5.6300,5.7700,1269300,HIMS,5.8670,5.7724,6.1642,5.8412,5.3252,5.6405,5.1609,5.8291
2022-10-05,5.7000,5.7100,5.4400,5.6100,1374200,HIMS,5.8265,5.7655,6.1650,5.8357,5.3502,5.6417,5.1572,5.8278
2022-10-06,5.6500,5.8400,5.6200,5.7000,1384700,HIMS,5.7790,5.7545,6.1626,5.8284,5.3722,5.6419,5.1545,5.8260
2022-10-07,5.3800,5.5800,5.3200,5.5300,2263100,HIMS,5.7140,5.7189,6.1488,5.8108,5.3913,5.6367,5.1492,5.8216
2022-10-10,4.9900,5.4000,4.8400,5.4000,1679300,HIMS,5.6315,5.6494,6.1248,5.7786,5.4043,5.6239,5.1417,5.8133
2022-10-11,5.0500,5.1600,4.8200,4.9200,1720000,HIMS,5.5820,5.5924,6.1012,5.7500,5.4207,5.6125,5.1337,5.8057
2022-10-12,4.9900,5.0500,4.8300,5.0300,1166500,HIMS,5.5245,5.5350,6.0726,5.7202,5.4351,5.6002,5.1257,5.7976
2022-10-13,4.9800,5.0350,4.7000,4.8000,1216200,HIMS,5.4720,5.4821,6.0418,5.6912,5.4498,5.5879,5.1185,5.7895
2022-10-14,4.7700,5.0700,4.7500,5.0400,1082400,HIMS,5.4165,5.4143,6.0076,5.6551,5.4622,5.5717,5.1119,5.7793
2022-10-17,4.3400,4.5750,4.3200,4.4300,2780400,HIMS,5.3445,5.3120,5.9634,5.6035,5.4714,5.5473,5.1017,5.7650
2022-10-18,4.3900,4.5100,4.3300,4.4400,2273600,HIMS,5.2780,5.2242,5.9178,5.5559,5.4794,5.5244,5.0909,5.7513
2022-10-19,4.0900,4.3540,4.0100,4.3300,1633000,HIMS,5.1985,5.1162,5.8730,5.4984,5.4833,5.4960,5.0776,5.7348
2022-10-20,4.2800,4.3200,4.0450,4.1000,1538800,HIMS,5.1390,5.0365,5.8222,5.4507,5.4853,5.4719,5.0665,5.7203
2022-10-21,4.3700,4.3800,4.1950,4.3100,1088600,HIMS,5.0900,4.9731,5.7678,5.4083,5.4886,5.4501,5.0590,5.7069
2022-10-24,4.1700,4.4400,4.0900,4.4200,2141400,HIMS,5.0330,4.8966,5.7082,5.3597,5.4900,5.4248,5.0512,5.6916
2022-10-25,4.3300,4.4000,4.2200,4.2200,1417400,HIMS,4.9805,4.8426,5.6504,5.3193,5.4908,5.4031,5.0441,5.6780
2022-10-26,4.4300,4.5750,4.3350,4.3500,1414800,HIMS,4.9170,4.8033,5.5998,5.2845,5.4945,5.3838,5.0384,5.6656
2022-10-27,4.3400,4.5200,4.2800,4.5200,936500,HIMS,4.8545,4.7592,5.5520,5.2474,5.4964,5.3631,5.0312,5.6524
2022-10-28,4.4900,4.4900,4.3000,4.3200,1429400,HIMS,4.8000,4.7336,5.5142,5.2177,5.5008,5.3459,5.0258,5.6408
2022-10-31,4.5400,4.5550,4.3750,4.4200,1179300,HIMS,4.7490,4.7151,5.4854,5.1911,5.5042,5.3299,5.0222,5.6299
2022-11-01,4.5200,4.7000,4.4700,4.6300,932000,HIMS,4.6900,4.6965,5.4554,5.1648,5.5102,5.3139,5.0184,5.6189
2022-11-02,4.2800,4.5200,4.2700,4.5000,1306400,HIMS,4.6190,4.6569,5.4212,5.1301,5.5145,5.2934,5.0149,5.6055
2022-11-03,4.2000,4.3200,4.1600,4.2400,1227000,HIMS,4.5465,4.6134,5.3806,5.0936,5.5189,5.2717,5.0116,5.5915
2022-11-04,4.2500,4.2900,4.0600,4.2900,1573400,HIMS,4.4900,4.5788,5.3380,5.0606,5.5231,5.2515,5.0088,5.5782
2022-11-07,4.6200,4.6500,4.2000,4.2900,3923200,HIMS,4.4715,4.5827,5.3100,5.0433,5.5286,5.2390,5.0079,5.5687
2022-11-08,5.5300,5.9100,5.3000,5.8700,8843100,HIMS,4.4955,4.6729,5.2990,5.0624,5.5429,5.2448,5.0124,5.5683
2022-11-09,5.5200,6.0300,5.4300,5.5100,3396300,HIMS,4.5220,4.7536,5.2844,5.0803,5.5546,5.2502,5.0168,5.5678
2022-11-10,6.1500,6.3100,5.7200,5.8600,3915400,HIMS,4.5805,4.8866,5.2802,5.1223,5.5723,5.2680,5.0252,5.5736
2022-11-11,5.8300,6.4200,5.7700,6.1600,4323100,HIMS,4.6335,4.9764,5.2718,5.1500,5.5870,5.2792,5.0334,5.5761
2022-11-14,6.0300,6.3400,5.7500,5.8000,2402600,HIMS,4.7180,5.0768,5.2706,5.1845,5.6014,5.2940,5.0420,5.5807
2022-11-15,6.1900,6.4000,5.9800,6.1100,3163000,HIMS,4.8080,5.1828,5.2748,5.2240,5.6175,5.3118,5.0485,5.5867
2022-11-16,5.7800,6.1800,5.7500,6.1300,2142800,HIMS,4.8925,5.2397,5.2602,5.2458,5.6277,5.3210,5.0530,5.5886
2022-11-17,5.8200,5.9850,5.6100,5.6300,2006700,HIMS,4.9695,5.2949,5.2446,5.2683,5.6399,5.3309,5.0585,5.5909
2022-11-18,5.7800,6.0000,5.7150,5.9900,1302200,HIMS,5.0400,5.3411,5.2266,5.2884,5.6513,5.3398,5.0652,5.5928
2022-11-21,5.9000,5.9450,5.6150,5.7000,1611100,HIMS,5.1265,5.3944,5.2118,5.3123,5.6650,5.3509,5.0725,5.5959
2022-11-22,5.8900,5.9900,5.7850,5.9300,929700,HIMS,5.2045,5.4416,5.2088,5.3350,5.6760,5.3616,5.0787,5.5988
2022-11-23,6.2700,6.3000,5.9000,5.9000,1904900,HIMS,5.2965,5.5205,5.2114,5.3717,5.6879,5.3796,5.0867,5.6055
2022-11-25,6.1100,6.2620,6.0250,6.1900,922300,HIMS,5.3850,5.5766,5.2130,5.4006,5.6973,5.3940,5.0925,5.6105
2022-11-28,6.0600,6.2850,6.0000,6.0900,1212600,HIMS,5.4635,5.6226,5.2166,5.4265,5.7018,5.4072,5.0983,5.6150
2022-11-29,5.8700,6.1600,5.7800,6.0900,1506100,HIMS,5.5300,5.6462,5.2184,5.4439,5.7045,5.4164,5.1040,5.6175
2022-11-30,6.1900,6.1900,5.7400,5.8700,1989800,HIMS,5.6135,5.6980,5.2278,5.4731,5.7126,5.4317,5.1122,5.6232
2022-12-01,6.3800,6.5700,6.1100,6.2500,2214900,HIMS,5.7185,5.7629,5.2418,5.5087,5.7228,5.4505,5.1198,5.6307
2022-12-02,6.6100,6.6550,6.2200,6.2600,1524200,HIMS,5.8390,5.8436,5.2646,5.5519,5.7347,5.4734,5.1289,5.6405
2022-12-05,6.7100,6.9300,6.5850,6.6800,1567000,HIMS,5.9620,5.9261,5.2918,5.5973,5.7475,5.4979,5.1401,5.6511
2022-12-06,6.6200,6.8600,6.5200,6.6900,1855700,HIMS,6.0620,5.9922,5.3180,5.6374,5.7586,5.5202,5.1512,5.6608
2022-12-07,7.0000,7.1300,6.5100,6.5400,1645100,HIMS,6.1355,6.0882,5.3504,5.6908,5.7734,5.5495,5.1652,5.6741
2022-12-08,7.2500,7.3600,6.8600,7.0300,1853400,HIMS,6.2220,6.1988,5.3814,5.7520,5.7885,5.5831,5.1777,5.6898
2022-12-09,7.1400,7.3100,7.0500,7.2300,1557600,HIMS,6.2715,6.2885,5.4124,5.8064,5.7993,5.6140,5.1883,5.7042
2022-12-12,7.1800,7.2000,6.9200,7.0700,1161100,HIMS,6.3390,6.3734,5.4444,5.8603,5.8087,5.6450,5.1977,5.7189
2022-12-13,7.3500,7.4500,7.1950,7.4100,1559700,HIMS,6.4050,6.4664,5.4802,5.9187,5.8239,5.6787,5.2084,5.7351
2022-12-14,7.1900,7.4200,7.1400,7.3400,1388200,HIMS,6.4550,6.5353,5.5100,5.9686,5.8371,5.7087,5.2191,5.7496
2022-12-15,6.9000,7.1000,6.8300,7.0400,1622400,HIMS,6.5110,6.5700,5.5340,6.0051,5.8495,5.7322,5.2275,5.7610
2022-12-16,6.7600,6.8700,6.6500,6.7400,2096900,HIMS,6.5580,6.5881,5.5562,6.0347,5.8594,5.7526,5.2369,5.7710
2022-12-19,6.6900,6.8900,6.4700,6.7200,1016400,HIMS,6.6035,6.5978,5.5824,6.0604,5.8656,5.7712,5.2473,5.7801
2022-12-20,6.6500,6.7900,6.5500,6.6200,775300,HIMS,6.6410,6.6028,5.6156,6.0835,5.8702,5.7886,5.2589,5.7888
2022-12-21,6.7600,6.9300,6.6400,6.7200,851100,HIMS,6.6845,6.6178,5.6498,6.1100,5.8755,5.8078,5.2713,5.7984
2022-12-22,6.5100,6.7100,6.3900,6.7000,927500,HIMS,6.6965,6.6075,5.6802,6.1257,5.8764,5.8217,5.2802,5.8055
2022-12-23,6.4300,6.5600,6.3600,6.4800,943400,HIMS,6.7125,6.5906,5.7092,6.1377,5.8755,5.8338,5.2897,5.8117
2022-12-27,6.2300,6.3900,6.2000,6.3900,1122500,HIMS,6.7210,6.5563,5.7384,6.1413,5.8730,5.8416,5.2985,5.8159
2022-12-28,6.1700,6.2550,6.0800,6.1900,1028900,HIMS,6.7360,6.5195,5.7750,6.1424,5.8692,5.8481,5.3098,5.8194
2022-12-29,6.3800,6.4150,6.1600,6.2700,924500,HIMS,6.7455,6.5062,5.8148,6.1517,5.8663,5.8586,5.3200,5.8250
2022-12-30,6.4100,6.4300,6.2300,6.2600,1630200,HIMS,6.7470,6.4970,5.8612,6.1618,5.8671,5.8696,5.3293,5.8308
2023-01-03,6.3200,6.7100,6.2250,6.5000,1113700,HIMS,6.7325,6.4802,5.9020,6.1680,5.8621,5.8785,5.3361,5.8357
2023-01-04,6.6100,6.6250,6.2700,6.4200,1253600,HIMS,6.7275,6.4925,5.9468,6.1854,5.8573,5.8930,5.3437,5.8434
2023-01-05,6.1000,6.5800,6.1000,6.4900,1564600,HIMS,6.7015,6.4551,5.9854,6.1820,5.8468,5.8971,5.3491,5.8460
2023-01-06,6.1300,6.2250,6.0100,6.1300,1006900,HIMS,6.6580,6.4242,6.0214,6.1800,5.8359,5.9017,5.3535,5.8488
2023-01-09,6.4600,6.5900,6.1850,6.2500,1554700,HIMS,6.6185,6.4276,6.0620,6.1910,5.8309,5.9127,5.3594,5.8549
2023-01-10,6.7700,6.7900,6.4500,6.5000,1077800,HIMS,6.6000,6.4602,6.1106,6.2137,5.8313,5.9297,5.3669,5.8640
2023-01-11,6.7300,6.8700,6.5800,6.8000,944500,HIMS,6.5775,6.4859,6.1554,6.2339,5.8348,5.9455,5.3747,5.8726
2023-01-12,7.1000,7.1000,6.6200,6.7600,1206000,HIMS,6.5650,6.5444,6.2066,6.2679,5.8460,5.9684,5.3844,5.8848
2023-01-13,7.5300,7.5600,6.9900,7.0200,1441300,HIMS,6.5820,6.6383,6.2668,6.3174,5.8611,5.9993,5.3953,5.9012
2023-01-17,7.6800,7.8400,7.5100,7.5100,1575800,HIMS,6.6210,6.7375,6.3348,6.3708,5.8780,6.0326,5.4071,5.9189
2023-01-18,7.7300,7.9700,7.7100,7.7700,2215800,HIMS,6.6695,6.8320,6.4054,6.4241,5.8930,6.0662,5.4191,5.9369
2023-01-19,7.4800,7.7300,7.4150,7.6500,987700,HIMS,6.7090,6.8937,6.4700,6.4655,5.9040,6.0942,5.4300,5.9522
2023-01-20,7.2600,7.5900,7.2000,7.5900,1616200,HIMS,6.7395,6.9286,6.5228,6.4967,5.9164,6.1173,5.4387,5.9653
2023-01-23,7.6300,7.7900,7.1550,7.2200,2442500,HIMS,6.7830,6.9954,6.5648,6.5411,5.9319,6.1473,5.4509,5.9818
2023-01-24,7.6400,7.9550,7.5300,7.6200,1637600,HIMS,6.8395,7.0568,6.6072,6.5842,5.9458,6.1768,5.4639,5.9983
2023-01-25,7.4300,7.5700,7.2700,7.4800,1526000,HIMS,6.8895,7.0923,6.6328,6.6174,5.9565,6.2016,5.4760,6.0126
2023-01-26,7.5900,7.7100,7.4400,7.5000,1284400,HIMS,6.9575,7.1397,6.6680,6.6555,5.9699,6.2291,5.4900,6.0283
2023-01-27,7.7500,7.7900,7.4030,7.5400,1337900,HIMS,7.0365,7.1978,6.7024,6.6985,5.9865,6.2592,5.5049,6.0454
2023-01-30,7.4500,7.8150,7.4200,7.6300,1306800,HIMS,7.0900,7.2219,6.7276,6.7279,6.0012,6.2828,5.5177,6.0594
2023-01-31,8.2800,8.2900,7.5230,7.5300,3257600,HIMS,7.1835,7.3226,6.7776,6.7888,6.0189,6.3224,5.5340,6.0815
2023-02-01,8.0000,8.4300,7.9000,8.2800,2562700,HIMS,7.2675,7.3871,6.8212,6.8363,6.0329,6.3556,5.5487,6.1006
2023-02-02,8.3200,8.5400,8.0500,8.0800,2384200,HIMS,7.3530,7.4760,6.8720,6.8945,6.0493,6.3945,5.5662,6.1226
2023-02-03,7.8900,8.4800,7.8000,8.2000,2668800,HIMS,7.4425,7.5154,6.9118,6.9335,6.0618,6.4241,5.5801,6.1402
2023-02-06,7.8400,7.9950,7.7350,7.8000,1653600,HIMS,7.5280,7.5463,6.9508,6.9691,6.0798,6.4521,5.5948,6.1571
2023-02-07,8.4500,8.4950,7.6600,7.8000,2622500,HIMS,7.6275,7.6324,6.9944,7.0271,6.1029,6.4917,5.6140,6.1800
2023-02-08,8.4300,8.6400,8.3300,8.4200,2050300,HIMS,7.7105,7.7084,7.0408,7.0822,6.1269,6.5301,5.6329,6.2023
2023-02-09,9.0700,9.5650,8.9400,9.0200,4282400,HIMS,7.8275,7.8380,7.1010,7.1601,6.1588,6.5804,5.6541,6.2309
2023-02-10,9.6100,9.6490,9.0000,9.0500,3168100,HIMS,7.9530,8.0068,7.1758,7.2562,6.1971,6.6404,5.6789,6.2645
2023-02-13,9.5600,9.8800,9.4500,9.6000,2376200,HIMS,8.0545,8.1547,7.2432,7.3465,6.2355,6.6982,5.7043,6.2973
2023-02-14,9.8500,9.9800,9.2800,9.4600,2042000,HIMS,8.1630,8.3162,7.3126,7.4447,6.2772,6.7606,5.7315,6.3326
2023-02-15,10.0300,10.0300,9.6600,9.7800,2282000,HIMS,8.2780,8.4794,7.3810,7.5461,6.3228,6.8253,5.7606,6.3694
2023-02-16,9.6200,10.0350,9.5830,9.7800,2425100,HIMS,8.3850,8.5880,7.4392,7.6274,6.3655,6.8807,5.7870,6.4018
2023-02-17,9.6300,9.6800,9.0700,9.5200,1897000,HIMS,8.5035,8.6873,7.4994,7.7059,6.4087,6.9351,5.8135,6.4339
2023-02-21,9.3400,9.5000,9.2500,9.4100,1668800,HIMS,8.5890,8.7494,7.5462,7.7700,6.4483,6.9827,5.8385,6.4628
2023-02-22,9.2900,9.5100,9.1600,9.4000,1290900,HIMS,8.6715,8.8009,7.5870,7.8296,6.4842,7.0284,5.8640,6.4909
2023-02-23,9.6400,9.7400,9.2600,9.4100,2232600,HIMS,8.7820,8.8808,7.6370,7.9006,6.5247,7.0801,5.8922,6.5223
2023-02-24,9.7700,9.8250,9.4600,9.4800,3635200,HIMS,8.8910,8.9655,7.6888,7.9739,6.5666,7.1334,5.9225,6.5546
2023-02-27,9.6500,10.0600,9.6000,9.7500,6652600,HIMS,8.9860,9.0307,7.7348,8.0397,6.6075,7.1832,5.9534,6.5854
2023-02-28,11.2700,11.7700,10.4800,10.6600,16196200,HIMS,9.1770,9.2440,7.8164,8.1663,6.6632,7.2642,5.9942,6.6320
2023-03-01,11.5300,12.0410,11.3300,11.5000,7169900,HIMS,9.3395,9.4617,7.9090,8.2983,6.7215,7.3486,6.0359,6.6807
2023-03-02,10.3500,10.6600,9.7500,10.1700,7887900,HIMS,9.4570,9.5463,7.9808,8.3787,6.7685,7.4081,6.0704,6.7172
2023-03-03,10.3600,10.5570,10.0650,10.4600,3505800,HIMS,9.5590,9.6238,8.0542,8.4564,6.8183,7.4665,6.1048,6.7535
2023-03-06,10.0700,10.4700,10.0050,10.2800,3301800,HIMS,9.6680,9.6663,8.1226,8.5197,6.8691,7.5181,6.1367,6.7865
2023-03-07,9.7700,10.0200,9.4000,9.9700,5002700,HIMS,9.7645,9.6762,8.1828,8.5687,6.9163,7.5627,6.1685,6.8162
2023-03-08,9.8800,9.9900,9.5900,9.8400,2479400,HIMS,9.8360,9.6956,8.2502,8.6201,6.9652,7.6086,6.2002,6.8467
2023-03-09,9.5400,10.0000,9.4700,9.8200,2734400,HIMS,9.8915,9.6808,8.3124,8.6562,7.0108,7.6468,6.2303,6.8735
2023-03-10,8.9700,9.4900,8.9200,9.4900,3908200,HIMS,9.8865,9.6131,8.3672,8.6685,7.0528,7.6730,6.2575,6.8943
2023-03-13,8.8900,9.1600,8.6710,8.9000,3501100,HIMS,9.8505,9.5442,8.4216,8.6772,7.0983,7.6971,6.2849,6.9142
2023-03-14,8.6800,9.1200,8.5700,9.0900,2540400,HIMS,9.8065,9.4619,8.4676,8.6773,7.1412,7.7166,6.3103,6.9318
2023-03-15,9.0100,9.0400,8.2450,8.5100,4309500,HIMS,9.7645,9.4189,8.5196,8.6904,7.1904,7.7422,6.3369,6.9524
2023-03-16,9.9500,10.2700,8.9600,8.9900,4882200,HIMS,9.7605,9.4694,8.5922,8.7398,7.2471,7.7859,6.3662,6.9823
2023-03-17,9.7400,10.1400,9.5900,9.7900,3797000,HIMS,9.7665,9.4952,8.6548,8.7790,7.3008,7.8246,6.3947,7.0097
2023-03-20,9.6600,9.7150,9.3320,9.7000,2484900,HIMS,9.7680,9.5109,8.7260,8.8135,7.3557,7.8609,6.4229,7.0361
2023-03-21,10.0300,10.0400,9.6700,9.6800,2777500,HIMS,9.8025,9.5603,8.8040,8.8612,7.4127,7.9039,6.4518,7.0659
2023-03-22,9.6900,10.0200,9.6800,10.0000,2408600,HIMS,9.8225,9.5727,8.8686,8.8937,7.4653,7.9393,6.4799,7.0920
2023-03-23,9.4100,9.8300,9.4000,9.7800,2911300,HIMS,9.8110,9.5572,8.9214,8.9140,7.5160,7.9684,6.5062,7.1150
2023-03-24,9.5300,9.7000,9.4200,9.4900,2009200,HIMS,9.7990,9.5546,8.9774,8.9381,7.5664,7.9993,6.5336,7.1391
2023-03-27,9.5400,9.6600,9.4300,9.6300,1857900,HIMS,9.7935,9.5532,9.0262,8.9617,7.6164,8.0298,6.5603,7.1630
2023-03-28,9.9100,10.1100,9.5570,9.5900,1830700,HIMS,9.7255,9.5872,9.0738,8.9989,7.6703,8.0670,6.5903,7.1903
2023-03-29,10.0300,10.0600,9.5700,9.9800,1919700,HIMS,9.6505,9.6294,9.1208,9.0394,7.7278,8.1059,6.6212,7.2185
2023-03-30,9.9100,10.2800,9.7300,10.1500,1836500,HIMS,9.6285,9.6561,9.1644,9.0735,7.7849,8.1416,6.6519,7.2453
2023-03-31,9.9200,10.2900,9.7200,10.0500,3979200,HIMS,9.6065,9.6812,9.2132,9.1067,7.8416,8.1769,6.6824,7.2719
2023-04-03,10.3100,10.6500,9.9200,9.9200,4896400,HIMS,9.6185,9.7411,9.2742,9.1539,7.8985,8.2191,6.7136,7.3022
2023-04-04,10.0900,10.3400,9.8600,10.3000,5642500,HIMS,9.6345,9.7743,9.3234,9.1906,7.9441,8.2561,6.7435,7.3299
2023-04-05,9.7700,10.1050,9.6400,10.0000,2653900,HIMS,9.6290,9.7739,9.3660,9.2133,7.9866,8.2861,6.7706,7.3542
2023-04-06,9.9500,9.9700,9.7600,9.7800,1536500,HIMS,9.6495,9.7907,9.4164,9.2422,8.0246,8.3191,6.7985,7.3800
2023-04-10,9.8000,9.9200,9.7300,9.8900,2894000,HIMS,9.6910,9.7916,9.4606,9.2641,8.0643,8.3484,6.8257,7.4041
2023-04-11,9.5500,9.9500,9.4200,9.7800,3518700,HIMS,9.7240,9.7686,9.4966,9.2753,8.0995,8.3722,6.8505,7.4255
2023-04-12,9.6300,9.7500,9.4200,9.5400,2217500,HIMS,9.7715,9.7554,9.5402,9.2892,8.1339,8.3971,6.8757,7.4474
2023-04-13,10.0500,10.1300,9.7400,9.7400,4972600,HIMS,9.8235,9.7834,9.5756,9.3190,8.1766,8.4298,6.9022,7.4733
2023-04-14,9.7600,10.1000,9.7300,10.0500,2076900,HIMS,9.8140,9.7812,9.6108,9.3363,8.2160,8.4562,6.9280,7.4960
2023-04-17,9.9700,9.9950,9.6700,9.7000,2328700,HIMS,9.8255,9.7992,9.6438,9.3612,8.2579,8.4861,6.9546,7.5207
2023-04-18,11.0000,11.0150,9.9500,10.0500,15375100,HIMS,9.8925,9.9135,9.7060,9.4255,8.3089,8.5359,6.9870,7.5553
2023-04-19,11.1900,11.2500,10.6600,11.0100,4406300,HIMS,9.9505,10.0351,9.7730,9.4947,8.3619,8.5885,7.0190,7.5914
2023-04-20,10.8600,11.3500,10.8100,11.1300,2571500,HIMS,10.0090,10.1137,9.8212,9.5482,8.4078,8.6335,7.0479,7.6240
2023-04-21,11.6800,11.7000,10.8950,10.9100,4365200,HIMS,10.1225,10.2628,9.8862,9.6318,8.4635,8.6938,7.0804,7.6643
2023-04-24,11.8100,12.2350,11.3000,11.6500,5037800,HIMS,10.2365,10.4102,9.9410,9.7172,8.5210,8.7555,7.1114,7.7056
2023-04-25,11.1900,11.8400,11.1250,11.7200,3386800,HIMS,10.3190,10.4845,9.9726,9.7750,8.5742,8.8037,7.1394,7.7402
2023-04-26,11.1900,11.3200,11.0300,11.2200,1548400,HIMS,10.3830,10.5517,10.0052,9.8305,8.6242,8.8510,7.1684,7.7746
2023-04-27,11.5400,12.0600,11.5100,11.5600,2824700,HIMS,10.4585,10.6458,10.0390,9.8975,8.6758,8.9042,7.1993,7.8120
2023-04-28,11.5900,11.6700,11.3800,11.5900,2492400,HIMS,10.5425,10.7357,10.0702,9.9639,8.7256,8.9574,7.2302,7.8496
2023-05-01,12.0200,12.3100,11.4100,11.5800,3832100,HIMS,10.6475,10.8580,10.1182,10.0445,8.7787,9.0180,7.2631,7.8911
2023-05-02,11.6800,12.1900,11.6150,11.9000,3079700,HIMS,10.7160,10.9363,10.1592,10.1086,8.8293,9.0707,7.2940,7.9288
2023-05-03,11.8600,12.2000,11.6550,11.7300,2279800,HIMS,10.8045,11.0243,10.2096,10.1773,8.8779,9.1260,7.3257,7.9679
2023-05-04,11.7300,11.9100,11.5850,11.6800,2422900,HIMS,10.9025,11.0915,10.2584,10.2382,8.9227,9.1775,7.3556,8.0054
2023-05-05,12.0400,12.2600,11.7400,11.8200,3615600,HIMS,11.0070,11.1818,10.3064,10.3089,8.9717,9.2342,7.3855,8.0455
2023-05-08,11.8500,12.3400,11.6700,12.3000,5724300,HIMS,11.1095,11.2455,10.3480,10.3693,9.0184,9.2860,7.4136,8.0834
2023-05-09,10.6500,11.4900,10.4650,10.7750,9183700,HIMS,11.1645,11.1887,10.3680,10.3803,9.0514,9.3130,7.4377,8.1089
2023-05-10,10.7000,11.1900,10.4900,10.7600,4549300,HIMS,11.2180,11.1422,10.3566,10.3929,9.0865,9.3405,7.4618,8.1347
2023-05-11,10.5700,10.9100,10.3700,10.6100,3418400,HIMS,11.2440,11.0877,10.3374,10.3998,9.1232,9.3648,7.4864,8.1589
2023-05-12,10.8100,10.8700,10.4500,10.6100,2990200,HIMS,11.2965,11.0613,10.3466,10.4159,9.1637,9.3935,7.5116,8.1853
2023-05-15,10.7700,10.9500,10.6800,10.7900,3701300,HIMS,11.3365,11.0335,10.3548,10.4298,9.2045,9.4207,7.5351,8.2110
2023-05-16,10.4800,10.8400,10.4300,10.8000,2514700,HIMS,11.3105,10.9808,10.3630,10.4317,9.2428,9.4417,7.5565,8.2336
2023-05-17,10.6000,10.7800,10.3600,10.5400,2607100,HIMS,11.2810,10.9445,10.3796,10.4383,9.2812,9.4646,7.5784,8.2571
2023-05-18,10.2700,10.7400,10.0700,10.5700,4566100,HIMS,11.2515,10.8803,10.3874,10.4317,9.3188,9.4806,7.5976,8.2772
2023-05-19,9.7700,10.4400,9.7600,10.3300,3148300,HIMS,11.1560,10.7746,10.3920,10.4058,9.3522,9.4863,7.6139,8.2920
2023-05-22,9.5000,9.8750,9.4400,9.7800,4712400,HIMS,11.0405,10.6532,10.4026,10.3703,9.3849,9.4866,7.6290,8.3040
2023-05-23,9.2000,9.7300,9.1900,9.4500,3220800,HIMS,10.9410,10.5148,10.4088,10.3244,9.4152,9.4809,7.6422,8.3130
2023-05-24,8.8100,9.1400,8.7400,9.0500,6690600,HIMS,10.8220,10.3524,10.4114,10.2650,9.4395,9.4676,7.6529,8.3179
2023-05-25,9.0300,9.1700,8.8100,8.9400,4000000,HIMS,10.6965,10.2265,10.4118,10.2166,9.4657,9.4590,7.6664,8.3250
2023-05-26,9.0700,9.4800,9.0600,9.1200,2602300,HIMS,10.5705,10.1163,10.3942,10.1716,9.4932,9.4513,7.6777,8.3324
2023-05-30,8.8800,9.1200,8.7450,9.0800,3202200,HIMS,10.4135,9.9986,10.3770,10.1209,9.5159,9.4399,7.6866,8.3379
2023-05-31,8.9400,9.0400,8.7100,8.8700,3289200,HIMS,10.2765,9.8978,10.3626,10.0746,9.5443,9.4300,7.6956,8.3438
2023-06-01,8.9000,8.9800,8.7700,8.8900,2470500,HIMS,10.1285,9.8027,10.3400,10.0286,9.5720,9.4195,7.7040,8.3494
2023-06-02,9.0000,9.0700,8.7880,8.9700,2297500,HIMS,9.9920,9.7263,10.3262,9.9882,9.5974,9.4112,7.7142,8.3559
2023-06-05,8.9500,9.0450,8.7900,9.0000,1911900,HIMS,9.8375,9.6524,10.3170,9.9475,9.6192,9.4021,7.7253,8.3618
2023-06-06,9.1900,9.2200,8.8700,8.9200,2416600,HIMS,9.7045,9.6083,10.3102,9.9178,9.6438,9.3979,7.7393,8.3700
2023-06-07,9.1600,9.3000,8.9400,9.2000,2707900,HIMS,9.6300,9.5656,10.3026,9.8881,9.6644,9.3932,7.7552,8.3779
2023-06-08,9.1500,9.2100,9.0000,9.1600,2165900,HIMS,9.5525,9.5260,10.2874,9.8591,9.6806,9.3884,7.7709,8.3856
2023-06-09,9.0000,9.3000,8.9750,9.1000,2394000,HIMS,9.4740,9.4759,10.2668,9.8255,9.6938,9.3807,7.7859,8.3917
2023-06-12,8.9900,9.2000,8.9600,9.0400,2270600,HIMS,9.3830,9.4297,10.2484,9.7927,9.7064,9.3730,7.7997,8.3976
2023-06-13,9.0400,9.1450,8.9500,9.0600,2002700,HIMS,9.2965,9.3926,10.2308,9.7632,9.7220,9.3664,7.8130,8.4040
2023-06-14,8.6700,9.0250,8.6400,9.0200,3487300,HIMS,9.2060,9.3237,10.1980,9.7203,9.7361,9.3526,7.8263,8.4067
2023-06-15,8.8000,8.8600,8.4500,8.6100,3239500,HIMS,9.1160,9.2739,10.1722,9.6842,9.7478,9.3416,7.8399,8.4106
2023-06-16,8.6500,9.0800,8.4800,8.9500,3336100,HIMS,9.0350,9.2144,10.1498,9.6437,9.7579,9.3279,7.8519,8.4130
2023-06-20,8.3500,8.5900,8.1600,8.5500,3056800,HIMS,8.9640,9.1321,10.1178,9.5929,9.7671,9.3086,7.8618,8.4123
2023-06-21,8.4200,8.4950,8.3000,8.3700,2405600,HIMS,8.9100,9.0643,10.0902,9.5469,9.7754,9.2910,7.8727,8.4124
2023-06-22,8.3400,8.5600,8.2800,8.4500,2066700,HIMS,8.8670,8.9953,10.0660,9.4996,9.7813,9.2721,7.8839,8.4117
2023-06-23,8.4200,8.4200,8.1700,8.2500,5039000,HIMS,8.8475,8.9405,10.0418,9.4573,9.7910,9.2553,7.8961,8.4118
2023-06-26,8.2200,8.4650,8.1700,8.3200,2390700,HIMS,8.8070,8.8719,10.0052,9.4087,9.7904,9.2348,7.9047,8.4099
2023-06-27,8.3300,8.5200,8.1900,8.2800,2007500,HIMS,8.7700,8.8203,9.9766,9.3664,9.7937,9.2169,7.9133,8.4091
2023-06-28,8.4700,8.5000,8.2500,8.3000,1266400,HIMS,8.7495,8.7869,9.9466,9.3313,9.7952,9.2021,7.9223,8.4097
2023-06-29,9.0900,9.1550,8.5400,8.5600,4092100,HIMS,8.7570,8.8158,9.9084,9.3218,9.8072,9.1998,7.9345,8.4164
2023-06-30,9.4000,9.6100,9.0900,9.1700,3794100,HIMS,8.7820,8.8714,9.8726,9.3249,9.8228,9.2038,7.9513,8.4262
2023-07-03,9.1100,9.4550,9.0800,9.4500,2311700,HIMS,8.7875,8.8942,9.8376,9.3165,9.8294,9.2019,7.9662,8.4330
2023-07-05,8.8900,9.1500,8.6900,9.0900,3105000,HIMS,8.7845,8.8938,9.7818,9.2997,9.8340,9.1958,7.9805,8.4376
2023-07-06,8.6500,8.8600,8.5850,8.8200,1554200,HIMS,8.7575,8.8705,9.7186,9.2743,9.8298,9.1850,7.9943,8.4397
2023-07-07,8.2700,8.7550,8.2300,8.6500,3385600,HIMS,8.7130,8.8133,9.6602,9.2349,9.8164,9.1668,8.0068,8.4380
2023-07-10,8.6100,8.6300,8.2600,8.3000,3646800,HIMS,8.6860,8.7940,9.6086,9.2104,9.8069,9.1558,8.0212,8.4397
2023-07-11,8.6400,8.7650,8.4750,8.6800,2726200,HIMS,8.6680,8.7793,9.5506,9.1880,9.7948,9.1456,8.0360,8.4417
2023-07-12,8.6700,8.9200,8.6300,8.8300,5130600,HIMS,8.6520,8.7689,9.4922,9.1677,9.7812,9.1362,8.0520,8.4440
2023-07-13,9.1100,9.2700,8.4400,8.5400,5638600,HIMS,8.6555,8.8014,9.4340,9.1654,9.7761,9.1357,8.0708,8.4506
2023-07-14,8.8600,9.1800,8.8100,9.0800,2581800,HIMS,8.6650,8.8070,9.3776,9.1534,9.7684,9.1302,8.0886,8.4547
2023-07-17,9.1200,9.2090,8.6600,8.7700,1954700,HIMS,8.6810,8.8368,9.3228,9.1521,9.7662,9.1300,8.1073,8.4613
2023-07-18,9.1100,9.3200,9.0300,9.2100,1696700,HIMS,8.7040,8.8628,9.2704,9.1505,9.7644,9.1296,8.1243,8.4678
2023-07-19,8.8900,9.2200,8.8400,9.1700,1908400,HIMS,8.7310,8.8654,9.2074,9.1403,9.7569,9.1249,8.1408,8.4720
2023-07-20,8.3500,8.9000,8.3500,8.8400,2215900,HIMS,8.7275,8.8163,9.1374,9.1093,9.7427,9.1095,8.1547,8.4707
2023-07-21,8.2600,8.4850,8.1800,8.4300,3617600,HIMS,8.7235,8.7633,9.0896,9.0760,9.7288,9.0927,8.1682,8.4686
2023-07-24,8.3400,8.4600,8.1900,8.2900,1847700,HIMS,8.7195,8.7230,9.0424,9.0471,9.6995,9.0778,8.1814,8.4674
2023-07-25,8.3000,8.4000,8.0800,8.3200,1916600,HIMS,8.7235,8.6827,8.9970,9.0178,9.6672,9.0624,8.1944,8.4657
2023-07-26,8.2600,8.3950,8.1700,8.2300,2707800,HIMS,8.7200,8.6425,8.9460,8.9881,9.6463,9.0465,8.2074,8.4637
2023-07-27,8.4100,8.8000,8.3000,8.4100,2420000,HIMS,8.7170,8.6203,8.8988,8.9654,9.6268,9.0339,8.2226,8.4631
2023-07-28,8.6400,8.7700,8.5000,8.6200,2072600,HIMS,8.6945,8.6222,8.8620,8.9527,9.6125,9.0261,8.2408,8.4649
2023-07-31,8.9700,8.9900,8.5550,8.6500,2866800,HIMS,8.6730,8.6553,8.8294,8.9533,9.6045,9.0250,8.2604,8.4699
2023-08-01,8.7600,8.8900,8.7000,8.8400,1685800,HIMS,8.6555,8.6653,8.7992,8.9458,9.5933,9.0197,8.2793,8.4728
2023-08-02,8.3800,8.6100,8.3400,8.5600,3228500,HIMS,8.6300,8.6381,8.7714,8.9236,9.5817,9.0071,8.2963,8.4719
2023-08-03,8.2000,8.4190,8.1800,8.3200,2588100,HIMS,8.6075,8.5964,8.7454,8.8952,9.5740,8.9911,8.3134,8.4692
2023-08-04,8.1500,8.2900,8.0500,8.2000,2733400,HIMS,8.6015,8.5539,8.7244,8.8660,9.5666,8.9744,8.3325,8.4660
2023-08-07,7.9000,8.3990,7.8500,8.3300,7962700,HIMS,8.5660,8.4916,8.7062,8.8281,9.5588,8.9532,8.3500,8.4604
2023-08-08,7.4400,9.2750,7.2200,9.2600,20229700,HIMS,8.5060,8.3915,8.6744,8.7737,9.5431,8.9232,8.3668,8.4502
2023-08-09,7.3200,7.7490,7.2650,7.4100,5581400,HIMS,8.4385,8.2894,8.6394,8.7167,9.5168,8.8915,8.3820,8.4390
2023-08-10,7.1900,7.6850,7.1350,7.3800,4817300,HIMS,8.3425,8.1847,8.6056,8.6568,9.4913,8.8578,8.3961,8.4265
2023-08-11,7.2000,7.3650,7.1200,7.1400,2421100,HIMS,8.2595,8.0909,8.5708,8.5997,9.4667,8.8249,8.4112,8.4143
2023-08-14,7.1200,7.2650,6.9850,7.1600,2722400,HIMS,8.1595,7.9985,8.5352,8.5416,9.4376,8.7912,8.4252,8.4014
2023-08-15,7.1800,7.3250,7.0100,7.0300,2513400,HIMS,8.0630,7.9205,8.4988,8.4882,9.4125,8.7593,8.4389,8.3893
2023-08-16,7.0000,7.2700,6.9900,7.1800,1961900,HIMS,7.9685,7.8328,8.4598,8.4299,9.3884,8.7244,8.4522,8.3755
2023-08-17,6.9200,7.1000,6.8300,6.9900,3105100,HIMS,7.8970,7.7459,8.4144,8.3707,9.3623,8.6887,8.4644,8.3610
2023-08-18,6.8100,6.9500,6.7300,6.8000,3600100,HIMS,7.8245,7.6568,8.3674,8.3095,9.3350,8.6515,8.4757,8.3456
2023-08-21,7.0000,7.0400,6.8300,6.8400,2385200,HIMS,7.7575,7.5942,8.3244,8.2581,9.3059,8.6188,8.4881,8.3322
2023-08-22,6.7400,7.1300,6.7050,7.0500,2035100,HIMS,7.6795,7.5129,8.2792,8.1986,9.2730,8.5816,8.5004,8.3163
2023-08-23,6.8900,6.9200,6.7300,6.7700,1824200,HIMS,7.6110,7.4535,8.2372,8.1473,9.2428,8.5481,8.5139,8.3021
2023-08-24,6.7100,6.9400,6.6400,6.9400,1636500,HIMS,7.5260,7.3827,8.1906,8.0909,9.2107,8.5117,8.5262,8.2863
2023-08-25,6.8100,6.8650,6.5950,6.7500,1605400,HIMS,7.4345,7.3282,8.1534,8.0407,9.1757,8.4780,8.5371,8.2716
2023-08-28,6.8500,7.0350,6.8000,6.8400,1597900,HIMS,7.3285,7.2826,8.1144,7.9940,9.1433,8.4458,8.5437,8.2575
2023-08-29,6.9400,7.0400,6.6750,6.7600,2032000,HIMS,7.2375,7.2500,8.0802,7.9526,9.1150,8.4159,8.5508,8.2443
2023-08-30,6.9400,7.0550,6.8200,6.9400,2103400,HIMS,7.1655,7.2205,8.0520,7.9129,9.0849,8.3867,8.5548,8.2314
2023-08-31,6.7100,7.0900,6.7050,7.0100,2317900,HIMS,7.0910,7.1719,8.0178,7.8658,9.0540,8.3535,8.5592,8.2162
2023-09-01,6.8500,6.9450,6.7800,6.8400,1567800,HIMS,7.0260,7.1412,7.9880,7.8259,9.0270,8.3237,8.5633,8.2026
2023-09-05,6.8900,6.9500,6.6450,6.8100,2311100,HIMS,6.9755,7.1173,7.9574,7.7892,8.9996,8.2954,8.5668,8.1896
2023-09-06,6.9100,6.9400,6.7700,6.9000,1320300,HIMS,6.9490,7.0975,7.9312,7.7547,8.9682,8.2679,8.5724,8.1768
2023-09-07,6.7600,6.8300,6.6700,6.7900,2000200,HIMS,6.9210,7.0654,7.8998,7.7157,8.9382,8.2381,8.5771,8.1627
2023-09-08,6.5300,6.7500,6.5200,6.7500,2360000,HIMS,6.8880,7.0144,7.8610,7.6692,8.9038,8.2042,8.5809,8.1465
2023-09-11,6.5300,6.6850,6.5100,6.5700,2020900,HIMS,6.8545,6.9683,7.8098,7.6246,8.8591,8.1711,8.5840,8.1304
2023-09-12,6.4600,6.6100,6.4300,6.5000,1904500,HIMS,6.8215,6.9199,7.7510,7.5789,8.8118,8.1372,8.5869,8.1138
2023-09-13,6.3600,6.5100,6.2300,6.4500,3223700,HIMS,6.7805,6.8665,7.6960,7.5311,8.7668,8.1020,8.5873,8.0963
2023-09-14,6.3000,6.4700,6.2400,6.4700,2498500,HIMS,6.7455,6.8126,7.6442,7.4828,8.7130,8.0663,8.5883,8.0785
2023-09-15,6.3100,6.3750,6.1700,6.3000,4147300,HIMS,6.7150,6.7647,7.5974,7.4368,8.6580,8.0315,8.5895,8.0609
2023-09-18,6.3400,6.4350,6.2300,6.3000,2149700,HIMS,6.6915,6.7243,7.5588,7.3938,8.6095,7.9980,8.5919,8.0437
2023-09-19,6.2400,6.3600,6.1700,6.3100,1522900,HIMS,6.6535,6.6782,7.5114,7.3486,8.5600,7.9632,8.5921,8.0258
2023-09-20,6.1900,6.3700,6.1900,6.2700,1290000,HIMS,6.6260,6.6317,7.4624,7.3031,8.5065,7.9281,8.5912,8.0075
2023-09-21,6.1100,6.1750,6.0400,6.0800,1600500,HIMS,6.5870,6.5820,7.4112,7.2563,8.4517,7.8921,8.5887,7.9887
2023-09-22,6.0100,6.1600,6.0100,6.1500,1285000,HIMS,6.5520,6.5275,7.3492,7.2075,8.3916,7.8549,8.5852,7.9690
2023-09-25,6.1100,6.2100,5.9320,5.9500,1558800,HIMS,6.5170,6.4877,7.2942,7.1644,8.3359,7.8203,8.5826,7.9505
2023-09-26,6.1600,6.2350,6.0200,6.0500,1170200,HIMS,6.4825,6.4565,7.2350,7.1250,8.2789,7.7874,8.5784,7.9327
2023-09-27,6.2200,6.3190,6.0800,6.2700,1268900,HIMS,6.4465,6.4340,7.1772,7.0895,8.2238,7.7564,8.5733,7.9156
2023-09-28,6.3600,6.3900,6.2400,6.2500,1804200,HIMS,6.4175,6.4270,7.1266,7.0609,8.1670,7.7287,8.5694,7.9001
2023-09-29,6.2900,6.5400,6.2400,6.4200,2028200,HIMS,6.3965,6.4139,7.0854,7.0307,8.1114,7.7002,8.5649,7.8841
2023-10-02,6.4500,6.5800,6.3000,6.3300,1895100,HIMS,6.3765,6.4173,7.0492,7.0079,8.0694,7.6755,8.5604,7.8698
2023-10-03,6.2100,6.4500,6.1700,6.3600,2948600,HIMS,6.3425,6.3976,7.0066,6.9766,8.0245,7.6465,8.5555,7.8533
2023-10-04,6.2000,6.2800,6.1050,6.2100,1648200,HIMS,6.3070,6.3788,6.9646,6.9462,7.9808,7.6178,8.5520,7.8369
2023-10-05,6.3100,6.3350,6.1200,6.1400,1524400,HIMS,6.2845,6.3722,6.9256,6.9212,7.9358,7.5919,8.5498,7.8217
2023-10-06,6.3600,6.3850,6.1800,6.2300,2506700,HIMS,6.2760,6.3711,6.8846,6.8992,7.8917,7.5675,8.5481,7.8071
2023-10-09,6.3100,6.3100,6.0400,6.2500,1851000,HIMS,6.2650,6.3653,6.8380,6.8761,7.8500,7.5426,8.5464,7.7922
2023-10-10,6.3500,6.5500,6.3000,6.3100,1797500,HIMS,6.2595,6.3638,6.7856,6.8555,7.8075,7.5190,8.5444,7.7779
2023-10-11,6.3700,6.5200,6.2200,6.4300,2496800,HIMS,6.2600,6.3644,6.7378,6.8364,7.7685,7.4963,8.5437,7.7639
2023-10-12,6.2200,6.3800,6.1600,6.3600,2269400,HIMS,6.2560,6.3506,6.6946,6.8123,7.7330,7.4710,8.5426,7.7485
2023-10-13,6.2500,6.2550,6.1050,6.2100,1191900,HIMS,6.2530,6.3411,6.6556,6.7902,7.7005,7.4468,8.5427,7.7336
2023-10-16,6.2800,6.3200,6.1300,6.2800,1887000,HIMS,6.2500,6.3352,6.6182,6.7702,7.6713,7.4237,8.5433,7.7191
2023-10-17,6.3300,6.4450,6.1500,6.2200,2208300,HIMS,6.2545,6.3347,6.5868,6.7529,7.6465,7.4020,8.5430,7.7053
2023-10-18,6.1300,6.3050,6.1200,6.2600,1642900,HIMS,6.2515,6.3152,6.5606,6.7285,7.6175,7.3769,8.5416,7.6896
2023-10-19,6.0500,6.1700,5.9800,6.1300,1326900,HIMS,6.2485,6.2900,6.5352,6.7019,7.5873,7.3506,8.5403,7.6733
2023-10-20,6.0000,6.1650,6.0000,6.0800,1614600,HIMS,6.2480,6.2624,6.5114,6.6744,7.5585,7.3238,8.5372,7.6567
2023-10-23,6.1900,6.4100,5.9600,5.9600,2102200,HIMS,6.2520,6.2555,6.4912,6.6554,7.5310,7.3014,8.5377,7.6421
2023-10-24,6.2600,6.4700,6.2100,6.2100,1629800,HIMS,6.2570,6.2559,6.4740,6.6399,7.5046,7.2808,8.5383,7.6283
2023-10-25,6.1600,6.2450,6.0600,6.2000,1598900,HIMS,6.2540,6.2468,6.4536,6.6211,7.4762,7.2586,8.5368,7.6137
2023-10-26,6.0800,6.2300,6.0350,6.1900,1369200,HIMS,6.2400,6.2309,6.4352,6.5998,7.4475,7.2352,8.5334,7.5985
2023-10-27,5.7800,6.1400,5.7500,6.1400,1936300,HIMS,6.2145,6.1879,6.4124,6.5677,7.4134,7.2064,8.5286,7.5804
2023-10-30,5.7800,5.9000,5.6500,5.7500,2179400,HIMS,6.1810,6.1491,6.3918,6.5368,7.3796,7.1782,8.5220,7.5625
2023-10-31,5.9800,6.0100,5.7840,5.8200,1521500,HIMS,6.1695,6.1330,6.3714,6.5150,7.3479,7.1544,8.5143,7.5467
2023-11-01,5.8900,6.0300,5.7600,5.9700,1641600,HIMS,6.1540,6.1098,6.3544,6.4905,7.3168,7.1294,8.5053,7.5302
2023-11-02,6.0800,6.1600,5.9650,6.0000,2239800,HIMS,6.1425,6.1070,6.3382,6.4744,7.2877,7.1086,8.4971,7.5158
2023-11-03,6.4800,6.6350,6.2100,6.2500,3670900,HIMS,6.1485,6.1425,6.3336,6.4746,7.2621,7.0962,8.4921,7.5055
2023-11-06,6.2800,6.6700,6.2300,6.6100,7701800,HIMS,6.1470,6.1556,6.3230,6.4670,7.2382,7.0800,8.4872,7.4933
2023-11-07,6.9700,7.4000,6.7200,6.7700,14123900,HIMS,6.1780,6.2332,6.3254,6.4867,7.2199,7.0778,8.4839,7.4881
2023-11-08,7.0200,7.4100,6.8600,7.0300,5541900,HIMS,6.2105,6.3081,6.3270,6.5076,7.2036,7.0767,8.4808,7.4834
2023-11-09,6.6300,7.0400,6.6100,7.0100,3206400,HIMS,6.2310,6.3388,6.3208,6.5124,7.1864,7.0678,8.4768,7.4749
2023-11-10,6.8100,6.8200,6.5800,6.6800,2154800,HIMS,6.2590,6.3837,6.3228,6.5241,7.1703,7.0627,8.4729,7.4683
2023-11-13,7.0000,7.0200,6.6750,6.7800,2202700,HIMS,6.2950,6.4424,6.3258,6.5427,7.1569,7.0615,8.4691,7.4637
2023-11-14,7.3600,7.4100,7.1800,7.2500,3129500,HIMS,6.3465,6.5297,6.3352,6.5748,7.1463,7.0674,8.4687,7.4626
2023-11-15,7.7100,7.9000,7.4200,7.4400,3592700,HIMS,6.4255,6.6422,6.3512,6.6193,7.1412,7.0801,8.4658,7.4651
2023-11-16,7.7100,7.8750,7.5600,7.7500,3080800,HIMS,6.5085,6.7439,6.3702,6.6621,7.1350,7.0926,8.4644,7.4675
2023-11-17,7.4700,7.7800,7.4000,7.7500,2346300,HIMS,6.5820,6.8130,6.3890,6.6938,7.1250,7.1001,8.4601,7.4676
2023-11-20,7.7400,7.7750,7.5000,7.5000,2408700,HIMS,6.6595,6.9013,6.4132,6.7348,7.1115,7.1128,8.4594,7.4703
2023-11-21,7.5800,7.8000,7.5050,7.6800,1718200,HIMS,6.7255,6.9659,6.4356,6.7679,7.0933,7.1220,8.4581,7.4714
2023-11-22,8.0900,8.3200,7.6700,7.7500,4501100,HIMS,6.8220,7.0730,6.4702,6.8198,7.0831,7.1412,8.4563,7.4775
2023-11-24,8.2200,8.2600,8.0200,8.0900,1234000,HIMS,6.9290,7.1822,6.5086,6.8747,7.0764,7.1625,8.4552,7.4849
2023-11-27,8.2700,8.3200,8.1000,8.1900,2164500,HIMS,7.0535,7.2858,6.5478,6.9294,7.0726,7.1845,8.4512,7.4927
2023-11-28,8.4000,8.4800,8.1300,8.2300,2976100,HIMS,7.1845,7.3919,6.5890,6.9871,7.0739,7.2085,8.4452,7.5017
2023-11-29,8.7100,8.9000,8.3900,8.5000,3941800,HIMS,7.3210,7.5175,6.6384,7.0546,7.0749,7.2383,8.4409,7.5138
2023-11-30,8.8900,9.0300,8.8000,8.8200,4749800,HIMS,7.4710,7.6482,6.6924,7.1266,7.0774,7.2710,8.4361,7.5275
2023-12-01,8.8300,9.0800,8.8200,8.9200,3043300,HIMS,7.6085,7.7607,6.7468,7.1934,7.0790,7.3018,8.4301,7.5404
2023-12-04,8.8900,8.9290,8.6450,8.8500,2712900,HIMS,7.7290,7.8683,6.8044,7.2599,7.0768,7.3333,8.4265,7.5538
2023-12-05,8.8400,8.8600,8.6400,8.8000,1786700,HIMS,7.8570,7.9608,6.8590,7.3219,7.0766,7.3631,8.4225,7.5666
2023-12-06,8.9000,9.2400,8.8750,8.9700,1998400,HIMS,7.9535,8.0503,6.9138,7.3838,7.0744,7.3936,8.4203,7.5799
2023-12-07,8.7200,8.8550,8.5810,8.8500,1727200,HIMS,8.0385,8.1141,6.9638,7.4362,7.0705,7.4198,8.4175,7.5913
2023-12-08,8.6400,8.7700,8.5950,8.6700,1907400,HIMS,8.1390,8.1641,7.0094,7.4834,7.0680,7.4440,8.4125,7.6017
2023-12-11,8.8000,8.8800,8.6400,8.6600,1490900,HIMS,8.2385,8.2247,7.0596,7.5350,7.0725,7.4708,8.4076,7.6136
2023-12-12,8.4400,8.8400,8.1900,8.8400,4469000,HIMS,8.3105,8.2452,7.0994,7.5705,7.0743,7.4900,8.4016,7.6218
2023-12-13,8.6800,8.7000,8.2950,8.4600,2913000,HIMS,8.3765,8.2866,7.1488,7.6140,7.0777,7.5136,8.3886,7.6324
2023-12-14,8.7100,8.9300,8.5700,8.8500,3682300,HIMS,8.4265,8.3269,7.1990,7.6570,7.0818,7.5373,8.3745,7.6431
2023-12-15,8.4500,8.7700,8.4230,8.7400,2879300,HIMS,8.4635,8.3387,7.2418,7.6881,7.0837,7.5554,8.3650,7.6511
2023-12-18,8.6400,8.7800,8.3800,8.4600,2108200,HIMS,8.5220,8.3674,7.2874,7.7254,7.0860,7.5768,8.3564,7.6610
2023-12-19,8.7500,8.9080,8.7000,8.7300,1970700,HIMS,8.5725,8.4038,7.3362,7.7656,7.0871,7.6001,8.3498,7.6718
2023-12-20,8.3400,8.7100,8.3000,8.7100,2334100,HIMS,8.6105,8.3977,7.3760,7.7881,7.0808,7.6147,8.3427,7.6784
2023-12-21,8.6000,8.6200,8.3800,8.4100,1882500,HIMS,8.6360,8.4170,7.4206,7.8200,7.0792,7.6342,8.3363,7.6876
2023-12-22,8.5900,8.6900,8.3700,8.5100,2261100,HIMS,8.6545,8.4335,7.4680,7.8502,7.0813,7.6532,8.3315,7.6966
2023-12-26,8.6900,8.8900,8.6400,8.6500,2168700,HIMS,8.6755,8.4579,7.5168,7.8831,7.0862,7.6737,8.3301,7.7065
2023-12-27,8.9200,9.0900,8.7250,8.7500,3810700,HIMS,8.7015,8.5019,7.5696,7.9238,7.0939,7.6984,8.3303,7.7185
2023-12-28,9.0300,9.0400,8.7850,8.9000,2144200,HIMS,8.7175,8.5522,7.6236,7.9672,7.1052,7.7247,8.3320,7.7316
2023-12-29,8.9000,9.1250,8.8800,9.0450,1844800,HIMS,8.7180,8.5853,7.6790,8.0037,7.1198,7.7480,8.3315,7.7432
2024-01-02,9.6400,9.8500,8.7000,8.8000,5779100,HIMS,8.7585,8.6858,7.7508,8.0679,7.1430,7.7855,8.3299,7.7621
2024-01-03,9.0500,9.6300,9.0500,9.4900,4461300,HIMS,8.7665,8.7205,7.8118,8.1064,7.1616,7.8105,8.3265,7.7749
2024-01-04,8.4700,9.2700,8.4300,9.0500,4628900,HIMS,8.7480,8.6966,7.8574,8.1207,7.1743,7.8236,8.3205,7.7818
2024-01-05,8.3500,8.5400,8.0900,8.3800,3772400,HIMS,8.7205,8.6636,7.8992,8.1297,7.1866,7.8340,8.3121,7.7875
2024-01-08,8.8100,8.8400,8.3400,8.3600,2561900,HIMS,8.7250,8.6775,7.9522,8.1563,7.2029,7.8533,8.3077,7.7977
2024-01-09,8.5400,8.8250,8.5100,8.6800,2186400,HIMS,8.7200,8.6644,8.0014,8.1714,7.2183,7.8669,8.3034,7.8050
2024-01-10,8.6300,8.7800,8.4000,8.5000,2453500,HIMS,8.7115,8.6612,8.0584,8.1894,7.2354,7.8820,8.2989,7.8133
2024-01-11,8.7600,8.7800,8.4050,8.5800,2419300,HIMS,8.7275,8.6706,8.1180,8.2118,7.2549,7.8994,8.2950,7.8227
2024-01-12,8.5700,9.0200,8.5500,8.7800,1857900,HIMS,8.7220,8.6610,8.1698,8.2258,7.2706,7.9127,8.2883,7.8301
2024-01-16,8.4600,8.6250,8.3300,8.4600,2352900,HIMS,8.7095,8.6419,8.2212,8.2350,7.2878,7.9235,8.2804,7.8364
2024-01-17,8.4100,8.5000,8.2400,8.2500,1738600,HIMS,8.7075,8.6198,8.2678,8.2419,7.3030,7.9332,8.2729,7.8421
2024-01-18,8.4200,8.5500,8.1400,8.4700,2040400,HIMS,8.6965,8.6007,8.3066,8.2488,7.3201,7.9428,8.2654,7.8478
2024-01-19,8.3200,8.4600,8.2010,8.4600,1739100,HIMS,8.6750,8.5740,8.3474,8.2516,7.3352,7.9503,8.2555,7.8525
2024-01-22,8.6900,8.8250,8.4400,8.4500,2712300,HIMS,8.6925,8.5851,8.3818,8.2688,7.3536,7.9649,8.2485,7.8609
2024-01-23,8.7500,8.8620,8.6000,8.8200,1821600,HIMS,8.7000,8.6008,8.4164,8.2877,7.3717,7.9805,8.2434,7.8697
2024-01-24,8.9400,8.9700,8.6250,8.9000,3795800,HIMS,8.7175,8.6331,8.4626,8.3133,7.3917,7.9995,8.2383,7.8804
2024-01-25,9.0900,9.2150,8.8900,8.9700,4062200,HIMS,8.7375,8.6766,8.5082,8.3437,7.4155,8.0211,8.2348,7.8924
2024-01-26,8.8200,9.2100,8.8200,9.1300,2600900,HIMS,8.7325,8.6902,8.5446,8.3624,7.4352,8.0369,8.2311,7.9016
2024-01-29,9.0200,9.0400,8.7000,8.8000,1942900,HIMS,8.7320,8.7217,8.5778,8.3882,7.4565,8.0564,8.2281,7.9128
2024-01-30,8.8600,9.0100,8.6250,9.0000,2188500,HIMS,8.7300,8.7348,8.6008,8.4067,7.4760,8.0723,8.2221,7.9222
2024-01-31,8.5800,8.9300,8.5500,8.7800,2095300,HIMS,8.6770,8.7201,8.6182,8.4135,7.4942,8.0823,8.2162,7.9287
2024-02-01,8.9100,8.9200,8.5900,8.6000,1596400,HIMS,8.6700,8.7382,8.6470,8.4330,7.5180,8.0987,8.2109,7.9385
2024-02-02,8.8700,9.0250,8.6400,8.7800,2664800,HIMS,8.6900,8.7507,8.6696,8.4501,7.5414,8.1140,8.2003,7.9478
2024-02-05,8.5600,8.8300,8.5050,8.8300,2061100,HIMS,8.7005,8.7326,8.6892,8.4544,7.5624,8.1228,8.1871,7.9539
2024-02-06,9.4200,9.4500,8.5840,8.6100,3651300,HIMS,8.7310,8.7980,8.7158,8.4923,7.5930,8.1485,8.1799,7.9684
2024-02-07,9.4400,9.6480,9.3000,9.4200,2456600,HIMS,8.7760,8.8592,8.7402,8.5294,7.6244,8.1741,8.1687,7.9831
2024-02-08,9.8500,9.9000,9.3900,9.4300,2397600,HIMS,8.8370,8.9535,8.7718,8.5812,7.6598,8.2073,8.1589,8.0017
2024-02-09,9.8700,10.0750,9.8100,9.8700,2327300,HIMS,8.8925,9.0408,8.8012,8.6318,7.6951,8.2402,8.1523,8.0202
2024-02-12,9.9500,10.1000,9.8120,9.9000,2309800,HIMS,8.9615,9.1274,8.8260,8.6835,7.7322,8.2740,8.1461,8.0395
2024-02-13,9.4800,9.8000,9.1410,9.5000,2980400,HIMS,9.0125,9.1610,8.8378,8.7147,7.7651,8.2979,8.1358,8.0538
2024-02-14,9.9900,10.0100,9.6600,9.6700,2452800,HIMS,9.0915,9.2399,8.8610,8.7647,7.8039,8.3314,8.1278,8.0731
2024-02-15,10.0500,10.1300,9.8900,10.0400,1762200,HIMS,9.1730,9.3171,8.8842,8.8151,7.8443,8.3655,8.1180,8.0927
2024-02-16,10.0300,10.0900,9.8600,9.9600,1754100,HIMS,9.2585,9.3850,8.9080,8.8628,7.8835,8.3984,8.1097,8.1120
2024-02-20,9.6100,9.9550,9.5300,9.9000,3529000,HIMS,9.3045,9.4064,8.9222,8.8921,7.9180,8.4224,8.0985,8.1269
2024-02-21,9.4100,9.5100,9.2220,9.4100,2735100,HIMS,9.3375,9.4068,8.9360,8.9124,7.9499,8.4420,8.0869,8.1397
2024-02-22,9.4500,9.5200,9.2500,9.4800,3885000,HIMS,9.3630,9.4109,8.9522,8.9335,7.9808,8.4619,8.0739,8.1527
2024-02-23,9.5200,9.5900,9.3550,9.4500,3271100,HIMS,9.3845,9.4213,8.9666,8.9565,8.0131,8.4829,8.0623,8.1663
2024-02-26,10.2500,10.2850,9.6700,9.7700,9742900,HIMS,9.4560,9.5002,9.0028,9.0072,8.0511,8.5179,8.0603,8.1870
2024-02-27,13.4300,13.9150,11.3800,12.3300,34615300,HIMS,9.6765,9.8745,9.0978,9.1806,8.1233,8.6152,8.0739,8.2392
2024-02-28,13.3300,13.6200,12.8300,13.1900,12966600,HIMS,9.9000,10.2036,9.1902,9.3434,8.1946,8.7085,8.0877,8.2899
2024-02-29,13.0400,13.5900,12.6300,13.5900,8497400,HIMS,10.1230,10.4737,9.2820,9.4883,8.2619,8.7943,8.0989,8.3371
2024-03-01,13.1200,13.2950,12.7300,13.1600,7473900,HIMS,10.3335,10.7257,9.3716,9.6307,8.3295,8.8799,8.1106,8.3847
2024-03-04,14.7000,14.8900,13.3400,13.4800,15269700,HIMS,10.6250,11.1042,9.4906,9.8295,8.4134,8.9952,8.1317,8.4476
2024-03-05,14.2400,14.5800,13.9100,14.5100,7481300,HIMS,10.9090,11.4029,9.6086,10.0025,8.4923,9.0990,8.1499,8.5052
2024-03-06,14.0000,14.1950,12.7500,14.1000,6464300,HIMS,11.1380,11.6502,9.7166,10.1593,8.5686,9.1961,8.1686,8.5599
2024-03-07,14.3500,14.6900,14.0700,14.1900,5591500,HIMS,11.3835,11.9073,9.8318,10.3236,8.6499,9.2982,8.1914,8.6175
2024-03-08,14.2600,14.5700,13.9900,14.3500,6669900,HIMS,11.6040,12.1314,9.9432,10.4780,8.7300,9.3964,8.2153,8.6736
2024-03-11,14.4700,14.9300,14.1800,14.3400,5235900,HIMS,11.8340,12.3541,10.0542,10.6345,8.8119,9.4969,8.2416,8.7313
2024-03-12,14.6200,14.8100,14.2600,14.4700,3280500,HIMS,12.0675,12.5699,10.1660,10.7908,8.8948,9.5983,8.2707,8.7899
2024-03-13,15.1200,15.3800,14.0600,14.2800,5147000,HIMS,12.3495,12.8128,10.2904,10.9606,8.9847,9.7077,8.3011,8.8529
2024-03-14,14.4000,15.0000,14.2200,14.8000,6077300,HIMS,12.5700,12.9640,10.3856,11.0955,9.0682,9.8006,8.3278,8.9081
2024-03-15,14.6300,14.6600,14.0800,14.3500,5364700,HIMS,12.7990,13.1226,10.4972,11.2341,9.1545,9.8962,8.3565,8.9650
2024-03-18,15.6800,15.7750,14.4500,14.7000,8120400,HIMS,13.0815,13.3662,10.6414,11.4084,9.2494,10.0107,8.3902,9.0318
2024-03-19,15.6400,15.8180,15.2800,15.5500,4491400,HIMS,13.3830,13.5827,10.7872,11.5744,9.3432,10.1222,8.4239,9.0976
2024-03-20,16.4800,16.5900,15.7400,15.7700,5572700,HIMS,13.7365,13.8587,10.9406,11.7667,9.4464,10.2481,8.4613,9.1710
2024-03-21,16.7300,16.8800,15.9470,16.4500,4776300,HIMS,14.1005,14.1321,11.1044,11.9614,9.5529,10.3765,8.5002,9.2463
2024-03-22,16.3300,16.8800,16.2500,16.8600,3782300,HIMS,14.4410,14.3414,11.2584,12.1327,9.6584,10.4944,8.5359,9.3167
2024-03-25,16.3100,17.1600,16.1800,16.4600,4054800,HIMS,14.7440,14.5289,11.4094,12.2965,9.7637,10.6095,8.5717,9.3863
2024-03-26,15.8200,16.3600,15.6300,16.3200,4741200,HIMS,14.8635,14.6519,11.5544,12.4347,9.8621,10.7127,8.6050,9.4503
2024-03-27,15.7400,16.1900,15.6700,16.0000,3859000,HIMS,14.9840,14.7555,11.7000,12.5643,9.9606,10.8122,8.6387,9.5129
2024-03-28,15.4700,16.1550,15.1300,15.7900,4306400,HIMS,15.1055,14.8236,11.8412,12.6783,10.0545,10.9045,8.6711,9.5722
2024-04-01,15.6600,15.7700,15.0000,15.6500,4073200,HIMS,15.2325,14.9032,11.9860,12.7952,10.1463,10.9986,8.7042,9.6328
2024-04-02,14.9900,15.3400,14.8800,15.2700,3845200,HIMS,15.2470,14.9115,12.1194,12.8813,10.2334,11.0777,8.7358,9.6861
2024-04-03,15.5100,15.7700,14.6800,14.8000,7350000,HIMS,15.3105,14.9685,12.2558,12.9843,10.3188,11.1655,8.7694,9.7440
2024-04-04,14.6800,15.7480,14.2000,15.5800,8430600,HIMS,15.3445,14.9410,12.3744,13.0508,10.3954,11.2350,8.7995,9.7931
2024-04-05,14.5100,14.9300,14.3200,14.6800,4242300,HIMS,15.3525,14.9000,12.4858,13.1081,10.4742,11.2999,8.8303,9.8401
2024-04-08,14.8800,15.0450,14.4450,14.6100,3364900,HIMS,15.3835,14.8981,12.6016,13.1776,10.5549,11.3708,8.8626,9.8902
2024-04-09,14.5500,15.3300,14.4750,14.9100,3909200,HIMS,15.3875,14.8649,12.7162,13.2314,10.6304,11.4337,8.8937,9.9366
2024-04-10,14.5500,14.7900,14.3000,14.5450,3901800,HIMS,15.3840,14.8349,12.8268,13.2831,10.7023,11.4955,8.9243,9.9825
2024-04-11,14.6000,14.7500,14.4250,14.5600,2974800,HIMS,15.3580,14.8125,12.9416,13.3347,10.7712,11.5569,8.9562,10.0284
2024-04-12,13.9600,15.0700,13.7700,14.5200,5897900,HIMS,15.3360,14.7314,13.0492,13.3593,10.8337,11.6045,8.9844,10.0676
2024-04-15,13.2200,14.0200,13.1700,13.9500,5292500,HIMS,15.2655,14.5874,13.1354,13.3538,10.8912,11.6365,9.0081,10.0989
2024-04-16,12.6900,12.8600,12.2760,12.5300,7022700,HIMS,15.1160,14.4067,13.2118,13.3278,10.9407,11.6574,9.0261,10.1247
2024-04-17,12.4100,12.8800,12.3500,12.8000,3898700,HIMS,14.9545,14.2165,13.2888,13.2918,10.9890,11.6723,9.0412,10.1475
2024-04-18,12.3400,12.6300,12.1400,12.3000,3549400,HIMS,14.7475,14.0378,13.3472,13.2544,11.0315,11.6855,9.0573,10.1693
2024-04-19,11.9000,12.3000,11.8100,12.0400,4828300,HIMS,14.5060,13.8342,13.3964,13.2013,11.0683,11.6897,9.0724,10.1865
2024-04-22,11.8800,12.0500,11.5900,11.9700,3456300,HIMS,14.2835,13.6481,13.4370,13.1495,11.1044,11.6935,9.0885,10.2033
2024-04-23,12.3300,12.5600,11.9100,12.0000,3337800,HIMS,14.0845,13.5226,13.4862,13.1174,11.1437,11.7061,9.1088,10.2245
2024-04-24,12.3400,12.6000,12.1450,12.4600,3109800,HIMS,13.9105,13.4099,13.5340,13.0869,11.1800,11.7187,9.1275,10.2456
2024-04-25,12.2700,12.3600,11.9550,12.0400,2293300,HIMS,13.7370,13.3014,13.5898,13.0549,11.2138,11.7296,9.1456,10.2657
2024-04-26,12.5000,12.7500,12.3100,12.3600,3601200,HIMS,13.5885,13.2251,13.6400,13.0331,11.2505,11.7448,9.1648,10.2879
2024-04-29,12.5500,12.8150,12.4200,12.5600,3666300,HIMS,13.4330,13.1608,13.6900,13.0142,11.2871,11.7608,9.1820,10.3104
2024-04-30,12.5300,12.5950,12.2400,12.3900,2748700,HIMS,13.3100,13.1007,13.7400,12.9952,11.3240,11.7760,9.2003,10.3325
2024-05-01,12.5100,13.1600,12.1850,12.4200,4813200,HIMS,13.1600,13.0444,13.7980,12.9761,11.3601,11.7905,9.2173,10.3542
2024-05-02,12.2400,12.4900,11.6500,12.4900,6123300,HIMS,13.0380,12.9678,13.8546,12.9473,11.3953,11.7994,9.2329,10.3730
2024-05-03,11.2600,12.3700,11.2000,12.2100,12039600,HIMS,12.8755,12.8052,13.8908,12.8811,11.4215,11.7888,9.2448,10.3818
2024-05-06,11.6500,11.9000,11.4500,11.8000,18676000,HIMS,12.7140,12.6952,13.9334,12.8328,11.4500,11.7860,9.2613,10.3944
2024-05-07,12.3500,13.6350,12.0700,13.6350,25707800,HIMS,12.6040,12.6623,13.9754,12.8139,11.4891,11.7972,9.2817,10.4139
2024-05-08,12.1500,12.1600,11.6400,12.0800,12703600,HIMS,12.4840,12.6135,13.9498,12.7879,11.5238,11.8042,9.3008,10.4311
2024-05-09,12.9200,13.0100,12.2200,12.2700,10467600,HIMS,12.4000,12.6427,13.9416,12.7930,11.5659,11.8263,9.3239,10.4559
2024-05-10,12.2900,12.9700,12.1700,12.8800,7000500,HIMS,12.3165,12.6091,13.9266,12.7733,11.6043,11.8355,9.3440,10.4741
2024-05-13,12.8900,12.9800,12.0700,12.3300,7092400,HIMS,12.3000,12.6359,13.9220,12.7779,11.6468,11.8563,9.3664,10.4982
2024-05-14,13.7400,13.8600,13.1200,13.2500,8719100,HIMS,12.3525,12.7410,13.9028,12.8156,11.6967,11.8936,9.3919,10.5304
2024-05-15,13.8400,14.0700,13.5000,14.0000,5397200,HIMS,12.4240,12.8457,13.8948,12.8558,11.7517,11.9322,9.4163,10.5634
2024-05-16,14.0400,14.1100,13.6000,13.8300,3391800,HIMS,12.5090,12.9594,13.8956,12.9022,11.8061,11.9739,9.4427,10.5980
2024-05-17,14.5700,14.6700,14.0030,14.1200,5436800,HIMS,12.6425,13.1128,13.9000,12.9676,11.8659,12.0253,9.4736,10.6375
2024-05-20,18.6000,20.1100,15.8500,15.9500,70740900,HIMS,12.9785,13.6354,13.9868,13.1885,11.9650,12.1555,9.5256,10.7167
2024-05-21,17.5600,18.6000,17.3500,18.1800,21745800,HIMS,13.2400,14.0092,14.0486,13.3599,12.0514,12.2625,9.5727,10.7848
2024-05-22,16.1700,17.4150,16.0600,17.1100,16267100,HIMS,13.4315,14.2150,14.0796,13.4701,12.1228,12.3399,9.6140,10.8384
2024-05-23,15.8300,16.7400,15.6600,16.7300,11200600,HIMS,13.6095,14.3688,14.0938,13.5627,12.1921,12.4090,9.6560,10.8881
2024-05-24,16.8800,16.9800,16.0200,16.1200,10022600,HIMS,13.8285,14.6079,14.1434,13.6928,12.2645,12.4976,9.7037,10.9477
2024-05-28,19.1000,19.1500,17.2400,17.3000,21134200,HIMS,14.1560,15.0358,14.2328,13.9048,12.3650,12.6283,9.7633,11.0288
2024-05-29,19.5800,19.5900,18.4800,18.6700,12412500,HIMS,14.5085,15.4685,14.3108,14.1274,12.4761,12.7660,9.8252,11.1139
2024-05-30,20.3700,21.4400,19.5000,19.7300,19095300,HIMS,14.9015,15.9353,14.4054,14.3722,12.5963,12.9165,9.8915,11.2060
2024-05-31,19.4200,20.3800,18.8900,20.1150,15992200,HIMS,15.2605,16.2672,14.4642,14.5701,12.7024,13.0453,9.9527,11.2877
2024-06-03,20.4900,21.1700,19.7000,19.9800,12901000,HIMS,15.7220,16.6694,14.5394,14.8023,12.8219,13.1927,10.0201,11.3793
2024-06-04,20.8300,20.8700,19.4100,20.1500,7911100,HIMS,16.1810,17.0656,14.6294,15.0387,12.9439,13.3440,10.0897,11.4733
2024-06-05,21.7500,21.7500,20.5500,21.0300,10205100,HIMS,16.6510,17.5118,14.7382,15.3019,13.0738,13.5104,10.1644,11.5756
2024-06-06,21.5700,21.7300,20.8300,21.5000,6835300,HIMS,17.1220,17.8983,14.8532,15.5477,13.2038,13.6700,10.2372,11.6750
2024-06-07,20.7900,21.9500,20.7000,21.3100,9721500,HIMS,17.5155,18.1737,14.9542,15.7533,13.3271,13.8110,10.3075,11.7657
2024-06-10,21.6200,22.1000,20.6000,20.6800,8397700,HIMS,17.9820,18.5019,15.0772,15.9833,13.4592,13.9656,10.3811,11.8638
2024-06-11,22.0400,22.1300,21.0600,21.4700,7589300,HIMS,18.4395,18.8389,15.2048,16.2208,13.5954,14.1255,10.4578,11.9650
2024-06-12,23.6800,24.3500,22.6700,22.7500,14705300,HIMS,18.9365,19.2999,15.3786,16.5134,13.7490,14.3147,10.5421,12.0816
2024-06-13,24.3700,24.5600,23.2400,23.7000,9570100,HIMS,19.4630,19.7828,15.5558,16.8215,13.9058,14.5138,10.6297,12.2039
2024-06-14,23.7500,24.4350,23.5200,24.1500,7955500,HIMS,19.9485,20.1606,15.7372,17.0932,14.0558,14.6967,10.7138,12.3188
2024-06-17,24.1500,25.5000,23.2100,24.1700,14548500,HIMS,20.4275,20.5406,15.9300,17.3699,14.2079,14.8839,10.7998,12.4365
2024-06-18,24.7900,25.7400,23.5300,23.5900,11898400,HIMS,20.7370,20.9453,16.1282,17.6609,14.3649,15.0801,10.8902,12.5594
2024-06-20,22.3900,24.5500,21.9200,24.5000,15374500,HIMS,20.9785,21.0829,16.2850,17.8463,14.5006,15.2248,10.9679,12.6572
2024-06-21,22.1500,22.5200,20.9200,22.5000,11820500,HIMS,21.2775,21.1845,16.4370,18.0151,14.6319,15.3620,11.0442,12.7517
2024-06-24,22.1500,22.8800,21.8000,22.0200,9566900,HIMS,21.5935,21.2764,16.5880,18.1773,14.7648,15.4964,11.1204,12.8452
2024-06-25,23.1600,23.4700,22.1600,22.1800,7627700,HIMS,21.9075,21.4558,16.7720,18.3727,14.9106,15.6481,11.2024,12.9478
2024-06-26,21.5600,23.0600,20.9600,22.8200,11273500,HIMS,22.0305,21.4657,16.9388,18.4977,15.0371,15.7652,11.2776,13.0335
2024-06-27,20.0200,20.6800,18.8000,19.4500,25638900,HIMS,22.0525,21.3281,17.0854,18.5574,15.1486,15.8495,11.3450,13.1030
2024-06-28,20.1900,20.4500,19.4740,20.2000,20714300,HIMS,22.0435,21.2197,17.2410,18.6214,15.2649,15.9354,11.4137,13.1735
2024-07-01,21.4200,21.4800,20.1900,20.4000,8701600,HIMS,22.1435,21.2388,17.4226,18.7311,15.3849,16.0440,11.4890,13.2556
2024-07-02,21.2100,21.9700,20.5300,21.2900,5375100,HIMS,22.1795,21.2360,17.6088,18.8283,15.5026,16.1463,11.5635,13.3348
2024-07-03,20.4900,21.2980,20.4100,21.2700,3818100,HIMS,22.1625,21.1650,17.7810,18.8935,15.6090,16.2323,11.6344,13.4059
2024-07-05,20.7800,20.7800,20.0200,20.4900,4081300,HIMS,22.1140,21.1283,17.9500,18.9675,15.7181,16.3224,11.7066,13.4793
2024-07-08,20.5100,21.4200,20.4800,20.8800,5418000,HIMS,22.0610,21.0694,18.1134,19.0280,15.8237,16.4053,11.7780,13.5493
2024-07-09,20.6900,20.7590,19.9200,20.4000,5037400,HIMS,22.0560,21.0333,18.2818,19.0932,15.9358,16.4901,11.8505,13.6203
2024-07-10,20.2100,21.3200,19.8300,21.2100,5331400,HIMS,21.9855,20.9549,18.4360,19.1370,16.0380,16.5638,11.9210,13.6859
2024-07-11,21.0500,21.3600,20.6200,20.9300,6380300,HIMS,21.9360,20.9639,18.6060,19.2120,16.1480,16.6526,11.9962,13.7592
2024-07-12,21.7200,22.5700,21.1000,21.1500,8662200,HIMS,21.8380,21.0359,18.7898,19.3103,16.2649,16.7530,12.0742,13.8384
2024-07-15,22.8400,23.4300,21.9500,22.0600,8121900,HIMS,21.7615,21.2078,18.9964,19.4487,16.3972,16.8735,12.1576,13.9280
2024-07-16,23.1100,23.9550,22.8130,23.3500,7128800,HIMS,21.7295,21.3889,19.2138,19.5923,16.5342,16.9970,12.2421,14.0193
2024-07-17,21.9900,23.3300,21.8100,22.7200,6543900,HIMS,21.6215,21.4462,19.4284,19.6864,16.6596,17.0959,12.3202,14.0986
2024-07-18,20.3700,22.6600,20.2200,22.4100,8874400,HIMS,21.4005,21.3437,19.6028,19.7132,16.7681,17.1607,12.3906,14.1610
2024-07-19,19.4200,21.1150,19.0400,20.7300,15012400,HIMS,21.2520,21.1605,19.7442,19.7017,16.8598,17.2055,12.4555,14.2134
2024-07-22,20.3400,20.6000,19.8000,20.0100,7170800,HIMS,21.1615,21.0823,19.9080,19.7267,16.9289,17.2675,12.5261,14.2743
2024-07-23,22.7700,22.9200,20.1700,20.3000,9439700,HIMS,21.1925,21.2431,20.1050,19.8460,17.0233,17.3765,12.6090,14.3589
2024-07-24,22.5100,22.7600,21.9200,22.2500,5957700,HIMS,21.1600,21.3637,20.3094,19.9505,17.1180,17.4781,12.6900,14.4400
2024-07-25,23.2500,23.6800,21.7600,22.4100,7763600,HIMS,21.2445,21.5434,20.5166,20.0799,17.2193,17.5924,12.7744,14.5276
2024-07-26,21.7700,24.2400,21.3600,23.7200,11507200,HIMS,21.3320,21.5649,20.6772,20.1462,17.2900,17.6752,12.8517,14.5997
2024-07-29,21.7100,22.3700,21.3400,21.8700,4537400,HIMS,21.4080,21.5788,20.8346,20.2075,17.3647,17.7551,12.9285,14.6704
2024-07-30,21.2000,22.2870,21.1000,21.7300,5348600,HIMS,21.3970,21.5427,20.9778,20.2464,17.4367,17.8233,13.0027,14.7354
2024-07-31,21.2400,21.9700,21.1150,21.5500,6471900,HIMS,21.3985,21.5139,21.1112,20.2854,17.5056,17.8909,13.0778,14.8001
2024-08-01,18.5100,22.2500,17.8000,20.9200,26801500,HIMS,21.2995,21.2278,21.1094,20.2158,17.5481,17.9032,13.1391,14.8370
2024-08-02,17.5800,17.9800,17.2500,17.8600,11376900,HIMS,21.1395,20.8804,21.1098,20.1124,17.5792,17.8968,13.1956,14.8643
2024-08-05,17.8400,18.0800,15.8700,16.3500,22811700,HIMS,21.0060,20.5908,21.1432,20.0233,17.6114,17.8957,13.2531,14.8939
2024-08-06,16.8800,17.7800,16.0100,17.5250,21036000,HIMS,20.8155,20.2374,21.1642,19.9000,17.6290,17.8756,13.3069,14.9137
2024-08-07,16.0400,16.8400,15.8100,16.8000,12904600,HIMS,20.6070,19.8377,21.1474,19.7487,17.6454,17.8392,13.3568,14.9249
2024-08-08,15.8500,16.2800,14.7500,15.9900,18217100,HIMS,20.3470,19.4579,21.0824,19.5958,17.6576,17.7998,13.4061,14.9341
2024-08-09,15.9600,16.4400,15.8000,16.0500,8244500,HIMS,20.0590,19.1247,21.0100,19.4532,17.6604,17.7634,13.4549,14.9443
2024-08-12,15.9700,16.6550,15.6900,15.9700,8066500,HIMS,19.7155,18.8243,20.9220,19.3166,17.6637,17.7279,13.5035,14.9545
2024-08-13,15.9800,16.2200,15.3900,16.1300,8290200,HIMS,19.3590,18.5534,20.8532,19.1857,17.6587,17.6933,13.5526,14.9647
2024-08-14,15.4300,16.2000,15.4100,16.1000,6904200,HIMS,19.0310,18.2559,20.7520,19.0385,17.6457,17.6484,13.5993,14.9694
2024-08-15,15.7100,16.0600,15.5600,15.9000,6925400,HIMS,18.7980,18.0135,20.6496,18.9079,17.6395,17.6101,13.6490,14.9767
2024-08-16,15.5800,15.8000,15.3500,15.6600,6810200,HIMS,18.6060,17.7817,20.5262,18.7774,17.6322,17.5699,13.6980,14.9827
2024-08-19,16.5600,16.7000,15.6000,15.6000,7045900,HIMS,18.4170,17.6654,20.4260,18.6905,17.6396,17.5499,13.7509,14.9984
2024-08-20,16.5300,16.9300,16.0200,16.7100,6515600,HIMS,18.1050,17.5572,20.3408,18.6057,17.6475,17.5297,13.8041,15.0137
2024-08-21,16.5700,16.8000,16.0800,16.7100,5351700,HIMS,17.8080,17.4632,20.2398,18.5259,17.6585,17.5107,13.8565,15.0292
2024-08-22,16.4600,17.6100,16.3300,17.2900,9802400,HIMS,17.4685,17.3677,20.1282,18.4449,17.6665,17.4899,13.9064,15.0434
2024-08-23,16.7300,17.3800,16.5400,16.7400,7369500,HIMS,17.2165,17.3069,19.9892,18.3776,17.6839,17.4748,13.9587,15.0602
2024-08-26,16.0500,16.7800,15.9260,16.7800,5935900,HIMS,16.9335,17.1872,19.8228,18.2864,17.6893,17.4466,14.0041,15.0700
2024-08-27,14.8400,15.4500,14.7600,14.8200,13887700,HIMS,16.6155,16.9637,19.6446,18.1512,17.6909,17.3950,14.0432,15.0677
2024-08-28,14.6400,15.0500,14.4000,14.4500,7675000,HIMS,16.2855,16.7424,19.4544,18.0135,17.6922,17.3404,14.0832,15.0635
2024-08-29,14.7300,14.9850,14.5750,14.7400,4899900,HIMS,16.0965,16.5507,19.2532,17.8848,17.6907,17.2887,14.1228,15.0602
2024-08-30,14.7300,14.9400,14.3700,14.8100,5448500,HIMS,15.9540,16.3773,19.1000,17.7610,17.6925,17.2381,14.1615,15.0569
2024-09-03,14.5000,14.7200,14.3050,14.6500,6559000,HIMS,15.7870,16.1985,18.9470,17.6332,17.6920,17.1839,14.1972,15.0513
2024-09-04,14.6100,14.8300,14.1700,14.3300,4018700,HIMS,15.6735,16.0472,18.7962,17.5146,17.6921,17.1329,14.2317,15.0469
2024-09-05,14.4300,14.6700,14.1600,14.4900,3824200,HIMS,15.5930,15.8932,18.6216,17.3936,17.6968,17.0794,14.2653,15.0408
2024-09-06,13.6500,14.4200,13.4700,14.3100,9235400,HIMS,15.4830,15.6796,18.4634,17.2468,17.7011,17.0115,14.2962,15.0270
2024-09-09,13.9700,14.1900,13.7000,13.9600,6025000,HIMS,15.3835,15.5168,18.3424,17.1183,17.7139,16.9512,14.3273,15.0164
2024-09-10,14.5300,14.6400,13.8400,13.8600,5752700,HIMS,15.3115,15.4228,18.2292,17.0168,17.7351,16.9033,14.3621,15.0116
2024-09-11,15.2700,15.5000,14.5300,14.5500,6851300,HIMS,15.2760,15.4082,18.1062,16.9483,17.7644,16.8709,14.3980,15.0142
2024-09-12,15.8200,16.4050,15.1900,15.2400,10272700,HIMS,15.2955,15.4474,17.9984,16.9041,17.8036,16.8501,14.4360,15.0222
2024-09-13,16.5700,16.9100,16.0910,16.2500,8820000,HIMS,15.3385,15.5544,17.9200,16.8910,17.8505,16.8446,14.4775,15.0376
2024-09-16,16.2800,16.6800,16.1300,16.4500,4883800,HIMS,15.3735,15.6235,17.8300,16.8670,17.8900,16.8334,14.5169,15.0500
2024-09-17,16.1000,16.6900,15.8900,16.5000,5082800,HIMS,15.3505,15.6689,17.7418,16.8369,17.9276,16.8189,14.5538,15.0604
2024-09-18,16.3100,16.8000,16.1500,16.2700,4715700,HIMS,15.3395,15.7299,17.6542,16.8163,17.9680,16.8088,14.5909,15.0728
2024-09-19,16.9200,17.1900,16.6300,17.1200,6794600,HIMS,15.3570,15.8433,17.5884,16.8203,18.0122,16.8110,14.6314,15.0912
2024-09-20,16.3000,16.9000,15.7300,16.8100,11135600,HIMS,15.3490,15.8868,17.4934,16.7999,18.0497,16.8009,14.6684,15.1033
2024-09-23,16.4400,16.5300,16.1950,16.4600,3949100,HIMS,15.3345,15.9394,17.3878,16.7858,18.0888,16.7937,14.7064,15.1166
2024-09-24,17.2700,17.2900,16.3600,16.6000,5986200,HIMS,15.3955,16.0662,17.2764,16.8048,18.1364,16.8032,14.7483,15.1380
2024-09-25,17.2600,17.5200,17.0400,17.3700,4011200,HIMS,15.5165,16.1799,17.1594,16.8227,18.1866,16.8122,14.7910,15.1591
2024-09-26,17.7100,18.0800,17.2500,17.5500,5489600,HIMS,15.6700,16.3256,17.0738,16.8574,18.2511,16.8300,14.8363,15.1845
2024-09-27,17.7700,17.9500,17.0300,17.8100,5526400,HIMS,15.8220,16.4632,17.0218,16.8932,18.3123,16.8486,14.8812,15.2102
2024-09-30,18.4200,18.6450,17.6050,17.8700,7009900,HIMS,16.0065,16.6495,17.0018,16.9531,18.3730,16.8797,14.9311,15.2421
2024-10-01,19.3100,19.3600,17.9100,18.5000,10062500,HIMS,16.2470,16.9029,16.9812,17.0455,18.4446,16.9278,14.9842,15.2826
2024-10-02,18.9500,19.2400,18.3000,19.1600,6008500,HIMS,16.4640,17.0979,16.9048,17.1202,18.5049,16.9679,15.0354,15.3191
2024-10-03,17.1300,17.3870,16.0500,16.9500,25320900,HIMS,16.5990,17.1009,16.7972,17.1206,18.5533,16.9711,15.0788,15.3371
2024-10-04,17.6600,17.7400,16.6900,17.5500,7932000,HIMS,16.7995,17.1542,16.6854,17.1418,18.6010,16.9847,15.1239,15.3602
2024-10-07,19.4400,19.9900,18.6100,18.7500,25996700,HIMS,17.0730,17.3719,16.6388,17.2319,18.6580,17.0334,15.1774,15.4008
2024-10-08,18.7500,19.1700,18.2900,18.5000,49075100,HIMS,17.2840,17.5031,16.5796,17.2914,18.7071,17.0674,15.2294,15.4342
2024-10-09,18.7300,19.2000,18.1500,18.3200,8671400,HIMS,17.4570,17.6200,16.5302,17.3478,18.7540,17.1003,15.2800,15.4670
2024-10-10,17.8500,18.2300,17.5300,18.0100,11351700,HIMS,17.5585,17.6419,16.4624,17.3675,18.7868,17.1151,15.3263,15.4907
2024-10-11,18.6900,18.7300,17.3600,17.8000,8557100,HIMS,17.6645,17.7417,16.4660,17.4194,18.7877,17.1463,15.3764,15.5225
2024-10-14,20.5000,21.1900,19.7000,20.0000,19101300,HIMS,17.8755,18.0044,16.5244,17.5402,18.8171,17.2127,15.4343,15.5720
2024-10-15,22.8000,22.9450,20.0800,20.4100,17277400,HIMS,18.2105,18.4611,16.6236,17.7465,18.8834,17.3234,15.5031,15.6439
2024-10-16,22.3600,23.0700,22.1900,22.6400,8478700,HIMS,18.5130,18.8324,16.7332,17.9274,18.9487,17.4231,15.5704,15.7108
2024-10-17,21.5600,22.2800,21.2450,21.8000,7421300,HIMS,18.7450,19.0922,16.8436,18.0698,18.9955,17.5050,15.6300,15.7690
2024-10-18,22.1500,22.1600,21.1000,21.7600,6348400,HIMS,19.0375,19.3834,16.9696,18.2298,19.0260,17.5970,15.6955,15.8325
2024-10-21,23.0500,23.3100,21.8600,22.2000,8054500,HIMS,19.3680,19.7326,17.1114,18.4189,19.0607,17.7050,15.7684,15.9043
2024-10-22,23.5900,23.7400,22.5500,22.8000,7418600,HIMS,19.6840,20.1000,17.2638,18.6217,19.0929,17.8215,15.8446,15.9808
2024-10-23,21.3800,23.1990,20.7700,23.1500,11670600,HIMS,19.8900,20.2219,17.3718,18.7298,19.1125,17.8920,15.9074,16.0345
2024-10-24,21.5200,21.9700,21.1600,21.6200,5932000,HIMS,20.0805,20.3455,17.4936,18.8393,19.1228,17.9638,15.9723,16.0891
2024-10-25,21.7300,22.2000,21.2700,21.5000,3971000,HIMS,20.2785,20.4774,17.6140,18.9526,19.1318,18.0384,16.0378,16.1452
2024-10-28,23.0800,23.2100,22.3600,22.4600,6136300,HIMS,20.5115,20.7252,17.7640,19.1145,19.1451,18.1382,16.1094,16.2142
2024-10-29,22.2400,23.5620,22.2100,23.1600,6379300,HIMS,20.6580,20.8695,17.8776,19.2370,19.1518,18.2195,16.1778,16.2742
2024-10-30,19.0400,21.8620,18.6300,21.5400,25749100,HIMS,20.6625,20.6953,17.9278,19.2293,19.1343,18.2357,16.2307,16.3017
2024-10-31,18.8300,19.1900,18.3250,19.1100,10793000,HIMS,20.7475,20.5176,17.9730,19.2137,19.1064,18.2475,16.2828,16.3268
2024-11-01,20.3600,20.5900,18.7000,19.0000,12245000,HIMS,20.8825,20.5026,18.0510,19.2586,19.0896,18.2893,16.3425,16.3670
2024-11-04,20.7600,21.3500,20.0300,20.1500,18449700,HIMS,20.9485,20.5271,18.1316,19.3175,19.0604,18.3382,16.4047,16.4107
2024-11-05,20.6400,22.2800,19.5400,22.0800,41777400,HIMS,21.0430,20.5379,18.2234,19.3694,19.0231,18.3838,16.4644,16.4528
2024-11-06,23.4200,24.6800,21.3600,21.6000,36942800,HIMS,21.2775,20.8124,18.3950,19.5282,19.0198,18.4835,16.5378,16.5221
2024-11-07,23.6200,24.3500,23.2800,23.4000,13278100,HIMS,21.5660,21.0798,18.5746,19.6887,19.0145,18.5852,16.6112,16.5927
2024-11-08,23.4100,23.6100,21.4100,23.6000,17983800,HIMS,21.8020,21.3017,18.7482,19.8346,19.0007,18.6808,16.6828,16.6605
2024-11-11,27.8800,29.6800,24.3900,24.8000,38534700,HIMS,22.1710,21.9282,19.0112,20.1501,19.0556,18.8629,16.7781,16.7722
2024-11-12,26.6900,28.3700,26.1600,26.4600,15916200,HIMS,22.3655,22.3817,19.2550,20.4066,19.1010,19.0179,16.8664,16.8709
2024-11-13,27.6000,30.4400,27.5100,29.1200,21430900,HIMS,22.6275,22.8787,19.5148,20.6887,19.1555,19.1879,16.9601,16.9776
2024-11-14,20.8500,25.4500,20.2100,24.0800,62791600,HIMS,22.5920,22.6855,19.6432,20.6950,19.1324,19.2208,17.0215,17.0162
2024-11-15,19.3200,21.3800,19.1500,21.3350,32409600,HIMS,22.4505,22.3650,19.7566,20.6411,19.1100,19.2228,17.0736,17.0391
2024-11-18,20.9900,21.9200,19.2900,19.5000,23562200,HIMS,22.3475,22.2340,19.8970,20.6548,19.1197,19.2578,17.1341,17.0784
2024-11-19,23.5300,23.6400,20.0200,20.5850,22845300,HIMS,22.3445,22.3574,20.0770,20.7675,19.1531,19.3424,17.2090,17.1426
2024-11-20,21.7900,23.1200,21.4400,23.0500,18420500,HIMS,22.3650,22.3034,20.2074,20.8076,19.1568,19.3908,17.2709,17.1888
2024-11-21,24.1500,24.5800,21.3600,21.9000,24054400,HIMS,22.4965,22.4793,20.3740,20.9387,19.1862,19.4851,17.3444,17.2581
2024-11-22,25.3300,25.3700,23.0300,23.7150,17465100,HIMS,22.6765,22.7508,20.5492,21.1109,19.2346,19.6008,17.4218,17.3384
2024-11-25,31.3500,31.3950,26.3700,26.4900,49446700,HIMS,23.0900,23.5697,20.8506,21.5124,19.3403,19.8335,17.5292,17.4778
2024-11-26,30.6800,31.6780,29.3700,29.9000,19613600,HIMS,23.5120,24.2469,21.1422,21.8719,19.4420,20.0482,17.6329,17.6092
2024-11-27,30.3400,35.0200,30.0300,31.4900,24738800,HIMS,24.0770,24.8272,21.4228,22.2040,19.5385,20.2520,17.7372,17.7359
2024-11-29,32.2200,32.6500,29.8000,30.2400,10258600,HIMS,24.7465,25.5313,21.7288,22.5968,19.6586,20.4890,17.8483,17.8800
2024-12-02,30.8500,33.9900,30.7150,33.5600,15623300,HIMS,25.2710,26.0378,22.0198,22.9205,19.7566,20.6942,17.9523,18.0090
2024-12-03,32.2100,33.9300,30.7710,31.2900,13983300,HIMS,25.8435,26.6256,22.3352,23.2848,19.8615,20.9222,18.0632,18.1503
2024-12-04,33.9200,34.4100,31.9000,32.0000,14816300,HIMS,26.5075,27.3203,22.6682,23.7018,19.9723,21.1796,18.1848,18.3073
2024-12-05,31.6000,34.8800,31.5400,33.1000,14224400,HIMS,26.9165,27.7279,22.9550,24.0116,20.0572,21.3860,18.2957,18.4395
2024-12-06,34.2300,34.5000,31.0000,32.6400,13460700,HIMS,27.4470,28.3472,23.2854,24.4123,20.1796,21.6403,18.4196,18.5966
2024-12-09,32.6300,34.8600,32.6000,34.3000,10909200,HIMS,27.9080,28.7551,23.5826,24.7345,20.3022,21.8579,18.5352,18.7363
2024-12-10,30.8700,32.3000,29.6800,32.2500,14460600,HIMS,28.0575,28.9565,23.8316,24.9751,20.4167,22.0364,18.6383,18.8570
2024-12-11,30.1900,30.5100,28.7200,30.5100,13123900,HIMS,28.2325,29.0740,24.0492,25.1797,20.5152,22.1978,18.7221,18.9698
2024-12-12,30.0900,32.2200,30.0900,30.2000,8481300,HIMS,28.3570,29.1707,24.2720,25.3722,20.5884,22.3541,18.8059,19.0804
2024-12-13,30.0200,30.6000,28.4000,29.7200,7944400,HIMS,28.8155,29.2516,24.5298,25.5545,20.6635,22.5059,18.8908,19.1893
2024-12-16,31.2500,31.4000,28.5100,29.5800,9336400,HIMS,29.4120,29.4419,24.8016,25.7778,20.7435,22.6791,18.9814,19.3093
2024-12-17,31.1200,33.1400,30.1600,32.2000,14673200,HIMS,29.9185,29.6018,25.0352,25.9873,20.8370,22.8462,19.0635,19.4268
2024-12-18,28.5500,31.6250,28.1900,31.3400,13605700,HIMS,30.1695,29.5016,25.2312,26.0878,20.9054,22.9592,19.1351,19.5176
2024-12-19,26.3600,27.8100,24.6200,26.0400,31501300,HIMS,30.3980,29.2024,25.3838,26.0985,20.9570,23.0265,19.1969,19.5857
2024-12-20,26.2000,27.1300,25.3100,26.0400,17296300,HIMS,30.5005,28.9164,25.5508,26.1025,21.0066,23.0893,19.2561,19.6515
2024-12-23,27.6000,27.7000,26.2000,26.9300,11008700,HIMS,30.6140,28.7911,25.7290,26.1612,21.0975,23.1787,19.3228,19.7306
2024-12-24,28.1500,28.2900,27.3700,27.9700,4484600,HIMS,30.4540,28.7300,25.8820,26.2392,21.2032,23.2771,19.3912,19.8143
2024-12-26,28.4900,30.2300,27.7500,28.0500,9851600,HIMS,30.3445,28.7072,25.9958,26.3275,21.3097,23.3803,19.4606,19.9007
2024-12-27,26.5600,28.7100,26.3800,28.4600,8871100,HIMS,30.1555,28.5027,26.0798,26.3366,21.4065,23.4433,19.5178,19.9669
2024-12-30,25.1700,26.1300,25.0100,25.5400,9286200,HIMS,29.8030,28.1853,26.1520,26.2908,21.4978,23.4775,19.5716,20.0187
2024-12-31,24.1800,25.7000,24.1100,25.6000,8860200,HIMS,29.4695,27.8038,26.1926,26.2081,21.5811,23.4914,19.6194,20.0601
2025-01-02,25.2000,25.8500,24.2000,24.6200,9574200,HIMS,29.1190,27.5558,26.2356,26.1685,21.6735,23.5252,19.6670,20.1113
2025-01-03,26.6300,26.7550,25.0600,25.1100,7243100,HIMS,28.7545,27.4677,26.2964,26.1866,21.7801,23.5867,19.7219,20.1761
2025-01-06,26.9000,28.2000,26.3600,27.3500,9048400,HIMS,28.5195,27.4136,26.4068,26.2146,21.8893,23.6523,19.7740,20.2430
2025-01-07,27.6700,28.8100,26.2600,27.6800,10929200,HIMS,28.1915,27.4380,26.5298,26.2717,22.0117,23.7319,19.8287,20.3169
2025-01-08,25.7300,28.3000,25.4700,26.7000,11265200,HIMS,27.8465,27.2753,26.6098,26.2504,22.1119,23.7714,19.8757,20.3708
2025-01-10,25.4100,25.6100,24.0700,24.1500,9237100,HIMS,27.5735,27.0977,26.6564,26.2175,22.2102,23.8039,19.9212,20.4209
2025-01-13,25.9000,26.3800,24.2100,24.7700,11874800,HIMS,27.3590,26.9836,26.7296,26.2050,22.3036,23.8454,19.9716,20.4754
2025-01-14,26.2100,26.5900,25.1600,25.9000,7157000,HIMS,27.1650,26.9099,26.8730,26.2052,22.4004,23.8922,20.0240,20.5325
2025-01-15,27.8600,27.9500,25.9400,27.2400,10510600,HIMS,27.0570,27.0004,27.0536,26.2701,22.5133,23.9708,20.0859,20.6054
2025-01-16,27.9400,28.6800,26.6500,28.0900,9732000,HIMS,26.8915,27.0899,27.2052,26.3356,22.6281,24.0494,20.1473,20.6784
2025-01-17,27.8500,28.0900,25.5600,27.6900,18881000,HIMS,26.7280,27.1623,27.3470,26.3950,22.7393,24.1246,20.2116,20.7498
2025-01-21,29.8100,30.0000,28.0100,28.6800,11636000,HIMS,26.7910,27.4145,27.5304,26.5289,22.8769,24.2372,20.2831,20.8399
2025-01-22,29.7200,30.1900,28.7500,29.7300,7627200,HIMS,26.9590,27.6340,27.6564,26.6540,23.0257,24.3458,20.3583,20.9283
2025-01-23,30.8900,30.9100,28.4800,29.0300,9509000,HIMS,27.1935,27.9441,27.8018,26.8202,23.1882,24.4754,20.4402,21.0274
2025-01-24,30.8700,32.0700,30.6520,31.0000,8964300,HIMS,27.3570,28.2228,27.9510,26.9790,23.3496,24.6020,20.5202,21.1253
2025-01-27,30.5100,31.8700,29.1000,29.2900,10985000,HIMS,27.4750,28.4406,28.0036,27.1175,23.5074,24.7190,20.6000,21.2187
2025-01-28,31.5400,32.7300,30.3500,31.0000,7679400,HIMS,27.6275,28.7358,28.1006,27.2909,23.6778,24.8541,20.6849,21.3214
2025-01-29,31.8600,32.3300,30.9200,31.9000,6040500,HIMS,27.8925,29.0333,28.1858,27.4701,23.8503,24.9928,20.7712,21.4263
2025-01-30,33.9600,34.3500,32.0900,32.1800,11315800,HIMS,28.3320,29.5025,28.4480,27.7246,24.0456,25.1704,20.8712,21.5510
2025-01-31,37.2800,37.9600,33.6800,34.0000,19691200,HIMS,28.9870,30.2433,28.8072,28.0993,24.2819,25.4102,20.9915,21.7075
2025-02-03,38.9300,39.7400,35.0000,35.0100,19020400,HIMS,29.6735,31.0706,29.1660,28.5240,24.5315,25.6779,21.1227,21.8789
2025-02-04,41.8500,41.9800,38.3800,39.3300,16473400,HIMS,30.4345,32.0972,29.5324,29.0466,24.8047,25.9981,21.2699,22.0776
2025-02-05,42.2000,44.4300,41.4000,42.0000,17369000,HIMS,31.1995,33.0593,29.9406,29.5624,25.0740,26.3190,21.4192,22.2778
2025-02-06,40.4700,43.1600,39.2700,41.9000,15790500,HIMS,31.8395,33.7651,30.2670,29.9902,25.3205,26.5992,21.5621,22.4588
2025-02-07,42.5500,46.0100,41.4800,41.4800,21856500,HIMS,32.6805,34.6018,30.6114,30.4827,25.5803,26.9150,21.7154,22.6587
2025-02-10,44.7700,45.1780,41.3040,43.2300,13148800,HIMS,33.6485,35.5702,30.8798,31.0430,25.8652,27.2686,21.8776,22.8787
2025-02-11,43.5800,45.1400,42.7100,44.1800,7337100,HIMS,34.5325,36.3330,31.1378,31.5347,26.1400,27.5916,22.0338,23.0847
2025-02-12,46.3400,46.4950,42.8000,43.0000,9167900,HIMS,35.5390,37.2861,31.4578,32.1153,26.4403,27.9628,22.2042,23.3161
2025-02-13,59.1800,59.5500,47.1430,47.5300,42823800,HIMS,37.1050,39.3712,31.9970,33.1766,26.8629,28.5810,22.4376,23.6730
2025-02-14,60.4700,64.8400,58.6240,60.0200,38734300,HIMS,38.7315,41.3806,32.5894,34.2470,27.3046,29.2125,22.6772,24.0391
2025-02-18,58.5000,60.9900,56.3600,60.7000,21100900,HIMS,40.2640,43.0110,33.1152,35.1981,27.7252,29.7924,22.9070,24.3820
2025-02-19,68.7400,72.9800,58.6950,59.2600,59517400,HIMS,42.2105,45.4614,33.8116,36.5134,28.2399,30.5637,23.1882,24.8234
2025-02-20,66.4100,67.3800,59.6000,65.0800,30853000,HIMS,44.0450,47.4565,34.5078,37.6858,28.7314,31.2735,23.4590,25.2372
2025-02-21,49.2800,57.3700,49.0500,53.5100,88977000,HIMS,44.9645,47.6302,34.8088,38.1405,29.0471,31.6301,23.6491,25.4764
2025-02-24,51.3100,52.7200,43.8100,48.1400,63215400,HIMS,45.9865,47.9806,35.1824,38.6570,29.3825,32.0198,23.8474,25.7335
2025-02-25,39.8600,43.2200,36.0200,39.8800,82827000,HIMS,46.4540,47.2072,35.3622,38.7041,29.5969,32.1750,23.9850,25.8740
2025-02-26,41.8900,44.6200,39.9200,40.2400,44967100,HIMS,46.9715,46.7008,35.5962,38.8291,29.8227,32.3674,24.1337,26.0334
2025-02-27,41.3400,45.8000,40.4600,43.2100,40655100,HIMS,47.4455,46.1903,35.8212,38.9275,30.0466,32.5451,24.2758,26.1857
2025-02-28,45.0900,45.3100,40.1400,40.4300,30500100,HIMS,48.0020,46.0855,36.1226,39.1692,30.3262,32.7935,24.4398,26.3738
2025-03-03,40.6800,46.3490,39.6630,44.9700,25679000,HIMS,48.1720,45.5707,36.3112,39.2285,30.5564,32.9496,24.5787,26.5161
2025-03-04,40.4900,42.1900,36.8150,37.9900,24460300,HIMS,48.2500,45.0868,36.4986,39.2779,30.7669,33.0990,24.7125,26.6552
2025-03-05,40.8900,41.3200,37.4200,37.7900,21294300,HIMS,48.2020,44.6871,36.7454,39.3411,30.9883,33.2532,24.8477,26.7968
2025-03-06,34.3900,38.6900,34.0000,37.4000,31345400,HIMS,47.8115,43.7064,36.9060,39.1470,31.1449,33.2757,24.9495,26.8724
2025-03-07,35.9500,36.2680,32.6800,34.4100,23580200,HIMS,47.5855,42.9677,37.1010,39.0216,31.3259,33.3287,25.0564,26.9627
2025-03-10,34.4700,37.1500,33.3310,34.1100,29324200,HIMS,47.1815,42.1584,37.2384,38.8431,31.4837,33.3513,25.1357,27.0374
2025-03-11,34.7100,37.6900,34.3000,34.7700,23553700,HIMS,46.6785,41.4490,37.3696,38.6810,31.6258,33.3782,25.2215,27.1137
2025-03-12,33.9300,37.2800,32.7700,36.1500,21357500,HIMS,46.1960,40.7329,37.4784,38.4947,31.7371,33.3891,25.3103,27.1816
2025-03-13,31.5400,33.6400,31.0100,33.4800,19828500,HIMS,45.4560,39.8574,37.5780,38.2220,31.8289,33.3525,25.3888,27.2249
2025-03-14,33.1400,33.2900,31.5100,32.0000,17092900,HIMS,44.1540,39.2177,37.7374,38.0227,31.9447,33.3483,25.4701,27.2838
2025-03-17,34.6900,35.6900,32.5900,33.6500,18134400,HIMS,42.8650,38.7865,37.9476,37.8920,32.0701,33.3749,25.5481,27.3575
2025-03-18,31.4900,34.3900,31.2600,34.3100,15345700,HIMS,41.5145,38.0916,38.0734,37.6409,32.1545,33.3376,25.6076,27.3986
2025-03-19,33.8800,34.9400,31.0240,31.7300,17741900,HIMS,39.7715,37.6905,38.2184,37.4934,32.2574,33.3483,25.6752,27.4631
2025-03-20,32.8700,34.2500,32.3600,33.2700,15791100,HIMS,38.0945,37.2314,38.3378,37.3121,32.3723,33.3388,25.7424,27.5169
2025-03-21,34.7500,35.2000,31.8800,32.6000,49693300,HIMS,37.3680,36.9951,38.4794,37.2117,32.5046,33.3668,25.8137,27.5889
2025-03-24,37.4100,38.1800,34.9200,35.8500,26407400,HIMS,36.6730,37.0346,38.7130,37.2194,32.6614,33.4468,25.8966,27.6866
2025-03-25,37.0400,38.6900,35.7700,37.8200,17549600,HIMS,36.5320,37.0351,38.9456,37.2124,32.8010,33.5180,25.9731,27.7797
2025-03-26,33.3600,37.9450,33.2500,37.7800,17227100,HIMS,36.1055,36.6851,39.0948,37.0613,32.9122,33.5149,26.0320,27.8352
2025-03-27,31.9200,33.3000,31.7800,32.9600,15241700,HIMS,35.6345,36.2313,39.2090,36.8597,33.0410,33.4833,26.0877,27.8758
2025-03-28,29.1400,31.8900,28.9000,31.5900,20932200,HIMS,34.8370,35.5559,39.2346,36.5570,33.1441,33.3973,26.1253,27.8884
2025-03-31,29.5500,30.1700,27.2200,27.7700,19861600,HIMS,34.2805,34.9839,39.2668,36.2822,33.2360,33.3211,26.1628,27.9049
2025-04-01,31.0500,33.7000,28.7600,29.7050,46231100,HIMS,33.8085,34.6093,39.3308,36.0770,33.3389,33.2761,26.1997,27.9362
2025-04-02,31.2200,31.2500,28.9500,29.1600,25183700,HIMS,33.3250,34.2865,39.3590,35.8865,33.4447,33.2354,26.2339,27.9689
2025-04-03,27.9900,29.8700,27.8050,28.4000,19702700,HIMS,33.0050,33.6868,39.3244,35.5769,33.4904,33.1315,26.2551,27.9691
2025-04-04,25.9900,27.0930,23.9700,26.3000,27692800,HIMS,32.5070,32.9538,39.2264,35.2009,33.5141,32.9901,26.2643,27.9494
2025-04-07,27.7700,30.0000,23.9720,24.5000,26512900,HIMS,32.1720,32.4601,39.1644,34.9095,33.5577,32.8867,26.2792,27.9476
2025-04-08,26.1000,29.9000,25.1200,29.8000,26805700,HIMS,31.7415,31.8544,39.0762,34.5640,33.5399,32.7524,26.2978,27.9293
2025-04-09,29.4900,30.2800,25.4300,26.2500,34893100,HIMS,31.5195,31.6292,39.0352,34.3651,33.5679,32.6878,26.3345,27.9448
2025-04-10,26.8100,28.8700,26.0200,28.4900,19393500,HIMS,31.2830,31.1702,38.9342,34.0688,33.5600,32.5714,26.3578,27.9335
2025-04-11,27.2300,27.3400,25.7100,26.7700,16252900,HIMS,30.9875,30.7950,38.7996,33.8006,33.6238,32.4656,26.3781,27.9265
2025-04-14,28.3100,29.0000,27.2000,28.7200,13987400,HIMS,30.6685,30.5583,38.6202,33.5853,33.7137,32.3833,26.4119,27.9303
2025-04-15,29.4600,29.8400,28.1500,28.4900,14703700,HIMS,30.5670,30.4537,38.4308,33.4235,33.7984,32.3254,26.4591,27.9455
2025-04-16,26.9500,28.7200,26.2120,28.6500,20733000,HIMS,30.2205,30.1200,38.1328,33.1696,33.8326,32.2190,26.4929,27.9356
2025-04-17,27.2300,27.4400,25.1550,25.1600,18498400,HIMS,29.9385,29.8448,37.8334,32.9367,33.8870,32.1202,26.5219,27.9286
2025-04-21,25.8400,26.9390,25.2500,26.6100,10878200,HIMS,29.4930,29.4634,37.5408,32.6584,33.9039,31.9958,26.5451,27.9078
2025-04-22,25.3500,26.7000,25.1320,26.4900,21898600,HIMS,28.8900,29.0716,37.1968,32.3718,33.9041,31.8642,26.5694,27.8824
2025-04-23,26.7100,29.0000,26.4200,27.0000,22062200,HIMS,28.3735,28.8467,36.8356,32.1498,33.8577,31.7622,26.5990,27.8707
2025-04-24,28.1400,28.7500,26.8900,27.0500,13998100,HIMS,28.1125,28.7794,36.5268,31.9925,33.8323,31.6904,26.6372,27.8734
2025-04-25,28.0900,28.3200,27.0200,27.8600,13798200,HIMS,27.9210,28.7137,36.1618,31.8395,33.8098,31.6191,26.6742,27.8755
2025-04-28,28.4800,30.8700,27.7000,29.9300,32802300,HIMS,27.8880,28.6915,35.5478,31.7077,33.7724,31.5570,26.7155,27.8816
2025-04-29,35.0400,37.9400,32.9500,37.9400,152176200,HIMS,28.1625,29.2961,35.0392,31.8384,33.8143,31.6259,26.7855,27.9528
2025-04-30,33.1000,33.8900,31.7500,33.7300,38982600,HIMS,28.2650,29.6584,34.5312,31.8879,33.8232,31.6551,26.8424,28.0040
2025-05-01,36.1600,36.6850,32.0100,33.7200,42859200,HIMS,28.5120,30.2776,33.8796,32.0554,33.8456,31.7443,26.9090,28.0852
2025-05-02,40.8200,41.0900,36.6200,36.8600,49783000,HIMS,29.1535,31.2816,33.3678,32.3991,33.9378,31.9241,26.9975,28.2119
2025-05-05,41.8800,43.1000,39.8000,42.2800,72476600,HIMS,29.9480,32.2910,33.2198,32.7709,34.0143,32.1212,27.0970,28.3479
2025-05-06,49.4700,50.5600,38.2100,38.3300,157524000,HIMS,31.0330,33.9271,33.1830,33.4258,34.1827,32.4647,27.2425,28.5580
2025-05-07,52.3500,52.3800,47.2000,47.9800,85989900,HIMS,32.3455,35.6816,33.4328,34.1679,34.3975,32.8585,27.4071,28.7948
2025-05-08,51.4000,54.7500,50.0400,51.6000,81324500,HIMS,33.4410,37.1786,33.6230,34.8437,34.6096,33.2257,27.5624,29.0197
2025-05-09,51.9600,52.2200,48.8700,49.4300,61867600,HIMS,34.6985,38.5864,33.8354,35.5149,34.8283,33.5966,27.7084,29.2480
2025-05-12,55.2100,58.6000,54.2000,56.0900,59273900,HIMS,36.0975,40.1696,34.0378,36.2873,35.0802,34.0246,27.8719,29.5063
2025-05-13,64.0000,64.2000,55.9200,56.0000,77358700,HIMS,37.8820,42.4391,34.5042,37.3740,35.4077,34.6182,28.0756,29.8495
2025-05-14,61.1200,65.8900,60.8200,64.0000,46964000,HIMS,39.4650,44.2183,34.9168,38.3053,35.7077,35.1430,28.2724,30.1607
2025-05-15,58.5800,62.7000,53.7000,60.0000,56408300,HIMS,41.0465,45.5861,35.2706,39.1003,36.0080,35.6071,28.4567,30.4434
2025-05-16,64.6500,64.8200,57.4200,59.0400,51619600,HIMS,42.9175,47.4017,35.8758,40.1023,36.3909,36.1822,28.6740,30.7838
2025-05-19,62.3400,63.6100,61.0800,62.8000,35719800,HIMS,44.7425,48.8244,36.4036,40.9744,36.7523,36.7002,28.8795,31.0978
2025-05-20,61.2100,63.6700,59.7000,62.5400,35759200,HIMS,46.5355,50.0040,36.9384,41.7679,37.0884,37.1855,29.0930,31.3974
2025-05-21,58.0000,63.2000,57.6500,60.2600,38861800,HIMS,48.1000,50.7655,37.4042,42.4045,37.3869,37.5977,29.2951,31.6621
2025-05-22,53.5200,56.5200,51.2000,53.3650,48861300,HIMS,49.3690,51.0278,37.7960,42.8404,37.6372,37.9130,29.4735,31.8796
2025-05-23,54.8300,55.3700,52.8800,53.5050,23607600,HIMS,50.7060,51.3899,38.2618,43.3106,37.9199,38.2480,29.6632,32.1080
2025-05-27,53.3600,56.3000,52.8200,56.1000,27304400,HIMS,51.9500,51.5776,38.6662,43.7046,38.2018,38.5472,29.8498,32.3194
2025-05-28,53.3400,54.0900,51.4100,53.8500,19725300,HIMS,52.8650,51.7454,39.0392,44.0825,38.4934,38.8401,30.0373,32.5286
2025-05-29,52.4000,55.0000,52.1100,54.0000,15830600,HIMS,53.8300,51.8078,39.4574,44.4087,38.7654,39.1087,30.2195,32.7263
2025-05-30,56.5600,57.3800,52.0900,52.2700,41060700,HIMS,54.8500,52.2603,39.9110,44.8852,39.0647,39.4542,30.4224,32.9635
2025-06-02,56.7700,58.7700,55.6700,56.9300,36132400,HIMS,55.6475,52.6898,40.3890,45.3513,39.3634,39.7971,30.6264,33.2004
2025-06-03,54.7300,67.3700,54.2700,61.9200,114947700,HIMS,56.2900,52.8841,40.7886,45.7191,39.6340,40.0928,30.8229,33.4146
2025-06-04,53.6100,59.2900,52.8000,55.7650,60443200,HIMS,56.4970,52.9533,41.1126,46.0285,39.9128,40.3605,31.0124,33.6155
2025-06-05,52.7700,54.8100,51.8500,54.0500,36763300,HIMS,56.5180,52.9358,41.4272,46.2929,40.1864,40.6062,31.1983,33.8061
2025-06-06,56.3300,57.5080,52.7500,53.1800,41606400,HIMS,56.7645,53.2591,41.8866,46.6865,40.4907,40.9176,31.3972,34.0302
2025-06-09,56.8600,57.2100,54.6150,57.2100,27510800,HIMS,57.0095,53.6020,42.3854,47.0855,40.7972,41.2333,31.5988,34.2574
2025-06-10,55.2500,58.7600,53.5400,56.8600,38352500,HIMS,57.0115,53.7590,42.9076,47.4056,41.0711,41.5108,31.7922,34.4663
2025-06-11,57.5600,57.7400,53.6300,54.6750,28327000,HIMS,56.6895,54.1210,43.4678,47.8039,41.3673,41.8286,31.9977,34.6961
2025-06-12,57.1500,59.9000,56.1900,56.3000,34448000,HIMS,56.4910,54.4094,43.9898,48.1704,41.6603,42.1320,32.1998,34.9195
2025-06-13,55.4800,57.6800,54.6700,55.4250,26398500,HIMS,56.3360,54.5114,44.4750,48.4570,41.9170,42.3963,32.3970,35.1241
2025-06-16,59.7800,61.6650,55.7720,56.7500,42208900,HIMS,56.0925,55.0132,45.1108,48.9011,42.2176,42.7406,32.6217,35.3694
2025-06-17,59.2400,60.4400,56.5000,59.7500,35241400,HIMS,55.9375,55.4157,45.7758,49.3065,42.5011,43.0673,32.8447,35.6069
2025-06-18,61.0700,62.5400,58.1500,60.4800,43348400,HIMS,55.9305,55.9542,46.4418,49.7678,42.8031,43.4238,33.0764,35.8603
2025-06-20,64.2200,64.6000,61.5200,62.8700,42237200,HIMS,56.2415,56.7414,47.2042,50.3346,43.1402,43.8356,33.3238,36.1425
2025-06-23,41.9800,48.3500,41.9700,48.1600,176087900,HIMS,55.6645,55.3356,47.4540,50.0069,43.2446,43.7988,33.4612,36.2006
2025-06-24,42.9500,44.3830,41.8400,42.4350,63586500,HIMS,55.0705,54.1560,47.7768,49.7302,43.3555,43.7820,33.6029,36.2677
2025-06-25,41.4100,46.5200,41.2000,43.7000,62880200,HIMS,54.4730,52.9421,48.0604,49.4039,43.4300,43.7351,33.7378,36.3189
2025-06-26,46.2800,46.8010,40.8800,41.7100,64363800,HIMS,54.1200,52.3076,48.4198,49.2814,43.5200,43.7855,33.9010,36.4180
2025-06-27,49.4100,51.9900,46.4000,47.0000,83385600,HIMS,53.9705,52.0317,48.8188,49.2865,43.6248,43.8968,34.0782,36.5473
2025-06-30,49.8500,50.7800,48.3300,50.7600,36568600,HIMS,53.6350,51.8239,49.2768,49.3086,43.7048,44.0147,34.2548,36.6796
2025-07-01,47.9600,50.8800,47.0200,48.8400,35681000,HIMS,53.1945,51.4559,49.6914,49.2557,43.7624,44.0928,34.4182,36.7919
2025-07-02,47.4600,48.2000,46.7000,48.2000,24263300,HIMS,52.8310,51.0753,50.1238,49.1852,43.8323,44.1595,34.5764,36.8980
2025-07-03,47.9800,49.0600,46.5500,47.5600,17394300,HIMS,52.5495,50.7805,50.5764,49.1380,43.8866,44.2352,34.7335,37.0083
2025-07-07,48.4200,48.4800,45.0400,47.0250,27366100,HIMS,52.3320,50.5557,51.0106,49.1098,43.9231,44.3180,34.8942,37.1219
2025-07-08,48.9600,50.8170,48.3000,48.9000,30597200,HIMS,51.9635,50.4038,51.4270,49.1040,43.9769,44.4100,35.0585,37.2396
2025-07-09,51.2400,52.3300,48.6800,50.5000,39491900,HIMS,51.6825,50.4834,51.8900,49.1877,44.0259,44.5452,35.2331,37.3790
2025-07-10,50.2700,51.9300,50.0000,51.5400,21342700,HIMS,51.4335,50.4631,52.3258,49.2302,43.9368,44.6586,35.3999,37.5072
2025-07-11,47.8900,50.7700,47.7600,50.1000,19001000,HIMS,50.9500,50.2180,52.5828,49.1776,43.8110,44.7226,35.5578,37.6105
2025-07-14,52.0300,52.2970,47.3600,47.8200,35149300,HIMS,50.6940,50.3906,52.9614,49.2895,43.7463,44.8673,35.7358,37.7540
2025-07-15,50.4600,53.2360,50.2000,53.0000,21863800,HIMS,50.4430,50.3972,53.2474,49.3354,43.5635,44.9780,35.9017,37.8804
2025-07-16,51.8500,52.1600,49.4000,51.0000,22062400,HIMS,50.0465,50.5356,53.4680,49.4340,43.4179,45.1141,36.0747,38.0194
2025-07-17,49.9900,52.0800,49.6800,51.7200,21167800,HIMS,49.5840,50.4836,53.6302,49.4558,43.4250,45.2106,36.2361,38.1386
2025-07-18,50.3800,51.0700,48.5000,50.6700,22080500,HIMS,49.0495,50.4737,53.6484,49.4920,43.4157,45.3130,36.3991,38.2604
2025-07-21,47.6000,50.3400,47.5400,50.2150,26123400,HIMS,48.2185,50.2000,53.5534,49.4178,43.4931,45.3583,36.5450,38.3533
2025-07-22,50.0100,50.5800,46.9300,48.0100,24104200,HIMS,48.6200,50.1819,53.5256,49.4411,43.5743,45.4504,36.6985,38.4693
2025-07-23,58.0200,59.1600,49.8000,50.0000,81802300,HIMS,49.3735,50.9284,53.6468,49.7775,43.7411,45.6993,36.8939,38.6638
2025-07-24,57.3200,57.8700,55.6000,57.6000,26514800,HIMS,50.1690,51.5371,53.6890,50.0733,43.8634,45.9294,37.0948,38.8494
2025-07-25,57.6500,59.9400,54.3000,58.1600,46347000,HIMS,50.7375,52.1193,53.5620,50.3704,44.0331,46.1615,37.2948,39.0365
2025-07-28,58.6800,59.8200,56.5300,58.7400,22878400,HIMS,51.2010,52.7442,53.5132,50.6963,44.2150,46.4094,37.4910,39.2320
2025-07-29,60.2700,60.9600,56.1000,57.6000,35638800,HIMS,51.7220,53.4609,53.5470,51.0717,44.4088,46.6839,37.6986,39.4413
2025-07-30,65.5300,66.4300,60.5900,60.6600,55250600,HIMS,52.6005,54.6103,53.5646,51.6387,44.7202,47.0571,37.9326,39.7009
2025-07-31,66.1800,70.4300,65.8800,66.2900,38205000,HIMS,53.5365,55.7122,53.6414,52.2089,45.0225,47.4357,38.1742,39.9644
2025-08-01,62.5500,66.2000,61.6900,64.5700,26736400,HIMS,54.2650,56.3634,53.6682,52.6145,45.3033,47.7350,38.3935,40.1891
2025-08-04,63.3500,65.5900,62.3000,63.8050,37443400,HIMS,55.0115,57.0288,53.7752,53.0355,45.5897,48.0442,38.6078,40.4196
2025-08-05,55.5200,64.1100,54.7000,55.2950,105853300,HIMS,55.3395,56.8851,53.8152,53.1329,45.8056,48.1923,38.7714,40.5698
2025-08-06,51.1300,55.6990,50.2200,55.6300,46133300,HIMS,55.3340,56.3370,53.7412,53.0544,46.0015,48.2504,38.9152,40.6749
2025-08-07,51.0500,53.5300,50.2500,51.7600,32134500,HIMS,55.3730,55.8335,53.6950,52.9758,46.1806,48.3059,39.0627,40.7781
2025-08-08,51.9400,52.7100,50.4220,52.0550,23206200,HIMS,55.5755,55.4627,53.6670,52.9351,46.3531,48.3778,39.2116,40.8892
2025-08-11,49.9800,52.1000,49.5600,51.3040,27019900,HIMS,55.4730,54.9405,53.6186,52.8193,46.5380,48.4096,39.3463,40.9796
2025-08-12,47.9600,48.9800,47.2500,48.7250,30022400,HIMS,55.3480,54.2757,53.4466,52.6287,46.6788,48.4007,39.4681,41.0491
2025-08-13,48.3300,48.6500,46.7600,48.5900,19269100,HIMS,55.1720,53.7094,53.2778,52.4601,46.8334,48.3993,39.6029,41.1215
2025-08-14,47.1300,47.8000,45.2800,47.3880,24049200,HIMS,55.0290,53.0828,53.1258,52.2511,46.9572,48.3741,39.7309,41.1813
2025-08-15,46.0200,47.3500,45.3400,46.0200,18163400,HIMS,54.8110,52.4102,52.9740,52.0067,47.0433,48.3275,39.8524,41.2295
2025-08-18,45.1000,45.7570,44.5500,45.2200,21557700,HIMS,54.6860,51.7140,52.8206,51.7359,47.1239,48.2636,39.9625,41.2680
2025-08-19,42.1800,45.1000,41.9200,44.7800,22071400,HIMS,54.2945,50.8060,52.5376,51.3611,47.2121,48.1431,40.0622,41.2771
2025-08-20,43.3800,43.6600,40.9300,42.4900,24709600,HIMS,53.5625,50.0987,52.2680,51.0482,47.3267,48.0488,40.1839,41.2980
2025-08-21,43.9600,44.9290,42.9800,43.2600,27665700,HIMS,52.8945,49.5141,52.0422,50.7702,47.4749,47.9679,40.3095,41.3245
2025-08-22,44.5700,45.7100,42.6300,42.9050,28003400,HIMS,52.2405,49.0432,51.7824,50.5270,47.6251,47.9006,40.4306,41.3568
2025-08-25,42.9900,44.8300,42.9700,44.4400,17811100,HIMS,51.4560,48.4667,51.4992,50.2315,47.7445,47.8033,40.5417,41.3730
2025-08-26,45.3500,46.2910,43.1000,43.5000,29415900,HIMS,50.7100,48.1699,51.2966,50.0400,47.8858,47.7547,40.6653,41.4126
2025-08-27,44.0100,45.9240,43.9900,45.3200,19903400,HIMS,49.6340,47.7737,50.9812,49.8036,48.0460,47.6806,40.7682,41.4384
2025-08-28,44.1200,45.1000,43.8000,44.4500,17802000,HIMS,48.5310,47.4257,50.6788,49.5807,48.2273,47.6101,40.8707,41.4651
2025-08-29,42.3500,44.4900,42.2100,44.2000,16151100,HIMS,47.5210,46.9423,50.3044,49.2971,48.3731,47.5059,40.9654,41.4739
2025-09-02,41.5300,42.1400,40.7800,41.3400,14391200,HIMS,46.4300,46.4269,49.8506,48.9925,48.5274,47.3876,41.0337,41.4745
2025-09-03,44.4600,45.6700,42.5000,43.0000,30523600,HIMS,45.8770,46.2396,49.9002,48.8148,48.6771,47.3296,41.1225,41.5042
2025-09-04,48.1100,48.2900,44.3000,44.5400,44797900,HIMS,45.7260,46.4177,50.0034,48.7872,48.8901,47.3451,41.2251,41.5699
2025-09-05,48.4100,49.1600,46.8570,48.8300,24064500,HIMS,45.5940,46.6074,50.1434,48.7724,49.1019,47.3662,41.3629,41.6380
2025-09-08,49.6400,51.5850,49.0900,49.1200,34988000,HIMS,45.4790,46.8963,50.2106,48.8064,49.3152,47.4112,41.5145,41.7176
2025-09-09,47.7900,50.4590,47.4800,49.9700,22266900,HIMS,45.3695,46.9814,50.1782,48.7665,49.4985,47.4187,41.6485,41.7780
2025-09-10,47.7800,51.4150,47.5200,50.0000,29097500,HIMS,45.3605,47.0574,50.1368,48.7278,49.7068,47.4258,41.7697,41.8377
2025-09-11,51.7600,52.4900,48.6000,48.8200,34586700,HIMS,45.5320,47.5053,50.2128,48.8467,49.9521,47.5117,41.9195,41.9365
2025-09-12,55.5000,55.9300,50.2500,51.0300,35502300,HIMS,45.9505,48.2667,50.3736,49.1077,50.2487,47.6699,42.0763,42.0714
2025-09-15,53.9600,56.5200,53.9100,54.9900,28041700,HIMS,46.3475,48.8089,50.4932,49.2979,50.5348,47.7944,42.2194,42.1897
2025-09-16,50.8900,54.3360,48.6900,54.3200,49261600,HIMS,46.6370,49.0071,50.5426,49.3604,50.7766,47.8557,42.3171,42.2763
2025-09-17,50.3500,51.0000,49.1700,50.2900,26977800,HIMS,47.0455,49.1350,50.5704,49.3992,50.9987,47.9051,42.4155,42.3566
2025-09-18,56.2000,56.3100,50.2700,50.4000,37206000,HIMS,47.6865,49.8079,50.6696,49.6659,51.2798,48.0694,42.5448,42.4944
2025-09-19,57.8200,59.3600,56.1700,56.2300,36251600,HIMS,48.3795,50.5709,50.8206,49.9857,51.5732,48.2624,42.6728,42.6469
2025-09-22,57.7000,58.9400,56.4300,58.1100,18736300,HIMS,49.0360,51.2499,51.0168,50.2882,51.7998,48.4493,42.8070,42.7967
2025-09-23,56.0000,57.7300,55.3130,57.2100,22345900,HIMS,49.6865,51.7023,51.0962,50.5122,52.0288,48.5988,42.9260,42.9280
2025-09-24,53.2500,56.7600,53.0200,56.5200,23273000,HIMS,50.0815,51.8497,51.1520,50.6195,52.1997,48.6909,43.0226,43.0307
2025-09-25,54.8700,55.1000,50.7000,52.1200,22269400,HIMS,50.6245,52.1373,51.2124,50.7862,52.3402,48.8133,43.1390,43.1485
2025-09-26,58.4000,58.4000,54.1100,54.4000,27271500,HIMS,51.3385,52.7338,51.3806,51.0848,52.5054,49.0031,43.2598,43.3003
2025-09-29,59.1200,60.5500,58.2500,58.5900,26127900,HIMS,52.1770,53.3420,51.5554,51.3999,52.6019,49.2035,43.3923,43.4577
2025-09-30,56.7200,59.1710,55.7810,58.6000,20804800,HIMS,52.9365,53.6637,51.7378,51.6085,52.6456,49.3523,43.5215,43.5897
2025-10-01,56.3100,57.6060,55.0860,55.9000,24723500,HIMS,53.5290,53.9157,51.8638,51.7929,52.6947,49.4901,43.6521,43.7162
2025-10-02,57.8700,59.2700,56.7500,57.0000,25918200,HIMS,54.0170,54.2923,51.8608,52.0312,52.7538,49.6560,43.7910,43.8571
2025-10-03,52.5400,58.9300,52.5100,58.0000,35805500,HIMS,54.2235,54.1254,51.7652,52.0512,52.7271,49.7131,43.9036,43.9435
2025-10-06,54.7600,54.7950,52.7000,53.6100,27144400,HIMS,54.4795,54.1859,51.7074,52.1574,52.6347,49.8131,44.0212,44.0511
2025-10-07,57.9700,58.2500,54.5000,54.8000,33007600,HIMS,54.9885,54.5463,51.6932,52.3854,52.6032,49.9746,44.1554,44.1896
2025-10-08,58.1700,60.1300,57.0400,58.3700,32546700,HIMS,55.5080,54.8914,51.6512,52.6122,52.5991,50.1369,44.3035,44.3287
2025-10-09,58.2500,59.9900,56.2500,59.1050,19685700,HIMS,55.8325,55.2113,51.5056,52.8333,52.5351,50.2975,44.4630,44.4672
2025-10-10,53.9500,59.2200,53.0200,58.2900,31952800,HIMS,55.7550,55.0911,51.2610,52.8771,52.4512,50.3699,44.6017,44.5616
2025-10-13,54.7300,56.2700,53.8380,54.4200,23360300,HIMS,55.7935,55.0567,51.1046,52.9497,52.3864,50.4562,44.7374,44.6628
2025-10-14,54.0200,55.1400,51.7300,53.2280,21104000,HIMS,55.9500,54.9580,50.9180,52.9917,52.3466,50.5268,44.8667,44.7559
2025-10-15,62.7600,65.2990,54.4350,55.3000,55066000,HIMS,56.5705,55.7010,51.0628,53.3748,52.4390,50.7690,45.0381,44.9350
2025-10-16,59.1500,63.6300,57.8100,62.1200,38182400,HIMS,56.7180,56.0295,51.2232,53.6013,52.4822,50.9350,45.2010,45.0765
2025-10-17,49.7800,57.4500,49.6000,57.1200,74581700,HIMS,56.3160,55.4343,51.1978,53.4514,52.4464,50.9121,45.3241,45.1233
2025-10-20,51.3600,52.4100,50.2200,51.3700,30101300,HIMS,55.9990,55.0463,51.1862,53.3694,52.4266,50.9210,45.4600,45.1853
2025-10-21,49.3600,51.3600,49.2500,50.8300,29718000,HIMS,55.6670,54.5047,51.1738,53.2122,52.3962,50.8901,45.5808,45.2269
2025-10-22,47.4600,48.9000,46.1500,48.8600,23866300,HIMS,55.3775,53.8338,51.1638,52.9866,52.3052,50.8221,45.6849,45.2491
2025-10-23,48.4900,48.5900,46.8900,48.0200,18463700,HIMS,55.0585,53.3249,51.1670,52.8103,52.2224,50.7760,45.7929,45.2813
2025-10-24,48.7800,50.9900,48.7600,49.9400,16063500,HIMS,54.5775,52.8920,51.2000,52.6522,52.1629,50.7364,45.8984,45.3161
2025-10-27,48.2300,50.1900,48.1600,50.1400,16742100,HIMS,54.0330,52.4480,51.2442,52.4788,52.1091,50.6868,46.0109,45.3451
2025-10-28,47.1200,49.1700,47.1200,49.1400,13822100,HIMS,53.5530,51.9406,51.2846,52.2686,52.0526,50.6162,46.1195,45.3628
2025-10-29,46.6300,48.4550,46.0300,47.0700,19797100,HIMS,53.0690,51.4348,51.3736,52.0475,51.9556,50.5372,46.2231,45.3754
2025-10-30,44.0600,46.9200,44.0500,46.0700,17049000,HIMS,52.3785,50.7325,51.3872,51.7343,51.8276,50.4090,46.3124,45.3623
2025-10-31,45.4600,47.2410,45.0000,45.3650,21891900,HIMS,52.0245,50.2303,51.4172,51.4882,51.7297,50.3110,46.4004,45.3633
2025-11-03,44.3900,47.1500,44.0100,46.9000,40539900,HIMS,51.5060,49.6741,51.4136,51.2099,51.5980,50.1937,46.4826,45.3536
2025-11-04,42.7900,48.3400,42.4000,45.7500,61191400,HIMS,50.7470,49.0185,51.4096,50.8797,51.4544,50.0471,46.5573,45.3281
2025-11-05,43.7300,46.8200,43.6800,44.1000,36297500,HIMS,50.0250,48.5148,51.3772,50.5993,51.3369,49.9220,46.6269,45.3122
2025-11-06,41.5200,44.0000,39.8400,44.0000,43246900,HIMS,49.1885,47.8486,51.3274,50.2432,51.1543,49.7557,46.6859,45.2745
2025-11-07,41.0300,41.2750,39.3400,40.7400,28934600,HIMS,48.5425,47.1992,51.2656,49.8819,50.9722,49.5829,46.7366,45.2322
2025-11-10,41.0500,42.7000,40.2200,42.4950,21798900,HIMS,47.8585,46.6136,51.2396,49.5356,50.7720,49.4139,46.7875,45.1906
2025-11-11,39.7500,41.2800,38.8700,40.9100,22892200,HIMS,47.1450,45.9599,51.2040,49.1518,50.5273,49.2225,46.8337,45.1365
2025-11-12,39.0200,40.2490,38.2600,39.6100,21967400,HIMS,45.9580,45.2990,51.0952,48.7545,50.4977,49.0205,46.8711,45.0756
2025-11-13,36.0500,38.9600,35.7800,38.9200,34913200,HIMS,44.8030,44.4181,50.8540,48.2563,50.4287,48.7637,46.8921,44.9858
2025-11-14,36.9800,38.0890,34.9300,35.4250,31484900,HIMS,44.1630,43.7097,50.6254,47.8141,50.3844,48.5303,46.9072,44.9061
2025-11-17,35.5800,37.6300,33.9100,36.6700,30155500,HIMS,43.3740,42.9355,50.3442,47.3343,50.2774,48.2739,46.8987,44.8133
2025-11-18,36.2600,36.7350,34.1300,35.7100,26537300,HIMS,42.7190,42.2997,50.1136,46.9000,50.1459,48.0360,46.8853,44.7282
2025-11-19,35.8300,36.6000,34.4300,36.6000,20963500,HIMS,42.1375,41.6835,49.8746,46.4659,50.0057,47.7943,46.8552,44.6397
2025-11-20,33.6200,37.2200,33.4700,36.7800,28325500,HIMS,41.3940,40.9156,49.5118,45.9622,49.8623,47.5136,46.8123,44.5300
2025-11-21,34.7100,34.9900,32.8800,33.5400,18775400,HIMS,40.6905,40.3246,49.0960,45.5209,49.7348,47.2601,46.7835,44.4323
2025-11-24,37.7800,38.1400,35.0100,35.1100,20835800,HIMS,40.1680,40.0822,48.7724,45.2173,49.6328,47.0723,46.7597,44.3661
2025-11-25,37.0900,38.3600,36.9000,38.0000,14394300,HIMS,39.6665,39.7973,48.4964,44.8986,49.5195,46.8747,46.7213,44.2937
2025-11-26,38.4000,38.7900,37.3600,37.7500,13448300,HIMS,39.2550,39.6642,48.2574,44.6438,49.4139,46.7069,46.6954,44.2351
2025-11-28,39.7600,39.8670,38.5200,38.9000,9363600,HIMS,39.0400,39.6733,47.9286,44.4522,49.2991,46.5693,46.6625,44.1906
2025-12-01,37.5100,39.2500,37.4750,38.7500,13564100,HIMS,38.6425,39.4673,47.5224,44.1800,49.1715,46.3899,46.5541,44.1241
2025-12-02,36.3100,38.2800,36.2150,37.5500,12076000,HIMS,38.2385,39.1666,47.0946,43.8714,49.0557,46.1903,46.4333,44.0463
2025-12-03,37.0700,37.1250,35.7800,36.3500,10875200,HIMS,37.9525,38.9669,46.7160,43.6047,48.9061,46.0097,46.3262,43.9769
2025-12-04,40.0200,40.4600,37.7240,38.2700,24755200,HIMS,37.7670,39.0672,46.4514,43.4641,48.8017,45.8911,46.1826,43.9376
2025-12-05,39.2000,40.9900,39.1700,40.0000,22174100,HIMS,37.6510,39.0799,46.1380,43.2969,48.6752,45.7586,46.0465,43.8904
2025-12-08,39.1200,39.6000,38.2370,39.3400,9713100,HIMS,37.5555,39.0837,45.7524,43.1331,48.5665,45.6271,45.9957,43.8430
2025-12-09,39.8200,40.7400,38.9300,39.0400,12617600,HIMS,37.4940,39.1538,45.3664,43.0031,48.4609,45.5121,45.9383,43.8029
2025-12-10,37.8800,39.7850,37.6100,39.6500,16426400,HIMS,37.4005,39.0325,44.9896,42.8022,48.3637,45.3610,45.9284,43.7440
2025-12-11,37.7700,37.8600,36.6500,37.2500,10260300,HIMS,37.3380,38.9123,44.6188,42.6049,48.2413,45.2107,45.9078,43.6845
2025-12-12,37.2100,38.8800,36.8500,37.6000,10345200,HIMS,37.3960,38.7501,44.2056,42.3933,48.0332,45.0523,45.8871,43.6201
2025-12-15,36.2500,38.0300,35.6800,37.8200,11294500,HIMS,37.3595,38.5120,43.8798,42.1524,47.8225,44.8780,45.8429,43.5468
2025-12-16,36.8600,36.9000,35.4100,36.0100,10360000,HIMS,37.4235,38.3547,43.5218,41.9449,47.6146,44.7192,45.8238,43.4803
2025-12-17,34.9700,37.6100,34.8950,36.7100,11451500,HIMS,37.3590,38.0323,43.0618,41.6713,47.3775,44.5261,45.7962,43.3956
2025-12-18,34.7700,36.0300,34.3100,35.6000,11728300,HIMS,37.3060,37.7216,42.5938,41.4007,47.1225,44.3329,45.7656,43.3097
2025-12-19,35.5600,35.8600,34.6000,34.9700,13764600,HIMS,37.4030,37.5158,42.1400,41.1716,46.8228,44.1592,45.7715,43.2326
2025-12-22,35.0500,36.2700,34.7850,35.9700,12908200,HIMS,37.4200,37.2809,41.7620,40.9316,46.5115,43.9788,45.7670,43.1512
2025-12-23,34.8000,35.1400,34.1000,34.7500,9523700,HIMS,37.2710,37.0447,41.3634,40.6911,46.2340,43.7971,45.7686,43.0681
2025-12-24,34.6700,35.0400,34.1300,34.6100,4922700,HIMS,37.1500,36.8185,40.9764,40.4550,45.9472,43.6164,45.7684,42.9846
2025-12-26,34.3100,34.6200,33.5000,34.5700,9909800,HIMS,36.9455,36.5796,40.4074,40.2140,45.7351,43.4321,45.7703,42.8982
2025-12-29,34.1000,34.7500,33.8000,34.0600,9225200,HIMS,36.6625,36.3434,39.9064,39.9743,45.5648,43.2473,45.7831,42.8107
2025-12-30,33.0400,34.4150,33.0400,34.2000,11262600,HIMS,36.4390,36.0288,39.5716,39.7023,45.3847,43.0452,45.7826,42.7135
2025-12-31,32.4700,32.9500,32.0650,32.9200,14117900,HIMS,36.2470,35.6899,39.1938,39.4187,45.1900,42.8357,45.7715,42.6115
2026-01-02,33.4100,33.7300,32.0500,33.0000,13320900,HIMS,36.0640,35.4728,38.8748,39.1831,45.0243,42.6491,45.7811,42.5200
2026-01-05,34.7100,35.8300,33.1900,33.9600,17344400,HIMS,35.7985,35.4001,38.6198,39.0077,44.8918,42.4919,45.7853,42.4423
2026-01-06,35.4600,35.9500,34.3200,35.4250,11836300,HIMS,35.6115,35.4058,38.3592,38.8685,44.7631,42.3526,45.7982,42.3728
2026-01-07,35.4600,36.4500,34.9400,35.4900,10986400,HIMS,35.4285,35.4110,38.0928,38.7349,44.6464,42.2162,45.8018,42.3040
2026-01-08,33.8700,35.1600,33.5100,35.1600,15611100,HIMS,35.1310,35.2642,37.8056,38.5441,44.5249,42.0509,45.7841,42.2201
2026-01-09,31.6900,34.3500,31.6600,34.3100,25399600,HIMS,34.8215,34.9238,37.4970,38.2753,44.3908,41.8457,45.7573,42.1153
2026-01-12,32.3400,32.7550,29.9200,31.0750,25633800,HIMS,34.5500,34.6777,37.2112,38.0425,44.2924,41.6575,45.7522,42.0181
2026-01-13,32.2000,33.2700,31.7100,33.2000,15262300,HIMS,34.2995,34.4418,36.9740,37.8134,44.1806,41.4702,45.7536,41.9204
2026-01-14,31.3200,32.0400,30.7500,32.0300,15132500,HIMS,34.0530,34.1445,36.6912,37.5588,44.0542,41.2692,45.7645,41.8149
2026-01-15,31.2300,31.6600,30.7300,31.5800,13666300,HIMS,33.7715,33.8669,36.4280,37.3106,43.9208,41.0704,45.7729,41.7096
2026-01-16,31.3800,31.8190,30.6400,31.2300,14591200,HIMS,33.5920,33.6300,36.1998,37.0780,43.8047,40.8785,45.7746,41.6068
2026-01-20,30.4700,31.3000,30.0230,30.1500,16471800,HIMS,33.3770,33.3291,35.9346,36.8189,43.6559,40.6724,45.7708,41.4960
2026-01-21,28.8900,30.6400,27.9600,30.5000,27909600,HIMS,33.0435,32.9063,35.6820,36.5079,43.5047,40.4391,45.7753,41.3705
2026-01-22,30.5200,30.7700,29.0000,29.5000,14169200,HIMS,32.8170,32.6790,35.4718,36.2731,43.3687,40.2427,45.7980,41.2626
2026-01-23,29.6200,30.9900,29.4000,30.1400,14237400,HIMS,32.5580,32.3877,35.2432,36.0122,43.2414,40.0323,45.8072,41.1467
2026-01-26,30.2800,30.9500,29.4200,29.6400,12684500,HIMS,32.3385,32.1870,35.0538,35.7874,43.1289,39.8392,45.8281,41.0386
2026-01-27,29.6800,30.1700,28.9300,30.0800,16634000,HIMS,32.1070,31.9482,34.8670,35.5479,42.9811,39.6380,45.8291,40.9256
2026-01-28,28.6700,29.9800,28.3250,29.8300,15053600,HIMS,31.8355,31.6360,34.7194,35.2782,42.7867,39.4209,45.8384,40.8036
2026-01-29,29.8700,30.7000,28.4650,28.9300,22116300,HIMS,31.6770,31.4678,34.5772,35.0661,42.6013,39.2317,45.8516,40.6948
2026-01-30,27.0900,30.2700,26.8700,29.4000,21908300,HIMS,31.4080,31.0509,34.4074,34.7533,42.3758,38.9913,45.8455,40.5595
2026-02-02,26.4400,27.4000,26.4200,27.1100,13612500,HIMS,31.0595,30.6117,34.2110,34.4273,42.1623,38.7428,45.8304,40.4190
2026-02-03,25.5400,26.8200,24.6400,26.5600,21365600,HIMS,30.6010,30.1287,34.0052,34.0788,41.9399,38.4813,45.8233,40.2709
2026-02-04,24.4000,27.2000,23.9900,27.2000,31676000,HIMS,30.0480,29.5831,33.8208,33.6992,41.6663,38.2025,45.8092,40.1130
2026-02-05,23.4800,27.7700,22.9500,26.8000,71253500,HIMS,29.4490,29.0019,33.5962,33.2985,41.3461,37.9109,45.7974,39.9475
2026-02-06,23.0200,23.6180,21.1200,22.3000,46351700,HIMS,28.9065,28.4322,33.3010,32.8954,41.0367,37.6161,45.7857,39.7791
2026-02-09,19.3300,19.5200,16.3500,17.8300,144202400,HIMS,28.2885,27.5653,32.9458,32.3634,40.7211,37.2540,45.7488,39.5756
2026-02-10,17.2400,19.3800,17.2000,18.7000,51693900,HIMS,27.5335,26.5819,32.5226,31.7703,40.3900,36.8577,45.6943,39.3534
2026-02-11,16.6900,17.6300,16.6000,17.5200,33587600,HIMS,26.7580,25.6399,32.0612,31.1790,39.9949,36.4583,45.6373,39.1278
2026-02-12,15.8000,16.9600,15.6300,16.5200,31825600,HIMS,25.9820,24.7027,31.6270,30.5759,39.5747,36.0492,45.5739,38.8957
2026-02-13,16.3000,16.8700,16.0800,16.1100,26248400,HIMS,25.2355,23.9025,31.2268,30.0160,39.1607,35.6582,45.4802,38.6709
2026-02-17,16.2700,16.9200,15.7900,16.3000,22435100,HIMS,24.4800,23.1756,30.8108,29.4770,38.7634,35.2742,45.3961,38.4480
2026-02-18,15.8400,16.4000,15.5750,16.1100,17282700,HIMS,23.7485,22.4769,30.3272,28.9422,38.3893,34.8894,45.2945,38.2230
2026-02-19,15.8200,16.5500,15.4600,16.0100,32798100,HIMS,23.0950,21.8429,29.8596,28.4276,37.9988,34.5118,45.1695,38.0001
2026-02-20,15.6300,16.3000,15.2900,15.6500,25353500,HIMS,22.3505,21.2512,29.3898,27.9257,37.5711,34.1379,45.0382,37.7775
2026-02-23,15.5100,15.7950,15.1550,15.7950,43356400,HIMS,21.6450,20.7045,28.9036,27.4388,37.1350,33.7690,44.8684,37.5560
2026-02-24,15.4600,16.0600,13.7400,14.8300,63952600,HIMS,20.9040,20.2050,28.4552,26.9691,36.7224,33.4065,44.6840,37.3361
2026-02-25,15.8200,16.4600,15.0600,15.6700,38317800,HIMS,20.2110,19.7874,28.0162,26.5319,36.3175,33.0582,44.5061,37.1220
2026-02-26,15.6000,16.3600,14.9850,15.7740,29431200,HIMS,19.5575,19.3886,27.5840,26.1032,35.8948,32.7125,44.3243,36.9079
2026-02-27,14.5200,15.2920,14.4800,15.2100,23484600,HIMS,18.7900,18.9249,27.1494,25.6489,35.5146,32.3523,44.1208,36.6851
2026-03-02,16.4800,16.4800,14.3100,14.5100,32836200,HIMS,18.2595,18.6920,26.7418,25.2893,35.1318,32.0380,43.8832,36.4841
2026-03-03,15.8200,16.9100,15.2700,16.0000,27508200,HIMS,17.7285,18.4185,26.3588,24.9180,34.7103,31.7168,43.6567,36.2785
2026-03-04,16.4500,16.7400,15.8000,15.8700,20438100,HIMS,17.2740,18.2310,25.9924,24.5859,34.2931,31.4145,43.4461,36.0812
2026-03-05,15.8800,16.8400,15.5900,16.5300,19004100,HIMS,16.8480,18.0071,25.5988,24.2445,33.8694,31.1069,43.2022,35.8801
2026-03-06,15.7400,15.8390,15.2100,15.5400,21093800,HIMS,16.4610,17.7912,25.2126,23.9110,33.4873,30.8026,42.9692,35.6797
2026-03-09,22.1600,23.5100,20.9700,23.2150,174964100,HIMS,16.4180,18.2073,24.9598,23.8423,33.1616,30.6314,42.7740,35.5452
2026-03-10,23.4700,26.0300,22.4300,24.0000,118638500,HIMS,16.6250,18.7085,24.7358,23.8277,32.8561,30.4896,42.6013,35.4251
2026-03-11,25.8800,27.5400,22.8100,23.1200,111773500,HIMS,17.0570,19.3915,24.5672,23.9082,32.4873,30.3984,42.4631,35.3301
2026-03-12,23.8400,27.2400,23.7600,26.8400,68303400,HIMS,17.4145,19.8152,24.3620,23.9055,32.1342,30.2685,42.3082,35.2158
2026-03-13,24.7700,24.8200,23.2500,24.0700,42982500,HIMS,17.8630,20.2871,24.1966,23.9394,31.8841,30.1596,42.1652,35.1118
2026-03-16,24.8800,25.1650,23.5200,24.2200,37972100,HIMS,18.2920,20.7245,24.0448,23.9763,31.6193,30.0551,42.0229,35.0100
2026-03-17,24.9800,25.2400,23.9900,24.5450,35316100,HIMS,18.7275,21.1298,23.8762,24.0157,31.3755,29.9546,41.8858,34.9102
2026-03-18,23.1500,25.0400,23.1500,24.7000,35354200,HIMS,19.0930,21.3222,23.6450,23.9817,31.1324,29.8198,41.7188,34.7932
2026-03-19,24.1600,24.3900,22.6120,22.8900,29908800,HIMS,19.5100,21.5924,23.4190,23.9887,30.8891,29.7077,41.5557,34.6874
2026-03-20,22.0200,24.2500,21.7000,23.9500,33380800,HIMS,19.8295,21.6332,23.1502,23.9115,30.6215,29.5555,41.3922,34.5614
2026-03-23,22.4600,23.1000,22.2450,22.6000,20283800,HIMS,20.1770,21.7119,22.9220,23.8546,30.3638,29.4150,41.2364,34.4409
2026-03-24,21.3400,22.3000,21.0900,22.2100,26400700,HIMS,20.4710,21.6765,22.7150,23.7560,30.1060,29.2551,41.0793,34.3106
2026-03-25,20.8400,22.0000,20.5700,21.7000,21696400,HIMS,20.7220,21.5968,22.4850,23.6416,29.8481,29.0885,40.9018,34.1765
2026-03-26,20.8600,21.2200,20.0200,20.5800,26020000,HIMS,20.9850,21.5266,22.2582,23.5326,29.6161,28.9255,40.7218,34.0440
2026-03-27,19.3800,20.6000,19.1830,20.5800,22374100,HIMS,21.2280,21.3222,22.0194,23.3697,29.3553,28.7365,40.5425,33.8981
2026-03-30,18.7800,19.6700,18.6200,19.3500,19219600,HIMS,21.3430,21.0801,21.7704,23.1897,29.0992,28.5393,40.3486,33.7477
2026-03-31,20.7600,21.0000,18.6420,18.7800,34530500,HIMS,21.5900,21.0496,21.5580,23.0944,28.8789,28.3853,40.1666,33.6185
2026-04-01,19.8400,21.6200,19.7000,21.0000,26625200,HIMS,21.7595,20.9344,21.3454,22.9668,28.6400,28.2161,39.9884,33.4814
2026-04-02,19.1400,19.5000,18.7550,19.3100,23512000,HIMS,21.9225,20.7635,21.1504,22.8167,28.4162,28.0364,39.7852,33.3387
2026-04-06,20.3300,20.3700,19.5100,19.7800,19583300,HIMS,22.1520,20.7222,20.9466,22.7192,28.2092,27.8838,39.5907,33.2092
2026-04-07,19.5000,20.0000,18.9630,19.9700,21488000,HIMS,22.0190,20.6058,20.7442,22.5930,27.9937,27.7177,39.3828,33.0728
2026-04-08,19.3900,20.9500,19.0400,20.8000,20079200,HIMS,21.8150,20.4900,20.5264,22.4674,27.7901,27.5528,39.1587,32.9367
2026-04-09,19.7500,19.7700,18.9600,19.3100,14700400,HIMS,21.5085,20.4195,20.3278,22.3608,27.5974,27.3983,39.0475,32.8055
2026-04-10,19.4300,20.1500,19.1800,19.9500,16054500,HIMS,21.2880,20.3253,20.1430,22.2459,27.4312,27.2405,38.9299,32.6724
2026-04-13,21.1500,21.7980,19.3000,19.3300,24685800,HIMS,21.1070,20.4038,19.9686,22.2029,27.2729,27.1199,38.8286,32.5577
2026-04-14,21.3600,21.9600,20.9200,21.7500,19377300,HIMS,20.9310,20.4949,19.8540,22.1698,27.1307,27.0059,38.7040,32.4463
2026-04-15,24.2900,24.6950,21.2800,21.7200,45776800,HIMS,20.8965,20.8563,19.8110,22.2530,27.0110,26.9521,38.5784,32.3651
2026-04-16,26.9900,27.8100,24.7600,26.1500,80363700,HIMS,21.0885,21.4405,19.8400,22.4388,26.9226,26.9528,38.4641,32.3117
2026-04-17,28.8200,29.7800,27.4000,27.6700,58933000,HIMS,21.3215,22.1433,19.9284,22.6890,26.8746,26.9898,38.3684,32.2769
2026-04-20,31.0100,31.8550,28.4100,28.5350,69289000,HIMS,21.7710,22.9878,20.0790,23.0153,26.8376,27.0694,38.2862,32.2643
2026-04-21,29.7600,30.8700,27.8500,28.5850,59038800,HIMS,22.1360,23.6327,20.2138,23.2798,26.7574,27.1227,38.1951,32.2394
2026-04-22,29.0100,30.0500,28.0500,30.0000,32247300,HIMS,22.5195,24.1449,20.4074,23.5045,26.6766,27.1601,38.0980,32.2073
2026-04-23,28.1500,31.4400,27.0300,30.3300,44911700,HIMS,22.8850,24.5263,20.6256,23.6867,26.5741,27.1797,37.9940,32.1669
2026-04-24,30.5600,31.3300,28.9000,29.5000,43478900,HIMS,23.3700,25.1009,20.9030,23.9562,26.4821,27.2466,37.8906,32.1509
2026-04-27,29.3900,30.7200,29.0500,29.9400,23287200,HIMS,23.8705,25.5094,21.1748,24.1693,26.4009,27.2891,37.7862,32.1234
2026-04-28,27.9100,28.8250,27.6500,28.5700,21825600,HIMS,24.3270,25.7380,21.4070,24.3160,26.3169,27.3014,37.6863,32.0815
2026-04-29,26.3300,27.6860,26.0400,27.6200,19906300,HIMS,24.6055,25.7944,21.6082,24.3950,26.2095,27.2821,37.5578,32.0243
2026-04-30,27.1700,27.3500,25.6200,26.2600,17411800,HIMS,24.9720,25.9254,21.8348,24.5038,26.0810,27.2799,37.4413,31.9760
2026-05-01,27.4100,27.7700,26.9300,27.2900,14645100,HIMS,25.3855,26.0668,22.0666,24.6178,25.9631,27.2825,37.3191,31.9305
2026-05-04,27.2700,28.4190,26.6700,27.6300,15069500,HIMS,25.7325,26.1814,22.2994,24.7218,25.8446,27.2822,37.2055,31.8842
2026-05-05,26.3300,26.9100,25.9000,26.9100,15492800,HIMS,26.0740,26.1956,22.5158,24.7849,25.7097,27.2634,37.0853,31.8289
2026-05-06,26.8800,27.0700,25.8000,26.8650,14873600,HIMS,26.4485,26.2607,22.7442,24.8670,25.5997,27.2558,36.9817,31.7797
2026-05-07,25.6500,27.1200,25.3500,26.7700,18627000,HIMS,26.7435,26.2026,22.9408,24.8977,25.4785,27.2240,36.8599,31.7187
2026-05-08,28.2700,28.5250,25.4000,25.6100,25969500,HIMS,27.1855,26.3995,23.1942,25.0300,25.3891,27.2447,36.7111,31.6844
2026-05-11,29.1400,30.3850,28.5500,29.0900,61193000,HIMS,27.5850,26.6605,23.4866,25.1912,25.3180,27.2822,36.5702,31.6590
2026-05-12,25.0300,26.8400,24.5600,25.2100,53635000,HIMS,27.7685,26.5052,23.6576,25.1848,25.1997,27.2376,36.4071,31.5931
2026-05-13,24.1400,24.8900,23.2600,24.5100,25968300,HIMS,27.7610,26.2799,23.8240,25.1439,25.0914,27.1763,36.2344,31.5189
2026-05-14,24.2400,24.8000,23.3800,24.0400,18275600,HIMS,27.6235,26.0857,23.9798,25.1084,24.9861,27.1181,36.0543,31.4465
2026-05-15,25.0500,25.3200,23.5320,23.6750,20662200,HIMS,27.4350,25.9870,24.1632,25.1061,24.8810,27.0772,35.8519,31.3828
2026-05-18,22.2900,23.9800,22.1400,23.9800,32292400,HIMS,26.9990,25.6349,24.2942,24.9957,24.7534,26.9824,35.6324,31.2924
2026-05-19,22.4400,22.6900,21.5300,22.1400,27331100,HIMS,26.6330,25.3306,24.2998,24.8955,24.6298,26.8925,35.4319,31.2043
2026-05-20,23.0400,23.4000,21.8750,22.1900,16686600,HIMS,26.3345,25.1125,24.2912,24.8227,24.5135,26.8162,35.2303,31.1230
2026-05-21,24.0100,24.0100,22.6050,22.8200,15102400,HIMS,26.1275,25.0075,24.2538,24.7908,24.4105,26.7606,35.0728,31.0523
2026-05-22,23.7500,24.5250,23.3000,24.0900,14780600,HIMS,25.7870,24.8877,24.2520,24.7500,24.3070,26.7010,34.9359,30.9796
2026-05-26,23.8500,24.7000,23.3600,23.8800,16605500,HIMS,25.5100,24.7889,24.2336,24.7147,24.2151,26.6445,34.7999,30.9087
2026-05-27,25.2000,25.7800,24.2400,24.4700,22756900,HIMS,25.3745,24.8281,24.2400,24.7338,24.1424,26.6159,34.6662,30.8519
2026-05-28,25.3800,25.9200,24.3900,24.8850,12883700,HIMS,25.3270,24.8806,24.2480,24.7591,24.0621,26.5914,34.5432,30.7974
2026-05-29,26.1500,26.6350,24.1300,25.5500,20737900,HIMS,25.2760,25.0015,24.3080,24.8136,23.9765,26.5827,34.4341,30.7512
2026-06-01,27.7600,28.2200,25.5000,26.1900,21146300,HIMS,25.2935,25.2642,24.3800,24.9292,23.8995,26.6060,34.3313,30.7214
2026-06-02,27.5100,28.3900,27.0500,27.9300,14741300,HIMS,25.3055,25.4781,24.4898,25.0304,23.8200,26.6239,34.2332,30.6895
2026-06-03,27.5100,28.0350,25.7120,26.9500,13789000,HIMS,25.3645,25.6716,24.5908,25.1276,23.7564,26.6415,34.1406,30.6578
2026-06-04,28.0100,29.8200,27.1400,27.4000,23839300,HIMS,25.4210,25.8943,24.7242,25.2407,23.7196,26.6686,34.0552,30.6315
2026-06-05,26.1900,27.8900,25.4000,27.1000,18614000,HIMS,25.4480,25.9225,24.8312,25.2779,23.6581,26.6591,33.9752,30.5873
2026-06-08,27.1700,27.3300,25.9600,26.4800,13842600,HIMS,25.3930,26.0413,24.9574,25.3521,23.6078,26.6692,33.8942,30.5533
2026-06-09,28.9800,29.1800,26.0200,27.1700,25446000,HIMS,25.3850,26.3212,25.1494,25.4944,23.5844,26.7150,33.8193,30.5376
2026-06-10,27.7800,29.7500,27.6900,28.3800,16855100,HIMS,25.5225,26.4601,25.3294,25.5840,23.5499,26.7361,33.7353,30.5102
2026-06-11,28.8700,29.1000,26.6900,27.3000,13860900,HIMS,25.7590,26.6896,25.4916,25.7129,23.5248,26.7783,33.6647,30.4939
2026-06-12,26.8200,28.7800,26.5200,28.6800,19046200,HIMS,25.8880,26.7020,25.6312,25.7563,23.4883,26.7791,33.5721,30.4573
2026-06-15,30.1700,30.2800,27.8700,27.8800,22980500,HIMS,26.1440,27.0323,25.8518,25.9294,23.5011,26.8463,33.5029,30.4545
2026-06-16,31.4700,32.0100,29.6800,29.9800,22076500,HIMS,26.6030,27.4550,26.0746,26.1466,23.5106,26.9378,33.4396,30.4646
2026-06-17,31.8900,33.4500,31.0300,31.6000,23154100,HIMS,27.0755,27.8773,26.3224,26.3719,23.5333,27.0359,33.3873,30.4787
2026-06-18,35.4700,35.6000,32.5900,32.6000,31903500,HIMS,27.6970,28.6005,26.6440,26.7287,23.5852,27.2029,33.3570,30.5284
