Date,Close,High,Low,Open,Volume,Ticker,SMA_20,EMA_20,SMA_50,EMA_50,SMA_100,EMA_100,SMA_200,EMA_200
2021-08-27,46.8700,48.1000,46.1400,46.7990,6058100,HOOD,,46.8700,,46.8700,,46.8700,,46.8700
2021-08-30,43.6400,46.6000,42.5600,46.3000,12363800,HOOD,,46.5624,,46.7433,,46.8060,,46.8379
2021-08-31,44.3200,44.5000,41.5100,42.0300,8847500,HOOD,,46.3488,,46.6483,,46.7568,,46.8128
2021-09-01,44.5700,47.1200,43.7000,43.7600,11013000,HOOD,,46.1794,,46.5668,,46.7135,,46.7905
2021-09-02,44.4900,45.8000,44.2000,45.2020,4088600,HOOD,,46.0185,,46.4854,,46.6695,,46.7676
2021-09-03,43.3500,44.8800,43.1500,44.6930,4652500,HOOD,,45.7644,,46.3624,,46.6037,,46.7336
2021-09-07,42.1300,43.3900,41.7500,43.3300,6179200,HOOD,,45.4182,,46.1964,,46.5152,,46.6878
2021-09-08,40.0500,42.2100,39.8100,42.0000,7834900,HOOD,,44.9070,,45.9554,,46.3871,,46.6217
2021-09-09,41.2800,42.5400,40.3810,40.5000,6981900,HOOD,,44.5616,,45.7720,,46.2860,,46.5686
2021-09-10,41.1700,42.5200,40.7200,41.5000,5521800,HOOD,,44.2385,,45.5916,,46.1847,,46.5149
2021-09-13,40.6000,41.3900,39.8000,41.2200,4309200,HOOD,,43.8920,,45.3958,,46.0741,,46.4560
2021-09-14,40.0200,41.0000,39.2300,41.0000,4298000,HOOD,,43.5233,,45.1850,,45.9542,,46.3920
2021-09-15,41.8700,41.9400,39.8300,40.2000,5835900,HOOD,,43.3658,,45.0550,,45.8733,,46.3470
2021-09-16,41.9500,42.4300,40.9100,41.6200,4206700,HOOD,,43.2310,,44.9332,,45.7957,,46.3032
2021-09-17,42.3800,42.9010,41.9000,41.9200,5000800,HOOD,,43.1499,,44.8331,,45.7280,,46.2642
2021-09-20,40.7000,41.5600,40.0300,40.6200,4437800,HOOD,,42.9166,,44.6710,,45.6285,,46.2088
2021-09-21,42.2900,42.6900,40.7940,41.0400,5984800,HOOD,,42.8569,,44.5777,,45.5623,,46.1698
2021-09-22,46.8800,46.9400,42.7600,43.0000,14619500,HOOD,,43.2401,,44.6679,,45.5884,,46.1769
2021-09-23,45.9400,47.8400,44.7100,46.2850,12129400,HOOD,,43.4972,,44.7178,,45.5954,,46.1745
2021-09-24,44.9100,46.5500,44.3500,44.7000,6058000,HOOD,42.9705,43.6318,,44.7254,,45.5818,,46.1620
2021-09-27,44.7600,45.9100,43.9500,44.9300,4041700,HOOD,42.8650,43.7392,,44.7267,,45.5656,,46.1480
2021-09-28,44.6200,45.9600,42.5100,43.9200,5791900,HOOD,42.9140,43.8231,,44.7225,,45.5468,,46.1328
2021-09-29,43.1300,45.4630,43.1000,44.1700,4597600,HOOD,42.8545,43.7571,,44.6601,,45.4990,,46.1029
2021-09-30,42.0800,43.1300,41.4100,43.1300,3536000,HOOD,42.7300,43.5974,,44.5589,,45.4313,,46.0629
2021-10-01,41.9000,42.7800,41.1200,42.3620,2655800,HOOD,42.6005,43.4357,,44.4546,,45.3613,,46.0215
2021-10-04,40.9300,41.8120,40.2500,41.8000,2647800,HOOD,42.4795,43.1971,,44.3164,,45.2736,,45.9708
2021-10-05,42.0100,42.4900,41.0510,41.0740,2813400,HOOD,42.4735,43.0840,,44.2260,,45.2090,,45.9314
2021-10-06,42.0600,42.6500,41.7000,42.0000,2730200,HOOD,42.5740,42.9865,,44.1410,,45.1466,,45.8929
2021-10-07,41.8400,42.8400,41.6800,42.2370,2895400,HOOD,42.6020,42.8773,,44.0508,,45.0811,,45.8526
2021-10-08,41.7800,42.0600,41.0500,41.8000,3688900,HOOD,42.6325,42.7728,,43.9617,,45.0158,,45.8120
2021-10-11,42.0700,42.4680,41.0100,41.1720,3733200,HOOD,42.7060,42.7059,,43.8876,,44.9574,,45.7748
2021-10-12,40.5300,42.0500,40.5000,42.0000,3718000,HOOD,42.7315,42.4986,,43.7559,,44.8698,,45.7226
2021-10-13,40.5200,40.8300,39.8600,40.6200,3914400,HOOD,42.6640,42.3102,,43.6290,,44.7836,,45.6708
2021-10-14,40.9300,41.7900,40.5500,40.5900,3823500,HOOD,42.6130,42.1787,,43.5231,,44.7073,,45.6237
2021-10-15,41.0300,41.7000,40.8600,41.6410,2579600,HOOD,42.5455,42.0693,,43.4254,,44.6345,,45.5780
2021-10-18,40.6500,41.2500,40.3100,40.9500,4008900,HOOD,42.5430,41.9342,,43.3165,,44.5556,,45.5289
2021-10-19,41.7000,41.8000,40.5400,40.9100,4529200,HOOD,42.5135,41.9119,,43.2531,,44.4991,,45.4908
2021-10-20,41.8300,42.4400,41.0200,41.8930,4057600,HOOD,42.2610,41.9041,,43.1973,,44.4462,,45.4544
2021-10-21,41.2800,43.3600,41.2100,41.9300,5377700,HOOD,42.0280,41.8446,,43.1221,,44.3835,,45.4129
2021-10-22,39.5900,41.1300,39.5900,41.1250,5916800,HOOD,41.7620,41.6299,,42.9836,,44.2886,,45.3549
2021-10-25,39.0100,39.8700,38.1500,39.7600,8081700,HOOD,41.4745,41.3804,,42.8278,,44.1841,,45.2918
2021-10-26,39.5700,40.2500,39.0000,39.6100,13250900,HOOD,41.2220,41.2080,,42.7000,,44.0927,,45.2349
2021-10-27,35.4400,36.1900,34.4400,35.9800,29082800,HOOD,40.8375,40.6586,,42.4153,,43.9213,,45.1374
2021-10-28,35.4700,35.5200,33.9900,35.2100,17441500,HOOD,40.5070,40.1645,,42.1430,,43.7540,,45.0412
2021-10-29,34.9700,35.8500,34.8000,35.6500,10687400,HOOD,40.1605,39.6698,,41.8617,,43.5801,,44.9410
2021-11-01,34.8500,35.2150,34.4200,35.2000,7946000,HOOD,39.8565,39.2107,,41.5867,,43.4072,,44.8406
2021-11-02,34.9900,34.9900,34.3400,34.7200,5547700,HOOD,39.5055,38.8088,,41.3280,,43.2405,,44.7426
2021-11-03,37.0400,37.5000,34.6750,34.9400,15342800,HOOD,39.2545,38.6403,,41.1599,,43.1177,,44.6659
2021-11-04,37.0700,37.9500,36.5000,37.0300,6474400,HOOD,39.0160,38.4908,,40.9995,,42.9980,,44.5903
2021-11-05,37.0100,37.4100,36.6500,37.0000,4744800,HOOD,38.7775,38.3497,41.2014,40.8430,,42.8794,,44.5149
2021-11-08,37.9800,38.1700,36.5200,37.0600,7149200,HOOD,38.5730,38.3145,41.0236,40.7307,,42.7824,,44.4499
2021-11-09,36.7000,37.1990,36.4500,36.7600,7130000,HOOD,38.3815,38.1608,40.8848,40.5727,,42.6619,,44.3728
2021-11-10,34.4900,36.1100,33.7500,35.9000,14707500,HOOD,38.0800,37.8112,40.6882,40.3341,,42.5001,,44.2744
2021-11-11,34.1700,34.8400,34.0400,34.8200,6038000,HOOD,37.7420,37.4644,40.4802,40.0924,,42.3352,,44.1739
2021-11-12,35.2100,35.9000,34.5900,34.6450,8727800,HOOD,37.4510,37.2497,40.2946,39.9009,,42.1941,,44.0847
2021-11-15,34.9600,35.6100,34.2300,35.5000,6219600,HOOD,37.1665,37.0316,40.1268,39.7072,,42.0508,,43.9939
2021-11-16,33.8700,34.4400,32.8700,34.3700,8929800,HOOD,36.7750,36.7305,39.9616,39.4783,,41.8888,,43.8932
2021-11-17,32.8800,33.9800,32.8100,33.8000,6763800,HOOD,36.3275,36.3638,39.8182,39.2195,,41.7104,,43.7836
2021-11-18,30.5300,32.9300,30.4100,32.9000,12654100,HOOD,35.7900,35.8082,39.6032,38.8787,,41.4890,,43.6517
2021-11-19,28.9900,30.8000,28.8000,30.3000,14289500,HOOD,35.2600,35.1588,39.3596,38.4910,,41.2415,,43.5058
2021-11-22,27.8400,29.3600,27.4400,29.0000,12690400,HOOD,34.7015,34.4618,39.1044,38.0733,,40.9762,,43.3500
2021-11-23,27.6500,28.3000,26.5700,27.6000,8654300,HOOD,34.1055,33.8131,38.8570,37.6645,,40.7123,,43.1937
2021-11-24,27.9800,28.5400,27.5100,27.5400,5980100,HOOD,33.7325,33.2575,38.5792,37.2847,,40.4601,,43.0424
2021-11-26,27.9200,29.2200,27.0500,27.0750,5503000,HOOD,33.3550,32.7492,38.2986,36.9175,,40.2118,,42.8919
2021-11-29,27.0700,28.2900,25.7500,28.0950,15203900,HOOD,32.9600,32.2083,37.9924,36.5313,,39.9516,,42.7345
2021-11-30,25.9400,27.5600,25.8100,26.6950,22291000,HOOD,32.5145,31.6113,37.6972,36.1160,,39.6741,,42.5673
2021-12-01,23.9300,26.3900,23.8900,26.3500,37588000,HOOD,31.9615,30.8798,37.3300,35.6381,,39.3624,,42.3819
2021-12-02,24.2000,24.2900,23.3400,23.9600,14035700,HOOD,31.3195,30.2436,36.8764,35.1895,,39.0621,,42.2010
2021-12-03,21.5500,24.0600,21.5000,23.9200,16825200,HOOD,30.5435,29.4157,36.3886,34.6546,,38.7153,,41.9955
2021-12-06,21.9000,22.0500,20.5800,21.3400,12053700,HOOD,29.7880,28.6999,35.9284,34.1545,,38.3824,,41.7955
2021-12-07,22.7300,23.3300,22.0200,22.6500,11058400,HOOD,29.0255,28.1313,35.4878,33.7064,,38.0724,,41.6058
2021-12-08,23.7200,23.7400,21.7600,23.0000,15159400,HOOD,28.3765,27.7112,35.0698,33.3148,,37.7882,,41.4279
2021-12-09,21.9100,23.4800,21.7000,23.2700,14155100,HOOD,27.7475,27.1587,34.6454,32.8676,,37.4738,,41.2337
2021-12-10,20.1300,21.8100,19.8200,21.7800,22116600,HOOD,27.0455,26.4893,34.2064,32.3681,,37.1304,,41.0237
2021-12-13,19.7000,20.2000,18.8600,19.7000,18086900,HOOD,26.2700,25.8427,33.7624,31.8713,,36.7852,,40.8115
2021-12-14,19.1300,19.5600,18.4200,19.1550,21065900,HOOD,25.4785,25.2034,33.3264,31.3716,,36.4356,,40.5958
2021-12-15,19.5000,19.8000,17.8900,19.0000,22439300,HOOD,24.7600,24.6602,32.8762,30.9061,,36.1002,,40.3859
2021-12-16,18.1400,19.8900,17.7100,19.2400,20920000,HOOD,24.0230,24.0392,32.3978,30.4054,,35.7446,,40.1645
2021-12-17,19.1000,19.3700,17.0750,17.8800,20788700,HOOD,23.4515,23.5688,31.9430,29.9621,,35.4150,,39.9549
2021-12-20,18.0300,18.9300,17.5900,18.2700,13652100,HOOD,22.9035,23.0413,31.4680,29.4942,,35.0707,,39.7368
2021-12-21,18.9300,19.0300,17.9800,18.1050,10885200,HOOD,22.4580,22.6498,31.0052,29.0799,,34.7511,,39.5297
2021-12-22,18.3800,18.8800,18.0400,18.6400,16627800,HOOD,21.9945,22.2431,30.5622,28.6603,,34.4269,,39.3193
2021-12-23,18.9000,19.2500,17.8900,18.3100,13067500,HOOD,21.5405,21.9247,30.1298,28.2775,,34.1195,,39.1161
2021-12-27,18.4400,18.8500,18.2100,18.8300,12360200,HOOD,21.0665,21.5929,29.6800,27.8917,,33.8090,,38.9104
2021-12-28,17.4500,18.5300,17.4000,18.1540,15814900,HOOD,20.5855,21.1983,29.2084,27.4823,,33.4850,,38.6968
2021-12-29,17.1100,17.6700,16.6800,17.4500,12534800,HOOD,20.1440,20.8089,28.7376,27.0755,,33.1608,,38.4820
2021-12-30,18.2000,18.7200,17.1400,17.1800,16128500,HOOD,19.8575,20.5605,28.2676,26.7274,,32.8645,,38.2802
2021-12-31,17.7600,18.7600,17.7200,18.1200,10931100,HOOD,19.5355,20.2938,27.7862,26.3758,,32.5654,,38.0760
2022-01-03,18.4400,18.9400,17.9100,18.0500,16108400,HOOD,19.3800,20.1172,27.3294,26.0646,,32.2857,,37.8807
2022-01-04,17.4000,18.4500,16.8400,18.3900,28170100,HOOD,19.1550,19.8584,26.8856,25.7248,,31.9910,,37.6769
2022-01-05,15.9800,17.5000,15.7700,17.3000,30878600,HOOD,18.8175,19.4891,26.4250,25.3426,,31.6739,,37.4610
2022-01-06,15.5800,16.0500,14.8000,15.8000,50293200,HOOD,18.4105,19.1168,25.9452,24.9598,,31.3552,,37.2433
2022-01-07,15.8900,16.4800,15.5200,15.6200,23053700,HOOD,18.1095,18.8095,25.5542,24.6041,,31.0490,,37.0308
2022-01-10,15.6100,16.0000,14.7500,15.3500,22173400,HOOD,17.8835,18.5047,25.1570,24.2514,,30.7433,,36.8176
2022-01-11,16.4100,16.8200,15.3300,15.5250,20145300,HOOD,17.7190,18.3052,24.7858,23.9439,,30.4594,,36.6146
2022-01-12,16.2500,17.2100,16.0600,16.6300,15831400,HOOD,17.5750,18.1095,24.4138,23.6422,,30.1780,,36.4120
2022-01-13,15.3000,16.3900,15.2600,16.2600,16354500,HOOD,17.3650,17.8419,24.0200,23.3150,,29.8834,,36.2019
2022-01-14,15.1700,15.7300,14.7300,15.0900,16689700,HOOD,17.2165,17.5875,23.5826,22.9956,,29.5921,,35.9926
2022-01-18,14.4000,14.9600,14.2600,14.9000,15705400,HOOD,16.9815,17.2839,23.1292,22.6585,,29.2912,,35.7778
2022-01-19,13.8900,14.6500,13.8400,14.4600,15014200,HOOD,16.7745,16.9607,22.6668,22.3147,31.9341,28.9863,,35.5600
2022-01-20,13.6900,14.8400,13.6500,14.1000,20377500,HOOD,16.5125,16.6492,22.1810,21.9764,31.6023,28.6834,,35.3424
2022-01-21,12.9800,13.6800,12.7730,13.4700,23868800,HOOD,16.2425,16.2997,21.7066,21.6236,31.2957,28.3724,,35.1198
2022-01-24,13.1200,13.1600,11.1500,12.2500,36924600,HOOD,15.9535,15.9969,21.2792,21.2902,30.9837,28.0704,,34.9009
2022-01-25,13.0500,13.4700,12.7050,12.8700,18463000,HOOD,15.6840,15.7162,20.8568,20.9670,30.6685,27.7730,,34.6835
2022-01-26,12.4100,13.5800,12.3400,13.3500,22797200,HOOD,15.4320,15.4014,20.4008,20.6315,30.3477,27.4687,,34.4619
2022-01-27,11.6100,12.6550,11.4000,12.6550,39144300,HOOD,15.1570,15.0403,19.9338,20.2777,30.0303,27.1547,,34.2345
2022-01-28,12.7300,12.8600,9.9400,9.9700,69488900,HOOD,14.8835,14.8203,19.5110,19.9817,29.7363,26.8691,,34.0205
2022-01-31,14.1500,14.5400,11.8500,12.6390,52585200,HOOD,14.7030,14.7564,19.1364,19.7530,29.4773,26.6172,,33.8228
2022-02-01,14.6500,14.7400,13.4100,14.2900,29358500,HOOD,14.5135,14.7463,18.8188,19.5529,29.2110,26.3802,,33.6320
2022-02-02,14.0200,14.8500,13.5400,14.5900,24362500,HOOD,14.3445,14.6771,18.5194,19.3359,28.9395,26.1355,,33.4369
2022-02-03,14.1500,14.6800,13.2400,13.4100,22621600,HOOD,14.2530,14.6269,18.2456,19.1325,28.6750,25.8981,,33.2450
2022-02-04,15.1800,15.3300,13.7700,14.1600,23091500,HOOD,14.2330,14.6796,17.9962,18.9775,28.4266,25.6859,,33.0652
2022-02-07,13.9100,15.2400,13.7700,15.0600,24001200,HOOD,14.1340,14.6063,17.7148,18.7788,28.1470,25.4527,,32.8746
2022-02-08,13.3800,13.8210,12.9300,13.8200,25121100,HOOD,14.0225,14.4895,17.4240,18.5671,27.8613,25.2136,,32.6807
2022-02-09,13.9100,14.2800,13.2200,13.5940,23897000,HOOD,13.8975,14.4343,17.1608,18.3845,27.5766,24.9898,,32.4939
2022-02-10,13.5200,14.7000,13.3200,13.3800,27800900,HOOD,13.7610,14.3472,16.9124,18.1937,27.3048,24.7627,,32.3051
2022-02-11,13.3200,14.1900,13.0700,13.6110,17639100,HOOD,13.6620,14.2494,16.7002,18.0026,27.0151,24.5361,,32.1162
2022-02-14,13.3500,13.8700,12.9700,13.1050,21779500,HOOD,13.5710,14.1637,16.4832,17.8201,26.6798,24.3146,,31.9295
2022-02-15,13.6700,13.7700,13.3100,13.6800,17185000,HOOD,13.5345,14.1167,16.3256,17.6574,26.3571,24.1038,,31.7478
2022-02-16,13.5100,14.0600,13.2800,13.5200,16271200,HOOD,13.5155,14.0589,16.1578,17.4947,26.0431,23.8940,,31.5663
2022-02-17,12.2500,13.4900,12.1500,13.3500,23159200,HOOD,13.4435,13.8867,15.9482,17.2890,25.7180,23.6635,,31.3741
2022-02-18,11.8100,12.4400,11.6400,12.3500,19269400,HOOD,13.3850,13.6889,15.7100,17.0742,25.3899,23.4287,,31.1794
2022-02-22,11.3100,11.7400,10.9800,11.4700,22043000,HOOD,13.2945,13.4623,15.4980,16.8481,25.0717,23.1888,,30.9817
2022-02-23,10.8600,11.5990,10.8300,11.3700,16146100,HOOD,13.1850,13.2145,15.3126,16.6133,24.7595,22.9446,,30.7815
2022-02-24,11.5100,11.6500,9.9300,10.0000,31330200,HOOD,13.1400,13.0522,15.1488,16.4132,24.4556,22.7182,,30.5898
2022-02-25,11.6100,11.7000,10.9100,11.5400,15928400,HOOD,13.1400,12.9148,14.9984,16.2248,24.1624,22.4982,,30.4009
2022-02-28,12.0100,12.0950,11.3100,11.4950,17105400,HOOD,13.1040,12.8286,14.8486,16.0595,23.8624,22.2905,,30.2179
2022-03-01,11.7700,12.2600,11.5100,12.0550,12587300,HOOD,12.9850,12.7278,14.7212,15.8913,23.5595,22.0822,,30.0343
2022-03-02,11.4900,11.7700,11.0750,11.7700,11838700,HOOD,12.8270,12.6099,14.5690,15.7187,23.2560,21.8725,,29.8498
2022-03-03,11.3800,11.8300,11.1100,11.5200,14725900,HOOD,12.6950,12.4928,14.4360,15.5486,22.9520,21.6647,,29.6660
2022-03-04,10.9600,11.6730,10.8500,11.1900,18217500,HOOD,12.5355,12.3468,14.2766,15.3686,22.6409,21.4527,,29.4799
2022-03-07,11.4200,12.0300,11.0400,11.0400,26532000,HOOD,12.3475,12.2585,14.1374,15.2138,22.3498,21.2541,,29.3002
2022-03-08,11.7500,12.0700,11.0100,11.2600,16700300,HOOD,12.2395,12.2101,13.9944,15.0779,22.0621,21.0659,,29.1256
2022-03-09,12.4200,12.4700,11.9000,11.9900,18056500,HOOD,12.1915,12.2301,13.8740,14.9737,21.7770,20.8947,,28.9594
2022-03-10,12.0500,12.1100,11.6100,12.0300,15593400,HOOD,12.0985,12.2129,13.7660,14.8591,21.4872,20.7195,,28.7911
2022-03-11,11.0200,12.4600,11.0100,12.4400,21050100,HOOD,11.9735,12.0993,13.6442,14.7085,21.1909,20.5274,,28.6143
2022-03-14,10.6500,11.1400,10.4000,10.9100,17131300,HOOD,11.8400,11.9613,13.4932,14.5493,20.8804,20.3318,,28.4355
2022-03-15,11.0400,11.1200,10.2000,10.5300,16286600,HOOD,11.7245,11.8736,13.3588,14.4117,20.5725,20.1479,,28.2624
2022-03-16,12.7800,12.8500,11.1900,11.2500,35061600,HOOD,11.6800,11.9599,13.2456,14.3477,20.2875,20.0020,,28.1084
2022-03-17,13.3900,13.7100,12.4550,12.6300,27387000,HOOD,11.6740,12.0961,13.1654,14.3102,20.0255,19.8710,,27.9619
2022-03-18,13.4400,13.9500,13.2100,13.3300,25838100,HOOD,11.7335,12.2241,13.1146,14.2761,19.7698,19.7437,,27.8174
2022-03-21,13.0500,13.3000,12.5150,13.2900,23467400,HOOD,11.7955,12.3027,13.0640,14.2280,19.5046,19.6111,,27.6705
2022-03-22,13.4200,13.8570,12.8900,13.1800,22472700,HOOD,11.9010,12.4091,13.0146,14.1963,19.2844,19.4885,,27.5287
2022-03-23,13.0800,13.3400,12.7200,13.2600,15530600,HOOD,12.0120,12.4730,12.9640,14.1525,19.0605,19.3616,,27.3849
2022-03-24,12.9600,13.2450,12.6100,13.0200,10404300,HOOD,12.0845,12.5194,12.8950,14.1057,18.8404,19.2349,,27.2414
2022-03-25,12.3900,12.9800,12.2600,12.8800,11156900,HOOD,12.1235,12.5071,12.8178,14.0385,18.6158,19.0993,,27.0936
2022-03-28,12.8100,13.0200,12.2750,12.4600,12380200,HOOD,12.1635,12.5359,12.7680,13.9903,18.3940,18.9748,,26.9515
2022-03-29,15.9100,16.4900,13.1500,13.1900,101513600,HOOD,12.3705,12.8573,12.7828,14.0656,18.1827,18.9141,,26.8416
2022-03-30,14.5600,15.6600,14.4000,15.5800,36848500,HOOD,12.5240,13.0194,12.7860,14.0850,17.9576,18.8279,,26.7194
2022-03-31,13.5100,14.6400,13.4900,14.6200,26911100,HOOD,12.6305,13.0662,12.7784,14.0624,17.7226,18.7226,,26.5880
2022-04-01,13.5000,13.7500,13.2300,13.5400,19582000,HOOD,12.7575,13.1075,12.7746,14.0404,17.4778,18.6192,,26.4578
2022-04-04,13.8300,13.9300,13.3700,13.5000,12934100,HOOD,12.8780,13.1763,12.7916,14.0321,17.2491,18.5243,,26.3321
2022-04-05,13.0300,13.9500,12.9100,13.8000,13238500,HOOD,12.9420,13.1624,12.7898,13.9928,17.0345,18.4155,,26.1998
2022-04-06,12.5100,12.8900,12.0400,12.7700,15547800,HOOD,12.9465,13.1002,12.7790,13.9347,16.8179,18.2986,,26.0635
2022-04-07,12.0700,12.6600,11.5600,12.4100,14671700,HOOD,12.9475,13.0021,12.7722,13.8615,16.5865,18.1752,,25.9243
2022-04-08,11.2400,11.6900,11.0600,11.4600,25046500,HOOD,12.9585,12.8343,12.7648,13.7587,16.3493,18.0379,,25.7782
2022-04-11,11.3500,11.5100,10.8400,11.0200,14568300,HOOD,12.9935,12.6929,12.7372,13.6643,16.1241,17.9055,,25.6346
2022-04-12,11.4300,12.0800,11.3550,11.6600,13906400,HOOD,13.0130,12.5727,12.6828,13.5767,15.9096,17.7772,,25.4933
2022-04-13,11.8900,11.9300,11.2500,11.3200,9031800,HOOD,12.9685,12.5076,12.6276,13.5105,15.7232,17.6607,,25.3579
2022-04-14,11.3800,11.8900,11.3050,11.7800,12083900,HOOD,12.8680,12.4002,12.5748,13.4270,15.5471,17.5363,,25.2188
2022-04-18,10.9900,11.3900,10.9000,11.2850,11320000,HOOD,12.7455,12.2659,12.5116,13.3314,15.3786,17.4067,,25.0773
2022-04-19,11.5600,11.6350,10.8300,10.9800,13253500,HOOD,12.6710,12.1987,12.4392,13.2619,15.2177,17.2909,,24.9428
2022-04-20,10.7100,11.5600,10.6800,11.5500,15342400,HOOD,12.5355,12.0569,12.3752,13.1618,15.0450,17.1606,,24.8011
2022-04-21,10.4400,11.1100,10.2000,10.8690,14642000,HOOD,12.4035,11.9029,12.3164,13.0551,14.8702,17.0275,,24.6583
2022-04-22,10.2600,10.6600,10.1500,10.4000,13172500,HOOD,12.2685,11.7465,12.2434,12.9455,14.7021,16.8935,,24.5150
2022-04-25,10.3900,10.4500,9.9750,10.1300,13322000,HOOD,12.1685,11.6173,12.1808,12.8453,14.5466,16.7647,,24.3744
2022-04-26,10.0000,10.5050,9.8500,10.3300,14430900,HOOD,12.0280,11.4632,12.1144,12.7337,14.4073,16.6308,,24.2314
2022-04-27,9.5100,10.0400,9.3800,9.5950,18996400,HOOD,11.7080,11.2772,12.0376,12.6073,14.2604,16.4897,,24.0849
2022-04-28,10.0900,10.2000,9.2600,9.6000,26970200,HOOD,11.4845,11.1642,11.9660,12.5086,14.1458,16.3630,,23.9457
2022-04-29,9.8050,10.7900,9.0000,9.0500,32541400,HOOD,11.2993,11.0347,11.8919,12.4025,14.0249,16.2332,,23.8050
2022-05-02,10.4800,10.4900,9.5200,9.7600,22709500,HOOD,11.1483,10.9819,11.8565,12.3272,13.9024,16.1192,,23.6724
2022-05-03,10.1000,10.5100,9.6400,10.1200,27084000,HOOD,10.9618,10.8979,11.8223,12.2398,13.7662,16.0000,,23.5373
2022-05-04,10.9000,10.9200,9.8530,10.0900,26056600,HOOD,10.8553,10.8981,11.8141,12.1873,13.6561,15.8990,,23.4116
2022-05-05,10.6100,10.9650,10.3650,10.8500,17641300,HOOD,10.7603,10.8707,11.8091,12.1254,13.5609,15.7943,,23.2842
2022-05-06,10.1200,10.6700,9.9100,10.5000,15359700,HOOD,10.6628,10.7992,11.7813,12.0468,13.4651,15.6820,,23.1532
2022-05-09,9.5000,10.2400,9.3900,9.8600,18935700,HOOD,10.5758,10.6754,11.7391,11.9469,13.3688,15.5595,,23.0174
2022-05-10,9.2700,9.9350,8.9150,9.6350,22732700,HOOD,10.4718,10.5416,11.6843,11.8419,13.2665,15.4350,,22.8806
2022-05-11,8.1500,9.3700,8.0100,8.9800,31547700,HOOD,10.3078,10.3138,11.6119,11.6971,13.1666,15.2907,,22.7340
2022-05-12,8.5600,8.8300,7.7100,7.9020,32064200,HOOD,10.1413,10.1468,11.5533,11.5741,13.0612,15.1575,,22.5930
2022-05-13,10.6900,10.8550,9.8400,10.5400,48560100,HOOD,10.1068,10.1985,11.5395,11.5394,12.9878,15.0690,,22.4745
2022-05-16,10.1100,10.6400,9.9450,10.6400,20918900,HOOD,10.0628,10.1901,11.5225,11.4834,12.8996,14.9708,,22.3515
2022-05-17,10.0600,10.5500,9.5000,10.3500,21824200,HOOD,9.9878,10.1777,11.4953,11.4276,12.8164,14.8735,,22.2292
2022-05-18,9.7300,10.4500,9.6750,9.9000,16585300,HOOD,9.9387,10.1351,11.4549,11.3610,12.7247,14.7717,,22.1048
2022-05-19,10.2100,10.4500,9.6250,9.7400,15708500,HOOD,9.9273,10.1422,11.4107,11.3159,12.6424,14.6814,,21.9865
2022-05-20,10.0800,10.5500,9.5710,10.3500,12809200,HOOD,9.9182,10.1363,11.3713,11.2674,12.5687,14.5902,,21.8680
2022-05-23,10.0600,10.1150,9.5500,9.9900,14168600,HOOD,9.9017,10.1290,11.3521,11.2200,12.4982,14.5005,,21.7505
2022-05-24,9.1100,9.9200,8.9700,9.8900,12972000,HOOD,9.8572,10.0320,11.3213,11.1373,12.4073,14.3938,,21.6247
2022-05-25,9.2300,9.3700,8.9700,9.0700,11818500,HOOD,9.8432,9.9556,11.2851,11.0625,12.3220,14.2915,,21.5014
2022-05-26,9.2800,9.5350,9.0600,9.1200,10712900,HOOD,9.8027,9.8912,11.2151,10.9926,12.2303,14.1923,,21.3798
2022-05-27,10.3800,10.4200,9.2750,9.3500,17019200,HOOD,9.8315,9.9378,11.1549,10.9686,12.1602,14.1168,,21.2703
2022-05-31,10.0600,10.5500,9.9900,10.2600,24393200,HOOD,9.8105,9.9494,11.0873,10.9329,12.1010,14.0365,,21.1588
2022-06-01,9.3700,10.0050,9.2200,9.9600,21328600,HOOD,9.7740,9.8942,11.0137,10.8717,12.0389,13.9441,,21.0415
2022-06-02,9.7000,9.7150,9.1500,9.2900,13374700,HOOD,9.7140,9.8757,10.9393,10.8257,11.9770,13.8600,,20.9286
2022-06-03,9.1700,9.4500,9.0500,9.3800,13193800,HOOD,9.6420,9.8085,10.8611,10.7608,11.9126,13.7672,,20.8116
2022-06-06,9.1100,9.8000,9.0500,9.2600,24087700,HOOD,9.5915,9.7420,10.7841,10.6960,11.8396,13.6749,,20.6952
2022-06-07,8.7200,8.7950,8.2500,8.7300,31787700,HOOD,9.5525,9.6447,10.7107,10.6185,11.7643,13.5768,,20.5761
2022-06-08,8.3800,8.9300,8.2300,8.6600,32988700,HOOD,9.5080,9.5242,10.6221,10.5308,11.6951,13.4739,,20.4547
2022-06-09,8.0300,8.4300,8.0000,8.2900,19896500,HOOD,9.5020,9.3819,10.4645,10.4327,11.6237,13.3661,,20.3311
2022-06-10,7.8100,8.1200,7.6100,7.7400,21890200,HOOD,9.4645,9.2322,10.3295,10.3298,11.5578,13.2561,,20.2065
2022-06-13,7.2300,7.4750,7.0200,7.3000,27700900,HOOD,9.2915,9.0415,10.2039,10.2083,11.4912,13.1368,21.7126,20.0774
2022-06-14,7.2300,7.4800,7.1000,7.2400,16209800,HOOD,9.1475,8.8690,10.0785,10.0915,11.4266,13.0198,21.5144,19.9495
2022-06-15,7.0500,7.2100,6.8700,7.0400,32871000,HOOD,8.9970,8.6958,9.9429,9.9722,11.3673,12.9016,21.3315,19.8212
2022-06-16,6.8900,7.1400,6.8100,6.9400,21709300,HOOD,8.8550,8.5238,9.8201,9.8513,11.3050,12.7825,21.1443,19.6925
2022-06-17,7.1900,7.2200,6.8400,6.8400,18196700,HOOD,8.7040,8.3968,9.7137,9.7470,11.2464,12.6718,20.9574,19.5681
2022-06-21,7.5500,8.0200,7.3500,7.3500,19619900,HOOD,8.5775,8.3161,9.6233,9.6608,11.1978,12.5704,20.7727,19.4485
2022-06-22,7.4900,7.7300,7.2800,7.3000,15371500,HOOD,8.4490,8.2374,9.5483,9.5757,11.1566,12.4698,20.5934,19.3295
2022-06-23,7.9800,8.0700,7.6100,7.7500,16915800,HOOD,8.3925,8.2129,9.4809,9.5131,11.1091,12.3809,20.4227,19.2166
2022-06-24,8.0000,8.3800,7.8400,8.0800,60504200,HOOD,8.3310,8.1926,9.4123,9.4538,11.0476,12.2941,20.2624,19.1050
2022-06-27,9.1200,9.7200,7.8200,8.1220,73442400,HOOD,8.3230,8.2810,9.3569,9.4407,10.9923,12.2313,20.1016,19.0056
2022-06-28,8.8650,9.3000,8.7700,9.0600,34571700,HOOD,8.2472,8.3366,9.3066,9.4181,10.9407,12.1646,19.9401,18.9047
2022-06-29,8.4700,8.8150,8.4400,8.5200,12722100,HOOD,8.1677,8.3493,9.2562,9.3809,10.8839,12.0914,19.7795,18.8009
2022-06-30,8.2200,8.5100,8.0600,8.4300,13039400,HOOD,8.1102,8.3370,9.1894,9.3354,10.8143,12.0148,19.6205,18.6956
2022-07-01,8.1800,8.3950,8.0200,8.2200,10409000,HOOD,8.0343,8.3220,9.1388,9.2901,10.7570,11.9388,19.4520,18.5910
2022-07-05,8.4000,8.4400,7.7800,8.0200,12854100,HOOD,7.9957,8.3295,9.0980,9.2552,10.7072,11.8688,19.2843,18.4896
2022-07-06,8.6300,8.8000,8.2600,8.4400,14051300,HOOD,7.9718,8.3581,9.0654,9.2307,10.6544,11.8046,19.1155,18.3915
2022-07-07,9.0200,9.0200,8.4850,8.6200,12394400,HOOD,7.9868,8.4211,9.0380,9.2224,10.6094,11.7495,18.9571,18.2982
2022-07-08,9.0000,9.2500,8.7600,8.8500,9873600,HOOD,8.0178,8.4762,9.0180,9.2137,10.5662,11.6951,18.7906,18.2057
2022-07-11,8.3400,8.9400,8.2900,8.8600,10120500,HOOD,8.0333,8.4633,8.9946,9.1794,10.5161,11.6286,18.5979,18.1076
2022-07-12,8.4000,8.5200,8.1000,8.3600,11153500,HOOD,8.0628,8.4572,8.9608,9.1489,10.4634,11.5647,18.4102,18.0110
2022-07-13,8.3600,8.4700,8.0800,8.2000,8250600,HOOD,8.1193,8.4480,8.9319,9.1179,10.4119,11.5012,18.2275,17.9149
2022-07-14,8.2400,8.3500,8.0500,8.2900,8007000,HOOD,8.1697,8.4282,8.8871,9.0835,10.3718,11.4366,18.0449,17.8187
2022-07-15,8.4100,8.4200,8.1000,8.3000,10206100,HOOD,8.2377,8.4264,8.8533,9.0571,10.3378,11.3767,17.8639,17.7250
2022-07-18,8.6200,8.8400,8.5550,8.6300,9070900,HOOD,8.3242,8.4449,8.8077,9.0399,10.3109,11.3221,17.6913,17.6344
2022-07-19,9.0300,9.0700,8.7000,8.7300,10444000,HOOD,8.4162,8.5006,8.7761,9.0396,10.2926,11.2767,17.5260,17.5488
2022-07-20,9.4100,9.4400,8.9600,9.0300,10889300,HOOD,8.5092,8.5872,8.7619,9.0541,10.2716,11.2398,17.3636,17.4678
2022-07-21,9.4100,9.5000,9.2000,9.3400,7446600,HOOD,8.6052,8.6656,8.7601,9.0680,10.2496,11.2035,17.2060,17.3877
2022-07-22,9.0800,9.5000,8.9400,9.4500,8296300,HOOD,8.6602,8.7050,8.7563,9.0685,10.2203,11.1615,17.0413,17.3050
2022-07-25,8.8900,9.0300,8.7400,9.0300,5470100,HOOD,8.7047,8.7227,8.7711,9.0615,10.1915,11.1165,16.8755,17.2213
2022-07-26,8.4300,8.7300,8.3700,8.7100,7255400,HOOD,8.6702,8.6948,8.7685,9.0367,10.1609,11.0633,16.7084,17.1338
2022-07-27,8.9000,8.9300,8.4900,8.6300,6037000,HOOD,8.6720,8.7143,8.7327,9.0314,10.1361,11.0205,16.5440,17.0519
2022-07-28,9.1100,9.1750,8.5750,8.8900,7384800,HOOD,8.7040,8.7520,8.7127,9.0345,10.1176,10.9826,16.3792,16.9728
2022-07-29,9.0500,9.1500,8.9100,9.0100,7679200,HOOD,8.7455,8.7804,8.6925,9.0351,10.0939,10.9444,16.2218,16.8940
2022-08-01,9.0400,9.0400,8.7120,8.9400,9478600,HOOD,8.7885,8.8051,8.6787,9.0353,10.0668,10.9067,16.0644,16.8159
2022-08-02,9.2300,9.3300,8.7900,8.8100,11339200,HOOD,8.8300,8.8456,8.6591,9.0429,10.0349,10.8735,15.9059,16.7404
2022-08-03,10.3100,10.7600,9.4000,9.4000,37485700,HOOD,8.9140,8.9851,8.6637,9.0926,10.0175,10.8623,15.7523,16.6764
2022-08-04,10.8800,11.3500,10.2600,10.9700,27870300,HOOD,9.0070,9.1655,8.6801,9.1627,10.0161,10.8627,15.6035,16.6187
2022-08-05,10.4000,10.6150,9.9400,10.4200,17288100,HOOD,9.0770,9.2831,8.7059,9.2112,10.0136,10.8535,15.4470,16.5568
2022-08-08,10.6800,10.9050,10.2800,10.5200,13033200,HOOD,9.1940,9.4161,8.7349,9.2688,10.0100,10.8501,15.2912,16.4984
2022-08-09,10.1000,10.5100,10.0000,10.4700,8266000,HOOD,9.2790,9.4813,8.7513,9.3014,9.9832,10.8352,15.1353,16.4347
2022-08-10,10.5800,10.6600,10.1600,10.5100,11168700,HOOD,9.3900,9.5859,8.7553,9.3515,9.9551,10.8301,14.9903,16.3764
2022-08-11,10.5100,11.2950,10.5100,11.0100,14230000,HOOD,9.5035,9.6739,8.7643,9.3970,9.9258,10.8238,14.8478,16.3181
2022-08-12,10.9300,10.9300,10.4300,10.6500,7333600,HOOD,9.6295,9.7935,8.7955,9.4571,9.9046,10.8259,14.7046,16.2645
2022-08-15,11.0100,11.1900,10.7900,10.7900,7086900,HOOD,9.7490,9.9094,8.8217,9.5180,9.8805,10.8296,14.5825,16.2122
2022-08-16,10.9000,11.5900,10.6200,11.0250,20374700,HOOD,9.8425,10.0037,8.8563,9.5722,9.8587,10.8310,14.4596,16.1593
2022-08-17,10.4200,10.8150,10.3100,10.7500,9287000,HOOD,9.8930,10.0434,8.8825,9.6054,9.8333,10.8228,14.3368,16.1022
2022-08-18,10.1700,10.4200,9.9400,10.3300,9525400,HOOD,9.9310,10.0554,8.9115,9.6276,9.8111,10.8099,14.2134,16.0432
2022-08-19,9.2600,9.8800,9.1900,9.8500,13783800,HOOD,9.9400,9.9797,8.9291,9.6132,9.7756,10.7792,14.0848,15.9757
2022-08-22,9.0400,9.2650,8.8900,8.9700,8228100,HOOD,9.9475,9.8902,8.9493,9.5907,9.7069,10.7448,13.9448,15.9067
2022-08-23,9.1800,9.3350,8.9350,9.0400,6071600,HOOD,9.9850,9.8226,8.9767,9.5746,9.6531,10.7138,13.8053,15.8397
2022-08-24,9.3200,9.4900,9.1580,9.2000,5350300,HOOD,10.0060,9.7747,9.0185,9.5646,9.6112,10.6862,13.6669,15.7749
2022-08-25,9.8100,9.8300,9.3400,9.4300,6123500,HOOD,10.0410,9.7781,9.0701,9.5742,9.5743,10.6688,13.5261,15.7155
2022-08-26,9.3800,9.9700,9.2100,9.8700,7071900,HOOD,10.0575,9.7401,9.1167,9.5666,9.5298,10.6433,13.3894,15.6525
2022-08-29,9.3800,9.5900,9.2180,9.2600,5129100,HOOD,10.0745,9.7058,9.1665,9.5593,9.4933,10.6183,13.2639,15.5901
2022-08-30,9.4700,9.6400,9.2900,9.5000,5410700,HOOD,10.0865,9.6834,9.2121,9.5558,9.4629,10.5955,13.1404,15.5292
2022-08-31,9.5500,9.6850,9.4100,9.5100,7247400,HOOD,10.0485,9.6707,9.2521,9.5556,9.4377,10.5748,13.0121,15.4697
2022-09-01,9.6300,9.6300,8.9900,9.4000,8311000,HOOD,9.9860,9.6668,9.2949,9.5585,9.4216,10.5561,12.8855,15.4116
2022-09-02,9.4500,9.8500,9.2700,9.8200,7305000,HOOD,9.9385,9.6462,9.3243,9.5542,9.4026,10.5342,12.7634,15.3523
2022-09-06,9.5700,9.7400,9.3500,9.5300,13242200,HOOD,9.8830,9.6389,9.3557,9.5548,9.3840,10.5151,12.6468,15.2947
2022-09-07,9.8500,9.9200,9.4500,9.6200,9342600,HOOD,9.8705,9.6590,9.3703,9.5664,9.3636,10.5020,12.5434,15.2405
2022-09-08,10.1000,10.1100,9.5300,9.6200,11116400,HOOD,9.8465,9.7010,9.3950,9.5873,9.3508,10.4940,12.4490,15.1894
2022-09-09,10.6000,10.9300,10.2900,10.4100,15651500,HOOD,9.8510,9.7866,9.4376,9.6271,9.3469,10.4961,12.3628,15.1437
2022-09-12,11.0100,11.2800,10.5600,10.7600,14394700,HOOD,9.8550,9.9031,9.4934,9.6813,9.3414,10.5063,12.2796,15.1026
2022-09-13,10.4100,10.9150,10.3200,10.5200,15029400,HOOD,9.8250,9.9514,9.5380,9.7099,9.3384,10.5044,12.1917,15.0559
2022-09-14,10.7800,10.9050,10.2750,10.4100,17007400,HOOD,9.8190,10.0303,9.5856,9.7518,9.3418,10.5098,12.1060,15.0134
2022-09-15,11.2500,11.6250,10.6500,10.6500,18488600,HOOD,9.8605,10.1465,9.6380,9.8106,9.3517,10.5245,12.0269,14.9759
2022-09-16,10.2500,11.0300,10.2000,10.9100,46281800,HOOD,9.8645,10.1563,9.6626,9.8278,9.3503,10.5191,11.9485,14.9289
2022-09-19,10.2600,10.2950,9.7600,9.9800,10074700,HOOD,9.9145,10.1662,9.6878,9.8448,9.3529,10.5139,11.8801,14.8824
2022-09-20,9.9400,10.2600,9.9000,10.1600,5799700,HOOD,9.9595,10.1447,9.7198,9.8485,9.3572,10.5026,11.8088,14.8333
2022-09-21,9.9200,10.5200,9.8500,10.0100,8110900,HOOD,9.9965,10.1233,9.7502,9.8513,9.3555,10.4910,11.7507,14.7844
2022-09-22,9.6500,11.1000,9.6000,10.6200,28957600,HOOD,10.0130,10.0782,9.7760,9.8434,9.3539,10.4744,11.6894,14.7333
2022-09-23,9.4400,9.5800,9.1650,9.4850,10079600,HOOD,9.9945,10.0174,9.8000,9.8276,9.3435,10.4539,11.6230,14.6806
2022-09-26,9.2400,9.7400,9.2400,9.4200,7810500,HOOD,9.9875,9.9434,9.8166,9.8045,9.3349,10.4298,11.5506,14.6265
2022-09-27,9.6100,9.7900,9.3700,9.4550,8530000,HOOD,9.9990,9.9116,9.8364,9.7969,9.3220,10.4136,11.4891,14.5766
2022-09-28,10.0100,10.1500,9.5400,9.5450,9015800,HOOD,10.0260,9.9210,9.8560,9.8053,9.3160,10.4056,11.4385,14.5311
2022-09-29,9.7700,9.9000,9.5600,9.8000,5561600,HOOD,10.0370,9.9066,9.8632,9.8039,9.3126,10.3930,11.3888,14.4837
2022-09-30,10.1000,10.4790,9.6700,9.7400,7938400,HOOD,10.0605,9.9250,9.8770,9.8155,9.3186,10.3872,11.3437,14.4401
2022-10-03,10.1000,10.1900,9.7100,10.0200,8883100,HOOD,10.0930,9.9417,9.8974,9.8267,9.3269,10.3815,11.2967,14.3969
2022-10-04,10.8200,10.9600,10.3900,10.4000,10021900,HOOD,10.1555,10.0253,9.9360,9.8656,9.3536,10.3902,11.2601,14.3613
2022-10-05,10.7600,10.9700,10.5150,10.6500,5980700,HOOD,10.2010,10.0953,9.9826,9.9007,9.3756,10.3975,11.2184,14.3255
2022-10-06,11.1700,11.1800,10.7000,10.7600,7227800,HOOD,10.2545,10.1977,10.0280,9.9505,9.3804,10.4128,11.1841,14.2941
2022-10-07,10.8000,11.1700,10.6500,10.9100,6673700,HOOD,10.2645,10.2550,10.0618,9.9838,9.3873,10.4205,11.1434,14.2593
2022-10-10,10.5200,10.8400,10.3950,10.8180,4699900,HOOD,10.2400,10.2803,10.0912,10.0048,9.3919,10.4225,11.1041,14.2221
2022-10-11,10.4400,10.6400,9.8450,10.4400,6979400,HOOD,10.2415,10.2955,10.1192,10.0219,9.3990,10.4228,11.0618,14.1845
2022-10-12,10.6600,10.6750,10.1300,10.4400,5630000,HOOD,10.2355,10.3302,10.1478,10.0469,9.4035,10.4275,11.0229,14.1494
2022-10-13,10.6300,10.9400,9.9500,10.1750,8549700,HOOD,10.2045,10.3587,10.1542,10.0698,9.4090,10.4315,10.9888,14.1144
2022-10-14,9.8900,11.0200,9.8850,10.8000,5715800,HOOD,10.1865,10.3141,10.1344,10.0627,9.4073,10.4208,10.9527,14.0724
2022-10-17,10.2100,10.5800,10.1100,10.3300,7054100,HOOD,10.1840,10.3042,10.1306,10.0685,9.4183,10.4166,10.9128,14.0340
2022-10-18,10.4400,10.7900,10.3100,10.6300,6890400,HOOD,10.2090,10.3171,10.1258,10.0831,9.4304,10.4171,10.8762,13.9982
2022-10-19,10.1100,10.4000,9.9050,10.3000,5774100,HOOD,10.2185,10.2974,10.1260,10.0841,9.4387,10.4110,10.8345,13.9595
2022-10-20,9.8300,10.4800,9.8200,10.0800,7947900,HOOD,10.2275,10.2529,10.1110,10.0742,9.4332,10.3995,10.7967,13.9184
2022-10-21,10.1400,10.1500,9.5400,9.7700,8035200,HOOD,10.2625,10.2421,10.1036,10.0767,9.4340,10.3944,10.7675,13.8808
2022-10-24,10.2100,10.2400,9.7000,10.1500,5482000,HOOD,10.3110,10.2391,10.0892,10.0820,9.4424,10.3907,10.7406,13.8443
2022-10-25,10.8300,10.9100,10.2200,10.2200,7570100,HOOD,10.3720,10.2954,10.0856,10.1113,9.4537,10.3994,10.7153,13.8143
2022-10-26,11.0800,11.5000,10.7500,10.8000,8238000,HOOD,10.4255,10.3701,10.0892,10.1493,9.4728,10.4129,10.6927,13.7871
2022-10-27,11.1600,11.4900,11.0200,11.1200,6803100,HOOD,10.4950,10.4453,10.1040,10.1889,9.4933,10.4277,10.6664,13.7610
2022-10-28,11.5000,11.5700,11.0200,11.1000,9593300,HOOD,10.5650,10.5458,10.1306,10.2403,9.5211,10.4489,10.6427,13.7385
2022-10-31,11.6800,12.3600,11.3550,11.4500,12545300,HOOD,10.6440,10.6538,10.1790,10.2968,9.5541,10.4733,10.6246,13.7180
2022-11-01,11.9200,12.1600,11.6250,12.0200,8745100,HOOD,10.6990,10.7744,10.2366,10.3604,9.5930,10.5020,10.6083,13.7001
2022-11-02,11.4000,12.0150,11.3200,11.8800,14620400,HOOD,10.7310,10.8340,10.2810,10.4012,9.6289,10.5197,10.5933,13.6772
2022-11-03,12.3300,12.7600,11.5000,11.8500,22831700,HOOD,10.7890,10.9764,10.3412,10.4769,9.6799,10.5556,10.5855,13.6638
2022-11-04,12.2800,12.5900,11.8200,12.4700,10887000,HOOD,10.8630,11.1006,10.3906,10.5476,9.7304,10.5897,10.5785,13.6500
2022-11-07,12.0300,12.5400,11.8700,12.4000,12563800,HOOD,10.9385,11.1891,10.4436,10.6057,9.7802,10.6182,10.5737,13.6339
2022-11-08,9.7400,11.7240,9.6000,11.7240,42935000,HOOD,10.9035,11.0511,10.4508,10.5717,9.8087,10.6009,10.5568,13.5952
2022-11-09,8.4000,9.6350,8.2900,9.5750,37581000,HOOD,10.7905,10.7986,10.4294,10.4866,9.8208,10.5573,10.5336,13.5435
2022-11-10,9.2700,9.4100,8.7350,9.2100,26896900,HOOD,10.7225,10.6530,10.4238,10.4389,9.8380,10.5318,10.5179,13.5009
2022-11-11,10.4700,10.5400,8.5750,8.8500,31084400,HOOD,10.7515,10.6356,10.4406,10.4401,9.8678,10.5306,10.5122,13.4708
2022-11-14,9.5600,10.2800,9.5400,10.0000,17382900,HOOD,10.7190,10.5332,10.4428,10.4056,9.8836,10.5113,10.4963,13.4319
2022-11-15,10.1500,10.4000,9.7210,9.9100,16877200,HOOD,10.7045,10.4967,10.4544,10.3956,9.9051,10.5042,10.4763,13.3992
2022-11-16,9.3200,10.0210,9.2700,9.8400,13759600,HOOD,10.6650,10.3846,10.4438,10.3534,9.9071,10.4807,10.4497,13.3586
2022-11-17,9.4700,9.5710,9.0300,9.1300,10392600,HOOD,10.6470,10.2975,10.4312,10.3187,9.9131,10.4607,10.4269,13.3199
2022-11-18,9.1900,9.6000,9.1000,9.5500,8570700,HOOD,10.5995,10.1920,10.4030,10.2745,9.9203,10.4356,10.4021,13.2788
2022-11-21,8.8500,9.0300,8.7300,9.0300,11079200,HOOD,10.5315,10.0642,10.3598,10.2186,9.9266,10.4042,10.3705,13.2348
2022-11-22,9.0900,9.1900,8.6500,8.8000,7808500,HOOD,10.4445,9.9714,10.3334,10.1744,9.9357,10.3781,10.3464,13.1935
2022-11-23,9.4600,9.5000,9.0100,9.0100,7444700,HOOD,10.3635,9.9227,10.3070,10.1463,9.9463,10.3600,10.3268,13.1564
2022-11-25,9.3900,9.4300,9.2400,9.3300,1823800,HOOD,10.2750,9.8720,10.2698,10.1167,9.9539,10.3408,10.3042,13.1189
2022-11-28,9.1900,9.5400,9.0700,9.3000,5908500,HOOD,10.1595,9.8070,10.2486,10.0803,9.9556,10.3180,10.2825,13.0798
2022-11-29,9.1800,9.4290,9.0300,9.2800,7360000,HOOD,10.0345,9.7473,10.2270,10.0450,9.9574,10.2954,10.2618,13.0410
2022-11-30,9.5900,9.6300,9.0500,9.2900,7533400,HOOD,9.9180,9.7323,10.2200,10.0272,9.9699,10.2815,10.2430,13.0067
2022-12-01,9.8700,10.0800,9.5500,9.6000,8576100,HOOD,9.8415,9.7454,10.2190,10.0210,9.9846,10.2733,10.2240,12.9755
2022-12-02,9.9900,10.0500,9.5750,9.6800,8184400,HOOD,9.7245,9.7687,10.2258,10.0198,10.0009,10.2677,10.2064,12.9458
2022-12-05,9.6700,10.1700,9.6500,10.0000,4483400,HOOD,9.5940,9.7593,10.2304,10.0061,10.0152,10.2559,10.1935,12.9132
2022-12-06,9.3900,9.7600,9.2100,9.6700,7658200,HOOD,9.4620,9.7242,10.2334,9.9819,10.0250,10.2387,10.1814,12.8781
2022-12-07,9.2600,9.4200,9.1650,9.2700,5071000,HOOD,9.4380,9.6800,10.2264,9.9536,10.0314,10.2193,10.1712,12.8421
2022-12-08,9.5200,9.5600,9.1550,9.4300,6337300,HOOD,9.4940,9.6647,10.2166,9.9366,10.0363,10.2055,10.1645,12.8090
2022-12-09,9.3100,9.4900,9.2750,9.4900,5323400,HOOD,9.4960,9.6309,10.2074,9.9120,10.0353,10.1878,10.1535,12.7742
2022-12-12,9.5800,9.6400,9.3100,9.4000,6070400,HOOD,9.4515,9.6261,10.1970,9.8990,10.0370,10.1757,10.1433,12.7424
2022-12-13,9.3500,10.2400,9.2400,10.1000,10907200,HOOD,9.4410,9.5998,10.1820,9.8775,10.0397,10.1594,10.1300,12.7087
2022-12-14,9.0900,9.4400,8.9400,9.2700,11071000,HOOD,9.3880,9.5512,10.1474,9.8466,10.0417,10.1382,10.1166,12.6727
2022-12-15,8.6700,9.0000,8.6100,8.8250,9036300,HOOD,9.3555,9.4673,10.1056,9.8005,10.0441,10.1091,10.1025,12.6329
2022-12-16,8.6100,8.7200,8.3650,8.5700,12381300,HOOD,9.3125,9.3857,10.0544,9.7538,10.0412,10.0794,10.0887,12.5928
2022-12-19,8.2000,8.5600,8.0300,8.5600,8209700,HOOD,9.2630,9.2727,10.0024,9.6928,10.0321,10.0422,10.0749,12.5491
2022-12-20,8.1000,8.4300,8.0200,8.1300,6312400,HOOD,9.2255,9.1611,9.9540,9.6304,10.0226,10.0038,10.0583,12.5048
2022-12-21,8.1700,8.2350,7.9700,8.1700,4776600,HOOD,9.1795,9.0667,9.9086,9.5731,10.0139,9.9675,10.0404,12.4617
2022-12-22,7.9900,8.1100,7.6900,8.0500,7869700,HOOD,9.1060,8.9641,9.8552,9.5110,10.0015,9.9283,10.0182,12.4172
2022-12-23,7.9500,8.0000,7.7600,7.9900,5243900,HOOD,9.0340,8.8675,9.8016,9.4498,9.9779,9.8891,9.9977,12.3728
2022-12-27,7.7000,7.9300,7.6800,7.8500,5353000,HOOD,8.9595,8.7563,9.7578,9.3812,9.9461,9.8458,9.9811,12.3263
2022-12-28,7.7000,7.8100,7.5650,7.6700,6282000,HOOD,8.8855,8.6557,9.7076,9.3153,9.9191,9.8033,9.9664,12.2802
2022-12-29,8.0500,8.1500,7.7350,7.7700,7422600,HOOD,8.8085,8.5981,9.6598,9.2656,9.8928,9.7686,9.9514,12.2381
2022-12-30,8.1400,8.1700,7.7600,7.8500,9435800,HOOD,8.7220,8.5544,9.6204,9.2215,9.8732,9.7363,9.9282,12.1974
2023-01-03,8.0800,8.3800,7.9150,8.2600,5282400,HOOD,8.6265,8.5092,9.5854,9.1767,9.8482,9.7035,9.9017,12.1564
2023-01-04,8.3600,8.3700,8.0500,8.1700,9287900,HOOD,8.5610,8.4950,9.5498,9.1447,9.8267,9.6769,9.8763,12.1186
2023-01-05,8.1100,8.2300,7.9500,8.1600,4469100,HOOD,8.4970,8.4584,9.5078,9.1041,9.7985,9.6459,9.8516,12.0787
2023-01-06,8.2500,8.3200,7.9280,8.1400,5880100,HOOD,8.4465,8.4385,9.4562,9.0706,9.7709,9.6182,9.8257,12.0406
2023-01-09,8.5500,8.6900,8.3900,8.4400,7311200,HOOD,8.3980,8.4491,9.4056,9.0502,9.7474,9.5971,9.8031,12.0059
2023-01-10,8.7200,8.7350,8.3700,8.4900,6335300,HOOD,8.3685,8.4749,9.3568,9.0373,9.7304,9.5797,9.7819,11.9732
2023-01-11,8.7600,8.8400,8.6300,8.7600,4901500,HOOD,8.3275,8.5021,9.3020,9.0264,9.7163,9.5635,9.7637,11.9412
2023-01-12,9.0400,9.0500,8.4900,8.8100,7845600,HOOD,8.3120,8.5533,9.2492,9.0269,9.7141,9.5531,9.7449,11.9124
2023-01-13,9.3200,9.4400,8.9000,8.9300,10717600,HOOD,8.3235,8.6263,9.1972,9.0384,9.7169,9.5485,9.7119,11.8866
2023-01-17,9.5200,9.6750,9.2900,9.3600,7924300,HOOD,8.3660,8.7114,9.1596,9.0573,9.7203,9.5479,9.6867,11.8630
2023-01-18,9.3100,9.7000,9.1700,9.6600,7824500,HOOD,8.4010,8.7684,9.0992,9.0672,9.7202,9.5432,9.6657,11.8376
2023-01-19,9.0500,9.3000,9.0400,9.1800,3549700,HOOD,8.4435,8.7953,9.0346,9.0665,9.7126,9.5335,9.6435,11.8099
2023-01-20,9.5200,9.5700,9.0600,9.1600,6450900,HOOD,8.5145,8.8643,8.9844,9.0843,9.7140,9.5332,9.6219,11.7871
2023-01-23,9.7100,9.7800,9.4300,9.5800,5774700,HOOD,8.5915,8.9448,8.9838,9.1089,9.7173,9.5367,9.6053,11.7664
2023-01-24,9.7100,9.8400,9.5600,9.6000,5211000,HOOD,8.6775,9.0177,9.0100,9.1324,9.7197,9.5401,9.5913,11.7460
2023-01-25,9.6900,9.7800,9.3250,9.5500,5877800,HOOD,8.7645,9.0817,9.0184,9.1543,9.7211,9.5431,9.5794,11.7255
2023-01-26,9.6400,10.0000,9.5500,9.9400,5727000,HOOD,8.8615,9.1349,9.0018,9.1733,9.7212,9.5450,9.5714,11.7048
2023-01-27,10.3900,10.5450,9.5900,9.6100,12460900,HOOD,8.9960,9.2544,9.0184,9.2211,9.7306,9.5617,9.5666,11.6917
2023-01-30,10.1500,10.6500,10.0100,10.3000,6890700,HOOD,9.1010,9.3397,9.0184,9.2575,9.7364,9.5734,9.5602,11.6763
2023-01-31,10.4100,10.4200,10.1500,10.2400,7155400,HOOD,9.2145,9.4417,9.0402,9.3027,9.7420,9.5900,9.5528,11.6637
2023-02-01,10.7800,10.8800,10.1600,10.2600,10457700,HOOD,9.3495,9.5691,9.0664,9.3606,9.7488,9.6135,9.5498,11.6550
2023-02-02,11.1400,11.5200,10.9700,11.1200,15067800,HOOD,9.4885,9.7187,9.1054,9.4304,9.7542,9.6438,9.5506,11.6498
2023-02-03,10.7400,11.2350,10.5500,10.7650,11173900,HOOD,9.6200,9.8160,9.1432,9.4818,9.7515,9.6655,9.5465,11.6408
2023-02-06,10.6000,10.7300,10.4200,10.6300,6529800,HOOD,9.7375,9.8907,9.1734,9.5256,9.7534,9.6840,9.5459,11.6304
2023-02-07,10.5500,10.7400,10.2200,10.6000,7756700,HOOD,9.8375,9.9535,9.1952,9.5658,9.7511,9.7011,9.5465,11.6197
2023-02-08,10.4700,10.7950,10.3900,10.6000,13081300,HOOD,9.9250,10.0026,9.2168,9.6012,9.7433,9.7163,9.5475,11.6082
2023-02-09,10.0800,11.1600,9.9000,11.0660,16889500,HOOD,9.9910,10.0100,9.2346,9.6200,9.7416,9.7235,9.5460,11.5930
2023-02-10,9.9800,10.3250,9.8400,9.9200,8612300,HOOD,10.0380,10.0072,9.2506,9.6341,9.7388,9.7286,9.5459,11.5770
2023-02-13,9.9200,10.0800,9.8100,9.9800,5829700,HOOD,10.0680,9.9989,9.2572,9.6453,9.7386,9.7324,9.5479,11.5605
2023-02-14,10.0600,10.2600,9.8100,9.8900,5431500,HOOD,10.0950,10.0047,9.2610,9.6616,9.7400,9.7389,9.5478,11.5456
2023-02-15,10.6300,10.6300,10.0200,10.0600,7752600,HOOD,10.1610,10.0642,9.2738,9.6996,9.7498,9.7565,9.5519,11.5364
2023-02-16,10.3400,10.9200,10.3300,10.4320,8078100,HOOD,10.2255,10.0905,9.2872,9.7247,9.7588,9.7681,9.5512,11.5245
2023-02-17,10.3500,10.3700,9.8100,10.2000,9328900,HOOD,10.2670,10.1152,9.3064,9.7492,9.7699,9.7796,9.5524,11.5129
2023-02-21,9.9000,10.2900,9.8300,10.1300,5568900,HOOD,10.2765,10.0947,9.3192,9.7551,9.7728,9.7820,9.5474,11.4968
2023-02-22,9.9500,10.0950,9.7900,9.8900,5135800,HOOD,10.2885,10.0809,9.3278,9.7628,9.7722,9.7853,9.5441,11.4814
2023-02-23,10.0900,10.1000,9.7150,10.0650,4670700,HOOD,10.3085,10.0818,9.3434,9.7756,9.7754,9.7914,9.5440,11.4676
2023-02-24,9.5900,9.9200,9.4700,9.8100,6090400,HOOD,10.3060,10.0350,9.3436,9.7683,9.7703,9.7874,9.5444,11.4489
2023-02-27,9.7200,9.8750,9.6100,9.7200,4516800,HOOD,10.2725,10.0050,9.3510,9.7664,9.7665,9.7860,9.5467,11.4317
2023-02-28,10.0700,10.1600,9.7200,9.7300,6183900,HOOD,10.2685,10.0112,9.3706,9.7783,9.7590,9.7917,9.5563,11.4181
2023-03-01,9.7300,10.1100,9.7000,10.0100,4785400,HOOD,10.2345,9.9844,9.3918,9.7764,9.7487,9.7904,9.5621,11.4013
2023-03-02,9.6200,9.7400,9.2100,9.4800,8123200,HOOD,10.1765,9.9497,9.4120,9.7703,9.7332,9.7871,9.5568,11.3836
2023-03-03,9.9000,9.9500,9.5790,9.6100,4935000,HOOD,10.1145,9.9449,9.4460,9.7754,9.7242,9.7893,9.5557,11.3688
2023-03-06,9.7200,10.0400,9.6750,9.9450,4740500,HOOD,10.0635,9.9235,9.4784,9.7732,9.7162,9.7879,9.5540,11.3524
2023-03-07,9.4200,9.7800,9.4000,9.7100,6980400,HOOD,10.0045,9.8756,9.5034,9.7594,9.7060,9.7806,9.5525,11.3332
2023-03-08,9.6500,9.7200,9.3400,9.4200,3962500,HOOD,9.9595,9.8541,9.5366,9.7551,9.6959,9.7781,9.5497,11.3165
2023-03-09,9.4400,9.8320,9.3500,9.5800,7287500,HOOD,9.9080,9.8146,9.5664,9.7427,9.6840,9.7714,9.5465,11.2978
2023-03-10,9.0100,9.3700,8.5100,9.3200,12787000,HOOD,9.8545,9.7380,9.5926,9.7140,9.6752,9.7563,9.5412,11.2750
2023-03-13,8.9900,9.2700,8.7100,8.8500,8538100,HOOD,9.8050,9.6668,9.6184,9.6856,9.6630,9.7411,9.5406,11.2523
2023-03-14,9.1100,9.4750,9.0000,9.3300,7339600,HOOD,9.7645,9.6137,9.6396,9.6630,9.6497,9.7286,9.5400,11.2310
2023-03-15,9.2000,9.2200,8.7600,8.8100,5927900,HOOD,9.7215,9.5743,9.6608,9.6449,9.6406,9.7182,9.5396,11.2108
2023-03-16,9.3100,9.3700,8.9800,9.1000,4240100,HOOD,9.6555,9.5492,9.6854,9.6317,9.6354,9.7101,9.5343,11.1919
2023-03-17,9.1900,9.3700,9.0440,9.2900,6001200,HOOD,9.5980,9.5150,9.7020,9.6144,9.6259,9.6998,9.5299,11.1719
2023-03-20,8.8000,9.1900,8.8000,9.1600,6042000,HOOD,9.5205,9.4469,9.7158,9.5825,9.6118,9.6820,9.5271,11.1483
2023-03-21,9.3400,9.3800,8.8800,8.9300,6674500,HOOD,9.4925,9.4367,9.7376,9.5730,9.5969,9.6752,9.5253,11.1303
2023-03-22,8.9300,9.4000,8.9200,9.3200,4657200,HOOD,9.4415,9.3884,9.7452,9.5478,9.5754,9.6604,9.5241,11.1084
2023-03-23,8.5700,9.0600,8.5400,8.8900,9078100,HOOD,9.3655,9.3105,9.7422,9.5094,9.5495,9.6388,9.5214,11.0832
2023-03-24,8.6800,8.7350,8.3750,8.5000,5005300,HOOD,9.3200,9.2504,9.7406,9.4769,9.5213,9.6198,9.5212,11.0593
2023-03-27,8.6100,8.8400,8.5200,8.7600,4069800,HOOD,9.2645,9.1894,9.7320,9.4429,9.4906,9.5998,9.5223,11.0349
2023-03-28,8.6700,8.7100,8.5400,8.6000,3027500,HOOD,9.1945,9.1400,9.7190,9.4126,9.4581,9.5814,9.5255,11.0114
2023-03-29,9.1000,9.2200,8.7400,8.8300,8636700,HOOD,9.1630,9.1362,9.7106,9.4003,9.4351,9.5719,9.5320,10.9924
2023-03-30,9.4600,9.4800,9.2000,9.2200,11434200,HOOD,9.1550,9.1670,9.7136,9.4027,9.4064,9.5697,9.5431,10.9771
2023-03-31,9.7100,9.7300,9.4800,9.5000,7841600,HOOD,9.1455,9.2187,9.7268,9.4147,9.3807,9.5725,9.5555,10.9645
2023-04-03,9.7600,9.8200,9.5300,9.6500,8771600,HOOD,9.1475,9.2703,9.7316,9.4283,9.3580,9.5762,9.5691,10.9525
2023-04-04,9.7600,9.8000,9.6050,9.8000,6472700,HOOD,9.1645,9.3169,9.7326,9.4413,9.3582,9.5798,9.5834,10.9407
2023-04-05,9.7500,9.7800,9.5200,9.7000,9488800,HOOD,9.1695,9.3582,9.7334,9.4534,9.3717,9.5832,9.5962,10.9288
2023-04-06,10.0100,10.0800,9.7100,9.7200,6895000,HOOD,9.1980,9.4202,9.7398,9.4752,9.3791,9.5916,9.6085,10.9197
2023-04-10,9.9800,10.0000,9.6450,9.9300,5884900,HOOD,9.2465,9.4736,9.7466,9.4950,9.3742,9.5993,9.6210,10.9103
2023-04-11,9.9600,10.0200,9.8250,10.0000,6217200,HOOD,9.2950,9.5199,9.7380,9.5132,9.3782,9.6065,9.6309,10.9009
2023-04-12,10.0100,10.2000,9.6600,10.1200,5637400,HOOD,9.3400,9.5666,9.7352,9.5327,9.3768,9.6145,9.6409,10.8920
2023-04-13,10.0700,10.1400,9.9000,10.0900,5893600,HOOD,9.3835,9.6145,9.7284,9.5538,9.3843,9.6235,9.6457,10.8838
2023-04-14,10.0000,10.1050,9.9150,10.0400,8618500,HOOD,9.4180,9.6512,9.7128,9.5713,9.3896,9.6309,9.6514,10.8750
2023-04-17,9.8800,9.9100,9.5800,9.8500,7762100,HOOD,9.4525,9.6730,9.6876,9.5834,9.3965,9.6359,9.6584,10.8651
2023-04-18,9.8400,10.0200,9.7500,9.9700,3515900,HOOD,9.5045,9.6889,9.6696,9.5934,9.4064,9.6399,9.6665,10.8549
2023-04-19,9.8200,9.8600,9.6200,9.6700,3042300,HOOD,9.5285,9.7014,9.6540,9.6023,9.4137,9.6435,9.6747,10.8446
2023-04-20,9.7300,9.8350,9.6200,9.7000,3626700,HOOD,9.5685,9.7041,9.6376,9.6073,9.4164,9.6452,9.6814,10.8335
2023-04-21,9.6400,9.7600,9.5500,9.6900,4759800,HOOD,9.6220,9.6980,9.6210,9.6086,9.4189,9.6451,9.6864,10.8217
2023-04-24,9.4000,9.6900,9.3840,9.6300,3977900,HOOD,9.6580,9.6696,9.6074,9.6004,9.4210,9.6402,9.6883,10.8075
2023-04-25,9.0900,9.3700,9.0500,9.3000,4345300,HOOD,9.6820,9.6144,9.5896,9.5804,9.4201,9.6293,9.6888,10.7904
2023-04-26,8.8200,9.2500,8.8000,9.1500,7099200,HOOD,9.6895,9.5388,9.5676,9.5506,9.4124,9.6133,9.6912,10.7708
2023-04-27,8.8200,8.9400,8.7200,8.9000,8924700,HOOD,9.6755,9.4703,9.5428,9.5220,9.4019,9.5976,9.6933,10.7514
2023-04-28,8.8500,8.9400,8.7200,8.7700,4550100,HOOD,9.6450,9.4112,9.5072,9.4956,9.3905,9.5828,9.6957,10.7325
2023-05-01,8.8200,8.8500,8.6450,8.8000,6564000,HOOD,9.6005,9.3549,9.4768,9.4691,9.3820,9.5677,9.6986,10.7135
2023-05-02,8.4600,8.7900,8.4100,8.7500,7051000,HOOD,9.5355,9.2697,9.4390,9.4295,9.3727,9.5458,9.6989,10.6910
2023-05-03,8.3800,8.5910,8.3300,8.4100,6100000,HOOD,9.4665,9.1850,9.4086,9.3884,9.3639,9.5227,9.6977,10.6680
2023-05-04,8.4800,8.6000,8.2100,8.3600,6071700,HOOD,9.4030,9.1178,9.3792,9.3528,9.3535,9.5020,9.6949,10.6463
2023-05-05,8.8500,8.8600,8.6000,8.6200,5325200,HOOD,9.3450,9.0923,9.3544,9.3330,9.3489,9.4891,9.6921,10.6284
2023-05-08,8.9100,8.9500,8.7600,8.8200,4851800,HOOD,9.2915,9.0750,9.3408,9.3164,9.3422,9.4777,9.6896,10.6113
2023-05-09,9.1100,9.1700,8.8400,8.8700,7773500,HOOD,9.2490,9.0783,9.3286,9.3084,9.3398,9.4704,9.6898,10.5964
2023-05-10,9.0700,9.3800,8.7900,9.3100,11104000,HOOD,9.2020,9.0775,9.3086,9.2990,9.3396,9.4624,9.6907,10.5812
2023-05-11,9.6500,9.9600,9.1800,9.5500,23998400,HOOD,9.1810,9.1320,9.3070,9.3128,9.3494,9.4662,9.6968,10.5719
2023-05-12,8.7400,9.6400,8.7100,9.6200,15479100,HOOD,9.1180,9.0947,9.2894,9.2903,9.3507,9.4518,9.6960,10.5537
2023-05-15,8.6500,8.7450,8.5100,8.7200,10032900,HOOD,9.0565,9.0523,9.2644,9.2652,9.3552,9.4359,9.6937,10.5347
2023-05-16,8.3500,8.5900,8.3100,8.5300,9509000,HOOD,8.9820,8.9854,9.2370,9.2293,9.3577,9.4144,9.6902,10.5130
2023-05-17,8.4600,8.6550,8.3400,8.3800,9629000,HOOD,8.9140,8.9354,9.2178,9.1991,9.3606,9.3955,9.6873,10.4926
2023-05-18,8.6200,8.6700,8.3900,8.4250,5201900,HOOD,8.8585,8.9054,9.1972,9.1764,9.3669,9.3801,9.6842,10.4739
2023-05-19,8.4700,8.6700,8.4300,8.5800,4813000,HOOD,8.8000,8.8639,9.1778,9.1487,9.3721,9.3621,9.6750,10.4540
2023-05-22,8.7600,8.7850,8.4500,8.4700,6963200,HOOD,8.7680,8.8540,9.1728,9.1335,9.3827,9.3502,9.6644,10.4371
2023-05-23,8.6800,8.8650,8.5900,8.7000,4313200,HOOD,8.7475,8.8374,9.1666,9.1157,9.3925,9.3369,9.6558,10.4197
2023-05-24,8.6000,8.6600,8.4600,8.5500,2911600,HOOD,8.7365,8.8148,9.1564,9.0955,9.3980,9.3223,9.6454,10.4015
2023-05-25,8.6000,8.7400,8.5800,8.6600,5062600,HOOD,8.7255,8.7944,9.1444,9.0760,9.4026,9.3080,9.6379,10.3836
2023-05-26,8.8200,8.8800,8.6000,8.6000,4544500,HOOD,8.7240,8.7968,9.1346,9.0660,9.4100,9.2984,9.6291,10.3681
2023-05-30,8.9200,9.1800,8.9100,9.0000,7134900,HOOD,8.7290,8.8085,9.1292,9.0603,9.4156,9.2909,9.6212,10.3537
2023-05-31,8.9200,9.0300,8.7400,8.8200,5338200,HOOD,8.7520,8.8192,9.1316,9.0548,9.4237,9.2835,9.6111,10.3394
2023-06-01,9.0200,9.1200,8.7850,8.9200,4888000,HOOD,8.7840,8.8383,9.1252,9.0534,9.4314,9.2783,9.6012,10.3263
2023-06-02,9.3400,9.3500,8.9220,9.1200,9531200,HOOD,8.8270,8.8861,9.1334,9.0647,9.4393,9.2795,9.5934,10.3164
2023-06-05,9.0300,9.3250,8.9800,9.2900,6164300,HOOD,8.8360,8.8998,9.1426,9.0633,9.4424,9.2746,9.5864,10.3036
2023-06-06,9.1200,9.1200,8.6000,8.7300,10484400,HOOD,8.8465,8.9207,9.1514,9.0655,9.4460,9.2715,9.5812,10.2919
2023-06-07,9.4000,9.5800,9.1600,9.2000,8088900,HOOD,8.8610,8.9664,9.1672,9.0786,9.4496,9.2741,9.5819,10.2830
2023-06-08,9.5000,9.5400,9.1700,9.3600,5689800,HOOD,8.8825,9.0172,9.1838,9.0952,9.4514,9.2785,9.5842,10.2752
2023-06-09,9.4100,9.7990,9.4000,9.6100,4520900,HOOD,8.8705,9.0546,9.1900,9.1075,9.4503,9.2812,9.5853,10.2666
2023-06-12,9.3600,9.4100,9.2300,9.3600,6510300,HOOD,8.9015,9.0837,9.1880,9.1174,9.4508,9.2827,9.5855,10.2576
2023-06-13,9.6000,9.6900,9.3600,9.4700,10102700,HOOD,8.9490,9.1329,9.1858,9.1363,9.4563,9.2890,9.5845,10.2510
2023-06-14,9.9500,9.9800,9.5800,9.6500,8686700,HOOD,9.0290,9.2107,9.1896,9.1682,9.4606,9.3021,9.5873,10.2480
2023-06-15,9.9800,10.1400,9.8000,9.8200,10373900,HOOD,9.1050,9.2840,9.1940,9.2001,9.4633,9.3155,9.5903,10.2454
2023-06-16,10.0300,10.2200,9.9450,10.0700,14175500,HOOD,9.1755,9.3550,9.1996,9.2326,9.4665,9.3297,9.5931,10.2432
2023-06-20,10.0000,10.0500,9.6400,9.9500,7452900,HOOD,9.2520,9.4164,9.1994,9.2627,9.4696,9.3429,9.5954,10.2408
2023-06-21,9.7600,10.0600,9.7500,9.9600,5614600,HOOD,9.3020,9.4492,9.1950,9.2822,9.4708,9.3512,9.5960,10.2360
2023-06-22,9.4500,9.7100,9.1000,9.6900,14812600,HOOD,9.3405,9.4492,9.1848,9.2888,9.4614,9.3531,9.5960,10.2282
2023-06-23,9.4900,9.5800,9.3000,9.3600,12427200,HOOD,9.3850,9.4531,9.1744,9.2967,9.4548,9.3559,9.5956,10.2209
2023-06-26,9.6300,9.7400,9.3800,9.4700,5827200,HOOD,9.4365,9.4700,9.1656,9.3098,9.4470,9.3613,9.5945,10.2150
2023-06-27,9.9400,10.0200,9.5600,9.6000,11603800,HOOD,9.4925,9.5147,9.1644,9.3345,9.4386,9.3727,9.5937,10.2122
2023-06-28,10.1800,10.5200,9.9800,10.0100,13019500,HOOD,9.5555,9.5781,9.1704,9.3676,9.4290,9.3887,9.5916,10.2119
2023-06-29,9.9700,10.1500,9.7100,9.9900,11985800,HOOD,9.6080,9.6154,9.1730,9.3913,9.4213,9.4002,9.5864,10.2095
2023-06-30,9.9800,10.1400,9.8600,10.1250,8507300,HOOD,9.6560,9.6501,9.1762,9.4143,9.4151,9.4117,9.5842,10.2072
2023-07-03,10.6600,10.8000,9.9800,10.0000,12564500,HOOD,9.7220,9.7463,9.1948,9.4632,9.4162,9.4364,9.5836,10.2117
2023-07-05,10.7200,10.7600,10.3900,10.7200,12285700,HOOD,9.8065,9.8390,9.2164,9.5125,9.4187,9.4619,9.5810,10.2168
2023-07-06,10.4100,10.6400,10.1950,10.5700,10419500,HOOD,9.8710,9.8934,9.2366,9.5477,9.4220,9.4806,9.5818,10.2187
2023-07-07,10.7900,10.9100,10.4000,10.4000,12637700,HOOD,9.9405,9.9788,9.2706,9.5964,9.4301,9.5066,9.5844,10.2244
2023-07-10,11.2100,11.2700,10.5400,10.8800,14643400,HOOD,10.0260,10.0961,9.3184,9.6597,9.4430,9.5403,9.5908,10.2342
2023-07-11,11.8300,12.0200,11.3250,11.4700,23071300,HOOD,10.1470,10.2612,9.3786,9.7448,9.4607,9.5856,9.6003,10.2501
2023-07-12,11.9400,12.1150,11.6900,12.0400,15229600,HOOD,10.2760,10.4211,9.4404,9.8309,9.4738,9.6323,9.6118,10.2669
2023-07-13,12.4500,12.6100,11.8400,11.9800,18580400,HOOD,10.4185,10.6143,9.5130,9.9336,9.4949,9.6880,9.6268,10.2886
2023-07-14,12.3800,12.5050,12.0600,12.5000,14574600,HOOD,10.5400,10.7825,9.5914,10.0295,9.5152,9.7414,9.6426,10.3094
2023-07-17,12.4900,12.8500,12.2200,12.3400,15187700,HOOD,10.6655,10.9451,9.6736,10.1260,9.5411,9.7958,9.6570,10.3311
2023-07-18,12.5900,12.7600,12.3900,12.5100,12904700,HOOD,10.7935,11.1018,9.7558,10.2226,9.5675,9.8511,9.6699,10.3536
2023-07-19,13.1200,13.2300,12.6670,12.6800,16594200,HOOD,10.9495,11.2940,9.8412,10.3363,9.5978,9.9158,9.6866,10.3811
2023-07-20,12.8100,13.0800,12.5700,12.9500,10455900,HOOD,11.1020,11.4384,9.9192,10.4333,9.6300,9.9732,9.7001,10.4053
2023-07-21,12.7600,12.9500,12.6500,12.9100,8728500,HOOD,11.2675,11.5642,9.9922,10.5245,9.6604,10.0283,9.7134,10.4287
2023-07-24,12.7400,12.9300,12.6400,12.6800,7916200,HOOD,11.4300,11.6762,10.0656,10.6114,9.6871,10.0820,9.7230,10.4517
2023-07-25,12.5400,12.8900,12.5200,12.7400,5928600,HOOD,11.5755,11.7585,10.1234,10.6870,9.7152,10.1307,9.7319,10.4725
2023-07-26,12.7400,12.8000,12.4000,12.4600,12181100,HOOD,11.7155,11.8519,10.2034,10.7675,9.7464,10.1824,9.7398,10.4951
2023-07-27,12.2300,12.9400,12.0900,12.8800,10579500,HOOD,11.8180,11.8880,10.2750,10.8249,9.7697,10.2229,9.7469,10.5123
2023-07-28,12.7300,12.7400,12.3700,12.4500,9039000,HOOD,11.9560,11.9681,10.3626,10.8996,9.7998,10.2726,9.7580,10.5344
2023-07-31,12.8600,13.0150,12.7150,12.8000,10249200,HOOD,12.1000,12.0531,10.4506,10.9765,9.8342,10.3238,9.7701,10.5575
2023-08-01,12.8700,12.8900,12.5300,12.6800,9747600,HOOD,12.2105,12.1309,10.5356,11.0507,9.8664,10.3742,9.7811,10.5805
2023-08-02,12.4400,12.5600,12.1800,12.5400,14714900,HOOD,12.2965,12.1603,10.6150,11.1052,9.8964,10.4151,9.7902,10.5990
2023-08-03,11.5400,11.8000,10.8900,11.3800,21999800,HOOD,12.3530,12.1012,10.6706,11.1223,9.9217,10.4374,9.7984,10.6084
2023-08-04,11.2800,11.7600,11.2200,11.6800,11685000,HOOD,12.3775,12.0230,10.7226,11.1284,9.9446,10.4541,9.8038,10.6151
2023-08-07,11.3400,11.5000,11.0700,11.3100,9660200,HOOD,12.3840,11.9580,10.7774,11.1367,9.9669,10.4716,9.8083,10.6223
2023-08-08,11.1000,11.1600,10.9300,11.0900,8251300,HOOD,12.3475,11.8763,10.8274,11.1353,9.9859,10.4841,9.8132,10.6271
2023-08-09,10.8000,11.1000,10.7500,11.0400,10370500,HOOD,12.2905,11.7738,10.8670,11.1222,10.0008,10.4903,9.8181,10.6288
2023-08-10,10.7300,11.1000,10.6600,10.9300,6645900,HOOD,12.2045,11.6744,10.9032,11.1068,10.0162,10.4951,9.8210,10.6298
2023-08-11,10.7200,10.7900,10.5800,10.6050,6713600,HOOD,12.1215,11.5835,10.9392,11.0916,10.0354,10.4995,9.8236,10.6307
2023-08-14,10.6500,10.6800,10.5100,10.6600,5419200,HOOD,12.0295,11.4946,10.9718,11.0743,10.0485,10.5025,9.8227,10.6309
2023-08-15,10.4100,10.6050,10.3950,10.5500,4962300,HOOD,11.9205,11.3913,10.9932,11.0482,10.0633,10.5007,9.8193,10.6287
2023-08-16,10.1900,10.4200,10.1600,10.3300,4759000,HOOD,11.7740,11.2769,11.0164,11.0146,10.0795,10.4945,9.8145,10.6243
2023-08-17,10.0700,10.3200,10.0500,10.2400,7550100,HOOD,11.6370,11.1619,11.0354,10.9775,10.0934,10.4861,9.8073,10.6188
2023-08-18,10.2500,10.3000,9.8400,9.8600,8363500,HOOD,11.5115,11.0751,11.0524,10.9490,10.1098,10.4814,9.8002,10.6151
2023-08-21,10.3900,10.4450,10.1300,10.2850,6461200,HOOD,11.3940,11.0098,11.0702,10.9271,10.1270,10.4796,9.7925,10.6129
2023-08-22,10.3800,10.6050,10.3200,10.5000,6444800,HOOD,11.2860,10.9498,11.0896,10.9056,10.1398,10.4777,9.7874,10.6106
2023-08-23,10.5000,10.6000,10.3350,10.3900,6019400,HOOD,11.1740,10.9070,11.1124,10.8897,10.1502,10.4781,9.7783,10.6095
2023-08-24,10.3700,10.5200,10.2700,10.5200,4885100,HOOD,11.0810,10.8559,11.1278,10.8693,10.1568,10.4760,9.7687,10.6071
2023-08-25,10.5400,10.6000,10.3300,10.3800,4784400,HOOD,10.9715,10.8258,11.1396,10.8564,10.1646,10.4772,9.7613,10.6064
2023-08-28,10.5500,10.7200,10.5000,10.6200,4881500,HOOD,10.8560,10.7995,11.1510,10.8444,10.1725,10.4787,9.7653,10.6059
2023-08-29,11.0200,11.0800,10.4500,10.4750,9553700,HOOD,10.7635,10.8205,11.1708,10.8513,10.1852,10.4894,9.7784,10.6100
2023-08-30,11.0600,11.1500,10.9000,10.9000,7218000,HOOD,10.6945,10.8433,11.1920,10.8595,10.1957,10.5007,9.7874,10.6145
2023-08-31,10.8900,11.1650,10.7650,11.1000,28595700,HOOD,10.6620,10.8478,11.2146,10.8607,10.2048,10.5084,9.7895,10.6172
2023-09-01,11.1100,11.3700,11.0600,11.1800,9246300,HOOD,10.6535,10.8727,11.2478,10.8705,10.2163,10.5203,9.7972,10.6221
2023-09-05,10.8200,11.0200,10.6600,11.0000,9895100,HOOD,10.6275,10.8677,11.2744,10.8685,10.2244,10.5262,9.8006,10.6241
2023-09-06,10.7900,10.9350,10.7000,10.7700,5866800,HOOD,10.6120,10.8603,11.2976,10.8654,10.2316,10.5315,9.8079,10.6257
2023-09-07,10.7400,10.7700,10.5230,10.6100,4420300,HOOD,10.6090,10.8489,11.3136,10.8605,10.2390,10.5356,9.8143,10.6269
2023-09-08,10.7400,10.8000,10.5150,10.6900,4874700,HOOD,10.6095,10.8385,11.3248,10.8558,10.2476,10.5396,9.8220,10.6280
2023-09-11,10.8400,10.9000,10.7100,10.8200,5331800,HOOD,10.6155,10.8386,11.3422,10.8551,10.2576,10.5456,9.8320,10.6301
2023-09-12,10.8000,11.0100,10.7900,10.8100,5042800,HOOD,10.6230,10.8350,11.3586,10.8530,10.2674,10.5506,9.8405,10.6318
2023-09-13,10.6200,10.8110,10.5900,10.7600,4808500,HOOD,10.6335,10.8145,11.3578,10.8438,10.2763,10.5520,9.8463,10.6317
2023-09-14,10.5700,10.6600,10.4200,10.6500,6470800,HOOD,10.6525,10.7912,11.3548,10.8331,10.2856,10.5524,9.8522,10.6311
2023-09-15,10.6700,10.6950,10.4300,10.4700,8992200,HOOD,10.6825,10.7797,11.3600,10.8267,10.2983,10.5547,9.8596,10.6314
2023-09-18,10.6000,10.7900,10.5800,10.6500,5412100,HOOD,10.7000,10.7625,11.3562,10.8178,10.3134,10.5556,9.8667,10.6311
2023-09-19,10.4700,10.6000,10.3600,10.5800,4583700,HOOD,10.7040,10.7347,11.3414,10.8042,10.3299,10.5539,9.8711,10.6295
2023-09-20,10.2200,10.6500,10.2100,10.4500,4883500,HOOD,10.6960,10.6857,11.3092,10.7813,10.3439,10.5473,9.8729,10.6255
2023-09-21,9.8300,10.0200,9.8200,10.0100,7251000,HOOD,10.6625,10.6042,11.2670,10.7440,10.3537,10.5331,9.8721,10.6175
2023-09-22,9.7000,9.9700,9.6400,9.9100,5370600,HOOD,10.6290,10.5181,11.2120,10.7030,10.3625,10.5166,9.8722,10.6084
2023-09-25,9.6800,9.7700,9.5500,9.5700,3894800,HOOD,10.5860,10.4382,11.1580,10.6629,10.3747,10.5000,9.8737,10.5992
2023-09-26,9.5300,9.7700,9.4900,9.6100,5751400,HOOD,10.5350,10.3517,11.0988,10.6185,10.3862,10.4808,9.8750,10.5885
2023-09-27,9.5700,9.7700,9.4400,9.6400,4445700,HOOD,10.4625,10.2773,11.0384,10.5774,10.3971,10.4628,9.8753,10.5784
2023-09-28,9.6800,9.8400,9.4800,9.6000,3848900,HOOD,10.3935,10.2204,10.9696,10.5422,10.4054,10.4473,9.8771,10.5695
2023-09-29,9.8100,10.0100,9.6900,9.8400,4609800,HOOD,10.3395,10.1813,10.9096,10.5135,10.4144,10.4347,9.8783,10.5619
2023-10-02,9.7300,9.9000,9.5900,9.7700,5825400,HOOD,10.2705,10.1383,10.8490,10.4827,10.4206,10.4207,9.8802,10.5536
2023-10-03,9.5300,9.7800,9.4900,9.6200,4405500,HOOD,10.2060,10.0804,10.7848,10.4454,10.4252,10.4031,9.8824,10.5434
2023-10-04,9.6800,9.6900,9.4300,9.5000,4485600,HOOD,10.1505,10.0423,10.7276,10.4154,10.4255,10.3887,9.8874,10.5348
2023-10-05,9.7300,9.8200,9.4900,9.5700,4888500,HOOD,10.1000,10.0125,10.6674,10.3885,10.4354,10.3757,9.8930,10.5268
2023-10-06,9.9300,9.9900,9.6200,9.6200,5126300,HOOD,10.0595,10.0047,10.6214,10.3705,10.4482,10.3669,9.9017,10.5209
2023-10-09,9.8700,9.9600,9.7150,9.8200,3637400,HOOD,10.0110,9.9918,10.5642,10.3509,10.4634,10.3570,9.9105,10.5144
2023-10-10,10.0400,10.1900,9.8600,9.8600,4895800,HOOD,9.9730,9.9964,10.5078,10.3387,10.4792,10.3508,9.9199,10.5097
2023-10-11,9.7200,10.1800,9.6800,10.0500,6391400,HOOD,9.9280,9.9701,10.4448,10.3144,10.4902,10.3383,9.9285,10.5018
2023-10-12,9.2900,9.7700,9.2800,9.7400,7034200,HOOD,9.8640,9.9053,10.3818,10.2742,10.4984,10.3175,9.9352,10.4898
2023-10-13,9.1400,9.3650,9.1200,9.3000,5586000,HOOD,9.7875,9.8324,10.3338,10.2298,10.5022,10.2942,9.9424,10.4764
2023-10-16,9.3200,9.3850,9.1400,9.1600,3913900,HOOD,9.7235,9.7836,10.2946,10.1941,10.5086,10.2749,9.9505,10.4648
2023-10-17,9.6000,9.6400,9.2200,9.2200,6263900,HOOD,9.6800,9.7661,10.2598,10.1708,10.5186,10.2615,9.9583,10.4562
2023-10-18,9.2100,9.5600,9.1500,9.5000,5151200,HOOD,9.6295,9.7132,10.2220,10.1331,10.5247,10.2407,9.9636,10.4438
2023-10-19,8.9700,9.2400,8.9600,9.2400,5382500,HOOD,9.5865,9.6424,10.1854,10.0875,10.5262,10.2156,9.9681,10.4292
2023-10-20,9.1300,9.2300,8.8900,8.9500,5349300,HOOD,9.5580,9.5936,10.1534,10.0500,10.5283,10.1941,9.9719,10.4163
2023-10-23,9.1700,9.3900,8.9730,9.0500,5031500,HOOD,9.5325,9.5533,10.1224,10.0154,10.5308,10.1738,9.9772,10.4038
2023-10-24,9.3200,9.5950,9.2500,9.3400,5658200,HOOD,9.5220,9.5310,10.0958,9.9882,10.5338,10.1569,9.9826,10.3931
2023-10-25,9.0300,9.2900,9.0100,9.2100,5804800,HOOD,9.4950,9.4833,10.0682,9.9506,10.5307,10.1346,9.9850,10.3795
2023-10-26,9.1000,9.2300,8.9400,9.0700,4447800,HOOD,9.4660,9.4468,10.0464,9.9172,10.5314,10.1141,9.9869,10.3668
2023-10-27,8.9000,9.2000,8.8900,9.2000,4421200,HOOD,9.4205,9.3947,10.0230,9.8773,10.5292,10.0900,9.9876,10.3522
2023-10-30,9.0800,9.1400,8.9050,9.0000,3914000,HOOD,9.3880,9.3648,9.9996,9.8461,10.5260,10.0700,9.9878,10.3395
2023-10-31,9.1400,9.1600,9.0450,9.1200,3753200,HOOD,9.3685,9.3434,9.9746,9.8184,10.5224,10.0516,9.9869,10.3276
2023-11-01,9.0800,9.2300,8.9200,9.1700,4146000,HOOD,9.3385,9.3183,9.9486,9.7894,10.5191,10.0324,9.9847,10.3152
2023-11-02,9.4800,9.5050,9.1900,9.1900,7793500,HOOD,9.3260,9.3337,9.9282,9.7773,10.5203,10.0214,9.9855,10.3069
2023-11-03,9.6900,9.7900,9.5600,9.6600,8838300,HOOD,9.3140,9.3676,9.9146,9.7739,10.5212,10.0149,9.9887,10.3007
2023-11-06,9.5900,9.8200,9.5200,9.7800,4896600,HOOD,9.3000,9.3888,9.8956,9.7667,10.5176,10.0065,9.9891,10.2936
2023-11-07,9.7600,9.8500,9.5900,9.6100,13420500,HOOD,9.2860,9.4241,9.8798,9.7664,10.5154,10.0016,9.9893,10.2883
2023-11-08,8.3650,8.9000,8.2800,8.7850,27080200,HOOD,9.2182,9.3233,9.8267,9.7114,10.4987,9.9692,9.9826,10.2692
2023-11-09,7.9300,8.6200,7.9200,8.5400,15764200,HOOD,9.1502,9.1906,9.7641,9.6416,10.4780,9.9288,9.9738,10.2459
2023-11-10,8.2300,8.3000,7.9900,8.0000,10981400,HOOD,9.1047,9.0991,9.7109,9.5862,10.4627,9.8952,9.9668,10.2259
2023-11-13,8.3100,8.4100,8.1300,8.1600,7994900,HOOD,9.0542,9.0239,9.6549,9.5362,10.4513,9.8638,9.9564,10.2068
2023-11-14,8.5000,8.7100,8.4500,8.5500,10708700,HOOD,8.9992,8.9740,9.6085,9.4955,10.4414,9.8368,9.9481,10.1898
2023-11-15,8.3300,8.6100,8.3100,8.5700,11201200,HOOD,8.9552,8.9127,9.5593,9.4498,10.4284,9.8069,9.9377,10.1713
2023-11-16,7.9400,8.2900,7.9100,8.2800,13541300,HOOD,8.9037,8.8201,9.5033,9.3906,10.4084,9.7700,9.9235,10.1491
2023-11-17,8.1000,8.1350,7.9250,7.9800,9142200,HOOD,8.8522,8.7515,9.4505,9.3400,10.3876,9.7369,9.9083,10.1287
2023-11-20,8.1300,8.2700,7.9850,8.1000,13184600,HOOD,8.8002,8.6923,9.3963,9.2926,10.3692,9.7051,9.8953,10.1088
2023-11-21,7.9800,8.1300,7.9600,8.0600,7764100,HOOD,8.7332,8.6245,9.3399,9.2411,10.3492,9.6709,9.8822,10.0877
2023-11-22,8.2200,8.2550,7.9800,8.0300,8522800,HOOD,8.6928,8.5859,9.2919,9.2010,10.3248,9.6422,9.8705,10.0691
2023-11-24,8.2900,8.3000,8.1300,8.2000,3613000,HOOD,8.6522,8.5578,9.2463,9.1653,10.3005,9.6154,9.8596,10.0514
2023-11-27,8.3900,8.4600,8.2100,8.2700,7071300,HOOD,8.6268,8.5418,9.2007,9.1349,10.2803,9.5911,9.8512,10.0348
2023-11-28,8.6400,8.6500,8.3450,8.3800,10075600,HOOD,8.6048,8.5511,9.1615,9.1155,10.2588,9.5723,9.8445,10.0210
2023-11-29,8.9200,9.1800,8.7700,8.8400,13982600,HOOD,8.5938,8.5863,9.1305,9.1078,10.2359,9.5594,9.8395,10.0100
2023-11-30,8.8000,9.2000,8.6900,9.1900,15221700,HOOD,8.5798,8.6066,9.1021,9.0958,10.2056,9.5443,9.8332,9.9980
2023-12-01,9.3200,9.3900,8.8200,8.8200,16329000,HOOD,8.5718,8.6746,9.0919,9.1046,10.1794,9.5399,9.8266,9.9912
2023-12-04,9.5500,9.7350,9.3300,9.4600,18297500,HOOD,8.5648,8.7579,9.0889,9.1220,10.1504,9.5401,9.8227,9.9868
2023-12-05,10.5300,10.6390,9.6600,9.7900,38892500,HOOD,8.6118,8.9267,9.1059,9.1772,10.1319,9.5597,9.8236,9.9922
2023-12-06,11.2700,11.6500,10.7300,10.8800,51461800,HOOD,8.6873,9.1499,9.1407,9.2593,10.1197,9.5936,9.8304,10.0049
2023-12-07,11.4800,11.7000,10.8100,11.0700,26167900,HOOD,8.8430,9.3718,9.1789,9.3464,10.1086,9.6309,9.8381,10.0196
2023-12-08,11.7300,11.7400,11.0200,11.2300,23220100,HOOD,9.0330,9.5964,9.2199,9.4399,10.0947,9.6725,9.8463,10.0366
2023-12-11,11.7100,11.7900,11.3250,11.5500,18603200,HOOD,9.2070,9.7977,9.2579,9.5289,10.0837,9.7128,9.8569,10.0533
2023-12-12,11.6300,11.9000,11.5400,11.7700,13394300,HOOD,9.3730,9.9722,9.2959,9.6113,10.0724,9.7508,9.8664,10.0690
2023-12-13,11.9900,12.0200,11.1200,11.6300,24506100,HOOD,9.5475,10.1644,9.3451,9.7046,10.0649,9.7951,9.8760,10.0881
2023-12-14,12.0900,12.3900,11.7900,12.3500,22749700,HOOD,9.7355,10.3478,9.3933,9.7981,10.0604,9.8406,9.8878,10.1080
2023-12-15,11.6900,12.0200,11.5200,12.0100,16810200,HOOD,9.9230,10.4756,9.4325,9.8723,10.0499,9.8772,9.8982,10.1238
2023-12-18,11.9300,11.9800,11.4400,11.5500,14413000,HOOD,10.1145,10.6141,9.4725,9.9530,10.0469,9.9179,9.9083,10.1417
2023-12-19,13.1700,13.1900,12.0400,12.0600,31841800,HOOD,10.3665,10.8575,9.5385,10.0792,10.0513,9.9823,9.9256,10.1719
2023-12-20,12.6200,13.4500,12.5900,13.3200,32610100,HOOD,10.5985,11.0254,9.5901,10.1788,10.0489,10.0345,9.9416,10.1962
2023-12-21,12.8900,13.0600,12.5100,12.8100,14515400,HOOD,10.8320,11.2030,9.6535,10.2851,10.0492,10.0910,9.9578,10.2230
2023-12-22,12.9500,13.1500,12.7950,13.0100,10553800,HOOD,11.0650,11.3693,9.7267,10.3896,10.0543,10.1476,9.9753,10.2502
2023-12-26,12.9400,13.1400,12.8600,13.0000,8151100,HOOD,11.2925,11.5189,9.8027,10.4896,10.0683,10.2029,9.9950,10.2769
2023-12-27,13.2600,13.5100,12.9100,13.0300,16095200,HOOD,11.5235,11.6847,9.8815,10.5983,10.0881,10.2635,10.0163,10.3066
2023-12-28,13.1800,13.2800,13.0600,13.1100,8604400,HOOD,11.7365,11.8272,9.9531,10.6995,10.1065,10.3212,10.0367,10.3352
2023-12-29,12.7400,13.1700,12.5200,13.1600,14597000,HOOD,11.9335,11.9141,10.0237,10.7795,10.1229,10.3691,10.0544,10.3591
2024-01-02,12.3700,12.7500,12.2800,12.7400,11659200,HOOD,12.0860,11.9575,10.0917,10.8419,10.1386,10.4087,10.0697,10.3791
2024-01-03,11.7900,11.9700,11.5500,11.6800,13694100,HOOD,12.1980,11.9416,10.1449,10.8791,10.1492,10.4361,10.0827,10.3932
2024-01-04,11.9800,12.1700,11.6300,11.6500,9611900,HOOD,12.2705,11.9452,10.2011,10.9223,10.1617,10.4667,10.0986,10.4090
2024-01-05,11.8900,12.1600,11.7700,11.8200,8188700,HOOD,12.3015,11.9400,10.2525,10.9602,10.1742,10.4949,10.1113,10.4237
2024-01-08,12.4200,12.5800,11.9600,11.9700,17238700,HOOD,12.3485,11.9857,10.3203,11.0175,10.1943,10.5330,10.1288,10.4436
2024-01-09,12.2000,12.3550,12.1350,12.2500,7344300,HOOD,12.3720,12.0061,10.3823,11.0638,10.2144,10.5660,10.1469,10.4610
2024-01-10,12.1400,12.3450,11.7800,12.1800,8569200,HOOD,12.3935,12.0188,10.4471,11.1060,10.2351,10.5972,10.1642,10.4777
2024-01-11,11.7100,12.5800,11.6300,12.5300,13483000,HOOD,12.3975,11.9894,10.4997,11.1297,10.2497,10.6192,10.1797,10.4900
2024-01-12,11.0200,11.5600,10.9900,11.5000,16539300,HOOD,12.3490,11.8971,10.5373,11.1254,10.2560,10.6271,10.1915,10.4953
2024-01-16,10.9300,11.0260,10.6200,10.9200,9399000,HOOD,12.2910,11.8050,10.5743,11.1178,10.2615,10.6331,10.2006,10.4996
2024-01-17,10.6500,10.7400,10.5200,10.7100,8611600,HOOD,12.2390,11.6950,10.5977,11.0994,10.2630,10.6335,10.2066,10.5011
2024-01-18,10.6700,10.8250,10.5300,10.7600,8032200,HOOD,12.1760,11.5974,10.6173,11.0826,10.2660,10.6342,10.2114,10.5028
2024-01-19,10.7100,10.7500,10.3800,10.6800,7977200,HOOD,12.0530,11.5129,10.6397,11.0680,10.2677,10.6357,10.2161,10.5048
2024-01-22,10.9900,11.1700,10.8100,10.8100,9454000,HOOD,11.9715,11.4631,10.6643,11.0649,10.2721,10.6427,10.2223,10.5097
2024-01-23,10.9500,11.3000,10.8730,11.1600,6929500,HOOD,11.8745,11.4142,10.7160,11.0604,10.2714,10.6488,10.2283,10.5141
2024-01-24,10.8100,11.2250,10.7300,11.1000,6848000,HOOD,11.7675,11.3567,10.7736,11.0506,10.2689,10.6520,10.2323,10.5170
2024-01-25,10.7000,10.8980,10.6200,10.8500,5299900,HOOD,11.6555,11.2941,10.8230,11.0368,10.2670,10.6529,10.2359,10.5188
2024-01-26,10.7900,11.0100,10.7100,10.7600,4742100,HOOD,11.5320,11.2461,10.8726,11.0272,10.2638,10.6556,10.2400,10.5215
2024-01-29,11.3100,11.3300,10.7600,10.8300,10871000,HOOD,11.4385,11.2522,10.9288,11.0382,10.2687,10.6686,10.2465,10.5294
2024-01-30,11.0100,11.2850,10.9500,11.2300,7035500,HOOD,11.3520,11.2291,10.9824,11.0371,10.2709,10.6754,10.2512,10.5341
2024-01-31,10.7400,11.1700,10.7000,10.9400,7341400,HOOD,11.2705,11.1825,11.0384,11.0255,10.2709,10.6766,10.2549,10.5362
2024-02-01,10.9100,10.9450,10.6100,10.7900,5807500,HOOD,11.2265,11.1566,11.0946,11.0210,10.2726,10.6813,10.2601,10.5399
2024-02-02,10.9200,11.0200,10.6500,10.7500,7401500,HOOD,11.1735,11.1341,11.1504,11.0170,10.2734,10.6860,10.2655,10.5437
2024-02-05,10.5600,10.8800,10.5100,10.8200,7633200,HOOD,11.1070,11.0794,11.2020,10.9991,10.2710,10.6835,10.2692,10.5439
2024-02-06,10.7800,10.8000,10.5350,10.5700,5098200,HOOD,11.0250,11.0509,11.2532,10.9905,10.2726,10.6854,10.2744,10.5462
2024-02-07,11.0000,11.0800,10.6400,10.8400,7559200,HOOD,10.9650,11.0460,11.3074,10.9909,10.2769,10.6916,10.2812,10.5507
2024-02-08,11.2200,11.3400,11.0000,11.0500,7844600,HOOD,10.9190,11.0626,11.3640,10.9998,10.2824,10.7021,10.2903,10.5574
2024-02-09,11.5500,11.6000,11.2500,11.4000,11957000,HOOD,10.9110,11.1090,11.4222,11.0214,10.2919,10.7189,10.3026,10.5673
2024-02-12,12.0100,12.1300,11.6500,11.7300,22042300,HOOD,10.9605,11.1948,11.4840,11.0602,10.3073,10.7445,10.3186,10.5816
2024-02-13,11.8400,11.9350,11.4300,11.6100,36725400,HOOD,11.0060,11.2563,11.5448,11.0908,10.3235,10.7661,10.3337,10.5941
2024-02-14,13.3800,13.9000,12.7650,13.6480,76339000,HOOD,11.1425,11.4585,11.6260,11.1805,10.3590,10.8179,10.3563,10.6219
2024-02-15,13.4200,13.5450,13.0400,13.4000,24372900,HOOD,11.2800,11.6453,11.7034,11.2684,10.3962,10.8694,10.3793,10.6497
2024-02-16,14.0000,14.3550,13.3200,13.3800,34950700,HOOD,11.4445,11.8696,11.7728,11.3755,10.4394,10.9314,10.4070,10.6830
2024-02-20,14.0900,14.2350,13.6800,14.0000,16920700,HOOD,11.5995,12.0811,11.8292,11.4819,10.4850,10.9940,10.4356,10.7169
2024-02-21,13.5900,13.8900,13.3900,13.7620,14259000,HOOD,11.7315,12.2248,11.8714,11.5646,10.5252,11.0454,10.4611,10.7455
2024-02-22,13.9700,14.0900,13.5950,13.7100,10961900,HOOD,11.8895,12.3910,11.9162,11.6589,10.5681,11.1033,10.4867,10.7776
2024-02-23,14.4800,14.5000,14.0100,14.0400,15963200,HOOD,12.0785,12.5899,11.9716,11.7696,10.6148,11.1702,10.5146,10.8144
2024-02-26,15.5900,15.6100,14.6800,14.7100,28000800,HOOD,12.3185,12.8757,12.0508,11.9194,10.6734,11.2577,10.5470,10.8620
2024-02-27,16.2500,16.2900,15.5500,15.8900,24830300,HOOD,12.5655,13.1970,12.1360,12.0892,10.7406,11.3565,10.5829,10.9156
2024-02-28,16.1300,16.5300,15.9000,16.0600,25143400,HOOD,12.8215,13.4764,12.2168,12.2477,10.8051,11.4511,10.6153,10.9675
2024-02-29,16.3100,16.5100,15.6600,16.1700,21226300,HOOD,13.1000,13.7462,12.3092,12.4070,10.8709,11.5473,10.6531,11.0206
2024-03-01,16.5800,16.6000,16.1250,16.3000,13176200,HOOD,13.3835,14.0161,12.4022,12.5706,10.9374,11.6469,10.6928,11.0759
2024-03-04,16.6300,17.2200,16.5400,17.0700,17405200,HOOD,13.6690,14.2650,12.4714,12.7298,11.0050,11.7456,10.7342,11.1312
2024-03-05,15.9300,16.3300,15.6600,16.3000,17683600,HOOD,13.9375,14.4236,12.5376,12.8553,11.0639,11.8285,10.7715,11.1790
2024-03-06,16.4000,16.5900,15.7700,16.1000,13102400,HOOD,14.2185,14.6118,12.6078,12.9943,11.1307,11.9190,10.8104,11.2309
2024-03-07,16.3600,16.6200,16.1300,16.6200,9854700,HOOD,14.4865,14.7783,12.6760,13.1263,11.2014,12.0069,10.8499,11.2819
2024-03-08,17.0000,17.6200,16.5700,16.5800,20002800,HOOD,14.7755,14.9899,12.7572,13.2782,11.2800,12.1058,10.8911,11.3388
2024-03-11,16.8600,17.4800,16.7600,16.9900,14947000,HOOD,15.0410,15.1680,12.8292,13.4187,11.3554,12.2000,10.9320,11.3938
2024-03-12,16.3900,16.9000,16.1900,16.8800,13396500,HOOD,15.2600,15.2844,12.8934,13.5352,11.4233,12.2829,10.9709,11.4435
2024-03-13,17.1600,17.3600,16.2300,16.3100,15815100,HOOD,15.5260,15.4630,12.9818,13.6774,11.5028,12.3795,11.0137,11.5004
2024-03-14,18.0500,19.2300,17.7450,19.1200,48665200,HOOD,15.7595,15.7094,13.0954,13.8488,11.5935,12.4918,11.0599,11.5655
2024-03-15,18.1500,18.3600,17.5000,17.8200,17775500,HOOD,15.9960,15.9418,13.2226,14.0175,11.6837,12.6038,11.1060,11.6311
2024-03-18,18.2100,18.4100,17.8300,18.1000,13180600,HOOD,16.2065,16.1579,13.3472,14.1819,11.7741,12.7148,11.1525,11.6965
2024-03-19,17.2400,17.8300,16.6950,17.7200,14724400,HOOD,16.3640,16.2609,13.4542,14.3018,11.8533,12.8044,11.1936,11.7517
2024-03-20,18.5600,18.5700,17.1200,17.2400,14773200,HOOD,16.6125,16.4799,13.5770,14.4688,11.9486,12.9184,11.2397,11.8194
2024-03-21,19.0900,19.4150,18.4000,18.6600,16075900,HOOD,16.8685,16.7285,13.7148,14.6501,12.0485,13.0406,11.2900,11.8918
2024-03-22,18.3000,18.9460,18.2400,18.6400,11310900,HOOD,17.0595,16.8781,13.8380,14.7932,12.1425,13.1448,11.3359,11.9555
2024-03-25,19.0800,19.1000,18.3700,18.4000,15708500,HOOD,17.2340,17.0878,13.9854,14.9613,12.2425,13.2623,11.3843,12.0264
2024-03-26,19.2800,19.6100,19.1620,19.3200,12760300,HOOD,17.3855,17.2966,14.1506,15.1307,12.3439,13.3815,11.4332,12.0986
2024-03-27,20.0100,20.5500,19.6200,20.5300,31268300,HOOD,17.5795,17.5550,14.3322,15.3220,12.4532,13.5127,11.4862,12.1773
2024-03-28,20.1300,20.5400,19.8800,20.0100,16728200,HOOD,17.7705,17.8003,14.5218,15.5106,12.5597,13.6438,11.5400,12.2564
2024-04-01,19.4100,20.1500,19.3700,19.9800,15674500,HOOD,17.9120,17.9536,14.6966,15.6635,12.6569,13.7579,11.5891,12.3276
2024-04-02,19.2000,19.3300,18.0300,18.3700,15975500,HOOD,18.0405,18.0723,14.8664,15.8022,12.7530,13.8657,11.6353,12.3960
2024-04-03,19.2100,19.5400,18.8600,18.9200,8633800,HOOD,18.2045,18.1806,15.0308,15.9358,12.8475,13.9715,11.6815,12.4638
2024-04-04,18.4500,19.2900,18.3000,19.2500,15445800,HOOD,18.3070,18.2063,15.1808,16.0344,12.9484,14.0602,11.7236,12.5234
2024-04-05,18.4000,18.8250,17.8700,18.2300,11636500,HOOD,18.4090,18.2247,15.3326,16.1272,13.0531,14.1462,11.7656,12.5818
2024-04-08,18.5600,19.1000,18.4400,18.8800,9365600,HOOD,18.4870,18.2567,15.4898,16.2226,13.1564,14.2336,11.8096,12.6413
2024-04-09,18.3000,18.7500,18.0000,18.6600,7926800,HOOD,18.5590,18.2608,15.6400,16.3040,13.2563,14.3141,11.8538,12.6976
2024-04-10,18.3400,18.4400,17.5900,17.6800,7749100,HOOD,18.6565,18.2683,15.7806,16.3839,13.3547,14.3938,11.8981,12.7538
2024-04-11,19.0000,19.0490,17.7000,17.7000,14077500,HOOD,18.7485,18.3380,15.9404,16.4865,13.4614,14.4850,11.9449,12.8159
2024-04-12,17.9700,18.8900,17.8300,18.8500,9613200,HOOD,18.7445,18.3030,16.0850,16.5447,13.5617,14.5540,11.9851,12.8672
2024-04-15,17.1900,18.2600,16.9750,18.0800,14132300,HOOD,18.6965,18.1970,16.2106,16.5700,13.6526,14.6062,12.0201,12.9102
2024-04-16,17.3100,17.5800,16.8400,17.1300,9347700,HOOD,18.6515,18.1125,16.3384,16.5990,13.7444,14.6598,12.0568,12.9540
2024-04-17,17.0800,17.4500,16.4600,17.3800,10395400,HOOD,18.6435,18.0142,16.4688,16.6178,13.8354,14.7077,12.0923,12.9951
2024-04-18,17.0800,17.5950,16.8900,17.1870,7952300,HOOD,18.5695,17.9252,16.5948,16.6360,13.9240,14.7547,12.1244,13.0357
2024-04-19,16.6300,17.2300,16.5000,16.8900,9555200,HOOD,18.4465,17.8018,16.7074,16.6357,14.0074,14.7918,12.1540,13.0715
2024-04-22,17.1900,17.3450,16.6700,16.9400,7426200,HOOD,18.3910,17.7436,16.8268,16.6575,14.0954,14.8393,12.1879,13.1124
2024-04-23,17.6200,17.8200,17.0500,17.1300,6961300,HOOD,18.3180,17.7318,16.9482,16.6952,14.1852,14.8944,12.2220,13.1573
2024-04-24,17.3100,17.8900,17.0800,17.6700,7318100,HOOD,18.2195,17.6916,17.0542,16.7193,14.2691,14.9422,12.2525,13.1986
2024-04-25,17.1200,17.2600,16.5700,16.8900,7145600,HOOD,18.0750,17.6372,17.1598,16.7350,14.3523,14.9853,12.2790,13.2376
2024-04-26,17.8800,17.9000,16.9200,17.1200,8203900,HOOD,17.9625,17.6603,17.2498,16.7799,14.4379,15.0426,12.3087,13.2838
2024-04-29,17.3400,18.2900,17.3000,17.7100,8431500,HOOD,17.8590,17.6298,17.3282,16.8019,14.5158,15.0881,12.3331,13.3242
2024-04-30,16.4900,17.3000,16.4700,17.1400,8986300,HOOD,17.7235,17.5213,17.3780,16.7897,14.5754,15.1159,12.3537,13.3557
2024-05-01,16.6500,17.3500,16.3100,16.4300,8903500,HOOD,17.5955,17.4383,17.4292,16.7842,14.6292,15.1463,12.3745,13.3885
2024-05-02,17.6100,17.6300,16.7600,16.9300,7544700,HOOD,17.5535,17.4546,17.5096,16.8166,14.6905,15.1950,12.3996,13.4305
2024-05-03,17.9500,18.1350,17.6300,17.8800,9478800,HOOD,17.5310,17.5018,17.5892,16.8610,14.7527,15.2496,12.4237,13.4754
2024-05-06,17.7800,18.4600,17.4800,17.6300,18716900,HOOD,17.4920,17.5283,17.6552,16.8971,14.8134,15.2997,12.4486,13.5183
2024-05-07,17.9900,18.2600,17.6700,17.7500,12486200,HOOD,17.4765,17.5723,17.7032,16.9399,14.8770,15.3530,12.4747,13.5628
2024-05-08,17.8500,17.9380,17.3700,17.6000,23043800,HOOD,17.4520,17.5987,17.7352,16.9756,14.9356,15.4024,12.5003,13.6054
2024-05-09,17.3000,19.4700,17.0400,19.0420,51207400,HOOD,17.3670,17.5703,17.7586,16.9883,14.9877,15.4400,12.5241,13.6422
2024-05-10,16.2300,17.6900,16.2200,17.4200,24466200,HOOD,17.2800,17.4426,17.7570,16.9586,15.0331,15.4556,12.5415,13.6679
2024-05-13,16.8900,17.6100,16.5700,16.6200,24385600,HOOD,17.2650,17.3900,17.7632,16.9559,15.0827,15.4841,12.5648,13.7000
2024-05-14,18.0200,18.6700,17.6500,17.7700,33654500,HOOD,17.3005,17.4500,17.7910,16.9976,15.1312,15.5343,12.5913,13.7430
2024-05-15,18.5200,18.5800,17.5700,18.3500,19468500,HOOD,17.3725,17.5519,17.8428,17.0573,15.1902,15.5934,12.6196,13.7905
2024-05-16,17.9000,19.2400,17.8600,18.4100,22141600,HOOD,17.4135,17.5851,17.8728,17.0904,15.2403,15.6391,12.6447,13.8314
2024-05-17,20.0900,20.3400,18.4500,18.9600,53207400,HOOD,17.5865,17.8236,17.9474,17.2080,15.3117,15.7272,12.6830,13.8937
2024-05-20,20.8400,20.8900,19.5300,19.9400,25792900,HOOD,17.7690,18.1109,18.0242,17.3504,15.3907,15.8284,12.7295,13.9628
2024-05-21,20.9600,21.2100,20.4100,21.0400,20960700,HOOD,17.9360,18.3822,18.1062,17.4920,15.4677,15.9301,12.7779,14.0324
2024-05-22,19.6600,21.0300,19.5900,20.9000,20978600,HOOD,18.0535,18.5039,18.1716,17.5770,15.5325,16.0039,12.8195,14.0884
2024-05-23,19.2400,19.9400,19.1150,19.9200,17758100,HOOD,18.1595,18.5740,18.2132,17.6422,15.5975,16.0680,12.8602,14.1397
2024-05-24,20.5100,20.5650,19.0670,19.3000,20914800,HOOD,18.2910,18.7584,18.2624,17.7547,15.6789,16.1560,12.9087,14.2031
2024-05-28,20.4700,20.9900,20.0500,20.6180,18147600,HOOD,18.4475,18.9214,18.3088,17.8612,15.7657,16.2414,12.9574,14.2654
2024-05-29,21.0850,21.1400,20.2700,20.7500,23053100,HOOD,18.6772,19.1275,18.3663,17.9876,15.8567,16.3373,13.0092,14.3333
2024-05-30,21.8400,22.2600,20.9100,21.3000,36175500,HOOD,18.9367,19.3858,18.4583,18.1387,15.9562,16.4463,13.0652,14.4080
2024-05-31,20.9000,22.3400,20.1650,21.9100,31219300,HOOD,19.1012,19.5300,18.5051,18.2470,16.0410,16.5345,13.1176,14.4726
2024-06-03,21.2800,22.4000,20.7300,21.9000,26098100,HOOD,19.2677,19.6967,18.5489,18.3659,16.1318,16.6284,13.1731,14.5403
2024-06-04,20.7800,21.6250,20.6600,21.0400,17412400,HOOD,19.4177,19.7999,18.5985,18.4606,16.2182,16.7106,13.2266,14.6024
2024-06-05,21.5700,21.5900,20.3900,21.0000,14410400,HOOD,19.5967,19.9684,18.6483,18.5825,16.3168,16.8069,13.2832,14.6717
2024-06-06,22.9700,23.2500,21.7440,22.2500,40881200,HOOD,19.8527,20.2543,18.7221,18.7546,16.4363,16.9289,13.3461,14.7543
2024-06-07,22.1800,23.6900,22.1450,22.5200,24723100,HOOD,20.0967,20.4377,18.7655,18.8889,16.5488,17.0329,13.4051,14.8282
2024-06-10,23.4200,23.5250,22.0600,22.1000,17942200,HOOD,20.4562,20.7217,18.8313,19.0666,16.6765,17.1594,13.4697,14.9137
2024-06-11,23.2200,23.3050,22.1300,22.8320,14472800,HOOD,20.7727,20.9597,18.9075,19.2295,16.8020,17.2794,13.5340,14.9963
2024-06-12,23.7000,24.2800,23.5300,24.0000,21351400,HOOD,21.0567,21.2206,18.9975,19.4048,16.9319,17.4065,13.5998,15.0829
2024-06-13,23.3100,23.7400,22.9200,23.6900,13045800,HOOD,21.2962,21.4196,19.0795,19.5579,17.0551,17.5234,13.6636,15.1648
2024-06-14,22.4200,23.5700,22.3600,23.1000,13059600,HOOD,21.5222,21.5149,19.1589,19.6702,17.1698,17.6204,13.7206,15.2370
2024-06-17,22.2500,22.7200,21.7000,22.3200,13998300,HOOD,21.6302,21.5849,19.2359,19.7713,17.2842,17.7121,13.7765,15.3068
2024-06-18,21.8600,22.2200,21.8000,21.9700,10181100,HOOD,21.6812,21.6111,19.3019,19.8532,17.3958,17.7942,13.8314,15.3720
2024-06-20,21.7300,22.0700,21.1800,22.0000,13386600,HOOD,21.7197,21.6224,19.3705,19.9268,17.5052,17.8721,13.8845,15.4352
2024-06-21,22.2900,22.3300,21.2500,21.5200,20734700,HOOD,21.8512,21.6860,19.4495,20.0195,17.6150,17.9596,13.9418,15.5034
2024-06-24,21.3700,22.3300,20.8800,21.8500,19032600,HOOD,21.9578,21.6559,19.4969,20.0725,17.7186,18.0271,13.9947,15.5618
2024-06-25,22.1400,22.2850,21.2200,21.4800,12077800,HOOD,22.0392,21.7020,19.5803,20.1536,17.8326,18.1086,14.0517,15.6273
2024-06-26,22.3100,23.3300,22.2200,22.6800,19146100,HOOD,22.1313,21.7599,19.6827,20.2381,17.9466,18.1918,14.1096,15.6938
2024-06-27,22.5900,22.7910,22.2700,22.4400,7318600,HOOD,22.2065,21.8390,19.7883,20.3304,18.0633,18.2789,14.1683,15.7624
2024-06-28,22.7100,23.0850,22.3400,22.6400,11668100,HOOD,22.2500,21.9219,19.9009,20.4237,18.1848,18.3666,14.2279,15.8315
2024-07-01,22.7900,23.1300,22.4300,22.8200,11188200,HOOD,22.3445,22.0046,20.0151,20.5165,18.3049,18.4542,14.2887,15.9007
2024-07-02,22.4600,22.8000,22.0700,22.6350,9492200,HOOD,22.4035,22.0480,20.1317,20.5927,18.4195,18.5335,14.3482,15.9660
2024-07-03,22.8900,23.1290,22.4500,22.4500,7631200,HOOD,22.5090,22.1282,20.2457,20.6828,18.5362,18.6198,14.4093,16.0349
2024-07-05,22.6800,22.7400,21.7200,22.0800,9400900,HOOD,22.5645,22.1807,20.3469,20.7611,18.6475,18.7002,14.4697,16.1010
2024-07-08,22.0900,22.8800,21.9100,22.7200,10579900,HOOD,22.5205,22.1721,20.4425,20.8132,18.7483,18.7673,14.5278,16.1606
2024-07-09,22.6000,23.2700,22.1500,22.2500,12158900,HOOD,22.5415,22.2128,20.5521,20.8833,18.8559,18.8432,14.5897,16.2247
2024-07-10,22.3200,22.8700,22.0800,22.7100,12625300,HOOD,22.4865,22.2230,20.6409,20.9396,18.9453,18.9121,14.6521,16.2853
2024-07-11,22.0400,22.9800,21.9800,22.6500,13151500,HOOD,22.4275,22.2056,20.7349,20.9828,19.0315,18.9740,14.7138,16.3426
2024-07-12,22.2800,22.4450,21.7500,22.0000,10380700,HOOD,22.3565,22.2127,20.8507,21.0336,19.1143,19.0395,14.7768,16.4017
2024-07-15,23.9400,24.0100,22.7600,23.0000,20401700,HOOD,22.3880,22.3772,20.9965,21.1476,19.2128,19.1365,14.8489,16.4767
2024-07-16,24.6300,24.8100,23.3500,24.0600,23046700,HOOD,22.4985,22.5918,21.1369,21.2842,19.3232,19.2453,14.9242,16.5578
2024-07-17,24.1800,24.8800,23.5700,24.1300,14124900,HOOD,22.5950,22.7430,21.2615,21.3977,19.4253,19.3430,14.9967,16.6337
2024-07-18,22.8300,24.4500,22.6600,24.2200,14304700,HOOD,22.6435,22.7513,21.3625,21.4539,19.5088,19.4121,15.0618,16.6953
2024-07-19,23.4100,23.8700,22.8000,22.9400,9348400,HOOD,22.7275,22.8140,21.4709,21.5306,19.5870,19.4912,15.1302,16.7621
2024-07-22,23.4200,24.0200,23.0950,23.2400,16691400,HOOD,22.7840,22.8717,21.5823,21.6047,19.6587,19.5690,15.1996,16.8284
2024-07-23,22.8700,23.4000,22.8200,23.2300,10292600,HOOD,22.8590,22.8716,21.6937,21.6543,19.7261,19.6344,15.2656,16.8885
2024-07-24,21.4100,22.9060,21.3600,22.6600,13153100,HOOD,22.8225,22.7324,21.7973,21.6448,19.7771,19.6696,15.3240,16.9335
2024-07-25,21.1800,21.7850,20.6300,21.1600,9131000,HOOD,22.7660,22.5845,21.8831,21.6265,19.8231,19.6995,15.3802,16.9757
2024-07-26,21.2000,21.9850,21.1250,21.5900,8362500,HOOD,22.6965,22.4527,21.9467,21.6098,19.8688,19.7292,15.4369,17.0178
2024-07-29,21.1800,21.8400,20.9500,21.5600,8115100,HOOD,22.6200,22.3315,21.9999,21.5929,19.9213,19.7579,15.4926,17.0592
2024-07-30,20.4000,21.3500,20.2900,21.3000,11020800,HOOD,22.5005,22.1475,22.0499,21.5462,19.9613,19.7706,15.5460,17.0924
2024-07-31,20.5700,21.2080,20.5300,20.8400,9201900,HOOD,22.4060,21.9973,22.0595,21.5079,20.0034,19.7865,15.6024,17.1270
2024-08-01,20.2400,21.3000,19.8300,20.8900,13110700,HOOD,22.2735,21.8299,22.0475,21.4582,20.0358,19.7954,15.6579,17.1580
2024-08-02,17.8800,19.2900,17.6900,19.2000,30564500,HOOD,22.0335,21.4537,21.9859,21.3178,20.0460,19.7575,15.7007,17.1652
2024-08-05,16.4200,16.7250,13.9800,14.7000,44991100,HOOD,21.7500,20.9743,21.9211,21.1258,20.0463,19.6914,15.7348,17.1578
2024-08-06,17.2100,17.5200,16.2500,17.0300,22515100,HOOD,21.4805,20.6158,21.8805,20.9722,20.0468,19.6423,15.7748,17.1583
2024-08-07,17.1200,17.6400,16.8600,17.6000,32590300,HOOD,21.2205,20.2829,21.8127,20.8211,20.0375,19.5923,15.8155,17.1579
2024-08-08,17.7300,18.1000,16.6800,17.6650,48790500,HOOD,21.0050,20.0398,21.7579,20.6999,20.0333,19.5555,15.8585,17.1636
2024-08-09,17.9200,18.2800,17.5500,17.8000,17345900,HOOD,20.7870,19.8379,21.6946,20.5909,20.0304,19.5231,15.9023,17.1711
2024-08-12,18.5400,18.7900,18.1060,18.3600,18899100,HOOD,20.5170,19.7143,21.6286,20.5105,20.0434,19.5036,15.9484,17.1848
2024-08-13,18.4100,18.8400,18.3600,18.7800,12907000,HOOD,20.2060,19.5901,21.5788,20.4281,20.0419,19.4819,15.9953,17.1969
2024-08-14,18.6500,19.0600,18.5700,18.7300,13613600,HOOD,19.9295,19.5005,21.5262,20.3584,20.0375,19.4655,16.0430,17.2114
2024-08-15,19.5500,20.0700,19.1350,19.3200,23025900,HOOD,19.7655,19.5052,21.5016,20.3267,20.0500,19.4671,16.0963,17.2347
2024-08-16,19.9800,20.0400,19.4000,19.5100,14101700,HOOD,19.5940,19.5505,21.4698,20.3131,20.0590,19.4773,16.1508,17.2620
2024-08-19,20.2800,20.3100,19.8100,19.9350,11372200,HOOD,19.4370,19.6199,21.4160,20.3118,20.0690,19.4932,16.2065,17.2920
2024-08-20,19.8300,20.4300,19.6900,20.3600,10363700,HOOD,19.2850,19.6399,21.3690,20.2929,20.0672,19.4999,16.2602,17.3173
2024-08-21,20.1800,20.2050,19.5200,19.7300,9837100,HOOD,19.2235,19.6914,21.3042,20.2885,20.0677,19.5133,16.3137,17.3458
2024-08-22,19.8900,20.3700,19.8500,20.1400,7417900,HOOD,19.1590,19.7103,21.2376,20.2728,20.0725,19.5208,16.3647,17.3711
2024-08-23,21.1200,21.2100,20.0000,20.0620,13294500,HOOD,19.1550,19.8445,21.1860,20.3061,20.0917,19.5525,16.4224,17.4084
2024-08-26,20.9600,21.1600,20.7900,21.1200,10676300,HOOD,19.1440,19.9508,21.1390,20.3317,20.1092,19.5803,16.4784,17.4437
2024-08-27,21.3600,21.5400,20.5900,20.8000,8052600,HOOD,19.1920,20.0850,21.1178,20.3720,20.1383,19.6156,16.5434,17.4827
2024-08-28,20.3200,21.1990,20.0000,21.1500,10959700,HOOD,19.1795,20.1074,21.0792,20.3700,20.1575,19.6295,16.6053,17.5109
2024-08-29,20.1700,20.6550,20.0900,20.4000,7621500,HOOD,19.1760,20.1133,21.0454,20.3621,20.1736,19.6402,16.6650,17.5374
2024-08-30,20.1200,20.4000,19.8350,20.3800,11026200,HOOD,19.2880,20.1140,21.0132,20.3527,20.1918,19.6497,16.7241,17.5631
2024-09-03,19.3700,19.9650,19.2100,19.7550,11353500,HOOD,19.4355,20.0431,20.9548,20.3141,20.2022,19.6442,16.7784,17.5811
2024-09-04,19.1100,19.6100,18.8110,19.0100,9923300,HOOD,19.5305,19.9543,20.9096,20.2669,20.2033,19.6336,16.8323,17.5963
2024-09-05,19.6700,19.6800,18.8400,19.0000,11493500,HOOD,19.6580,19.9272,20.8602,20.2435,20.2203,19.6343,16.8910,17.6169
2024-09-06,18.9400,20.2400,18.7100,19.7400,12834200,HOOD,19.7185,19.8332,20.7928,20.1924,20.2378,19.6206,16.9452,17.6301
2024-09-09,19.6600,19.8300,19.0400,19.2100,10350600,HOOD,19.8055,19.8167,20.7342,20.1715,20.2613,19.6214,17.0028,17.6503
2024-09-10,19.7000,19.7390,18.8250,19.6000,10336500,HOOD,19.8635,19.8056,20.6740,20.1530,20.2875,19.6229,17.0614,17.6707
2024-09-11,20.6400,20.7950,19.5400,19.5800,12396200,HOOD,19.9750,19.8850,20.6310,20.1721,20.3231,19.6431,17.1235,17.7002
2024-09-12,21.6400,21.7350,20.6700,20.8300,13507200,HOOD,20.1245,20.0522,20.6146,20.2297,20.3732,19.6826,17.1903,17.7394
2024-09-13,22.0700,22.4300,21.6100,21.6950,11931600,HOOD,20.2505,20.2443,20.5982,20.3018,20.4220,19.7299,17.2587,17.7825
2024-09-16,22.2100,22.5350,21.5000,21.7040,8155600,HOOD,20.3620,20.4315,20.5888,20.3767,20.4678,19.7790,17.3265,17.8266
2024-09-17,22.6400,22.9300,22.4000,22.5450,8636600,HOOD,20.4800,20.6419,20.5998,20.4654,20.5211,19.8356,17.3951,17.8744
2024-09-18,22.9500,23.4950,22.3400,22.7000,13807200,HOOD,20.6360,20.8617,20.6068,20.5629,20.5794,19.8973,17.4659,17.9249
2024-09-19,22.8100,24.0600,22.7400,23.9360,14118900,HOOD,20.7675,21.0473,20.6166,20.6510,20.6288,19.9550,17.5333,17.9736
2024-09-20,22.7300,22.9550,22.3100,22.8100,22849800,HOOD,20.9095,21.2075,20.6304,20.7325,20.6826,20.0099,17.5992,18.0209
2024-09-23,22.7000,23.3250,22.6230,22.7820,11694200,HOOD,20.9885,21.3497,20.6388,20.8097,20.7448,20.0632,17.6601,18.0674
2024-09-24,22.7700,22.8500,22.2520,22.6800,7446100,HOOD,21.0790,21.4849,20.6154,20.8865,20.8060,20.1168,17.7176,18.1142
2024-09-25,22.3900,22.8200,22.3350,22.5800,4989400,HOOD,21.1305,21.5711,20.5706,20.9455,20.8538,20.1618,17.7721,18.1568
2024-09-26,22.4300,22.8800,22.1900,22.7800,9350700,HOOD,21.2360,21.6529,20.5356,21.0037,20.8985,20.2067,17.8256,18.1993
2024-09-27,23.8900,23.9800,22.4110,22.5500,18021300,HOOD,21.4220,21.8660,20.5568,21.1169,20.9596,20.2797,17.8865,18.2559
2024-09-30,23.4200,24.1300,23.0800,23.9700,10101300,HOOD,21.5870,22.0140,20.5570,21.2072,21.0139,20.3419,17.9455,18.3073
2024-10-01,22.3300,23.4600,22.2800,23.4000,11467400,HOOD,21.7350,22.0441,20.5352,21.2513,21.0587,20.3812,17.9972,18.3473
2024-10-02,22.6300,23.1800,22.3300,22.4200,12009700,HOOD,21.9110,22.0999,20.5304,21.3053,21.1120,20.4258,18.0499,18.3899
2024-10-03,22.4300,22.7090,22.0500,22.4640,7146000,HOOD,22.0490,22.1313,20.5508,21.3494,21.1740,20.4654,18.1036,18.4301
2024-10-04,22.8900,23.3900,22.6100,23.0000,9715300,HOOD,22.2465,22.2036,20.5850,21.4098,21.2340,20.5135,18.1584,18.4745
2024-10-07,23.3200,23.4250,22.7200,22.7500,10007900,HOOD,22.4295,22.3099,20.6274,21.4847,21.2870,20.5690,18.2091,18.5227
2024-10-08,25.6100,25.8000,23.4400,23.4700,39241500,HOOD,22.7250,22.6242,20.7160,21.6465,21.3579,20.6689,18.2741,18.5933
2024-10-09,25.6500,25.6900,24.1700,25.4900,22201800,HOOD,22.9755,22.9124,20.8210,21.8035,21.4354,20.7675,18.3379,18.6635
2024-10-10,25.5000,25.8700,24.7050,25.5000,12990200,HOOD,23.1685,23.1588,20.9196,21.9485,21.4895,20.8612,18.4006,18.7315
2024-10-11,26.2700,26.6500,25.6900,25.7500,16868900,HOOD,23.3785,23.4551,21.0402,22.1180,21.5438,20.9683,18.4673,18.8065
2024-10-14,27.0000,27.1400,26.1600,26.9000,17233000,HOOD,23.6180,23.7927,21.2226,22.3094,21.6042,21.0877,18.5360,18.8880
2024-10-15,26.8000,27.3300,25.9050,27.1350,16466500,HOOD,23.8260,24.0791,21.4302,22.4855,21.6756,21.2009,18.6041,18.9668
2024-10-16,26.9300,27.1720,26.5650,27.0400,12382000,HOOD,24.0250,24.3506,21.6246,22.6598,21.7525,21.3143,18.6750,19.0460
2024-10-17,26.3200,27.0800,26.0860,27.0800,11588300,HOOD,24.2005,24.5382,21.8086,22.8033,21.8106,21.4134,18.7448,19.1184
2024-10-18,26.8300,27.0400,26.4200,26.5500,10721200,HOOD,24.4055,24.7565,21.9906,22.9612,21.8742,21.5207,18.8200,19.1951
2024-10-21,26.9700,27.1050,26.1800,26.7800,10284200,HOOD,24.6190,24.9673,22.1716,23.1185,21.9331,21.6286,18.8949,19.2725
2024-10-22,27.4100,27.6000,26.8200,26.9000,11978800,HOOD,24.8510,25.1999,22.3490,23.2867,21.9888,21.7431,18.9725,19.3534
2024-10-23,26.7000,27.3860,26.2800,27.1100,10203200,HOOD,25.0665,25.3428,22.5148,23.4206,22.0468,21.8412,19.0439,19.4265
2024-10-24,27.2200,27.3300,26.6900,26.9500,7687300,HOOD,25.3060,25.5216,22.6862,23.5696,22.1062,21.9477,19.1190,19.5041
2024-10-25,27.0600,27.7500,26.9200,27.5100,8752200,HOOD,25.4645,25.6681,22.8364,23.7065,22.1690,22.0490,19.1936,19.5793
2024-10-28,27.8800,28.2300,27.5100,27.9350,14670900,HOOD,25.6875,25.8787,22.9944,23.8701,22.2321,22.1644,19.2745,19.6619
2024-10-29,28.0300,28.3600,27.6000,28.2500,13257600,HOOD,25.9725,26.0836,23.1494,24.0333,22.2827,22.2806,19.3595,19.7451
2024-10-30,28.2100,28.5750,27.5500,27.9150,26660900,HOOD,26.2515,26.2861,23.3170,24.1971,22.3430,22.3980,19.4459,19.8294
2024-10-31,23.4900,26.4800,23.1500,26.0200,45738900,HOOD,26.3045,26.0198,23.3832,24.1693,22.3437,22.4196,19.5101,19.8658
2024-11-01,23.9700,24.1180,23.0000,23.7000,21594100,HOOD,26.3585,25.8246,23.4648,24.1615,22.3512,22.4503,19.5766,19.9066
2024-11-04,24.3200,24.5600,23.5400,23.7500,15067200,HOOD,26.4085,25.6813,23.5288,24.1677,22.3574,22.4874,19.6447,19.9505
2024-11-05,24.9600,25.2750,24.4200,24.5350,12947200,HOOD,26.3760,25.6126,23.6088,24.1988,22.3739,22.5363,19.7145,20.0004
2024-11-06,29.8600,30.0600,26.7400,27.7300,49591600,HOOD,26.5865,26.0171,23.7788,24.4208,22.4483,22.6813,19.8091,20.0985
2024-11-07,29.3600,30.0400,28.6700,29.0600,24913000,HOOD,26.7795,26.3355,23.9596,24.6145,22.5194,22.8136,19.9018,20.1906
2024-11-08,30.5400,30.6300,29.2100,29.3500,22564100,HOOD,26.9930,26.7359,24.1670,24.8469,22.6062,22.9666,20.0010,20.2936
2024-11-11,32.8000,34.3200,32.2300,32.9400,43967200,HOOD,27.2830,27.3135,24.4206,25.1588,22.7169,23.1613,20.1111,20.4181
2024-11-12,33.0000,33.7600,31.4600,31.7400,26059500,HOOD,27.5930,27.8550,24.6932,25.4663,22.8240,23.3561,20.2195,20.5433
2024-11-13,31.9100,34.1000,31.8230,33.6300,23203600,HOOD,27.8420,28.2412,24.9492,25.7190,22.9294,23.5255,20.3240,20.6564
2024-11-14,32.2200,33.0000,31.5920,32.8500,13023400,HOOD,28.1370,28.6202,25.2002,25.9739,23.0302,23.6977,20.4314,20.7714
2024-11-15,32.3200,32.3550,31.2600,32.0100,17537500,HOOD,28.4115,28.9725,25.4678,26.2228,23.1303,23.8684,20.5385,20.8863
2024-11-18,35.0000,35.6150,32.9000,33.1100,36877100,HOOD,28.8130,29.5466,25.7746,26.5670,23.2544,24.0889,20.6589,21.0268
2024-11-19,35.2400,36.3200,34.0000,34.5600,27227500,HOOD,29.2045,30.0888,26.0854,26.9071,23.3797,24.3097,20.7823,21.1682
2024-11-20,36.0800,38.1100,35.7200,37.0000,36004100,HOOD,29.6735,30.6594,26.3942,27.2668,23.5126,24.5427,20.9088,21.3166
2024-11-21,35.0900,37.1250,34.6300,37.1250,27042400,HOOD,30.0670,31.0814,26.6632,27.5736,23.6389,24.7516,21.0292,21.4536
2024-11-22,36.6500,36.8350,34.1700,34.9800,21650100,HOOD,30.5465,31.6117,26.9548,27.9295,23.7765,24.9872,21.1564,21.6048
2024-11-25,37.8500,39.7400,37.3000,39.2200,29944600,HOOD,31.0450,32.2058,27.2676,28.3186,23.9282,25.2419,21.2879,21.7665
2024-11-26,36.4200,37.9100,36.1500,37.0500,16612100,HOOD,31.4645,32.6072,27.5432,28.6363,24.0715,25.4633,21.4099,21.9123
2024-11-27,37.6500,38.2900,37.0400,37.5100,15118500,HOOD,31.9365,33.0874,27.8372,28.9898,24.2220,25.7046,21.5390,22.0689
2024-11-29,37.5400,39.1450,37.5100,38.6200,13399500,HOOD,32.6390,33.5115,28.1318,29.3251,24.3742,25.9390,21.6598,22.2228
2024-12-02,37.6200,38.7900,37.5200,37.9250,16071000,HOOD,33.3215,33.9028,28.4296,29.6504,24.5300,26.1703,21.7808,22.3760
2024-12-03,38.6400,38.7050,36.6100,37.0500,17947600,HOOD,34.0375,34.3539,28.7484,30.0029,24.6936,26.4172,21.9040,22.5378
2024-12-04,40.0000,40.5700,37.7800,39.9500,35447100,HOOD,34.7895,34.8917,29.0930,30.3949,24.8542,26.6862,22.0335,22.7116
2024-12-05,38.9200,42.7600,38.7900,42.7100,50453500,HOOD,35.2425,35.2753,29.4236,30.7293,24.9971,26.9284,22.1602,22.8729
2024-12-06,41.6700,41.7100,38.9400,39.5900,37242700,HOOD,35.8580,35.8843,29.8084,31.1583,25.1720,27.2203,22.2987,23.0599
2024-12-09,39.5400,42.0900,39.2400,41.3900,26493400,HOOD,36.3080,36.2325,30.1214,31.4870,25.3391,27.4643,22.4240,23.2239
2024-12-10,37.3600,40.5000,37.1900,39.8100,27808800,HOOD,36.5360,36.3399,30.4002,31.7173,25.4786,27.6602,22.5328,23.3645
2024-12-11,37.8400,38.5500,37.7000,38.5000,23327700,HOOD,36.7780,36.4827,30.7104,31.9574,25.6228,27.8618,22.6408,23.5086
2024-12-12,39.3300,40.1900,35.6200,37.3800,26270400,HOOD,37.1490,36.7539,31.0444,32.2465,25.7874,28.0889,22.7568,23.6660
2024-12-13,40.2000,40.3470,38.9600,39.4100,19794900,HOOD,37.5480,37.0821,31.3998,32.5584,25.9753,28.3287,22.8762,23.8305
2024-12-16,43.2000,43.8300,40.5300,41.0200,36584000,HOOD,38.0920,37.6648,31.8060,32.9758,26.1955,28.6232,23.0093,24.0233
2024-12-17,41.6300,42.3100,40.3400,42.3100,27260400,HOOD,38.4235,38.0424,32.1722,33.3151,26.3998,28.8808,23.1343,24.1984
2024-12-18,37.0800,41.4890,36.6400,41.4400,33565200,HOOD,38.5155,37.9507,32.4016,33.4628,26.5588,29.0431,23.2401,24.3266
2024-12-19,36.9400,38.6800,36.2100,38.4800,25513100,HOOD,38.5585,37.8545,32.6274,33.5991,26.7242,29.1995,23.3428,24.4521
2024-12-20,38.3300,38.4750,34.0200,35.1100,29109100,HOOD,38.7205,37.8998,32.8840,33.7847,26.9018,29.3803,23.4526,24.5902
2024-12-23,37.5000,38.5000,37.0800,37.9200,16662300,HOOD,38.7630,37.8617,33.1086,33.9304,27.0744,29.5411,23.5551,24.7187
2024-12-24,39.5800,39.5900,37.6900,38.0000,10144500,HOOD,38.8495,38.0253,33.3602,34.1519,27.2914,29.7399,23.6687,24.8665
2024-12-26,40.3800,40.4650,38.8000,39.3400,11874900,HOOD,39.0475,38.2496,33.6318,34.3962,27.5310,29.9506,23.7887,25.0209
2024-12-27,39.0200,40.4400,38.2200,40.2500,14388800,HOOD,39.1160,38.3230,33.8736,34.5775,27.7491,30.1302,23.8980,25.1602
2024-12-30,38.2800,38.9600,37.4500,37.8100,12749600,HOOD,39.1530,38.3189,34.1128,34.7227,27.9607,30.2916,23.9991,25.2908
2024-12-31,37.2600,39.1000,37.0300,38.9500,14168100,HOOD,39.1350,38.2180,34.3214,34.8222,28.1560,30.4295,24.0947,25.4098
2025-01-02,39.4400,39.7000,37.3500,38.5400,18993300,HOOD,39.1750,38.3344,34.5708,35.0033,28.3712,30.6080,24.2008,25.5495
2025-01-03,41.3500,41.3800,39.0240,39.7800,19978800,HOOD,39.2425,38.6216,34.8496,35.2522,28.5993,30.8207,24.3214,25.7067
2025-01-06,42.7100,43.1200,41.4600,42.1100,22219300,HOOD,39.4320,39.0110,35.1698,35.5446,28.8423,31.0561,24.4421,25.8759
2025-01-07,40.5600,43.1880,39.8650,42.3300,17649200,HOOD,39.3765,39.1585,35.4366,35.7413,29.0614,31.2443,24.5495,26.0220
2025-01-08,40.8100,40.8300,39.2100,40.2550,14022200,HOOD,39.4400,39.3158,35.7116,35.9401,29.2740,31.4337,24.6620,26.1691
2025-01-10,40.0800,40.5300,38.7800,40.0700,13972900,HOOD,39.5760,39.3886,35.9556,36.1024,29.4750,31.6049,24.7670,26.3075
2025-01-13,39.5900,39.7970,38.4200,39.0100,13763100,HOOD,39.6635,39.4078,36.1868,36.2392,29.6681,31.7631,24.8686,26.4397
2025-01-14,41.7600,43.7700,41.2800,41.8000,32498800,HOOD,39.7850,39.6318,36.4578,36.4557,29.8874,31.9610,24.9773,26.5921
2025-01-15,45.5600,46.2200,43.6430,43.9900,32265300,HOOD,40.0530,40.1964,36.8992,36.8127,30.1412,32.2303,25.1045,26.7809
2025-01-16,46.0800,46.8500,45.2500,45.6100,18649700,HOOD,40.1970,40.7567,37.3414,37.1762,30.4031,32.5046,25.2378,26.9729
2025-01-17,48.1500,49.2700,46.9700,47.7400,35226600,HOOD,40.5230,41.4608,37.8180,37.6065,30.6734,32.8144,25.3826,27.1836
2025-01-21,50.0000,50.6400,48.1500,49.9300,29947100,HOOD,41.1690,42.2741,38.3188,38.0925,30.9638,33.1547,25.5365,27.4106
2025-01-22,50.1600,51.0900,49.7200,50.2100,20153200,HOOD,41.8300,43.0251,38.7248,38.5658,31.2518,33.4914,25.6951,27.6370
2025-01-23,50.3600,50.9100,49.2600,49.3900,16838700,HOOD,42.4315,43.7237,39.1448,39.0283,31.5522,33.8254,25.8549,27.8631
2025-01-24,51.1200,52.0600,50.6000,50.9100,19901100,HOOD,43.1125,44.4281,39.5564,39.5025,31.8617,34.1679,26.0177,28.0945
2025-01-27,47.7400,50.1450,46.6600,48.3300,29648700,HOOD,43.5205,44.7435,39.8552,39.8255,32.1379,34.4367,26.1649,28.2900
2025-01-28,49.4000,49.8000,47.0110,47.8980,17600400,HOOD,43.9715,45.1870,40.1832,40.2010,32.4382,34.7330,26.3202,28.5000
2025-01-29,51.1500,51.7100,48.6000,48.8200,17767600,HOOD,44.5780,45.7549,40.5680,40.6303,32.7586,35.0581,26.4809,28.7254
2025-01-30,53.0000,53.5100,51.0660,51.9600,16825700,HOOD,45.3140,46.4449,40.9836,41.1154,33.0919,35.4133,26.6561,28.9670
2025-01-31,51.9500,53.4900,51.6350,53.2600,14290800,HOOD,46.0485,46.9692,41.3762,41.5403,33.4220,35.7408,26.8299,29.1956
2025-02-03,51.9000,52.3200,48.0800,48.4900,19031800,HOOD,46.6715,47.4388,41.7142,41.9466,33.7444,36.0608,27.0028,29.4216
2025-02-04,52.5800,53.3100,51.5400,52.0000,17469600,HOOD,47.2330,47.9284,42.0610,42.3636,34.0732,36.3879,27.1803,29.6520
2025-02-05,54.2000,54.3300,52.2100,52.3200,16616600,HOOD,47.8075,48.5257,42.4234,42.8277,34.4088,36.7406,27.3659,29.8963
2025-02-06,53.1700,54.8800,52.1600,54.8000,15893900,HOOD,48.4380,48.9680,42.7850,43.2333,34.7241,37.0660,27.5486,30.1278
2025-02-07,55.8600,55.9800,54.1100,54.3900,25050300,HOOD,49.1905,49.6244,43.1692,43.7285,35.0620,37.4381,27.7420,30.3839
2025-02-10,56.2700,57.2700,55.5500,57.1800,23555900,HOOD,50.0000,50.2573,43.5376,44.2203,35.4026,37.8110,27.9352,30.6414
2025-02-11,53.3400,55.9900,53.2800,55.9000,24210900,HOOD,50.6875,50.5509,43.8760,44.5779,35.7096,38.1185,28.1154,30.8673
2025-02-12,55.9100,56.7400,52.6500,53.1700,48482700,HOOD,51.3950,51.0613,44.2412,45.0223,36.0392,38.4708,28.3093,31.1165
2025-02-13,63.8000,66.9100,61.2000,62.0900,77989700,HOOD,52.3070,52.2745,44.7664,45.7587,36.4491,38.9724,28.5389,31.4417
2025-02-14,65.2800,66.0800,61.7210,63.3050,39353300,HOOD,53.2670,53.5131,45.3196,46.5243,36.8746,39.4933,28.7786,31.7784
2025-02-18,60.4400,65.5780,59.9010,65.2100,42371200,HOOD,53.8815,54.1728,45.7556,47.0700,37.2520,39.9081,28.9984,32.0636
2025-02-19,59.2300,61.9110,58.6500,61.0900,26252600,HOOD,54.3430,54.6545,46.1402,47.5468,37.6166,40.2907,29.2113,32.3339
2025-02-20,56.0600,59.1000,54.2300,59.0900,36348800,HOOD,54.6380,54.7883,46.4830,47.8807,37.9533,40.6030,29.4035,32.5700
2025-02-21,51.6000,57.8700,51.4400,57.8700,33697500,HOOD,54.7000,54.4847,46.6816,48.0265,38.2450,40.8208,29.5718,32.7593
2025-02-24,49.9300,52.5600,47.9700,52.2400,40671100,HOOD,54.6405,54.0509,46.8894,48.1012,38.5054,41.0011,29.7325,32.9302
2025-02-25,45.9200,48.8400,44.0200,47.5100,59731300,HOOD,54.5495,53.2765,47.0606,48.0157,38.7304,41.0985,29.8722,33.0594
2025-02-26,48.8500,50.5200,46.5400,47.3100,43151500,HOOD,54.5220,52.8550,47.2808,48.0484,38.9956,41.2520,30.0272,33.2166
2025-02-27,48.7800,52.9300,48.4200,51.7600,48033000,HOOD,54.4035,52.4669,47.4698,48.0771,39.2571,41.4011,30.1846,33.3714
2025-02-28,50.1000,51.1700,47.4100,48.1850,46083500,HOOD,54.2585,52.2414,47.6678,48.1564,39.5338,41.5734,30.3539,33.5379
2025-03-03,46.8900,54.8400,46.6800,54.7200,52710100,HOOD,54.0055,51.7318,47.7416,48.1067,39.7738,41.6786,30.5039,33.6707
2025-03-04,46.2200,48.2700,42.1400,45.1900,62405400,HOOD,53.7215,51.2069,47.8334,48.0327,40.0028,41.7686,30.6449,33.7956
2025-03-05,48.1200,48.2900,44.9200,46.7000,33830100,HOOD,53.4985,50.9129,48.0542,48.0362,40.2279,41.8943,30.7929,33.9381
2025-03-06,44.8400,48.7900,44.6600,46.2300,40627600,HOOD,53.0305,50.3345,48.2122,47.9108,40.4198,41.9527,30.9276,34.0466
2025-03-07,44.4200,45.3700,40.9500,43.6400,53582200,HOOD,52.5930,49.7712,48.3340,47.7739,40.6090,42.0015,31.0493,34.1498
2025-03-10,35.6300,41.1970,35.2300,40.9250,89410600,HOOD,51.5815,48.4244,48.2966,47.2977,40.7026,41.8754,31.1232,34.1645
2025-03-11,36.3600,38.3500,35.5700,36.1950,69609300,HOOD,50.5860,47.2754,48.2322,46.8688,40.7962,41.7661,31.2002,34.1864
2025-03-12,38.9200,39.6710,36.8510,38.9900,50844300,HOOD,49.8650,46.4797,48.2030,46.5571,40.9174,41.7098,31.2965,34.2335
2025-03-13,36.0200,38.6800,35.9100,38.2700,47786300,HOOD,48.8705,45.4835,48.1430,46.1438,41.0083,41.5971,31.3804,34.2513
2025-03-14,39.2400,39.4600,37.0100,37.4000,37821400,HOOD,47.6425,44.8889,48.1622,45.8731,41.1375,41.5504,31.4741,34.3009
2025-03-17,42.0200,42.9200,38.9600,39.3500,45895500,HOOD,46.4795,44.6157,48.2574,45.7220,41.2894,41.5597,31.5818,34.3777
2025-03-18,40.1000,41.5600,38.8500,40.8000,44644600,HOOD,45.4625,44.1856,48.2706,45.5015,41.4207,41.5308,31.6769,34.4347
2025-03-19,42.8000,43.8400,40.1760,40.7750,56447100,HOOD,44.6410,44.0536,48.2996,45.3956,41.5746,41.5560,31.7817,34.5179
2025-03-20,43.6600,44.2400,41.9300,42.2000,49146600,HOOD,44.0210,44.0162,48.3186,45.3275,41.7442,41.5976,31.8955,34.6089
2025-03-21,44.3600,44.7300,41.5000,41.9500,43674200,HOOD,43.6590,44.0489,48.3946,45.2896,41.9156,41.6523,32.0109,34.7059
2025-03-24,48.3600,48.9900,46.1000,46.4000,50762000,HOOD,43.5805,44.4595,48.5456,45.4100,42.1286,41.7852,32.1488,34.8417
2025-03-25,48.1500,49.8800,47.2000,48.7500,43367900,HOOD,43.6920,44.8110,48.7070,45.5174,42.3313,41.9112,32.2817,34.9742
2025-03-26,44.7300,48.0000,43.8000,47.9800,44462500,HOOD,43.4860,44.8033,48.8098,45.4866,42.4983,41.9670,32.3905,35.0712
2025-03-27,43.9900,45.5900,43.2400,44.1100,51945500,HOOD,43.2465,44.7258,48.8544,45.4279,42.6561,42.0071,32.4996,35.1600
2025-03-28,41.9200,43.0700,40.5700,42.6900,44330400,HOOD,42.8375,44.4586,48.7816,45.2903,42.8404,42.0053,32.5921,35.2272
2025-03-31,41.6200,41.9500,38.8380,39.7750,40954800,HOOD,42.5740,44.1882,48.6924,45.1464,43.0169,41.9977,32.6841,35.2909
2025-04-01,42.1600,43.3700,40.6100,41.8000,42942700,HOOD,42.3710,43.9951,48.5726,45.0293,43.1953,42.0009,32.7764,35.3592
2025-04-02,42.6800,43.5990,40.5500,40.6900,44551400,HOOD,42.0990,43.8698,48.4262,44.9371,43.3725,42.0144,32.8732,35.4320
2025-04-03,38.2600,39.8900,37.4400,37.9750,62216600,HOOD,41.7700,43.3356,48.1882,44.6753,43.4565,41.9400,32.9524,35.4602
2025-04-04,34.5100,36.2500,31.5900,35.6250,80694700,HOOD,41.2745,42.4950,47.8712,44.2766,43.5080,41.7929,33.0137,35.4507
2025-04-07,35.4100,37.1080,29.6600,30.6730,81135600,HOOD,41.2635,41.8203,47.5570,43.9289,43.5567,41.6665,33.0815,35.4503
2025-04-08,34.1700,37.8500,33.0850,37.1350,63299900,HOOD,41.1540,41.0917,47.2856,43.5462,43.5704,41.5181,33.1437,35.4376
2025-04-09,42.2100,42.6800,33.5500,33.7100,88299900,HOOD,41.3185,41.1982,47.1418,43.4938,43.6625,41.5318,33.2432,35.5050
2025-04-10,40.5100,42.1300,37.7800,40.3000,64055500,HOOD,41.5430,41.1326,46.9290,43.3768,43.7485,41.5115,33.3389,35.5548
2025-04-11,43.6800,43.7900,40.0800,40.7350,51352100,HOOD,41.7650,41.3752,46.7426,43.3887,43.8631,41.5545,33.4466,35.6356
2025-04-14,44.1400,45.0900,42.5100,45.0100,45143500,HOOD,41.8710,41.6386,46.5864,43.4182,43.9813,41.6057,33.5558,35.7202
2025-04-15,44.0800,45.5600,43.6870,44.1900,30788300,HOOD,42.0700,41.8711,46.4300,43.4441,44.0721,41.6547,33.6632,35.8034
2025-04-16,40.6600,43.1400,40.0700,41.8600,46736500,HOOD,41.9630,41.7557,46.1916,43.3349,44.1263,41.6350,33.7530,35.8517
2025-04-17,41.1800,41.7500,40.1200,41.0300,23940000,HOOD,41.8390,41.7009,45.9312,43.2504,44.1773,41.6260,33.8449,35.9048
2025-04-21,39.8500,41.5590,39.2100,40.7300,27727700,HOOD,41.6135,41.5246,45.6648,43.1171,44.2249,41.5908,33.9319,35.9440
2025-04-22,42.0900,43.3700,40.8120,41.0300,39232000,HOOD,41.3000,41.5785,45.3894,43.0768,44.2793,41.6007,34.0279,36.0052
2025-04-23,44.6600,47.2200,44.2700,45.3000,48982800,HOOD,41.1255,41.8719,45.1572,43.1389,44.3474,41.6613,34.1378,36.0913
2025-04-24,48.1500,48.2800,44.9600,45.0900,42991300,HOOD,41.2965,42.4699,45.0534,43.3354,44.4647,41.7897,34.2681,36.2113
2025-04-25,49.4500,49.9900,48.4800,48.9000,34624100,HOOD,41.5695,43.1346,44.9242,43.5752,44.5827,41.9414,34.4024,36.3430
2025-04-28,48.9300,51.0700,47.7400,50.5200,35081000,HOOD,41.9200,43.6866,44.6268,43.7852,44.6966,42.0798,34.5354,36.4683
2025-04-29,49.3700,49.8800,48.4600,49.4400,28708400,HOOD,42.3075,44.2279,44.3086,44.0042,44.8141,42.2242,34.6720,36.5966
2025-04-30,49.1100,49.9000,46.1800,46.4100,49380900,HOOD,42.6550,44.6928,44.0820,44.2044,44.9188,42.3605,34.8062,36.7211
2025-05-01,46.6200,51.3000,46.5300,51.1250,88530700,HOOD,42.8520,44.8764,43.8298,44.2992,44.9850,42.4449,34.9196,36.8196
2025-05-02,48.5900,50.0700,46.7100,46.7750,59187300,HOOD,43.3685,45.2300,43.6804,44.4674,45.0817,42.5666,35.0394,36.9368
2025-05-05,48.0500,48.3400,45.5600,47.2100,37137900,HOOD,44.0455,45.4986,43.6094,44.6079,45.1455,42.6752,35.1587,37.0473
2025-05-06,48.6900,48.8800,45.8250,46.3250,31103100,HOOD,44.7095,45.8025,43.5846,44.7680,45.2370,42.7943,35.2880,37.1632
2025-05-07,49.9900,50.5100,48.3200,48.8500,38651800,HOOD,45.5005,46.2014,43.6660,44.9728,45.3633,42.9367,35.4209,37.2908
2025-05-08,54.0700,54.8400,51.6100,51.7290,49440000,HOOD,46.0935,46.9507,43.7704,45.3295,45.5256,43.1572,35.5742,37.4578
2025-05-09,54.6500,56.3150,53.7420,54.9400,44325500,HOOD,46.8005,47.6840,43.8878,45.6950,45.6788,43.3848,35.7331,37.6288
2025-05-12,57.4300,59.3300,55.8890,59.1800,41385900,HOOD,47.4880,48.6122,44.0344,46.1552,45.8511,43.6629,35.9132,37.8259
2025-05-13,62.5700,63.4150,58.8200,58.9200,57297900,HOOD,48.4095,49.9415,44.3480,46.7990,46.0448,44.0373,36.1201,38.0721
2025-05-14,61.3900,63.7800,61.0900,62.3750,41568200,HOOD,49.2750,51.0318,44.6514,47.3712,46.2424,44.3809,36.3211,38.3041
2025-05-15,60.6800,60.8300,57.6800,60.3050,36789200,HOOD,50.2760,51.9507,44.9026,47.8931,46.4784,44.7037,36.5186,38.5267
2025-05-16,61.7600,62.1400,60.4600,60.9050,24538700,HOOD,51.3050,52.8849,45.2410,48.4369,46.7266,45.0414,36.7254,38.7579
2025-05-19,64.2700,64.3600,59.6800,59.8550,34290800,HOOD,52.5260,53.9692,45.6380,49.0578,46.9860,45.4222,36.9439,39.0118
2025-05-20,64.9100,65.2800,63.3500,64.0400,31331800,HOOD,53.6670,55.0112,46.2236,49.6794,47.2601,45.8081,37.1672,39.2695
2025-05-21,63.8600,66.8900,63.3200,64.0600,40230100,HOOD,54.6270,55.8539,46.7736,50.2355,47.5029,46.1656,37.3971,39.5141
2025-05-22,64.7700,65.8750,63.7500,64.8900,27235000,HOOD,55.4580,56.7031,47.2906,50.8055,47.7468,46.5340,37.6389,39.7654
2025-05-23,63.1700,64.4600,62.6320,62.8500,28585500,HOOD,56.1440,57.3190,47.8336,51.2904,47.9883,46.8634,37.8687,39.9983
2025-05-27,66.0200,67.1300,63.8300,64.9600,29735900,HOOD,56.9985,58.1477,48.3692,51.8680,48.2657,47.2427,38.1132,40.2572
2025-05-28,65.1400,66.6100,64.8100,66.1400,17994200,HOOD,57.7870,58.8136,48.8316,52.3885,48.5445,47.5971,38.3502,40.5048
2025-05-29,63.9500,66.5350,63.6300,66.3250,21300500,HOOD,58.5290,59.3028,49.3086,52.8419,48.7896,47.9209,38.5804,40.7381
2025-05-30,66.1500,66.4900,62.9200,63.5900,35691700,HOOD,59.5055,59.9549,49.7756,53.3638,49.0376,48.2819,38.8184,40.9910
2025-06-02,67.9800,68.2000,65.3800,66.0300,30252600,HOOD,60.4750,60.7192,50.2620,53.9370,49.2903,48.6720,39.0663,41.2595
2025-06-03,71.7200,72.7200,69.0600,69.9000,43343500,HOOD,61.6585,61.7669,50.8092,54.6343,49.6019,49.1284,39.3316,41.5626
2025-06-04,72.2700,73.0000,71.1300,72.9600,31915100,HOOD,62.8375,62.7672,51.2874,55.3259,49.9165,49.5866,39.5952,41.8682
2025-06-05,72.5100,76.7500,71.2000,73.5500,64664700,HOOD,63.9635,63.6951,51.7746,55.9998,50.2408,50.0406,39.8579,42.1731
2025-06-06,74.8800,77.8000,73.1000,74.6000,66229100,HOOD,65.0040,64.7603,52.3776,56.7402,50.5937,50.5324,40.1309,42.4985
2025-06-09,73.4000,73.7300,68.5600,72.0600,65748800,HOOD,65.9415,65.5831,52.9658,57.3935,50.9101,50.9852,40.3987,42.8060
2025-06-10,72.5100,74.6400,70.7500,73.2400,39178600,HOOD,66.6955,66.2428,53.5776,57.9863,51.1796,51.4115,40.6604,43.1015
2025-06-11,74.8800,75.3900,72.3200,73.0500,34056700,HOOD,67.3110,67.0654,54.2428,58.6488,51.4676,51.8762,40.9353,43.4177
2025-06-12,73.8400,75.5900,73.2300,73.5260,22611100,HOOD,67.9335,67.7106,54.8764,59.2446,51.7245,52.3111,41.1989,43.7204
2025-06-13,72.6000,74.8200,71.6900,72.0000,27789300,HOOD,68.5295,68.1763,55.4748,59.7683,51.9505,52.7129,41.4571,44.0078
2025-06-16,76.7500,76.8800,73.3600,73.7000,27114900,HOOD,69.2790,68.9928,56.2446,60.4343,52.2164,53.1889,41.7341,44.3336
2025-06-17,74.9500,77.0500,72.8600,76.1100,26677500,HOOD,69.8130,69.5602,57.0534,61.0035,52.4623,53.6198,42.0072,44.6382
2025-06-18,78.3500,78.7400,74.5400,75.1700,36185600,HOOD,70.4850,70.3973,57.9122,61.6838,52.7346,54.1095,42.2981,44.9737
2025-06-20,78.5000,79.3800,75.7900,78.4700,37245800,HOOD,71.2170,71.1690,58.7988,62.3432,53.0422,54.5925,42.5900,45.3073
2025-06-23,76.3500,79.0450,74.3900,77.8600,35289900,HOOD,71.7960,71.6624,59.4816,62.8925,53.3117,55.0233,42.8749,45.6162
2025-06-24,82.0100,82.2700,76.8300,77.9000,42266600,HOOD,72.7380,72.6479,60.3116,63.6422,53.6203,55.5577,43.1894,45.9783
2025-06-25,82.7500,85.5500,81.9000,84.9400,38974900,HOOD,73.5745,73.6100,61.0930,64.3915,53.9178,56.0962,43.5048,46.3442
2025-06-26,84.5200,84.8000,82.5300,83.4100,25222500,HOOD,74.5435,74.6490,61.9006,65.1809,54.2435,56.6590,43.8327,46.7240
2025-06-27,83.0300,84.8800,81.9200,84.6550,37005900,HOOD,75.4975,75.4472,62.6796,65.8809,54.5548,57.1812,44.1496,47.0853
2025-06-30,93.6300,94.2400,85.5000,85.6500,101945000,HOOD,76.8715,77.1789,63.7390,66.9691,54.9653,57.9030,44.5192,47.5484
2025-07-01,92.3300,99.1800,89.7000,95.0120,121171500,HOOD,78.0890,78.6219,64.7620,67.9636,55.3466,58.5847,44.8777,47.9940
2025-07-02,97.9800,100.8800,90.9000,91.2500,113204200,HOOD,79.4020,80.4655,65.9246,69.1407,55.7947,59.3648,45.2594,48.4914
2025-07-03,94.4000,95.6500,92.1100,95.4900,56373800,HOOD,80.5085,81.7926,66.9708,70.1313,56.1801,60.0586,45.6210,48.9482
2025-07-07,93.4600,95.7000,91.2500,93.5900,49466000,HOOD,81.5560,82.9038,67.9468,71.0461,56.5520,60.7200,45.9773,49.3911
2025-07-08,91.2700,98.0400,90.7000,95.4000,59808300,HOOD,82.3755,83.7006,68.8092,71.8392,56.9313,61.3249,46.3204,49.8078
2025-07-09,94.5400,94.6500,91.7410,92.9100,42206400,HOOD,83.4325,84.7329,69.7110,72.7294,57.3176,61.9827,46.6784,50.2529
2025-07-10,98.7000,98.7600,93.5410,95.9000,50119500,HOOD,84.7420,86.0631,70.7064,73.7479,57.6666,62.7097,47.0578,50.7349
2025-07-11,98.3400,101.5000,97.3300,97.5000,60338900,HOOD,85.9150,87.2323,71.6858,74.7123,57.9972,63.4153,47.4359,51.2086
2025-07-14,99.9600,101.8900,98.9000,100.8700,47356300,HOOD,87.2210,88.4445,72.7028,75.7024,58.3924,64.1389,47.8222,51.6937
2025-07-15,99.5400,101.2600,97.1600,99.0100,45879400,HOOD,88.5680,89.5012,73.7612,76.6372,58.7955,64.8399,48.2060,52.1698
2025-07-16,103.2500,104.6200,99.7000,100.0200,54557800,HOOD,89.8930,90.8106,74.8544,77.6808,59.2674,65.6005,48.6103,52.6781
2025-07-17,105.4500,106.6400,102.7200,103.5350,39114400,HOOD,91.4180,92.2048,76.0024,78.7698,59.8059,66.3896,49.0254,53.2032
2025-07-18,109.7400,113.4390,106.9500,109.7500,74033300,HOOD,92.9875,93.8749,77.2234,79.9844,60.4040,67.2481,49.4547,53.7657
2025-07-21,104.3400,110.3100,104.0700,109.0000,46430600,HOOD,94.2795,94.8715,78.3104,80.9395,60.9882,67.9826,49.8593,54.2689
2025-07-22,101.8500,105.9300,98.7500,103.7100,44667400,HOOD,95.5545,95.5361,79.2660,81.7595,61.5182,68.6532,50.2569,54.7424
2025-07-23,102.0800,102.6800,100.5400,102.1300,33805200,HOOD,96.5580,96.1594,80.2146,82.5564,62.0512,69.3151,50.6541,55.2134
2025-07-24,101.9300,103.0400,100.3200,103.0000,26698100,HOOD,97.5170,96.7090,81.1046,83.3161,62.5695,69.9610,51.0516,55.6782
2025-07-25,104.8500,106.3900,101.0500,101.5450,35637800,HOOD,98.5335,97.4843,81.9502,84.1606,63.1491,70.6518,51.4614,56.1675
2025-07-28,106.7700,107.1300,104.6600,105.8400,30578400,HOOD,99.7205,98.3686,82.8578,85.0472,63.7546,71.3670,51.8787,56.6710
2025-07-29,103.3200,107.4200,103.0000,106.6100,30568000,HOOD,100.2050,98.8402,83.7106,85.7638,64.3066,71.9998,52.2672,57.1352
2025-07-30,106.1000,107.4600,103.3500,103.8500,39913500,HOOD,100.8935,99.5316,84.5974,86.5613,64.9192,72.6750,52.6695,57.6224
2025-07-31,103.0500,109.0600,101.0700,103.8650,58057600,HOOD,101.1470,99.8667,85.3730,87.2079,65.5055,73.2765,53.0572,58.0744
2025-08-01,99.9000,104.5900,93.3600,97.8000,76745100,HOOD,101.4220,99.8699,86.0728,87.7057,66.1482,73.8037,53.4254,58.4906
2025-08-04,106.3700,106.7900,97.1530,101.2290,46466000,HOOD,102.0675,100.4889,86.9230,88.4376,66.8483,74.4486,53.8222,58.9670
2025-08-05,105.4600,107.3000,103.2200,105.9700,33460900,HOOD,102.7770,100.9624,87.7368,89.1051,67.5137,75.0627,54.2155,59.4296
2025-08-06,105.6500,105.9000,101.1800,104.5050,33023500,HOOD,103.3325,101.4088,88.5864,89.7540,68.2100,75.6684,54.6091,59.8895
2025-08-07,111.2300,112.6340,107.4000,107.8900,44736000,HOOD,103.9590,102.3442,89.4906,90.5962,68.9299,76.3726,55.0337,60.4004
2025-08-08,114.6300,117.0000,110.9000,111.5000,41905700,HOOD,104.7735,103.5142,90.4804,91.5387,69.6560,77.1301,55.4727,60.9400
2025-08-11,113.6200,117.4700,113.3900,116.2200,36942300,HOOD,105.4565,104.4767,91.4738,92.4046,70.3912,77.8527,55.9059,61.4642
2025-08-12,114.0900,117.7000,113.1800,115.0400,31461900,HOOD,106.1840,105.3922,92.4326,93.2550,71.1041,78.5703,56.3393,61.9878
2025-08-13,108.6200,116.4000,107.2800,115.6500,54719700,HOOD,106.4525,105.6997,93.2454,93.8575,71.7537,79.1653,56.7489,62.4518
2025-08-14,110.7100,111.4600,106.3100,107.8800,34395300,HOOD,106.7155,106.1768,94.0252,94.5184,72.4172,79.7900,57.1664,62.9320
2025-08-15,114.1700,114.3600,108.6100,110.7300,32215900,HOOD,106.9370,106.9381,94.8632,95.2891,73.0753,80.4708,57.6019,63.4418
2025-08-18,115.0200,115.0900,109.7800,113.0000,35579200,HOOD,107.4710,107.7078,95.7134,96.0628,73.7440,81.1549,58.0376,63.9550
2025-08-19,107.5000,117.4600,106.5000,116.1200,49635700,HOOD,107.7535,107.6880,96.3658,96.5114,74.3717,81.6766,58.4350,64.3883
2025-08-20,105.3400,107.9800,99.0000,106.6650,56515300,HOOD,107.9165,107.4644,97.0046,96.8576,74.9852,82.1452,58.8206,64.7958
2025-08-21,106.3000,108.2100,104.3500,105.0300,34679000,HOOD,108.1350,107.3535,97.6804,97.2279,75.6290,82.6235,59.2347,65.2088
2025-08-22,109.3200,111.8830,103.8000,105.5300,39922200,HOOD,108.3585,107.5408,98.3692,97.7021,76.3060,83.1521,59.6614,65.6477
2025-08-25,107.9400,109.8500,105.9500,108.4900,29478100,HOOD,108.4170,107.5788,99.0512,98.1036,76.9638,83.6430,60.0795,66.0685
2025-08-26,108.8000,109.3600,105.1200,106.8500,27361000,HOOD,108.6910,107.6951,99.7752,98.5230,77.6250,84.1411,60.4987,66.4937
2025-08-27,102.9200,109.2700,102.8100,108.6900,35942700,HOOD,108.5320,107.2403,100.2986,98.6955,78.2716,84.5130,60.8640,66.8561
2025-08-28,103.6900,105.4000,102.7600,104.0000,26059100,HOOD,108.5640,106.9022,100.8734,98.8913,78.9634,84.8927,61.2357,67.2226
2025-08-29,104.0300,104.4000,101.9300,102.8400,22269200,HOOD,108.7705,106.6287,101.3870,99.0928,79.6496,85.2717,61.6031,67.5889
2025-09-02,100.8400,101.9000,97.9000,100.3400,40899100,HOOD,108.4940,106.0774,101.8338,99.1614,80.3163,85.5800,61.9433,67.9197
2025-09-03,100.8200,102.6900,99.4100,101.5900,24194800,HOOD,108.2620,105.5767,102.3232,99.2264,80.9024,85.8818,62.2824,68.2471
2025-09-04,102.9100,104.7500,100.6000,100.7500,30626300,HOOD,108.1250,105.3227,102.7412,99.3709,81.5264,86.2189,62.6374,68.5920
2025-09-05,101.2500,106.0300,95.6600,104.9800,62538400,HOOD,107.6260,104.9348,103.1112,99.4445,82.1021,86.5166,62.9826,68.9170
2025-09-08,117.2800,117.3000,110.1200,110.6300,102382400,HOOD,107.7585,106.1105,103.7664,100.1440,82.8335,87.1258,63.4074,69.3982
2025-09-09,118.5000,118.7000,113.7600,116.5300,51536300,HOOD,108.0025,107.2905,104.4758,100.8638,83.5777,87.7470,63.8249,69.8868
2025-09-10,117.4600,123.4400,116.6900,120.8300,46671200,HOOD,108.1710,108.2590,104.9524,101.5146,84.3457,88.3354,64.2360,70.3601
2025-09-11,117.7500,121.6900,117.3700,117.8800,35760900,HOOD,108.6275,109.1629,105.4608,102.1513,85.1114,88.9179,64.6443,70.8317
2025-09-12,115.0300,118.5700,114.0500,117.9300,37245800,HOOD,108.8435,109.7217,105.8018,102.6564,85.8632,89.4350,65.0440,71.2715
2025-09-15,114.8300,116.5300,112.4250,115.3450,36787500,HOOD,108.8765,110.2082,106.2104,103.1338,86.5906,89.9378,65.4349,71.7049
2025-09-16,117.3800,118.1300,113.7900,115.0600,36628500,HOOD,108.9945,110.8912,106.6888,103.6924,87.3178,90.4812,65.8326,72.1594
2025-09-17,118.6400,119.1300,114.8900,117.0900,34516600,HOOD,109.5515,111.6292,107.2362,104.2786,88.0227,91.0388,66.2437,72.6219
2025-09-18,120.9100,124.3600,119.8590,120.0800,35865100,HOOD,110.3300,112.5131,107.7636,104.9308,88.7373,91.6303,66.6600,73.1023
2025-09-19,124.7800,125.1800,121.0000,121.7000,202388400,HOOD,111.2540,113.6814,108.2852,105.7092,89.4958,92.2868,67.0962,73.6165
2025-09-22,124.8900,126.6400,122.2000,123.6250,33482600,HOOD,112.0325,114.7489,108.8162,106.4614,90.2510,92.9324,67.5325,74.1267
2025-09-23,126.2000,127.7800,124.0700,125.4100,28923500,HOOD,112.9455,115.8394,109.3410,107.2355,91.0219,93.5911,67.9703,74.6449
2025-09-24,126.8000,130.0700,125.0000,127.5150,26956400,HOOD,113.8455,116.8833,109.8862,108.0027,91.8237,94.2487,68.4043,75.1638
2025-09-25,122.6500,125.8000,120.6200,123.3300,32876000,HOOD,114.8320,117.4325,110.2742,108.5771,92.5643,94.8111,68.8230,75.6363
2025-09-26,121.7800,125.0600,120.4600,124.1800,25714800,HOOD,115.7365,117.8466,110.6008,109.0949,93.3016,95.3452,69.2235,76.0955
2025-09-29,136.7200,136.8400,123.7800,123.7800,62109900,HOOD,117.3710,119.6440,111.1404,110.1782,94.1819,96.1645,69.7094,76.6987
2025-09-30,143.1800,143.6200,135.5700,135.6700,50851200,HOOD,119.4880,121.8856,111.9172,111.4724,95.1138,97.0955,70.2385,77.3602
2025-10-01,139.1400,143.1700,137.7800,141.2600,34759600,HOOD,121.4040,123.5288,112.6630,112.5574,95.9645,97.9281,70.7450,77.9749
2025-10-02,145.7000,146.7000,140.1500,142.7800,34579900,HOOD,123.5435,125.6404,113.5354,113.8571,96.8750,98.8740,71.2769,78.6488
2025-10-03,148.6700,150.2100,145.2300,146.8200,34531700,HOOD,125.9145,127.8337,114.4702,115.2223,97.7874,99.8601,71.8192,79.3455
2025-10-06,144.2600,153.8600,144.1190,153.0000,28117000,HOOD,127.2635,129.3981,115.2584,116.3611,98.6043,100.7393,72.3245,79.9914
2025-10-07,145.0000,147.1200,141.2600,146.3300,24867400,HOOD,128.5885,130.8840,116.0230,117.4842,99.4404,101.6157,72.8414,80.6383
2025-10-08,150.8700,151.3500,144.5500,146.1100,23927600,HOOD,130.2590,132.7874,116.9740,118.7934,100.3423,102.5911,73.4103,81.3371
2025-10-09,152.4600,153.0800,147.3000,150.5100,19633000,HOOD,131.9945,134.6610,117.9012,120.1137,101.2493,103.5786,73.9879,82.0448
2025-10-10,138.9600,153.5600,138.9400,151.5050,41634300,HOOD,133.1910,135.0704,118.6194,120.8527,101.9962,104.2792,74.4911,82.6111
2025-10-13,140.6800,146.5600,136.5200,144.6200,28260800,HOOD,134.4835,135.6047,119.4350,121.6303,102.7539,105.0000,75.0070,83.1889
2025-10-14,134.9500,141.2100,133.0500,136.7200,31171000,HOOD,135.3620,135.5423,120.0066,122.1526,103.4648,105.5931,75.4838,83.7040
2025-10-15,134.1500,139.6500,133.5350,138.0950,22187000,HOOD,136.1375,135.4097,120.5804,122.6231,104.1586,106.1586,75.9527,84.2059
2025-10-16,131.4400,137.4800,130.5700,135.3800,23359400,HOOD,136.6640,135.0316,121.0962,122.9689,104.8413,106.6592,76.4148,84.6759
2025-10-17,129.9100,131.2050,125.6000,128.1600,25237100,HOOD,136.9205,134.5439,121.4698,123.2411,105.4802,107.1196,76.8729,85.1260
2025-10-20,135.8000,140.1980,132.9000,133.4250,27605900,HOOD,137.4660,134.6635,121.8932,123.7336,106.1868,107.6875,77.3656,85.6302
2025-10-21,131.8400,135.3100,131.3500,135.2900,19498300,HOOD,137.7480,134.3946,122.2576,124.0515,106.8657,108.1658,77.8276,86.0900
2025-10-22,127.2200,132.3600,120.8800,131.6300,37786900,HOOD,137.7690,133.7113,122.5202,124.1757,107.4764,108.5431,78.2570,86.4993
2025-10-23,134.3300,135.5700,127.2800,128.2800,24591100,HOOD,138.3530,133.7702,123.0344,124.5739,108.1399,109.0537,78.7151,86.9752
2025-10-24,139.7900,142.2000,137.1000,137.9900,24330400,HOOD,139.2535,134.3435,123.6160,125.1706,108.8206,109.6624,79.2112,87.5007
2025-10-27,145.8600,149.2000,143.1800,144.9900,25833300,HOOD,139.7105,135.4403,124.2498,125.9820,109.5565,110.3792,79.7365,88.0814
2025-10-28,146.2500,148.1100,145.6300,146.0000,13446700,HOOD,139.8640,136.4698,124.8744,126.7768,110.2939,111.0895,80.2673,88.6602
2025-10-29,144.8000,147.7200,142.7400,146.0000,19792600,HOOD,140.1470,137.2632,125.6204,127.4836,110.9931,111.7570,80.7934,89.2188
2025-10-30,138.0700,144.1500,137.2500,142.3900,19706900,HOOD,139.7655,137.3400,126.2750,127.8988,111.6398,112.2781,81.2749,89.7049
2025-10-31,146.7800,150.4700,143.3000,143.6000,26028100,HOOD,139.6710,138.2391,127.0846,128.6392,112.3825,112.9613,81.7810,90.2728
2025-11-03,147.0800,149.4120,142.5000,148.7900,17187600,HOOD,139.8120,139.0811,127.8398,129.3624,113.1045,113.6369,82.2860,90.8380
2025-11-04,136.8000,144.4000,136.6300,139.8700,26617700,HOOD,139.4020,138.8638,128.4170,129.6540,113.7341,114.0956,82.7293,91.2954
2025-11-05,142.4800,144.7700,135.5100,139.6350,32318500,HOOD,138.9825,139.2082,129.0906,130.1570,114.4329,114.6576,83.1917,91.8047
2025-11-06,127.0800,140.1600,126.1500,140.0000,50477800,HOOD,137.7135,138.0531,129.5738,130.0364,114.9362,114.9036,83.5763,92.1557
2025-11-07,130.3600,132.2000,120.7000,123.7660,44897800,HOOD,137.2835,137.3205,130.1072,130.0490,115.4903,115.2097,83.9763,92.5358
2025-11-10,135.8800,138.9900,131.6500,135.4500,30980500,HOOD,137.0435,137.1833,130.7442,130.2777,116.0656,115.6190,84.4001,92.9671
2025-11-11,131.9300,134.6670,130.9000,133.9900,17218400,HOOD,136.8925,136.6830,131.3660,130.3425,116.5999,115.9420,84.8210,93.3548
2025-11-12,132.9800,133.8400,128.3300,133.3300,22044600,HOOD,136.8340,136.3303,132.0092,130.4459,117.1662,116.2794,85.2389,93.7491
2025-11-13,121.5300,130.1500,119.4700,129.8700,36727300,HOOD,136.3385,134.9208,132.3816,130.0963,117.5614,116.3833,85.5908,94.0255
2025-11-14,122.5000,126.5000,114.0000,115.1500,32063800,HOOD,135.9680,133.7378,132.8066,129.7984,117.9589,116.5045,85.9383,94.3088
2025-11-17,115.9700,120.9800,112.4200,120.4950,40078600,HOOD,134.9765,132.0456,132.7804,129.2561,118.2734,116.4939,86.2584,94.5244
2025-11-18,114.3000,116.9710,112.3500,113.9100,28581100,HOOD,134.0995,130.3556,132.6964,128.6696,118.5861,116.4504,86.5704,94.7211
2025-11-19,118.1600,119.2000,113.5500,114.7400,25278800,HOOD,133.6465,129.1941,132.7104,128.2575,118.8314,116.4843,86.8983,94.9544
2025-11-20,106.2100,122.6300,105.2350,121.6300,42907300,HOOD,132.2405,127.0051,132.4796,127.3928,118.9702,116.2808,87.1584,95.0664
2025-11-21,107.3000,109.9900,102.1000,107.8400,40155600,HOOD,130.6160,125.1285,132.3250,126.6049,119.0634,116.1030,87.4290,95.1881
2025-11-24,114.9700,115.7200,108.6400,109.9150,30736500,HOOD,129.0715,124.1610,132.3278,126.1486,119.2691,116.0806,87.7246,95.3849
2025-11-25,115.5700,116.8100,109.1900,112.4650,22078800,HOOD,127.5375,123.3428,132.2916,125.7338,119.4902,116.0705,88.0211,95.5858
2025-11-26,128.2000,128.9000,120.8600,121.3300,47127600,HOOD,126.7075,123.8054,132.4828,125.8305,119.8595,116.3106,88.3954,95.9103
2025-11-28,128.4900,129.9500,127.1500,128.0750,12783400,HOOD,126.2285,124.2515,132.6344,125.9348,120.1990,116.5518,88.7583,96.2345
2025-12-01,123.2400,125.2900,118.8600,123.4500,31467300,HOOD,125.0515,124.1552,132.6036,125.8291,120.4444,116.6843,89.0555,96.5032
2025-12-02,125.9500,129.1800,124.5100,125.2500,25394800,HOOD,123.9950,124.3261,132.6248,125.8338,120.7205,116.8677,89.3588,96.7962
2025-12-03,133.6400,134.3400,124.4000,126.1000,25004500,HOOD,123.8370,125.2132,132.7736,126.1400,121.0573,117.1999,89.7248,97.1628
2025-12-04,137.0800,137.3600,132.7700,133.2100,20572100,HOOD,123.5670,126.3433,132.9792,126.5690,121.4327,117.5935,90.1141,97.5600
2025-12-05,131.9500,135.2400,129.9600,135.0600,23123000,HOOD,123.8105,126.8773,133.1652,126.7800,121.7197,117.8778,90.4935,97.9022
2025-12-08,136.4300,138.0900,132.0020,134.1000,22593100,HOOD,124.1140,127.7871,133.4582,127.1584,122.0295,118.2452,90.9177,98.2855
2025-12-09,135.7100,139.7500,133.5700,134.5000,18948200,HOOD,124.1055,128.5417,133.4380,127.4938,122.2892,118.5910,91.3466,98.6579
2025-12-10,135.6600,137.4600,133.4300,135.2600,18232100,HOOD,124.2920,129.2196,133.2876,127.8140,122.6024,118.9290,91.7953,99.0261
2025-12-11,123.3800,131.7750,122.5300,131.7750,44624800,HOOD,123.8120,128.6634,132.9724,127.6402,122.8177,119.0172,92.1679,99.2684
2025-12-12,119.5000,125.6500,117.8350,125.3400,31553300,HOOD,123.7105,127.7907,132.4484,127.3209,122.9919,119.0267,92.5215,99.4697
2025-12-15,115.2600,120.6600,114.1010,120.4000,28422000,HOOD,123.3485,126.5973,131.7802,126.8480,123.1252,118.9521,92.8473,99.6268
2025-12-16,119.4000,120.7000,115.7600,116.6950,21011900,HOOD,123.5200,125.9119,131.2830,126.5559,123.2707,118.9610,93.2099,99.8236
2025-12-17,115.8000,124.7000,115.5900,120.9700,36270000,HOOD,123.5950,124.9488,130.6990,126.1341,123.3610,118.8984,93.5578,99.9826
2025-12-18,117.1600,124.2500,117.0500,121.8700,24274300,HOOD,123.5450,124.2070,130.0248,125.7822,123.4994,118.8640,93.9030,100.1535
2025-12-19,121.3500,122.9600,118.2000,119.4700,27580900,HOOD,124.3020,123.9349,129.4026,125.6083,123.6519,118.9132,94.2855,100.3644
2025-12-22,122.3700,124.5500,121.0700,123.5100,16977000,HOOD,125.0555,123.7859,129.0708,125.4814,123.8451,118.9817,94.6753,100.5833
2025-12-23,120.2400,121.1500,116.7500,120.2950,16953500,HOOD,125.3190,123.4482,128.6620,125.2758,124.0485,119.0066,95.0983,100.7789
2025-12-24,120.4400,120.6700,118.6000,119.9600,7980700,HOOD,125.5625,123.1617,128.3718,125.0862,124.1892,119.0350,95.5187,100.9746
2025-12-26,118.1300,121.0300,117.7000,120.7100,12959100,HOOD,125.0590,122.6825,128.0514,124.8134,124.3159,119.0170,95.9148,101.1453
2025-12-29,117.4300,118.9500,116.0200,116.8900,15386400,HOOD,124.5060,122.1823,127.7712,124.5238,124.4337,118.9856,96.3218,101.3073
2025-12-30,115.4500,118.6360,115.1800,117.6250,16471600,HOOD,124.1165,121.5411,127.4820,124.1680,124.4759,118.9156,96.7029,101.4480
2025-12-31,113.1000,115.6500,112.8500,114.8400,15992200,HOOD,123.4740,120.7372,127.0280,123.7340,124.4606,118.8004,97.0583,101.5640
2026-01-02,115.2100,116.0300,110.4100,115.4780,25793500,HOOD,122.5525,120.2108,126.6954,123.3997,124.4765,118.7293,97.4338,101.6997
2026-01-05,123.2400,123.4200,117.5500,117.9200,26231000,HOOD,121.8605,120.4993,126.6158,123.3934,124.5680,118.8187,97.8360,101.9141
2026-01-06,121.7000,124.3500,118.0500,124.1600,20349800,HOOD,121.3480,120.6136,126.3632,123.3270,124.6988,118.8757,98.2262,102.1110
2026-01-07,116.9700,120.1000,116.5500,120.0500,18916800,HOOD,120.3750,120.2666,125.9068,123.0777,124.7614,118.8380,98.5893,102.2588
2026-01-08,115.3900,117.3200,113.8700,115.7500,20102400,HOOD,119.3590,119.8022,125.2974,122.7762,124.7736,118.7697,98.9244,102.3895
2026-01-09,115.2700,118.2300,114.8820,116.9750,18094800,HOOD,118.3395,119.3705,124.6778,122.4819,124.7761,118.7004,99.2600,102.5176
2026-01-12,117.5200,119.6200,114.4550,114.5100,17111700,HOOD,118.0465,119.1943,124.1322,122.2873,124.8763,118.6770,99.6240,102.6669
2026-01-13,120.2400,120.4300,116.0000,117.4000,20026100,HOOD,118.0835,119.2939,123.7756,122.2070,125.0253,118.7080,100.0052,102.8418
2026-01-14,119.6700,120.8800,116.6100,120.2900,17838700,HOOD,118.3040,119.3297,123.2334,122.1075,125.1590,118.7270,100.3940,103.0092
2026-01-15,110.3500,119.8800,110.1300,119.6100,33323900,HOOD,117.8515,118.4745,122.4988,121.6464,125.1693,118.5612,100.7376,103.0822
2026-01-16,108.7400,111.2500,106.8800,111.0500,30258500,HOOD,117.4985,117.5474,121.9376,121.1403,125.1773,118.3667,101.0705,103.1385
2026-01-20,105.7800,108.3500,104.4500,105.0000,23515700,HOOD,116.9295,116.4267,121.2036,120.5379,125.1471,118.1174,101.3860,103.1648
2026-01-21,105.9200,108.5000,104.9500,105.7250,20051300,HOOD,116.1580,115.4261,120.7804,119.9647,125.1771,117.8759,101.7243,103.1922
2026-01-22,106.2500,108.0800,105.1000,107.4800,14834400,HOOD,115.3520,114.5521,120.2982,119.4269,125.2027,117.6457,102.0830,103.2227
2026-01-23,106.9900,111.4600,106.5000,106.9000,17691100,HOOD,114.6895,113.8319,119.7204,118.9391,125.2323,117.4347,102.4409,103.2602
2026-01-26,107.0000,108.4900,104.8300,106.2600,11501600,HOOD,114.0175,113.1813,119.2218,118.4709,125.2939,117.2281,102.8051,103.2974
2026-01-27,105.2400,109.0490,104.6600,107.7000,18339500,HOOD,113.3730,112.4250,118.6670,117.9521,125.3381,116.9907,103.1202,103.3167
2026-01-28,103.4000,107.2500,103.0000,105.2900,22380200,HOOD,112.6715,111.5654,118.3044,117.3814,125.3430,116.7215,103.4347,103.3175
2026-01-29,101.2400,103.8200,99.2000,103.8200,29463800,HOOD,111.9610,110.5821,117.8792,116.7484,125.3429,116.4150,103.7225,103.2969
2026-01-30,99.4800,104.3000,98.3700,102.7350,23773100,HOOD,111.2800,109.5247,117.5494,116.0712,125.1649,116.0796,103.9992,103.2589
2026-02-02,89.9100,95.8850,88.6700,95.8800,59741800,HOOD,110.0150,107.6567,117.0616,115.0453,124.8790,115.5614,104.2283,103.1260
2026-02-03,87.0700,90.3500,84.9300,90.1000,36550000,HOOD,108.2065,105.6960,116.4398,113.9482,124.5751,114.9972,104.4604,102.9663
2026-02-04,80.6200,85.3000,77.6200,84.7700,62547900,HOOD,106.1525,103.3078,115.9280,112.6412,124.2038,114.3165,104.6576,102.7439
2026-02-05,72.6800,79.4100,71.8700,77.6700,56483100,HOOD,103.9380,100.3909,115.2356,111.0741,123.7803,113.4920,104.8217,102.4448
2026-02-06,82.8200,84.3000,77.1200,77.8600,54593900,HOOD,102.3095,98.7175,114.5926,109.9661,123.4602,112.8846,105.0254,102.2495
2026-02-09,86.5600,88.6000,82.8300,84.8800,41278100,HOOD,100.8740,97.5596,114.0124,109.0482,123.1520,112.3634,105.2349,102.0934
2026-02-10,85.6000,88.2200,85.2100,85.3150,41823800,HOOD,99.2780,96.4206,113.1604,108.1287,122.8216,111.8334,105.4221,101.9293
2026-02-11,77.9700,79.9000,74.2500,77.8750,68727600,HOOD,97.1645,94.6634,112.1500,106.9460,122.3922,111.1628,105.5647,101.6909
2026-02-12,71.1200,79.0000,70.4300,78.8700,57569300,HOOD,94.7370,92.4212,111.1076,105.5411,121.8556,110.3699,105.6757,101.3867
2026-02-13,75.9700,77.0750,71.5200,72.4650,43506900,HOOD,93.0180,90.8544,110.1080,104.3814,121.3664,109.6887,105.8087,101.1338
2026-02-17,75.4400,76.7200,72.8700,74.3400,31818500,HOOD,91.3530,89.3864,108.9440,103.2464,120.8588,109.0105,105.9403,100.8781
2026-02-18,75.2100,78.2650,74.0600,74.7900,25655400,HOOD,89.8245,88.0362,107.7066,102.1470,120.3429,108.3412,106.0833,100.6227
2026-02-19,75.6500,76.1400,73.5300,74.3900,20780400,HOOD,88.3110,86.8566,106.5806,101.1079,119.8729,107.6939,106.2186,100.3743
2026-02-20,76.1100,78.0800,75.1300,75.2000,30283900,HOOD,86.8040,85.8331,105.3742,100.1276,119.4162,107.0684,106.3589,100.1328
2026-02-23,71.7800,74.9500,71.4200,74.5950,30422700,HOOD,85.0435,84.4947,104.0956,99.0159,118.7668,106.3697,106.4743,99.8507
2026-02-24,73.3900,73.8800,69.2200,70.9120,23571800,HOOD,83.3630,83.4371,102.8502,98.0110,118.0689,105.7166,106.5913,99.5874
2026-02-25,77.5300,78.1130,74.6400,76.9100,32366200,HOOD,81.9775,82.8745,101.9332,97.2078,117.4528,105.1584,106.7086,99.3679
2026-02-26,79.4500,79.5690,76.4500,76.9300,22685800,HOOD,80.7800,82.5484,101.1322,96.5114,116.7903,104.6494,106.8326,99.1697
2026-02-27,75.8500,77.7900,74.8200,76.8000,23485300,HOOD,79.5105,81.9105,100.3440,95.7012,116.0621,104.0791,106.9247,98.9377
2026-03-02,78.7800,79.5400,73.0000,73.4850,26904700,HOOD,78.4755,81.6123,99.5316,95.0376,115.4073,103.5781,107.0058,98.7371
2026-03-03,76.0700,77.4000,72.2500,74.0400,26929200,HOOD,77.7835,81.0845,98.7370,94.2938,114.7180,103.0334,107.0792,98.5116
2026-03-04,82.2100,83.8500,79.5800,79.6000,38493800,HOOD,77.5405,81.1917,98.0380,93.8199,114.0314,102.6211,107.1868,98.3494
2026-03-05,80.5600,84.7500,78.5500,82.1200,39868300,HOOD,77.5375,81.1315,97.2222,93.2999,113.3124,102.1842,107.2808,98.1724
2026-03-06,77.0900,79.0000,76.3800,77.9100,28734400,HOOD,77.7580,80.7466,96.3166,92.6642,112.6937,101.6873,107.3449,97.9626
2026-03-09,79.3500,79.6500,75.5500,75.9200,25186600,HOOD,77.5845,80.6136,95.4988,92.1421,112.0804,101.2450,107.4171,97.7774
2026-03-10,78.5300,80.7500,77.6600,80.2050,22663600,HOOD,77.1830,80.4152,94.6606,91.6083,111.5162,100.7952,107.4905,97.5859
2026-03-11,78.6900,79.7700,76.7350,78.1100,22677200,HOOD,76.8375,80.2509,93.8718,91.1017,110.9616,100.3574,107.5601,97.3979
2026-03-12,76.1200,77.8200,75.0700,77.3350,22668300,HOOD,76.7450,79.8574,93.0456,90.5142,110.4084,99.8775,107.6248,97.1861
2026-03-13,73.3900,77.6300,72.7950,76.7500,33417500,HOOD,76.8585,79.2415,92.2044,89.8426,109.8432,99.3530,107.6617,96.9494
2026-03-16,75.3100,75.8050,74.1100,75.1000,22783400,HOOD,76.8255,78.8671,91.4486,89.2727,109.2383,98.8769,107.7125,96.7341
2026-03-17,77.3500,77.7000,75.3900,75.4000,20210200,HOOD,76.9210,78.7226,90.6914,88.8052,108.6934,98.4506,107.7795,96.5412
2026-03-18,74.9000,77.2500,74.8300,76.1300,21937600,HOOD,76.9055,78.3585,89.7246,88.2599,108.1702,97.9843,107.8233,96.3258
2026-03-19,74.1600,75.1600,71.7000,72.2800,21552500,HOOD,76.8310,77.9587,88.7738,87.7069,107.5685,97.5125,107.8542,96.1053
2026-03-20,70.8900,73.4100,69.9000,73.1000,34441100,HOOD,76.5700,77.2855,87.8522,87.0474,106.8795,96.9853,107.8500,95.8544
2026-03-23,72.4900,73.6000,70.9200,71.8460,26070200,HOOD,76.6055,76.8288,86.9942,86.4766,106.1458,96.5003,107.8511,95.6219
2026-03-24,69.0800,71.8400,68.5760,71.5100,29061200,HOOD,76.3900,76.0908,86.0704,85.7943,105.3741,95.9573,107.8340,95.3578
2026-03-25,72.5400,74.5900,71.7500,71.8250,27500100,HOOD,76.1405,75.7526,85.1708,85.2746,104.6515,95.4936,107.8223,95.1308
2026-03-26,70.3500,73.2400,69.7000,71.1500,21327000,HOOD,75.6855,75.2381,84.1730,84.6893,103.9743,94.9957,107.8070,94.8842
2026-03-27,66.0200,68.8900,65.8720,68.5400,30547000,HOOD,75.1940,74.3602,83.1000,83.9572,103.1667,94.4219,107.7746,94.5970
2026-03-30,65.1600,67.8900,63.5150,66.8590,26512300,HOOD,74.5130,73.4840,82.1962,83.2200,102.3475,93.8425,107.7260,94.3041
2026-03-31,69.3000,69.4130,65.1800,65.8200,35925100,HOOD,74.1745,73.0855,81.4074,82.6741,101.6725,93.3565,107.7033,94.0553
2026-04-01,70.1100,71.5510,69.1400,71.1300,24130400,HOOD,73.5695,72.8021,80.6940,82.1814,100.9488,92.8961,107.6908,93.8170
2026-04-02,68.9000,70.1500,65.5700,67.2000,23381300,HOOD,72.9865,72.4305,79.9536,81.6606,100.3670,92.4210,107.6516,93.5691
2026-04-06,69.7800,70.8200,68.7100,69.3100,24334500,HOOD,72.6210,72.1780,79.2242,81.1947,99.7612,91.9726,107.6257,93.3324
2026-04-07,69.6500,69.6600,66.6200,68.3000,24967400,HOOD,72.1360,71.9373,78.4774,80.7419,99.0989,91.5306,107.5822,93.0967
2026-04-08,71.8300,77.8700,71.3100,76.8000,32953400,HOOD,71.8010,71.9271,77.7740,80.3925,98.4979,91.1405,107.5489,92.8851
2026-04-09,70.1200,72.4600,68.7800,71.5900,25973800,HOOD,71.3725,71.7550,77.0716,79.9896,97.8693,90.7242,107.5177,92.6586
2026-04-10,69.1900,70.8700,68.2800,70.1100,23163800,HOOD,71.0260,71.5107,76.3874,79.5661,97.3459,90.2978,107.4536,92.4251
2026-04-13,71.6700,71.7000,67.8000,68.2050,21181700,HOOD,70.9400,71.5259,75.7960,79.2564,96.8376,89.9290,107.3982,92.2186
2026-04-14,79.0900,79.2800,75.0500,75.1300,43587300,HOOD,71.1290,72.2462,75.3882,79.2499,96.4688,89.7143,107.3711,92.0879
2026-04-15,87.3200,87.5500,81.5000,83.5500,72707200,HOOD,71.6275,73.6818,75.3364,79.5664,96.1990,89.6669,107.3925,92.0405
2026-04-16,86.8500,89.3800,83.8700,89.1900,51788100,HOOD,72.2250,74.9360,75.3320,79.8520,95.8859,89.6111,107.3586,91.9888
2026-04-17,90.7500,93.3200,89.5700,90.0600,49795300,HOOD,73.0545,76.4421,75.5346,80.2794,95.7313,89.6337,107.3507,91.9765
2026-04-20,91.2750,92.3800,88.2100,89.7000,35942400,HOOD,74.0738,77.8547,75.9065,80.7106,95.5710,89.6662,107.3172,91.9695
2026-04-21,86.4300,91.4500,86.1900,91.0800,36873000,HOOD,74.7708,78.6714,75.9787,80.9349,95.2856,89.6021,107.2774,91.9144
2026-04-22,88.4300,90.1350,87.4800,89.3500,27468400,HOOD,75.7383,79.6008,76.0161,81.2288,95.0142,89.5789,107.2522,91.8798
2026-04-23,83.5400,87.6100,81.7450,86.6950,33497600,HOOD,76.2883,79.9760,75.9749,81.3194,94.5676,89.4593,107.2136,91.7968
2026-04-24,84.7100,85.0600,82.8200,84.9000,20873100,HOOD,77.0063,80.4268,76.1097,81.4524,94.1298,89.3653,107.1644,91.7263
2026-04-27,83.9500,85.7000,83.1150,84.2800,20100400,HOOD,77.9028,80.7624,76.3663,81.5504,93.7369,89.2580,107.0907,91.6489
2026-04-28,82.0700,83.1400,80.8200,81.4600,31324200,HOOD,78.7483,80.8869,76.4883,81.5707,93.2981,89.1157,107.0093,91.5536
2026-04-29,71.2000,73.5900,69.9300,72.3000,79797600,HOOD,78.8432,79.9643,76.4035,81.1640,92.6737,88.7609,106.8655,91.3510
2026-04-30,72.8900,73.8750,70.7600,71.1800,31187300,HOOD,78.9822,79.2906,76.3571,80.8396,92.0318,88.4467,106.7323,91.1674
2026-05-01,73.6600,75.2800,73.0600,73.7750,25254800,HOOD,79.2202,78.7543,76.3173,80.5580,91.4489,88.1538,106.5843,90.9931
2026-05-04,76.5500,78.2900,74.6300,74.7000,29377500,HOOD,79.5588,78.5444,76.3261,80.4008,90.8501,87.9241,106.4398,90.8494
2026-05-05,77.0300,78.7500,76.4900,77.6150,24754600,HOOD,79.9278,78.4002,76.4311,80.2686,90.2633,87.7083,106.2763,90.7119
2026-05-06,79.0500,79.4900,76.1900,77.8000,24673100,HOOD,80.2888,78.4621,76.5443,80.2209,89.6972,87.5369,106.1498,90.5959
2026-05-07,76.2800,79.2300,75.4600,78.9550,21873200,HOOD,80.5967,78.2542,76.5193,80.0663,89.2262,87.3140,106.0220,90.4534
2026-05-08,77.0300,77.0650,74.2500,76.2400,18141900,HOOD,80.9887,78.1377,76.4709,79.9472,88.8015,87.1103,105.8967,90.3199
2026-05-11,80.7800,81.1400,74.8000,76.7900,26357900,HOOD,81.4442,78.3893,76.5695,79.9799,88.4567,86.9850,105.7910,90.2250
2026-05-12,78.2700,80.1800,76.4800,79.0800,17097100,HOOD,81.4032,78.3779,76.5593,79.9128,88.0454,86.8124,105.6581,90.1060
2026-05-13,76.7500,77.6200,75.3400,77.0700,14805900,HOOD,80.8747,78.2229,76.5729,79.7888,87.6549,86.6132,105.5080,89.9731
2026-05-14,80.7000,81.9300,75.1100,76.0500,27967600,HOOD,80.5672,78.4588,76.5427,79.8245,87.2903,86.4961,105.3949,89.8808
2026-05-15,77.1400,78.5820,76.4100,78.5400,19662400,HOOD,79.8867,78.3332,76.4743,79.7193,86.8482,86.3108,105.2501,89.7541
2026-05-18,77.1500,79.9200,75.4700,76.0000,20209400,HOOD,79.1805,78.2205,76.4755,79.6185,86.3960,86.1294,105.1206,89.6286
2026-05-19,74.1600,76.3700,73.1800,76.1500,20490400,HOOD,78.5670,77.8338,76.3717,79.4045,85.9352,85.8924,104.9919,89.4747
2026-05-20,75.7600,76.3500,73.7500,74.7500,17178300,HOOD,77.9335,77.6363,76.3163,79.2615,85.4884,85.6917,104.8388,89.3383
2026-05-21,75.9200,76.7590,74.6500,74.9450,16266400,HOOD,77.5525,77.4728,76.2609,79.1305,85.0663,85.4982,104.6911,89.2047
2026-05-22,73.6400,77.1100,73.2600,76.3200,20817500,HOOD,76.9990,77.1078,76.2113,78.9152,84.6284,85.2634,104.5311,89.0499
2026-05-26,74.0900,76.0400,73.4550,74.4950,20130200,HOOD,76.5060,76.8204,76.2253,78.7260,84.2148,85.0422,104.3454,88.9010
2026-05-27,76.2300,76.6350,73.4500,73.9150,25413100,HOOD,76.2140,76.7642,76.2437,78.6281,83.8461,84.8677,104.1534,88.7749
2026-05-28,84.8400,84.9200,73.5300,74.8450,44052400,HOOD,76.8960,77.5333,76.3935,78.8717,83.5424,84.8671,104.0095,88.7358
2026-05-29,94.3000,94.4000,84.2350,85.6600,64411000,HOOD,77.9665,79.1301,76.7815,79.4767,83.2530,85.0539,103.9105,88.7912
2026-06-01,90.7300,92.4000,85.5600,89.9400,42590800,HOOD,78.8200,80.2349,77.1129,79.9180,82.9433,85.1663,103.8211,88.8104
2026-06-02,88.1600,89.4300,86.1300,88.6700,26630600,HOOD,79.4005,80.9897,77.4583,80.2412,82.6552,85.2256,103.7083,88.8040
2026-06-03,82.8500,86.8150,82.4100,86.4450,24090300,HOOD,79.6915,81.1668,77.6655,80.3435,82.3298,85.1785,103.5517,88.7447
2026-06-04,88.3300,88.6200,82.8000,83.2550,31788600,HOOD,80.1555,81.8490,78.0505,80.6567,82.0604,85.2410,103.4183,88.7406
2026-06-05,82.4700,87.3300,79.4900,86.5700,35905100,HOOD,80.4650,81.9082,78.2491,80.7278,81.7099,85.1861,103.2931,88.6782
2026-06-08,85.0400,85.6300,82.8140,84.6200,19347800,HOOD,80.8655,82.2064,78.5429,80.8969,81.3579,85.1832,103.1916,88.6420
2026-06-09,83.7700,88.0800,78.9300,85.8700,29312400,HOOD,81.0150,82.3554,78.8979,81.0096,80.9989,85.1552,103.0790,88.5935
2026-06-10,86.3600,91.4600,84.0800,84.0900,42027600,HOOD,81.4195,82.7367,79.3219,81.2194,80.7590,85.1791,102.9642,88.5713
2026-06-11,92.2300,93.6400,85.7200,87.0800,38959100,HOOD,82.1935,83.6409,79.7805,81.6512,80.5940,85.3187,102.8856,88.6077
2026-06-12,93.1900,96.1000,90.2200,92.7350,33030900,HOOD,82.8180,84.5503,80.2421,82.1037,80.4681,85.4746,102.8076,88.6533
2026-06-15,98.1200,100.8700,97.4500,98.7200,36576900,HOOD,83.8670,85.8427,80.8265,82.7318,80.3901,85.7250,102.7836,88.7475
2026-06-16,96.7100,101.8800,94.5700,100.1700,31540800,HOOD,84.8450,86.8776,81.3651,83.2800,80.2947,85.9425,102.7487,88.8267
2026-06-17,105.2000,110.7280,95.7600,95.9350,70804700,HOOD,86.3970,88.6226,82.0761,84.1396,80.2768,86.3238,102.7545,88.9896
2026-06-18,108.1500,109.0800,103.4600,107.8250,39509900,HOOD,88.0165,90.4824,82.8025,85.0812,80.2883,86.7560,102.7911,89.1803
2026-06-22,105.7100,112.5000,105.2750,108.0000,31731200,HOOD,89.5060,91.9326,83.5143,85.8901,80.2930,87.1313,102.8155,89.3448
2026-06-23,103.2500,105.9900,101.0300,101.6450,40632300,HOOD,90.9865,93.0105,84.1955,86.5709,80.2915,87.4505,102.8172,89.4831
2026-06-24,97.1900,104.2700,96.2950,102.3460,30220000,HOOD,92.1415,93.4085,84.7059,86.9874,80.2510,87.6434,102.7969,89.5598
2026-06-25,93.4700,99.1900,92.8000,98.7900,23404400,HOOD,93.0035,93.4144,84.9935,87.2416,80.1909,87.7588,102.6779,89.5987
2026-06-26,98.6900,99.4400,93.0800,93.2150,44936800,HOOD,93.6960,93.9168,85.2209,87.6905,80.2787,87.9752,102.5788,89.6892
2026-06-29,101.8300,102.8500,98.0500,100.6600,20681600,HOOD,94.0725,94.6705,85.5205,88.2450,80.4263,88.2496,102.5007,89.8100
2026-06-30,100.2800,103.0600,99.6610,101.8700,17220700,HOOD,94.5500,95.2047,85.7111,88.7170,80.6229,88.4878,102.4133,89.9142
2026-07-01,108.6500,109.5300,100.3900,100.6700,28100600,HOOD,95.5745,96.4852,86.0586,89.4987,80.9826,88.8871,102.3814,90.1006
2026-07-02,112.7300,120.0500,110.9300,112.7600,41152400,HOOD,97.0685,98.0323,86.5846,90.4097,81.2817,89.3592,102.3709,90.3258
2026-07-06,117.5500,118.6500,111.4100,111.4100,25587300,HOOD,98.5295,99.8912,87.1670,91.4740,81.5916,89.9174,102.3718,90.5967
2026-07-07,112.9000,117.8500,112.5300,115.7750,21833500,HOOD,100.0510,101.1301,87.7542,92.3143,81.8646,90.3725,102.3431,90.8186
2026-07-08,113.5300,114.1300,108.8900,110.8650,18287200,HOOD,101.4755,102.3110,88.3306,93.1463,82.2202,90.8311,102.3062,91.0446
2026-07-09,115.1100,117.6500,111.6300,112.2300,18718800,HOOD,103.0425,103.5300,88.9538,94.0076,82.6601,91.3119,102.2578,91.2840
2026-07-10,111.9700,119.4300,108.8100,119.1600,25930200,HOOD,104.3230,104.3338,89.5518,94.7120,83.0201,91.7209,102.1932,91.4898
2026-07-13,109.8600,113.7000,108.8400,111.2700,18222400,HOOD,105.2045,104.8601,90.3250,95.3060,83.3643,92.0801,102.1115,91.6726
2026-07-14,113.4500,113.6900,109.0950,111.0300,17916700,HOOD,106.2175,105.6782,91.1362,96.0176,83.7467,92.5033,102.0448,91.8893
2026-07-15,115.5400,116.6000,112.1200,114.9700,21078600,HOOD,107.0885,106.6174,91.9738,96.7831,84.1456,92.9595,102.0092,92.1247
2026-07-16,106.0200,114.5200,105.4800,114.1300,28465800,HOOD,107.5540,106.5605,92.5632,97.1454,84.4447,93.2181,101.9304,92.2629
2026-07-17,99.9600,104.1100,96.5900,100.3700,27608600,HOOD,107.2920,105.9319,93.0218,97.2557,84.7265,93.3516,101.7466,92.3395
2026-07-20,99.2800,102.6000,98.6100,102.4900,18740100,HOOD,106.8485,105.2984,93.4264,97.3351,84.9854,93.4690,101.5271,92.4086
2026-07-21,106.3600,108.2100,102.8150,102.8150,19670300,HOOD,106.8810,105.3995,94.0280,97.6890,85.2737,93.7243,101.3632,92.5474
2026-07-22,104.4800,106.8850,104.3300,104.7200,11151700,HOOD,106.9425,105.3119,94.5770,97.9554,85.5240,93.9372,101.1571,92.6661
2026-07-23,101.5800,104.1200,99.3200,101.8800,16539900,HOOD,107.1620,104.9565,94.9930,98.0975,85.7813,94.0886,100.9217,92.7548
2026-07-24,94.9100,100.0800,93.0300,100.0700,24405000,HOOD,107.2340,103.9997,95.3258,97.9725,85.9426,94.1048,100.6749,92.7763
2026-07-27,95.6500,99.4500,93.2000,96.9800,16616600,HOOD,107.0820,103.2045,95.7038,97.8814,86.1384,94.1354,100.4282,92.8049
2026-07-28,92.7600,93.8700,88.2100,92.6650,21666200,HOOD,106.6285,102.2098,95.9450,97.6806,86.2439,94.1082,100.1376,92.8044
2026-07-29,89.8400,93.3200,88.6000,92.2100,23046600,HOOD,106.1065,101.0317,96.1990,97.3731,86.3367,94.0237,99.8245,92.7749
2026-07-30,86.6000,92.5700,86.2100,90.9120,29692500,HOOD,105.0040,99.6572,96.3880,96.9506,86.4318,93.8767,99.5627,92.7135
2026-07-31,86.5600,89.5000,83.6800,86.1310,22953500,HOOD,103.6955,98.4099,96.6360,96.5432,86.5039,93.7318,99.2921,92.6522
2026-08-03,90.3400,92.3500,85.3000,86.6850,19740500,HOOD,102.3350,97.6413,96.9276,96.2999,86.6220,93.6646,99.0691,92.6292
2026-08-04,93.5100,95.6000,90.0720,92.6150,22639500,HOOD,101.3655,97.2479,97.2794,96.1905,86.7702,93.6616,98.8659,92.6380
2026-08-05,92.8000,95.5500,92.3150,93.9600,15234500,HOOD,100.3290,96.8243,97.6626,96.0575,86.9370,93.6445,98.6727,92.6396
2026-08-06,90.7100,92.6000,90.2100,90.7100,12443600,HOOD,99.1090,96.2420,97.9950,95.8478,87.1102,93.5864,98.4767,92.6204
2026-08-07,93.2900,95.7500,92.5200,92.9100,14860500,HOOD,98.1750,95.9608,98.3362,95.7475,87.2900,93.5805,98.2641,92.6271
2026-08-10,94.5200,95.9500,92.4000,93.2400,11971600,HOOD,97.4080,95.8236,98.5298,95.6994,87.4617,93.5991,98.0775,92.6459
2026-08-11,94.3800,95.1300,92.7500,94.9650,11712700,HOOD,96.4545,95.6861,98.5314,95.6476,87.6565,93.6146,97.9133,92.6632
2026-08-12,94.9100,97.1700,93.4100,96.9900,13871400,HOOD,95.4230,95.6122,98.6150,95.6187,87.8640,93.6402,97.7162,92.6855
2026-08-13,99.3700,100.3500,96.4100,96.5100,16201700,HOOD,95.0905,95.9701,98.8392,95.7658,88.1488,93.7537,97.5141,92.7520
2026-08-14,95.5600,98.4190,95.4400,98.0000,14044600,HOOD,94.8705,95.9310,99.0934,95.7577,88.3795,93.7895,97.2626,92.7800
2026-08-17,96.2500,96.9250,93.8000,94.9700,11456800,HOOD,94.7190,95.9614,99.2518,95.7771,88.6512,93.8382,97.0126,92.8145
2026-08-18,91.5300,94.5900,91.4400,93.4400,13990400,HOOD,93.9775,95.5394,99.4330,95.6105,88.8411,93.7925,96.7463,92.8017
2026-08-19,95.7700,99.4300,92.1900,92.9000,25243800,HOOD,93.5420,95.5613,99.6476,95.6168,89.0953,93.8317,96.5348,92.8313
2026-08-20,95.1000,101.6100,93.6500,100.8500,25193700,HOOD,93.2180,95.5174,99.8742,95.5965,89.3861,93.8568,96.2764,92.8538
2026-08-21,108.1300,109.7100,98.7700,101.1000,50460200,HOOD,93.8790,96.7186,100.3096,96.0880,89.8158,94.1394,96.0816,93.0058
2026-08-24,103.6200,109.1250,103.1400,106.8550,22147500,HOOD,94.2775,97.3759,100.5374,96.3834,90.1590,94.3271,95.9157,93.1114
2026-08-25,112.0900,112.4500,102.8000,103.2000,24663500,HOOD,95.2440,98.7772,100.9154,96.9993,90.5788,94.6789,95.7638,93.3003
2026-08-26,108.5400,111.5895,108.2500,110.1050,13230040,HOOD,96.1790,99.7070,101.1238,97.4519,90.9752,94.9534,95.6711,93.4519
