Date,Close,High,Low,Open,Volume,Ticker,SMA_20,EMA_20,SMA_50,EMA_50,SMA_100,EMA_100,SMA_200,EMA_200
2021-09-27,46.3117,46.8646,46.2771,46.5190,12429500,KO,,46.3117,,46.3117,,46.3117,,46.3117
2021-09-28,45.4737,46.1821,45.2923,46.1821,19926100,KO,,46.2319,,46.2788,,46.2951,,46.3034
2021-09-29,45.7502,45.9229,45.4046,45.4737,13941500,KO,,46.1860,,46.2581,,46.2843,,46.2979
2021-09-30,45.3269,46.0698,45.2923,45.9316,17672000,KO,,46.1042,,46.2216,,46.2654,,46.2882
2021-10-01,45.8020,45.9575,45.4133,45.5947,16277400,KO,,46.0754,,46.2051,,46.2562,,46.2834
2021-10-04,45.7761,46.2426,45.2664,45.8366,18973400,KO,,46.0469,,46.1883,,46.2467,,46.2783
2021-10-05,45.8538,46.1907,45.7243,45.8020,17173100,KO,,46.0285,,46.1752,,46.2389,,46.2741
2021-10-06,46.3981,46.4499,45.3614,45.5860,21284500,KO,,46.0637,,46.1839,,46.2420,,46.2753
2021-10-07,46.5449,46.8905,46.4845,46.6400,13774400,KO,,46.1095,,46.1981,,46.2480,,46.2780
2021-10-08,46.7523,46.9855,46.5622,46.6486,13786800,KO,,46.1708,,46.2198,,46.2580,,46.2827
2021-10-11,46.8473,46.9855,46.6572,46.8300,12378500,KO,,46.2352,,46.2444,,46.2697,,46.2883
2021-10-12,46.8473,47.3656,46.8386,47.0114,19474400,KO,,46.2935,,46.2681,,46.2811,,46.2939
2021-10-13,46.8559,47.0201,46.4672,46.7955,12143300,KO,,46.3470,,46.2911,,46.2925,,46.2995
2021-10-14,47.1755,47.3483,46.9164,46.9855,13704000,KO,,46.4260,,46.3258,,46.3100,,46.3082
2021-10-15,47.0633,47.4088,46.8991,47.2015,17867000,KO,,46.4866,,46.3547,,46.3249,,46.3157
2021-10-18,46.5968,46.9855,46.5277,46.9509,15861800,KO,,46.4971,,46.3642,,46.3303,,46.3185
2021-10-19,46.7782,46.8214,46.4499,46.6831,11068500,KO,,46.5239,,46.3804,,46.3392,,46.3231
2021-10-20,47.1928,47.3051,46.7436,46.8041,12474800,KO,,46.5876,,46.4123,,46.3561,,46.3317
2021-10-21,46.9509,47.2274,46.8300,47.1669,14388300,KO,,46.6222,,46.4334,,46.3679,,46.3379
2021-10-22,47.0373,47.1064,46.7091,46.9855,12828600,KO,46.4668,46.6617,,46.4571,,46.3811,,46.3449
2021-10-25,46.8473,47.0546,46.6659,46.9769,11855000,KO,46.4935,46.6794,,46.4724,,46.3903,,46.3499
2021-10-26,47.0546,47.1496,46.8473,46.9250,12086700,KO,46.5726,46.7152,,46.4952,,46.4035,,46.3569
2021-10-27,47.9617,48.4454,47.7457,48.3504,24019800,KO,46.6832,46.8339,,46.5528,,46.4343,,46.3728
2021-10-28,48.4109,48.4713,48.0481,48.1604,15928000,KO,46.8374,46.9841,,46.6256,,46.4735,,46.3931
2021-10-29,48.6959,48.7823,48.1863,48.2640,24463700,KO,46.9820,47.1471,,46.7068,,46.5175,,46.4160
2021-11-01,48.5232,48.7219,48.2899,48.7132,11651100,KO,47.1194,47.2782,,46.7780,,46.5572,,46.4370
2021-11-02,48.4627,48.8083,48.3504,48.7823,11498900,KO,47.2498,47.3910,,46.8441,,46.5949,,46.4572
2021-11-03,48.6268,48.6614,48.1863,48.3763,10788300,KO,47.3613,47.5087,,46.9140,,46.6352,,46.4787
2021-11-04,48.8946,48.9206,48.4022,48.4713,10820200,KO,47.4788,47.6407,,46.9917,,46.6799,,46.5028
2021-11-05,49.1020,49.3784,48.8860,49.1020,12886700,KO,47.5963,47.7798,,47.0744,,46.7279,,46.5287
2021-11-08,48.6614,49.1452,48.4886,49.0242,12828000,KO,47.6870,47.8638,,47.1367,,46.7662,,46.5499
2021-11-09,48.7996,48.8255,48.4541,48.7305,10155800,KO,47.7846,47.9529,,47.2019,,46.8064,,46.5723
2021-11-10,48.9983,49.1711,48.6268,48.8428,8813600,KO,47.8917,48.0525,,47.2723,,46.8498,,46.5964
2021-11-11,49.0156,49.1365,48.8687,49.0933,7257700,KO,47.9837,48.1442,,47.3407,,46.8927,,46.6205
2021-11-12,48.9033,49.2315,48.8514,49.0242,10162500,KO,48.0757,48.2165,,47.4020,,46.9325,,46.6432
2021-11-15,48.9119,48.9638,48.6096,48.8342,10289200,KO,48.1915,48.2827,,47.4612,,46.9717,,46.6658
2021-11-16,48.5664,49.1884,48.5405,48.9119,13756500,KO,48.2809,48.3097,,47.5045,,47.0033,,46.6847
2021-11-17,48.2986,48.4195,48.0740,48.4109,13288700,KO,48.3362,48.3087,,47.5357,,47.0290,,46.7007
2021-11-18,47.8666,48.3159,47.6334,48.2295,15380100,KO,48.3819,48.2666,,47.5486,,47.0455,,46.7123
2021-11-19,47.6248,47.9358,47.4261,47.8926,15813700,KO,48.4113,48.2055,,47.5516,,47.0570,,46.7214
2021-11-22,47.9185,48.3936,47.5816,47.5988,16905600,KO,48.4649,48.1781,,47.5660,,47.0741,,46.7333
2021-11-23,48.2727,48.4713,47.9444,48.0826,13835900,KO,48.5258,48.1871,,47.5937,,47.0978,,46.7486
2021-11-24,47.8839,48.2381,47.5384,48.1258,12598900,KO,48.5219,48.1582,,47.6051,,47.1134,,46.7599
2021-11-26,46.4154,47.2965,46.2858,47.1583,14754300,KO,48.4221,47.9923,,47.5585,,47.0996,,46.7565
2021-11-29,47.1496,47.2792,46.5881,46.6918,22712500,KO,48.3448,47.9120,,47.5424,,47.1005,,46.7604
2021-11-30,45.6610,46.6882,45.6523,46.6621,30485200,KO,48.2017,47.6976,,47.4686,,47.0720,,46.7495
2021-12-01,45.5304,46.5925,45.5130,46.1224,18719600,KO,48.0551,47.4912,,47.3926,,47.0415,,46.7373
2021-12-02,46.2007,46.4358,45.7132,45.7916,17074200,KO,47.9338,47.3683,,47.3459,,47.0249,,46.7320
2021-12-03,46.6099,46.6708,46.1224,46.4271,21064400,KO,47.8195,47.2961,,47.3170,,47.0166,,46.7308
2021-12-06,47.8026,48.0985,47.1322,47.2802,26624100,KO,47.7546,47.3443,47.3401,47.3361,,47.0322,,46.7415
2021-12-07,48.0637,48.2465,47.7503,47.8983,23832700,KO,47.7247,47.4128,47.3752,47.3646,,47.0526,,46.7546
2021-12-08,47.8809,48.1856,47.3237,47.9854,18026300,KO,47.6787,47.4574,47.4233,47.3848,,47.0690,,46.7658
2021-12-09,47.7590,47.9941,47.5240,47.6633,13846400,KO,47.6168,47.4861,47.4635,47.3995,,47.0827,,46.7757
2021-12-10,48.9952,49.0301,47.9418,48.0986,23153600,KO,47.6158,47.6299,47.5368,47.4621,,47.1206,,46.7978
2021-12-13,50.2837,50.4317,49.5872,49.6046,31362800,KO,47.6848,47.8826,47.6265,47.5727,,47.1832,,46.8325
2021-12-14,50.3185,50.6406,49.9703,49.9703,24806600,KO,47.7551,48.1146,47.7173,47.6804,,47.2453,,46.8672
2021-12-15,50.5448,50.7102,50.1879,50.4317,24923800,KO,47.8540,48.3460,47.8111,47.7928,,47.3106,,46.9038
2021-12-16,51.0585,51.2587,50.4055,50.4752,24696900,KO,47.9920,48.6044,47.9044,47.9208,,47.3848,,46.9451
2021-12-17,50.2575,51.2935,50.2314,50.9192,51874400,KO,48.1116,48.7618,47.9786,48.0125,,47.4417,,46.9781
2021-12-20,50.0921,50.3011,49.6220,49.7961,20879500,KO,48.2349,48.8885,48.0454,48.0940,,47.4942,,47.0090
2021-12-21,50.2924,50.4665,50.0834,50.1531,15864900,KO,48.3536,49.0222,48.1143,48.1802,,47.5496,,47.0417
2021-12-22,50.6493,50.6580,50.0486,50.2401,12447400,KO,48.4725,49.1772,48.1903,48.2770,,47.6110,,47.0776
2021-12-23,50.6841,51.0236,50.4404,50.9453,11027300,KO,48.6125,49.3207,48.2669,48.3714,,47.6719,,47.1135
2021-12-27,51.0585,51.0933,50.4926,50.4926,9860000,KO,48.8446,49.4862,48.3446,48.4768,,47.7389,,47.1527
2021-12-28,51.2587,51.3109,50.7538,50.8408,8979900,KO,49.0501,49.6550,48.4285,48.5859,,47.8086,,47.1936
2021-12-29,51.3196,51.4502,51.0672,51.3196,9996000,KO,49.3330,49.8135,48.5229,48.6931,,47.8781,,47.2347
2021-12-30,51.1716,51.5634,51.1542,51.4154,7703900,KO,49.6151,49.9429,48.6108,48.7903,,47.9434,,47.2738
2021-12-31,51.5460,51.6679,51.1020,51.1455,10021300,KO,49.8823,50.0956,48.6979,48.8984,,48.0147,,47.3163
2022-01-03,51.6243,51.6330,50.8234,51.2065,20187300,KO,50.1331,50.2412,48.7913,49.0053,,48.0862,,47.3592
2022-01-04,52.4862,52.7038,51.8768,51.9987,26141600,KO,50.3672,50.4550,48.9003,49.1418,,48.1733,,47.4102
2022-01-05,52.9215,53.2784,52.2772,52.3121,22507300,KO,50.6101,50.6899,49.0218,49.2900,,48.2673,,47.4651
2022-01-06,52.6429,53.2088,52.6168,52.6429,17902300,KO,50.8482,50.8759,49.1336,49.4215,,48.3540,,47.5166
2022-01-07,52.5210,52.8605,52.2860,52.4775,12307900,KO,51.0863,51.0325,49.2247,49.5430,,48.4365,,47.5664
2022-01-10,52.6081,52.9476,52.3904,52.7125,20954300,KO,51.2670,51.1826,49.3087,49.6632,,48.5191,,47.6165
2022-01-11,52.6255,52.6603,52.0944,52.6081,19369600,KO,51.3840,51.3200,49.3873,49.7794,,48.6004,,47.6664
2022-01-12,52.7038,52.8344,52.3991,52.6951,15753800,KO,51.5033,51.4518,49.4709,49.8941,,48.6817,,47.7165
2022-01-13,53.0172,53.1391,52.5732,52.7038,14318000,KO,51.6269,51.6009,49.5620,50.0166,,48.7675,,47.7692
2022-01-14,53.4438,53.4960,52.5471,53.0520,19729600,KO,51.7462,51.7764,49.6583,50.1510,,48.8601,,47.8257
2022-01-18,53.0172,53.2697,52.6255,53.1565,21976700,KO,51.8842,51.8946,49.7408,50.2634,,48.9424,,47.8774
2022-01-19,53.1043,53.2610,52.7212,52.8083,18654700,KO,52.0348,52.0098,49.8208,50.3748,,49.0248,,47.9294
2022-01-20,52.8866,53.4873,52.8605,53.1043,23002400,KO,52.1645,52.0933,49.9053,50.4733,,49.1013,,47.9787
2022-01-21,52.6255,53.3654,52.5819,53.1739,26643200,KO,52.2633,52.1440,49.9818,50.5577,,49.1711,,48.0249
2022-01-24,52.1989,52.5384,50.9888,52.1467,30185100,KO,52.3391,52.1492,50.0459,50.6220,,49.2311,,48.0665
2022-01-25,52.0770,52.2773,51.0933,51.6766,19027100,KO,52.3900,52.1423,50.1071,50.6791,,49.2874,,48.1064
2022-01-26,51.8855,52.5384,51.5460,52.0509,19190200,KO,52.4213,52.1179,50.1667,50.7264,,49.3389,,48.1440
2022-01-27,51.9290,53.0433,51.7984,52.1293,18893800,KO,52.4518,52.0999,50.2271,50.7736,,49.3902,,48.1816
2022-01-28,52.9650,53.0085,51.3109,51.7027,19101500,KO,52.5415,52.1823,50.3150,50.8595,,49.4609,,48.2292
2022-01-31,53.1130,53.2262,52.3643,52.4949,22045300,KO,52.6198,52.2709,50.4113,50.9479,,49.5333,,48.2778
2022-02-01,52.7212,53.2262,52.3730,53.0259,20841700,KO,52.6747,52.3138,50.5084,51.0174,,49.5964,,48.3220
2022-02-02,53.2610,53.3393,52.7212,52.7735,20225600,KO,52.7134,52.4040,50.6211,51.1054,,49.6690,,48.3712
2022-02-03,53.6353,53.7833,52.7474,53.0520,19440500,KO,52.7491,52.5213,50.7355,51.2046,,49.7475,,48.4236
2022-02-04,53.0695,53.6963,52.7299,53.5309,17403700,KO,52.7704,52.5735,50.8314,51.2777,,49.8133,,48.4698
2022-02-07,53.6266,53.7311,52.9824,53.4351,17846400,KO,52.8257,52.6738,50.9463,51.3699,,49.8888,,48.5211
2022-02-08,53.9748,54.2621,53.7485,53.8269,18771700,KO,52.8940,52.7977,51.0975,51.4720,,49.9697,,48.5754
2022-02-09,53.1391,54.2534,53.0172,54.1228,23595600,KO,52.9197,52.8302,51.2173,51.5374,,50.0325,,48.6208
2022-02-10,53.4351,54.2360,52.4078,52.5471,23561500,KO,52.9563,52.8878,51.3727,51.6118,,50.0998,,48.6687
2022-02-11,52.4862,53.9574,52.3643,53.7746,22781400,KO,52.9297,52.8496,51.5118,51.6461,,50.1471,,48.7067
2022-02-14,52.8257,52.9215,51.6069,52.3730,23641300,KO,52.8988,52.8473,51.6443,51.6924,,50.2001,,48.7477
2022-02-15,53.0259,53.7833,52.7822,53.0695,13408700,KO,52.8993,52.8643,51.7727,51.7447,,50.2561,,48.7902
2022-02-16,53.0172,53.4525,52.7212,52.9824,15484700,KO,52.8949,52.8789,51.8770,51.7946,49.6085,50.3108,,48.8323
2022-02-17,54.0793,54.2186,52.5906,52.7125,21468700,KO,52.9545,52.9932,51.9973,51.8842,49.6862,50.3854,,48.8845
2022-02-18,54.4450,54.6887,53.9661,54.0793,21975000,KO,53.0455,53.1315,52.1286,51.9846,49.7759,50.4658,,48.9398
2022-02-22,54.2186,54.5320,53.7311,54.3492,21731400,KO,53.1465,53.2350,52.2577,52.0722,49.8606,50.5401,,48.9923
2022-02-23,53.6179,54.2621,53.4003,54.1838,19248500,KO,53.2235,53.2715,52.3502,52.1328,49.9435,50.6010,,49.0384
2022-02-24,52.6777,52.7735,51.5547,52.2076,27207400,KO,53.2632,53.2149,52.3981,52.1542,50.0123,50.6422,,49.0746
2022-02-25,54.7148,54.7584,53.0346,53.0520,21487800,KO,53.4024,53.3578,52.4860,52.2546,50.1017,50.7228,,49.1307
2022-02-28,54.1838,54.2708,53.4612,53.6701,25879100,KO,53.4634,53.4364,52.5588,52.3302,50.1850,50.7913,,49.1810
2022-03-01,53.9487,54.6278,53.5483,54.0967,15871100,KO,53.5052,53.4852,52.6166,52.3937,50.2605,50.8539,,49.2284
2022-03-02,54.3492,54.7409,53.7833,54.1751,17319100,KO,53.5866,53.5675,52.6984,52.4704,50.3385,50.9231,,49.2794
2022-03-03,54.3840,54.8628,54.2273,54.5059,21262800,KO,53.6427,53.6453,52.7843,52.5454,50.4148,50.9916,,49.3302
2022-03-04,54.4711,54.4885,53.2784,53.5047,17163000,KO,53.6845,53.7239,52.8678,52.6210,50.4911,51.0605,,49.3813
2022-03-07,53.1739,54.0358,52.8605,53.9836,29151400,KO,53.6897,53.6715,52.9183,52.6426,50.5543,51.1024,,49.4191
2022-03-08,51.0672,53.5744,51.0062,53.4960,30242100,KO,53.5618,53.4235,52.9260,52.5809,50.5964,51.1017,,49.4355
2022-03-09,51.3283,52.0944,51.0672,52.0770,23022700,KO,53.4294,53.2240,52.9314,52.5317,50.6380,51.1062,,49.4543
2022-03-10,50.3881,51.0672,50.0573,50.9105,20887300,KO,53.2919,52.9539,52.9140,52.4477,50.6712,51.0919,,49.4636
2022-03-11,50.4229,51.2326,50.3707,50.4578,19855600,KO,53.1413,52.7128,52.8960,52.3683,50.7095,51.0787,,49.4731
2022-03-14,51.3528,51.7914,50.8528,50.8528,17799400,KO,53.0846,52.5833,52.8997,52.3285,50.7552,51.0841,,49.4918
2022-03-15,52.3002,52.5371,51.7388,51.8265,18607200,KO,53.0583,52.5564,52.9148,52.3273,50.8063,51.1082,,49.5198
2022-03-16,52.1599,52.5809,51.4142,52.4406,17347300,KO,53.0150,52.5186,52.9255,52.3208,50.8584,51.1290,,49.5461
2022-03-17,52.7125,52.7564,51.9581,52.1599,15586200,KO,52.9998,52.5371,52.9300,52.3361,50.9151,51.1604,,49.5776
2022-03-18,52.7213,52.8967,52.3792,52.8967,30197800,KO,52.9319,52.5546,52.9260,52.3512,50.9739,51.1913,,49.6088
2022-03-21,53.1423,53.5985,52.8529,53.0722,17440100,KO,52.8668,52.6106,52.9360,52.3823,51.0348,51.2299,,49.6440
2022-03-22,53.3353,53.4669,52.6862,53.4494,17559500,KO,52.8226,52.6796,52.9523,52.4196,51.0885,51.2716,,49.6807
2022-03-23,52.9845,53.4932,52.6336,53.2915,15529200,KO,52.7909,52.7086,52.9598,52.4418,51.1342,51.3055,,49.7136
2022-03-24,53.4933,53.5283,53.0371,53.1950,13151300,KO,52.8317,52.7834,52.9771,52.4830,51.1822,51.3489,,49.7512
2022-03-25,53.9757,54.0459,53.5546,53.6160,12259800,KO,52.7948,52.8969,53.0026,52.5416,51.2367,51.4009,,49.7932
2022-03-28,54.3178,54.3354,53.6950,53.9757,11485200,KO,52.8015,53.0322,53.0286,52.6112,51.2953,51.4586,,49.8383
2022-03-29,54.5284,54.8529,54.1599,54.5722,14720600,KO,52.8304,53.1747,53.0503,52.6864,51.3543,51.5194,,49.8849
2022-03-30,54.5722,54.5722,54.0020,54.3968,13641000,KO,52.8416,53.3078,53.0814,52.7604,51.4111,51.5799,,49.9316
2022-03-31,54.3880,54.9494,54.3880,54.5810,16822900,KO,52.8418,53.4107,53.1071,52.8242,51.4639,51.6355,,49.9759
2022-04-01,55.1512,55.2214,54.4670,54.6775,12644900,KO,52.8758,53.5765,53.1524,52.9154,51.5288,51.7051,,50.0274
2022-04-04,54.8617,55.0810,54.1424,54.9143,11505800,KO,52.9602,53.6989,53.1971,52.9918,51.5895,51.7676,,50.0755
2022-04-05,54.8003,55.4758,54.7126,54.7389,15721200,KO,53.1468,53.8038,53.2491,53.0627,51.6475,51.8277,,50.1225
2022-04-06,55.3530,55.4933,54.6512,55.0635,19267400,KO,53.3481,53.9513,53.3146,53.1525,51.7109,51.8975,,50.1746
2022-04-07,55.6512,55.8530,55.0108,55.3793,13960800,KO,53.6112,54.1132,53.3899,53.2505,51.7783,51.9718,,50.2291
2022-04-08,55.9933,56.1775,55.4056,55.6863,12703500,KO,53.8897,54.2923,53.4712,53.3581,51.8491,52.0514,,50.2864
2022-04-11,55.9758,56.4056,55.8267,56.0635,12720100,KO,54.1209,54.4526,53.5314,53.4607,51.9232,52.1291,,50.3430
2022-04-12,56.6337,56.8530,56.0460,56.4758,18089900,KO,54.3376,54.6603,53.6019,53.5851,52.0066,52.2183,,50.4056
2022-04-13,56.7828,56.9057,56.3442,56.5284,11883000,KO,54.5687,54.8625,53.6831,53.7105,52.0958,52.3087,,50.4691
2022-04-14,57.0372,57.5197,56.8618,56.9846,16388400,KO,54.7850,55.0696,53.7586,53.8410,52.1899,52.4024,,50.5344
2022-04-18,56.5284,57.1776,56.3004,56.8179,11679400,KO,54.9753,55.2085,53.8165,53.9464,52.2760,52.4841,,50.5941
2022-04-19,57.0811,57.2390,56.5284,56.5811,11993800,KO,55.1723,55.3869,53.8967,54.0693,52.3641,52.5751,,50.6586
2022-04-20,57.8618,58.1075,57.3706,57.4057,14827100,KO,55.3986,55.6226,53.9814,54.2180,52.4638,52.6798,,50.7303
2022-04-21,58.0811,58.7741,57.6513,57.8794,15120400,KO,55.6534,55.8567,54.0635,54.3695,52.5805,52.7867,,50.8034
2022-04-22,57.2390,58.1952,57.1776,57.9671,14902200,KO,55.8407,55.9884,54.1455,54.4821,52.6814,52.8749,,50.8675
2022-04-25,57.8443,58.9496,56.8267,58.7741,25082000,KO,56.0341,56.1651,54.2337,54.6139,52.8032,52.9733,,50.9369
2022-04-26,57.0636,58.2215,57.0548,57.4759,21982600,KO,56.1714,56.2507,54.3253,54.7100,52.9186,53.0543,,50.9979
2022-04-27,57.5109,58.1425,57.0197,57.0197,16971000,KO,56.3205,56.3707,54.4190,54.8198,53.0317,53.1426,,51.0627
2022-04-28,58.0636,58.1425,56.5811,56.7214,22010600,KO,56.4951,56.5319,54.5197,54.9470,53.1462,53.2400,,51.1323
2022-04-29,56.6776,57.9232,56.5723,57.7829,20137100,KO,56.6096,56.5458,54.5929,55.0149,53.2349,53.3081,,51.1875
2022-05-02,55.6512,57.2916,54.8968,57.2653,24970300,KO,56.6346,56.4606,54.6244,55.0398,53.3108,53.3545,,51.2319
2022-05-03,55.3354,56.0898,54.9757,55.8968,21686300,KO,56.6583,56.3534,54.6422,55.0514,53.3854,53.3937,,51.2727
2022-05-04,57.0460,57.1250,55.2126,55.2652,19780200,KO,56.7706,56.4194,54.6987,55.1297,53.4782,53.4660,,51.3302
2022-05-05,56.5899,57.0460,56.1512,56.7478,20155200,KO,56.8324,56.4356,54.7582,55.1869,53.5542,53.5279,,51.3825
2022-05-06,56.7916,57.2916,56.2039,56.3179,18984000,KO,56.8894,56.4695,54.8404,55.2499,53.6193,53.5925,,51.4363
2022-05-09,56.6776,57.3355,56.1776,56.5548,20055300,KO,56.9236,56.4894,54.8797,55.3058,53.6829,53.6536,,51.4885
2022-05-10,56.1512,57.3004,56.0109,56.5811,21322200,KO,56.9324,56.4572,54.9190,55.3390,53.7389,53.7031,,51.5349
2022-05-11,56.4144,57.1951,56.1074,56.4320,19648400,KO,56.9214,56.4531,54.9684,55.3812,53.7925,53.7567,,51.5834
2022-05-12,56.5899,56.6074,55.4495,56.2828,22574700,KO,56.9118,56.4661,55.0132,55.4286,53.8558,53.8128,,51.6333
2022-05-13,57.6513,57.7215,56.2477,56.8530,16167000,KO,56.9425,56.5790,55.0785,55.5157,53.9314,53.8889,,51.6931
2022-05-16,57.8618,58.2303,57.4057,57.4057,13223200,KO,57.0092,56.7012,55.1463,55.6077,54.0071,53.9675,,51.7545
2022-05-17,57.7039,57.9846,57.0285,57.9846,21300600,KO,57.0403,56.7967,55.2369,55.6899,54.0776,54.0415,,51.8137
2022-05-18,53.6862,57.4758,53.4757,57.3881,31437300,KO,56.8315,56.5004,55.2893,55.6114,54.1077,54.0345,,51.8324
2022-05-19,52.6336,53.4757,52.3353,53.4757,31493900,KO,56.5591,56.1322,55.3154,55.4946,54.1234,54.0067,,51.8403
2022-05-20,53.4933,53.7213,52.3353,53.0634,29133800,KO,56.3719,55.8808,55.3775,55.4161,54.1457,53.9966,,51.8568
2022-05-23,55.1424,55.3530,54.0283,54.0810,19406900,KO,56.2368,55.8105,55.4719,55.4054,54.1840,54.0193,,51.8895
2022-05-24,56.1600,56.3091,55.0459,55.1600,16154200,KO,56.1916,55.8438,55.5681,55.4350,54.2339,54.0617,,51.9320
2022-05-25,56.2039,56.5548,55.7916,56.1425,15360500,KO,56.1262,55.8781,55.6461,55.4651,54.2804,54.1041,,51.9745
2022-05-26,56.4056,57.1074,56.1074,56.2039,16159800,KO,56.0433,55.9283,55.7310,55.5020,54.3283,54.1496,,52.0186
2022-05-27,56.7390,56.8706,56.2653,56.3705,17709000,KO,56.0464,56.0055,55.8116,55.5505,54.3708,54.2009,,52.0655
2022-05-31,55.5986,56.4232,55.3091,56.2126,43159000,KO,56.0438,55.9668,55.8691,55.5524,54.3976,54.2286,,52.1007
2022-06-01,55.3266,55.8617,54.5020,55.6337,15408300,KO,56.0433,55.9058,55.9128,55.5435,54.4244,54.2503,,52.1328
2022-06-02,55.9056,55.9144,54.4845,55.4231,14586000,KO,55.9863,55.9058,55.9642,55.5577,54.4582,54.2831,,52.1703
2022-06-03,55.2389,55.8179,55.0986,55.7653,13539900,KO,55.9188,55.8423,56.0093,55.5452,54.4845,54.3020,,52.2009
2022-06-06,55.1512,55.9407,54.9670,55.5547,15112800,KO,55.8368,55.7765,56.0425,55.5298,54.5098,54.3189,,52.2302
2022-06-07,55.4845,55.5898,54.5810,54.7214,17886300,KO,55.7771,55.7487,56.0726,55.5280,54.5376,54.3419,,52.2626
2022-06-08,55.1687,55.4495,54.8793,55.2565,10211500,KO,55.7280,55.6934,56.0897,55.5139,54.5591,54.3583,,52.2915
2022-06-09,54.2126,55.5723,54.1950,55.1512,13382200,KO,55.6179,55.5524,56.0833,55.4629,54.5668,54.3554,,52.3106
2022-06-10,53.8704,54.2915,53.0371,53.5196,14967600,KO,55.4819,55.3922,56.0693,55.4004,54.5753,54.3458,,52.3261
2022-06-13,53.8090,54.6424,53.2213,53.2915,23064200,KO,55.2898,55.2414,56.0577,55.3380,54.5824,54.3352,,52.3409
2022-06-14,52.3335,53.8002,51.8299,53.6588,24620000,KO,55.0134,54.9645,56.0014,55.2202,54.5769,54.2956,,52.3408
2022-06-15,52.7223,53.5793,52.1038,53.0138,19684700,KO,54.7643,54.7509,55.9586,55.1222,54.5778,54.2644,,52.3446
2022-06-16,52.1921,52.5897,51.4676,51.8122,15053800,KO,54.6896,54.5072,55.9064,55.0073,54.5778,54.2234,,52.3431
2022-06-17,52.5102,53.1287,52.2451,52.7488,34781900,KO,54.6834,54.3170,55.8496,54.9094,54.5821,54.1894,,52.3448
2022-06-21,53.6323,53.7914,52.1391,52.5632,17705000,KO,54.6904,54.2518,55.8092,54.8593,54.5996,54.1784,,52.3576
2022-06-22,54.0299,54.2950,53.2966,53.5440,15207100,KO,54.6348,54.2307,55.7699,54.8268,54.6206,54.1755,,52.3742
2022-06-23,54.6749,54.7014,54.1006,54.1625,17190900,KO,54.5605,54.2730,55.7439,54.8208,54.6377,54.1854,,52.3971
2022-06-24,55.6999,55.7175,54.8782,54.8782,18147100,KO,54.5353,54.4089,55.7252,54.8553,54.6635,54.2154,,52.4300
2022-06-27,55.5850,55.9208,55.3376,55.6469,12142100,KO,54.4943,54.5209,55.7013,54.8839,54.6922,54.2425,,52.4614
2022-06-28,55.0284,56.3360,54.8781,55.7352,13150100,KO,54.4087,54.5692,55.6611,54.8896,54.7098,54.2580,,52.4869
2022-06-29,55.4260,55.7617,55.1609,55.2581,11795500,KO,54.4001,54.6508,55.6390,54.9106,54.7278,54.2812,,52.5162
2022-06-30,55.5850,55.7617,54.9223,55.0637,15514200,KO,54.4130,54.7398,55.6091,54.9371,54.7529,54.3070,,52.5467
2022-07-01,56.8838,56.9457,55.5055,55.7706,15143200,KO,54.4619,54.9440,55.5896,55.0134,54.7855,54.3580,,52.5898
2022-07-05,55.9119,56.7071,55.1521,56.7071,15921200,KO,54.4956,55.0362,55.5462,55.0487,54.8049,54.3888,,52.6229
2022-07-06,56.0268,56.6276,55.8324,56.1947,13450500,KO,54.5394,55.1305,55.5219,55.0870,54.8337,54.4212,,52.6568
2022-07-07,55.5850,56.1770,55.3995,55.8942,14828400,KO,54.5444,55.1738,55.4767,55.1065,54.8552,54.4443,,52.6859
2022-07-08,55.7882,56.0356,55.5585,55.6910,11311500,KO,54.5754,55.2323,55.4512,55.1333,54.8883,54.4709,,52.7168
2022-07-11,55.6115,56.0710,55.3023,55.6557,12702100,KO,54.6453,55.2684,55.4132,55.1520,54.9161,54.4935,,52.7456
2022-07-12,55.3730,56.0621,55.1962,55.6645,14731100,KO,54.7204,55.2784,55.3594,55.1607,54.9396,54.5109,,52.7717
2022-07-13,55.1167,55.6645,54.7633,55.0725,13145300,KO,54.7858,55.2630,55.3282,55.1590,54.9606,54.5229,52.2846,52.7951
2022-07-14,54.9400,55.0019,54.1625,54.1890,14433000,KO,54.9161,55.2322,55.3140,55.1504,54.9692,54.5311,52.3277,52.8164
2022-07-15,55.2227,55.6380,54.8428,55.4436,21968400,KO,55.0412,55.2313,55.3117,55.1532,54.9770,54.5448,52.3764,52.8403
2022-07-18,54.4717,55.2758,54.3480,55.2404,10780800,KO,55.1551,55.1590,55.2603,55.1265,54.9795,54.5434,52.4201,52.8566
2022-07-19,55.2492,55.3553,54.7191,54.8605,10998200,KO,55.2921,55.1676,55.2334,55.1313,54.9958,54.5574,52.4697,52.8804
2022-07-20,54.3392,55.2934,54.0299,55.1344,11010500,KO,55.3274,55.0887,55.1844,55.1002,55.0124,54.5530,52.5123,52.8949
2022-07-21,54.2155,54.6749,53.7118,54.1271,11959600,KO,55.3367,55.0055,55.1352,55.0655,55.0074,54.5464,52.5545,52.9080
2022-07-22,54.4187,54.6661,54.1801,54.2332,11644700,KO,55.3239,54.9496,55.1005,55.0402,55.0098,54.5438,52.5974,52.9231
2022-07-25,54.9488,55.0460,54.1713,54.3834,14941700,KO,55.2864,54.9496,55.0712,55.0366,55.0198,54.5518,52.6401,52.9432
2022-07-26,55.8501,56.3714,55.2493,55.4436,20118000,KO,55.2996,55.0353,55.0564,55.0685,55.0348,54.5776,52.6866,52.9722
2022-07-27,55.6734,55.8324,54.5954,55.5585,12142900,KO,55.3319,55.0961,55.0168,55.0922,55.0477,54.5993,52.7313,52.9990
2022-07-28,56.6011,56.7690,55.5673,55.5938,10837000,KO,55.3906,55.2394,54.9916,55.1514,55.0690,54.6389,52.7800,53.0349
2022-07-29,56.6983,56.8043,56.2212,56.2919,13734200,KO,55.4463,55.3784,54.9715,55.2121,55.1042,54.6797,52.8293,53.0713
2022-08-01,57.0075,57.4670,56.5746,56.6276,12831500,KO,55.4525,55.5335,55.0379,55.2825,55.1636,54.7258,52.8800,53.1105
2022-08-02,56.2300,57.0782,56.0445,57.0694,15241900,KO,55.4684,55.5999,55.1099,55.3196,55.2126,54.7556,52.9253,53.1415
2022-08-03,56.4774,56.6365,55.9384,56.1505,11317000,KO,55.4909,55.6834,55.1695,55.3650,55.2735,54.7897,52.9724,53.1747
2022-08-04,56.2565,56.3095,55.5938,56.2300,11795600,KO,55.5245,55.7380,55.1918,55.4000,55.3319,54.8187,53.0207,53.2054
2022-08-05,56.0003,56.2212,55.3730,56.2212,10445400,KO,55.5351,55.7630,55.1886,55.4235,55.3783,54.8421,53.0668,53.2332
2022-08-08,55.6380,56.3802,55.4436,56.1063,9165200,KO,55.5364,55.7511,55.1773,55.4319,55.4117,54.8579,53.1090,53.2571
2022-08-09,55.7087,55.9384,55.5320,55.8236,7910900,KO,55.5532,55.7471,55.1634,55.4428,55.4472,54.8747,53.1528,53.2815
2022-08-10,56.2388,56.3625,55.7529,56.2212,8857300,KO,55.6093,55.7939,55.1534,55.4740,55.4825,54.9017,53.1988,53.3109
2022-08-11,55.8589,56.5393,55.7352,56.2742,8507800,KO,55.6552,55.8001,55.1586,55.4891,55.5139,54.9207,53.2439,53.3363
2022-08-12,56.2830,56.3360,55.7440,56.0445,9489300,KO,55.7083,55.8461,55.1777,55.5202,55.5453,54.9477,53.2900,53.3656
2022-08-15,56.9899,57.1578,56.1682,56.2300,9863300,KO,55.8342,55.9550,55.1994,55.5779,55.5818,54.9881,53.3352,53.4017
2022-08-16,57.4582,57.6349,56.8397,57.0517,9569600,KO,55.9446,56.0982,55.2438,55.6516,55.6265,55.0370,53.3804,53.4420
2022-08-17,57.3256,57.6260,57.2196,57.2814,8144000,KO,56.0939,56.2151,55.2873,55.7173,55.6649,55.0823,53.4235,53.4807
2022-08-18,57.6260,57.7409,57.1754,57.3963,6532000,KO,56.2645,56.3494,55.3301,55.7921,55.7014,55.1327,53.4691,53.5219
2022-08-19,57.5819,57.8469,57.3963,57.6172,8921100,KO,56.4226,56.4668,55.3784,55.8623,55.7340,55.1812,53.5146,53.5623
2022-08-22,56.7248,57.3610,56.5393,57.2903,9087900,KO,56.5114,56.4914,55.4286,55.8961,55.7560,55.2118,53.5551,53.5938
2022-08-23,56.7866,56.8750,56.2653,56.3890,8443800,KO,56.5583,56.5195,55.4869,55.9310,55.7781,55.2429,53.5946,53.6256
2022-08-24,56.8662,57.0606,56.5923,56.7601,6844700,KO,56.6179,56.5525,55.5481,55.9677,55.8029,55.2751,53.6334,53.6578
2022-08-25,57.1401,57.1754,56.4597,56.8662,7913900,KO,56.6448,56.6085,55.6442,56.0137,55.8228,55.3120,53.6758,53.6925
2022-08-26,55.7617,57.2550,55.6469,57.1931,10089500,KO,56.5980,56.5278,55.7050,56.0038,55.8318,55.3209,53.7106,53.7131
2022-08-29,55.4260,55.6910,55.1432,55.3906,9115900,KO,56.5189,56.4229,55.7697,55.9811,55.8380,55.3230,53.7428,53.7301
2022-08-30,54.9135,55.5850,54.7721,55.5850,8456800,KO,56.4531,56.2791,55.8177,55.9393,55.8336,55.3149,53.7723,53.7419
2022-08-31,54.5247,55.2492,54.5159,55.1167,14633600,KO,56.3555,56.1121,55.8356,55.8838,55.8224,55.2992,53.8004,53.7497
2022-09-01,54.7810,54.8163,54.1536,54.4099,14939700,KO,56.2817,55.9853,55.8506,55.8406,55.8103,55.2890,53.8297,53.7599
2022-09-02,54.0299,55.4613,53.8090,55.1256,11809800,KO,56.1832,55.7991,55.8377,55.7696,55.7908,55.2641,53.8570,53.7626
2022-09-06,54.0564,54.7545,53.8886,54.1536,12181800,KO,56.1041,55.6331,55.8048,55.7024,55.7650,55.2401,53.8858,53.7655
2022-09-07,55.0549,55.2139,54.1801,54.1801,13290700,KO,56.0714,55.5780,55.7942,55.6770,55.7477,55.2365,53.9218,53.7784
2022-09-08,54.8870,55.0460,54.1978,54.8516,17193500,KO,56.0038,55.5122,55.7914,55.6460,55.7262,55.2295,53.9581,53.7894
2022-09-09,55.0637,55.5585,54.6573,54.9312,11855900,KO,55.9641,55.4695,55.7842,55.6232,55.7116,55.2263,53.9938,53.8021
2022-09-12,55.2227,55.4967,55.0195,55.1609,13026900,KO,55.9110,55.4460,55.7769,55.6075,55.6930,55.2262,54.0285,53.8162
2022-09-13,53.4291,54.9754,53.2612,54.9577,18532800,KO,55.7330,55.2539,55.7078,55.5220,55.6487,55.1906,54.0563,53.8124
2022-09-14,53.7118,53.9681,53.4026,53.5793,12881600,KO,55.5457,55.1071,55.6638,55.4510,55.6050,55.1613,54.0927,53.8114
2022-09-15,52.9820,53.7564,52.8307,53.7564,11451900,KO,55.3285,54.9047,55.6029,55.3542,55.5624,55.1182,54.1219,53.8031
2022-09-16,52.9909,53.2223,52.6082,53.0977,20493500,KO,55.0968,54.7224,55.5510,55.2615,55.5139,55.0760,54.1586,53.7950
2022-09-19,53.3914,53.4893,52.7150,52.8574,12596200,KO,54.8872,54.5957,55.5031,55.1882,55.4772,55.0427,54.1979,53.7910
2022-09-20,53.3113,53.4270,52.7951,53.1155,11984600,KO,54.7166,54.4733,55.4571,55.1146,55.4352,55.0084,54.2334,53.7862
2022-09-21,52.8663,54.0234,52.8574,53.5249,14165300,KO,54.5205,54.3203,55.4070,55.0264,55.3832,54.9660,54.2647,53.7771
2022-09-22,52.7417,53.1601,52.6884,52.9999,11657600,KO,54.3143,54.1700,55.3595,54.9368,55.3438,54.9219,54.2894,53.7668
2022-09-23,52.1543,52.5993,51.6203,52.4747,14824000,KO,54.0650,53.9780,55.3038,54.8277,55.3089,54.8671,54.3098,53.7507
2022-09-26,51.5046,52.1276,51.3444,52.0564,18670100,KO,53.8522,53.7424,55.2294,54.6974,55.2706,54.8006,54.3280,53.7284
2022-09-27,50.1785,51.9496,50.1162,51.6915,23829300,KO,53.5898,53.4030,55.1435,54.5202,55.2019,54.7090,54.3401,53.6931
2022-09-28,50.7125,50.9528,49.7602,50.4277,21480100,KO,53.3798,53.1468,55.0528,54.3709,55.1431,54.6299,54.3487,53.6634
2022-09-29,50.3476,50.9884,49.8403,50.8104,14570700,KO,53.1709,52.8802,54.9730,54.2131,55.0787,54.5451,54.3490,53.6304
2022-09-30,49.8581,50.8460,49.8403,50.6146,16124600,KO,52.9248,52.5924,54.8858,54.0423,55.0105,54.4523,54.3467,53.5929
2022-10-03,50.4188,50.5968,49.8937,50.1607,16277600,KO,52.7442,52.3854,54.8058,53.9002,54.9532,54.3724,54.3460,53.5613
2022-10-04,50.5345,51.4512,50.2497,50.6858,18861400,KO,52.5681,52.2091,54.7175,53.7682,54.8944,54.2964,54.3434,53.5312
2022-10-05,50.0539,50.4188,49.4042,50.2853,14324900,KO,52.3181,52.0038,54.6016,53.6226,54.8290,54.2124,54.3424,53.4966
2022-10-06,48.9770,49.9293,48.8346,49.8403,17192800,KO,52.0226,51.7156,54.4677,53.4404,54.7423,54.1087,54.3368,53.4516
2022-10-07,48.5142,49.0304,48.2828,48.9414,11479800,KO,51.6951,51.4107,54.3059,53.2472,54.6488,53.9980,54.3279,53.4025
2022-10-10,48.4074,48.9147,48.0781,48.5943,10239100,KO,51.3543,51.1247,54.1401,53.0574,54.5558,53.8872,54.3167,53.3528
2022-10-11,48.4875,49.1461,48.2739,48.4697,14303900,KO,51.1072,50.8735,53.9697,52.8782,54.5038,53.7803,54.3057,53.3044
2022-10-12,49.0749,49.8759,48.9859,49.1550,18377400,KO,50.8754,50.7022,53.8266,52.7291,54.4682,53.6871,54.2958,53.2623
2022-10-13,49.7246,49.9115,48.2917,48.4875,16220700,KO,50.7125,50.6091,53.6916,52.6112,54.4306,53.6087,54.2882,53.2271
2022-10-14,48.9325,50.2586,48.8969,50.0984,15997900,KO,50.5096,50.4494,53.5451,52.4670,54.3685,53.5161,54.2762,53.1844
2022-10-17,49.5644,50.0361,49.4576,49.5110,13721400,KO,50.3183,50.3651,53.4164,52.3531,54.3025,53.4378,54.2682,53.1483
2022-10-18,50.2319,50.5345,49.9293,50.1162,11823100,KO,50.1643,50.3525,53.3083,52.2700,54.2428,53.3743,54.2616,53.1193
2022-10-19,49.8047,50.3209,49.6000,50.1162,10182300,KO,50.0112,50.3003,53.1902,52.1733,54.1768,53.3037,54.2525,53.0863
2022-10-20,49.0215,49.7691,48.9147,49.6356,16905100,KO,49.8252,50.1785,53.0458,52.0497,54.0996,53.2189,54.2352,53.0459
2022-10-21,49.8047,49.9382,48.9414,48.9503,15034100,KO,49.7077,50.1429,52.9247,51.9616,54.0417,53.1513,54.2196,53.0136
2022-10-24,51.2376,51.3800,50.3476,50.4099,17416700,KO,49.6944,50.2472,52.8238,51.9333,54.0008,53.1134,54.2126,52.9960
2022-10-25,52.4658,52.6082,51.3978,52.5459,28829900,KO,49.8087,50.4585,52.7334,51.9541,53.9664,53.1005,54.2123,52.9907
2022-10-26,52.8574,53.2045,52.3857,52.5192,15831400,KO,49.9160,50.6869,52.6413,51.9896,53.9426,53.0957,54.2136,52.9894
2022-10-27,52.9820,53.2579,52.8485,53.1956,16026100,KO,50.0477,50.9055,52.5545,52.0285,53.9209,53.0935,54.2153,52.9893
2022-10-28,54.0767,54.2103,52.9286,53.0176,12888900,KO,50.2586,51.2075,52.4835,52.1088,53.9068,53.1130,54.2222,53.0001
2022-10-31,53.2668,53.9077,53.1066,53.8543,14016400,KO,50.4010,51.4037,52.3972,52.1542,53.8878,53.1160,54.2234,53.0028
2022-11-01,53.0799,53.6585,52.8396,53.4271,10659500,KO,50.5283,51.5633,52.3243,52.1905,53.8764,53.1153,54.2216,53.0035
2022-11-02,52.3412,53.6051,52.3056,53.0799,14549200,KO,50.6427,51.6374,52.2354,52.1964,53.8612,53.1000,54.2182,52.9969
2022-11-03,52.3145,52.5103,51.7093,51.7182,9194000,KO,50.8095,51.7019,52.1443,52.2011,53.8462,53.0844,54.2143,52.9902
2022-11-04,52.7417,53.0355,52.1187,52.7773,9725900,KO,51.0209,51.8009,52.0564,52.2223,53.8503,53.0776,54.2136,52.9877
2022-11-07,52.9464,53.1956,52.7239,52.7417,8849700,KO,51.2479,51.9100,52.0001,52.2507,53.8525,53.0750,54.2152,52.9873
2022-11-08,53.0443,53.2134,52.4569,53.1778,10081600,KO,51.4757,52.0181,51.9524,52.2818,53.8611,53.0744,54.2194,52.9878
2022-11-09,52.3056,53.0799,52.2878,53.0354,10115200,KO,51.6372,52.0454,51.9003,52.2827,53.8590,53.0592,54.2206,52.9811
2022-11-10,54.1836,54.3260,53.1155,53.6229,16804800,KO,51.8602,52.2491,51.8935,52.3573,53.8645,53.0815,54.2320,52.9930
2022-11-11,54.5752,54.6909,53.5873,54.6197,18972100,KO,52.1423,52.4706,51.8893,52.4442,53.8700,53.1110,54.2453,53.0088
2022-11-14,54.0500,54.9312,54.0322,54.5752,16361000,KO,52.3666,52.6210,51.8897,52.5072,53.8637,53.1296,54.2507,53.0191
2022-11-15,53.9611,54.6909,53.4003,54.4061,13295800,KO,52.5531,52.7486,51.8878,52.5642,53.8463,53.1461,54.2549,53.0285
2022-11-16,53.8631,54.3170,53.6584,54.1034,14199500,KO,52.7560,52.8548,51.8640,52.6152,53.8291,53.1603,54.2606,53.0368
2022-11-17,54.0322,54.0589,53.5160,53.5694,11212600,KO,53.0065,52.9669,51.8469,52.6707,53.8192,53.1776,54.2645,53.0467
2022-11-18,54.4150,54.6197,54.1123,54.2815,10415600,KO,53.2370,53.1048,51.8339,52.7391,53.8090,53.2021,54.2684,53.0603
2022-11-21,55.2516,55.3673,54.4684,54.6553,15399400,KO,53.4377,53.3093,51.8345,52.8377,53.8057,53.2426,54.2793,53.0821
2022-11-22,55.4919,55.6254,55.2249,55.5987,12319600,KO,53.5890,53.5172,51.8758,52.9418,53.7918,53.2872,54.2886,53.1061
2022-11-23,55.7411,55.8835,55.4474,55.6165,8990400,KO,53.7332,53.7290,51.9164,53.0515,53.7901,53.3358,54.2975,53.1323
2022-11-25,55.7945,55.9013,55.5186,55.8301,5165500,KO,53.8738,53.9257,51.9726,53.1591,53.7878,53.3845,54.3107,53.1588
2022-11-28,55.8034,56.1594,55.6788,55.7945,12267500,KO,53.9602,54.1045,52.0288,53.2628,53.7899,53.4324,54.3226,53.1851
2022-11-29,55.6076,55.6877,55.1626,55.6432,10969600,KO,54.0772,54.2476,52.0732,53.3547,53.7881,53.4754,54.3382,53.2092
2022-11-30,57.0148,57.0775,55.3476,55.5807,30433900,KO,54.2739,54.5112,52.1472,53.4983,53.8022,53.5455,54.3591,53.2471
2022-12-01,57.1761,57.4629,56.8534,57.0148,12001400,KO,54.5157,54.7650,52.2334,53.6425,53.8202,53.6174,54.3799,53.2862
2022-12-02,57.6781,57.8304,56.8266,57.0148,13643500,KO,54.7839,55.0424,52.3322,53.8008,53.8458,53.6978,54.4032,53.3299
2022-12-05,56.8893,57.1851,56.7011,56.8355,9185100,KO,54.9912,55.2183,52.4269,53.9219,53.8653,53.7610,54.4172,53.3653
2022-12-06,56.8624,57.2568,56.6742,56.9341,10099500,KO,55.1870,55.3749,52.5340,54.0372,53.8817,53.8224,54.4293,53.4001
2022-12-07,56.9520,57.1134,56.6921,56.8714,12307600,KO,55.3824,55.5251,52.6695,54.1515,53.9065,53.8844,54.4430,53.4354
2022-12-08,57.1940,57.2299,56.7817,57.0058,9946200,KO,55.6268,55.6840,52.7991,54.2708,53.9260,53.9499,54.4609,53.4728
2022-12-09,56.5935,57.2209,56.5487,57.0148,13914900,KO,55.7473,55.7707,52.9240,54.3619,53.9485,54.0023,54.4805,53.5039
2022-12-12,57.3375,57.3733,56.4770,56.7369,11647900,KO,55.8854,55.9199,53.0736,54.4786,53.9797,54.0683,54.4936,53.5420
2022-12-13,57.3554,57.9918,57.1851,57.8932,17521600,KO,56.0507,56.0566,53.2124,54.5914,54.0091,54.1334,54.5094,53.5800
2022-12-14,57.3554,57.9470,56.9789,57.5347,12826700,KO,56.2204,56.1803,53.3488,54.6998,54.0332,54.1972,54.5265,53.6175
2022-12-15,56.5666,57.2657,56.0109,56.9969,12212300,KO,56.3556,56.2171,53.4790,54.7730,54.0403,54.2441,54.5376,53.6469
2022-12-16,56.2439,56.5935,55.8675,56.2439,33631500,KO,56.4662,56.2196,53.6244,54.8307,54.0460,54.2837,54.5469,53.6727
2022-12-19,56.3246,56.8355,55.9930,56.3157,10919700,KO,56.5617,56.2296,53.7806,54.8893,54.0433,54.3242,54.5561,53.6991
2022-12-20,56.2798,56.6025,56.2439,56.3067,10286500,KO,56.6131,56.2344,53.9380,54.9438,54.0391,54.3629,54.5716,53.7248
2022-12-21,57.1851,57.4092,56.5308,56.5308,10411300,KO,56.6977,56.3250,54.1120,55.0317,54.0408,54.4188,54.6022,53.7592
2022-12-22,56.7728,56.9968,56.1543,56.8445,9666700,KO,56.7493,56.3676,54.2659,55.1000,54.0463,54.4654,54.6295,53.7892
2022-12-23,57.2030,57.2478,56.6473,56.9162,6463300,KO,56.8198,56.4472,54.4155,55.1824,54.0535,54.5196,54.6635,53.8232
2022-12-27,57.5526,57.6243,57.1044,57.3016,7320700,KO,56.9072,56.5524,54.5879,55.2754,54.0665,54.5797,54.6992,53.8603
2022-12-28,56.9789,57.9470,56.9072,57.7766,7159400,KO,56.9758,56.5931,54.7362,55.3422,54.0763,54.6272,54.7273,53.8913
2022-12-29,57.3195,57.4988,57.0954,57.1851,7169300,KO,56.9910,56.6622,54.8779,55.4197,54.0931,54.6805,54.7524,53.9254
2022-12-30,57.0148,57.2926,56.6204,57.2926,7650200,KO,56.9830,56.6958,55.0221,55.4823,54.1062,54.7267,54.7767,53.9562
2023-01-03,56.4232,56.9700,55.7330,56.9700,12180500,KO,56.9202,56.6699,55.1702,55.5192,54.1080,54.7603,54.7952,53.9807
2023-01-04,56.3963,56.7638,56.0288,56.6025,13387900,KO,56.8956,56.6438,55.3020,55.5536,54.1134,54.7927,54.8136,54.0048
2023-01-05,55.7510,56.2888,55.6434,56.1095,9814700,KO,56.8400,56.5588,55.3923,55.5613,54.1081,54.8117,54.8267,54.0221
2023-01-06,56.8266,57.0686,56.0916,56.3874,9990000,KO,56.8337,56.5843,55.4795,55.6109,54.1064,54.8516,54.8441,54.0500
2023-01-09,56.1185,57.1134,56.0916,56.7369,9442600,KO,56.7799,56.5399,55.5447,55.6308,54.0930,54.8767,54.8598,54.0706
2023-01-10,55.6882,56.2260,55.5000,56.1095,10134600,KO,56.7347,56.4588,55.5988,55.6331,54.0766,54.8927,54.8708,54.0867
2023-01-11,55.5807,56.0736,55.0429,55.9123,10823000,KO,56.6468,56.3752,55.6289,55.6310,54.0562,54.9063,54.8788,54.1016
2023-01-12,54.8636,55.7330,54.6485,55.6703,13907300,KO,56.5223,56.2312,55.6608,55.6009,54.0290,54.9055,54.8815,54.1092
2023-01-13,55.0608,55.0877,54.3079,54.4065,13986400,KO,56.4075,56.1197,55.7005,55.5798,54.0124,54.9086,54.8842,54.1186
2023-01-17,55.2849,55.9123,55.1773,55.3297,18327800,KO,56.3434,56.0402,55.7593,55.5682,53.9974,54.9160,54.8877,54.1302
2023-01-18,53.6088,55.2042,53.4923,55.1325,19679400,KO,56.2117,55.8087,55.7852,55.4914,53.9648,54.8901,54.8838,54.1250
2023-01-19,53.5281,54.3527,53.5191,53.5371,14894500,KO,56.0719,55.5915,55.8009,55.4144,53.9287,54.8632,54.8757,54.1191
2023-01-20,53.8508,53.8597,53.2413,53.5281,14237700,KO,55.9504,55.4257,55.8190,55.3531,53.9096,54.8431,54.8707,54.1164
2023-01-23,53.9852,54.2900,53.8239,54.0300,12613400,KO,55.7904,55.2885,55.8378,55.2994,53.8951,54.8261,54.8666,54.1151
2023-01-24,54.2721,55.4373,53.5998,53.8508,10103300,KO,55.6654,55.1917,55.8772,55.2591,53.8887,54.8152,54.8612,54.1167
2023-01-25,54.6127,54.6216,53.6805,53.9583,11265800,KO,55.5359,55.1366,55.8858,55.2338,53.8896,54.8112,54.8560,54.1216
2023-01-26,54.5051,54.7650,54.2900,54.5051,11884800,KO,55.3835,55.0764,55.8844,55.2052,53.8869,54.8051,54.8486,54.1254
2023-01-27,54.2183,54.6395,54.1107,54.5320,14087000,KO,55.2454,54.9947,55.8877,55.1665,53.8887,54.7935,54.8398,54.1264
2023-01-30,54.3527,54.8278,54.1914,54.2631,15632000,KO,55.0971,54.9335,55.8956,55.1346,53.8917,54.7847,54.8284,54.1286
2023-01-31,54.9622,54.9801,54.2362,54.6575,14344400,KO,54.9945,54.9363,55.9175,55.1278,53.8908,54.7883,54.8193,54.1369
2023-02-01,54.9712,55.1953,54.3348,54.8009,12535400,KO,54.9219,54.9396,55.9363,55.1217,53.8916,54.7919,54.8089,54.1452
2023-02-02,54.0300,54.6933,53.6984,54.4961,16947200,KO,54.8036,54.8530,55.9286,55.0789,53.8813,54.7768,54.7964,54.1441
2023-02-03,53.6267,54.1555,53.0889,54.0928,15404400,KO,54.6974,54.7362,55.8961,55.0219,53.8653,54.7540,54.7792,54.1389
2023-02-06,53.9314,54.0838,53.5281,53.5908,11330900,KO,54.5526,54.6595,55.8649,54.9792,53.8703,54.7377,54.7595,54.1369
2023-02-07,53.8418,53.9942,53.3668,53.4833,14922700,KO,54.4388,54.5817,55.8269,54.9346,53.8716,54.7200,54.7383,54.1339
2023-02-08,53.5281,53.7074,53.4116,53.7074,11012000,KO,54.3308,54.4813,55.7816,54.8794,53.8771,54.6964,54.7198,54.1279
2023-02-09,53.4385,54.0659,53.4205,53.9135,12515300,KO,54.2236,54.3820,55.7343,54.8229,53.8816,54.6715,54.6977,54.1210
2023-02-10,53.4385,53.6894,52.7752,53.5281,14420700,KO,54.1524,54.2921,55.6909,54.7686,53.8820,54.6471,54.6796,54.1142
2023-02-13,54.3169,54.4603,53.5371,53.6894,16191800,KO,54.1152,54.2945,55.6370,54.7509,53.8921,54.6405,54.6636,54.1163
2023-02-14,53.4116,54.5858,53.3847,53.9673,20505700,KO,54.0215,54.2104,55.5617,54.6984,53.8976,54.6162,54.6404,54.1092
2023-02-15,53.4116,53.7163,53.0889,53.6894,13171400,KO,54.0117,54.1343,55.4763,54.6479,53.9042,54.5923,54.6240,54.1023
2023-02-16,53.0799,53.6177,52.8379,53.0889,16538300,KO,53.9893,54.0339,55.4002,54.5864,53.9135,54.5624,54.6112,54.0921
2023-02-17,53.8866,53.9852,53.2234,53.3309,16814700,KO,53.9911,54.0199,55.3406,54.5590,53.9373,54.5490,54.6039,54.0901
2023-02-21,53.5998,53.9852,53.5281,53.7701,14278300,KO,53.9718,53.9799,55.2736,54.5214,53.9715,54.5302,54.5867,54.0852
2023-02-22,53.7612,54.1018,53.5550,53.6446,12409600,KO,53.9462,53.9590,55.2049,54.4915,54.0020,54.5150,54.5726,54.0820
2023-02-23,53.8597,54.1555,53.6088,53.7880,12222800,KO,53.9086,53.9496,55.1503,54.4668,54.0371,54.5020,54.5579,54.0798
2023-02-24,53.6357,53.6984,53.2323,53.4922,9736200,KO,53.8651,53.9197,55.0762,54.4342,54.0749,54.4849,54.5427,54.0754
2023-02-27,53.6177,54.0480,53.5460,53.9404,8849800,KO,53.8351,53.8909,55.0015,54.4022,54.1069,54.4677,54.5300,54.0708
2023-02-28,53.3399,53.5102,53.0082,53.5102,16082200,KO,53.7844,53.8385,54.9212,54.3605,54.1350,54.4453,54.5147,54.0635
2023-03-01,52.7573,53.0441,52.3181,52.9993,13275800,KO,53.6742,53.7355,54.8450,54.2976,54.1620,54.4119,54.4955,54.0505
2023-03-02,53.5281,53.5819,52.7035,52.7393,11758300,KO,53.6020,53.7157,54.7907,54.2675,54.2075,54.3944,54.4749,54.0453
2023-03-03,53.2771,53.4923,53.0710,53.3757,13101800,KO,53.5644,53.6740,54.7297,54.2286,54.2551,54.3723,54.4520,54.0377
2023-03-06,54.1017,54.1197,53.0799,53.1158,16282700,KO,53.5882,53.7147,54.6861,54.2236,54.3121,54.3669,54.4340,54.0383
2023-03-07,53.7880,54.2900,53.5550,54.2183,13961200,KO,53.5810,53.7217,54.6182,54.2066,54.3651,54.3555,54.4345,54.0358
2023-03-08,53.8149,54.0749,53.5371,53.8149,10851600,KO,53.5796,53.7306,54.5590,54.1912,54.4125,54.3448,54.4404,54.0336
2023-03-09,53.2951,54.2631,53.1337,54.2631,13900900,KO,53.5680,53.6891,54.4809,54.1561,54.4482,54.3240,54.4394,54.0263
2023-03-10,53.0710,53.9045,52.8738,53.5102,13745800,KO,53.5496,53.6302,54.3913,54.1135,54.4896,54.2992,54.4290,54.0168
2023-03-13,53.6088,54.5589,53.1068,53.1427,21956000,KO,53.5581,53.6282,54.3239,54.0937,54.5300,54.2855,54.4163,54.0127
2023-03-14,53.8060,54.1914,53.1965,53.7791,19496900,KO,53.5326,53.6451,54.2536,54.0824,54.5658,54.2760,54.4043,54.0107
2023-03-15,54.1645,54.2093,53.0979,53.2682,21089900,KO,53.5702,53.6946,54.1966,54.0856,54.6094,54.2738,54.3931,54.0122
2023-03-16,54.4625,54.4987,53.9206,54.2729,15658300,KO,53.6228,53.7677,54.1574,54.1004,54.6638,54.2775,54.3817,54.0167
2023-03-17,54.2096,54.5077,53.8664,54.4716,27351200,KO,53.6793,53.8098,54.1136,54.1047,54.7078,54.2762,54.3747,54.0186
2023-03-20,54.7335,54.7335,54.1645,54.3361,12904100,KO,53.7216,53.8978,54.0933,54.1294,54.7428,54.2852,54.3718,54.0257
2023-03-21,54.4806,54.8690,54.0832,54.7064,13716500,KO,53.7656,53.9533,54.0464,54.1431,54.7629,54.2891,54.3646,54.0302
2023-03-22,54.2367,54.9774,54.2187,54.5529,10494200,KO,53.7894,53.9803,54.0087,54.1468,54.7767,54.2881,54.3596,54.0323
2023-03-23,54.1193,54.5438,53.9387,54.2729,15479000,KO,53.8024,53.9935,53.9773,54.1457,54.7881,54.2847,54.3545,54.0332
2023-03-24,55.0045,55.1128,54.1103,54.4174,12975600,KO,53.8708,54.0898,53.9658,54.1794,54.7974,54.2990,54.3521,54.0428
2023-03-27,55.4109,55.5283,55.0496,55.2212,12777400,KO,53.9605,54.2156,53.9768,54.2277,54.8188,54.3210,54.3533,54.0564
2023-03-28,55.4741,55.7631,55.3386,55.4470,10925700,KO,54.0672,54.3355,53.9850,54.2766,54.8427,54.3438,54.3596,54.0705
2023-03-29,55.8715,55.9528,55.6277,55.7451,9441000,KO,54.2229,54.4818,53.9968,54.3391,54.8781,54.3741,54.3696,54.0885
2023-03-30,55.8625,56.0793,55.6909,55.8896,9870700,KO,54.3396,54.6133,54.0418,54.3989,54.9135,54.4036,54.3799,54.1061
2023-03-31,56.0251,56.2238,55.8806,56.0522,14440900,KO,54.4770,54.7477,54.0918,54.4626,54.9464,54.4357,54.3983,54.1252
2023-04-03,56.3592,56.4676,55.8715,56.2689,12300700,KO,54.5899,54.9012,54.1420,54.5370,54.9805,54.4738,54.4165,54.1474
2023-04-04,56.1876,56.6663,56.0702,56.3502,11433400,KO,54.7099,55.0237,54.1860,54.6017,55.0119,54.5077,54.4365,54.1677
2023-04-05,56.7205,56.9192,56.4496,56.4767,12789600,KO,54.8552,55.1853,54.2350,54.6848,55.0561,54.5515,54.4575,54.1931
2023-04-06,56.7566,56.9373,56.3412,56.7747,9644200,KO,55.0283,55.3350,54.2779,54.7661,55.0818,54.5952,54.4732,54.2186
2023-04-10,56.6212,56.6212,56.0160,56.4405,7952600,KO,55.2058,55.4575,54.3202,54.8388,55.1023,54.6353,54.4861,54.2425
2023-04-11,56.5218,56.6392,56.3592,56.5850,9913000,KO,55.3514,55.5588,54.3662,54.9048,55.1270,54.6727,54.4954,54.2652
2023-04-12,56.6212,56.9283,56.2780,56.4315,9593700,KO,55.4922,55.6600,54.4116,54.9721,55.1536,54.7112,54.5000,54.2887
2023-04-13,57.0366,57.0457,56.4315,56.6844,9871400,KO,55.6358,55.7911,54.4531,55.0531,55.1853,54.7573,54.5072,54.3160
2023-04-14,56.9463,57.0366,56.7025,56.9463,8946000,KO,55.7600,55.9011,54.4926,55.1273,55.2145,54.8006,54.5168,54.3422
2023-04-17,57.3166,57.3799,57.0276,57.1902,9452400,KO,55.9153,56.0359,54.5583,55.2132,55.2435,54.8505,54.5263,54.3718
2023-04-18,57.4070,57.4431,57.0728,57.3618,9035700,KO,56.0490,56.1665,54.6339,55.2992,55.2650,54.9011,54.5354,54.4020
2023-04-19,57.5153,57.6508,57.2895,57.5605,9769500,KO,56.2007,56.2950,54.7056,55.3861,55.2853,54.9529,54.5385,54.4330
2023-04-20,57.7682,57.8044,57.2986,57.4702,10706400,KO,56.3773,56.4353,54.7841,55.4796,55.3055,55.0086,54.5478,54.4661
2023-04-21,57.8495,58.0482,57.6237,57.8044,12931100,KO,56.5638,56.5700,54.8706,55.5725,55.3261,55.0649,54.5569,54.4998
2023-04-24,57.7592,58.6985,57.4611,58.4818,15532300,KO,56.7016,56.6832,54.9570,55.6582,55.3456,55.1182,54.5678,54.5322
2023-04-25,57.6689,57.9579,57.4702,57.9579,12818900,KO,56.8145,56.7771,55.0416,55.7371,55.3663,55.1687,54.5772,54.5635
2023-04-26,57.3979,57.5966,57.2534,57.4069,13179600,KO,56.9106,56.8362,55.1032,55.8022,55.3701,55.2129,54.5861,54.5917
2023-04-27,57.5153,57.5876,57.0005,57.3799,13795800,KO,56.9928,56.9009,55.1853,55.8694,55.3735,55.2585,54.5968,54.6208
2023-04-28,57.9398,57.9489,57.3347,57.4521,13687600,KO,57.0967,56.9999,55.2759,55.9506,55.3761,55.3116,54.6110,54.6538
2023-05-01,58.0753,58.4276,57.8585,57.9398,9091500,KO,57.1992,57.1023,55.3758,56.0339,55.3880,55.3663,54.6266,54.6878
2023-05-02,57.8134,57.9308,57.1450,57.9308,10948400,KO,57.2719,57.1700,55.4543,56.1037,55.3975,55.4147,54.6396,54.7189
2023-05-03,57.4882,57.9669,57.4250,57.8224,11084600,KO,57.3370,57.2003,55.5321,56.1580,55.4028,55.4558,54.6547,54.7465
2023-05-04,57.5515,57.7411,57.3618,57.5695,11938300,KO,57.3785,57.2338,55.6079,56.2126,55.4064,55.4973,54.6662,54.7744
2023-05-05,57.8224,57.9940,57.4702,57.4792,9039000,KO,57.4318,57.2898,55.6871,56.2758,55.4187,55.5433,54.6836,54.8047
2023-05-08,57.7321,57.8585,57.4521,57.6327,7240700,KO,57.4873,57.3319,55.7691,56.3329,55.4226,55.5867,54.7012,54.8338
2023-05-09,57.2534,57.5786,57.1541,57.4792,9067700,KO,57.5239,57.3245,55.8418,56.3690,55.4216,55.6197,54.7154,54.8579
2023-05-10,57.3528,57.4792,56.8921,57.1902,10134000,KO,57.5605,57.3272,55.9220,56.4076,55.4216,55.6540,54.7274,54.8827
2023-05-11,57.6779,57.7411,56.9102,57.4250,9581500,KO,57.5926,57.3606,56.0204,56.4574,55.4327,55.6941,54.7365,54.9106
2023-05-12,57.9037,57.9760,57.5334,57.6779,8740800,KO,57.6404,57.4123,56.1080,56.5141,55.4493,55.7378,54.7477,54.9403
2023-05-15,57.7502,58.0302,57.5424,58.0031,8150000,KO,57.6621,57.4445,56.1974,56.5626,55.4636,55.7777,54.7534,54.9683
2023-05-16,57.0999,57.7140,57.0457,57.7140,9129600,KO,57.6467,57.4116,56.2574,56.5836,55.4718,55.8039,54.7554,54.9895
2023-05-17,57.0366,57.2805,56.6573,57.2624,11583000,KO,57.6228,57.3759,56.3224,56.6014,55.4703,55.8283,54.7556,55.0099
2023-05-18,56.7205,56.9373,56.5128,56.9102,13595100,KO,57.5704,57.3135,56.3805,56.6061,55.4698,55.8459,54.7580,55.0269
2023-05-19,56.7476,56.9915,56.5489,56.9373,14251400,KO,57.5153,57.2596,56.4495,56.6116,55.4652,55.8638,54.7594,55.0440
2023-05-22,55.5554,56.7837,55.4922,56.7115,15055400,KO,57.4051,57.0973,56.4992,56.5702,55.4452,55.8577,54.7559,55.0491
2023-05-23,55.4561,55.6999,55.2483,55.5554,13932700,KO,57.2945,56.9410,56.5361,56.5265,55.4300,55.8497,54.7531,55.0532
2023-05-24,54.9864,55.4831,54.8419,55.4380,11090100,KO,57.1739,56.7548,56.5598,56.4661,55.4067,55.8326,54.7499,55.0525
2023-05-25,54.5619,54.8509,54.3271,54.6161,14463600,KO,57.0263,56.5460,56.5677,56.3914,55.3821,55.8075,54.7441,55.0476
2023-05-26,54.4264,54.7696,54.2909,54.5980,12570300,KO,56.8506,56.3441,56.5670,56.3144,55.3622,55.7801,54.7351,55.0414
2023-05-30,53.9929,54.3722,53.7580,54.2729,15634200,KO,56.6465,56.1202,56.5626,56.2233,55.3381,55.7447,54.7258,55.0310
2023-05-31,53.8845,54.4445,53.6226,54.1193,59432200,KO,56.4500,55.9073,56.5457,56.1316,55.3195,55.7079,54.7138,55.0196
2023-06-01,54.1916,54.3451,53.9838,54.1374,13402700,KO,56.2852,55.7439,56.5399,56.0555,55.2931,55.6779,54.6998,55.0114
2023-06-02,55.2393,55.3838,54.2638,54.4354,15259800,KO,56.1696,55.6958,56.5599,56.0235,55.2843,55.6692,54.6887,55.0136
2023-06-05,54.8690,55.4922,54.6883,55.0948,12915600,KO,56.0219,55.6171,56.5749,55.9783,55.2761,55.6533,54.6764,55.0122
2023-06-06,54.4716,55.0857,54.3000,55.0496,10943500,KO,55.8589,55.5080,56.5643,55.9192,55.2650,55.6299,54.6606,55.0068
2023-06-07,54.3903,54.5167,54.0290,54.2006,16817900,KO,55.7157,55.4015,56.5439,55.8592,55.2603,55.6054,54.6447,55.0007
2023-06-08,54.5258,54.5619,54.1735,54.3090,15585900,KO,55.5744,55.3181,56.5249,55.8069,55.2550,55.5840,54.6337,54.9959
2023-06-09,54.6161,54.7967,54.3451,54.4354,12581500,KO,55.4213,55.2513,56.4998,55.7602,55.2483,55.5649,54.6228,54.9922
2023-06-12,54.3813,54.7787,54.2096,54.7245,14208900,KO,55.2452,55.1684,56.4702,55.7061,55.2560,55.5414,54.6104,54.9861
2023-06-13,54.5980,54.7967,54.2277,54.3813,13397800,KO,55.0875,55.1141,56.4416,55.6627,55.2667,55.5227,54.5977,54.9822
2023-06-14,54.9683,55.1670,54.7335,54.8509,14099700,KO,54.9810,55.1002,56.4138,55.6355,55.2779,55.5118,54.5937,54.9821
2023-06-15,55.7237,55.7874,54.9137,55.1594,15271400,KO,54.9153,55.1596,56.4045,55.6389,55.2953,55.5160,54.5952,54.9895
2023-06-16,56.1241,56.5792,55.9512,56.0604,26738000,KO,54.8855,55.2514,56.3926,55.6579,55.3138,55.5280,54.6013,55.0008
2023-06-20,55.7510,56.3880,55.7328,56.0513,13971800,KO,54.8357,55.2990,56.3725,55.6616,55.3252,55.5324,54.6074,55.0082
2023-06-21,55.9057,56.1696,55.4962,55.7965,13948700,KO,54.8532,55.3568,56.3582,55.6712,55.3392,55.5398,54.6130,55.0171
2023-06-22,56.2879,56.5155,56.0513,56.2515,15193400,KO,54.8948,55.4455,56.3535,55.6954,55.3599,55.5546,54.6243,55.0298
2023-06-23,55.6964,56.3971,55.6782,56.3698,25112100,KO,54.9303,55.4694,56.3350,55.6954,55.3733,55.5574,54.6325,55.0364
2023-06-26,55.7146,55.7783,54.9592,55.7055,12856100,KO,54.9879,55.4927,56.3086,55.6961,55.3808,55.5605,54.6358,55.0432
2023-06-27,55.5963,55.8420,55.4962,55.7146,9068500,KO,55.0464,55.5026,56.2816,55.6922,55.3871,55.5612,54.6393,55.0487
2023-06-28,55.0775,55.5508,54.9683,55.4052,11173200,KO,55.1006,55.4621,56.2368,55.6681,55.3976,55.5517,54.6394,55.0490
2023-06-29,54.6225,54.9228,54.3950,54.8045,17142300,KO,55.1375,55.3821,56.1811,55.6271,55.4075,55.5333,54.6364,55.0447
2023-06-30,54.8045,54.9228,54.4860,54.6043,19739200,KO,55.1682,55.3271,56.1269,55.5949,55.4162,55.5188,54.6433,55.0423
2023-07-03,55.1321,55.1776,54.6316,54.7863,9694500,KO,55.1628,55.3086,56.0741,55.5767,55.4291,55.5112,54.6504,55.0432
2023-07-05,55.5417,55.6054,54.7499,54.8591,14716600,KO,55.1965,55.3308,56.0280,55.5753,55.4493,55.5118,54.6632,55.0482
2023-07-06,55.1139,55.5326,55.0593,55.2687,12603900,KO,55.2286,55.3101,55.9751,55.5572,55.4660,55.5039,54.6738,55.0488
2023-07-07,54.3859,55.0593,54.3586,54.8864,14574000,KO,55.2284,55.2221,55.9094,55.5113,55.4755,55.4818,54.6788,55.0422
2023-07-10,53.9764,54.7408,53.8216,54.5770,15480600,KO,55.2009,55.1035,55.8410,55.4511,55.4721,55.4520,54.6821,55.0316
2023-07-11,54.1675,54.2039,53.5486,54.1129,15967700,KO,55.1785,55.0143,55.7740,55.4008,55.4797,55.4265,54.6886,55.0230
2023-07-12,54.4587,54.6498,54.1038,54.3768,14241300,KO,55.1823,54.9614,55.7044,55.3638,55.4901,55.4074,54.6972,55.0174
2023-07-13,54.9228,55.0229,54.5861,54.7135,11269800,KO,55.1986,54.9577,55.6414,55.3465,55.5086,55.3978,54.7110,55.0165
2023-07-14,55.4234,55.5508,54.6862,54.7317,11634200,KO,55.2213,55.0021,55.5936,55.3496,55.5239,55.3983,54.7306,55.0205
2023-07-17,55.3415,55.6054,55.0502,55.2960,10014300,KO,55.2022,55.0344,55.5506,55.3492,55.5413,55.3971,54.7564,55.0237
2023-07-18,55.1230,55.7419,54.9774,55.4780,11152900,KO,55.1522,55.0428,55.5021,55.3404,55.5550,55.3917,54.7785,55.0247
2023-07-19,56.0968,56.2333,55.2231,55.3051,12936000,KO,55.1695,55.1432,55.4675,55.3700,55.5773,55.4057,54.8072,55.0354
2023-07-20,56.7794,56.7976,56.1241,56.1332,11563000,KO,55.2131,55.2990,55.4485,55.4253,55.6088,55.4329,54.8418,55.0527
2023-07-21,56.8249,57.0433,56.6429,56.8431,12815100,KO,55.2400,55.4444,55.4399,55.4802,55.6408,55.4604,54.8739,55.0704
2023-07-24,56.8431,57.1616,56.7885,56.8067,10251100,KO,55.2973,55.5776,55.4297,55.5336,55.6759,55.4878,54.9054,55.0880
2023-07-25,56.6520,56.7794,56.4700,56.6975,13422700,KO,55.3442,55.6799,55.4092,55.5775,55.7148,55.5109,54.9384,55.1036
2023-07-26,57.3800,57.4892,55.8693,56.2970,17145500,KO,55.4334,55.8418,55.3987,55.6482,55.7533,55.5479,54.9804,55.1262
2023-07-27,56.8249,57.5802,56.7703,57.3800,11517100,KO,55.5207,55.9354,55.3802,55.6943,55.7888,55.5732,55.0220,55.1431
2023-07-28,56.8613,57.1252,56.6247,56.9614,9721800,KO,55.6327,56.0236,55.3755,55.7401,55.8164,55.5987,55.0642,55.1602
2023-07-31,56.3607,56.8340,56.1787,56.8340,15577900,KO,55.7105,56.0557,55.3619,55.7644,55.8421,55.6138,55.1036,55.1722
2023-08-01,56.2151,56.7521,56.0786,56.5064,9281600,KO,55.7646,56.0709,55.3518,55.7821,55.8661,55.6257,55.1393,55.1825
2023-08-02,56.3880,56.9614,56.0240,56.0240,11059400,KO,55.8070,56.1011,55.3446,55.8059,55.8971,55.6408,55.1726,55.1945
2023-08-03,56.0968,56.5336,55.9967,56.3061,8037400,KO,55.8561,56.1007,55.3555,55.8173,55.9273,55.6498,55.2085,55.2035
2023-08-04,55.2505,56.3243,55.1685,56.1332,9359300,KO,55.8993,56.0197,55.3514,55.7950,55.9438,55.6419,55.2369,55.2040
2023-08-07,55.6873,55.8147,55.2778,55.3233,6982600,KO,55.9849,55.9881,55.3654,55.7908,55.9626,55.6428,55.2642,55.2088
2023-08-08,55.4416,55.8329,55.1685,55.6873,7956100,KO,56.0486,55.9360,55.3830,55.7771,55.9753,55.6388,55.2923,55.2111
2023-08-09,55.5690,56.0877,55.2869,55.4325,7904100,KO,56.1041,55.9011,55.4058,55.7690,55.9864,55.6374,55.3251,55.2147
2023-08-10,55.4416,56.1787,55.3233,55.8329,7870300,KO,56.1300,55.8573,55.4348,55.7561,55.9987,55.6336,55.3533,55.2169
2023-08-11,55.6691,55.6964,55.2323,55.3688,8483900,KO,56.1423,55.8394,55.4705,55.7527,56.0081,55.6343,55.3754,55.2214
2023-08-14,55.4052,55.9512,55.2869,55.8056,7176300,KO,56.1455,55.7980,55.4948,55.7391,56.0173,55.6297,55.3901,55.2232
2023-08-15,55.0320,55.4234,54.9410,55.2323,7187400,KO,56.1410,55.7251,55.4906,55.7113,56.0253,55.6179,55.4010,55.2213
2023-08-16,55.0411,55.3506,54.9683,55.0957,8372300,KO,56.0882,55.6599,55.4941,55.6851,56.0345,55.6065,55.4113,55.2196
2023-08-17,55.1594,55.5326,55.0138,55.1321,12873500,KO,56.0072,55.6123,55.5078,55.6645,56.0360,55.5976,55.4167,55.2190
2023-08-18,55.4689,55.5963,54.9410,55.0957,11083800,KO,55.9394,55.5986,55.5294,55.6568,56.0366,55.5951,55.4277,55.2214
2023-08-21,54.9956,55.4507,54.8955,55.3870,8648500,KO,55.8470,55.5412,55.5388,55.6309,56.0318,55.5832,55.4373,55.2192
2023-08-22,54.6589,55.1322,54.5861,54.9137,9411500,KO,55.7474,55.4572,55.5396,55.5927,56.0197,55.5649,55.4489,55.2136
2023-08-23,54.8500,55.0047,54.7499,54.7863,7749500,KO,55.6209,55.3993,55.5490,55.5636,56.0096,55.5507,55.4616,55.2100
2023-08-24,54.7044,55.4052,54.6862,54.8500,8955100,KO,55.5148,55.3332,55.5511,55.5299,55.9964,55.5340,55.4714,55.2050
2023-08-25,54.9592,55.1230,54.6134,54.9774,7629200,KO,55.4197,55.2975,55.5510,55.5075,55.9824,55.5226,55.4814,55.2025
2023-08-28,55.1139,55.2687,54.9410,55.1048,6254300,KO,55.3574,55.2801,55.5388,55.4921,55.9716,55.5145,55.4918,55.2016
2023-08-29,55.0593,55.1776,54.7408,55.1139,8189600,KO,55.2996,55.2590,55.5175,55.4751,55.9550,55.5055,55.5056,55.2002
2023-08-30,55.0320,55.2778,54.8682,55.1868,9447900,KO,55.2318,55.2374,55.5031,55.4578,55.9378,55.4961,55.5098,55.1986
2023-08-31,54.4496,55.0320,54.4314,54.8773,14663500,KO,55.1494,55.1624,55.4740,55.4182,55.9161,55.4754,55.5092,55.1911
2023-09-01,53.9764,54.7226,53.8034,54.6043,11262300,KO,55.0857,55.0494,55.4277,55.3617,55.8906,55.4457,55.5088,55.1790
2023-09-05,53.5304,53.9855,53.3939,53.9217,12474600,KO,54.9779,54.9048,55.3844,55.2899,55.8597,55.4078,55.5066,55.1626
2023-09-06,53.4940,53.5395,53.1664,53.3484,13923500,KO,54.8805,54.7704,55.3400,55.2194,55.8243,55.3699,55.5048,55.1460
2023-09-07,53.0845,53.8398,53.0572,53.6487,17628600,KO,54.7563,54.6098,55.2898,55.1357,55.7857,55.3246,55.5001,55.1255
2023-09-08,53.0845,53.1573,52.7933,53.0572,14312300,KO,54.6384,54.4646,55.2499,55.0553,55.7433,55.2803,55.4934,55.1052
2023-09-11,53.5850,53.6851,52.9935,53.1482,14767400,KO,54.5342,54.3808,55.2292,54.9976,55.7051,55.2467,55.4851,55.0901
2023-09-12,53.0572,53.6942,52.9571,53.6851,12292700,KO,54.4168,54.2547,55.1942,54.9215,55.6605,55.2033,55.4729,55.0698
2023-09-13,53.1846,53.4030,53.0936,53.1482,12641400,KO,54.3245,54.1528,55.1553,54.8534,55.6147,55.1634,55.4601,55.0511
2023-09-14,53.6249,53.7441,53.3772,53.4231,12311600,KO,54.2536,54.1025,55.1169,54.8052,55.5725,55.1329,55.4493,55.0369
2023-09-15,53.1479,53.7900,52.9736,53.5790,55727500,KO,54.1531,54.0116,55.0776,54.7402,55.5263,55.0936,55.4360,55.0181
2023-09-18,53.4781,53.5240,52.8635,53.1846,13617400,KO,54.0535,53.9608,55.0594,54.6907,55.4844,55.0616,55.4253,55.0028
2023-09-19,53.3681,53.5607,53.1296,53.4414,11998900,KO,53.9721,53.9044,55.0473,54.6389,55.4441,55.0281,55.4071,54.9865
2023-09-20,53.6065,53.9643,53.2763,53.4781,14766600,KO,53.9195,53.8760,55.0361,54.5984,55.4050,54.9999,55.3893,54.9728
2023-09-21,52.7810,53.5882,52.6709,53.5423,15941800,KO,53.8161,53.7717,55.0025,54.5271,55.3535,54.9560,55.3648,54.9510
2023-09-22,52.8360,53.1754,52.7443,53.0653,14644100,KO,53.7227,53.6826,54.9608,54.4608,55.3011,54.9140,55.3445,54.9299
2023-09-25,52.2856,52.7351,52.0472,52.6526,12358800,KO,53.5890,53.5496,54.8980,54.3755,55.2458,54.8620,55.3216,54.9036
2023-09-26,51.8545,52.1939,51.7353,52.0380,11194700,KO,53.4260,53.3881,54.8283,54.2766,55.1895,54.8024,55.2961,54.8733
2023-09-27,51.3225,51.8545,51.0748,51.7536,13766300,KO,53.2392,53.1914,54.7523,54.1608,55.1272,54.7335,55.2668,54.8379
2023-09-28,51.1941,51.6619,51.0932,51.5793,12484800,KO,53.0473,53.0012,54.6542,54.0444,55.0609,54.6634,55.2398,54.8017
2023-09-29,51.3500,51.6160,51.0198,51.4968,12271600,KO,52.8923,52.8439,54.5456,53.9388,54.9971,54.5978,55.2098,54.7673
2023-10-02,50.8914,51.3775,50.5244,51.2858,11792500,KO,52.7380,52.6580,54.4270,53.8193,54.9334,54.5244,55.1775,54.7288
2023-10-03,50.3410,50.8455,50.2492,50.5978,13604200,KO,52.5786,52.4373,54.2969,53.6829,54.8633,54.4416,55.1425,54.6851
2023-10-04,50.4878,50.7079,50.1850,50.3502,12100500,KO,52.4283,52.2516,54.1736,53.5576,54.7914,54.3633,55.1121,54.6433
2023-10-05,48.0478,50.4052,47.9193,50.2126,29878100,KO,52.1764,51.8513,53.9870,53.3415,54.6929,54.2382,55.0711,54.5777
2023-10-06,48.7449,48.8825,47.2864,47.7359,30298900,KO,51.9594,51.5554,53.8254,53.1612,54.6028,54.1294,55.0332,54.5197
2023-10-09,48.5064,48.7541,47.8001,48.5798,15704700,KO,51.7055,51.2650,53.6583,52.9787,54.5169,54.0181,54.9943,54.4598
2023-10-10,49.5613,49.8365,49.1302,49.6530,20909700,KO,51.5307,51.1028,53.5223,52.8447,54.4421,53.9298,54.9562,54.4111
2023-10-11,49.2678,49.7906,48.6348,49.7356,21138900,KO,51.3349,50.9280,53.3833,52.7044,54.3676,53.8375,54.9187,54.3599
2023-10-12,48.4422,49.3778,48.0936,49.3136,19330400,KO,51.0757,50.6913,53.2244,52.5373,54.2845,53.7307,54.8749,54.3010
2023-10-13,48.5156,49.0017,48.2862,48.3780,14494600,KO,50.8441,50.4841,53.0728,52.3796,54.2141,53.6274,54.8297,54.2435
2023-10-16,49.0109,49.1302,48.4697,48.6348,12816800,KO,50.6208,50.3438,52.9480,52.2474,54.1497,53.5360,54.7898,54.1914
2023-10-17,49.5980,49.6255,48.8091,48.9008,16457200,KO,50.4323,50.2727,52.8262,52.1435,54.0958,53.4580,54.7512,54.1457
2023-10-18,49.5796,50.0199,49.4604,49.6255,12809500,KO,50.2309,50.2067,52.7090,52.0430,54.0460,53.3812,54.7141,54.1003
2023-10-19,49.8548,50.2309,49.4053,49.6805,16202200,KO,50.0846,50.1732,52.5947,51.9572,54.0003,53.3114,54.6812,54.0580
2023-10-20,50.0566,50.4694,49.9374,50.0199,15686400,KO,49.9456,50.1621,52.4870,51.8827,53.9609,53.2469,54.6495,54.0182
2023-10-23,49.6072,50.3502,49.5796,49.8823,21212700,KO,49.8117,50.1092,52.3658,51.7934,53.9181,53.1749,54.6188,53.9743
2023-10-24,51.0381,51.5243,50.7262,51.0473,25290800,KO,49.7709,50.1977,52.2784,51.7638,53.8866,53.1325,54.5899,53.9451
2023-10-25,51.4784,51.5702,50.9647,51.1482,16701000,KO,49.7787,50.3197,52.2074,51.7526,53.8490,53.0998,54.5667,53.9206
2023-10-26,51.1665,51.9462,51.1115,51.7077,16228400,KO,49.7773,50.4003,52.1299,51.7296,53.8120,53.0615,54.5440,53.8932
2023-10-27,50.6712,51.4968,50.5428,50.9556,13626500,KO,49.7434,50.4261,52.0401,51.6881,53.7740,53.0142,54.5195,53.8611
2023-10-30,51.5059,51.6252,50.8363,50.8455,15014300,KO,49.7741,50.5290,51.9608,51.6810,53.7451,52.9843,54.5027,53.8377
2023-10-31,51.8178,52.0288,51.5059,51.8912,16639400,KO,49.8479,50.6517,51.8973,51.6863,53.7180,52.9612,54.4865,53.8176
2023-11-01,51.7720,52.1756,51.6068,52.1022,14110800,KO,49.9121,50.7584,51.8395,51.6897,53.6896,52.9377,54.4689,53.7972
2023-11-02,52.3682,52.4232,51.6986,51.8270,13087200,KO,50.1282,50.9117,51.7899,51.7163,53.6695,52.9264,54.4627,53.7830
2023-11-03,52.0472,52.8269,52.0105,52.6526,13958700,KO,50.2933,51.0199,51.7368,51.7293,53.6440,52.9090,54.4553,53.7657
2023-11-06,52.2581,52.5425,52.0472,52.0838,12673200,KO,50.4809,51.1378,51.6827,51.7500,53.6169,52.8961,54.4474,53.7507
2023-11-07,52.4508,52.6526,52.0380,52.2123,10449300,KO,50.6253,51.2628,51.6295,51.7775,53.5841,52.8873,54.4397,53.7378
2023-11-08,52.3682,52.7168,52.2123,52.5792,13744000,KO,50.7804,51.3681,51.5757,51.8007,53.5466,52.8770,54.4302,53.7242
2023-11-09,51.9738,52.4141,51.7077,52.3132,12021100,KO,50.9569,51.4258,51.5145,51.8075,53.5088,52.8591,54.4170,53.7067
2023-11-10,52.0288,52.2214,51.4234,52.1664,11678900,KO,51.1326,51.4832,51.4661,51.8161,53.4700,52.8427,54.4046,53.6900
2023-11-13,52.2214,52.3774,51.9187,51.9371,12798200,KO,51.2931,51.5535,51.4310,51.8320,53.4294,52.8304,54.3946,53.6754
2023-11-14,52.3774,52.5058,52.1114,52.3040,12697100,KO,51.4321,51.6320,51.4079,51.8534,53.3962,52.8214,54.3847,53.6625
2023-11-15,52.4783,52.5975,52.0563,52.5608,10201900,KO,51.5770,51.7126,51.3876,51.8779,53.3638,52.8146,54.3723,53.6507
2023-11-16,52.4232,52.7718,52.1114,52.5150,16010400,KO,51.7055,51.7803,51.3744,51.8993,53.3321,52.8068,54.3596,53.6385
2023-11-17,52.5241,52.5975,52.0105,52.4599,14475800,KO,51.8288,51.8511,51.3632,51.9238,53.3065,52.8012,54.3520,53.6274
2023-11-20,52.6526,52.8177,52.2490,52.3315,13051000,KO,51.9811,51.9274,51.3445,51.9524,53.2868,52.7983,54.3472,53.6177
2023-11-21,53.2305,53.2396,52.5884,52.7076,13891600,KO,52.0907,52.0515,51.3480,52.0025,53.2711,52.8069,54.3437,53.6139
2023-11-22,53.5882,53.6983,53.3222,53.4414,11320600,KO,52.1962,52.1979,51.3561,52.0647,53.2557,52.8223,54.3424,53.6136
2023-11-24,53.7258,53.8909,53.5148,53.6249,4816000,KO,52.3242,52.3434,51.3581,52.1298,53.2375,52.8402,54.3434,53.6147
2023-11-27,53.6249,53.8359,53.4506,53.6983,16246500,KO,52.4719,52.4654,51.3676,52.1885,53.2226,52.8558,54.3443,53.6148
2023-11-28,53.7350,53.9643,53.5332,53.5699,13739600,KO,52.5833,52.5864,51.3728,52.2491,53.2161,52.8732,54.3458,53.6160
2023-11-29,53.4139,53.8175,53.2947,53.7350,11263600,KO,52.6631,52.6652,51.3737,52.2948,53.2105,52.8839,54.3413,53.6140
2023-11-30,54.0334,54.0519,53.2567,53.5896,22727500,KO,52.7762,52.7955,51.3822,52.3630,53.2091,52.9066,54.3444,53.6182
2023-12-01,54.2183,54.2645,53.8485,53.8762,15371200,KO,52.8687,52.9310,51.4110,52.4357,53.2067,52.9326,54.3484,53.6242
2023-12-04,54.1536,54.5142,54.0334,54.1721,14942200,KO,52.9740,53.0474,51.4373,52.5031,53.1990,52.9568,54.3538,53.6294
2023-12-05,54.2368,54.3940,54.0149,54.1351,11891500,KO,53.0729,53.1607,51.4763,52.5711,53.1872,52.9821,54.3556,53.6355
2023-12-06,54.1813,54.3015,53.8207,54.1443,14868500,KO,53.1595,53.2579,51.5229,52.6342,53.1756,53.0059,54.3585,53.6409
2023-12-07,54.3108,54.4495,53.9872,54.2460,11587900,KO,53.2566,53.3582,51.5826,52.7000,53.1674,53.0317,54.3612,53.6476
2023-12-08,54.1906,54.3200,53.9687,54.3108,11178700,KO,53.3674,53.4374,51.6426,52.7584,53.1484,53.0547,54.3629,53.6530
2023-12-11,54.5882,54.6344,54.0889,54.3940,14524800,KO,53.4954,53.5470,51.7073,52.8302,53.1265,53.0850,54.3676,53.6623
2023-12-12,54.9395,54.9395,54.4587,54.7361,12899000,KO,53.6313,53.6797,51.7883,52.9129,53.1076,53.1218,54.3742,53.6750
2023-12-13,55.4110,55.4943,54.7916,54.9672,16196800,KO,53.7830,53.8445,51.8897,53.0109,53.0933,53.1671,54.3846,53.6923
2023-12-14,54.5882,55.5127,54.3385,55.4480,22478300,KO,53.8885,53.9154,51.9717,53.0727,53.0727,53.1952,54.3937,53.7012
2023-12-15,54.1813,54.7083,53.4417,54.3940,65177400,KO,53.9764,53.9407,52.0944,53.1162,53.0407,53.2148,54.3970,53.7060
2023-12-18,54.5697,55.0042,54.1998,54.3662,16717700,KO,54.0787,54.0006,52.2109,53.1732,53.0181,53.2416,54.4035,53.7145
2023-12-19,54.3940,54.7361,54.2183,54.5512,14612200,KO,54.1657,54.0381,52.3286,53.2211,52.9935,53.2644,54.4049,53.7213
2023-12-20,53.2660,54.2460,53.2290,54.0889,17701000,KO,54.1675,53.9645,52.4027,53.2228,52.9625,53.2644,54.4023,53.7168
2023-12-21,53.6173,53.6913,53.1365,53.4879,11725100,KO,54.1690,53.9315,52.4897,53.2383,52.9365,53.2714,54.4013,53.7158
2023-12-22,53.9224,54.0519,53.6451,53.7375,9029400,KO,54.1788,53.9306,52.5993,53.2651,52.9119,53.2843,54.4045,53.7178
2023-12-26,54.1443,54.2830,53.6821,53.6821,6422500,KO,54.2048,53.9510,52.7119,53.2996,52.8923,53.3013,54.4098,53.7221
2023-12-27,54.2830,54.3385,53.9964,54.2183,8560100,KO,54.2322,53.9826,52.8173,53.3382,52.8827,53.3208,54.4132,53.7277
2023-12-28,54.3200,54.4310,54.1166,54.2276,8400100,KO,54.2775,54.0147,52.9118,53.3767,52.8690,53.3406,54.4158,53.7336
2023-12-29,54.4864,54.5327,54.2091,54.3108,9244300,KO,54.3001,54.0596,53.0099,53.4202,52.8594,53.3633,54.4174,53.7411
2024-01-02,55.3093,55.3648,54.2461,54.3662,16322600,KO,54.3547,54.1787,53.1190,53.4943,52.8569,53.4018,54.4216,53.7567
2024-01-03,55.4388,55.6607,55.2539,55.4110,14830600,KO,54.4189,54.2987,53.2266,53.5705,52.8568,53.4421,54.4278,53.7734
2024-01-04,55.2539,55.7162,55.1614,55.5220,12912900,KO,54.4698,54.3896,53.3396,53.6366,52.8527,53.4780,54.4304,53.7881
2024-01-05,55.1706,55.4295,54.6344,55.2908,10412800,KO,54.5193,54.4640,53.4222,53.6967,52.8503,53.5115,54.4338,53.8019
2024-01-08,55.5775,55.6422,54.9395,55.1799,11554600,KO,54.5826,54.5701,53.5042,53.7705,52.8558,53.5524,54.4405,53.8196
2024-01-09,55.4758,55.6052,55.1244,55.4665,10493700,KO,54.6469,54.6563,53.5904,53.8373,52.8601,53.5905,54.4473,53.8360
2024-01-10,55.6607,55.8548,55.4573,55.6792,12258000,KO,54.7005,54.7520,53.6902,53.9088,52.8651,53.6315,54.4506,53.8542
2024-01-11,55.3001,55.7162,55.1891,55.7069,13754200,KO,54.7185,54.8042,53.7661,53.9634,52.8634,53.6646,54.4500,53.8686
2024-01-12,55.8364,55.9011,55.3556,55.5497,13218000,KO,54.7398,54.9025,53.8464,54.0369,52.8719,53.7076,54.4518,53.8882
2024-01-16,55.4665,55.8733,55.3371,55.8364,11826900,KO,54.7837,54.9562,53.9203,54.0929,52.8799,53.7424,54.4498,53.9039
2024-01-17,55.4665,55.6699,55.3093,55.3463,8982100,KO,54.8480,55.0048,53.9823,54.1468,52.8861,53.7765,54.4478,53.9194
2024-01-18,55.6237,55.6884,55.0412,55.1891,10397700,KO,54.9007,55.0637,54.0538,54.2047,52.8953,53.8131,54.4458,53.9364
2024-01-19,55.3186,55.7346,55.1429,55.7162,14392600,KO,54.9469,55.0880,54.1150,54.2484,52.8989,53.8429,54.4406,53.9501
2024-01-22,55.0782,55.5405,54.9580,55.2539,14314300,KO,55.0375,55.0871,54.1676,54.2809,52.8985,53.8674,54.4351,53.9613
2024-01-23,55.3371,55.4758,54.9765,55.0412,14481600,KO,55.1235,55.1109,54.2270,54.3223,52.9013,53.8965,54.4282,53.9750
2024-01-24,54.4680,55.3001,54.4495,55.2908,16370500,KO,55.1508,55.0497,54.2768,54.3281,52.8957,53.9078,54.4167,53.9799
2024-01-25,54.6991,54.7083,54.2368,54.5604,14899700,KO,55.1785,55.0163,54.3302,54.3426,52.8982,53.9235,54.4071,53.9871
2024-01-26,54.8933,55.0042,54.6714,54.7823,13025100,KO,55.2090,55.0046,54.3837,54.3642,52.9073,53.9427,54.3990,53.9961
2024-01-29,55.2261,55.2816,54.7083,54.8655,14547100,KO,55.2543,55.0257,54.4407,54.3980,52.9243,53.9681,54.3920,54.0084
2024-01-30,55.3833,55.4943,54.9672,55.3371,22061500,KO,55.2992,55.0597,54.4988,54.4366,52.9432,53.9961,54.3837,54.0220
2024-01-31,55.0042,55.8918,54.8193,55.5682,22837000,KO,55.2839,55.0544,54.5504,54.4589,52.9624,54.0161,54.3740,54.0318
2024-02-01,56.3819,56.4096,54.8840,55.0782,15870900,KO,55.3311,55.1809,54.6275,54.5343,52.9953,54.0629,54.3693,54.0552
2024-02-02,55.9750,56.2802,55.6884,56.2339,17544900,KO,55.3671,55.2565,54.6940,54.5908,53.0192,54.1008,54.3622,54.0743
2024-02-05,55.5128,55.8271,55.3648,55.8271,12759600,KO,55.3842,55.2809,54.7396,54.6270,53.0438,54.1287,54.3522,54.0886
2024-02-06,55.4203,55.5220,55.1799,55.4388,12775200,KO,55.3764,55.2942,54.7763,54.6581,53.0662,54.1543,54.3404,54.1019
2024-02-07,55.4665,55.6699,55.4203,55.5405,10259900,KO,55.3759,55.3106,54.8111,54.6898,53.0846,54.1803,54.3285,54.1154
2024-02-08,55.3186,55.4480,54.9302,55.3741,12874800,KO,55.3588,55.3113,54.8450,54.7144,53.1063,54.2028,54.3163,54.1274
2024-02-09,55.0689,55.0874,54.5789,54.9857,15235300,KO,55.3472,55.2883,54.8716,54.7283,53.1222,54.2200,54.3033,54.1368
2024-02-12,55.1984,55.2539,54.5142,55.1614,13516800,KO,55.3153,55.2797,54.9073,54.7468,53.1405,54.2394,54.2923,54.1473
2024-02-13,54.8748,56.0860,54.3570,55.0135,24195700,KO,55.2858,55.2411,54.9241,54.7518,53.1532,54.2520,54.2791,54.1546
2024-02-14,54.8193,55.0967,54.5881,54.7083,15872500,KO,55.2534,55.2010,54.9362,54.7544,53.1736,54.2632,54.2635,54.1612
2024-02-15,54.9210,55.0967,54.6714,54.9395,13695800,KO,55.2183,55.1743,54.9515,54.7610,53.1944,54.2762,54.2477,54.1688
2024-02-16,54.9118,55.1244,54.5142,54.8748,13947100,KO,55.1979,55.1493,54.9650,54.7669,53.2207,54.2888,54.2332,54.1761
2024-02-20,56.1230,56.2524,55.0227,55.1059,18339300,KO,55.2502,55.2420,55.0038,54.8201,53.2634,54.3251,54.2264,54.1955
2024-02-21,56.6223,56.6592,56.2432,56.3911,14373000,KO,55.3144,55.3735,55.0501,54.8907,53.3164,54.3706,54.2218,54.2197
2024-02-22,56.5391,56.6315,55.9381,56.3911,12982800,KO,55.4180,55.4845,55.0970,54.9554,53.3698,54.4135,54.2153,54.2427
2024-02-23,56.5853,56.9736,56.4004,56.4836,13612900,KO,55.5123,55.5893,55.1370,55.0193,53.4222,54.4566,54.2096,54.2660
2024-02-26,56.1322,56.6500,56.0860,56.6223,10336100,KO,55.5742,55.6410,55.1608,55.0629,53.4746,54.4897,54.2040,54.2846
2024-02-27,55.7901,56.1969,55.5867,55.9750,9931100,KO,55.6024,55.6552,55.1684,55.0915,53.5291,54.5155,54.1962,54.2996
2024-02-28,55.8456,55.9288,55.5312,55.8179,8076500,KO,55.6255,55.6734,55.1936,55.1210,53.5826,54.5418,54.1870,54.3150
2024-02-29,55.4943,56.0675,55.3833,55.7994,18152700,KO,55.6500,55.6563,55.2198,55.1357,53.6571,54.5607,54.1750,54.3267
2024-03-01,55.0412,55.3833,54.8655,55.3833,10927600,KO,55.5830,55.5977,55.2293,55.1320,53.7201,54.5702,54.1614,54.3338
2024-03-04,55.3001,55.4295,54.7546,54.7638,10150200,KO,55.5493,55.5694,55.2474,55.1386,53.7880,54.5847,54.1524,54.3434
2024-03-05,55.0320,55.5775,54.9395,55.3925,12310000,KO,55.5252,55.5182,55.2827,55.1344,53.8427,54.5935,54.1424,54.3503
2024-03-06,55.0597,55.4758,54.9025,55.0320,12378800,KO,55.5072,55.4745,55.3116,55.1314,53.9006,54.6027,54.1341,54.3573
2024-03-07,54.9580,55.2631,54.7731,55.1891,13686900,KO,55.4818,55.4253,55.3323,55.1246,53.9658,54.6098,54.1252,54.3633
2024-03-08,55.0320,55.2816,54.5234,54.8285,13239000,KO,55.4674,55.3879,55.3500,55.1210,54.0309,54.6181,54.1225,54.3700
2024-03-11,55.6977,55.7439,55.0874,55.2723,14114300,KO,55.4989,55.4174,55.3783,55.1436,54.0978,54.6395,54.1238,54.3832
2024-03-12,55.9381,56.1692,55.6699,55.7716,12684600,KO,55.5359,55.4670,55.4107,55.1748,54.1612,54.6652,54.1285,54.3987
2024-03-13,56.5113,56.5945,56.2154,56.2894,13909500,KO,55.6177,55.5664,55.4512,55.2272,54.2305,54.7018,54.1383,54.4197
2024-03-14,56.3855,56.6651,56.2923,56.4601,13996600,KO,55.6960,55.6444,55.4727,55.2726,54.2958,54.7351,54.1481,54.4392
2024-03-15,55.8077,56.3389,55.5840,55.9381,36849900,KO,55.7403,55.6600,55.4801,55.2936,54.3534,54.7564,54.1571,54.4529
2024-03-18,56.0407,56.2923,55.7331,55.8170,15856700,KO,55.7968,55.6962,55.4958,55.3229,54.4177,54.7818,54.1679,54.4687
2024-03-19,56.1339,56.2457,55.9754,56.1432,15030600,KO,55.7973,55.7379,55.5151,55.3547,54.4686,54.8086,54.1776,54.4852
2024-03-20,56.6185,56.6744,56.0686,56.0873,15258800,KO,55.7971,55.8218,55.5359,55.4043,54.5200,54.8444,54.1845,54.5065
2024-03-21,56.3575,56.8422,56.2177,56.4414,13067100,KO,55.7881,55.8728,55.5535,55.4416,54.5720,54.8744,54.1920,54.5249
2024-03-22,56.3762,56.6558,56.3203,56.4041,11502800,KO,55.7776,55.9207,55.5678,55.4783,54.6290,54.9041,54.2015,54.5433
2024-03-25,56.2923,56.5812,56.0313,56.3669,13144700,KO,55.7856,55.9561,55.5877,55.5102,54.6769,54.9316,54.2110,54.5607
2024-03-26,56.4228,56.5812,56.2737,56.3855,13277400,KO,55.8172,56.0006,55.5994,55.5460,54.7229,54.9611,54.2205,54.5792
2024-03-27,56.8794,57.2522,56.5719,56.6558,12551200,KO,55.8689,56.0843,55.6277,55.5983,54.7740,54.9991,54.2318,54.6021
2024-03-28,57.0192,57.0938,56.8515,56.9820,13683500,KO,55.9452,56.1733,55.6587,55.6540,54.8205,55.0391,54.2450,54.6262
2024-04-01,56.5532,57.1311,56.5067,57.0192,11668700,KO,56.0208,56.2095,55.6773,55.6893,54.8656,55.0691,54.2548,54.6453
2024-04-02,56.0593,56.5999,56.0220,56.3389,13017300,KO,56.0587,56.1952,55.6921,55.7038,54.9036,55.0887,54.2602,54.6594
2024-04-03,55.7611,56.2830,55.7145,55.9661,13672900,KO,56.0952,56.1538,55.7058,55.7060,54.9367,55.1020,54.2604,54.6704
2024-04-04,55.2671,56.0593,55.1459,56.0034,14320700,KO,56.1056,56.0694,55.7044,55.6888,54.9657,55.1053,54.2561,54.6763
2024-04-05,55.4628,55.6213,54.9036,55.2205,10157800,KO,56.1308,56.0116,55.7243,55.6800,55.0006,55.1124,54.2547,54.6841
2024-04-08,55.2391,55.4255,55.0527,55.3603,10284500,KO,56.1412,55.9381,55.7351,55.6627,55.0327,55.1149,54.2513,54.6897
2024-04-09,55.6585,55.6772,55.1087,55.4349,10779100,KO,56.1392,55.9114,55.7504,55.6625,55.0670,55.1256,54.2482,54.6993
2024-04-10,54.9129,55.3510,54.6986,55.2857,11861900,KO,56.0880,55.8163,55.7441,55.6331,55.0924,55.1214,54.2443,54.7014
2024-04-11,55.0341,55.3323,54.7918,55.1273,11109000,KO,56.0141,55.7418,55.7371,55.6096,55.1179,55.1197,54.2409,54.7047
2024-04-12,54.3165,54.9968,54.1767,54.9409,12250900,KO,55.9106,55.6061,55.7234,55.5589,55.1369,55.1038,54.2345,54.7009
2024-04-15,54.1860,54.8104,54.0928,54.6240,12425000,KO,55.8296,55.4708,55.6795,55.5051,55.1535,55.0856,54.2300,54.6957
2024-04-16,54.1114,54.4097,53.9903,54.2885,11236800,KO,55.7331,55.3414,55.6422,55.4504,55.1681,55.0663,54.2275,54.6899
2024-04-17,54.5308,54.5774,54.1487,54.3165,13805100,KO,55.6529,55.2642,55.6226,55.4144,55.1811,55.0557,54.2261,54.6883
2024-04-18,54.9036,54.9689,54.5588,54.6333,11125900,KO,55.5672,55.2298,55.6122,55.3943,55.1942,55.0527,54.2250,54.6905
2024-04-19,56.0779,56.2550,54.9875,55.0807,21207900,KO,55.5532,55.3106,55.6245,55.4211,55.2178,55.0730,54.2276,54.7043
2024-04-22,56.4321,56.5067,55.6585,56.0500,15624500,KO,55.5560,55.4174,55.6467,55.4608,55.2458,55.0999,54.2342,54.7215
2024-04-23,56.5160,56.5532,56.0407,56.4134,13689100,KO,55.5672,55.5220,55.6757,55.5022,55.2736,55.1280,54.2449,54.7393
2024-04-24,57.3641,57.4573,55.7704,56.2177,19548300,KO,55.6143,55.6975,55.7190,55.5752,55.3131,55.1722,54.2618,54.7655
2024-04-25,57.5412,58.3334,57.1963,57.6623,19048500,KO,55.6474,55.8731,55.7723,55.6523,55.3482,55.2192,54.2787,54.7931
2024-04-26,57.5412,57.7182,57.1777,57.3641,10994300,KO,55.6735,56.0319,55.8267,55.7263,55.3815,55.2651,54.2941,54.8204
2024-04-29,57.8208,57.8301,57.3454,57.7089,13409300,KO,55.7368,56.2023,55.8847,55.8085,55.4181,55.3157,54.3086,54.8503
2024-04-30,57.5691,58.5570,57.2895,57.9140,19349200,KO,55.8123,56.3325,55.9379,55.8775,55.4515,55.3604,54.3193,54.8773
2024-05-01,57.7182,58.3147,57.0472,57.5971,16729800,KO,55.9102,56.4644,55.9698,55.9497,55.4868,55.4071,54.3312,54.9056
2024-05-02,57.7742,58.1563,57.5225,57.9512,10991300,KO,56.0355,56.5892,55.9928,56.0213,55.5215,55.4539,54.3445,54.9341
2024-05-03,57.9419,58.0910,57.4480,57.7742,11628700,KO,56.1595,56.7180,56.0209,56.0966,55.5590,55.5032,54.3537,54.9641
2024-05-06,58.1097,58.1376,57.6903,58.0631,9310700,KO,56.3030,56.8506,56.0514,56.1755,55.5942,55.5548,54.3603,54.9954
2024-05-07,58.3613,58.5477,58.0165,58.4918,9807000,KO,56.4381,56.9944,56.0960,56.2612,55.6284,55.6104,54.3680,55.0289
2024-05-08,58.5757,58.6875,58.2308,58.5757,10484400,KO,56.6213,57.1450,56.1517,56.3520,55.6600,55.6691,54.3767,55.0642
2024-05-09,58.6036,58.8553,58.4825,58.5384,9113700,KO,56.7998,57.2839,56.2068,56.4403,55.7002,55.7272,54.3864,55.0994
2024-05-10,58.9578,59.0510,58.5198,58.6409,8371700,KO,57.0318,57.4434,56.2761,56.5390,55.7480,55.7912,54.3943,55.1378
2024-05-13,59.2560,59.2933,58.8832,58.9392,10137600,KO,57.2853,57.6160,56.3604,56.6456,55.7948,55.8598,54.4065,55.1787
2024-05-14,58.8087,59.4238,58.5291,59.2560,10852200,KO,57.5202,57.7296,56.4306,56.7304,55.8390,55.9182,54.4162,55.2149
2024-05-15,58.8366,59.0789,58.7155,58.7714,9838900,KO,57.7355,57.8350,56.5067,56.8130,55.8947,55.9760,54.4286,55.2509
2024-05-16,59.0137,59.3958,58.7807,58.9392,10228000,KO,57.9410,57.9473,56.5857,56.8993,55.9486,56.0361,54.4426,55.2883
2024-05-17,58.7434,59.0603,58.6595,59.0323,11539000,KO,58.0743,58.0231,56.6614,56.9716,55.9969,56.0897,54.4544,55.3227
2024-05-20,58.3147,58.7248,58.2122,58.6502,11000900,KO,58.1684,58.0509,56.7271,57.0243,56.0386,56.1338,54.4655,55.3525
2024-05-21,58.6316,58.6968,58.1936,58.5477,9796200,KO,58.2742,58.1062,56.7858,57.0873,56.0820,56.1833,54.4824,55.3851
2024-05-22,58.7155,58.7341,58.3986,58.4452,7419400,KO,58.3417,58.1642,56.8413,57.1512,56.1260,56.2334,54.4975,55.4183
2024-05-23,57.8674,58.6036,57.8301,58.2402,9834300,KO,58.3581,58.1359,56.8684,57.1793,56.1598,56.2658,54.5096,55.4426
2024-05-24,57.7835,58.1749,57.7555,57.9885,8203100,KO,58.3702,58.1024,56.8964,57.2030,56.1846,56.2958,54.5207,55.4659
2024-05-28,57.6157,57.9046,57.2243,57.5878,12347000,KO,58.3599,58.0560,56.9326,57.2191,56.2063,56.3220,54.5316,55.4873
2024-05-29,57.5039,57.6716,56.9167,57.2895,11861800,KO,58.3567,58.0034,56.9618,57.2303,56.2288,56.3454,54.5407,55.5074
2024-05-30,57.7555,57.8580,57.4107,57.6437,9433800,KO,58.3585,57.9798,56.9943,57.2509,56.2547,56.3733,54.5525,55.5297
2024-05-31,58.6502,58.7434,57.4946,57.7742,19816600,KO,58.4023,58.0437,57.0349,57.3058,56.2854,56.4184,54.5706,55.5608
2024-06-03,58.6502,58.7994,58.2029,58.4452,9369000,KO,58.4377,58.1014,57.0808,57.3585,56.3171,56.4626,54.5886,55.5915
2024-06-04,59.5915,59.6195,58.6595,58.9019,11895600,KO,58.5118,58.2434,57.1451,57.4461,56.3565,56.5245,54.6108,55.6313
2024-06-05,59.5729,59.7127,59.0417,59.6381,9632500,KO,58.5724,58.3700,57.2107,57.5295,56.3992,56.5849,54.6313,55.6706
2024-06-06,59.7873,59.9830,59.4983,59.5729,8658500,KO,58.6330,58.5050,57.2780,57.6180,56.4387,56.6483,54.6553,55.7115
2024-06-07,59.5636,59.8525,59.4704,59.7313,9523100,KO,58.6810,58.6058,57.3316,57.6943,56.4797,56.7060,54.6798,55.7498
2024-06-10,59.2653,59.6381,59.0603,59.5915,15685300,KO,58.6964,58.6686,57.3766,57.7559,56.5176,56.7567,54.7019,55.7848
2024-06-11,59.2281,59.3213,58.7807,59.2653,8396000,KO,58.6950,58.7219,57.4301,57.8137,56.5537,56.8056,54.7245,55.8191
2024-06-12,58.6036,59.3585,58.4265,59.3585,9569600,KO,58.6847,58.7106,57.4810,57.8446,56.5865,56.8413,54.7427,55.8468
2024-06-13,58.7062,58.7528,58.2029,58.5850,9668900,KO,58.6782,58.7102,57.5399,57.8784,56.6228,56.8782,54.7607,55.8752
2024-06-14,58.7484,58.8799,58.3164,58.5887,8179200,KO,58.6649,58.7138,57.6095,57.9125,56.6569,56.9152,54.7791,55.9038
2024-06-17,58.8142,59.0771,58.4009,58.5793,10532700,KO,58.6685,58.7234,57.6765,57.9479,56.7004,56.9528,54.7980,55.9328
2024-06-18,58.8236,59.0020,58.6451,58.7296,10651700,KO,58.6939,58.7329,57.7482,57.9822,56.7416,56.9899,54.8199,55.9616
2024-06-20,58.4009,58.9269,58.1849,58.6075,13306300,KO,58.6824,58.7013,57.8030,57.9987,56.7767,57.0178,54.8420,55.9858
2024-06-21,58.9550,59.2650,58.4009,58.4009,28278100,KO,58.6943,58.7255,57.8839,58.0362,56.8140,57.0562,54.8691,56.0154
2024-06-24,60.0821,60.1666,59.0865,59.1617,13212500,KO,58.8051,58.8547,57.9848,58.1164,56.8610,57.1161,54.9021,56.0558
2024-06-25,59.9600,60.1760,59.6501,60.0539,10235300,KO,58.9139,58.9599,58.0977,58.1887,56.9106,57.1724,54.9365,56.0947
2024-06-26,60.1573,60.2136,59.3871,59.5468,9402500,KO,59.0410,59.0740,58.2171,58.2659,56.9483,57.2315,54.9718,56.1351
2024-06-27,60.0258,60.3639,59.7534,60.1572,8494100,KO,59.1671,59.1646,58.3354,58.3349,56.9888,57.2868,55.0040,56.1738
2024-06-28,59.7816,60.1666,59.6595,60.0164,17358800,KO,59.2684,59.2234,58.4404,58.3916,57.0315,57.3362,55.0377,56.2097
2024-07-01,59.4341,60.3921,59.2838,60.1385,10033400,KO,59.3076,59.2434,58.5311,58.4325,57.0716,57.3778,55.0689,56.2418
2024-07-02,59.3120,59.5280,59.0396,59.4153,8878200,KO,59.3407,59.2500,58.5957,58.4670,57.1101,57.4161,55.0973,56.2723
2024-07-03,59.4810,59.8003,59.1053,59.3495,9154200,KO,59.3351,59.2720,58.6567,58.5068,57.1517,57.4570,55.1290,56.3043
2024-07-05,59.8849,59.9131,59.1711,59.4810,11735500,KO,59.3507,59.3303,58.7241,58.5608,57.1999,57.5050,55.1610,56.3399
2024-07-08,59.1335,59.7252,59.0208,59.7252,11235100,KO,59.3180,59.3116,58.7595,58.5833,57.2392,57.5373,55.1899,56.3677
2024-07-09,58.8799,59.3871,58.7860,59.2274,11657500,KO,59.2839,59.2705,58.7863,58.5949,57.2793,57.5639,55.2162,56.3927
2024-07-10,59.0114,59.0396,58.5042,58.9081,11930400,KO,59.2712,59.2458,58.8157,58.6112,57.3212,57.5925,55.2474,56.4188
2024-07-11,59.2650,59.6031,58.6075,58.8329,11431600,KO,59.2730,59.2476,58.8445,58.6369,57.3646,57.6257,55.2795,56.4471
2024-07-12,59.8285,60.2136,59.5374,59.6031,9201500,KO,59.3343,59.3030,58.8897,58.6836,57.4138,57.6693,55.3172,56.4807
2024-07-15,59.5561,60.0539,59.4998,59.9130,8207500,KO,59.3768,59.3271,58.9265,58.7178,57.4481,57.7066,55.3557,56.5113
2024-07-16,60.3639,60.4014,59.5374,59.5749,9025100,KO,59.4575,59.4258,58.9783,58.7824,57.4856,57.7593,55.4010,56.5497
2024-07-17,61.2467,61.4158,60.4954,60.5517,12508200,KO,59.5792,59.5992,59.0444,58.8790,57.5326,57.8283,55.4512,56.5964
2024-07-18,61.2280,61.8103,60.7865,60.8617,11128200,KO,59.6994,59.7544,59.1067,58.9711,57.5791,57.8956,55.5006,56.6425
2024-07-19,61.3219,61.6506,60.8804,61.6506,13775700,KO,59.8454,59.9036,59.1660,59.0633,57.6310,57.9635,55.5528,56.6890
2024-07-22,60.8335,61.3219,60.4108,61.2843,11794200,KO,59.9393,59.9922,59.2111,59.1327,57.6814,58.0203,55.6052,56.7303
2024-07-23,61.0119,62.0263,60.9086,61.4534,11810300,KO,59.9858,60.0893,59.2593,59.2064,57.7331,58.0796,55.6578,56.7729
2024-07-24,61.8103,61.9606,60.8898,61.1340,13244600,KO,60.0784,60.2532,59.3163,59.3085,57.7962,58.1534,55.7267,56.8230
2024-07-25,62.0545,62.8246,61.8572,62.0263,16328600,KO,60.1732,60.4248,59.3723,59.4162,57.8663,58.2307,55.7932,56.8751
2024-07-26,62.9749,63.0313,61.9981,62.0545,13530100,KO,60.3207,60.6676,59.4556,59.5558,57.9431,58.3246,55.8655,56.9358
2024-07-29,62.7683,62.9561,62.3550,62.8153,12140200,KO,60.4700,60.8677,59.5343,59.6818,58.0205,58.4126,55.9316,56.9938
2024-07-30,63.5666,63.7075,62.3269,62.4396,13258000,KO,60.6766,61.1247,59.6253,59.8341,58.1055,58.5147,56.0031,57.0592
2024-07-31,62.6838,63.5009,62.5617,63.3976,15576800,KO,60.8452,61.2732,59.7041,59.9459,58.1828,58.5972,56.0743,57.1152
2024-08-01,63.8296,63.9705,62.6462,62.9280,16495900,KO,61.0627,61.5167,59.8144,60.0982,58.2708,58.7008,56.1509,57.1820
2024-08-02,65.1163,65.4357,63.5760,64.3650,22514800,KO,61.3242,61.8595,59.9441,60.2950,58.3649,58.8279,56.2314,57.2609
2024-08-05,63.9611,65.3230,63.6136,64.7970,25484300,KO,61.5656,62.0597,60.0490,60.4387,58.4452,58.9295,56.3032,57.3276
2024-08-06,63.9141,64.6561,63.6512,64.0081,12969100,KO,61.8173,62.2363,60.1700,60.5750,58.5192,59.0282,56.3749,57.3931
2024-08-07,64.2992,64.9755,63.7075,63.9141,13365300,KO,62.0817,62.4327,60.3003,60.7211,58.5983,59.1326,56.4471,57.4618
2024-08-08,64.5528,64.6749,63.7263,63.8672,15240900,KO,62.3461,62.6347,60.4390,60.8713,58.6858,59.2399,56.5196,57.5324
2024-08-09,64.5059,64.6092,64.1020,64.5246,12080400,KO,62.5800,62.8129,60.5791,61.0139,58.7704,59.3442,56.5941,57.6018
2024-08-12,64.0269,64.3744,63.7075,64.2898,11012300,KO,62.8035,62.9285,60.7045,61.1320,58.8494,59.4369,56.6590,57.6657
2024-08-13,64.2992,64.4401,63.8766,63.9423,9877600,KO,63.0003,63.0590,60.8175,61.2562,58.9262,59.5332,56.7231,57.7317
2024-08-14,64.4119,64.7031,63.9893,64.0832,14328000,KO,63.1585,63.1879,60.9327,61.3800,59.0067,59.6298,56.7893,57.7982
2024-08-15,64.4777,64.7313,64.3368,64.4495,11285100,KO,63.3210,63.3107,61.0304,61.5015,59.0877,59.7258,56.8584,57.8647
2024-08-16,64.9755,65.0882,64.4683,64.6561,12651200,KO,63.5037,63.4693,61.1385,61.6377,59.1746,59.8298,56.9257,57.9354
2024-08-19,64.7876,65.2009,64.6655,65.1351,9843900,KO,63.7014,63.5948,61.2385,61.7612,59.2582,59.9280,56.9906,58.0036
2024-08-20,65.1633,65.1727,64.5904,64.7970,11957400,KO,63.9090,63.7442,61.3505,61.8946,59.3411,60.0316,57.0575,58.0748
2024-08-21,65.3418,65.8677,65.1163,65.2572,8792400,KO,64.0856,63.8964,61.4720,62.0298,59.4243,60.1368,57.1224,58.1471
2024-08-22,65.1163,65.6705,64.6092,65.6705,12509200,KO,64.2386,64.0125,61.5898,62.1509,59.5099,60.2354,57.1877,58.2165
2024-08-23,65.5484,65.6047,64.7501,65.1821,11834700,KO,64.3673,64.1588,61.7287,62.2841,59.6048,60.3406,57.2542,58.2894
2024-08-26,66.5346,66.6097,65.4920,65.5860,12912200,KO,64.5556,64.3851,61.8852,62.4508,59.7125,60.4633,57.3246,58.3715
2024-08-27,67.1544,67.1826,66.7318,66.9854,16988400,KO,64.7350,64.6488,62.0534,62.6352,59.8314,60.5957,57.3985,58.4589
2024-08-28,67.3893,67.4456,66.9666,67.2578,13272600,KO,64.9703,64.9098,62.2249,62.8217,59.9507,60.7303,57.4756,58.5477
2024-08-29,67.6710,67.8307,66.9009,67.5302,17201700,KO,65.1624,65.1728,62.4018,63.0118,60.0750,60.8677,57.5538,58.6385
2024-08-30,68.0655,68.1594,67.4174,67.8119,18624200,KO,65.3098,65.4483,62.5951,63.2100,60.1991,61.0102,57.6331,58.7323
2024-09-03,68.5727,68.8357,67.8589,68.0373,14755800,KO,65.5404,65.7459,62.7874,63.4203,60.3357,61.1600,57.7140,58.8302
2024-09-04,68.1500,69.0611,67.5396,68.8451,18140800,KO,65.7522,65.9748,62.9488,63.6058,60.4668,61.2984,57.7924,58.9230
2024-09-05,66.8445,68.2627,66.6661,68.2064,23866100,KO,65.8795,66.0576,63.0865,63.7328,60.5921,61.4082,57.8645,59.0018
2024-09-06,66.8163,67.3141,66.5815,66.6755,17485700,KO,65.9926,66.1299,63.2197,63.8537,60.7184,61.5153,57.9360,59.0795
2024-09-09,67.4832,67.9152,66.6661,66.9009,12939300,KO,66.1415,66.2588,63.3688,63.9961,60.8521,61.6335,58.0101,59.1632
2024-09-10,67.2014,68.0186,67.1732,67.5959,10277600,KO,66.3002,66.3486,63.5172,64.1218,60.9788,61.7438,58.0800,59.2431
2024-09-11,66.7600,67.0324,66.2810,67.0230,11418200,KO,66.4233,66.3877,63.6637,64.2252,61.0974,61.8431,58.1458,59.3179
2024-09-12,66.9009,67.0418,66.3655,66.6849,12337800,KO,66.5477,66.4366,63.8155,64.3302,61.2056,61.9432,58.2117,59.3934
2024-09-13,67.5297,67.5865,66.6503,66.9907,11073800,KO,66.7003,66.5407,63.9765,64.4556,61.3166,62.0539,58.2812,59.4743
2024-09-16,68.1822,68.3146,67.7283,67.8702,10786500,KO,66.8607,66.6971,64.1424,64.6018,61.4333,62.1752,58.3535,59.5610
2024-09-17,67.8985,68.4186,67.8229,67.9931,12974400,KO,67.0162,66.8115,64.3177,64.7311,61.5386,62.2886,58.4259,59.6440
2024-09-18,67.8513,68.4470,67.3973,67.9836,10719700,KO,67.1506,66.9105,64.4972,64.8534,61.6417,62.3987,58.4950,59.7256
2024-09-19,66.7827,68.0309,66.7637,67.6716,13635600,KO,67.2227,66.8983,64.6526,64.9291,61.7341,62.4855,58.5578,59.7958
2024-09-20,67.7472,67.8986,66.5557,66.5841,48578500,KO,67.3542,66.9792,64.8222,65.0396,61.8334,62.5897,58.6258,59.8750
2024-09-23,67.8324,68.2768,67.3122,67.6621,11613000,KO,67.4684,67.0604,64.9823,65.1491,61.9360,62.6935,58.6937,59.9541
2024-09-24,67.4541,67.9175,66.7638,67.3501,13330600,KO,67.5144,67.0979,65.1403,65.2395,62.0334,62.7878,58.7601,60.0288
2024-09-25,67.5676,68.0120,67.4352,67.8134,12329100,KO,67.5350,67.1427,65.2844,65.3308,62.1313,62.8824,58.8264,60.1038
2024-09-26,67.5203,67.7189,66.9907,67.0096,10815200,KO,67.5416,67.1786,65.4098,65.4167,62.2271,62.9743,58.8930,60.1776
2024-09-27,67.8891,68.2768,67.5770,67.6527,11175700,KO,67.5525,67.2463,65.5430,65.5136,62.3249,63.0716,58.9595,60.2543
2024-09-30,67.9553,68.2768,67.7945,68.0877,18015300,KO,67.5470,67.3138,65.6757,65.6094,62.4208,63.1683,59.0246,60.3309
2024-10-01,67.8134,68.7969,67.7378,68.1822,13294500,KO,67.5090,67.3614,65.8153,65.6958,62.5132,63.2603,59.0866,60.4054
2024-10-02,67.1515,67.5487,66.5841,67.5108,11155500,KO,67.4591,67.3414,65.9381,65.7529,62.5987,63.3373,59.1494,60.4725
2024-10-03,66.6881,67.1326,66.3855,67.0096,9374800,KO,67.4513,67.2792,66.0357,65.7896,62.6760,63.4037,59.2120,60.5344
2024-10-04,66.3571,66.4611,65.9316,66.1585,12684800,KO,67.4283,67.1914,66.1217,65.8118,62.7470,63.4622,59.2709,60.5923
2024-10-07,65.2601,66.2909,65.1278,66.2436,14512000,KO,67.3171,67.0074,66.1674,65.7902,62.8115,63.4978,59.3252,60.6387
2024-10-08,65.4209,65.6668,65.1183,65.2885,13549700,KO,67.2281,66.8563,66.2205,65.7757,62.8774,63.5359,59.3860,60.6863
2024-10-09,65.7897,65.9505,65.3169,65.4304,9037700,KO,67.1796,66.7548,66.2649,65.7763,62.9451,63.5805,59.4469,60.7371
2024-10-10,65.4871,66.1112,65.2412,66.0356,8635200,KO,67.1089,66.6340,66.3210,65.7649,63.0126,63.6183,59.5047,60.7844
2024-10-11,65.7897,65.8086,65.2507,65.6857,8786300,KO,67.0219,66.5536,66.3602,65.7659,63.0873,63.6613,59.5629,60.8342
2024-10-14,66.5179,66.6408,65.6952,65.7897,7659300,KO,66.9387,66.5502,66.3882,65.7954,63.1662,63.7178,59.6241,60.8907
2024-10-15,66.5179,67.3406,66.3477,66.6314,10358700,KO,66.8697,66.5471,66.4394,65.8237,63.2442,63.7733,59.6851,60.9467
2024-10-16,66.7354,66.8583,66.1680,66.2815,7937300,KO,66.8139,66.5651,66.4958,65.8595,63.3329,63.8319,59.7463,61.0043
2024-10-17,66.1018,66.8489,65.7992,66.7921,14674600,KO,66.7798,66.5209,66.5318,65.8690,63.4161,63.8769,59.8003,61.0550
2024-10-18,66.6124,66.7165,65.8275,66.0734,15087500,KO,66.7231,66.5297,66.5730,65.8981,63.5060,63.9310,59.8562,61.1103
2024-10-21,65.6762,66.5084,65.5438,66.1963,11981200,KO,66.6153,66.4484,66.5964,65.8894,63.5878,63.9656,59.9083,61.1558
2024-10-22,65.6762,65.9599,64.9481,65.2507,18603300,KO,66.5264,66.3748,66.6294,65.8811,63.6670,63.9995,59.9608,61.2007
2024-10-23,64.3145,64.9670,62.9622,63.3499,24655200,KO,66.3637,66.1786,66.6297,65.8196,63.7236,64.0057,60.0045,61.2317
2024-10-24,63.6431,64.3428,63.3121,63.9740,17568800,KO,66.1699,65.9371,66.6144,65.7343,63.7735,63.9985,60.0453,61.2557
2024-10-25,63.2837,64.0213,63.1608,63.4256,11138100,KO,65.9396,65.6844,66.5905,65.6382,63.8105,63.9844,60.0835,61.2759
2024-10-28,63.0473,63.7376,62.9811,63.3215,10761400,KO,65.6942,65.4333,66.5519,65.5366,63.8452,63.9658,60.1222,61.2935
2024-10-29,61.9976,62.7352,61.9598,62.6879,16525900,KO,65.4034,65.1061,66.4961,65.3978,63.8673,63.9268,60.1530,61.3005
2024-10-30,62.3380,62.9244,61.7707,61.9503,14177800,KO,65.1627,64.8424,66.4396,65.2778,63.8950,63.8954,60.1874,61.3109
2024-10-31,61.7612,62.4042,61.7139,62.2340,13383700,KO,64.9164,64.5490,66.3680,65.1399,63.9200,63.8531,60.2188,61.3153
2024-11-01,61.4775,62.0922,61.3640,61.9125,12163100,KO,64.6724,64.2565,66.2952,64.9963,63.9425,63.8061,60.2481,61.3169
2024-11-04,61.5721,61.8652,61.1371,61.5437,10984500,KO,64.4880,64.0008,66.2157,64.8620,63.9722,63.7618,60.2794,61.3195
2024-11-05,61.8179,61.9125,61.1276,61.1276,8780200,KO,64.3079,63.7929,66.1214,64.7426,64.0033,63.7233,60.3131,61.3244
2024-11-06,60.2387,61.3357,59.7469,60.9196,22899300,KO,64.0303,63.4544,65.9830,64.5660,64.0182,63.6543,60.3376,61.3136
2024-11-07,60.2009,60.8912,60.1441,60.7966,14856100,KO,63.7660,63.1446,65.8393,64.3948,64.0321,63.5860,60.3662,61.3026
2024-11-08,60.4467,60.7493,60.2765,60.4373,14719300,KO,63.4989,62.8876,65.6948,64.2400,64.0483,63.5238,60.3950,61.2941
2024-11-11,59.9172,60.6359,59.8131,60.5129,13980900,KO,63.1688,62.6047,65.5318,64.0705,64.0635,63.4524,60.4201,61.2804
2024-11-12,59.7659,60.2860,59.6902,60.2198,15021000,KO,62.8312,62.3344,65.3557,63.9016,64.0716,63.3794,60.4428,61.2653
2024-11-13,59.5767,59.8226,59.0944,59.6240,13177600,KO,62.4733,62.0717,65.1842,63.7320,64.0665,63.3041,60.4638,61.2485
2024-11-14,59.1512,59.6807,59.0377,59.6807,15910800,KO,62.1257,61.7936,65.0304,63.5524,64.0584,63.2218,60.4845,61.2276
2024-11-15,58.3852,59.2268,58.0542,59.0944,26284300,KO,61.7144,61.4690,64.8617,63.3498,64.0407,63.1261,60.4945,61.1993
2024-11-18,58.4987,58.7634,58.2150,58.4892,16062100,KO,61.3555,61.1861,64.6820,63.1595,64.0254,63.0344,60.5071,61.1725
2024-11-19,59.1890,59.2174,58.2812,58.5365,16254800,KO,61.0311,60.9959,64.5218,63.0038,64.0195,62.9583,60.5255,61.1527
2024-11-20,59.5673,59.5862,58.6500,59.2930,18904900,KO,60.7938,60.8598,64.3779,62.8691,64.0208,62.8911,60.5462,61.1369
2024-11-21,60.2954,60.3427,59.5294,59.7186,17292300,KO,60.6264,60.8061,64.2458,62.7681,64.0307,62.8397,60.5704,61.1286
2024-11-22,60.4467,60.9763,60.1914,60.7493,19562200,KO,60.4846,60.7718,64.1042,62.6771,64.0403,62.7924,60.5960,61.1218
2024-11-25,60.8817,61.1938,60.3711,60.8250,36805300,KO,60.3763,60.7823,63.9582,62.6067,64.0503,62.7545,60.6251,61.1194
2024-11-26,61.0425,61.1276,60.5791,60.8155,14473300,KO,60.3285,60.8071,63.8210,62.5453,64.0694,62.7206,60.6543,61.1186
2024-11-27,60.9290,61.5626,60.7588,61.4302,13263400,KO,60.2581,60.8187,63.6826,62.4820,64.0899,62.6851,60.6846,61.1167
2024-11-29,61.0577,61.2196,60.7623,61.0005,10648400,KO,60.2229,60.8415,63.5681,62.4261,64.1103,62.6529,60.7158,61.1162
2024-12-02,60.6479,61.1625,60.3621,61.0291,16500100,KO,60.1814,60.8230,63.4261,62.3564,64.1242,62.6132,60.7444,61.1115
2024-12-03,60.5241,61.0576,60.0572,60.7146,24874500,KO,60.1290,60.7946,63.2799,62.2845,64.1311,62.5718,60.7725,61.1057
2024-12-04,59.2758,60.3621,58.9805,60.2954,28137700,KO,60.0019,60.6499,63.1164,62.1665,64.1283,62.5066,60.7882,61.0874
2024-12-05,59.9524,60.1429,59.1710,59.5236,21040400,KO,59.9876,60.5835,62.9641,62.0797,64.1242,62.4560,60.8049,61.0762
2024-12-06,59.5808,60.3716,59.5617,59.8666,15581100,KO,59.9566,60.4880,62.8053,61.9817,64.1076,62.3991,60.8201,61.0613
2024-12-09,59.6475,59.9619,58.9805,59.7332,22348300,KO,59.9166,60.4079,62.6404,61.8902,64.0917,62.3446,60.8354,61.0472
2024-12-10,59.9428,60.0667,58.8757,59.7427,14949400,KO,59.9179,60.3636,62.4802,61.8138,64.0780,62.2970,60.8545,61.0362
2024-12-11,59.6856,60.6289,59.4569,60.0286,32819000,KO,59.9139,60.2991,62.3176,61.7303,64.0665,62.2453,60.8739,61.0228
2024-12-12,60.8290,60.9052,60.2382,60.5526,17542100,KO,59.9765,60.3495,62.1912,61.6950,64.0646,62.2173,60.8989,61.0208
2024-12-13,60.1429,60.8290,60.1334,60.5717,13429000,KO,60.0261,60.3299,62.0603,61.6341,64.0480,62.1762,60.9221,61.0121
2024-12-16,59.5998,60.8480,59.4092,60.2477,24559700,KO,60.0868,60.2603,61.9251,61.5543,64.0234,62.1252,60.9449,60.9981
2024-12-17,60.4097,60.5526,59.3807,59.5045,21902400,KO,60.1824,60.2746,61.8281,61.5095,63.9978,62.0912,60.9704,60.9922
2024-12-18,59.8857,60.6384,59.8285,59.8475,20946100,KO,60.2172,60.2375,61.7174,61.4458,63.9689,62.0475,60.9947,60.9812
2024-12-19,59.5045,60.1906,59.4569,59.7427,21300600,KO,60.2141,60.1677,61.5917,61.3697,63.9283,61.9972,61.0169,60.9665
2024-12-20,59.5998,60.0858,59.3425,59.5236,42458100,KO,60.1793,60.1136,61.4740,61.3002,63.8975,61.9497,61.0401,60.9529
2024-12-23,59.4378,59.7999,58.6279,59.5522,13010800,KO,60.1288,60.0493,61.3469,61.2272,63.8536,61.8999,61.0622,60.9378
2024-12-24,59.8761,59.8761,59.0853,59.2663,5019100,KO,60.0786,60.0328,61.2141,61.1742,63.8012,61.8599,61.0831,60.9273
2024-12-26,59.6189,59.7809,59.4569,59.6665,7943800,KO,60.0074,59.9934,61.0761,61.1132,63.7577,61.8155,61.1015,60.9142
2024-12-27,59.5045,59.9809,59.2758,59.5045,8542800,KO,59.9362,59.9468,60.9315,61.0501,63.7137,61.7697,61.1164,60.9002
2024-12-30,59.1043,59.3997,58.7708,59.3997,8972200,KO,59.8385,59.8666,60.7916,60.9738,63.6617,61.7170,61.1300,60.8823
2024-12-31,59.3235,59.4855,58.8852,59.0948,9256700,KO,59.7723,59.8148,60.6458,60.9091,63.6094,61.6696,61.1476,60.8668
2025-01-02,58.9233,59.7904,58.7137,59.4092,12991000,KO,59.6922,59.7299,60.5107,60.8312,63.5536,61.6152,61.1620,60.8475
2025-01-03,58.8375,59.1520,58.7137,58.9805,10403200,KO,59.6703,59.6449,60.3739,60.7531,63.5017,61.5602,61.1755,60.8275
2025-01-06,57.9419,58.6660,57.7990,58.5993,17924200,KO,59.5698,59.4827,60.2465,60.6428,63.4381,61.4885,61.1822,60.7988
2025-01-07,57.9705,58.8090,57.7608,58.2277,17799600,KO,59.4893,59.3387,60.1330,60.5380,63.3737,61.4189,61.1902,60.7706
2025-01-08,58.7994,58.8566,58.0562,58.1134,14412400,KO,59.4469,59.2874,60.0434,60.4698,63.3169,61.3670,61.2023,60.7510
2025-01-10,58.1896,58.7423,57.8657,58.6756,22425000,KO,59.3592,59.1828,59.9462,60.3804,63.2491,61.3041,61.2118,60.7255
2025-01-13,58.7423,58.9328,57.8466,58.2468,18016200,KO,59.3121,59.1409,59.8811,60.3162,63.1886,61.2533,61.2234,60.7058
2025-01-14,59.1139,59.1425,58.4088,58.7518,16658300,KO,59.2263,59.1383,59.8166,60.2690,63.1281,61.2110,61.2346,60.6900
2025-01-15,58.8566,59.6665,58.7708,59.3902,16187200,KO,59.1620,59.1115,59.7585,60.2136,63.0633,61.1644,61.2438,60.6717
2025-01-16,59.3140,59.3616,58.4278,58.5231,12585500,KO,59.1477,59.1307,59.7153,60.1784,63.0052,61.1277,61.2576,60.6582
2025-01-17,59.7523,59.8094,59.2377,59.3711,17948900,KO,59.1148,59.1899,59.6789,60.1616,62.9473,61.1005,61.2760,60.6492
2025-01-21,59.4759,60.2477,59.3616,59.9333,19817100,KO,59.0943,59.2172,59.6320,60.1348,62.8767,61.0683,61.2946,60.6375
2025-01-22,58.8661,59.3521,58.7518,59.1901,18191900,KO,59.0624,59.1837,59.6046,60.0850,62.7938,61.0247,61.3126,60.6199
2025-01-23,58.6279,59.0567,58.4755,58.8852,16528400,KO,59.0138,59.1308,59.5731,60.0279,62.7062,60.9772,61.3284,60.6001
2025-01-24,58.9995,59.0853,58.5422,58.8090,19244600,KO,58.9919,59.1183,59.5442,59.9875,62.6195,60.9381,61.3472,60.5842
2025-01-27,60.8576,61.1529,59.5236,59.9047,20742900,KO,59.0410,59.2839,59.5630,60.0217,62.5474,60.9365,61.3732,60.5869
2025-01-28,59.4188,61.0195,59.3425,60.5145,14956000,KO,59.0310,59.2968,59.5560,59.9980,62.4559,60.9064,61.3958,60.5753
2025-01-29,59.8666,60.3716,59.5998,59.6093,11325600,KO,59.0491,59.3511,59.5618,59.9929,62.3730,60.8858,61.4199,60.5682
2025-01-30,61.0291,61.2577,60.2477,60.8385,13201000,KO,59.1453,59.5109,59.5994,60.0335,62.3149,60.8887,61.4535,60.5728
2025-01-31,60.4860,60.9147,60.4002,60.6956,12096800,KO,59.2034,59.6037,59.6414,60.0512,62.2516,60.8807,61.4850,60.5719
2025-02-03,60.3621,60.6289,59.4855,60.2001,12067900,KO,59.2754,59.6760,59.6787,60.0634,62.1804,60.8704,61.5162,60.5698
2025-02-04,59.7141,60.6289,59.4092,60.6098,15678000,KO,59.3192,59.6796,59.6892,60.0497,62.1055,60.8475,61.5422,60.5613
2025-02-05,60.1429,60.3049,59.6379,59.7618,10686800,KO,59.4293,59.7237,59.7007,60.0534,62.0393,60.8336,61.5684,60.5572
2025-02-06,60.3716,60.7337,59.9428,60.6193,13423400,KO,59.5493,59.7854,59.7022,60.0659,61.9740,60.8244,61.5898,60.5553
2025-02-07,60.8290,60.9052,60.2859,60.4383,13184700,KO,59.6508,59.8848,59.7099,60.0958,61.9070,60.8245,61.6118,60.5580
2025-02-10,61.5055,61.6008,60.6575,61.0767,16154300,KO,59.8166,60.0392,59.7223,60.1511,61.8402,60.8380,61.6368,60.5675
2025-02-11,64.4116,64.4783,63.2778,64.3163,30589100,KO,60.1000,60.4556,59.7897,60.3182,61.8054,60.9088,61.6720,60.6057
2025-02-12,65.4693,65.5741,63.7160,63.7160,26033800,KO,60.4178,60.9331,59.8805,60.5202,61.7816,60.9991,61.7116,60.6541
2025-02-13,66.2220,66.3268,65.5169,65.7456,24393100,KO,60.7861,61.4368,59.9838,60.7438,61.7759,61.1025,61.7550,60.7095
2025-02-14,65.6217,66.7270,65.5169,66.0886,20779100,KO,61.1015,61.8353,60.0833,60.9351,61.7547,61.1920,61.7940,60.7584
2025-02-18,65.7932,66.0981,65.1929,65.3168,15569100,KO,61.4035,62.2123,60.1887,61.1256,61.7343,61.2831,61.8352,60.8085
2025-02-19,66.7651,66.8223,65.9076,65.9457,16032300,KO,61.7680,62.6459,60.3384,61.3467,61.7274,61.3917,61.8804,60.8678
2025-02-20,66.7365,66.7651,66.1458,66.4221,13398000,KO,62.1615,63.0355,60.4741,61.5581,61.7191,61.4975,61.9252,60.9262
2025-02-21,67.9848,68.2230,66.8223,67.0033,21662300,KO,62.6293,63.5068,60.6422,61.8101,61.7237,61.6260,61.9754,60.9964
2025-02-24,67.2606,68.3468,67.0129,67.4988,21418400,KO,63.0424,63.8643,60.7945,62.0239,61.7175,61.7375,62.0212,61.0587
2025-02-25,68.1182,68.3849,67.3940,67.5179,21555600,KO,63.4054,64.2695,60.9580,62.2629,61.7191,61.8639,62.0700,61.1290
2025-02-26,67.4607,67.9181,67.2034,67.9085,14531200,KO,63.8075,64.5734,61.1135,62.4667,61.7156,61.9747,62.1144,61.1920
2025-02-27,67.5274,68.1658,67.0986,67.3845,16789500,KO,64.1906,64.8547,61.2475,62.6652,61.7193,62.0847,62.1590,61.2550
2025-02-28,67.8513,68.1944,67.2320,68.0800,22167400,KO,64.5317,65.1401,61.4016,62.8685,61.7310,62.1989,62.2035,61.3206
2025-03-03,68.9090,68.9471,66.4412,66.9271,21717600,KO,64.9528,65.4991,61.5878,63.1054,61.7565,62.3317,62.2517,61.3961
2025-03-04,66.8795,69.2235,66.5841,68.6708,25411900,KO,65.2787,65.6305,61.7172,63.2534,61.7727,62.4218,62.2921,61.4507
2025-03-05,66.7747,67.4035,66.5460,66.6032,23933600,KO,65.6317,65.7395,61.8550,63.3915,61.7862,62.5080,62.3318,61.5037
2025-03-06,67.1367,67.2034,66.1744,67.0891,21694000,KO,65.9814,65.8726,62.0076,63.5384,61.7997,62.5996,62.3724,61.5597
2025-03-07,68.0610,68.4326,66.3649,66.3649,28393300,KO,66.3659,66.0810,62.1768,63.7157,61.8254,62.7078,62.4190,61.6244
2025-03-10,68.0800,69.7666,67.9562,68.5660,25251200,KO,66.7284,66.2714,62.3497,63.8869,61.8483,62.8142,62.4678,61.6887
2025-03-11,67.6894,68.6422,67.2797,68.4898,28076400,KO,67.0376,66.4064,62.5060,64.0360,61.8600,62.9107,62.5131,61.7484
2025-03-12,66.6413,67.3940,66.4507,67.0510,18923300,KO,67.1491,66.4288,62.6464,64.1382,61.8613,62.9846,62.5527,61.7970
2025-03-13,66.3364,66.9366,66.0124,66.9366,15746600,KO,67.1925,66.4200,62.7830,64.2244,61.8573,63.0510,62.5951,61.8422
2025-03-14,66.3843,66.4803,65.6356,65.7604,14205100,KO,67.2006,66.4166,62.9286,64.3091,61.8601,63.1170,62.6381,61.8874
2025-03-17,67.3058,67.3538,66.3076,66.4611,15634800,KO,67.2848,66.5013,63.0883,64.4266,61.8670,63.1999,62.6865,61.9413
2025-03-18,66.5955,67.3730,66.5187,67.2962,12657600,KO,67.3249,66.5103,63.2417,64.5116,61.8762,63.2671,62.7320,61.9876
2025-03-19,66.4995,66.5955,65.7892,65.7988,14780000,KO,67.3116,66.5092,63.3950,64.5896,61.8845,63.3312,62.7757,62.0325
2025-03-20,66.9123,67.0083,66.3171,66.5283,16295300,KO,67.3204,66.5476,63.5744,64.6807,61.9104,63.4021,62.8170,62.0811
2025-03-21,65.9140,67.1618,65.4437,66.9123,47479500,KO,67.2169,66.4873,63.7332,64.7291,61.9331,63.4518,62.8533,62.1192
2025-03-24,66.1828,66.3075,65.5876,66.0388,12575400,KO,67.1630,66.4583,63.8809,64.7861,61.9621,63.5059,62.8863,62.1597
2025-03-25,66.0484,66.3076,65.8468,66.1828,12513900,KO,67.0595,66.4192,64.0381,64.8356,61.9921,63.5562,62.9187,62.1983
2025-03-26,67.2098,67.5266,66.1348,66.1540,14478200,KO,67.0470,66.4945,64.2074,64.9287,62.0443,63.6286,62.9558,62.2482
2025-03-27,67.9009,68.1409,67.2578,67.3634,11663400,KO,67.0656,66.6285,64.3832,65.0452,62.0999,63.7132,62.9975,62.3045
2025-03-28,67.5458,68.4577,66.7395,67.9681,17412900,KO,67.0504,66.7158,64.5570,65.1433,62.1577,63.7891,63.0389,62.3566
2025-03-31,68.7456,69.0528,67.6610,67.8913,24016900,KO,67.0422,66.9091,64.7456,65.2846,62.2304,63.8872,63.0865,62.4202
2025-04-01,68.9856,69.0240,68.3329,68.8032,15309100,KO,67.1475,67.1069,64.9303,65.4297,62.3046,63.9882,63.1384,62.4855
2025-04-02,68.4673,69.4559,68.1985,69.0720,14606500,KO,67.2321,67.2365,65.1101,65.5488,62.3711,64.0769,63.1872,62.5450
2025-04-03,70.2430,70.9821,69.4175,69.5711,24959600,KO,67.3874,67.5228,65.3376,65.7329,62.4711,64.1990,63.2446,62.6216
2025-04-04,67.1234,70.0798,66.9891,69.5135,26517300,KO,67.3406,67.4848,65.5075,65.7874,62.5403,64.2569,63.2862,62.6664
2025-04-07,65.6261,66.5955,63.3992,63.5719,34258400,KO,67.2179,67.3077,65.6401,65.7811,62.5921,64.2840,63.3202,62.6959
2025-04-08,65.6740,67.1714,65.0405,66.1924,22774400,KO,67.1171,67.1522,65.7364,65.7769,62.6497,64.3115,63.3566,62.7255
2025-04-09,67.1426,67.6418,64.5798,65.1941,27918700,KO,67.1422,67.1512,65.8909,65.8305,62.7235,64.3676,63.3975,62.7695
2025-04-10,67.9201,68.3521,66.2116,67.3730,22450200,KO,67.2213,67.2245,66.0520,65.9124,62.8069,64.4379,63.4367,62.8207
2025-04-11,68.5632,68.9664,67.7090,68.0641,19988200,KO,67.3303,67.3520,66.2026,66.0164,62.9010,64.5196,63.4797,62.8778
2025-04-14,69.5423,69.7439,68.0833,68.4385,13930200,KO,67.4421,67.5606,66.3838,66.1546,63.0126,64.6191,63.5266,62.9442
2025-04-15,68.9760,69.7151,68.8416,69.7055,14965500,KO,67.5611,67.6954,66.5560,66.2653,63.1174,64.7054,63.5714,63.0042
2025-04-16,68.8032,69.7535,68.5248,69.4559,15276200,KO,67.6763,67.8009,66.7378,66.3648,63.2135,64.7865,63.6165,63.0619
2025-04-17,70.0702,70.4830,68.8416,69.0144,20754500,KO,67.8342,68.0170,66.9364,66.5101,63.3185,64.8911,63.6697,63.1316
2025-04-21,69.8495,70.5214,68.9376,70.4350,16037200,KO,68.0310,68.1915,67.1259,66.6411,63.4141,64.9893,63.7224,63.1985
2025-04-22,70.9341,71.3949,69.9934,70.0702,15613500,KO,68.2686,68.4527,67.3280,66.8094,63.5189,65.1070,63.7796,63.2754
2025-04-23,70.3582,70.9821,69.4751,70.3486,16353900,KO,68.4841,68.6342,67.5051,66.9486,63.6137,65.2110,63.8320,63.3459
2025-04-24,69.6095,70.4830,69.3983,70.0894,16893900,KO,68.6040,68.7271,67.6090,67.0529,63.6994,65.2981,63.8844,63.4082
2025-04-25,69.0240,69.9934,68.2753,69.7343,16316000,KO,68.6602,68.7554,67.6801,67.1302,63.7803,65.3719,63.9351,63.4641
2025-04-28,68.9088,69.3599,68.4481,69.1872,15997500,KO,68.7283,68.7700,67.7339,67.2000,63.8588,65.4419,63.9846,63.5183
2025-04-29,69.4463,69.7919,67.4594,68.3329,16244100,KO,68.7634,68.8344,67.8104,67.2881,63.9468,65.5212,64.0355,63.5773
2025-04-30,69.6383,70.5310,68.8128,70.4062,21074700,KO,68.7960,68.9110,67.8873,67.3802,64.0380,65.6028,64.0845,63.6376
2025-05-01,68.4289,69.1488,68.3713,69.1104,18034200,KO,68.7941,68.8650,67.9205,67.4214,64.1295,65.6587,64.1289,63.6853
2025-05-02,68.7744,68.9376,68.2465,68.6304,12629600,KO,68.7207,68.8564,67.9613,67.4744,64.2177,65.7204,64.1710,63.7359
2025-05-05,68.8224,68.9184,68.1601,68.7936,11932700,KO,68.8056,68.8532,67.9780,67.5273,64.3101,65.7818,64.2088,63.7865
2025-05-06,68.8416,69.0144,68.3041,68.8032,12705500,KO,68.9664,68.8521,68.0097,67.5788,64.4021,65.8424,64.2469,63.8368
2025-05-07,69.4943,69.7727,68.7936,68.8416,15018200,KO,69.1574,68.9132,68.0372,67.6539,64.4976,65.9147,64.2878,63.8931
2025-05-08,68.3137,69.5615,68.2753,69.3023,14371100,KO,69.2159,68.8561,68.0542,67.6798,64.5839,65.9622,64.3252,63.9371
2025-05-09,67.6898,68.2945,67.6322,68.1409,11228900,KO,69.2044,68.7450,68.0575,67.6802,64.6525,65.9965,64.3586,63.9744
2025-05-12,66.7395,67.5074,65.9428,67.3346,21539000,KO,69.1132,68.5540,68.0353,67.6433,64.7184,66.0112,64.3832,64.0019
2025-05-13,66.1924,66.8931,66.1060,66.7971,14389100,KO,68.9457,68.3291,67.9809,67.5864,64.7844,66.0148,64.4039,64.0237
2025-05-14,66.3843,66.5571,65.8276,66.1156,16286800,KO,68.8162,68.1439,67.9710,67.5393,64.8441,66.0221,64.4209,64.0472
2025-05-15,68.7360,68.8512,66.8067,66.9027,19817100,KO,68.8128,68.2003,68.0103,67.5862,64.9326,66.0758,64.4508,64.0939
2025-05-16,69.1104,69.3599,68.5633,68.9760,18441200,KO,68.7648,68.2870,68.0497,67.6460,65.0287,66.1359,64.4785,64.1438
2025-05-19,69.0432,69.2735,68.7648,69.1392,13282800,KO,68.7245,68.3590,68.0694,67.7008,65.1231,66.1935,64.5103,64.1925
2025-05-20,68.8128,69.2351,68.5632,68.9184,12137800,KO,68.6184,68.4022,68.0840,67.7444,65.2169,66.2453,64.5352,64.2385
2025-05-21,68.9664,69.1872,68.7072,68.8128,12094400,KO,68.5488,68.4559,68.1096,67.7923,65.3078,66.2992,64.5545,64.2856
2025-05-22,68.2849,69.1008,68.1121,68.9568,11101800,KO,68.4826,68.4397,68.1424,67.8116,65.3944,66.3385,64.5761,64.3253
2025-05-23,68.8896,69.0912,67.8529,68.6688,12822100,KO,68.4759,68.4825,68.1935,67.8539,65.4883,66.3891,64.6010,64.3708
2025-05-27,68.8992,69.3215,68.6880,68.8608,10666100,KO,68.4754,68.5222,68.2438,67.8949,65.5862,66.4388,64.6240,64.4158
2025-05-28,68.2945,69.0144,68.1985,68.8224,8710900,KO,68.4178,68.5005,68.2636,67.9106,65.6759,66.4755,64.6427,64.4544
2025-05-29,68.6208,68.7840,67.6322,68.1505,10291100,KO,68.3669,68.5120,68.3041,67.9384,65.7729,66.5180,64.6632,64.4959
2025-05-30,69.2064,69.5615,68.7360,68.7360,28019500,KO,68.4058,68.5781,68.3582,67.9881,65.8766,66.5712,64.6891,64.5427
2025-06-02,69.1104,69.1488,68.4961,69.1392,10202700,KO,68.4226,68.6288,68.4022,68.0321,65.9883,66.6215,64.7132,64.5882
2025-06-03,68.3041,68.8992,67.6418,68.8320,20139800,KO,68.3967,68.5979,68.4500,68.0428,66.0916,66.6548,64.7327,64.6252
2025-06-04,68.5057,68.9664,67.8433,68.4001,13565900,KO,68.3799,68.5891,68.4964,68.0610,66.1887,66.6915,64.7528,64.6638
2025-06-05,68.0641,68.5920,67.9873,68.5152,13531400,KO,68.3084,68.5391,68.5367,68.0611,66.2874,66.7187,64.7682,64.6976
2025-06-06,68.4865,68.6112,68.0929,68.2273,9524000,KO,68.3170,68.5341,68.5623,68.0778,66.3849,66.7537,64.7867,64.7353
2025-06-09,68.8896,68.9472,68.2369,68.4865,12281300,KO,68.3770,68.5679,68.5821,68.1096,66.4826,66.7960,64.8054,64.7766
2025-06-10,69.4463,69.7727,68.8800,69.0144,12265000,KO,68.5124,68.6516,68.6201,68.1620,66.5885,66.8484,64.8259,64.8231
2025-06-11,69.1776,69.4559,68.8800,69.3695,12718500,KO,68.6616,68.7017,68.6287,68.2018,66.6872,66.8946,64.8462,64.8664
2025-06-12,69.3407,69.4943,68.7264,69.3503,12806900,KO,68.8094,68.7625,68.6358,68.2465,66.7830,66.9430,64.8652,64.9110
2025-06-13,68.6544,69.4857,68.3740,69.3794,17467200,KO,68.8054,68.7522,68.6395,68.2625,66.8748,66.9769,64.8758,64.9482
2025-06-16,68.1710,69.2344,67.9004,68.8284,15045900,KO,68.7584,68.6969,68.5981,68.2589,66.9679,67.0005,64.8808,64.9803
2025-06-17,67.3010,68.1130,67.2623,68.0357,15437000,KO,68.6713,68.5639,68.6017,68.2213,67.0546,67.0065,64.8804,65.0034
2025-06-18,66.9047,67.6684,66.7887,67.6684,16227600,KO,68.5759,68.4059,68.6272,68.1697,67.1337,67.0045,64.8766,65.0223
2025-06-20,66.5470,67.2430,66.4890,66.7887,40859400,KO,68.4549,68.2289,68.6447,68.1061,67.1905,66.9954,64.8690,65.0375
2025-06-23,67.4170,67.4847,66.6727,66.8370,21822800,KO,68.4115,68.1516,68.6502,68.0791,67.2705,67.0038,64.8632,65.0611
2025-06-24,67.8714,68.0067,67.3687,67.6104,15216100,KO,68.3606,68.1249,68.6492,68.0709,67.3506,67.0209,64.8618,65.0891
2025-06-25,67.3107,67.6877,67.1173,67.6007,12540400,KO,68.2812,68.0473,68.6242,68.0411,67.4134,67.0267,64.8641,65.1112
2025-06-26,67.1560,67.5910,66.8467,67.3783,14454100,KO,68.2243,67.9624,68.5764,68.0064,67.4801,67.0292,64.8658,65.1316
2025-06-27,67.9874,68.2097,67.1560,67.2720,23470700,KO,68.1926,67.9648,68.5567,68.0056,67.5563,67.0482,64.8684,65.1600
2025-06-30,68.3934,68.4320,67.7554,67.7940,15429000,KO,68.1519,68.0056,68.5485,68.0208,67.6431,67.0749,64.8743,65.1921
2025-07-01,69.2827,70.0367,68.5384,68.6254,21729300,KO,68.1606,68.1273,68.5327,68.0703,67.7345,67.1186,64.8869,65.2328
2025-07-02,68.5481,69.4374,68.3837,69.3021,13050200,KO,68.1728,68.1673,68.5067,68.0891,67.8163,67.1469,64.8952,65.2658
2025-07-03,68.9734,69.0217,68.1034,68.6737,9440500,KO,68.1961,68.2441,68.4675,68.1237,67.8977,67.1830,64.9024,65.3027
2025-07-07,68.6447,68.9927,68.4417,68.9927,16984700,KO,68.2252,68.2823,68.4332,68.1442,67.9691,67.2120,64.9047,65.3360
2025-07-08,67.9004,68.3257,67.5524,68.3257,17115500,KO,68.1959,68.2459,68.3990,68.1346,68.0040,67.2256,64.9047,65.3615
2025-07-09,67.1657,67.9100,66.6727,67.8230,33704100,KO,68.1097,68.1430,68.3618,68.0966,68.0210,67.2244,64.9013,65.3794
2025-07-10,67.4460,67.5234,66.8563,66.9820,14608400,KO,68.0097,68.0766,68.3326,68.0711,68.0332,67.2288,64.9046,65.4000
2025-07-11,67.5427,67.8230,66.9433,67.2527,12916700,KO,67.9279,68.0258,68.2945,68.0504,68.0524,67.2350,64.9036,65.4213
2025-07-14,67.1560,67.7457,66.9627,67.4750,13983200,KO,67.8187,67.9429,68.2449,68.0153,68.0661,67.2335,64.9002,65.4386
2025-07-15,67.0497,67.2334,66.8467,67.1947,12639800,KO,67.7384,67.8579,68.2173,67.9774,68.0689,67.2298,64.8982,65.4546
2025-07-16,66.9627,67.1850,66.4987,67.0400,13178300,KO,67.6780,67.7726,68.1811,67.9376,68.0712,67.2245,64.8951,65.4696
2025-07-17,68.2387,68.3354,67.1947,67.4847,20464700,KO,67.7249,67.8170,68.1694,67.9495,68.0737,67.2446,64.8987,65.4972
2025-07-18,67.5234,68.3450,67.5040,68.0937,14928000,KO,67.7558,67.7890,68.1430,67.9327,68.0763,67.2501,64.8969,65.5173
2025-07-21,67.7360,68.2677,67.6007,67.8520,17811700,KO,67.8153,67.7840,68.1079,67.9250,68.0725,67.2598,64.8958,65.5394
2025-07-22,67.3397,67.9197,66.4020,67.1367,22339900,KO,67.8114,67.7417,68.0884,67.9021,68.0713,67.2613,64.8934,65.5573
2025-07-23,66.8563,67.4170,66.3150,67.3397,21030000,KO,67.7607,67.6574,68.0717,67.8611,68.0646,67.2533,64.8920,65.5703
2025-07-24,66.7983,67.2334,66.6920,66.9530,12511400,KO,67.7351,67.5755,68.0729,67.8194,68.0541,67.2443,64.8925,65.5825
2025-07-25,66.8660,66.9240,66.4600,66.8273,12574800,KO,67.7206,67.5080,68.0864,67.7820,68.0336,67.2368,64.8951,65.5952
2025-07-28,65.8220,66.6050,65.7930,66.4503,13668800,KO,67.6123,67.3474,68.0751,67.7051,68.0231,67.2088,64.8979,65.5975
2025-07-29,67.0690,67.1077,65.8800,66.0636,16223400,KO,67.5461,67.3209,68.0418,67.6802,68.0260,67.2060,64.9061,65.6121
2025-07-30,66.4600,67.0207,66.2473,66.8080,10448200,KO,67.4049,67.2389,67.9888,67.6323,68.0192,67.1913,64.9095,65.6206
2025-07-31,65.6286,66.3633,65.4836,65.8800,17193400,KO,67.2590,67.0855,67.9205,67.5538,67.9949,67.1603,64.9102,65.6207
2025-08-01,66.5663,66.7403,65.9960,66.3150,16107500,KO,67.1386,67.0361,67.8755,67.5150,67.9798,67.1486,64.9140,65.6301
2025-08-04,66.6630,66.7790,66.0346,66.4310,10701500,KO,67.0395,67.0006,67.8295,67.4816,67.9695,67.1389,64.9148,65.6403
2025-08-05,66.7500,67.1753,66.4600,66.6050,11993400,KO,66.9820,66.9767,67.7988,67.4529,67.9706,67.1312,64.9159,65.6514
2025-08-06,67.1947,67.4750,66.3440,66.8177,10783000,KO,66.9835,66.9975,67.7649,67.4428,67.9792,67.1325,64.9182,65.6667
2025-08-07,68.0840,68.3644,67.0207,67.1463,15790800,KO,67.0154,67.1009,67.7486,67.4680,67.9962,67.1513,64.9281,65.6908
2025-08-08,67.9970,68.5094,67.7457,68.0164,9232700,KO,67.0381,67.1863,67.7426,67.4887,68.0031,67.1681,64.9351,65.7137
2025-08-11,68.3934,68.4997,67.6297,67.9584,10909400,KO,67.0999,67.3012,67.7381,67.5242,68.0211,67.1924,64.9487,65.7404
2025-08-12,68.3547,68.6930,67.8810,68.4610,11061100,KO,67.1652,67.4016,67.7210,67.5568,68.0396,67.2154,64.9620,65.7664
2025-08-13,68.1130,68.4127,67.8907,68.3354,10356500,KO,67.2227,67.4693,67.7011,67.5786,68.0516,67.2331,64.9810,65.7898
2025-08-14,67.2333,68.1130,67.0787,68.0357,10722400,KO,67.1724,67.4469,67.6797,67.5650,68.0648,67.2332,64.9990,65.8041
2025-08-15,67.5910,68.0454,67.2527,67.4170,12381100,KO,67.1758,67.4606,67.6614,67.5660,68.0789,67.2402,65.0205,65.8219
2025-08-18,66.8273,67.7167,66.7500,67.6490,14094900,KO,67.1304,67.4003,67.6367,67.5371,68.0867,67.2321,65.0394,65.8319
2025-08-19,67.7940,67.8810,66.9337,66.9917,13862200,KO,67.1531,67.4378,67.6228,67.5472,68.0925,67.2432,65.0684,65.8514
2025-08-20,68.3450,69.3214,68.0647,68.3837,17530800,KO,67.2275,67.5242,67.6119,67.5784,68.0970,67.2650,65.0984,65.8763
2025-08-21,68.3064,68.5480,67.9874,68.2484,8840400,KO,67.3029,67.5987,67.5891,67.6070,68.1046,67.2856,65.1312,65.9004
2025-08-22,67.7940,68.6544,67.5910,68.5964,12999600,KO,67.3493,67.6173,67.5614,67.6143,68.0951,67.2957,65.1627,65.9193
2025-08-25,66.6340,67.8907,66.4310,67.7747,13634600,KO,67.3899,67.5236,67.5073,67.5759,68.0716,67.2826,65.1881,65.9264
2025-08-26,66.4407,66.7790,66.2957,66.7403,17964200,KO,67.3585,67.4205,67.4630,67.5314,68.0513,67.2659,65.2112,65.9315
2025-08-27,66.5373,66.5760,66.1893,66.5277,11562700,KO,67.3624,67.3364,67.4304,67.4924,68.0142,67.2515,65.2427,65.9375
2025-08-28,66.0830,66.6050,66.0056,66.5857,16209900,KO,67.3851,67.2170,67.4060,67.4371,68.0038,67.2284,65.2721,65.9390
2025-08-29,66.6920,66.8370,66.1506,66.3827,14601100,KO,67.3914,67.1670,67.4017,67.4079,68.0145,67.2177,65.3033,65.9465
2025-09-02,66.7597,67.0303,65.9863,66.6630,24770100,KO,67.3962,67.1282,67.4060,67.3825,68.0253,67.2087,65.3375,65.9546
2025-09-03,66.6920,66.7983,65.1260,66.3730,33581500,KO,67.3933,67.0867,67.3915,67.3554,68.0208,67.1984,65.3721,65.9619
2025-09-04,65.9766,67.1463,65.8413,66.8080,16736000,KO,67.3324,66.9810,67.3536,67.3013,68.0014,67.1742,65.4041,65.9620
2025-09-05,65.6963,66.2957,65.6093,65.7446,23978000,KO,67.2130,66.8586,67.3213,67.2384,67.9727,67.1450,65.4369,65.9594
2025-09-08,65.1840,65.6190,64.9230,65.5996,21671700,KO,67.0724,66.6991,67.2819,67.1578,67.9292,67.1061,65.4709,65.9517
2025-09-09,65.5996,65.8413,65.0390,65.0390,14120600,KO,66.9327,66.5944,67.2341,67.0967,67.8954,67.0763,65.5064,65.9482
2025-09-10,65.5610,65.8220,64.9713,65.5320,16041900,KO,66.7930,66.4960,67.1775,67.0365,67.8630,67.0463,65.5382,65.9443
2025-09-11,65.3676,65.8993,65.3290,65.6576,15128700,KO,66.6557,66.3885,67.0992,66.9710,67.8159,67.0131,65.5672,65.9386
2025-09-12,64.7780,65.4643,64.7103,65.3483,18712400,KO,66.5330,66.2351,67.0238,66.8850,67.7652,66.9688,65.5896,65.9270
2025-09-15,64.4955,65.0507,64.3883,64.9533,15986100,KO,66.3782,66.0695,66.9342,66.7913,67.7008,66.9198,65.6099,65.9128
2025-09-16,64.5247,64.7877,64.3493,64.6318,18555900,KO,66.2631,65.9223,66.8518,66.7024,67.6425,66.8724,65.6281,65.8990
2025-09-17,65.3040,65.3916,64.6903,64.6903,17372300,KO,66.1386,65.8634,66.7999,66.6476,67.5994,66.8413,65.6494,65.8931
2025-09-18,64.7390,65.3040,64.6318,65.0702,17722900,KO,65.9583,65.7563,66.7513,66.5728,67.5566,66.7997,65.6685,65.8816
2025-09-19,64.7098,65.0020,64.3396,64.7682,31192900,KO,65.7784,65.6567,66.6966,66.4997,67.5146,66.7583,65.6867,65.8699
2025-09-22,64.4955,64.8656,64.3688,64.4468,13298700,KO,65.6135,65.5461,66.6357,66.4211,67.4651,66.7135,65.7060,65.8562
2025-09-23,64.9825,65.0312,64.1935,64.6318,15072800,KO,65.5309,65.4924,66.5922,66.3647,67.4185,66.6792,65.7283,65.8476
2025-09-24,64.7292,65.0507,64.2519,64.6903,14759300,KO,65.4454,65.4197,66.5458,66.3005,67.3815,66.6406,65.7555,65.8364
2025-09-25,64.2714,65.1871,64.2422,65.0215,14395000,KO,65.3321,65.3104,66.4920,66.2210,67.3365,66.5937,65.7771,65.8209
2025-09-26,63.9694,64.6124,63.8039,64.3591,17821600,KO,65.2264,65.1827,66.4066,66.1327,67.2880,66.5417,65.7991,65.8024
2025-09-29,64.3299,64.3883,63.6577,63.9694,14818500,KO,65.1083,65.1014,66.3427,66.0620,67.2429,66.4979,65.8225,65.7878
2025-09-30,64.6026,64.9143,64.2519,64.3591,13815000,KO,65.0004,65.0539,66.2800,66.0047,67.1940,66.4604,65.8458,65.7760
2025-10-01,65.0507,65.0994,64.5734,64.7877,14877500,KO,64.9184,65.0536,66.2343,65.9673,67.1613,66.4325,65.8726,65.7688
2025-10-02,64.3883,64.9241,64.1545,64.8072,14350700,KO,64.8389,64.9903,66.1849,65.9054,67.1283,66.3920,65.8904,65.7550
2025-10-03,64.9241,65.2553,64.3299,64.3883,12249200,KO,64.8003,64.9840,66.1474,65.8669,67.1102,66.3629,65.9143,65.7468
2025-10-06,64.3883,64.7779,64.1350,64.7682,14333300,KO,64.7606,64.9272,66.0979,65.8089,67.0921,66.3238,65.9382,65.7332
2025-10-07,65.0604,65.5183,64.1643,64.5052,13328300,KO,64.7336,64.9399,66.0826,65.7796,67.0789,66.2988,65.9615,65.7266
2025-10-08,64.4078,65.1384,64.3493,64.9435,12606700,KO,64.6759,64.8892,66.0294,65.7258,67.0356,66.2614,65.9841,65.7134
2025-10-09,64.6513,65.0702,64.4078,64.5734,12705200,KO,64.6401,64.8666,65.9932,65.6837,66.9910,66.2295,66.0098,65.7029
2025-10-10,65.3040,65.6546,64.6611,64.7974,17991700,KO,64.6664,64.9082,65.9867,65.6688,66.9536,66.2112,66.0384,65.6989
2025-10-13,65.0702,65.0702,64.2909,64.5149,13690000,KO,64.6952,64.9237,65.9568,65.6453,66.9162,66.1886,66.0665,65.6926
2025-10-14,65.7618,65.8202,65.0215,65.1384,14245600,KO,64.7570,65.0035,65.9388,65.6499,66.8841,66.1801,66.0959,65.6933
2025-10-15,65.3429,65.9664,65.1871,65.5280,11193700,KO,64.7590,65.0358,65.9107,65.6378,66.8547,66.1635,66.1246,65.6898
2025-10-16,65.8397,66.3463,65.4209,65.4403,15707200,KO,64.8140,65.1124,65.8836,65.6457,66.8242,66.1571,66.1562,65.6913
2025-10-17,66.6677,66.7262,66.0443,66.2391,15541800,KO,64.9119,65.2605,65.8552,65.6858,66.8019,66.1672,66.1941,65.7010
2025-10-20,66.6677,66.8625,66.1612,66.6580,17786800,KO,65.0205,65.3945,65.8286,65.7243,66.7856,66.1772,66.2308,65.7107
2025-10-21,69.3757,69.5413,68.4114,68.7426,33651300,KO,65.2402,65.7737,65.8483,65.8675,66.7932,66.2405,66.2830,65.7471
2025-10-22,68.9763,69.7654,68.6841,69.5121,18293000,KO,65.4525,66.0787,65.8607,65.9894,66.7909,66.2947,66.3337,65.7793
2025-10-23,68.1289,69.0932,67.9146,68.9763,13989400,KO,65.6454,66.2740,65.8610,66.0733,66.7811,66.3310,66.3847,65.8026
2025-10-24,67.9048,68.2360,67.8464,68.0997,15688200,KO,65.8422,66.4293,65.8745,66.1452,66.7771,66.3622,66.4343,65.8236
2025-10-27,68.2458,68.3042,67.4567,67.9730,13800000,KO,66.0380,66.6023,65.8876,66.2275,66.7745,66.3995,66.4816,65.8477
2025-10-28,68.3432,69.0640,68.1386,68.2360,12730500,KO,66.2250,66.7681,65.9179,66.3105,66.7773,66.4379,66.5323,65.8725
2025-10-29,66.5800,68.2165,66.3950,68.1094,19789600,KO,66.3015,66.7502,65.8936,66.3211,66.7582,66.4408,66.5715,65.8795
2025-10-30,67.1937,67.4957,66.6190,66.6775,14751700,KO,66.4417,66.7924,65.8706,66.3553,66.7412,66.4557,66.6119,65.8926
2025-10-31,67.1158,67.2814,66.1417,66.7749,16742700,KO,66.5513,66.8232,65.8468,66.3851,66.7179,66.4687,66.6532,65.9048
2025-11-03,66.2099,67.1061,65.9079,67.0184,15660400,KO,66.6424,66.7648,65.8151,66.3782,66.6883,66.4636,66.6877,65.9078
2025-11-04,66.8820,66.9502,66.3950,66.6969,12743800,KO,66.7335,66.7760,65.8200,66.3980,66.6637,66.4719,66.7234,65.9175
2025-11-05,66.7359,67.0476,66.4145,66.8820,12850100,KO,66.8499,66.7721,65.8260,66.4113,66.6445,66.4771,66.7597,65.9257
2025-11-06,67.2717,67.3496,66.1612,66.5313,15906700,KO,66.9809,66.8197,65.8406,66.4450,66.6355,66.4929,66.8017,65.9390
2025-11-07,68.7231,69.0348,67.6126,68.0022,25108300,KO,67.1518,67.0010,65.8934,66.5343,66.6497,66.5370,66.8522,65.9667
2025-11-10,68.6938,68.8302,67.6418,68.1971,15318000,KO,67.3330,67.1622,65.9335,66.6190,66.6676,66.5797,66.9006,65.9939
2025-11-11,69.7556,69.8920,68.8302,69.1419,16160200,KO,67.5327,67.4092,65.9934,66.7420,66.6997,66.6426,66.9451,66.0313
2025-11-12,69.6582,70.0284,69.4926,69.6387,13612600,KO,67.7485,67.6234,66.0527,66.8564,66.7221,66.7023,66.9963,66.0674
2025-11-13,69.2296,69.8141,69.1614,69.5705,14002800,KO,67.9180,67.7764,66.1178,66.9494,66.7357,66.7524,67.0431,66.0989
2025-11-14,69.3173,69.7848,68.7718,69.5608,13172000,KO,68.0505,67.9231,66.1902,67.0423,66.7558,66.8032,67.0846,66.1309
2025-11-17,68.8497,69.6777,68.7913,69.3562,14772300,KO,68.1596,68.0114,66.2635,67.1132,66.7727,66.8437,67.1264,66.1579
2025-11-18,69.3757,69.4926,68.7426,69.1517,12838900,KO,68.1596,68.1413,66.3390,67.2019,66.7866,66.8938,67.1715,66.1900
2025-11-19,69.2686,69.5998,68.9763,69.3562,12401500,KO,68.1742,68.2487,66.4132,67.2830,66.7953,66.9409,67.2192,66.2206
2025-11-20,69.3660,69.6290,68.7815,69.1127,15396500,KO,68.2360,68.3551,66.4932,67.3646,66.7962,66.9889,67.2653,66.2519
2025-11-21,71.0609,71.2947,69.6387,69.8238,26492500,KO,68.3938,68.6128,66.6188,67.5096,66.8213,67.0695,67.3188,66.2997
2025-11-24,70.7102,71.2655,69.7167,71.2655,39818600,KO,68.5171,68.8125,66.7431,67.6351,66.8387,67.1416,67.3682,66.3436
2025-11-25,70.7297,71.0414,70.2719,70.9148,17451200,KO,68.6364,68.9951,66.8672,67.7565,66.8595,67.2127,67.4143,66.3873
2025-11-26,70.9927,71.1973,70.5154,70.7200,11795100,KO,68.8570,69.1854,66.9810,67.8834,66.8904,67.2875,67.4472,66.4331
2025-11-28,71.2265,71.3337,70.8758,71.1096,7423000,KO,69.0587,69.3798,67.1107,68.0145,66.9310,67.3655,67.4760,66.4808
2025-12-01,70.5791,71.5208,70.5595,71.2167,14388100,KO,69.2318,69.4940,67.2281,68.1151,66.9624,67.4292,67.4978,66.5216
2025-12-02,69.3235,70.4320,69.0881,70.4320,19871300,KO,69.3875,69.4778,67.3247,68.1624,66.9802,67.4667,67.5163,66.5495
2025-12-03,69.4608,70.0396,69.2646,69.5295,17001700,KO,69.5164,69.4761,67.4142,68.2134,67.0032,67.5062,67.5346,66.5784
2025-12-04,69.1077,69.9807,69.0292,69.4804,17710000,KO,69.6350,69.4410,67.5018,68.2484,67.0238,67.5379,67.5464,66.6036
2025-12-05,68.6663,69.3627,68.5387,68.9802,13978200,KO,69.7048,69.3673,67.5897,68.2648,67.0408,67.5602,67.5560,66.6241
2025-12-08,68.9115,69.0390,68.1660,68.5093,17775100,KO,69.7142,69.3239,67.6886,68.2902,67.0476,67.5870,67.5606,66.6469
2025-12-09,68.7545,69.2842,68.4995,69.0292,13010600,KO,69.7172,69.2696,67.7770,68.3084,67.0599,67.6101,67.5681,66.6678
2025-12-10,68.8722,69.1861,68.4504,69.0488,29789400,KO,69.6730,69.2318,67.8624,68.3305,67.0712,67.6351,67.5719,66.6898
2025-12-11,67.7932,69.3431,67.4793,69.2058,23124200,KO,69.5798,69.0948,67.9173,68.3094,67.0758,67.6382,67.5735,66.7008
2025-12-12,69.1763,69.2744,67.7245,67.7932,18444500,KO,69.5771,69.1025,68.0131,68.3434,67.0990,67.6687,67.5818,66.7254
2025-12-15,69.6178,69.9611,68.9802,69.0881,18660100,KO,69.5922,69.1516,68.1069,68.3934,67.1272,67.7073,67.5906,66.7542
2025-12-16,69.0292,69.9415,68.9802,69.9415,17370000,KO,69.6011,69.1400,68.1997,68.4183,67.1488,67.7334,67.5912,66.7768
2025-12-17,69.3235,69.5687,68.9703,69.2254,13672700,KO,69.5985,69.1574,68.2850,68.4538,67.1838,67.7649,67.6034,66.8021
2025-12-18,69.0194,69.4510,68.8330,68.9311,15524800,KO,69.5861,69.1443,68.3772,68.4760,67.2033,67.7898,67.6147,66.8242
2025-12-19,68.7251,69.4216,68.6957,68.7251,36911100,KO,69.5540,69.1044,68.4587,68.4858,67.2260,67.8083,67.6226,66.8431
2025-12-22,68.8722,68.8821,68.3327,68.5976,12828500,KO,69.4446,69.0823,68.5301,68.5009,67.2584,67.8294,67.6267,66.8633
2025-12-23,68.5387,68.9213,68.3622,68.8624,9471000,KO,69.3360,69.0305,68.5995,68.5024,67.2781,67.8434,67.6290,66.8800
2025-12-24,68.7742,68.8232,68.4210,68.5682,4515300,KO,69.2382,69.0061,68.6597,68.5131,67.2992,67.8618,67.6344,66.8988
2025-12-26,68.5387,68.8232,68.4014,68.6172,5711400,KO,69.1155,68.9616,68.7236,68.5141,67.3171,67.8752,67.6439,66.9152
2025-12-29,68.8232,69.0783,68.5191,68.6663,9686900,KO,68.9954,68.9484,68.7833,68.5262,67.3334,67.8940,67.6563,66.9341
2025-12-30,68.7349,68.9017,68.4701,68.6663,8610900,KO,68.9032,68.9281,68.8246,68.5344,67.3399,67.9107,67.6681,66.9521
2025-12-31,68.5780,68.8232,68.5485,68.7349,8127800,KO,68.8659,68.8947,68.8628,68.5361,67.3457,67.9239,67.6744,66.9682
2026-01-02,67.8030,68.5387,67.6657,68.5191,12151300,KO,68.7830,68.7908,68.8314,68.5073,67.3398,67.9215,67.6805,66.9765
2026-01-05,66.6455,67.6068,66.6259,67.6068,21186600,KO,68.6599,68.5864,68.7848,68.4343,67.3227,67.8962,67.6812,66.9732
2026-01-06,66.5474,66.9496,66.3022,66.7142,21019900,KO,68.5539,68.3922,68.7531,68.3603,67.3071,67.8695,67.6794,66.9690
2026-01-07,66.2531,66.7730,65.9883,66.6946,20223400,KO,68.4210,68.1885,68.7201,68.2777,67.2973,67.8375,67.6811,66.9619
2026-01-08,68.0483,68.1365,66.1648,66.2531,19237000,KO,68.3857,68.1752,68.7161,68.2687,67.3019,67.8417,67.6904,66.9727
2026-01-09,69.1665,69.3137,67.8030,68.1071,19638600,KO,68.4004,68.2696,68.7326,68.3039,67.3253,67.8679,67.7060,66.9945
2026-01-12,69.1567,69.6178,68.9017,69.5491,20582500,KO,68.4686,68.3541,68.7841,68.3374,67.3389,67.8934,67.7157,67.0160
2026-01-13,69.8826,69.8826,68.9311,69.0782,18324800,KO,68.5039,68.4996,68.8379,68.3980,67.3543,67.9328,67.7256,67.0446
2026-01-14,70.0788,70.3437,69.4608,69.8140,16739100,KO,68.5270,68.6500,68.8972,68.4639,67.3720,67.9753,67.7383,67.0748
2026-01-15,69.1371,70.2358,69.0292,70.2260,15464100,KO,68.5324,68.6964,68.9557,68.4903,67.3854,67.9983,67.7402,67.0953
2026-01-16,69.0979,69.3922,68.7055,68.9507,20027500,KO,68.5211,68.7347,69.0000,68.5141,67.4100,68.0201,67.7408,67.1152
2026-01-20,70.3829,70.4123,68.4603,68.6662,22152200,KO,68.5892,68.8916,69.0730,68.5874,67.4495,68.0669,67.7504,67.1477
2026-01-21,70.6380,70.8636,69.4804,70.6085,21660600,KO,68.6849,69.0580,69.1403,68.6678,67.4905,68.1178,67.7524,67.1824
2026-01-22,70.5006,70.6674,70.0788,70.4614,13962800,KO,68.7663,69.1954,69.1759,68.7397,67.5347,68.1650,67.7692,67.2155
2026-01-23,71.4914,71.6679,70.4123,70.6478,18307100,KO,68.9139,69.4140,69.2318,68.8476,67.5826,68.2308,67.7986,67.2580
2026-01-26,71.1775,71.9034,71.1579,71.4718,14017400,KO,69.0341,69.5820,69.2603,68.9390,67.6268,68.2892,67.8261,67.2970
2026-01-27,72.1486,72.1584,70.8930,71.0598,13239200,KO,69.2146,69.8264,69.3101,69.0648,67.6814,68.3656,67.8511,67.3453
2026-01-28,71.6679,72.2173,71.1873,71.8151,14633700,KO,69.3568,70.0018,69.3588,69.1669,67.7383,68.4310,67.8699,67.3883
2026-01-29,72.0309,72.6783,71.7464,71.7857,20862100,KO,69.5216,70.1950,69.4131,69.2792,67.8016,68.5023,67.8872,67.4345
2026-01-30,73.3846,73.4729,72.1388,72.3056,26420500,KO,69.7620,70.4988,69.5038,69.4402,67.8837,68.5990,67.9064,67.4937
2026-02-02,73.8947,74.2576,72.9824,73.5808,19301500,KO,70.0666,70.8222,69.5942,69.6149,67.9666,68.7038,67.9310,67.5574
2026-02-03,75.4250,76.0233,73.6985,73.8358,27007100,KO,70.5055,71.2606,69.7173,69.8427,68.0652,68.8369,67.9641,67.6357
2026-02-04,75.8762,76.6217,75.6114,75.7977,28607300,KO,70.9720,71.7002,69.8475,70.0794,68.1703,68.9763,67.9931,67.7177
2026-02-05,77.0141,77.3574,76.1116,76.3373,21633500,KO,71.5100,72.2063,69.9666,70.3513,68.2927,69.1355,68.0290,67.8102
2026-02-06,77.5242,77.6910,76.7689,77.0043,18512400,KO,71.9838,72.7127,70.1029,70.6326,68.4230,69.3016,68.0619,67.9068
2026-02-09,76.4844,77.6027,76.0626,77.1711,23415600,KO,72.3497,73.0719,70.2179,70.8621,68.5426,69.4438,68.0925,67.9922
2026-02-10,75.3465,76.0332,74.5617,75.1699,28848200,KO,72.6592,73.2886,70.3050,71.0379,68.6430,69.5607,68.1212,68.0653
2026-02-11,77.1024,77.5438,75.1209,75.4152,22649700,KO,73.0202,73.6518,70.4225,71.2758,68.7666,69.7101,68.1616,68.1553
2026-02-12,77.4948,78.8779,77.2888,77.4752,26043500,KO,73.3910,74.0178,70.5609,71.5196,68.8945,69.8642,68.2045,68.2482
2026-02-13,77.1809,77.8872,76.6413,76.9552,16711900,KO,73.7932,74.3190,70.7180,71.7417,69.0213,70.0091,68.2432,68.3371
2026-02-17,78.0441,78.1226,77.2397,77.4850,16260200,KO,74.2405,74.6738,70.8897,71.9888,69.1520,70.1682,68.2852,68.4337
2026-02-18,77.9754,78.3188,77.4163,77.9852,16304900,KO,74.6201,74.9882,71.0670,72.2236,69.2844,70.3228,68.3330,68.5286
2026-02-19,77.4065,78.1520,77.0926,77.9460,14924700,KO,74.9585,75.2185,71.2418,72.4268,69.4158,70.4631,68.3761,68.6170
2026-02-20,78.3188,78.3188,77.3869,77.8185,17175100,KO,75.3494,75.5138,71.4300,72.6579,69.5593,70.6186,68.4236,68.7135
2026-02-23,79.0250,79.3095,77.9852,78.0049,17157700,KO,75.7261,75.8482,71.6354,72.9076,69.7062,70.7851,68.4745,68.8161
2026-02-24,79.1820,79.5449,78.3286,79.0054,16448500,KO,76.1263,76.1657,71.8416,73.1536,69.8520,70.9514,68.5230,68.9192
2026-02-25,78.9368,79.1526,78.0441,78.8681,18086900,KO,76.4658,76.4296,72.0644,73.3804,69.9909,71.1095,68.5761,69.0189
2026-02-26,78.9662,79.3488,78.4953,79.2114,12843200,KO,76.8307,76.6712,72.2602,73.5995,70.1366,71.2651,68.6325,69.1179
2026-02-27,80.0060,80.4376,79.2801,79.3978,28483500,KO,77.2294,76.9888,72.4680,73.8507,70.2875,71.4382,68.6988,69.2262
2026-03-02,78.6915,79.8490,78.6229,79.7019,18137200,KO,77.4948,77.1510,72.6613,74.0405,70.4305,71.5818,68.7613,69.3204
2026-03-03,77.8283,78.5542,77.0632,78.3384,20549300,KO,77.6915,77.2155,72.8314,74.1891,70.5582,71.7055,68.8185,69.4051
2026-03-04,76.6119,77.9558,76.2686,77.7792,21011800,KO,77.7508,77.1580,72.9832,74.2841,70.6802,71.8026,68.8579,69.4768
2026-03-05,75.5623,76.2392,75.0424,76.1999,23165700,KO,77.7351,77.0060,73.1199,74.3342,70.7893,71.8771,68.8902,69.5373
2026-03-06,75.5721,75.7193,74.8953,75.3367,15516000,KO,77.6630,76.8695,73.2539,74.3828,70.8920,71.9503,68.9228,69.5974
2026-03-09,76.3176,76.5825,75.0718,75.1601,18554100,KO,77.6027,76.8169,73.4095,74.4586,71.0045,72.0367,68.9603,69.6642
2026-03-10,76.3961,76.9160,75.6310,76.0037,17243900,KO,77.5983,76.7768,73.5620,74.5346,71.1108,72.1231,68.9975,69.7312
2026-03-11,76.1509,76.2293,75.1405,76.2293,11546800,KO,77.6385,76.7172,73.7142,74.5980,71.2189,72.2028,69.0368,69.7951
2026-03-12,76.1313,76.6708,75.4348,75.9449,16842200,KO,77.5899,76.6614,73.8604,74.6581,71.3218,72.2806,69.0730,69.8581
2026-03-13,76.3880,77.0893,76.2399,76.5165,11974500,KO,77.5346,76.6354,74.0134,74.7260,71.4190,72.3620,69.1105,69.9231
2026-03-16,76.8621,77.4646,76.7831,77.0399,11761200,KO,77.5187,76.6570,74.1791,74.8097,71.5210,72.4511,69.1533,69.9922
2026-03-17,76.6251,77.3362,76.4967,77.0399,14900100,KO,77.4477,76.6539,74.3556,74.8809,71.5935,72.5337,69.1933,70.0582
2026-03-18,75.0349,76.1806,74.9164,76.1313,13134600,KO,77.3007,76.4997,74.5233,74.8870,71.6541,72.5833,69.2225,70.1077
2026-03-19,74.6201,75.5090,74.6003,75.0645,13023300,KO,77.1614,76.3207,74.6848,74.8765,71.7190,72.6236,69.2500,70.1526
2026-03-20,73.8299,75.1139,73.4744,74.6398,33298700,KO,76.9369,76.0835,74.8363,74.8355,71.7782,72.6475,69.2776,70.1892
2026-03-23,74.1855,74.5213,73.6324,74.4127,15054900,KO,76.6949,75.9027,74.9591,74.8100,71.8376,72.6779,69.3060,70.2289
2026-03-24,73.7509,74.7584,73.7114,73.9386,15653700,KO,76.4234,75.6978,75.0508,74.7684,71.8917,72.6992,69.3345,70.2640
2026-03-25,74.3238,74.7189,73.1583,73.6719,14787900,KO,76.1927,75.5670,75.1541,74.7510,71.9691,72.7313,69.3637,70.3044
2026-03-26,73.7707,74.8176,73.7312,74.2645,11202100,KO,75.9330,75.3959,75.2319,74.7126,72.0349,72.7519,69.3881,70.3389
2026-03-27,74.7781,75.1139,73.7806,73.8991,17461000,KO,75.6716,75.3370,75.3259,74.7151,72.1115,72.7920,69.4147,70.3830
2026-03-30,75.3312,76.0522,74.7880,74.9954,18502800,KO,75.5035,75.3365,75.4497,74.7393,72.2027,72.8423,69.4455,70.4323
2026-03-31,75.1139,76.0720,74.5806,75.5880,18301800,KO,75.3678,75.3153,75.5701,74.7540,72.2851,72.8873,69.4744,70.4789
2026-04-01,75.1436,75.4201,74.3337,75.2127,15834300,KO,75.2944,75.2989,75.6653,74.7693,72.3691,72.9320,69.5068,70.5253
2026-04-02,75.7757,76.0127,75.1831,75.6374,14573400,KO,75.3051,75.3443,75.7680,74.8087,72.4542,72.9883,69.5448,70.5775
2026-04-06,76.2695,76.3288,75.2818,75.6967,8259900,KO,75.3400,75.4325,75.8834,74.8660,72.5296,73.0533,69.5897,70.6342
2026-04-07,74.9757,76.6449,74.6991,76.2498,12769200,KO,75.2729,75.3890,75.9531,74.8703,72.5925,73.0913,69.6300,70.6774
2026-04-08,76.3387,76.4177,74.3929,74.8769,12331300,KO,75.2700,75.4794,76.0563,74.9279,72.6583,73.1556,69.6790,70.7337
2026-04-09,77.2177,77.3264,75.4300,75.7065,14311000,KO,75.3233,75.6450,76.1577,75.0177,72.7339,73.2361,69.7280,70.7982
2026-04-10,76.5165,77.2078,76.3584,77.0202,11081400,KO,75.3426,75.7280,76.2547,75.0765,72.8067,73.3010,69.7712,70.8551
2026-04-13,75.4695,76.4967,74.8966,76.3683,12696200,KO,75.2967,75.7033,76.3234,75.0919,72.8683,73.3440,69.8120,70.9010
2026-04-14,74.9658,75.6769,74.8670,75.0349,12397600,KO,75.2018,75.6331,76.3551,75.0869,72.9294,73.3761,69.8511,70.9415
2026-04-15,74.3830,74.8077,73.8003,74.8077,16212100,KO,75.0897,75.5140,76.3648,75.0593,72.9795,73.3960,69.8830,70.9757
2026-04-16,74.2546,74.9065,73.9781,74.1065,11501900,KO,75.0507,75.3941,76.3414,75.0278,73.0294,73.4130,69.9123,71.0083
2026-04-17,74.8077,75.1238,73.8793,74.0275,15033900,KO,75.0601,75.3383,76.3200,75.0191,73.0838,73.4407,69.9400,71.0461
2026-04-20,74.5509,75.2818,74.4324,74.8868,10141800,KO,75.0962,75.2633,76.2708,75.0008,73.1187,73.4626,69.9700,71.0810
2026-04-21,73.7805,74.6003,73.7015,74.5510,11806900,KO,75.0759,75.1221,76.1959,74.9529,73.1494,73.4689,69.9940,71.1079
2026-04-22,73.7114,74.4522,73.6324,73.9781,9352300,KO,75.0739,74.9877,76.1405,74.9042,73.1792,73.4737,70.0194,71.1338
2026-04-23,75.3411,75.7164,74.2349,74.5114,12060300,KO,75.1248,75.0214,76.1403,74.9214,73.2227,73.5107,70.0566,71.1756
2026-04-24,75.6868,76.0621,75.2325,75.7658,12008700,KO,75.2206,75.0847,76.1120,74.9514,73.2673,73.5538,70.0992,71.2205
2026-04-27,74.5114,75.7658,74.4719,75.7658,15812200,KO,75.2073,75.0301,76.0524,74.9341,73.3066,73.5728,70.1345,71.2533
2026-04-28,77.3856,79.3314,77.1189,78.5412,30710700,KO,75.3100,75.2545,76.0565,75.0303,73.3872,73.6483,70.1837,71.3143
2026-04-29,77.8992,78.3042,77.2276,77.4054,18294700,KO,75.4493,75.5064,76.0536,75.1428,73.4716,73.7324,70.2374,71.3798
2026-04-30,77.7906,78.1461,77.3659,77.8301,15142200,KO,75.5816,75.7239,76.0499,75.2466,73.5584,73.8128,70.2911,71.4436
2026-05-01,77.6128,78.6597,77.0794,78.3141,12610400,KO,75.6735,75.9038,76.0540,75.3394,73.6479,73.8881,70.3444,71.5050
2026-05-04,77.2276,77.8004,76.7733,77.0992,12672400,KO,75.7214,76.0299,76.0322,75.4135,73.7311,73.9542,70.3893,71.5619
2026-05-05,77.5140,77.8103,76.7831,77.2276,11637500,KO,75.8483,76.1712,76.0019,75.4958,73.8187,74.0247,70.4393,71.6212
2026-05-06,78.2548,78.3536,77.6029,77.8103,14060300,KO,75.9441,76.3697,75.9834,75.6040,73.9125,74.1084,70.4919,71.6872
2026-05-07,77.4646,78.1758,77.1387,77.8202,16531400,KO,75.9564,76.4739,75.9540,75.6770,74.0092,74.1749,70.5425,71.7447
2026-05-08,77.4548,78.2252,77.1585,77.6029,12447200,KO,76.0033,76.5674,75.9237,75.7467,74.0920,74.2398,70.5955,71.8015
2026-05-11,77.6918,77.7609,76.8819,77.1980,10967900,KO,76.1145,76.6744,75.8775,75.8230,74.1727,74.3082,70.6500,71.8601
2026-05-12,79.0449,79.3314,77.3165,78.0276,19883100,KO,76.3184,76.9002,75.8845,75.9493,74.2729,74.4020,70.7108,71.9316
2026-05-13,79.2721,80.0326,78.8573,78.8869,12357000,KO,76.5629,77.1261,75.9134,76.0796,74.3724,74.4984,70.7781,72.0046
2026-05-14,79.4598,79.9240,78.9264,79.7363,10642000,KO,76.8231,77.3484,75.9704,76.2122,74.4768,74.5967,70.8401,72.0788
2026-05-15,79.8252,80.3586,79.4598,80.3586,17527200,KO,77.0740,77.5842,76.0556,76.3539,74.5878,74.7002,70.9069,72.1559
2026-05-18,80.2005,80.3882,79.4005,79.8746,12375500,KO,77.3565,77.8334,76.1482,76.5047,74.7011,74.8091,70.9797,72.2359
2026-05-19,80.9117,81.6426,80.2598,80.4080,16595200,KO,77.7130,78.1266,76.2401,76.6776,74.8248,74.9300,71.0515,72.3222
2026-05-20,80.5462,81.3858,80.5166,81.1586,16999700,KO,78.0548,78.3570,76.3231,76.8293,74.9425,75.0412,71.1209,72.4041
2026-05-21,80.1709,80.7932,79.7265,80.7833,15708400,KO,78.2963,78.5298,76.4035,76.9603,75.0588,75.1428,71.1880,72.4814
2026-05-22,80.4771,80.6746,79.9240,80.1808,8240200,KO,78.5358,78.7152,76.4904,77.0982,75.1754,75.2484,71.2544,72.5609
2026-05-26,79.4697,80.5956,79.2524,79.8450,13004200,KO,78.7837,78.7871,76.5520,77.1912,75.2827,75.3320,71.3113,72.6297
2026-05-27,80.6154,81.4944,79.8055,80.1018,13209600,KO,78.9452,78.9612,76.6271,77.3255,75.4031,75.4366,71.3744,72.7091
2026-05-28,79.4203,80.7536,79.3511,80.3191,14691400,KO,79.0212,79.0049,76.6830,77.4077,75.5193,75.5155,71.4296,72.7759
2026-05-29,78.0375,79.3413,77.9387,79.0548,32477000,KO,79.0336,78.9128,76.7430,77.4324,75.6332,75.5654,71.4780,72.8282
2026-06-01,77.6721,78.2252,77.4646,77.6128,12776300,KO,79.0366,78.7946,76.8041,77.4418,75.7444,75.6072,71.5258,72.8764
2026-06-02,77.4449,78.2252,77.2869,77.9091,12533200,KO,79.0474,78.6661,76.8764,77.4419,75.8563,75.6435,71.5768,72.9219
2026-06-03,77.7906,78.0572,77.1486,77.3264,14964300,KO,79.0612,78.5827,76.9485,77.4556,75.9538,75.6861,71.6278,72.9703
2026-06-04,75.8745,79.0548,75.8646,78.7980,19361600,KO,78.9422,78.3248,76.9909,77.3935,76.0209,75.6898,71.6731,72.9992
2026-06-05,78.5017,79.7462,76.5263,76.5560,25708100,KO,78.9941,78.3416,77.0745,77.4370,76.1143,75.7455,71.7266,73.0540
2026-06-08,78.5610,78.9462,78.1264,78.3338,12828900,KO,79.0494,78.3625,77.1703,77.4811,76.2011,75.8012,71.7777,73.1088
2026-06-09,80.3388,80.7536,78.4029,78.5709,20591600,KO,79.1817,78.5507,77.2815,77.5931,76.3037,75.8911,71.8378,73.1807
2026-06-10,82.5611,82.8179,81.1092,81.6623,20880500,KO,79.3575,78.9327,77.4261,77.7880,76.4379,76.0232,71.9117,73.2741
2026-06-11,81.5142,83.0056,81.4747,82.8871,14264500,KO,79.4697,79.1785,77.5541,77.9341,76.5621,76.1319,71.9861,73.3561
2026-06-12,81.6031,81.8697,80.8623,81.6920,11757700,KO,79.5768,79.4094,77.6833,78.0780,76.6743,76.2402,72.0619,73.4381
2026-06-15,80.4301,80.7183,79.7740,80.5991,20055200,KO,79.6071,79.5066,77.7764,78.1702,76.7722,76.3232,72.1313,73.5077
2026-06-16,79.8038,80.9072,79.3664,80.6686,17565100,KO,79.5872,79.5349,77.8471,78.2343,76.8652,76.3921,72.1999,73.5703
2026-06-17,79.4559,79.8535,78.5215,79.4758,17055400,KO,79.5144,79.5274,77.9367,78.2822,76.9449,76.4528,72.2638,73.6289
2026-06-18,78.9191,79.5354,78.2729,79.3962,46857900,KO,79.4331,79.4695,77.9883,78.3072,77.0223,76.5016,72.3246,73.6815
2026-06-22,79.0583,79.5851,78.5910,78.7799,21205900,KO,79.3774,79.4303,78.0251,78.3366,77.0914,76.5523,72.3864,73.7350
2026-06-23,79.8336,80.8476,79.3565,80.8476,16854000,KO,79.3453,79.4687,78.0915,78.3953,77.1731,76.6172,72.4557,73.7957
2026-06-24,80.1219,81.0961,80.0821,80.4102,20632600,KO,79.3779,79.5309,78.1845,78.4630,77.2540,76.6866,72.5278,73.8587
2026-06-25,79.9430,80.8973,79.4956,80.0523,16021400,KO,79.3443,79.5702,78.2840,78.5211,77.3196,76.7511,72.6016,73.9192
2026-06-26,82.1399,82.3188,80.2213,80.4798,53357500,KO,79.4802,79.8149,78.4392,78.6630,77.4020,76.8578,72.6843,74.0010
2026-06-29,82.1597,83.1240,81.7224,82.3387,15015800,KO,79.6864,80.0382,78.5973,78.8001,77.4694,76.9628,72.7673,74.0822
2026-06-30,80.7879,82.0504,80.5295,82.0106,16422100,KO,79.8421,80.1096,78.7169,78.8781,77.5185,77.0386,72.8444,74.1489
2026-07-01,80.8078,81.4937,80.4798,81.2154,21734800,KO,80.0103,80.1761,78.8420,78.9537,77.5564,77.1132,72.9245,74.2152
2026-07-02,83.6409,83.6409,80.9172,81.1458,18308400,KO,80.3028,80.5061,79.0392,79.1375,77.6176,77.2425,73.0203,74.3090
2026-07-06,82.4679,84.0584,81.8317,83.6011,18992600,KO,80.6325,80.6929,79.2144,79.2682,77.6774,77.3459,73.1100,74.3901
2026-07-07,83.5514,85.1718,83.1439,84.0982,17835200,KO,80.8850,80.9652,79.3786,79.4361,77.7595,77.4688,73.2012,74.4813
2026-07-08,82.9053,84.3268,82.7761,83.6707,14160000,KO,81.1022,81.1499,79.5229,79.5722,77.8175,77.5765,73.2921,74.5651
2026-07-09,82.1399,82.3287,81.2253,81.6031,15782500,KO,81.1922,81.2442,79.6755,79.6729,77.8639,77.6668,73.3792,74.6405
2026-07-10,82.9948,83.2433,81.9212,82.2393,10694600,KO,81.2139,81.4109,79.7877,79.8031,77.9221,77.7723,73.4717,74.7236
2026-07-13,83.7503,84.1777,83.1737,83.4023,12085800,KO,81.3257,81.6337,79.9047,79.9579,77.9791,77.8907,73.5655,74.8134
2026-07-14,82.5872,84.1280,82.5872,83.6707,13775400,KO,81.3749,81.7245,80.0006,80.0610,78.0253,77.9837,73.6548,74.8908
2026-07-15,81.9609,82.7462,81.7422,82.4381,18383800,KO,81.4515,81.7471,80.0876,80.1355,78.0708,78.0625,73.7433,74.9611
2026-07-16,84.4163,84.4461,82.7860,83.0047,17889900,KO,81.6821,82.0013,80.2314,80.3034,78.1318,78.1883,73.8455,75.0552
2026-07-17,81.0762,85.0525,80.3505,84.8636,32903000,KO,81.7631,81.9132,80.3026,80.3337,78.1523,78.2455,73.9293,75.1151
2026-07-20,81.6329,81.8814,80.8178,81.0663,14967200,KO,81.8988,81.8865,80.3702,80.3847,78.1768,78.3125,74.0144,75.1800
2026-07-21,81.4838,81.9112,80.8376,81.4838,12949400,KO,82.0201,81.8481,80.4506,80.4278,78.2023,78.3753,74.0966,75.2427
2026-07-22,81.7124,82.4281,81.4738,82.3586,11701300,KO,82.1140,81.8352,80.5357,80.4781,78.2297,78.4414,74.1832,75.3071
2026-07-23,80.6885,81.3844,80.4002,81.1856,13755600,KO,82.1423,81.7260,80.5957,80.4864,78.2366,78.4859,74.2620,75.3606
2026-07-24,81.7621,81.8416,80.4201,81.0861,11980400,KO,82.2333,81.7294,80.6500,80.5364,78.2673,78.5508,74.3489,75.4243
2026-07-27,83.5713,83.6409,82.0106,82.5872,19937600,KO,82.3049,81.9048,80.7360,80.6554,78.3247,78.6502,74.4414,75.5054
2026-07-28,87.7464,89.6848,85.7384,87.7762,34982900,KO,82.5842,82.4612,80.9017,80.9335,78.4360,78.8303,74.5581,75.6272
2026-07-29,88.5516,90.3807,88.1142,88.1242,21711700,KO,82.9724,83.0412,81.0762,81.2323,78.5659,79.0228,74.6776,75.7558
2026-07-30,87.9651,88.1142,86.6927,87.1102,17616100,KO,83.3303,83.5102,81.2315,81.4963,78.6899,79.1999,74.7909,75.8773
2026-07-31,87.0704,87.4780,86.3050,87.1400,14725900,KO,83.5017,83.8492,81.3547,81.7149,78.7974,79.3558,74.9009,75.9887
2026-08-03,86.3448,87.9552,86.1161,87.9552,23197100,KO,83.6956,84.0869,81.4707,81.8965,78.8969,79.4942,75.0038,76.0917
2026-08-04,86.0465,86.1658,84.6549,85.2811,17085700,KO,83.8203,84.2735,81.5882,82.0592,78.9958,79.6239,75.1074,76.1907
2026-08-05,86.3149,86.6331,85.6787,86.5336,15868600,KO,83.9908,84.4680,81.7049,82.2261,79.0977,79.7564,75.2097,76.2915
2026-08-06,86.3348,87.4482,85.9074,87.3388,13568500,KO,84.2006,84.6458,81.8423,82.3872,79.1971,79.8867,75.3081,76.3914
2026-08-07,86.5336,86.6529,85.6787,85.9968,11221700,KO,84.3775,84.8256,81.9606,82.5498,79.2938,80.0183,75.4074,76.4923
2026-08-10,86.3547,87.0108,85.9173,86.5933,13710800,KO,84.5077,84.9712,82.0993,82.6990,79.3911,80.1438,75.4923,76.5905
2026-08-11,85.9670,86.5336,85.5992,86.1062,16018000,KO,84.6767,85.0660,82.2579,82.8272,79.5005,80.2591,75.5773,76.6838
2026-08-12,86.1957,86.7722,85.1519,85.2712,12651900,KO,84.8885,85.1736,82.4284,82.9593,79.6162,80.3766,75.6676,76.7784
2026-08-13,86.9014,87.2295,86.3945,86.6231,10140600,KO,85.0127,85.3382,82.6175,83.1139,79.7469,80.5058,75.7626,76.8791
2026-08-14,87.1897,87.4482,86.6828,86.7822,9166400,KO,85.3184,85.5145,82.8055,83.2737,79.8770,80.6382,75.8573,76.9817
2026-08-17,86.4641,87.4979,86.3348,86.7822,12056400,KO,85.5600,85.6049,83.0173,83.3988,80.0041,80.7536,75.9479,77.0761
2026-08-18,88.2931,88.4323,87.3587,87.8756,12524500,KO,85.9004,85.8610,83.2131,83.5908,80.1438,80.9029,76.0565,77.1877
2026-08-19,89.8141,90.2216,88.0645,88.0645,15993900,KO,86.3055,86.2374,83.4382,83.8348,80.3042,81.0793,76.1696,77.3133
2026-08-20,89.9632,91.3251,89.1978,89.6451,14928000,KO,86.7692,86.5923,83.6307,84.0751,80.4561,81.2552,76.2838,77.4392
2026-08-21,90.5596,90.6590,89.7842,90.3111,15595800,KO,87.2091,86.9701,83.7906,84.3294,80.6084,81.4395,76.4056,77.5698
2026-08-24,91.4443,91.9414,90.9075,91.5736,14787700,KO,87.6028,87.3962,83.9892,84.6085,80.7717,81.6376,76.5284,77.7078
2026-08-25,91.0964,91.5338,90.7584,91.0268,11940100,KO,87.7703,87.7486,84.1791,84.8629,80.9312,81.8249,76.6502,77.8410
2026-08-26,89.5457,91.6630,89.4661,91.6630,17133900,KO,87.8200,87.9198,84.3614,85.0465,81.0689,81.9778,76.7615,77.9575
2026-08-27,88.5317,89.4960,88.4323,88.8796,13452600,KO,87.8483,87.9781,84.5360,85.1832,81.1915,82.1076,76.8606,78.0627
2026-08-28,89.1282,89.5059,88.5417,88.6808,9887200,KO,87.9512,88.0876,84.7294,85.3379,81.3330,82.2466,76.9628,78.1728
2026-08-31,88.1440,88.9989,88.0744,88.9790,23764800,KO,88.0411,88.0930,84.9139,85.4479,81.4511,82.3634,77.0547,78.2720
2026-09-01,87.4780,89.2474,87.2891,89.0586,14824100,KO,88.1127,88.0344,85.0823,85.5276,81.5537,82.4646,77.1438,78.3636
2026-09-02,87.7166,88.4224,87.2096,87.3786,18492800,KO,88.1828,88.0041,85.2400,85.6134,81.6657,82.5686,77.2362,78.4567
2026-09-03,88.2832,88.7007,87.4880,87.5874,13763000,KO,88.2802,88.0307,85.4032,85.7181,81.7938,82.6818,77.3311,78.5545
2026-09-04,87.5476,88.3826,87.3289,88.0645,17290700,KO,88.3309,87.9847,85.5553,85.7898,81.9197,82.7782,77.4245,78.6440
2026-09-08,87.8359,88.0247,87.0307,87.0307,19426900,KO,88.4050,87.9705,85.6692,85.8701,82.0542,82.8783,77.5168,78.7354
2026-09-09,87.0307,87.8756,86.8915,87.7862,12337500,KO,88.4582,87.8810,85.7666,85.9156,82.1820,82.9605,77.6057,78.8180
2026-09-10,87.3090,88.4323,87.2792,88.0546,12019900,KO,88.5138,87.8265,85.8970,85.9702,82.3070,83.0466,77.6954,78.9024
2026-09-11,87.7663,88.1242,87.2891,87.9154,9988700,KO,88.5571,87.8208,86.0362,86.0407,82.4391,83.1401,77.7789,78.9906
2026-09-14,88.8200,89.8240,88.3429,89.4661,14066100,KO,88.6386,87.9160,86.1398,86.1497,82.5895,83.2526,77.8694,79.0884
2026-09-15,88.7100,88.9000,87.8000,88.5300,13148900,KO,88.7509,87.9916,86.2646,86.2501,82.7395,83.3606,77.9593,79.1842
2026-09-16,87.8700,88.6600,87.7400,88.4800,17074800,KO,88.7297,87.9800,86.3510,86.3136,82.8648,83.4499,78.0437,79.2706
2026-09-17,88.0600,88.3300,87.5100,88.0800,16563600,KO,88.6420,87.9876,86.4541,86.3821,82.9885,83.5412,78.1279,79.3581
2026-09-18,88.2500,88.2900,87.5200,87.8000,28048200,KO,88.5564,88.0126,86.5763,86.4553,83.1259,83.6345,78.2163,79.4465
2026-09-21,87.1200,88.5000,87.1200,88.3200,18100400,KO,88.3844,87.9276,86.6588,86.4814,83.2232,83.7035,78.3052,79.5229
2026-09-23,88.0900,89.0000,87.6100,88.9500,13016400,KO,88.2167,87.9431,86.7456,86.5445,83.3252,83.7903,78.3984,79.6081
2026-09-24,88.1000,89.3550,88.1000,88.8200,13107391,KO,88.0668,87.9580,86.8559,86.6055,83.4282,83.8757,78.4933,79.6926
