Date,Close,High,Low,Open,Volume,Ticker,SMA_20,EMA_20,SMA_50,EMA_50,SMA_100,EMA_100,SMA_200,EMA_200
2021-09-10,43.9753,45.3708,43.9478,45.3340,6585100,LUV,,43.9753,,43.9753,,43.9753,,43.9753
2021-09-13,44.7373,45.0494,43.5989,44.5537,5511900,LUV,,44.0479,,44.0052,,43.9904,,43.9829
2021-09-14,44.0946,44.9484,43.8192,44.5537,4827500,LUV,,44.0523,,44.0087,,43.9925,,43.9840
2021-09-15,44.4894,44.5170,43.4612,44.1589,4800100,LUV,,44.0940,,44.0275,,44.0023,,43.9890
2021-09-16,45.0953,45.4626,44.6179,44.8750,5701300,LUV,,44.1893,,44.0694,,44.0239,,44.0000
2021-09-17,45.0586,45.7472,44.5904,45.3432,7289500,LUV,,44.2721,,44.1082,,44.0444,,44.0106
2021-09-20,45.5176,45.5727,43.9937,44.8291,7771200,LUV,,44.3907,,44.1635,,44.0736,,44.0256
2021-09-21,45.1229,46.1878,44.8107,45.7196,7660400,LUV,,44.4605,,44.2011,,44.0944,,44.0365
2021-09-22,46.5000,47.0324,45.3248,45.3248,9763600,LUV,,44.6547,,44.2913,,44.1420,,44.0610
2021-09-23,48.0331,48.4646,46.8672,47.0325,10282400,LUV,,44.9765,,44.4380,,44.2191,,44.1005
2021-09-24,48.5197,48.8410,47.9505,48.1066,7030200,LUV,,45.3139,,44.5981,,44.3042,,44.1445
2021-09-27,48.6207,49.9427,48.5105,49.1165,8380100,LUV,,45.6288,,44.7558,,44.3897,,44.1890
2021-09-28,48.7033,49.2266,48.2627,48.5748,6898900,LUV,,45.9217,,44.9106,,44.4751,,44.2339
2021-09-29,48.2351,48.9971,48.1158,48.8410,4848800,LUV,,46.1420,,45.0410,,44.5496,,44.2738
2021-09-30,47.2161,47.9689,46.7111,47.9230,6404600,LUV,,46.2443,,45.1263,,44.6024,,44.3030
2021-10-01,49.8968,50.2273,48.3912,49.3643,12554000,LUV,,46.5921,,45.3134,,44.7072,,44.3587
2021-10-04,50.5486,51.7146,50.3099,51.1546,11905900,LUV,,46.9689,,45.5187,,44.8229,,44.4203
2021-10-05,50.0070,50.9434,49.9244,50.4385,5505200,LUV,,47.2583,,45.6947,,44.9255,,44.4759
2021-10-06,49.9886,50.0345,48.5840,49.1807,6351600,LUV,,47.5183,,45.8631,,45.0258,,44.5307
2021-10-07,49.6122,50.4752,49.5847,50.3926,5066200,LUV,47.1986,47.7177,,46.0101,,45.1166,,44.5813
2021-10-08,49.5020,49.9152,49.1348,49.8417,3220100,LUV,47.4750,47.8877,,46.1470,,45.2035,,44.6303
2021-10-11,47.4364,48.9604,47.3721,47.7302,15630900,LUV,47.6099,47.8447,,46.1976,,45.2477,,44.6582
2021-10-12,47.9046,48.1617,47.1610,47.4915,8399400,LUV,47.8004,47.8504,,46.2645,,45.3003,,44.6905
2021-10-13,47.0508,47.6384,46.5091,47.6200,8532100,LUV,47.9285,47.7742,,46.2954,,45.3350,,44.7140
2021-10-14,47.2895,47.8220,47.1885,47.4180,6090900,LUV,48.0382,47.7281,,46.3344,,45.3737,,44.7396
2021-10-15,46.2337,48.1892,46.1786,47.9597,7598000,LUV,48.0969,47.5858,,46.3304,,45.3907,,44.7545
2021-10-18,45.6921,46.5183,45.5819,45.9124,6134200,LUV,48.1057,47.4054,,46.3054,,45.3967,,44.7638
2021-10-19,45.3340,45.7472,45.1780,45.5268,6543600,LUV,48.1162,47.2081,,46.2673,,45.3954,,44.7695
2021-10-20,45.4167,45.8757,44.8566,45.0402,6995800,LUV,48.0621,47.0375,,46.2339,,45.3958,,44.7759
2021-10-21,44.6730,45.3616,44.4527,45.2606,10788300,LUV,47.8941,46.8123,,46.1727,,45.3815,,44.7749
2021-10-22,43.7274,44.4894,43.5346,44.2048,7623200,LUV,47.6544,46.5185,,46.0768,,45.3488,,44.7645
2021-10-25,43.5897,43.9569,43.3418,43.5989,5916300,LUV,47.4029,46.2396,,45.9793,,45.3139,,44.7528
2021-10-26,43.6907,44.2048,43.4428,44.0671,6975000,LUV,47.1523,45.9968,,45.8895,,45.2818,,44.7422
2021-10-27,42.7543,43.7641,42.6992,43.6999,6391500,LUV,46.8782,45.6880,,45.7666,,45.2317,,44.7224
2021-10-28,43.3694,43.5438,42.6349,42.7175,6011800,LUV,46.6859,45.4672,,45.6726,,45.1949,,44.7090
2021-10-29,43.4061,43.5346,42.9287,43.1674,6079600,LUV,46.3613,45.2709,,45.5837,,45.1594,,44.6960
2021-11-01,45.1045,45.1045,43.2041,43.4612,8375000,LUV,46.0891,45.2551,,45.5649,,45.1584,,44.7001
2021-11-02,44.9025,45.3340,44.6271,45.1412,6211600,LUV,45.8339,45.2215,,45.5389,,45.1533,,44.7021
2021-11-03,45.4075,45.7655,44.6088,44.9117,5590600,LUV,45.6049,45.2392,,45.5338,,45.1583,,44.7091
2021-11-04,45.0494,45.7563,44.7189,45.5727,6709000,LUV,45.3767,45.2211,,45.5148,,45.1562,,44.7125
2021-11-05,47.9505,48.2443,46.7478,46.8029,13022700,LUV,45.2991,45.4811,,45.6103,,45.2115,,44.7447
2021-11-08,47.1610,48.4646,47.0049,48.1984,8151300,LUV,45.2854,45.6411,,45.6711,,45.2501,,44.7687
2021-11-09,46.7387,47.1977,46.1511,46.9590,8148500,LUV,45.2271,45.7456,,45.7130,,45.2796,,44.7883
2021-11-10,45.6186,46.6744,45.2973,46.1236,6815300,LUV,45.1555,45.7335,,45.7093,,45.2863,,44.7966
2021-11-11,45.0586,45.8849,45.0494,45.6462,5117500,LUV,45.0439,45.6692,,45.6838,,45.2818,,44.7992
2021-11-12,44.4527,45.0494,43.9110,45.0494,6455100,LUV,44.9549,45.5534,,45.6355,,45.2654,,44.7958
2021-11-15,45.1045,45.3340,44.6455,45.0403,4400600,LUV,44.9255,45.5106,,45.6147,,45.2622,,44.7988
2021-11-16,43.6999,44.5904,43.6081,44.4894,8331100,LUV,44.8438,45.3382,,45.5396,,45.2312,,44.7879
2021-11-17,43.5163,43.7091,43.0480,43.5254,6664900,LUV,44.7488,45.1647,,45.4602,,45.1973,,44.7752
2021-11-18,42.5707,43.5346,42.2585,43.5071,7392700,LUV,44.6436,44.9176,46.0676,45.3469,,45.1453,,44.7533
2021-11-19,42.9930,43.1399,41.6618,42.3962,9870900,LUV,44.6069,44.7343,46.0479,45.2546,,45.1027,,44.7358
2021-11-22,43.8100,44.0946,43.1215,43.2317,8300100,LUV,44.6179,44.6463,46.0294,45.1979,,45.0771,,44.7266
2021-11-23,43.1307,44.3517,43.0756,44.1681,6264400,LUV,44.5899,44.5019,46.0101,45.1169,,45.0385,,44.7107
2021-11-24,43.1399,43.2500,42.5064,42.6900,4977600,LUV,44.6092,44.3722,45.9831,45.0393,,45.0009,,44.6951
2021-11-26,41.2762,41.7536,40.2204,41.1293,11570900,LUV,44.5046,44.0774,45.9067,44.8918,,44.9272,,44.6611
2021-11-29,40.8906,42.1483,40.5876,41.9923,9893600,LUV,44.3788,43.7739,45.8234,44.7349,,44.8472,,44.6235
2021-11-30,40.7621,41.1109,39.6237,40.3489,12149100,LUV,44.1617,43.4870,45.7282,44.5791,,44.7663,,44.5851
2021-12-01,39.0636,41.8087,38.9168,41.3037,14225800,LUV,43.8697,43.0657,45.6071,44.3628,,44.6534,,44.5302
2021-12-02,41.6250,41.8270,39.3299,39.6604,12908200,LUV,43.6806,42.9285,45.5096,44.2554,,44.5934,,44.5013
2021-12-03,40.6519,41.8637,40.0643,41.3680,8508200,LUV,43.4607,42.7117,45.3619,44.1141,,44.5154,,44.4630
2021-12-06,41.8270,43.1123,41.3037,41.3037,13262600,LUV,43.1545,42.6275,45.2281,44.0244,,44.4622,,44.4367
2021-12-07,41.5057,42.9195,41.1752,42.4421,11351700,LUV,42.8718,42.5206,45.0858,43.9256,,44.4036,,44.4076
2021-12-08,41.5608,42.4789,40.9090,40.9090,12788200,LUV,42.6129,42.4292,44.9429,43.8329,,44.3473,,44.3792
2021-12-09,40.0368,40.7345,39.8165,40.4866,15789200,LUV,42.3338,42.2014,44.7790,43.6840,,44.2620,,44.3360
2021-12-10,38.5312,39.3942,38.1548,38.9994,17075600,LUV,42.0074,41.8518,44.6053,43.4820,,44.1485,,44.2783
2021-12-13,37.1633,38.3108,36.7685,38.0721,12916500,LUV,41.6430,41.4053,44.3506,43.2342,,44.0102,,44.2075
2021-12-14,36.9429,37.8426,36.7960,37.0439,9601200,LUV,41.2349,40.9803,44.0785,42.9875,,43.8702,,44.1352
2021-12-15,36.8236,37.0439,36.1075,36.7318,13099000,LUV,40.8911,40.5844,43.8148,42.7457,,43.7307,,44.0624
2021-12-16,36.2911,37.4111,36.1717,37.4019,13408000,LUV,40.5298,40.1755,43.5409,42.4926,,43.5834,,43.9851
2021-12-17,36.4104,37.1724,35.8780,36.2452,15175600,LUV,40.2218,39.8170,43.2768,42.2541,,43.4413,,43.9097
2021-12-20,36.1350,36.6859,35.4924,35.7219,12253100,LUV,39.8789,39.4663,43.0095,42.0141,,43.2966,,43.8324
2021-12-21,37.5213,38.0170,36.3921,36.4655,12569900,LUV,39.5645,39.2811,42.8112,41.8379,,43.1823,,43.7696
2021-12-22,37.7508,38.1915,37.1449,37.5029,8616000,LUV,39.2955,39.1353,42.6081,41.6777,,43.0747,,43.7097
2021-12-23,38.4394,38.5312,37.8243,38.3567,6587800,LUV,39.0604,39.0690,42.4359,41.5507,,42.9829,,43.6573
2021-12-27,38.3384,38.4761,37.3469,37.6682,6929200,LUV,38.9135,38.9994,42.2569,41.4247,,42.8910,,43.6043
2021-12-28,38.8250,39.2748,38.0262,38.2007,6561000,LUV,38.8103,38.9828,42.1087,41.3227,,42.8104,,43.5568
2021-12-29,38.7056,39.0728,38.3751,38.7699,6724000,LUV,38.7074,38.9564,41.9690,41.2201,,42.7292,,43.5085
2021-12-30,39.2197,39.6512,38.4210,38.5495,7673900,LUV,38.7152,38.9815,41.8467,41.1417,,42.6597,,43.4658
2021-12-31,39.3299,39.6237,39.1187,39.1187,5932100,LUV,38.6005,39.0147,41.7249,41.0706,,42.5937,,43.4247
2022-01-03,40.3948,40.6335,39.0269,39.6328,10571400,LUV,38.5876,39.1461,41.6394,41.0441,,42.5502,,43.3945
2022-01-04,41.0008,41.8087,40.8355,41.0467,11207000,LUV,38.5463,39.3228,41.5848,41.0424,,42.5195,,43.3707
2022-01-05,40.3857,41.4965,40.2112,41.2670,9702000,LUV,38.4903,39.4240,41.5208,41.0167,,42.4773,,43.3410
2022-01-06,40.2939,41.0191,39.5410,40.8355,6750700,LUV,38.4270,39.5068,41.4528,40.9883,,42.4340,,43.3107
2022-01-07,41.6342,41.9372,40.4958,40.5693,7479100,LUV,38.5068,39.7094,41.4304,41.0136,,42.4182,,43.2940
2022-01-10,41.5332,41.9647,40.6611,41.8821,7710800,LUV,38.6569,39.8831,41.3937,41.0340,,42.4007,,43.2765
2022-01-11,42.0749,42.4605,41.5791,41.6342,6813200,LUV,38.9025,40.0919,41.3671,41.0748,,42.3942,,43.2645
2022-01-12,41.5057,42.1667,41.0559,41.8087,7831000,LUV,39.1307,40.2265,41.2951,41.0917,,42.3766,,43.2470
2022-01-13,42.0382,42.6808,41.5332,41.6067,8185900,LUV,39.3914,40.3991,41.2378,41.1289,,42.3699,,43.2350
2022-01-14,42.0657,42.1483,41.2854,41.8270,6241100,LUV,39.6801,40.5578,41.1710,41.1656,,42.3639,,43.2234
2022-01-18,41.7077,42.4146,41.4598,41.7719,6734000,LUV,39.9450,40.6673,41.1041,41.1868,,42.3509,,43.2083
2022-01-19,40.7896,41.9464,40.7621,41.6618,5475300,LUV,40.1777,40.6790,40.9609,41.1713,,42.3200,,43.1842
2022-01-20,40.7070,42.0015,40.6335,41.0926,7172700,LUV,40.3370,40.6816,40.8318,41.1531,,42.2880,,43.1596
2022-01-21,39.8165,40.7529,39.6237,40.6244,7899700,LUV,40.4403,40.5992,40.6934,41.1006,,42.2391,,43.1263
2022-01-24,40.2755,40.3489,38.4486,38.9076,11296800,LUV,40.5321,40.5684,40.5865,41.0683,,42.2002,,43.0979
2022-01-25,40.2571,40.5417,39.3666,39.8440,6803400,LUV,40.6280,40.5388,40.4905,41.0365,,42.1617,,43.0697
2022-01-26,40.1286,41.6342,39.7981,40.7621,10785800,LUV,40.6932,40.4997,40.4040,41.0009,,42.1215,,43.0404
2022-01-27,39.3115,40.9273,38.9718,39.7430,8960900,LUV,40.7235,40.3865,40.2882,40.9346,,42.0658,,43.0033
2022-01-28,39.4125,39.4400,37.3010,39.2840,10975900,LUV,40.7331,40.2938,40.2024,40.8749,,42.0133,,42.9676
2022-01-31,41.0926,41.1568,38.8158,39.0269,8199900,LUV,40.8213,40.3698,40.1539,40.8835,,41.9951,,42.9489
2022-02-01,41.4782,42.0749,41.1844,41.3129,6593200,LUV,40.8754,40.4754,40.1321,40.9068,43.0998,41.9848,,42.9343
2022-02-02,40.6611,41.2854,40.0001,40.9916,7955500,LUV,40.8585,40.4931,40.0855,40.8972,43.0667,41.9586,,42.9117
2022-02-03,39.8807,40.7896,39.7797,40.5050,5512200,LUV,40.8332,40.4348,40.0069,40.8573,43.0181,41.9175,,42.8815
2022-02-04,40.0827,40.3489,39.2564,39.6145,5073900,LUV,40.8227,40.4012,39.9459,40.8269,42.9780,41.8811,,42.8537
2022-02-07,40.9457,41.4139,40.3306,40.8263,7478500,LUV,40.7882,40.4531,39.9020,40.8316,42.9426,41.8626,,42.8347
2022-02-08,42.2952,42.3779,41.0834,41.3129,9563800,LUV,40.8263,40.6285,39.9224,40.8890,42.9146,41.8712,,42.8293
2022-02-09,43.1674,43.8284,42.5982,42.6992,9549800,LUV,40.8810,40.8703,39.9679,40.9783,42.8956,41.8968,,42.8327
2022-02-10,42.7175,43.5805,42.5707,42.8553,7231600,LUV,40.9415,41.0463,40.0071,41.0465,42.8676,41.9131,,42.8315
2022-02-11,41.7995,43.1582,41.0559,42.7726,8422200,LUV,40.9296,41.1180,40.0618,41.0761,42.8344,41.9108,,42.8213
2022-02-14,41.6618,42.5706,41.2303,41.9280,6002300,LUV,40.9094,41.1698,40.0625,41.0990,42.7860,41.9059,,42.8097
2022-02-15,43.4245,43.5805,42.5615,42.6900,6872100,LUV,40.9953,41.3845,40.1180,41.1902,42.7399,41.9360,,42.8158
2022-02-16,43.5346,43.7366,42.9012,43.0480,5773200,LUV,41.1325,41.5893,40.1521,41.2822,42.6901,41.9676,,42.8230
2022-02-17,42.5798,43.3235,42.2402,43.1490,5538300,LUV,41.2261,41.6836,40.1736,41.3330,42.6297,41.9798,,42.8206
2022-02-18,42.2126,43.0848,42.0474,42.4605,5037800,LUV,41.3460,41.7340,40.1866,41.3675,42.5648,41.9844,,42.8145
2022-02-22,41.8821,42.4605,41.3680,41.6709,7196600,LUV,41.4263,41.7481,40.2235,41.3877,42.5012,41.9823,,42.8052
2022-02-23,40.4040,42.4329,40.3581,42.3044,7070800,LUV,41.4336,41.6201,40.2610,41.3491,42.4331,41.9511,,42.7813
2022-02-24,40.7070,40.8722,37.8243,38.1180,10439300,LUV,41.4625,41.5331,40.3319,41.3240,42.3412,41.9265,,42.7607
2022-02-25,41.4414,41.9096,40.9549,41.1476,6627700,LUV,41.5690,41.5244,40.4218,41.3286,42.2502,41.9169,,42.7476
2022-02-28,40.2112,41.1660,39.7522,40.7162,10361100,LUV,41.6090,41.3993,40.4896,41.2847,42.1522,41.8831,,42.7223
2022-03-01,38.5128,39.9909,37.8977,39.8440,11235300,LUV,41.4800,41.1244,40.5340,41.1760,42.0374,41.8163,,42.6805
2022-03-02,38.8525,39.5319,38.5220,39.0177,8702600,LUV,41.3487,40.9081,40.5829,41.0849,41.9298,41.7577,,42.6424
2022-03-03,38.2557,39.8165,38.0170,39.6604,10376000,LUV,41.2284,40.6555,40.6253,40.9740,41.8174,41.6883,,42.5987
2022-03-04,37.3469,37.7967,36.7868,37.4938,8594700,LUV,41.1017,40.3403,40.6218,40.8317,41.7165,41.6023,,42.5465
2022-03-07,34.1428,37.3560,33.7389,37.0806,17624500,LUV,40.8048,39.7501,40.5496,40.5694,41.5789,41.4546,,42.4628
2022-03-08,35.9514,37.4203,33.8307,34.6202,15028100,LUV,40.5550,39.3883,40.4999,40.3883,41.4679,41.3456,,42.3981
2022-03-09,37.3285,38.0079,36.7501,37.5029,12104700,LUV,40.3067,39.1922,40.4797,40.2683,41.3683,41.2661,,42.3476
2022-03-10,37.6682,38.0905,36.4104,36.7226,9483400,LUV,40.0317,39.0470,40.4565,40.1664,41.2826,41.1949,,42.3011
2022-03-11,36.9429,38.4577,36.8144,38.3751,8790500,LUV,39.7430,38.8466,40.4213,40.0400,41.1951,41.1107,,42.2477
2022-03-14,36.8144,37.7416,35.9973,37.2642,7576000,LUV,39.4938,38.6531,40.3732,39.9135,41.1099,41.0256,,42.1937
2022-03-15,38.6138,39.8073,37.8334,38.5587,11080800,LUV,39.3414,38.6493,40.3589,39.8625,41.0419,40.9778,,42.1581
2022-03-16,39.5869,39.7247,38.4026,39.3391,12849000,LUV,39.1495,38.7386,40.3427,39.8517,40.9910,40.9503,,42.1325
2022-03-17,39.2748,39.2932,38.3659,38.5954,9449600,LUV,38.9365,38.7897,40.3082,39.8291,40.9465,40.9171,,42.1040
2022-03-18,39.6971,39.9266,38.7790,39.1463,7862300,LUV,38.7924,38.8761,40.2944,39.8239,40.9076,40.8929,,42.0801
2022-03-21,39.2748,39.6237,38.7974,39.0177,6251200,LUV,38.6455,38.9141,40.2740,39.8024,40.8634,40.8609,,42.0522
2022-03-22,39.5319,40.0184,39.1371,39.4768,5393600,LUV,38.5280,38.9729,40.2320,39.7918,40.8312,40.8346,,42.0271
2022-03-23,39.3574,39.8073,39.1646,39.2197,4301900,LUV,38.4756,39.0095,40.1885,39.7747,40.7911,40.8053,,42.0005
2022-03-24,40.3214,40.3948,39.1187,39.4492,4528800,LUV,38.4563,39.1345,40.1534,39.7962,40.7602,40.7958,,41.9838
2022-03-25,40.7437,41.0558,40.3306,40.4316,4416300,LUV,38.4215,39.2877,40.1381,39.8333,40.7166,40.7947,,41.9715
2022-03-28,40.7804,41.2486,40.2939,40.9916,4071400,LUV,38.4499,39.4299,40.1130,39.8705,40.6754,40.7944,,41.9596
2022-03-29,41.6159,42.4054,41.3680,41.7995,6100100,LUV,38.6051,39.6381,40.1040,39.9389,40.6375,40.8107,,41.9562
2022-03-30,41.8362,41.9464,41.1017,41.2762,4687200,LUV,38.7543,39.8474,40.1066,40.0133,40.6054,40.8310,,41.9550
2022-03-31,42.0474,42.5890,41.8637,41.9464,5033300,LUV,38.9438,40.0569,40.1317,40.0931,40.5463,40.8551,,41.9559
2022-04-01,42.1483,42.4697,41.7444,42.1575,6013000,LUV,39.1839,40.2561,40.1606,40.1737,40.4962,40.8807,,41.9579
2022-04-04,42.1667,42.3228,41.3037,42.0933,4092400,LUV,39.5851,40.4381,40.2076,40.2518,40.4505,40.9062,,41.9599
2022-04-05,41.5057,42.4421,40.9549,42.2402,6874500,LUV,39.8628,40.5398,40.2322,40.3010,40.4093,40.9180,,41.9554
2022-04-06,40.1470,40.7621,39.1187,40.6519,7428900,LUV,40.0037,40.5024,40.2300,40.2950,40.3602,40.9028,,41.9374
2022-04-07,38.9168,39.8899,37.8977,39.8348,10010200,LUV,40.0662,40.3513,40.2057,40.2409,40.3049,40.8634,,41.9074
2022-04-08,37.8610,38.9535,37.8059,38.8709,7704000,LUV,40.1121,40.1142,40.1767,40.1476,40.2324,40.8040,,41.8671
2022-04-11,39.1279,39.4401,37.6774,37.7600,5991600,LUV,40.2278,40.0202,40.1710,40.1076,40.1867,40.7708,,41.8398
2022-04-12,39.3115,39.4401,38.7148,39.3850,5368200,LUV,40.2626,39.9527,40.1354,40.0764,40.1447,40.7419,,41.8147
2022-04-13,42.2769,42.2952,40.5050,40.7988,11063300,LUV,40.3971,40.1741,40.1514,40.1627,40.1417,40.7723,,41.8193
2022-04-14,42.9287,43.2959,42.4788,42.6349,7226100,LUV,40.5798,40.4364,40.1967,40.2711,40.1411,40.8150,,41.8303
2022-04-18,42.4697,43.0297,42.2677,42.6441,4808200,LUV,40.7185,40.6301,40.2485,40.3574,40.1277,40.8478,,41.8367
2022-04-19,43.4704,43.7917,42.8002,42.8002,6060900,LUV,40.9282,40.9006,40.3163,40.4794,40.1311,40.8997,,41.8529
2022-04-20,43.4520,44.1314,43.2959,43.6723,5877500,LUV,41.1242,41.1436,40.3664,40.5960,40.1342,40.9502,,41.8688
2022-04-21,44.4160,45.9950,44.2691,44.9209,11926000,LUV,41.3772,41.4552,40.4088,40.7458,40.1656,41.0189,,41.8942
2022-04-22,43.0113,44.8934,42.9746,44.4251,6508300,LUV,41.5117,41.6034,40.4057,40.8347,40.1868,41.0583,,41.9053
2022-04-25,42.6257,42.7084,41.5516,42.5156,7064300,LUV,41.6058,41.7008,40.4038,40.9049,40.2054,41.0894,,41.9125
2022-04-26,41.3313,42.5523,41.0834,42.2861,5280400,LUV,41.6333,41.6656,40.3945,40.9216,40.2281,41.0942,,41.9067
2022-04-27,42.1759,42.4238,40.8906,41.3496,6407800,LUV,41.6613,41.7142,40.4048,40.9708,40.2336,41.1156,,41.9094
2022-04-28,43.0572,43.6540,42.2952,43.6540,8729000,LUV,41.7224,41.8421,40.3974,41.0526,40.2577,41.1540,,41.9208
2022-04-29,42.8920,44.1864,42.7543,43.2776,5954200,LUV,41.7646,41.9421,40.3846,41.1248,40.2683,41.1884,,41.9305
2022-05-02,42.7175,43.2041,41.5516,42.5982,6499800,LUV,41.7931,42.0159,40.3873,41.1872,40.2804,41.2187,,41.9383
2022-05-03,43.3785,43.5897,42.2677,43.0756,5384100,LUV,41.8536,42.1457,40.4106,41.2732,40.2986,41.2615,,41.9526
2022-05-04,44.1314,44.2324,42.5523,43.0572,4917800,LUV,41.9849,42.3348,40.4556,41.3852,40.3396,41.3183,,41.9743
2022-05-05,43.1490,44.0671,42.7451,43.3877,4652300,LUV,42.1350,42.4124,40.5105,41.4544,40.3858,41.3546,,41.9860
2022-05-06,42.3411,42.9654,41.6526,42.9654,4112500,LUV,42.3063,42.4056,40.5432,41.4892,40.4375,41.3741,,41.9895
2022-05-09,40.2388,41.9831,39.8899,41.7169,6505500,LUV,42.4251,42.1992,40.5191,41.4401,40.4705,41.3516,,41.9721
2022-05-10,40.9365,41.6985,40.1011,40.7162,6243700,LUV,42.5156,42.0790,40.5337,41.4204,40.5116,41.3434,,41.9618
2022-05-11,39.4860,41.7903,39.4033,40.7804,5743400,LUV,42.5243,41.8320,40.5531,41.3445,40.5436,41.3066,,41.9372
2022-05-12,38.8617,39.9266,38.0354,38.9351,6552900,LUV,42.3535,41.5491,40.5533,41.2472,40.5681,41.2582,,41.9066
2022-05-13,39.4676,39.7706,39.0636,39.5043,5144500,LUV,42.1805,41.3509,40.5775,41.1774,40.6014,41.2227,,41.8823
2022-05-16,39.6420,40.1194,39.1095,39.1922,4578200,LUV,42.0391,41.1881,40.6234,41.1172,40.6226,41.1914,,41.8600
2022-05-17,41.4139,41.4598,40.4407,40.8172,4051100,LUV,41.9363,41.2096,40.7689,41.1288,40.6592,41.1959,,41.8556
2022-05-18,40.6060,41.6342,40.4132,40.8722,4581200,LUV,41.7940,41.1521,40.8620,41.1083,40.6809,41.1842,,41.8431
2022-05-19,40.0001,40.8447,39.8256,40.0827,4295200,LUV,41.5732,41.0424,40.9154,41.0648,40.6975,41.1607,,41.8248
2022-05-20,39.1554,40.7621,38.2374,40.6703,4517800,LUV,41.3804,40.8627,40.9451,40.9900,40.7008,41.1210,,41.7982
2022-05-23,39.8256,40.1286,39.0728,39.6604,3287500,LUV,41.2404,40.7639,41.0028,40.9443,40.7120,41.0954,,41.7786
2022-05-24,38.3108,39.2840,38.1456,39.1187,3898700,LUV,41.0894,40.5303,41.0327,40.8410,40.7029,41.0402,,41.7441
2022-05-25,38.9718,39.0636,37.9803,38.3017,3903700,LUV,40.9292,40.3819,41.0399,40.7677,40.6994,40.9993,,41.7165
2022-05-26,41.3129,41.7169,39.6420,39.8624,5327400,LUV,40.8419,40.4706,41.0744,40.7891,40.7085,41.0055,,41.7125
2022-05-27,42.0474,42.3411,41.5516,41.6434,3279900,LUV,40.7997,40.6207,41.1298,40.8385,40.7190,41.0261,,41.7158
2022-05-31,42.1024,42.4880,41.0834,41.2303,5234000,LUV,40.7690,40.7618,41.1779,40.8880,40.7362,41.0474,,41.7197
2022-06-01,40.5326,42.6533,40.3765,42.5982,4725000,LUV,40.6267,40.7400,41.2031,40.8741,40.7386,41.0372,,41.7079
2022-06-02,40.9181,40.9365,40.0276,40.5142,4494400,LUV,40.4660,40.7570,41.2308,40.8758,40.7314,41.0349,,41.7000
2022-06-03,40.2480,40.5326,39.5319,40.2755,3647500,LUV,40.3209,40.7085,41.2486,40.8512,40.7186,41.0193,,41.6856
2022-06-06,40.7804,41.1660,40.2571,40.8906,3354700,LUV,40.2429,40.7153,41.2578,40.8484,40.7056,41.0146,,41.6765
2022-06-07,41.2027,41.2303,40.1102,40.3030,2707500,LUV,40.2911,40.7618,41.2670,40.8623,40.7026,41.0183,,41.6718
2022-06-08,39.8165,40.9824,39.6787,40.3489,4160200,LUV,40.2351,40.6717,41.2477,40.8213,40.6804,40.9945,,41.6534
2022-06-09,38.5954,39.7889,38.5771,39.6604,4665400,LUV,40.1906,40.4740,41.1873,40.7340,40.6457,40.9470,,41.6229
2022-06-10,36.8511,38.6413,36.6583,38.0262,8413000,LUV,40.0900,40.1290,41.0876,40.5817,40.5971,40.8659,,41.5755
2022-06-13,34.5376,36.0432,34.3540,35.8045,7051500,LUV,39.8435,39.5964,40.9374,40.3447,40.5346,40.7406,,41.5054
2022-06-14,34.1704,35.0884,33.4726,34.8406,8193900,LUV,39.5700,39.0797,40.7779,40.1026,40.4692,40.6105,,41.4325
2022-06-15,34.1795,35.0058,33.7021,34.5835,7937600,LUV,39.2082,38.6130,40.6181,39.8703,40.4128,40.4831,,41.3603
2022-06-16,32.1139,33.3257,31.8660,33.1697,8811600,LUV,38.7836,37.9940,40.4303,39.5661,40.3312,40.3174,,41.2683
2022-06-17,32.7106,32.9310,31.5447,32.2516,8812300,LUV,38.4192,37.4909,40.2816,39.2973,40.2558,40.1668,,41.1831
2022-06-21,32.4260,33.3625,32.3067,33.0503,8449800,LUV,38.0827,37.0085,40.1517,39.0278,40.1787,40.0135,,41.0960
2022-06-22,32.7657,33.0320,32.0037,32.4260,6702000,LUV,37.7297,36.6044,40.0498,38.7823,40.1133,39.8700,,41.0131
2022-06-23,32.9952,33.2890,32.0405,33.0687,6503300,LUV,37.4639,36.2607,39.9272,38.5553,40.0491,39.7338,,40.9333
2022-06-24,34.6386,34.7396,32.9769,33.0687,6657700,LUV,37.2473,36.1062,39.8337,38.4017,39.9846,39.6329,,40.8707
2022-06-27,33.9592,34.7579,33.7848,34.7304,4198200,LUV,36.8796,35.9017,39.6674,38.2275,39.9094,39.5206,41.5046,40.8019
2022-06-28,33.6471,35.2537,33.5553,34.3815,5945600,LUV,36.4596,35.6870,39.4817,38.0479,39.8392,39.4043,41.4530,40.7307
2022-06-29,33.2156,33.5185,32.8851,33.3900,4330200,LUV,36.0152,35.4516,39.2967,37.8584,39.7726,39.2817,41.3953,40.6559
2022-06-30,33.1605,33.3441,32.0221,32.3985,6157000,LUV,35.6466,35.2334,39.0905,37.6741,39.7034,39.1605,41.3407,40.5814
2022-07-01,33.7205,33.9041,32.9126,33.1329,4375600,LUV,35.2867,35.0893,38.8958,37.5191,39.6311,39.0528,41.2868,40.5131
2022-07-05,33.5185,33.5553,32.1873,32.7933,6514100,LUV,34.9503,34.9397,38.6779,37.3622,39.5433,38.9432,41.2289,40.4435
2022-07-06,33.3349,33.8858,32.8667,33.2064,5000400,LUV,34.5780,34.7869,38.4843,37.2043,39.4450,38.8321,41.1703,40.3728
2022-07-07,33.7113,34.0602,33.3625,33.7022,4127200,LUV,34.2034,34.6845,38.3061,37.0673,39.3549,38.7307,41.1113,40.3065
2022-07-08,33.6930,34.0418,33.2982,33.7022,3820000,LUV,33.8972,34.5900,38.1533,36.9350,39.2739,38.6310,41.0541,40.2407
2022-07-11,33.8123,33.9959,33.2523,33.4359,5360700,LUV,33.6581,34.5160,37.9860,36.8125,39.1954,38.5356,40.9907,40.1767
2022-07-12,35.3822,35.8780,34.2530,34.3356,8130800,LUV,33.5846,34.5985,37.8325,36.7564,39.1150,38.4731,40.9275,40.1290
2022-07-13,35.6209,35.6852,33.9959,34.2254,10121900,LUV,33.6388,34.6958,37.6871,36.7119,39.0358,38.4166,40.8630,40.0842
2022-07-14,35.3088,36.0708,34.9783,35.1711,5987800,LUV,33.6957,34.7542,37.5389,36.6569,38.9631,38.3551,40.7964,40.0366
2022-07-15,36.3370,36.4655,35.2261,35.8504,5121500,LUV,33.8036,34.9050,37.3981,36.6443,38.9044,38.3151,40.7346,39.9998
2022-07-18,36.6767,37.5672,36.4931,36.8603,5433800,LUV,34.0317,35.0737,37.2490,36.6456,38.8523,38.2827,40.6768,39.9668
2022-07-19,38.0905,38.2282,37.2000,37.2000,5068900,LUV,34.3007,35.3610,37.1478,36.7023,38.8292,38.2789,40.6312,39.9481
2022-07-20,38.0997,38.3384,37.4846,38.0446,5162000,LUV,34.5844,35.6218,37.0630,36.7571,38.8031,38.2753,40.5722,39.9297
2022-07-21,37.5397,37.5672,36.8144,37.2642,7632700,LUV,34.8231,35.8045,37.0090,36.7878,38.7641,38.2608,40.5071,39.9059
2022-07-22,36.9429,37.8793,36.9246,37.7875,5456900,LUV,35.0205,35.9129,36.9291,36.7938,38.7314,38.2347,40.4418,39.8764
2022-07-25,37.2918,37.3377,36.4104,36.9705,4511000,LUV,35.1532,36.0442,36.8853,36.8134,38.7192,38.2160,40.3783,39.8507
2022-07-26,36.3554,37.0623,36.2544,36.9062,5087000,LUV,35.2730,36.0739,36.8351,36.7954,38.6942,38.1792,40.3120,39.8159
2022-07-27,37.4295,37.7049,36.7409,37.4111,6018900,LUV,35.4621,36.2030,36.7944,36.8203,38.6860,38.1643,40.2517,39.7922
2022-07-28,35.0242,35.5934,33.9317,35.2353,16592800,LUV,35.5525,36.0907,36.7020,36.7498,38.6627,38.1021,40.1896,39.7447
2022-07-29,34.9966,35.2720,34.5284,34.6386,7902100,LUV,35.6443,35.9865,36.5737,36.6811,38.6713,38.0406,40.1251,39.6975
2022-08-01,35.1711,35.3363,34.2805,34.8864,5595500,LUV,35.7168,35.9088,36.4650,36.6219,38.6635,37.9838,40.0657,39.6525
2022-08-02,34.5376,35.2629,34.4825,34.8406,5486700,LUV,35.7678,35.7782,36.3557,36.5401,38.6356,37.9156,40.0019,39.6016
2022-08-03,35.8045,35.9698,34.5927,34.6661,6452500,LUV,35.8913,35.7807,36.2887,36.5113,38.6169,37.8738,39.9498,39.5638
2022-08-04,35.6117,36.2452,35.5107,35.9698,4965000,LUV,35.9863,35.7647,36.2044,36.4760,38.6036,37.8290,39.8994,39.5245
2022-08-05,35.6301,35.8045,35.1894,35.2261,4604400,LUV,36.0832,35.7518,36.1508,36.4428,38.5918,37.7854,39.8508,39.4857
2022-08-08,35.8780,36.4104,35.7403,35.7403,5405300,LUV,36.1864,35.7638,36.0889,36.4207,38.5644,37.7477,39.8031,39.4498
2022-08-09,35.1986,35.9239,34.9140,35.5750,3032000,LUV,36.1773,35.7100,35.9666,36.3728,38.5205,37.6972,39.7558,39.4075
2022-08-10,36.0616,36.4104,35.7862,35.9422,3363200,LUV,36.1993,35.7435,35.8469,36.3606,38.4884,37.6648,39.7174,39.3742
2022-08-11,35.7770,36.7685,35.6944,36.5849,5047900,LUV,36.2227,35.7467,35.7204,36.3377,38.4492,37.6274,39.6784,39.3384
2022-08-12,36.2268,36.3278,35.7311,36.2636,3207300,LUV,36.2172,35.7924,35.6343,36.3333,38.4187,37.5997,39.6411,39.3075
2022-08-15,36.3921,37.0806,36.0157,36.0983,4722600,LUV,36.2030,35.8495,35.5438,36.3356,38.3873,37.5758,39.6093,39.2785
2022-08-16,36.6032,36.9062,36.1258,36.3554,4716900,LUV,36.1286,35.9213,35.4709,36.3461,38.3598,37.5565,39.5754,39.2518
2022-08-17,35.7494,36.4104,35.2170,36.0524,5492600,LUV,36.0111,35.9049,35.3703,36.3227,38.3140,37.5207,39.5371,39.2170
2022-08-18,35.7861,35.8504,35.2720,35.7770,2981300,LUV,35.9234,35.8936,35.2619,36.3017,38.2645,37.4864,39.4905,39.1829
2022-08-19,34.7763,35.4465,34.5468,35.3271,4382700,LUV,35.8151,35.7872,35.1611,36.2419,38.2044,37.4327,39.4399,39.1390
2022-08-22,34.3999,34.4182,33.9041,34.1979,5254300,LUV,35.6705,35.6551,35.0772,36.1696,38.1323,37.3727,39.3849,39.0919
2022-08-23,34.3999,34.8497,34.2897,34.5192,4717000,LUV,35.5727,35.5355,35.0282,36.1002,38.0579,37.3138,39.3316,39.0452
2022-08-24,34.7028,34.9599,34.3632,34.5192,6097300,LUV,35.4364,35.4562,35.0315,36.0454,37.9845,37.2621,39.2654,39.0020
2022-08-25,35.3914,35.6760,34.8497,34.9599,3446400,LUV,35.4547,35.4501,35.0559,36.0198,37.9169,37.2250,39.2065,38.9660
2022-08-26,34.4550,35.5658,34.3540,35.3730,3998300,LUV,35.4277,35.3553,35.0614,35.9584,37.8398,37.1702,39.1451,38.9211
2022-08-29,34.3632,34.6110,33.9225,33.9684,4072000,LUV,35.3873,35.2608,35.1064,35.8958,37.7684,37.1146,39.0888,38.8758
2022-08-30,34.1520,34.7671,33.9592,34.6110,4248700,LUV,35.3680,35.1552,35.1353,35.8275,37.7084,37.0559,39.0343,38.8288
2022-08-31,33.6930,34.5927,33.6746,34.3815,4097900,LUV,35.2624,35.0159,35.1606,35.7438,37.6562,36.9893,38.9805,38.7777
2022-09-01,33.6287,33.6379,32.9034,33.3441,3932300,LUV,35.1633,34.8838,35.1778,35.6608,37.6138,36.9228,38.9231,38.7265
2022-09-02,33.7297,34.4366,33.5185,34.0510,3791300,LUV,35.0682,34.7739,35.1925,35.5851,37.5599,36.8596,38.8733,38.6767
2022-09-06,33.7297,34.2897,33.3257,34.0510,4481800,LUV,34.9608,34.6745,35.1744,35.5123,37.5040,36.7976,38.8244,38.6275
2022-09-07,34.6937,34.7671,33.7572,33.7572,5394700,LUV,34.9356,34.6763,35.1890,35.4802,37.4282,36.7559,38.7850,38.5884
2022-09-08,34.5743,34.6845,33.9409,34.2438,5087700,LUV,34.8612,34.6666,35.2076,35.4447,37.3447,36.7127,38.7429,38.5484
2022-09-09,35.2261,35.3088,34.6753,34.7396,5733100,LUV,34.8337,34.7199,35.2478,35.4361,37.2722,36.6833,38.7000,38.5154
2022-09-12,35.5934,35.9330,35.4281,35.5566,6078000,LUV,34.8020,34.8031,35.2965,35.4423,37.1935,36.6617,38.6623,38.4863
2022-09-13,34.4182,34.9966,34.2071,34.7763,4348500,LUV,34.7033,34.7664,35.3104,35.4021,37.1031,36.6173,38.6187,38.4458
2022-09-14,34.9140,34.9507,33.6562,34.2530,4203700,LUV,34.6188,34.7805,35.3383,35.3830,37.0081,36.5836,38.5869,38.4107
2022-09-15,33.8766,34.7212,33.8582,34.6753,9367100,LUV,34.5252,34.6944,35.3492,35.3239,36.9168,36.5300,38.5518,38.3656
2022-09-16,31.8844,33.4359,31.8201,33.4267,12677800,LUV,34.3301,34.4268,35.3126,35.1890,36.8093,36.4380,38.5074,38.3011
2022-09-19,32.9402,33.1054,31.7742,31.8293,7935300,LUV,34.2383,34.2852,35.2976,35.1008,36.7254,36.3687,38.4768,38.2477
2022-09-20,32.2149,32.7015,31.8752,32.6556,4953900,LUV,34.1291,34.0880,35.2656,34.9877,36.6258,36.2864,38.4297,38.1877
2022-09-21,31.3244,32.3801,31.3244,31.7191,6164900,LUV,33.9753,33.8248,35.1845,34.8440,36.5085,36.1882,38.3831,38.1194
2022-09-22,30.2961,31.2785,30.0758,31.2142,6564500,LUV,33.7549,33.4887,35.0780,34.6657,36.3825,36.0715,38.3254,38.0416
2022-09-23,29.4240,29.9289,28.9833,29.7453,7767500,LUV,33.4566,33.1016,34.9603,34.4601,36.2496,35.9399,38.2650,37.9558
2022-09-26,28.7997,29.6810,28.7354,29.1761,6957700,LUV,33.1738,32.6919,34.8095,34.2381,36.1038,35.7985,38.2012,37.8647
2022-09-27,28.9190,29.4332,28.6528,29.2495,6169600,LUV,32.9016,32.3326,34.6544,34.0295,35.9517,35.6623,38.1456,37.7757
2022-09-28,29.7728,29.8830,28.8731,28.9282,6910300,LUV,32.6826,32.0888,34.4880,33.8626,35.8179,35.5456,38.1018,37.6961
2022-09-29,29.0476,29.4515,28.8272,29.3138,5638400,LUV,32.4504,31.7992,34.3070,33.6738,35.6850,35.4170,38.0613,37.6100
2022-09-30,28.3131,29.0200,28.2672,28.7813,6907600,LUV,32.1846,31.4672,34.1224,33.4636,35.5657,35.2763,38.0181,37.5175
2022-10-03,28.6620,28.7997,27.7255,28.3131,5734600,LUV,31.9312,31.2000,33.9568,33.2753,35.4430,35.1453,37.9773,37.4294
2022-10-04,30.4706,30.5899,29.4240,29.4240,7459700,LUV,31.7682,31.1305,33.8204,33.1653,35.3528,35.0527,37.9482,37.3601
2022-10-05,30.2870,30.5532,29.6627,29.8279,4884300,LUV,31.5479,31.0502,33.6990,33.0524,35.2671,34.9584,37.9176,37.2898
2022-10-06,29.8738,30.4981,29.7453,30.2227,4264300,LUV,31.3129,30.9382,33.5479,32.9277,35.1711,34.8577,37.8863,37.2160
2022-10-07,29.2587,29.7636,28.8456,29.6168,4428800,LUV,31.0145,30.7782,33.4326,32.7839,35.0673,34.7468,37.8450,37.1368
2022-10-10,29.0659,29.6443,29.0384,29.2404,4906600,LUV,30.6881,30.6151,33.3140,32.6381,34.9438,34.6343,37.8015,37.0565
2022-10-11,28.8364,30.0024,28.3866,29.7545,5624600,LUV,30.4091,30.4457,33.1873,32.4890,34.8261,34.5195,37.7535,36.9747
2022-10-12,29.0017,29.1761,28.4692,28.6069,4365500,LUV,30.1134,30.3082,33.0766,32.3522,34.7162,34.4103,37.7068,36.8954
2022-10-13,29.7728,30.1125,28.1387,28.5426,6616000,LUV,29.9082,30.2572,32.9559,32.2511,34.6223,34.3184,37.6616,36.8245
2022-10-14,30.0758,30.5807,29.6443,30.2594,5843000,LUV,29.8178,30.2399,32.8452,32.1658,34.5248,34.2344,37.6184,36.7573
2022-10-17,30.0391,30.8653,29.7361,30.8378,4665700,LUV,29.6728,30.2208,32.7334,32.0824,34.4421,34.1513,37.5725,36.6905
2022-10-18,30.5807,30.8653,30.2778,30.6450,4766200,LUV,29.5911,30.2551,32.6275,32.0235,34.3582,34.0806,37.5288,36.6297
2022-10-19,30.4063,31.4253,30.0758,31.1958,8804100,LUV,29.5452,30.2695,32.5316,31.9601,34.2491,34.0079,37.4788,36.5678
2022-10-20,30.1217,30.9296,30.1033,30.7001,4843600,LUV,29.5364,30.2554,32.4128,31.8880,34.1299,33.9309,37.4244,36.5036
2022-10-21,30.3879,30.6817,29.7269,29.9748,5450600,LUV,29.5846,30.2680,32.3050,31.8291,34.0127,33.8608,37.3745,36.4428
2022-10-24,30.9571,31.0489,30.2686,30.5532,5841100,LUV,29.6925,30.3337,32.1996,31.7949,33.9170,33.8033,37.3278,36.3882
2022-10-25,31.7834,31.9395,30.6358,30.8011,7783900,LUV,29.8357,30.4717,32.1075,31.7945,33.8256,33.7633,37.2785,36.3424
2022-10-26,31.5539,32.4352,31.4988,31.7650,9204500,LUV,29.9248,30.5748,32.0065,31.7851,33.7387,33.7195,37.2286,36.2947
2022-10-27,32.3985,33.1330,32.0864,32.4260,10819500,LUV,30.0923,30.7485,31.9395,31.8091,33.6549,33.6934,37.1802,36.2560
2022-10-28,33.2615,33.3533,32.1047,32.6647,7855100,LUV,30.3397,30.9878,31.8890,31.8661,33.5755,33.6848,37.1390,36.2262
2022-10-31,33.3716,33.5644,32.7841,33.2339,6316700,LUV,30.5752,31.2148,31.8609,31.9251,33.5110,33.6786,37.0957,36.1978
2022-11-01,33.9133,34.0510,33.5553,33.8215,5401700,LUV,30.7474,31.4718,31.8511,32.0031,33.4642,33.6832,37.0549,36.1750
2022-11-02,33.5094,34.5101,33.5002,33.6930,7322300,LUV,30.9085,31.6659,31.8333,32.0621,33.4308,33.6798,37.0139,36.1485
2022-11-03,33.9317,34.1979,32.5729,33.0136,5130500,LUV,31.1114,31.8817,31.8179,32.1355,33.4247,33.6848,36.9796,36.1265
2022-11-04,34.0418,34.8865,33.7940,34.6202,4658300,LUV,31.3505,32.0874,31.7909,32.2102,33.4234,33.6919,36.9463,36.1057
2022-11-07,34.3356,34.6110,33.7756,34.2530,5061200,LUV,31.6140,32.3015,31.7885,32.2936,33.4250,33.7046,36.9189,36.0881
2022-11-08,34.3723,34.5468,33.9959,34.3448,4413300,LUV,31.8908,32.4987,31.7887,32.3751,33.4476,33.7178,36.8894,36.0710
2022-11-09,34.1520,34.6661,33.8949,34.0510,3366200,LUV,32.1483,32.6562,31.7887,32.4448,33.4620,33.7264,36.8589,36.0519
2022-11-10,35.6393,35.9881,34.7304,35.2537,5576700,LUV,32.4416,32.9403,31.8276,32.5700,33.4941,33.7643,36.8364,36.0478
2022-11-11,35.2170,36.0432,35.1711,35.8780,8221900,LUV,32.6987,33.1571,31.8594,32.6738,33.5186,33.7931,36.8159,36.0396
2022-11-14,34.6569,35.1711,34.6478,34.9599,8240200,LUV,32.9296,33.3000,31.8780,32.7516,33.5352,33.8102,36.7922,36.0258
2022-11-15,35.4740,35.7770,34.9507,35.1435,7344400,LUV,33.1743,33.5070,31.9128,32.8584,33.5436,33.8431,36.7641,36.0203
2022-11-16,34.8773,35.2537,34.6845,35.2170,4646400,LUV,33.3978,33.6375,31.9165,32.9375,33.5528,33.8636,36.7311,36.0089
2022-11-17,34.5468,34.6202,34.2438,34.3356,3734000,LUV,33.6191,33.7241,31.9160,33.0007,33.5618,33.8771,36.7005,35.9944
2022-11-18,34.9874,35.4924,34.6202,35.1343,3166700,LUV,33.8490,33.8444,31.9112,33.0786,33.5795,33.8991,36.6760,35.9844
2022-11-21,34.6569,35.2812,34.5835,34.9415,3017500,LUV,34.0340,33.9218,31.8925,33.1405,33.5945,33.9141,36.6489,35.9712
2022-11-22,35.0425,35.1068,34.3264,34.7212,3034900,LUV,34.1970,34.0285,31.9049,33.2151,33.6077,33.9365,36.6194,35.9619
2022-11-23,35.4648,35.7494,35.0150,35.1343,4029000,LUV,34.3925,34.1653,31.9160,33.3033,33.6271,33.9667,36.5852,35.9570
2022-11-25,36.0065,36.3370,35.4097,35.4373,2326000,LUV,34.5729,34.3407,31.9586,33.4093,33.6539,34.0071,36.5494,35.9575
2022-11-28,35.4098,35.9331,35.3180,35.7678,4533400,LUV,34.6803,34.4425,32.0291,33.4877,33.6708,34.0349,36.5129,35.9520
2022-11-29,36.0340,36.1534,35.4648,35.4648,4628800,LUV,34.8135,34.5941,32.0909,33.5876,33.6943,34.0745,36.4841,35.9528
2022-11-30,36.6400,36.6675,35.6393,36.0616,4794100,LUV,34.9498,34.7889,32.1794,33.7073,33.7225,34.1253,36.4590,35.9597
2022-12-01,36.7960,36.9062,36.4564,36.7226,5185200,LUV,35.1141,34.9801,32.2889,33.8284,33.7367,34.1782,36.4258,35.9680
2022-12-02,36.4931,36.6400,36.1809,36.3921,5312600,LUV,35.2422,35.1242,32.4128,33.9329,33.7454,34.2240,36.3906,35.9732
2022-12-05,36.2635,37.0714,35.9422,36.2819,5466000,LUV,35.3533,35.2327,32.5496,34.0243,33.7549,34.2644,36.3590,35.9761
2022-12-06,36.4288,36.5849,36.1167,36.4472,4239700,LUV,35.4580,35.3466,32.7022,34.1186,33.7559,34.3073,36.3301,35.9806
2022-12-07,34.7120,36.1350,34.3264,36.1350,8706800,LUV,35.4749,35.2862,32.8181,34.1419,33.7362,34.3153,36.2943,35.9680
2022-12-08,34.4182,35.4648,34.2622,35.0333,6637300,LUV,35.4882,35.2035,32.9110,34.1527,33.6995,34.3173,36.2643,35.9526
2022-12-09,34.8956,34.9691,34.1061,34.2071,5678000,LUV,35.4511,35.1742,33.0279,34.1819,33.6674,34.3288,36.2353,35.9421
2022-12-12,35.7494,35.7953,34.6753,34.8130,4820200,LUV,35.4777,35.2290,33.1767,34.2433,33.6495,34.3569,36.2068,35.9401
2022-12-13,34.6753,36.6308,34.1428,36.5390,6578700,LUV,35.4786,35.1762,33.2969,34.2603,33.6269,34.3632,36.1791,35.9275
2022-12-14,35.0150,35.3088,34.5835,34.9783,5602100,LUV,35.4557,35.1609,33.3878,34.2899,33.6041,34.3761,36.1616,35.9185
2022-12-15,34.2346,34.8773,33.9592,34.6845,5810700,LUV,35.4235,35.0727,33.4668,34.2877,33.5829,34.3733,36.1386,35.9017
2022-12-16,34.2254,34.5192,33.7389,33.9868,8886200,LUV,35.4075,34.9920,33.5538,34.2853,33.5509,34.3704,36.1184,35.8850
2022-12-19,33.3716,34.5100,33.3625,34.3172,4014800,LUV,35.3267,34.8377,33.6360,34.2494,33.5343,34.3506,36.0985,35.8600
2022-12-20,33.4084,33.7389,33.1697,33.2615,3337700,LUV,35.2642,34.7015,33.7229,34.2164,33.5184,34.3319,36.0949,35.8356
2022-12-21,33.6012,34.0143,33.5553,33.6562,3683300,LUV,35.1922,34.5967,33.8182,34.1923,33.5027,34.3175,36.0831,35.8134
2022-12-22,32.5546,33.6379,32.2149,33.5736,5571100,LUV,35.0467,34.4022,33.8893,34.1281,33.4829,34.2826,36.0592,35.7810
2022-12-23,33.1329,33.1421,32.2975,32.4628,3337700,LUV,34.9030,34.2814,33.9565,34.0891,33.4562,34.2598,36.0366,35.7546
2022-12-27,31.1591,32.0221,30.8929,31.7742,15174100,LUV,34.6904,33.9840,33.9781,33.9742,33.4117,34.1984,36.0076,35.7089
2022-12-28,29.5525,30.8378,29.5525,30.7184,17673500,LUV,34.3664,33.5620,33.9684,33.8008,33.3509,34.1064,35.9713,35.6476
2022-12-29,30.6450,30.8194,29.5709,29.6994,11811600,LUV,34.0666,33.2842,33.9697,33.6770,33.2986,34.0379,35.9315,35.5979
2022-12-30,30.9112,31.0948,30.3971,30.4338,8942300,LUV,33.7724,33.0582,33.9798,33.5685,33.2557,33.9759,35.8881,35.5512
2023-01-03,29.9289,31.2785,29.4699,31.0489,11467600,LUV,33.4442,32.7601,33.9759,33.4258,33.1944,33.8958,35.8414,35.4953
2023-01-04,30.8653,31.2417,30.0207,30.0666,8497300,LUV,33.1743,32.5797,33.9855,33.3254,33.1453,33.8358,35.7972,35.4492
2023-01-05,30.7827,31.0673,30.5256,30.5256,5208000,LUV,32.8920,32.4085,33.9820,33.2257,33.0908,33.7753,35.7548,35.4028
2023-01-06,32.2057,32.2516,30.1401,30.2961,10662800,LUV,32.7666,32.3892,33.9904,33.1857,33.0489,33.7443,35.7181,35.3710
2023-01-09,32.8609,33.1562,32.2242,32.3995,7866300,LUV,32.6888,32.4341,34.0166,33.1730,33.0115,33.7268,35.6856,35.3460
2023-01-10,33.4146,33.4423,32.4918,32.7502,5432900,LUV,32.6147,32.5275,34.0369,33.1824,32.9882,33.7206,35.6511,35.3268
2023-01-11,33.1931,33.6084,32.7132,32.8609,8963700,LUV,32.4869,32.5909,34.0355,33.1828,32.9622,33.7101,35.6134,35.3055
2023-01-12,34.1159,34.1620,33.3223,33.6822,8037300,LUV,32.4589,32.7361,34.0504,33.2194,32.9556,33.7182,35.5800,35.2937
2023-01-13,34.1344,34.1620,33.1285,33.2485,5585800,LUV,32.4149,32.8693,34.0548,33.2553,32.9530,33.7264,35.5426,35.2822
2023-01-17,34.1805,34.2359,33.6268,34.1344,6791000,LUV,32.4122,32.9942,34.0682,33.2916,32.9508,33.7354,35.5043,35.2712
2023-01-18,33.4976,34.7988,33.0362,34.7250,9224300,LUV,32.3758,33.0421,34.0596,33.2997,32.9387,33.7307,35.4616,35.2536
2023-01-19,33.6360,33.8483,32.9716,33.2208,5490200,LUV,32.3890,33.0987,34.0514,33.3129,32.9212,33.7288,35.4190,35.2375
2023-01-20,34.1990,34.2451,33.6360,33.9775,5762900,LUV,32.4286,33.2035,34.0487,33.3476,32.9186,33.7381,35.3792,35.2271
2023-01-23,33.8575,34.3281,33.7099,34.2728,6098600,LUV,32.4414,33.2658,34.0384,33.3676,32.9136,33.7405,35.3410,35.2135
2023-01-24,33.8483,34.1251,33.6084,33.6730,3900300,LUV,32.5061,33.3212,34.0323,33.3865,32.9105,33.7426,35.3095,35.1999
2023-01-25,34.0236,34.0513,33.4607,33.6083,6402600,LUV,32.5506,33.3881,34.0000,33.4115,32.9138,33.7482,35.2850,35.1882
2023-01-26,32.9439,33.5438,32.1319,33.2208,16712000,LUV,32.6398,33.3458,33.9546,33.3931,32.9070,33.7323,35.2604,35.1659
2023-01-27,33.4423,33.5899,32.7132,32.7409,8196500,LUV,32.8343,33.3550,33.9303,33.3950,32.9041,33.7265,35.2320,35.1487
2023-01-30,32.7317,34.0421,32.7040,33.2208,6983000,LUV,32.9387,33.2957,33.8754,33.3690,32.8941,33.7068,35.1991,35.1247
2023-01-31,33.0085,33.2854,32.7502,32.8424,5602200,LUV,33.0435,33.2683,33.8381,33.3549,32.8773,33.6930,35.1527,35.1036
2023-02-01,32.8793,33.3407,32.4364,32.7594,9279100,LUV,33.1910,33.2313,33.8047,33.3362,32.8603,33.6769,35.1025,35.0815
2023-02-02,33.9775,34.4297,32.7871,32.9439,9675900,LUV,33.3467,33.3023,33.7845,33.3614,32.8478,33.6828,35.0600,35.0705
2023-02-03,33.5438,33.9406,33.4884,33.5807,4831100,LUV,33.4847,33.3253,33.7622,33.3685,32.8274,33.6801,35.0104,35.0553
2023-02-06,33.2392,33.5438,33.0731,33.2208,4388700,LUV,33.5364,33.3171,33.7262,33.3635,32.8156,33.6714,34.9593,35.0373
2023-02-07,33.3961,33.5899,32.8240,33.1285,5404900,LUV,33.5631,33.3247,33.6848,33.3648,32.8004,33.6659,34.9042,35.0209
2023-02-08,32.5748,33.3038,32.5656,33.1562,5489000,LUV,33.5212,33.2532,33.6162,33.3338,32.7874,33.6443,34.8521,34.9966
2023-02-09,32.1596,33.0731,32.1411,32.7502,5911400,LUV,33.4695,33.1491,33.5512,33.2877,32.7901,33.6149,34.7997,34.9684
2023-02-10,31.9012,32.0581,31.4952,31.8366,4808700,LUV,33.3587,33.0302,33.4685,33.2334,32.7797,33.5810,34.7526,34.9378
2023-02-13,32.3626,32.4825,31.8181,31.9012,3686000,LUV,33.2702,32.9666,33.3830,33.1992,32.7812,33.5568,34.7035,34.9122
2023-02-14,32.7686,32.9070,32.0857,32.3718,5334900,LUV,33.1996,32.9478,33.3024,33.1823,32.7956,33.5412,34.6521,34.8909
2023-02-15,32.9624,33.0824,32.3441,32.4364,5124600,LUV,33.1728,32.9492,33.2318,33.1737,32.8223,33.5298,34.6024,34.8717
2023-02-16,32.6763,32.7502,32.1872,32.6671,5566900,LUV,33.1248,32.9232,33.1601,33.1542,32.8548,33.5129,34.5522,34.8498
2023-02-17,32.6302,32.7409,32.2888,32.6025,4250800,LUV,33.0464,32.8953,33.0841,33.1336,32.8931,33.4954,34.4985,34.8278
2023-02-21,31.1537,32.2703,31.0061,32.1411,6613300,LUV,32.9112,32.7294,33.0129,33.0560,32.9155,33.4490,34.4336,34.7912
2023-02-22,31.0061,31.3752,30.7754,31.0799,5611200,LUV,32.7691,32.5653,32.9447,32.9756,32.9278,33.4006,34.3729,34.7535
2023-02-23,31.0430,31.3014,30.8031,31.1722,6215100,LUV,32.6200,32.4203,32.8676,32.8998,32.9478,33.3540,34.3164,34.7166
2023-02-24,30.9784,31.0153,30.4801,30.5908,5343000,LUV,32.5218,32.2830,32.7722,32.8245,32.9744,33.3069,34.2701,34.6794
2023-02-27,30.9507,31.4859,30.9046,31.3752,4815300,LUV,32.3972,32.1561,32.6977,32.7510,32.9973,33.2603,34.2201,34.6423
2023-02-28,30.9876,31.3475,30.7661,30.9876,5244400,LUV,32.3100,32.0448,32.6172,32.6818,33.0025,33.2153,34.1777,34.6060
2023-03-01,31.0522,31.2275,30.8584,30.9599,3639500,LUV,32.2122,31.9503,32.5535,32.6179,33.0101,33.1724,34.1386,34.5706
2023-03-02,31.3014,31.3106,30.7569,30.8215,3936700,LUV,32.1333,31.8885,32.4950,32.5663,33.0244,33.1354,34.0978,34.5381
2023-03-03,31.5413,31.7997,31.2829,31.5598,3871900,LUV,32.0115,31.8554,32.4584,32.5261,33.0472,33.1038,34.0573,34.5082
2023-03-06,31.1537,31.8181,31.0061,31.6336,5682200,LUV,31.8920,31.7886,32.4133,32.4723,33.0681,33.0652,34.0060,34.4749
2023-03-07,30.9589,31.6361,30.8939,31.2187,7739300,LUV,31.7779,31.7096,32.3605,32.4129,33.0893,33.0235,33.9577,34.4399
2023-03-08,31.4506,31.4691,30.9774,31.0331,5850400,LUV,31.6807,31.6849,32.3384,32.3752,33.1138,32.9923,33.9150,34.4101
2023-03-09,30.6898,31.8959,30.4393,31.4413,8594100,LUV,31.5864,31.5901,32.2895,32.3091,33.1230,32.9467,33.8727,34.3731
2023-03-10,30.4022,30.6435,29.7064,30.4765,13423400,LUV,31.4985,31.4770,32.2744,32.2343,33.1263,32.8964,33.8255,34.3336
2023-03-13,28.8158,29.9848,28.7416,29.8270,12036000,LUV,31.3443,31.2236,32.2597,32.1003,33.1140,32.8156,33.7781,34.2787
2023-03-14,28.3241,29.5951,27.9437,29.3075,15141200,LUV,31.1424,30.9474,32.2133,31.9522,33.0915,32.7266,33.7248,34.2195
2023-03-15,27.5819,28.1107,27.2850,27.7674,12768800,LUV,30.8830,30.6269,32.1467,31.7808,33.0632,32.6247,33.6562,34.1534
2023-03-16,28.2777,28.3798,27.3036,27.4335,9480400,LUV,30.6488,30.4032,32.1136,31.6434,33.0448,32.5387,33.5873,34.0949
2023-03-17,27.8602,28.2035,27.5819,28.0365,7742700,LUV,30.4080,30.1610,32.0535,31.4951,33.0195,32.4460,33.5161,34.0329
2023-03-20,27.9066,28.1849,27.6932,27.8324,5734100,LUV,30.1718,29.9463,31.9960,31.3543,32.9890,32.3561,33.4530,33.9720
2023-03-21,28.7972,28.9178,28.1757,28.3334,6676800,LUV,30.0540,29.8368,31.9279,31.2541,32.9591,32.2857,33.3924,33.9205
2023-03-22,27.9066,29.0756,27.8973,28.8900,5687100,LUV,29.8990,29.6530,31.8288,31.1228,32.9227,32.1989,33.3307,33.8606
2023-03-23,27.4798,28.2963,27.1830,28.1478,4993300,LUV,29.7208,29.4460,31.7101,30.9799,32.8735,32.1055,33.2642,33.7971
2023-03-24,27.4891,27.5448,26.8582,27.1737,6308100,LUV,29.5464,29.2597,31.5960,30.8430,32.8158,32.0141,33.1956,33.7344
2023-03-27,27.9715,28.1756,27.6561,27.9344,5115900,LUV,29.3974,29.1370,31.4731,30.7304,32.7618,31.9340,33.1364,33.6770
2023-03-28,28.4169,28.4911,27.9623,27.9715,4056300,LUV,29.2689,29.0684,31.3588,30.6397,32.7068,31.8644,33.0855,33.6247
2023-03-29,29.1683,29.1776,28.6395,28.7601,4730900,LUV,29.1747,29.0779,31.2585,30.5820,32.6634,31.8110,33.0471,33.5803
2023-03-30,29.5209,29.8456,29.4467,29.5023,5097100,LUV,29.0857,29.1201,31.1790,30.5404,32.6193,31.7656,33.0220,33.5399
2023-03-31,30.1889,30.2167,29.7528,29.8456,5193400,LUV,29.0180,29.2219,31.1100,30.5266,32.5807,31.7344,33.0021,33.5066
2023-04-03,29.4003,29.9940,29.3539,29.7528,6081300,LUV,28.9304,29.2389,31.0141,30.4824,32.5314,31.6882,32.9782,33.4657
2023-04-04,29.4281,29.7157,29.0385,29.6508,4715500,LUV,28.8538,29.2569,30.9255,30.4411,32.4819,31.6434,32.9648,33.4256
2023-04-05,29.2982,29.3261,28.8529,29.1312,4196400,LUV,28.7462,29.2608,30.8345,30.3963,32.4334,31.5970,32.9477,33.3845
2023-04-06,29.3075,29.5394,29.0941,29.4745,2979700,LUV,28.6771,29.2653,30.7401,30.3536,32.3701,31.5517,32.9321,33.3439
2023-04-10,29.8456,29.8641,29.1219,29.1869,4487400,LUV,28.6493,29.3205,30.6782,30.3336,32.3164,31.5179,32.9175,33.3091
2023-04-11,30.3466,30.5600,29.7435,29.9198,6179500,LUV,28.7258,29.4183,30.6163,30.3342,32.2733,31.4947,32.9043,33.2796
2023-04-12,29.9105,30.2352,29.0477,30.1517,12377200,LUV,28.8051,29.4651,30.5598,30.3175,32.2176,31.4633,32.8806,33.2461
2023-04-13,29.8827,30.3187,29.4096,30.3002,8621400,LUV,28.9202,29.5049,30.4973,30.3005,32.1677,31.4320,32.8602,33.2127
2023-04-14,29.3817,30.0590,29.2054,29.9569,6606200,LUV,28.9754,29.4932,30.4274,30.2645,32.1160,31.3914,32.8389,33.1745
2023-04-17,29.9755,30.0311,29.3910,29.5209,4447600,LUV,29.0811,29.5391,30.3473,30.2531,32.0659,31.3634,32.8227,33.1427
2023-04-18,29.7435,30.3002,28.8065,30.2445,21631400,LUV,29.1730,29.5586,30.2713,30.2331,32.0168,31.3313,32.8056,33.1089
2023-04-19,30.1054,30.2816,29.4838,29.5580,6395200,LUV,29.2384,29.6107,30.2087,30.2281,31.9674,31.3070,32.7875,33.0790
2023-04-20,29.8827,30.3095,29.7528,29.9384,5003100,LUV,29.3372,29.6366,30.1384,30.2146,31.9116,31.2788,32.7694,33.0472
2023-04-21,29.8270,30.1146,29.6044,29.9848,4329500,LUV,29.4545,29.6547,30.0834,30.1994,31.8498,31.2501,32.7518,33.0152
2023-04-24,29.8363,30.1239,29.4188,29.9291,4586500,LUV,29.5719,29.6720,30.0370,30.1851,31.7941,31.2221,32.7325,32.9835
2023-04-25,29.0292,29.6879,28.8622,29.5302,4956000,LUV,29.6248,29.6108,29.9795,30.1398,31.7240,31.1787,32.7091,32.9442
2023-04-26,28.6674,29.4467,28.6395,28.9178,6638100,LUV,29.6373,29.5209,29.9056,30.0821,31.6443,31.1289,32.6834,32.9016
2023-04-27,27.7211,27.8695,26.7284,27.3685,23081000,LUV,29.5649,29.3495,29.8047,29.9895,31.5535,31.0614,32.6451,32.8501
2023-04-28,28.1014,28.3055,27.4706,27.7211,10931200,LUV,29.4940,29.2306,29.7074,29.9154,31.4696,31.0028,32.6075,32.8028
2023-05-01,28.3798,28.4633,27.9159,28.1014,7183300,LUV,29.4035,29.1496,29.6215,29.8552,31.3908,30.9509,32.5729,32.7588
2023-05-02,27.7953,28.3798,27.4706,28.3426,6812100,LUV,29.3233,29.0206,29.5248,29.7744,31.3045,30.8884,32.5302,32.7094
2023-05-03,28.5653,28.9086,27.7860,27.9066,8755300,LUV,29.2801,28.9773,29.4730,29.7270,31.2430,30.8424,32.4896,32.6682
2023-05-04,27.1737,28.5189,27.1551,28.4169,8760200,LUV,29.1739,28.8055,29.3964,29.6269,31.1705,30.7698,32.4350,32.6135
2023-05-05,27.5170,27.7303,27.4706,27.4798,5809000,LUV,29.0844,28.6828,29.3259,29.5441,31.0968,30.7053,32.3821,32.5628
2023-05-08,27.4520,27.7211,27.3221,27.3685,6960100,LUV,28.9647,28.5656,29.2554,29.4621,31.0138,30.6409,32.3317,32.5120
2023-05-09,27.4891,27.5912,27.0995,27.3500,4653900,LUV,28.8218,28.4630,29.1861,29.3847,30.9419,30.5785,32.2844,32.4620
2023-05-10,27.1273,27.8324,26.6913,27.8324,7088200,LUV,28.6827,28.3358,29.1089,29.2962,30.8630,30.5102,32.2336,32.4089
2023-05-11,26.8768,27.0160,26.7005,26.9510,5568900,LUV,28.5324,28.1969,29.0254,29.2013,30.7895,30.4382,32.1862,32.3538
2023-05-12,26.5614,27.0160,26.3480,26.9881,5101500,LUV,28.3913,28.0411,28.9306,29.0978,30.7128,30.3614,32.1318,32.2962
2023-05-15,26.9510,27.0067,26.4315,26.5150,5574500,LUV,28.2401,27.9373,28.8388,29.0136,30.6486,30.2939,32.0915,32.2430
2023-05-16,26.4779,27.0531,26.4686,26.7562,5016900,LUV,28.0768,27.7983,28.7453,28.9142,30.5793,30.2184,32.0489,32.1857
2023-05-17,27.7211,27.8417,26.6356,26.7562,8269400,LUV,27.9576,27.7909,28.6805,28.8674,30.5205,30.1689,32.0116,32.1412
2023-05-18,27.7953,27.8880,27.3036,27.5726,7223200,LUV,27.8533,27.7914,28.6074,28.8253,30.4729,30.1219,31.9779,32.0980
2023-05-19,27.3499,27.8880,27.2943,27.8324,4717700,LUV,27.7294,27.7493,28.5406,28.7675,30.4151,30.0670,31.9356,32.0507
2023-05-22,27.2015,27.6283,26.9974,27.6283,4655900,LUV,27.5977,27.6971,28.4766,28.7061,30.3755,30.0103,31.8936,32.0025
2023-05-23,27.3499,27.9901,27.2201,27.2850,5819400,LUV,27.5137,27.6641,28.4473,28.6529,30.3535,29.9576,31.8522,31.9562
2023-05-24,26.8490,27.2943,26.7284,27.2201,6072400,LUV,27.4228,27.5864,28.4178,28.5821,30.3155,29.8960,31.8070,31.9054
2023-05-25,27.1273,27.2943,26.7933,26.8304,5832700,LUV,27.3931,27.5427,28.4087,28.5251,30.2777,29.8412,31.7667,31.8578
2023-05-26,27.5077,27.7025,27.1366,27.1366,4414400,LUV,27.3634,27.5394,28.3933,28.4852,30.2535,29.7950,31.7239,31.8146
2023-05-30,27.6468,28.0550,27.4984,27.6839,5567600,LUV,27.3268,27.5496,28.3890,28.4523,30.2213,29.7525,31.6833,31.7731
2023-05-31,27.7118,27.9623,27.5077,27.9252,7024100,LUV,27.3226,27.5651,28.3851,28.4233,30.1906,29.7120,31.6407,31.7327
2023-06-01,27.0067,27.9159,26.9789,27.9159,8699100,LUV,27.2447,27.5119,28.3493,28.3677,30.1386,29.6585,31.5938,31.6856
2023-06-02,27.8973,28.4354,27.2108,27.2850,9546100,LUV,27.2808,27.5486,28.3491,28.3493,30.0890,29.6236,31.5502,31.6480
2023-06-05,27.8324,28.0736,27.7396,28.0736,4999500,LUV,27.2966,27.5756,28.3562,28.3290,30.0331,29.5881,31.5107,31.6100
2023-06-06,28.1942,28.2591,27.5448,27.6190,4460900,LUV,27.3337,27.6345,28.3703,28.3237,29.9831,29.5605,31.4727,31.5760
2023-06-07,28.5653,28.5931,28.2128,28.4076,5088700,LUV,27.3875,27.7232,28.3822,28.3332,29.9276,29.5408,31.4416,31.5460
2023-06-08,28.3798,28.6766,28.2128,28.5467,4483800,LUV,27.4502,27.7857,28.3814,28.3350,29.8701,29.5178,31.4115,31.5145
2023-06-09,28.4076,28.6952,28.3241,28.4818,5313700,LUV,27.5267,27.8449,28.3662,28.3379,29.8124,29.4958,31.3816,31.4836
2023-06-12,29.1869,29.5673,28.7323,28.7509,8837200,LUV,27.6580,27.9727,28.3595,28.3712,29.7693,29.4897,31.3540,31.4608
2023-06-13,30.1054,30.1796,29.2982,29.3261,8559500,LUV,27.8157,28.1758,28.3579,28.4392,29.7339,29.5019,31.3276,31.4473
2023-06-14,31.1444,31.2094,30.3187,30.3466,14745200,LUV,28.0490,28.4586,28.3927,28.5453,29.7034,29.5344,31.3110,31.4443
2023-06-15,31.5155,31.5990,31.0424,31.1073,11142500,LUV,28.2387,28.7497,28.4345,28.6617,29.6800,29.5737,31.2968,31.4450
2023-06-16,31.7753,31.9237,31.3671,31.7196,8743400,LUV,28.4377,29.0379,28.4840,28.7838,29.6592,29.6173,31.2849,31.4483
2023-06-20,32.1484,32.3069,31.5794,31.6261,8930900,LUV,28.6777,29.3341,28.5408,28.9158,29.6405,29.6674,31.2772,31.4552
2023-06-21,32.0364,32.1670,31.6354,32.1390,7216500,LUV,28.9194,29.5915,28.5847,29.0382,29.6314,29.7143,31.2692,31.4610
2023-06-22,31.9712,32.0831,31.5981,32.0738,4663200,LUV,29.1505,29.8181,28.6172,29.1532,29.6167,29.7590,31.2604,31.4661
2023-06-23,31.6447,31.7753,31.2623,31.3556,6016400,LUV,29.3903,29.9921,28.6518,29.2509,29.6058,29.7963,31.2500,31.4679
2023-06-26,31.7100,32.1484,31.5701,31.7380,5842200,LUV,29.6194,30.1557,28.6884,29.3473,29.5929,29.8342,31.2351,31.4703
2023-06-27,32.8758,33.0624,31.7007,31.7566,7819400,LUV,29.8878,30.4147,28.7583,29.4857,29.5928,29.8945,31.2266,31.4843
2023-06-28,33.0810,33.1556,32.5960,32.9318,7692200,LUV,30.1595,30.6687,28.8204,29.6267,29.5839,29.9576,31.2159,31.5002
2023-06-29,33.5287,33.5473,32.8945,33.0810,8144800,LUV,30.4503,30.9411,28.8961,29.7797,29.5837,30.0283,31.2055,31.5203
2023-06-30,33.7712,33.7991,33.4820,33.5753,7172200,LUV,30.7886,31.2106,28.9694,29.9362,29.5890,30.1024,31.2023,31.5427
2023-07-03,34.5453,34.6292,33.6033,33.6033,4233200,LUV,31.1210,31.5282,29.0627,30.1170,29.6005,30.1904,31.2005,31.5726
2023-07-05,34.7131,34.8530,33.9950,34.4613,8215400,LUV,31.4650,31.8315,29.1604,30.2972,29.6219,30.2799,31.2046,31.6039
2023-07-06,34.6012,34.6106,34.0696,34.3681,7281900,LUV,31.7854,32.0953,29.2557,30.4660,29.6463,30.3655,31.2182,31.6337
2023-07-07,35.0582,35.4406,34.6479,34.6572,5735000,LUV,32.1100,32.3775,29.3763,30.6461,29.6779,30.4584,31.2288,31.6678
2023-07-10,35.8230,35.8510,35.0955,35.1142,7516700,LUV,32.4822,32.7056,29.5194,30.8491,29.7125,30.5647,31.2468,31.7091
2023-07-11,36.5411,36.6437,35.8416,35.8696,8125100,LUV,32.8888,33.0709,29.6958,31.0723,29.7502,30.6830,31.2729,31.7572
2023-07-12,35.9536,36.8676,35.8883,36.7370,9541100,LUV,33.2272,33.3454,29.8528,31.2637,29.7801,30.7874,31.3012,31.7989
2023-07-13,34.5453,36.5971,34.5359,36.5784,14500600,LUV,33.4492,33.4597,29.9761,31.3924,29.7988,30.8618,31.3268,31.8263
2023-07-14,33.9111,34.6572,33.7339,34.5080,9121000,LUV,33.5875,33.5027,30.0984,31.4912,29.8116,30.9222,31.3524,31.8470
2023-07-17,33.8271,34.0976,33.6966,33.8458,4790900,LUV,33.7031,33.5336,30.2037,31.5828,29.8384,30.9797,31.3769,31.8667
2023-07-18,34.2655,34.2748,33.4634,33.6033,5258500,LUV,33.8276,33.6033,30.3455,31.6880,29.8710,31.0448,31.3994,31.8906
2023-07-19,34.8344,34.8997,34.2468,34.2562,6488700,LUV,33.9619,33.7205,30.4919,31.8114,29.9089,31.1198,31.4283,31.9199
2023-07-20,34.5826,34.8251,34.0603,34.6479,6318800,LUV,34.0892,33.8026,30.6345,31.9201,29.9449,31.1884,31.4597,31.9464
2023-07-21,34.7411,34.9556,34.3401,34.8251,4648700,LUV,34.2277,33.8920,30.7795,32.0307,29.9828,31.2587,31.4901,31.9742
2023-07-24,34.6945,34.8810,34.4147,34.4986,6093400,LUV,34.3802,33.9684,30.9309,32.1352,30.0199,31.3267,31.5112,32.0012
2023-07-25,33.1370,33.6593,32.4748,33.4820,13980300,LUV,34.4515,33.8893,31.0561,32.1745,30.0407,31.3626,31.5254,32.0125
2023-07-26,33.8178,33.9204,32.9971,33.2955,10660900,LUV,34.4986,33.8825,31.2012,32.2389,30.0659,31.4112,31.5452,32.0305
2023-07-27,30.7960,31.5421,30.4603,31.5421,33284400,LUV,34.3844,33.5885,31.2781,32.1823,30.0584,31.3990,31.5528,32.0182
2023-07-28,31.4302,31.4396,30.4976,30.5629,12511200,LUV,34.2795,33.3830,31.3771,32.1528,30.0612,31.3996,31.5647,32.0124
2023-07-31,31.8592,32.1670,31.1877,31.1877,10006400,LUV,34.1839,33.2378,31.4599,32.1413,30.0702,31.4087,31.5798,32.0108
2023-08-01,31.1784,31.6074,30.8240,31.5794,8903200,LUV,34.0155,33.0417,31.5276,32.1035,30.0675,31.4042,31.5907,32.0026
2023-08-02,31.1225,31.3463,30.8240,30.8240,7348000,LUV,33.8360,32.8589,31.6030,32.0651,30.0718,31.3986,31.5974,31.9938
2023-08-03,30.0872,30.7960,29.9846,30.3670,10735000,LUV,33.6103,32.5949,31.6607,31.9875,30.0687,31.3726,31.5975,31.9748
2023-08-04,30.5256,30.7121,30.1618,30.3390,8305700,LUV,33.3837,32.3979,31.7242,31.9302,30.0858,31.3559,31.5999,31.9604
2023-08-07,30.7494,30.7680,29.9939,30.4696,8037200,LUV,33.1300,32.2409,31.8022,31.8839,30.1100,31.3439,31.6007,31.9484
2023-08-08,31.4675,31.6541,30.3577,30.4136,8051300,LUV,32.8763,32.1672,31.8890,31.8675,30.1489,31.3463,31.6060,31.9436
2023-08-09,31.3649,31.5142,31.0385,31.3370,8101500,LUV,32.6469,32.0908,31.9662,31.8478,30.1797,31.3467,31.6123,31.9378
2023-08-10,31.5608,31.8313,31.1038,31.6261,8003700,LUV,32.4976,32.0403,32.0445,31.8366,30.2168,31.3509,31.6181,31.9341
2023-08-11,31.4302,31.6447,31.1691,31.5328,5061400,LUV,32.3736,31.9822,32.1188,31.8206,30.2520,31.3525,31.6205,31.9291
2023-08-14,31.2717,31.4209,31.1038,31.2717,4164300,LUV,32.2458,31.9146,32.2041,31.7991,30.2767,31.3509,31.6179,31.9225
2023-08-15,30.8893,31.0758,30.6468,31.0199,4498900,LUV,32.0770,31.8169,32.2640,31.7634,30.3066,31.3417,31.6146,31.9122
2023-08-16,30.7028,31.4955,30.6934,30.7680,5381300,LUV,31.8704,31.7108,32.3214,31.7218,30.3388,31.3291,31.6061,31.9002
2023-08-17,30.0592,30.7680,30.0126,30.6468,5945700,LUV,31.6443,31.5535,32.3587,31.6566,30.3645,31.3039,31.5901,31.8819
2023-08-18,29.9846,30.1898,29.7515,29.8261,5452800,LUV,31.4064,31.4041,32.3871,31.5911,30.3846,31.2778,31.5732,31.8630
2023-08-21,29.7701,30.3297,29.6302,30.0313,7323500,LUV,31.1602,31.2485,32.4149,31.5197,30.3982,31.2480,31.5525,31.8422
2023-08-22,29.3784,29.9193,29.2292,29.8447,6980100,LUV,30.9723,31.0704,32.4343,31.4357,30.4003,31.2109,31.5318,31.8177
2023-08-23,29.4437,29.5649,29.2665,29.3691,4300900,LUV,30.7536,30.9154,32.4394,31.3576,30.3995,31.1759,31.5094,31.7940
2023-08-24,29.1173,29.6116,29.1173,29.1919,4420600,LUV,30.6696,30.7442,32.4197,31.2697,30.3888,31.1352,31.4848,31.7674
2023-08-25,29.1173,29.2851,28.7908,29.1452,3982900,LUV,30.5540,30.5892,32.3791,31.1853,30.3859,31.0952,31.4587,31.7410
2023-08-28,28.9960,29.6116,28.8002,29.2758,5515500,LUV,30.4108,30.4375,32.3287,31.0995,30.3816,31.0537,31.4318,31.7137
2023-08-29,29.6675,29.8167,29.0053,29.0053,4814200,LUV,30.3353,30.3642,32.2866,31.0433,30.3853,31.0262,31.4094,31.6934
2023-08-30,29.4996,29.6862,29.3224,29.5836,3231700,LUV,30.2542,30.2818,32.2336,30.9828,30.3872,30.9960,31.3787,31.6715
2023-08-31,29.4717,29.7048,29.2572,29.6209,5202800,LUV,30.2234,30.2047,32.1823,30.9235,30.3835,30.9658,31.3499,31.6496
2023-09-01,29.3038,29.7048,29.1546,29.6302,4208400,LUV,30.1623,30.1189,32.1290,30.8600,30.3731,30.9329,31.3232,31.6263
2023-09-05,28.8629,29.3225,28.6847,29.1443,5519500,LUV,30.0680,29.9993,32.0733,30.7817,30.3626,30.8919,31.2901,31.5988
2023-09-06,28.1125,28.9473,27.9061,28.0468,8878300,LUV,29.9002,29.8196,32.0014,30.6770,30.3449,30.8369,31.2563,31.5641
2023-09-07,27.6060,28.2532,27.5403,28.0750,7910900,LUV,29.7123,29.6088,31.8960,30.5566,30.3271,30.7729,31.2216,31.5247
2023-09-08,27.6998,27.7467,27.2683,27.6716,8608200,LUV,29.5192,29.4269,31.7884,30.4445,30.3044,30.7120,31.1851,31.4867
2023-09-11,27.5872,27.9437,27.3339,27.8780,4906400,LUV,29.3271,29.2517,31.6695,30.3325,30.2828,30.6501,31.1498,31.4479
2023-09-12,27.4653,27.7842,27.3527,27.6716,4291900,LUV,29.1367,29.0816,31.5434,30.2200,30.2564,30.5871,31.1119,31.4082
2023-09-13,27.0056,27.1557,26.6117,26.7993,8279200,LUV,28.9426,28.8839,31.3926,30.0940,30.2276,30.5162,31.0696,31.3644
2023-09-14,27.1463,27.3058,26.8086,27.2589,8286200,LUV,28.7647,28.7184,31.2413,29.9784,30.2008,30.4494,31.0253,31.3225
2023-09-15,27.8499,27.8968,27.0244,27.0807,8547500,LUV,28.6543,28.6357,31.1063,29.8949,30.1810,30.3980,30.9875,31.2879
2023-09-18,27.2777,27.7842,27.2589,27.6716,5292000,LUV,28.5189,28.5063,30.9506,29.7923,30.1634,30.3362,30.9437,31.2480
2023-09-19,27.1182,27.3902,26.8931,27.2777,6510300,LUV,28.3863,28.3741,30.7765,29.6874,30.1480,30.2724,30.8961,31.2069
2023-09-20,26.7524,27.4184,26.7430,27.3527,4993100,LUV,28.2550,28.2197,30.5808,29.5723,30.1383,30.2027,30.8459,31.1626
2023-09-21,26.5272,27.0150,26.5272,26.6398,4960300,LUV,28.1092,28.0585,30.3922,29.4529,30.1225,30.1300,30.7961,31.1165
2023-09-22,26.3115,26.6398,26.2927,26.5554,5311700,LUV,27.9689,27.8921,30.2276,29.3297,30.1018,30.0543,30.7463,31.0687
2023-09-25,25.7956,26.1333,25.6643,26.0301,6223400,LUV,27.8028,27.6925,30.0653,29.1911,30.0818,29.9700,30.6931,31.0162
2023-09-26,24.9138,25.8988,24.9045,25.5798,10208600,LUV,27.5987,27.4278,29.8870,29.0234,30.0453,29.8699,30.6442,30.9555
2023-09-27,25.1484,25.3078,24.8200,24.9326,11127800,LUV,27.3728,27.2107,29.7046,28.8714,30.0251,29.7764,30.5978,30.8977
2023-09-28,25.5329,25.7299,24.9795,25.0827,6501500,LUV,27.1744,27.0509,29.5186,28.7405,30.0052,29.6924,30.5510,30.8443
2023-09-29,25.3922,25.8143,25.2328,25.6174,5941600,LUV,26.9705,26.8930,29.3348,28.6092,29.9846,29.6072,30.4992,30.7901
2023-10-02,25.5048,25.6643,25.2891,25.4298,6411100,LUV,26.7805,26.7608,29.1501,28.4875,29.9648,29.5260,30.4534,30.7375
2023-10-03,25.1484,25.7018,25.0264,25.4673,6603100,LUV,26.5948,26.6072,28.9592,28.3565,29.9450,29.4393,30.4040,30.6819
2023-10-04,25.5142,25.9457,25.1953,25.2140,11733700,LUV,26.4649,26.5031,28.8067,28.2450,29.9314,29.3616,30.3604,30.6304
2023-10-05,25.6267,25.8331,25.3922,25.6736,6775600,LUV,26.3659,26.4196,28.6429,28.1424,29.9220,29.2876,30.3174,30.5807
2023-10-06,25.4016,25.7768,25.1202,25.4391,6796800,LUV,26.2510,26.3227,28.5350,28.0349,29.9065,29.2107,30.2776,30.5291
2023-10-09,24.8576,24.9607,24.3323,24.9232,7451500,LUV,26.1145,26.1832,28.4035,27.9103,29.8903,29.1245,30.2348,30.4727
2023-10-10,24.9983,25.5423,24.9326,25.2234,7005600,LUV,25.9912,26.0703,28.2663,27.7961,29.8631,29.0428,30.1918,30.4182
2023-10-11,24.5762,25.4391,24.5105,24.8576,7150100,LUV,25.8697,25.9280,28.1343,27.6698,29.8309,28.9543,30.1519,30.3601
2023-10-12,23.8726,24.6231,23.7132,24.5855,8747800,LUV,25.7060,25.7323,27.9893,27.5209,29.7961,28.8537,30.1056,30.2955
2023-10-13,23.7976,23.9008,23.5162,23.6850,8373500,LUV,25.5034,25.5480,27.8635,27.3749,29.7621,28.7536,30.0688,30.2309
2023-10-16,24.0227,24.1259,23.7038,23.8726,5992100,LUV,25.3406,25.4027,27.7334,27.2434,29.7288,28.6599,30.0412,30.1691
2023-10-17,24.1916,24.3604,23.8820,23.9008,4496000,LUV,25.1943,25.2874,27.6023,27.1238,29.7023,28.5714,30.0089,30.1096
2023-10-18,23.1691,23.9383,23.1316,23.9289,7448300,LUV,25.0152,25.0857,27.4363,26.9687,29.6627,28.4644,29.9702,30.0406
2023-10-19,22.8596,23.4224,22.8408,23.1316,7268500,LUV,24.8318,24.8736,27.2662,26.8075,29.6162,28.3534,29.9348,29.9691
2023-10-20,22.7001,23.0097,22.6251,22.7470,7522000,LUV,24.6512,24.6666,27.0890,26.6465,29.5667,28.2415,29.8940,29.8968
2023-10-23,22.7845,23.4505,22.4750,22.5969,6910400,LUV,24.5006,24.4874,26.9161,26.4950,29.5175,28.1334,29.8540,29.8260
2023-10-24,22.4187,22.9534,22.3530,22.8502,6445100,LUV,24.3759,24.2904,26.7390,26.3352,29.4716,28.0203,29.8051,29.7523
2023-10-25,22.1373,22.5500,22.1185,22.4656,10493300,LUV,24.2253,24.0853,26.5640,26.1705,29.4140,27.9038,29.7515,29.6765
2023-10-26,21.9403,22.5969,21.4056,22.0435,12871600,LUV,24.0457,23.8810,26.3887,26.0046,29.3551,27.7857,29.6941,29.5996
2023-10-27,20.9554,21.8840,20.8428,21.4807,11576700,LUV,23.8239,23.6024,26.2067,25.8066,29.2827,27.6504,29.6329,29.5136
2023-10-30,21.1149,21.1618,20.6459,21.0304,13309200,LUV,23.6044,23.3655,26.0293,25.6226,29.2082,27.5210,29.5679,29.4300
2023-10-31,20.8522,21.0961,20.5614,20.9554,12171000,LUV,23.3896,23.1261,25.8509,25.4356,29.1329,27.3890,29.5015,29.3446
2023-11-01,20.8522,21.0773,20.5521,20.7115,8540300,LUV,23.1565,22.9096,25.6804,25.2558,29.0573,27.2595,29.4348,29.2601
2023-11-02,21.7246,21.7433,21.0492,21.1711,6854700,LUV,22.9614,22.7967,25.5260,25.1173,28.9827,27.1499,29.3760,29.1851
2023-11-03,22.2311,22.4562,21.9403,22.1185,10929200,LUV,22.8028,22.7428,25.3883,25.0042,28.9040,27.0525,29.3190,29.1160
2023-11-06,22.0716,22.5031,21.8090,22.4093,6043000,LUV,22.6635,22.6789,25.2474,24.8892,28.8132,26.9539,29.2583,29.0459
2023-11-07,22.0998,22.2217,21.8090,22.1373,4873700,LUV,22.5186,22.6238,25.1094,24.7798,28.7191,26.8578,29.1995,28.9767
2023-11-08,22.5031,22.8221,22.1748,22.2123,7208400,LUV,22.4150,22.6123,24.9661,24.6905,28.6264,26.7715,29.1428,28.9123
2023-11-09,21.9028,22.7470,21.8653,22.6626,6642300,LUV,22.3165,22.5447,24.8142,24.5812,28.5239,26.6751,29.0822,28.8426
2023-11-10,21.7246,21.8653,21.2743,21.7152,6778100,LUV,22.2128,22.4666,24.6593,24.4691,28.4208,26.5771,29.0261,28.7718
2023-11-13,21.6589,21.8090,21.1805,21.2931,5050400,LUV,22.0946,22.3897,24.5064,24.3589,28.3177,26.4797,28.9672,28.7010
2023-11-14,22.7939,22.8596,22.0060,22.1561,8732200,LUV,22.0247,22.4282,24.3850,24.2976,28.2292,26.4067,28.9175,28.6422
2023-11-15,23.3943,23.4974,22.8783,22.9159,9043600,LUV,22.0360,22.5202,24.2906,24.2621,28.1460,26.3471,28.8694,28.5900
2023-11-16,22.7845,23.5256,22.6814,23.3473,6907700,LUV,22.0322,22.5454,24.1942,24.2042,28.0451,26.2765,28.8190,28.5322
2023-11-17,23.2723,23.3098,22.7376,22.9721,6824400,LUV,22.0609,22.6146,24.1056,24.1677,27.9470,26.2170,28.7654,28.4799
2023-11-20,23.5725,23.6569,23.0003,23.2254,6246000,LUV,22.1003,22.7058,24.0254,24.1443,27.8474,26.1647,28.7156,28.4311
2023-11-21,23.1035,23.5256,22.9909,23.4036,5898600,LUV,22.1345,22.7437,23.9381,24.1035,27.7408,26.1040,28.6649,28.3780
2023-11-22,23.1785,23.7788,22.9815,23.5443,7513900,LUV,22.1866,22.7851,23.8616,24.0672,27.6271,26.0461,28.6138,28.3263
2023-11-24,23.3286,23.3943,23.1316,23.2817,2240300,LUV,22.2560,22.8369,23.7852,24.0383,27.5132,25.9923,28.5676,28.2766
2023-11-27,22.9252,23.3004,22.8127,23.2254,7367300,LUV,22.3545,22.8453,23.6867,23.9946,27.3965,25.9316,28.5214,28.2233
2023-11-28,23.2817,23.3192,22.7189,22.9065,4760400,LUV,22.4628,22.8868,23.6068,23.9667,27.2787,25.8791,28.4783,28.1742
2023-11-29,23.7601,24.0790,23.4505,23.4974,9195800,LUV,22.6082,22.9700,23.5396,23.9586,27.1581,25.8371,28.4353,28.1302
2023-11-30,23.9852,24.0321,23.5162,23.8914,6874300,LUV,22.7648,23.0667,23.4843,23.9596,27.0325,25.8005,28.3914,28.0890
2023-12-01,25.0358,25.0358,23.9571,24.0227,7864100,LUV,22.9304,23.2542,23.4545,24.0018,26.9234,25.7853,28.3517,28.0586
2023-12-04,25.6080,25.6267,24.7825,25.0076,12285200,LUV,23.0992,23.4784,23.4404,24.0648,26.8340,25.7818,28.3164,28.0342
2023-12-05,25.4860,25.6080,25.1671,25.4673,8641100,LUV,23.2700,23.6696,23.4342,24.1205,26.7497,25.7759,28.2807,28.0089
2023-12-06,26.2552,26.6679,25.7674,25.9363,11001200,LUV,23.4777,23.9158,23.4610,24.2042,26.6740,25.7854,28.2562,27.9914
2023-12-07,27.3527,27.7561,26.8555,26.8837,15404500,LUV,23.7202,24.2432,23.5051,24.3277,26.6049,25.8165,28.2379,27.9851
2023-12-08,27.2683,27.3902,26.8743,27.1557,8752800,LUV,23.9885,24.5313,23.5398,24.4430,26.5292,25.8452,28.2190,27.9779
2023-12-11,27.5215,27.5403,26.9869,27.2214,8349700,LUV,24.2783,24.8161,23.5824,24.5637,26.4586,25.8784,28.2018,27.9734
2023-12-12,28.4314,28.6003,27.4934,27.6247,12983000,LUV,24.6170,25.1604,23.6410,24.7154,26.3955,25.9290,28.1892,27.9780
2023-12-13,27.3433,27.7842,26.3865,27.7467,22269800,LUV,24.8444,25.3683,23.6849,24.8185,26.3220,25.9570,28.1709,27.9716
2023-12-14,27.9155,28.3658,27.4184,27.5309,11860200,LUV,25.0705,25.6109,23.7329,24.9399,26.2698,25.9958,28.1553,27.9711
2023-12-15,27.2120,27.9624,27.0994,27.8592,14737200,LUV,25.2919,25.7634,23.7646,25.0290,26.2037,26.0198,28.1348,27.9635
2023-12-18,27.1745,27.2495,26.6210,27.0901,7778200,LUV,25.4870,25.8978,23.8000,25.1132,26.1675,26.0427,28.1130,27.9557
2023-12-19,27.6904,27.8780,27.2777,27.3152,7858500,LUV,25.6929,26.0685,23.8567,25.2142,26.1301,26.0753,28.0957,27.9530
2023-12-20,27.4356,28.0962,27.3789,27.5299,7398600,LUV,25.9095,26.1987,23.9054,25.3013,26.0859,26.1023,28.0780,27.9479
2023-12-21,27.9358,28.3227,27.6715,27.8791,7282900,LUV,26.1473,26.3641,23.9726,25.4047,26.0535,26.1386,28.0605,27.9478
2023-12-22,27.8414,28.1812,27.7093,27.9830,6409600,LUV,26.3730,26.5048,24.0520,25.5002,26.0206,26.1723,28.0462,27.9467
2023-12-26,27.5111,27.9075,27.4828,27.7753,5185200,LUV,26.6023,26.6006,24.1263,25.5791,25.9949,26.1988,28.0318,27.9424
2023-12-27,27.5677,27.6432,27.2563,27.5394,4668500,LUV,26.8166,26.6927,24.1972,25.6571,25.9653,26.2259,28.0255,27.9386
2023-12-28,27.7281,27.7659,27.4073,27.4639,4285300,LUV,27.0150,26.7914,24.2679,25.7383,25.9351,26.2557,28.0226,27.9366
2023-12-29,27.2563,27.6149,27.2185,27.6149,5699600,LUV,27.1785,26.8356,24.3497,25.7978,25.8930,26.2755,28.0209,27.9298
2024-01-02,26.8787,27.4073,26.6239,26.9920,6689600,LUV,27.2707,26.8397,24.4300,25.8402,25.8481,26.2874,28.0139,27.9193
2024-01-03,25.7745,26.4352,25.7179,26.2936,8192900,LUV,27.2790,26.7383,24.4915,25.8376,25.7903,26.2773,28.0035,27.8980
2024-01-04,26.3597,26.4446,25.7273,25.8312,6785500,LUV,27.3227,26.7022,24.5630,25.8581,25.7396,26.2789,27.9958,27.8827
2024-01-05,27.5111,27.5394,26.2464,26.2842,10576500,LUV,27.3855,26.7793,24.6649,25.9229,25.7019,26.3033,27.9893,27.8790
2024-01-08,27.4828,27.8225,27.2279,27.3695,10686400,LUV,27.3920,26.8463,24.7718,25.9841,25.6679,26.3267,27.9872,27.8750
2024-01-09,27.6715,27.9169,27.2563,27.4167,5474900,LUV,27.4121,26.9249,24.8864,26.0503,25.6376,26.3533,27.9882,27.8730
2024-01-10,28.0396,28.2378,27.5488,27.6526,7210400,LUV,27.4380,27.0310,25.0281,26.1283,25.6174,26.3867,27.9909,27.8747
2024-01-11,28.1623,28.2000,27.4356,27.9075,6221300,LUV,27.4246,27.1388,25.1690,26.2080,25.5991,26.4218,27.9919,27.8775
2024-01-12,26.9637,27.9075,26.6334,27.9075,9885900,LUV,27.4056,27.1221,25.2913,26.2377,25.5711,26.4326,27.9846,27.8684
2024-01-16,27.1053,27.1996,26.0199,26.8032,9115900,LUV,27.3651,27.1205,25.4163,26.2717,25.5484,26.4459,27.9743,27.8608
2024-01-17,26.5295,27.2940,26.4257,26.8882,7425900,LUV,27.3310,27.0642,25.5124,26.2818,25.5192,26.4475,27.9593,27.8476
2024-01-18,28.3416,28.3793,26.5862,26.6617,14095200,LUV,27.3893,27.1859,25.6346,26.3626,25.5115,26.4850,27.9501,27.8525
2024-01-19,28.3038,28.4454,27.5771,28.4454,8813800,LUV,27.4200,27.2923,25.7593,26.4387,25.5033,26.5211,27.9446,27.8570
2024-01-22,28.4643,28.7852,28.2944,28.4171,8595400,LUV,27.4714,27.4039,25.8866,26.5181,25.4980,26.5595,27.9398,27.8630
2024-01-23,29.3609,29.7195,29.0777,29.2759,10575500,LUV,27.5427,27.5903,26.0237,26.6296,25.4949,26.6150,27.9401,27.8780
2024-01-24,29.3609,29.6251,29.1627,29.5591,9713000,LUV,27.6187,27.7589,26.1729,26.7367,25.4935,26.6694,27.9404,27.8927
2024-01-25,28.6814,30.9559,28.2661,30.6727,19606100,LUV,27.6772,27.8468,26.3120,26.8130,25.4856,26.7092,27.9346,27.9006
2024-01-26,28.3982,29.3986,28.0207,28.8135,9929000,LUV,27.7187,27.8993,26.4468,26.8752,25.4766,26.7427,27.9248,27.9055
2024-01-29,28.5115,28.5964,27.7565,28.4737,8250800,LUV,27.7579,27.9576,26.5612,26.9393,25.4731,26.7777,27.9178,27.9115
2024-01-30,28.4926,28.7663,28.1340,28.1340,5357800,LUV,27.8197,28.0086,26.6631,27.0002,25.4769,26.8117,27.9109,27.9173
2024-01-31,28.2095,28.6625,27.7848,28.4077,5956700,LUV,27.8862,28.0277,26.7716,27.0477,25.4829,26.8393,27.9050,27.9202
2024-02-01,28.4832,28.6719,27.7565,28.3982,5977300,LUV,28.0217,28.0711,26.8758,27.1040,25.4907,26.8719,27.8976,27.9258
2024-02-02,28.6625,28.7757,28.1245,28.3510,4983000,LUV,28.1368,28.1274,26.9776,27.1651,25.5015,26.9073,27.8922,27.9332
2024-02-05,28.0773,28.3605,27.8603,28.2472,4994000,LUV,28.1651,28.1226,27.0771,27.2008,25.5076,26.9305,27.8820,27.9346
2024-02-06,29.2854,29.3042,27.9641,28.1057,7176800,LUV,28.2552,28.2334,27.1993,27.2826,25.5304,26.9771,27.8790,27.9480
2024-02-07,29.0117,29.5968,28.9362,29.2193,5441000,LUV,28.3222,28.3075,27.3129,27.3504,25.5491,27.0174,27.8749,27.9586
2024-02-08,30.5123,30.5312,28.9267,29.1061,10891100,LUV,28.4459,28.5175,27.4647,27.4744,25.5757,27.0866,27.8783,27.9840
2024-02-09,30.6633,30.8048,30.0121,30.4651,8162100,LUV,28.5709,28.7218,27.6123,27.5994,25.6096,27.1575,27.8865,28.0107
2024-02-12,30.9464,31.3711,30.3613,30.5500,8819000,LUV,28.7701,28.9337,27.7560,27.7307,25.6478,27.2325,27.8979,28.0399
2024-02-13,30.7010,30.8992,30.1253,30.5689,6266900,LUV,28.9499,29.1020,27.8903,27.8472,25.6873,27.3012,27.9128,28.0664
2024-02-14,31.8524,32.0318,30.7954,30.9936,9684200,LUV,29.2160,29.3640,28.0267,28.0043,25.7406,27.3913,27.9315,28.1040
2024-02-15,32.2866,32.7679,31.9563,32.0695,7801600,LUV,29.4133,29.6423,28.1602,28.1722,25.8003,27.4882,27.9511,28.1457
2024-02-16,32.0223,32.7018,31.7769,32.0318,7230600,LUV,29.5992,29.8690,28.2910,28.3232,25.8626,27.5780,27.9722,28.1842
2024-02-20,31.9563,33.0888,31.9091,32.3810,8855400,LUV,29.7738,30.0678,28.4050,28.4656,25.9330,27.6647,27.9892,28.2218
2024-02-21,32.5980,32.6169,31.7203,31.8147,7133500,LUV,29.9356,30.3087,28.5099,28.6277,26.0075,27.7624,28.0163,28.2653
2024-02-22,32.3149,33.2020,32.2866,32.8151,8326400,LUV,30.0833,30.4998,28.6108,28.7723,26.0753,27.8526,28.0403,28.3056
2024-02-23,31.8808,32.4753,31.7864,32.4187,5477600,LUV,30.2433,30.6313,28.6980,28.8942,26.1402,27.9323,28.0624,28.3412
2024-02-26,32.2300,32.6263,31.8902,31.9657,7350800,LUV,30.4349,30.7836,28.7740,29.0250,26.2075,28.0174,28.0861,28.3799
2024-02-27,32.5791,32.6452,32.2771,32.4659,4822100,LUV,30.6383,30.9546,28.8787,29.1644,26.2818,28.1078,28.1134,28.4217
2024-02-28,32.5320,32.6169,32.2394,32.2771,3604700,LUV,30.8402,31.1048,28.9710,29.2965,26.3520,28.1954,28.1417,28.4626
2024-02-29,32.3432,32.8812,32.2960,32.6735,5300800,LUV,31.0469,31.2227,29.0737,29.4159,26.4191,28.2775,28.1706,28.5012
2024-03-01,32.0506,32.4281,31.7486,32.3149,6373300,LUV,31.2253,31.3016,29.1712,29.5193,26.4856,28.3522,28.1961,28.5365
2024-03-04,32.1922,32.4659,31.5410,32.0129,6115600,LUV,31.4018,31.3864,29.2612,29.6241,26.5590,28.4283,28.2246,28.5729
2024-03-05,32.6476,32.7140,31.8886,31.9645,4151700,LUV,31.6303,31.5065,29.3655,29.7426,26.6354,28.5118,28.2493,28.6134
2024-03-06,32.7899,33.1979,32.6192,32.7330,5647100,LUV,31.8055,31.6288,29.4625,29.8621,26.7176,28.5965,28.2743,28.6550
2024-03-07,33.0461,33.1125,32.7425,32.8374,4066700,LUV,32.0073,31.7637,29.5666,29.9870,26.8093,28.6846,28.3027,28.6987
2024-03-08,32.5053,33.2548,32.3155,33.1125,5874400,LUV,32.1069,31.8344,29.6665,30.0858,26.8964,28.7603,28.3293,28.7365
2024-03-11,32.0499,32.5717,31.7653,32.5717,5322100,LUV,32.1762,31.8549,29.7562,30.1628,26.9767,28.8254,28.3528,28.7695
2024-03-12,27.2870,29.2035,27.0593,29.1751,41071100,LUV,31.9933,31.4199,29.7473,30.0500,27.0076,28.7950,28.3549,28.7548
2024-03-13,26.8316,27.4957,26.6988,27.2585,19863300,LUV,31.7998,30.9829,29.7388,29.9238,27.0442,28.7561,28.3535,28.7356
2024-03-14,26.6703,26.8031,26.3382,26.7841,10585800,LUV,31.5407,30.5722,29.7347,29.7962,27.0824,28.7148,28.3493,28.7151
2024-03-15,26.8980,26.9170,26.5280,26.5849,11567600,LUV,31.2713,30.2222,29.7571,29.6826,27.1243,28.6788,28.3455,28.6970
2024-03-18,26.5754,26.8695,26.4616,26.8031,6885000,LUV,30.9989,29.8749,29.7615,29.5607,27.1622,28.6372,28.3399,28.6759
2024-03-19,26.7272,26.7841,26.4805,26.5849,6300400,LUV,30.7375,29.5751,29.7458,29.4496,27.2053,28.5993,28.3385,28.6565
2024-03-20,27.3629,27.4198,26.6893,26.8221,7483700,LUV,30.4757,29.3644,29.7434,29.3678,27.2576,28.5749,28.3358,28.6436
2024-03-21,27.2111,27.4483,26.8411,27.2870,9416200,LUV,30.2205,29.1594,29.7342,29.2832,27.3103,28.5478,28.3327,28.6294
2024-03-22,26.9929,27.2490,26.9834,27.2396,4534300,LUV,29.9761,28.9530,29.7132,29.1934,27.3707,28.5171,28.3267,28.6131
2024-03-25,27.0498,27.2585,26.8031,26.9644,5693600,LUV,29.7171,28.7718,29.6910,29.1093,27.4300,28.4880,28.3191,28.5975
2024-03-26,26.9549,27.3249,26.9359,27.2585,5471400,LUV,29.4359,28.5987,29.6908,29.0248,27.4910,28.4576,28.3120,28.5812
2024-03-27,27.7709,27.7993,27.0498,27.1162,9338600,LUV,29.1978,28.5199,29.7041,28.9756,27.5602,28.4440,28.3088,28.5731
2024-03-28,27.6950,27.9986,27.6286,27.7234,10002800,LUV,28.9654,28.4413,29.7274,28.9254,27.6199,28.4292,28.3013,28.5644
2024-04-01,27.6855,27.9037,27.6096,27.8088,7055700,LUV,28.7472,28.3693,29.7143,28.8768,27.6745,28.4145,28.2892,28.5556
2024-04-02,26.8790,27.4578,26.6039,27.3439,10511900,LUV,28.4815,28.2274,29.6858,28.7985,27.7225,28.3841,28.2679,28.5390
2024-04-03,26.5944,26.8316,26.5375,26.7841,7846800,LUV,28.1789,28.0719,29.6484,28.7120,27.7675,28.3486,28.2433,28.5196
2024-04-04,26.5375,27.3155,26.4710,26.7177,9651200,LUV,27.8662,27.9257,29.5919,28.6267,27.8078,28.3128,28.2171,28.4999
2024-04-05,26.8885,26.9739,26.3762,26.4141,6639200,LUV,27.5583,27.8270,29.5425,28.5586,27.8577,28.2846,28.1908,28.4838
2024-04-08,27.1826,27.3819,26.8126,27.0403,6855900,LUV,27.2922,27.7656,29.5125,28.5046,27.9123,28.2627,28.1665,28.4709
2024-04-09,27.5621,27.5716,26.9075,27.1921,7798900,LUV,27.0678,27.7462,29.4958,28.4677,27.9713,28.2489,28.1445,28.4619
2024-04-10,26.5280,27.6570,26.3477,27.4008,10963500,LUV,27.0299,27.6302,29.4561,28.3916,28.0086,28.2148,28.1189,28.4426
2024-04-11,27.0593,27.1637,26.3382,26.4236,6407100,LUV,27.0413,27.5758,29.4275,28.3393,28.0453,28.1919,28.0957,28.4288
2024-04-12,26.1295,26.7367,26.0061,26.5944,11545800,LUV,27.0142,27.4381,29.3859,28.2527,28.0787,28.1511,28.0619,28.4060
2024-04-15,26.4141,26.7462,26.2338,26.4331,7041500,LUV,26.9900,27.3406,29.3445,28.1806,28.1102,28.1167,28.0286,28.3862
2024-04-16,26.6134,26.6988,26.0536,26.4616,7169700,LUV,26.9919,27.2713,29.3035,28.1191,28.1406,28.0869,27.9940,28.3685
2024-04-17,27.3060,27.5432,26.9549,26.9739,7970500,LUV,27.0209,27.2746,29.2881,28.0872,28.1826,28.0714,27.9617,28.3579
2024-04-18,27.5716,27.9986,27.4103,27.5147,7554600,LUV,27.0313,27.3029,29.2538,28.0670,28.2265,28.0615,27.9268,28.3501
2024-04-19,27.8752,28.1409,27.6191,27.6665,6911100,LUV,27.0645,27.3574,29.2311,28.0595,28.2720,28.0579,27.8926,28.3454
2024-04-22,28.2073,28.4350,27.8752,27.9796,6526100,LUV,27.1252,27.4383,29.1850,28.0653,28.3248,28.0608,27.8607,28.3440
2024-04-23,27.9511,28.2927,27.5621,27.8088,7002700,LUV,27.1703,27.4872,29.1307,28.0608,28.3715,28.0586,27.8251,28.3401
2024-04-24,27.7993,28.0745,27.4673,27.9322,9632800,LUV,27.2125,27.5169,29.0678,28.0506,28.4119,28.0535,27.7850,28.3347
2024-04-25,25.8638,26.0726,24.6684,25.5033,36945300,LUV,27.1172,27.3595,28.9710,27.9648,28.4307,28.0102,27.7316,28.3101
2024-04-26,25.6456,26.0915,25.3610,25.7595,16106000,LUV,27.0147,27.1962,28.8469,27.8739,28.4368,27.9633,27.6801,28.2836
2024-04-29,25.4653,25.5602,24.9815,25.1238,15687800,LUV,26.9037,27.0314,28.7105,27.7794,28.4354,27.9139,27.6347,28.2556
2024-04-30,24.6114,25.2092,24.6019,25.0953,13924400,LUV,26.7903,26.8009,28.5623,27.6552,28.4266,27.8485,27.5882,28.2193
2024-05-01,24.3553,24.8581,24.2604,24.6589,12615200,LUV,26.6783,26.5680,28.4102,27.5258,28.4076,27.7793,27.5408,28.1809
2024-05-02,25.0574,25.1048,24.4027,24.6684,14758900,LUV,26.6043,26.4241,28.2594,27.4290,28.3847,27.7254,27.4948,28.1498
2024-05-03,24.8107,25.3230,24.6209,25.0763,10950400,LUV,26.5005,26.2705,28.1094,27.3263,28.3601,27.6677,27.4447,28.1166
2024-05-06,26.0156,26.1674,24.8771,24.9055,10802900,LUV,26.4421,26.2462,27.9920,27.2749,28.3450,27.6350,27.4018,28.0957
2024-05-07,25.6171,25.9302,25.4938,25.7595,7958800,LUV,26.3449,26.1863,27.8598,27.2099,28.3169,27.5950,27.3562,28.0710
2024-05-08,25.7879,25.8923,25.4843,25.5033,6458600,LUV,26.3079,26.1483,27.7240,27.1541,28.3013,27.5592,27.3117,28.0483
2024-05-09,25.8828,25.9682,25.5033,25.7120,7637000,LUV,26.2490,26.1231,27.5910,27.1043,28.2810,27.5260,27.2754,28.0267
2024-05-10,25.9587,26.0726,25.7310,25.9302,6445900,LUV,26.2405,26.1074,27.4633,27.0593,28.2685,27.4950,27.2361,28.0062
2024-05-13,26.5469,26.8885,25.9966,26.0061,9547200,LUV,26.2471,26.1493,27.3532,27.0392,28.2622,27.4762,27.2149,27.9916
2024-05-14,26.6893,26.9170,26.5280,26.8316,7181600,LUV,26.2509,26.2007,27.2432,27.0255,28.2522,27.4606,27.1912,27.9787
2024-05-15,26.3477,26.8885,26.1295,26.8885,8913000,LUV,26.2030,26.2147,27.1172,26.9989,28.2413,27.4386,27.1636,27.9625
2024-05-16,26.5469,26.7177,26.3857,26.4046,6076000,LUV,26.1518,26.2463,26.9923,26.9812,28.2274,27.4209,27.1404,27.9484
2024-05-17,26.4331,26.8221,26.3477,26.7272,6887500,LUV,26.0797,26.2641,26.8600,26.9597,28.2133,27.4014,27.1170,27.9333
2024-05-20,26.7557,26.7747,26.2433,26.4141,6545200,LUV,26.0071,26.3109,26.7450,26.9517,28.2058,27.3886,27.1003,27.9216
2024-05-21,26.5375,26.7272,26.3667,26.5944,6507900,LUV,25.9364,26.3325,26.6348,26.9355,28.1955,27.3717,27.0804,27.9078
2024-05-22,26.4521,26.8506,26.2718,26.5849,6317800,LUV,25.8690,26.3439,26.6181,26.9165,28.1827,27.3535,27.0589,27.8933
2024-05-23,25.2851,26.4331,25.1807,26.3857,11289200,LUV,25.8401,26.2431,26.5872,26.8525,28.1630,27.3126,27.0280,27.8674
2024-05-24,25.4653,25.5033,25.0099,25.3705,7250500,LUV,25.8311,26.1690,26.5631,26.7981,28.1489,27.2760,26.9985,27.8435
2024-05-28,25.1617,25.5697,25.0479,25.3230,8239200,LUV,25.8159,26.0731,26.5283,26.7340,28.1427,27.2341,26.9665,27.8168
2024-05-29,24.2035,24.3553,23.3401,23.9473,15761900,LUV,25.7955,25.8950,26.4809,26.6347,28.1212,27.1741,26.9304,27.7808
2024-05-30,24.7727,24.8202,24.1181,24.3837,10579400,LUV,25.8164,25.7881,26.4418,26.5617,28.0938,27.1266,26.8979,27.7509
2024-05-31,25.4653,25.5982,24.7253,24.9815,8230300,LUV,25.8368,25.7574,26.4039,26.5187,28.0736,27.0937,26.8708,27.7282
2024-06-03,26.2718,26.8506,25.6171,25.8638,10037000,LUV,25.9098,25.8064,26.3851,26.5090,28.0596,27.0774,26.8486,27.7137
2024-06-04,26.3762,26.7936,26.1769,26.1769,7389100,LUV,25.9279,25.8606,26.3727,26.5038,28.0430,27.0635,26.8302,27.7004
2024-06-05,27.0024,27.0308,26.1105,26.4046,8974400,LUV,25.9971,25.9694,26.3718,26.5234,28.0314,27.0623,26.8153,27.6934
2024-06-06,26.4236,27.2490,26.3572,27.0213,10698900,LUV,26.0289,26.0126,26.3612,26.5195,28.0260,27.0496,26.7985,27.6808
2024-06-07,26.3287,26.4995,26.0346,26.3477,7158900,LUV,26.0512,26.0427,26.3323,26.5120,28.0182,27.0354,26.7833,27.6673
2024-06-10,28.1788,28.7956,27.8468,28.0840,34733100,LUV,26.1622,26.2462,26.3420,26.5773,28.0347,27.0580,26.7770,27.6724
2024-06-11,26.6134,28.0840,26.5754,27.9891,12599400,LUV,26.1655,26.2811,26.3206,26.5788,28.0174,27.0492,26.7644,27.6619
2024-06-12,26.9834,27.2965,26.6418,26.8126,9499700,LUV,26.1802,26.3480,26.3227,26.5946,28.0042,27.0479,26.7538,27.6551
2024-06-13,26.9549,27.2680,26.4046,26.9265,7345800,LUV,26.2106,26.4058,26.3299,26.6088,27.9891,27.0461,26.7436,27.6482
2024-06-14,26.9265,26.9834,26.3287,26.7367,9994300,LUV,26.2296,26.4554,26.3376,26.6212,27.9648,27.0437,26.7299,27.6410
2024-06-17,27.2965,27.3060,26.7082,26.8885,5924300,LUV,26.2727,26.5355,26.3458,26.6477,27.9442,27.0487,26.7189,27.6375
2024-06-18,27.1437,27.5065,27.0005,27.3633,6030000,LUV,26.2921,26.5934,26.3450,26.6671,27.9288,27.0506,26.7072,27.6326
2024-06-20,26.7905,27.1151,26.7905,26.9910,5464900,LUV,26.3048,26.6122,26.3296,26.6720,27.9127,27.0454,26.6946,27.6243
2024-06-21,27.0769,27.2583,26.5709,26.8382,9054300,LUV,26.3360,26.6565,26.3406,26.6879,27.8984,27.0461,26.6857,27.6188
2024-06-24,27.2010,27.6497,26.9910,27.1055,8090900,LUV,26.4318,26.7083,26.3434,26.7080,27.8854,27.0491,26.6812,27.6146
2024-06-25,27.2201,27.4588,27.0673,27.2774,7059200,LUV,26.5196,26.7571,26.3652,26.7281,27.8755,27.0525,26.6792,27.6107
2024-06-26,27.1628,27.4206,25.9980,26.2940,11383300,LUV,26.6196,26.7957,26.3802,26.7451,27.8623,27.0547,26.6765,27.6063
2024-06-27,27.1819,27.2297,26.7141,26.9337,14298800,LUV,26.7686,26.8325,26.3916,26.7622,27.8475,27.0572,26.6745,27.6020
2024-06-28,27.3156,27.4015,26.8287,27.2106,10740000,LUV,26.8957,26.8785,26.3918,26.7839,27.8399,27.0623,26.6738,27.5992
2024-07-01,26.8382,27.4779,26.4754,27.3442,7971300,LUV,26.9643,26.8747,26.3771,26.7861,27.8154,27.0579,26.6729,27.5916
2024-07-02,27.0101,27.1055,26.6472,26.8859,7006000,LUV,27.0013,26.8876,26.3598,26.7949,27.7954,27.0569,26.6722,27.5858
2024-07-03,27.2869,27.4970,27.0196,27.2106,8222100,LUV,27.0468,26.9256,26.3414,26.8142,27.7632,27.0615,26.6694,27.5829
2024-07-05,25.7211,27.2583,25.7211,27.0196,16610100,LUV,26.9827,26.8109,26.2968,26.7713,27.7138,27.0350,26.6617,27.5643
2024-07-08,26.1126,26.2272,25.7593,25.8357,8227900,LUV,26.9672,26.7444,26.2630,26.7455,27.6654,27.0167,26.6566,27.5499
2024-07-09,26.2272,26.4563,25.9407,26.1126,7611400,LUV,26.9621,26.6951,26.2703,26.7251,27.6207,27.0011,26.6540,27.5367
2024-07-10,26.3799,26.5804,26.1412,26.4754,12553300,LUV,26.8722,26.6651,26.2850,26.7116,27.5660,26.9888,26.6533,27.5252
2024-07-11,25.7498,25.9789,25.2056,25.7784,18376300,LUV,26.8290,26.5779,26.2907,26.6739,27.5006,26.9642,26.6505,27.5076
2024-07-12,26.2844,26.5422,25.6829,25.7116,16401500,LUV,26.7940,26.5500,26.3241,26.6586,27.4432,26.9508,26.6529,27.4954
2024-07-15,26.4563,26.6186,25.9789,26.4754,6907400,LUV,26.7691,26.5411,26.3662,26.6507,27.3882,26.9410,26.6606,27.4850
2024-07-16,27.4110,27.5256,26.4563,26.5804,9487900,LUV,26.7933,26.6239,26.4132,26.6805,27.3363,26.9503,26.6719,27.4843
2024-07-17,27.0387,27.4015,26.8573,26.8955,8420800,LUV,26.7804,26.6634,26.4578,26.6945,27.2836,26.9520,26.6795,27.4799
2024-07-18,26.1699,27.2678,26.0935,26.7141,8297100,LUV,26.7317,26.6164,26.4609,26.6740,27.2265,26.9365,26.6833,27.4668
2024-07-19,25.9503,26.2367,25.4920,26.1794,6706900,LUV,26.6897,26.5530,26.4675,26.6456,27.1637,26.9170,26.6856,27.4517
2024-07-22,26.4086,26.4754,25.5970,25.7880,6579300,LUV,26.6563,26.5392,26.4800,26.6363,27.1020,26.9069,26.6919,27.4414
2024-07-23,25.9503,26.5422,25.6352,26.4945,10145000,LUV,26.5938,26.4831,26.4813,26.6094,27.0361,26.8880,26.6940,27.4265
2024-07-24,25.4061,26.0171,25.2819,25.9407,9815300,LUV,26.5031,26.3805,26.4703,26.5622,26.9668,26.8587,26.6929,27.4064
2024-07-25,26.8096,27.2774,24.6041,24.7664,21025300,LUV,26.4854,26.4214,26.4755,26.5719,26.9144,26.8577,26.7000,27.4005
2024-07-26,25.9980,26.8573,25.8071,26.8096,13132900,LUV,26.4262,26.3811,26.4617,26.5494,26.8524,26.8407,26.7057,27.3865
2024-07-29,25.1196,26.0267,24.9669,25.9885,15569500,LUV,26.3164,26.2609,26.4371,26.4933,26.7771,26.8066,26.7063,27.3640
2024-07-30,25.8166,26.1317,24.9955,25.1292,15559700,LUV,26.2653,26.2186,26.4225,26.4668,26.7074,26.7870,26.7125,27.3486
2024-07-31,25.7211,26.5422,25.5397,25.7784,10619300,LUV,26.2009,26.1712,26.4083,26.4375,26.6342,26.7659,26.7217,27.3324
2024-08-01,25.1674,25.9216,24.8523,25.7784,12554800,LUV,26.0949,26.0756,26.3765,26.3877,26.5608,26.7342,26.7286,27.3108
2024-08-02,23.9166,24.6805,23.7543,24.6709,16898900,LUV,26.0047,25.8700,26.3241,26.2908,26.4794,26.6784,26.7281,27.2771
2024-08-05,22.6277,23.3629,22.5132,22.6946,15482900,LUV,25.8305,25.5612,26.2476,26.1472,26.4329,26.5982,26.7202,27.2308
2024-08-06,23.2388,23.6111,22.7900,22.9905,9371100,LUV,25.6810,25.3400,26.2067,26.0331,26.3969,26.5317,26.7206,27.1911
2024-08-07,23.2197,23.9071,23.1910,23.5061,8399700,LUV,25.5230,25.1381,26.1618,25.9228,26.3624,26.4661,26.7224,27.1516
2024-08-08,24.0790,24.1649,23.4202,23.4488,10921500,LUV,25.4395,25.0372,26.1401,25.8505,26.3342,26.4188,26.7293,27.1210
2024-08-09,24.1840,24.2604,23.8880,24.0599,17826400,LUV,25.3345,24.9560,26.1397,25.7851,26.3103,26.3746,26.7363,27.0918
2024-08-12,24.2317,24.6995,24.1553,24.1553,18995900,LUV,25.2232,24.8870,26.1289,25.7242,26.2854,26.3321,26.7453,27.0633
2024-08-13,24.2699,24.5945,24.1744,24.4609,10654100,LUV,25.0662,24.8282,26.1050,25.6672,26.2544,26.2913,26.7560,27.0355
2024-08-14,24.2317,24.4990,24.0312,24.3463,8199000,LUV,24.9258,24.7714,26.0642,25.6109,26.2246,26.2505,26.7675,27.0076
2024-08-15,25.3392,25.3488,24.6136,24.6232,10219300,LUV,24.8843,24.8255,26.0435,25.6002,26.2081,26.2325,26.7894,26.9910
2024-08-16,25.1387,25.4156,24.9669,25.2151,6910600,LUV,24.8437,24.8553,26.0062,25.5821,26.1890,26.2108,26.8095,26.9726
2024-08-19,25.5206,25.6638,25.1865,25.1865,7598000,LUV,24.7993,24.9187,25.9881,25.5797,26.1746,26.1972,26.8328,26.9581
2024-08-20,25.3201,25.6448,25.2628,25.5779,13967100,LUV,24.7678,24.9569,25.9679,25.5695,26.1501,26.1798,26.8552,26.9418
2024-08-21,25.3774,25.5493,25.2247,25.5206,12040000,LUV,24.7664,24.9970,25.9119,25.5620,26.1270,26.1639,26.8734,26.9263
2024-08-22,25.7116,25.9598,25.3583,25.5397,9083500,LUV,24.7115,25.0650,25.8939,25.5679,26.1072,26.1549,26.8908,26.9142
2024-08-23,26.9050,27.0769,25.8166,25.9216,15426600,LUV,24.7568,25.2403,25.8923,25.6203,26.1075,26.1698,26.9150,26.9141
2024-08-26,26.9241,27.0864,26.7141,26.9241,9143400,LUV,24.8471,25.4006,25.8917,25.6714,26.1108,26.1847,26.9391,26.9142
2024-08-27,27.7930,28.0316,26.7236,27.0196,11681500,LUV,24.9459,25.6285,25.9090,25.7546,26.1233,26.2166,26.9656,26.9229
2024-08-28,27.3824,27.9648,26.9814,27.6497,7243200,LUV,25.0289,25.7955,25.9107,25.8185,26.1283,26.2397,26.9930,26.9275
2024-08-29,27.4397,27.7452,27.3538,27.5734,5303200,LUV,25.1426,25.9521,25.9167,25.8821,26.1308,26.2634,27.0216,26.9326
2024-08-30,27.6116,28.1176,27.5352,27.6211,6022900,LUV,25.3273,26.1101,25.9331,25.9499,26.1313,26.2901,27.0513,26.9394
2024-09-03,28.2417,28.5281,27.8884,28.1749,9814100,LUV,25.6080,26.3132,25.9564,26.0397,26.1485,26.3288,27.0786,26.9523
2024-09-04,28.3474,28.7220,28.1360,28.2225,6061100,LUV,25.8634,26.5069,25.9793,26.1302,26.1614,26.3687,27.1033,26.9662
2024-09-05,28.6355,29.3176,28.4530,28.6163,7387200,LUV,26.1342,26.7096,26.0076,26.2285,26.1864,26.4136,27.1326,26.9828
2024-09-06,28.5299,29.1831,28.2705,28.6355,8500100,LUV,26.3568,26.8830,26.0350,26.3187,26.2076,26.4555,27.1589,26.9982
2024-09-09,28.5587,28.9621,28.2225,28.7220,10258200,LUV,26.5755,27.0426,26.0625,26.4066,26.2270,26.4972,27.1838,27.0137
2024-09-10,28.0976,28.5971,27.1370,28.5875,7386900,LUV,26.7688,27.1430,26.0781,26.4729,26.2349,26.5289,27.2088,27.0245
2024-09-11,27.6749,28.2321,27.0986,28.2321,8536700,LUV,26.9390,27.1937,26.0949,26.5200,26.2360,26.5516,27.2313,27.0310
2024-09-12,27.7326,28.2417,27.2042,28.1456,7681700,LUV,27.1141,27.2450,26.1093,26.5676,26.2346,26.5750,27.2533,27.0380
2024-09-13,27.5501,28.1744,27.5212,27.8478,6012300,LUV,27.2246,27.2741,26.1146,26.6061,26.2280,26.5943,27.2764,27.0431
2024-09-16,27.4156,27.7230,27.2523,27.5212,4350000,LUV,27.3385,27.2875,26.1485,26.6379,26.2226,26.6105,27.2971,27.0468
2024-09-17,27.3195,27.8382,27.0698,27.6173,7269100,LUV,27.4284,27.2906,26.1726,26.6646,26.2178,26.6246,27.3149,27.0495
2024-09-18,27.7614,28.0208,27.2619,27.4636,8617900,LUV,27.5505,27.3354,26.2033,26.7076,26.2368,26.6471,27.3337,27.0566
2024-09-19,27.7998,28.2417,27.6941,28.1072,5736300,LUV,27.6716,27.3797,26.2317,26.7504,26.2583,26.6699,27.3476,27.0640
2024-09-20,27.8959,28.2609,27.5693,27.8671,6532600,LUV,27.7808,27.4288,26.2746,26.7954,26.2826,26.6942,27.3590,27.0722
2024-09-23,28.4626,28.6163,27.6941,27.9055,6696700,LUV,27.8587,27.5273,26.3182,26.8607,26.3212,26.7292,27.3739,27.0861
2024-09-24,28.5779,29.2599,28.3954,28.6259,9022800,LUV,27.9414,27.6273,26.3606,26.9281,26.3634,26.7658,27.3855,27.1009
2024-09-25,27.2715,29.0582,27.2427,28.5779,10392600,LUV,27.9153,27.5934,26.3578,26.9415,26.3855,26.7758,27.3851,27.1026
2024-09-26,28.7508,30.3934,28.5683,29.0486,27608000,LUV,27.9837,27.7037,26.3921,27.0125,26.4249,26.8149,27.3925,27.1190
2024-09-27,28.3666,29.3944,28.2897,29.0198,11657600,LUV,28.0301,27.7668,26.4360,27.0656,26.4484,26.8457,27.3967,27.1314
2024-09-30,28.4626,28.7700,28.2417,28.3570,9592600,LUV,28.0726,27.8331,26.4862,27.1204,26.4769,26.8777,27.3969,27.1447
2024-10-01,28.7028,29.0198,27.9055,28.3858,9465900,LUV,28.0957,27.9159,26.5321,27.1824,26.5060,26.9138,27.4037,27.1602
2024-10-02,28.4050,28.4818,28.0111,28.4434,7088700,LUV,28.0986,27.9625,26.5812,27.2304,26.5313,26.9433,27.4061,27.1726
2024-10-03,29.3080,29.7306,28.8373,28.8949,10322100,LUV,28.1322,28.0906,26.6593,27.3119,26.5648,26.9902,27.4166,27.1938
2024-10-04,30.0188,30.9314,29.7306,30.2109,9565300,LUV,28.2066,28.2743,26.7234,27.4180,26.5995,27.0501,27.4308,27.2219
2024-10-07,29.8171,30.1341,29.5385,29.9323,5292500,LUV,28.2695,28.4212,26.7998,27.5121,26.6308,27.1049,27.4415,27.2478
2024-10-08,29.4617,30.3454,29.2887,30.1053,7657700,LUV,28.3378,28.5203,26.8867,27.5885,26.6619,27.1516,27.4516,27.2698
2024-10-09,29.4328,30.1437,29.3080,29.7787,6665800,LUV,28.4256,28.6072,26.9590,27.6609,26.6908,27.1968,27.4591,27.2913
2024-10-10,29.1639,29.5865,28.8277,28.8565,4603600,LUV,28.4972,28.6602,27.0278,27.7198,26.7181,27.2357,27.4657,27.3099
2024-10-11,29.4136,29.5289,28.7892,28.8565,4451400,LUV,28.5904,28.7320,27.1128,27.7862,26.7446,27.2788,27.4752,27.3309
2024-10-14,29.1735,29.6346,28.7892,29.5385,5805600,LUV,28.6783,28.7740,27.2179,27.8406,26.7710,27.3164,27.4832,27.3492
2024-10-15,29.2887,29.9227,29.2407,29.7787,5410000,LUV,28.7767,28.8230,27.3511,27.8974,26.7994,27.3554,27.4910,27.3685
2024-10-16,29.6922,30.0092,29.3176,29.4424,6313300,LUV,28.8733,28.9058,27.4802,27.9678,26.8434,27.4017,27.5032,27.3916
2024-10-17,28.9045,29.6154,28.8084,29.6154,7515000,LUV,28.9285,28.9057,27.5939,28.0045,26.8778,27.4315,27.5134,27.4067
2024-10-18,29.7594,29.9516,28.7700,28.9910,8078900,LUV,29.0217,28.9870,27.7075,28.0734,26.9238,27.4776,27.5333,27.4301
2024-10-21,29.2407,29.5769,28.9814,29.3656,7617900,LUV,29.0606,29.0112,27.8086,28.1191,26.9742,27.5125,27.5477,27.4481
2024-10-22,29.2887,29.5385,28.8373,29.1735,9247100,LUV,29.0961,29.0376,27.9098,28.1650,27.0193,27.5476,27.5566,27.4664
2024-10-23,29.5193,29.5769,29.0870,29.2599,6683000,LUV,29.2085,29.0835,28.0148,28.2181,27.0599,27.5867,27.5668,27.4868
2024-10-24,27.8767,29.5481,27.4540,29.3464,16801800,LUV,29.1648,28.9685,28.0877,28.2047,27.0759,27.5924,27.5678,27.4907
2024-10-25,28.2705,28.4722,27.9823,28.2129,9321800,LUV,29.1600,28.9021,28.1463,28.2073,27.0949,27.6059,27.5689,27.4985
2024-10-28,29.1062,29.2407,28.2897,28.7604,13045900,LUV,29.1922,28.9215,28.2256,28.2426,27.1159,27.6356,27.5737,27.5145
2024-10-29,29.8075,29.9227,28.6451,28.8469,9444700,LUV,29.2474,29.0059,28.3114,28.3039,27.1498,27.6786,27.5879,27.5373
2024-10-30,30.2301,30.5856,29.8363,29.8651,7542700,LUV,29.3387,29.1225,28.4096,28.3795,27.1888,27.7291,27.6035,27.5641
2024-10-31,29.3752,30.4319,29.3080,30.2301,6561000,LUV,29.3421,29.1465,28.4895,28.4185,27.2007,27.7617,27.6177,27.5821
2024-11-01,29.4040,29.8171,29.3272,29.5289,6158200,LUV,29.3113,29.1711,28.5634,28.4572,27.2286,27.7942,27.6230,27.6002
2024-11-04,28.7316,29.6250,28.7220,29.3464,5578300,LUV,29.2570,29.1292,28.5999,28.4679,27.2461,27.8128,27.6252,27.6115
2024-11-05,29.4232,29.4328,28.7508,28.7796,5793400,LUV,29.2551,29.1572,28.6499,28.5054,27.2708,27.8447,27.6300,27.6295
2024-11-06,30.1533,30.6432,29.7690,30.2397,8178400,LUV,29.2911,29.2521,28.6971,28.5700,27.3031,27.8904,27.6339,27.6546
2024-11-07,30.0284,30.3550,29.8267,29.9323,5654500,LUV,29.3344,29.3260,28.7500,28.6272,27.3304,27.9327,27.6373,27.6783
2024-11-08,30.5279,30.6240,30.0188,30.1341,4071200,LUV,29.3901,29.4405,28.8118,28.7017,27.3642,27.9841,27.6465,27.7066
2024-11-11,31.3636,31.6422,30.4511,30.6432,7113700,LUV,29.4996,29.6236,28.8868,28.8061,27.4100,28.0510,27.6613,27.7430
2024-11-12,30.7681,31.2580,30.3070,30.9506,6546300,LUV,29.5736,29.7326,28.9374,28.8831,27.4469,28.1048,27.6726,27.7731
2024-11-13,31.1043,31.8439,30.6240,30.6240,7172300,LUV,29.6442,29.8633,28.9925,28.9702,27.4859,28.1642,27.6857,27.8062
2024-11-14,31.1427,31.7767,31.0178,31.2676,6263500,LUV,29.7561,29.9851,29.0426,29.0554,27.5251,28.2232,27.7003,27.8394
2024-11-15,31.3156,31.3733,30.5087,30.9794,6251400,LUV,29.8339,30.1118,29.0984,29.1440,27.5667,28.2844,27.7145,27.8740
2024-11-18,31.0563,31.4885,30.7681,31.3156,6988100,LUV,29.9247,30.2018,29.1483,29.2190,27.6054,28.3393,27.7265,27.9057
2024-11-19,31.0851,31.2772,30.4991,30.6624,4246300,LUV,30.0145,30.2859,29.2081,29.2922,27.6431,28.3937,27.7415,27.9373
2024-11-20,30.5183,31.0467,30.2109,30.9698,6452700,LUV,30.0644,30.3080,29.2649,29.3403,27.6799,28.4358,27.7477,27.9630
2024-11-21,30.5375,30.9698,30.3646,30.4895,5153300,LUV,30.1975,30.3299,29.3210,29.3872,27.7152,28.4774,27.7553,27.9886
2024-11-22,30.7104,30.8737,30.4319,30.6048,5942600,LUV,30.3195,30.3661,29.3842,29.4391,27.7494,28.5216,27.7563,28.0157
2024-11-25,31.1523,31.3733,30.9506,31.1139,7658900,LUV,30.4218,30.4410,29.4590,29.5063,27.8037,28.5737,27.7587,28.0469
2024-11-26,30.7008,31.0947,30.5375,30.6240,5992900,LUV,30.4664,30.4658,29.5266,29.5531,27.8496,28.6158,27.7575,28.0733
2024-11-27,31.0851,31.0947,30.4607,30.6816,4108200,LUV,30.5092,30.5247,29.5931,29.6132,27.8982,28.6647,27.7594,28.1033
2024-11-29,31.0851,31.3252,30.9026,31.1235,2665100,LUV,30.5947,30.5781,29.6588,29.6709,27.9452,28.7127,27.7556,28.1330
2024-12-02,31.6999,32.0841,31.0467,31.0947,10732800,LUV,30.7095,30.6849,29.7349,29.7505,28.0047,28.7718,27.7527,28.1685
2024-12-03,31.6806,32.3243,31.4789,31.7575,7750100,LUV,30.8569,30.7798,29.7992,29.8262,28.0587,28.8294,27.7510,28.2034
2024-12-04,32.8046,32.8046,31.7767,31.8920,8240500,LUV,31.0260,30.9726,29.8837,29.9430,28.1222,28.9081,27.7552,28.2492
2024-12-05,33.4674,34.6969,33.0351,34.0629,15580600,LUV,31.1917,31.2102,30.0077,30.0812,28.1827,28.9984,27.7595,28.3011
2024-12-06,32.8334,33.8612,32.7181,33.8132,6768100,LUV,31.3319,31.3648,30.0893,30.1891,28.2407,29.0743,27.7621,28.3462
2024-12-09,32.5644,33.1215,32.4779,33.0447,6917700,LUV,31.4338,31.4790,30.1733,30.2823,28.3046,29.1435,27.7655,28.3882
2024-12-10,32.1225,32.8526,31.9784,32.6605,6559200,LUV,31.4717,31.5403,30.2465,30.3544,28.3664,29.2024,27.7650,28.4253
2024-12-11,32.2570,32.7277,32.0841,32.1225,8156600,LUV,31.5462,31.6086,30.3176,30.4291,28.4248,29.2629,27.7634,28.4635
2024-12-12,31.9208,32.4395,31.9208,32.3050,5285900,LUV,31.5870,31.6383,30.3879,30.4876,28.4845,29.3156,27.7603,28.4979
2024-12-13,31.7191,32.0745,31.5558,31.8343,5863800,LUV,31.6158,31.6460,30.4361,30.5358,28.5477,29.3632,27.7572,28.5299
2024-12-16,31.4021,31.9976,31.3444,31.6999,4297000,LUV,31.6201,31.6228,30.4638,30.5698,28.5936,29.4035,27.7540,28.5585
2024-12-17,31.5173,31.8151,31.1331,31.2292,5417500,LUV,31.6432,31.6127,30.4978,30.6070,28.6488,29.4454,27.7506,28.5879
2024-12-18,31.1907,32.3915,31.1619,31.5173,8729500,LUV,31.6485,31.5725,30.5323,30.6299,28.7095,29.4799,27.7433,28.6138
2024-12-19,31.4885,31.7767,31.0755,31.4885,7319300,LUV,31.6970,31.5645,30.5735,30.6635,28.7662,29.5197,27.7368,28.6424
2024-12-20,31.9688,32.1225,31.2484,31.2484,15017800,LUV,31.7685,31.6030,30.6296,30.7147,28.8287,29.5682,27.7314,28.6755
2024-12-23,32.5260,32.5452,31.8920,31.9208,4774100,LUV,31.8593,31.6909,30.6918,30.7858,28.9023,29.6268,27.7315,28.7138
2024-12-24,32.9967,33.0351,32.4299,32.5068,2272300,LUV,31.9515,31.8153,30.7683,30.8725,28.9931,29.6935,27.7363,28.7565
2024-12-26,33.0160,33.1319,32.5911,32.6877,2954500,LUV,32.0673,31.9296,30.8428,30.9565,29.0970,29.7593,27.7649,28.7988
2024-12-27,32.8711,33.0546,32.6394,32.7263,2827100,LUV,32.1566,32.0193,30.9064,31.0316,29.1933,29.8209,27.7951,28.8394
2024-12-30,32.4076,32.7746,32.0696,32.5331,5015800,LUV,32.2227,32.0563,30.9765,31.0856,29.2852,29.8722,27.8238,28.8749
2024-12-31,32.4656,32.7842,32.3787,32.3883,3324600,LUV,32.2610,32.0953,31.0306,31.1397,29.3690,29.9235,27.8516,28.9106
2025-01-02,32.2241,32.7070,32.1179,32.4752,3418600,LUV,32.2882,32.1075,31.0902,31.1822,29.4494,29.9691,27.8799,28.9436
2025-01-03,32.4559,32.5332,31.2392,32.2724,5561700,LUV,32.2708,32.1407,31.1536,31.2322,29.5317,30.0183,27.9085,28.9785
2025-01-06,32.6684,33.2284,32.6008,32.7456,5035200,LUV,32.2308,32.1910,31.2166,31.2885,29.6157,30.0708,27.9350,29.0152
2025-01-07,31.7510,33.1608,31.4516,32.7842,8371200,LUV,32.1767,32.1491,31.2941,31.3066,29.6909,30.1041,27.9577,29.0425
2025-01-08,31.7510,31.7510,31.0557,31.5482,5679400,LUV,32.1360,32.1112,31.3637,31.3240,29.7550,30.1367,27.9815,29.0694
2025-01-10,31.9827,32.4269,31.5675,31.9151,9648900,LUV,32.1290,32.0989,31.4212,31.3499,29.8234,30.1732,28.0062,29.0984
2025-01-13,31.5385,31.8572,31.1522,31.6061,7559900,LUV,32.0931,32.0455,31.4558,31.3573,29.8836,30.2003,28.0291,29.1227
2025-01-14,31.9924,32.0696,31.5965,31.8186,6697800,LUV,32.0967,32.0405,31.4911,31.3822,29.9503,30.2357,28.0502,29.1512
2025-01-15,31.6737,32.5138,31.5482,32.5138,5951800,LUV,32.0944,32.0056,31.5370,31.3936,30.0133,30.2642,28.0701,29.1763
2025-01-16,31.0557,31.2005,30.1287,31.0653,9664400,LUV,32.0771,31.9151,31.5701,31.3804,30.0667,30.2799,28.0870,29.1950
2025-01-17,30.9977,31.2199,30.7660,30.9012,10466500,LUV,32.0511,31.8277,31.6154,31.3654,30.1077,30.2941,28.1076,29.2130
2025-01-21,32.1276,32.1855,31.2295,31.2488,8090600,LUV,32.0979,31.8563,31.6695,31.3952,30.1597,30.3304,28.1352,29.2420
2025-01-22,30.7660,32.5814,30.7274,32.5042,12015500,LUV,32.0618,31.7524,31.6817,31.3706,30.1894,30.3390,28.1564,29.2571
2025-01-23,30.8336,31.1426,30.7177,30.9688,13108900,LUV,32.0051,31.6649,31.6978,31.3495,30.2239,30.3488,28.1761,29.2728
2025-01-24,31.0653,31.0750,30.6598,30.9302,6471400,LUV,31.9320,31.6078,31.7086,31.3384,30.2602,30.3630,28.1955,29.2907
2025-01-27,31.4613,31.7703,30.8336,30.9688,7026800,LUV,31.8553,31.5939,31.7105,31.3432,30.2987,30.3848,28.2150,29.3123
2025-01-28,30.7563,31.2874,30.6211,31.2778,7684400,LUV,31.7423,31.5141,31.7103,31.3202,30.3238,30.3921,28.2362,29.3266
2025-01-29,30.5632,31.0364,30.3797,30.8529,9683700,LUV,31.6269,31.4235,31.6995,31.2905,30.3460,30.3955,28.2537,29.3389
2025-01-30,30.1866,31.9538,29.8872,30.2156,17452000,LUV,31.5158,31.3057,31.6804,31.2472,30.3615,30.3914,28.2740,29.3474
2025-01-31,29.6555,30.3894,29.4623,30.2156,11303400,LUV,31.3753,31.1486,31.6471,31.1848,30.3728,30.3768,28.2902,29.3504
2025-02-03,29.4334,29.8390,28.9216,29.1340,10246900,LUV,31.2358,30.9852,31.6147,31.1161,30.3815,30.3581,28.3043,29.3513
2025-02-04,29.7327,29.7424,29.1051,29.2885,9775000,LUV,31.0996,30.8659,31.5876,31.0618,30.3979,30.3457,28.3164,29.3550
2025-02-05,29.8293,30.2638,29.5299,29.7327,7703400,LUV,30.9577,30.7672,31.5739,31.0135,30.4194,30.3355,28.3277,29.3598
2025-02-06,30.0224,30.2349,29.6941,30.0128,7366300,LUV,30.8712,30.6963,31.5636,30.9746,30.4423,30.3293,28.3384,29.3664
2025-02-07,29.9355,30.1383,29.7520,30.0804,5575700,LUV,30.7805,30.6238,31.5481,30.9339,30.4661,30.3215,28.3471,29.3720
2025-02-10,29.0954,29.9259,29.0375,29.8679,6131800,LUV,30.6361,30.4783,31.5069,30.8618,30.4829,30.2972,28.3528,29.3693
2025-02-11,28.7478,29.2209,28.5739,29.1437,7409700,LUV,30.4966,30.3135,31.4679,30.7789,30.4972,30.2666,28.3575,29.3631
2025-02-12,28.8540,28.8636,28.3808,28.6319,7807400,LUV,30.3397,30.1745,31.4232,30.7034,30.5082,30.2386,28.3725,29.3580
2025-02-13,28.9023,29.0278,28.2842,28.8250,10098900,LUV,30.2011,30.0533,31.3796,30.6328,30.5192,30.2121,28.3888,29.3535
2025-02-14,29.2402,29.2982,28.7864,29.0568,7018600,LUV,30.1103,29.9759,31.3304,30.5782,30.5326,30.1929,28.4076,29.3524
2025-02-18,28.9699,29.7907,28.7671,29.7714,9750500,LUV,30.0089,29.8801,31.2762,30.5151,30.5377,30.1687,28.4294,29.3486
2025-02-19,29.1630,29.4141,28.7188,28.7767,7730600,LUV,29.8607,29.8118,31.2033,30.4621,30.5435,30.1487,28.4535,29.3467
2025-02-20,29.5589,29.5589,29.0181,29.1340,7798500,LUV,29.8003,29.7877,31.1252,30.4267,30.5664,30.1371,28.4760,29.3488
2025-02-21,28.7864,30.2735,28.6608,29.6458,10258700,LUV,29.6980,29.6923,31.0442,30.3623,30.5668,30.1103,28.4959,29.3432
2025-02-24,29.2306,29.5686,28.8733,29.0954,17429400,LUV,29.6062,29.6483,30.9776,30.3179,30.5754,30.0929,28.5119,29.3421
2025-02-25,29.2113,29.4141,28.8926,29.2306,9553300,LUV,29.4937,29.6067,30.9193,30.2745,30.5829,30.0754,28.5299,29.3408
2025-02-26,29.6362,29.8486,29.2692,29.3561,8528800,LUV,29.4377,29.6095,30.8669,30.2495,30.5922,30.0667,28.5491,29.3437
2025-02-27,29.5879,30.0514,29.1630,29.8100,6893400,LUV,29.3890,29.6075,30.8203,30.2236,30.6041,30.0573,28.5677,29.3462
2025-02-28,29.9935,30.0804,29.4334,29.5782,6484800,LUV,29.3793,29.6442,30.7857,30.2145,30.6109,30.0560,28.5878,29.3526
2025-03-03,29.5589,30.1673,29.1437,29.4817,8206800,LUV,29.3745,29.6361,30.7489,30.1888,30.6063,30.0462,28.6029,29.3547
2025-03-04,28.4387,29.2789,28.3422,29.2789,11171600,LUV,29.3247,29.5221,30.6873,30.1202,30.5925,30.0143,28.6116,29.3455
2025-03-05,28.9216,29.0278,28.2166,28.6126,10285200,LUV,29.2842,29.4649,30.6419,30.0732,30.5871,29.9927,28.6245,29.3413
2025-03-06,28.5160,29.1051,28.3229,28.5643,7332100,LUV,29.2185,29.3745,30.5825,30.0121,30.5780,29.9634,28.6344,29.3331
2025-03-07,28.1973,28.3422,27.5697,28.0042,27553900,LUV,29.1273,29.2624,30.5071,29.9410,30.5683,29.9285,28.6432,29.3218
2025-03-10,27.2124,27.9076,26.7006,27.6662,14082400,LUV,28.9911,29.0672,30.4008,29.8340,30.5463,29.8747,28.6455,29.3008
2025-03-11,29.4817,31.6158,28.5643,31.1716,41161500,LUV,29.0104,29.1066,30.3305,29.8201,30.5494,29.8669,28.6602,29.3026
2025-03-12,29.2388,29.7634,28.4617,29.5497,21634500,LUV,29.0350,29.1192,30.2549,29.7973,30.5489,29.8545,28.6741,29.3020
2025-03-13,30.1131,30.6473,29.1611,29.6468,19473900,LUV,29.0979,29.2139,30.1998,29.8097,30.5531,29.8596,28.6983,29.3101
2025-03-14,30.8222,30.9873,29.9965,30.5793,16207300,LUV,29.1939,29.3670,30.1681,29.8494,30.5723,29.8786,28.7250,29.3251
2025-03-17,31.2107,31.5507,30.6959,30.7930,15046000,LUV,29.2924,29.5426,30.1430,29.9028,30.5868,29.9050,28.7553,29.3439
2025-03-18,31.4633,31.8324,30.9873,31.3953,10328600,LUV,29.4171,29.7256,30.1278,29.9640,30.6090,29.9359,28.7916,29.3650
2025-03-19,32.6387,32.7844,31.3370,31.4924,13433600,LUV,29.5909,30.0030,30.1314,30.0689,30.6425,29.9894,28.8309,29.3975
2025-03-20,33.1729,33.4449,32.5318,32.7261,14059000,LUV,29.7716,30.3049,30.1415,30.1906,30.6790,30.0524,28.8695,29.4351
2025-03-21,33.8335,33.8918,32.7164,32.8038,21663000,LUV,30.0240,30.6410,30.1831,30.3335,30.7386,30.1273,28.9073,29.4789
2025-03-24,33.8432,33.9986,33.3381,33.8043,16493500,LUV,30.2546,30.9459,30.2250,30.4711,30.7943,30.2009,28.9446,29.5223
2025-03-25,33.6781,34.2318,33.4061,33.9986,9624800,LUV,30.4779,31.2061,30.2589,30.5969,30.8400,30.2698,28.9780,29.5636
2025-03-26,33.4061,33.9306,33.0369,33.8043,8862400,LUV,30.6664,31.4156,30.2963,30.7070,30.8760,30.3319,29.0129,29.6019
2025-03-27,32.9592,33.5712,32.9301,33.4644,8042400,LUV,30.8350,31.5627,30.3156,30.7954,30.9033,30.3839,29.0460,29.6353
2025-03-28,32.6290,33.4158,32.3958,33.3478,10683700,LUV,30.9668,31.6642,30.3347,30.8673,30.9359,30.4283,29.0683,29.6651
2025-03-31,32.6193,32.9204,31.8324,31.9587,10676700,LUV,31.1198,31.7552,30.3660,30.9360,30.9680,30.4717,29.0983,29.6945
2025-04-01,30.6862,32.2113,30.3948,31.7839,17825800,LUV,31.2322,31.6534,30.3597,30.9262,30.9876,30.4760,29.1168,29.7043
2025-04-02,30.9485,31.1427,30.3171,30.3365,10174700,LUV,31.3335,31.5862,30.3362,30.9271,31.0028,30.4853,29.1368,29.7167
2025-04-03,28.0343,30.1228,28.0246,29.9188,18933600,LUV,31.3094,31.2479,30.2815,30.8136,30.9816,30.4368,29.1423,29.7000
2025-04-04,25.1298,27.3155,24.8190,27.1989,23120200,LUV,31.1560,30.6653,30.1674,30.5907,30.9326,30.3317,29.1315,29.6545
2025-04-07,25.2173,26.2178,23.7990,24.3722,19196900,LUV,31.0563,30.1464,30.0505,30.3800,30.8795,30.2304,29.1219,29.6103
2025-04-08,24.0419,26.0624,23.7213,25.5864,18258300,LUV,30.7843,29.5650,29.9021,30.1314,30.8063,30.1079,29.1081,29.5549
2025-04-09,27.7332,28.2286,23.6242,23.8767,28873500,LUV,30.7090,29.3906,29.8416,30.0374,30.7760,30.0609,29.1114,29.5368
2025-04-10,25.0521,27.2572,24.4693,26.7132,13581000,LUV,30.4560,28.9774,29.7314,29.8419,30.7154,29.9617,29.1007,29.4922
2025-04-11,25.4407,25.4893,24.2750,24.9356,13413700,LUV,30.1869,28.6406,29.6365,29.6693,30.6584,29.8722,29.0918,29.4519
2025-04-14,24.8287,25.7030,24.4596,25.6544,12196600,LUV,29.8678,28.2775,29.5400,29.4795,30.5936,29.7723,29.0801,29.4059
2025-04-15,25.0716,25.8681,24.7704,24.7801,8975700,LUV,29.5482,27.9722,29.4527,29.3066,30.5337,29.6792,29.0696,29.3627
2025-04-16,24.1487,25.3338,23.8670,25.2755,11604600,LUV,29.1237,27.6081,29.3410,29.1043,30.4643,29.5697,29.0537,29.3109
2025-04-17,24.0322,24.4207,23.5853,24.1585,11520700,LUV,28.6667,27.2675,29.2251,28.9054,30.3995,29.4600,29.0397,29.2583
2025-04-21,23.3522,24.0127,23.1385,23.7213,10956100,LUV,28.1426,26.8946,29.0917,28.6877,30.3276,29.3391,29.0214,29.1996
2025-04-22,24.0419,24.0613,23.3813,23.7796,9964200,LUV,27.6525,26.6229,28.9738,28.5055,30.2609,29.2342,29.0052,29.1483
2025-04-23,24.7899,25.7904,24.5373,24.9064,15331300,LUV,27.2081,26.4483,28.8877,28.3598,30.1973,29.1462,29.0005,29.1049
2025-04-24,25.7030,25.9264,23.9253,23.9447,22090000,LUV,26.8230,26.3774,28.8268,28.2556,30.1473,29.0780,28.9985,29.0710
2025-04-25,25.7321,25.8292,25.1493,25.6252,10540100,LUV,26.4616,26.3159,28.7644,28.1566,30.0938,29.0117,28.9960,29.0378
2025-04-28,25.8875,26.6258,25.5087,25.7224,14991400,LUV,26.1245,26.2751,28.7041,28.0676,30.0418,28.9499,28.9935,29.0065
2025-04-29,26.4801,26.6161,25.7418,25.8098,26757500,LUV,25.8176,26.2946,28.6489,28.0054,29.9896,28.9010,28.9972,28.9813
2025-04-30,27.1600,27.3737,25.8487,26.2275,15887100,LUV,25.6413,26.3770,28.6127,27.9722,29.9444,28.8665,29.0016,28.9632
2025-05-01,27.7623,28.1509,27.3349,27.3737,15584000,LUV,25.4820,26.5090,28.5847,27.9640,29.8940,28.8446,29.0081,28.9513
2025-05-02,28.9960,29.1902,27.9663,28.3743,13782100,LUV,25.5301,26.7458,28.5734,28.0045,29.8493,28.8476,29.0160,28.9517
2025-05-05,29.2194,29.7148,28.7823,28.8017,11880600,LUV,25.7345,26.9814,28.5821,28.0521,29.8132,28.8550,29.0269,28.9544
2025-05-06,28.9863,29.3165,28.7240,28.8503,9472100,LUV,25.9230,27.1723,28.5772,28.0887,29.7774,28.8576,29.0410,28.9547
2025-05-07,29.4137,29.6954,28.9183,28.9765,8138300,LUV,26.1916,27.3858,28.5812,28.1407,29.7503,28.8686,29.0583,28.9592
2025-05-08,30.1811,30.5599,29.6468,29.7634,8522500,LUV,26.3140,27.6520,28.5921,28.2207,29.7295,28.8946,29.0772,28.9714
2025-05-09,30.2879,30.5502,30.1228,30.3559,7154100,LUV,26.5758,27.9031,28.6061,28.3018,29.7132,28.9222,29.0989,28.9845
2025-05-12,30.3753,31.8421,30.1908,31.0845,12506900,LUV,26.8225,28.1385,28.6138,28.3831,29.6998,28.9510,29.1237,28.9983
2025-05-13,30.3948,30.8028,30.3171,30.5502,11198900,LUV,27.1008,28.3534,28.6305,28.4620,29.6897,28.9795,29.1416,29.0122
2025-05-14,30.4822,31.5993,30.1811,30.3753,14419900,LUV,27.3713,28.5561,28.6713,28.5412,29.6793,29.0093,29.1641,29.0269
2025-05-15,30.9387,31.1136,30.4142,30.6376,8258800,LUV,27.7108,28.7831,28.7117,28.6352,29.6768,29.0475,29.1932,29.0459
2025-05-16,31.7353,31.8713,30.8902,31.0456,10105500,LUV,28.0960,29.0642,28.7761,28.7568,29.6793,29.1007,29.2228,29.0726
2025-05-19,31.6576,31.9296,31.0650,31.4536,10637900,LUV,28.5112,29.3112,28.8453,28.8706,29.6762,29.1514,29.2524,29.0984
2025-05-20,31.5701,31.9490,31.3953,31.6673,7045000,LUV,28.8877,29.5263,28.9324,28.9764,29.6666,29.1993,29.2844,29.1230
2025-05-21,30.8513,31.6187,30.5793,31.2690,9982100,LUV,29.1907,29.6525,28.9598,29.0499,29.6452,29.2320,29.3191,29.1402
2025-05-22,30.3171,30.9290,29.4525,30.7639,17704200,LUV,29.4214,29.7158,28.9814,29.0996,29.6182,29.2535,29.3576,29.1519
2025-05-23,30.0645,30.3171,29.6274,29.7051,9083300,LUV,29.6381,29.7490,28.9804,29.1375,29.5901,29.2695,29.3917,29.1610
2025-05-27,31.7256,31.8227,30.5405,30.5696,13846200,LUV,29.9300,29.9373,28.9985,29.2390,29.5833,29.3182,29.4342,29.1865
2025-05-28,31.9490,32.2890,31.6576,31.9296,12112800,LUV,30.2034,30.1289,29.0133,29.3452,29.5781,29.3703,29.4736,29.2140
2025-05-29,32.7455,33.3478,32.4832,32.6387,13344400,LUV,30.4827,30.3781,29.0389,29.4786,29.5833,29.4371,29.5164,29.2491
2025-05-30,32.4250,32.6581,32.1336,32.3764,19814600,LUV,30.7158,30.5730,29.0346,29.5941,29.5830,29.4963,29.5574,29.2807
2025-06-02,32.1627,32.6387,31.8907,32.4930,13046200,LUV,30.8741,30.7244,29.0144,29.6949,29.5780,29.5491,29.5968,29.3094
2025-06-03,31.6673,32.0170,31.5410,32.0073,11261000,LUV,30.9965,30.8142,28.9711,29.7722,29.5771,29.5910,29.6340,29.3328
2025-06-04,31.3467,31.7741,31.2496,31.5119,9864300,LUV,31.1146,30.8649,28.9212,29.8340,29.5731,29.6258,29.6640,29.3529
2025-06-05,31.5313,31.9684,31.2593,31.2690,10255100,LUV,31.2204,30.9284,28.8782,29.9005,29.5686,29.6635,29.6960,29.3746
2025-06-06,32.5221,32.5707,31.9004,32.0267,9190600,LUV,31.3375,31.0802,28.8606,30.0033,29.5784,29.7201,29.7310,29.4059
2025-06-09,32.6095,32.8524,32.2113,32.7067,9748100,LUV,31.4536,31.2258,28.8536,30.1055,29.5846,29.7773,29.7674,29.4377
2025-06-10,33.3769,33.6295,32.5610,32.6581,10755400,LUV,31.6037,31.4307,28.8685,30.2338,29.6016,29.8486,29.8074,29.4769
2025-06-11,32.5318,33.5906,32.2890,33.4644,11325800,LUV,31.7105,31.5356,28.8668,30.3239,29.6164,29.9017,29.8415,29.5073
2025-06-12,31.6479,32.2210,31.4827,32.0461,10415800,LUV,31.7688,31.5463,28.8860,30.3759,29.6229,29.9363,29.8653,29.5286
2025-06-13,30.8222,31.5216,30.5016,30.7542,12160600,LUV,31.7630,31.4773,28.8835,30.3934,29.6098,29.9539,29.8848,29.5415
2025-06-16,31.2787,31.7450,30.9485,31.1136,10310300,LUV,31.7401,31.4584,28.9484,30.4281,29.6149,29.9801,29.9022,29.5588
2025-06-17,30.5405,31.0650,30.2685,30.7930,12669000,LUV,31.6843,31.3710,29.0566,30.4325,29.6120,29.9912,29.9180,29.5686
2025-06-18,30.4428,30.9020,30.2083,30.5991,8961500,LUV,31.6279,31.2826,29.1611,30.4329,29.6058,30.0001,29.9330,29.5773
2025-06-20,30.6675,31.0485,30.4232,30.5796,17650900,LUV,31.6187,31.2240,29.2936,30.4421,29.5978,30.0133,29.9483,29.5881
2025-06-23,31.1462,31.3514,30.0129,30.5698,10929000,LUV,31.6602,31.2166,29.3619,30.4697,29.6017,30.0358,29.9628,29.6036
2025-06-24,31.1267,31.9376,30.9899,31.6738,10884400,LUV,31.7133,31.2080,29.4834,30.4955,29.6074,30.0574,29.9767,29.6188
2025-06-25,30.6186,31.2830,30.5112,31.2341,7059800,LUV,31.6579,31.1519,29.5869,30.5003,29.6117,30.0685,29.9866,29.6287
2025-06-26,30.7945,30.9606,30.6968,30.7750,6318900,LUV,31.6002,31.1178,29.7062,30.5118,29.6231,30.0829,29.9979,29.6403
2025-06-27,31.4198,31.6738,30.7359,31.0192,21619300,LUV,31.5339,31.1466,29.8332,30.5474,29.6430,30.1093,30.0122,29.6580
2025-06-30,31.6933,31.7617,31.2928,31.6542,9701000,LUV,31.4974,31.1987,29.9841,30.5924,29.6626,30.1407,30.0302,29.6783
2025-07-01,32.6410,32.7875,31.4393,31.4686,15871600,LUV,31.5213,31.3360,30.1563,30.6727,29.6907,30.1902,30.0550,29.7078
2025-07-02,33.2076,33.3151,32.6312,32.9341,9172200,LUV,31.5983,31.5143,30.3534,30.7721,29.7225,30.2500,30.0824,29.7426
2025-07-03,33.2956,33.4519,33.0806,33.2174,3733400,LUV,31.6957,31.6839,30.5384,30.8711,29.7561,30.3103,30.1111,29.7779
2025-07-07,33.0318,33.6571,32.4944,33.2174,8574800,LUV,31.7707,31.8123,30.7033,30.9558,29.7955,30.3642,30.1392,29.8103
2025-07-08,33.1979,33.6864,33.0513,33.2760,7706500,LUV,31.8045,31.9443,30.8532,31.0437,29.8400,30.4203,30.1686,29.8440
2025-07-09,33.7450,34.0283,33.3346,33.5300,9786300,LUV,31.8613,32.1158,31.0134,31.1497,29.8889,30.4861,30.1985,29.8828
2025-07-10,36.4903,36.9788,34.4679,34.7317,23739200,LUV,32.0170,32.5324,31.2255,31.3591,29.9648,30.6050,30.2420,29.9486
2025-07-11,36.2754,36.6466,35.9823,36.4317,10378100,LUV,32.2042,32.8889,31.4214,31.5519,30.0351,30.7173,30.2839,30.0115
2025-07-14,36.8322,36.8713,36.2754,36.3438,10601000,LUV,32.4634,33.2644,31.6148,31.7590,30.1138,30.8384,30.3257,30.0794
2025-07-15,36.2754,36.8029,36.1972,36.5196,9849600,LUV,32.7360,33.5512,31.7851,31.9361,30.1849,30.9460,30.3642,30.1411
2025-07-16,36.5489,36.7345,35.9237,36.5294,8705800,LUV,32.9995,33.8367,31.9362,32.1170,30.2548,31.0570,30.4106,30.2048
2025-07-17,35.6306,37.0863,35.4645,36.7639,15297200,LUV,33.2540,34.0075,32.0644,32.2548,30.3232,31.1476,30.4450,30.2588
2025-07-18,35.6696,35.9139,35.3472,35.8064,8191300,LUV,33.5154,34.1658,32.1981,32.3887,30.3876,31.2371,30.4815,30.3126
2025-07-21,36.0116,36.4219,35.7185,35.7576,9188800,LUV,33.7826,34.3416,32.3300,32.5308,30.4556,31.3317,30.5193,30.3693
2025-07-22,36.3144,36.5587,36.0018,36.0018,10725300,LUV,34.0410,34.5295,32.4527,32.6791,30.5224,31.4303,30.5573,30.4285
2025-07-23,36.5782,36.9788,36.4903,36.6857,12692500,LUV,34.3136,34.7246,32.5785,32.8320,30.5923,31.5323,30.5982,30.4897
2025-07-24,32.4944,35.4156,31.6542,35.2691,44107100,LUV,34.4074,34.5122,32.6209,32.8188,30.6173,31.5513,30.6141,30.5096
2025-07-25,32.4456,32.6215,31.8692,32.5824,16999800,LUV,34.4899,34.3154,32.6619,32.8042,30.6462,31.5690,30.6263,30.5289
2025-07-28,31.7715,32.2990,31.3807,32.2404,15894400,LUV,34.5075,34.0731,32.6877,32.7637,30.6795,31.5730,30.6360,30.5413
2025-07-29,30.3842,32.0841,30.3744,31.8985,13281700,LUV,34.4421,33.7218,32.6766,32.6704,30.6941,31.5495,30.6406,30.5397
2025-07-30,30.0031,30.6382,29.7491,30.6382,11884200,LUV,34.3102,33.3676,32.6419,32.5658,30.7090,31.5189,30.6435,30.5344
2025-07-31,30.2181,30.5698,29.6710,29.7980,13500800,LUV,34.1607,33.0677,32.6131,32.4737,30.7292,31.4931,30.6488,30.5312
2025-08-01,29.1141,29.6123,28.6647,29.5830,12572500,LUV,33.9516,32.6911,32.5640,32.3419,30.7482,31.4460,30.6473,30.5171
2025-08-04,29.0652,29.4853,28.9285,29.2899,7020300,LUV,33.7533,32.3458,32.5283,32.2134,30.7441,31.3989,30.6467,30.5027
2025-08-05,29.2313,29.5342,28.8601,29.1629,9324500,LUV,33.5550,32.0492,32.5066,32.0965,30.7440,31.3559,30.6464,30.4900
2025-08-06,29.0262,29.5440,28.8796,29.2411,8836000,LUV,33.3190,31.7613,32.4858,31.9761,30.7331,31.3098,30.6431,30.4755
2025-08-07,28.8796,29.3779,28.6842,29.2411,6313300,LUV,32.9385,31.4868,32.4289,31.8547,30.7137,31.2617,30.6430,30.4596
2025-08-08,28.9382,29.3192,28.8210,29.2509,7086000,LUV,32.5716,31.2441,32.3687,31.7403,30.6910,31.2157,30.6389,30.4444
2025-08-11,28.3911,29.2411,28.3130,28.9187,7961200,LUV,32.1496,30.9724,32.2816,31.6090,30.6603,31.1597,30.6346,30.4240
2025-08-12,30.0129,30.1692,28.6549,28.7038,12196500,LUV,31.8364,30.8810,32.2334,31.5464,30.6340,31.1370,30.6382,30.4199
2025-08-13,30.2572,30.4330,29.7003,29.9250,7877000,LUV,31.5219,30.8216,32.1952,31.4958,30.6048,31.1196,30.6419,30.4183
2025-08-14,29.9934,30.1106,29.5244,29.8175,5812700,LUV,31.2400,30.7427,32.1618,31.4369,30.5664,31.0973,30.6525,30.4141
2025-08-15,30.7750,31.0387,30.0422,30.1595,7885000,LUV,30.9953,30.7458,32.1503,31.4109,30.5358,31.0909,30.6650,30.4177
2025-08-18,30.5893,30.6968,30.3060,30.6186,8090700,LUV,30.7241,30.7309,32.1315,31.3787,30.5049,31.0810,30.6725,30.4194
2025-08-19,30.8629,30.9899,30.5014,30.6284,5219600,LUV,30.4516,30.7435,32.0983,31.3585,30.4794,31.0767,30.6777,30.4238
2025-08-20,30.4623,30.9313,30.3842,30.5112,5368800,LUV,30.1458,30.7167,32.0554,31.3233,30.4545,31.0645,30.6789,30.4242
2025-08-21,30.3548,30.3939,29.8468,30.2865,4871900,LUV,30.0388,30.6822,31.9949,31.2854,30.4317,31.0504,30.6838,30.4235
2025-08-22,32.0157,32.1134,30.5014,30.5014,8447700,LUV,30.0173,30.8092,31.9846,31.3140,30.4257,31.0696,30.6969,30.4393
2025-08-25,31.7715,32.0353,31.6738,31.6738,7783200,LUV,30.0173,30.9009,31.9871,31.3319,30.4365,31.0835,30.7120,30.4526
2025-08-26,32.6312,32.7387,31.7422,31.7812,8181800,LUV,30.1297,31.0657,32.0233,31.3829,30.4534,31.1141,30.7281,30.4742
2025-08-27,32.4261,32.8657,32.2697,32.6019,5190100,LUV,30.2508,31.1952,32.0462,31.4238,30.4973,31.1401,30.7395,30.4937
2025-08-28,32.2209,32.5824,31.8008,32.5824,5208300,LUV,30.3509,31.2929,32.0798,31.4551,30.5682,31.1615,30.7504,30.5109
2025-08-29,32.1427,32.3088,31.8789,32.2600,3666000,LUV,30.5024,31.3738,32.1138,31.4820,30.6375,31.1809,30.7585,30.5271
2025-09-02,31.5077,32.1818,30.9801,31.5761,7200600,LUV,30.6245,31.3866,32.1306,31.4830,30.7121,31.1874,30.7592,30.5369
2025-09-03,31.7631,32.7652,31.5568,31.5961,4369700,LUV,30.7511,31.4225,32.1430,31.4940,30.7524,31.1988,30.7642,30.5491
2025-09-04,30.5743,32.1070,30.3582,31.8024,10494900,LUV,30.8285,31.3417,32.1319,31.4579,30.8076,31.1864,30.7615,30.5493
2025-09-05,30.8396,31.3014,30.4466,30.6824,8027900,LUV,30.9265,31.2939,32.1363,31.4337,30.8616,31.1796,30.7600,30.5522
2025-09-08,31.1540,31.3014,30.6529,30.7217,9332500,LUV,31.0373,31.2805,32.1435,31.4227,30.9249,31.1791,30.7592,30.5582
2025-09-09,30.4466,31.1245,30.1028,31.0558,6896100,LUV,31.1401,31.2011,32.1241,31.3845,30.9786,31.1646,30.7562,30.5571
2025-09-10,30.5645,30.8789,30.0438,30.2698,7513600,LUV,31.1676,31.1405,32.1015,31.3523,31.0428,31.1527,30.7536,30.5571
2025-09-11,31.1638,31.2817,30.0635,30.8003,11511900,LUV,31.2130,31.1427,32.0719,31.3449,31.1141,31.1529,30.7568,30.5632
2025-09-12,31.1049,31.8909,30.9870,31.3112,10397700,LUV,31.2686,31.1391,32.0299,31.3355,31.1916,31.1519,30.7596,30.5686
2025-09-15,30.8789,31.2326,30.6431,31.2031,8911000,LUV,31.2737,31.1143,31.9815,31.3176,31.2600,31.1465,30.7605,30.5717
2025-09-16,31.0165,31.1540,30.1715,30.9575,8161900,LUV,31.2951,31.1050,31.9412,31.3058,31.3223,31.1440,30.7598,30.5761
2025-09-17,31.5568,32.0579,31.0066,31.1835,10892500,LUV,31.3298,31.1480,31.9084,31.3156,31.3808,31.1521,30.7641,30.5858
2025-09-18,31.7042,31.8319,31.0852,31.6354,9021300,LUV,31.3919,31.2010,31.8676,31.3309,31.4405,31.1631,30.7672,30.5970
2025-09-19,31.9498,32.1758,31.4193,31.9203,22410900,LUV,31.4716,31.2723,31.7768,31.3551,31.5011,31.1786,30.7715,30.6104
2025-09-22,31.7337,31.8810,31.3505,31.6845,10781200,LUV,31.4575,31.3163,31.6860,31.3700,31.5537,31.1896,30.7717,30.6216
2025-09-23,32.7554,32.8242,31.6747,31.6845,12691400,LUV,31.5067,31.4533,31.6044,31.4243,31.6096,31.2206,30.7770,30.6428
2025-09-24,32.4803,33.3056,32.3919,32.7947,8455100,LUV,31.4992,31.5511,31.5285,31.4657,31.6568,31.2456,30.7754,30.6611
2025-09-25,31.3701,32.3035,31.1049,32.3035,9892700,LUV,31.4464,31.5339,31.4249,31.4620,31.6806,31.2481,30.7649,30.6682
2025-09-26,31.9596,32.0284,31.4389,31.5765,6824700,LUV,31.4333,31.5744,31.3515,31.4815,31.7080,31.2621,30.7606,30.6810
2025-09-29,32.1856,32.4803,31.8417,32.1856,9139200,LUV,31.4355,31.6326,31.2818,31.5091,31.7400,31.2804,30.7587,30.6960
2025-09-30,31.3505,32.3133,30.2305,32.2544,10283400,LUV,31.4276,31.6058,31.1886,31.5029,31.7593,31.2818,30.7548,30.7025
2025-10-01,31.7140,31.9793,31.2522,31.4291,8546700,LUV,31.4252,31.6161,31.0966,31.5112,31.7746,31.2904,30.7521,30.7126
2025-10-02,31.7435,32.0087,31.2817,31.7140,7438900,LUV,31.4836,31.6282,30.9999,31.5203,31.7892,31.2993,30.7512,30.7228
2025-10-03,31.9498,32.9028,31.9400,32.1758,9214100,LUV,31.5391,31.6588,30.9890,31.5371,31.8049,31.3122,30.7524,30.7350
2025-10-06,32.0088,32.1365,31.2130,31.9695,6908500,LUV,31.5819,31.6922,30.9803,31.5556,31.8211,31.3260,30.7554,30.7477
2025-10-07,31.8221,32.1856,31.5273,31.9989,8065900,LUV,31.6506,31.7045,30.9813,31.5661,31.8345,31.3358,30.7569,30.7584
2025-10-08,31.8810,32.1266,31.5470,32.0873,7688800,LUV,31.7165,31.7213,31.0112,31.5784,31.8439,31.3466,30.7604,30.7696
2025-10-09,31.1245,33.1386,30.9182,32.9421,10590300,LUV,31.7145,31.6645,31.0337,31.5606,31.8378,31.3422,30.7585,30.7731
2025-10-10,30.7414,32.0579,30.5154,31.2915,7987400,LUV,31.6963,31.5766,31.0441,31.5285,31.8286,31.3303,30.7524,30.7728
2025-10-13,31.3407,31.7533,31.0066,31.1737,4892700,LUV,31.7194,31.5541,31.0887,31.5211,31.8263,31.3305,30.7465,30.7784
2025-10-14,32.8340,33.0403,30.8691,30.9673,11028900,LUV,31.8103,31.6760,31.1640,31.5726,31.8462,31.3603,30.7457,30.7989
2025-10-15,32.9716,33.2860,32.6670,33.1582,7429100,LUV,31.8810,31.7994,31.2388,31.6275,31.8727,31.3922,30.7454,30.8205
2025-10-16,32.7063,33.4530,32.2642,33.0796,11017200,LUV,31.9311,31.8858,31.3124,31.6698,31.8991,31.4182,30.7446,30.8393
2025-10-17,32.9323,33.2074,32.6081,32.6474,8264400,LUV,31.9803,31.9854,31.3935,31.7193,31.9112,31.4482,30.7472,30.8601
2025-10-20,33.8263,34.0621,33.0109,33.1877,7636000,LUV,32.0849,32.1608,31.4913,31.8019,31.9300,31.4953,30.7540,30.8896
2025-10-21,34.0719,34.3667,33.4628,33.5217,9405000,LUV,32.1507,32.3428,31.6049,31.8909,31.9432,31.5463,30.7633,30.9213
2025-10-22,33.1681,34.1407,32.8438,33.7575,10576400,LUV,32.1851,32.4214,31.6680,31.9410,31.9507,31.5785,30.7668,30.9436
2025-10-23,31.0951,32.5688,30.4761,32.2445,27807800,LUV,32.1713,32.2951,31.6847,31.9078,31.9400,31.5689,30.7590,30.9451
2025-10-24,31.6354,31.8614,30.8298,31.4880,15189600,LUV,32.1551,32.2322,31.7176,31.8972,31.9397,31.5702,30.7584,30.9520
2025-10-27,31.6845,32.1659,31.3112,31.8908,9621300,LUV,32.1301,32.1801,31.7358,31.8888,31.9431,31.5725,30.7581,30.9593
2025-10-28,30.5449,31.6158,30.4859,31.5863,11384700,LUV,32.0898,32.0243,31.7349,31.8361,31.9332,31.5521,30.7509,30.9552
2025-10-29,30.1224,30.5842,29.9259,30.4761,10919900,LUV,32.0102,31.8432,31.7201,31.7689,31.9092,31.5238,30.7438,30.9469
2025-10-30,29.5624,30.2305,29.5231,29.9554,6580200,LUV,31.9012,31.6260,31.7021,31.6824,31.8787,31.4850,30.7316,30.9331
2025-10-31,29.7687,29.8571,29.3954,29.4740,8462500,LUV,31.7921,31.4491,31.6904,31.6073,31.8426,31.4510,30.7221,30.9215
2025-11-03,29.8964,30.2207,29.2284,29.6312,8815200,LUV,31.6865,31.3012,31.6480,31.5402,31.8163,31.4202,30.7163,30.9113
2025-11-04,29.1498,29.6410,28.7470,29.5035,12954900,LUV,31.5529,31.0963,31.5955,31.4465,31.7913,31.3752,30.7071,30.8938
2025-11-05,31.0656,31.0951,29.2775,29.2775,9061800,LUV,31.5121,31.0934,31.5642,31.4316,31.7937,31.3691,30.7018,30.8955
2025-11-06,30.9575,31.4094,30.5056,31.0361,7749500,LUV,31.5038,31.0805,31.5349,31.4130,31.7905,31.3610,30.7027,30.8961
2025-11-07,31.8810,31.9007,30.3091,30.6136,8647100,LUV,31.5607,31.1567,31.5281,31.4313,31.8039,31.3713,30.7080,30.9059
2025-11-10,32.0873,32.9912,31.9007,32.1758,7819100,LUV,31.5981,31.2453,31.5269,31.4571,31.8204,31.3854,30.7131,30.9177
2025-11-11,31.4291,32.2249,31.2326,32.2249,7650900,LUV,31.5278,31.2628,31.5254,31.4560,31.8280,31.3863,30.7129,30.9228
2025-11-12,32.7554,32.8930,31.4684,31.4684,8948800,LUV,31.5170,31.4050,31.5452,31.5069,31.8441,31.4134,30.7229,30.9410
2025-11-13,32.4607,33.2074,32.2937,32.6572,7849200,LUV,31.5047,31.5055,31.5829,31.5443,31.8574,31.4341,30.7324,30.9561
2025-11-14,32.2445,32.5000,31.8515,31.9793,7673600,LUV,31.4704,31.5759,31.6110,31.5718,31.8737,31.4502,30.7427,30.9690
2025-11-17,31.2915,32.2544,31.0165,32.2249,5773700,LUV,31.3436,31.5488,31.6138,31.5608,31.8787,31.4471,30.7509,30.9722
2025-11-18,31.3996,31.6944,30.9772,31.1049,7093400,LUV,31.2100,31.5346,31.6329,31.5545,31.8785,31.4461,30.7607,30.9764
2025-11-19,31.3603,32.3919,31.2228,31.7828,5614400,LUV,31.1196,31.5180,31.6488,31.5469,31.8751,31.4444,30.7688,30.9802
2025-11-20,30.6136,32.0873,30.6038,31.8024,7806000,LUV,31.0955,31.4319,31.6378,31.5103,31.8549,31.4280,30.7728,30.9766
2025-11-21,32.2249,32.6572,30.7610,30.9673,7111200,LUV,31.1250,31.5074,31.6602,31.5383,31.8450,31.4437,30.7838,30.9890
2025-11-24,32.6965,32.8438,32.2151,32.4410,6136600,LUV,31.1756,31.6207,31.6965,31.5837,31.8390,31.4685,30.7976,31.0060
2025-11-25,33.7575,34.1210,32.4509,32.7161,7179100,LUV,31.3362,31.8242,31.7513,31.6689,31.8463,31.5139,30.8209,31.0334
2025-11-26,34.4453,34.7695,33.6298,33.7575,4766200,LUV,31.5524,32.0738,31.8091,31.7778,31.8588,31.5719,30.8494,31.0673
2025-11-28,34.1996,34.7204,34.1702,34.4354,2546100,LUV,31.7843,32.2763,31.8590,31.8728,31.8633,31.6240,30.8761,31.0985
2025-12-01,34.1604,34.4944,33.6789,33.9246,6694000,LUV,32.0038,32.4557,31.9032,31.9625,31.8400,31.6742,30.9024,31.1290
2025-12-02,34.8088,35.1035,33.8361,34.2389,7239000,LUV,32.2495,32.6798,31.9647,32.0741,31.8253,31.7363,30.9302,31.1656
2025-12-03,35.0544,35.1428,34.6712,34.7990,6539400,LUV,32.5447,32.9060,32.0107,32.1910,31.8076,31.8020,30.9607,31.2043
2025-12-04,35.1821,35.6537,34.5042,35.0249,10861300,LUV,32.7505,33.1227,32.0647,32.3083,31.7966,31.8689,30.9908,31.2438
2025-12-05,37.1863,37.5007,34.6909,34.6909,15212300,LUV,33.0620,33.5097,32.1811,32.4996,31.8030,31.9742,31.0289,31.3030
2025-12-08,37.2846,37.6972,36.7246,37.4320,12448300,LUV,33.3321,33.8692,32.2876,32.6872,31.8195,32.0793,31.0714,31.3625
2025-12-09,37.4811,38.0214,36.8916,36.9407,8837400,LUV,33.6018,34.2132,32.3935,32.8752,31.8377,32.1863,31.1126,31.4234
2025-12-10,39.1316,39.1513,37.4221,37.5302,17176500,LUV,33.9869,34.6817,32.5491,33.1206,31.8689,32.3238,31.1622,31.5001
2025-12-11,40.0257,40.4187,39.0727,39.2299,22816800,LUV,34.3505,35.1906,32.7153,33.3914,31.9060,32.4764,31.2142,31.5849
2025-12-12,40.4481,41.4601,40.3695,40.6741,20008600,LUV,34.7498,35.6913,32.8894,33.6681,31.9447,32.6342,31.2685,31.6731
2025-12-15,40.9885,41.2243,40.1927,40.8804,18835600,LUV,35.1870,36.1958,33.0702,33.9552,32.0296,32.7996,31.3235,31.7658
2025-12-16,41.4306,42.7766,41.1850,41.8825,12565100,LUV,35.6940,36.6944,33.2586,34.2483,32.1195,32.9706,31.3828,31.8620
2025-12-17,40.2615,42.0790,40.2615,41.4306,12332900,LUV,36.1371,37.0341,33.4274,34.4841,32.2044,33.1149,31.4419,31.9455
2025-12-18,40.0158,41.0966,39.9569,40.5267,10585500,LUV,36.5698,37.3181,33.5901,34.7011,32.3007,33.2516,31.4974,32.0258
2025-12-19,40.5366,40.6250,39.9765,40.1829,17197900,LUV,37.0660,37.6246,33.7784,34.9299,32.4060,33.3958,31.5575,32.1105
2025-12-22,41.4994,41.5976,40.5562,40.6643,7295900,LUV,37.5297,37.9936,33.9935,35.1875,32.5188,33.5563,31.6240,32.2039
2025-12-23,40.8313,41.9120,40.6643,41.2931,8845300,LUV,37.9365,38.2639,34.1833,35.4089,32.6360,33.7004,31.6921,32.2898
2025-12-24,40.7527,40.9983,40.5955,40.7527,2013300,LUV,38.2862,38.5009,34.3417,35.6184,32.7529,33.8400,31.7485,32.3740
2025-12-26,40.7330,41.0783,40.5652,40.6244,5291000,LUV,38.6006,38.7135,34.4969,35.8190,32.8679,33.9765,31.8059,32.4572
2025-12-29,40.5751,41.1474,40.4271,40.6343,4953500,LUV,38.9194,38.8908,34.6543,36.0055,32.9834,34.1072,31.8583,32.5379
2025-12-30,40.7231,41.0191,40.4764,40.5751,6535800,LUV,39.2475,39.0653,34.8101,36.1905,33.1018,34.2382,31.9078,32.6194
2025-12-31,40.7823,41.1079,40.6738,40.7922,6352100,LUV,39.5462,39.2288,34.9493,36.3706,33.2203,34.3678,31.9556,32.7006
2026-01-02,40.7527,41.2855,40.3087,40.9599,6338700,LUV,39.8311,39.3739,35.0829,36.5424,33.3439,34.4942,32.0021,32.7807
2026-01-05,41.8776,42.2328,40.5751,40.5850,7849900,LUV,40.1659,39.6124,35.2571,36.7517,33.4625,34.6404,32.0483,32.8712
2026-01-06,41.9171,42.6275,41.5914,41.9565,7993200,LUV,40.4024,39.8319,35.4735,36.9542,33.5791,34.7845,32.0920,32.9613
2026-01-07,42.0749,42.6176,41.8776,42.0157,10053400,LUV,40.6419,40.0455,35.6823,37.1550,33.6999,34.9289,32.1332,33.0519
2026-01-08,42.3512,42.8051,41.9763,42.0947,8238400,LUV,40.8854,40.2651,35.8956,37.3588,33.8157,35.0758,32.1757,33.1445
2026-01-09,43.9300,44.4234,43.2886,43.6143,12343400,LUV,41.1254,40.6141,36.1633,37.6165,33.9491,35.2512,32.2270,33.2518
2026-01-12,43.2689,43.4268,42.5979,43.4070,8381800,LUV,41.2875,40.8670,36.4263,37.8382,34.0732,35.4099,32.2763,33.3515
2026-01-13,42.6275,43.8412,42.3315,42.7262,7418300,LUV,41.3965,41.0346,36.6876,38.0260,34.1948,35.5529,32.3246,33.4438
2026-01-14,41.9861,43.1406,41.1967,42.5486,8868400,LUV,41.4464,41.1253,36.9319,38.1813,34.3111,35.6803,32.3714,33.5288
2026-01-15,42.5288,42.8347,41.9763,42.4400,7874600,LUV,41.5013,41.2589,37.1846,38.3518,34.4163,35.8159,32.4210,33.6183
2026-01-16,42.5486,42.7361,42.0552,42.4894,6841900,LUV,41.6156,41.3818,37.4525,38.5164,34.5240,35.9492,32.4803,33.7072
2026-01-20,41.8184,42.5683,41.3053,41.9072,9655100,LUV,41.7058,41.4233,37.6676,38.6458,34.6159,36.0654,32.5346,33.7879
2026-01-21,42.2822,42.8939,41.7888,42.2822,11975200,LUV,41.7930,41.5051,37.8941,38.7884,34.7145,36.1885,32.6059,33.8724
2026-01-22,41.8776,43.3281,41.6802,42.5486,10195500,LUV,41.8120,41.5406,38.0940,38.9096,34.8110,36.3012,32.6896,33.9521
2026-01-23,41.3941,41.8677,41.2066,41.2559,7012900,LUV,41.8401,41.5266,38.2801,39.0070,34.9035,36.4020,32.7705,34.0261
2026-01-26,41.4730,41.8480,41.1573,41.3151,6183500,LUV,41.8761,41.5215,38.4810,39.1037,35.0032,36.5024,32.8577,34.1002
2026-01-27,40.7922,41.9368,40.6540,41.4928,7890600,LUV,41.8791,41.4521,38.6418,39.1699,35.0935,36.5874,32.9229,34.1668
2026-01-28,40.3185,41.4632,40.1409,41.3349,10626300,LUV,41.8662,41.3441,38.7989,39.2150,35.1909,36.6613,32.9993,34.2280
2026-01-29,47.8573,48.4691,42.1144,42.8051,34535300,LUV,42.2229,41.9644,39.1112,39.5539,35.3611,36.8830,33.1114,34.3636
2026-01-30,46.8903,49.1894,46.6732,47.8967,14685000,LUV,42.5283,42.4335,39.4231,39.8416,35.5185,37.0811,33.2217,34.4883
2026-02-02,48.9822,49.1401,47.4626,48.1237,13003200,LUV,42.9398,43.0572,39.7748,40.2000,35.7038,37.3168,33.3412,34.6325
2026-02-03,50.5116,50.5314,49.2683,49.3374,10884600,LUV,43.3715,43.7672,40.1578,40.6044,35.9033,37.5781,33.4730,34.7905
2026-02-04,51.8931,52.0707,50.1860,50.8669,12376600,LUV,43.8703,44.5411,40.5834,41.0471,36.1106,37.8615,33.6123,34.9607
2026-02-05,51.8141,52.2680,51.1925,51.8339,7803300,LUV,44.3573,45.2337,40.9752,41.4694,36.3177,38.1378,33.7547,35.1283
2026-02-06,53.5410,53.9751,51.9720,52.1496,14795400,LUV,44.9168,46.0249,41.3921,41.9427,36.5443,38.4428,33.9021,35.3116
2026-02-09,52.6529,53.5311,52.3963,53.1068,8403300,LUV,45.3529,46.6561,41.7700,42.3628,36.7607,38.7242,34.0415,35.4841
2026-02-10,53.3535,53.8271,52.4851,52.5641,8464700,LUV,45.8571,47.2940,42.1482,42.7938,36.9786,39.0139,34.1797,35.6619
2026-02-11,50.7485,53.9751,50.5511,53.5212,10556400,LUV,46.2632,47.6230,42.4791,43.1057,37.1691,39.2463,34.3048,35.8120
2026-02-12,50.1564,52.0411,49.1401,51.5181,13189800,LUV,46.6717,47.8643,42.7991,43.3822,37.3511,39.4623,34.4261,35.9548
2026-02-13,50.4327,51.0346,49.5446,50.4031,9161900,LUV,47.0669,48.1089,43.1115,43.6587,37.5381,39.6796,34.5459,36.0988
2026-02-17,53.5410,54.3797,51.9424,51.9720,12962200,LUV,47.6165,48.6262,43.4813,44.0462,37.7460,39.9540,34.6778,36.2724
2026-02-18,54.0738,54.1626,52.4457,52.9686,13316600,LUV,48.2293,49.1450,43.8591,44.4395,37.9619,40.2336,34.8094,36.4495
2026-02-19,51.3898,53.9751,51.3109,53.5903,9750000,LUV,48.6847,49.3588,44.1432,44.7120,38.1621,40.4546,34.9213,36.5982
2026-02-20,51.3997,51.7155,50.6202,51.4885,7074600,LUV,49.1608,49.5532,44.4255,44.9743,38.3565,40.6713,35.0322,36.7454
2026-02-23,50.2255,51.6760,49.5841,51.1826,8914300,LUV,49.6023,49.6172,44.6804,45.1802,38.5369,40.8605,35.1384,36.8796
2026-02-24,49.9689,50.7485,49.5051,50.0084,9321300,LUV,50.0271,49.6507,44.8971,45.3680,38.7231,41.0409,35.2412,37.0098
2026-02-25,49.2289,50.1268,48.7454,50.0380,10176200,LUV,50.4490,49.6105,45.0812,45.5194,38.8983,41.2030,35.3364,37.1314
2026-02-26,50.2551,50.9655,49.3177,49.8999,11230300,LUV,50.9458,49.6719,45.2773,45.7051,39.0834,41.3822,35.4363,37.2620
2026-02-27,48.6072,50.2353,48.0645,50.0577,9146300,LUV,50.9833,49.5705,45.4297,45.8189,39.2499,41.5253,35.5274,37.3749
2026-03-02,47.6303,48.3704,46.3278,47.3639,10033400,LUV,51.0203,49.3857,45.5537,45.8900,39.4062,41.6462,35.6136,37.4769
2026-03-03,47.1172,47.6797,45.4101,45.9035,12373400,LUV,50.9271,49.1697,45.6908,45.9381,39.5591,41.7545,35.6968,37.5728
2026-03-04,46.5252,47.7487,46.1601,47.2948,7909800,LUV,50.7277,48.9178,45.8210,45.9611,39.7055,41.8490,35.7747,37.6619
2026-03-05,43.3182,46.0022,43.3084,45.6371,15598900,LUV,50.2990,48.3845,45.8766,45.8575,39.8275,41.8781,35.8326,37.7182
2026-03-06,41.0093,42.4302,39.9337,42.4302,14084100,LUV,49.7587,47.6821,45.8668,45.6674,39.9302,41.8609,35.8794,37.7509
2026-03-09,42.4598,42.5387,38.3056,40.1508,14823200,LUV,49.2047,47.1848,45.8994,45.5416,40.0414,41.8728,35.9339,37.7978
2026-03-10,42.2525,44.0188,41.5618,41.8184,10990700,LUV,48.6847,46.7150,45.9294,45.4126,40.1355,41.8803,35.9909,37.8421
2026-03-11,41.2954,42.3611,40.8415,41.9861,7960500,LUV,48.0818,46.1989,45.9406,45.2511,40.2188,41.8687,36.0457,37.8765
2026-03-12,38.2629,40.3341,38.1935,40.1359,9838200,LUV,47.4575,45.4431,45.8944,44.9771,40.2743,41.7973,36.0867,37.8803
2026-03-13,38.4017,39.4819,37.7476,38.6098,10373400,LUV,46.8698,44.7725,45.8480,44.7192,40.3290,41.7301,36.1201,37.8855
2026-03-16,39.8684,39.8684,38.9864,39.1251,7977800,LUV,46.3415,44.3054,45.8297,44.5290,40.3895,41.6932,36.1597,37.9052
2026-03-17,40.7504,41.4540,40.3044,40.5125,9829800,LUV,45.7020,43.9668,45.8296,44.3808,40.4562,41.6745,36.1997,37.9336
2026-03-18,39.8287,41.0179,39.6602,40.6116,10974100,LUV,44.9898,43.5727,45.7886,44.2023,40.5229,41.6380,36.2368,37.9524
2026-03-19,40.5026,40.9981,38.9963,39.0656,8901500,LUV,44.4454,43.2803,45.7604,44.0572,40.6169,41.6155,36.2785,37.9778
2026-03-20,39.0557,40.6017,38.5305,40.3440,14030000,LUV,43.8282,42.8780,45.7000,43.8611,40.6911,41.5648,36.3154,37.9885
2026-03-23,39.9873,41.1071,39.9179,40.4828,8467900,LUV,43.3163,42.6027,45.6527,43.7092,40.7742,41.5336,36.3586,38.0084
2026-03-24,39.4719,40.0467,38.8476,39.2440,7379800,LUV,42.7914,42.3045,45.5635,43.5430,40.8634,41.4927,36.3983,38.0230
2026-03-25,39.8287,41.2954,39.4620,40.3738,6658600,LUV,42.3214,42.0687,45.4947,43.3973,40.9605,41.4598,36.4348,38.0409
2026-03-26,39.1746,39.9179,38.6593,39.4224,5037200,LUV,41.7674,41.7931,45.4257,43.2317,41.0566,41.4145,36.4677,38.0522
2026-03-27,37.0242,38.8773,36.7764,38.5206,7164800,LUV,41.1882,41.3389,45.3264,42.9883,41.1292,41.3276,36.4859,38.0420
2026-03-30,35.9638,37.1629,35.8250,37.0341,6866200,LUV,40.6049,40.8270,45.1951,42.7128,41.1898,41.2214,36.5031,38.0213
2026-03-31,37.2323,37.5296,35.7854,36.6079,8644100,LUV,40.1107,40.4846,45.0888,42.4979,41.2707,41.1424,36.5310,38.0135
2026-04-01,37.8863,38.5305,36.8359,37.1233,9651400,LUV,39.6787,40.2372,45.0102,42.3171,41.3389,41.0779,36.5663,38.0122
2026-04-02,37.2620,37.5593,35.4088,35.7358,9750800,LUV,39.3759,39.9538,44.9098,42.1188,41.4019,41.0023,36.5962,38.0047
2026-04-06,37.8368,38.2530,36.8755,37.0935,4412100,LUV,39.2173,39.7522,44.8289,41.9509,41.4615,40.9397,36.6327,38.0030
2026-04-07,37.5296,37.7971,36.7169,37.2719,7226700,LUV,38.9708,39.5405,44.7517,41.7775,41.5159,40.8721,36.6681,37.9983
2026-04-08,40.0368,43.0396,39.7197,42.2963,12178200,LUV,38.8600,39.5878,44.7229,41.7093,41.6020,40.8556,36.7150,38.0186
2026-04-09,39.8485,40.3738,38.9665,39.5909,5378000,LUV,38.7877,39.6126,44.7041,41.6363,41.6729,40.8357,36.7585,38.0368
2026-04-10,39.2044,40.2251,38.9170,40.2251,4663600,LUV,38.8347,39.5737,44.6818,41.5409,41.7403,40.8034,36.7989,38.0484
2026-04-13,39.0954,39.1251,37.8566,38.3620,4503200,LUV,38.8694,39.5282,44.5065,41.4450,41.8089,40.7695,36.8413,38.0589
2026-04-14,40.8891,41.6522,39.7395,39.8882,9146700,LUV,38.9204,39.6578,44.3865,41.4232,41.9048,40.7719,36.8917,38.0870
2026-04-15,41.3251,42.0188,40.5422,40.9188,7219300,LUV,38.9492,39.8166,44.2334,41.4194,42.0041,40.7829,36.9413,38.1192
2026-04-16,40.2648,41.9990,40.2449,41.4738,6723800,LUV,38.9710,39.8593,44.0284,41.3741,42.0931,40.7726,36.9841,38.1406
2026-04-17,42.3162,44.5162,42.1675,42.9504,10387600,LUV,39.0617,40.0933,43.8369,41.4110,42.2102,40.8032,37.0325,38.1821
2026-04-20,41.4441,42.0089,41.1765,41.4341,6547200,LUV,39.1811,40.2219,43.6295,41.4123,42.3023,40.8158,37.0737,38.2146
2026-04-21,40.5521,41.6423,40.2152,41.1269,4715000,LUV,39.2093,40.2534,43.3697,41.3786,42.3809,40.8106,37.1100,38.2379
2026-04-22,38.9963,40.5224,38.7089,40.2846,9518200,LUV,39.1855,40.1336,43.0966,41.2852,42.4333,40.7747,37.1398,38.2454
2026-04-23,37.4106,38.8377,36.5187,37.9061,16710900,LUV,39.0646,39.8743,42.7777,41.1332,42.4629,40.7081,37.1609,38.2371
2026-04-24,39.0954,39.1945,37.5097,37.6782,9396700,LUV,39.0607,39.8001,42.5447,41.0533,42.5119,40.6761,37.1876,38.2456
2026-04-27,37.8566,39.4521,37.8269,39.0359,6089300,LUV,39.1023,39.6150,42.2987,40.9279,42.5489,40.6203,37.1944,38.2418
2026-04-28,37.6683,38.1836,37.4800,37.6188,4596100,LUV,39.1875,39.4296,42.0434,40.8001,42.5775,40.5619,37.2014,38.2361
2026-04-29,36.8854,37.5395,36.5881,37.3215,6829100,LUV,39.1702,39.1873,41.7103,40.6466,42.5958,40.4891,37.2017,38.2226
2026-04-30,37.5791,38.1638,37.4602,37.4602,5079400,LUV,39.1548,39.0342,41.3804,40.5263,42.6197,40.4314,37.2082,38.2162
2026-05-01,38.4116,39.6107,37.1629,37.6584,10101400,LUV,39.2123,38.9749,41.1208,40.4434,42.6320,40.3914,37.2175,38.2182
2026-05-04,38.0052,39.1251,37.5989,38.0944,8246400,LUV,39.2207,38.8825,40.8529,40.3478,42.6392,40.3442,37.2294,38.2160
2026-05-05,39.3530,39.4819,38.0944,38.4413,4694100,LUV,39.3119,38.9273,40.6355,40.3088,42.6579,40.3246,37.2478,38.2274
2026-05-06,41.1269,41.6224,40.1458,40.9783,9236200,LUV,39.3664,39.1368,40.4586,40.3408,42.6779,40.3405,37.2734,38.2562
2026-05-07,41.0179,42.0089,40.2053,41.4936,7481400,LUV,39.4249,39.3160,40.2944,40.3674,42.6878,40.3539,37.2969,38.2837
2026-05-08,40.9386,41.8405,40.6017,41.4441,4938800,LUV,39.5116,39.4705,40.1081,40.3898,42.6927,40.3654,37.3187,38.3101
2026-05-11,39.6305,40.8990,39.5611,40.5422,4781000,LUV,39.5383,39.4857,39.9286,40.3600,42.6791,40.3509,37.3544,38.3232
2026-05-12,39.1251,39.4224,38.4809,39.2936,5581700,LUV,39.4501,39.4514,39.7584,40.3116,42.6561,40.3266,37.3878,38.3312
2026-05-13,39.0557,39.3629,38.5206,38.7683,4796600,LUV,39.3367,39.4137,39.5972,40.2623,42.6440,40.3015,37.4242,38.3384
2026-05-14,38.9764,39.8882,38.7485,39.4620,4482000,LUV,39.2723,39.3721,39.4462,40.2119,42.6336,40.2752,37.4671,38.3448
2026-05-15,38.1539,38.6296,37.8269,38.3125,6383700,LUV,39.0641,39.2561,39.3430,40.1312,42.6098,40.2332,37.5079,38.3429
2026-05-18,38.0152,39.3134,37.7575,38.2728,7500200,LUV,38.8927,39.1379,39.2831,40.0482,42.5749,40.1893,37.5469,38.3396
2026-05-19,37.0142,37.6386,36.8953,37.5395,4766800,LUV,38.7158,38.9356,39.1742,39.9292,42.5368,40.1264,37.5864,38.3264
2026-05-20,39.3431,39.7296,37.1034,37.3314,7906900,LUV,38.7331,38.9744,39.1160,39.9063,42.5227,40.1109,37.6378,38.3365
2026-05-21,40.4134,40.5422,38.4611,38.7287,8050700,LUV,38.8833,39.1115,39.0983,39.9261,42.5195,40.1169,37.6937,38.3572
2026-05-22,40.4927,40.9684,39.8783,40.5621,7028500,LUV,38.9532,39.2430,39.1429,39.9484,42.5187,40.1243,37.7510,38.3785
2026-05-26,41.8999,42.5243,41.3450,41.8603,7115100,LUV,39.1553,39.4961,39.2129,40.0249,42.5304,40.1595,37.8161,38.4135
2026-05-27,43.2873,44.0405,42.6333,43.0693,8110800,LUV,39.4363,39.8571,39.2813,40.1528,42.5555,40.2214,37.8879,38.4620
2026-05-28,42.9207,43.5450,42.0188,42.6333,8304100,LUV,39.7380,40.1489,39.3247,40.2614,42.5772,40.2749,37.9605,38.5064
2026-05-29,42.5639,43.7234,42.5540,42.8909,5811200,LUV,39.9873,40.3789,39.3794,40.3517,42.5840,40.3202,38.0233,38.5467
2026-06-01,42.3756,42.4945,41.1269,41.9891,5605300,LUV,40.1855,40.5691,39.4168,40.4310,42.5886,40.3609,38.0839,38.5848
2026-06-02,41.9594,42.5738,41.6026,42.2170,4321600,LUV,40.3832,40.7015,39.4749,40.4910,42.5874,40.3926,38.1437,38.6184
2026-06-03,40.5026,41.7810,40.4530,41.1666,5819000,LUV,40.4407,40.6825,39.4852,40.4914,42.5690,40.3947,38.1923,38.6372
2026-06-04,40.9386,41.9197,40.6810,41.2558,4558700,LUV,40.4312,40.7069,39.5146,40.5090,42.5390,40.4055,38.2441,38.6601
2026-06-05,41.1666,41.4837,40.6314,40.9287,4886000,LUV,40.4387,40.7507,39.5413,40.5348,42.5180,40.4206,38.2956,38.6850
2026-06-08,40.6512,41.4044,40.5323,41.1666,5054900,LUV,40.4243,40.7412,39.5709,40.5393,42.4983,40.4252,38.3465,38.7046
2026-06-09,42.7819,42.8414,40.6513,41.5630,6423400,LUV,40.5819,40.9356,39.6860,40.6273,42.5062,40.4718,38.4087,38.7451
2026-06-10,41.0278,42.6531,40.6116,42.6531,5444200,LUV,40.6770,40.9444,39.7873,40.6430,42.4912,40.4828,38.4537,38.7678
2026-06-11,44.0835,44.2030,40.6397,40.6397,6346400,LUV,40.9284,41.2433,39.9243,40.7779,42.5066,40.5541,38.5153,38.8207
2026-06-12,45.2580,45.4869,43.7949,44.7803,6520200,LUV,41.2425,41.6257,40.0717,40.9536,42.5410,40.6473,38.5784,38.8848
2026-06-15,45.8652,47.4677,45.5765,46.8406,6768900,LUV,41.6280,42.0294,40.2438,41.1462,42.5768,40.7506,38.6456,38.9543
2026-06-16,47.2089,48.2540,46.4325,46.7809,11454600,LUV,42.0877,42.5227,40.4313,41.3840,42.6301,40.8785,38.7206,39.0364
2026-06-17,46.4425,48.2838,46.4226,47.1989,6484300,LUV,42.5591,42.8960,40.6095,41.5823,42.6806,40.9887,38.7921,39.1101
2026-06-18,47.7464,48.4431,47.4876,47.7066,11291400,LUV,42.9793,43.3580,40.7637,41.8241,42.7433,41.1225,38.8733,39.1960
2026-06-22,48.3436,49.3787,47.0098,47.2786,6360500,LUV,43.3758,43.8328,40.9336,42.0797,42.8188,41.2655,38.9562,39.2870
2026-06-23,49.1797,49.9660,47.5573,47.6667,6106100,LUV,43.8102,44.3420,41.1331,42.3582,42.9074,41.4222,39.0492,39.3855
2026-06-24,50.7025,51.1007,50.0157,50.0157,11216900,LUV,44.2503,44.9478,41.3653,42.6854,42.9359,41.6060,39.1485,39.4981
2026-06-25,51.8472,52.8425,51.1504,51.3097,7781500,LUV,44.6783,45.6049,41.5844,43.0447,42.9855,41.8088,39.2520,39.6210
2026-06-26,51.6680,52.8823,50.8916,51.7576,10908200,LUV,45.1157,46.1823,41.7913,43.3828,43.0123,42.0040,39.3581,39.7408
2026-06-29,51.3594,51.8571,50.7423,51.1803,6396100,LUV,45.5554,46.6754,42.0132,43.6956,43.0208,42.1892,39.4620,39.8564
2026-06-30,51.1803,51.6481,50.4338,50.7523,5014400,LUV,45.9957,47.1044,42.1904,43.9892,43.0137,42.3673,39.5621,39.9691
2026-07-01,50.2347,51.9865,50.2248,51.8073,5010000,LUV,46.4094,47.4025,42.3663,44.2341,42.9979,42.5231,39.6578,40.0713
2026-07-02,50.0157,51.4490,49.3787,51.2400,4563900,LUV,46.8851,47.6514,42.5555,44.4608,42.9626,42.6714,39.7535,40.1702
2026-07-06,50.5731,51.2798,49.9660,50.7622,6541200,LUV,47.3668,47.9297,42.7871,44.7005,42.9418,42.8279,39.8512,40.2737
2026-07-07,49.1996,50.9613,48.8512,50.5333,5275700,LUV,47.7685,48.0506,43.0228,44.8769,42.9003,42.9541,39.9395,40.3625
2026-07-08,48.4331,49.2394,47.4478,48.1345,5682900,LUV,48.1576,48.0870,43.2096,45.0164,42.8771,43.0626,40.0231,40.4428
2026-07-09,48.9905,49.7370,48.4829,49.2692,3773100,LUV,48.4680,48.1731,43.4323,45.1723,42.8655,43.1800,40.1083,40.5279
2026-07-10,48.2042,48.9308,47.7762,48.5824,4914200,LUV,48.8268,48.1761,43.6430,45.2912,42.8432,43.2795,40.1907,40.6043
2026-07-13,47.6966,48.7318,47.3681,48.0251,4847600,LUV,49.0075,48.1304,43.8592,45.3855,42.7847,43.3669,40.2654,40.6748
2026-07-14,47.3383,48.0151,46.9501,48.0052,5182200,LUV,49.1115,48.0549,44.0544,45.4621,42.7174,43.4456,40.3397,40.7411
2026-07-15,49.0204,49.2493,47.5473,47.5473,5611700,LUV,49.2692,48.1469,44.2666,45.6016,42.6937,43.5560,40.4279,40.8235
2026-07-16,49.1996,49.8963,48.5824,48.7915,5742300,LUV,49.3688,48.2472,44.4905,45.7427,42.6717,43.6677,40.5141,40.9069
2026-07-17,47.8559,48.7317,47.3383,48.5227,3877800,LUV,49.4394,48.2099,44.6605,45.8256,42.6480,43.7506,40.5925,40.9760
2026-07-20,48.1146,48.7118,47.7066,48.2739,4975800,LUV,49.4578,48.2008,44.8003,45.9153,42.6295,43.8371,40.6763,41.0470
2026-07-21,48.4630,48.7716,47.6568,48.7417,4995700,LUV,49.4638,48.2258,44.9492,46.0152,42.6218,43.9287,40.7600,41.1208
2026-07-22,47.4378,48.2241,46.9999,47.4080,6071600,LUV,49.3767,48.1507,45.0792,46.0710,42.5936,43.9982,40.8385,41.1837
2026-07-23,44.5016,46.4624,44.2229,45.2879,11772800,LUV,49.0667,47.8032,45.1766,46.0095,42.5526,44.0081,40.9013,41.2167
2026-07-24,44.8698,46.2832,44.2726,44.4916,6366400,LUV,48.7178,47.5238,45.2915,45.9648,42.5250,44.0252,40.9656,41.2530
2026-07-27,45.1684,46.7411,44.6210,45.8154,7467700,LUV,48.3928,47.2995,45.4137,45.9336,42.5055,44.0478,41.0323,41.2920
2026-07-28,46.0941,46.5321,44.3423,45.4372,5293300,LUV,48.1296,47.1847,45.5561,45.9399,42.5012,44.0883,41.1034,41.3398
2026-07-29,44.1731,45.3874,44.1233,44.7902,4209500,LUV,47.7792,46.8979,45.6765,45.8706,42.5097,44.0900,41.1686,41.3680
2026-07-30,45.3874,45.4571,43.9840,44.7902,4672300,LUV,47.5368,46.7540,45.8239,45.8516,42.5535,44.1157,41.2418,41.4080
2026-07-31,44.7604,45.5367,44.5911,45.1386,4167800,LUV,47.2741,46.5642,45.9788,45.8088,42.5765,44.1285,41.3089,41.4413
2026-08-03,46.8506,47.1193,45.5168,46.3827,7846600,LUV,47.0879,46.5914,46.1290,45.8497,42.6225,44.1824,41.3790,41.4952
2026-08-04,48.4730,48.8910,47.0695,47.6767,5885600,LUV,47.0516,46.7706,46.2902,45.9526,42.6943,44.2673,41.4565,41.5646
2026-08-05,48.5625,49.4982,48.3933,48.5426,5591600,LUV,47.0581,46.9413,46.4516,46.0549,42.7973,44.3524,41.5358,41.6342
2026-08-06,46.7212,48.2042,46.6714,48.1943,4451600,LUV,46.9446,46.9203,46.5480,46.0810,42.8804,44.3993,41.6047,41.6848
2026-08-07,46.8307,47.0496,46.0344,46.7013,3764400,LUV,46.8759,46.9118,46.6189,46.1104,42.9501,44.4474,41.6698,41.7360
2026-08-10,44.6907,46.2335,44.5712,46.0742,5579300,LUV,46.7256,46.7002,46.6543,46.0548,42.9895,44.4523,41.7229,41.7654
2026-08-11,45.3078,45.6761,44.7604,44.9893,3369400,LUV,46.6241,46.5676,46.7091,46.0255,43.0443,44.4692,41.7836,41.8007
2026-08-12,44.7703,45.7457,44.3622,45.6362,2996400,LUV,46.4116,46.3965,46.7570,45.9762,43.0869,44.4752,41.8519,41.8302
2026-08-13,44.6608,45.6860,44.6409,45.6263,3406600,LUV,46.1847,46.2312,46.8111,45.9247,43.1430,44.4788,41.9171,41.8584
2026-08-14,44.0537,44.9296,43.8944,44.5414,3042500,LUV,45.9946,46.0238,46.8821,45.8513,43.1837,44.4704,41.9789,41.8802
2026-08-17,43.1479,43.8845,43.0484,43.8845,3742600,LUV,45.7462,45.7499,46.9263,45.7453,43.2204,44.4442,42.0419,41.8929
2026-08-18,42.2919,43.1579,42.2222,42.8095,5033300,LUV,45.4377,45.4206,46.9488,45.6098,43.2450,44.4016,42.1028,41.8968
2026-08-19,41.2269,42.5407,41.1970,42.4014,3632800,LUV,45.1271,45.0212,46.9603,45.4380,43.2656,44.3388,42.1611,41.8902
2026-08-20,39.7040,40.8089,39.6543,40.6695,4743200,LUV,44.8873,44.5148,46.8987,45.2131,43.2924,44.2470,42.2108,41.8684
2026-08-21,40.1917,40.4107,39.8036,40.4107,3967500,LUV,44.6534,44.1031,46.8820,45.0162,43.3347,44.1667,42.2622,41.8517
2026-08-24,40.5202,40.9383,40.0524,40.7193,5806800,LUV,44.4209,43.7618,46.8107,44.8399,43.3675,44.0945,42.3191,41.8385
2026-08-25,40.6297,41.6449,40.2316,41.4558,5805000,LUV,44.1477,43.4635,46.7182,44.6748,43.3950,44.0259,42.3669,41.8264
2026-08-26,40.4804,41.6151,40.4704,41.5554,4142100,LUV,43.9631,43.1794,46.6105,44.5103,43.4271,43.9556,42.4145,41.8131
2026-08-27,39.5746,40.5799,39.5050,40.3311,3751100,LUV,43.6724,42.8361,46.4578,44.3167,43.4445,43.8689,42.4530,41.7908
2026-08-28,39.4552,40.3709,39.4452,40.3709,3130800,LUV,43.4072,42.5141,46.3181,44.1261,43.4638,43.7815,42.4898,41.7675
2026-08-31,38.3504,39.1765,38.2707,38.9575,4535500,LUV,42.9822,42.1176,46.1301,43.8996,43.4469,43.6739,42.5244,41.7335
2026-09-01,37.5043,38.2907,37.4048,37.9224,4340300,LUV,42.4337,41.6782,45.9134,43.6488,43.4235,43.5518,42.5482,41.6915
2026-09-02,38.4300,38.8679,38.0219,38.4400,4610700,LUV,41.9271,41.3689,45.6984,43.4441,43.4157,43.4504,42.5780,41.6590
2026-09-03,38.7300,39.0500,38.1600,38.5800,4745400,LUV,41.5276,41.1175,45.4589,43.2593,43.4121,43.3569,42.6105,41.6299
2026-09-04,39.6200,39.7600,38.7000,38.7500,5465400,LUV,41.1670,40.9749,45.2144,43.1165,43.3994,43.2829,42.6521,41.6099
2026-09-08,38.6700,39.3200,38.6700,39.1100,3631200,LUV,40.8660,40.7554,44.9544,42.9422,43.3728,43.1915,42.6885,41.5806
2026-09-09,38.6800,38.8200,37.7500,37.8900,4368346,LUV,40.5346,40.5577,44.7008,42.7750,43.3570,43.1022,42.7251,41.5517
