Date,Close,High,Low,Open,Volume,Ticker,SMA_20,EMA_20,SMA_50,EMA_50,SMA_100,EMA_100,SMA_200,EMA_200
2021-10-04,323.1351,332.7530,319.6386,332.3469,42885000,META,,323.1351,,323.1351,,323.1351,,323.1351
2021-10-05,329.8012,332.0001,323.0657,325.4628,35377900,META,,323.7700,,323.3965,,323.2671,,323.2015
2021-10-06,330.4748,331.2078,322.7092,326.6118,26443000,META,,324.4086,,323.6741,,323.4099,,323.2738
2021-10-07,326.0967,335.6254,325.8590,333.8029,28307500,META,,324.5693,,323.7691,,323.4631,,323.3019
2021-10-08,326.9189,330.2371,325.5916,328.3651,15946100,META,,324.7931,,323.8926,,323.5315,,323.3379
2021-10-11,322.3625,327.3250,322.2238,324.5218,14708200,META,,324.5616,,323.8326,,323.5083,,323.3282
2021-10-12,320.6984,321.3027,314.3591,319.9655,31658700,META,,324.1937,,323.7097,,323.4527,,323.3020
2021-10-13,321.4612,323.8978,319.5990,323.8681,14761500,META,,323.9334,,323.6216,,323.4133,,323.2837
2021-10-14,325.4133,327.3844,323.9969,325.2449,14302200,META,,324.0744,,323.6918,,323.4529,,323.3049
2021-10-15,321.6790,325.9482,319.4504,325.5618,21596400,META,,323.8463,,323.6129,,323.4177,,323.2887
2021-10-18,332.1587,332.7035,324.3931,325.8294,21585000,META,,324.6379,,323.9480,,323.5908,,323.3770
2021-10-19,336.7646,339.2112,334.0803,336.4278,18786300,META,,325.7928,,324.4506,,323.8517,,323.5102
2021-10-20,337.5471,340.7167,336.2297,340.1917,13639500,META,,326.9123,,324.9642,,324.1229,,323.6499
2021-10-21,338.6367,339.0626,334.5954,337.0519,16354400,META,,328.0289,,325.5004,,324.4103,,323.7990
2021-10-22,321.5305,326.5029,318.0637,323.2540,35224500,META,,327.4100,,325.3447,,324.3533,,323.7764
2021-10-25,325.5718,326.4335,316.6869,317.2614,38409000,META,,327.2349,,325.3536,,324.3774,,323.7943
2021-10-26,312.8140,327.0773,306.6629,325.1459,65654000,META,,325.8615,,324.8619,,324.1484,,323.6850
2021-10-27,309.2580,316.2213,309.0995,311.2093,29971800,META,,324.2802,,324.2499,,323.8536,,323.5415
2021-10-28,313.9135,322.4318,305.1870,310.0207,50806800,META,,323.2929,,323.8446,,323.6567,,323.4457
2021-10-29,320.5003,322.9073,316.5680,317.1524,37059400,META,324.8368,323.0269,,323.7134,,323.5942,,323.4164
2021-11-01,326.8495,330.2866,322.9073,322.9469,31518900,META,325.0225,323.3910,,323.8364,,323.6587,,323.4505
2021-11-02,324.9676,331.6139,320.7282,328.2363,28353000,META,324.7809,323.5412,,323.8808,,323.6846,,323.4656
2021-11-03,328.4740,328.9990,320.1339,324.3832,20786500,META,324.6808,324.0109,,324.0609,,323.7794,,323.5155
2021-11-04,332.6639,334.0704,329.4942,330.8413,22495300,META,325.0092,324.8350,,324.3983,,323.9554,,323.6065
2021-11-05,337.8938,343.5001,336.4179,337.0815,26872800,META,325.5579,326.0787,,324.9275,,324.2314,,323.7486
2021-11-08,335.4076,341.5190,335.1302,341.1526,18342500,META,326.2102,326.9672,,325.3385,,324.4527,,323.8647
2021-11-09,332.1884,338.0721,331.2970,336.7745,17556700,META,326.7847,327.4644,,325.6071,,324.6059,,323.9475
2021-11-10,324.5318,330.0291,322.4220,329.3358,21872600,META,326.9382,327.1851,,325.5650,,324.6044,,323.9533
2021-11-11,324.6307,329.3060,323.8978,326.6910,12376600,META,326.8991,326.9419,,325.5283,,324.6049,,323.9600
2021-11-12,337.6561,338.6168,326.6514,327.0476,25414300,META,327.6979,327.9623,,326.0039,,324.8634,,324.0963
2021-11-15,344.2628,350.2950,339.9442,341.0733,25076600,META,328.3031,329.5147,,326.7200,,325.2475,,324.2970
2021-11-16,339.7064,343.3614,337.6362,340.5681,18181100,META,328.4502,330.4853,,327.2292,,325.5338,,324.4503
2021-11-17,337.5371,344.0052,336.8735,340.9742,13602800,META,328.4497,331.1569,,327.6335,,325.7715,,324.5805
2021-11-18,335.4769,339.2111,332.1190,336.4971,17487200,META,328.2917,331.5684,,327.9410,,325.9637,,324.6889
2021-11-19,342.0242,348.7597,336.6754,338.9536,26488500,META,329.3164,332.5642,,328.4933,,326.2817,,324.8614
2021-11-22,337.7749,350.4732,337.2796,345.7386,27116800,META,329.9266,333.0604,,328.8573,,326.5093,,324.9899
2021-11-23,334.0506,338.1612,330.3362,335.7147,17225000,META,330.9884,333.1547,,329.0610,,326.6587,,325.0801
2021-11-24,337.8244,338.5376,329.6527,332.8124,13566200,META,332.4167,333.5994,,329.4046,,326.8798,,325.2069
2021-11-26,329.9597,334.5458,328.7513,332.6143,14750700,META,333.2190,333.2528,,329.4264,,326.9407,,325.2542
2021-11-29,334.8232,337.4381,332.1290,333.6940,16650900,META,333.9352,333.4024,,329.6380,,327.0968,,325.3494
2021-11-30,321.3819,332.6242,320.3617,331.8219,25390000,META,333.6618,332.2576,,329.3143,,326.9837,,325.3099
2021-12-01,307.6534,327.3646,307.3463,327.1566,30329600,META,332.7961,329.9143,,328.4648,,326.6009,,325.1342
2021-12-02,307.4454,311.6155,304.2857,308.4458,24396200,META,331.7447,327.7744,,327.6405,,326.2216,,324.9582
2021-12-03,303.9291,310.7735,296.6587,310.7537,27471000,META,330.3079,325.5034,,326.7107,,325.7801,,324.7490
2021-12-06,314.8544,317.0633,303.4338,305.2068,21758300,META,329.1559,324.4892,,326.2457,,325.5638,,324.6505
2021-12-07,319.7476,323.4422,317.9547,318.5193,18794000,META,328.3729,324.0376,,325.9909,,325.4486,,324.6017
2021-12-08,327.4240,329.5933,320.0051,321.9168,19937700,META,328.1347,324.3602,,326.0471,,325.4877,,324.6298
2021-12-09,326.6911,332.9412,324.8884,326.4138,16879200,META,328.2427,324.5822,,326.0723,,325.5116,,324.6503
2021-12-10,326.6217,331.8516,323.2738,329.4051,14528000,META,328.3422,324.7764,,326.0939,,325.5335,,324.6699
2021-12-13,331.3167,337.8541,326.4632,327.8103,22948700,META,328.0253,325.3993,327.2501,326.2987,,325.6481,,324.7361
2021-12-14,330.5739,332.5153,324.5416,324.9378,20461000,META,327.3408,325.8921,327.3989,326.4664,,325.7456,,324.7942
2021-12-15,338.4188,338.8645,320.9065,329.3357,24681300,META,327.2764,327.0851,327.5712,326.9351,,325.9966,,324.9297
2021-12-16,331.7229,341.1922,330.5739,335.7642,22635000,META,326.9857,327.5268,327.5962,327.1228,,326.1100,,324.9973
2021-12-17,330.6234,333.9119,327.6122,329.6428,40012600,META,326.7431,327.8217,327.6867,327.2601,,326.1993,,325.0533
2021-12-20,322.3625,326.7703,319.4702,326.6514,17901800,META,325.7600,327.3018,327.5956,327.0681,,326.1233,,325.0265
2021-12-21,331.0295,332.8124,320.6786,323.3134,16116800,META,325.4227,327.6568,327.7689,327.2234,,326.2205,,325.0863
2021-12-22,327.3151,331.3366,325.1459,330.6333,16764600,META,325.0859,327.6243,327.9013,327.2270,,326.2422,,325.1084
2021-12-23,332.0597,333.4761,325.2449,326.9684,13987700,META,324.7977,328.0467,328.1132,327.4165,,326.3574,,325.1776
2021-12-27,342.8959,344.5698,334.8034,335.6354,17795000,META,325.4445,329.4609,328.4629,328.0235,,326.6849,,325.3539
2021-12-28,342.9355,349.3639,341.9252,343.3416,16637600,META,325.8501,330.7442,328.8880,328.6083,,327.0067,,325.5289
2021-12-29,339.6866,346.3725,338.3989,343.6189,10747000,META,326.7654,331.5959,329.0386,329.0428,,327.2578,,325.6697
2021-12-30,341.0931,343.9359,339.9639,340.7365,10593300,META,328.4373,332.5004,329.1251,329.5153,,327.5317,,325.8232
2021-12-31,333.1591,340.1819,333.0799,339.7659,12870500,META,329.7230,332.5631,329.0374,329.6582,,327.6432,,325.8962
2022-01-03,335.3283,337.8442,333.9911,335.0906,14537900,META,331.2930,332.8264,328.9712,329.8806,,327.7953,,325.9900
2022-01-04,333.3374,339.8351,328.7216,336.7249,15998000,META,332.2171,332.8751,329.2074,330.0161,,327.9051,,326.0632
2022-01-05,321.0947,332.5747,320.7678,329.8607,20564500,META,332.2845,331.7532,329.1178,329.6663,,327.7702,,326.0137
2022-01-06,329.3060,335.9524,319.6584,319.7575,27962800,META,332.3786,331.5201,329.4477,329.6522,,327.8006,,326.0465
2022-01-07,328.6424,333.8030,325.7600,329.5834,14722000,META,332.4762,331.2460,329.8353,329.6126,,327.8173,,326.0723
2022-01-10,324.9577,325.2251,312.4376,322.2238,24942400,META,332.3930,330.6471,330.0562,329.4300,,327.7607,,326.0612
2022-01-11,331.1979,331.4554,322.1941,323.6799,16226800,META,332.3870,330.6996,330.2702,329.4993,,327.8287,,326.1123
2022-01-12,330.0984,333.1789,326.8991,332.0002,14104900,META,332.3632,330.6423,330.3352,329.5228,,327.8737,,326.1520
2022-01-13,323.3827,332.4459,322.6696,331.8021,14797100,META,331.6114,329.9509,330.3035,329.2820,,327.7848,,326.1244
2022-01-14,328.7513,329.5735,318.1628,318.7373,16868500,META,331.4629,329.8367,330.3090,329.2612,,327.8039,,326.1506
2022-01-18,315.1317,321.1342,314.6266,320.2230,22645600,META,330.6883,328.4362,329.9584,328.7071,,327.5530,,326.0409
2022-01-19,316.5581,323.9968,316.3005,316.5482,20814700,META,330.3981,327.3050,329.5317,328.2307,,327.3352,,325.9466
2022-01-20,313.5568,324.7100,312.9823,320.8272,16925000,META,329.5244,325.9956,329.0946,327.6553,,327.0624,,325.8233
2022-01-21,300.2939,315.2902,300.1651,311.8234,28710700,META,328.1734,323.5478,328.4567,326.5823,,326.5323,,325.5693
2022-01-24,305.7813,306.5935,286.2682,295.0144,38878100,META,326.8594,321.8558,328.0817,325.7665,,326.1214,,325.3724
2022-01-25,297.3025,303.3248,294.7569,297.1044,25108500,META,324.5798,319.5174,327.5352,324.6503,,325.5507,,325.0931
2022-01-26,291.8349,304.5927,288.0908,304.0975,28348800,META,322.0247,316.8810,326.6187,323.3634,,324.8831,,324.7621
2022-01-27,291.8448,298.8477,291.4684,294.9253,21629900,META,319.6327,314.4966,325.5704,322.1274,,324.2289,,324.4346
2022-01-28,298.8477,299.0359,290.2501,292.8155,21871600,META,317.5204,313.0062,324.7532,321.2145,,323.7263,,324.1800
2022-01-31,310.2882,310.8131,296.4804,297.8275,21579500,META,316.3768,312.7473,324.2082,320.7860,,323.4602,,324.0418
2022-02-01,315.9737,316.6275,309.1590,311.5758,18023800,META,315.4091,313.0546,323.8182,320.5973,,323.3119,,323.9615
2022-02-02,319.9358,324.8883,313.8639,324.7100,58458300,META,314.7390,313.7100,323.3764,320.5713,,323.2451,,323.9214
2022-02-03,235.5044,245.6473,233.5135,242.3290,188119900,META,310.4595,306.2618,321.3310,317.2354,,321.5076,,323.0417
2022-02-04,234.8407,240.3084,227.9270,232.7409,89342200,META,305.7363,299.4598,319.3468,314.0042,,319.7915,,322.1641
2022-02-07,222.7763,236.0393,221.8849,235.4450,88613800,META,300.4429,292.1566,317.0458,310.4266,,317.8704,,321.1751
2022-02-08,218.0912,223.6282,214.0994,218.7548,94729700,META,295.0996,285.1028,314.8085,306.8056,,315.8945,,320.1494
2022-02-09,229.7991,231.1561,220.1019,222.0731,86563300,META,290.0297,279.8357,312.7080,303.7858,,314.1897,,319.2504
2022-02-10,225.9064,232.7706,224.5493,226.1045,49310400,META,284.8201,274.6996,310.7985,300.7317,,312.4415,,318.3216
2022-02-11,217.4672,228.2340,216.6946,226.2926,46156900,META,279.5243,269.2489,308.9947,297.4664,,310.5608,,317.3181
2022-02-14,215.6347,218.9034,212.7424,217.2294,38184000,META,273.8685,264.1428,307.1585,294.2573,,308.6811,,316.3063
2022-02-15,218.9034,219.0520,213.0198,218.3784,42685500,META,269.0571,259.8343,305.4580,291.3023,,306.9033,,315.3371
2022-02-16,214.4857,215.3970,210.3454,210.3949,45817500,META,263.9534,255.5154,303.4506,288.2899,,305.0733,,314.3336
2022-02-17,205.7395,215.4366,205.1947,211.9897,38747500,META,258.5626,250.7748,301.1705,285.0526,,303.1063,,313.2531
2022-02-18,204.2042,208.7507,203.2335,207.4036,37128400,META,253.7581,246.3395,298.7061,281.8821,,301.1478,,312.1680
2022-02-22,200.1629,205.5117,198.1620,200.4204,39852400,META,248.4772,241.9417,296.1755,278.6774,,299.1481,,311.0535
2022-02-23,196.5674,204.9768,196.1712,202.2232,44481400,META,243.4404,237.6204,293.5744,275.4574,,297.1168,,309.9144
2022-02-24,205.6305,206.3734,188.4154,189.2474,49957200,META,239.1302,234.5737,291.0607,272.7191,309.1554,295.3052,,308.8767
2022-02-25,208.4832,209.3153,201.2525,202.9958,37627600,META,234.9621,232.0889,288.6189,270.2000,308.0089,293.5859,,307.8778
2022-02-28,209.0280,211.1279,204.8678,205.7098,34239800,META,230.4711,229.8926,286.0311,267.8011,306.8012,291.9115,,306.8942
2022-03-01,201.5595,209.7412,200.3016,207.8790,27094900,META,225.0347,227.1942,283.4278,265.2034,305.5120,290.1224,,305.8461
2022-03-02,206.1357,207.1658,200.1035,202.8373,29452100,META,219.5428,225.1887,280.9381,262.8870,304.3124,288.4593,,304.8540
2022-03-03,201.0445,207.0965,199.5092,207.0371,27263500,META,213.5982,222.8892,278.5117,260.4618,303.0536,286.7283,,303.8210
2022-03-04,198.1621,203.9368,196.9041,200.4501,32130900,META,211.7311,220.5343,275.8544,258.0187,301.8116,284.9745,,302.7697
2022-03-07,185.6915,198.9842,185.5033,198.8852,38560600,META,209.2736,217.2159,273.0219,255.1823,300.4616,283.0085,,301.6047
2022-03-08,188.4847,194.8339,184.3444,186.0679,37508100,META,207.5591,214.4796,270.1504,252.5668,299.1318,281.1368,,300.4792
2022-03-09,196.6169,197.2112,192.0803,193.8831,31894700,META,206.4854,212.7784,267.2248,250.3726,297.8438,279.4631,,299.4457
2022-03-10,193.3581,194.4179,189.2574,192.9916,24853000,META,204.6633,210.9288,264.2333,248.1368,296.5606,277.7580,,298.3901
2022-03-11,185.8302,191.7237,184.8991,190.8125,34694500,META,202.6595,208.5385,261.1561,245.6934,295.0974,275.9377,,297.2701
2022-03-14,184.8595,190.4658,184.0572,185.2557,31010500,META,201.0291,206.2833,258.0315,243.3077,293.5783,274.1342,,296.1516
2022-03-15,190.2083,190.4559,184.1463,188.9899,31721700,META,199.7578,204.7524,255.1724,241.2254,292.1049,272.4723,,295.0974
2022-03-16,201.6982,201.7973,192.6746,192.8529,40640300,META,198.8975,204.4615,252.4998,239.6753,290.7355,271.0708,,294.1681
2022-03-17,205.8683,206.0664,199.2021,199.7865,29499700,META,198.4667,204.5955,249.9505,238.3496,289.5789,269.7797,,293.2895
2022-03-18,214.4362,214.7433,204.0457,204.7391,52128000,META,198.9015,205.5327,247.8173,237.4118,288.4676,268.6837,,292.5049
2022-03-21,209.4837,212.6731,205.6603,212.4651,30142300,META,199.1655,205.9090,245.4208,236.3166,287.4342,267.5115,,291.6788
2022-03-22,214.5947,217.3780,208.1861,209.3648,31998800,META,199.8871,206.7362,243.1399,235.4647,286.4876,266.4636,,290.9118
2022-03-23,211.4349,214.7432,210.1473,211.3062,23717300,META,200.6304,207.1837,240.8694,234.5224,285.4628,265.3739,,290.1210
2022-03-24,217.4870,218.5765,212.7523,212.9603,31502300,META,201.2233,208.1650,238.5952,233.8543,284.4327,264.4257,,289.3982
2022-03-25,219.7156,223.3607,216.8134,218.4180,40039000,META,201.7849,209.2650,236.3876,233.2999,283.3614,263.5403,,288.7049
2022-03-28,221.4688,221.9145,217.4572,220.0227,26224100,META,202.4069,210.4273,234.3493,232.8359,282.3264,262.7072,,288.0359
2022-03-29,227.6794,228.6996,223.1527,223.9253,31417900,META,203.7129,212.0703,232.3278,232.6337,281.3184,262.0136,,287.4353
2022-03-30,225.6885,228.9571,224.5593,226.7384,25588000,META,204.6905,213.3673,230.5390,232.3613,280.2487,261.2943,,286.8209
2022-03-31,220.2505,226.3224,220.1515,226.2827,24192300,META,205.6508,214.0228,228.6128,231.8864,279.0722,260.4815,,286.1585
2022-04-01,222.7169,225.1238,220.5873,222.4197,19544800,META,206.8786,214.8509,226.7960,231.5268,277.9453,259.7337,,285.5273
2022-04-04,231.6711,232.1268,223.7173,223.8362,28054800,META,209.1776,216.4528,225.4236,231.5325,276.9402,259.1780,,284.9914
2022-04-05,229.6406,234.6130,228.8284,231.8593,29727200,META,211.2354,217.7088,223.9008,231.4583,275.9912,258.5931,,284.4406
2022-04-06,221.1816,226.8176,219.3095,224.7573,28995100,META,212.4636,218.0395,222.3783,231.0553,274.9568,257.8523,,283.8112
2022-04-07,220.8349,223.3806,216.4866,221.8056,21037200,META,213.8374,218.3057,220.9583,230.6545,273.7885,257.1193,,283.1846
2022-04-08,220.2208,222.9943,217.9426,220.2704,18375700,META,215.5570,218.4881,219.5259,230.2453,272.5481,256.3886,,282.5580
2022-04-11,214.4065,218.5171,213.1782,216.3479,20516600,META,217.0343,218.0994,217.8370,229.6242,271.2951,255.5573,,281.8799
2022-04-12,212.1085,219.9236,211.1080,218.1506,20128800,META,218.1293,217.5288,215.8734,228.9373,270.0408,254.6969,,281.1857
2022-04-13,212.9504,214.5550,209.3251,209.8105,19231800,META,218.6919,217.0928,213.8130,228.3103,268.8156,253.8703,,280.5067
2022-04-14,208.1860,212.9504,208.0078,212.8514,18379500,META,218.8078,216.2445,211.5780,227.5212,267.4772,252.9656,,279.7871
2022-04-18,208.7704,211.3557,206.3239,208.0077,16580800,META,218.5245,215.5327,211.0433,226.7858,266.1871,252.0905,,279.0805
2022-04-19,215.2484,216.3578,207.0173,208.5228,20089900,META,218.8128,215.5056,210.6514,226.3334,264.9991,251.3609,,278.4453
2022-04-20,198.5186,212.1283,197.0329,211.5835,43036500,META,218.0090,213.8878,210.1663,225.2426,263.6061,250.3145,,277.6500
2022-04-21,186.2858,201.0445,183.8194,199.6875,49954100,META,216.7515,211.2591,209.5302,223.7149,262.1693,249.0467,,276.7409
2022-04-22,182.3634,190.8917,181.5313,188.5640,36426800,META,214.9953,208.5071,208.5815,222.0933,260.6447,247.7262,,275.8019
2022-04-25,185.2161,185.4042,179.9366,180.9965,29281100,META,213.2704,206.2889,207.7677,220.6471,259.2831,246.4884,,274.9005
2022-04-26,179.2334,185.4142,177.7971,184.8595,31747400,META,211.1586,203.7122,207.0030,219.0230,257.9989,245.1566,,273.9486
2022-04-27,173.2903,179.4909,167.3967,172.7752,71062900,META,208.4391,200.8149,206.1561,217.2296,256.6573,243.7335,,272.9470
2022-04-28,203.7783,206.5517,191.0700,200.9949,100890600,META,207.3436,201.0971,205.8536,216.7021,255.6558,242.9423,,272.2588
2022-04-29,198.5682,210.4643,198.0036,202.5203,49193400,META,206.2595,200.8562,205.5352,215.9910,254.4929,242.0636,,271.5255
2022-05-02,209.1270,209.8699,199.0832,199.2615,49915300,META,205.5800,201.6439,205.6030,215.7218,253.3867,241.4114,,270.9047
2022-05-03,210.0185,212.8613,206.1159,208.4535,41556300,META,204.4974,202.4415,205.7193,215.4981,252.2127,240.7898,,270.2988
2022-05-04,221.2905,222.1721,204.9966,208.6516,41375900,META,204.0799,204.2367,206.1418,215.7253,251.1587,240.4036,,269.8112
2022-05-05,206.3041,218.0813,204.2042,216.6649,41129200,META,203.3360,204.4336,206.3366,215.3558,249.9555,239.7284,,269.1793
2022-05-06,201.8369,207.3937,199.1130,205.3730,34747200,META,202.3861,204.1863,206.2607,214.8257,248.6607,238.9781,,268.5092
2022-05-09,194.3486,200.6483,193.7246,197.9441,36303200,META,201.0925,203.2493,205.9780,214.0226,247.2985,238.0943,,267.7713
2022-05-10,195.7749,201.0346,192.3478,197.6173,34452500,META,200.1609,202.5375,205.7129,213.3070,245.8720,237.2563,,267.0549
2022-05-11,186.9495,198.7663,186.4839,194.4675,31153400,META,198.9030,201.0529,205.4207,212.2734,244.4243,236.2601,,266.2578
2022-05-12,189.4258,196.1712,183.0270,185.2854,38262200,META,197.7267,199.9456,205.0865,211.3774,243.0123,235.3327,,265.4933
2022-05-13,196.7357,197.9937,189.4654,190.7530,24549800,META,197.1542,199.6399,205.0004,210.8032,241.7560,234.5684,,264.8092
2022-05-16,198.1423,203.4217,194.0713,195.1806,27112600,META,196.6228,199.4972,205.0000,210.3067,240.4272,233.8471,,264.1458
2022-05-17,200.6978,203.5109,196.4782,200.2025,24872700,META,195.8953,199.6116,205.3001,209.9299,239.1610,233.1907,,263.5145
2022-05-18,190.4162,199.0931,189.8120,198.1026,23960000,META,195.4902,198.7358,205.3387,209.1647,237.7446,232.3437,,262.7872
2022-05-19,189.4753,193.4373,187.8013,189.3861,24446900,META,195.6496,197.8539,205.1959,208.3925,236.2104,231.4948,,262.0577
2022-05-20,191.7039,196.0324,186.0877,193.1203,31465600,META,196.1167,197.2682,205.1628,207.7381,234.6980,230.7069,,261.3576
2022-05-23,194.3684,195.1212,189.4257,193.3383,25059200,META,196.5743,196.9920,205.3336,207.2138,233.2449,229.9873,,260.6911
2022-05-24,179.5602,181.9375,174.4393,178.8372,50406300,META,196.5906,195.3318,205.2276,206.1293,231.6295,228.9887,,259.8838
2022-05-25,182.0860,183.6907,177.6188,178.6886,28030200,META,197.0304,194.0703,205.0652,205.1865,230.1188,228.0600,,259.1097
2022-05-26,189.8121,191.0007,180.5309,181.1451,23056500,META,196.3321,193.6648,204.8274,204.5835,228.6636,227.3026,,258.4202
2022-05-27,193.2788,193.4769,187.9994,189.5446,22562700,META,196.0676,193.6280,204.5756,204.1402,227.2630,226.6288,,257.7720
2022-05-31,191.8030,195.7254,190.1884,193.0411,26131100,META,195.2014,193.4542,204.1230,203.6564,225.9701,225.9392,,257.1156
2022-06-01,186.8504,197.6371,183.2449,194.6457,36623500,META,194.0430,192.8253,203.6703,202.9973,224.5456,225.1652,,256.4164
2022-06-02,196.9734,199.0337,185.9490,186.6622,31951600,META,192.8272,193.2203,203.3179,202.7611,223.2289,224.6069,,255.8250
2022-06-03,188.9701,194.7448,187.9796,194.1208,19465000,META,191.9605,192.8156,202.8686,202.2203,221.8690,223.9012,,255.1597
2022-06-06,192.4072,195.0518,186.6127,192.1496,30574200,META,191.4890,192.7767,202.3670,201.8355,220.4811,223.2776,,254.5353
2022-06-07,193.7939,194.6656,189.6734,190.1092,18828700,META,191.4612,192.8735,201.8486,201.5201,219.1181,222.6938,,253.9310
2022-06-08,194.7745,200.1134,192.5657,192.8232,22267200,META,191.4112,193.0546,201.3147,201.2556,217.8320,222.1409,,253.3423
2022-06-09,182.2544,197.5579,181.9375,192.4369,23501600,META,191.1765,192.0260,200.4062,200.5104,216.3670,221.3511,,252.6350
2022-06-10,173.9044,181.3630,173.3596,181.3035,27450800,META,190.4004,190.3001,199.3705,199.4671,214.9547,220.4115,,251.8516
2022-06-13,162.7017,170.9428,162.4739,168.9716,31749300,META,188.6987,187.6717,198.2195,198.0253,213.4162,219.2688,,250.9645
2022-06-14,162.1767,165.1681,159.8292,164.4549,27244300,META,186.9004,185.2436,197.0087,196.6194,211.9024,218.1382,,250.0811
2022-06-15,167.7434,170.5267,162.4243,165.6138,30008300,META,185.2527,183.5769,195.7302,195.4871,210.5769,217.1403,,249.2618
2022-06-16,159.3438,163.5139,158.0958,162.1668,26944100,META,183.6991,181.2690,194.3242,194.0697,209.1125,215.9958,,248.3671
2022-06-17,162.1866,164.3261,158.3831,160.1462,31374200,META,182.3347,179.4516,193.1443,192.8194,207.7613,214.9303,,247.5096
2022-06-21,155.5601,166.1685,154.4904,164.3559,50724900,META,180.5275,177.1763,191.8388,191.3582,206.3986,213.7547,,246.5947
2022-06-22,154.3715,159.2646,153.9654,156.8775,47267800,META,178.5276,175.0044,190.5218,189.9078,205.0238,212.5788,,245.6770
2022-06-23,157.2440,158.2345,152.7867,154.7875,40499200,META,177.4118,173.3129,189.3786,188.6268,203.6078,211.4830,,244.7971
2022-06-24,168.5457,168.6349,159.7698,160.1957,68736000,META,176.7348,172.8589,188.5073,187.8393,202.1904,210.6328,,244.0384
2022-06-27,167.8821,170.1206,166.4161,169.6947,29174600,META,175.6383,172.3849,187.6060,187.0567,200.7095,209.7862,,243.2806
2022-06-28,159.1556,169.6749,159.0863,168.2882,27744500,META,173.9321,171.1250,186.6254,185.9625,199.1017,208.7836,,242.4435
2022-06-29,162.3848,164.7521,158.7991,162.0183,28595200,META,172.4612,170.2926,185.6976,185.0379,198.3705,207.8648,,241.6469
2022-06-30,159.7202,163.6625,156.9864,160.6117,35250600,META,171.1047,169.2857,184.5871,184.0451,197.6193,206.9115,,240.8317
2022-07-01,158.5118,159.0962,153.5296,158.7892,31423900,META,169.1816,168.2596,183.7869,183.0438,196.9766,205.9531,,240.0126
2022-07-05,166.5944,166.6539,155.5304,156.6398,28618600,META,168.0629,168.1010,183.3931,182.3987,196.4617,205.1737,,239.2821
2022-07-06,168.1594,169.9621,163.8903,166.6043,23085900,META,166.8505,168.1066,183.1090,181.8403,195.8453,204.4407,,238.5744
2022-07-07,170.5565,171.0814,166.1883,167.8424,24083400,META,165.6886,168.3399,182.8158,181.3978,195.2918,203.7698,,237.8976
2022-07-08,169.2589,170.7645,166.5548,168.3674,19249200,META,164.4128,168.4274,182.6164,180.9217,194.8097,203.0864,,237.2146
2022-07-11,161.3348,165.9010,160.3740,165.4850,21885600,META,163.3668,167.7519,182.3773,180.1536,194.2667,202.2596,,236.4596
2022-07-12,161.7211,164.3361,160.5622,163.2366,16639700,META,162.7577,167.1776,181.5361,179.4308,193.6949,201.4569,,235.7159
2022-07-13,161.9390,163.4149,158.0958,158.6406,16555100,META,162.7195,166.6787,180.8035,178.7448,193.1694,200.6743,,234.9818
2022-07-14,156.5506,161.0475,155.7879,159.6905,23765200,META,162.4382,165.7141,179.7520,177.8745,192.6775,199.8006,,234.2014
2022-07-15,163.1375,163.4149,158.3038,159.0170,23342800,META,162.2079,165.4687,178.8144,177.2966,192.2668,199.0746,,233.4943
2022-07-18,165.6435,170.0612,164.0686,165.1681,23574300,META,162.5229,165.4854,177.7014,176.8396,191.9216,198.4126,,232.8192
2022-07-19,174.1124,174.8157,167.9019,168.7537,25933700,META,163.1192,166.3070,177.0576,176.7326,191.6971,197.9314,,232.2351
2022-07-20,181.3530,181.8582,175.0237,175.8062,24784300,META,164.4089,167.7399,176.6479,176.9138,191.4543,197.6031,250.3049,231.7288
2022-07-21,181.4323,182.1059,177.1731,178.9164,27195800,META,165.7619,169.0440,176.3896,177.0910,191.1838,197.2829,249.5963,231.2283
2022-07-22,167.6642,173.9341,166.8123,171.4281,42583900,META,166.2829,168.9126,175.8274,176.7213,190.7702,196.6964,248.7857,230.5958
2022-07-25,165.0690,168.9518,163.2465,167.3967,26166300,META,166.1091,168.5465,175.3898,176.2644,190.4053,196.0701,247.9586,229.9438
2022-07-26,157.6402,164.4252,156.4516,164.3658,28468400,META,165.5970,167.5078,174.7541,175.5340,189.9203,195.3091,247.1163,229.2244
2022-07-27,167.9712,169.2490,160.4829,161.0475,43846600,META,166.0377,167.5519,174.1788,175.2374,189.5896,194.7678,246.3216,228.6149
2022-07-28,159.1953,159.9778,153.3810,159.5321,73214300,META,165.8783,166.7561,173.3998,174.6083,189.1999,194.0634,245.5058,227.9241
2022-07-29,157.5907,158.6208,153.6979,156.1940,42065400,META,165.7718,165.8832,172.5377,173.9410,188.9189,193.3411,244.6902,227.2243
2022-08-01,158.4128,163.6229,153.7574,155.7582,40596700,META,165.7668,165.1717,171.8976,173.3320,188.6182,192.6495,243.8750,226.5396
2022-08-02,158.6703,160.7008,156.5110,156.8081,27374500,META,165.3706,164.5525,171.2815,172.7571,188.2387,191.9766,243.0413,225.8643
2022-08-03,167.1986,167.9316,160.0372,161.1466,31721900,META,165.3226,164.8045,170.7914,172.5391,187.9771,191.4860,242.2689,225.2806
2022-08-04,168.9518,170.5168,165.2176,166.7033,23938200,META,165.2424,165.1995,170.2831,172.3984,187.8083,191.0398,241.4528,224.7201
2022-08-05,165.5246,169.9820,164.2271,165.4058,25832700,META,165.0556,165.2305,170.0024,172.1288,187.6150,190.5345,240.5966,224.1311
2022-08-08,168.6349,175.8260,165.5445,166.4062,27299100,META,165.4207,165.5547,169.7333,171.9918,187.3993,190.1009,239.7521,223.5789
2022-08-09,166.9312,167.9217,165.0195,167.3472,18655100,META,165.6812,165.6858,169.2757,171.7934,187.0516,189.6421,238.8936,223.0152
2022-08-10,176.6481,178.7678,172.2997,174.3204,30262100,META,166.4166,166.7298,168.9431,171.9837,186.7594,189.3847,238.1691,222.5538
2022-08-11,175.8062,181.3629,174.6968,178.0051,24079100,META,167.3794,167.5942,168.6232,172.1336,186.3731,189.1159,237.4203,222.0887
2022-08-12,178.7876,179.7385,177.2127,179.0947,21274000,META,168.1619,168.6603,168.4619,172.3946,186.0661,188.9113,236.7502,221.6578
2022-08-15,179.1739,179.7187,176.5094,177.2622,15878700,META,168.8384,169.6616,168.1059,172.6604,185.7119,188.7185,236.0998,221.2351
2022-08-16,177.7674,179.2730,175.3604,177.7377,21156700,META,169.0212,170.4336,167.8819,172.8607,185.3752,188.5017,235.4190,220.8026
2022-08-17,173.1912,176.4500,172.5177,175.0831,20118100,META,168.6131,170.6962,167.4976,172.8737,184.9323,188.1985,234.6825,220.3289
2022-08-18,173.0031,174.0926,170.2296,172.6861,18844500,META,168.1916,170.9159,167.0817,172.8788,184.4652,187.8976,233.9133,219.8580
2022-08-19,166.3666,170.6852,165.4652,168.5853,26240800,META,168.1267,170.4826,166.5136,172.6234,183.9141,187.4712,233.1202,219.3257
2022-08-22,161.5032,163.9200,160.7206,163.9200,19499700,META,167.9484,169.6274,166.0986,172.1873,183.2524,186.9570,232.2854,218.7504
2022-08-23,159.5816,163.4842,159.1755,160.9386,18111800,META,168.0455,168.6707,165.8121,171.6929,182.5913,186.4149,231.4200,218.1616
2022-08-24,161.7112,163.8903,158.2543,159.0764,20891500,META,167.7325,168.0079,165.7923,171.3015,182.0059,185.9257,230.5391,217.5999
2022-08-25,167.1788,167.2779,162.4640,163.6130,15550500,META,168.1317,167.9289,165.8923,171.1398,181.4505,185.5545,229.6979,217.0982
2022-08-26,160.2452,169.2985,160.1363,166.8816,24023600,META,168.2644,167.1971,165.7424,170.7126,180.7363,185.0533,228.8382,216.5325
2022-08-29,157.6600,161.5032,157.5015,159.1359,20052700,META,168.2268,166.2888,165.7087,170.2007,180.0165,184.5109,228.0039,215.9467
2022-08-30,155.6690,160.1263,154.4309,158.8288,19567900,META,168.0767,165.2774,165.5783,169.6309,179.3613,183.9398,227.1590,215.3469
2022-08-31,161.3843,166.2477,160.6018,165.4851,40953000,META,167.7860,164.9067,165.6948,169.3075,178.7668,183.4931,226.2777,214.8100
2022-09-01,163.7913,165.7723,158.8288,162.0282,30145700,META,167.5280,164.8004,165.8832,169.0911,178.2025,183.1030,225.3753,214.3023
2022-09-02,158.7991,166.3369,157.7095,165.8614,22634200,META,167.1917,164.2289,165.9143,168.6875,177.6465,182.6217,224.4708,213.7501
2022-09-06,157.0360,160.1561,156.1940,158.5812,19339800,META,166.6117,163.5438,165.6841,168.2306,177.0957,182.1151,223.5683,213.1858
2022-09-07,158.8684,159.4330,155.3224,156.2634,16831200,META,166.2086,163.0986,165.5039,167.8635,176.5549,181.6548,222.6852,212.6453
2022-09-08,160.5226,160.6909,156.2435,157.2043,22530800,META,165.4023,162.8532,165.5312,167.5756,176.0783,181.2363,221.7777,212.1266
2022-09-09,167.5453,167.9316,161.4735,161.7013,22086800,META,164.9893,163.3001,165.6344,167.5744,175.6660,180.9652,220.9266,211.6831
2022-09-12,167.3571,169.7641,165.6930,165.8020,23220400,META,164.4178,163.6865,165.7871,167.5659,175.1871,180.6957,220.0931,211.2420
2022-09-13,151.6773,160.0967,151.2216,160.0075,44444100,META,163.0429,162.5427,165.6505,166.9428,174.7187,180.1211,219.1624,210.6493
2022-09-14,150.0331,152.0834,147.6360,151.8754,43064200,META,161.6562,161.3513,165.3192,166.2797,174.3562,179.5253,218.2627,210.0462
2022-09-15,148.1312,152.7371,147.2893,148.3789,34606300,META,160.4032,160.0923,164.9187,165.5680,174.0139,178.9036,217.3293,209.4301
2022-09-16,144.9022,147.1704,142.9211,146.6455,40122800,META,158.9982,158.6456,164.4056,164.7575,173.6107,178.2303,216.4469,208.7880
2022-09-19,146.6157,147.1704,143.7234,143.8621,22169500,META,158.0106,157.4999,163.9527,164.0461,173.2845,177.6043,215.6417,208.1694
2022-09-20,144.7041,147.4280,143.8423,144.3970,23217400,META,157.1707,156.2813,163.6201,163.2876,172.9987,176.9528,214.8280,207.5379
2022-09-21,140.7717,148.1808,140.6529,145.0012,38338600,META,156.2302,154.8042,163.2011,162.4046,172.3686,176.2364,214.0122,206.8736
2022-09-22,141.4651,143.2084,139.5335,140.2071,34418500,META,155.2179,153.5338,162.7916,161.5834,171.7976,175.5478,213.1453,206.2227
2022-09-23,139.0780,141.2670,137.5724,140.0784,31710700,META,153.8128,152.1570,162.4422,160.7009,171.0971,174.8256,212.2419,205.5546
2022-09-26,135.0763,140.8906,134.8980,138.7907,30497000,META,152.5544,150.5303,161.8810,159.6960,170.3477,174.0385,211.2802,204.8533
2022-09-27,133.1250,138.0974,132.8476,136.6116,30826500,META,151.3276,148.8726,161.2306,158.6540,169.4660,173.2284,210.3123,204.1396
2022-09-28,140.2666,140.6826,132.9962,133.3429,32658500,META,150.5575,148.0530,160.5537,157.9329,168.8056,172.5756,209.3806,203.5041
2022-09-29,135.1159,138.5133,133.9173,138.0379,38985400,META,149.2441,146.8209,159.6289,157.0381,168.1384,171.8339,208.3996,202.8236
2022-09-30,134.3928,139.6525,134.2146,134.7593,33166400,META,147.7742,145.6373,158.6881,156.1501,167.5389,171.0925,207.4187,202.1427
2022-10-03,137.2950,138.2954,134.8088,135.8390,27723100,META,146.6990,144.8428,158.0807,155.4107,166.9541,170.4232,206.4130,201.4974
2022-10-04,138.9492,141.0392,138.0181,139.1572,34670700,META,145.7946,144.2815,157.5584,154.7651,166.4741,169.8000,205.4492,200.8751
2022-10-05,137.6615,138.8799,133.5014,136.9286,27979300,META,144.7343,143.6510,157.1588,154.0944,165.9564,169.1636,204.4844,200.2461
2022-10-06,137.7507,140.1081,135.3041,136.4135,36231100,META,143.5957,143.0891,156.5544,153.4535,165.3666,168.5415,203.5613,199.6242
2022-10-07,132.1840,136.9781,131.1836,135.4626,33214800,META,141.8276,142.0505,156.0141,152.6194,164.7070,167.8216,202.5671,198.9532
2022-10-10,132.5208,134.8187,130.6190,132.2830,24024000,META,140.0858,141.1429,155.5127,151.8312,164.0252,167.1225,201.5931,198.2922
2022-10-11,127.3206,131.4015,125.7853,130.3713,38481400,META,138.8680,139.8265,154.8909,150.8700,163.3943,166.3344,200.5694,197.5860
2022-10-12,126.2904,128.4398,125.0523,127.1027,34605200,META,137.6808,138.5373,154.2433,149.9061,162.7624,165.5414,199.4864,196.8766
2022-10-13,129.0540,129.8959,121.3676,122.3581,34325700,META,136.7270,137.6342,153.4804,149.0883,162.1359,164.8189,198.4170,196.2017
2022-10-14,125.5575,130.5397,125.3197,129.7572,23559400,META,135.7597,136.4840,152.6125,148.1656,161.4478,164.0415,197.3463,195.4988
2022-10-17,132.7684,133.5113,128.9450,129.0639,29612200,META,135.0674,136.1301,151.9574,147.5618,160.9799,163.4222,196.3047,194.8746
2022-10-18,131.5402,136.5323,130.1534,135.7895,25445000,META,134.4092,135.6930,151.2155,146.9335,160.4744,162.7909,195.2966,194.2444
2022-10-19,131.9661,135.7003,130.9657,131.6293,30691000,META,133.9689,135.3380,150.5162,146.3465,159.8960,162.1805,194.2798,193.6247
2022-10-20,130.2822,135.4725,130.0643,131.6689,26356300,META,133.4097,134.8565,149.5889,145.7165,159.2660,161.5488,193.2645,192.9945
2022-10-21,128.7766,128.8856,124.2500,125.1117,46348600,META,132.8947,134.2775,148.6483,145.0522,158.6357,160.8999,192.3029,192.3555
2022-10-24,128.4894,132.2137,123.3882,126.0428,63563400,META,132.5653,133.7262,147.6423,144.4027,158.0521,160.2581,191.2989,191.7200
2022-10-25,136.2055,137.0375,129.3511,129.6384,38433200,META,132.7194,133.9624,146.7830,144.0812,157.4444,159.7818,190.3367,191.1676
2022-10-26,128.5885,134.2641,127.3107,130.4308,82791500,META,132.1355,133.4506,145.7994,143.4737,156.8406,159.1641,189.3548,190.5449
2022-10-27,97.0109,101.5276,95.4657,97.0505,232316600,META,130.2302,129.9801,144.2758,141.6516,155.8867,157.9333,188.1839,189.6142
2022-10-28,98.2589,99.8933,96.5850,98.6353,95928300,META,128.4235,126.9590,142.7809,139.9499,154.9313,156.7517,187.0247,188.7052
2022-10-31,92.2762,98.3778,91.7215,97.2882,121361400,META,126.1726,123.6559,141.2991,138.0804,153.9063,155.4749,185.8692,187.7457
2022-11-01,94.2969,96.5651,92.6625,93.4351,110189600,META,123.9399,120.8598,139.9550,136.3634,153.0268,154.2635,184.6969,186.8159
2022-11-02,89.6811,94.2968,89.6216,93.3162,71821100,META,121.5409,117.8904,138.5569,134.5327,152.1845,152.9846,183.5696,185.8494
2022-11-03,88.0665,89.6018,87.5713,89.2254,60664000,META,119.0567,115.0500,137.0841,132.7105,151.4382,151.6991,182.4272,184.8764
2022-11-04,89.9287,90.5230,87.2543,89.4929,55638100,META,116.9439,112.6575,135.5390,131.0328,150.7157,150.4759,181.3090,183.9317
2022-11-07,95.8024,95.9609,92.2168,93.8808,81987300,META,115.1080,111.0523,134.2502,129.6512,149.9963,149.3933,180.2866,183.0548
2022-11-08,95.5548,96.8722,93.8907,95.0100,52088300,META,113.5197,109.5763,133.0081,128.3141,149.3584,148.3272,179.2354,182.1841
2022-11-09,100.5074,103.9048,99.7843,100.7550,107677300,META,112.2306,108.7126,131.9049,127.2236,148.7416,147.3803,178.2515,181.3714
2022-11-10,110.8087,111.6804,103.6176,106.1038,80671000,META,111.3183,108.9123,130.8933,126.5799,148.2941,146.6561,177.3463,180.6693
2022-11-11,111.9478,113.8100,107.7777,108.1938,59961700,META,110.6378,109.2014,129.8565,126.0061,147.8699,145.9688,176.4468,179.9855
2022-11-14,113.1364,115.1670,109.7489,109.9371,53395000,META,109.6563,109.5761,128.9432,125.5014,147.4288,145.3186,175.5183,179.3203
2022-11-15,115.9693,117.6135,113.3246,114.9689,50670500,META,108.8777,110.1850,128.1219,125.1276,146.9030,144.7375,174.5467,178.6900
2022-11-16,112.1558,114.9788,111.5912,113.4138,33287800,META,107.8872,110.3727,127.1876,124.6189,146.3457,144.0923,173.5276,178.0279
2022-11-17,110.3927,111.2643,108.7584,109.3626,35093800,META,106.8927,110.3746,126.1850,124.0610,145.8581,143.4250,172.4799,177.3550
2022-11-18,110.9870,113.2355,109.5706,112.7204,33357700,META,106.0032,110.4329,125.0539,123.5483,145.3441,142.7826,171.8573,176.6946
2022-11-21,108.8178,111.3040,108.1541,110.4620,24351100,META,105.0197,110.2791,123.8831,122.9706,144.8351,142.1100,171.2272,176.0192
2022-11-22,110.3828,110.5611,107.2924,108.8178,29029000,META,103.7285,110.2890,123.0572,122.4770,144.3538,141.4818,170.6652,175.3661
2022-11-23,111.1752,111.6011,109.6795,110.6601,21343100,META,102.8579,110.3734,122.2800,122.0338,143.7996,140.8817,170.1306,174.7274
2022-11-25,110.3531,111.6606,109.9668,110.2441,12007600,META,103.5250,110.3714,121.5245,121.5757,143.2216,140.2771,169.5334,174.0868
2022-11-28,107.7480,110.9771,107.3518,109.7290,23309400,META,103.9994,110.1216,120.7814,121.0335,142.5935,139.6330,168.9426,173.4268
2022-11-29,108.4216,109.8875,107.5103,108.5008,23899200,META,104.8067,109.9597,120.0175,120.5389,141.9851,139.0149,168.3974,172.7799
2022-11-30,116.9796,117.0390,108.3423,108.4711,43348600,META,105.9408,110.6282,119.4630,120.3993,141.5416,138.5786,167.9041,172.2247
2022-12-01,119.2974,120.0502,117.2768,118.0692,36551400,META,107.4217,111.4539,119.0335,120.3561,141.1173,138.1968,167.4061,171.6981
2022-12-02,122.3185,122.8633,116.4943,116.7122,39950500,META,109.1342,112.4886,118.6506,120.4330,140.7211,137.8824,166.9453,171.2067
2022-12-05,121.2685,123.4873,120.1988,120.5950,35474900,META,110.7012,113.3248,118.2944,120.4658,140.3683,137.5534,166.5229,170.7098
2022-12-06,113.0374,119.4064,112.6610,118.7724,43689200,META,111.5630,113.2974,117.8536,120.1745,139.8673,137.0679,166.0671,170.1360
2022-12-07,112.8492,114.7807,111.8091,112.6808,29461100,META,112.4277,113.2547,117.4481,119.8872,139.3394,136.5883,165.6305,169.5660
2022-12-08,114.2359,116.2268,113.5029,115.2858,30619400,META,113.1141,113.3482,116.9275,119.6656,138.7406,136.1457,165.2188,169.0154
2022-12-09,114.8005,116.4249,112.7897,114.2062,26033400,META,113.3137,113.4865,116.5212,119.4748,138.0751,135.7230,164.7647,168.4760
2022-12-12,113.6218,114.6222,112.0667,114.0873,24747100,META,113.3974,113.4994,116.1058,119.2453,137.3970,135.2854,164.2904,167.9301
2022-12-13,119.0102,122.1303,117.5145,120.9714,44701100,META,113.6911,114.0242,115.7401,119.2361,136.9104,134.9631,163.8403,167.4434
2022-12-14,120.4365,122.9623,118.2574,118.2574,36922000,META,113.9145,114.6349,115.3698,119.2831,136.4641,134.6754,163.4347,166.9756
2022-12-15,115.0481,117.5046,112.9284,117.2074,34531000,META,114.0591,114.6743,114.9176,119.1171,136.0382,134.2868,162.9792,166.4590
2022-12-16,118.2970,122.1402,117.6928,119.0894,67064000,META,114.4543,115.0193,114.5285,119.0849,135.5414,133.9702,162.5655,165.9797
2022-12-19,113.3940,116.6825,113.2454,115.7217,29769900,META,114.5746,114.8645,114.1527,118.8617,135.0834,133.5627,162.1417,165.4565
2022-12-20,115.9792,116.2169,111.3931,112.1855,28742500,META,114.9327,114.9706,113.8219,118.7487,134.6673,133.2145,161.7931,164.9642
2022-12-21,118.6239,119.1984,114.5231,115.5929,20392800,META,115.3448,115.3186,113.6479,118.7438,134.2694,132.9256,161.4438,164.5031
2022-12-22,116.0089,117.4947,113.2949,116.0881,23618100,META,115.5864,115.3843,113.4423,118.6365,133.8428,132.5906,161.0408,164.0206
2022-12-23,116.9202,117.0588,114.4439,114.9292,17796600,META,115.9148,115.5306,113.1996,118.5692,133.3400,132.2803,160.6586,163.5519
2022-12-27,115.7712,117.4749,114.9491,116.8112,21392300,META,116.3160,115.5535,113.0039,118.4595,132.8082,131.9534,160.3083,163.0765
2022-12-28,114.5231,117.0291,114.4142,115.1472,19612500,META,116.6210,115.4554,112.6390,118.3051,132.2982,131.6082,159.9566,162.5933
2022-12-29,119.1191,119.8818,114.6717,115.2957,22366200,META,116.7280,115.8043,112.3906,118.3371,131.8030,131.3609,159.6011,162.1608
2022-12-30,119.1984,119.2776,116.6230,117.0390,19583800,META,116.7231,116.1275,112.1352,118.3708,131.3257,131.1201,159.1886,161.7333
2023-01-03,123.5566,125.1712,121.1199,121.6548,35528500,META,116.7850,116.8351,112.0007,118.5742,130.7948,130.9703,158.7771,161.3534
2023-01-04,126.1617,127.8257,124.6561,126.1716,32397100,META,117.0296,117.7233,111.9484,118.8717,130.2983,130.8751,158.3357,161.0032
2023-01-05,125.7357,127.3008,123.3585,124.9334,25447100,META,117.6645,118.4864,111.8933,119.1409,129.7678,130.7733,157.9170,160.6523
2023-01-06,128.7865,129.0936,124.8443,127.7465,27584500,META,118.4614,119.4674,111.7449,119.5192,129.2640,130.7340,157.4879,160.3353
2023-01-09,128.2417,131.6887,128.0535,129.9157,26649100,META,119.1617,120.3030,111.7380,119.8612,128.7687,130.6846,157.0720,160.0159
2023-01-10,131.7284,132.1741,125.9438,126.0626,28684400,META,120.0081,121.3912,112.4324,120.3266,128.3541,130.7053,156.6432,159.7344
2023-01-11,131.6293,132.5802,129.1035,129.7176,25423000,META,120.9085,122.3662,113.0998,120.7699,127.9403,130.7236,156.2027,159.4548
2023-01-12,135.4131,136.3738,130.5100,132.1741,30757700,META,121.7286,123.6088,113.9625,121.3441,127.6308,130.8165,155.7725,159.2156
2023-01-13,135.6805,136.0866,133.5608,133.6896,22423800,META,122.4908,124.7585,114.7902,121.9063,127.3726,130.9128,155.3125,158.9814
2023-01-17,134.0759,135.4527,132.9764,134.8881,21147600,META,123.4422,125.6458,115.6781,122.3836,127.1175,130.9754,154.8544,158.7336
2023-01-18,131.7581,135.9480,131.5402,134.5216,20215500,META,124.1153,126.2280,116.5519,122.7512,126.8180,130.9909,154.4119,158.4652
2023-01-19,134.8584,136.1460,130.8864,131.2331,28625200,META,125.1885,127.0499,117.4505,123.2260,126.4948,131.0675,153.9726,158.2303
2023-01-20,138.0478,138.6124,133.3330,134.6008,28688600,META,126.2919,128.0973,118.2954,123.8072,126.2728,131.2057,153.5045,158.0294
2023-01-23,141.9108,142.3962,137.3445,137.9686,27470100,META,127.4563,129.4129,119.2225,124.5172,126.1153,131.4177,153.0659,157.8691
2023-01-24,141.7821,143.6244,140.0190,140.3458,21970200,META,128.7449,130.5909,120.0480,125.1942,125.9764,131.6229,152.6689,157.7090
2023-01-25,140.1576,141.8118,138.9789,139.8803,26622000,META,129.9068,131.5020,120.6350,125.7810,125.7642,131.7919,152.2655,157.5344
2023-01-26,145.9026,146.1106,141.9406,143.0301,25482100,META,131.4134,132.8735,121.3141,126.5701,125.5853,132.0714,151.8939,157.4186
2023-01-27,150.3005,151.7367,145.9917,146.8337,35771900,META,133.2022,134.5332,122.0574,127.5007,125.5003,132.4323,151.5734,157.3478
2023-01-30,145.6648,149.6863,145.5559,147.9926,28040100,META,134.5295,135.5934,122.6513,128.2130,125.3866,132.6944,151.2412,157.2315
2023-01-31,147.5567,148.4581,146.1205,146.5464,29842100,META,135.9474,136.7327,123.3593,128.9716,125.2735,132.9887,150.9142,157.1353
2023-02-01,151.6674,152.1230,145.6649,146.6257,55661000,META,137.3530,138.1551,124.1848,129.8616,125.1849,133.3585,150.6316,157.0809
2023-02-02,186.9792,195.2896,178.4509,181.6403,150475700,META,140.3939,142.8050,125.7046,132.1015,125.3793,134.4203,150.5226,157.3784
2023-02-03,184.7604,194.9033,181.1550,181.7295,76809700,META,143.3451,146.8008,127.2235,134.1666,125.5533,135.4172,150.3702,157.6508
2023-02-06,184.2949,188.8909,183.7600,184.7604,42483800,META,146.1205,150.3716,128.7017,136.1324,125.8795,136.3850,150.2991,157.9159
2023-02-07,189.8021,191.9416,182.6506,183.8194,47080700,META,149.1985,154.1269,130.2743,138.2371,126.2772,137.4428,150.3167,158.2332
2023-02-08,181.6898,189.0196,181.1846,188.1975,36139100,META,151.6966,156.7519,131.7010,139.9411,126.6127,138.3190,150.3133,158.4666
2023-02-09,176.2321,184.8793,175.5883,184.3642,37118800,META,153.9267,158.6072,133.0707,141.3643,126.9260,139.0697,150.2684,158.6434
2023-02-10,172.4978,177.1929,171.7054,174.6770,33433600,META,155.7810,159.9301,134.3522,142.5852,127.1849,139.7317,150.2347,158.7812
2023-02-13,177.7278,179.2829,174.1520,176.5292,31463200,META,157.8833,161.6251,135.5672,143.9634,127.5151,140.4841,150.2569,158.9698
2023-02-14,177.7773,179.7881,174.2115,175.4793,24034600,META,160.0684,163.1634,136.7368,145.2894,127.8852,141.2226,150.1269,159.1569
2023-02-15,175.4793,176.4996,173.6667,174.7463,25308900,META,162.2545,164.3364,137.8000,146.4733,128.2253,141.9009,150.0114,159.3193
2023-02-16,170.8041,174.1817,170.1602,171.1111,25827500,META,164.0518,164.9523,138.7907,147.4275,128.5426,142.4733,149.8198,159.4336
2023-02-17,171.2399,171.5371,168.0901,168.6052,24171300,META,165.7114,165.5512,139.9548,148.3613,128.9042,143.0429,149.6259,159.5511
2023-02-21,170.4475,176.4797,170.2494,172.6563,34592600,META,167.1382,166.0175,141.1067,149.2274,129.2774,143.5856,149.3717,159.6595
2023-02-22,169.4966,171.1210,168.0802,169.4471,22433200,META,168.5239,166.3488,142.2119,150.0223,129.5697,144.0986,149.1877,159.7574
2023-02-23,170.4079,172.0422,167.7731,170.3683,20017800,META,170.0364,166.7354,143.3241,150.8217,129.9226,144.6196,149.0305,159.8633
2023-02-24,168.7735,169.1004,166.0694,167.0401,19791300,META,171.1800,166.9295,144.4271,151.5257,130.2664,145.0979,148.9027,159.9520
2023-02-27,167.9316,171.4776,167.4562,170.2494,19277000,META,172.0615,167.0249,145.4055,152.1691,130.5728,145.5501,148.7634,160.0314
2023-02-28,173.2804,175.8656,170.2395,170.2692,46051100,META,173.4423,167.6207,146.4624,152.9970,130.9161,146.0992,148.6951,160.1632
2023-03-01,171.7748,176.1628,171.4083,172.9337,30998400,META,174.6532,168.0163,147.5970,153.7334,131.2573,146.6076,148.6068,160.2788
2023-03-02,172.8743,173.3497,169.8037,170.7447,17352000,META,175.7136,168.4790,148.6885,154.4840,131.6085,147.1277,148.4875,160.4041
2023-03-03,183.4926,184.8496,175.3704,177.2226,45877700,META,175.5392,169.9089,150.0905,155.6216,132.1216,147.8478,148.4143,160.6338
2023-03-06,183.1459,187.8607,182.8883,186.2165,33209400,META,175.4585,171.1695,151.4338,156.7010,132.6278,148.5468,148.3265,160.8578
2023-03-07,182.7596,188.5541,182.2644,187.2070,36701500,META,175.3817,172.2733,152.7165,157.7229,133.1822,149.2243,148.2882,161.0758
2023-03-08,183.2152,183.5025,179.6196,181.1351,19432400,META,175.0524,173.3154,154.0607,158.7226,133.7515,149.8974,148.2569,161.2961
2023-03-09,179.9663,187.1376,178.5895,184.5821,26582800,META,174.9662,173.9488,155.3216,159.5557,134.2606,150.4928,148.1983,161.4818
2023-03-10,177.8070,183.0171,177.1038,179.2928,25665000,META,175.0450,174.3163,156.5623,160.2714,134.7831,151.0337,148.1154,161.6443
2023-03-13,179.1838,182.0365,173.1615,176.2717,24728000,META,175.3793,174.7799,157.8555,161.0131,135.2472,151.5911,148.1136,161.8188
2023-03-14,192.1794,192.4765,184.7901,185.8005,41642600,META,176.1018,176.4370,159.3167,162.2353,135.8536,152.3948,148.1640,162.1209
2023-03-15,195.8740,195.9037,189.0295,191.1195,42123600,META,177.0067,178.2881,160.8502,163.5544,136.4927,153.2558,148.1943,162.4567
2023-03-16,202.9858,203.8080,194.2297,196.3791,50447100,META,178.3820,180.6403,162.4388,165.1008,137.2198,154.2406,148.2429,162.8600
2023-03-17,193.7543,199.9846,193.5760,198.6573,50141100,META,179.5295,181.8892,163.7907,166.2244,137.8695,155.0230,148.2526,163.1674
2023-03-20,195.9334,197.4687,191.8030,196.5971,25186300,META,180.7642,183.2268,165.1946,167.3895,138.5440,155.8331,148.2980,163.4934
2023-03-21,200.2421,201.6189,196.0721,201.2723,31827000,META,182.2539,184.8473,166.6237,168.6778,139.1843,156.7125,148.3144,163.8591
2023-03-22,197.9144,205.4027,197.7758,200.5789,28477800,META,183.6748,186.0918,168.0172,169.8244,139.8776,157.5284,148.3591,164.1980
2023-03-23,202.3420,205.9079,200.2322,200.9157,27389700,META,185.2715,187.6394,169.4295,171.0996,140.9309,158.4158,148.4088,164.5775
2023-03-24,204.0556,205.6107,201.6190,203.2335,27716400,META,187.0356,189.2029,170.8780,172.3920,141.9889,159.3195,148.4601,164.9703
2023-03-27,200.9157,203.9070,199.4497,202.8670,18527200,META,188.6848,190.3184,172.1880,173.5105,143.0753,160.1432,148.4908,165.3280
2023-03-28,198.7762,199.1229,196.0226,198.2512,19127300,META,189.9596,191.1239,173.4499,174.5013,144.1201,160.9082,148.5734,165.6608
2023-03-29,203.4019,203.7684,200.6185,201.6288,18851100,META,191.5410,192.2932,174.8365,175.6347,145.2573,161.7497,148.7209,166.0363
2023-03-30,205.8683,206.1159,200.8959,201.4506,22608300,META,193.1907,193.5861,176.3187,176.8203,146.4353,162.6233,148.9367,166.4327
2023-03-31,209.9294,210.1572,204.8084,205.2739,25440300,META,194.5125,195.1426,177.8201,178.1187,147.6353,163.5601,149.1755,166.8655
2023-04-03,211.0487,211.4647,206.2249,206.8588,17924600,META,195.9077,196.6574,179.2801,179.4101,148.7878,164.5004,149.3920,167.3051
2023-04-04,212.6830,214.1886,210.5237,211.3656,21026400,META,197.4038,198.1837,180.6956,180.7149,149.9590,165.4546,149.6587,167.7566
2023-04-05,209.4737,213.1485,207.9483,212.1184,19396600,META,198.7167,199.2589,182.0494,181.8427,151.0487,166.3262,149.8952,168.1717
2023-04-06,214.0499,214.8819,206.6706,207.2649,26104400,META,200.4209,200.6676,183.5272,183.1057,152.0811,167.2712,150.1876,168.6282
2023-04-10,212.7127,213.6141,208.6615,212.6731,16106100,META,202.1662,201.8147,184.8634,184.2668,153.0888,168.1711,150.4793,169.0669
2023-04-11,211.8212,213.9707,211.3854,213.4358,16710100,META,203.7981,202.7677,186.0938,185.3474,154.0756,169.0354,150.7522,169.4923
2023-04-12,211.9698,214.7829,210.5633,212.8018,18972200,META,204.7876,203.6441,187.4199,186.3914,155.0356,169.8856,150.9693,169.9150
2023-04-13,218.2596,219.0520,213.6438,213.6834,23310400,META,205.9069,205.0361,188.8340,187.6411,156.0967,170.8435,151.2212,170.3960
2023-04-14,219.3887,220.0029,215.4861,215.8130,21591200,META,206.7270,206.4030,190.1884,188.8861,157.1866,171.8048,151.5224,170.8835
2023-04-17,216.7837,218.8836,215.0701,217.7049,15481900,META,207.8785,207.3916,190.7845,189.9801,158.2446,172.6955,151.7944,171.3402
2023-04-18,215.8229,218.3487,214.1589,217.8238,12281000,META,208.8730,208.1946,191.4058,190.9936,159.3146,173.5495,152.0749,171.7828
2023-04-19,213.6537,215.2683,210.9100,211.4449,15898100,META,209.5436,208.7145,191.9929,191.8822,160.3473,174.3436,152.3506,172.1994
2023-04-20,211.0487,214.6937,210.7515,211.4548,16475400,META,210.2003,208.9368,192.4179,192.6338,161.3461,175.0705,152.5729,172.5860
2023-04-21,210.8703,211.3854,207.5917,208.2158,17717200,META,210.6267,209.1210,193.0015,193.3490,162.3512,175.7794,152.7864,172.9669
2023-04-24,210.7713,211.8906,208.7110,211.6528,15750900,META,210.9625,209.2781,193.6923,194.0322,163.3815,176.4723,152.9875,173.3431
2023-04-25,205.5810,209.2558,205.1650,208.8200,19198200,META,211.1957,208.9260,194.3539,194.4851,164.3531,177.0487,153.1691,173.6639
2023-04-26,207.4135,212.0788,206.8984,210.4840,41992700,META,211.6276,208.7820,194.9476,194.9921,165.2574,177.6500,153.3995,173.9997
2023-04-27,236.2968,239.3971,234.5238,237.6142,71196500,META,213.2723,211.4024,196.1180,196.6119,166.4274,178.8113,153.7724,174.6196
2023-04-28,238.0401,238.1491,233.5135,236.7425,39554000,META,214.8809,213.9394,197.3693,198.2365,167.5846,179.9842,154.1529,175.2506
2023-05-01,240.8730,241.6852,234.2168,236.3562,29143900,META,216.4281,216.5045,198.7706,199.9086,168.7807,181.1899,154.5745,175.9036
2023-05-02,236.9704,242.5965,236.7227,240.8730,24350100,META,217.7242,218.4536,200.0852,201.3620,170.0200,182.2944,154.9436,176.5112
2023-05-03,234.7813,239.4566,230.5419,237.1982,34463900,META,218.8291,220.0086,201.3719,202.6725,171.2393,183.3338,155.2893,177.0910
2023-05-04,231.3046,235.9402,230.7202,233.8205,17889400,META,219.9207,221.0844,202.6081,203.7954,172.4100,184.2837,155.5753,177.6305
2023-05-05,230.5717,232.4536,227.6695,230.0368,27000500,META,220.7468,221.9880,203.8114,204.8454,173.5677,185.2003,155.8214,178.1572
2023-05-08,231.0570,233.3847,228.0855,229.2246,16400500,META,221.6640,222.8517,205.0570,205.8733,174.7421,186.1083,156.0695,178.6836
2023-05-09,231.1561,233.6423,228.8878,229.2642,16865600,META,222.6307,223.6426,206.3215,206.8648,175.8635,187.0004,156.3870,179.2057
2023-05-10,230.8688,234.5040,228.5312,233.9295,19119000,META,223.5757,224.3308,207.4733,207.8061,176.9679,187.8691,156.7160,179.7198
2023-05-11,233.5531,235.9501,230.0962,230.8391,20449000,META,224.3403,225.2091,208.7088,208.8158,178.1529,188.7737,157.0955,180.2554
2023-05-12,231.5919,234.7120,229.2543,234.4941,16161400,META,224.9505,225.8170,209.8832,209.7090,179.2859,189.6216,157.4136,180.7662
2023-05-15,236.5940,237.9807,233.0975,234.6724,20653200,META,225.9410,226.8434,210.9452,210.7633,180.5179,190.5517,157.8006,181.3217
2023-05-16,236.5544,237.3666,233.2857,233.5531,18163800,META,226.9776,227.7682,212.0134,211.7747,181.7236,191.4627,158.1955,181.8713
2023-05-17,240.1896,241.5267,235.8808,236.1879,21193100,META,228.3044,228.9512,213.1620,212.8890,182.9393,192.4276,158.6043,182.4516
2023-05-18,244.5082,244.7459,238.9019,239.0109,22943300,META,229.9773,230.4328,214.3879,214.1290,184.2243,193.4589,159.0335,183.0691
2023-05-19,243.3097,246.3307,241.1008,245.1223,21733600,META,231.5993,231.6592,215.6547,215.2733,185.4882,194.4460,159.4141,183.6685
2023-05-22,245.9642,251.1644,242.7946,243.0818,27738500,META,233.3590,233.0216,217.0179,216.4769,186.7901,195.4662,159.7991,184.2883
2023-05-23,244.3992,249.2230,244.3101,244.4686,17748100,META,235.2999,234.1052,218.3222,217.5719,188.0888,196.4351,160.1935,184.8865
2023-05-24,246.8458,247.2221,242.6262,242.9530,17724300,META,237.2715,235.3186,219.4155,218.7199,189.3661,197.4334,160.5846,185.5030
2023-05-25,250.2928,253.1950,246.8062,250.9960,22371400,META,237.9713,236.7447,220.5039,219.9580,190.6771,198.4801,161.0014,186.1476
2023-05-26,259.5540,259.8215,250.3126,250.5305,25727200,META,239.0470,238.9170,221.6352,221.5108,192.0370,199.6895,161.4159,186.8781
2023-05-30,260.0295,266.1014,258.8112,262.7337,23816500,META,240.0048,240.9277,222.9608,223.0214,193.3757,200.8843,161.8370,187.6059
2023-05-31,262.2086,262.4860,255.9981,257.5334,25473700,META,241.2667,242.9545,224.2863,224.5581,194.7404,202.0987,162.2541,188.3482
2023-06-01,270.0238,271.4006,263.3676,263.3775,25609500,META,243.0288,245.5325,225.6819,226.3411,196.1528,203.4437,162.7084,189.1609
2023-06-02,270.0238,272.7378,268.5479,270.0733,19416900,META,244.9648,247.8650,227.1241,228.0541,197.5706,204.7621,163.1697,189.9655
2023-06-05,268.8154,272.9557,267.0027,267.7357,20742900,META,246.8770,249.8603,228.4535,229.6526,198.9415,206.0305,163.6478,190.7501
2023-06-06,268.5479,273.9462,267.1315,267.5772,19419000,META,248.7515,251.6401,229.7434,231.1779,200.3107,207.2685,164.1255,191.5242
2023-06-07,261.0993,271.6483,260.3069,269.0928,26163600,META,250.2487,252.5409,230.9471,232.3513,201.5675,208.3344,164.5992,192.2165
2023-06-08,262.0699,265.1108,256.4240,258.1475,20899400,META,251.8088,253.4485,232.2129,233.5167,202.8314,209.3985,165.1020,192.9116
2023-06-09,262.4365,265.4080,259.2173,259.9899,16949800,META,253.2529,254.3045,233.3936,234.6508,204.1150,210.4488,165.6163,193.6034
2023-06-12,268.4786,269.1720,262.8129,264.6355,15442500,META,255.0973,255.6544,234.6458,235.9774,205.4823,211.5979,166.1501,194.3484
2023-06-13,268.7460,273.1043,266.5371,272.2722,16164000,META,256.7049,256.9012,235.8222,237.2625,206.8211,212.7295,166.6580,195.0887
2023-06-14,270.7568,272.3812,265.7745,269.3106,19175100,META,258.4150,258.2208,237.0163,238.5760,208.1482,213.8786,167.2105,195.8416
2023-06-15,279.1563,281.2959,268.8451,269.7168,25973500,META,260.3633,260.2146,238.3458,240.1674,209.5207,215.1712,167.8180,196.6706
2023-06-16,278.3342,285.1192,277.4724,282.0486,43127700,META,262.0546,261.9403,239.7230,241.6641,210.8862,216.4220,168.4313,197.4832
2023-06-20,281.6327,282.0982,273.5996,276.0858,20701600,META,263.9708,263.8158,241.0747,243.2315,212.3009,217.7133,169.0326,198.3205
2023-06-21,278.9681,281.3057,275.7192,280.8402,20556200,META,265.6210,265.2589,242.3998,244.6329,213.6316,218.9262,169.6084,199.1229
2023-06-22,282.1774,282.5538,275.1547,276.4324,17563100,META,267.5099,266.8701,243.8069,246.1053,214.9504,220.1787,170.2253,199.9493
2023-06-23,285.9908,286.9219,276.3036,278.8393,51092000,META,269.4671,268.6912,245.2873,247.6694,216.3536,221.4819,170.8701,200.8055
2023-06-26,275.8282,287.0408,274.9664,285.9611,24232700,META,270.7439,269.3709,246.4387,248.7737,217.6363,222.5581,171.4549,201.5520
2023-06-27,284.3268,286.6050,277.9875,279.3346,26108300,META,271.9825,270.7953,247.7374,250.1679,218.9629,223.7812,172.0739,202.3756
2023-06-28,282.5836,286.8031,281.3652,282.1180,16722100,META,273.1102,271.9179,249.0534,251.4391,219.9190,224.9456,172.6491,203.1737
2023-06-29,278.8591,283.8513,278.0271,281.8010,15395700,META,273.9428,272.5790,250.3142,252.5144,220.8600,226.0132,173.2066,203.9268
2023-06-30,284.2575,286.3078,281.7218,282.0585,19694900,META,274.6544,273.6912,251.7262,253.7592,221.8596,227.1666,173.8695,204.7261
2023-07-03,283.3065,286.6545,282.1477,283.9801,8629300,META,275.3186,274.6070,253.1714,254.9180,222.7946,228.2783,174.5359,205.5080
2023-07-05,291.5774,295.2918,283.6434,284.9211,33865500,META,276.4567,276.2232,254.7855,256.3556,223.8935,229.5317,175.2531,206.3644
2023-07-06,289.2200,295.2918,288.5464,293.0830,47600500,META,277.4903,277.4610,256.3545,257.6444,225.0234,230.7137,175.9747,207.1888
2023-07-07,287.7738,293.3900,285.9215,289.4081,25586000,META,278.8240,278.4432,257.9984,258.8259,226.1762,231.8436,176.6805,207.9907
2023-07-10,291.3100,295.3018,284.3269,292.7462,37058300,META,280.2860,279.6686,259.6763,260.0998,227.3120,233.0211,177.4135,208.8197
2023-07-11,295.4602,297.3322,289.1308,291.1118,27585900,META,281.9372,281.1725,260.8596,261.4865,228.4888,234.2575,178.1870,209.6818
2023-07-12,306.4053,306.5143,297.2530,298.8873,36677100,META,283.8335,283.5757,262.2269,263.2480,229.7981,235.6862,179.0117,210.6442
2023-07-13,310.4368,313.2399,307.3464,310.6448,30281000,META,285.9181,286.1339,263.6182,265.0985,231.1944,237.1664,179.8685,211.6372
2023-07-14,305.9398,311.8928,304.4441,308.8321,23054100,META,287.6772,288.0202,264.9975,266.7002,232.5414,238.5283,180.7228,212.5755
2023-07-17,307.6732,308.7528,301.8193,304.6224,25323100,META,289.1031,289.8919,266.4554,268.3070,233.9136,239.8975,181.5955,213.5218
2023-07-18,309.0896,311.2192,304.7016,307.9307,20731900,META,290.6408,291.7202,268.0111,269.9063,235.3096,241.2676,182.4397,214.4727
2023-07-19,313.0121,315.6567,307.5741,310.0603,21763700,META,292.2098,293.7480,269.6599,271.5967,236.7356,242.6883,183.3291,215.4532
2023-07-20,299.6501,312.5466,299.3529,310.5259,23836900,META,293.2439,294.3101,271.0317,272.6968,238.0444,243.8163,184.1554,216.2910
2023-07-21,291.4684,302.5621,288.4374,301.6806,42139300,META,293.7085,294.0395,272.2380,273.4330,239.2798,244.7599,184.9263,217.0390
2023-07-24,288.8435,294.6974,285.5649,292.9740,24915700,META,293.8511,293.5446,273.3975,274.0373,240.4354,245.6328,185.6758,217.7535
2023-07-25,291.6765,295.4701,289.0912,292.3896,19585600,META,294.6435,293.3667,274.5600,274.7290,241.6344,246.5446,186.4458,218.4890
2023-07-26,295.7375,298.9072,289.1308,298.3327,47256900,META,295.2140,293.5925,275.8429,275.5529,242.8630,247.5187,187.2358,219.2577
2023-07-27,308.7528,322.2635,306.9006,322.0356,64229200,META,296.5225,295.0363,277.2860,276.8549,244.1156,248.7312,188.1186,220.1482
2023-07-28,322.3922,323.1054,311.2687,313.8738,39220300,META,298.6992,297.6417,279.0028,278.6406,245.5081,250.1899,189.0680,221.1655
2023-07-31,315.5775,322.5705,314.5771,320.6192,25799600,META,300.2652,299.3498,280.5106,280.0891,246.8363,251.4847,190.0093,222.1050
2023-08-01,319.6485,321.0650,311.6749,314.5276,22817900,META,302.0823,301.2830,282.0134,281.6405,248.2006,252.8344,190.9760,223.0755
2023-08-02,311.3282,315.3695,307.7029,314.9832,20461100,META,303.0698,302.2397,283.3737,282.8047,249.5142,253.9927,191.8874,223.9537
2023-08-03,310.2188,312.9526,306.9897,306.9897,15180200,META,304.1197,302.9996,284.6588,283.8798,250.8383,255.1061,192.8107,224.8120
2023-08-04,307.7822,315.3894,307.2573,311.9721,17612800,META,305.1202,303.4551,285.9265,284.8171,252.1243,256.1492,193.6858,225.6376
2023-08-07,313.5568,314.0620,307.5147,310.2584,16236500,META,306.2325,304.4172,287.2607,285.9442,253.3381,257.2860,194.5959,226.5124
2023-08-08,309.6741,314.8743,307.1680,311.4174,15183500,META,306.9432,304.9178,288.4483,286.8748,254.4761,258.3234,195.4844,227.3399
2023-08-09,302.3145,310.6546,299.9769,309.9118,19955800,META,306.7387,304.6699,289.3035,287.4802,255.4694,259.1945,196.3446,228.0859
2023-08-10,302.8395,309.3769,300.9873,305.0187,14358900,META,306.3588,304.4956,290.1597,288.0826,256.5602,260.0588,197.2149,228.8297
2023-08-11,298.7784,301.8292,297.5105,299.6996,14046300,META,306.0007,303.9511,290.8911,288.5020,257.5887,260.8255,198.0663,229.5257
2023-08-14,303.2852,303.3050,295.4205,298.1247,15641900,META,305.7813,303.8877,291.5564,289.0817,258.6191,261.6663,198.9017,230.2597
2023-08-15,299.0854,304.3154,297.1837,303.2357,11623600,META,305.2811,303.4303,292.1376,289.4740,259.6308,262.4072,199.7542,230.9445
2023-08-16,291.4981,298.2237,291.4882,297.3521,18547700,META,304.2054,302.2939,292.5913,289.5534,260.5224,262.9833,200.7267,231.5470
2023-08-17,282.3854,293.2414,282.2467,290.2699,23950100,META,303.3422,300.3979,292.8680,289.2723,261.3057,263.3675,201.6473,232.0529
2023-08-18,280.5628,282.9797,271.7770,276.3829,35347900,META,302.7969,298.5088,293.2573,288.9308,262.1022,263.7080,202.5887,232.5356
2023-08-21,287.1498,287.7441,279.1762,280.7610,20181500,META,302.7122,297.4270,293.7589,288.8609,262.9859,264.1722,203.5530,233.0790
2023-08-22,284.8716,290.1213,284.0296,289.7746,12980200,META,302.3720,296.2313,294.2076,288.7045,263.8006,264.5821,204.5289,233.5943
2023-08-23,291.4486,294.5786,284.9409,285.7630,18287000,META,302.1575,295.7758,294.6670,288.8121,264.6564,265.1141,205.5458,234.1700
2023-08-24,284.0296,296.6190,283.9207,295.6682,18360900,META,300.9214,294.6571,294.9726,288.6245,265.3974,265.4887,206.5164,234.6661
2023-08-25,282.7915,285.6541,273.4114,283.4156,23701400,META,298.9413,293.5270,295.2133,288.3958,266.1148,265.8313,207.4513,235.1450
2023-08-28,287.5063,288.6851,283.0886,285.2678,14239300,META,297.5378,292.9536,295.3803,288.3609,266.8631,266.2605,208.4111,235.6660
2023-08-29,295.1630,296.3120,285.4461,285.8423,20844500,META,296.3135,293.1641,295.7169,288.6277,267.7200,266.8328,209.3843,236.2580
2023-08-30,292.3004,295.4602,290.6463,294.3508,17717000,META,295.3621,293.0818,295.9303,288.7717,268.5025,267.3371,210.2918,236.8156
2023-08-31,293.0829,298.2435,292.8551,292.9938,17229900,META,294.5053,293.0819,296.2126,288.9408,269.3062,267.8470,211.1975,237.3755
2023-09-01,293.5684,298.8775,291.6765,296.5300,12842300,META,293.7946,293.1282,296.4404,289.1222,270.1236,268.3563,212.0996,237.9346
2023-09-05,297.3025,298.5307,292.7065,294.2022,14956000,META,292.9819,293.5258,296.6666,289.4430,270.9770,268.9295,213.0063,238.5254
2023-09-06,296.3318,300.4226,292.8551,298.8477,15418100,META,292.3148,293.7930,297.0767,289.7132,271.7577,269.4721,213.9272,239.1006
2023-09-07,295.8365,304.1370,289.4477,295.1729,33748700,META,291.9909,293.9876,297.3069,289.9533,272.5222,269.9942,214.8544,239.6651
2023-09-08,295.0640,302.3542,293.9645,296.3814,17548000,META,291.6021,294.0902,297.5565,290.1537,273.3050,270.4906,215.7748,240.2163
2023-09-11,304.6422,306.1082,298.4218,298.5506,19489300,META,291.8953,295.0951,298.0722,290.7219,274.1932,271.1669,216.7539,240.8574
2023-09-12,298.7982,305.7318,297.3818,303.4239,13480400,META,291.6710,295.4478,298.3630,291.0386,275.0446,271.7140,217.6960,241.4339
2023-09-13,302.1659,304.2658,298.4614,299.4915,13210900,META,291.8250,296.0876,298.7402,291.4750,275.9558,272.3170,218.6509,242.0382
2023-09-14,308.7628,309.9019,302.1363,303.8300,19343100,META,292.6882,297.2948,299.0839,292.1529,276.9347,273.0387,219.6430,242.7021
2023-09-15,297.4610,309.0401,295.9158,308.6538,28131100,META,293.4420,297.3106,299.2487,292.3611,277.8016,273.5223,220.5915,243.2470
2023-09-18,299.6797,300.7198,294.9748,295.3611,14234200,META,294.3978,297.5362,299.4868,292.6481,278.7426,274.0403,221.5478,243.8085
2023-09-19,302.1758,303.2654,296.9657,299.6104,15924400,META,295.1492,297.9781,299.7041,293.0217,279.6902,274.5975,222.4738,244.3893
2023-09-20,296.8271,305.1375,296.5893,302.1560,19379500,META,295.7469,297.8685,299.7315,293.1710,280.2955,275.0376,223.3615,244.9110
2023-09-21,292.9244,297.4115,290.4878,292.8947,21319600,META,295.8207,297.3976,299.4618,293.1613,280.8444,275.3918,224.2145,245.3888
2023-09-22,296.2427,302.4829,295.4404,296.4606,25369600,META,296.4314,297.2876,299.1780,293.2821,281.3981,275.8047,225.0894,245.8948
2023-09-25,297.9760,298.0949,290.9137,292.8353,18987000,META,297.1906,297.3532,299.0187,293.4662,282.0081,276.2438,226.0141,246.4130
2023-09-26,296.1238,297.4511,293.2018,294.8362,19417200,META,297.6215,297.2361,298.7877,293.5704,282.6215,276.6374,226.9304,246.9077
2023-09-27,294.9154,298.4416,284.0693,297.5997,36429800,META,297.6091,297.0151,298.5042,293.6232,283.2576,276.9994,227.8338,247.3853
2023-09-28,301.0764,303.4239,293.8853,296.1040,22167100,META,298.0479,297.4019,298.2655,293.9155,283.9627,277.4761,228.7652,247.9196
2023-09-29,297.3620,307.6930,296.5200,304.4640,25373700,META,298.2618,297.3981,298.2197,294.0506,284.6257,277.8699,229.6839,248.4116
2023-10-02,303.9092,304.2658,298.7685,299.8679,16265600,META,298.7789,298.0182,298.4686,294.4372,285.3533,278.3855,230.6084,248.9638
2023-10-03,298.0850,303.8597,296.7973,301.3735,17362300,META,298.8180,298.0245,298.6534,294.5803,286.0254,278.7756,231.4966,249.4525
2023-10-04,302.6810,303.9885,295.6682,295.8960,16880500,META,299.1355,298.4680,298.8735,294.8980,286.7167,279.2490,232.4348,249.9822
2023-10-05,301.8985,303.3050,296.6587,301.7400,19130000,META,299.4386,298.7947,298.9967,295.1725,287.4198,279.6975,233.3528,250.4988
2023-10-06,312.4376,313.3092,298.0553,298.5803,21803900,META,300.3072,300.0941,299.0704,295.8496,288.1782,280.3458,234.3480,251.1151
2023-10-09,315.3398,317.2911,308.8618,309.5354,22503700,META,300.8421,301.5460,298.9293,296.6139,288.9661,281.0388,235.3448,251.7541
2023-10-10,318.7868,321.5800,315.1417,316.0926,19038000,META,301.8415,303.1880,298.9935,297.4834,289.7520,281.7863,236.3457,252.4211
2023-10-11,324.7101,325.7204,319.8863,319.9457,22036300,META,302.9688,305.2377,299.0948,298.5511,290.5541,282.6362,237.3892,253.1404
2023-10-12,321.0848,327.4043,319.6287,324.8883,20530500,META,303.5849,306.7470,299.2899,299.4348,291.3318,283.3976,238.4100,253.8165
2023-10-13,311.7046,321.9663,309.4066,320.4607,21341000,META,304.2970,307.2191,299.3196,299.9160,291.9892,283.9581,239.3896,254.3925
2023-10-16,318.1033,318.7670,312.5267,315.6172,16536100,META,305.2182,308.2557,299.5260,300.6292,292.7263,284.6343,240.4076,255.0264
2023-10-17,320.9262,321.3224,314.2898,315.1614,16387800,META,306.1557,309.4624,299.6734,301.4251,293.4671,285.3529,241.4166,255.6821
2023-10-18,313.9630,322.8479,312.5664,318.3411,16851000,META,307.0125,309.8910,299.7592,301.9168,294.1038,285.9195,242.3904,256.2620
2023-10-19,309.8424,318.8363,308.7924,316.8453,18709200,META,307.8584,309.8864,299.9098,302.2276,294.6066,286.3932,243.3218,256.7952
2023-10-20,305.7219,312.3088,303.5626,311.1598,22312300,META,308.3324,309.4898,299.9674,302.3647,295.0636,286.7759,244.2196,257.2820
2023-10-23,311.0310,314.3492,304.3450,306.5638,17796800,META,308.9851,309.6366,300.2125,302.7045,295.5518,287.2562,245.1461,257.8168
2023-10-24,309.5849,315.3299,307.6832,313.7748,19525500,META,309.6582,309.6317,300.3384,302.9743,295.9474,287.6984,246.0501,258.3319
2023-10-25,296.6884,307.9307,296.0049,307.0590,42192500,META,309.7468,308.3990,300.2905,302.7278,296.2141,287.8764,246.8923,258.7136
2023-10-26,285.6145,292.2014,276.7494,292.2014,66684100,META,308.9737,306.2290,300.1728,302.0567,296.3820,287.8316,247.6618,258.9812
2023-10-27,293.9150,296.4706,290.1907,291.6864,29596300,META,308.8014,305.0562,300.4034,301.7374,296.6357,287.9521,248.4732,259.3288
2023-10-30,299.7887,306.4647,296.2129,296.2526,28435100,META,308.5954,304.5546,300.7879,301.6610,297.0226,288.1865,249.2951,259.7314
2023-10-31,298.4119,300.7990,294.0437,300.4326,19434200,META,308.6117,303.9696,301.0132,301.5336,297.3860,288.3889,250.1087,260.1163
2023-11-01,308.8915,309.7731,298.9864,298.9864,20434600,META,308.9222,304.4383,301.4936,301.8221,297.8506,288.7949,250.9828,260.6016
2023-11-02,307.9208,315.7954,305.4049,314.2898,21631800,META,309.2234,304.7700,301.8230,302.0613,298.2450,289.1737,251.8636,261.0725
2023-11-03,311.6154,312.5564,308.0694,309.5848,16764300,META,309.1822,305.4219,302.3747,302.4360,298.6737,289.6181,252.7474,261.5754
2023-11-06,312.8040,315.3100,311.4669,312.9824,12887700,META,309.0555,306.1250,302.9750,302.8426,299.0942,290.0772,253.6212,262.0851
2023-11-07,315.7954,317.9547,312.1305,314.0521,14055600,META,308.9059,307.0460,303.5408,303.3505,299.4606,290.5865,254.4906,262.6196
2023-11-08,316.7463,318.2816,311.8928,315.1219,13609700,META,308.5077,307.9698,303.9724,303.8759,299.8447,291.1045,255.3654,263.1581
2023-11-09,317.5090,321.1046,315.7756,316.3897,16103100,META,308.3289,308.8783,304.4766,304.4105,300.2034,291.6273,256.2522,263.6989
2023-11-10,325.6511,325.9779,316.4294,316.9048,19096200,META,309.0262,310.4757,305.1280,305.2434,300.6703,292.3011,257.1509,264.3154
2023-11-13,326.0670,329.1772,322.6102,323.1054,16908900,META,309.4244,311.9606,305.7779,306.0601,301.1092,292.9697,258.0298,264.9298
2023-11-14,333.1195,334.8925,330.1677,331.3663,17179400,META,310.0341,313.9757,306.4943,307.1212,301.5805,293.7648,258.9670,265.6083
2023-11-15,329.5536,335.1896,326.8891,334.7241,14531200,META,310.8136,315.4593,307.1587,308.0009,302.1177,294.4734,259.8770,266.2446
2023-11-16,331.0196,331.4059,323.2837,326.2453,18932600,META,311.8725,316.9413,307.8624,308.9036,302.5846,295.1971,260.7738,266.8891
2023-11-17,331.8616,332.3172,326.2255,327.1269,14494400,META,313.1795,318.3623,308.5983,309.8039,303.0774,295.9232,261.4982,267.5356
2023-11-20,336.7448,338.6267,331.0196,331.7130,16960500,META,314.4652,320.1130,309.2404,310.8604,303.6563,296.7315,262.2581,268.2243
2023-11-21,333.7831,336.6754,332.7134,335.1203,12027900,META,315.6751,321.4149,309.9401,311.7594,304.1515,297.4652,263.0056,268.8766
2023-11-22,338.2503,339.6668,335.3679,335.9919,10702700,META,317.7532,323.0183,310.6618,312.7982,304.7010,298.2728,263.7478,269.5669
2023-11-24,335.0212,338.6168,333.5751,336.9032,5467500,META,320.2235,324.1614,311.1869,313.6697,305.1354,299.0005,264.5145,270.2182
2023-11-27,331.5247,336.6754,331.0295,332.9907,15684500,META,322.1040,324.8627,311.8682,314.3699,305.5585,299.6446,265.2909,270.8282
2023-11-28,335.7740,336.1604,330.2371,330.2371,12637200,META,323.9033,325.9019,312.5901,315.2093,306.0385,300.3600,266.1073,271.4744
2023-11-29,329.0485,336.6754,327.6419,336.4674,16024500,META,325.4351,326.2015,313.1276,315.7520,306.4158,300.9281,266.8639,272.0473
2023-11-30,324.0464,330.3362,319.3414,328.7414,23146400,META,326.1928,325.9963,313.6719,316.0773,306.7017,301.3859,267.5953,272.5647
2023-12-01,321.7385,323.7591,317.7170,322.3922,15276400,META,326.8837,325.5908,314.2482,316.2993,306.8550,301.7889,268.3266,273.0540
2023-12-04,316.9840,317.8160,310.6844,314.2799,19037100,META,327.1521,324.7711,314.6631,316.3261,306.9205,302.0898,269.0575,273.4911
2023-12-05,315.2704,318.8264,312.3980,315.9539,16952100,META,327.2755,323.8663,315.0089,316.2847,307.0138,302.3508,269.7776,273.9068
2023-12-06,314.4384,319.1929,314.0323,318.8759,11294300,META,327.2076,322.9684,315.3752,316.2123,307.0815,302.5902,270.4976,274.3101
2023-12-07,323.4916,325.1260,314.7553,314.7553,15905100,META,327.5449,323.0182,315.9468,316.4978,307.2255,303.0040,271.2675,274.7995
2023-12-08,329.5933,330.0093,319.9358,320.0249,14087400,META,328.1491,323.6444,316.5171,317.0113,307.3913,303.5306,272.0635,275.3447
2023-12-11,322.1941,326.7604,316.9642,326.2750,25802500,META,327.9762,323.5063,317.0137,317.2146,307.6167,303.9001,272.8306,275.8109
2023-12-12,331.0493,331.2969,321.4809,321.5206,18485500,META,328.2254,324.2247,317.5565,317.7571,308.0125,304.4377,273.6462,276.3605
2023-12-13,331.5644,335.1599,329.4843,330.7620,16353300,META,328.1476,324.9237,318.2261,318.2986,308.4398,304.9749,274.4376,276.9098
2023-12-14,330.0093,331.5248,325.5223,330.6828,19607300,META,328.1704,325.4080,318.7727,318.7578,308.8231,305.4706,275.2287,277.4381
2023-12-15,331.7427,335.4472,328.0778,328.8404,31776900,META,328.2065,326.0113,319.3696,319.2670,309.1831,305.9909,276.0231,277.9785
2023-12-18,341.3506,344.2627,333.8227,334.2784,18993900,META,328.6810,327.4722,319.9478,320.1331,309.5091,306.6911,276.8124,278.6090
2023-12-19,347.0362,350.2454,341.8459,342.3015,17729400,META,329.1956,329.3354,320.5818,321.1881,309.7556,307.4900,277.6318,279.2899
2023-12-20,345.9665,351.5926,344.4906,345.3424,16369900,META,329.8047,330.9194,321.1254,322.1598,310.0594,308.2519,278.4479,279.9534
2023-12-21,350.7308,353.0288,345.8971,349.6313,15289600,META,330.4287,332.8062,321.6458,323.2802,310.3703,309.0931,279.2854,280.6576
2023-12-22,350.0375,353.8113,347.8880,352.2067,11772800,META,331.1796,334.4472,322.2248,324.3295,310.7574,309.9038,280.1358,281.3480
2023-12-26,351.4638,353.5934,350.0969,351.6223,9898600,META,332.1765,336.0679,323.0200,325.3936,311.1698,310.7268,281.0041,282.0456
2023-12-27,354.4353,355.5942,351.9393,352.6921,13207900,META,333.1096,337.8171,323.7467,326.5325,311.6363,311.5923,281.8803,282.7659
2023-12-28,354.9207,358.4667,354.4155,356.2876,11798800,META,334.4032,339.4460,324.4265,327.6458,312.0500,312.4503,282.6940,283.4839
2023-12-29,350.6020,356.5847,348.4823,355.5843,14987100,META,335.7310,340.5085,325.1593,328.5460,312.4593,313.2058,283.4677,284.1517
2024-01-02,343.0048,349.8096,336.7844,347.9871,19042200,META,336.7943,340.7463,325.8226,329.1130,312.8662,313.7959,284.1678,284.7373
2024-01-03,341.2021,344.6491,339.9243,341.7073,15451100,META,338.0052,340.7897,326.5322,329.5871,313.2498,314.3386,284.9050,285.2992
2024-01-04,343.8269,344.8471,340.1422,341.2318,12099900,META,339.4330,341.0789,327.1881,330.1455,313.7003,314.9225,285.6445,285.8815
2024-01-05,348.6111,350.1464,342.9751,343.6982,13920700,META,341.1416,341.7963,327.9686,330.8697,314.1535,315.5896,286.3863,286.5057
2024-01-08,355.2575,355.5744,348.7102,351.3351,13890200,META,342.7299,343.0783,329.1400,331.8260,314.7153,316.3751,287.1730,287.1898
2024-01-09,354.0391,357.2187,351.9887,353.0189,13463900,META,343.9522,344.1222,330.5085,332.6971,315.3407,317.1209,287.9315,287.8550
2024-01-10,366.9554,369.4020,355.6735,356.7532,22117200,META,346.1903,346.2968,331.9693,334.0406,316.1864,318.1077,288.7460,288.6420
2024-01-11,366.1630,369.2434,359.4869,368.5996,17205400,META,347.9460,348.1888,333.2968,335.3003,317.0424,319.0593,289.5723,289.4134
2024-01-12,370.9373,373.4829,366.0343,366.6484,19310000,META,349.9146,350.3553,334.7473,336.6978,317.8802,320.0866,290.4331,290.2246
2024-01-16,363.9740,372.0466,363.7462,370.1052,15306900,META,351.6129,351.6523,335.8489,337.7675,318.6713,320.9557,291.2359,290.9584
2024-01-17,364.8754,365.0438,355.2079,362.8250,12724800,META,353.2695,352.9117,336.9880,338.8305,319.4055,321.8254,292.0310,291.6939
2024-01-18,372.5617,373.2749,367.4309,367.9657,16354300,META,354.8301,354.7831,338.2070,340.1533,320.2909,322.8301,292.8441,292.4986
2024-01-19,379.8123,380.7137,374.3843,375.4045,21670800,META,356.4689,357.1668,339.5471,341.7086,321.2611,323.9584,293.6879,293.3673
2024-01-22,378.1581,386.6468,377.5440,384.2696,17680500,META,358.0784,359.1660,340.7944,343.1380,322.1676,325.0317,294.5153,294.2110
2024-01-23,381.5457,384.6955,378.4553,380.9712,15506100,META,359.6192,361.2974,342.0904,344.6442,323.0314,326.1508,295.3757,295.0800
2024-01-24,386.9935,392.3918,384.1309,386.3001,15698500,META,361.4670,363.7447,343.4801,346.3049,323.9783,327.3556,296.2404,295.9946
2024-01-25,389.4499,391.7380,382.0013,386.4685,15091100,META,363.3663,366.1928,344.7560,347.9969,324.9420,328.5852,297.1241,296.9245
2024-01-26,390.4008,393.0257,387.8750,390.6088,13163700,META,365.1646,368.4983,346.0427,349.6598,325.9103,329.8092,298.0170,297.8546
2024-01-29,397.2156,399.1075,389.3707,391.2428,18742400,META,367.2793,371.2333,347.3246,351.5247,326.9095,331.1440,298.9432,298.8433
2024-01-30,396.2647,402.5049,395.7793,399.7612,18614700,META,369.5624,373.6172,348.6589,353.2792,327.9088,332.4335,299.8332,299.8126
2024-01-31,386.4388,394.2242,383.4276,385.3096,20180800,META,371.7341,374.8383,349.7672,354.5796,328.8148,333.5029,300.6685,300.6746
2024-02-01,391.0348,396.7005,389.3212,390.2028,29727100,META,374.2258,376.3808,350.9507,356.0092,329.7745,334.6422,301.5397,301.5737
2024-02-02,470.4838,481.3498,448.7124,455.2398,84707600,META,380.5586,385.3430,353.6255,360.4984,331.4329,337.3321,302.8131,303.2544
2024-02-05,455.0516,467.4231,454.8634,465.4223,40832400,META,385.8807,391.9820,356.0509,364.2064,332.9955,339.6632,304.0200,304.7648
2024-02-06,450.4062,462.6885,448.7025,459.5981,21655200,META,390.6381,397.5462,358.2940,367.5868,334.4779,341.8561,305.2168,306.2140
2024-02-07,465.1351,467.0468,451.8523,453.6551,23066000,META,396.1929,403.9832,360.8962,371.4122,336.0416,344.2973,306.4882,307.7953
2024-02-08,465.5412,466.1256,460.6184,463.8772,18815100,META,401.1222,409.8459,363.5766,375.1035,337.7224,346.6982,307.7620,309.3649
2024-02-09,463.6691,469.0971,463.0352,468.4632,18413100,META,405.9975,414.9719,366.1345,378.5767,339.3623,349.0144,309.0524,310.9003
2024-02-12,464.4517,474.6044,462.1537,463.7484,19382000,META,410.6732,419.6843,368.8425,381.9443,340.9850,351.3003,310.3376,312.4281
2024-02-13,455.7549,463.4513,450.7727,452.5358,20916600,META,415.2622,423.1196,371.4767,384.8389,342.5743,353.3687,311.4349,313.8543
2024-02-14,468.7901,469.6122,461.6683,463.4908,16858400,META,420.4580,427.4691,374.4177,388.1311,344.3330,355.6543,312.5887,315.3959
2024-02-15,479.4381,483.9846,467.7402,470.7711,24212300,META,425.8018,432.4186,377.6668,391.7117,346.1649,358.1055,313.7815,317.0282
2024-02-16,468.8297,474.4162,464.7587,473.5742,23324600,META,430.2527,435.8863,380.7380,394.7360,347.8735,360.2980,314.9408,318.5387
2024-02-20,467.2746,471.6625,462.1338,465.2638,18015500,META,434.7085,438.8756,383.7947,397.5806,349.5850,362.4164,316.1033,320.0186
2024-02-21,464.0817,465.0435,457.8944,462.5646,12921800,META,438.8353,441.2762,386.6065,400.1885,351.2766,364.4295,317.2671,321.4521
2024-02-22,482.0291,485.8565,472.0440,476.1887,21625800,META,443.5871,445.1574,389.6553,403.3979,353.0862,366.7582,318.5244,323.0499
2024-02-23,479.9467,490.1896,478.2809,483.9328,18374300,META,448.1119,448.4707,392.8103,406.3999,354.9120,368.9996,319.7689,324.6110
2024-02-26,477.6761,482.0390,476.5457,479.3915,12101400,META,452.4757,451.2522,395.7428,409.1950,356.6497,371.1516,321.0015,326.1341
2024-02-27,482.9413,483.1594,475.8715,475.9309,10809600,META,456.7620,454.2702,398.7704,412.0870,358.4983,373.3653,322.2618,327.6943
2024-02-28,479.9369,486.9076,478.6776,480.9086,12715500,META,460.9456,456.7146,401.7689,414.7478,360.2708,375.4756,323.4938,329.2092
2024-02-29,485.9953,487.5521,478.5387,484.3196,17732000,META,465.9234,459.5033,404.8540,417.5418,362.1118,377.6641,324.7658,330.7692
2024-03-01,498.0627,499.9962,487.7008,487.9586,16273600,META,471.2748,463.1756,407.9882,420.6995,363.9680,380.0482,326.0731,332.4339
2024-03-04,493.9874,500.1648,492.2323,498.7568,12324100,META,472.4500,466.1100,410.9272,423.5735,365.7545,382.3045,327.3603,334.0414
2024-03-05,486.0846,491.3993,483.7742,490.8242,15325300,META,474.0016,468.0124,413.7296,426.0249,367.4275,384.3595,328.5898,335.5542
2024-03-06,491.9051,498.7270,490.1203,493.4321,11757900,META,476.0766,470.2879,416.5531,428.6085,369.0994,386.4891,329.8267,337.1099
2024-03-07,507.8692,515.4646,497.1504,499.0344,18586400,META,478.2133,473.8671,419.7097,431.7167,370.9673,388.8927,331.1495,338.8090
2024-03-08,501.6818,519.1532,495.1375,509.8523,18597100,META,480.0203,476.5161,422.7141,434.4605,372.8671,391.1261,332.4281,340.4297
2024-03-11,479.5105,493.1247,471.9845,492.8173,20428300,META,480.8124,476.8013,425.2156,436.2271,374.4811,392.8763,333.6037,341.8136
2024-03-12,495.5342,498.0726,480.6409,489.0989,15448200,META,482.3665,478.5853,428.0279,438.5529,376.2272,394.9091,334.8471,343.3431
2024-03-13,491.3895,496.7538,486.8878,491.2110,12090700,META,484.1482,479.8048,430.8436,440.6249,378.0015,396.8196,336.0526,344.8162
2024-03-14,487.6809,497.1206,484.0419,496.0398,12620000,META,485.0928,480.5549,433.7371,442.4703,379.7799,398.6189,337.1933,346.2378
2024-03-15,480.0162,487.6810,477.2398,484.8848,29153600,META,485.1217,480.5036,436.5134,443.9426,381.5228,400.2307,338.2932,347.5689
2024-03-18,492.7875,493.2238,482.7033,487.7603,11755300,META,486.3196,481.6735,439.4926,445.8581,383.3404,402.0635,339.4461,349.0138
2024-03-19,492.0537,492.4404,477.2199,484.0518,10903100,META,487.5585,482.6621,442.3615,447.6697,385.1650,403.8455,340.5562,350.4371
2024-03-20,501.2555,503.9129,490.9928,495.2863,11711100,META,489.4172,484.4329,445.2814,449.7711,387.2107,405.7744,341.7124,351.9378
2024-03-21,503.4766,510.6951,501.7414,510.3680,9712500,META,490.4896,486.2466,448.2702,451.8772,389.3893,407.7091,342.8857,353.4457
2024-03-22,505.2812,505.6679,500.0854,502.7230,8120600,META,491.7563,488.0594,451.0367,453.9715,391.5030,409.6412,344.0694,354.9565
2024-03-25,498.7766,502.9411,496.0200,501.5232,8380600,META,492.8113,489.0801,453.6890,455.7286,393.4929,411.4063,345.2577,356.3875
2024-03-26,491.7067,505.6976,491.0324,500.8687,11205400,META,493.2496,489.3302,456.1044,457.1395,395.4258,412.9964,346.4059,357.7340
2024-03-27,489.6939,495.6730,483.9527,495.0880,9989700,META,493.7374,489.3649,458.6188,458.4161,397.2339,414.5152,347.5422,359.0470
2024-03-28,481.4837,488.7321,481.0573,488.6825,15212800,META,493.5119,488.6143,460.9509,459.3207,398.9695,415.8413,348.6072,360.2653
2024-04-01,487.2050,493.2337,477.7157,483.0900,9247000,META,492.9690,488.4801,463.2438,460.4142,400.7254,417.2544,349.6995,361.5284
2024-04-02,493.1743,493.3329,480.5616,481.0078,11081000,META,492.9283,488.9271,465.5110,461.6989,402.5291,418.7578,350.8116,362.8383
2024-04-03,502.4652,502.9610,494.5426,494.7211,12099200,META,493.7474,490.2165,467.9972,463.2976,404.3958,420.4153,351.9282,364.2276
2024-04-04,506.6099,525.5290,506.2728,512.0635,26476300,META,494.4826,491.7778,470.4985,464.9961,406.2944,422.1222,353.0695,365.6443
2024-04-05,522.8915,526.2231,510.0705,512.4998,19263300,META,495.2337,494.7410,473.2164,467.2665,408.3482,424.1176,354.2758,367.2090
2024-04-08,514.8696,527.0064,514.5127,524.8150,13260600,META,495.8931,496.6580,475.7248,469.1333,410.2404,425.9147,355.4553,368.6782
2024-04-09,512.5396,521.4339,502.4652,517.8245,10863800,META,497.5446,498.1705,478.1676,470.8355,412.1051,427.6300,356.6072,370.1097
2024-04-10,515.4448,518.1518,501.5331,504.9937,11418500,META,498.5401,499.8157,480.5322,472.5849,413.9284,429.3689,357.7544,371.5558
2024-04-11,518.7466,519.4408,512.9262,516.7139,10369500,META,499.9080,501.6186,482.9818,474.3952,415.8203,431.1388,358.9690,373.0204
2024-04-12,507.5817,515.8017,505.0333,513.3823,11984500,META,500.9030,502.1865,485.4047,475.6966,417.5860,432.6525,360.0853,374.3593
2024-04-15,496.0102,514.1558,493.0850,512.3610,13512900,META,501.7027,501.5983,487.5042,476.4932,419.2274,433.9071,361.1524,375.5698
2024-04-16,495.5441,500.5118,492.9164,493.9080,9847900,META,501.8405,501.0217,488.0054,477.2403,420.8154,435.1276,362.2359,376.7635
2024-04-17,490.0013,498.9154,483.0306,498.8559,12193700,META,501.7379,499.9722,488.7044,477.7407,422.3776,436.2142,363.2646,377.8903
2024-04-18,497.5669,507.8891,494.8302,495.6036,14808700,META,501.5535,499.7431,489.6476,478.5182,423.9708,437.4292,364.3359,379.0811
2024-04-19,477.0117,498.5584,471.7168,498.5584,25215400,META,500.2302,497.5782,489.8851,478.4592,425.3907,438.2130,365.2630,380.0555
2024-04-22,477.6662,487.8595,469.4065,485.5888,17271100,META,498.8495,495.6818,490.1276,478.4281,426.8521,438.9942,366.2053,381.0268
2024-04-23,491.9149,494.5525,484.8451,487.1059,15079200,META,498.5064,495.3231,490.6925,478.9570,428.4135,440.0422,367.2260,382.1302
2024-04-24,489.3369,505.6978,480.4922,503.7741,37772700,META,498.3879,494.7530,491.1902,479.3640,430.0164,441.0183,368.2161,383.1969
2024-04-25,437.6565,442.0094,411.0033,417.8450,82890700,META,495.7860,489.3152,490.8283,477.7284,431.1525,440.9517,368.9271,383.7388
2024-04-26,439.5505,442.6739,428.3160,437.7359,32691400,META,493.6894,484.5757,490.2435,476.2313,432.3306,440.9240,369.5928,384.2941
2024-04-29,428.9705,436.0502,424.9447,435.8519,21502600,META,490.7776,479.2800,489.2341,474.3779,433.4505,440.6873,370.1855,384.7387
2024-04-30,426.5411,435.9114,426.0949,427.4137,18429500,META,487.4460,474.2572,488.3884,472.5019,434.5632,440.4071,370.7885,385.1546
2024-05-01,435.4850,446.1642,423.5069,424.9844,20344900,META,484.0970,470.5646,487.7526,471.0503,435.7737,440.3097,371.4276,385.6554
2024-05-02,437.9540,440.2148,428.6333,435.1380,15221300,META,480.6642,467.4589,487.2300,469.7524,436.9183,440.2630,372.0719,386.1758
2024-05-03,448.1473,450.3387,440.1057,442.1682,16489100,META,476.9270,465.6197,486.5524,468.9051,438.1038,440.4192,372.7476,386.7924
2024-05-06,461.7516,462.2275,449.5157,451.7368,15094600,META,474.2711,465.2513,486.1885,468.6246,439.4994,440.8416,373.5581,387.5383
2024-05-07,464.2899,467.5522,457.4184,462.3564,13406800,META,471.8586,465.1597,485.9208,468.4546,440.8318,441.3059,374.4222,388.3020
2024-05-08,468.6132,471.5681,459.0942,459.5900,11683900,META,469.5170,465.4886,485.6342,468.4608,442.2023,441.8466,375.3210,389.1011
2024-05-09,471.4094,472.0638,463.6851,466.0351,9437700,META,467.1501,466.0525,485.4636,468.5765,443.6163,442.4320,376.2197,389.9201
2024-05-10,472.1829,473.4719,465.6385,473.0653,10750000,META,465.3802,466.6363,485.1874,468.7179,445.0207,443.0212,377.1019,390.7386
2024-05-13,464.0620,469.3569,458.9455,468.7620,14668800,META,463.7828,466.3912,484.5074,468.5353,446.2478,443.4378,377.8785,391.4682
2024-05-14,467.8695,468.5537,456.1988,459.4611,10478600,META,462.3991,466.5320,483.9850,468.5092,447.4561,443.9216,378.6058,392.2284
2024-05-15,477.4778,478.4297,467.2250,470.9731,13100500,META,461.7729,467.5744,483.8129,468.8609,448.7712,444.5861,379.4153,393.0767
2024-05-16,469.2379,473.6602,468.7619,470.9929,16608200,META,460.3564,467.7328,483.3595,468.8757,449.9563,445.0742,380.1633,393.8345
2024-05-17,467.9290,468.8115,464.4685,466.8581,10807300,META,459.9023,467.7515,482.5607,468.8386,451.1352,445.5268,380.9463,394.5717
2024-05-20,464.8849,469.2082,463.1001,465.9856,11745100,META,459.2632,467.4785,481.8248,468.6835,452.2694,445.9101,381.7196,395.2714
2024-05-21,460.7104,466.7293,458.3703,463.1794,11742200,META,457.7030,466.8339,481.4488,468.3709,453.3322,446.2032,382.4843,395.9225
2024-05-22,463.8339,469.7238,461.7219,463.9232,10078600,META,456.4279,466.5482,480.8148,468.1929,454.4213,446.5523,383.2357,396.5983
2024-05-23,461.8507,470.3583,457.6465,468.8908,11747900,META,457.6376,466.1008,480.2240,467.9442,455.5338,446.8553,383.9965,397.2475
2024-05-24,474.1859,475.8021,462.3664,463.6753,12024300,META,459.3693,466.8708,479.9541,468.1890,456.8456,447.3965,384.8559,398.0131
2024-05-28,475.8715,476.8035,470.8343,472.5596,10175800,META,461.7144,467.7280,479.8712,468.4903,458.1923,447.9603,385.7211,398.7878
2024-05-29,470.3583,475.8020,469.7039,470.6558,9226200,META,463.9053,467.9786,479.4226,468.5635,459.4576,448.4039,386.5790,399.4999
2024-05-30,463.1100,467.7506,460.7898,467.6911,10719600,META,465.2865,467.5149,478.8438,468.3497,460.6026,448.6951,387.3781,400.1329
2024-05-31,462.8918,465.1625,450.6262,461.8705,16919800,META,466.5334,467.0746,478.0765,468.1356,461.6790,448.9762,388.1971,400.7573
2024-06-03,473.4619,475.5542,464.2900,466.8879,11279400,META,467.7991,467.6829,477.4762,468.3445,462.8732,449.4611,389.1069,401.4808
2024-06-04,472.9662,474.8502,469.2379,472.9761,7088700,META,468.3599,468.1861,476.8299,468.5257,463.9333,449.9265,390.0598,402.1921
2024-06-05,490.8837,492.4603,479.8278,480.3632,15690500,META,469.6896,470.3478,476.6720,469.4025,465.1805,450.7375,391.1114,403.0746
2024-06-06,489.5947,498.5782,486.7489,488.8212,10667300,META,470.7386,472.1808,476.6298,470.1944,466.3671,451.5070,392.1237,403.9355
2024-06-07,488.8014,494.7012,486.0350,491.7265,9380700,META,471.6082,473.7637,476.6120,470.9241,467.6154,452.2455,393.1433,404.7799
2024-06-10,498.3601,498.4196,489.2476,489.6938,11220900,META,472.9171,476.1062,476.9495,472.0000,468.9502,453.1587,394.1779,405.7111
2024-06-11,503.1891,503.3180,494.0667,495.9408,9673700,META,474.8734,478.6855,477.2692,473.2231,470.2565,454.1494,395.2737,406.6810
2024-06-12,504.5475,509.6739,500.2144,509.6541,11983200,META,476.7073,481.1486,477.4966,474.4515,471.5038,455.1473,396.3824,407.6548
2024-06-13,499.8475,505.0631,497.1306,501.4439,9954600,META,477.8258,482.9294,477.4443,475.4474,472.7207,456.0325,397.4442,408.5721
2024-06-14,500.4033,503.3710,497.0187,498.9045,10243300,META,479.3841,484.5936,477.3201,476.4261,473.9093,456.9111,398.4704,409.4859
2024-06-17,502.8549,506.9442,492.3140,497.9319,11266600,META,481.1304,486.3328,476.9194,477.4625,475.0679,457.8209,399.5231,410.4149
2024-06-18,495.7681,502.2296,491.3314,500.8003,13060400,META,482.6746,487.2314,476.5374,478.1804,476.1311,458.5723,400.5366,411.2642
2024-06-20,497.9617,499.9170,493.0684,498.2594,11801200,META,484.5371,488.2533,476.2458,478.9561,477.2067,459.3523,401.5585,412.1269
2024-06-21,491.0932,499.6986,488.7211,499.6986,22359200,META,485.9001,488.5238,475.7588,479.4321,478.1455,459.9809,402.5275,412.9126
2024-06-24,495.1924,504.0162,490.6069,495.4803,13525300,META,487.5672,489.1589,475.2877,480.0501,479.1348,460.6781,403.5218,413.7313
2024-06-25,506.7953,506.9045,491.8078,493.3463,12063200,META,489.1976,490.8386,475.2720,481.0990,480.3383,461.5913,404.5766,414.6573
2024-06-26,509.2966,509.9814,500.9195,502.8748,8882300,META,490.8689,492.5965,475.5377,482.2047,481.5209,462.5360,405.6477,415.5990
2024-06-27,515.6885,518.9838,510.0707,510.4181,10121200,META,493.1354,494.7957,475.9406,483.5178,481.9730,463.5885,406.7030,416.5949
2024-06-28,500.4628,517.9912,500.0857,513.2965,15855100,META,495.0030,495.3354,476.1498,484.1823,482.4271,464.3187,407.7113,417.4294
2024-07-01,500.9195,502.8053,489.4952,501.1875,10328200,META,496.9044,495.8672,476.2169,484.8387,482.9322,465.0435,408.7051,418.2602
2024-07-02,505.7036,506.6961,495.7285,497.0287,7739500,META,498.5165,496.8040,476.7907,485.6569,483.3379,465.8486,409.6898,419.1302
2024-07-03,506.1601,507.4702,502.2494,502.5968,6005600,META,500.1762,497.6951,477.3606,486.4610,483.7441,466.6469,410.7333,419.9962
2024-07-05,535.8869,536.8398,507.7879,507.7879,21354100,META,502.4264,501.3324,478.2400,488.3993,484.4663,468.0179,411.9143,421.1494
2024-07-08,525.3759,538.7653,522.7258,538.3087,14917500,META,504.2154,503.6223,478.9608,489.8493,485.0755,469.1537,413.0303,422.1864
2024-07-09,526.0507,533.4750,524.2542,529.7728,8753200,META,506.0779,505.7583,480.7287,491.2690,485.7785,470.2804,414.1764,423.2199
2024-07-10,530.7058,534.8646,524.4230,526.8348,10983300,META,507.6952,508.1343,482.5518,492.8155,486.3976,471.4770,415.3653,424.2894
2024-07-11,508.8797,531.4701,504.5819,526.9342,16458300,META,507.9797,508.2052,484.1500,493.4455,486.6921,472.2176,416.4285,425.1311
2024-07-12,495.1527,504.3040,490.5473,494.0510,19750500,META,507.5100,506.9621,485.5222,493.5124,486.9553,472.6718,417.4144,425.8278
2024-07-15,492.4629,502.9045,489.6937,494.9145,12539200,META,507.1407,505.5813,486.6618,493.4713,487.2072,473.0637,418.3961,426.4909
2024-07-16,486.1404,500.1949,482.1702,497.7631,14075800,META,506.4276,503.7298,487.6255,493.1838,487.4278,473.3226,419.3522,427.0844
2024-07-17,458.5475,475.5996,455.6989,475.5996,28076600,META,504.2122,499.4267,487.8335,491.8255,487.1929,473.0300,420.1396,427.3975
2024-07-18,472.3043,475.6690,461.0785,471.4606,19267200,META,503.0390,496.8436,488.0446,491.0600,487.1165,473.0157,421.0143,427.8443
2024-07-19,473.2372,483.0833,472.1653,472.5127,15149400,META,501.8028,494.5954,488.2235,490.3610,487.0721,473.0201,421.8609,428.2960
2024-07-22,483.7682,488.3935,480.2943,482.9543,12023100,META,501.4366,493.5642,488.5266,490.1025,487.0804,473.2329,422.7893,428.8479
2024-07-23,485.0486,491.5300,484.0858,486.1900,9455500,META,500.9294,492.7532,488.7994,489.9043,487.1315,473.4669,423.7012,429.4072
2024-07-24,457.8329,472.7509,457.1481,468.7907,17649700,META,498.4812,489.4275,488.5124,488.6466,486.8499,473.1573,424.4808,429.6900
2024-07-25,450.0315,460.0959,439.3516,459.8081,18240500,META,495.5180,485.6755,488.2318,487.1323,486.3696,472.6993,425.1688,429.8924
2024-07-26,462.2299,466.2695,455.9967,460.7410,14222400,META,492.8451,483.4426,488.1190,486.1557,486.0520,472.4920,425.9033,430.2142
2024-07-29,462.2398,470.4283,461.5549,466.3787,11339600,META,490.9339,481.4232,487.8142,485.2178,485.8136,472.2890,426.6205,430.5328
2024-07-30,459.7386,469.2075,453.2970,463.5202,11390400,META,488.8749,479.3580,487.6242,484.2187,485.4919,472.0405,427.2957,430.8234
2024-07-31,471.2918,472.9494,463.2721,467.5102,24285800,META,487.1543,478.5898,487.6915,483.7117,485.1261,472.0257,428.0467,431.2261
2024-08-01,494.0312,523.2419,488.4332,517.1178,43083100,META,486.5478,480.0604,488.2744,484.1164,485.0496,472.4614,428.9583,431.8510
2024-08-02,484.5027,497.4157,472.6020,485.3563,24044700,META,483.9786,480.4835,488.7503,484.1316,485.0995,472.6999,429.7903,432.3749
2024-08-05,472.1852,479.8774,447.4409,447.9868,21396200,META,481.3191,479.6932,488.9173,483.6631,484.8660,472.6897,430.5466,432.7710
2024-08-06,490.4084,498.8152,475.0834,475.4308,20955000,META,479.5370,480.7137,489.4884,483.9276,484.8562,473.0405,431.4288,433.3446
2024-08-07,485.2769,506.3487,483.2322,499.3810,20105300,META,477.2655,481.1483,489.7103,483.9805,484.8322,473.2828,432.3060,433.8613
2024-08-08,505.8326,506.1601,491.0336,493.7929,16156800,META,477.1132,483.4992,490.3095,484.8374,485.0904,473.9274,433.3066,434.5774
2024-08-09,513.9119,514.4777,501.9319,503.9269,13696600,META,478.0511,486.3956,491.1806,485.9776,485.3016,474.7192,434.3210,435.3668
2024-08-12,512.1055,514.1601,505.3065,513.0087,9767400,META,479.0332,488.8442,492.1605,487.0022,485.5021,475.4595,435.3336,436.1304
2024-08-13,524.6016,527.5396,514.2891,516.1352,13743800,META,480.9563,492.2496,493.3947,488.4767,485.7356,476.4326,436.4731,437.0107
2024-08-14,522.8349,530.0209,519.2319,524.1252,11444200,META,484.1707,495.1625,494.3821,489.8241,485.9292,477.3515,437.6593,437.8647
2024-08-15,533.3262,535.7481,522.7754,527.8275,13482100,META,487.2218,498.7972,495.5893,491.5301,486.2096,478.4599,438.8563,438.8145
2024-08-16,523.4901,529.6835,520.7506,527.9367,14776700,META,489.7344,501.1489,496.2415,492.7834,486.4567,479.3516,439.9748,439.6571
2024-08-19,525.3362,527.6984,518.8647,522.9441,9879700,META,491.8128,503.4524,496.9563,494.0600,486.7930,480.2621,441.1094,440.5096
2024-08-20,522.8051,527.1326,521.9614,524.4130,7944400,META,493.7006,505.2955,497.6364,495.1872,487.1242,481.1046,442.1790,441.3285
2024-08-21,531.1723,535.3808,523.0036,523.2220,13423300,META,497.3676,507.7600,498.2926,496.5984,487.6210,482.0960,443.2953,442.2224
2024-08-22,527.9665,540.1748,524.6514,532.9987,15708300,META,501.2644,509.6844,498.7881,497.8285,488.0287,483.0043,444.3770,443.0756
2024-08-23,524.0657,535.8472,521.1476,532.9192,11323900,META,504.3561,511.0541,499.1785,498.8574,488.3376,483.8174,445.4333,443.8815
2024-08-26,517.2369,524.0656,511.1129,523.6686,9584000,META,507.1060,511.6429,499.5263,499.5782,488.4853,484.4792,446.4405,444.6114
2024-08-27,515.2320,520.1054,511.4703,515.1129,6282700,META,509.8807,511.9847,499.8229,500.1921,488.5715,485.0882,447.4330,445.3141
2024-08-28,512.9293,517.2071,508.6315,513.8126,9106100,META,511.9625,512.0747,500.0244,500.6916,488.4719,485.6395,448.4101,445.9869
2024-08-29,514.3586,523.2717,511.8375,515.1824,8317400,META,512.9789,512.2922,500.3962,501.2275,488.4668,486.2082,449.3536,446.6672
2024-08-30,517.4255,519.6389,511.3611,517.4652,9157500,META,514.6251,512.7811,500.7854,501.8628,488.5156,486.8263,450.3104,447.3712
2024-09-03,507.9467,521.5743,504.8300,515.7679,12459100,META,516.4131,512.3207,501.1225,502.1013,488.4407,487.2446,451.1845,447.9740
2024-09-04,508.9193,512.7407,500.3139,502.2990,8335200,META,517.3387,511.9967,501.3971,502.3687,488.3424,487.6738,452.0814,448.5804
2024-09-05,513.0086,517.7431,507.3412,507.9069,8640900,META,518.7253,512.0931,501.5213,502.7860,488.3966,488.1754,452.9913,449.2215
2024-09-06,496.5423,520.6712,494.5373,517.9913,14744500,META,518.2607,510.6121,501.2662,502.5411,488.4020,488.3411,453.8147,449.6923
2024-09-09,501.0287,507.5199,498.3389,502.3885,11047800,META,517.6166,509.6994,500.9730,502.4818,488.4568,488.5924,454.6361,450.2032
2024-09-10,501.0287,510.3487,496.3041,504.3736,9899000,META,517.0627,508.8736,500.9844,502.4248,488.5671,488.8386,455.4724,450.7089
2024-09-11,508.0161,509.2965,491.9071,503.2321,10782500,META,516.2335,508.7919,501.1263,502.6441,488.6716,489.2184,456.3212,451.2791
2024-09-12,521.6836,522.7854,511.3809,513.1973,11970500,META,516.1759,510.0197,501.4459,503.3907,489.1183,489.8613,457.2545,451.9796
2024-09-13,520.7109,523.6488,513.2568,516.4628,10321400,META,515.5451,511.0379,501.7369,504.0700,489.5487,490.4721,458.2004,452.6635
2024-09-16,529.8113,530.6259,514.0346,521.1281,9527600,META,515.8612,512.8258,501.6154,505.0794,489.9277,491.2511,459.1706,453.4312
2024-09-17,532.8314,538.5738,527.1188,534.1031,11690800,META,516.2360,514.7311,501.7645,506.1677,490.3627,492.0745,460.1895,454.2212
2024-09-18,534.4510,540.6603,530.4273,533.5767,10323500,META,516.8183,516.6092,501.9325,507.2769,491.3306,492.9136,461.2415,455.0195
2024-09-19,555.4633,558.4140,542.9651,546.4225,15647000,META,518.0328,520.3096,502.4277,509.1665,492.4897,494.1523,462.4102,456.0190
2024-09-20,557.6987,560.8282,552.6815,556.3575,22066800,META,519.5194,523.8705,503.4040,511.0698,493.7770,495.4106,463.6137,457.0307
2024-09-23,560.7388,570.2465,558.7518,565.7957,12830700,META,521.3531,527.3817,504.7158,513.0176,495.1190,496.7042,464.8411,458.0626
2024-09-24,559.6658,564.0571,550.5853,562.9940,12993000,META,523.4745,530.4564,506.0598,514.8469,496.3608,497.9510,466.0672,459.0736
2024-09-25,564.6134,573.1277,560.0532,560.3811,16543400,META,525.9436,533.7095,507.6293,516.7985,497.6274,499.2710,467.2728,460.1238
2024-09-26,564.1465,573.6443,558.6921,571.9851,14400800,META,528.5045,536.6082,509.7413,518.6553,498.7874,500.5557,468.4456,461.1588
2024-09-27,563.6696,567.1270,560.8381,566.3917,9398400,META,530.9700,539.1855,511.5686,520.4206,499.8066,501.8055,469.6530,462.1788
2024-09-30,568.7166,570.9420,561.1263,564.0075,12792300,META,533.5346,541.9980,513.4781,522.3145,500.8508,503.1305,470.8413,463.2389
2024-10-01,572.7203,579.2476,566.3918,574.2205,15259300,META,536.7732,544.9239,515.2572,524.2912,501.8919,504.5085,472.0471,464.3283
2024-10-02,569.0841,572.2534,565.6367,571.1208,6524700,META,539.7815,547.2249,516.9379,526.0478,502.8686,505.7872,473.2425,465.3706
2024-10-03,578.9794,579.5655,565.0307,566.4415,11581000,META,543.0800,550.2491,519.3608,528.1236,503.9366,507.2365,474.4786,466.5010
2024-10-04,592.0638,592.9678,577.6482,579.9332,14169500,META,547.8561,554.2315,522.2015,530.6310,505.2166,508.9163,475.7322,467.7504
2024-10-07,580.9763,599.0281,580.2411,594.3288,12014200,META,551.8535,556.7786,524.5764,532.6054,506.3477,510.3432,476.9019,468.8770
2024-10-08,589.0335,589.6991,582.1585,585.8543,7857400,META,556.2537,559.8505,527.1123,534.8182,507.4633,511.9014,478.1173,470.0726
2024-10-09,586.6690,590.5238,577.8269,590.1264,9529700,META,560.1864,562.4046,529.6509,536.8516,508.6376,513.3820,479.2969,471.2328
2024-10-10,580.0325,586.3908,578.7310,583.7481,7740400,META,563.1038,564.0835,531.8257,538.5450,509.7586,514.7018,480.4469,472.3154
2024-10-11,586.1127,587.3645,578.9198,581.0260,8587100,META,566.3739,566.1815,533.6673,540.4104,510.9709,516.1159,481.6202,473.4477
2024-10-14,586.5797,596.1967,586.1227,590.3549,8252000,META,569.2123,568.1242,535.7089,542.2209,512.2296,517.5112,482.7809,474.5734
2024-10-15,582.4566,586.7683,576.3665,586.3213,9564200,META,571.6936,569.4892,537.9143,543.7988,513.4158,518.7972,483.9186,475.6468
2024-10-16,573.0383,578.2940,570.2963,577.6184,11268400,META,573.6229,569.8272,539.5669,544.9454,514.5277,519.8713,485.0307,476.6159
2024-10-17,573.1774,581.1651,571.4587,579.5358,8701200,META,574.5086,570.1463,541.3249,546.0526,515.5176,520.9269,486.1816,477.5767
2024-10-18,572.7203,580.1716,571.5083,577.3202,7694300,META,575.2597,570.3914,542.6627,547.0984,516.4861,521.9525,487.3392,478.5234
2024-10-21,571.4189,573.4854,565.4082,572.2833,8171900,META,575.7937,570.4893,543.8128,548.0521,517.4967,522.9320,488.4772,479.4478
2024-10-22,578.2243,579.7344,568.3986,570.5545,8544500,META,576.7217,571.2259,545.1352,549.2353,518.6478,524.0269,489.6252,480.4306
2024-10-23,560.0234,581.1948,558.8412,576.1975,14248400,META,576.4922,570.1590,545.8436,549.6584,519.6191,524.7397,490.6491,481.2226
2024-10-24,564.0869,565.1797,557.8676,563.4411,7184700,META,576.4892,569.5807,546.6687,550.2242,520.5254,525.5189,491.6993,482.0471
2024-10-25,569.5214,577.5090,568.0013,570.1969,11337900,META,576.7818,569.5751,547.3926,550.9810,521.4909,526.3902,492.7121,482.9175
2024-10-28,574.3994,579.9530,570.3857,578.2144,10925100,META,577.0659,570.0345,548.4107,551.8993,522.3261,527.3409,493.7533,483.8278
2024-10-29,589.4210,589.8084,571.6573,576.3764,13019100,META,577.9009,571.8809,549.6924,553.3708,523.3244,528.5702,494.8457,484.8784
2024-10-30,587.9506,597.2894,585.5463,597.0708,26864900,META,578.8443,573.4113,550.9954,554.7269,524.3159,529.7461,495.9656,485.9040
2024-10-31,563.8881,586.0629,559.3478,581.1948,26838400,META,578.0897,572.5043,551.6497,555.0861,524.9711,530.4221,496.9607,486.6800
2024-11-01,563.4709,569.9386,558.9009,563.9180,15303200,META,576.6601,571.6440,552.3598,555.4149,525.5740,531.0766,497.9152,487.4441
2024-11-04,557.0330,564.9909,554.2612,560.4308,12064600,META,575.4629,570.2525,553.0191,555.4784,526.0988,531.5906,498.8013,488.1365
2024-11-05,568.7066,569.7498,562.9841,563.6100,9775400,META,574.4466,570.1053,554.0485,555.9971,526.7874,532.3255,499.7541,488.9382
2024-11-06,568.3292,569.2730,551.5590,559.0897,18305400,META,573.5296,569.9361,555.1104,556.4807,527.4667,533.0385,500.6880,489.7282
2024-11-07,587.8513,590.9311,571.4685,573.1376,14653700,META,573.9205,571.6423,556.6089,557.7110,528.3166,534.1239,501.6923,490.7045
2024-11-08,585.5067,589.2422,580.7181,587.6924,9415700,META,573.8902,572.9627,558.0318,558.8010,529.2140,535.1414,502.6726,491.6478
2024-11-11,579.3767,583.1818,572.7601,582.5460,10209100,META,573.5301,573.5736,559.2709,559.6079,530.0282,536.0173,503.6174,492.5207
2024-11-12,581.0161,595.7595,576.6049,584.7118,16287700,META,573.4580,574.2824,560.7323,560.4474,530.9274,536.9084,504.5364,493.4013
2024-11-13,576.2273,581.8306,571.4287,578.8203,10757600,META,573.6175,574.4676,562.0784,561.0662,531.7377,537.6870,505.4362,494.2254
2024-11-14,573.4058,576.9824,569.2829,573.2469,11053700,META,573.6289,574.3665,563.2864,561.5501,532.4038,538.3943,506.3711,495.0133
2024-11-15,550.4760,568.8457,547.9128,567.5045,17712900,META,572.5167,572.0912,564.3650,561.1159,532.8156,538.6335,507.1683,495.5652
2024-11-18,550.7939,556.2582,546.5120,553.4167,14327300,META,571.4854,570.0629,565.3603,560.7111,533.1667,538.8743,507.5698,496.1147
2024-11-19,557.4404,557.7782,547.0186,548.2704,9522400,META,570.4462,568.8608,566.4886,560.5828,533.7365,539.2420,508.0818,496.7249
2024-11-20,561.8417,562.6662,550.5953,559.2685,9797300,META,570.5371,568.1923,567.5651,560.6322,534.3457,539.6895,508.6390,497.3728
2024-11-21,559.4274,566.2924,545.4787,565.8155,11154700,META,570.3042,567.3575,568.3200,560.5849,534.8829,540.0803,509.1104,497.9903
2024-11-22,555.5031,560.1626,550.9827,559.8844,9164000,META,569.6033,566.2285,569.0158,560.3857,535.3764,540.3857,509.5602,498.5626
2024-11-25,561.4342,568.8656,552.7710,558.4438,13599800,META,568.9550,565.7719,569.6483,560.4268,535.6318,540.8025,510.0491,499.1882
2024-11-26,569.8093,573.7436,561.5236,562.3184,10356600,META,567.9744,566.1564,570.3878,560.7947,536.0762,541.3769,510.5758,499.8909
2024-11-27,565.4976,571.2400,560.4308,571.1506,7200200,META,566.8518,566.0937,571.0088,560.9791,536.4706,541.8546,511.1246,500.5437
2024-11-29,570.5844,574.6974,563.2126,565.2989,7130500,META,567.1866,566.5214,571.3112,561.3558,536.8694,542.4235,511.6335,501.2406
2024-12-02,588.9739,590.6331,571.8262,573.7436,12522400,META,568.4617,568.6597,571.9367,562.4389,537.6704,543.3453,512.1812,502.1135
2024-12-03,609.6585,610.2049,587.4042,591.1298,14907200,META,571.0930,572.5644,572.9151,564.2906,538.8154,544.6584,512.8854,503.1836
2024-12-04,609.7877,613.7616,601.1641,608.9730,14697000,META,573.1471,576.1094,573.9175,566.0748,539.9887,545.9481,513.5979,504.2444
2024-12-05,604.9692,615.8679,603.1015,613.0663,8081200,META,574.9791,578.8580,574.7246,567.6001,541.1770,547.1168,514.3024,505.2466
2024-12-06,619.7128,625.6936,604.5719,606.1316,16935500,META,576.5721,582.7489,575.8360,569.6437,542.7886,548.5544,514.9908,506.3856
2024-12-09,609.5790,622.3255,602.2271,619.8616,11426000,META,577.7758,585.3042,576.7541,571.2098,544.1614,549.7628,515.6389,507.4124
2024-12-10,615.2917,621.5209,608.7545,613.5431,10938900,META,579.5715,588.1601,577.6856,572.9385,545.5819,551.0604,516.3270,508.4858
2024-12-11,628.5648,634.2476,617.4873,619.3153,10837200,META,581.9489,592.0082,578.8025,575.1199,547.0299,552.5951,517.0551,509.6806
2024-12-12,626.6870,632.5188,623.1303,627.3924,7474700,META,584.4719,595.3109,579.9546,577.1422,548.4462,554.0623,517.7889,510.8449
2024-12-13,616.3149,626.9752,612.8775,623.1403,8453300,META,586.6174,597.3113,580.7013,578.6784,550.0311,555.2950,518.4405,511.8943
2024-12-16,620.6798,627.5504,615.0521,626.3871,10885600,META,590.1276,599.5369,581.2736,580.3255,551.7375,556.5897,519.0536,512.9768
2024-12-17,615.9072,628.7635,613.0237,622.5988,12897800,META,593.3832,601.0960,581.9722,581.7208,553.2743,557.7644,519.6632,514.0009
2024-12-18,593.7841,623.7820,592.9191,617.4583,17075500,META,595.2004,600.3996,582.0673,582.1939,554.5898,558.4776,520.2017,514.7948
2024-12-19,592.1733,608.0324,591.6066,606.9088,14958100,META,596.7170,599.6161,582.1773,582.5853,555.9141,559.1449,520.7030,515.5647
2024-12-20,581.9122,599.6704,576.6922,587.2119,48989400,META,597.8412,597.9301,582.2149,582.5589,557.0203,559.5957,521.0732,516.2249
2024-12-23,596.4290,597.6620,582.9066,586.2375,10205800,META,599.8875,597.7871,582.4213,583.1028,558.0443,560.3251,521.5470,517.0230
2024-12-24,604.2839,604.5225,595.8622,599.2825,4726100,META,602.0300,598.4058,582.7753,583.9334,559.2421,561.1955,522.1708,517.8912
2024-12-26,599.9090,602.8422,595.5242,602.0269,6081400,META,603.5350,598.5490,583.1244,584.5599,560.5193,561.9621,522.6927,518.7073
2024-12-27,596.3893,598.4176,586.4364,595.9915,8084200,META,605.0796,598.3433,583.5914,585.0238,561.5792,562.6439,523.2177,519.4803
2024-12-30,587.8681,593.5356,582.2404,585.3923,7025900,META,605.9438,597.3457,583.8852,585.1354,562.6051,563.1434,523.7186,520.1608
2024-12-31,582.1708,590.5826,580.5203,588.8923,6019500,META,605.6036,595.9004,584.0742,585.0191,563.3685,563.5201,524.2294,520.7778
2025-01-02,595.8224,601.4601,584.4676,586.3567,12682300,META,604.9118,595.8930,584.5623,585.4428,564.1876,564.1598,524.7446,521.5245
2025-01-03,601.1816,606.0239,593.0085,601.3109,11436800,META,604.4815,596.3967,585.0215,586.0600,565.0783,564.8929,525.2902,522.3171
2025-01-06,626.6059,627.3914,602.1661,608.3407,14560800,META,605.5633,599.2738,586.3531,587.6500,566.0984,566.1149,525.9170,523.3548
2025-01-07,614.3661,628.4950,604.7611,628.0973,12071500,META,605.2960,600.7111,587.3587,588.6977,567.0137,567.0704,526.4714,524.2604
2025-01-08,607.2369,612.9243,599.3522,609.9017,10085800,META,605.1789,601.3326,588.1130,589.4247,567.7528,567.8658,526.9812,525.0860
2025-01-10,612.3477,626.3175,593.9333,606.5509,19256600,META,605.0317,602.3817,588.8720,590.3237,568.6414,568.7466,527.5491,525.9543
2025-01-13,604.8607,605.4970,595.0370,603.6376,10785000,META,603.8465,602.6178,589.1808,590.8937,569.4366,569.4617,528.1148,526.7394
2025-01-14,590.8610,602.0368,585.1935,601.6193,13598000,META,602.0552,601.4981,589.2390,590.8925,570.1172,569.8855,528.6207,527.3775
2025-01-15,613.6005,618.9101,603.0411,606.7300,15524300,META,601.9195,602.6507,590.2332,591.7830,570.9414,570.7511,529.2812,528.2354
2025-01-16,607.8137,612.7355,606.2328,608.0126,8355300,META,601.2762,603.1424,591.1201,592.4116,571.7399,571.4850,529.8843,529.0272
2025-01-17,609.2753,621.4056,600.2271,620.4909,17280600,META,600.9446,603.7265,592.1649,593.0729,572.5920,572.2334,530.4648,529.8257
2025-01-21,612.9443,617.9555,605.5368,614.3065,11674000,META,601.9026,604.6044,593.0497,593.8522,573.5491,573.0395,531.0172,530.6528
2025-01-22,619.9441,630.0859,615.8973,619.7452,12274000,META,603.2911,606.0653,594.0820,594.8754,574.5962,573.9683,531.5839,531.5412
2025-01-23,632.8202,632.9693,617.6075,623.7820,9910200,META,605.8365,608.6134,594.9813,596.3635,575.7951,575.1337,532.1335,532.5490
2025-01-24,643.7972,648.2815,630.5831,632.7705,19065300,META,608.2049,611.9642,596.1472,598.2236,577.0895,576.4934,532.7781,533.6559
2025-01-27,656.1165,660.0838,621.5348,623.0362,28399200,META,610.7966,616.1692,597.6820,600.4939,578.4764,578.0701,533.4960,534.8744
2025-01-28,670.4843,678.6872,655.7090,662.2017,20950100,META,614.3253,621.3421,599.4713,603.2386,580.1018,579.9001,534.2712,536.2238
2025-01-29,672.6320,677.1659,661.8737,671.1505,21377800,META,618.1375,626.2268,601.3994,605.9599,581.7389,581.7363,535.0406,537.5811
2025-01-30,683.0820,706.7363,672.2441,692.8460,29322900,META,622.8982,631.6416,603.5929,608.9843,583.4396,583.7432,535.9181,539.0289
2025-01-31,685.2495,701.2776,681.6701,687.0591,19303900,META,628.0521,636.7471,606.2884,611.9751,585.3267,585.7532,536.8643,540.4838
2025-02-03,693.4824,699.9850,671.3990,672.0552,21415700,META,632.9351,642.1505,609.1422,615.1715,587.2513,587.8865,537.8540,542.0062
2025-02-04,700.1740,703.6739,687.6657,698.4936,13826300,META,637.8847,647.6765,611.9968,618.5049,589.2427,590.1100,538.9049,543.5800
2025-02-05,700.8501,714.0444,695.0235,699.5376,17778200,META,641.5969,652.7407,614.7770,621.7341,591.1710,592.3028,539.9213,545.1449
2025-02-06,707.9294,714.8000,699.4878,701.8542,13080700,META,646.2751,657.9967,617.7470,625.1143,593.0335,594.5925,541.0759,546.7646
2025-02-07,710.4450,720.8752,707.6908,712.7120,16427100,META,651.4355,662.9918,620.8459,628.4606,594.9308,596.8866,542.2398,548.3933
2025-02-10,713.3085,717.0868,707.2731,714.4619,12904300,META,656.4835,667.7839,623.8834,631.7880,596.7658,599.1920,543.3468,550.0342
2025-02-11,715.6949,719.5329,705.9905,709.2519,12998000,META,662.0252,672.3468,626.8011,635.0785,598.5945,601.4990,544.4786,551.6826
2025-02-12,721.2430,722.9532,708.5359,711.2205,12016500,META,668.5443,677.0036,629.9160,638.4575,600.4624,603.8701,545.8965,553.3697
2025-02-13,724.4048,724.8423,713.9448,717.4050,12569100,META,674.0846,681.5180,632.9924,641.8280,602.1518,606.2570,547.3208,555.0716
2025-02-14,732.4686,736.6844,721.4816,721.9987,16901200,META,680.3173,686.3704,635.8623,645.3825,603.8995,608.7562,548.8382,556.8367
2025-02-18,712.2845,732.7968,702.4111,731.8025,21938700,META,685.4678,688.8385,637.9148,648.0061,605.4149,610.8063,550.2670,558.3835
2025-02-19,699.7563,702.9678,691.4241,700.0844,17535500,META,689.8084,689.8782,639.7142,650.0355,606.8159,612.5677,551.5883,559.7902
2025-02-20,690.8773,701.6058,689.6842,693.3034,12587400,META,693.3550,689.9734,641.4323,651.6372,608.0785,614.1183,552.8529,561.0945
2025-02-21,679.6516,699.8557,678.4684,692.6073,15660400,META,695.6966,688.9904,642.6311,652.7358,609.2335,615.4160,554.0105,562.2742
2025-02-24,664.3196,683.3504,658.6720,682.3661,15677000,META,696.7227,686.6408,643.7259,653.1900,610.2400,616.3844,555.0233,563.2896
2025-02-25,653.7502,664.1903,638.1994,662.1718,20579700,META,696.6044,683.5083,644.4951,653.2120,611.0904,617.1243,555.9706,564.1897
2025-02-26,669.8577,679.1146,654.2473,655.8879,14488700,META,696.5731,682.2083,645.3210,653.8648,612.0618,618.1686,556.9768,565.2411
2025-02-27,654.4859,684.7225,653.8197,678.5578,12500000,META,695.6658,679.5680,645.8769,653.8891,612.9158,618.8877,557.8922,566.1291
2025-02-28,664.3892,665.8111,638.9352,654.2871,17534200,META,694.7311,678.1224,646.8384,654.3009,613.7699,619.7887,558.8532,567.1068
2025-03-03,651.3142,677.3648,647.1283,669.8380,10843800,META,693.0344,675.5693,647.4511,654.1838,614.3624,620.4130,559.7895,567.9447
2025-03-04,636.3500,646.0444,620.0933,641.8286,21495200,META,690.1777,671.8341,647.8600,653.4844,614.9161,620.7286,560.6319,568.6254
2025-03-05,652.7261,655.7388,634.0234,637.3443,13770000,META,687.8053,670.0143,649.0388,653.4547,615.5530,621.3622,561.5081,569.4622
2025-03-06,624.3488,646.8497,620.5505,644.3043,13446500,META,683.9803,665.6652,649.6823,652.3133,615.9298,621.4213,562.2837,570.0083
2025-03-07,622.0918,631.1697,597.1847,621.8035,21375700,META,679.6884,661.5154,650.4859,651.1281,616.3504,621.4346,563.0545,570.5266
2025-03-10,594.5795,606.6304,583.5230,604.6021,21999900,META,673.8951,655.1405,650.4489,648.9105,616.4351,620.9028,563.7030,570.7659
2025-03-11,602.2556,611.4229,589.9462,591.6563,17401500,META,668.3425,650.1039,650.4084,647.0809,616.5919,620.5336,564.4107,571.0792
2025-03-12,616.0266,629.7181,605.8748,626.3077,15747000,META,663.3591,646.8584,650.7307,645.8631,616.9276,620.4443,565.1717,571.5265
2025-03-13,587.2715,616.9612,583.1650,616.7126,16480300,META,656.6605,641.1835,650.5484,643.5654,617.0699,619.7874,565.7988,571.6831
2025-03-14,604.6723,605.9262,591.9141,599.8954,12364500,META,650.6739,637.7062,650.8844,642.0402,617.3848,619.4881,566.4512,572.0114
2025-03-17,601.9853,610.1457,595.1185,604.5330,15473900,META,644.1497,634.3042,651.2807,640.4694,617.6775,619.1415,567.0818,572.3096
2025-03-18,579.5539,597.3577,571.8910,597.1587,20297700,META,637.5132,629.0899,650.9554,638.0805,617.7588,618.3576,567.6278,572.3817
2025-03-19,581.2457,589.4659,572.0005,581.4647,20537500,META,631.5876,624.5333,650.5566,635.8517,617.7890,617.6227,568.2184,572.4699
2025-03-20,583.1763,607.2597,576.7176,579.9520,24336500,META,626.2026,620.5945,649.6880,633.7860,618.0206,616.9406,568.8199,572.5764
2025-03-21,593.3769,594.6607,578.1506,580.6087,25015900,META,621.8889,618.0024,649.2683,632.2014,618.3135,616.4740,569.4194,572.7834
2025-03-24,615.8681,619.5403,609.2502,612.0068,15741300,META,619.4663,617.7991,649.4409,631.5608,618.7769,616.4620,570.1339,573.2121
2025-03-25,623.2922,630.8257,618.1869,623.7400,15312500,META,617.9434,618.3223,649.6598,631.2366,619.2659,616.5973,570.7960,573.7104
2025-03-26,608.0359,623.7300,603.6870,621.8790,12609800,META,614.8523,617.3426,649.7233,630.3267,619.4520,616.4277,571.3882,574.0520
2025-03-27,599.6765,611.2903,597.2084,599.0993,10436500,META,612.1118,615.6601,649.8996,629.1248,619.5693,616.0960,571.9426,574.3069
2025-03-28,573.9611,598.8506,571.1546,597.4175,17602800,META,607.5904,611.6888,649.1068,626.9615,619.6700,615.2617,572.3206,574.3035
2025-03-31,573.5828,575.9116,550.6339,560.7848,21124700,META,603.7038,608.0597,648.4222,624.8682,619.7711,614.4364,572.6725,574.2963
2025-04-01,583.1763,587.0675,567.2534,568.0894,12836600,META,601.0452,605.6898,647.9002,623.2332,620.0326,613.8173,573.0657,574.3847
2025-04-02,581.1163,589.8042,570.5972,572.1397,13470800,META,597.4647,603.3495,647.2636,621.5816,620.1567,613.1698,573.4720,574.4517
2025-04-03,529.0585,549.8976,527.7448,543.5881,34777500,META,592.7002,596.2741,645.4459,617.9532,619.7640,611.5042,573.6153,574.0000
2025-04-04,502.2979,515.5040,491.8187,504.1788,38589800,META,586.7105,587.3240,642.8355,613.4177,618.9084,609.3417,573.6125,573.2865
2025-04-07,513.7624,536.7710,479.5779,482.7625,36606100,META,582.6696,580.3182,640.2348,609.5097,618.1910,607.4491,573.7025,572.6943
2025-04-08,507.9904,544.7921,500.4369,540.6323,28034200,META,577.9563,573.4298,637.2723,605.5285,617.4771,605.4796,573.7526,572.0504
2025-04-09,582.9474,585.0572,499.6905,506.8160,39216600,META,576.3024,574.3362,635.5215,604.6430,617.4964,605.0334,574.2119,572.1589
2025-04-10,543.6577,578.4990,532.7206,572.7170,28173500,META,574.1217,571.4145,632.9420,602.2514,617.1707,603.8180,574.4542,571.8753
2025-04-11,540.9507,544.7623,526.0429,532.9296,17642300,META,570.9356,568.5132,630.0994,599.8475,616.8462,602.5731,574.6250,571.5676
2025-04-14,528.9191,555.0824,525.7345,553.4901,14130900,META,567.2823,564.7423,626.9728,597.0660,616.6306,601.1147,574.7231,571.1432
2025-04-15,519.0071,535.3479,515.0064,529.5460,15558700,META,564.2550,560.3866,623.4833,594.0048,616.3127,599.4888,574.7397,570.6244
2025-04-16,499.8896,510.8963,493.2418,506.0597,18735100,META,560.1872,554.6249,619.4776,590.3140,615.7372,597.5165,574.7368,569.9206
2025-04-17,499.0636,504.8556,495.6103,502.8155,14593500,META,555.9815,549.3334,615.4419,586.7356,615.1095,595.5669,574.7276,569.2156
2025-04-21,482.3246,491.1220,477.4880,488.9625,16166000,META,550.4289,542.9516,610.9298,582.6410,614.3384,593.3245,574.6107,568.3510
2025-04-22,497.8694,504.4376,484.0164,489.4999,17399400,META,544.5290,538.6581,606.6783,579.3167,613.7621,591.4343,574.5692,567.6497
2025-04-23,517.7631,532.7605,514.0311,525.9833,18173900,META,539.2525,536.6681,602.7674,576.9028,613.3254,589.9755,574.4786,567.1533
2025-04-24,530.5810,531.3274,515.0064,516.2304,13910000,META,535.3798,536.0883,599.0651,575.0863,612.9331,588.7993,574.5046,566.7894
2025-04-25,544.6329,547.2104,533.6660,544.1652,17098900,META,532.6276,536.9021,595.5329,573.8920,612.7244,587.9248,574.5975,566.5689
2025-04-28,547.0911,555.7989,537.9852,552.9627,15179000,META,531.2841,537.8725,591.9866,572.8410,612.4895,587.1162,574.6795,566.3751
2025-04-29,551.7684,553.8882,541.4982,543.3691,11835000,META,530.1934,539.1959,588.3726,572.0146,612.1175,586.4162,574.8939,566.2298
2025-04-30,546.3546,546.4541,526.9486,535.8057,29244000,META,528.3523,539.8777,585.0540,571.0083,611.4844,585.6229,575.1499,566.0320
2025-05-01,569.4528,590.0929,567.7510,589.2271,31159000,META,527.7691,542.6944,582.4480,570.9473,611.0811,585.3027,575.5349,566.0660
2025-05-02,594.1433,601.4280,575.5434,580.6487,24739300,META,531.0234,547.5943,580.5133,571.8570,610.9728,585.4778,576.0749,566.3454
2025-05-05,596.3824,600.3034,585.2164,588.3711,13887700,META,535.7276,552.2408,578.8479,572.8188,610.7395,585.6937,576.7641,566.6443
2025-05-06,584.4800,593.1581,583.7536,589.6749,10600700,META,539.2635,555.3112,577.2511,573.2761,610.4885,585.6697,577.3249,566.8218
2025-05-07,593.9343,600.1741,583.8431,587.5153,13139100,META,543.5607,558.9896,576.0548,574.0862,610.2749,585.8333,577.9284,567.0915
2025-05-08,595.1285,608.3544,593.7452,603.3685,14622800,META,544.1697,562.4314,574.5602,574.9114,609.9406,586.0174,578.4852,567.3705
2025-05-09,589.6350,604.0452,588.8588,600.8109,10427300,META,546.4686,565.0222,573.2632,575.4888,609.5701,586.0890,579.0082,567.5920
2025-05-12,636.3489,637.3043,618.0376,627.8799,21965100,META,551.2385,571.8152,572.7024,577.8755,609.7704,587.0843,579.9007,568.2762
2025-05-13,652.8690,657.7353,639.7325,642.4295,18570800,META,557.4360,579.5346,572.7335,580.8164,610.0923,588.3869,580.9149,569.1179
2025-05-14,656.1828,659.4768,651.1571,658.0239,12348200,META,564.2948,586.8344,573.1301,583.7719,610.4950,589.7294,581.8847,569.9842
2025-05-15,640.7775,654.1427,635.5030,651.1274,14341800,META,571.3392,591.9719,572.8911,586.0074,610.9650,590.7403,582.7774,570.6886
2025-05-16,637.2546,637.3541,623.1329,634.8860,18519000,META,578.2487,596.2845,573.1493,588.0171,611.4158,591.6614,583.6650,571.3510
2025-05-19,637.3441,639.9017,624.7749,625.2228,9592400,META,585.9997,600.1949,573.4543,589.9515,611.9701,592.5660,584.4952,572.0076
2025-05-20,634.0302,636.2693,629.2135,632.9454,6743500,META,592.8077,603.4173,574.2433,591.6801,612.3461,593.3870,585.1952,572.6248
2025-05-21,632.4377,643.4942,627.1334,628.7456,11464600,META,598.5415,606.1812,574.8470,593.2784,612.6277,594.1603,585.9349,573.2199
2025-05-22,633.5027,640.1506,627.6710,630.9949,8228400,META,603.6875,608.7832,575.1965,594.8559,612.9636,594.9394,586.7415,573.8198
2025-05-23,624.0385,629.4025,619.6497,620.9932,8454100,META,607.6578,610.2361,575.9318,596.0003,613.2401,595.5156,587.4096,574.3194
2025-05-27,639.2249,639.9813,629.7010,632.3482,9508400,META,612.2645,612.9970,576.6229,597.6954,613.7537,596.3811,588.1794,574.9653
2025-05-28,640.4789,647.7438,639.4539,639.5036,9042900,META,616.7000,615.6143,577.3928,599.3731,614.3367,597.2544,588.8526,575.6172
2025-05-29,641.9418,650.1719,636.4185,648.5100,8858800,META,621.4794,618.1217,578.6405,601.0425,614.7979,598.1393,589.4927,576.2771
2025-05-30,644.3699,646.2807,629.7309,639.4040,16241000,META,625.2252,620.6215,579.9030,602.7416,615.2298,599.0547,590.1541,576.9546
2025-06-02,667.6673,670.0159,641.1556,641.2850,15766300,META,628.9014,625.1021,581.5928,605.2877,615.6404,600.4134,590.8694,577.8573
2025-06-03,663.6368,672.3248,661.8256,668.2147,11585000,META,632.2642,628.7720,582.9980,607.5759,616.1331,601.6653,591.5734,578.7108
2025-06-04,684.6351,685.6801,665.3485,666.0949,14031900,META,637.2719,634.0923,584.3734,610.5978,616.9071,603.3083,592.3299,579.7648
2025-06-05,681.3212,691.0341,678.9626,688.3272,13083100,META,641.6413,638.5903,585.5339,613.3713,617.5969,604.8531,593.1191,580.7753
2025-06-06,694.3481,699.4235,688.5363,692.8155,11728000,META,646.6022,643.9006,587.2602,616.5469,618.4917,606.6253,593.9642,581.9053
2025-06-09,690.7156,701.7920,690.5962,695.0945,12773200,META,651.6563,648.3592,589.0810,619.4555,619.4903,608.2904,594.8037,582.9880
2025-06-10,699.0155,699.8415,688.2277,697.9705,10850100,META,654.7896,653.1836,591.5820,622.5755,620.3444,610.0870,595.6429,584.1425
2025-06-11,690.7953,705.4543,688.6556,700.3192,9582500,META,656.6859,656.7656,593.9263,625.2507,621.1742,611.6852,596.4571,585.2038
2025-06-12,690.0190,692.0293,683.6897,689.9593,7322700,META,658.3777,659.9326,596.0631,627.7907,621.9817,613.2363,597.2868,586.2467
2025-06-13,679.5795,691.2232,677.7285,684.6351,9274400,META,660.3178,661.8038,598.0324,629.8216,622.6480,614.5501,598.0986,587.1754
2025-06-16,699.2745,704.2842,690.6994,696.4959,13720300,META,663.4188,665.3724,601.4367,632.5453,623.4413,616.2278,599.0188,588.2908
2025-06-17,694.4043,703.1089,693.2391,699.1550,10066100,META,666.2719,668.1373,605.2789,634.9711,624.0572,617.7758,599.9261,589.3466
2025-06-18,692.9503,698.7467,692.0838,695.3505,10068300,META,669.2179,670.5005,608.8626,637.2448,624.5487,619.2644,600.8191,590.3775
2025-06-20,679.5845,698.9757,675.9195,697.9100,22538600,META,671.5752,671.3656,612.2945,638.9052,624.7834,620.4589,601.6299,591.2652
2025-06-23,695.6990,696.2169,675.9992,680.9192,11080100,META,674.6850,673.6831,614.5495,641.1324,625.0355,621.9488,602.5687,592.3043
2025-06-24,709.3136,710.2996,699.2645,702.0332,13823200,META,678.9488,677.0765,617.8627,643.8062,625.4024,623.6788,603.5706,593.4686
2025-06-25,705.8078,713.6758,702.5212,710.4290,9320400,META,682.2779,679.8128,621.1598,646.2376,625.6296,625.3051,604.5346,594.5864
2025-06-26,723.1473,725.2686,708.1682,711.4648,13964800,META,686.4113,683.9399,625.0444,649.2537,626.0086,627.2426,605.6677,595.8656
2025-06-27,730.6568,732.4495,722.9183,723.5756,18775700,META,690.8471,688.3891,629.2774,652.4459,626.3803,629.2904,606.8158,597.2068
2025-06-30,735.0986,744.8689,731.2742,741.5324,15402100,META,695.3835,692.8376,633.9815,655.6872,626.7296,631.3856,607.9861,598.5789
2025-07-01,716.3051,734.7600,712.4707,733.8936,13431200,META,697.8154,695.0726,638.3264,658.0644,626.8841,633.0672,609.0276,599.7503
2025-07-02,710.6780,717.3807,709.9111,712.4309,9336700,META,700.1675,696.5589,642.8934,660.1277,626.9116,634.6040,609.9726,600.8540
2025-07-03,716.0960,726.0754,711.5246,723.6652,8601700,META,701.7405,698.4195,647.2580,662.3225,626.9681,636.2177,610.9495,602.0007
2025-07-07,715.4387,724.0536,710.6183,714.6917,9457100,META,703.4464,700.0404,651.2115,664.4055,626.9894,637.7864,611.8776,603.1294
2025-07-08,717.7492,719.9801,711.9130,718.6456,7770700,META,704.6164,701.7270,654.9548,666.4974,627.0100,639.3699,612.8022,604.2699
2025-07-09,729.8102,734.5410,719.7910,719.7910,11418000,META,706.5712,704.4016,658.6584,668.9803,627.0956,641.1608,613.7790,605.5191
2025-07-10,724.2927,732.8180,716.6836,728.5852,9913600,META,707.8350,706.2960,662.2024,671.1494,627.0945,642.8069,614.6232,606.7009
2025-07-11,714.6021,722.2211,706.8238,719.5719,10873900,META,709.0254,707.0870,665.4591,672.8534,626.9159,644.2286,615.4077,607.7746
2025-07-14,717.9982,725.0496,713.6459,714.6917,8939400,META,710.4243,708.1262,668.8920,674.6238,626.9730,645.6894,616.1940,608.8713
2025-07-15,707.5109,721.5338,706.9432,720.9661,11529500,META,711.8209,708.0676,671.6531,675.9135,627.0505,646.9136,616.9332,609.8528
2025-07-16,700.0612,711.0764,696.4360,710.4788,13067600,META,711.8602,707.3051,673.7715,676.8605,627.1424,647.9660,617.6104,610.7504
2025-07-17,698.5673,703.0391,694.2847,701.5352,11803300,META,712.0684,706.4729,675.8152,677.7117,627.3315,648.9680,618.2825,611.6242
2025-07-18,701.4258,701.8540,688.8470,699.3442,12779800,META,712.4922,705.9922,678.1541,678.6417,627.7026,650.0068,618.9713,612.5178
2025-07-21,710.0804,714.0941,702.8996,703.9354,9404400,META,714.0169,706.3816,680.4770,679.8746,628.2659,651.1964,619.6781,613.4885
2025-07-22,701.9536,713.6957,698.5673,713.2874,8921100,META,714.3297,705.9599,682.6135,680.7404,628.5869,652.2015,620.3243,614.3688
2025-07-23,710.6880,711.7338,702.0731,703.5072,8771600,META,714.3984,706.4102,685.0346,681.9148,629.1489,653.3596,621.0323,615.3272
2025-07-24,711.9031,720.6873,711.1063,714.1440,10920800,META,714.7032,706.9333,686.5457,683.0908,629.6240,654.5189,621.6969,616.2881
2025-07-25,709.7916,717.7294,709.0148,714.0144,8271700,META,714.0354,707.2055,687.6841,684.1379,630.2088,655.6134,622.2856,617.2185
2025-07-28,714.7216,721.8027,709.7916,712.3014,8715700,META,713.2386,707.9213,688.8549,685.3373,630.9925,656.7839,622.9543,618.1887
2025-07-29,697.1630,721.5338,697.0734,717.0820,13267000,META,711.3418,706.8967,689.9826,685.8010,631.4369,657.5834,623.4950,618.9745
2025-07-30,692.3925,705.6286,688.3987,705.2203,27077300,META,710.1462,705.5154,691.0854,686.0595,632.1173,658.2727,624.0236,619.7050
2025-07-31,770.3053,781.5695,762.4074,772.0582,38831100,META,713.1276,711.6858,693.7446,689.3633,633.5994,660.4912,624.9749,621.2035
2025-08-01,746.9704,762.8956,742.2894,757.6469,19028700,META,714.6713,715.0463,696.0034,691.6224,635.1234,662.2037,625.7792,622.4550
2025-08-04,773.2235,773.7015,755.3363,756.9199,15801700,META,717.5605,720.5870,698.8191,694.8224,636.8330,664.4021,626.7124,623.9551
2025-08-05,760.3658,779.9561,759.9077,773.3032,11640300,META,719.6914,724.3754,701.3564,697.3927,638.2764,666.3023,627.6020,625.3125
2025-08-06,768.8612,770.5045,757.3780,766.8793,9733900,META,721.6439,728.6122,704.2528,700.1954,640.0923,668.3332,628.5811,626.7408
2025-08-07,758.7424,771.8590,756.4716,770.3551,9019700,META,723.3664,731.4817,706.6432,702.4914,641.6330,670.1235,629.5089,628.0543
2025-08-08,766.1821,766.7797,755.5056,759.6587,7320800,META,725.9454,734.7865,709.1572,704.9891,643.2750,672.0256,630.4762,629.4287
2025-08-11,762.7661,770.3253,761.5709,766.9590,7612000,META,728.1838,737.4512,711.5737,707.2548,645.1071,673.8225,631.4330,630.7554
2025-08-12,786.7982,790.4533,769.2994,769.8671,14563100,META,732.1482,742.1509,714.4223,710.3742,647.1626,676.0596,632.4758,632.3081
2025-08-13,776.9185,792.2362,775.0760,787.9437,8811800,META,735.9910,745.4621,716.6073,712.9838,649.1001,678.0568,633.5603,633.7470
2025-08-14,778.9602,784.6172,769.3792,774.7274,8116200,META,740.0107,748.6524,718.9138,715.5711,650.9559,680.0549,634.6347,635.1919
2025-08-15,782.0477,793.0230,777.6556,780.9721,13375400,META,744.0418,751.8329,720.8620,718.1780,652.6177,682.0746,635.6973,636.6531
2025-08-18,764.2599,772.6657,753.4938,771.9487,16513700,META,746.7507,753.0165,722.5208,719.9851,654.0274,683.7020,636.6466,637.9229
2025-08-19,748.4344,764.0608,746.3230,764.0110,12286700,META,749.0748,752.5801,723.6025,721.1008,655.4314,684.9838,637.4417,639.0225
2025-08-20,744.6896,747.1596,728.0374,744.5403,11898200,META,750.7749,751.8286,724.6820,722.0258,656.8815,686.1661,638.2254,640.0739
2025-08-21,736.1046,742.4786,730.1388,741.6919,8876300,META,751.9849,750.3311,725.4238,722.5780,658.5029,687.1550,639.0865,641.0294
2025-08-22,751.7310,753.8325,731.4137,736.2340,10612700,META,754.0819,750.4644,726.6425,723.7212,660.2844,688.4337,640.0278,642.1309
2025-08-25,750.2470,755.8044,747.0899,751.7609,6861200,META,755.8582,750.4437,727.8471,724.7614,661.9551,689.6578,640.9938,643.2067
2025-08-26,751.0438,751.8107,744.9088,747.7572,7601800,META,758.5522,750.5008,729.2764,725.7921,663.6544,690.8733,641.9055,644.2797
2025-08-27,744.3511,751.0937,739.8295,749.2511,8315400,META,761.1501,749.9152,730.1779,726.5199,665.8073,691.9323,642.7856,645.2754
2025-08-28,748.0659,749.9981,737.7977,740.9847,7468000,META,760.0382,749.7390,731.2511,727.3649,668.2650,693.0439,643.5867,646.2982
2025-08-29,735.7062,744.1120,732.3697,742.2595,9070500,META,759.4750,748.4026,732.1062,727.6920,670.4844,693.8887,644.3377,647.1879
2025-09-02,732.1307,733.0171,718.8050,723.0975,9350900,META,757.4203,746.8529,733.1572,727.8660,672.7258,694.6459,645.1015,648.0331
2025-09-03,734.0629,737.2499,731.0153,733.0171,7699300,META,756.1052,745.6348,733.9244,728.1091,674.2370,695.4265,645.8667,648.8891
2025-09-04,745.6159,758.0752,742.7974,745.5362,11439100,META,754.9429,745.6330,734.6505,728.7956,676.2566,696.4203,646.7136,649.8515
2025-09-05,749.4005,754.8782,742.0106,749.5698,9663400,META,754.4758,745.9918,735.5223,729.6036,678.3411,697.4694,647.5936,650.8421
2025-09-08,749.2511,763.4035,748.9723,752.9361,13087800,META,753.6293,746.3022,736.0444,730.3741,680.5444,698.4948,648.5875,651.8213
2025-09-09,762.5968,763.1943,750.3765,754.4201,10999000,META,753.6208,747.8541,736.6832,731.6378,682.9803,699.7641,649.6465,652.9235
2025-09-10,748.9323,762.5967,747.9563,762.0290,12478300,META,751.7275,747.9568,736.9599,732.3160,685.4707,700.7378,650.6040,653.8788
2025-09-11,747.8567,754.0315,745.3369,751.5915,7923300,META,750.2744,747.9472,737.5909,732.9254,687.9586,701.6708,651.5340,654.8139
2025-09-12,752.5278,754.4997,740.7457,745.6955,8248600,META,748.9528,748.3835,738.4279,733.6941,690.6607,702.6779,652.4995,655.7862
2025-09-15,761.6009,770.9329,748.9424,754.4002,10533800,META,747.9305,749.6423,739.3380,734.7885,693.2980,703.8447,653.5300,656.8391
2025-09-16,775.8428,778.1933,761.9991,763.8915,11782500,META,748.5096,752.1376,740.5461,736.3985,695.8788,705.2704,654.6021,658.0232
2025-09-17,772.5762,780.1155,763.2043,776.8289,9400900,META,749.7167,754.0841,741.6426,737.8172,698.2987,706.6032,655.6159,659.1630
2025-09-18,777.0877,785.5832,770.2256,777.5857,10955000,META,751.3366,756.2749,742.5882,739.3572,700.6233,707.9989,656.6739,660.3364
2025-09-19,775.2253,787.5950,766.0726,783.2327,23696800,META,753.2926,758.0797,743.6068,740.7638,702.9046,709.3301,657.6971,661.4796
2025-09-22,762.5732,783.0737,761.8856,779.2068,11706900,META,753.8347,758.5077,744.5663,741.6191,705.0127,710.3844,658.5651,662.4855
2025-09-23,752.8463,767.9949,748.5309,766.6495,10872600,META,753.9647,757.9685,745.2632,742.0594,707.0776,711.2253,659.2810,663.3846
2025-09-24,758.0884,758.5369,749.9860,754.9391,8828200,META,754.3169,757.9799,746.2748,742.6880,708.9639,712.1533,660.0225,664.3269
2025-09-25,746.3782,754.2116,742.0329,750.9029,10591100,META,754.4183,756.8750,747.2011,742.8327,710.4863,712.8310,660.7296,665.1434
2025-09-26,741.2357,749.3881,734.8573,747.4646,9696300,META,754.0768,755.3855,748.0545,742.7701,711.9348,713.3935,661.3372,665.9005
2025-09-29,740.8868,748.2419,736.6512,746.1888,9246800,META,754.3358,754.0047,748.8437,742.6962,713.4989,713.9379,661.9937,666.6466
2025-09-30,731.8974,740.4583,723.8447,739.7408,16226800,META,754.3242,751.8993,749.2800,742.2727,714.8785,714.2935,662.5767,667.2959
2025-10-01,714.9150,719.4097,707.7991,719.0509,20419600,META,753.3668,748.3769,749.5393,741.1999,716.0764,714.3058,663.0085,667.7697
2025-10-02,724.5922,725.3098,715.7123,720.1373,11415300,META,752.3156,746.1117,749.8174,740.5486,717.4260,714.5095,663.4980,668.3351
2025-10-03,708.1579,728.5288,707.7792,727.1634,16154300,META,750.2534,742.4971,749.7424,739.2784,718.1441,714.3837,663.9572,668.7314
2025-10-06,713.2406,714.4565,688.1757,702.8060,21654700,META,748.4529,739.7107,749.8114,738.2573,718.7478,714.3611,664.4200,669.1742
2025-10-07,710.6694,716.0710,703.3641,715.2936,12062900,META,745.8565,736.9449,749.7304,737.1754,719.2926,714.2880,664.8938,669.5871
2025-10-08,715.4133,717.2171,705.4171,711.0381,10790600,META,744.1806,734.8943,750.0954,736.3220,720.0390,714.3103,665.5020,670.0431
2025-10-09,731.0303,731.0303,710.0315,715.8518,12717200,META,743.3393,734.5263,750.8681,736.1145,720.9768,714.6414,666.1963,670.6500
2025-10-10,702.9156,732.7844,702.1283,728.4490,16980100,META,740.8587,731.5157,749.5204,734.8126,721.6325,714.4092,666.8013,670.9710
2025-10-13,713.2805,717.5062,705.2478,710.5996,9251800,META,738.4426,729.7790,748.8466,733.9682,722.4250,714.3868,667.3855,671.3920
2025-10-14,706.2544,713.1310,696.9659,705.3873,8829800,META,734.9632,727.5386,747.5072,732.8813,723.1631,714.2258,667.8954,671.7389
2025-10-15,715.1243,721.4528,707.1115,714.6359,10246800,META,732.0906,726.3563,746.6023,732.1850,723.9794,714.2436,668.4715,672.1706
2025-10-16,709.6628,723.0374,701.5005,715.1242,9017000,META,728.7194,724.7664,745.4184,731.3018,724.8356,714.1529,669.0378,672.5436
2025-10-17,714.4963,716.1108,703.7328,704.6896,12232400,META,725.6829,723.7883,744.5334,730.6427,725.5883,714.1597,669.6710,672.9611
2025-10-20,729.6948,731.2894,717.7453,718.7519,8900200,META,724.0390,724.3508,743.8037,730.6056,726.4805,714.4673,670.4086,673.5256
2025-10-21,730.7911,736.0034,726.2863,733.5318,7647300,META,722.9362,724.9642,743.1642,730.6128,727.3690,714.7905,671.0834,674.0954
2025-10-22,730.9306,738.0963,721.5824,731.3492,8734500,META,721.5784,725.5324,742.0469,730.6253,728.2346,715.1101,671.7322,674.6609
2025-10-23,731.5187,739.9002,730.6217,732.2163,9856000,META,720.8354,726.1025,741.1389,730.6603,728.8731,715.4351,672.2568,675.2267
2025-10-24,735.8639,738.7043,728.6783,734.2992,9151300,META,720.5668,727.0322,740.2769,730.8644,729.5954,715.8396,672.8642,675.8300
2025-10-27,748.2817,753.1951,745.4812,747.1954,11321100,META,720.9365,729.0560,739.6016,731.5474,730.2318,716.4820,673.5695,676.5509
2025-10-28,748.8997,755.8362,742.9997,750.0856,12193800,META,721.7866,730.9458,739.2944,732.2279,730.9076,717.1239,674.2522,677.2708
2025-10-29,749.1288,756.5935,739.9998,752.1984,26818600,META,723.4973,732.6776,739.3083,732.8907,731.4554,717.7577,674.9736,677.9858
2025-10-30,664.2169,678.6580,647.9720,666.8879,88440100,META,720.4786,726.1575,737.6988,730.1976,731.1904,716.6975,675.3404,677.8488
2025-10-31,646.1581,672.6085,643.3876,672.2297,56953200,META,717.3786,718.5385,735.8999,726.9019,730.6619,715.3007,675.5031,677.5335
2025-11-03,635.5542,657.1011,634.0293,653.7823,33003600,META,713.4943,710.6352,733.5764,723.3197,730.1094,713.7215,675.6418,677.1158
2025-11-04,625.1993,639.5705,623.8937,625.9168,27356600,META,709.2208,702.4985,731.0754,719.4718,729.4612,711.9686,675.7215,676.5992
2025-11-05,633.8002,640.0589,624.4219,630.1725,20219900,META,705.1401,695.9558,728.7305,716.1121,729.0035,710.4207,675.8257,676.1733
2025-11-06,616.8476,633.8499,615.9108,633.7004,23628800,META,699.4310,688.4217,726.1805,712.2194,728.1792,708.5678,675.8103,675.5830
2025-11-07,619.6083,620.0268,599.1676,614.4059,29946800,META,695.2656,681.8680,723.6113,708.5876,727.4312,706.8062,675.7442,675.0261
2025-11-10,629.6243,632.8533,616.0204,628.9565,19245000,META,691.0828,676.8924,721.4897,705.4910,726.7980,705.2779,675.6733,674.5743
2025-11-11,624.9601,627.4317,617.2961,625.8770,13302200,META,687.0181,671.9465,719.3463,702.3329,726.2517,703.6874,675.5176,674.0806
2025-11-12,606.9512,626.8637,605.7154,626.0066,24493300,META,681.6094,665.7565,716.8040,698.5925,725.3642,701.7718,675.1999,673.4127
2025-11-13,607.8282,615.5620,600.9615,610.9975,20973800,META,676.5177,660.2395,714.0483,695.0331,724.3494,699.9116,674.8759,672.7601
2025-11-14,607.3997,611.6054,593.1879,599.7556,20724100,META,671.1629,655.2071,711.2083,691.5965,723.3653,698.0797,674.4975,672.1098
2025-11-17,599.9749,609.6221,593.3872,606.9811,16501300,META,664.6769,649.9469,708.2227,688.0035,722.1336,696.1370,674.0711,671.3920
2025-11-18,595.6695,601.6193,581.8065,589.6001,25500600,META,657.9208,644.7776,704.8842,684.3825,720.7837,694.1475,673.5820,670.6385
2025-11-19,588.3243,593.3174,579.2850,591.7128,24744700,META,650.7905,639.4011,701.6720,680.6155,719.3160,692.0520,673.0228,669.8195
2025-11-20,587.1583,604.6689,581.3779,601.4598,20603000,META,643.5725,634.4256,698.4581,676.9506,718.0245,689.9749,672.4543,668.9970
2025-11-21,592.2410,596.0979,579.8929,586.5105,21052600,META,636.3913,630.4080,695.2523,673.6286,716.8401,688.0396,671.8759,668.2333
2025-11-24,610.9775,614.6152,595.6096,596.6959,23554900,META,629.5261,628.5575,692.2399,671.1717,715.7889,686.5136,671.3785,667.6635
2025-11-25,634.0692,634.8964,616.2098,621.8906,25213000,META,623.7846,629.0824,689.4044,669.7167,714.9752,685.4751,670.9823,667.3293
2025-11-26,631.4680,636.2020,629.4947,635.5342,15209500,META,617.9015,629.3096,686.5822,668.2168,714.1124,684.4057,670.5612,666.9724
2025-11-28,645.7596,645.8593,633.3517,633.9298,11033200,META,616.9787,630.8763,683.9557,667.3361,713.2719,683.6404,670.1838,666.7614
2025-12-01,638.7035,643.1385,635.6040,637.3879,13029900,META,616.6059,631.6217,681.2252,666.2132,712.4160,682.7506,669.7553,666.4822
2025-12-02,644.9124,645.6798,635.9130,640.1686,11640900,META,617.0739,632.8875,678.8720,665.3779,711.7191,682.0013,669.3175,666.2676
2025-12-03,637.4377,646.6564,635.3946,642.2314,11134300,META,617.6858,633.3209,676.5638,664.2822,710.9135,681.1188,668.9433,665.9807
2025-12-04,659.2937,673.8144,657.8187,673.7148,29874600,META,618.9605,635.7945,674.5880,664.0866,710.4314,680.6867,668.7410,665.9142
2025-12-05,671.1434,672.4091,660.1507,661.7552,21207900,META,621.6752,639.1610,673.0833,664.3633,710.1422,680.4977,668.6423,665.9662
2025-12-08,664.5458,674.4223,662.8216,667.0772,13161000,META,623.9221,641.5786,671.5495,664.3705,709.8020,680.1818,668.5668,665.9521
2025-12-09,654.7391,662.2337,651.1314,661.5261,12997100,META,625.1779,642.8320,669.8265,663.9928,709.3351,679.6780,668.5188,665.8405
2025-12-10,647.9322,652.2974,641.2250,647.7528,16910900,META,626.3265,643.3177,668.1472,663.3630,708.7136,679.0494,668.4898,665.6623
2025-12-11,650.5035,653.0648,638.6337,641.1153,13056700,META,628.5041,644.0021,666.8590,662.8587,708.1991,678.4841,668.3930,665.5115
2025-12-12,642.0521,708.5964,636.4511,647.6033,14016900,META,630.2153,643.8164,665.2082,662.0427,707.5128,677.7627,668.3308,665.2780
2025-12-15,645.8473,651.3232,637.0599,644.0419,15549100,META,632.1377,644.0098,663.9620,661.4076,706.8522,677.1307,668.2381,665.0847
2025-12-16,655.4626,660.8387,641.5484,641.8476,14309100,META,634.9120,645.1005,662.8064,661.1745,706.3089,676.7016,668.2589,664.9890
2025-12-17,647.8322,659.5321,647.5330,653.9265,15598500,META,637.5202,645.3607,661.5497,660.6512,705.6400,676.1299,668.3163,664.8182
2025-12-18,662.7438,668.8381,654.7744,655.3429,20260300,META,641.2411,647.0162,660.4963,660.7333,705.2958,675.8649,668.3664,664.7976
2025-12-19,657.0785,669.2771,656.4900,664.7088,49977100,META,644.7372,647.9746,659.0172,660.5900,704.9427,675.4929,668.5300,664.7208
2025-12-22,659.8014,671.8504,654.9639,659.9510,15659400,META,648.1152,649.1009,658.1549,660.5591,703.8376,675.1821,668.7185,664.6718
2025-12-23,663.2325,664.2898,656.5597,658.3551,8486800,META,650.7279,650.4468,657.1540,660.6639,703.0003,674.9455,669.0618,664.6575
2025-12-24,665.8359,666.4643,660.4996,660.8288,5627500,META,652.3163,651.9124,656.3456,660.8667,701.9264,674.7651,669.3797,664.6692
2025-12-26,661.5868,667.2323,659.6219,666.3446,7133800,META,653.8222,652.8338,655.2749,660.8950,700.9386,674.5042,669.6075,664.6386
2025-12-29,656.9987,658.5546,652.7097,656.3204,8506500,META,654.3842,653.2304,654.2216,660.7422,699.8200,674.1575,669.9562,664.5626
2025-12-30,664.2400,670.4938,656.1508,656.9986,9187500,META,655.6610,654.2790,653.2165,660.8793,698.8750,673.9611,670.2540,664.5593
2025-12-31,658.3951,663.2924,657.7467,663.0431,7940400,META,656.3351,654.6710,651.7905,660.7819,697.7971,673.6529,670.5360,664.4980
2026-01-02,648.7399,662.6840,641.8476,661.0282,13726500,META,656.9002,654.1061,650.1494,660.3097,696.6568,673.1596,670.8820,664.3412
2026-01-05,657.0983,662.8335,646.0866,649.3383,12213700,META,656.7904,654.3911,648.6728,660.1837,695.3598,672.8415,671.2612,664.2691
2026-01-06,658.9237,663.8111,650.2261,657.8764,11074400,META,656.1795,654.8228,647.2209,660.1343,694.1799,672.5659,671.6400,664.2160
2026-01-07,647.0244,657.4575,643.1543,653.9565,12846300,META,655.3034,654.0801,645.4441,659.6202,692.8605,672.0601,671.9082,664.0449
2026-01-08,644.4011,645.4384,634.0876,644.2215,11921700,META,654.7865,653.1582,643.3665,659.0234,691.4840,671.5124,672.0509,663.8494
2026-01-09,651.3831,653.2683,641.1993,643.7827,11634900,META,654.9590,652.9892,641.4162,658.7238,690.3553,671.1138,672.1913,663.7254
2026-01-12,640.3215,652.2907,639.5834,650.8545,14797200,META,654.4499,651.7827,639.2400,658.0021,689.2742,670.5041,672.3528,663.4925
2026-01-13,629.4695,640.6208,622.4974,640.6208,18030400,META,653.8208,649.6577,638.5451,656.8832,688.1220,669.6915,672.5017,663.1540
2026-01-14,613.9395,626.8363,613.2413,624.8913,15527900,META,652.2254,646.2559,637.9007,655.1991,686.9003,668.5875,672.7016,662.6643
2026-01-15,619.2059,622.5672,612.6527,616.8918,13076100,META,650.4126,643.6797,637.5737,653.7876,685.5750,667.6097,672.9297,662.2319
2026-01-16,618.6573,627.4647,618.4878,622.5773,17012500,META,648.9538,641.2967,637.4429,652.4100,684.2592,666.6403,673.1071,661.7983
2026-01-20,602.5687,609.8301,598.4593,606.3191,15169600,META,645.9451,637.6083,636.8183,650.4554,682.7744,665.3716,673.2144,661.2089
2026-01-21,611.3861,616.6825,598.5392,605.1820,14494700,META,643.6605,635.1109,636.7090,648.9233,681.4448,664.3026,673.6260,660.7132
2026-01-22,645.9671,658.8739,624.9412,627.7340,21394700,META,642.9688,636.1449,637.2362,648.8073,680.4238,663.9395,674.3444,660.5665
2026-01-23,657.0685,664.7786,642.7952,643.1144,22797700,META,642.6605,638.1376,637.7851,649.1313,679.6374,663.8034,675.0609,660.5317
2026-01-26,670.6335,673.5461,659.5920,663.4221,16327400,META,642.9004,641.2324,638.6986,649.9745,679.0224,663.9387,675.8741,660.6322
2026-01-27,671.2419,675.0820,662.9532,672.8578,13297400,META,643.3832,644.0905,639.9844,650.8085,678.3942,664.0833,676.3156,660.7377
2026-01-28,667.0128,675.9398,664.3896,672.7680,25709600,META,643.8839,646.2736,641.1681,651.4440,677.6082,664.1413,676.9324,660.8002
2026-01-29,736.4142,742.0896,710.7203,735.5364,59852900,META,647.4926,654.8584,643.7483,654.7762,677.4783,665.5724,677.9097,661.5526
2026-01-30,714.6602,730.2900,711.7577,725.6320,23744600,META,650.3059,660.5538,646.0421,657.1246,677.1324,666.5445,678.8384,662.0810
2026-02-02,704.5961,719.4478,701.7135,712.7650,14365200,META,653.0987,664.7483,648.2206,658.9862,676.5524,667.2980,679.7663,662.5040
2026-02-03,689.9239,715.1589,684.6474,705.5536,13760700,META,654.7400,667.1460,650.2526,660.1994,675.9623,667.7460,680.7165,662.7769
2026-02-04,667.2722,687.0613,665.7462,685.9641,16882800,META,655.1574,667.1580,651.8549,660.4768,675.1565,667.7366,681.5576,662.8216
2026-02-05,668.4891,679.7501,651.8220,661.8761,17131800,META,656.2306,667.2848,653.3798,660.7910,674.3161,667.7515,682.4884,662.8780
2026-02-06,659.7615,670.2645,644.8399,663.7812,18159300,META,656.9986,666.5683,654.3555,660.7506,673.2977,667.5933,683.2978,662.8470
2026-02-09,675.4810,681.5554,657.0884,661.4771,14837500,META,658.2035,667.4171,655.1837,661.3283,672.2941,667.7495,684.0864,662.9727
2026-02-10,668.9977,678.9023,668.0701,675.8601,10455800,META,659.6373,667.5676,655.9343,661.6291,671.2583,667.7742,684.7785,663.0326
2026-02-11,666.9730,677.5258,655.4127,672.2693,14323800,META,661.5125,667.5110,656.3586,661.8386,670.1571,667.7584,685.3902,663.0718
2026-02-12,648.1415,674.2642,643.6231,668.2497,14960100,META,663.2226,665.6663,656.5474,661.3015,668.8863,667.3699,685.8955,662.9233
2026-02-13,638.1273,649.7573,632.9406,643.4435,12336400,META,664.1687,663.0435,656.4117,660.3927,667.6418,666.7908,686.3273,662.6766
2026-02-17,637.6484,640.9499,627.1853,637.8579,12674700,META,665.1182,660.6249,656.4159,659.5008,666.4899,666.2138,686.7837,662.4275
2026-02-18,641.5683,643.3438,626.5370,632.1725,14649200,META,667.0682,658.8100,656.0614,658.7975,665.3247,665.7257,687.1443,662.2200
2026-02-19,643.1243,645.5281,635.0850,636.9303,10035700,META,668.6551,657.3161,655.5010,658.1829,664.2921,665.2782,687.3892,662.0300
2026-02-20,653.9764,661.6466,637.1398,638.0474,14183500,META,669.0556,656.9981,655.2896,658.0179,663.4195,665.0544,687.6772,661.9498
2026-02-23,635.6137,656.0112,634.3669,650.8644,8605900,META,667.9828,654.9615,654.9071,657.1393,662.3668,664.4714,687.9328,661.6878
2026-02-24,637.6584,639.4637,627.3649,631.4544,10135600,META,666.3341,653.3136,654.7016,656.3754,661.4244,663.9404,688.1515,661.4487
2026-02-25,652.0115,652.2010,640.4911,640.8802,11330700,META,665.3726,653.1895,654.7318,656.2042,660.7954,663.7042,688.4359,661.3548
2026-02-26,655.3229,659.3026,645.8373,648.8794,10637700,META,664.7881,653.3927,654.9972,656.1697,660.1027,663.5383,688.7643,661.2948
2026-02-27,646.5156,647.7724,636.4815,641.7978,15703000,META,660.2931,652.7378,655.0105,655.7911,659.4863,663.2012,688.8152,661.1477
2026-03-02,651.8818,658.2455,632.8708,635.5239,9816100,META,657.1542,652.6562,654.9389,655.6378,658.8727,662.9770,688.8102,661.0555
2026-03-03,653.3979,657.3477,637.1996,646.6253,12263800,META,654.5943,652.7269,655.0502,655.5499,658.2999,662.7874,688.7963,660.9793
2026-03-04,666.0154,671.0425,655.9812,656.2705,10810100,META,653.3989,653.9924,655.1157,655.9603,657.8060,662.8513,688.9225,661.0294
2026-03-05,658.8738,668.9778,648.6401,660.2303,13341400,META,652.9790,654.4573,655.1516,656.0746,657.0844,662.7725,689.0306,661.0080
2026-03-06,643.2041,647.8022,634.4766,646.2363,13159400,META,651.7147,653.3856,654.8196,655.5699,656.4873,662.3850,689.0599,660.8308
2026-03-09,645.7277,646.0867,625.1706,633.1501,13489700,META,651.0130,652.6563,654.4695,655.1839,655.8118,662.0552,689.1184,660.6805
2026-03-10,652.3905,658.6045,647.3335,651.8818,9859300,META,649.8585,652.6310,654.2006,655.0744,655.2731,661.8638,689.2181,660.5980
2026-03-11,653.1784,657.4275,646.6951,653.0787,8977200,META,649.0675,652.6831,654.0325,655.0000,654.6537,661.6918,689.3165,660.5242
2026-03-12,636.5413,651.8220,635.2646,647.0842,11617500,META,647.5460,651.1458,653.6233,654.2761,653.9224,661.1938,689.3790,660.2856
2026-03-13,612.1342,627.5544,607.9848,622.2880,18957600,META,645.7456,647.4304,652.5812,652.6235,652.8988,660.2223,689.2436,659.8065
2026-03-16,626.3747,633.6622,622.0321,630.9169,15134900,META,645.1580,645.4251,651.9408,651.5941,651.8656,659.5520,689.1730,659.4738
2026-03-17,621.5928,635.4590,620.6345,626.9137,10348800,META,644.3552,643.1553,651.3979,650.4176,650.7736,658.8004,689.0713,659.0969
2026-03-18,614.6248,621.5829,613.5566,615.2837,11726300,META,643.0080,640.4382,650.5484,649.0140,649.6106,657.9256,688.9226,658.6544
2026-03-19,605.6602,611.9494,601.2278,611.1009,13247700,META,641.1348,637.1260,649.4831,647.3138,648.3520,656.8907,688.6125,658.1271
2026-03-20,592.6426,602.9250,586.2436,602.4957,21214900,META,638.0681,632.8895,648.3955,645.1699,646.9198,655.6184,688.2576,657.4755
2026-03-23,603.0248,607.5969,597.9834,604.7518,13638000,META,636.4387,630.0452,647.5680,643.5171,645.4672,654.5770,687.8495,656.9337
2026-03-24,591.9039,599.9700,589.9872,598.0733,10739700,META,634.1509,626.4127,646.3784,641.4931,643.8973,653.3359,687.4024,656.2866
2026-03-25,593.8705,602.6354,592.3830,597.7139,12585000,META,631.2439,623.3134,645.4493,639.6255,642.3447,652.1584,686.9000,655.6656
2026-03-26,546.6016,582.0009,542.4188,581.4917,35780100,META,625.8078,616.0075,643.7920,635.9775,641.1685,650.0681,686.1795,654.5804
2026-03-27,524.8190,542.6684,519.3684,539.1744,30133000,META,619.7230,607.3229,642.0096,631.6184,639.9551,647.5880,685.3085,653.2892
2026-03-30,535.4608,538.6253,527.6342,535.4608,22795200,META,613.9019,600.4789,640.3347,627.8475,638.9542,645.3676,684.5318,652.1168
2026-03-31,571.1495,572.7068,545.8330,549.0374,32898300,META,609.7895,597.6856,639.3845,625.6240,638.4137,643.8980,683.9375,651.3111
2026-04-01,578.2372,591.5344,572.8365,579.1357,23608100,META,605.4006,595.8334,638.8979,623.7657,637.8581,642.5977,683.4308,650.5840
2026-04-02,573.4755,577.5086,558.7408,565.0699,13518500,META,601.1307,593.7041,638.1397,621.7936,637.4244,641.2290,682.8018,649.8168
2026-04-06,572.0380,581.7912,571.0198,576.7000,9515700,META,597.5724,591.6406,636.6611,619.8424,636.9486,639.8589,682.1899,649.0429
2026-04-07,574.0645,574.2441,563.7921,571.4989,9580800,META,593.9892,589.9667,635.0010,618.0471,636.3931,638.5560,681.5955,648.2968
2026-04-08,611.3704,628.8704,590.8157,604.9614,32036600,META,591.9382,592.0052,633.8158,617.7853,636.2572,638.0177,681.2544,647.9294
2026-04-09,627.3130,636.4074,621.9323,625.8954,19012900,META,590.6450,595.3678,632.9372,618.1590,636.4608,637.8057,680.9125,647.7242
2026-04-10,628.7805,637.4856,623.2600,633.3826,13294800,META,590.2569,598.5500,632.1725,618.5755,636.6703,637.6270,680.5098,647.5357
2026-04-13,633.4426,633.9117,623.3299,628.4212,9538900,META,591.3223,601.8731,630.1131,619.1585,636.9307,637.5441,680.1480,647.3955
2026-04-14,661.3546,665.1182,638.2742,642.1176,17818000,META,593.0713,607.5380,629.0470,620.8133,637.5445,638.0156,679.8391,647.5344
2026-04-15,670.4291,677.3372,663.0816,665.8569,14952600,META,595.5132,613.5276,628.3636,622.7590,638.2921,638.6575,679.5379,647.7622
2026-04-16,675.7100,676.4188,666.6056,674.8315,9544800,META,598.5674,619.4498,628.0794,624.8355,639.1660,639.3912,679.2410,648.0403
2026-04-17,687.3699,690.3349,673.9730,677.4370,16283500,META,602.6529,625.9183,628.4813,627.2878,640.1681,640.3413,679.0963,648.4316
2026-04-20,669.7602,682.2089,666.8552,680.1923,12534000,META,606.5088,630.0938,628.5067,628.9534,640.9433,640.9238,678.8917,648.6439
2026-04-21,667.6938,675.0412,666.1864,669.8501,8660100,META,609.7422,633.6747,628.6654,630.4726,641.5104,641.4539,678.6497,648.8334
2026-04-22,673.5637,677.2174,668.6022,673.2043,9215600,META,613.8252,637.4737,628.6270,632.1625,641.9054,642.0897,678.4403,649.0795
2026-04-23,658.0204,668.4125,651.9308,662.5626,11667000,META,617.0327,639.4305,628.4075,633.1765,642.1709,642.4052,678.1417,649.1685
2026-04-24,673.8732,679.5035,652.7195,659.1884,13348300,META,623.3963,642.7107,628.5455,634.7725,642.4520,643.0283,677.8620,649.4143
2026-04-27,677.4570,681.3303,669.6903,669.8500,12805200,META,631.0282,646.0199,629.1318,636.4464,642.8396,643.7101,677.6278,649.6933
2026-04-28,670.1895,677.0177,664.4892,673.0844,10606800,META,637.7646,648.3218,629.7731,637.7696,643.0924,644.2344,677.4057,649.8972
2026-04-29,667.9733,673.0945,662.6724,667.7636,18947500,META,642.6058,650.1933,630.3796,638.9541,643.3977,644.7045,677.1556,650.0771
2026-04-30,610.8613,619.7859,598.9717,618.2586,52765000,META,644.2370,646.4474,629.7654,637.8524,642.9134,644.0343,676.6724,649.6869
2026-05-01,607.7067,617.8194,605.0712,613.6365,21404000,META,645.9486,642.7578,629.0571,636.6702,642.2790,643.3150,676.2106,649.2692
2026-05-04,609.3639,612.9478,601.7170,606.8982,16203900,META,647.8149,639.5775,628.1648,635.5994,641.7272,642.6427,675.7646,648.8721
2026-05-05,603.9232,613.2971,599.3311,612.2589,17171300,META,649.3078,636.1818,627.5310,634.3572,641.2190,641.8760,675.2771,648.4249
2026-05-06,611.8297,618.8875,597.0750,600.0199,19915500,META,649.3308,633.8626,627.0144,633.4737,640.8580,641.2810,674.7858,648.0607
2026-05-07,615.7529,623.9089,612.4885,613.6665,12307400,META,648.7528,632.1378,626.2893,632.7788,640.5105,640.7755,674.3548,647.7393
2026-05-08,608.5853,615.7130,605.0214,614.1457,13557000,META,647.7430,629.8947,625.3545,631.8300,640.1758,640.1381,673.8443,647.3497
2026-05-11,597.8337,603.8733,597.0550,603.5339,15940600,META,645.9626,626.8413,624.3809,630.4969,639.6957,639.3003,673.2740,646.8570
2026-05-12,601.9666,602.7153,591.5844,593.8006,11351600,META,642.9932,624.4723,623.3826,629.3780,639.1607,638.5611,672.7348,646.4103
2026-05-13,615.5732,618.8377,595.6374,597.8038,14634400,META,640.2504,623.6248,622.6261,628.8367,638.8382,638.1059,672.2391,646.1035
2026-05-14,617.3701,622.6610,613.9460,614.9443,10651200,META,637.3334,623.0291,621.6532,628.3870,638.3844,637.6952,671.8401,645.8176
2026-05-15,613.1773,620.1354,608.2658,612.9377,13272600,META,633.6237,622.0908,620.7392,627.7905,637.9454,637.2097,671.4440,645.4928
2026-05-18,610.1625,614.5350,602.6554,608.0661,13772400,META,630.6439,620.9548,620.0784,627.0992,637.4490,636.6742,670.6433,645.1412
2026-05-19,601.5772,612.8778,599.5207,607.8764,11749900,META,627.3380,619.1093,619.1954,626.0984,636.8325,635.9792,669.9164,644.7078
2026-05-20,604.0231,606.9580,596.7855,599.7305,11329700,META,623.8610,617.6725,618.2280,625.2327,636.2143,635.3464,669.0704,644.3029
2026-05-21,606.3391,608.5553,593.7906,598.9718,13476100,META,621.2769,616.5931,617.2913,624.4917,635.6619,634.7720,668.3002,643.9252
2026-05-22,609.2141,613.7563,605.9098,606.8382,11688600,META,618.0440,615.8904,616.7447,623.8926,635.1840,634.2659,667.5020,643.5798
2026-05-26,611.2906,613.4169,604.2627,607.8465,12234200,META,614.7357,615.4523,616.7278,623.3984,634.6545,633.8109,666.7647,643.2585
2026-05-27,634.1713,637.4057,607.9563,608.3556,23143600,META,612.9348,617.2351,616.8838,623.8209,634.4123,633.8181,666.1047,643.1681
2026-05-28,634.2012,641.8980,628.2315,638.4040,16772400,META,611.2462,618.8509,617.1359,624.2280,634.2669,633.8256,665.4619,643.0789
2026-05-29,631.4260,633.4126,622.2817,632.4143,19806500,META,612.2744,620.0485,617.4720,624.5102,634.0102,633.7781,664.6850,642.9629
2026-06-01,599.4409,634.6605,598.5026,629.3197,29138800,META,611.8611,618.0859,617.3476,623.5271,633.4153,633.0982,663.7976,642.5299
2026-06-02,596.6058,607.8366,595.6575,602.2062,18252000,META,611.2232,616.0402,617.4268,622.4714,632.9112,632.3756,662.8858,642.0729
2026-06-03,621.9123,623.0803,599.2413,601.9666,23020100,META,612.1227,616.5994,617.8046,622.4495,632.6863,632.1684,662.0852,641.8723
2026-06-04,626.4945,641.2991,621.3633,622.6012,21469200,META,612.8559,617.5418,618.4964,622.6081,632.4374,632.0560,661.3963,641.7193
2026-06-05,591.9837,628.0718,581.9110,622.3915,30091600,META,611.6674,615.1077,618.4587,621.4071,631.9540,631.2625,660.6141,641.2244
2026-06-08,584.3868,590.9854,578.2273,590.9854,19512400,META,610.4575,612.1819,619.2144,619.9554,631.5032,630.3343,659.8126,640.6589
2026-06-09,583.5881,596.6058,580.0143,589.9871,16977400,META,609.7452,609.4587,620.3898,618.5292,631.1997,629.4086,659.0500,640.0910
2026-06-10,570.0015,590.3066,569.6221,579.7348,17064000,META,608.1470,605.7009,621.0806,616.6261,630.7076,628.2322,658.1413,639.3936
2026-06-11,567.4558,571.1894,556.0554,564.8603,17628000,META,605.7411,602.0585,621.0067,614.6979,630.1956,627.0287,657.2274,638.6778
2026-06-12,566.0083,575.0827,559.9388,571.9681,14326400,META,603.1730,598.6251,620.7621,612.7885,629.8300,625.8204,656.3022,637.9547
2026-06-15,593.0120,600.7959,578.8432,579.4427,17653300,META,602.1647,598.0905,621.1528,612.0130,629.6463,625.1707,655.5455,637.5075
2026-06-16,599.7367,605.3323,591.5331,593.1819,11344400,META,601.6435,598.2473,621.7068,611.5315,629.1840,624.6671,654.8039,637.1317
2026-06-17,567.1324,593.3417,565.7435,591.5332,20478300,META,599.9212,595.2840,621.5682,609.7904,628.2846,623.5278,653.9610,636.4352
2026-06-18,576.7648,579.7624,562.6559,572.3683,28824600,META,598.5583,593.5203,620.8761,608.4953,627.3459,622.6018,653.1842,635.8415
2026-06-22,563.4053,575.3559,559.3685,571.5689,15405500,META,596.4116,590.6522,619.5979,606.7270,626.2675,621.4296,652.3309,635.1207
2026-06-23,561.7567,571.7488,560.5776,561.8066,13103300,META,594.0387,587.9002,618.2574,604.9635,625.2150,620.2479,651.4116,634.3907
2026-06-24,557.2302,568.5913,555.1119,561.4469,13963600,META,591.3357,584.9793,616.7332,603.0916,623.4231,619.0001,650.4507,633.6229
2026-06-25,542.4419,555.9013,539.7540,555.1119,16968600,META,586.7492,580.9281,614.3549,600.7132,621.7010,617.4841,649.4167,632.7157
2026-06-26,549.8161,556.4109,539.9739,542.9116,18867700,META,582.5300,577.9650,611.9427,598.7172,620.1532,616.1441,648.3528,631.8908
2026-06-29,562.1563,570.4498,557.5600,559.5584,15011400,META,579.0665,576.4594,609.6716,597.2835,618.8755,615.0750,647.4189,631.1969
2026-06-30,562.8458,565.0940,550.9951,560.4976,18111100,META,577.2367,575.1629,607.1811,595.9330,617.8312,614.0408,646.4938,630.5168
2026-07-01,612.4266,627.7846,594.6307,607.4306,45536300,META,578.0278,578.7118,606.0344,596.5798,617.2706,614.0088,645.7933,630.3368
2026-07-02,582.4404,609.5190,579.9623,607.4207,21705900,META,576.0542,579.0669,604.3294,596.0253,616.4974,613.3837,644.8975,629.8602
2026-07-06,599.8166,603.1040,581.3012,594.3709,17674100,META,574.7203,581.0431,602.8544,596.1740,615.7407,613.1151,644.0174,629.5613
2026-07-07,615.0946,624.8769,603.1840,607.1109,18560800,META,575.8758,584.2861,601.9959,596.9159,615.2017,613.1543,643.2300,629.4173
2026-07-08,602.6444,615.5143,597.5385,613.9055,13606500,META,576.7887,586.0345,600.5713,597.1406,614.5584,612.9461,642.3578,629.1509
2026-07-09,630.9820,632.7706,576.6149,583.5295,26579700,META,579.1584,590.3152,599.6418,598.4677,614.3868,613.3033,641.6366,629.1692
2026-07-10,668.6823,677.3255,657.4911,659.8193,40608900,META,584.0925,597.7787,599.6117,601.2212,614.6924,614.3999,641.1671,629.5623
2026-07-13,656.2121,676.0864,653.6841,660.8585,19840700,META,588.5303,603.3438,599.3765,603.3777,614.8780,615.2279,640.6839,629.8275
2026-07-14,660.5187,665.9744,648.5381,651.4858,16748200,META,593.2558,608.7891,600.3696,605.6185,615.0675,616.1247,640.1961,630.1329
2026-07-15,680.7728,685.5390,656.1422,663.0767,19003400,META,597.6438,615.6446,601.8309,608.5658,615.4440,617.4049,639.8681,630.6368
2026-07-16,664.0159,681.3623,659.6394,676.7459,15816000,META,600.8578,620.2514,602.9240,610.7403,615.5444,618.3279,639.4820,630.9689
2026-07-17,645.5006,651.6857,625.5064,647.1893,22267900,META,604.7762,622.6561,603.7555,612.1034,615.6433,618.8659,639.0050,631.1135
2026-07-20,645.3407,652.7848,635.5085,646.1901,10225200,META,608.2050,624.8166,604.4258,613.4069,615.7201,619.3902,638.5722,631.2551
2026-07-21,643.3023,655.3628,642.6928,653.6641,9140500,META,612.1998,626.5771,604.9767,614.5792,615.6330,619.8637,638.2142,631.3749
2026-07-22,626.6754,648.4882,623.5079,647.1893,11019600,META,615.4458,626.5865,605.3385,615.0536,615.3465,619.9986,637.7246,631.3282
2026-07-23,605.6220,614.1653,596.7490,607.9302,15494800,META,617.8654,624.5898,605.4943,614.6837,614.9376,619.7139,637.2119,631.0724
2026-07-24,594.7206,609.4990,593.9812,604.8227,11503500,META,620.4793,621.7452,605.3494,613.9009,614.3660,619.2190,636.6193,630.7107
2026-07-27,593.4017,610.7780,592.6623,606.7411,11195300,META,622.6586,619.0458,604.9060,613.0970,613.7660,618.7077,636.0330,630.3394
2026-07-28,592.9420,600.5261,586.5371,596.3494,12009300,META,624.1979,616.5597,604.4174,612.3066,613.0353,618.1975,635.4206,629.9673
2026-07-29,585.1482,599.4969,581.7609,592.7822,22371100,META,625.3130,613.5681,603.8568,611.2415,612.2980,617.5431,634.6912,629.5214
2026-07-30,538.6050,539.4543,524.0764,525.5852,42271500,META,621.6219,606.4288,602.4257,608.3931,611.2520,615.9800,633.8697,628.6167
2026-07-31,556.2710,557.8897,539.7939,543.1713,24261500,META,620.3134,601.6519,601.5195,606.3490,610.3575,614.7976,633.0846,627.8969
2026-08-03,589.7745,597.0488,558.9189,561.7966,25938100,META,619.8113,600.5207,601.2346,605.6991,609.7313,614.3021,632.5022,627.5175
2026-08-04,587.4764,592.3225,577.7940,581.0415,17959200,META,618.4304,599.2784,600.8573,604.9845,609.0743,613.7709,631.8640,627.1191
2026-08-05,588.3057,600.5261,579.6625,599.9865,14897200,META,617.7135,598.2334,600.4392,604.3304,608.5919,613.2666,631.2572,626.7329
2026-08-06,589.4349,594.8406,585.5379,586.4872,11811500,META,615.6361,597.3954,600.0020,603.7462,608.3649,612.7947,630.6319,626.3618
2026-08-07,591.6331,598.2678,585.1582,585.1782,11250300,META,611.7837,596.8466,599.1513,603.2712,608.0175,612.3757,629.9416,626.0162
2026-08-10,594.4509,607.7304,591.5632,598.6576,14967300,META,608.6956,596.6184,598.3563,602.9253,607.7461,612.0207,629.2599,625.7021
2026-08-11,598.6475,611.9470,592.9321,597.5284,13146900,META,605.6021,596.8117,597.7007,602.7576,607.5863,611.7559,628.5985,625.4329
2026-08-12,578.3935,604.0233,577.7540,600.5960,16186900,META,600.4831,595.0576,597.2797,601.8021,607.3137,611.0953,627.8328,624.9649
2026-08-13,594.5008,595.3801,578.9331,580.2521,11164200,META,597.0073,595.0045,597.2376,601.5158,607.3322,610.7667,627.1260,624.6618
2026-08-14,589.3848,601.3854,588.8253,596.5092,8758000,META,594.2016,594.4693,596.5871,601.0401,607.1958,610.3433,626.3315,624.3108
2026-08-17,568.5213,589.7745,564.3047,589.2849,17225600,META,590.3606,591.9981,595.4276,599.7648,606.9620,609.5151,625.4296,623.7556
2026-08-18,543.2413,560.2179,542.7817,557.0404,27094900,META,585.3575,587.3546,594.4528,597.5482,606.4557,608.2028,624.4002,622.9545
2026-08-19,545.5994,553.6331,536.8463,540.9131,16971700,META,581.3037,583.3779,593.6770,595.5110,606.4457,606.9631,623.8071,622.1848
2026-08-20,545.3996,549.5563,538.8847,546.5187,13872200,META,578.2926,579.7609,592.9133,593.5458,606.6515,605.7440,623.3033,621.4208
2026-08-21,549.4664,553.4332,542.8016,546.4587,13848000,META,576.0299,576.8757,592.5026,591.8172,606.7916,604.6296,622.8729,620.7048
2026-08-24,558.5792,560.9773,545.8692,549.7662,12990600,META,574.2888,575.1332,592.3250,590.5138,606.6659,603.7177,622.5398,620.0866
2026-08-25,569.6005,570.3499,560.9573,563.4353,9769100,META,573.1217,574.6063,592.3969,589.6937,606.5795,603.0421,622.2188,619.5843
2026-08-26,575.6857,592.8721,561.4369,589.8445,31416300,META,572.6486,574.7091,592.0504,589.1443,606.6016,602.5004,622.0130,619.1475
2026-08-27,570.6496,587.9260,567.1724,576.0254,15221400,META,574.2508,574.3225,591.4686,588.4190,606.5877,601.8697,621.7682,618.6649
2026-08-28,577.5642,588.7254,570.5497,571.0993,16042400,META,575.3155,574.6312,591.6772,587.9934,606.6227,601.3884,621.5079,618.2560
2026-08-31,571.8887,578.2236,568.6912,577.1745,13383800,META,574.4212,574.3700,591.5797,587.3618,606.2279,600.8042,621.2425,617.7946
2026-09-01,578.0837,584.4887,555.6614,557.9097,15796900,META,573.9515,574.7237,591.8733,586.9980,605.7356,600.3543,621.0982,617.3995
2026-09-02,592.3824,599.9065,576.5450,578.3335,16552700,META,574.1554,576.4055,592.4858,587.2091,605.3716,600.1965,621.0210,617.1505
2026-09-03,610.1984,618.9715,603.8734,604.0133,19737100,META,575.1935,579.6239,593.5452,588.1107,605.1392,600.3945,621.0350,617.0814
2026-09-04,616.2836,616.9731,604.7927,611.8671,15966200,META,576.4261,583.1153,595.0220,589.2155,604.6885,600.7092,621.1165,617.0734
2026-09-08,612.9962,624.3073,609.2592,615.7241,18909700,META,577.3533,585.9611,596.2856,590.1481,604.1141,600.9525,621.2031,617.0328
2026-09-09,653.1745,657.3412,638.0564,648.1285,35900700,META,580.0797,592.3623,598.1060,592.6197,603.8888,601.9866,621.5274,617.3925
2026-09-10,643.8719,662.9768,641.6337,653.1945,21531900,META,583.3536,597.2680,599.7265,594.6296,603.4538,602.8160,621.8109,617.6559
2026-09-11,647.5190,663.7162,645.6905,652.9947,16925000,META,586.0045,602.0538,600.4283,596.7037,603.2314,603.7012,622.0873,617.9531
2026-09-14,665.0751,668.0728,648.7080,657.3113,19332300,META,589.7890,608.0559,602.0810,599.3849,603.2052,604.9165,622.3578,618.4220
2026-09-15,669.7115,678.3347,655.6826,658.7801,19502800,META,594.8486,613.9278,603.4789,602.1428,603.1667,606.1996,622.5360,618.9323
2026-09-16,672.7791,684.7696,671.3801,679.3738,17217800,META,601.3254,619.5327,604.6326,604.9129,603.3143,607.5180,622.7426,619.4681
2026-09-17,681.7720,682.6613,666.5240,681.9019,15928000,META,608.1341,625.4603,606.2152,607.9269,603.3933,608.9884,622.9227,620.0880
2026-09-18,665.2250,689.6058,660.2789,688.0770,27596400,META,614.1253,629.2474,606.9000,610.1739,603.2709,610.1020,623.0553,620.5372
2026-09-21,741.2500,753.0000,679.6000,680.3000,48720500,META,623.7145,639.9143,608.3514,615.3142,603.9815,612.6990,623.5369,621.7383
2026-09-22,736.6000,757.2700,730.0000,731.4000,28122100,META,632.6156,649.1225,609.9591,620.0705,604.6678,615.1524,624.0328,622.8812
2026-09-23,744.1000,763.9000,739.5100,747.6000,30829200,META,641.3405,658.1679,611.6308,624.9344,606.0002,617.7059,624.4568,624.0873
2026-09-24,777.5900,779.8200,743.0100,744.3600,34808500,META,651.4358,669.5415,613.5671,630.9209,607.6990,620.8719,624.9890,625.6147
2026-09-25,751.6600,769.5700,746.5400,768.8500,25826700,META,660.4863,677.3623,615.3200,635.6557,609.1220,623.4618,625.4246,626.8689
2026-09-28,715.6200,750.5800,713.1900,750.0400,27943100,META,667.3891,681.0059,616.7224,638.7916,610.2390,625.2867,625.7290,627.7520
2026-09-29,738.7900,740.4500,715.1000,725.0000,23591100,META,675.7341,686.5091,618.5914,642.7131,611.5086,627.5343,626.1833,628.8569
2026-09-30,725.1800,738.2500,721.3000,730.2700,19293000,META,683.0889,690.1921,620.2289,645.9471,612.6028,629.4678,626.5567,629.8153
2026-10-01,725.9300,735.8800,721.5100,728.5300,12408400,META,689.7663,693.5957,622.2140,649.0837,613.7763,631.3780,626.9761,630.7717
2026-10-02,728.0800,741.5800,726.2000,733.2050,12873427,META,695.6604,696.8799,624.6632,652.1816,615.0787,633.2929,627.3872,631.7399
