Date,Close,High,Low,Open,Volume,Ticker,SMA_20,EMA_20,SMA_50,EMA_50,SMA_100,EMA_100,SMA_200,EMA_200
2021-08-18,38.8600,39.6300,37.9500,38.4900,48277600,NIO,,38.8600,,38.8600,,38.8600,,38.8600
2021-08-19,36.2900,38.1500,36.2400,37.8900,56718000,NIO,,38.6152,,38.7592,,38.8091,,38.8344
2021-08-20,36.9200,37.9000,36.6000,36.6300,43491300,NIO,,38.4538,,38.6871,,38.7717,,38.8154
2021-08-23,38.1700,38.3800,37.0400,37.4400,39610100,NIO,,38.4268,,38.6668,,38.7598,,38.8090
2021-08-24,38.9400,39.6100,38.6300,39.2400,37927500,NIO,,38.4756,,38.6775,,38.7634,,38.8103
2021-08-25,38.9500,39.1400,38.1800,38.6600,25641300,NIO,,38.5208,,38.6882,,38.7671,,38.8117
2021-08-26,38.2600,39.7400,37.8200,38.6300,34432000,NIO,,38.4960,,38.6714,,38.7570,,38.8062
2021-08-27,38.0500,38.4700,37.8300,38.2300,23496700,NIO,,38.4535,,38.6470,,38.7430,,38.7986
2021-08-30,37.8000,38.2800,36.6400,38.1700,38128000,NIO,,38.3913,,38.6138,,38.7243,,38.7887
2021-08-31,39.3100,39.3900,37.9000,38.2400,44942200,NIO,,38.4788,,38.6411,,38.7359,,38.7939
2021-09-01,39.0800,39.9300,37.2000,37.4900,56911500,NIO,,38.5360,,38.6583,,38.7427,,38.7967
2021-09-02,40.3500,41.0200,38.9000,39.0700,43827700,NIO,,38.7088,,38.7247,,38.7746,,38.8122
2021-09-03,40.3700,40.9700,39.8300,40.1100,30353900,NIO,,38.8670,,38.7892,,38.8062,,38.8277
2021-09-07,40.5900,41.8600,40.5900,40.8500,35292600,NIO,,39.0311,,38.8598,,38.8415,,38.8452
2021-09-08,38.1400,39.4300,37.8100,39.1700,51800000,NIO,,38.9462,,38.8316,,38.8276,,38.8382
2021-09-09,38.4500,38.8500,37.5500,37.9800,33812000,NIO,,38.8990,,38.8166,,38.8201,,38.8343
2021-09-10,37.9800,39.5200,37.9000,38.6200,29273600,NIO,,38.8114,,38.7838,,38.8035,,38.8258
2021-09-13,38.3900,38.3900,36.5600,38.0100,38410000,NIO,,38.7713,,38.7684,,38.7953,,38.8215
2021-09-14,37.8900,39.4000,37.6900,38.4900,30857200,NIO,,38.6874,,38.7339,,38.7774,,38.8122
2021-09-15,38.0300,38.1500,36.9500,38.0000,27049400,NIO,38.5410,38.6248,,38.7063,,38.7626,,38.8045
2021-09-16,37.0900,37.6700,36.7400,37.5400,33023100,NIO,38.4525,38.4786,,38.6429,,38.7295,,38.7874
2021-09-17,37.5100,37.5700,36.9700,37.3000,29557200,NIO,38.5135,38.3864,,38.5985,,38.7053,,38.7747
2021-09-20,35.1700,36.3200,34.5400,36.1100,57611700,NIO,38.4260,38.0800,,38.4641,,38.6353,,38.7388
2021-09-21,34.9000,35.8200,34.8800,35.5200,31706600,NIO,38.2625,37.7772,,38.3243,,38.5613,,38.7006
2021-09-22,35.7000,35.8300,35.1200,35.2100,26608000,NIO,38.1005,37.5793,,38.2214,,38.5047,,38.6708
2021-09-23,36.0100,36.5000,35.5700,36.2000,27152700,NIO,37.9535,37.4299,,38.1347,,38.4553,,38.6443
2021-09-24,35.3800,36.0700,35.2000,35.5900,23755100,NIO,37.8095,37.2347,,38.0266,,38.3944,,38.6118
2021-09-27,36.7700,36.8600,34.4200,35.4300,36093000,NIO,37.7455,37.1904,,37.9774,,38.3622,,38.5935
2021-09-28,35.0500,37.0300,34.9300,36.2800,37507900,NIO,37.6080,36.9866,,37.8626,,38.2966,,38.5582
2021-09-29,35.1300,36.3600,35.0200,35.4400,33553400,NIO,37.3990,36.8097,,37.7554,,38.2339,,38.5241
2021-09-30,35.6300,35.9800,35.2900,35.6300,25768500,NIO,37.2265,36.6974,,37.6720,,38.1824,,38.4953
2021-10-01,35.3800,36.6700,35.2600,36.6300,34919900,NIO,36.9780,36.5719,,37.5822,,38.1269,,38.4643
2021-10-04,33.4000,35.0200,33.2800,35.0200,40823100,NIO,36.6295,36.2698,,37.4182,,38.0333,,38.4139
2021-10-05,33.8700,34.3100,33.2700,33.3000,26441300,NIO,36.2935,36.0413,,37.2790,,37.9508,,38.3687
2021-10-06,33.6600,34.1600,33.1700,33.4100,22885100,NIO,36.0695,35.8145,,37.1371,,37.8659,,38.3219
2021-10-07,35.9900,36.6400,34.9100,35.4400,67945200,NIO,35.9465,35.8312,,37.0921,,37.8287,,38.2987
2021-10-08,35.8300,36.5500,35.8300,36.4400,31959800,NIO,35.8390,35.8311,,37.0426,,37.7891,,38.2741
2021-10-11,35.6400,36.5200,35.5300,36.0900,25400100,NIO,35.7015,35.8129,,36.9876,,37.7466,,38.2479
2021-10-12,35.5100,36.0500,35.1800,35.7000,26592000,NIO,35.5825,35.7840,,36.9297,,37.7023,,38.2206
2021-10-13,36.2400,36.6800,35.4700,35.7800,33439600,NIO,35.4930,35.8275,,36.9026,,37.6733,,38.2009
2021-10-14,36.2800,36.4500,35.6000,36.2100,29898400,NIO,35.4525,35.8706,,36.8782,,37.6457,,38.1818
2021-10-15,37.7100,38.2900,36.9400,36.9900,48169000,NIO,35.4625,36.0458,,36.9108,,37.6470,,38.1771
2021-10-18,39.6100,39.8400,37.2700,37.4900,43499400,NIO,35.6845,36.3852,,37.0167,,37.6859,,38.1914
2021-10-19,40.0300,40.9000,39.5600,40.2700,37820000,NIO,35.9410,36.7323,,37.1348,,37.7323,,38.2097
2021-10-20,39.7800,40.3400,39.1600,39.9700,25120700,NIO,36.1450,37.0226,,37.2386,,37.7728,,38.2253
2021-10-21,39.9700,40.6000,39.3700,39.5100,25389100,NIO,36.3430,37.3033,,37.3457,,37.8164,,38.2427
2021-10-22,38.8800,40.3900,38.5400,39.9600,28015500,NIO,36.5180,37.4535,,37.4059,,37.8374,,38.2490
2021-10-25,41.2700,41.4200,39.2400,39.4000,46935600,NIO,36.7430,37.8169,,37.5574,,37.9054,,38.2791
2021-10-26,40.4700,42.6100,40.4700,41.2900,55875400,NIO,37.0140,38.0696,,37.6716,,37.9562,,38.3009
2021-10-27,39.3100,41.2800,39.2600,40.9000,28750900,NIO,37.2230,38.1877,37.4798,37.7359,,37.9830,,38.3109
2021-10-28,40.7900,40.8000,39.1900,39.5300,32774200,NIO,37.4810,38.4356,37.5184,37.8556,,38.0386,,38.3356
2021-10-29,39.4100,40.5500,39.2100,40.2500,33423100,NIO,37.6825,38.5284,37.5808,37.9166,,38.0657,,38.3463
2021-11-01,40.8400,40.8400,38.1100,38.1100,53062500,NIO,38.0545,38.7485,37.6592,38.0312,,38.1207,,38.3711
2021-11-02,41.3000,42.4900,40.2000,40.4700,46243600,NIO,38.4260,38.9915,37.7218,38.1594,,38.1836,,38.4002
2021-11-03,41.5000,42.4100,40.6300,41.9800,34202100,NIO,38.8180,39.2304,37.7730,38.2904,,38.2493,,38.4311
2021-11-04,43.1200,44.0000,42.5000,42.7600,53634400,NIO,39.1745,39.6009,37.8564,38.4798,,38.3457,,38.4777
2021-11-05,42.2900,43.5200,41.8200,43.5200,33048700,NIO,39.4975,39.8570,37.9370,38.6292,,38.4238,,38.5157
2021-11-08,43.2000,44.2700,42.2800,42.6500,38487900,NIO,39.8755,40.1754,38.0400,38.8085,,38.5184,,38.5623
2021-11-09,40.6400,43.8000,40.6000,43.4900,49158000,NIO,40.1320,40.2196,38.0968,38.8803,,38.5604,,38.5829
2021-11-10,39.5500,42.0900,38.8300,40.8900,48507300,NIO,40.2975,40.1558,38.1016,38.9066,,38.5800,,38.5926
2021-11-11,42.2000,42.2200,40.3500,40.8900,39934000,NIO,40.5935,40.3505,38.1640,39.0357,,38.6517,,38.6285
2021-11-12,42.6700,43.5500,41.9100,42.6900,34743100,NIO,40.8415,40.5714,38.2104,39.1782,,38.7313,,38.6687
2021-11-15,40.5700,42.6900,40.0200,42.6000,47571700,NIO,40.8895,40.5713,38.2144,39.2328,,38.7677,,38.6876
2021-11-16,40.6700,41.3000,40.0200,40.8900,37099000,NIO,40.9215,40.5807,38.2160,39.2892,,38.8054,,38.7073
2021-11-17,39.6700,40.9200,39.0700,40.5700,35829900,NIO,40.9160,40.4940,38.2466,39.3041,,38.8225,,38.7169
2021-11-18,38.4100,39.4400,37.4500,39.0000,42260200,NIO,40.8380,40.2955,38.2458,39.2691,,38.8143,,38.7138
2021-11-19,38.6600,39.1000,38.0000,38.5900,30069100,NIO,40.8270,40.1397,38.2594,39.2452,,38.8113,,38.7133
2021-11-22,41.4900,42.8400,40.2500,40.4200,70987500,NIO,40.8380,40.2683,38.3214,39.3332,,38.8643,,38.7409
2021-11-23,42.0400,43.1200,40.4700,41.5000,55094300,NIO,40.9165,40.4371,38.4044,39.4393,,38.9272,,38.7738
2021-11-24,41.4200,42.5100,40.8900,41.7000,33467200,NIO,41.0220,40.5307,38.4722,39.5170,,38.9765,,38.8001
2021-11-26,39.9900,40.3400,39.1000,39.4000,30468500,NIO,40.9820,40.4792,38.5302,39.5356,,38.9966,,38.8119
2021-11-29,40.4600,41.2000,39.4900,40.8500,35113900,NIO,41.0345,40.4773,38.5892,39.5718,,39.0256,,38.8283
2021-11-30,39.1300,41.4200,38.3500,40.3700,47970900,NIO,40.9490,40.3490,38.6684,39.5545,,39.0277,,38.8313
2021-12-01,38.3100,40.8300,38.2000,40.4100,48006000,NIO,40.7995,40.1548,38.7366,39.5057,,39.0135,,38.8261
2021-12-02,36.2000,39.6800,34.0200,38.8300,85263200,NIO,40.5345,39.7782,38.7466,39.3761,,38.9577,,38.8000
2021-12-03,32.1500,35.2200,31.5000,34.5800,106366600,NIO,39.9860,39.0517,38.6694,39.0927,,38.8229,,38.7338
2021-12-06,32.3400,33.3200,29.6600,32.3500,70041700,NIO,39.4885,38.4125,38.6086,38.8279,,38.6946,,38.6702
2021-12-07,33.1200,34.5200,32.6800,34.4400,51769700,NIO,38.9845,37.9084,38.5356,38.6040,,38.5842,,38.6150
2021-12-08,35.0500,35.3000,33.0500,33.8200,48881000,NIO,38.7050,37.6362,38.5356,38.4647,,38.5142,,38.5795
2021-12-09,34.0500,35.5500,33.9000,34.8800,36271400,NIO,38.4300,37.2947,38.5140,38.2915,,38.4258,,38.5345
2021-12-10,34.2600,34.5500,33.2500,33.9000,32196300,NIO,38.0330,37.0056,38.4866,38.1334,,38.3433,,38.4919
2021-12-13,33.6600,34.6700,32.9000,33.6800,31857900,NIO,37.5825,36.6870,38.4522,37.9580,,38.2506,,38.4438
2021-12-14,32.3000,32.3800,31.2000,32.2300,45998500,NIO,37.1690,36.2692,38.4302,37.7361,,38.1327,,38.3827
2021-12-15,30.7900,31.8400,29.0600,31.5000,80802100,NIO,36.6750,35.7474,38.3686,37.4637,,37.9873,,38.3072
2021-12-16,30.0700,31.6400,29.7500,31.0500,42744100,NIO,36.1950,35.2067,38.2968,37.1738,,37.8305,,38.2252
2021-12-17,30.0000,30.5100,28.0200,29.5300,54537300,NIO,35.7745,34.7108,38.1770,36.8925,,37.6755,,38.1434
2021-12-20,28.1600,29.4600,27.7900,29.4500,56945600,NIO,35.2495,34.0869,38.0236,36.5500,,37.4871,,38.0440
2021-12-21,30.1600,30.2500,28.6700,28.7300,73653200,NIO,34.6830,33.7129,37.9140,36.2994,,37.3420,,37.9656
2021-12-22,29.8500,30.3800,29.3300,29.5600,38368900,NIO,34.0735,33.3450,37.8008,36.0465,,37.1936,,37.8848
2021-12-23,30.5200,30.8000,28.9700,29.6100,38379700,NIO,33.5285,33.0760,37.6864,35.8298,,37.0615,,37.8115
2021-12-27,29.9600,31.3200,29.8100,30.3900,36081100,NIO,33.0270,32.7792,37.5600,35.5996,,36.9208,,37.7334
2021-12-28,29.6300,30.1900,29.4700,29.8800,28807200,NIO,32.4855,32.4793,37.3984,35.3655,,36.7765,,37.6528
2021-12-29,28.2500,29.6200,27.5200,29.5600,51169700,NIO,31.9415,32.0765,37.1712,35.0864,,36.6076,,37.5592
2021-12-30,32.4200,33.0400,27.8000,27.8900,137245800,NIO,31.6470,32.1092,37.0190,34.9819,,36.5247,,37.5081
2021-12-31,31.6800,32.9800,31.6600,32.0400,67569200,NIO,31.4210,32.0683,36.8570,34.8524,,36.4288,,37.4501
2022-01-03,33.4700,33.8000,31.8800,33.5200,64286500,NIO,31.4870,32.2018,36.7270,34.7982,,36.3702,,37.4105
2022-01-04,31.5800,33.3900,31.1100,33.3500,47866800,NIO,31.4490,32.1426,36.5810,34.6720,,36.2753,,37.3525
2022-01-05,29.8800,31.9400,29.7800,30.9700,42442700,NIO,31.2870,31.9271,36.3532,34.4841,,36.1487,,37.2781
2022-01-06,29.3100,30.5400,28.2800,30.0100,48723200,NIO,31.0000,31.6779,36.1300,34.2812,,36.0133,,37.1988
2022-01-07,29.3000,30.4200,28.7800,29.4500,40781500,NIO,30.7625,31.4514,35.9298,34.0858,36.7048,35.8803,,37.1202
2022-01-10,28.9100,29.1600,27.7800,29.0000,44833600,NIO,30.4950,31.2094,35.6922,33.8828,36.6053,35.7423,,37.0385
2022-01-11,30.0200,30.4400,28.4700,28.8500,41475700,NIO,30.3130,31.0961,35.5044,33.7314,36.5426,35.6290,,36.9687
2022-01-12,31.6800,31.8600,30.3400,31.2000,54271700,NIO,30.2820,31.1517,35.3212,33.6509,36.4902,35.5508,,36.9161
2022-01-13,30.4800,31.8500,30.4800,31.6800,35401300,NIO,30.2665,31.0877,35.1048,33.5266,36.4133,35.4504,,36.8520
2022-01-14,30.9500,31.3200,30.0800,30.2800,34862600,NIO,30.3105,31.0746,34.8938,33.4255,36.3334,35.3613,,36.7933
2022-01-18,29.6100,30.9100,29.6000,30.0300,33258200,NIO,30.2910,30.9351,34.6236,33.2759,36.2400,35.2474,,36.7218
2022-01-19,28.6300,30.1500,28.6100,29.7200,34011800,NIO,30.3145,30.7156,34.3504,33.0937,36.1437,35.1163,,36.6413
2022-01-20,29.1300,30.8800,29.0500,29.4600,45217100,NIO,30.2630,30.5646,34.0690,32.9383,36.0545,34.9978,,36.5666
2022-01-21,27.3500,28.9900,27.2200,28.9800,60210500,NIO,30.1380,30.2584,33.8032,32.7191,35.9500,34.8464,,36.4749
2022-01-24,24.8700,25.9800,23.1000,25.7300,94119800,NIO,29.8555,29.7452,33.5096,32.4113,35.8056,34.6488,,36.3594
2022-01-25,23.7900,25.0100,23.3800,24.1600,53047000,NIO,29.5470,29.1781,33.1414,32.0732,35.6527,34.4338,,36.2343
2022-01-26,22.6600,24.7800,22.5300,24.6000,72125700,NIO,29.1985,28.5573,32.7412,31.7041,35.4758,34.2006,,36.0993
2022-01-27,21.1100,22.8100,20.9600,22.8000,78287900,NIO,28.8415,27.8480,32.3520,31.2886,35.2832,33.9414,,35.9501
2022-01-28,20.9000,21.3200,19.3100,20.6600,96701100,NIO,28.2655,27.1863,31.9566,30.8812,35.0863,33.6832,,35.8004
2022-01-31,24.5100,24.6400,21.6000,21.7300,96028800,NIO,27.9070,26.9314,31.6534,30.6314,34.9500,33.5015,,35.6880
2022-02-01,24.8400,25.2300,23.5600,24.8900,81994300,NIO,27.4755,26.7323,31.3820,30.4043,34.8139,33.3300,,35.5801
2022-02-02,23.7600,24.8900,23.0100,24.8900,60475400,NIO,27.0845,26.4492,31.0840,30.1437,34.6717,33.1405,,35.4625
2022-02-03,23.1300,24.6200,22.9500,22.9600,55361300,NIO,26.7470,26.1331,30.7168,29.8686,34.5191,32.9423,,35.3398
2022-02-04,23.9600,24.3200,22.7300,23.4600,45771700,NIO,26.4795,25.9261,30.3552,29.6369,34.3798,32.7644,,35.2265
2022-02-07,23.9900,24.7800,23.5300,23.7800,39661800,NIO,26.2140,25.7417,30.0066,29.4155,34.2394,32.5907,,35.1147
2022-02-08,24.6900,24.8600,23.5400,23.9900,42607200,NIO,26.0030,25.6416,29.7006,29.2302,34.1154,32.4342,,35.0110
2022-02-09,26.1000,26.2400,25.0500,25.4500,56547700,NIO,25.8070,25.6852,29.4134,29.1074,34.0013,32.3088,,34.9223
2022-02-10,25.3500,26.4100,25.0200,25.0500,54337700,NIO,25.4905,25.6533,29.1378,28.9601,33.9031,32.1710,,34.8271
2022-02-11,24.1000,25.6800,23.7000,24.9900,47870100,NIO,25.1715,25.5054,28.8536,28.7695,33.7951,32.0112,,34.7204
2022-02-14,23.7900,24.5400,23.3400,23.7600,41441600,NIO,24.8135,25.3420,28.6054,28.5742,33.6760,31.8484,,34.6116
2022-02-15,25.7900,25.8400,24.2000,24.3100,47215200,NIO,24.6225,25.3847,28.4782,28.4650,33.5738,31.7284,,34.5238
2022-02-16,25.6100,25.8400,25.0500,25.4000,32627200,NIO,24.4715,25.4061,28.3436,28.3531,33.4761,31.6072,,34.4351
2022-02-17,24.7200,26.2700,24.6500,25.2400,34541600,NIO,24.2510,25.3408,28.1756,28.2106,33.3556,31.4709,,34.3385
2022-02-18,23.2100,24.7900,22.7400,24.7800,52112700,NIO,24.0440,25.1378,27.9388,28.0145,33.2372,31.3073,,34.2277
2022-02-22,21.7700,22.9600,21.3200,22.3600,56038200,NIO,23.8890,24.8171,27.6932,27.7696,33.1036,31.1184,,34.1038
2022-02-23,20.4600,22.5000,20.4500,22.0200,49465100,NIO,23.7225,24.4021,27.4172,27.4830,32.9519,30.9074,,33.9680
2022-02-24,21.2200,21.3100,18.4700,18.5000,77198400,NIO,23.6505,24.0991,27.1684,27.2373,32.8103,30.7155,,33.8412
2022-02-25,20.9400,21.5700,20.1900,21.3300,56994000,NIO,23.6420,23.7982,26.9412,26.9904,32.6857,30.5220,,33.7128
2022-02-28,22.8400,23.1500,20.9400,21.4300,83996600,NIO,23.7390,23.7070,26.7822,26.8276,32.5754,30.3698,,33.6046
2022-03-01,21.8700,23.3500,21.7300,22.5600,50402000,NIO,23.6070,23.5320,26.6182,26.6332,32.4575,30.2015,,33.4878
2022-03-02,21.7700,22.2100,20.6300,21.9000,47212000,NIO,23.4535,23.3642,26.4536,26.4425,32.3153,30.0346,,33.3712
2022-03-03,19.8800,21.8100,19.7200,21.7300,69419400,NIO,23.2595,23.0324,26.2880,26.1851,32.1558,29.8335,,33.2370
2022-03-04,18.6300,20.2900,18.5500,20.0900,68403300,NIO,23.0345,22.6131,26.0574,25.8889,31.9857,29.6116,,33.0917
2022-03-07,18.1200,20.0300,18.0400,18.8500,79649600,NIO,22.7425,22.1852,25.8228,25.5842,31.8118,29.3841,,32.9427
2022-03-08,17.9800,18.7500,17.5800,18.2300,74932400,NIO,22.4420,21.7847,25.5720,25.2860,31.6292,29.1583,,32.7938
2022-03-09,20.1700,20.5500,18.5100,18.5600,84306700,NIO,22.2160,21.6309,25.3762,25.0854,31.4681,28.9803,,32.6682
2022-03-10,17.7700,19.1000,17.2200,19.0000,105883600,NIO,21.7995,21.2632,25.1390,24.7985,31.2687,28.7583,,32.5200
2022-03-11,16.0700,18.1300,16.0700,18.1100,93265200,NIO,21.3355,20.7686,24.8954,24.4562,31.0333,28.5070,,32.3563
2022-03-14,14.1000,15.7400,13.8200,15.0900,115290300,NIO,20.8355,20.1335,24.5290,24.0501,30.7740,28.2217,,32.1746
2022-03-15,14.9300,15.3500,13.0100,13.4800,139771600,NIO,20.3925,19.6379,24.1940,23.6924,30.5255,27.9585,,32.0030
2022-03-16,18.7500,18.7700,16.7800,17.6400,168011700,NIO,20.0405,19.5534,23.8996,23.4986,30.3133,27.7762,,31.8712
2022-03-17,18.8200,18.8300,17.4400,17.9300,93328900,NIO,19.7010,19.4835,23.6444,23.3151,30.1127,27.5988,,31.7413
2022-03-18,20.8600,21.2400,18.5500,18.8300,128531700,NIO,19.5080,19.6146,23.4640,23.2189,29.9086,27.4654,,31.6330
2022-03-21,20.2600,21.2000,19.3300,20.7500,89586400,NIO,19.3605,19.6761,23.2830,23.1028,29.7065,27.3227,,31.5199
2022-03-22,21.7700,22.0900,20.5900,20.8400,79808500,NIO,19.3605,19.8755,23.1324,23.0506,29.5311,27.2128,,31.4228
2022-03-23,21.8700,22.6000,20.8900,21.6000,88922000,NIO,19.4310,20.0655,22.9916,23.0043,29.3419,27.1070,,31.3278
2022-03-24,21.9800,22.1200,20.6600,22.0000,97155000,NIO,19.4690,20.2478,22.8308,22.9641,29.1676,27.0054,,31.2348
2022-03-25,19.9100,20.7500,19.3500,20.3100,106936200,NIO,19.4175,20.2156,22.5954,22.8443,28.9583,26.8649,,31.1221
2022-03-28,21.2100,21.2300,20.3200,20.4200,75247200,NIO,19.3360,20.3103,22.4100,22.7802,28.7574,26.7530,,31.0235
2022-03-29,21.8800,21.9600,21.0200,21.5800,65946100,NIO,19.3365,20.4598,22.2286,22.7449,28.5612,26.6565,,30.9325
2022-03-30,22.1700,23.8600,21.6300,21.8300,114646500,NIO,19.3565,20.6227,22.0798,22.7224,28.3517,26.5676,,30.8453
2022-03-31,21.0500,22.2800,20.7600,22.2800,77641400,NIO,19.4150,20.6634,21.9282,22.6568,28.1393,26.4584,,30.7478
2022-04-01,21.9300,23.2200,21.5600,22.4100,110169300,NIO,19.5800,20.7840,21.7842,22.6283,27.9266,26.3687,,30.6601
2022-04-04,23.8500,23.9400,22.7800,23.3100,101280500,NIO,19.8665,21.0760,21.7142,22.6762,27.7587,26.3188,,30.5923
2022-04-05,22.4700,23.9800,22.4400,23.9700,69772000,NIO,20.0910,21.2088,21.6662,22.6681,27.5879,26.2426,,30.5115
2022-04-06,21.6800,22.0800,20.9300,22.0400,73501100,NIO,20.1665,21.2537,21.6240,22.6294,27.3827,26.1523,,30.4236
2022-04-07,20.3600,21.6800,19.7300,21.4900,82617000,NIO,20.2960,21.1685,21.5780,22.5404,27.1596,26.0376,,30.3235
2022-04-08,20.0000,20.7100,19.8300,20.1100,59574300,NIO,20.4925,21.0573,21.5558,22.4408,26.9539,25.9180,,30.2208
2022-04-11,19.7000,20.0700,17.7700,18.0500,93693800,NIO,20.7725,20.9280,21.5318,22.3333,26.7442,25.7949,,30.1161
2022-04-12,19.4600,20.2700,19.2200,20.0300,51210800,NIO,20.9990,20.7882,21.4308,22.2206,26.5421,25.6694,,30.0101
2022-04-13,20.4200,20.5600,19.0300,19.5500,57163200,NIO,21.0825,20.7531,21.3424,22.1500,26.3622,25.5655,,29.9146
2022-04-14,19.6500,20.4000,19.5300,20.0900,43937500,NIO,21.1240,20.6481,21.2602,22.0519,26.1721,25.4483,,29.8125
2022-04-18,19.1700,19.6400,18.5100,19.5100,40647500,NIO,21.0395,20.5073,21.1810,21.9389,25.9489,25.3240,,29.7066
2022-04-19,19.8700,19.8900,18.3600,19.0500,43395000,NIO,21.0200,20.4466,21.0992,21.8578,25.7272,25.2160,,29.6087
2022-04-20,18.1500,19.4500,18.0700,19.3800,53336400,NIO,20.8390,20.2279,20.9824,21.7124,25.4945,25.0761,,29.4947
2022-04-21,17.1500,18.7000,16.9800,18.3400,61501400,NIO,20.6030,19.9347,20.8316,21.5335,25.2661,24.9191,,29.3719
2022-04-22,17.1800,18.2900,17.1200,17.3500,60727300,NIO,20.3630,19.6724,20.6532,21.3627,25.0333,24.7659,,29.2506
2022-04-25,17.3100,17.4200,16.1800,16.8100,54990900,NIO,20.2330,19.4474,20.4924,21.2038,24.8151,24.6183,,29.1318
2022-04-26,16.3600,17.4100,16.1600,17.2400,52771600,NIO,19.9905,19.1534,20.3376,21.0139,24.5956,24.4547,,29.0047
2022-04-27,16.7600,17.6900,16.5200,16.5200,56633000,NIO,19.7345,18.9254,20.1970,20.8470,24.4012,24.3024,,28.8828
2022-04-28,16.9300,17.2400,15.9100,16.9000,53118500,NIO,19.4725,18.7354,20.0198,20.6934,24.2490,24.1564,,28.7639
2022-04-29,16.7000,18.1900,16.6600,17.7800,62933900,NIO,19.2550,18.5415,19.8416,20.5368,24.0926,24.0087,,28.6439
2022-05-02,17.5000,17.5000,16.4000,16.5300,56156200,NIO,19.0335,18.4423,19.6972,20.4177,23.9364,23.8798,,28.5330
2022-05-03,17.5300,17.8400,16.9500,17.2900,44062200,NIO,18.7175,18.3555,19.5836,20.3045,23.7612,23.7541,,28.4235
2022-05-04,18.1300,18.2200,16.7200,17.1800,53869900,NIO,18.5005,18.3340,19.5108,20.2192,23.6020,23.6427,,28.3211
2022-05-05,15.3800,17.5200,14.8700,17.4100,95761700,NIO,18.1855,18.0526,19.4092,20.0294,23.4132,23.4791,,28.1923
2022-05-06,14.9200,15.8100,14.4600,15.6100,57655100,NIO,17.9135,17.7543,19.2832,19.8291,23.2258,23.3096,,28.0602
2022-05-09,13.5500,14.5300,13.4800,14.3300,63121000,NIO,17.5910,17.3539,19.1354,19.5828,23.0383,23.1164,,27.9159
2022-05-10,13.4400,14.6800,12.8600,14.2600,77181800,NIO,17.2780,16.9811,18.9474,19.3419,22.8648,22.9247,,27.7718
2022-05-11,12.7100,14.3600,12.6400,13.7900,86081300,NIO,16.9405,16.5744,18.7642,19.0819,22.6912,22.7225,,27.6220
2022-05-12,13.1000,13.7500,11.6700,12.4800,83180600,NIO,16.5745,16.2435,18.5908,18.8473,22.5222,22.5319,,27.4775
2022-05-13,14.3100,14.4100,13.5400,13.7000,63558000,NIO,16.3075,16.0593,18.4794,18.6693,22.3837,22.3691,,27.3464
2022-05-16,14.5500,15.4300,14.2800,14.8100,82270000,NIO,16.0765,15.9156,18.3978,18.5078,22.2276,22.2143,,27.2191
2022-05-17,16.6300,16.6900,15.2600,15.3100,93233100,NIO,15.9145,15.9836,18.3680,18.4342,22.0954,22.1037,,27.1138
2022-05-18,15.8300,16.9300,15.6600,16.2900,72865500,NIO,15.7985,15.9690,18.3250,18.3320,21.9485,21.9795,,27.0015
2022-05-19,16.6600,16.8900,15.7900,16.1100,61191000,NIO,15.7740,16.0348,18.2548,18.2665,21.8155,21.8741,,26.8986
2022-05-20,16.4400,17.6000,15.6800,17.5000,86108900,NIO,15.7370,16.0734,18.2282,18.1948,21.6836,21.7665,,26.7945
2022-05-23,16.0000,16.0100,15.2400,15.8000,65594700,NIO,15.6715,16.0664,18.2268,18.1088,21.5611,21.6523,,26.6871
2022-05-24,14.6300,15.5300,14.4000,15.5300,48413500,NIO,15.5850,15.9296,18.2374,17.9724,21.3832,21.5133,,26.5671
2022-05-25,14.6400,15.0000,14.0900,14.7900,44911100,NIO,15.4790,15.8068,18.2316,17.8417,21.2128,21.3772,,26.4485
2022-05-26,16.0300,16.1300,14.3300,14.5200,64243800,NIO,15.4340,15.8280,18.1772,17.7706,21.0384,21.2713,,26.3448
2022-05-27,16.5700,16.6900,15.6700,16.1600,51414800,NIO,15.4275,15.8987,18.1322,17.7235,20.8883,21.1782,,26.2475
2022-05-31,17.3900,17.9200,16.7600,17.7700,96583300,NIO,15.4220,16.0407,18.0628,17.7105,20.7634,21.1032,,26.1594
2022-06-01,17.5700,18.9300,17.4800,17.5900,92493700,NIO,15.4240,16.1864,18.0090,17.7050,20.6460,21.0332,,26.0739
2022-06-02,18.8500,18.8500,16.9900,17.5400,77825000,NIO,15.4600,16.4401,17.9506,17.7499,20.5415,20.9900,28.6231,26.0020
2022-06-03,18.0800,18.7400,17.8100,18.4200,57620700,NIO,15.5950,16.5962,17.8748,17.7628,20.4332,20.9324,28.5192,25.9232
2022-06-06,19.1800,19.8000,18.8000,18.9900,68726800,NIO,15.8080,16.8423,17.8188,17.8184,20.3248,20.8977,28.4337,25.8561
2022-06-07,19.6500,19.6800,18.6000,18.9800,49357200,NIO,16.1130,17.1097,17.8136,17.8902,20.2045,20.8730,28.3473,25.7944
2022-06-08,20.3800,20.4500,19.8600,20.3200,65311600,NIO,16.4600,17.4212,17.7970,17.9878,20.1035,20.8632,28.2584,25.7405
2022-06-09,18.8200,19.6800,18.4500,18.7200,73635000,NIO,16.7655,17.5544,17.7358,18.0205,19.9822,20.8227,28.1578,25.6716
2022-06-10,18.1400,19.1800,17.8100,18.8600,61204800,NIO,17.0175,17.6102,17.6552,18.0252,19.8675,20.7696,28.0537,25.5967
2022-06-13,15.9900,17.4900,15.8400,17.3200,60529400,NIO,17.1015,17.4559,17.5540,17.9454,19.7411,20.6750,27.9424,25.5011
2022-06-14,18.6600,19.0900,16.4900,16.5300,105582700,NIO,17.3070,17.5705,17.4886,17.9734,19.6364,20.6351,27.8454,25.4330
2022-06-15,20.1100,20.2600,18.1800,18.9600,121426000,NIO,17.4810,17.8124,17.4138,18.0572,19.5640,20.6247,27.7570,25.3801
2022-06-16,19.1800,19.9300,18.4700,19.1800,77244500,NIO,17.6485,17.9426,17.3480,18.1012,19.5071,20.5961,27.6563,25.3184
2022-06-17,20.7700,20.8900,19.7300,19.7700,82067300,NIO,17.8540,18.2119,17.3298,18.2059,19.4769,20.5995,27.5648,25.2731
2022-06-21,22.6600,23.1000,21.5800,21.8400,90287700,NIO,18.1650,18.6355,17.3758,18.3805,19.4769,20.6403,27.4763,25.2471
2022-06-22,22.5500,23.1300,21.9300,22.3400,81297100,NIO,18.4925,19.0083,17.4268,18.5440,19.4913,20.6781,27.3872,25.2203
2022-06-23,23.0500,23.2100,22.2300,23.1100,77502800,NIO,18.9135,19.3933,17.4938,18.7207,19.5128,20.7251,27.2995,25.1987
2022-06-24,24.0800,24.1700,23.1600,23.2200,67062600,NIO,19.3855,19.8396,17.5862,18.9309,19.5085,20.7915,27.2292,25.1876
2022-06-27,22.9500,24.4300,22.8500,24.1300,61701600,NIO,19.7315,20.1358,17.6368,19.0885,19.4896,20.8343,27.1517,25.1653
2022-06-28,22.3600,23.4500,22.0200,22.3600,76228500,NIO,20.0210,20.3477,17.6910,19.2168,19.4756,20.8645,27.0736,25.1374
2022-06-29,21.8600,22.2800,20.6000,20.7600,71582000,NIO,20.2445,20.4917,17.7448,19.3205,19.4629,20.8842,26.9910,25.1048
2022-06-30,21.7200,22.1200,20.9000,21.8600,53074100,NIO,20.4520,20.6087,17.7818,19.4146,19.4405,20.9007,26.9102,25.0711
2022-07-01,21.3600,22.5000,20.9500,22.3200,56855500,NIO,20.5775,20.6802,17.8460,19.4909,19.4142,20.9098,26.8268,25.0342
2022-07-05,22.1800,22.2000,20.3500,21.0400,50537400,NIO,20.7825,20.8231,17.9466,19.5963,19.3891,20.9350,26.7523,25.0058
2022-07-06,20.8300,21.8400,20.2600,21.8100,58981700,NIO,20.8650,20.8237,18.0196,19.6447,19.3364,20.9329,26.6689,24.9642
2022-07-07,22.5000,23.1000,21.3600,21.4000,72102000,NIO,21.0075,20.9834,18.1234,19.7567,19.3079,20.9639,26.6055,24.9397
2022-07-08,22.6000,23.2800,21.6600,22.1600,48917200,NIO,21.1185,21.1373,18.2482,19.8682,19.2929,20.9963,26.5440,24.9164
2022-07-11,20.5700,21.7400,20.5000,21.6000,54656800,NIO,21.2060,21.0833,18.3244,19.8957,19.2607,20.9879,26.4684,24.8732
2022-07-12,20.8700,21.1900,20.0400,20.4100,49780800,NIO,21.3425,21.0630,18.4032,19.9339,19.2115,20.9856,26.3927,24.8333
2022-07-13,21.0900,21.8000,20.2300,20.2300,50089200,NIO,21.5975,21.0656,18.4910,19.9792,19.1663,20.9876,26.3212,24.7961
2022-07-14,21.0500,21.4500,20.6600,21.0600,39870500,NIO,21.7170,21.0641,18.5620,20.0212,19.1296,20.9889,26.2426,24.7588
2022-07-15,20.7200,20.9000,19.9300,20.8400,41337800,NIO,21.7475,21.0313,18.6258,20.0486,19.1047,20.9835,26.1710,24.7186
2022-07-18,20.8400,21.8200,20.6000,20.9600,40382300,NIO,21.8305,21.0131,18.6800,20.0797,19.0954,20.9807,26.0995,24.6800
2022-07-19,20.2000,21.1000,19.5200,21.1000,63211700,NIO,21.8020,20.9357,18.7764,20.0844,19.0928,20.9652,26.0224,24.6355
2022-07-20,20.3700,20.9500,20.0100,20.0100,40381200,NIO,21.6875,20.8818,18.8854,20.0956,19.0843,20.9535,25.9473,24.5930
2022-07-21,20.6800,21.1700,20.1600,20.1600,39842100,NIO,21.5940,20.8626,19.0280,20.1185,19.0817,20.9480,25.8837,24.5541
2022-07-22,19.2400,20.7800,19.0000,20.7200,55606900,NIO,21.4035,20.7080,19.1440,20.0841,19.0457,20.9142,25.8106,24.5012
2022-07-25,19.3300,19.5000,18.7700,18.9800,30357200,NIO,21.1660,20.5768,19.2764,20.0545,19.0203,20.8828,25.7389,24.4497
2022-07-26,19.0400,19.7400,18.9100,19.3500,27669900,NIO,20.9705,20.4304,19.3952,20.0147,18.9930,20.8464,25.6542,24.3959
2022-07-27,19.3800,19.5000,18.7500,19.1400,32854100,NIO,20.8215,20.3304,19.4966,19.9898,18.9880,20.8173,25.5719,24.3460
2022-07-28,19.4900,19.5500,18.5900,19.1800,31078800,NIO,20.7030,20.2504,19.5954,19.9702,18.9966,20.7910,25.4911,24.2977
2022-07-29,19.7300,19.8400,18.6600,18.8100,36943000,NIO,20.6035,20.2008,19.6574,19.9608,19.0127,20.7700,25.4123,24.2522
2022-08-01,20.1800,20.7600,19.8700,20.1900,54375800,NIO,20.5445,20.1988,19.7444,19.9694,19.0347,20.7583,25.3319,24.2117
2022-08-02,20.1800,20.9500,19.6100,19.6800,51262000,NIO,20.4445,20.1970,19.8148,19.9776,19.0348,20.7469,25.2515,24.1716
2022-08-03,20.3000,20.3700,19.4300,20.3100,44049900,NIO,20.4180,20.2068,19.8920,19.9903,19.0601,20.7380,25.1644,24.1331
2022-08-04,20.9000,21.4700,20.3300,20.3900,37737400,NIO,20.3380,20.2728,19.9900,20.0260,19.1084,20.7412,25.0709,24.1009
2022-08-05,20.2200,20.6800,19.8800,20.5300,34056400,NIO,20.2190,20.2678,20.1018,20.0336,19.1696,20.7309,24.9718,24.0623
2022-08-08,20.1700,20.7900,20.1500,20.2500,29584800,NIO,20.1990,20.2585,20.2124,20.0389,19.2220,20.7198,24.8738,24.0236
2022-08-09,19.1700,20.2400,19.0100,20.2300,38118400,NIO,20.1140,20.1548,20.2752,20.0048,19.2262,20.6891,24.7698,23.9753
2022-08-10,20.0500,20.0700,19.0700,19.5800,35345700,NIO,20.0620,20.1448,20.3448,20.0066,19.2385,20.6765,24.6756,23.9362
2022-08-11,20.8200,21.9700,20.0800,20.4000,56333100,NIO,20.0505,20.2091,20.4134,20.0385,19.2381,20.6793,24.5733,23.9052
2022-08-12,21.1100,21.1700,19.7900,20.2600,34953500,NIO,20.0700,20.2949,20.4842,20.0805,19.2466,20.6878,24.4765,23.8774
2022-08-15,21.3000,21.5500,20.4700,20.5100,36347500,NIO,20.0930,20.3907,20.5332,20.1284,19.2419,20.7000,24.3865,23.8517
2022-08-16,20.9100,21.1500,20.4100,21.1500,32103200,NIO,20.1285,20.4401,20.5898,20.1590,19.2323,20.7041,24.2871,23.8225
2022-08-17,20.0800,21.0200,20.0600,20.6800,26455900,NIO,20.1140,20.4058,20.6078,20.1559,19.2133,20.6918,24.1904,23.7852
2022-08-18,19.9100,20.1800,19.5100,20.0200,21640100,NIO,20.0755,20.3586,20.6130,20.1463,19.2133,20.6763,24.0858,23.7467
2022-08-19,19.0500,19.7100,18.9200,19.6200,24262600,NIO,20.0660,20.2340,20.5864,20.1033,19.1917,20.6441,23.9745,23.6999
2022-08-22,18.9500,19.2600,18.6600,18.8800,27327900,NIO,20.0470,20.1117,20.5890,20.0580,19.1624,20.6105,23.8618,23.6527
2022-08-23,18.2900,18.8000,17.7300,18.6900,34210200,NIO,20.0095,19.9382,20.5920,19.9887,19.1236,20.5646,23.7376,23.5993
2022-08-24,18.8700,19.2300,18.0000,18.0100,29271000,NIO,19.9840,19.8365,20.6496,19.9448,19.1018,20.5310,23.6205,23.5523
2022-08-25,20.0800,20.3700,18.7600,19.4300,42455900,NIO,20.0135,19.8597,20.6780,19.9501,19.0833,20.5221,23.5049,23.5177
2022-08-26,19.9200,21.2600,19.8100,20.7700,61525400,NIO,20.0230,19.8654,20.6742,19.9490,19.0440,20.5102,23.4013,23.4819
2022-08-29,19.8100,20.6700,19.6400,19.6600,33245000,NIO,20.0045,19.8601,20.6868,19.9435,19.0174,20.4963,23.3026,23.4454
2022-08-30,19.8300,20.2200,19.3000,19.8500,29823800,NIO,19.9870,19.8573,20.6680,19.9391,18.9989,20.4831,23.1908,23.4094
2022-08-31,19.9100,20.3800,19.2800,20.1100,39383500,NIO,19.9675,19.8623,20.6130,19.9379,18.9944,20.4718,23.0770,23.3746
2022-09-01,18.7900,19.3500,18.0900,19.2800,47665700,NIO,19.8620,19.7602,20.5378,19.8929,18.9823,20.4385,22.9681,23.3290
2022-09-02,17.7300,18.6500,17.7100,18.4300,44132000,NIO,19.7375,19.5668,20.4314,19.8081,18.9626,20.3848,22.8534,23.2733
2022-09-06,17.1100,17.8100,17.0900,17.6000,32485200,NIO,19.5845,19.3328,20.2920,19.7023,18.9391,20.3200,22.7406,23.2119
2022-09-07,17.4800,18.3700,16.5400,16.5400,58645900,NIO,19.5000,19.1564,20.1826,19.6151,18.9097,20.2637,22.6360,23.1549
2022-09-08,17.6800,17.7000,16.9900,17.3700,30487800,NIO,19.3815,19.0158,20.0890,19.5392,18.8900,20.2126,22.5311,23.1004
2022-09-09,19.1600,19.5900,18.2900,18.4000,54913900,NIO,19.2985,19.0295,20.0350,19.5244,18.8899,20.1917,22.4194,23.0612
2022-09-12,21.7500,21.8800,20.0100,20.1000,86994000,NIO,19.3305,19.2886,20.0356,19.6116,18.9087,20.2226,22.3180,23.0482
2022-09-13,21.9700,22.3000,20.8500,20.9500,77974400,NIO,19.3640,19.5440,20.0478,19.7041,18.9469,20.2572,22.2207,23.0374
2022-09-14,21.9400,22.0900,21.0300,21.4700,47206700,NIO,19.4155,19.7722,20.0430,19.7918,18.9948,20.2905,22.1305,23.0265
2022-09-15,21.5100,22.7400,21.2500,21.5100,43787900,NIO,19.4870,19.9377,20.0566,19.8592,19.0381,20.3147,22.0357,23.0114
2022-09-16,20.1500,21.3500,19.9600,21.1000,65778700,NIO,19.4990,19.9579,20.0096,19.8706,19.0665,20.3114,21.9408,22.9830
2022-09-19,20.9000,20.9600,19.7500,19.7500,36244000,NIO,19.5915,20.0476,19.9756,19.9110,19.1119,20.3231,21.8537,22.9622
2022-09-20,20.4100,20.9500,20.2100,20.7000,29290000,NIO,19.6645,20.0821,19.9724,19.9305,19.1484,20.3248,21.7748,22.9368
2022-09-21,18.3000,20.1600,18.2500,20.1200,64553200,NIO,19.6650,19.9124,19.9210,19.8666,19.1621,20.2847,21.7055,22.8907
2022-09-22,18.3500,19.1800,18.0900,18.5100,36823100,NIO,19.6390,19.7636,19.8662,19.8071,19.1786,20.2464,21.6356,22.8455
2022-09-23,17.6400,18.2100,17.4200,18.0000,39484400,NIO,19.5170,19.5614,19.7980,19.7221,19.1800,20.1948,21.5582,22.7937
2022-09-26,17.6200,18.4000,17.5300,17.7700,42024500,NIO,19.4020,19.3765,19.7360,19.6397,19.1809,20.1438,21.4710,22.7422
2022-09-27,17.1900,18.2300,16.9800,18.1800,40675200,NIO,19.2710,19.1682,19.6630,19.5436,19.1715,20.0853,21.3867,22.6870
2022-09-28,17.3300,17.4600,16.6600,16.8000,37295600,NIO,19.1460,18.9932,19.6056,19.4568,19.1910,20.0307,21.3021,22.6337
2022-09-29,15.5800,16.9400,15.3700,16.8300,51517700,NIO,18.9295,18.6681,19.5098,19.3048,19.1976,19.9426,21.2117,22.5635
2022-09-30,15.7700,16.1500,15.2000,15.2100,39341300,NIO,18.7785,18.3921,19.4116,19.1662,19.2198,19.8600,21.1291,22.4959
2022-10-03,15.4900,15.9400,15.2800,15.8500,38423000,NIO,18.6665,18.1157,19.3366,19.0220,19.2403,19.7734,21.0526,22.4262
2022-10-04,16.7300,16.8800,15.9500,16.1700,45093600,NIO,18.6475,17.9837,19.2846,18.9321,19.2805,19.7132,20.9859,22.3695
2022-10-05,16.0400,16.6800,15.6400,16.5000,39737500,NIO,18.5755,17.7986,19.2246,18.8187,19.3099,19.6404,20.9161,22.3065
2022-10-06,14.7700,16.2400,14.7600,16.0000,67739000,NIO,18.4300,17.5102,19.1324,18.6599,19.3145,19.5440,20.8491,22.2315
2022-10-07,13.7600,14.5300,13.5400,14.2900,53268900,NIO,18.1600,17.1530,19.0178,18.4678,19.3066,19.4295,20.7671,22.1473
2022-10-10,13.2800,13.7300,13.0200,13.6600,48731700,NIO,17.7365,16.7842,18.8888,18.2643,19.2731,19.3077,20.6843,22.0590
2022-10-11,12.8300,13.4200,12.5800,13.1300,51761500,NIO,17.2795,16.4076,18.7418,18.0512,19.2431,19.1794,20.5958,21.9672
2022-10-12,12.8800,13.4600,12.4800,12.9300,50001300,NIO,16.8265,16.0716,18.5958,17.8484,19.2053,19.0547,20.5104,21.8768
2022-10-13,12.7800,12.8500,11.9500,12.3500,53451100,NIO,16.3900,15.7581,18.4454,17.6497,19.1687,18.9304,20.4262,21.7863
2022-10-14,11.7500,13.1800,11.7300,12.9900,59846600,NIO,15.9700,15.3764,18.2624,17.4183,19.1262,18.7882,20.3437,21.6864
2022-10-17,12.2100,12.6400,12.1200,12.1900,51097200,NIO,15.5355,15.0748,18.1022,17.2141,19.1020,18.6580,20.2426,21.5921
2022-10-18,12.2100,13.2200,12.0900,13.0800,58185400,NIO,15.1255,14.8020,17.9430,17.0178,19.0777,18.5303,20.1453,21.4987
2022-10-19,10.9200,11.9000,10.7100,11.8000,99014200,NIO,14.7565,14.4323,17.7780,16.7787,19.0266,18.3796,20.0325,21.3935
2022-10-20,10.9700,11.4300,10.8800,11.0300,47109300,NIO,14.3875,14.1025,17.5964,16.5509,18.9706,18.2329,19.9295,21.2898
2022-10-21,11.2100,11.2100,10.4100,10.6700,42496300,NIO,14.0660,13.8271,17.4042,16.3415,18.9088,18.0938,19.8361,21.1895
2022-10-24,9.4500,10.0300,8.3800,10.0100,166523700,NIO,13.6575,13.4102,17.1710,16.0712,18.8276,17.9226,19.7368,21.0727
2022-10-25,10.6300,10.6300,9.5300,9.8100,98189000,NIO,13.3295,13.1454,16.9576,15.8578,18.7454,17.7782,19.6435,20.9688
2022-10-26,10.8100,11.0900,10.2300,10.4400,79102800,NIO,13.0035,12.9230,16.7556,15.6599,18.6727,17.6402,19.5530,20.8677
2022-10-27,9.9800,10.7300,9.9700,10.5300,64014700,NIO,12.7235,12.6427,16.5536,15.4371,18.5807,17.4886,19.4528,20.7593
2022-10-28,9.6900,9.9800,9.2800,9.5000,74420600,NIO,12.4195,12.3615,16.3492,15.2118,18.4811,17.3341,19.3428,20.6492
2022-10-31,9.6700,10.0500,9.3800,9.5100,46879600,NIO,12.1285,12.1052,16.1616,14.9944,18.3740,17.1824,19.2388,20.5399
2022-11-01,9.7100,10.4500,9.6900,10.3300,56233200,NIO,11.7775,11.8771,15.9768,14.7872,18.2829,17.0344,19.1326,20.4322
2022-11-02,9.4900,10.1300,9.4800,9.6000,76033400,NIO,11.4500,11.6497,15.8008,14.5795,18.1964,16.8850,19.0320,20.3233
2022-11-03,9.9400,10.1700,9.0300,9.1900,64660300,NIO,11.2085,11.4869,15.6222,14.3975,18.1359,16.7475,18.9385,20.2200
2022-11-04,11.6800,11.6900,10.6000,11.0000,125406400,NIO,11.1045,11.5053,15.4542,14.2910,18.0661,16.6471,18.8513,20.1350
2022-11-07,10.9800,12.3800,10.7000,12.2300,84143600,NIO,10.9895,11.4553,15.2754,14.1611,17.9748,16.5349,18.7694,20.0439
2022-11-08,10.5600,10.8700,10.0800,10.6800,61734900,NIO,10.8760,11.3700,15.0904,14.0199,17.8886,16.4166,18.6979,19.9496
2022-11-09,9.2500,10.1800,9.1400,10.0000,81211800,NIO,10.6945,11.1681,14.8788,13.8328,17.7734,16.2747,18.6252,19.8431
2022-11-10,10.3400,10.8300,10.0500,10.3000,84026800,NIO,10.5725,11.0892,14.6874,13.6959,17.6502,16.1572,18.5636,19.7485
2022-11-11,11.5600,11.6900,10.5400,10.7900,100635600,NIO,10.5630,11.1341,14.5428,13.6121,17.5403,16.0661,18.5158,19.6671
2022-11-14,11.1700,12.1200,11.1700,11.8600,62563000,NIO,10.5110,11.1375,14.4116,13.5163,17.4215,15.9692,18.4672,19.5825
2022-11-15,11.5100,11.9500,11.3600,11.9100,63244200,NIO,10.4760,11.1730,14.2996,13.4377,17.2958,15.8809,18.4022,19.5022
2022-11-16,10.5300,11.2900,10.4500,11.1700,49624900,NIO,10.4565,11.1117,14.1606,13.3236,17.1716,15.7749,18.3306,19.4129
2022-11-17,10.6700,10.7200,9.9300,10.2500,62563500,NIO,10.4415,11.0697,14.0204,13.2196,17.0547,15.6738,18.2652,19.3259
2022-11-18,10.4700,10.8100,10.2600,10.6500,49320200,NIO,10.4045,11.0125,13.8466,13.1117,16.9408,15.5708,18.2019,19.2378
2022-11-21,10.0200,10.2500,9.6700,10.2200,53072100,NIO,10.4330,10.9180,13.6120,12.9905,16.8238,15.4609,18.1322,19.1461
2022-11-22,10.0100,10.1000,9.7500,9.8700,36096300,NIO,10.4020,10.8315,13.3728,12.8736,16.7103,15.3529,18.0623,19.0552
2022-11-23,10.5600,10.7400,10.2400,10.3100,49399100,NIO,10.3895,10.8057,13.1452,12.7829,16.5941,15.2580,17.9916,18.9706
2022-11-25,10.1700,10.3000,9.9600,10.2600,23487600,NIO,10.3990,10.7451,12.9184,12.6804,16.4875,15.1573,17.9120,18.8831
2022-11-28,10.1200,10.6300,9.9900,10.0500,39047000,NIO,10.4205,10.6856,12.7178,12.5800,16.3637,15.0575,17.8358,18.7959
2022-11-29,10.5000,10.9000,10.3900,10.6500,48292300,NIO,10.4620,10.6679,12.5098,12.4984,16.2427,14.9673,17.7678,18.7133
2022-11-30,12.7800,13.2700,11.3400,11.3400,173185000,NIO,10.6155,10.8691,12.3572,12.5095,16.1648,14.9240,17.7128,18.6543
2022-12-01,12.0900,12.5500,11.9500,12.3500,59583400,NIO,10.7455,10.9854,12.2330,12.4930,16.0770,14.8678,17.6443,18.5890
2022-12-02,13.1300,13.3200,11.9700,12.0600,106291200,NIO,10.9050,11.1896,12.1286,12.5180,15.9974,14.8334,17.5819,18.5347
2022-12-05,12.8000,14.0300,12.5900,13.9900,94815800,NIO,10.9610,11.3430,12.0318,12.5291,15.9149,14.7932,17.5223,18.4776
2022-12-06,13.2400,13.2800,12.4300,13.0000,62747600,NIO,11.0740,11.5236,11.9442,12.5569,15.8401,14.7624,17.4724,18.4255
2022-12-07,12.5800,12.7200,12.1500,12.4200,52840500,NIO,11.1750,11.6243,11.8520,12.5579,15.7575,14.7192,17.4265,18.3673
2022-12-08,13.4100,13.5500,12.8800,13.0000,52377700,NIO,11.3830,11.7943,11.7736,12.5913,15.6896,14.6933,17.3912,18.3180
2022-12-09,12.6300,13.3200,12.6200,13.1700,44101100,NIO,11.4975,11.8739,11.7146,12.5928,15.6122,14.6524,17.3483,18.2614
2022-12-12,12.4900,12.5800,12.1600,12.3000,35211100,NIO,11.5440,11.9326,11.6490,12.5888,15.5303,14.6096,17.3060,18.2040
2022-12-13,12.3100,13.2400,12.0300,13.1100,52084300,NIO,11.6010,11.9685,11.5854,12.5778,15.4610,14.5641,17.2534,18.1453
2022-12-14,12.1000,12.5300,11.9700,12.4500,33251900,NIO,11.6305,11.9811,11.4928,12.5591,15.3887,14.5153,17.2045,18.0852
2022-12-15,11.8800,12.6300,11.6800,12.3300,41620900,NIO,11.6980,11.9714,11.4096,12.5325,15.3171,14.4631,17.1551,18.0234
2022-12-16,11.6000,12.3800,11.6000,12.1300,46476300,NIO,11.7445,11.9361,11.3462,12.4959,15.2393,14.4064,17.1137,17.9595
2022-12-19,11.0600,11.6600,10.8300,11.6600,40564600,NIO,11.7740,11.8526,11.2922,12.4396,15.1550,14.3401,17.0758,17.8909
2022-12-20,11.0900,11.5900,10.5800,10.6700,44765300,NIO,11.8275,11.7800,11.2484,12.3867,15.0686,14.2758,17.0407,17.8232
2022-12-21,11.6100,11.7100,10.8600,11.0700,34244000,NIO,11.9075,11.7638,11.2240,12.3562,14.9829,14.2230,17.0088,17.7614
2022-12-22,11.2900,11.5800,10.7600,11.4500,32468900,NIO,11.9440,11.7187,11.1922,12.3144,14.8940,14.1649,16.9644,17.6970
2022-12-23,10.9700,11.2200,10.6900,11.2200,33666100,NIO,11.9840,11.6474,11.1560,12.2617,14.8007,14.1016,16.9304,17.6300
2022-12-27,10.0600,10.6100,9.9700,10.5300,54165700,NIO,11.9810,11.4962,11.1222,12.1753,14.6923,14.0216,16.9004,17.5547
2022-12-28,9.8000,10.2500,9.6100,10.0100,42225300,NIO,11.9460,11.3347,11.0740,12.0822,14.5881,13.9380,16.8789,17.4776
2022-12-29,9.9900,10.2700,9.7700,9.9200,49380200,NIO,11.8065,11.2066,11.0296,12.0001,14.4863,13.8598,16.8542,17.4031
2022-12-30,9.7500,9.9800,9.5200,9.8300,40863800,NIO,11.6895,11.0679,11.0062,11.9119,14.3921,13.7784,16.8092,17.3269
2023-01-03,9.6300,10.5100,9.5000,10.2100,54095600,NIO,11.5145,10.9309,10.9794,11.8224,14.2879,13.6963,16.7632,17.2503
2023-01-04,10.6300,10.9000,9.8500,9.9700,63723800,NIO,11.4060,10.9023,10.9678,11.7756,14.1860,13.6356,16.7121,17.1844
2023-01-05,10.8600,10.9700,10.2400,10.3900,37262700,NIO,11.2870,10.8982,10.9960,11.7397,14.0835,13.5806,16.6651,17.1215
2023-01-06,10.3700,10.3900,9.5000,10.0600,70946700,NIO,11.1765,10.8479,10.9908,11.6860,13.9742,13.5170,16.6081,17.0543
2023-01-09,10.7600,11.1200,10.6300,10.6300,42870100,NIO,11.0440,10.8396,10.9898,11.6497,13.8727,13.4624,16.5525,16.9917
2023-01-10,11.2400,11.3800,10.6800,11.1000,44315500,NIO,10.9745,10.8777,11.0150,11.6336,13.7843,13.4184,16.4988,16.9345
2023-01-11,11.5100,11.7200,10.9900,11.3500,42554500,NIO,10.9255,10.9379,11.0514,11.6288,13.7003,13.3806,16.4568,16.8805
2023-01-12,11.8100,11.8100,11.1300,11.4900,40125300,NIO,10.9005,11.0210,11.0942,11.6359,13.6279,13.3495,16.4098,16.8300
2023-01-13,11.8000,11.8100,11.2300,11.4400,41631500,NIO,10.8855,11.0952,11.1360,11.6423,13.5564,13.3189,16.3594,16.7800
2023-01-17,11.4100,11.5100,11.0900,11.3200,48895600,NIO,10.8620,11.1251,11.1744,11.6332,13.4876,13.2811,16.3056,16.7266
2023-01-18,11.0100,11.6900,10.9800,11.4900,43306200,NIO,10.8325,11.1142,11.1958,11.6088,13.4090,13.2361,16.2554,16.6697
2023-01-19,10.7700,11.1800,10.6200,10.8800,33638100,NIO,10.8180,11.0814,11.1776,11.5759,13.3159,13.1873,16.1996,16.6110
2023-01-20,11.0700,11.3400,10.8300,10.9500,39012500,NIO,10.8170,11.0803,11.1794,11.5560,13.2274,13.1453,16.1357,16.5558
2023-01-23,12.0600,12.3500,11.1500,11.2800,64034100,NIO,10.8395,11.1736,11.2094,11.5758,13.1499,13.1238,16.0837,16.5111
2023-01-24,11.6800,13.2100,11.0600,13.2100,37478600,NIO,10.8590,11.2218,11.2580,11.5799,13.0684,13.0952,16.0337,16.4630
2023-01-25,11.6300,11.7700,11.2800,11.4600,26348900,NIO,10.8920,11.2607,11.2838,11.5819,12.9856,13.0662,15.9900,16.4149
2023-01-26,12.1700,12.4700,11.8000,12.4300,51635100,NIO,10.9975,11.3473,11.2960,11.6049,12.9194,13.0485,15.9509,16.3727
2023-01-27,12.7100,13.2200,11.9800,12.1500,69734400,NIO,11.1430,11.4771,11.3268,11.6483,12.8692,13.0418,15.9159,16.3363
2023-01-30,12.0200,12.4400,11.8500,12.4300,54970000,NIO,11.2445,11.5288,11.3370,11.6628,12.8183,13.0215,15.8787,16.2933
2023-01-31,12.0700,12.3600,11.7600,11.9100,45863100,NIO,11.3605,11.5803,11.3678,11.6788,12.7642,13.0027,15.8370,16.2513
2023-02-01,12.1000,12.3200,11.5900,12.2400,65907200,NIO,11.4840,11.6298,11.3964,11.6953,12.7084,12.9848,15.7992,16.2100
2023-02-02,11.9600,12.3700,11.8100,12.1200,68872800,NIO,11.5505,11.6613,11.4262,11.7057,12.6364,12.9645,15.7632,16.1677
2023-02-03,11.1900,11.9000,11.1600,11.6500,55798800,NIO,11.5670,11.6164,11.4496,11.6855,12.5308,12.9294,15.7198,16.1182
2023-02-06,10.9300,11.0300,10.6700,10.9500,45482600,NIO,11.5950,11.5510,11.4680,11.6559,12.4204,12.8898,15.6837,16.0665
2023-02-07,10.9200,11.0200,10.5600,11.0000,35350700,NIO,11.6030,11.4909,11.4752,11.6270,12.3102,12.8508,15.6525,16.0153
2023-02-08,10.6500,10.9100,10.5800,10.7500,28370200,NIO,11.5735,11.4108,11.4848,11.5887,12.2016,12.8072,15.6199,15.9620
2023-02-09,10.4700,11.0200,10.3700,10.9700,40466300,NIO,11.5215,11.3212,11.4918,11.5448,12.1048,12.7609,15.5857,15.9073
2023-02-10,10.3100,10.3900,10.0200,10.2500,38377100,NIO,11.4465,11.2249,11.4880,11.4964,11.9989,12.7124,15.5554,15.8516
2023-02-13,10.3100,10.5400,10.2800,10.4700,30815800,NIO,11.3720,11.1378,11.4386,11.4499,11.8979,12.6648,15.5232,15.7965
2023-02-14,10.3100,10.3500,9.9100,10.1900,38028600,NIO,11.3170,11.0590,11.4030,11.4052,11.8180,12.6182,15.4901,15.7419
2023-02-15,10.5000,10.5000,10.0900,10.0900,35660100,NIO,11.2915,11.0057,11.3504,11.3697,11.7395,12.5763,15.4591,15.6897
2023-02-16,10.1900,10.6000,10.1900,10.4600,38647000,NIO,11.2625,10.9280,11.2982,11.3234,11.6650,12.5290,15.4225,15.6350
2023-02-17,10.1900,10.2400,9.9300,10.1000,37467000,NIO,11.2185,10.8577,11.2372,11.2790,11.5907,12.4827,15.3858,15.5808
2023-02-21,10.0300,10.3100,9.9600,10.0500,35046700,NIO,11.1170,10.7789,11.1862,11.2300,11.5191,12.4341,15.3453,15.5256
2023-02-22,10.1800,10.2100,9.9000,10.0100,34099400,NIO,11.0420,10.7219,11.1216,11.1888,11.4476,12.3895,15.3193,15.4724
2023-02-23,9.7900,10.4000,9.5800,10.3900,50261600,NIO,10.9500,10.6331,11.0648,11.1339,11.3897,12.3380,15.2937,15.4159
2023-02-24,9.3000,9.5200,9.1300,9.5100,56808900,NIO,10.8065,10.5062,11.0010,11.0620,11.3250,12.2778,15.2724,15.3550
2023-02-27,9.3300,9.5900,9.2400,9.5300,42356400,NIO,10.6375,10.3941,10.9414,10.9941,11.2634,12.2195,15.2519,15.2950
2023-02-28,9.3900,9.4400,9.1200,9.2000,53310800,NIO,10.5060,10.2985,10.8872,10.9312,11.1900,12.1634,15.2353,15.2363
2023-03-01,8.8300,9.4500,8.7700,9.3400,82172500,NIO,10.3440,10.1587,10.8262,10.8488,11.1179,12.0974,15.2139,15.1725
2023-03-02,9.0900,9.1200,8.3100,8.5000,73183200,NIO,10.1935,10.0569,10.7760,10.7798,11.0611,12.0379,15.1878,15.1120
2023-03-03,9.5700,9.7000,8.9200,8.9700,60775100,NIO,10.0740,10.0105,10.7462,10.7324,11.0192,11.9890,15.1629,15.0569
2023-03-06,9.3100,9.6400,9.3000,9.5000,35308800,NIO,9.9800,9.9438,10.7106,10.6766,10.9795,11.9360,15.1263,14.9997
2023-03-07,8.9700,9.2600,8.8700,9.1900,45081500,NIO,9.8820,9.8510,10.6578,10.6097,10.9409,11.8772,15.0920,14.9397
2023-03-08,9.1800,9.1800,8.6700,8.8700,39709100,NIO,9.7950,9.7871,10.6156,10.5536,10.9039,11.8238,15.0546,14.8824
2023-03-09,8.7900,9.1700,8.7200,9.0100,48894300,NIO,9.7020,9.6922,10.5720,10.4845,10.8640,11.7637,15.0164,14.8218
2023-03-10,8.5100,8.8100,8.3300,8.7800,46631300,NIO,9.6040,9.5796,10.5410,10.4070,10.8316,11.6993,14.9789,14.7590
2023-03-13,8.5500,8.6900,8.0300,8.3500,43877100,NIO,9.5160,9.4815,10.5160,10.3342,10.7950,11.6370,14.9485,14.6972
2023-03-14,8.4200,8.5600,8.3500,8.5100,36783100,NIO,9.4215,9.3804,10.4846,10.2591,10.7571,11.5733,14.9174,14.6347
2023-03-15,8.2500,8.3200,8.0700,8.2100,40281700,NIO,9.3185,9.2728,10.4546,10.1803,10.7304,11.5074,14.8785,14.5712
2023-03-16,8.5000,8.5400,8.1000,8.1300,27563000,NIO,9.2185,9.1992,10.4320,10.1144,10.7057,11.4479,14.8382,14.5108
2023-03-17,8.2600,8.7400,8.1800,8.5400,38374700,NIO,9.1220,9.1097,10.3846,10.0417,10.6762,11.3848,14.7925,14.4486
2023-03-20,8.7500,9.0600,8.0700,8.1000,56190600,NIO,9.0500,9.0755,10.3424,9.9911,10.6692,11.3326,14.7484,14.3919
2023-03-21,9.2700,9.3700,8.9100,8.9600,52342800,NIO,9.0120,9.0940,10.3204,9.9628,10.6556,11.2917,14.7005,14.3409
2023-03-22,9.0900,9.5300,9.0600,9.5000,36811700,NIO,8.9575,9.0936,10.2870,9.9286,10.6384,11.2481,14.6556,14.2887
2023-03-23,9.2700,9.4600,9.1300,9.3500,30132800,NIO,8.9315,9.1104,10.2476,9.9027,10.6313,11.2090,14.6060,14.2387
2023-03-24,9.0700,9.2300,8.8300,9.2200,28665700,NIO,8.9200,9.1066,10.1988,9.8701,10.6251,11.1666,14.5531,14.1873
2023-03-27,8.9300,9.1300,8.8400,9.0300,20452500,NIO,8.9000,9.0897,10.1412,9.8332,10.6177,11.1223,14.4959,14.1350
2023-03-28,9.2000,9.2700,9.0300,9.1500,31341500,NIO,8.8905,9.1002,10.0892,9.8084,10.6126,11.0843,14.4478,14.0859
2023-03-29,9.8300,9.9500,9.2600,9.3000,56384500,NIO,8.9405,9.1697,10.0576,9.8092,10.6160,11.0594,14.4062,14.0435
2023-03-30,10.4600,10.7500,9.9400,10.0000,66081900,NIO,9.0090,9.2926,10.0466,9.8348,10.6212,11.0476,14.3786,14.0079
2023-03-31,10.5100,10.6000,10.2000,10.3100,35906300,NIO,9.0560,9.4086,10.0414,9.8612,10.6095,11.0369,14.3378,13.9731
2023-04-03,9.8000,10.5100,9.6700,10.4100,56526200,NIO,9.0805,9.4458,10.0160,9.8588,10.5977,11.0124,14.2863,13.9316
2023-04-04,9.2100,9.7900,9.1200,9.6200,53384400,NIO,9.0925,9.4234,9.9590,9.8334,10.5842,10.9767,14.2364,13.8846
2023-04-05,8.9600,9.1900,8.7500,9.1900,33805900,NIO,9.0815,9.3793,9.9046,9.7991,10.5813,10.9368,14.1774,13.8356
2023-04-06,9.0100,9.0700,8.8300,8.9400,23019800,NIO,9.0925,9.3441,9.8522,9.7682,10.5680,10.8986,14.1091,13.7876
2023-04-10,9.0500,9.0800,8.7800,8.8600,26228700,NIO,9.1195,9.3161,9.7898,9.7400,10.5429,10.8620,14.0416,13.7404
2023-04-11,9.5200,9.7900,9.1800,9.1900,44751300,NIO,9.1680,9.3355,9.7260,9.7314,10.5264,10.8355,13.9740,13.6984
2023-04-12,9.0100,9.5600,8.9600,9.5600,48106800,NIO,9.1975,9.3045,9.6658,9.7031,10.5014,10.7993,13.8986,13.6518
2023-04-13,9.1000,9.2800,9.0200,9.2100,25070000,NIO,9.2400,9.2850,9.6064,9.6795,10.4871,10.7657,13.8294,13.6065
2023-04-14,9.2700,9.4500,9.0000,9.0700,30953500,NIO,9.2785,9.2836,9.5498,9.6634,10.4731,10.7360,13.7639,13.5633
2023-04-17,9.8300,10.0300,9.5100,9.5400,48549500,NIO,9.3570,9.3356,9.5072,9.6699,10.4667,10.7181,13.7038,13.5262
2023-04-18,9.4700,9.8100,9.4500,9.7800,26812000,NIO,9.3930,9.3484,9.4728,9.6621,10.4612,10.6934,13.6425,13.4858
2023-04-19,8.7900,9.2000,8.7700,9.1600,60655900,NIO,9.3690,9.2952,9.4300,9.6279,10.4490,10.6557,13.5797,13.4391
2023-04-20,8.2800,8.5800,8.1600,8.5400,59580500,NIO,9.3285,9.1986,9.3772,9.5750,10.4262,10.6087,13.5102,13.3878
2023-04-21,8.3300,8.3800,8.0500,8.3000,34188200,NIO,9.2815,9.1158,9.3308,9.5262,10.4078,10.5635,13.4477,13.3374
2023-04-24,8.2900,8.4000,8.1600,8.3800,29843600,NIO,9.2425,9.0372,9.2872,9.4777,10.3895,10.5185,13.3766,13.2872
2023-04-25,7.9000,8.1600,7.6000,8.1600,88508400,NIO,9.1910,8.9289,9.2390,9.4159,10.3635,10.4667,13.3031,13.2336
2023-04-26,7.6800,8.2000,7.6500,8.0900,56070100,NIO,9.1150,8.8099,9.1864,9.3478,10.3125,10.4115,13.2387,13.1784
2023-04-27,7.9700,7.9700,7.6100,7.7000,36937500,NIO,9.0220,8.7299,9.1396,9.2938,10.2713,10.3631,13.1742,13.1265
2023-04-28,7.8700,8.0100,7.6600,7.8800,39093700,NIO,8.8925,8.6480,9.0870,9.2379,10.2187,10.3138,13.1081,13.0742
2023-05-01,7.8100,7.8600,7.5500,7.8300,39623700,NIO,8.7575,8.5682,9.0394,9.1819,10.1688,10.2642,13.0419,13.0218
2023-05-02,7.4500,7.7500,7.3300,7.6500,53990100,NIO,8.6400,8.4617,8.9846,9.1140,10.1109,10.2085,12.9755,12.9664
2023-05-03,7.6400,7.7700,7.4000,7.4300,39778500,NIO,8.5615,8.3835,8.9368,9.0562,10.0615,10.1576,12.9095,12.9134
2023-05-04,8.0600,8.1200,7.7500,7.7500,50555800,NIO,8.5165,8.3527,8.8944,9.0171,10.0080,10.1161,12.8488,12.8651
2023-05-05,8.1500,8.3700,8.1000,8.1400,34720500,NIO,8.4735,8.3334,8.8616,8.9831,9.9632,10.0771,12.7877,12.8182
2023-05-08,8.2700,8.5400,8.0300,8.2700,30996500,NIO,8.4345,8.3273,8.8410,8.9552,9.9210,10.0413,12.7257,12.7729
2023-05-09,8.1600,8.2200,7.8500,7.9300,24846300,NIO,8.3665,8.3114,8.8176,8.9240,9.8795,10.0041,12.6703,12.7270
2023-05-10,8.1300,8.5200,8.0400,8.2000,47366600,NIO,8.3225,8.2941,8.7924,8.8928,9.8398,9.9670,12.6143,12.6813
2023-05-11,8.4500,8.4500,8.0900,8.1500,48355800,NIO,8.2900,8.3090,8.7848,8.8755,9.8055,9.9369,12.5613,12.6392
2023-05-12,7.9500,8.3400,7.9400,8.2700,42114300,NIO,8.2240,8.2748,8.7620,8.8392,9.7690,9.8976,12.5042,12.5925
2023-05-15,8.2500,8.2800,7.9000,8.0600,35602400,NIO,8.1450,8.2724,8.7356,8.8161,9.7409,9.8650,12.4480,12.5493
2023-05-16,7.9100,8.1100,7.8200,8.1000,33815300,NIO,8.0670,8.2379,8.7076,8.7805,9.7091,9.8263,12.3889,12.5032
2023-05-17,8.0300,8.0500,7.7900,7.8200,33411500,NIO,8.0290,8.2181,8.6888,8.7511,9.6733,9.7907,12.3281,12.4587
2023-05-18,7.8200,8.0300,7.7300,7.9400,46481500,NIO,8.0060,8.1802,8.6616,8.7146,9.6386,9.7517,12.2663,12.4125
2023-05-19,8.0700,8.1400,7.8500,7.9000,41574800,NIO,7.9930,8.1697,8.6472,8.6893,9.6096,9.7184,12.2052,12.3693
2023-05-22,8.7900,8.8500,8.2400,8.2500,73546900,NIO,8.0180,8.2288,8.6528,8.6933,9.5969,9.7000,12.1446,12.3337
2023-05-23,8.7500,8.8500,8.5900,8.6400,38540000,NIO,8.0605,8.2784,8.6568,8.6955,9.5864,9.6812,12.0873,12.2980
2023-05-24,7.9200,8.2100,7.7200,8.1400,84695800,NIO,8.0725,8.2443,8.6468,8.6651,9.5657,9.6463,12.0260,12.2545
2023-05-25,7.5400,7.8600,7.5100,7.8600,48702800,NIO,8.0510,8.1772,8.6326,8.6210,9.5436,9.6046,11.9679,12.2075
2023-05-26,7.7000,7.8400,7.5400,7.7400,42967900,NIO,8.0425,8.1318,8.6166,8.5848,9.5243,9.5669,11.9061,12.1627
2023-05-30,7.4100,7.9200,7.3500,7.8000,63374800,NIO,8.0225,8.0630,8.5996,8.5388,9.4921,9.5242,11.8391,12.1154
2023-05-31,7.5300,7.5400,7.1500,7.4400,89228300,NIO,8.0265,8.0123,8.5752,8.4992,9.4588,9.4847,11.7712,12.0698
2023-06-01,7.5400,7.6400,7.0000,7.2400,74201600,NIO,8.0215,7.9673,8.5406,8.4616,9.4305,9.4462,11.7024,12.0247
2023-06-02,7.5600,7.9900,7.5600,7.8400,62511500,NIO,7.9965,7.9285,8.5100,8.4262,9.3985,9.4088,11.6356,11.9803
2023-06-05,7.6700,7.9000,7.6000,7.6600,36819200,NIO,7.9725,7.9039,8.4780,8.3966,9.3628,9.3744,11.5736,11.9374
2023-06-06,7.8800,7.8800,7.3000,7.6600,79001900,NIO,7.9530,7.9016,8.4542,8.3763,9.3265,9.3448,11.5134,11.8970
2023-06-07,7.7600,7.9700,7.5800,7.8000,47289100,NIO,7.9330,7.8881,8.4308,8.3522,9.2860,9.3134,11.4570,11.8559
2023-06-08,7.7900,7.8900,7.6000,7.8000,64405800,NIO,7.9160,7.8788,8.4026,8.3301,9.2459,9.2832,11.4012,11.8154
2023-06-09,7.7300,8.7500,7.6900,7.8400,140273500,NIO,7.8800,7.8646,8.3606,8.3066,9.2091,9.2525,11.3484,11.7748
2023-06-12,8.4000,8.6000,8.0700,8.0900,100608600,NIO,7.9025,7.9156,8.3194,8.3102,9.1830,9.2356,11.2960,11.7412
2023-06-13,8.8900,9.0700,8.6000,8.7300,81692800,NIO,7.9345,8.0084,8.2870,8.3330,9.1642,9.2288,11.2401,11.7128
2023-06-14,9.0500,9.1900,8.8000,9.0700,60867200,NIO,7.9915,8.1076,8.2720,8.3611,9.1440,9.2252,11.1857,11.6863
2023-06-15,9.7900,9.9000,9.0500,9.1000,97116500,NIO,8.0795,8.2678,8.2836,8.4171,9.1213,9.2364,11.1356,11.6674
2023-06-16,9.4000,10.2100,9.3500,10.1500,81400100,NIO,8.1585,8.3756,8.2924,8.4557,9.0985,9.2396,11.0835,11.6449
2023-06-20,9.3500,9.4100,9.0600,9.1700,52866000,NIO,8.2225,8.4684,8.2992,8.4907,9.0757,9.2418,11.0307,11.6220
2023-06-21,9.0700,9.8400,8.9600,9.5400,66266600,NIO,8.2365,8.5257,8.2996,8.5135,9.0447,9.2384,10.9821,11.5966
2023-06-22,8.9200,9.0300,8.7400,9.0300,28909900,NIO,8.2450,8.5633,8.2876,8.5294,9.0068,9.2321,10.9380,11.5700
2023-06-23,8.4300,8.7500,8.2800,8.6200,41944300,NIO,8.2705,8.5506,8.2760,8.5255,8.9709,9.2162,10.8946,11.5388
2023-06-26,8.4000,8.6900,8.4000,8.5300,33684100,NIO,8.3135,8.5362,8.2620,8.5206,8.9342,9.2001,10.8492,11.5075
2023-06-27,9.3400,9.3400,8.6600,8.7200,73607600,NIO,8.3955,8.6128,8.2634,8.5527,8.9066,9.2028,10.8075,11.4860
2023-06-28,9.5200,9.5600,9.1800,9.4000,44832900,NIO,8.5010,8.6992,8.2572,8.5907,8.8822,9.2091,10.7593,11.4664
2023-06-29,9.3900,9.5100,9.2500,9.4000,38589900,NIO,8.5940,8.7650,8.2556,8.6220,8.8642,9.2127,10.6975,11.4457
2023-06-30,9.6900,10.0900,9.5900,9.6300,63465200,NIO,8.7015,8.8531,8.2736,8.6639,8.8518,9.2222,10.6361,11.4283
2023-07-03,10.0300,10.4900,9.7900,10.1500,68989300,NIO,8.8250,8.9652,8.3086,8.7175,8.8429,9.2382,10.5766,11.4144
2023-07-05,10.2200,10.3900,9.8100,10.0100,62900500,NIO,8.9525,9.0847,8.3464,8.7764,8.8386,9.2576,10.5201,11.4025
2023-07-06,9.5600,10.0100,9.4900,9.9700,52767400,NIO,9.0365,9.1299,8.3718,8.8071,8.8295,9.2636,10.4672,11.3841
2023-07-07,9.9900,10.0900,9.6600,9.7500,51005200,NIO,9.1480,9.2119,8.4136,8.8535,8.8263,9.2780,10.4126,11.3703
2023-07-10,10.7800,10.8300,9.7900,9.9700,84529600,NIO,9.2975,9.3612,8.4756,8.9290,8.8310,9.3077,10.3645,11.3644
2023-07-11,10.8100,11.0500,10.4400,10.9600,69547500,NIO,9.4515,9.4992,8.5324,9.0028,8.8360,9.3375,10.3270,11.3589
2023-07-12,11.1600,11.2200,10.7100,11.0200,61266100,NIO,9.5895,9.6574,8.5982,9.0874,8.8426,9.3736,10.2911,11.3569
2023-07-13,10.7600,11.3200,10.7200,11.2400,60022500,NIO,9.6830,9.7624,8.6572,9.1530,8.8483,9.4010,10.2567,11.3510
2023-07-14,10.5400,10.8400,10.4600,10.6700,40233500,NIO,9.7575,9.8364,8.7190,9.2074,8.8518,9.4236,10.2213,11.3429
2023-07-17,10.5600,10.6300,10.2100,10.3000,28845700,NIO,9.7960,9.9053,8.7774,9.2604,8.8571,9.4461,10.1881,11.3351
2023-07-18,10.4200,10.8300,10.2700,10.7300,35006300,NIO,9.8470,9.9544,8.8246,9.3059,8.8595,9.4653,10.1536,11.3260
2023-07-19,10.6400,11.1000,10.5800,10.5800,51786900,NIO,9.9115,10.0197,8.8744,9.3582,8.8680,9.4886,10.1289,11.3192
2023-07-20,10.3200,10.5000,10.2200,10.4700,34681100,NIO,9.9740,10.0483,8.9154,9.3959,8.8782,9.5051,10.1016,11.3092
2023-07-21,10.5800,10.7700,10.3800,10.5000,33089000,NIO,10.0570,10.0989,8.9638,9.4424,8.8907,9.5264,10.0771,11.3020
2023-07-24,11.7300,12.0500,10.8400,10.9100,108759300,NIO,10.2220,10.2542,9.0358,9.5321,8.9141,9.5700,10.0521,11.3062
2023-07-25,11.9100,12.8300,11.8800,12.3400,102994600,NIO,10.3975,10.4119,9.1050,9.6253,8.9449,9.6163,10.0314,11.3122
2023-07-26,13.1700,13.3800,12.2100,12.4000,137044600,NIO,10.5890,10.6746,9.2094,9.7643,8.9857,9.6867,10.0234,11.3307
2023-07-27,13.2400,13.8700,13.1600,13.8600,103657400,NIO,10.7750,10.9189,9.3092,9.9006,9.0224,9.7571,10.0208,11.3497
2023-07-28,14.7400,14.7800,13.5600,13.8000,115315800,NIO,11.0425,11.2828,9.4458,10.0904,9.0767,9.8557,10.0281,11.3835
2023-07-31,15.3000,15.4600,14.7300,15.1200,117336000,NIO,11.3230,11.6654,9.5912,10.2947,9.1400,9.9635,10.0405,11.4224
2023-08-01,14.6300,15.2600,14.4100,14.8600,89527700,NIO,11.5530,11.9478,9.7274,10.4647,9.1945,10.0559,10.0492,11.4543
2023-08-02,14.5700,14.7600,13.6700,13.8000,79548600,NIO,11.7705,12.1975,9.8574,10.6257,9.2523,10.1453,10.0582,11.4854
2023-08-03,15.4600,15.8600,14.6600,14.6800,86032100,NIO,12.0655,12.5082,9.9908,10.8153,9.3218,10.2506,10.0767,11.5249
2023-08-04,14.7200,16.1800,14.7000,15.8600,85225300,NIO,12.3020,12.7189,10.1102,10.9684,9.3835,10.3391,10.0893,11.5567
2023-08-07,14.8200,15.2000,14.3800,15.0200,53768400,NIO,12.5040,12.9190,10.2482,11.1195,9.4475,10.4278,10.1023,11.5892
2023-08-08,14.0700,14.1700,13.7300,13.9500,63081100,NIO,12.6670,13.0286,10.3788,11.2352,9.5057,10.4999,10.1181,11.6138
2023-08-09,13.4600,14.1200,13.2100,13.9500,57706700,NIO,12.7820,13.0697,10.4940,11.3224,9.5553,10.5585,10.1305,11.6322
2023-08-10,13.2500,13.9700,13.1900,13.6100,55643000,NIO,12.9065,13.0869,10.6108,11.3980,9.6052,10.6118,10.1407,11.6483
2023-08-11,12.9000,13.0100,12.5500,12.7700,54695700,NIO,13.0245,13.0691,10.7182,11.4569,9.6467,10.6572,10.1580,11.6608
2023-08-14,12.5200,12.5600,11.9400,12.4000,67398200,NIO,13.1225,13.0168,10.8178,11.4986,9.6792,10.6940,10.1674,11.6693
2023-08-15,11.8300,12.3400,11.5500,12.2600,71428600,NIO,13.1930,12.9037,10.9032,11.5116,9.7066,10.7165,10.1725,11.6709
2023-08-16,11.4000,11.7600,11.1500,11.1800,59478400,NIO,13.2310,12.7605,10.9778,11.5072,9.7279,10.7301,10.1796,11.6682
2023-08-17,11.5000,12.4100,11.4700,11.9100,73315600,NIO,13.2900,12.6405,11.0502,11.5069,9.7522,10.7453,10.1887,11.6665
2023-08-18,10.6700,11.1500,10.6200,10.9500,68527000,NIO,13.2945,12.4528,11.1084,11.4741,9.7696,10.7438,10.1937,11.6566
2023-08-21,10.9500,11.1700,10.5400,10.7300,54080100,NIO,13.2555,12.3097,11.1716,11.4536,9.7871,10.7479,10.1999,11.6496
2023-08-22,10.7900,11.3300,10.5300,11.2900,43536500,NIO,13.1995,12.1650,11.2328,11.4275,9.7967,10.7487,10.2064,11.6410
2023-08-23,10.8400,11.0000,10.5000,10.5600,30405000,NIO,13.0830,12.0388,11.2816,11.4045,9.8005,10.7505,10.2109,11.6331
2023-08-24,10.6400,11.1100,10.6200,10.9600,27131700,NIO,12.9530,11.9056,11.3166,11.3745,9.8018,10.7484,10.2057,11.6232
2023-08-25,10.8300,10.8700,10.4800,10.5800,31666200,NIO,12.7575,11.8031,11.3522,11.3532,9.8121,10.7500,10.2049,11.6153
2023-08-28,11.0200,11.1300,10.7000,11.0500,41943200,NIO,12.5435,11.7285,11.3768,11.3401,9.8302,10.7553,10.2072,11.6094
2023-08-29,10.8900,10.9400,9.4600,10.3000,124332200,NIO,12.3565,11.6487,11.4066,11.3225,9.8495,10.7580,10.2154,11.6022
2023-08-30,10.6700,10.7900,10.3900,10.4300,46265600,NIO,12.1615,11.5555,11.4330,11.2969,9.8661,10.7562,10.2171,11.5929
2023-08-31,10.2700,10.8000,10.2600,10.7300,51094300,NIO,11.9020,11.4330,11.4570,11.2566,9.8783,10.7466,10.2106,11.5798
2023-09-01,11.0000,11.3500,10.5000,10.5300,77064200,NIO,11.7160,11.3918,11.4986,11.2465,9.8931,10.7516,10.2098,11.5740
2023-09-05,10.8100,11.1800,10.7200,10.7300,37911800,NIO,11.5155,11.3364,11.5462,11.2294,9.9111,10.7528,10.2063,11.5664
2023-09-06,10.5800,10.9100,10.4700,10.7100,31426100,NIO,11.3410,11.2644,11.5898,11.2039,9.9259,10.7494,10.2065,11.5566
2023-09-07,10.0800,10.2700,9.9300,10.1700,44603800,NIO,11.1720,11.1516,11.6046,11.1599,9.9340,10.7361,10.2036,11.5419
2023-09-08,10.0400,10.1500,9.9200,10.0600,26159600,NIO,11.0115,11.0457,11.6150,11.1160,9.9361,10.7223,10.2014,11.5270
2023-09-11,10.3300,10.4300,10.0200,10.3900,31145700,NIO,10.8830,10.9775,11.6338,11.0851,9.9447,10.7146,10.2030,11.5150
2023-09-12,10.5700,10.8800,10.2100,10.2300,38297000,NIO,10.7855,10.9387,11.6514,11.0649,9.9625,10.7117,10.2058,11.5056
2023-09-13,10.0700,10.4700,10.0600,10.2000,36890000,NIO,10.6975,10.8560,11.6522,11.0259,9.9804,10.6990,10.2033,11.4914
2023-09-14,10.3800,10.3800,10.1400,10.1500,26475900,NIO,10.6465,10.8107,11.6554,11.0006,10.0009,10.6927,10.2044,11.4803
2023-09-15,10.4300,10.7200,10.2900,10.5300,40105900,NIO,10.5930,10.7744,11.6728,10.9782,10.0223,10.6875,10.2059,11.4699
2023-09-18,10.3100,10.4700,10.2200,10.3700,22615000,NIO,10.5750,10.7302,11.6792,10.9520,10.0464,10.6800,10.2050,11.4583
2023-09-19,8.5500,9.6000,8.4100,9.5400,215935800,NIO,10.4550,10.5225,11.6346,10.8578,10.0551,10.6378,10.1838,11.4294
2023-09-20,8.8200,9.0600,8.6700,8.7600,122782100,NIO,10.3565,10.3604,11.5948,10.7779,10.0636,10.6018,10.1675,11.4034
2023-09-21,8.4500,8.6200,8.3500,8.4500,49441400,NIO,10.2370,10.1784,11.5406,10.6866,10.0694,10.5592,10.1441,11.3740
2023-09-22,8.5300,8.8000,8.4500,8.7400,36245100,NIO,10.1315,10.0215,11.4960,10.6020,10.0766,10.5190,10.1227,11.3457
2023-09-25,8.3500,8.4500,7.9300,8.0700,56327000,NIO,10.0075,9.8623,11.4522,10.5137,10.0856,10.4761,10.0983,11.3159
2023-09-26,8.4100,8.5800,7.9300,8.1500,42481600,NIO,9.8770,9.7240,11.4092,10.4312,10.0933,10.4352,10.0774,11.2870
2023-09-27,8.4600,8.5100,8.3000,8.3800,24089900,NIO,9.7555,9.6036,11.3700,10.3539,10.0973,10.3961,10.0527,11.2589
2023-09-28,8.9100,8.9900,8.3600,8.3700,55093400,NIO,9.6675,9.5375,11.3354,10.2973,10.1049,10.3666,10.0341,11.2355
2023-09-29,9.0400,9.2200,8.8600,9.1100,40994100,NIO,9.6060,9.4901,11.3098,10.2480,10.1126,10.3404,10.0168,11.2137
2023-10-02,8.7900,9.0000,8.7000,8.9000,38390600,NIO,9.4955,9.4235,11.2740,10.1908,10.1189,10.3097,9.9992,11.1895
2023-10-03,8.6100,8.7600,8.5400,8.5500,27185700,NIO,9.3855,9.3460,11.2116,10.1288,10.1237,10.2760,9.9818,11.1639
2023-10-04,8.8300,8.8500,8.4800,8.5100,28056900,NIO,9.2980,9.2968,11.1500,10.0779,10.1275,10.2474,9.9665,11.1406
2023-10-05,8.6600,8.7100,8.5100,8.6600,21933500,NIO,9.2270,9.2362,11.0598,10.0223,10.1346,10.2159,9.9518,11.1160
2023-10-06,8.7200,8.7500,8.4600,8.4900,23336000,NIO,9.1610,9.1870,10.9694,9.9712,10.1393,10.1863,9.9401,11.0921
2023-10-09,8.3400,8.5400,8.1100,8.5000,39704400,NIO,9.0615,9.1064,10.8414,9.9072,10.1436,10.1498,9.9264,11.0647
2023-10-10,8.8300,8.8800,8.3500,8.3500,42385700,NIO,8.9745,9.0800,10.7120,9.8650,10.1516,10.1236,9.9125,11.0425
2023-10-11,8.9700,9.1900,8.9000,8.9500,34029900,NIO,8.9195,9.0696,10.5988,9.8299,10.1631,10.1008,9.9009,11.0219
2023-10-12,8.4400,8.9700,8.3800,8.8800,37144100,NIO,8.8225,9.0096,10.4762,9.7754,10.1668,10.0679,9.8882,10.9962
2023-10-13,8.4700,8.5500,8.2700,8.4000,28358100,NIO,8.7245,8.9582,10.3364,9.7242,10.1636,10.0362,9.8803,10.9711
2023-10-16,8.5200,8.5300,8.2400,8.3700,24550100,NIO,8.6350,8.9165,10.2124,9.6770,10.1613,10.0062,9.8739,10.9467
2023-10-17,8.5300,8.6500,8.2900,8.3300,18390200,NIO,8.6340,8.8797,10.0866,9.6320,10.1674,9.9770,9.8666,10.9226
2023-10-18,7.9100,8.5400,7.8700,8.5300,51395200,NIO,8.5885,8.7873,9.9634,9.5645,10.1711,9.9361,9.8574,10.8926
2023-10-19,7.6900,7.8800,7.5900,7.7600,39606100,NIO,8.5505,8.6828,9.8480,9.4910,10.1710,9.8916,9.8477,10.8608
2023-10-20,7.5800,7.8500,7.4700,7.5200,31787800,NIO,8.5030,8.5778,9.7346,9.4160,10.1727,9.8458,9.8324,10.8281
2023-10-23,7.5900,7.7000,7.3100,7.4900,33550400,NIO,8.4650,8.4837,9.6284,9.3444,10.1733,9.8011,9.8161,10.7959
2023-10-24,8.0900,8.1200,7.5600,7.5600,42841700,NIO,8.4490,8.4462,9.5398,9.2952,10.1788,9.7673,9.8047,10.7690
2023-10-25,7.6000,7.8500,7.6000,7.8200,28413800,NIO,8.4060,8.3656,9.4552,9.2287,10.1792,9.7243,9.7889,10.7375
2023-10-26,7.6300,7.8000,7.5200,7.6200,27283600,NIO,8.3420,8.2956,9.3798,9.1660,10.1788,9.6829,9.7708,10.7065
2023-10-27,7.4400,7.8100,7.3900,7.7800,33773500,NIO,8.2620,8.2141,9.2986,9.0984,10.1744,9.6385,9.7505,10.6740
2023-10-30,7.5200,7.6400,7.4000,7.5600,25727700,NIO,8.1985,8.1480,9.2356,9.0365,10.1720,9.5965,9.7290,10.6426
2023-10-31,7.3000,7.4000,7.1800,7.3400,29679200,NIO,8.1330,8.0672,9.1626,8.9684,10.1671,9.5510,9.7065,10.6094
2023-11-01,7.4500,7.4500,7.1900,7.3100,33335100,NIO,8.0640,8.0084,9.0958,8.9088,10.1643,9.5094,9.6867,10.5780
2023-11-02,7.7900,7.9300,7.6900,7.7200,43628400,NIO,8.0205,7.9876,9.0348,8.8649,10.1582,9.4754,9.6706,10.5502
2023-11-03,8.2300,8.3000,7.8700,8.0100,56107400,NIO,7.9960,8.0107,8.9866,8.8400,10.1516,9.4507,9.6579,10.5271
2023-11-06,7.9700,8.5100,7.8600,8.4500,43859700,NIO,7.9775,8.0068,8.9294,8.8059,10.1408,9.4214,9.6424,10.5017
2023-11-07,7.8900,7.9000,7.7000,7.8800,25233500,NIO,7.9305,7.9957,8.8668,8.7700,10.1218,9.3911,9.6216,10.4757
2023-11-08,7.9200,8.0000,7.6800,7.8100,37957600,NIO,7.8780,7.9885,8.8074,8.7367,10.1070,9.3619,9.6028,10.4503
2023-11-09,7.4700,7.9600,7.4600,7.8200,36134800,NIO,7.8295,7.9391,8.7434,8.6870,10.0882,9.3245,9.5820,10.4206
2023-11-10,7.2400,7.6400,7.1600,7.6100,39843100,NIO,7.7680,7.8725,8.6828,8.6303,10.0699,9.2832,9.5573,10.3890
2023-11-13,7.2200,7.4300,7.1100,7.2700,34211200,NIO,7.7030,7.8104,8.6072,8.5750,10.0529,9.2423,9.5299,10.3574
2023-11-14,7.5800,7.6400,7.3300,7.3600,43383100,NIO,7.6555,7.7884,8.5426,8.5359,10.0444,9.2094,9.5077,10.3298
2023-11-15,7.9400,8.2000,7.6300,7.6400,55974000,NIO,7.6570,7.8029,8.4898,8.5126,10.0398,9.1843,9.4870,10.3060
2023-11-16,7.4000,7.5900,7.1400,7.5800,68800100,NIO,7.6425,7.7645,8.4362,8.4689,10.0204,9.1490,9.4635,10.2771
2023-11-17,7.3900,7.5000,7.2500,7.4000,26658000,NIO,7.6330,7.7288,8.3832,8.4266,9.9991,9.1141,9.4407,10.2484
2023-11-20,7.8000,8.0300,7.6500,7.6800,61880200,NIO,7.6435,7.7356,8.3326,8.4020,9.9832,9.0881,9.4237,10.2240
2023-11-21,7.5100,7.7100,7.4200,7.6200,35697200,NIO,7.6145,7.7141,8.2714,8.3671,9.9614,9.0569,9.4066,10.1970
2023-11-22,7.4700,7.6400,7.3600,7.5800,21966500,NIO,7.6080,7.6909,8.2194,8.3319,9.9358,9.0254,9.3894,10.1699
2023-11-24,7.4000,7.4800,7.2800,7.4000,22881100,NIO,7.5965,7.6632,8.1598,8.2953,9.9076,8.9932,9.3731,10.1423
2023-11-27,7.1900,7.3800,7.1800,7.3100,33857600,NIO,7.5840,7.6181,8.0950,8.2520,9.8839,8.9575,9.3567,10.1129
2023-11-28,7.2100,7.2600,7.0200,7.2000,47842500,NIO,7.5685,7.5792,8.0330,8.2111,9.8561,8.9229,9.3412,10.0840
2023-11-29,7.1800,7.5200,7.1300,7.2900,47707000,NIO,7.5625,7.5412,8.0056,8.1707,9.8201,8.8884,9.3256,10.0552
2023-11-30,7.2700,7.3400,7.1300,7.2500,45953400,NIO,7.5535,7.5154,7.9746,8.1354,9.7847,8.8564,9.3104,10.0274
2023-12-01,7.1500,7.2600,7.0100,7.1400,46778000,NIO,7.5215,7.4806,7.9486,8.0967,9.7446,8.8226,9.2936,9.9988
2023-12-04,7.3200,7.3800,7.0300,7.1400,53717900,NIO,7.4760,7.4653,7.9244,8.0663,9.7102,8.7928,9.2793,9.9722
2023-12-05,7.4300,7.9600,7.3800,7.5900,89837100,NIO,7.4490,7.4619,7.9060,8.0413,9.6791,8.7658,9.2655,9.9469
2023-12-06,7.7500,8.2800,7.5900,7.6500,118989400,NIO,7.4420,7.4894,7.8928,8.0299,9.6510,8.7457,9.2541,9.9250
2023-12-07,7.4900,7.9600,7.4300,7.8500,63206600,NIO,7.4205,7.4894,7.8734,8.0087,9.6217,8.7209,9.2406,9.9008
2023-12-08,7.3800,7.5700,7.3000,7.3700,42786200,NIO,7.4160,7.4790,7.8428,7.9841,9.5891,8.6943,9.2286,9.8757
2023-12-11,7.6800,7.7000,7.4100,7.4900,39418200,NIO,7.4380,7.4982,7.8156,7.9721,9.5627,8.6742,9.2205,9.8538
2023-12-12,7.2700,7.6000,7.1700,7.5900,59007200,NIO,7.4405,7.4764,7.7852,7.9446,9.5296,8.6464,9.2102,9.8281
2023-12-13,7.4300,7.4500,7.0500,7.1700,57470200,NIO,7.4330,7.4720,7.7616,7.9244,9.4866,8.6223,9.2004,9.8043
2023-12-14,7.8600,8.0200,7.4600,7.4700,94106100,NIO,7.4290,7.5090,7.7422,7.9219,9.4461,8.6072,9.1955,9.7849
2023-12-15,7.9800,8.1400,7.7400,8.0200,71384400,NIO,7.4580,7.5538,7.7286,7.9242,9.3942,8.5948,9.1900,9.7670
2023-12-18,8.3500,8.6400,8.2300,8.5900,131953000,NIO,7.5060,7.6296,7.7212,7.9409,9.3453,8.5900,9.1839,9.7529
2023-12-19,8.8200,8.9000,8.5100,8.5200,88664000,NIO,7.5570,7.7430,7.7308,7.9754,9.2861,8.5945,9.1814,9.7436
2023-12-20,7.9200,8.7000,7.9200,8.6300,105322300,NIO,7.5775,7.7599,7.7126,7.9732,9.2123,8.5812,9.1762,9.7254
2023-12-21,8.2900,8.3100,7.9900,8.1500,48972700,NIO,7.6185,7.8104,7.6990,7.9856,9.1489,8.5754,9.1717,9.7112
2023-12-22,8.4200,8.5900,8.0800,8.1000,56076000,NIO,7.6695,7.8684,7.6986,8.0026,9.0874,8.5723,9.1699,9.6983
2023-12-26,9.3300,9.4300,8.6300,8.7700,130928200,NIO,7.7765,8.0076,7.7158,8.0547,9.0261,8.5873,9.1740,9.6946
2023-12-27,9.1000,9.3300,8.8900,9.2600,99997200,NIO,7.8710,8.1117,7.7274,8.0957,8.9699,8.5975,9.1767,9.6887
2023-12-28,9.4300,9.5700,9.1200,9.1600,91988300,NIO,7.9835,8.2372,7.7454,8.1480,8.9160,8.6140,9.1818,9.6861
2023-12-29,9.0700,9.5300,8.9500,9.4300,74905100,NIO,8.0735,8.3165,7.7686,8.1842,8.8660,8.6230,9.1859,9.6800
2024-01-02,8.4200,8.9400,8.3800,8.9300,81640300,NIO,8.1370,8.3264,7.7832,8.1934,8.8156,8.6190,9.1855,9.6675
2024-01-03,8.5000,8.5600,8.1000,8.1200,58659300,NIO,8.1960,8.3429,7.8016,8.2054,8.7681,8.6166,9.1867,9.6559
2024-01-04,8.2700,8.4700,8.2500,8.3300,38412300,NIO,8.2380,8.3360,7.8152,8.2080,8.7218,8.6098,9.1843,9.6421
2024-01-05,8.0600,8.2500,8.0300,8.1600,40831700,NIO,8.2535,8.3097,7.8146,8.2022,8.6772,8.5989,9.1782,9.6263
2024-01-08,7.9300,8.0500,7.7300,7.8600,49933600,NIO,8.2755,8.2735,7.8212,8.1915,8.6382,8.5856,9.1724,9.6095
2024-01-09,7.5600,7.8400,7.5200,7.8000,70100900,NIO,8.2845,8.2056,7.8198,8.1667,8.5998,8.5653,9.1639,9.5891
2024-01-10,7.4100,7.5500,7.3100,7.5300,54569600,NIO,8.2710,8.1298,7.8192,8.1371,8.5589,8.5424,9.1556,9.5674
2024-01-11,7.4000,7.6700,7.3300,7.5700,52385000,NIO,8.2775,8.0603,7.8168,8.1082,8.5262,8.5198,9.1479,9.5458
2024-01-12,7.1700,7.5300,7.1600,7.2600,49034600,NIO,8.2645,7.9755,7.8142,8.0714,8.4884,8.4931,9.1378,9.5222
2024-01-16,6.5500,7.0500,6.4500,7.0400,121078900,NIO,8.1990,7.8397,7.7962,8.0117,8.4460,8.4546,9.1214,9.4926
2024-01-17,6.3000,6.4200,6.1200,6.2100,63011800,NIO,8.1150,7.6931,7.7664,7.9446,8.4006,8.4119,9.1006,9.4608
2024-01-18,6.2800,6.5400,6.1000,6.5000,71543500,NIO,8.0115,7.5585,7.7274,7.8793,8.3570,8.3697,9.0794,9.4292
2024-01-19,6.0600,6.1600,5.8600,6.1600,82433100,NIO,7.8735,7.4158,7.6892,7.8080,8.3093,8.3240,9.0607,9.3957
2024-01-22,5.9800,6.1700,5.8000,5.8300,74314700,NIO,7.7765,7.2791,7.6510,7.7363,8.2589,8.2776,9.0446,9.3617
2024-01-23,6.2100,6.8800,6.1700,6.4000,119010800,NIO,7.6725,7.1772,7.6168,7.6764,8.2121,8.2366,9.0308,9.3303
2024-01-24,6.0700,6.5900,6.0100,6.5000,76001000,NIO,7.5550,7.0718,7.5888,7.6134,8.1661,8.1937,9.0161,9.2979
2024-01-25,6.0400,6.0800,5.8300,5.9100,59221400,NIO,7.3905,6.9735,7.5648,7.5517,8.1238,8.1511,9.0011,9.2655
2024-01-26,6.1400,6.1500,5.9700,6.0000,39437600,NIO,7.2425,6.8941,7.5432,7.4964,8.0752,8.1113,8.9842,9.2344
2024-01-29,6.1400,6.1600,5.9500,6.0800,40118400,NIO,7.0780,6.8223,7.5144,7.4432,8.0285,8.0722,8.9698,9.2036
2024-01-30,5.7900,6.0400,5.7900,6.0100,66444800,NIO,6.9140,6.7240,7.4714,7.3783,7.9806,8.0270,8.9533,9.1696
2024-01-31,5.6200,5.8600,5.4300,5.6900,75799300,NIO,6.7740,6.6189,7.4358,7.3094,7.9360,7.9794,8.9350,9.1343
2024-02-01,5.7100,5.9200,5.5400,5.7300,51425400,NIO,6.6345,6.5323,7.4022,7.2467,7.8927,7.9344,8.9144,9.1002
2024-02-02,5.5400,5.5900,5.4300,5.5600,56919300,NIO,6.4980,6.4378,7.3570,7.1797,7.8448,7.8870,8.8947,9.0648
2024-02-05,5.3800,5.4800,5.3000,5.4800,45420800,NIO,6.3640,6.3371,7.3144,7.1092,7.7929,7.8374,8.8777,9.0281
2024-02-06,6.0300,6.0500,5.6000,5.6800,88034700,NIO,6.2690,6.3078,7.2856,7.0668,7.7525,7.8016,8.8665,8.9983
2024-02-07,5.8600,6.0000,5.7300,5.8100,42818400,NIO,6.1840,6.2652,7.2548,7.0195,7.7073,7.7631,8.8541,8.9671
2024-02-08,5.8200,5.8800,5.7200,5.8200,32055300,NIO,6.1045,6.2228,7.2274,6.9725,7.6612,7.7247,8.8418,8.9357
2024-02-09,5.9300,5.9300,5.7500,5.8400,25563500,NIO,6.0310,6.1949,7.2018,6.9316,7.6174,7.6891,8.8319,8.9058
2024-02-12,6.0800,6.2800,5.9000,5.9100,43673000,NIO,5.9765,6.1839,7.1798,6.8982,7.5927,7.6573,8.8239,8.8777
2024-02-13,5.7000,5.8800,5.6500,5.8600,52054400,NIO,5.9340,6.1379,7.1484,6.8512,7.5615,7.6185,8.8126,8.8461
2024-02-14,6.0000,6.0200,5.8400,5.8800,41176800,NIO,5.9190,6.1247,7.1254,6.8178,7.5370,7.5864,8.8032,8.8178
2024-02-15,6.0900,6.2900,6.0400,6.0500,54076700,NIO,5.9095,6.1214,7.1008,6.7893,7.5126,7.5568,8.7946,8.7906
2024-02-16,6.1400,6.3400,6.0900,6.2400,41550900,NIO,5.9135,6.1232,7.0750,6.7638,7.4905,7.5288,8.7881,8.7643
2024-02-20,5.9600,6.0300,5.7900,5.9300,39772200,NIO,5.9125,6.1076,7.0392,6.7323,7.4660,7.4977,8.7797,8.7364
2024-02-21,5.9700,6.1700,5.9500,6.0200,33658000,NIO,5.9005,6.0945,7.0088,6.7024,7.4411,7.4674,8.7692,8.7088
2024-02-22,5.8500,5.9700,5.7100,5.9700,49536300,NIO,5.8895,6.0712,6.9782,6.6690,7.4105,7.4354,8.7577,8.6804
2024-02-23,5.4000,5.6800,5.3700,5.6700,75135200,NIO,5.8575,6.0073,6.9326,6.6192,7.3741,7.3951,8.7434,8.6477
2024-02-26,5.6500,5.7700,5.5000,5.5400,60295300,NIO,5.8330,5.9733,6.9002,6.5812,7.3427,7.3606,8.7308,8.6179
2024-02-27,5.7800,5.9300,5.7200,5.8100,53722100,NIO,5.8150,5.9549,6.8672,6.5498,7.3144,7.3293,8.7191,8.5897
2024-02-28,5.4300,5.6100,5.3900,5.6000,58390500,NIO,5.7970,5.9049,6.8186,6.5059,7.2804,7.2916,8.7040,8.5582
2024-02-29,5.7500,5.7900,5.5400,5.5600,63187100,NIO,5.8035,5.8901,6.7740,6.4762,7.2513,7.2611,8.6930,8.5303
2024-03-01,5.7800,5.8400,5.6800,5.7300,40933100,NIO,5.8070,5.8797,6.7226,6.4489,7.2219,7.2318,8.6806,8.5029
2024-03-04,5.3300,5.6100,5.2500,5.5800,94275800,NIO,5.7965,5.8273,6.6528,6.4050,7.1918,7.1941,8.6677,8.4714
2024-03-05,5.4800,5.6200,4.7800,5.1700,94784600,NIO,5.8015,5.7942,6.6040,6.3688,7.1583,7.1602,8.6550,8.4416
2024-03-06,5.7700,5.8800,5.3800,5.3900,77698800,NIO,5.7885,5.7919,6.5536,6.3453,7.1263,7.1327,8.6447,8.4150
2024-03-07,5.7700,5.7900,5.4700,5.6700,46370300,NIO,5.7840,5.7898,6.5006,6.3227,7.0996,7.1057,8.6332,8.3887
2024-03-08,5.8000,5.9200,5.6600,5.7800,39080200,NIO,5.7830,5.7908,6.4300,6.3022,7.0729,7.0798,8.6183,8.3629
2024-03-11,6.1000,6.2300,5.8800,5.9200,64025300,NIO,5.7915,5.8202,6.3700,6.2943,7.0487,7.0604,8.6050,8.3404
2024-03-12,6.1900,6.3000,6.0900,6.1900,38392900,NIO,5.7970,5.8555,6.3052,6.2902,7.0253,7.0432,8.5964,8.3190
2024-03-13,5.9200,6.2700,5.9100,6.0800,42657900,NIO,5.8080,5.8616,6.2422,6.2757,7.0054,7.0209,8.5883,8.2952
2024-03-14,5.5800,5.8200,5.5400,5.8200,42679900,NIO,5.7870,5.8348,6.1854,6.2484,6.9843,6.9924,8.5777,8.2681
2024-03-15,5.5800,5.7600,5.5700,5.7100,33811100,NIO,5.7615,5.8105,6.1270,6.2222,6.9643,6.9644,8.5685,8.2414
2024-03-18,5.5400,5.8600,5.4800,5.8300,48581900,NIO,5.7315,5.7848,6.0724,6.1954,6.9438,6.9362,8.5586,8.2145
2024-03-19,5.1900,5.4900,5.1300,5.4900,77042900,NIO,5.6930,5.7281,6.0150,6.1560,6.9148,6.9017,8.5468,8.1844
2024-03-20,5.1000,5.1400,5.0400,5.1100,59385500,NIO,5.6495,5.6683,5.9584,6.1146,6.8898,6.8660,8.5345,8.1537
2024-03-21,5.0000,5.1000,4.9600,5.0600,46800100,NIO,5.6070,5.6046,5.9072,6.0709,6.8635,6.8290,8.5212,8.1223
2024-03-22,4.8900,4.9600,4.8000,4.9300,43658300,NIO,5.5815,5.5366,5.8568,6.0246,6.8380,6.7906,8.5062,8.0902
2024-03-25,4.9100,5.0900,4.8900,4.9200,56419400,NIO,5.5445,5.4769,5.8070,5.9809,6.8119,6.7534,8.4920,8.0585
2024-03-26,4.7800,4.9200,4.7700,4.9000,83744700,NIO,5.4945,5.4105,5.7592,5.9338,6.7867,6.7143,8.4769,8.0259
2024-03-27,4.6700,4.7300,4.4500,4.6300,85346500,NIO,5.4565,5.3400,5.7216,5.8842,6.7589,6.6738,8.4616,7.9925
2024-03-28,4.5000,4.7400,4.4800,4.6800,55938500,NIO,5.3940,5.2600,5.6856,5.8299,6.7260,6.6308,8.4421,7.9578
2024-04-01,4.6400,4.7500,4.5700,4.6300,42632700,NIO,5.3370,5.2010,5.6528,5.7833,6.6901,6.5914,8.4209,7.9248
2024-04-02,4.5400,4.5800,4.3800,4.4700,38932700,NIO,5.2975,5.1380,5.6224,5.7345,6.6558,6.5507,8.3983,7.8911
2024-04-03,4.4900,4.5100,4.3600,4.4600,33078500,NIO,5.2480,5.0763,5.5926,5.6857,6.6218,6.5099,8.3718,7.8572
2024-04-04,4.5000,4.7500,4.4900,4.5500,53856500,NIO,5.1845,5.0214,5.5584,5.6392,6.5876,6.4701,8.3473,7.8238
2024-04-05,4.3900,4.5800,4.3800,4.5000,43081000,NIO,5.1155,4.9613,5.5248,5.5902,6.5568,6.4289,8.3225,7.7897
2024-04-08,4.3700,4.5300,4.3700,4.4100,47453500,NIO,5.0440,4.9050,5.4914,5.5424,6.5281,6.3882,8.2990,7.7556
2024-04-09,4.7100,4.7900,4.4200,4.4300,76418900,NIO,4.9745,4.8864,5.4628,5.5097,6.5030,6.3549,8.2780,7.7253
2024-04-10,4.5900,4.6900,4.5400,4.5800,32568000,NIO,4.8945,4.8582,5.4318,5.4737,6.4731,6.3200,8.2588,7.6941
2024-04-11,4.4600,4.6100,4.4300,4.6000,39040200,NIO,4.8215,4.8202,5.4052,5.4339,6.4383,6.2832,8.2391,7.6620
2024-04-12,4.1100,4.3500,4.0900,4.3500,74932100,NIO,4.7480,4.7526,5.3750,5.3820,6.4054,6.2401,8.2129,7.6266
2024-04-15,3.8900,4.1900,3.8200,4.1900,70661300,NIO,4.6635,4.6705,5.3386,5.3235,6.3704,6.1936,8.1848,7.5894
2024-04-16,3.8100,3.9100,3.7100,3.7500,42222200,NIO,4.5770,4.5885,5.3040,5.2641,6.3305,6.1464,8.1569,7.5518
2024-04-17,3.9100,3.9600,3.8400,3.8700,38767000,NIO,4.5130,4.5239,5.2746,5.2110,6.2945,6.1021,8.1280,7.5156
2024-04-18,4.0000,4.0900,3.8500,3.9000,38392100,NIO,4.4580,4.4740,5.2340,5.1635,6.2598,6.0605,8.0978,7.4806
2024-04-19,3.8000,3.9200,3.7800,3.8600,35883800,NIO,4.3980,4.4098,5.1928,5.1101,6.2238,6.0157,8.0657,7.4440
2024-04-22,4.0000,4.0500,3.6100,3.6800,60179600,NIO,4.3535,4.3708,5.1564,5.0665,6.1919,5.9758,8.0379,7.4097
2024-04-23,4.0100,4.1300,3.9800,3.9900,41987800,NIO,4.3085,4.3364,5.1180,5.0251,6.1599,5.9369,8.0080,7.3759
2024-04-24,4.1500,4.2200,4.0500,4.1500,34562000,NIO,4.2770,4.3187,5.0794,4.9908,6.1296,5.9015,7.9749,7.3438
2024-04-25,4.1300,4.1700,4.0300,4.0500,25888400,NIO,4.2500,4.3007,5.0480,4.9570,6.0982,5.8664,7.9415,7.3118
2024-04-26,4.4900,4.5400,4.3900,4.4300,59264500,NIO,4.2495,4.3187,5.0178,4.9387,6.0716,5.8392,7.9081,7.2837
2024-04-29,4.6000,4.6800,4.4700,4.6700,56096000,NIO,4.2475,4.3455,4.9880,4.9254,6.0444,5.8146,7.8773,7.2570
2024-04-30,4.7200,4.7500,4.5100,4.7000,52936200,NIO,4.2565,4.3812,4.9596,4.9174,6.0173,5.7929,7.8482,7.2318
2024-05-01,5.2700,5.4400,4.7400,4.7600,147465600,NIO,4.2955,4.4658,4.9458,4.9312,5.9925,5.7826,7.8218,7.2123
2024-05-02,5.5900,5.6700,5.1700,5.6100,99532800,NIO,4.3500,4.5729,4.9382,4.9570,5.9735,5.7788,7.7976,7.1961
2024-05-03,5.5700,5.5800,5.3300,5.5300,54697700,NIO,4.4090,4.6679,4.9326,4.9811,5.9554,5.7746,7.7723,7.1799
2024-05-06,5.6900,6.0400,5.5700,5.7500,75633400,NIO,4.4750,4.7652,4.9384,5.0089,5.9355,5.7730,7.7491,7.1651
2024-05-07,5.5100,5.8300,5.4600,5.5400,43754100,NIO,4.5150,4.8361,4.9356,5.0285,5.9179,5.7678,7.7238,7.1487
2024-05-08,5.2200,5.2800,5.1100,5.2500,54908700,NIO,4.5465,4.8727,4.9244,5.0360,5.8958,5.7569,7.6912,7.1295
2024-05-09,5.3300,5.4100,5.2300,5.3700,34679700,NIO,4.5900,4.9162,4.9224,5.0476,5.8705,5.7485,7.6583,7.1116
2024-05-10,5.0700,5.3500,5.0300,5.2800,49019600,NIO,4.6380,4.9309,4.9088,5.0484,5.8414,5.7350,7.6178,7.0912
2024-05-13,5.4100,5.6600,5.1600,5.2000,76621100,NIO,4.7140,4.9765,4.9014,5.0626,5.8120,5.7286,7.5787,7.0745
2024-05-14,5.7900,5.8500,5.4600,5.5100,80661000,NIO,4.8130,5.0540,4.9106,5.0911,5.7817,5.7298,7.5339,7.0617
2024-05-15,5.3300,6.0500,5.2100,6.0000,112034600,NIO,4.8840,5.0803,4.9076,5.1005,5.7558,5.7219,7.4841,7.0445
2024-05-16,5.2600,5.4600,5.2200,5.3700,41788900,NIO,4.9470,5.0974,4.8974,5.1068,5.7255,5.7127,7.4372,7.0267
2024-05-17,5.2800,5.3900,5.0400,5.2800,58708400,NIO,5.0210,5.1148,4.8876,5.1136,5.6941,5.7042,7.3908,7.0094
2024-05-20,5.2200,5.3200,5.1000,5.2500,47706100,NIO,5.0820,5.1248,4.8760,5.1177,5.6530,5.6946,7.3396,6.9916
2024-05-21,5.2500,5.5400,5.1400,5.1900,75042200,NIO,5.1440,5.1367,4.8590,5.1229,5.6145,5.6858,7.2922,6.9742
2024-05-22,5.2400,5.3100,5.1400,5.2600,36743200,NIO,5.1985,5.1466,4.8400,5.1275,5.5726,5.6770,7.2443,6.9570
2024-05-23,4.8000,5.1300,4.7100,5.1200,79112800,NIO,5.2320,5.1136,4.8176,5.1147,5.5299,5.6596,7.1980,6.9355
2024-05-24,4.8300,4.9200,4.7700,4.8100,32325300,NIO,5.2490,5.0866,4.8026,5.1035,5.4940,5.6432,7.1548,6.9146
2024-05-28,4.9000,5.0100,4.8300,4.9700,46519700,NIO,5.2640,5.0688,4.7890,5.0955,5.4580,5.6284,7.1131,6.8945
2024-05-29,4.9300,5.0000,4.8100,4.8300,37706200,NIO,5.2745,5.0556,4.7768,5.0890,5.4246,5.6146,7.0732,6.8750
2024-05-30,5.4000,5.4400,4.9300,4.9500,69066000,NIO,5.2810,5.0884,4.7810,5.1012,5.3980,5.6104,7.0376,6.8603
2024-05-31,5.3900,5.5200,5.2600,5.2700,63176600,NIO,5.2710,5.1171,4.7868,5.1126,5.3726,5.6060,7.0054,6.8457
2024-06-03,5.3400,5.6300,5.2100,5.5400,53566700,NIO,5.2595,5.1383,4.7936,5.1215,5.3504,5.6007,6.9751,6.8307
2024-06-04,5.2100,5.3700,5.2000,5.3100,29404500,NIO,5.2355,5.1452,4.8000,5.1249,5.3284,5.5930,6.9437,6.8146
2024-06-05,5.2700,5.3500,5.1500,5.3300,49656100,NIO,5.2235,5.1570,4.8072,5.1306,5.3071,5.5866,6.9167,6.7992
2024-06-06,4.9100,5.0000,4.7400,4.9500,84453800,NIO,5.2080,5.1335,4.8098,5.1220,5.2845,5.5732,6.8865,6.7804
2024-06-07,4.8300,4.9600,4.8000,4.8200,34658600,NIO,5.1830,5.1046,4.8130,5.1105,5.2673,5.5585,6.8567,6.7610
2024-06-10,4.7200,4.8500,4.6700,4.8200,38220900,NIO,5.1655,5.0680,4.8174,5.0952,5.2515,5.5419,6.8261,6.7407
2024-06-11,4.4600,4.8000,4.3500,4.7900,66199200,NIO,5.1180,5.0101,4.8138,5.0703,5.2333,5.5205,6.7952,6.7180
2024-06-12,4.4500,4.6300,4.3100,4.4700,62311400,NIO,5.0510,4.9567,4.8120,5.0460,5.2172,5.4993,6.7633,6.6954
2024-06-13,4.4100,4.6100,4.4000,4.4700,27306300,NIO,5.0050,4.9047,4.8104,5.0210,5.2015,5.4777,6.7302,6.6727
2024-06-14,4.3300,4.3800,4.2900,4.3600,23557000,NIO,4.9585,4.8499,4.8070,4.9939,5.1827,5.4550,6.6974,6.6494
2024-06-17,4.4300,4.4800,4.2400,4.3200,31751400,NIO,4.9160,4.8099,4.8078,4.9718,5.1663,5.4347,6.6662,6.6273
2024-06-18,4.4300,4.4700,4.3200,4.3600,28884900,NIO,4.8765,4.7738,4.8090,4.9506,5.1502,5.4148,6.6370,6.6054
2024-06-20,4.3300,4.4500,4.2500,4.3700,28737200,NIO,4.8305,4.7315,4.8014,4.9262,5.1321,5.3933,6.6036,6.5828
2024-06-21,4.3000,4.3500,4.2400,4.3100,21725100,NIO,4.7835,4.6904,4.7956,4.9017,5.1137,5.3716,6.5711,6.5601
2024-06-24,4.4400,4.5300,4.2900,4.3000,28749700,NIO,4.7655,4.6666,4.7952,4.8836,5.1002,5.3532,6.5404,6.5390
2024-06-25,4.3700,4.4300,4.3200,4.4000,22851100,NIO,4.7425,4.6383,4.8004,4.8634,5.0877,5.3337,6.5118,6.5174
2024-06-26,4.6400,4.6800,4.3400,4.3800,53248100,NIO,4.7295,4.6385,4.8154,4.8547,5.0770,5.3200,6.4848,6.4987
2024-06-27,4.3900,4.5800,4.3700,4.5700,37306100,NIO,4.7025,4.6148,4.8270,4.8365,5.0655,5.3016,6.4551,6.4777
2024-06-28,4.1600,4.3600,4.1400,4.3500,47669500,NIO,4.6405,4.5715,4.8320,4.8099,5.0533,5.2790,6.4231,6.4547
2024-07-01,4.4400,4.5100,4.2500,4.3500,55633200,NIO,4.5930,4.5590,4.8408,4.7954,5.0374,5.2624,6.3949,6.4346
2024-07-02,4.5300,4.5400,4.3800,4.4500,35412300,NIO,4.5525,4.5562,4.8554,4.7850,5.0241,5.2479,6.3657,6.4157
2024-07-03,4.8700,5.0400,4.5900,4.5900,72459800,NIO,4.5355,4.5861,4.8728,4.7883,5.0146,5.2404,6.3379,6.4003
2024-07-05,4.6200,4.7500,4.4100,4.7200,61604000,NIO,4.5030,4.5893,4.8850,4.7817,5.0015,5.2281,6.3094,6.3826
2024-07-08,4.4600,4.6100,4.4400,4.5400,39272500,NIO,4.4805,4.5770,4.8912,4.7691,4.9853,5.2129,6.2890,6.3634
2024-07-09,4.5000,4.5400,4.4200,4.4700,26805400,NIO,4.4640,4.5697,4.8986,4.7586,4.9733,5.1988,6.2674,6.3449
2024-07-10,4.6200,4.7700,4.5000,4.5100,43456600,NIO,4.4590,4.5745,4.9012,4.7531,4.9595,5.1873,6.2482,6.3277
2024-07-11,4.6800,4.8000,4.6000,4.7900,56422800,NIO,4.4700,4.5845,4.9028,4.7503,4.9454,5.1773,6.2290,6.3113
2024-07-12,4.8700,4.9200,4.7000,4.7100,51797700,NIO,4.4910,4.6117,4.9058,4.7550,4.9327,5.1712,6.2116,6.2970
2024-07-15,4.6300,4.8100,4.5300,4.8100,58503300,NIO,4.5020,4.6134,4.8930,4.7501,4.9194,5.1605,6.1927,6.2804
2024-07-16,4.9000,4.9200,4.6200,4.6200,50004800,NIO,4.5305,4.6407,4.8792,4.7559,4.9087,5.1553,6.1749,6.2667
2024-07-17,4.5900,4.8700,4.5500,4.8300,54980500,NIO,4.5385,4.6359,4.8596,4.7494,4.8961,5.1441,6.1533,6.2500
2024-07-18,4.5400,4.7100,4.5100,4.6300,36332700,NIO,4.5440,4.6268,4.8366,4.7412,4.8875,5.1321,6.1308,6.2330
2024-07-19,4.4600,4.5100,4.4100,4.5100,22403600,NIO,4.5505,4.6109,4.8156,4.7302,4.8756,5.1188,6.1091,6.2153
2024-07-22,4.6900,4.7000,4.5800,4.6300,34131500,NIO,4.5700,4.6184,4.8050,4.7286,4.8647,5.1103,6.0895,6.2002
2024-07-23,4.4800,4.6000,4.4700,4.5800,37498700,NIO,4.5720,4.6052,4.7880,4.7189,4.8552,5.0979,6.0678,6.1830
2024-07-24,4.3000,4.4200,4.2600,4.3900,43266700,NIO,4.5685,4.5762,4.7726,4.7024,4.8407,5.0821,6.0460,6.1643
2024-07-25,4.2700,4.4400,4.2700,4.3900,40111300,NIO,4.5500,4.5470,4.7498,4.6855,4.8256,5.0660,6.0237,6.1455
2024-07-26,4.4300,4.4300,4.2400,4.3100,32103400,NIO,4.5520,4.5359,4.7226,4.6755,4.8166,5.0534,6.0042,6.1284
2024-07-29,4.3900,4.4700,4.3000,4.4400,33918300,NIO,4.5635,4.5220,4.7038,4.6643,4.8057,5.0402,5.9820,6.1111
2024-07-30,4.4200,4.4400,4.3100,4.3400,41983800,NIO,4.5625,4.5123,4.6870,4.6547,4.7922,5.0280,5.9592,6.0943
2024-07-31,4.4400,4.6200,4.4300,4.5000,33546800,NIO,4.5580,4.5054,4.6702,4.6463,4.7789,5.0163,5.9392,6.0778
2024-08-01,4.0600,4.4500,3.9900,4.4500,88261500,NIO,4.5175,4.4630,4.6470,4.6233,4.7615,4.9974,5.9172,6.0577
2024-08-02,4.0500,4.2500,3.9300,3.9500,39936800,NIO,4.4890,4.4236,4.6230,4.6008,4.7410,4.9786,5.8948,6.0377
2024-08-05,3.8900,3.9700,3.6600,3.7400,53237000,NIO,4.4605,4.3728,4.5960,4.5729,4.7180,4.9571,5.8716,6.0164
2024-08-06,3.7700,3.9200,3.7600,3.9000,37777500,NIO,4.4240,4.3154,4.5754,4.5414,4.6965,4.9336,5.8509,5.9940
2024-08-07,3.6700,3.9100,3.6700,3.8100,33486300,NIO,4.3765,4.2539,4.5522,4.5073,4.6774,4.9085,5.8308,5.9709
2024-08-08,3.8200,3.8900,3.6300,3.7300,35671000,NIO,4.3335,4.2126,4.5306,4.4803,4.6598,4.8870,5.8120,5.9495
2024-08-09,3.7800,3.8900,3.7500,3.8000,25866100,NIO,4.2790,4.1714,4.5076,4.4528,4.6422,4.8651,5.7930,5.9279
2024-08-12,3.7600,3.8300,3.7400,3.8000,20645500,NIO,4.2355,4.1322,4.4748,4.4257,4.6279,4.8432,5.7713,5.9063
2024-08-13,3.8900,3.9100,3.7600,3.7700,29584600,NIO,4.1850,4.1092,4.4448,4.4047,4.6158,4.8243,5.7528,5.8863
2024-08-14,3.7200,3.9300,3.7100,3.9200,37694800,NIO,4.1415,4.0721,4.4124,4.3778,4.6030,4.8024,5.7332,5.8647
2024-08-15,3.8300,3.8700,3.7800,3.7900,28523100,NIO,4.1060,4.0490,4.3848,4.3563,4.5924,4.7832,5.7152,5.8445
2024-08-16,3.9500,3.9800,3.8300,3.8400,28728700,NIO,4.0805,4.0396,4.3584,4.3404,4.5828,4.7667,5.6973,5.8256
2024-08-19,4.0700,4.1100,4.0300,4.0300,23455100,NIO,4.0495,4.0425,4.3416,4.3298,4.5757,4.7529,5.6812,5.8082
2024-08-20,3.8500,4.1700,3.8300,4.1200,43921600,NIO,4.0180,4.0242,4.3220,4.3110,4.5675,4.7350,5.6632,5.7887
2024-08-21,3.9900,4.0000,3.8300,3.9300,25739200,NIO,4.0025,4.0209,4.3074,4.2984,4.5624,4.7203,5.6442,5.7708
2024-08-22,3.9900,4.0500,3.9200,4.0100,25826800,NIO,3.9885,4.0180,4.2980,4.2863,4.5559,4.7058,5.6230,5.7531
2024-08-23,4.0800,4.1300,3.9900,4.0300,25913400,NIO,3.9710,4.0239,4.2906,4.2782,4.5513,4.6934,5.6036,5.7364
2024-08-26,4.0300,4.1000,3.9800,4.0600,25776200,NIO,3.9530,4.0245,4.2830,4.2685,4.5467,4.6803,5.5843,5.7194
2024-08-27,4.0000,4.1000,3.9600,4.0800,24654700,NIO,3.9320,4.0221,4.2764,4.2579,4.5417,4.6668,5.5647,5.7023
2024-08-28,3.7000,4.0000,3.6800,3.9600,62882000,NIO,3.8950,3.9915,4.2618,4.2361,4.5348,4.6477,5.5458,5.6824
2024-08-29,3.9400,3.9700,3.7600,3.8300,45246800,NIO,3.8890,3.9866,4.2520,4.2245,4.5305,4.6336,5.5293,5.6651
2024-08-30,4.0400,4.2100,4.0000,4.1900,65991100,NIO,3.8885,3.9916,4.2462,4.2172,4.5238,4.6219,5.5134,5.6489
2024-09-03,4.1500,4.1800,3.9600,3.9800,52928200,NIO,3.9015,4.0067,4.2432,4.2146,4.5194,4.6125,5.4963,5.6340
2024-09-04,4.2400,4.2900,4.1800,4.2300,49161900,NIO,3.9250,4.0289,4.2392,4.2156,4.5172,4.6052,5.4778,5.6201
2024-09-05,4.8500,4.8500,4.2700,4.4100,110271900,NIO,3.9840,4.1071,4.2488,4.2405,4.5246,4.6100,5.4650,5.6124
2024-09-06,5.0200,5.1800,4.9000,4.9400,105245000,NIO,4.0440,4.1941,4.2564,4.2710,4.5359,4.6181,5.4532,5.6065
2024-09-09,5.5700,5.6100,4.7600,4.8800,125459100,NIO,4.1335,4.3251,4.2800,4.3220,4.5535,4.6370,5.4420,5.6062
2024-09-10,5.4800,5.5000,5.3200,5.4300,58595000,NIO,4.2195,4.4351,4.3064,4.3674,4.5692,4.6537,5.4319,5.6049
2024-09-11,5.6000,5.6600,5.4300,5.5100,51390500,NIO,4.3050,4.5460,4.3296,4.4157,4.5852,4.6724,5.4225,5.6049
2024-09-12,5.2800,5.5400,5.1000,5.5400,70949400,NIO,4.3830,4.6159,4.3446,4.4496,4.6000,4.6844,5.4119,5.6016
2024-09-13,5.5500,5.5700,5.1900,5.2200,64294400,NIO,4.4690,4.7049,4.3582,4.4928,4.6155,4.7016,5.4037,5.6011
2024-09-16,5.4000,5.5500,5.3800,5.5400,37580100,NIO,4.5415,4.7711,4.3738,4.5283,4.6294,4.7154,5.3947,5.5991
2024-09-17,5.4100,5.7000,5.4000,5.4500,41732900,NIO,4.6085,4.8320,4.3928,4.5629,4.6420,4.7292,5.3858,5.5972
2024-09-18,5.0200,5.4800,5.0100,5.4500,65049700,NIO,4.6670,4.8499,4.4032,4.5808,4.6509,4.7349,5.3746,5.5915
2024-09-19,5.4000,5.4000,4.9700,5.2500,93014300,NIO,4.7375,4.9023,4.4188,4.6130,4.6600,4.7481,5.3658,5.5896
2024-09-20,5.2800,5.5400,5.2100,5.3400,53489100,NIO,4.8020,4.9382,4.4308,4.6391,4.6668,4.7586,5.3556,5.5865
2024-09-23,5.3200,5.5600,5.0500,5.2000,66291800,NIO,4.8640,4.9746,4.4398,4.6658,4.6728,4.7697,5.3451,5.5839
2024-09-24,5.9400,5.9600,5.6100,5.7600,116346100,NIO,4.9595,5.0665,4.4660,4.7158,4.6795,4.7929,5.3360,5.5874
2024-09-25,5.6500,5.8400,5.5700,5.7000,72687400,NIO,5.0420,5.1221,4.4810,4.7524,4.6801,4.8099,5.3268,5.5880
2024-09-26,5.7800,6.2000,5.7000,6.0000,139473600,NIO,5.1460,5.1848,4.5048,4.7927,4.6822,4.8291,5.3188,5.5899
2024-09-27,6.5200,6.6600,5.9900,6.0100,180982100,NIO,5.2750,5.3119,4.5444,4.8605,4.6905,4.8626,5.3130,5.5992
2024-09-30,6.6800,7.7100,6.6600,7.7000,213140800,NIO,5.4070,5.4422,4.5888,4.9318,4.7022,4.8986,5.3101,5.6100
2024-10-01,7.0300,7.0800,6.4400,6.9000,146968900,NIO,5.5510,5.5934,4.6356,5.0141,4.7203,4.9408,5.3081,5.6241
2024-10-02,7.2100,7.3800,6.8200,7.2400,135598100,NIO,5.6995,5.7474,4.6902,5.1002,4.7391,4.9857,5.3048,5.6399
2024-10-03,6.7000,6.9900,6.6700,6.8600,99136000,NIO,5.7920,5.8381,4.7382,5.1630,4.7554,5.0197,5.2984,5.6504
2024-10-04,6.7700,6.8000,6.4000,6.7200,91621900,NIO,5.8795,5.9269,4.7882,5.2260,4.7690,5.0543,5.2905,5.6616
2024-10-07,6.7900,6.9300,6.5600,6.8100,78405000,NIO,5.9405,6.0091,4.8354,5.2873,4.7790,5.0887,5.2804,5.6728
2024-10-08,6.2400,6.4000,6.1100,6.2600,82359200,NIO,5.9785,6.0311,4.8724,5.3247,4.7881,5.1115,5.2720,5.6784
2024-10-09,6.2900,6.4500,5.9800,6.0800,70071100,NIO,6.0130,6.0557,4.9098,5.3625,4.7984,5.1348,5.2620,5.6845
2024-10-10,6.2200,6.3500,6.1300,6.2300,47902300,NIO,6.0600,6.0714,4.9454,5.3962,4.8078,5.1563,5.2510,5.6898
2024-10-11,6.2400,6.3000,6.0300,6.0600,42897900,NIO,6.0945,6.0874,4.9890,5.4292,4.8180,5.1778,5.2355,5.6953
2024-10-14,5.7900,6.1800,5.7600,6.0600,80930100,NIO,6.1140,6.0591,5.0238,5.4434,4.8234,5.1899,5.2190,5.6963
2024-10-15,5.6200,5.8100,5.5500,5.6100,67585800,NIO,6.1245,6.0173,5.0584,5.4503,4.8272,5.1984,5.1999,5.6955
2024-10-16,5.5100,5.6900,5.4800,5.6600,46932600,NIO,6.1490,5.9690,5.0932,5.4527,4.8343,5.2046,5.1821,5.6936
2024-10-17,5.1500,5.3600,5.0500,5.3600,74651600,NIO,6.1365,5.8910,5.1228,5.4408,4.8375,5.2035,5.1658,5.6882
2024-10-18,5.2200,5.4900,5.1800,5.4600,66972500,NIO,6.1335,5.8271,5.1508,5.4321,4.8407,5.2038,5.1494,5.6836
2024-10-21,5.1400,5.2700,5.0500,5.0900,35255300,NIO,6.1245,5.7616,5.1780,5.4207,4.8428,5.2026,5.1337,5.6782
2024-10-22,5.2300,5.3500,5.1500,5.1600,38285800,NIO,6.0890,5.7110,5.2074,5.4132,4.8411,5.2031,5.1195,5.6737
2024-10-23,5.1900,5.2900,5.1500,5.2200,36170900,NIO,6.0660,5.6614,5.2334,5.4044,4.8391,5.2028,5.1058,5.6689
2024-10-24,4.9800,5.1600,4.9600,5.1500,49328700,NIO,6.0260,5.5965,5.2586,5.3878,4.8355,5.1984,5.0929,5.6620
2024-10-25,5.2600,5.3500,5.0100,5.0600,67917100,NIO,5.9630,5.5644,5.2872,5.3828,4.8360,5.1997,5.0822,5.6580
2024-10-28,5.8100,6.0300,5.3700,5.3800,109992400,NIO,5.9195,5.5878,5.3244,5.3995,4.8414,5.2117,5.0743,5.6596
2024-10-29,5.6000,5.9100,5.5900,5.9000,64407100,NIO,5.8480,5.5890,5.3550,5.4074,4.8483,5.2194,5.0664,5.6590
2024-10-30,5.3500,5.4400,5.3000,5.4400,57415100,NIO,5.7550,5.5662,5.3850,5.4051,4.8535,5.2220,5.0604,5.6559
2024-10-31,5.1000,5.3100,5.0500,5.3000,50277400,NIO,5.6750,5.5218,5.4072,5.3932,4.8573,5.2196,5.0544,5.6504
2024-11-01,5.1000,5.1900,5.0000,5.1400,43951800,NIO,5.5915,5.4817,5.4294,5.3817,4.8637,5.2172,5.0485,5.6449
2024-11-04,5.1400,5.3000,5.1200,5.1300,36745800,NIO,5.5090,5.4491,5.4506,5.3722,4.8706,5.2157,5.0439,5.6399
2024-11-05,5.2800,5.3800,5.2200,5.2800,32012100,NIO,5.4610,5.4330,5.4756,5.3686,4.8793,5.2170,5.0404,5.6363
2024-11-06,5.0000,5.1800,4.8600,5.0000,81290900,NIO,5.3965,5.3918,5.4956,5.3541,4.8860,5.2127,5.0343,5.6299
2024-11-07,5.3100,5.3500,5.1300,5.2300,56496100,NIO,5.3510,5.3840,5.5278,5.3524,4.8948,5.2146,5.0305,5.6268
2024-11-08,5.0900,5.2000,5.0100,5.1600,57885300,NIO,5.2935,5.3560,5.5508,5.3421,4.9014,5.2121,5.0258,5.6214
2024-11-11,5.0600,5.2300,5.0000,5.1800,51270600,NIO,5.2570,5.3278,5.5712,5.3311,4.9087,5.2091,5.0204,5.6158
2024-11-12,4.5800,4.8800,4.5800,4.8800,86695700,NIO,5.2050,5.2566,5.5798,5.3016,4.9115,5.1967,5.0126,5.6055
2024-11-13,4.6100,4.6900,4.5600,4.6600,45111300,NIO,5.1600,5.1950,5.5872,5.2745,4.9132,5.1850,5.0067,5.5956
2024-11-14,4.4300,4.6500,4.4300,4.5700,39880900,NIO,5.1240,5.1221,5.5788,5.2414,4.9138,5.1701,5.0007,5.5840
2024-11-15,4.4900,4.5100,4.3600,4.4400,46287400,NIO,5.0875,5.0619,5.5682,5.2119,4.9123,5.1566,4.9946,5.5731
2024-11-18,4.6700,4.7500,4.5500,4.6100,47677800,NIO,5.0640,5.0246,5.5502,5.1906,4.9151,5.1470,4.9903,5.5642
2024-11-19,4.6300,4.7500,4.4800,4.7500,81563500,NIO,5.0340,4.9870,5.5332,5.1687,4.9198,5.1368,4.9865,5.5549
2024-11-20,4.6500,4.8400,4.3100,4.4100,92292300,NIO,5.0070,4.9549,5.5142,5.1483,4.9219,5.1271,4.9796,5.5459
2024-11-21,4.7000,4.8100,4.5000,4.5800,54962300,NIO,4.9930,4.9307,5.5026,5.1307,4.9236,5.1187,4.9738,5.5374
2024-11-22,4.8400,4.9200,4.5900,4.6000,66538400,NIO,4.9720,4.9220,5.4884,5.1193,4.9233,5.1131,4.9689,5.5305
2024-11-25,4.6700,4.8600,4.6400,4.7900,54234900,NIO,4.9150,4.8980,5.4738,5.1017,4.9238,5.1044,4.9626,5.5219
2024-11-26,4.3100,4.6100,4.3100,4.6000,71245200,NIO,4.8505,4.8420,5.4518,5.0707,4.9223,5.0886,4.9538,5.5099
2024-11-27,4.3800,4.4500,4.2800,4.4400,45474500,NIO,4.8020,4.7980,5.4390,5.0436,4.9211,5.0746,4.9472,5.4986
2024-11-29,4.4800,4.5300,4.3600,4.3800,29218200,NIO,4.7710,4.7677,5.4206,5.0215,4.9197,5.0628,4.9396,5.4885
2024-12-02,4.4000,4.6100,4.3600,4.4900,40711200,NIO,4.7360,4.7327,5.4030,4.9971,4.9169,5.0497,4.9311,5.4777
2024-12-03,4.6400,4.8300,4.4000,4.4100,79059800,NIO,4.7110,4.7239,5.3894,4.9831,4.9146,5.0416,4.9236,5.4693
2024-12-04,4.6000,4.7400,4.5200,4.6700,47932700,NIO,4.6770,4.7121,5.3626,4.9681,4.9143,5.0328,4.9168,5.4607
2024-12-05,4.6100,4.7700,4.6000,4.6500,86599500,NIO,4.6575,4.7024,5.3418,4.9540,4.9114,5.0245,4.9100,5.4522
2024-12-06,4.6100,4.7100,4.5600,4.7000,44028300,NIO,4.6225,4.6936,5.3184,4.9405,4.9116,5.0163,4.9038,5.4438
2024-12-09,5.1800,5.3600,4.9300,4.9400,123185700,NIO,4.6270,4.7399,5.2916,4.9499,4.9180,5.0195,4.9027,5.4412
2024-12-10,4.7700,5.0200,4.7500,4.9500,64769700,NIO,4.6125,4.7428,5.2534,4.9429,4.9211,5.0146,4.8983,5.4345
2024-12-11,4.6700,4.8000,4.5700,4.7800,55104400,NIO,4.6170,4.7358,5.2062,4.9322,4.9209,5.0077,4.8928,5.4269
2024-12-12,4.5900,4.6500,4.4900,4.6000,47028900,NIO,4.6160,4.7219,5.1538,4.9188,4.9220,4.9995,4.8886,5.4186
2024-12-13,4.5100,4.5500,4.4500,4.5300,31903300,NIO,4.6200,4.7018,5.1100,4.9027,4.9241,4.9898,4.8824,5.4096
2024-12-16,4.4200,4.5700,4.4000,4.4700,36537700,NIO,4.6165,4.6749,5.0630,4.8838,4.9256,4.9785,4.8756,5.3997
2024-12-17,4.5400,4.6200,4.3900,4.4000,39286600,NIO,4.6100,4.6621,5.0180,4.8703,4.9267,4.9698,4.8716,5.3912
2024-12-18,4.3200,4.5700,4.2800,4.5500,45533900,NIO,4.5945,4.6295,4.9796,4.8487,4.9260,4.9569,4.8658,5.3805
2024-12-19,4.4000,4.5100,4.3700,4.4000,27936400,NIO,4.5820,4.6076,4.9418,4.8311,4.9258,4.9459,4.8590,5.3707
2024-12-20,4.5400,4.6100,4.4200,4.4800,36765600,NIO,4.5740,4.6012,4.9082,4.8197,4.9268,4.9379,4.8528,5.3625
2024-12-23,4.4800,4.5500,4.4700,4.5000,32756000,NIO,4.5560,4.5897,4.8730,4.8064,4.9310,4.9288,4.8462,5.3537
2024-12-24,4.6200,4.6800,4.5100,4.5100,24244400,NIO,4.5535,4.5925,4.8496,4.7991,4.9367,4.9227,4.8388,5.3464
2024-12-26,4.6900,4.8300,4.6100,4.6300,33687400,NIO,4.5725,4.6018,4.8310,4.7948,4.9447,4.9181,4.8313,5.3399
2024-12-27,4.4800,4.6500,4.4800,4.6400,41203600,NIO,4.5775,4.5902,4.8104,4.7825,4.9518,4.9094,4.8241,5.3313
2024-12-30,4.3800,4.4700,4.3300,4.4300,36562600,NIO,4.5725,4.5702,4.7950,4.7667,4.9589,4.8989,4.8181,5.3218
2024-12-31,4.3600,4.5600,4.3500,4.4300,39899700,NIO,4.5705,4.5502,4.7778,4.7507,4.9643,4.8883,4.8121,5.3123
2025-01-02,4.5500,4.7300,4.3600,4.4200,63007700,NIO,4.5660,4.5502,4.7660,4.7429,4.9720,4.8816,4.8071,5.3047
2025-01-03,4.6300,4.6600,4.4600,4.5200,35597900,NIO,4.5675,4.5578,4.7540,4.7384,4.9807,4.8766,4.8043,5.2980
2025-01-06,4.7100,4.9100,4.6700,4.7600,53340700,NIO,4.5725,4.5723,4.7444,4.7373,4.9889,4.8733,4.8024,5.2921
2025-01-07,4.5100,4.6800,4.4500,4.6300,61962000,NIO,4.5675,4.5663,4.7350,4.7284,4.9968,4.8661,4.7999,5.2843
2025-01-08,4.3200,4.4100,4.2600,4.4000,49570100,NIO,4.5245,4.5429,4.7162,4.7124,5.0017,4.8553,4.7971,5.2747
2025-01-10,4.1700,4.2700,4.1600,4.2500,41829000,NIO,4.4945,4.5074,4.6834,4.6911,5.0039,4.8417,4.7934,5.2638
2025-01-13,4.0600,4.1200,4.0100,4.1200,36105400,NIO,4.4640,4.4648,4.6526,4.6664,5.0038,4.8262,4.7898,5.2518
2025-01-14,4.0800,4.2000,4.0200,4.1400,32476600,NIO,4.4385,4.4281,4.6272,4.6434,5.0061,4.8114,4.7868,5.2401
2025-01-15,4.1000,4.1400,4.0200,4.1100,32661000,NIO,4.4180,4.3969,4.6072,4.6221,5.0072,4.7974,4.7848,5.2288
2025-01-16,4.1600,4.2000,4.0800,4.1000,28870100,NIO,4.4050,4.3743,4.5884,4.6039,5.0089,4.7847,4.7824,5.2181
2025-01-17,4.3600,4.4200,4.1900,4.2100,50447600,NIO,4.3960,4.3729,4.5728,4.5944,5.0117,4.7763,4.7815,5.2096
2025-01-21,4.1800,4.3800,4.1700,4.3500,38457500,NIO,4.3890,4.3546,4.5508,4.5781,5.0132,4.7645,4.7800,5.1994
2025-01-22,4.2800,4.3600,4.1300,4.1700,39859000,NIO,4.3830,4.3475,4.5364,4.5664,5.0160,4.7549,4.7789,5.1902
2025-01-23,4.1300,4.2200,4.0900,4.2200,33088000,NIO,4.3625,4.3268,4.5128,4.5493,5.0203,4.7426,4.7776,5.1797
2025-01-24,4.2900,4.3500,4.1400,4.1900,40544500,NIO,4.3530,4.3233,4.4968,4.5392,5.0238,4.7336,4.7772,5.1708
2025-01-27,4.2700,4.4200,4.2500,4.3200,51189500,NIO,4.3355,4.3182,4.4810,4.5286,5.0261,4.7244,4.7750,5.1618
2025-01-28,4.3200,4.3300,4.1700,4.2700,37121700,NIO,4.3170,4.3184,4.4758,4.5204,5.0278,4.7164,4.7736,5.1535
2025-01-29,4.2200,4.3500,4.2200,4.3200,24440700,NIO,4.3040,4.3090,4.4680,4.5086,5.0276,4.7066,4.7724,5.1442
2025-01-30,4.4400,4.4700,4.2700,4.2700,49084900,NIO,4.3070,4.3215,4.4682,4.5059,5.0235,4.7013,4.7741,5.1372
2025-01-31,4.3200,4.5000,4.3000,4.4300,37278300,NIO,4.3050,4.3213,4.4648,4.4987,5.0165,4.6937,4.7762,5.1290
2025-02-03,4.2800,4.3900,4.1100,4.1700,63162700,NIO,4.2915,4.3174,4.4570,4.4901,5.0036,4.6856,4.7786,5.1206
2025-02-04,4.3900,4.5000,4.3600,4.3700,44232100,NIO,4.2795,4.3243,4.4522,4.4862,4.9927,4.6797,4.7810,5.1133
2025-02-05,4.2000,4.2900,4.1800,4.2600,35838100,NIO,4.2540,4.3125,4.4432,4.4749,4.9787,4.6702,4.7820,5.1042
2025-02-06,4.2000,4.3000,4.1600,4.2400,31997700,NIO,4.2385,4.3018,4.4332,4.4642,4.9679,4.6609,4.7840,5.0952
2025-02-07,4.2400,4.3300,4.1900,4.2800,37198200,NIO,4.2345,4.2959,4.4212,4.4554,4.9548,4.6526,4.7852,5.0867
2025-02-10,4.3300,4.3500,4.2400,4.3200,28705400,NIO,4.2425,4.2991,4.4144,4.4504,4.9441,4.6462,4.7868,5.0792
2025-02-11,4.0400,4.2100,4.0300,4.2100,69228700,NIO,4.2415,4.2744,4.4090,4.4343,4.9304,4.6342,4.7862,5.0689
2025-02-12,4.2100,4.2200,4.0500,4.0800,73192500,NIO,4.2480,4.2683,4.4056,4.4256,4.9223,4.6258,4.7866,5.0603
2025-02-13,4.2600,4.2900,4.1600,4.1700,51756300,NIO,4.2560,4.2675,4.4012,4.4191,4.9109,4.6185,4.7855,5.0523
2025-02-14,4.4400,4.5500,4.3200,4.3500,54299000,NIO,4.2700,4.2839,4.4020,4.4199,4.9025,4.6150,4.7847,5.0463
2025-02-18,4.3600,4.5000,4.3500,4.4900,43222800,NIO,4.2700,4.2912,4.3964,4.4175,4.8929,4.6099,4.7829,5.0394
2025-02-19,4.3900,4.5200,4.3700,4.4000,74651800,NIO,4.2805,4.3006,4.3922,4.4165,4.8774,4.6056,4.7785,5.0330
2025-02-20,4.3700,4.5200,4.3000,4.4500,39236400,NIO,4.2850,4.3072,4.3874,4.4146,4.8646,4.6009,4.7724,5.0264
2025-02-21,4.4400,4.6900,4.4200,4.4700,101148600,NIO,4.3005,4.3199,4.3840,4.4156,4.8512,4.5977,4.7667,5.0205
2025-02-24,4.3600,4.4600,4.3500,4.4400,37454200,NIO,4.3040,4.3237,4.3676,4.4134,4.8296,4.5930,4.7601,5.0140
2025-02-25,4.2700,4.5000,4.2500,4.4600,49948700,NIO,4.3040,4.3186,4.3576,4.4078,4.8055,4.5866,4.7539,5.0066
2025-02-26,4.7200,4.7600,4.3700,4.3800,121284300,NIO,4.3240,4.3568,4.3586,4.4201,4.7824,4.5893,4.7514,5.0037
2025-02-27,4.7900,5.1300,4.6400,4.6700,134805400,NIO,4.3525,4.3981,4.3626,4.4346,4.7582,4.5932,4.7487,5.0016
2025-02-28,4.6300,4.6700,4.4300,4.5500,60898600,NIO,4.3620,4.4201,4.3650,4.4422,4.7375,4.5940,4.7465,4.9979
2025-03-03,4.2300,4.5600,4.2000,4.4900,80304000,NIO,4.3575,4.4020,4.3612,4.4339,4.7121,4.5868,4.7406,4.9902
2025-03-04,4.2200,4.3000,4.1000,4.1800,41666800,NIO,4.3545,4.3847,4.3548,4.4255,4.6864,4.5795,4.7327,4.9826
2025-03-05,4.3500,4.4200,4.2700,4.3200,48201100,NIO,4.3525,4.3814,4.3554,4.4226,4.6675,4.5750,4.7278,4.9763
2025-03-06,4.2400,4.3800,4.2100,4.3300,44428700,NIO,4.3545,4.3679,4.3522,4.4154,4.6470,4.5683,4.7227,4.9690
2025-03-07,4.4700,4.4900,4.2500,4.2700,45986500,NIO,4.3680,4.3776,4.3508,4.4175,4.6295,4.5664,4.7186,4.9640
2025-03-10,4.4600,4.6800,4.3900,4.3900,66742300,NIO,4.3790,4.3855,4.3504,4.4192,4.6117,4.5643,4.7148,4.9590
2025-03-11,5.2200,5.3300,4.7200,4.7500,162169100,NIO,4.4235,4.4650,4.3624,4.4506,4.6060,4.5773,4.7147,4.9616
2025-03-12,5.1000,5.4900,5.0400,5.0600,87317700,NIO,4.4765,4.5254,4.3706,4.4761,4.6008,4.5876,4.7140,4.9630
2025-03-13,4.7300,5.0100,4.6500,5.0000,64247000,NIO,4.5025,4.5449,4.3756,4.4860,4.5930,4.5904,4.7136,4.9606
2025-03-14,4.9000,5.0600,4.8300,4.8600,53620000,NIO,4.5345,4.5787,4.3860,4.5023,4.5905,4.5966,4.7140,4.9600
2025-03-17,5.0300,5.0600,4.8600,4.9000,38063500,NIO,4.5640,4.6217,4.3994,4.5230,4.5886,4.6051,4.7146,4.9607
2025-03-18,5.1900,5.3300,5.0600,5.2800,79321100,NIO,4.6055,4.6758,4.4122,4.5491,4.5891,4.6167,4.7160,4.9630
2025-03-19,5.1700,5.2500,5.1000,5.2000,38703300,NIO,4.6445,4.7229,4.4230,4.5735,4.5885,4.6277,4.7148,4.9651
2025-03-20,4.7100,4.9800,4.7000,4.9800,79242700,NIO,4.6615,4.7217,4.4230,4.5788,4.5837,4.6293,4.7114,4.9625
2025-03-21,4.5000,4.6200,4.3600,4.4800,82883000,NIO,4.6645,4.7006,4.4228,4.5757,4.5789,4.6267,4.7072,4.9579
2025-03-24,4.3800,4.4800,4.3400,4.4000,59178000,NIO,4.6655,4.6700,4.4240,4.5681,4.5701,4.6219,4.7031,4.9522
2025-03-25,4.3900,4.4800,4.3000,4.3300,38082100,NIO,4.6715,4.6434,4.4284,4.5611,4.5559,4.6173,4.6987,4.9466
2025-03-26,4.2200,4.4200,4.1800,4.3700,62695600,NIO,4.6465,4.6030,4.4316,4.5477,4.5421,4.6094,4.6952,4.9394
2025-03-27,3.9800,4.0300,3.8800,3.9000,156708300,NIO,4.6060,4.5437,4.4296,4.5254,4.5284,4.5969,4.6910,4.9298
2025-03-28,3.7500,3.9300,3.7300,3.9000,78965100,NIO,4.5620,4.4681,4.4226,4.4950,4.5149,4.5802,4.6861,4.9181
2025-03-31,3.8100,3.8500,3.5700,3.6700,64817600,NIO,4.5410,4.4054,4.4156,4.4682,4.5020,4.5649,4.6829,4.9070
2025-04-01,3.8700,4.0000,3.8200,3.8700,43177400,NIO,4.5235,4.3544,4.4058,4.4447,4.4893,4.5512,4.6800,4.8967
2025-04-02,3.8000,3.8400,3.7500,3.8100,46021100,NIO,4.4960,4.3016,4.3982,4.4194,4.4745,4.5363,4.6769,4.8858
2025-04-03,3.7400,3.7800,3.6300,3.6400,36666500,NIO,4.4710,4.2482,4.3874,4.3928,4.4619,4.5205,4.6740,4.8744
2025-04-04,3.4600,3.5700,3.2000,3.5000,77685600,NIO,4.4205,4.1731,4.3740,4.3562,4.4434,4.4995,4.6691,4.8603
2025-04-07,3.3600,3.5500,3.1800,3.2000,73974800,NIO,4.3655,4.0957,4.3554,4.3171,4.4261,4.4769,4.6638,4.8454
2025-04-08,3.1400,3.4100,3.0200,3.3900,78198000,NIO,4.2615,4.0046,4.3328,4.2710,4.4069,4.4505,4.6578,4.8284
2025-04-09,3.3100,3.3600,3.0400,3.0900,78717700,NIO,4.1720,3.9385,4.3126,4.2333,4.3942,4.4279,4.6529,4.8133
2025-04-10,3.2800,3.4900,3.2400,3.3800,73432200,NIO,4.0995,3.8758,4.2938,4.1959,4.3809,4.4052,4.6471,4.7981
2025-04-11,3.5200,3.5200,3.3000,3.3300,56524300,NIO,4.0305,3.8419,4.2754,4.1694,4.3718,4.3876,4.6428,4.7854
2025-04-14,3.6100,3.7100,3.5700,3.6000,44128900,NIO,3.9595,3.8198,4.2612,4.1475,4.3630,4.3722,4.6377,4.7737
2025-04-15,3.6200,3.6500,3.5500,3.5600,28866300,NIO,3.8810,3.8008,4.2480,4.1268,4.3525,4.3573,4.6338,4.7622
2025-04-16,3.5200,3.5700,3.4200,3.4500,33469500,NIO,3.7985,3.7740,4.2306,4.1030,4.3414,4.3408,4.6306,4.7498
2025-04-17,3.5200,3.5800,3.4900,3.5100,23168700,NIO,3.7390,3.7498,4.2170,4.0801,4.3301,4.3245,4.6260,4.7376
2025-04-21,3.6000,3.6100,3.4800,3.5400,28419000,NIO,3.6940,3.7356,4.2050,4.0613,4.3191,4.3102,4.6214,4.7263
2025-04-22,3.7500,3.7900,3.6100,3.6300,38578000,NIO,3.6625,3.7369,4.1952,4.0491,4.3082,4.2991,4.6158,4.7166
2025-04-23,3.9300,3.9900,3.8200,3.8300,46950500,NIO,3.6395,3.7553,4.1872,4.0444,4.3008,4.2918,4.6123,4.7087
2025-04-24,4.1800,4.2400,3.9400,3.9400,55103400,NIO,3.6375,3.7958,4.1900,4.0497,4.2995,4.2895,4.6109,4.7035
2025-04-25,4.0300,4.1100,3.9700,4.1100,39696800,NIO,3.6400,3.8181,4.1864,4.0490,4.2960,4.2844,4.6086,4.6968
2025-04-28,4.3100,4.3900,4.0900,4.0900,60350200,NIO,3.6680,3.8649,4.1874,4.0592,4.2943,4.2849,4.6070,4.6929
2025-04-29,4.2400,4.4400,4.1800,4.3500,45965500,NIO,3.6895,3.9007,4.1834,4.0663,4.2927,4.2840,4.6048,4.6884
2025-04-30,4.0500,4.0800,4.0100,4.0200,31596300,NIO,3.6985,3.9149,4.1772,4.0656,4.2868,4.2794,4.6007,4.6821
2025-05-01,3.9300,4.1100,3.9000,4.1000,41506800,NIO,3.7050,3.9163,4.1680,4.0603,4.2801,4.2725,4.5972,4.6746
2025-05-02,4.0300,4.1500,4.0000,4.0800,28201500,NIO,3.7195,3.9271,4.1612,4.0591,4.2743,4.2677,4.5929,4.6682
2025-05-05,3.9800,4.0200,3.9400,4.0100,24160600,NIO,3.7455,3.9322,4.1520,4.0560,4.2680,4.2620,4.5898,4.6613
2025-05-06,3.9200,3.9500,3.8500,3.9100,33405900,NIO,3.7735,3.9310,4.1432,4.0507,4.2554,4.2552,4.5867,4.6539
2025-05-07,3.8400,3.9100,3.8200,3.8500,28553700,NIO,3.8085,3.9223,4.1346,4.0424,4.2461,4.2470,4.5836,4.6458
2025-05-08,3.9600,4.0000,3.8800,3.9100,27945300,NIO,3.8410,3.9259,4.1194,4.0392,4.2390,4.2413,4.5800,4.6390
2025-05-09,3.9700,4.1000,3.9600,3.9700,24093600,NIO,3.8755,3.9301,4.1030,4.0365,4.2328,4.2359,4.5774,4.6324
2025-05-12,4.2000,4.2700,4.0900,4.2300,44327900,NIO,3.9095,3.9558,4.0944,4.0429,4.2297,4.2352,4.5769,4.6281
2025-05-13,4.1200,4.1800,4.0600,4.1000,28022200,NIO,3.9350,3.9715,4.0922,4.0459,4.2267,4.2329,4.5762,4.6230
2025-05-14,4.1300,4.2200,4.1100,4.1600,25987900,NIO,3.9605,3.9866,4.0904,4.0492,4.2226,4.2309,4.5747,4.6181
2025-05-15,3.9900,4.0800,3.9600,4.0600,29326600,NIO,3.9840,3.9869,4.0832,4.0469,4.2193,4.2261,4.5727,4.6118
2025-05-16,4.1000,4.1200,4.0300,4.0800,25768200,NIO,4.0130,3.9977,4.0804,4.0490,4.2163,4.2236,4.5711,4.6067
2025-05-19,4.0400,4.0400,3.9100,3.9700,21902000,NIO,4.0350,4.0017,4.0718,4.0486,4.2113,4.2200,4.5691,4.6011
2025-05-20,3.9600,4.0300,3.9600,3.9900,22933900,NIO,4.0455,3.9977,4.0618,4.0452,4.2061,4.2148,4.5686,4.5947
2025-05-21,3.9400,4.0600,3.9200,3.9900,38257000,NIO,4.0460,3.9922,4.0362,4.0410,4.1993,4.2094,4.5680,4.5882
2025-05-22,3.8800,3.9200,3.8600,3.9000,31969200,NIO,4.0310,3.9815,4.0118,4.0347,4.1912,4.2029,4.5680,4.5812
2025-05-23,3.8200,3.8300,3.7400,3.8100,29176400,NIO,4.0205,3.9662,3.9936,4.0263,4.1846,4.1953,4.5682,4.5736
2025-05-27,3.6900,3.7400,3.6300,3.7200,47264000,NIO,3.9895,3.9399,3.9694,4.0131,4.1777,4.1853,4.5683,4.5648
2025-05-28,3.6700,3.7500,3.6500,3.6800,27254100,NIO,3.9610,3.9142,3.9422,3.9997,4.1708,4.1751,4.5676,4.5559
2025-05-29,3.6800,3.7700,3.6600,3.7500,23080900,NIO,3.9425,3.8919,3.9120,3.9871,4.1621,4.1653,4.5671,4.5472
2025-05-30,3.5400,3.6200,3.5200,3.6100,37431500,NIO,3.9230,3.8583,3.8794,3.9696,4.1512,4.1529,4.5660,4.5372
2025-06-02,3.5200,3.5800,3.4800,3.5700,39573300,NIO,3.8975,3.8261,3.8556,3.9520,4.1393,4.1404,4.5641,4.5270
2025-06-03,3.5300,3.6000,3.3500,3.4000,51344800,NIO,3.8750,3.7979,3.8362,3.9354,4.1295,4.1283,4.5632,4.5171
2025-06-04,3.7500,3.9200,3.5600,3.6100,72688800,NIO,3.8665,3.7934,3.8236,3.9281,4.1238,4.1208,4.5628,4.5095
2025-06-05,3.6200,3.6800,3.5500,3.6700,37293900,NIO,3.8555,3.7768,3.8082,3.9160,4.1183,4.1109,4.5611,4.5006
2025-06-06,3.6300,3.7000,3.5700,3.5900,31176800,NIO,3.8390,3.7629,3.7964,3.9048,4.1140,4.1013,4.5589,4.4920
2025-06-09,3.6000,3.7000,3.6000,3.6300,23999800,NIO,3.8205,3.7473,3.7888,3.8929,4.1092,4.0914,4.5577,4.4831
2025-06-10,3.8100,3.8100,3.6300,3.6500,40706700,NIO,3.8010,3.7533,3.7900,3.8896,4.1063,4.0858,4.5568,4.4764
2025-06-11,3.7400,3.9000,3.7400,3.8500,31465400,NIO,3.7820,3.7520,3.7886,3.8838,4.1021,4.0790,4.5555,4.4691
2025-06-12,3.6200,3.6900,3.6100,3.6700,22556000,NIO,3.7565,3.7395,3.7836,3.8734,4.0947,4.0699,4.5532,4.4606
2025-06-13,3.5100,3.5900,3.4900,3.5400,39274700,NIO,3.7325,3.7176,3.7778,3.8592,4.0880,4.0588,4.5506,4.4512
2025-06-16,3.5200,3.5900,3.5100,3.5200,21246000,NIO,3.7035,3.6988,3.7734,3.8459,4.0804,4.0482,4.5482,4.4419
2025-06-17,3.4400,3.5200,3.4400,3.5100,23446500,NIO,3.6735,3.6741,3.7730,3.8299,4.0735,4.0361,4.5469,4.4319
2025-06-18,3.4200,3.4800,3.4200,3.4600,25543100,NIO,3.6465,3.6499,3.7742,3.8139,4.0648,4.0239,4.5443,4.4219
2025-06-20,3.4100,3.4700,3.4000,3.4600,23893500,NIO,3.6200,3.6271,3.7796,3.7980,4.0562,4.0118,4.5412,4.4118
2025-06-23,3.4300,3.4500,3.3400,3.4000,28943200,NIO,3.5975,3.6083,3.7820,3.7836,4.0473,4.0002,4.5376,4.4020
2025-06-24,3.5000,3.5700,3.4100,3.4600,33481300,NIO,3.5815,3.5980,3.7864,3.7725,4.0401,3.9903,4.5339,4.3931
2025-06-25,3.4700,3.5700,3.4400,3.5700,21509500,NIO,3.5705,3.5858,3.7854,3.7606,4.0304,3.9800,4.5270,4.3839
2025-06-26,3.4200,3.4800,3.4000,3.4600,31146400,NIO,3.5580,3.5700,3.7816,3.7473,4.0214,3.9689,4.5190,4.3743
2025-06-27,3.4600,3.5500,3.4000,3.4200,63720200,NIO,3.5470,3.5595,3.7784,3.7360,4.0132,3.9589,4.5084,4.3652
2025-06-30,3.4300,3.4900,3.4100,3.4900,24598900,NIO,3.5415,3.5472,3.7766,3.7240,4.0036,3.9484,4.4982,4.3559
2025-07-01,3.5100,3.5700,3.4500,3.4700,46064800,NIO,3.5410,3.5437,3.7764,3.7156,3.9967,3.9397,4.4877,4.3475
2025-07-02,3.4800,3.5400,3.4700,3.5000,22912600,NIO,3.5385,3.5376,3.7740,3.7064,3.9895,3.9306,4.4787,4.3388
2025-07-03,3.5100,3.5500,3.4700,3.5000,15645500,NIO,3.5265,3.5350,3.7692,3.6987,3.9822,3.9223,4.4685,4.3306
2025-07-07,3.4100,3.4700,3.3900,3.4400,31339200,NIO,3.5160,3.5231,3.7588,3.6873,3.9730,3.9121,4.4586,4.3214
2025-07-08,3.5000,3.5200,3.3800,3.4300,43515600,NIO,3.5095,3.5209,3.7452,3.6800,3.9676,3.9040,4.4490,4.3132
2025-07-09,3.4800,3.5900,3.4600,3.5200,26907300,NIO,3.5035,3.5170,3.7342,3.6722,3.9603,3.8956,4.4413,4.3050
2025-07-10,3.6900,3.7000,3.4900,3.5500,74015200,NIO,3.4975,3.5335,3.7218,3.6729,3.9546,3.8915,4.4328,4.2988
2025-07-11,3.9000,4.0500,3.7000,3.7500,141527800,NIO,3.5055,3.5684,3.7150,3.6818,3.9492,3.8917,4.4259,4.2949
2025-07-14,4.1700,4.2200,4.0200,4.1100,122870700,NIO,3.5330,3.6257,3.7174,3.7009,3.9473,3.8972,4.4201,4.2936
2025-07-15,4.2500,4.2800,4.1300,4.2500,66259200,NIO,3.5700,3.6851,3.7238,3.7224,3.9459,3.9042,4.4117,4.2932
2025-07-16,4.1100,4.1900,3.9600,4.1900,69862800,NIO,3.5995,3.7256,3.7254,3.7376,3.9433,3.9082,4.4040,4.2914
2025-07-17,4.4000,4.4900,4.1100,4.1300,116140100,NIO,3.6475,3.7898,3.7338,3.7636,3.9429,3.9180,4.3971,4.2924
2025-07-18,4.3900,4.5700,4.2800,4.3800,78373600,NIO,3.6960,3.8470,3.7432,3.7882,3.9432,3.9273,4.3864,4.2934
2025-07-21,4.5200,4.6700,4.4600,4.4700,58884000,NIO,3.7515,3.9111,3.7568,3.8169,3.9457,3.9391,4.3756,4.2957
2025-07-22,5.0100,5.0900,4.6400,4.6400,133091900,NIO,3.8305,4.0157,3.7778,3.8637,3.9486,3.9603,4.3655,4.3028
2025-07-23,4.9200,5.2100,4.8700,5.1900,108246500,NIO,3.9015,4.1019,3.7968,3.9051,3.9499,3.9793,4.3541,4.3089
2025-07-24,4.8300,4.9500,4.7000,4.9200,63260400,NIO,3.9695,4.1712,3.8094,3.9414,3.9519,3.9961,4.3447,4.3141
2025-07-25,4.9200,5.0900,4.7900,4.8400,60712300,NIO,4.0445,4.2425,3.8254,3.9797,3.9588,4.0144,4.3355,4.3201
2025-07-28,4.8300,5.0100,4.8200,4.9900,42322400,NIO,4.1130,4.2985,3.8394,4.0131,3.9649,4.0306,4.3257,4.3252
2025-07-29,4.7100,4.8400,4.6800,4.8200,38397400,NIO,4.1770,4.3377,3.8538,4.0404,3.9685,4.0440,4.3180,4.3290
2025-07-30,4.5100,4.6100,4.5100,4.6000,40824100,NIO,4.2270,4.3541,3.8620,4.0588,3.9712,4.0532,4.3091,4.3308
2025-07-31,4.8700,4.9800,4.4600,4.6800,131207100,NIO,4.2965,4.4032,3.8786,4.0906,3.9752,4.0694,4.3024,4.3362
2025-08-01,5.0100,5.0600,4.7300,4.7400,81680900,NIO,4.3715,4.4610,3.8996,4.1267,3.9807,4.0880,4.2962,4.3429
2025-08-04,4.6000,4.9000,4.5800,4.8900,92178900,NIO,4.4310,4.4742,3.9128,4.1453,3.9745,4.0982,4.2903,4.3455
2025-08-05,4.5000,4.6700,4.4600,4.6600,55676400,NIO,4.4810,4.4767,3.9252,4.1592,3.9685,4.1061,4.2847,4.3470
2025-08-06,4.6100,4.6700,4.5200,4.5900,55025100,NIO,4.5375,4.4894,3.9410,4.1768,3.9673,4.1161,4.2802,4.3496
2025-08-07,4.6800,4.7200,4.5900,4.6200,27399000,NIO,4.5870,4.5075,3.9608,4.1966,3.9651,4.1273,4.2778,4.3529
2025-08-08,4.8400,4.8700,4.7100,4.7300,36036300,NIO,4.6340,4.5392,3.9842,4.2218,3.9632,4.1414,4.2759,4.3578
2025-08-11,4.9100,5.0100,4.8500,4.9600,36250500,NIO,4.6710,4.5745,4.0088,4.2488,3.9604,4.1566,4.2748,4.3632
2025-08-12,4.4700,4.7400,4.4500,4.7400,106157200,NIO,4.6820,4.5646,4.0274,4.2575,3.9534,4.1628,4.2710,4.3643
2025-08-13,4.6200,4.6200,4.5400,4.6100,35804200,NIO,4.7075,4.5698,4.0494,4.2717,3.9525,4.1719,4.2681,4.3669
2025-08-14,4.4500,4.5100,4.3700,4.5000,43446300,NIO,4.7100,4.5584,4.0678,4.2787,3.9520,4.1774,4.2655,4.3677
2025-08-15,4.8100,4.8200,4.5500,4.5600,69021000,NIO,4.7310,4.5824,4.0890,4.2995,3.9563,4.1899,4.2632,4.3721
2025-08-18,4.8700,4.9700,4.8100,4.9100,47355300,NIO,4.7485,4.6098,4.1140,4.3219,3.9611,4.2034,4.2585,4.3770
2025-08-19,5.0700,5.2300,4.9300,4.9400,90447700,NIO,4.7515,4.6536,4.1428,4.3512,3.9696,4.2205,4.2559,4.3839
2025-08-20,5.0700,5.1400,4.9700,5.0100,46063500,NIO,4.7590,4.6933,4.1722,4.3794,3.9805,4.2374,4.2545,4.3908
2025-08-21,5.5400,5.6800,5.2400,5.2400,147125700,NIO,4.7945,4.7739,4.2068,4.4249,3.9984,4.2632,4.2567,4.4022
2025-08-22,6.3400,6.5800,5.7800,5.8700,234464700,NIO,4.8655,4.9231,4.2588,4.5000,4.0237,4.3043,4.2629,4.4215
2025-08-25,6.0900,6.7300,6.0700,6.7000,156581500,NIO,4.9285,5.0342,4.3082,4.5624,4.0459,4.3396,4.2676,4.4381
2025-08-26,6.7000,6.8300,6.3800,6.3900,146133100,NIO,5.0280,5.1928,4.3720,4.6462,4.0749,4.3864,4.2747,4.4606
2025-08-27,6.3400,6.6200,6.3100,6.5000,89801700,NIO,5.1195,5.3021,4.4284,4.7126,4.1009,4.4251,4.2814,4.4793
2025-08-28,6.5100,6.5400,6.2600,6.5300,74896800,NIO,5.2015,5.4171,4.4898,4.7831,4.1314,4.4664,4.2874,4.4995
2025-08-29,6.3800,6.5100,6.2600,6.4400,57629700,NIO,5.2700,5.5088,4.5490,4.8457,4.1616,4.5042,4.2939,4.5182
2025-09-02,6.5800,6.6400,6.0600,6.2400,123577100,NIO,5.3690,5.6109,4.6124,4.9137,4.1960,4.5454,4.3015,4.5387
2025-09-03,6.3200,6.4000,6.0400,6.3800,89712400,NIO,5.4600,5.6784,4.6702,4.9689,4.2261,4.5805,4.3102,4.5564
2025-09-04,6.1300,6.1900,5.9700,6.0700,72831200,NIO,5.5360,5.7214,4.7228,5.0144,4.2546,4.6112,4.3178,4.5721
2025-09-05,5.9500,6.2300,5.9200,6.1800,59299500,NIO,5.5995,5.7432,4.7724,5.0511,4.2789,4.6377,4.3254,4.5858
2025-09-08,6.1700,6.2300,5.9500,6.0500,81801400,NIO,5.6660,5.7838,4.8274,5.0950,4.3045,4.6680,4.3338,4.6016
2025-09-09,6.2800,6.3200,6.0500,6.0600,54499200,NIO,5.7345,5.8311,4.8838,5.1415,4.3311,4.6999,4.3418,4.6183
2025-09-10,5.7200,5.7800,5.6000,5.7400,237836500,NIO,5.7970,5.8205,4.9296,5.1642,4.3531,4.7201,4.3473,4.6292
2025-09-11,6.0700,6.1300,5.7700,5.8300,95275100,NIO,5.8695,5.8443,4.9808,5.1997,4.3786,4.7469,4.3544,4.6436
2025-09-12,6.2200,6.2900,5.9400,6.0300,75071300,NIO,5.9580,5.8800,5.0356,5.2397,4.4048,4.7760,4.3620,4.6593
2025-09-15,6.4900,6.8300,6.4200,6.4600,68234900,NIO,6.0420,5.9381,5.0952,5.2887,4.4322,4.8100,4.3702,4.6775
2025-09-16,7.0200,7.0900,6.4800,6.5500,130662500,NIO,6.1495,6.0412,5.1674,5.3566,4.4631,4.8538,4.3820,4.7008
2025-09-17,7.4500,7.4500,7.0600,7.2300,122761800,NIO,6.2685,6.1753,5.2464,5.4387,4.4958,4.9052,4.3977,4.7281
2025-09-18,7.3700,7.5000,7.2000,7.2300,76975000,NIO,6.3835,6.2891,5.3242,5.5144,4.5292,4.9540,4.4126,4.7544
2025-09-19,7.3700,7.6000,7.2800,7.5900,79099400,NIO,6.4750,6.3921,5.3978,5.5872,4.5598,5.0018,4.4271,4.7805
2025-09-22,6.9100,7.4100,6.8000,7.3700,128795300,NIO,6.5035,6.4414,5.4580,5.6391,4.5865,5.0396,4.4396,4.8016
2025-09-23,6.9300,7.1700,6.7700,6.9000,80663300,NIO,6.5455,6.4879,5.5132,5.6897,4.6153,5.0770,4.4511,4.8228
2025-09-24,7.1200,7.3400,6.9800,7.0800,76711800,NIO,6.5665,6.5481,5.5706,5.7458,4.6472,5.1175,4.4637,4.8457
2025-09-25,7.4700,7.6800,7.0000,7.0500,92782900,NIO,6.6230,6.6359,5.6378,5.8134,4.6816,5.1641,4.4780,4.8718
2025-09-26,7.0400,7.3700,6.9600,7.3100,92524000,NIO,6.6495,6.6744,5.6906,5.8615,4.7122,5.2012,4.4901,4.8934
2025-09-29,7.2100,7.2700,6.9200,7.1300,65361300,NIO,6.6910,6.7254,5.7470,5.9144,4.7451,5.2410,4.5003,4.9164
2025-09-30,7.6200,7.7800,7.3000,7.3000,107657600,NIO,6.7430,6.8106,5.8090,5.9813,4.7829,5.2881,4.5145,4.9433
2025-10-01,7.6500,7.9000,7.5400,7.7900,57383700,NIO,6.8095,6.8906,5.8618,6.0467,4.8198,5.3349,4.5294,4.9702
2025-10-02,7.8900,8.0200,7.6400,7.8500,86946400,NIO,6.8975,6.9857,5.9212,6.1190,4.8590,5.3855,4.5459,4.9993
2025-10-03,7.7000,7.8000,7.5000,7.8000,68069200,NIO,6.9850,7.0538,5.9786,6.1810,4.8940,5.4313,4.5618,5.0262
2025-10-06,7.5900,7.8500,7.5800,7.6300,61137200,NIO,7.0560,7.1048,6.0320,6.2363,4.9287,5.4741,4.5777,5.0517
2025-10-07,7.5000,7.6000,7.2900,7.5700,75295400,NIO,7.1170,7.1425,6.0854,6.2858,4.9624,5.5142,4.5925,5.0760
2025-10-08,7.8500,7.8600,7.5700,7.6000,75642200,NIO,7.2235,7.2099,6.1482,6.3472,5.0010,5.5604,4.6101,5.1036
2025-10-09,7.4600,7.8000,7.4000,7.7600,64913000,NIO,7.2930,7.2337,6.2072,6.3908,5.0346,5.5980,4.6254,5.1271
2025-10-10,6.7100,7.4400,6.6600,7.4400,126261800,NIO,7.3175,7.1838,6.2440,6.4033,5.0613,5.6201,4.6363,5.1428
2025-10-13,7.1800,7.2200,6.9600,7.0100,65388200,NIO,7.3520,7.1834,6.2874,6.4338,5.0935,5.6509,4.6498,5.1631
2025-10-14,6.8000,7.0000,6.7700,6.9000,56830400,NIO,7.3410,7.1469,6.3314,6.4481,5.1221,5.6737,4.6607,5.1794
2025-10-15,6.8200,7.0400,6.7400,6.9900,40112300,NIO,7.3095,7.1158,6.3778,6.4627,5.1515,5.6964,4.6713,5.1957
2025-10-16,6.8300,6.8700,6.2800,6.2900,125559000,NIO,7.2825,7.0886,6.4222,6.4771,5.1816,5.7188,4.6831,5.2120
2025-10-17,6.7500,6.7700,6.5200,6.5300,76615100,NIO,7.2515,7.0563,6.4636,6.4878,5.2122,5.7393,4.6949,5.2273
2025-10-20,7.0600,7.0800,6.7200,6.7500,52665400,NIO,7.2590,7.0567,6.5080,6.5103,5.2461,5.7654,4.7084,5.2455
2025-10-21,6.8000,6.9200,6.8000,6.8800,35680900,NIO,7.2525,7.0322,6.5458,6.5216,5.2773,5.7859,4.7197,5.2610
2025-10-22,6.8400,7.0600,6.6800,6.8900,52458200,NIO,7.2385,7.0139,6.5932,6.5341,5.3103,5.8068,4.7307,5.2767
2025-10-23,6.8900,6.9700,6.8700,6.9200,30262000,NIO,7.2095,7.0021,6.6386,6.5481,5.3440,5.8282,4.7416,5.2928
2025-10-24,6.9000,7.0300,6.7700,6.8400,38381200,NIO,7.2025,6.9924,6.6876,6.5619,5.3777,5.8495,4.7536,5.3088
2025-10-27,7.0400,7.2200,7.0000,7.0800,45448500,NIO,7.1940,6.9969,6.7322,6.5806,5.4106,5.8730,4.7672,5.3260
2025-10-28,7.0900,7.1100,6.8900,7.0100,30947000,NIO,7.1675,7.0058,6.7766,6.6006,5.4453,5.8971,4.7818,5.3435
2025-10-29,7.1400,7.3300,7.0600,7.1300,42260900,NIO,7.1420,7.0186,6.8180,6.6217,5.4804,5.9217,4.7972,5.3614
2025-10-30,7.0100,7.2600,7.0000,7.0500,36452100,NIO,7.0980,7.0178,6.8568,6.6370,5.5145,5.9433,4.8118,5.3778
2025-10-31,7.2500,7.2700,6.8500,7.0500,50928400,NIO,7.0755,7.0399,6.8910,6.6610,5.5489,5.9692,4.8276,5.3964
2025-11-03,7.4200,7.5100,7.2300,7.3400,54540400,NIO,7.0670,7.0761,6.9126,6.6908,5.5857,5.9979,4.8439,5.4166
2025-11-04,7.1600,7.3600,7.0700,7.1900,42717100,NIO,7.0500,7.0841,6.9340,6.7092,5.6211,6.0209,4.8579,5.4339
2025-11-05,7.2900,7.4000,7.1800,7.2900,34733400,NIO,7.0220,7.1037,6.9458,6.7320,5.6589,6.0460,4.8734,5.4524
2025-11-06,7.1600,7.5400,7.1100,7.4100,69341600,NIO,7.0070,7.1090,6.9622,6.7487,5.6953,6.0681,4.8878,5.4694
2025-11-07,6.8600,7.0300,6.6800,7.0300,65995400,NIO,7.0145,7.0853,6.9692,6.7531,5.7295,6.0838,4.9015,5.4832
2025-11-10,6.7100,7.0600,6.6500,6.9700,58131400,NIO,6.9910,7.0496,6.9758,6.7514,5.7624,6.0962,4.9136,5.4954
2025-11-11,6.6300,7.0000,6.5900,6.9500,53443400,NIO,6.9825,7.0096,6.9768,6.7467,5.7946,6.1067,4.9254,5.5067
2025-11-12,6.4500,6.5300,6.3400,6.5200,45784700,NIO,6.9640,6.9563,6.9794,6.7350,5.8248,6.1135,4.9360,5.5161
2025-11-13,6.2400,6.4900,6.1400,6.4400,62534800,NIO,6.9345,6.8881,6.9816,6.7156,5.8522,6.1160,4.9461,5.5233
2025-11-14,6.1600,6.3000,5.9500,5.9900,54490400,NIO,6.9050,6.8188,6.9858,6.6938,5.8791,6.1169,4.9547,5.5296
2025-11-17,6.0800,6.2900,6.0200,6.1300,53189600,NIO,6.8560,6.7484,6.9840,6.6697,5.9057,6.1162,4.9635,5.5351
2025-11-18,5.9800,6.0300,5.8300,5.9800,59008100,NIO,6.8150,6.6752,6.9780,6.6427,5.9309,6.1135,4.9720,5.5395
2025-11-19,5.7500,5.9900,5.7300,5.9400,44693100,NIO,6.7605,6.5871,6.9786,6.6077,5.9541,6.1063,4.9788,5.5416
2025-11-20,5.4000,5.8700,5.3800,5.8200,70236800,NIO,6.6860,6.4740,6.9652,6.5603,5.9730,6.0923,4.9848,5.5402
2025-11-21,5.5800,5.7000,5.3900,5.4900,56288300,NIO,6.6200,6.3889,6.9524,6.5219,5.9940,6.0822,4.9917,5.5406
2025-11-24,5.7500,5.8600,5.7100,5.7800,52450700,NIO,6.5555,6.3281,6.9376,6.4916,6.0164,6.0756,4.9993,5.5427
2025-11-25,5.5000,5.7000,5.3800,5.5900,88421200,NIO,6.4760,6.2492,6.9072,6.4527,6.0373,6.0642,5.0051,5.5423
2025-11-26,5.4600,5.7300,5.3000,5.5400,85900500,NIO,6.3920,6.1740,6.8674,6.4138,6.0569,6.0522,5.0122,5.5415
2025-11-28,5.5000,5.6300,5.4300,5.5000,30218900,NIO,6.3165,6.1098,6.8300,6.3780,6.0771,6.0413,5.0187,5.5410
2025-12-01,5.1800,5.4300,5.1400,5.3300,58805800,NIO,6.2130,6.0213,6.7862,6.3310,6.0920,6.0242,5.0233,5.5375
2025-12-02,5.0300,5.1800,5.0300,5.1600,43612900,NIO,6.0935,5.9269,6.7486,6.2800,6.1033,6.0045,5.0262,5.5324
2025-12-03,4.7900,4.9900,4.7300,4.9800,94553700,NIO,5.9750,5.8186,6.7058,6.2215,6.1095,5.9805,5.0284,5.5250
2025-12-04,5.0100,5.0300,4.9100,4.9400,57001900,NIO,5.8610,5.7416,6.6636,6.1740,6.1171,5.9613,5.0315,5.5199
2025-12-05,5.0400,5.1800,5.0300,5.1700,36110800,NIO,5.7550,5.6748,6.6150,6.1296,6.1264,5.9430,5.0348,5.5151
2025-12-08,5.1000,5.2300,5.0200,5.0600,32866700,NIO,5.6670,5.6200,6.5762,6.0892,6.1334,5.9263,5.0381,5.5110
2025-12-09,5.0300,5.0800,4.9700,5.0100,29799600,NIO,5.5830,5.5638,6.5326,6.0476,6.1398,5.9086,5.0415,5.5062
2025-12-10,5.0300,5.1100,4.9700,5.0200,24577000,NIO,5.5030,5.5130,6.4808,6.0077,6.1449,5.8912,5.0453,5.5015
2025-12-11,5.1300,5.1900,4.9000,4.9900,39079200,NIO,5.4370,5.4765,6.4304,5.9733,6.1461,5.8761,5.0473,5.4978
2025-12-12,5.0300,5.2600,5.0200,5.1300,33069400,NIO,5.3765,5.4340,6.3732,5.9363,6.1472,5.8594,5.0485,5.4931
2025-12-15,4.9900,5.0800,4.9700,5.0500,31213200,NIO,5.3180,5.3917,6.3190,5.8992,6.1488,5.8421,5.0503,5.4881
2025-12-16,5.0300,5.0300,4.9500,4.9600,32067600,NIO,5.2655,5.3573,6.2678,5.8651,6.1499,5.8261,5.0543,5.4835
2025-12-17,4.8600,5.0600,4.8500,5.0100,29067700,NIO,5.2095,5.3099,6.2150,5.8257,6.1502,5.8069,5.0575,5.4773
2025-12-18,4.9300,5.0100,4.9200,4.9500,20020900,NIO,5.1685,5.2737,6.1566,5.7906,6.1524,5.7896,5.0604,5.4719
2025-12-19,4.9900,5.0300,4.9800,4.9900,29190000,NIO,5.1480,5.2467,6.1072,5.7592,6.1572,5.7737,5.0642,5.4671
2025-12-22,5.0000,5.0500,4.9800,5.0200,23199300,NIO,5.1190,5.2232,6.0730,5.7294,6.1585,5.7584,5.0669,5.4625
2025-12-23,4.8900,4.9800,4.8600,4.9700,24743900,NIO,5.0760,5.1915,6.0272,5.6965,6.1573,5.7412,5.0690,5.4568
2025-12-24,4.9100,4.9300,4.8800,4.8900,13280300,NIO,5.0465,5.1647,5.9894,5.6657,6.1604,5.7248,5.0675,5.4513
2025-12-26,5.1000,5.1500,4.9000,4.9000,49094700,NIO,5.0285,5.1585,5.9550,5.6435,6.1664,5.7124,5.0675,5.4478
2025-12-29,5.3400,5.3800,5.0800,5.0800,68744800,NIO,5.0205,5.1758,5.9252,5.6316,6.1737,5.7050,5.0705,5.4468
2025-12-30,5.5000,5.7900,5.5000,5.5400,80148000,NIO,5.0365,5.2067,5.9002,5.6264,6.1819,5.7010,5.0735,5.4473
2025-12-31,5.1000,5.3200,4.9500,5.3100,83294700,NIO,5.0400,5.1965,5.8610,5.6058,6.1845,5.6891,5.0738,5.4438
2026-01-02,5.1400,5.3800,5.0800,5.3200,40391000,NIO,5.0575,5.1911,5.8278,5.5875,6.1868,5.6782,5.0736,5.4408
2026-01-05,4.8600,5.0100,4.8500,5.0100,74650200,NIO,5.0500,5.1596,5.7882,5.5590,6.1907,5.6620,5.0720,5.4350
2026-01-06,4.7800,5.0400,4.7400,4.9600,61127400,NIO,5.0370,5.1234,5.7460,5.5284,6.1923,5.6445,5.0724,5.4285
2026-01-07,4.7900,4.8400,4.7600,4.8100,34014400,NIO,5.0215,5.0917,5.7038,5.4995,6.1957,5.6276,5.0738,5.4222
2026-01-08,4.7300,4.8500,4.6700,4.8500,33792600,NIO,5.0065,5.0572,5.6576,5.4693,6.1949,5.6098,5.0756,5.4153
2026-01-09,4.6400,4.7500,4.6200,4.7500,38116000,NIO,4.9870,5.0175,5.6086,5.4368,6.1926,5.5906,5.0768,5.4076
2026-01-12,4.8500,4.9600,4.7400,4.7400,50162500,NIO,4.9730,5.0015,5.5628,5.4138,6.1904,5.5760,5.0800,5.4020
2026-01-13,4.6800,4.8700,4.6800,4.8700,39994700,NIO,4.9555,4.9709,5.5162,5.3850,6.1865,5.5582,5.0835,5.3948
2026-01-14,4.5600,4.6600,4.5400,4.6500,40519100,NIO,4.9340,4.9318,5.4624,5.3526,6.1767,5.5384,5.0875,5.3865
2026-01-15,4.6400,4.6900,4.5500,4.6000,25682600,NIO,4.9145,4.9040,5.4068,5.3247,6.1597,5.5207,5.0917,5.3791
2026-01-16,4.7100,4.7200,4.5900,4.7000,28950700,NIO,4.9070,4.8855,5.3578,5.3006,6.1459,5.5046,5.0959,5.3724
2026-01-20,4.5600,4.6300,4.4700,4.5900,46590600,NIO,4.8885,4.8545,5.3032,5.2715,6.1245,5.4859,5.0997,5.3643
2026-01-21,4.6700,4.7000,4.5300,4.5900,43545800,NIO,4.8725,4.8369,5.2534,5.2479,6.1078,5.4697,5.1043,5.3574
2026-01-22,4.7700,4.9000,4.6900,4.7000,45891900,NIO,4.8610,4.8306,5.2116,5.2292,6.0904,5.4559,5.1109,5.3516
2026-01-23,4.6400,4.7500,4.6300,4.7400,36554800,NIO,4.8485,4.8124,5.1702,5.2061,6.0730,5.4397,5.1173,5.3445
2026-01-26,4.6100,4.7000,4.5700,4.6300,28553600,NIO,4.8335,4.7931,5.1298,5.1827,6.0533,5.4233,5.1246,5.3372
2026-01-27,4.6400,4.6900,4.6200,4.6500,24048600,NIO,4.8105,4.7786,5.0936,5.1614,6.0365,5.4078,5.1313,5.3303
2026-01-28,4.5900,4.8400,4.5600,4.8000,46233300,NIO,4.7730,4.7606,5.0606,5.1390,6.0211,5.3916,5.1378,5.3229
2026-01-29,4.7700,5.0200,4.6400,4.7500,74342100,NIO,4.7365,4.7615,5.0328,5.1246,6.0093,5.3793,5.1441,5.3174
2026-01-30,4.7000,5.0000,4.7000,4.9300,56900300,NIO,4.7165,4.7556,5.0052,5.1079,5.9946,5.3658,5.1495,5.3113
2026-02-02,4.5200,4.6100,4.3800,4.6100,66898900,NIO,4.6855,4.7332,4.9760,5.0849,5.9770,5.3491,5.1540,5.3034
2026-02-03,4.5500,4.5700,4.4300,4.5400,42304600,NIO,4.6700,4.7157,4.9520,5.0639,5.9653,5.3333,5.1592,5.2959
2026-02-04,4.4400,4.5500,4.3800,4.5500,38375600,NIO,4.6530,4.6895,4.9328,5.0394,5.9490,5.3156,5.1638,5.2874
2026-02-05,4.7000,4.9100,4.5900,4.7800,122524300,NIO,4.6485,4.6905,4.9152,5.0261,5.9338,5.3034,5.1693,5.2815
2026-02-06,5.0400,5.2200,4.9300,4.9900,91267900,NIO,4.6640,4.7238,4.9010,5.0266,5.9193,5.2982,5.1757,5.2791
2026-02-09,4.8900,5.0600,4.7300,4.9100,47468500,NIO,4.6765,4.7396,4.8888,5.0213,5.8980,5.2901,5.1805,5.2752
2026-02-10,4.9600,5.0800,4.8700,4.9400,31843300,NIO,4.6820,4.7606,4.8788,5.0189,5.8731,5.2835,5.1844,5.2721
2026-02-11,5.0700,5.0800,4.9200,5.0400,29867600,NIO,4.7015,4.7901,4.8702,5.0209,5.8501,5.2793,5.1896,5.2701
2026-02-12,4.9500,5.1100,4.9400,5.0300,39710300,NIO,4.7210,4.8053,4.8656,5.0181,5.8259,5.2728,5.1928,5.2669
2026-02-13,4.9500,5.0200,4.8100,4.8700,31420800,NIO,4.7365,4.8191,4.8640,5.0154,5.8063,5.2664,5.1964,5.2638
2026-02-17,4.9200,5.0800,4.9000,4.9500,26445200,NIO,4.7470,4.8287,4.8666,5.0117,5.7862,5.2595,5.2007,5.2603
2026-02-18,4.9100,5.0000,4.9100,4.9800,19632000,NIO,4.7645,4.8364,4.8646,5.0077,5.7641,5.2526,5.2056,5.2569
2026-02-19,4.9300,4.9300,4.8200,4.8900,19917700,NIO,4.7775,4.8453,4.8624,5.0047,5.7387,5.2462,5.2101,5.2536
2026-02-20,5.0700,5.1300,4.8700,4.8700,34890500,NIO,4.7925,4.8667,4.8618,5.0072,5.7190,5.2427,5.2156,5.2518
2026-02-23,5.2900,5.4000,5.1900,5.2000,52513700,NIO,4.8250,4.9071,4.8670,5.0183,5.6998,5.2437,5.2224,5.2522
2026-02-24,5.3000,5.3400,5.1500,5.3200,35121100,NIO,4.8595,4.9445,4.8724,5.0294,5.6766,5.2448,5.2297,5.2526
2026-02-25,5.1900,5.2800,5.1500,5.1800,27300000,NIO,4.8870,4.9679,4.8736,5.0357,5.6520,5.2437,5.2359,5.2520
2026-02-26,5.0900,5.2300,5.0000,5.2000,35795400,NIO,4.9120,4.9795,4.8748,5.0378,5.6240,5.2407,5.2415,5.2504
2026-02-27,4.8700,5.0100,4.8600,5.0000,30638300,NIO,4.9170,4.9691,4.8724,5.0312,5.5957,5.2333,5.2448,5.2466
2026-03-02,4.7200,4.7900,4.6400,4.7700,51982500,NIO,4.9180,4.9453,4.8662,5.0190,5.5670,5.2232,5.2478,5.2414
2026-03-03,4.5900,4.5900,4.4100,4.5600,48562900,NIO,4.9215,4.9115,4.8608,5.0022,5.5379,5.2106,5.2501,5.2349
2026-03-04,4.8400,4.9300,4.6300,4.6600,52718100,NIO,4.9360,4.9047,4.8590,4.9958,5.5078,5.2033,5.2544,5.2310
2026-03-05,4.7200,4.8500,4.6200,4.7500,40353800,NIO,4.9500,4.8871,4.8536,4.9850,5.4804,5.1937,5.2575,5.2259
2026-03-06,4.7800,4.8100,4.6300,4.6900,28381800,NIO,4.9540,4.8769,4.8492,4.9770,5.4611,5.1855,5.2612,5.2214
2026-03-09,4.9400,4.9800,4.7400,4.7900,44238200,NIO,4.9490,4.8829,4.8502,4.9755,5.4387,5.1807,5.2661,5.2186
2026-03-10,5.7000,5.7100,5.0800,5.2600,147968700,NIO,4.9895,4.9607,4.8660,5.0039,5.4277,5.1909,5.2749,5.2234
2026-03-11,5.4700,5.8800,5.4400,5.6900,78327700,NIO,5.0150,5.0092,4.8734,5.0222,5.4142,5.1965,5.2828,5.2259
2026-03-12,5.5500,5.8200,5.5200,5.5400,57170600,NIO,5.0390,5.0607,4.8776,5.0429,5.4014,5.2035,5.2915,5.2291
2026-03-13,5.8600,5.9300,5.6600,5.7700,58201900,NIO,5.0845,5.1369,4.8848,5.0749,5.3925,5.2165,5.3023,5.2354
2026-03-16,6.0300,6.2100,5.9700,6.0000,65321500,NIO,5.1385,5.2219,4.9034,5.1124,5.3822,5.2326,5.3141,5.2433
2026-03-17,5.9600,6.0500,5.9100,5.9500,35215900,NIO,5.1905,5.2922,4.9198,5.1456,5.3738,5.2470,5.3255,5.2504
2026-03-18,5.8200,5.9700,5.8200,5.9000,27251000,NIO,5.2360,5.3425,4.9390,5.1721,5.3636,5.2583,5.3369,5.2561
2026-03-19,5.8900,5.9300,5.6800,5.7200,30031800,NIO,5.2840,5.3946,4.9612,5.2002,5.3536,5.2708,5.3488,5.2624
2026-03-20,5.4300,5.8600,5.4000,5.8500,52876600,NIO,5.3020,5.3980,4.9740,5.2092,5.3389,5.2740,5.3583,5.2641
2026-03-23,5.8200,5.8300,5.6000,5.6200,49057700,NIO,5.3285,5.4382,4.9958,5.2332,5.3267,5.2848,5.3686,5.2696
2026-03-24,5.7300,5.9100,5.7100,5.7300,24420000,NIO,5.3500,5.4660,5.0176,5.2527,5.3131,5.2936,5.3792,5.2742
2026-03-25,5.7800,5.9400,5.7700,5.9200,28052800,NIO,5.3795,5.4959,5.0362,5.2734,5.2995,5.3033,5.3900,5.2792
2026-03-26,5.5600,5.8200,5.5400,5.7100,36538300,NIO,5.4030,5.5020,5.0538,5.2846,5.2850,5.3083,5.3998,5.2820
2026-03-27,5.3100,5.5400,5.2900,5.5300,36976900,NIO,5.4250,5.4837,5.0688,5.2856,5.2656,5.3084,5.4073,5.2823
2026-03-30,5.5100,5.6100,5.4300,5.5300,44142000,NIO,5.4645,5.4862,5.0862,5.2944,5.2465,5.3124,5.4161,5.2846
2026-03-31,6.0300,6.1300,5.5300,5.5900,75793700,NIO,5.5365,5.5380,5.1126,5.3232,5.2352,5.3266,5.4282,5.2920
2026-04-01,6.2000,6.3600,6.0700,6.2000,53209900,NIO,5.6045,5.6010,5.1454,5.3576,5.2243,5.3439,5.4416,5.3010
2026-04-02,6.3000,6.3000,5.9700,5.9700,34072800,NIO,5.6835,5.6676,5.1780,5.3946,5.2157,5.3628,5.4555,5.3109
2026-04-06,6.2400,6.4700,6.2200,6.3700,26501600,NIO,5.7565,5.7221,5.2074,5.4277,5.2095,5.3802,5.4695,5.3202
2026-04-07,6.1400,6.2000,6.0000,6.1700,25738500,NIO,5.8165,5.7619,5.2374,5.4557,5.2038,5.3952,5.4831,5.3283
2026-04-08,6.3800,6.5400,6.3100,6.4400,37553100,NIO,5.8505,5.8208,5.2728,5.4919,5.2013,5.4147,5.4980,5.3388
2026-04-09,6.0700,6.6300,6.0200,6.5800,70848800,NIO,5.8805,5.8445,5.3014,5.5146,5.1975,5.4277,5.5112,5.3461
2026-04-10,6.5000,6.6300,6.1000,6.1400,58937300,NIO,5.9280,5.9069,5.3396,5.5532,5.2001,5.4489,5.5262,5.3576
2026-04-13,6.4700,6.5900,6.4300,6.5800,28492400,NIO,5.9585,5.9606,5.3736,5.5892,5.2032,5.4691,5.5412,5.3686
2026-04-14,6.5800,6.6400,6.4600,6.5300,28549200,NIO,5.9860,6.0196,5.4112,5.6280,5.2082,5.4911,5.5569,5.3807
2026-04-15,6.4300,6.5600,6.4000,6.4800,39512800,NIO,6.0095,6.0587,5.4494,5.6595,5.2127,5.5097,5.5718,5.3911
2026-04-16,6.8700,6.8800,6.4900,6.6400,43887800,NIO,6.0620,6.1359,5.4958,5.7070,5.2239,5.5367,5.5890,5.4058
2026-04-17,6.8300,7.0000,6.8000,7.0000,34996400,NIO,6.1090,6.2020,5.5436,5.7510,5.2382,5.5623,5.6056,5.4200
2026-04-20,6.6600,6.8000,6.6200,6.8000,20657300,NIO,6.1705,6.2456,5.5828,5.7866,5.2490,5.5840,5.6215,5.4324
2026-04-21,6.4300,6.6500,6.4300,6.6400,33652400,NIO,6.2010,6.2632,5.6106,5.8119,5.2558,5.6008,5.6361,5.4423
2026-04-22,6.4800,6.6100,6.4700,6.5500,19937000,NIO,6.2385,6.2838,5.6424,5.8381,5.2656,5.6182,5.6514,5.4526
2026-04-23,6.2800,6.4400,6.2000,6.4400,32301300,NIO,6.2635,6.2835,5.6688,5.8554,5.2738,5.6313,5.6653,5.4608
2026-04-24,6.2100,6.2800,6.1100,6.2400,18898600,NIO,6.2960,6.2765,5.6916,5.8693,5.2809,5.6427,5.6790,5.4683
2026-04-27,6.2300,6.4000,6.1700,6.3400,23432000,NIO,6.3420,6.2721,5.7172,5.8835,5.2914,5.6544,5.6917,5.4759
2026-04-28,6.3600,6.5100,6.0500,6.1500,32473300,NIO,6.3845,6.2804,5.7454,5.9021,5.3047,5.6683,5.7040,5.4847
2026-04-29,6.3900,6.6800,6.3800,6.6000,33429300,NIO,6.4025,6.2909,5.7748,5.9213,5.3207,5.6826,5.7151,5.4937
2026-04-30,6.3900,6.4200,6.1300,6.3000,26240500,NIO,6.4120,6.3003,5.8044,5.9397,5.3345,5.6966,5.7258,5.5026
2026-05-01,5.9100,6.2300,5.8100,6.1900,61247600,NIO,6.3925,6.2631,5.8240,5.9385,5.3432,5.7009,5.7348,5.5067
2026-05-04,6.0700,6.1300,5.9500,5.9500,32433900,NIO,6.3840,6.2447,5.8440,5.9437,5.3529,5.7082,5.7431,5.5123
2026-05-05,5.9000,6.1900,5.9000,6.0600,30199400,NIO,6.3720,6.2119,5.8562,5.9419,5.3616,5.7120,5.7507,5.5161
2026-05-06,5.9000,5.9500,5.6800,5.8200,25948200,NIO,6.3480,6.1822,5.8682,5.9403,5.3703,5.7157,5.7576,5.5199
2026-05-07,5.8700,6.0200,5.8300,5.9800,20374800,NIO,6.3380,6.1525,5.8818,5.9375,5.3777,5.7188,5.7619,5.5234
2026-05-08,5.8500,6.0200,5.8300,5.9400,18960300,NIO,6.3055,6.1237,5.8970,5.9341,5.3859,5.7214,5.7665,5.5267
2026-05-11,6.0700,6.1400,5.8700,5.8700,30815500,NIO,6.2855,6.1186,5.9210,5.9394,5.3967,5.7283,5.7727,5.5321
2026-05-12,6.0800,6.0900,5.9000,6.0000,21456800,NIO,6.2605,6.1149,5.9482,5.9449,5.4072,5.7352,5.7785,5.5375
2026-05-13,6.5400,6.5800,6.0600,6.0900,56887200,NIO,6.2660,6.1554,5.9872,5.9683,5.4240,5.7512,5.7871,5.5475
2026-05-14,6.2500,6.5000,6.2100,6.4300,36782100,NIO,6.2350,6.1644,6.0154,5.9793,5.4372,5.7610,5.7948,5.5545
2026-05-15,6.1000,6.2100,6.0200,6.1700,26892900,NIO,6.1985,6.1582,6.0430,5.9841,5.4483,5.7678,5.8027,5.5599
2026-05-18,5.8800,6.0700,5.8300,6.0700,31340000,NIO,6.1595,6.1317,6.0650,5.9800,5.4571,5.7700,5.8078,5.5631
2026-05-19,5.7400,5.8000,5.7000,5.7500,22830100,NIO,6.1250,6.0944,6.0810,5.9706,5.4656,5.7694,5.8114,5.5649
2026-05-20,5.5900,5.7100,5.5400,5.7000,45304200,NIO,6.0805,6.0464,6.0788,5.9556,5.4724,5.7658,5.8164,5.5651
2026-05-21,5.6000,5.9500,5.4100,5.9200,101125500,NIO,6.0465,6.0039,6.0814,5.9417,5.4774,5.7625,5.8219,5.5655
2026-05-22,5.2000,5.2800,5.1200,5.2200,87983800,NIO,5.9960,5.9273,6.0744,5.9126,5.4760,5.7514,5.8248,5.5618
2026-05-26,5.2600,5.3800,5.2000,5.3300,38940200,NIO,5.9475,5.8638,6.0624,5.8870,5.4736,5.7417,5.8277,5.5588
2026-05-27,5.7500,5.8200,5.2000,5.2100,92487400,NIO,5.9170,5.8529,6.0568,5.8816,5.4801,5.7418,5.8323,5.5607
2026-05-28,5.5500,5.7000,5.5500,5.6400,40389100,NIO,5.8750,5.8241,6.0486,5.8686,5.4842,5.7380,5.8355,5.5606
2026-05-29,5.6000,5.6600,5.3600,5.4000,43584800,NIO,5.8355,5.8027,6.0442,5.8581,5.4916,5.7353,5.8411,5.5610
2026-06-01,5.9800,6.1300,5.7200,5.7300,65234000,NIO,5.8390,5.8196,6.0460,5.8629,5.5036,5.7402,5.8479,5.5652
2026-06-02,6.0100,6.2700,5.9700,6.2300,35879300,NIO,5.8360,5.8378,6.0576,5.8687,5.5158,5.7455,5.8557,5.5696
2026-06-03,5.7500,5.9000,5.7300,5.8600,29374100,NIO,5.8285,5.8294,6.0562,5.8640,5.5260,5.7456,5.8604,5.5714
2026-06-04,5.6900,5.9100,5.6800,5.7300,24531600,NIO,5.8180,5.8161,6.0554,5.8572,5.5365,5.7445,5.8645,5.5726
2026-06-05,5.3600,5.6100,5.3300,5.6100,37362000,NIO,5.7925,5.7727,6.0470,5.8377,5.5416,5.7369,5.8660,5.5705
2026-06-08,5.4500,5.5800,5.4300,5.5000,25610700,NIO,5.7725,5.7419,6.0448,5.8225,5.5493,5.7312,5.8679,5.5693
2026-06-09,5.2800,5.5400,5.2000,5.5100,34661800,NIO,5.7330,5.6980,6.0442,5.8012,5.5565,5.7223,5.8666,5.5664
2026-06-10,5.1800,5.3100,5.1500,5.1900,25410800,NIO,5.6880,5.6486,6.0376,5.7768,5.5619,5.7115,5.8608,5.5625
2026-06-11,5.2300,5.2900,5.1400,5.2900,26805600,NIO,5.6225,5.6088,6.0216,5.7554,5.5671,5.7020,5.8565,5.5592
2026-06-12,5.2100,5.3300,5.1400,5.3000,23566700,NIO,5.5705,5.5708,6.0018,5.7340,5.5736,5.6922,5.8490,5.5558
2026-06-15,5.2000,5.3200,5.2000,5.2500,22991500,NIO,5.5255,5.5355,5.9798,5.7131,5.5789,5.6825,5.8433,5.5522
2026-06-16,5.0100,5.0800,4.9500,5.0300,43635400,NIO,5.4820,5.4854,5.9552,5.6855,5.5813,5.6692,5.8358,5.5468
2026-06-17,5.0500,5.1700,4.9600,4.9600,26196200,NIO,5.4475,5.4440,5.9334,5.6606,5.5854,5.6569,5.8292,5.5419
2026-06-18,5.0200,5.2300,5.0000,5.1700,33400100,NIO,5.4190,5.4036,5.9062,5.6355,5.5895,5.6443,5.8214,5.5367
2026-06-22,5.0500,5.1900,4.9400,4.9600,30398200,NIO,5.3915,5.3699,5.8858,5.6125,5.5936,5.6325,5.8150,5.5318
2026-06-23,5.0900,5.1800,4.8700,4.8800,34404900,NIO,5.3860,5.3432,5.8576,5.5920,5.5986,5.6218,5.8098,5.5274
2026-06-24,4.9000,5.0700,4.9000,4.9700,25703900,NIO,5.3680,5.3010,5.8262,5.5649,5.5999,5.6075,5.8046,5.5212
2026-06-25,4.7300,4.9000,4.7300,4.9000,34333200,NIO,5.3170,5.2466,5.7892,5.5321,5.6002,5.5901,5.7974,5.5133
2026-06-26,4.8600,4.8800,4.6600,4.6700,25858600,NIO,5.2825,5.2098,5.7578,5.5058,5.6036,5.5757,5.7903,5.5068
2026-06-29,4.9500,4.9800,4.8500,4.8600,21753000,NIO,5.2500,5.1851,5.7194,5.4840,5.6076,5.5633,5.7864,5.5013
2026-06-30,5.0600,5.0800,4.9000,4.9300,26216000,NIO,5.2040,5.1732,5.6840,5.4673,5.6138,5.5533,5.7814,5.4969
2026-07-01,4.9700,5.0800,4.9300,4.9300,27474400,NIO,5.1520,5.1538,5.6502,5.4478,5.6165,5.5418,5.7751,5.4917
2026-07-02,4.7900,4.9900,4.7300,4.8400,35289300,NIO,5.1040,5.1192,5.6174,5.4220,5.6140,5.5269,5.7666,5.4847
2026-07-06,5.0200,5.1000,4.8800,4.8900,27223800,NIO,5.0705,5.1097,5.5882,5.4063,5.6153,5.5168,5.7566,5.4801
2026-07-07,4.8800,5.1200,4.8800,5.0700,22276600,NIO,5.0465,5.0878,5.5602,5.3856,5.6145,5.5042,5.7438,5.4741
2026-07-08,4.9000,4.9700,4.8500,4.8900,17843300,NIO,5.0190,5.0700,5.5340,5.3666,5.6128,5.4923,5.7314,5.4684
2026-07-09,4.7800,4.8500,4.7200,4.8500,24770100,NIO,4.9940,5.0423,5.5050,5.3436,5.6111,5.4782,5.7185,5.4615
2026-07-10,4.7800,4.9200,4.7700,4.9200,16567800,NIO,4.9740,5.0174,5.4734,5.3215,5.6094,5.4643,5.7079,5.4547
2026-07-13,4.9300,5.0100,4.8600,4.8900,29569500,NIO,4.9590,5.0090,5.4442,5.3061,5.6095,5.4538,5.6979,5.4495
2026-07-14,5.0100,5.1800,4.9800,5.1500,23121700,NIO,4.9490,5.0091,5.4166,5.2945,5.6105,5.4450,5.6873,5.4451
2026-07-15,5.0300,5.2100,5.0200,5.0600,22668200,NIO,4.9405,5.0111,5.3990,5.2842,5.6115,5.4367,5.6751,5.4410
2026-07-16,4.9900,5.1400,4.9700,5.1300,16338200,NIO,4.9395,5.0091,5.3774,5.2726,5.6107,5.4279,5.6649,5.4365
2026-07-17,4.8800,4.9000,4.8100,4.8500,22446100,NIO,4.9310,4.9968,5.3570,5.2572,5.6066,5.4170,5.6532,5.4310
2026-07-20,4.8100,4.9800,4.8100,4.9300,17298900,NIO,4.9205,4.9790,5.3352,5.2397,5.6017,5.4050,5.6392,5.4248
2026-07-21,4.7900,4.9000,4.7700,4.8400,18927600,NIO,4.9075,4.9610,5.3136,5.2220,5.5977,5.3929,5.6249,5.4185
2026-07-22,4.6700,4.7700,4.6600,4.7500,31156700,NIO,4.8865,4.9333,5.2900,5.2004,5.5935,5.3785,5.6088,5.4110
2026-07-23,4.6400,4.7300,4.5800,4.6800,21891900,NIO,4.8735,4.9054,5.2614,5.1784,5.5912,5.3639,5.5935,5.4034
2026-07-24,4.4900,4.6500,4.4700,4.6500,23968300,NIO,4.8615,4.8658,5.2296,5.1514,5.5889,5.3466,5.5780,5.3943
2026-07-27,4.6200,4.6300,4.5500,4.5700,22549800,NIO,4.8495,4.8424,5.1912,5.1306,5.5892,5.3322,5.5636,5.3866
2026-07-28,4.6800,4.7200,4.6000,4.6200,23259100,NIO,4.8360,4.8269,5.1598,5.1129,5.5876,5.3193,5.5477,5.3795
2026-07-29,4.7600,4.9400,4.7300,4.8300,34176500,NIO,4.8210,4.8206,5.1330,5.0991,5.5880,5.3082,5.5342,5.3734
2026-07-30,4.8400,4.8400,4.6800,4.7300,19239800,NIO,4.8145,4.8224,5.1122,5.0889,5.5886,5.2990,5.5249,5.3681
2026-07-31,4.8800,4.9200,4.8000,4.9000,18175400,NIO,4.8190,4.8279,5.0950,5.0807,5.5880,5.2907,5.5134,5.3632
2026-08-03,4.8100,4.8900,4.7600,4.8500,23767500,NIO,4.8085,4.8262,5.0794,5.0701,5.5791,5.2811,5.5034,5.3577
2026-08-04,4.7600,4.8400,4.7100,4.7500,23351700,NIO,4.8025,4.8199,5.0626,5.0579,5.5720,5.2708,5.4931,5.3518
2026-08-05,4.6500,4.8000,4.6400,4.7500,25929800,NIO,4.7900,4.8037,5.0516,5.0419,5.5630,5.2585,5.4822,5.3448
2026-08-06,4.6000,4.6400,4.5500,4.6400,23873800,NIO,4.7810,4.7843,5.0384,5.0246,5.5504,5.2455,5.4715,5.3374
2026-08-07,4.7400,4.7600,4.6400,4.6800,25158500,NIO,4.7790,4.7801,5.0182,5.0135,5.5375,5.2355,5.4599,5.3314
2026-08-10,4.8200,4.8200,4.7200,4.7700,28960600,NIO,4.7735,4.7839,5.0036,5.0059,5.5261,5.2273,5.4500,5.3263
2026-08-11,4.6200,4.6400,4.5100,4.6300,56648300,NIO,4.7540,4.7683,4.9840,4.9907,5.5141,5.2152,5.4389,5.3193
2026-08-12,4.5400,4.6000,4.5300,4.5700,21016600,NIO,4.7295,4.7465,4.9552,4.9731,5.5006,5.2019,5.4271,5.3116
2026-08-13,4.5000,4.5200,4.4500,4.4700,21703600,NIO,4.7050,4.7231,4.9250,4.9545,5.4913,5.1880,5.4151,5.3035
2026-08-14,4.5200,4.5400,4.4800,4.4900,27108100,NIO,4.6870,4.7037,4.9004,4.9375,5.4783,5.1747,5.4025,5.2957
2026-08-17,4.6000,4.6100,4.5300,4.5400,15945290,NIO,4.6765,4.6938,4.8786,4.9242,5.4670,5.1634,5.3901,5.2888
