Date,Close,High,Low,Open,Volume,Ticker,SMA_20,EMA_20,SMA_50,EMA_50,SMA_100,EMA_100,SMA_200,EMA_200
2021-09-13,22.0549,22.8633,21.7621,22.5845,297500000,NVDA,,22.0549,,22.0549,,22.0549,,22.0549
2021-09-14,22.1445,22.3117,21.9892,22.1773,199755000,NVDA,,22.0634,,22.0584,,22.0566,,22.0557
2021-09-15,22.2430,22.2689,21.8697,22.2112,166538000,NVDA,,22.0805,,22.0656,,22.0603,,22.0576
2021-09-16,22.1445,22.1793,21.8308,22.0857,156033000,NVDA,,22.0866,,22.0687,,22.0620,,22.0585
2021-09-17,21.8040,22.2231,21.7343,22.2022,294503000,NVDA,,22.0597,,22.0583,,22.0569,,22.0559
2021-09-20,21.0204,21.3390,20.5714,21.0533,349440000,NVDA,,21.9607,,22.0176,,22.0364,,22.0456
2021-09-21,21.1528,21.3310,20.8581,21.3231,204688000,NVDA,,21.8838,,21.9837,,22.0189,,22.0368
2021-09-22,21.8448,21.8637,21.1031,21.2723,268726000,NVDA,,21.8800,,21.9783,,22.0154,,22.0348
2021-09-23,22.3834,22.4362,21.7940,22.0429,248555000,NVDA,,21.9280,,21.9941,,22.0227,,22.0383
2021-09-24,21.9842,22.0519,21.7651,21.9732,217655000,NVDA,,21.9333,,21.9938,,22.0219,,22.0378
2021-09-27,21.5650,21.7034,21.2315,21.6148,245215000,NVDA,,21.8983,,21.9769,,22.0129,,22.0331
2021-09-28,20.6082,21.3251,20.5604,21.1210,343069000,NVDA,,21.7754,,21.9233,,21.9851,,22.0189
2021-09-29,20.4270,20.9248,20.3772,20.8482,218394000,NVDA,,21.6470,,21.8646,,21.9542,,22.0031
2021-09-30,20.6252,20.9736,20.5973,20.6769,221009000,NVDA,,21.5497,,21.8160,,21.9279,,21.9893
2021-10-01,20.6510,20.7675,20.1144,20.6590,240978000,NVDA,,21.4641,,21.7703,,21.9026,,21.9760
2021-10-04,19.6455,20.4519,19.4692,20.4141,345635000,NVDA,,21.2909,,21.6870,,21.8579,,21.9528
2021-10-05,20.3613,20.5575,19.7669,19.8625,279282000,NVDA,,21.2024,,21.6350,,21.8283,,21.9370
2021-10-06,20.6092,20.6291,19.9919,20.0318,297202000,NVDA,,21.1459,,21.5948,,21.8041,,21.9238
2021-10-07,20.9826,21.2285,20.8800,20.9995,256919000,NVDA,,21.1303,,21.5708,,21.7879,,21.9144
2021-10-08,20.7396,21.1130,20.6839,21.0085,151258000,NVDA,21.2496,21.0931,,21.5382,,21.7671,,21.9027
2021-10-11,20.6042,20.9706,20.4211,20.4848,163388000,NVDA,21.1770,21.0465,,21.5015,,21.7441,,21.8898
2021-10-12,20.5804,20.9647,20.4380,20.7367,162134000,NVDA,21.0988,21.0021,,21.4654,,21.7210,,21.8768
2021-10-13,20.8472,20.8980,20.6222,20.8263,180652000,NVDA,21.0290,20.9874,,21.4412,,21.7037,,21.8665
2021-10-14,21.6506,21.6596,21.0294,21.1946,243589000,NVDA,21.0043,21.0506,,21.4494,,21.7027,,21.8644
2021-10-15,21.7661,21.8348,21.5670,21.7144,226994000,NVDA,21.0024,21.1187,,21.4618,,21.7039,,21.8634
2021-10-18,22.1245,22.1932,21.5491,21.6536,189494000,NVDA,21.0576,21.2145,,21.4878,,21.7123,,21.8660
2021-10-19,22.1922,22.2809,21.9404,22.1783,161473000,NVDA,21.1096,21.3076,,21.5154,,21.7218,,21.8693
2021-10-20,22.0061,22.3346,21.8856,22.2072,146276000,NVDA,21.1177,21.3741,,21.5347,,21.7274,,21.8706
2021-10-21,22.5925,22.6114,21.9862,22.0001,187590000,NVDA,21.1281,21.4902,,21.5761,,21.7445,,21.8778
2021-10-22,22.6263,23.0286,22.4621,22.7229,249384000,NVDA,21.1602,21.5984,,21.6173,,21.7620,,21.8853
2021-10-25,23.0644,23.2526,22.6701,22.8723,230235000,NVDA,21.2352,21.7380,,21.6741,,21.7878,,21.8970
2021-10-26,24.6086,25.1482,23.8191,23.8838,485898000,NVDA,21.4352,22.0114,,21.7892,,21.8437,,21.9240
2021-10-27,24.3438,24.9800,24.1755,24.3667,245990000,NVDA,21.6311,22.2335,,21.8893,,21.8932,,21.9480
2021-10-28,24.8316,24.8406,24.4155,24.7689,234204000,NVDA,21.8414,22.4810,,22.0047,,21.9513,,21.9767
2021-10-29,25.4549,25.5963,24.8904,24.8914,292503000,NVDA,22.0816,22.7642,,22.1400,,22.0207,,22.0113
2021-11-01,25.7137,25.7804,25.1164,25.5365,265740000,NVDA,22.3850,23.0451,,22.2802,,22.0939,,22.0482
2021-11-02,26.2852,26.5610,25.6869,25.7088,294112000,NVDA,22.6812,23.3537,,22.4372,,22.1769,,22.0903
2021-11-03,26.4814,26.6665,26.1200,26.5530,239910000,NVDA,22.9748,23.6516,,22.5958,,22.2621,,22.1340
2021-11-04,29.6703,31.2275,26.9991,27.1096,1153631000,NVDA,23.4092,24.2248,,22.8733,,22.4088,,22.2090
2021-11-05,29.6215,31.2623,29.2810,30.0546,851260000,NVDA,23.8533,24.7388,,23.1379,,22.5516,,22.2828
2021-11-08,30.6689,30.9636,29.7758,30.0168,503101000,NVDA,24.3565,25.3035,,23.4332,,22.7124,,22.3662
2021-11-09,30.5226,32.1683,29.8326,32.1404,646746000,NVDA,24.8536,25.8006,,23.7112,,22.8670,,22.4474
2021-11-10,29.3298,30.7147,28.6518,29.2273,636206000,NVDA,25.2778,26.1367,,23.9316,,22.9950,,22.5159
2021-11-11,30.2567,30.4558,29.6464,30.3344,332172000,NVDA,25.7081,26.5291,,24.1796,,23.1388,,22.5929
2021-11-12,30.2567,30.5455,29.5001,29.8784,413054000,NVDA,26.1326,26.8841,,24.4179,,23.2797,,22.6691
2021-11-15,29.8933,30.5096,29.1187,30.4180,384909000,NVDA,26.5210,27.1707,,24.6327,,23.4107,,22.7410
2021-11-16,30.0705,30.2567,29.5757,29.6285,264484000,NVDA,26.9150,27.4469,,24.8459,,23.5426,,22.8140
2021-11-17,29.1327,30.3752,28.6737,30.2846,428508000,NVDA,27.2713,27.6074,,25.0140,,23.6533,,22.8768
2021-11-18,31.5361,32.6163,31.1836,32.2251,781711000,NVDA,27.7185,27.9816,,25.2698,,23.8094,,22.9630
2021-11-19,32.8404,32.9429,31.7651,32.1016,533867000,NVDA,28.2292,28.4443,24.1313,25.5667,,23.9882,,23.0613
2021-11-22,31.8159,34.4951,31.7601,33.3700,754335000,NVDA,28.6667,28.7654,24.3265,25.8117,,24.1432,,23.1484
2021-11-23,31.6068,32.2181,30.7446,31.3967,532163000,NVDA,29.0166,29.0360,24.5158,26.0390,,24.2910,,23.2325
2021-11-24,32.5307,32.7109,30.7924,31.3230,435162000,NVDA,29.4260,29.3689,24.7215,26.2936,,24.4542,,23.3251
2021-11-26,31.3648,32.5666,31.2125,32.4570,283069000,NVDA,29.7527,29.5589,24.9059,26.4924,,24.5910,,23.4051
2021-11-29,33.2296,33.2655,31.8955,32.2241,454964000,NVDA,30.1414,29.9085,25.1344,26.7566,,24.7621,,23.5028
2021-11-30,32.5327,33.2067,31.7243,33.0235,622066000,NVDA,30.4823,30.1585,25.3647,26.9832,,24.9159,,23.5927
2021-12-01,31.3010,33.1471,31.2462,33.0774,484368000,NVDA,30.7331,30.2673,25.5676,27.1525,,25.0424,,23.6694
2021-12-02,31.9890,32.3395,30.8927,31.0809,472890000,NVDA,31.0085,30.4312,25.7705,27.3422,,25.1799,,23.7522
2021-12-03,30.5621,31.9920,30.0015,31.8636,544325000,NVDA,31.0531,30.4437,25.9341,27.4684,,25.2865,,23.8199
2021-12-06,29.9089,30.1121,27.9185,29.7526,658938000,NVDA,31.0675,30.3928,26.0926,27.5641,,25.3780,,23.8805
2021-12-07,32.2887,32.3107,30.5203,30.8250,593053000,NVDA,31.1485,30.5733,26.3071,27.7494,,25.5149,,23.9642
2021-12-08,31.6903,32.1523,31.2870,31.8626,475551000,NVDA,31.2068,30.6797,26.5287,27.9040,,25.6372,,24.0410
2021-12-09,30.3600,32.0677,30.2983,31.5987,488507000,NVDA,31.2584,30.6493,26.7274,28.0003,,25.7307,,24.1039
2021-12-10,30.0693,31.1715,29.7337,31.0172,488825000,NVDA,31.2490,30.5940,26.9163,28.0814,,25.8166,,24.1633
2021-12-13,28.0409,30.1648,27.9961,30.1200,598344000,NVDA,31.1382,30.3509,27.0641,28.0798,,25.8607,,24.2019
2021-12-14,28.2162,28.5557,27.1338,27.5809,667035000,NVDA,31.0543,30.1476,27.2355,28.0852,,25.9073,,24.2418
2021-12-15,30.3291,30.3700,27.7193,28.2789,698297000,NVDA,31.0673,30.1649,27.4348,28.1732,,25.9949,,24.3024
2021-12-16,28.2660,31.0272,27.9732,31.0192,707366000,NVDA,31.0239,29.9840,27.5880,28.1768,,26.0398,,24.3418
2021-12-17,27.6825,28.7987,27.6416,27.8657,713758000,NVDA,30.8313,29.7648,27.7220,28.1574,,26.0724,,24.3751
2021-12-20,27.6008,28.0240,27.0293,27.1886,461847000,NVDA,30.5693,29.5587,27.8592,28.1356,,26.1026,,24.4071
2021-12-21,28.9510,28.9958,27.2842,28.2530,524385000,NVDA,30.4260,29.5009,28.0261,28.1676,,26.1590,,24.4524
2021-12-22,29.2747,29.4290,28.3277,28.7678,395184000,NVDA,30.3094,29.4793,28.2000,28.2110,,26.2207,,24.5003
2021-12-23,29.5136,29.9308,29.3055,29.6281,343022000,NVDA,30.1586,29.4826,28.3733,28.2621,,26.2859,,24.5502
2021-12-27,30.8131,30.9545,29.5136,29.5335,403686000,NVDA,30.1310,29.6093,28.5566,28.3621,,26.3756,,24.6125
2021-12-28,30.1927,31.1964,29.8840,31.1785,420591000,NVDA,29.9791,29.6649,28.7251,28.4339,,26.4512,,24.6681
2021-12-29,29.8731,30.4178,29.2408,30.1439,343139000,NVDA,29.8462,29.6847,28.8801,28.4903,,26.5189,,24.7199
2021-12-30,29.4599,30.3272,29.4141,29.6998,308864000,NVDA,29.7541,29.6633,29.0254,28.5284,,26.5772,,24.7670
2021-12-31,29.2856,29.9020,29.2060,29.5475,266530000,NVDA,29.6189,29.6273,29.1710,28.5581,,26.6308,,24.8120
2022-01-03,29.9926,30.5801,29.6580,29.6879,391547000,NVDA,29.5905,29.6621,29.3190,28.6143,,26.6974,,24.8635
2022-01-04,29.1651,30.3381,28.2281,30.1479,527154000,NVDA,29.5533,29.6148,29.4498,28.6359,,26.7462,,24.9063
2022-01-05,27.4863,29.2906,27.4156,28.8256,498064000,NVDA,29.3131,29.4121,29.5382,28.5908,,26.7609,,24.9320
2022-01-06,28.0579,28.3168,26.9496,27.5222,454186000,NVDA,29.1315,29.2831,29.6072,28.5699,,26.7866,,24.9631
2022-01-07,27.1308,28.3008,26.9416,28.0210,409939000,NVDA,28.9701,29.0781,29.6630,28.5135,,26.7934,,24.9847
2022-01-10,27.2832,27.3519,25.5347,26.4677,594681000,NVDA,28.8308,28.9072,29.7120,28.4652,,26.8031,,25.0076
2022-01-11,27.6984,27.9453,26.7246,27.2065,404089000,NVDA,28.8136,28.7920,29.7569,28.4352,,26.8208,,25.0343
2022-01-12,27.8796,28.4731,27.4903,27.9473,383413000,NVDA,28.7968,28.7051,29.8002,28.4134,,26.8418,,25.0626
2022-01-13,26.4617,28.3586,26.3850,28.2580,540171000,NVDA,28.6034,28.4915,29.8037,28.3369,,26.8343,,25.0766
2022-01-14,26.8271,27.0811,26.0983,26.1879,395832000,NVDA,28.5315,28.3330,29.8106,28.2776,,26.8341,,25.0940
2022-01-18,25.7926,26.5244,25.6601,26.1480,424270000,NVDA,28.4370,28.0910,29.7331,28.1802,,26.8135,,25.1009
2022-01-19,24.9601,26.4298,24.9452,25.9678,488315000,NVDA,28.3050,27.7929,29.6398,28.0539,,26.7768,,25.0995
2022-01-20,24.0470,25.4699,23.9753,25.1961,435181000,NVDA,28.0598,27.4361,29.5074,27.8968,,26.7227,,25.0891
2022-01-21,23.2743,24.7172,23.1638,23.4068,718958000,NVDA,27.7597,27.0397,29.3624,27.7155,,26.6544,,25.0710
2022-01-24,23.2724,23.2803,20.7989,22.2348,913982000,NVDA,27.4477,26.6810,29.2413,27.5413,,26.5875,,25.0531
2022-01-25,22.2288,22.8452,21.9062,22.4499,664616000,NVDA,27.0185,26.2569,29.0807,27.3329,,26.5012,,25.0250
2022-01-26,22.6749,23.9544,22.2049,23.1409,755959000,NVDA,26.6426,25.9158,28.9291,27.1503,,26.4254,,25.0016
2022-01-27,21.8504,23.8927,21.5826,23.4675,573353000,NVDA,26.2414,25.5286,28.7682,26.9424,,26.3348,,24.9703
2022-01-28,22.7426,22.7605,21.2052,21.9182,543774000,NVDA,25.9056,25.2633,28.6217,26.7777,,26.2637,,24.9481
2022-01-31,24.3816,24.4045,22.9537,23.0832,564680000,NVDA,25.6604,25.1793,28.5267,26.6838,,26.2264,,24.9425
2022-02-01,24.5330,25.0378,23.7882,24.9970,518925000,NVDA,25.3874,25.1178,28.3866,26.5994,,26.1929,,24.9384
2022-02-02,25.1344,25.7069,24.4483,25.6840,543419000,NVDA,25.1859,25.1193,28.2325,26.5420,26.1819,26.1719,,24.9403
2022-02-03,23.8459,24.9701,23.6786,24.3537,410178000,NVDA,25.0038,24.9981,28.0731,26.4362,26.1998,26.1259,,24.9294
2022-02-04,24.2153,24.5300,23.5312,23.8698,354829000,NVDA,24.8117,24.9235,27.9253,26.3491,26.2205,26.0880,,24.9223
2022-02-07,24.6226,25.0746,24.0988,24.2681,376868000,NVDA,24.6863,24.8949,27.7671,26.2814,26.2443,26.0590,,24.9194
2022-02-08,25.0010,25.1224,23.8778,24.2551,410359000,NVDA,24.5722,24.9050,27.6398,26.2312,26.2729,26.0380,,24.9202
2022-02-09,26.5911,26.6111,25.2449,25.5128,524282000,NVDA,24.5168,25.0655,27.5070,26.2453,26.3207,26.0490,,24.9368
2022-02-10,25.7139,26.8102,25.4909,25.8842,513200000,NVDA,24.4085,25.1273,27.3707,26.2245,26.3677,26.0424,,24.9445
2022-02-11,23.8469,26.0405,23.6716,25.8055,605472000,NVDA,24.2778,25.0054,27.2216,26.1313,26.3946,25.9989,,24.9336
2022-02-14,24.1635,24.7689,23.6537,23.8320,440424000,NVDA,24.1446,24.9252,27.0651,26.0541,26.4178,25.9625,,24.9259
2022-02-15,26.3820,26.4318,24.6783,24.8426,699869000,NVDA,24.1741,25.0639,26.9815,26.0670,26.4578,25.9709,,24.9404
2022-02-16,26.3980,26.4687,25.4431,26.1470,732676000,NVDA,24.2460,25.1910,26.9113,26.0799,26.5019,25.9793,,24.9549
2022-02-17,24.4025,25.6751,24.0620,25.5207,810595000,NVDA,24.2638,25.1159,26.7535,26.0142,26.5303,25.9481,,24.9494
2022-02-18,23.5412,24.8795,23.0015,24.5628,761255000,NVDA,24.2771,24.9659,26.5905,25.9172,26.5596,25.9004,,24.9354
2022-02-22,23.2903,23.9614,22.9019,22.9368,633422000,NVDA,24.2780,24.8063,26.4492,25.8142,26.5883,25.8487,,24.9191
2022-02-23,22.2916,24.0520,22.2059,23.7005,566511000,NVDA,24.2811,24.5668,26.2936,25.6760,26.6049,25.7783,,24.8929
2022-02-24,23.6467,23.6985,20.8009,20.9254,735801000,NVDA,24.3297,24.4792,26.2057,25.5964,26.6349,25.7361,,24.8805
2022-02-25,24.0540,24.1138,23.2813,23.6199,528866000,NVDA,24.4399,24.4387,26.1225,25.5360,26.6790,25.7028,,24.8723
2022-02-28,24.2810,24.5598,23.6059,23.8897,477319000,NVDA,24.5168,24.4237,26.0015,25.4867,26.7182,25.6746,,24.8664
2022-03-01,23.3769,24.2731,23.0334,24.1874,412056000,NVDA,24.4666,24.3240,25.9037,25.4040,26.7458,25.6291,,24.8516
2022-03-02,24.1208,24.3091,23.3191,23.6588,389642000,NVDA,24.4460,24.3047,25.8325,25.3537,26.7772,25.5993,,24.8443
2022-03-03,23.6169,24.2264,23.3729,24.1627,365095000,NVDA,24.3701,24.2392,25.7528,25.2856,26.8060,25.5600,,24.8321
2022-03-04,22.8421,23.5831,22.3900,23.2883,431415000,NVDA,24.3199,24.1061,25.6306,25.1898,26.8284,25.5062,,24.8123
2022-03-07,21.2646,22.9387,21.2427,22.7236,450821000,NVDA,24.1724,23.8355,25.4704,25.0358,26.8352,25.4222,,24.7770
2022-03-08,21.4259,22.2814,20.5655,21.2218,557467000,NVDA,24.0126,23.6060,25.3087,24.8943,26.8410,25.3431,,24.7437
2022-03-09,22.9198,23.1249,22.1559,22.2954,492742000,NVDA,23.9085,23.5406,25.1508,24.8168,26.8537,25.2951,,24.7255
2022-03-10,22.5652,22.6947,21.7924,22.4388,428066000,NVDA,23.7072,23.4478,24.9983,24.7285,26.8617,25.2410,,24.7040
2022-03-11,22.0095,23.0503,21.9557,22.9278,367209000,NVDA,23.5220,23.3108,24.8410,24.6219,26.8605,25.1770,,24.6772
2022-03-14,21.2427,22.1709,21.0724,21.7795,385354000,NVDA,23.3918,23.1138,24.6767,24.4894,26.8510,25.0991,,24.6430
2022-03-15,22.8790,22.9437,21.2347,21.4299,491996000,NVDA,23.3275,23.0914,24.5485,24.4262,26.8598,25.0552,,24.6255
2022-03-16,24.3957,24.4963,23.0771,23.4038,671422000,NVDA,23.2282,23.2157,24.4366,24.4250,26.8778,25.0421,,24.6232
2022-03-17,24.6646,24.7403,23.8081,24.0213,471941000,NVDA,23.1416,23.3537,24.3466,24.4344,26.8982,25.0346,,24.6236
2022-03-18,26.3447,26.4602,24.5232,24.6975,730719000,NVDA,23.2387,23.6385,24.3237,24.5093,26.9310,25.0606,,24.6407
2022-03-21,26.6246,27.0408,25.8607,26.3985,591727000,NVDA,23.3928,23.9229,24.2951,24.5923,26.9512,25.0915,,24.6605
2022-03-22,26.4154,27.1265,25.9653,26.6176,547007000,NVDA,23.5491,24.1603,24.2808,24.6638,26.9719,25.1178,,24.6779
2022-03-23,25.5291,26.5031,25.4703,26.0190,502120000,NVDA,23.7110,24.2906,24.2457,24.6977,26.9788,25.1259,,24.6864
2022-03-24,28.0348,28.2041,25.8009,26.0589,877379000,NVDA,23.9304,24.6472,24.2524,24.8286,27.0046,25.1835,,24.7197
2022-03-25,27.5786,28.2419,27.1594,27.7718,579016000,NVDA,24.1066,24.9264,24.2464,24.9364,27.0233,25.2309,,24.7482
2022-03-28,28.1035,28.1344,27.0946,27.6424,425494000,NVDA,24.2977,25.2290,24.2792,25.0606,27.0415,25.2878,,24.7815
2022-03-29,28.5387,28.8275,27.8655,28.5775,488984000,NVDA,24.5558,25.5442,24.3135,25.1970,27.0620,25.3522,,24.8189
2022-03-30,27.5766,28.3793,27.3904,28.1881,463487000,NVDA,24.7286,25.7378,24.3491,25.2903,27.0411,25.3962,,24.8464
2022-03-31,27.1743,28.1324,27.1584,27.6683,523440000,NVDA,24.9065,25.8746,24.3934,25.3642,27.0166,25.4314,,24.8695
2022-04-01,26.6026,27.3834,26.1595,27.2629,517235000,NVDA,25.0945,25.9439,24.4445,25.4128,26.9760,25.4546,,24.8868
2022-04-04,27.2480,27.4452,26.5041,26.6186,397120000,NVDA,25.3937,26.0681,24.5240,25.4848,26.9432,25.4901,,24.9103
2022-04-05,25.8248,27.2072,25.7143,27.1424,436615000,NVDA,25.6136,26.0449,24.5751,25.4981,26.9082,25.4968,,24.9194
2022-04-06,24.3071,25.1964,23.9047,24.8319,703833000,NVDA,25.6830,25.8794,24.6166,25.4514,26.8487,25.4732,,24.9133
2022-04-07,24.1089,24.6208,23.3819,24.3409,557992000,NVDA,25.7602,25.7108,24.6453,25.3987,26.7872,25.4462,,24.9053
2022-04-08,23.0244,23.8251,22.9676,23.8191,524781000,NVDA,25.8109,25.4550,24.6688,25.3056,26.7185,25.3982,,24.8866
2022-04-11,21.8273,22.2286,21.5713,22.1231,575207000,NVDA,25.8401,25.1095,24.6505,25.1692,26.6361,25.3275,,24.8561
2022-04-12,21.4160,22.6320,21.1949,22.4447,662258000,NVDA,25.7670,24.7577,24.5912,25.0220,26.5589,25.2501,,24.8219
2022-04-13,22.1121,22.4079,21.3672,21.6391,516943000,NVDA,25.6528,24.5057,24.5427,24.9079,26.4647,25.1879,,24.7949
2022-04-14,21.1710,22.6838,21.0764,22.4129,569097000,NVDA,25.4781,24.1881,24.4635,24.7614,26.3480,25.1084,,24.7589
2022-04-18,21.6938,21.9976,20.9927,21.1132,525701000,NVDA,25.2456,23.9506,24.4204,24.6411,26.2468,25.0408,,24.7284
2022-04-19,22.1071,22.2814,21.2267,21.6311,512781000,NVDA,25.0197,23.7750,24.3783,24.5417,26.1518,24.9827,,24.7023
2022-04-20,21.3941,22.5772,21.1132,22.4248,468974000,NVDA,24.7686,23.5483,24.3137,24.4183,26.0404,24.9116,,24.6694
2022-04-21,20.1004,22.3003,19.9181,21.6201,656209000,NVDA,24.4972,23.2199,24.2157,24.2489,25.9278,24.8164,,24.6239
2022-04-22,19.4351,20.4021,19.4202,20.2199,624713000,NVDA,24.0672,22.8594,24.0726,24.0602,25.7898,24.7098,,24.5723
2022-04-25,19.8205,19.8634,19.0178,19.1234,641566000,NVDA,23.6793,22.5700,23.9547,23.8939,25.6627,24.6130,,24.5250
2022-04-26,18.7111,19.7070,18.5936,19.6373,653143000,NVDA,23.2097,22.2025,23.8520,23.6907,25.5368,24.4961,,24.4671
2022-04-27,18.3396,19.0885,18.2151,18.5219,499460000,NVDA,22.6997,21.8346,23.7355,23.4808,25.4003,24.3742,,24.4062
2022-04-28,19.7010,19.9550,18.4143,18.8894,570327000,NVDA,22.3060,21.6314,23.6019,23.3326,25.2917,24.2817,,24.3594
2022-04-29,18.4711,20.0456,18.4412,19.3226,500435000,NVDA,21.8708,21.3304,23.4433,23.1419,25.1773,24.1666,,24.3008
2022-05-02,19.4530,19.4939,18.3157,18.4651,572049000,NVDA,21.5133,21.1516,23.3444,22.9973,25.0489,24.0733,,24.2525
2022-05-03,19.5218,19.7438,19.0547,19.3206,475751000,NVDA,21.1270,20.9964,23.2640,22.8610,24.9273,23.9831,,24.2055
2022-05-04,20.2508,20.3165,18.6742,19.8414,648855000,NVDA,20.8483,20.9254,23.2032,22.7586,24.8262,23.9092,,24.1661
2022-05-05,18.7669,19.8434,18.4243,19.7857,626331000,NVDA,20.5713,20.7198,23.1327,22.6021,24.7131,23.8074,,24.1124
2022-05-06,18.5986,19.4321,17.9164,18.6593,633297000,NVDA,20.2958,20.5178,23.0317,22.4451,24.6187,23.7042,,24.0575
2022-05-09,16.8806,18.1803,16.7581,17.9602,644455000,NVDA,19.9886,20.1714,22.8883,22.2269,24.5054,23.5691,,23.9861
2022-05-10,17.5230,18.1235,16.9553,17.6166,761474000,NVDA,19.7734,19.9192,22.7531,22.0424,24.3773,23.4494,,23.9218
2022-05-11,16.5619,17.6803,16.5002,17.2760,670167000,NVDA,19.5307,19.5994,22.6168,21.8275,24.2603,23.3130,,23.8486
2022-05-12,16.1088,16.7193,15.5033,16.1526,708728000,NVDA,19.2305,19.2670,22.4566,21.6032,24.1445,23.1704,,23.7716
2022-05-13,17.6335,17.8546,16.5251,16.7193,670437000,NVDA,19.0536,19.1114,22.3369,21.4475,24.0449,23.0607,,23.7105
2022-05-16,17.1933,17.7152,17.0360,17.4373,521446000,NVDA,18.8286,18.9287,22.2239,21.2807,23.9273,22.9445,,23.6456
2022-05-17,18.1026,18.2958,17.5618,18.0000,585830000,NVDA,18.6284,18.8501,22.1607,21.1561,23.8156,22.8486,,23.5905
2022-05-18,16.8687,18.0438,16.7950,17.6325,545161000,NVDA,18.4021,18.6614,22.0695,20.9879,23.6891,22.7302,,23.5236
2022-05-19,17.0539,17.6146,16.6655,16.8677,621310000,NVDA,18.2498,18.5083,21.9522,20.8337,23.5515,22.6178,,23.4592
2022-05-20,16.6257,17.3387,15.6905,17.2611,739105000,NVDA,18.1093,18.3290,21.8334,20.6686,23.4158,22.4992,,23.3912
2022-05-23,16.8288,16.8458,16.1128,16.2074,639889000,NVDA,17.9597,18.1861,21.7298,20.5181,23.2854,22.3869,,23.3259
2022-05-24,16.0879,16.5291,15.7154,16.4424,588550000,NVDA,17.8286,17.9863,21.6267,20.3443,23.1517,22.2622,,23.2539
2022-05-25,16.9055,17.0409,15.9345,15.9544,781132000,NVDA,17.7569,17.8833,21.5072,20.2095,23.0279,22.1561,,23.1907
2022-05-26,17.7779,18.0179,15.9564,15.9704,996575000,NVDA,17.6607,17.8733,21.3749,20.1141,22.9057,22.0694,,23.1369
2022-05-27,18.7340,18.8037,18.0259,18.1116,738379000,NVDA,17.6739,17.9553,21.2563,20.0600,22.8014,22.0033,,23.0931
2022-05-31,18.5956,19.1214,18.2749,18.9023,664100000,NVDA,17.6310,18.0162,21.1013,20.0026,22.7125,21.9359,,23.0483
2022-06-01,18.2450,18.9750,18.0478,18.6474,544514000,NVDA,17.5671,18.0380,20.9337,19.9336,22.6144,21.8628,,23.0005
2022-06-02,19.5118,19.5387,18.1235,18.2171,648656000,NVDA,17.5302,18.1784,20.7956,19.9171,22.5382,21.8162,,22.9658
2022-06-03,18.6434,19.2529,18.4462,19.0039,598779000,NVDA,17.5240,18.2227,20.6579,19.8672,22.4518,21.7534,,22.9228
2022-06-06,18.7091,19.2578,18.4880,19.0606,422406000,NVDA,17.5295,18.2690,20.4714,19.8217,22.3619,21.6931,,22.8809
2022-06-07,18.8485,18.9222,18.1135,18.3964,388914000,NVDA,17.6279,18.3242,20.2968,19.7836,22.2716,21.6368,,22.8407
2022-06-08,18.5756,19.1055,18.4630,18.7260,363252000,NVDA,17.6806,18.3481,20.1062,19.7362,22.1927,21.5762,,22.7983
2022-06-09,17.9779,18.8595,17.9709,18.4092,395574000,NVDA,17.7514,18.3129,19.8950,19.6672,22.1042,21.5049,,22.7503
2022-06-10,16.9081,17.6283,16.8035,17.5317,465248000,NVDA,17.7913,18.1791,19.6816,19.5590,22.0154,21.4139,,22.6922
2022-06-13,15.5862,16.2487,15.5454,15.9379,604153000,NVDA,17.6890,17.9321,19.4499,19.4032,21.9217,21.2985,,22.6215
2022-06-14,15.7745,16.0036,15.3522,15.6699,469680000,NVDA,17.6180,17.7267,19.2333,19.2609,21.8389,21.1891,,22.5534
2022-06-15,16.4628,16.8025,15.8642,16.0325,563936000,NVDA,17.5360,17.6063,19.0176,19.1512,21.7708,21.0955,,22.4928
2022-06-16,15.5404,15.8801,15.3412,15.7984,545749000,NVDA,17.4696,17.4095,18.8119,19.0096,21.6935,20.9855,,22.4236
2022-06-17,15.8183,15.9329,15.2685,15.5872,630334000,NVDA,17.4079,17.2580,18.6422,18.8845,21.6294,20.8832,,22.3579
2022-06-21,16.5017,16.9420,16.3433,16.4110,483089000,NVDA,17.4017,17.1860,18.4900,18.7910,21.5677,20.7964,,22.2996
2022-06-22,16.2965,16.5973,16.1172,16.1630,437135000,NVDA,17.3750,17.1013,18.3555,18.6932,21.5121,20.7073,,22.2399
2022-06-23,16.1620,16.5206,15.7914,16.4549,463680000,NVDA,17.3787,17.0118,18.2421,18.5939,21.4463,20.6173,,22.1794
2022-06-24,17.0595,17.0734,16.2467,16.4359,472153000,NVDA,17.3864,17.0163,18.1550,18.5338,21.3731,20.5469,,22.1285
2022-06-27,16.8035,17.2627,16.5614,17.2448,427968000,NVDA,17.3377,16.9961,18.0488,18.4659,21.2958,20.4727,,22.0755
2022-06-28,15.9199,17.1352,15.8831,16.8344,461149000,NVDA,17.1970,16.8936,17.9438,18.3661,21.2036,20.3826,23.6928,22.0142
2022-06-29,15.4816,15.7586,15.1111,15.7526,482352000,NVDA,17.0413,16.7591,17.8196,18.2530,21.1200,20.2855,23.6599,21.9492
2022-06-30,15.1001,15.5066,14.8043,15.3014,686070000,NVDA,16.8841,16.6011,17.6794,18.1293,21.0289,20.1828,23.6247,21.8811
2022-07-01,14.4666,15.0045,14.3361,14.8411,577610000,NVDA,16.6318,16.3978,17.5409,17.9857,20.9273,20.0697,23.5858,21.8073
2022-07-05,14.9059,14.9129,14.0004,14.1200,651397000,NVDA,16.4449,16.2557,17.4370,17.8649,20.8263,19.9674,23.5496,21.7386
2022-07-06,15.0712,15.2595,14.7316,14.9517,529066000,NVDA,16.2631,16.1429,17.3497,17.7553,20.7111,19.8704,23.5159,21.6723
2022-07-07,15.7964,15.8831,15.3292,15.3960,492903000,NVDA,16.1104,16.1099,17.2692,17.6785,20.6120,19.7898,23.4898,21.6138
2022-07-08,15.7765,15.9747,15.3292,15.3701,467972000,NVDA,15.9705,16.0782,17.2105,17.6039,20.5313,19.7103,23.4629,21.5557
2022-07-11,15.0932,15.4667,14.9796,15.4657,437321000,NVDA,15.8263,15.9844,17.1456,17.5055,20.4406,19.6189,23.4292,21.4914
2022-07-12,15.0234,15.3711,14.8192,15.2087,458483000,NVDA,15.7320,15.8928,17.0521,17.4081,20.3270,19.5279,23.3924,21.4271
2022-07-13,15.1051,15.3153,14.4088,14.5333,521918000,NVDA,15.7080,15.8178,16.9847,17.3178,20.2140,19.4403,23.3580,21.3642
2022-07-14,15.3123,15.4129,14.6708,15.0493,456235000,NVDA,15.6849,15.7697,16.9019,17.2392,20.1231,19.3586,23.3267,21.3039
2022-07-15,15.7008,15.7207,15.3850,15.5982,385935000,NVDA,15.6468,15.7631,16.8255,17.1788,20.0447,19.2861,23.3022,21.2482
2022-07-18,16.0385,16.8314,15.9399,16.2387,670517000,NVDA,15.6717,15.7893,16.7413,17.1341,19.9722,19.2218,23.2802,21.1964
2022-07-19,16.9260,17.0436,16.1092,16.4220,702366000,NVDA,15.7270,15.8976,16.7045,17.1260,19.9186,19.1764,23.2617,21.1539
2022-07-20,17.7379,17.8634,16.7358,16.8812,760538000,NVDA,15.7888,16.0729,16.6872,17.1500,19.8595,19.1479,23.2472,21.1199
2022-07-21,17.9799,18.0735,17.4769,17.8156,557049000,NVDA,15.8730,16.2545,16.7092,17.1825,19.7987,19.1247,23.2389,21.0886
2022-07-22,17.2517,17.8972,17.0705,17.8235,536671000,NVDA,15.9275,16.3495,16.7038,17.1852,19.7284,19.0877,23.2233,21.0505
2022-07-25,16.9579,17.0575,16.5844,16.9529,480748000,NVDA,15.9224,16.4074,16.7117,17.1763,19.6643,19.0455,23.2050,21.0097
2022-07-26,16.4688,16.8533,16.4140,16.8234,397865000,NVDA,15.9057,16.4133,16.7189,17.1486,19.5877,18.9945,23.1825,20.9645
2022-07-27,17.7209,17.8664,16.8473,16.9659,569776000,NVDA,15.9957,16.5378,16.7207,17.1710,19.5288,18.9692,23.1674,20.9323
2022-07-28,17.9142,18.0696,17.3723,17.9052,474646000,NVDA,16.1174,16.6689,16.7351,17.2002,19.4795,18.9483,23.1539,20.9022
2022-07-29,18.0925,18.1732,17.6233,17.7438,435460000,NVDA,16.2670,16.8045,16.7349,17.2351,19.4478,18.9314,23.1415,20.8743
2022-08-01,18.3694,18.7728,17.9201,18.1114,476469000,NVDA,16.4621,16.9535,16.7649,17.2796,19.4172,18.9203,23.1291,20.8494
2022-08-02,18.4541,18.8645,18.0217,18.0516,489527000,NVDA,16.6395,17.0964,16.7929,17.3257,19.3726,18.9110,23.1131,20.8255
2022-08-03,18.8196,18.8943,18.0666,18.1134,418146000,NVDA,16.8270,17.2605,16.8368,17.3843,19.3351,18.9092,23.0984,20.8056
2022-08-04,19.1404,19.1992,18.6871,18.7758,409652000,NVDA,16.9942,17.4396,16.8830,17.4531,19.3064,18.9138,23.0835,20.7890
2022-08-05,18.9153,19.1543,18.5935,18.7370,386068000,NVDA,17.1511,17.5801,16.9396,17.5105,19.2831,18.9138,23.0671,20.7704
2022-08-08,17.7239,18.1682,17.1750,17.4340,981859000,NVDA,17.2826,17.5938,16.9559,17.5188,19.2316,18.8903,23.0457,20.7400
2022-08-09,17.0197,17.3792,16.6591,17.1850,668263000,NVDA,17.3824,17.5391,16.9408,17.4993,19.1578,18.8532,23.0178,20.7030
2022-08-10,18.0267,18.0476,17.2498,17.6293,597422000,NVDA,17.5285,17.5856,16.9266,17.5200,19.0914,18.8369,22.9948,20.6764
2022-08-11,17.8723,18.6344,17.8066,18.0606,509327000,NVDA,17.6565,17.6129,16.9122,17.5338,19.0067,18.8178,22.9689,20.6485
2022-08-12,18.6363,18.6453,17.8833,18.0895,478094000,NVDA,17.8033,17.7103,16.9200,17.5770,18.9268,18.8142,22.9390,20.6285
2022-08-15,18.9581,19.0896,18.5407,18.6284,457666000,NVDA,17.9493,17.8292,16.9089,17.6312,18.8523,18.8170,22.9121,20.6118
2022-08-16,18.8057,19.0677,18.4292,18.8465,451240000,NVDA,18.0433,17.9222,16.9122,17.6772,18.7850,18.8168,22.8819,20.5939
2022-08-17,18.2638,18.6154,18.0745,18.4511,446799000,NVDA,18.0696,17.9547,16.9032,17.7002,18.6873,18.8058,22.8460,20.5707
2022-08-18,18.7001,18.7917,18.1124,18.2299,415447000,NVDA,18.1056,18.0257,16.9003,17.7394,18.5985,18.8037,22.8109,20.5521
2022-08-19,17.7797,18.4481,17.7010,18.3345,441588000,NVDA,18.1320,18.0023,16.8844,17.7410,18.4953,18.7835,22.7684,20.5245
2022-08-22,16.9679,17.4898,16.9001,17.4221,409593000,NVDA,18.1325,17.9038,16.8642,17.7107,18.3796,18.7475,22.7208,20.4891
2022-08-23,17.1143,17.3972,16.9041,16.9230,369986000,NVDA,18.1647,17.8286,16.8683,17.6873,18.2750,18.7152,22.6580,20.4555
2022-08-24,17.1551,17.3384,16.8294,16.9459,522661000,NVDA,18.1364,17.7644,16.8997,17.6664,18.1748,18.6843,22.5957,20.4227
2022-08-25,17.8434,17.8773,16.7676,16.7786,770691000,NVDA,18.1329,17.7720,16.9410,17.6734,18.0872,18.6676,22.5316,20.3970
2022-08-26,16.1969,17.8544,16.1739,17.7877,769127000,NVDA,18.0381,17.6219,16.9357,17.6155,17.9767,18.6187,22.4599,20.3552
2022-08-29,15.7396,16.2746,15.7058,15.9578,496132000,NVDA,17.9066,17.4427,16.9397,17.5419,17.8758,18.5617,22.3920,20.3093
2022-08-30,15.4079,15.9767,15.1230,15.8980,530181000,NVDA,17.7543,17.2489,16.9315,17.4582,17.7868,18.4992,22.3178,20.2605
2022-08-31,15.0354,15.4797,14.9009,15.3243,573710000,NVDA,17.5651,17.0381,16.9022,17.3632,17.6961,18.4307,22.2416,20.2085
2022-09-01,13.8829,14.3242,13.2185,14.1538,1178865000,NVDA,17.3022,16.7376,16.8539,17.2267,17.6047,18.3406,22.1616,20.1456
2022-09-02,13.5940,14.1160,13.5382,14.0452,743157000,NVDA,17.0362,16.4382,16.8025,17.0843,17.5223,18.2466,22.0792,20.0804
2022-09-06,13.4127,13.7255,13.2992,13.6777,535751000,NVDA,16.8206,16.1501,16.7296,16.9403,17.4423,18.1509,22.0006,20.0141
2022-09-07,13.6648,13.7884,13.2981,13.5143,512657000,NVDA,16.6529,15.9134,16.6668,16.8118,17.3578,18.0621,21.9113,19.9509
2022-09-08,13.9398,13.9578,13.3210,13.4107,624873000,NVDA,16.4485,15.7254,16.6272,16.6992,17.2855,17.9804,21.8168,19.8911
2022-09-09,14.3354,14.4221,14.0753,14.1062,486612000,NVDA,16.2717,15.5930,16.6043,16.6065,17.2119,17.9082,21.7293,19.8358
2022-09-12,14.4530,14.4948,14.1471,14.3175,484159000,NVDA,16.0625,15.4844,16.5914,16.5221,17.1354,17.8398,21.6436,19.7822
2022-09-13,13.0839,13.8721,13.0520,13.7525,714956000,NVDA,15.7688,15.2558,16.5637,16.3872,17.0523,17.7456,21.5463,19.7156
2022-09-14,13.0809,13.2423,12.8667,13.2065,588507000,NVDA,15.4826,15.0487,16.5272,16.2576,16.9821,17.6533,21.4549,19.6496
2022-09-15,12.8826,13.1855,12.7441,12.9683,523625000,NVDA,15.2135,14.8424,16.4834,16.1252,16.9166,17.5588,21.3532,19.5822
2022-09-16,13.1507,13.1646,12.5717,12.6963,670751000,NVDA,14.9360,14.6813,16.4305,16.0086,16.8499,17.4715,21.2563,19.5182
2022-09-19,13.3340,13.4147,12.9633,12.9653,569685000,NVDA,14.7138,14.5530,16.3817,15.9037,16.7961,17.3896,21.1664,19.4567
2022-09-20,13.1287,13.4346,13.0102,13.1676,524818000,NVDA,14.5218,14.4173,16.3424,15.7949,16.7440,17.3052,21.0721,19.3937
2022-09-21,13.2134,13.9807,13.0630,13.1656,807679000,NVDA,14.3268,14.3027,16.3062,15.6936,16.6791,17.2242,20.9854,19.3322
2022-09-22,12.5159,13.1018,12.3834,13.0231,759162000,NVDA,14.0948,14.1325,16.2544,15.5690,16.6196,17.1310,20.8984,19.2644
2022-09-23,12.4711,12.5658,12.2130,12.3754,663309000,NVDA,13.8262,13.9743,16.1976,15.4475,16.5498,17.0387,20.7993,19.1968
2022-09-26,12.1841,12.6136,12.1702,12.4462,547343000,NVDA,13.6255,13.8038,16.1272,15.3196,16.4764,16.9426,20.7018,19.1270
2022-09-27,12.3685,12.6903,12.2140,12.4621,553854000,NVDA,13.4570,13.6671,16.0538,15.2038,16.3976,16.8520,20.6119,19.0598
2022-09-28,12.6903,12.7770,12.3097,12.3655,542414000,NVDA,13.3211,13.5741,15.9691,15.1053,16.3368,16.7696,20.5250,18.9964
2022-09-29,12.1762,12.4552,11.9031,12.4033,532763000,NVDA,13.1781,13.4409,15.8579,14.9904,16.2726,16.6786,20.4456,18.9286
2022-09-30,12.0955,12.5877,12.0317,12.0436,565638000,NVDA,13.0888,13.3128,15.7402,14.8769,16.2247,16.5879,20.3650,18.8606
2022-10-03,12.4671,12.6325,12.0616,12.3027,547478000,NVDA,13.0324,13.2322,15.6445,14.7824,16.1742,16.5063,20.2757,18.7969
2022-10-04,13.1198,13.1726,12.8328,12.8328,584182000,NVDA,13.0178,13.2215,15.5677,14.7172,16.1397,16.4392,20.2000,18.7405
2022-10-05,13.1616,13.2732,12.5757,12.8647,507131000,NVDA,12.9926,13.2158,15.5016,14.6562,16.1103,16.3743,20.1274,18.6849
2022-10-06,13.0829,13.6070,13.0560,13.1726,644157000,NVDA,12.9498,13.2032,15.4088,14.5945,16.0648,16.3091,20.0548,18.6292
2022-10-07,12.0327,12.6246,11.9789,12.4601,672478000,NVDA,12.8346,13.0917,15.2912,14.4940,16.0131,16.2244,19.9702,18.5636
2022-10-10,11.6281,12.0805,11.3671,11.9938,698699000,NVDA,12.6934,12.9523,15.1619,14.3816,15.9484,16.1334,19.8820,18.4946
2022-10-11,11.5444,11.8035,11.2425,11.5195,667482000,NVDA,12.6164,12.8182,15.0254,14.2704,15.8952,16.0425,19.7921,18.4254
2022-10-12,11.4587,11.6929,11.3043,11.5375,492590000,NVDA,12.5353,12.6888,14.8855,14.1601,15.8392,15.9518,19.6954,18.3561
2022-10-13,11.9171,12.0347,10.7742,10.9316,850103000,NVDA,12.4870,12.6153,14.7475,14.0721,15.7921,15.8719,19.6040,18.2920
2022-10-14,11.1867,12.0676,11.1638,12.0138,713432000,NVDA,12.3888,12.4792,14.5884,13.9590,15.7357,15.7791,19.5106,18.2213
2022-10-17,11.8454,11.9051,11.4757,11.4767,580774000,NVDA,12.3144,12.4188,14.4470,13.8761,15.6933,15.7012,19.4225,18.1579
2022-10-18,11.9241,12.4472,11.5763,12.2997,659362000,NVDA,12.2542,12.3717,14.3310,13.7995,15.6435,15.6264,19.3357,18.0958
2022-10-19,12.0078,12.3057,11.7915,11.8364,523131000,NVDA,12.1939,12.3371,14.2308,13.7293,15.5858,15.5548,19.2457,18.0353
2022-10-20,12.1503,12.7232,12.0616,12.0695,652398000,NVDA,12.1756,12.3193,14.1132,13.6674,15.5199,15.4873,19.1607,17.9767
2022-10-21,12.4213,12.4532,11.8444,12.0546,609494000,NVDA,12.1731,12.3290,14.0042,13.6185,15.4582,15.4266,19.0853,17.9214
2022-10-24,12.5538,12.6644,12.0207,12.4631,517457000,NVDA,12.1916,12.3504,13.8826,13.5767,15.4013,15.3697,19.0078,17.8680
2022-10-25,13.2134,13.2523,12.6186,12.6485,505482000,NVDA,12.2339,12.4326,13.7677,13.5625,15.3383,15.3270,18.9382,17.8217
2022-10-26,12.8497,13.3400,12.6624,12.8228,532953000,NVDA,12.2418,12.4723,13.6485,13.5345,15.2804,15.2780,18.8661,17.7722
2022-10-27,13.1287,13.7884,13.0749,13.5811,583113000,NVDA,12.2895,12.5348,13.5458,13.5186,15.2245,15.2354,18.7932,17.7260
2022-10-28,13.7844,13.8003,13.0141,13.0570,521040000,NVDA,12.3739,12.6538,13.4475,13.5290,15.1739,15.2067,18.7227,17.6868
2022-10-31,13.4486,13.7884,13.2493,13.7286,486341000,NVDA,12.4230,12.7295,13.3609,13.5259,15.1226,15.1719,18.6577,17.6446
2022-11-01,13.4944,13.8750,13.4705,13.7615,432817000,NVDA,12.4417,12.8024,13.2914,13.5247,15.0778,15.1387,18.5910,17.6033
2022-11-02,13.1716,14.1590,13.1636,13.8003,672628000,NVDA,12.4422,12.8375,13.2126,13.5108,15.0404,15.0997,18.5279,17.5592
2022-11-03,13.3729,13.7316,12.9095,12.9962,500065000,NVDA,12.4567,12.8885,13.1369,13.5054,15.0183,15.0655,18.4700,17.5176
2022-11-04,14.1052,14.1780,13.6479,13.9358,612576000,NVDA,12.5603,13.0044,13.0622,13.5289,15.0016,15.0465,18.4203,17.4836
2022-11-07,14.2497,14.3603,13.9039,14.1770,410061000,NVDA,12.6914,13.1230,13.0232,13.5572,14.9795,15.0307,18.3751,17.4515
2022-11-08,14.5496,14.8376,14.1650,14.7479,595292000,NVDA,12.8417,13.2589,12.9994,13.5961,14.9696,15.0212,18.3315,17.4226
2022-11-09,13.7266,14.1600,13.7096,14.1112,454414000,NVDA,12.9551,13.3034,12.9658,13.6012,14.9487,14.9956,18.2890,17.3858
2022-11-10,15.6935,15.7164,14.4948,14.7469,700819000,NVDA,13.1439,13.5310,12.9790,13.6833,14.9406,15.0094,18.2541,17.3690
2022-11-11,16.2684,16.3302,15.4265,15.7503,655487000,NVDA,13.3980,13.7917,13.0267,13.7847,14.9403,15.0343,18.2262,17.3580
2022-11-14,16.2365,16.4807,15.8649,16.1598,527852000,NVDA,13.6175,14.0246,13.0795,13.8808,14.9410,15.0581,18.1937,17.3469
2022-11-15,16.6062,16.9370,16.3232,16.6620,545876000,NVDA,13.8516,14.2705,13.1434,13.9877,14.9365,15.0888,18.1548,17.3395
2022-11-16,15.8529,16.3033,15.8161,16.1040,649547000,NVDA,14.0439,14.4212,13.1872,14.0608,14.9270,15.1039,18.1114,17.3247
2022-11-17,15.6208,16.2077,15.4793,15.6586,710894000,NVDA,14.2174,14.5354,13.2208,14.1220,14.9240,15.1141,18.0638,17.3077
2022-11-18,15.3537,15.9446,15.0658,15.9087,492072000,NVDA,14.3640,14.6133,13.2412,14.1703,14.9227,15.1189,18.0214,17.2883
2022-11-21,15.2621,15.4215,15.0259,15.0927,404739000,NVDA,14.4995,14.6751,13.2573,14.2131,14.9243,15.1217,17.9766,17.2681
2022-11-22,15.9805,16.0004,15.0678,15.2730,472866000,NVDA,14.6378,14.7994,13.3153,14.2824,14.9395,15.1387,17.9334,17.2553
2022-11-23,16.4597,16.4677,15.9904,16.0403,427241000,NVDA,14.8183,14.9576,13.3828,14.3678,14.9550,15.1649,17.8907,17.2474
2022-11-25,16.2116,16.4279,16.1140,16.2595,167934000,NVDA,14.9724,15.0770,13.4494,14.4401,14.9664,15.1856,17.8388,17.2371
2022-11-28,15.7702,16.2983,15.6686,15.9685,303741000,NVDA,15.0717,15.1430,13.5018,14.4923,14.9662,15.1972,17.7891,17.2225
2022-11-29,15.5829,15.8748,15.4643,15.7702,298384000,NVDA,15.1785,15.1849,13.5468,14.5351,14.9642,15.2048,17.7477,17.2062
2022-11-30,16.8666,16.8736,15.5450,15.6447,565298000,NVDA,15.3471,15.3451,13.6215,14.6265,14.9820,15.2377,17.7113,17.2028
2022-12-01,17.0779,17.2075,16.5796,16.9424,470977000,NVDA,15.5424,15.5101,13.6988,14.7226,15.0025,15.2742,17.6647,17.2016
2022-12-02,16.8198,16.8766,16.3902,16.6035,371389000,NVDA,15.7147,15.6348,13.7849,14.8049,15.0197,15.3048,17.6169,17.1978
2022-12-05,16.5547,16.9384,16.4171,16.6234,352255000,NVDA,15.8372,15.7224,13.8666,14.8735,15.0321,15.3295,17.5776,17.1914
2022-12-06,15.9337,16.5178,15.7663,16.4749,352694000,NVDA,15.9214,15.7426,13.9416,14.9151,15.0344,15.3415,17.5396,17.1789
2022-12-07,16.0663,16.1321,15.6148,15.7194,372388000,NVDA,15.9972,15.7734,14.0155,14.9602,15.0347,15.3558,17.5035,17.1678
2022-12-08,17.1118,17.1218,15.9058,16.2188,515456000,NVDA,16.1665,15.9009,14.1040,15.0446,15.0365,15.3906,17.4776,17.1672
2022-12-09,16.9443,17.5244,16.9184,17.1028,465338000,NVDA,16.2290,16.0002,14.1993,15.1191,15.0286,15.4214,17.4440,17.1650
2022-12-12,17.4766,17.4796,16.7410,16.9802,457328000,NVDA,16.2894,16.1408,14.3069,15.2115,15.0236,15.4621,17.4112,17.1681
2022-12-13,18.0118,18.7274,17.6520,18.4693,656589000,NVDA,16.3782,16.3190,14.4178,15.3213,15.0312,15.5126,17.3798,17.1765
2022-12-14,17.6151,18.1912,17.3619,17.9271,496888000,NVDA,16.4286,16.4425,14.5077,15.4113,15.0377,15.5542,17.3510,17.1809
2022-12-15,16.8955,17.2623,16.6443,17.0889,478542000,NVDA,16.4808,16.4856,14.5824,15.4695,15.0420,15.5808,17.3149,17.1780
2022-12-16,16.5158,16.9842,16.3553,16.8078,478232000,NVDA,16.5255,16.4885,14.6511,15.5105,15.0300,15.5993,17.2794,17.1714
2022-12-19,16.1998,16.5537,16.0912,16.5168,354039000,NVDA,16.5678,16.4610,14.7344,15.5376,15.0128,15.6112,17.2462,17.1618
2022-12-20,16.0314,16.2556,15.7992,16.0105,403260000,NVDA,16.6063,16.4201,14.8225,15.5569,14.9922,15.6195,17.2200,17.1505
2022-12-21,16.4460,16.5716,16.0483,16.0603,325025000,NVDA,16.6296,16.4225,14.9205,15.5918,14.9730,15.6359,17.1951,17.1435
2022-12-22,15.2879,16.0842,14.8324,16.0404,565045000,NVDA,16.5710,16.3145,14.9971,15.5799,14.9413,15.6290,17.1569,17.1251
2022-12-23,15.1553,15.2879,14.8334,15.1454,349326000,NVDA,16.5182,16.2041,15.0619,15.5632,14.9047,15.6196,17.1199,17.1055
2022-12-27,14.0739,15.0497,14.0092,15.0238,464902000,NVDA,16.4334,16.0012,15.1196,15.5048,14.8540,15.5890,17.0802,17.0753
2022-12-28,13.9892,14.2145,13.8377,13.8806,351066000,NVDA,16.3537,15.8096,15.1625,15.4454,14.8047,15.5573,17.0439,17.0446
2022-12-29,14.5543,14.6341,14.1796,14.3540,354923000,NVDA,16.2381,15.6901,15.2151,15.4104,14.7730,15.5374,17.0023,17.0198
2022-12-30,14.5653,14.5803,14.1856,14.2862,310490000,NVDA,16.1124,15.5829,15.2662,15.3773,14.7485,15.5182,16.9532,16.9954
2023-01-03,14.2673,14.9460,14.0490,14.8015,401277000,NVDA,15.9848,15.4576,15.3086,15.3338,14.7109,15.4934,16.9012,16.9682
2023-01-04,14.6999,14.8035,14.1935,14.5185,431324000,NVDA,15.8921,15.3855,15.3542,15.3089,14.6792,15.4777,16.8430,16.9457
2023-01-05,14.2175,14.5155,14.1009,14.4427,389168000,NVDA,15.8063,15.2742,15.3874,15.2661,14.6350,15.4528,16.7809,16.9185
2023-01-06,14.8095,14.9600,13.9872,14.4258,405044000,NVDA,15.7434,15.2300,15.4194,15.2482,14.5935,15.4400,16.7229,16.8975
2023-01-09,15.5759,16.0025,15.0905,15.2331,504231000,NVDA,15.6666,15.2629,15.4739,15.2611,14.5612,15.4427,16.6731,16.8844
2023-01-10,15.8560,15.9088,15.4204,15.4553,384101000,NVDA,15.6122,15.3194,15.5284,15.2844,14.5371,15.4509,16.6122,16.8742
2023-01-11,15.9477,15.9746,15.5111,15.7872,353285000,NVDA,15.5358,15.3792,15.5717,15.3104,14.5096,15.4607,16.5541,16.8649
2023-01-12,16.4560,16.5816,15.4404,16.0463,551409000,NVDA,15.4580,15.4818,15.6318,15.3553,14.4964,15.4804,16.4958,16.8609
2023-01-13,16.8427,16.8656,16.1111,16.2238,447287000,NVDA,15.4193,15.6114,15.6988,15.4137,14.4951,15.5074,16.4374,16.8607
2023-01-17,17.6430,17.6689,16.8427,16.8427,511102000,NVDA,15.4567,15.8049,15.7882,15.5011,14.5004,15.5497,16.3877,16.8685
2023-01-18,17.3191,17.8134,17.2244,17.6081,439624000,NVDA,15.4969,15.9491,15.8672,15.5724,14.5020,15.5847,16.3384,16.8730
2023-01-19,16.7091,17.1397,16.6753,16.9792,452932000,NVDA,15.5224,16.0215,15.9192,15.6170,14.4907,15.6070,16.2889,16.8713
2023-01-20,17.7796,17.7965,16.7689,16.9543,564967000,NVDA,15.6098,16.1889,15.9898,15.7018,14.5065,15.6500,16.2416,16.8804
2023-01-23,19.1290,19.1809,17.7586,18.0038,655163000,NVDA,15.7439,16.4689,16.0814,15.8362,14.5404,15.7189,16.2081,16.9027
2023-01-24,19.2008,19.4300,18.7573,18.7643,496204000,NVDA,15.9396,16.7291,16.1909,15.9681,14.5784,15.7879,16.1826,16.9256
2023-01-25,19.2586,19.3055,18.5181,18.8500,449537000,NVDA,16.1447,16.9700,16.2622,16.0971,14.6206,15.8566,16.1583,16.9488
2023-01-26,19.7360,20.0988,19.2138,19.6354,489535000,NVDA,16.4278,17.2334,16.3316,16.2398,14.6791,15.9334,16.1419,16.9765
2023-01-27,20.2971,20.5593,19.3403,19.3971,542142000,NVDA,16.7432,17.5252,16.4128,16.3990,14.7462,16.0198,16.1342,17.0096
2023-01-30,19.0981,20.0729,19.0862,19.8835,488611000,NVDA,16.9704,17.6750,16.4626,16.5048,14.8030,16.0808,16.1227,17.0304
2023-01-31,19.4719,19.6214,18.8869,19.1061,498017000,NVDA,17.2157,17.8462,16.5350,16.6212,14.8611,16.1479,16.1095,17.0547
2023-02-01,20.8732,21.1214,19.5457,19.6254,660477000,NVDA,17.5460,18.1344,16.6400,16.7879,14.9304,16.2415,16.1080,17.0927
2023-02-02,21.6367,21.8759,20.6310,20.9300,564276000,NVDA,17.8929,18.4680,16.7657,16.9781,15.0034,16.3483,16.1077,17.1379
2023-02-03,21.0297,21.6725,20.7197,20.9300,429366000,NVDA,18.2335,18.7120,16.8810,17.1369,15.0692,16.4410,16.1023,17.1766
2023-02-06,21.0187,21.4981,20.7167,20.7367,452197000,NVDA,18.5440,18.9317,16.9818,17.2892,15.1485,16.5317,16.1004,17.2148
2023-02-07,22.0991,22.1848,21.0795,21.3107,664150000,NVDA,18.8701,19.2333,17.0946,17.4778,15.2387,16.6419,16.1104,17.2634
2023-02-08,22.1310,22.8018,21.9347,22.3124,559651000,NVDA,19.1839,19.5093,17.2130,17.6603,15.3312,16.7506,16.1239,17.3119
2023-02-09,22.2626,22.9433,22.0463,22.5307,523876000,NVDA,19.4996,19.7715,17.3428,17.8408,15.4223,16.8598,16.1361,17.3611
2023-02-10,21.1941,22.0044,20.7417,21.6177,550737000,NVDA,19.7365,19.9070,17.4551,17.9723,15.5009,16.9456,16.1485,17.3993
2023-02-13,21.7154,21.9745,20.8922,21.4662,474919000,NVDA,19.9801,20.0792,17.5520,18.1191,15.5868,17.0401,16.1654,17.4422
2023-02-14,22.8945,22.9722,21.2948,21.5061,675474000,NVDA,20.2427,20.3473,17.6684,18.3063,15.6836,17.1560,16.1814,17.4965
2023-02-15,22.6881,22.7788,22.0323,22.4739,420575000,NVDA,20.5112,20.5703,17.7857,18.4782,15.7853,17.2655,16.2024,17.5481
2023-02-16,21.9287,22.4749,21.8539,22.0592,412026000,NVDA,20.7722,20.6996,17.8932,18.6135,15.8799,17.3579,16.2148,17.5917
2023-02-17,21.3167,21.6676,20.9051,21.5589,465888000,NVDA,20.9490,20.7584,18.0009,18.7195,15.9712,17.4363,16.2238,17.6288
2023-02-21,20.5862,21.4224,20.5493,20.9300,410015000,NVDA,21.0219,20.7420,18.0913,18.7927,16.0534,17.4986,16.2255,17.6582
2023-02-22,20.6848,21.0337,20.3530,20.6380,513184000,NVDA,21.0961,20.7366,18.1627,18.8669,16.1333,17.5617,16.2351,17.6883
2023-02-23,23.5851,23.8084,22.9483,23.3619,1117995000,NVDA,21.3124,21.0079,18.2956,19.0519,16.2474,17.6810,16.2600,17.7470
2023-02-24,23.2084,23.3958,22.8705,23.1476,589716000,NVDA,21.4860,21.2174,18.4102,19.2149,16.3586,17.7905,16.2916,17.8013
2023-02-27,23.4227,23.8004,23.3758,23.5911,452994000,NVDA,21.6423,21.4275,18.5184,19.3799,16.4681,17.9020,16.3211,17.8573
2023-02-28,23.1386,23.7456,23.1287,23.2941,455963000,NVDA,21.8443,21.5904,18.6289,19.5273,16.5683,18.0057,16.3540,17.9098
2023-03-01,22.6224,23.1785,22.4330,23.1147,460026000,NVDA,22.0018,21.6887,18.7434,19.6487,16.6629,18.0971,16.3866,17.9567
2023-03-02,23.2363,23.3021,22.3573,22.4131,389415000,NVDA,22.1200,21.8361,18.8778,19.7894,16.7645,18.1989,16.4146,18.0092
2023-03-03,23.8104,23.8204,23.0529,23.2423,412393000,NVDA,22.2287,22.0241,19.0300,19.9471,16.8822,18.3100,16.4477,18.0670
2023-03-06,23.4755,24.1672,23.4087,23.8114,437429000,NVDA,22.3510,22.1624,19.1789,20.0855,17.0007,18.4123,16.4746,18.1208
2023-03-07,23.2143,24.0487,23.1675,23.5254,515154000,NVDA,22.4608,22.2625,19.3143,20.2082,17.1174,18.5074,16.5063,18.1715
2023-03-08,24.1045,24.1235,23.3499,23.4127,513573000,NVDA,22.5610,22.4380,19.4906,20.3610,17.2439,18.6182,16.5415,18.2305
2023-03-09,23.3619,24.3767,23.3090,24.0985,501257000,NVDA,22.6226,22.5260,19.6547,20.4786,17.3583,18.7121,16.5752,18.2816
2023-03-10,22.8924,23.5523,22.6541,23.3350,474866000,NVDA,22.6541,22.5609,19.8311,20.5733,17.4754,18.7949,16.6055,18.3274
2023-03-13,22.8934,23.2243,22.2265,22.6800,421890000,NVDA,22.7390,22.5925,20.0092,20.6643,17.5858,18.8761,16.6396,18.3729
2023-03-14,23.9869,24.1424,23.3858,23.4217,474910000,NVDA,22.8526,22.7253,20.1978,20.7946,17.7065,18.9773,16.6750,18.4287
2023-03-15,24.1514,24.2092,23.2861,23.6858,524486000,NVDA,22.9154,22.8611,20.3896,20.9262,17.8279,19.0797,16.7068,18.4857
2023-03-16,25.4602,25.5071,23.8184,23.9510,583253000,NVDA,23.0540,23.1087,20.6134,21.1040,17.9610,19.2061,16.7405,18.5551
2023-03-17,25.6436,26.3155,25.5868,25.8998,848547000,NVDA,23.2398,23.3501,20.8323,21.2820,18.0932,19.3336,16.7757,18.6256
2023-03-20,25.8181,25.9417,25.0505,25.5340,432747000,NVDA,23.4649,23.5851,21.0643,21.4599,18.2259,19.4620,16.8136,18.6972
2023-03-21,26.1161,26.3085,25.3007,26.0972,547408000,NVDA,23.7414,23.8262,21.2904,21.6425,18.3549,19.5937,16.8466,18.7710
2023-03-22,26.3843,27.5017,26.1540,26.3414,797295000,NVDA,24.0263,24.0698,21.5066,21.8285,18.4902,19.7282,16.8853,18.8467
2023-03-23,27.1050,27.4120,26.6056,27.0292,564889000,NVDA,24.2023,24.3589,21.7316,22.0354,18.6300,19.8743,16.9273,18.9289
2023-03-24,26.6943,27.0811,26.2716,26.9455,454920000,NVDA,24.3766,24.5813,21.9465,22.2181,18.7591,20.0093,16.9665,19.0062
2023-03-27,26.4471,26.9146,26.2816,26.7521,361026000,NVDA,24.5278,24.7590,22.1464,22.3839,18.8891,20.1368,17.0059,19.0802
2023-03-28,26.3265,26.4291,25.7682,26.3633,356104000,NVDA,24.6872,24.9083,22.3360,22.5385,19.0174,20.2594,17.0476,19.1523
2023-03-29,26.8986,26.9923,26.5129,26.7402,393694000,NVDA,24.9010,25.0978,22.5211,22.7095,19.1547,20.3908,17.0976,19.2294
2023-03-30,27.2964,27.4120,27.0163,27.1429,364516000,NVDA,25.1040,25.3072,22.7207,22.8894,19.2939,20.5276,17.1561,19.3097
2023-03-31,27.6891,27.7460,27.0193,27.0542,433933000,NVDA,25.2980,25.5341,22.9403,23.0776,19.4298,20.6694,17.2157,19.3930
2023-04-03,27.8765,27.9114,27.2495,27.4220,398716000,NVDA,25.5180,25.7572,23.1422,23.2658,19.5660,20.8121,17.2728,19.4775
2023-04-04,27.3662,27.9114,27.2206,27.8775,368592000,NVDA,25.7256,25.9104,23.3070,23.4266,19.6942,20.9419,17.3319,19.5560
2023-04-05,26.7960,26.9126,26.3115,26.7441,515015000,NVDA,25.8602,25.9947,23.4589,23.5588,19.8249,21.0578,17.3868,19.6280
2023-04-06,26.9515,26.9943,26.3434,26.4999,397654000,NVDA,26.0397,26.0859,23.6127,23.6918,19.9375,21.1745,17.4390,19.7009
2023-04-10,27.4918,27.5336,26.5846,26.7382,395279000,NVDA,26.2696,26.2198,23.7678,23.8408,20.0497,21.2996,17.4950,19.7784
2023-04-11,27.0831,27.7021,27.0402,27.6363,314378000,NVDA,26.4791,26.3020,23.9036,23.9680,20.1582,21.4141,17.5496,19.8511
2023-04-12,26.4112,27.3811,26.3643,27.2834,446259000,NVDA,26.6003,26.3124,24.0498,24.0638,20.2562,21.5131,17.5964,19.9163
2023-04-13,26.3793,26.8020,26.2457,26.6494,353615000,NVDA,26.7117,26.3188,24.1880,24.1546,20.3615,21.6095,17.6442,19.9807
2023-04-14,26.6734,26.7980,26.1371,26.4202,395660000,NVDA,26.7724,26.3525,24.3040,24.2534,20.4720,21.7097,17.6980,20.0472
2023-04-17,26.9166,26.9206,26.3494,26.4810,321471000,NVDA,26.8360,26.4062,24.4096,24.3578,20.5876,21.8128,17.7552,20.1156
2023-04-18,27.5795,28.0211,27.2705,27.4459,604812000,NVDA,26.9241,26.5180,24.5406,24.4841,20.7108,21.9270,17.8176,20.1899
2023-04-19,27.8427,27.9114,27.1459,27.2745,358660000,NVDA,27.0104,26.6441,24.6770,24.6158,20.8294,22.0442,17.8845,20.2660
2023-04-20,27.0183,27.9413,26.9146,27.5835,427713000,NVDA,27.0421,26.6798,24.7754,24.7101,20.9350,22.1427,17.9450,20.3332
2023-04-21,27.0332,27.0970,26.6375,26.8667,345103000,NVDA,27.0386,26.7134,24.8735,24.8012,21.0432,22.2395,18.0048,20.3999
2023-04-24,26.9565,27.2794,26.5866,26.9276,339282000,NVDA,27.0517,26.7366,24.9674,24.8857,21.1551,22.3329,18.0606,20.4651
2023-04-25,26.1580,27.1608,26.1421,26.9924,378527000,NVDA,27.0372,26.6815,25.0666,24.9356,21.2608,22.4087,18.1125,20.5218
2023-04-26,26.8707,27.2436,26.6205,26.9166,406337000,NVDA,27.0644,26.6995,25.1697,25.0115,21.3609,22.4970,18.1714,20.5849
2023-04-27,27.1399,27.4080,26.5408,27.2765,377161000,NVDA,27.0765,26.7414,25.2546,25.0949,21.4615,22.5890,18.2320,20.6501
2023-04-28,27.6612,27.6702,26.9854,27.1389,292216000,NVDA,27.0947,26.8290,25.3541,25.1956,21.5699,22.6894,18.2948,20.7199
2023-05-01,28.8186,28.9661,27.6921,27.7519,570329000,NVDA,27.1512,27.0185,25.4919,25.3377,21.6926,22.8108,18.3623,20.8005
2023-05-02,28.1208,28.7448,27.9942,28.5893,402730000,NVDA,27.1634,27.1235,25.6280,25.4468,21.8144,22.9159,18.4244,20.8733
2023-05-03,27.7141,28.2773,27.3851,27.7519,383387000,NVDA,27.1808,27.1797,25.7705,25.5357,21.9309,23.0109,18.4828,20.9414
2023-05-04,27.4748,27.7709,27.1538,27.5635,321850000,NVDA,27.2147,27.2078,25.9063,25.6118,22.0345,23.0993,18.5355,21.0064
2023-05-05,28.5893,28.6640,27.6433,27.7380,361494000,NVDA,27.2966,27.3394,26.0064,25.7285,22.1510,23.2080,18.5898,21.0819
2023-05-08,29.0588,29.1276,28.2603,28.4318,344979000,NVDA,27.3750,27.5032,26.1234,25.8591,22.2668,23.3239,18.6452,21.1612
2023-05-09,28.4806,28.8814,28.3600,28.8076,314869000,NVDA,27.4449,27.5963,26.2246,25.9619,22.3715,23.4260,18.7013,21.2341
2023-05-10,28.7936,29.0209,28.3710,28.9133,369350000,NVDA,27.5640,27.7103,26.3377,26.0730,22.4833,23.5323,18.7605,21.3093
2023-05-11,28.4876,28.8584,28.1567,28.8046,322149000,NVDA,27.6694,27.7843,26.4550,26.1677,22.5992,23.6304,18.8206,21.3807
2023-05-12,28.2504,28.6890,27.9573,28.4388,274222000,NVDA,27.7483,27.8287,26.5553,26.2493,22.7166,23.7219,18.8733,21.4491
2023-05-15,28.8614,28.8774,28.0630,28.4178,293926000,NVDA,27.8455,27.9271,26.6563,26.3518,22.8432,23.8237,18.9280,21.5228
2023-05-16,29.1206,29.7755,28.7408,28.7498,449405000,NVDA,27.9226,28.0407,26.7692,26.4604,22.9741,23.9286,18.9831,21.5984
2023-05-17,30.0825,30.1035,29.3369,29.4904,432535000,NVDA,28.0345,28.2352,26.9066,26.6024,23.1104,24.0504,19.0417,21.6828
2023-05-18,31.5778,31.7273,30.2241,30.3138,748725000,NVDA,28.2625,28.5535,27.0560,26.7975,23.2733,24.1995,19.1073,21.7813
2023-05-19,31.1651,31.4801,30.8182,31.4362,473908000,NVDA,28.4691,28.8023,27.2121,26.9688,23.4334,24.3374,19.1690,21.8747
2023-05-22,31.0774,31.4203,30.5830,30.8033,372000000,NVDA,28.6752,29.0189,27.3758,27.1299,23.6035,24.4709,19.2287,21.9662
2023-05-23,30.5909,31.1890,30.5341,30.9019,356253000,NVDA,28.8968,29.1686,27.5297,27.2656,23.7695,24.5921,19.2871,22.0521
2023-05-24,30.4414,30.5102,29.7117,30.1144,721419000,NVDA,29.0753,29.2899,27.6588,27.3902,23.9283,24.7079,19.3507,22.1355
2023-05-25,37.8599,39.3551,36.5191,38.4012,1543911000,NVDA,29.6113,30.1061,27.9330,27.8008,24.1613,24.9683,19.4549,22.2920
2023-05-26,38.8228,39.0461,37.4312,37.7702,714397000,NVDA,30.1694,30.9362,28.2003,28.2330,24.4068,25.2427,19.5589,22.4565
2023-05-30,39.9841,41.8053,39.8226,40.4666,923401000,NVDA,30.7277,31.7979,28.4871,28.6938,24.6597,25.5346,19.6694,22.6309
2023-05-31,37.7143,40.1676,37.7024,39.3631,1002580000,NVDA,31.2074,32.3614,28.7250,29.0476,24.8947,25.7758,19.7648,22.7810
2023-06-01,39.6442,39.9233,38.2187,38.3673,635873000,NVDA,31.8039,33.0550,28.9956,29.4631,25.1430,26.0504,19.8683,22.9488
2023-06-02,39.2026,40.3719,38.9345,39.9702,482731000,NVDA,32.3903,33.6405,29.2519,29.8451,25.3793,26.3108,19.9702,23.1105
2023-06-05,39.0471,39.4399,38.5846,38.7859,396094000,NVDA,32.9132,34.1554,29.4908,30.2059,25.6112,26.5630,20.0742,23.2691
2023-06-06,38.5317,39.0361,38.0273,38.7072,388729000,NVDA,33.3868,34.5722,29.7275,30.5324,25.8370,26.8000,20.1733,23.4209
2023-06-07,37.3603,39.3781,37.2417,38.7959,511998000,NVDA,33.8308,34.8377,29.9458,30.8002,26.0461,27.0092,20.2712,23.5596
2023-06-08,38.3922,38.7451,37.3902,37.6086,417772000,NVDA,34.3107,35.1762,30.1871,31.0979,26.2616,27.2346,20.3783,23.7072
2023-06-09,38.6514,39.5895,38.4490,38.9176,427717000,NVDA,34.8189,35.5072,30.4221,31.3941,26.4716,27.4606,20.4860,23.8559
2023-06-12,39.3612,39.4090,38.4998,39.0801,388701000,NVDA,35.3745,35.8743,30.6634,31.7066,26.6921,27.6963,20.5971,24.0102
2023-06-13,40.8965,40.9752,39.6184,40.0630,613208000,NVDA,35.9762,36.3526,30.9276,32.0670,26.9339,27.9577,20.7123,24.1782
2023-06-14,42.8654,42.8684,40.4279,40.6991,740465000,NVDA,36.6634,36.9728,31.2274,32.4904,27.1848,28.2529,20.8457,24.3642
2023-06-15,42.5225,43.1566,42.0180,42.4717,568622000,NVDA,37.2854,37.5014,31.5305,32.8838,27.4187,28.5354,20.9796,24.5448
2023-06-16,42.5614,43.5872,42.5305,43.3170,655709000,NVDA,37.8346,37.9833,31.8458,33.2633,27.6523,28.8132,21.1153,24.7241
2023-06-20,43.6740,43.8554,42.5434,42.8664,451153000,NVDA,38.4601,38.5252,32.1803,33.6716,27.8965,29.1075,21.2585,24.9127
2023-06-21,42.9133,43.4816,41.9512,43.3679,551603000,NVDA,39.0519,38.9432,32.4887,34.0340,28.1283,29.3808,21.4037,25.0918
2023-06-22,42.8934,43.2931,42.1048,42.1237,417737000,NVDA,39.6670,39.3194,32.8049,34.3814,28.3542,29.6484,21.5502,25.2689
2023-06-23,42.0798,42.6780,41.8864,42.3341,358140000,NVDA,40.2489,39.5823,33.1183,34.6833,28.5840,29.8946,21.6935,25.4362
2023-06-26,40.5077,42.6331,39.9773,42.3311,594322000,NVDA,40.3813,39.6704,33.4008,34.9118,28.7944,30.1047,21.8277,25.5861
2023-06-27,41.7479,41.8117,40.3242,40.6742,462175000,NVDA,40.5275,39.8683,33.7023,35.1798,29.0031,30.3353,21.9668,25.7470
2023-06-28,40.9912,41.7170,40.3940,40.5356,582639000,NVDA,40.5779,39.9752,33.9838,35.4077,29.1967,30.5463,22.1001,25.8986
2023-06-29,40.6971,41.4727,40.4758,41.4308,380514000,NVDA,40.7270,40.0440,34.2462,35.6152,29.3934,30.7473,22.2313,26.0459
2023-06-30,42.1726,42.4198,41.3740,41.5525,501148000,NVDA,40.8535,40.2467,34.5328,35.8723,29.6049,30.9736,22.3767,26.2064
2023-07-03,42.2832,42.7667,42.0729,42.3869,198209000,NVDA,41.0075,40.4406,34.8381,36.1237,29.8067,31.1975,22.5227,26.3663
2023-07-05,42.1875,43.0449,41.9562,42.0061,323618000,NVDA,41.1645,40.6070,35.1411,36.3615,30.0073,31.4151,22.6693,26.5237
2023-07-06,41.9742,42.0499,41.2195,41.7160,303582000,NVDA,41.3366,40.7372,35.4415,36.5816,30.2044,31.6242,22.8134,26.6775
2023-07-07,42.3729,43.0818,42.0509,42.1925,355881000,NVDA,41.5873,40.8930,35.7658,36.8087,30.4162,31.8371,22.9586,26.8337
2023-07-10,42.0509,42.6800,41.5216,42.5265,353908000,NVDA,41.7702,41.0033,36.0694,37.0143,30.6196,32.0393,23.1032,26.9851
2023-07-11,42.2752,42.6272,41.9383,42.3510,298244000,NVDA,41.9514,41.1244,36.3721,37.2206,30.8134,32.2420,23.2485,27.1372
2023-07-12,43.7677,43.8006,42.6461,42.9013,481277000,NVDA,42.1717,41.3762,36.6942,37.4774,31.0242,32.4702,23.4047,27.3027
2023-07-13,45.8363,46.0138,44.3559,44.3818,478204000,NVDA,42.4187,41.8009,37.0346,37.8052,31.2632,32.7349,23.5716,27.4871
2023-07-14,45.3299,47.9409,44.9221,46.4405,772075000,NVDA,42.5419,42.1370,37.3788,38.1003,31.5034,32.9843,23.7373,27.6646
2023-07-17,46.3188,46.3537,45.1235,46.1474,510488000,NVDA,42.7317,42.5353,37.7509,38.4226,31.7607,33.2484,23.9071,27.8503
2023-07-18,47.3487,47.7494,45.5941,46.5581,569164000,NVDA,42.9711,42.9937,38.1483,38.7726,32.0273,33.5276,24.0803,28.0443
2023-07-19,46.9329,47.6717,46.5990,47.3188,427502000,NVDA,43.1341,43.3689,38.5152,39.0926,32.2608,33.7930,24.2541,28.2322
2023-07-20,45.3807,46.9429,44.9241,46.3647,537865000,NVDA,43.2574,43.5605,38.8417,39.3392,32.4825,34.0225,24.4206,28.4029
2023-07-21,44.1734,45.7257,43.9651,45.6479,963769000,NVDA,43.3214,43.6189,39.1555,39.5288,32.6901,34.2235,24.5791,28.5598
2023-07-24,44.4755,44.9710,43.9052,44.5941,382516000,NVDA,43.4412,43.7004,39.4692,39.7228,32.9034,34.4265,24.7359,28.7181
2023-07-25,45.5392,46.0417,44.7855,44.8035,348081000,NVDA,43.6928,43.8756,39.8102,39.9509,33.1326,34.6466,24.8978,28.8855
2023-07-26,45.3129,45.9121,44.4934,45.8802,364237000,NVDA,43.8710,44.0125,40.1514,40.1611,33.3534,34.8578,25.0589,29.0490
2023-07-27,45.7596,47.2500,45.6100,46.3767,455976000,NVDA,44.1095,44.1788,40.4894,40.3807,33.5728,35.0737,25.2275,29.2152
2023-07-28,46.6069,46.8831,46.2391,46.5252,331194000,NVDA,44.4050,44.4101,40.8391,40.6249,33.8042,35.3020,25.4024,29.3883
2023-07-31,46.5860,46.9858,46.3637,46.6109,251055000,NVDA,44.6256,44.6173,41.1692,40.8586,34.0379,35.5255,25.5776,29.5594
2023-08-01,46.3647,46.7565,45.8862,46.3178,237858000,NVDA,44.8297,44.7837,41.4649,41.0745,34.2605,35.7401,25.7522,29.7266
2023-08-02,44.1335,45.6997,43.2542,45.6908,530142000,NVDA,44.9270,44.7218,41.7243,41.1945,34.4682,35.9063,25.9133,29.8700
2023-08-03,44.3788,44.9799,43.6660,43.6660,324176000,NVDA,45.0472,44.6891,41.9903,41.3194,34.6831,36.0741,26.0792,30.0144
2023-08-04,44.5433,45.5023,44.2572,44.8474,362666000,NVDA,45.1558,44.6753,42.2694,41.4458,34.8996,36.2418,26.2427,30.1589
2023-08-07,45.2780,45.4007,44.4266,44.9730,322154000,NVDA,45.3171,44.7327,42.5661,41.5961,35.1125,36.4208,26.4095,30.3094
2023-08-08,44.5273,45.1036,43.9212,44.7158,353843000,NVDA,45.4297,44.7131,42.6995,41.7110,35.3162,36.5813,26.5721,30.4508
2023-08-09,42.4238,44.1764,42.0051,44.1385,586449000,NVDA,45.3625,44.4951,42.7715,41.7390,35.4859,36.6970,26.7234,30.5700
2023-08-10,42.2583,43.4407,41.7070,42.0310,492705000,NVDA,45.1836,44.2821,42.8170,41.7594,35.6520,36.8071,26.8726,30.6863
2023-08-11,40.7300,41.8894,40.5146,41.6232,533085000,NVDA,44.9536,43.9438,42.8773,41.7190,35.8011,36.8848,27.0135,30.7862
2023-08-14,43.6191,43.6660,40.1877,40.3621,690286000,NVDA,44.8186,43.9128,42.9568,41.7935,35.9762,37.0181,27.1655,30.9139
2023-08-15,43.8056,45.1295,43.5763,44.4237,676512000,NVDA,44.6415,43.9026,43.0488,41.8724,36.1504,37.1525,27.3203,31.0422
2023-08-16,43.3529,44.5383,43.2732,44.3838,527451000,NVDA,44.4625,43.8503,43.1349,41.9305,36.3129,37.2753,27.4714,31.1647
2023-08-17,43.2114,43.9272,42.8694,43.8355,452395000,NVDA,44.3540,43.7894,43.2285,41.9807,36.4780,37.3929,27.6186,31.2845
2023-08-18,43.1665,43.4447,41.5325,42.5045,583768000,NVDA,44.3037,43.7301,43.3447,42.0272,36.6452,37.5072,27.7672,31.4028
2023-08-21,46.8233,46.9210,44.0867,44.3579,692573000,NVDA,44.4211,44.0247,43.5133,42.2153,36.8502,37.6917,27.9338,31.5562
2023-08-22,45.5283,48.0396,45.1943,47.9877,755293000,NVDA,44.4205,44.1679,43.6508,42.3452,37.0365,37.8468,28.0956,31.6952
2023-08-23,46.9718,47.0556,45.0697,45.7257,779046000,NVDA,44.5035,44.4349,43.8030,42.5266,37.2332,38.0275,28.2636,31.8472
2023-08-24,47.0187,50.1122,47.0147,50.0623,1156044000,NVDA,44.5664,44.6810,43.9255,42.7028,37.4265,38.2056,28.4281,31.9982
2023-08-25,45.8772,47.6587,44.8862,46.8682,925341000,NVDA,44.5299,44.7949,43.9857,42.8273,37.6065,38.3575,28.5863,32.1363
2023-08-28,46.6917,46.8362,44.7506,46.3398,685192000,NVDA,44.5352,44.9756,44.0691,42.9788,37.7998,38.5225,28.7470,32.2811
2023-08-29,48.6347,48.9308,46.2490,46.5232,701397000,NVDA,44.6487,45.3241,44.1906,43.2006,38.0182,38.7228,28.9215,32.4438
2023-08-30,49.1133,49.7742,48.2768,48.8939,735206000,NVDA,44.8977,45.6849,44.2994,43.4325,38.2398,38.9285,29.0886,32.6097
2023-08-31,49.2040,49.5918,48.8082,49.2289,528570000,NVDA,45.1390,46.0201,44.4252,43.6588,38.4569,39.1320,29.2533,32.7748
2023-09-01,48.3606,49.6476,47.9947,49.6097,463830000,NVDA,45.3298,46.2430,44.5345,43.8432,38.6697,39.3147,29.4139,32.9299
2023-09-05,48.3995,48.7015,47.7136,48.0754,382653000,NVDA,45.4859,46.4484,44.6609,44.0219,38.8896,39.4946,29.5729,33.0838
2023-09-06,46.9209,48.4044,46.4413,48.2968,468670000,NVDA,45.6056,46.4934,44.7892,44.1356,39.0950,39.6417,29.7282,33.2215
2023-09-07,46.1033,46.2060,45.0175,45.3894,433330000,NVDA,45.7895,46.4562,44.8763,44.2127,39.2893,39.7696,29.8807,33.3497
2023-09-08,45.4363,46.4672,45.1362,45.8052,473069000,NVDA,45.9484,46.3591,44.9652,44.2607,39.4745,39.8819,30.0311,33.4700
2023-09-11,45.0435,46.0255,44.1800,46.0106,473966000,NVDA,46.1641,46.2338,45.0521,44.2914,39.6491,39.9841,30.1800,33.5851
2023-09-12,44.7364,45.5370,44.3984,44.6048,349256000,NVDA,46.2200,46.0912,45.1034,44.3089,39.8181,40.0782,30.3238,33.6961
2023-09-13,45.3496,45.7932,44.3705,44.4672,398355000,NVDA,46.2972,46.0205,45.1647,44.3497,40.0014,40.1826,30.4682,33.8120
2023-09-14,45.4453,45.8501,44.9966,45.8132,370097000,NVDA,46.4018,45.9658,45.2299,44.3926,40.1855,40.2868,30.6144,33.9278
2023-09-15,43.7693,45.4632,43.6775,45.2060,506831000,NVDA,46.4297,45.7566,45.2658,44.3682,40.3536,40.3557,30.7544,34.0257
2023-09-18,43.8351,44.1103,41.8749,42.6207,500271000,NVDA,46.4631,45.5736,45.2950,44.3473,40.5304,40.4246,30.8956,34.1233
2023-09-19,43.3904,43.8351,42.8740,43.7025,373064000,NVDA,46.2915,45.3656,45.3218,44.3098,40.6956,40.4834,31.0282,34.2155
2023-09-20,42.1132,43.7723,42.0973,43.4702,367108000,NVDA,46.1207,45.0559,45.3186,44.2236,40.8453,40.5156,31.1534,34.2941
2023-09-21,40.8949,41.9746,40.8580,41.4592,450736000,NVDA,45.8169,44.6596,45.2611,44.0931,40.9777,40.5231,31.2738,34.3598
2023-09-22,41.4861,41.9896,41.1082,41.4482,479236000,NVDA,45.5402,44.3574,45.1741,43.9909,41.1043,40.5422,31.3985,34.4307
2023-09-25,42.0963,42.4093,41.0544,41.4672,419091000,NVDA,45.3512,44.1420,45.1094,43.9166,41.2441,40.5730,31.5293,34.5070
2023-09-26,41.7862,42.6925,41.5310,41.8759,402282000,NVDA,45.1059,43.9177,45.0188,43.8330,41.3848,40.5970,31.6579,34.5794
2023-09-27,42.3415,42.7443,41.5050,42.2040,444935000,NVDA,44.7913,43.7676,44.9186,43.7745,41.5335,40.6315,31.7840,34.6566
2023-09-28,42.9607,43.3166,41.9896,42.3336,424663000,NVDA,44.4836,43.6907,44.8392,43.7426,41.6772,40.6777,31.9141,34.7393
2023-09-29,43.3695,44.0125,43.1780,43.6965,397830000,NVDA,44.1919,43.6601,44.7990,43.7280,41.8203,40.7310,32.0436,34.8251
2023-10-02,44.6487,45.0405,43.7304,43.8989,433298000,NVDA,44.0063,43.7543,44.8085,43.7641,41.9820,40.8086,32.1767,34.9229
2023-10-03,43.3874,44.9956,43.1172,44.6746,470850000,NVDA,43.7557,43.7193,44.7867,43.7493,42.1279,40.8596,32.3056,35.0071
2023-10-04,43.9099,44.0116,43.1631,43.6117,361821000,NVDA,43.6052,43.7375,44.7541,43.7556,42.2822,40.9200,32.4407,35.0957
2023-10-05,44.5549,44.7663,43.7573,43.9188,393483000,NVDA,43.5277,43.8153,44.7390,43.7870,42.4452,40.9920,32.5809,35.1898
2023-10-06,45.6257,45.6526,43.8949,44.0614,434436000,NVDA,43.5372,43.9877,44.7363,43.8591,42.6128,41.0838,32.7280,35.2937
2023-10-09,45.1382,45.4692,44.2359,44.7085,409675000,NVDA,43.5420,44.0973,44.7069,43.9092,42.7730,41.1640,32.8735,35.3916
2023-10-10,45.6616,46.1213,44.9537,45.1751,368582000,NVDA,43.5882,44.2463,44.6884,43.9779,42.9288,41.2531,33.0196,35.4938
2023-10-11,46.6666,46.7195,45.9129,46.0584,378137000,NVDA,43.6541,44.4768,44.6945,44.0834,43.0797,41.3603,33.1765,35.6050
2023-10-12,46.8052,47.4672,46.1921,46.6377,481325000,NVDA,43.7221,44.6986,44.7479,44.1901,43.2361,41.4681,33.3348,35.7164
2023-10-13,45.3256,46.9757,45.1452,46.8202,474115000,NVDA,43.7999,44.7583,44.7668,44.2347,43.3786,41.5445,33.4910,35.8120
2023-10-16,45.9577,46.0874,44.7783,44.9288,375099000,NVDA,43.9060,44.8725,44.7951,44.3022,43.5322,41.6319,33.6509,35.9130
2023-10-17,43.8072,44.6207,42.3535,43.8690,812333000,NVDA,43.9269,44.7710,44.7657,44.2828,43.6659,41.6750,33.7971,35.9915
2023-10-18,42.0703,43.0903,41.7004,42.4642,627294000,NVDA,43.9247,44.5138,44.7166,44.1960,43.7080,41.6828,33.9346,36.0520
2023-10-19,41.9756,43.1681,41.7573,42.6835,501233000,NVDA,43.9788,44.2721,44.7076,44.1090,43.7395,41.6886,34.0732,36.1110
2023-10-20,41.2638,42.3435,40.9557,41.7653,477266000,NVDA,43.9676,43.9856,44.6877,43.9974,43.7523,41.6802,34.2060,36.1622
2023-10-23,42.8470,43.1192,40.8231,41.1062,478530000,NVDA,44.0052,43.8772,44.7300,43.9523,43.8037,41.7033,34.3492,36.2287
2023-10-24,43.5330,43.5669,42.5639,42.9487,401463000,NVDA,44.0925,43.8444,44.7283,43.9358,43.8425,41.7395,34.4928,36.3014
2023-10-25,41.6546,43.5200,41.4313,43.2688,398379000,NVDA,44.0582,43.6358,44.6853,43.8464,43.8671,41.7378,34.6232,36.3547
2023-10-26,40.2059,42.1302,39.7613,41.7284,541001000,NVDA,43.9204,43.3092,44.6224,43.7036,43.8787,41.7075,34.7449,36.3930
2023-10-27,40.3794,41.0833,39.8958,41.0075,416784000,NVDA,43.7709,43.0301,44.5657,43.5733,43.8971,41.6812,34.8671,36.4327
2023-10-30,41.0384,41.6416,40.3605,40.9647,388028000,NVDA,43.5904,42.8405,44.5232,43.4738,43.9339,41.6685,34.9900,36.4785
2023-10-31,40.6586,40.7573,39.1132,40.3296,517969000,NVDA,43.4540,42.6327,44.3999,43.3634,43.9566,41.6485,35.1091,36.5201
2023-11-01,42.1990,42.2548,40.7473,40.7623,437593000,NVDA,43.3684,42.5914,44.3333,43.3178,43.9921,41.6594,35.2318,36.5766
2023-11-02,43.3764,43.7533,42.7663,43.1990,409172000,NVDA,43.3095,42.6661,44.2614,43.3201,44.0322,41.6934,35.3621,36.6443
2023-11-03,44.8710,45.1741,43.5928,43.8889,424610000,NVDA,43.2718,42.8761,44.2184,43.3809,44.0720,41.7563,35.5029,36.7261
2023-11-06,45.6148,45.7982,44.7653,45.1501,400733000,NVDA,43.2956,43.1369,44.2132,43.4685,44.0994,41.8327,35.6421,36.8146
2023-11-07,45.8182,46.0804,45.0235,45.5829,343165000,NVDA,43.3034,43.3923,44.1957,43.5606,44.1324,41.9116,35.7756,36.9042
2023-11-08,46.4353,46.7274,45.8311,45.9627,346719000,NVDA,43.2919,43.6821,44.1517,43.6734,44.1711,42.0012,35.9117,36.9990
2023-11-09,46.8102,48.0864,46.6108,47.3257,540496000,NVDA,43.2921,43.9800,44.1057,43.7964,44.2025,42.0964,36.0495,37.0966
2023-11-10,48.1911,48.3277,47.1422,47.3586,421245000,NVDA,43.4354,44.3811,44.0854,43.9687,44.2553,42.2171,36.1918,37.2070
2023-11-13,48.4752,48.9697,47.9558,48.1761,384136000,NVDA,43.5612,44.7710,44.0877,44.1455,44.3111,42.3410,36.3327,37.3191
2023-11-14,49.5081,49.6856,48.8940,49.5321,416954000,NVDA,43.8463,45.2221,44.1099,44.3558,44.3854,42.4830,36.4847,37.4404
2023-11-15,48.7424,49.8112,48.0565,49.7863,475497000,NVDA,44.1799,45.5574,44.1463,44.5278,44.4677,42.6069,36.6311,37.5529
2023-11-16,49.3327,49.3775,48.1861,48.5341,339756000,NVDA,44.5478,45.9170,44.2109,44.7162,44.5436,42.7401,36.7734,37.6701
2023-11-17,49.1512,49.5690,48.8611,49.3765,325205000,NVDA,44.9421,46.2250,44.2852,44.8901,44.6252,42.8671,36.9109,37.7843
2023-11-20,50.2589,50.3975,49.0346,49.1652,414120000,NVDA,45.3127,46.6092,44.3895,45.1007,44.7208,43.0134,37.0571,37.9084
2023-11-21,49.7953,50.3666,49.0754,49.9767,565747000,NVDA,45.6258,46.9126,44.4907,45.2848,44.7970,43.1477,37.2010,38.0267
2023-11-22,48.5709,50.1851,47.5480,49.7036,899420000,NVDA,45.9716,47.0705,44.5551,45.4136,44.8599,43.2551,37.3333,38.1316
2023-11-24,47.6337,48.7753,47.6028,48.3257,294645000,NVDA,46.3430,47.1242,44.5989,45.5007,44.9144,43.3418,37.4608,38.2262
2023-11-27,48.0984,48.3855,47.5101,47.6577,395662000,NVDA,46.7290,47.2170,44.6854,45.6026,44.9756,43.4360,37.5900,38.3244
2023-11-28,47.6786,48.1791,47.3316,48.0924,401491000,NVDA,47.0610,47.2609,44.7623,45.6840,45.0287,43.5200,37.7224,38.4175
2023-11-29,47.9967,48.6168,47.7175,48.2349,382005000,NVDA,47.4279,47.3310,44.8544,45.7747,45.0881,43.6087,37.8538,38.5128
2023-11-30,46.6307,47.9668,46.2838,47.8810,526247000,NVDA,47.6495,47.2643,44.9448,45.8083,45.1317,43.6685,37.9725,38.5936
2023-12-01,46.6258,47.0595,46.0495,46.3865,369317000,NVDA,47.8120,47.2035,45.0594,45.8403,45.1603,43.7271,38.0922,38.6735
2023-12-04,45.3745,45.9398,44.8760,45.9398,437543000,NVDA,47.8371,47.0293,45.1372,45.8220,45.1556,43.7597,38.2094,38.7402
2023-12-05,46.4314,46.4653,45.1402,45.3346,371718000,NVDA,47.8780,46.9724,45.2239,45.8459,45.1667,43.8126,38.3350,38.8167
2023-12-06,45.3715,47.2500,45.2808,47.0785,380590000,NVDA,47.8556,46.8199,45.2956,45.8273,45.1572,43.8435,38.4589,38.8819
2023-12-07,46.4613,46.4942,45.4722,45.5679,350823000,NVDA,47.8569,46.7857,45.3780,45.8522,45.1483,43.8953,38.5878,38.9574
2023-12-08,47.3687,47.6030,46.4155,46.4603,359224000,NVDA,47.8849,46.8413,45.4661,45.9117,45.1527,43.9641,38.7067,39.0410
2023-12-11,46.4922,47.3936,45.6976,47.3538,509728000,NVDA,47.7999,46.8080,45.5286,45.9344,45.1638,44.0141,38.8232,39.1152
2023-12-12,47.5193,47.5282,45.9129,45.9129,372387000,NVDA,47.7521,46.8758,45.5860,45.9966,45.1972,44.0836,38.9436,39.1988
2023-12-13,47.9490,48.4536,47.4704,47.4913,447792000,NVDA,47.6742,46.9780,45.6772,46.0732,45.2320,44.1601,39.0677,39.2859
2023-12-14,48.2103,48.5293,47.2849,48.2501,391232000,NVDA,47.6476,47.0953,45.7632,46.1570,45.2587,44.2403,39.1956,39.3747
2023-12-15,48.7487,49.2612,47.9809,48.0547,479948000,NVDA,47.6184,47.2528,45.8471,46.2586,45.2930,44.3296,39.3232,39.4680
2023-12-18,49.9323,50.2872,49.0080,49.2572,412587000,NVDA,47.6574,47.5080,45.9333,46.4027,45.3348,44.4405,39.4538,39.5721
2023-12-19,49.4606,49.5564,48.7537,49.2812,464444000,NVDA,47.6175,47.6940,46.0197,46.5226,45.3633,44.5399,39.5837,39.6705
2023-12-20,47.9720,49.8545,47.9590,49.5115,397894000,NVDA,47.5263,47.7204,46.0659,46.5794,45.3772,44.6079,39.7075,39.7531
2023-12-21,48.8484,48.9531,48.2791,48.6699,300425000,NVDA,47.5402,47.8279,46.1095,46.6684,45.4020,44.6919,39.8312,39.8436
2023-12-22,48.6889,49.2403,48.3269,49.0528,252507000,NVDA,47.5930,47.9099,46.1472,46.7476,45.4476,44.7710,39.9579,39.9316
2023-12-26,49.1366,49.4566,48.8185,48.8265,244200000,NVDA,47.6449,48.0267,46.2234,46.8413,45.4951,44.8575,40.0891,40.0232
2023-12-27,49.2742,49.5364,48.9431,49.3679,233648000,NVDA,47.7247,48.1455,46.2898,46.9367,45.5424,44.9449,40.2210,40.1152
2023-12-28,49.3789,49.7398,49.2692,49.4995,246587000,NVDA,47.7938,48.2630,46.4012,47.0325,45.5834,45.0327,40.3480,40.2074
2023-12-29,49.3789,49.8525,48.6101,49.6690,389293000,NVDA,47.9312,48.3692,46.5474,47.1245,45.6320,45.1188,40.4741,40.2987
2024-01-02,48.0288,49.1525,47.4574,49.1017,411254000,NVDA,48.0013,48.3368,46.6684,47.1600,45.6880,45.1764,40.5869,40.3756
2024-01-03,47.4315,48.0447,47.1832,47.3478,320896000,NVDA,48.1042,48.2506,46.7918,47.1706,45.7397,45.2211,40.6959,40.4458
2024-01-04,47.8593,48.3598,47.3707,47.6289,306535000,NVDA,48.1756,48.2133,46.8920,47.1976,45.8110,45.2733,40.8061,40.5196
2024-01-05,48.9551,49.4038,48.1664,48.3219,415039000,NVDA,48.3547,48.2840,47.0005,47.2665,45.8644,45.3462,40.9203,40.6035
2024-01-08,52.1020,52.1239,49.3360,49.3689,642510000,NVDA,48.6368,48.6476,47.2094,47.4562,45.9474,45.4800,41.0489,40.7179
2024-01-09,52.9864,54.1680,51.5406,52.2496,773100000,NVDA,48.9177,49.0608,47.4650,47.6730,46.0437,45.6286,41.1783,40.8400
2024-01-10,54.1929,54.4422,53.3344,53.4611,533796000,NVDA,49.3027,49.5496,47.7413,47.9287,46.1535,45.7982,41.3158,40.9728
2024-01-11,54.6636,55.1861,53.4052,54.8401,596759000,NVDA,49.6599,50.0366,48.0138,48.1928,46.2685,45.9738,41.4569,41.1091
2024-01-12,54.5519,54.8111,54.1730,54.4621,352994000,NVDA,49.9901,50.4667,48.2917,48.4422,46.3458,46.1436,41.5980,41.2428
2024-01-16,56.2191,56.6707,54.7413,54.8590,449580000,NVDA,50.3905,51.0145,48.5721,48.7472,46.4527,46.3431,41.7446,41.3918
2024-01-17,55.8910,56.3078,54.5818,56.1842,474394000,NVDA,50.7476,51.4789,48.8224,49.0273,46.5419,46.5322,41.8876,41.5361
2024-01-18,56.9420,57.4335,55.9449,57.0945,491650000,NVDA,51.0981,51.9992,49.0638,49.3377,46.6411,46.7383,42.0338,41.6894
2024-01-19,59.3191,59.3280,57.0596,57.8214,543501000,NVDA,51.5910,52.6964,49.3379,49.7291,46.7755,46.9875,42.1910,41.8648
2024-01-22,59.4816,60.1566,58.8993,59.8755,452955000,NVDA,52.1665,53.3426,49.6111,50.1116,46.9034,47.2349,42.3516,42.0401
2024-01-23,59.7000,59.7369,58.4157,59.3978,294654000,NVDA,52.7091,53.9480,49.8764,50.4876,47.0141,47.4817,42.5161,42.2158
2024-01-24,61.1847,62.6674,59.7648,60.1297,560271000,NVDA,53.3339,54.6372,50.1639,50.9071,47.1348,47.7531,42.6873,42.4046
2024-01-25,61.4389,62.5377,60.6741,62.1698,482777000,NVDA,53.9490,55.2850,50.4289,51.3201,47.2571,48.0241,42.8570,42.5940
2024-01-26,60.8546,61.6044,60.3979,60.7838,390309000,NVDA,54.5280,55.8155,50.6765,51.6940,47.3821,48.2781,43.0259,42.7757
2024-01-29,62.2845,62.3084,60.7310,61.0550,348733000,NVDA,55.1733,56.4315,50.9320,52.1093,47.5209,48.5555,43.2053,42.9698
2024-01-30,62.5926,63.3095,62.0801,62.7182,410735000,NVDA,55.8340,57.0183,51.2090,52.5204,47.6776,48.8334,43.3863,43.1650
2024-01-31,61.3492,62.0890,60.5246,61.2624,453795000,NVDA,56.5000,57.4308,51.4493,52.8667,47.8301,49.0813,43.5597,43.3460
2024-02-01,62.8448,63.0084,61.4718,61.9205,369146000,NVDA,57.2707,57.9464,51.7232,53.2580,48.0042,49.3538,43.7393,43.5400
2024-02-02,65.9688,66.4075,63.5059,63.7891,476578000,NVDA,58.1761,58.7104,52.0374,53.7564,48.2134,49.6828,43.9313,43.7632
2024-02-05,69.1316,69.2962,67.0108,68.0278,680078000,NVDA,59.1850,59.7029,52.4241,54.3594,48.4574,50.0680,44.1377,44.0156
2024-02-06,68.0258,69.5524,66.1084,69.4288,683111000,NVDA,59.9811,60.4956,52.8132,54.8953,48.6842,50.4236,44.3428,44.2545
2024-02-07,69.8964,70.0171,67.4046,68.1216,495575000,NVDA,60.8266,61.3909,53.2585,55.4836,48.9287,50.8092,44.5571,44.5096
2024-02-08,69.4397,70.5894,69.2543,69.8715,414422000,NVDA,61.5890,62.1575,53.6853,56.0309,49.1854,51.1781,44.7695,44.7577
2024-02-09,71.9246,71.9764,70.0091,70.3292,436637000,NVDA,62.4520,63.0877,54.1702,56.6542,49.4663,51.5889,44.9983,45.0280
2024-02-12,72.0392,74.3954,71.0441,72.3902,613710000,NVDA,63.3264,63.9402,54.6511,57.2575,49.7528,51.9939,45.2242,45.2968
2024-02-13,71.9196,73.2377,69.4188,70.1966,602580000,NVDA,64.1114,64.7001,55.1568,57.8325,50.0508,52.3884,45.4481,45.5617
2024-02-14,73.6864,74.0215,71.7301,72.9905,504917000,NVDA,65.0012,65.5560,55.6981,58.4542,50.3787,52.8102,45.6782,45.8415
2024-02-15,72.4480,73.7612,72.1908,73.6555,420122000,NVDA,65.7765,66.2124,56.2395,59.0030,50.6884,53.1990,45.8963,46.1063
2024-02-16,72.4031,74.1870,72.2915,73.8858,495327000,NVDA,66.4307,66.8020,56.7590,59.5285,50.9914,53.5793,46.1178,46.3679
2024-02-20,69.2513,71.7481,67.5383,71.7391,704833000,NVDA,66.9192,67.0352,57.2366,59.9098,51.2661,53.8897,46.3254,46.5956
2024-02-21,67.2770,68.6889,66.0565,67.8095,673755000,NVDA,67.2980,67.0582,57.6529,60.1987,51.5154,54.1548,46.5245,46.8014
2024-02-22,78.3110,78.3479,74.0055,74.8082,865100000,NVDA,68.1544,68.1299,58.2717,60.9090,51.8689,54.6331,46.7731,47.1150
2024-02-23,78.5892,82.1559,77.3458,80.5565,829388000,NVDA,69.0119,69.1261,58.9137,61.6023,52.2211,55.1075,47.0207,47.4281
2024-02-26,78.8634,80.4130,78.2781,79.4697,503973000,NVDA,69.9123,70.0534,59.5405,62.2792,52.5633,55.5779,47.2726,47.7409
2024-02-27,78.4735,79.2503,76.9390,79.1516,391705000,NVDA,70.7218,70.8553,60.1510,62.9143,52.9141,56.0313,47.5210,48.0467
2024-02-28,77.4386,78.7049,76.9021,77.3957,393110000,NVDA,71.4641,71.4823,60.7356,63.4839,53.2494,56.4552,47.7658,48.3392
2024-02-29,78.8834,79.7588,78.1236,78.8654,507289000,NVDA,72.3408,72.1872,61.3383,64.0878,53.5927,56.8993,48.0190,48.6431
2024-03-01,82.0412,82.0622,79.2054,79.7688,479135000,NVDA,73.3006,73.1257,61.9805,64.7918,53.9569,57.3972,48.2849,48.9754
2024-03-04,84.9907,87.4416,83.4771,83.8869,615616000,NVDA,74.2517,74.2557,62.6911,65.5839,54.3554,57.9436,48.5642,49.3338
2024-03-05,85.7196,85.8522,83.1798,85.0276,520639000,NVDA,75.0811,75.3475,63.4460,66.3736,54.7560,58.4936,48.8424,49.6958
2024-03-06,88.4478,89.4689,86.7826,87.7717,582520000,NVDA,76.1022,76.5951,64.2380,67.2392,55.1738,59.0867,49.1267,50.0814
2024-03-07,92.4055,92.5032,89.3472,89.9017,608119000,NVDA,77.2276,78.1009,65.1123,68.2261,55.6298,59.7465,49.4329,50.5025
2024-03-08,87.2791,97.1231,86.2600,94.8675,1142269000,NVDA,78.1196,78.9750,65.8752,68.9733,56.0493,60.2917,49.7139,50.8685
2024-03-11,85.5301,88.5445,83.9267,86.1832,678364000,NVDA,78.7999,79.5993,66.6003,69.6226,56.4450,60.7915,49.9886,51.2134
2024-03-12,91.6517,91.6985,85.9051,87.7987,668075000,NVDA,79.7805,80.7471,67.4458,70.4865,56.9235,61.4026,50.2947,51.6157
2024-03-13,90.6296,91.2438,88.1835,90.7961,635713000,NVDA,80.7160,81.6883,68.2708,71.2764,57.4091,61.9813,50.5585,52.0039
2024-03-14,87.6940,90.3883,86.3538,89.3223,602318000,NVDA,81.4164,82.2603,69.0641,71.9202,57.8663,62.4905,50.8029,52.3591
2024-03-15,87.5873,89.2914,86.0118,86.6828,642086000,NVDA,82.1734,82.7676,69.8672,72.5346,58.3295,62.9875,51.0409,52.7096
2024-03-18,88.2035,92.1423,86.8374,90.1310,668976000,NVDA,82.9634,83.2853,70.6741,73.1491,58.7831,63.4868,51.2934,53.0628
2024-03-19,89.1438,90.2866,84.7683,86.4535,672171000,NVDA,83.9580,83.8433,71.4779,73.7763,59.2392,63.9948,51.5409,53.4218
2024-03-20,90.1151,90.1530,87.9722,89.5417,479063000,NVDA,85.0999,84.4406,72.2381,74.4171,59.7238,64.5121,51.7954,53.7869
2024-03-21,91.1750,92.3846,90.1479,92.0376,480372000,NVDA,85.7431,85.0820,73.0019,75.0743,60.2335,65.0401,52.0561,54.1589
2024-03-22,94.0209,94.5085,90.5757,90.8819,586719000,NVDA,86.5147,85.9333,73.7985,75.8173,60.7699,65.6139,52.3335,54.5556
2024-03-25,94.7319,96.4909,93.2441,93.6739,552136000,NVDA,87.3081,86.7712,74.5998,76.5590,61.3068,66.1905,52.6204,54.9553
2024-03-26,92.2978,96.1010,92.2390,95.5785,513648000,NVDA,87.9993,87.2976,75.3547,77.1762,61.8232,66.7075,52.8899,55.3269
2024-03-27,89.9934,92.9749,88.8696,92.8473,586067000,NVDA,88.6271,87.5543,76.0302,77.6788,62.3012,67.1686,53.1466,55.6718
2024-03-28,90.0991,91.0404,88.9394,89.7441,435212000,NVDA,89.1879,87.7967,76.7144,78.1659,62.7684,67.6227,53.4003,56.0144
2024-04-01,90.1061,91.9628,88.9504,90.0423,452441000,NVDA,89.5911,88.0166,77.3777,78.6342,63.2207,68.0679,53.6463,56.3536
2024-04-02,89.1977,89.8378,87.3709,88.1965,433064000,NVDA,89.8014,88.1291,77.9752,79.0484,63.6566,68.4863,53.8780,56.6804
2024-04-03,88.7111,90.1170,88.1487,88.2324,370067000,NVDA,89.9510,88.1845,78.5598,79.4273,64.0855,68.8868,54.1089,56.9991
2024-04-04,85.6607,90.3763,85.6358,90.1489,434965000,NVDA,89.8117,87.9442,79.0791,79.6718,64.4777,69.2190,54.3244,57.2843
2024-04-05,87.7578,88.2294,85.6817,86.6190,399678000,NVDA,89.5793,87.9264,79.6105,79.9889,64.8872,69.5861,54.5449,57.5875
2024-04-08,86.8852,88.5774,86.4854,88.4478,283220000,NVDA,89.5596,87.8273,80.1194,80.2593,65.2742,69.9286,54.7647,57.8791
2024-04-09,85.1113,87.3858,82.7859,87.1934,501700000,NVDA,89.5386,87.5686,80.6046,80.4496,65.6405,70.2293,54.9758,58.1500
2024-04-10,86.7915,87.1515,83.4710,83.6874,431929000,NVDA,89.2956,87.4946,81.0947,80.6983,66.0134,70.5572,55.1994,58.4350
2024-04-11,90.3583,90.4810,86.6788,87.1714,431637000,NVDA,89.2821,87.7673,81.6500,81.0771,66.4295,70.9493,55.4486,58.7527
2024-04-12,87.9353,89.9186,87.2811,89.4440,426805000,NVDA,89.2941,87.7833,82.1818,81.3461,66.8155,71.2857,55.6796,59.0430
2024-04-15,85.7565,90.3554,85.6847,88.8447,443077000,NVDA,89.2026,87.5903,82.6400,81.5190,67.1816,71.5722,55.9034,59.3088
2024-04-16,87.1665,87.8675,85.8193,86.1872,370453000,NVDA,89.1507,87.5499,83.0639,81.7405,67.5507,71.8810,56.1357,59.5860
2024-04-17,83.7961,88.5226,83.7113,88.0888,495400000,NVDA,88.8834,87.1924,83.3572,81.8211,67.8907,72.1170,56.3438,59.8269
2024-04-18,84.4303,85.9449,82.1677,84.7284,447260000,NVDA,88.5991,86.9294,83.6853,81.9234,68.2493,72.3608,56.5546,60.0717
2024-04-19,75.9833,84.0842,75.3910,82.9136,875198000,NVDA,87.8395,85.8869,83.8071,81.6905,68.5328,72.4325,56.7236,60.2301
2024-04-22,79.2919,79.8453,76.1828,77.8819,596341000,NVDA,87.1031,85.2588,84.0041,81.5964,68.8447,72.5684,56.9102,60.4197
2024-04-23,82.1887,82.5337,80.0358,80.5394,438559000,NVDA,86.4759,84.9664,84.2094,81.6197,69.1898,72.7589,57.1092,60.6363
2024-04-24,79.4505,83.8429,78.9579,83.7113,512208000,NVDA,85.8336,84.4411,84.3576,81.5346,69.5043,72.8914,57.2962,60.8235
2024-04-25,82.3971,83.0861,78.0006,78.6438,424641000,NVDA,85.4537,84.2464,84.5672,81.5684,69.8620,73.0796,57.4968,61.0382
2024-04-26,87.4856,88.0799,83.1499,83.5797,551011000,NVDA,85.3231,84.5549,84.8431,81.8005,70.2706,73.3649,57.7154,61.3014
2024-04-29,87.5075,87.7418,85.0236,87.3459,388971000,NVDA,85.1931,84.8361,85.1443,82.0243,70.6919,73.6449,57.9238,61.5621
2024-04-30,86.1563,88.5665,86.0546,86.9920,363709000,NVDA,85.0411,84.9618,85.4194,82.1863,71.0892,73.8927,58.1279,61.8068
2024-05-01,82.8049,85.7555,81.0240,84.8351,559863000,NVDA,84.7458,84.7564,85.6905,82.2106,71.4635,74.0692,58.3103,62.0158
2024-05-02,85.5730,85.9918,82.9634,84.2089,377898000,NVDA,84.7414,84.8342,86.0564,82.3424,71.8546,74.2970,58.5015,62.2502
2024-05-03,88.5366,89.0272,86.7925,87.5394,398341000,NVDA,84.7803,85.1868,86.2609,82.5853,72.2663,74.5789,58.7095,62.5117
2024-05-06,91.8780,91.9578,88.8018,89.1358,376203000,NVDA,85.0299,85.8240,86.5267,82.9497,72.7202,74.9215,58.9420,62.8039
2024-05-07,90.2965,91.5200,88.7579,90.8390,437342000,NVDA,85.2892,86.2500,86.7553,83.2379,73.1479,75.2259,59.1726,63.0775
2024-05-08,90.1549,90.9347,89.1657,89.2286,325721000,NVDA,85.4574,86.6219,86.9890,83.5091,73.5700,75.5216,59.4010,63.3469
2024-05-09,88.4947,90.8130,87.9801,90.2716,378013000,NVDA,85.3642,86.8003,87.2101,83.7046,73.9728,75.7785,59.6158,63.5971
2024-05-10,89.6225,91.1411,88.9733,90.0482,335325000,NVDA,85.4486,87.0690,87.4249,83.9367,74.3816,76.0526,59.8373,63.8561
2024-05-13,90.1420,90.7393,88.2773,90.2207,289680000,NVDA,85.6678,87.3617,87.5869,84.1800,74.7837,76.3316,60.0592,64.1176
2024-05-14,91.0963,91.3904,88.6811,89.3442,296507000,NVDA,85.8643,87.7174,87.7090,84.4513,75.2000,76.6240,60.2817,64.3861
2024-05-15,94.3609,94.5923,91.3386,92.2091,417735000,NVDA,86.3926,88.3501,87.8818,84.8399,75.6639,76.9752,60.5205,64.6843
2024-05-16,94.0907,95.5466,93.8354,94.6401,323952000,NVDA,86.8756,88.8968,87.9947,85.2027,76.1163,77.3141,60.7592,64.9770
2024-05-17,92.2161,94.4706,91.5450,94.1007,359691000,NVDA,87.6872,89.2129,87.9909,85.4777,76.5516,77.6092,60.9996,65.2480
2024-05-20,94.5105,94.9293,93.1743,93.4835,318764000,NVDA,88.4482,89.7175,88.1355,85.8319,77.0054,77.9439,61.2502,65.5392
2024-05-21,95.1148,95.1288,92.9151,93.3329,328946000,NVDA,89.0945,90.2315,88.3272,86.1960,77.4638,78.2839,61.5031,65.8334
2024-05-22,94.6800,95.7470,92.9839,95.1876,548648000,NVDA,89.8559,90.6552,88.3878,86.5287,77.9168,78.6086,61.7501,66.1205
2024-05-23,103.5039,106.0177,101.2313,101.7379,835065000,NVDA,90.9113,91.8789,88.6453,87.1944,78.4580,79.1015,62.0450,66.4924
2024-05-24,106.1663,106.1723,102.7071,104.1520,429494000,NVDA,91.8453,93.2396,89.0147,87.9384,79.0394,79.6375,62.3637,66.8872
2024-05-28,113.5771,114.6122,109.5706,109.9305,652728000,NVDA,93.1488,95.1765,89.5345,88.9438,79.7009,80.3096,62.7203,67.3518
2024-05-29,114.4985,115.1636,110.5857,112.7286,557442000,NVDA,94.5659,97.0167,90.0604,89.9459,80.3672,80.9866,63.0891,67.8209
2024-05-30,110.1858,115.4897,109.3512,114.3240,484553000,NVDA,95.9350,98.2709,90.4812,90.7397,80.9796,81.5648,63.4220,68.2424
2024-05-31,109.3213,112.3965,106.6359,112.2001,613263000,NVDA,97.1224,99.3233,90.8654,91.4684,81.5517,82.1144,63.7496,68.6512
2024-06-03,114.6730,114.6730,111.6845,113.2979,438392000,NVDA,98.4292,100.7852,91.3353,92.3783,82.1686,82.7591,64.1062,69.1091
2024-06-04,116.1059,116.2685,113.7207,115.3870,403324000,NVDA,99.6406,102.2443,91.7770,93.3088,82.7877,83.4195,64.4706,69.5768
2024-06-05,122.0919,122.1009,117.1340,118.0344,528402000,NVDA,101.2304,104.1345,92.3242,94.4376,83.4620,84.1852,64.8653,70.0993
2024-06-06,120.6540,125.2299,117.9836,123.6953,664696000,NVDA,102.7553,105.7078,92.8914,95.4657,84.1230,84.9074,65.2344,70.6023
2024-06-07,120.5443,121.3460,117.6864,119.4295,412386000,NVDA,104.3578,107.1208,93.5024,96.4492,84.7663,85.6131,65.6095,71.0993
2024-06-10,121.4437,122.7500,116.6773,120.0277,313434100,NVDA,105.9488,108.4849,94.1293,97.4293,85.4218,86.3226,65.9818,71.6002
2024-06-11,120.5761,122.5307,118.4121,121.4338,222551200,NVDA,107.4706,109.6364,94.7387,98.3370,86.0582,87.0009,66.3496,72.0875
2024-06-12,124.8543,126.5296,122.2315,122.7202,299595000,NVDA,109.1585,111.0858,95.4518,99.3769,86.7135,87.7505,66.7445,72.6126
2024-06-13,129.2521,129.4416,126.8089,129.0327,260704500,NVDA,110.9030,112.8159,96.2626,100.5485,87.4112,88.5723,67.1573,73.1761
2024-06-14,131.5158,132.4732,127.9657,129.6011,309320400,NVDA,112.7743,114.5968,97.1797,101.7629,88.1294,89.4226,67.5717,73.7566
2024-06-17,130.6183,133.3607,129.2222,132.6228,288504400,NVDA,114.6944,116.1227,98.0369,102.8945,88.8237,90.2384,67.9793,74.3224
2024-06-18,135.2056,135.9535,130.3291,130.7779,294335100,NVDA,116.7291,117.9401,99.0033,104.1616,89.5614,91.1288,68.4093,74.9282
2024-06-20,130.4189,140.3713,129.1623,139.4139,517768400,NVDA,118.4943,119.1286,99.9095,105.1913,90.2570,91.9069,68.8196,75.4804
2024-06-21,126.2205,130.2693,123.9568,126.7690,649445800,NVDA,120.0714,119.8040,100.6981,106.0160,90.8964,92.5863,69.2087,75.9852
2024-06-24,117.7838,124.1163,117.7140,122.8997,476060900,NVDA,120.7854,119.6116,101.2466,106.4775,91.4483,93.0853,69.5630,76.4012
2024-06-25,125.7418,126.1507,118.9905,120.8653,414192600,NVDA,121.7641,120.1954,102.0027,107.2329,92.0922,93.7320,69.9612,76.8921
2024-06-26,126.0510,127.7662,122.2615,125.7817,362975900,NVDA,122.3878,120.7531,102.8086,107.9709,92.7243,94.3719,70.3642,77.3812
2024-06-27,123.6476,126.0609,122.5806,123.7573,252571700,NVDA,122.8453,121.0288,103.5382,108.5857,93.3011,94.9517,70.7573,77.8416
2024-06-28,123.1989,127.3573,122.4110,124.2360,315516700,NVDA,123.4959,121.2354,104.3263,109.1587,93.8418,95.5110,71.1496,78.2929
2024-07-01,123.9568,124.4953,118.5019,123.1291,284885500,NVDA,124.2277,121.4946,105.1168,109.7390,94.4011,96.0743,71.5426,78.7473
2024-07-02,122.3313,123.0692,120.6958,120.7955,218374000,NVDA,124.6106,121.5743,106.0438,110.2329,94.9254,96.5942,71.9270,79.1810
2024-07-03,127.9258,127.9258,121.0249,121.3241,215749000,NVDA,125.2016,122.1792,107.0164,110.9267,95.5103,97.2147,72.3478,79.6660
2024-07-05,125.4826,128.4942,125.3330,127.0283,214176700,NVDA,125.3712,122.4938,107.8823,111.4975,96.0458,97.7744,72.7561,80.1219
2024-07-08,127.8460,130.4089,126.6892,127.1380,237677300,NVDA,125.7308,123.0035,108.8502,112.1386,96.6039,98.3699,73.1783,80.5967
2024-07-09,131.0172,133.4505,128.2948,129.9901,285366600,NVDA,126.2544,123.7667,109.8226,112.8790,97.1949,99.0164,73.6229,81.0984
2024-07-10,134.5375,134.7270,132.0543,133.6599,248978600,NVDA,126.9091,124.7925,110.7637,113.7283,97.8034,99.7198,74.0911,81.6302
2024-07-11,127.0482,135.7740,126.6992,135.3752,374782700,NVDA,127.2327,125.0074,111.5545,114.2507,98.3494,100.2609,74.5189,82.0821
2024-07-12,128.8831,131.5557,126.8687,127.9058,252680500,NVDA,127.4341,125.3765,112.4090,114.8245,98.9142,100.8277,74.9528,82.5478
2024-07-15,128.0853,131.0272,126.8288,130.1995,208326200,NVDA,127.3758,125.6345,113.3146,115.3445,99.5025,101.3675,75.3843,83.0009
2024-07-16,126.0111,128.6837,124.2360,128.0853,214769500,NVDA,127.1006,125.6703,114.1234,115.7628,100.0899,101.8554,75.8027,83.4288
2024-07-17,117.6642,121.5135,116.3977,121.0149,390086200,NVDA,126.4529,124.9078,114.7059,115.8374,100.4834,102.1685,76.1762,83.7695
2024-07-18,120.7556,122.0620,116.2381,121.5135,320979500,NVDA,125.7304,124.5124,115.2835,116.0303,100.9051,102.5366,76.5631,84.1375
2024-07-19,117.6044,121.2642,117.0459,120.0177,217223800,NVDA,125.0896,123.8545,115.8297,116.0920,101.2925,102.8349,76.9279,84.4705
2024-07-22,123.1989,123.7274,119.5290,120.0177,258068900,NVDA,124.9385,123.7920,116.4905,116.3707,101.7397,103.2382,77.3269,84.8559
2024-07-23,122.2515,124.3457,121.7628,122.4410,173911000,NVDA,125.1619,123.6453,117.1657,116.6013,102.1879,103.6147,77.7186,85.2280
2024-07-24,113.9345,119.6188,113.1267,118.8409,327776900,NVDA,124.5716,122.7205,117.6519,116.4967,102.5384,103.8190,78.0655,85.5136
2024-07-25,111.9700,116.3079,106.0065,112.7279,460067000,NVDA,123.8675,121.6966,118.0885,116.3192,102.8377,103.9804,78.3973,85.7769
2024-07-26,112.7478,115.8791,111.2719,115.8692,293399100,NVDA,123.3225,120.8444,118.5215,116.1791,103.1152,104.1540,78.7353,86.0452
2024-07-29,111.2819,115.9589,110.9927,113.3761,248152100,NVDA,122.7267,119.9336,118.8599,115.9871,103.3709,104.2952,79.0634,86.2963
2024-07-30,103.4436,111.6807,102.2568,111.2120,486833300,NVDA,121.7010,118.3632,119.0470,115.4952,103.5208,104.2783,79.3473,86.4670
2024-07-31,116.6969,118.0132,110.5738,112.5882,473174200,NVDA,121.4193,118.2045,119.5366,115.5423,103.7637,104.5242,79.6968,86.7677
2024-08-01,108.9084,119.8282,106.5151,117.2055,523462300,NVDA,120.4684,117.3191,119.8245,115.2822,103.9800,104.6110,80.0147,86.9881
2024-08-02,106.9738,108.4198,101.0901,103.4735,482027500,NVDA,119.5430,116.3339,120.0617,114.9563,104.1945,104.6578,80.3198,87.1869
2024-08-05,100.1726,103.1245,90.4396,91.8058,552842400,NVDA,118.1593,114.7947,120.1716,114.3766,104.2797,104.5690,80.6016,87.3161
2024-08-06,103.9621,107.4126,100.2723,103.5533,409012100,NVDA,116.8066,113.7630,120.1807,113.9682,104.4130,104.5570,80.9110,87.4818
2024-08-07,98.6369,108.4996,98.4175,107.5123,411440400,NVDA,115.0115,112.3224,120.0302,113.3670,104.5224,104.4398,81.1943,87.5928
2024-08-08,104.6801,105.2087,97.2507,101.7183,391910000,NVDA,113.8931,111.5946,119.8522,113.0263,104.6934,104.4445,81.5114,87.7628
2024-08-09,104.4608,106.3056,103.1444,105.3483,290844200,NVDA,112.6720,110.9152,119.6515,112.6904,104.8559,104.4449,81.8195,87.9289
2024-08-12,108.7189,110.7633,105.9666,106.0264,325559900,NVDA,111.7037,110.7060,119.6221,112.5346,105.0517,104.5295,82.1454,88.1358
2024-08-13,115.8193,115.9090,111.2719,112.1295,312646700,NVDA,111.1941,111.1930,119.7521,112.6635,105.3087,104.7530,82.5163,88.4113
2024-08-14,117.7539,118.2725,113.7550,118.2027,339246400,NVDA,111.1986,111.8178,119.8137,112.8631,105.5745,105.0105,82.9040,88.7032
2024-08-15,122.5207,122.8997,117.1456,118.4321,318086700,NVDA,111.2868,112.8372,119.9420,113.2418,105.8595,105.3572,83.3147,89.0397
2024-08-16,124.2360,124.6548,120.8454,121.6033,302589900,NVDA,111.6184,113.9228,119.9849,113.6730,106.1546,105.7311,83.7307,89.3899
2024-08-19,129.6411,129.6411,123.0792,123.9368,318333600,NVDA,111.9405,115.4197,120.1646,114.2992,106.5280,106.2045,84.1756,89.7904
2024-08-20,126.8986,129.5214,125.5424,128.0454,300087400,NVDA,112.1729,116.5130,120.2917,114.7933,106.8970,106.6143,84.5991,90.1597
2024-08-21,128.1452,128.9928,126.3102,126.9684,257883600,NVDA,112.8834,117.6208,120.4257,115.3169,107.2775,107.0407,85.0229,90.5376
2024-08-22,123.3983,130.3890,122.7601,129.6610,376189100,NVDA,113.4548,118.1710,120.4822,115.6338,107.6104,107.3646,85.4156,90.8646
2024-08-23,129.0128,129.2421,124.8742,125.5125,323230300,NVDA,114.2681,119.2036,120.5654,116.1584,108.0086,107.7933,85.8326,91.2442
2024-08-26,126.1108,130.8975,124.0266,129.2122,331964700,NVDA,115.0095,119.8614,120.5025,116.5487,108.3826,108.1560,86.2340,91.5911
2024-08-27,127.9457,128.8432,123.5379,124.7047,303134600,NVDA,116.2346,120.6314,120.4311,116.9957,108.8054,108.5479,86.6416,91.9529
2024-08-28,125.2631,127.9756,122.3013,127.7662,448101100,NVDA,116.6630,121.0725,120.3240,117.3199,109.1805,108.8789,87.0338,92.2843
2024-08-29,117.2653,124.0864,116.3877,121.0249,453023300,NVDA,117.0808,120.7099,119.9652,117.3177,109.4843,109.0449,87.3792,92.5329
2024-08-30,119.0404,121.4138,116.8963,119.1999,333751600,NVDA,117.6841,120.5509,119.7376,117.3853,109.8236,109.2429,87.7320,92.7966
2024-09-03,107.7018,115.8891,106.9937,115.6897,477155100,NVDA,118.0606,119.3272,119.3673,117.0056,110.0327,109.2123,88.0230,92.9449
2024-09-04,105.9167,112.9572,103.8325,105.1189,372470300,NVDA,118.1583,118.0500,119.1299,116.5707,110.1883,109.1471,88.3089,93.0740
2024-09-05,106.9139,109.3472,104.4707,104.7001,306850700,NVDA,118.5722,116.9894,118.7534,116.1920,110.3780,109.1029,88.5968,93.2117
2024-09-06,102.5461,107.8514,100.6712,107.7417,413638100,NVDA,118.4655,115.6138,118.2833,115.6569,110.5459,108.9730,88.8638,93.3046
2024-09-09,106.1760,106.2558,103.4037,104.5904,273912000,NVDA,118.5512,114.7150,117.9338,115.2851,110.7360,108.9176,89.1433,93.4327
2024-09-10,107.8015,109.0979,104.6602,107.5123,268283700,NVDA,118.5054,114.0566,117.6259,114.9916,110.9761,108.8955,89.4334,93.5756
2024-09-11,116.5872,116.8664,107.1234,109.0879,441422400,NVDA,118.5438,114.2976,117.4785,115.0542,111.2977,109.0478,89.7735,93.8046
2024-09-12,118.8212,120.4668,115.0712,116.5273,366052700,NVDA,118.5971,114.7284,117.4083,115.2019,111.7260,109.2414,90.1294,94.0535
2024-09-13,118.7813,119.6390,117.2853,118.7613,238358300,NVDA,118.4101,115.1144,117.2254,115.3423,112.1209,109.4303,90.4828,94.2996
2024-09-16,116.4675,117.8637,114.0540,116.4775,248772300,NVDA,118.0217,115.2433,117.0451,115.3864,112.4637,109.5696,90.8268,94.5202
2024-09-17,115.2807,118.4821,114.5227,117.8538,231925900,NVDA,117.3037,115.2468,116.7938,115.3822,112.8220,109.6827,91.1632,94.7267
2024-09-18,113.0666,117.3850,112.9170,115.5799,310318900,NVDA,116.6121,115.0392,116.4348,115.2914,113.1287,109.7497,91.4954,94.9092
2024-09-19,117.5546,119.3398,116.9362,117.0360,293506400,NVDA,116.0826,115.2787,116.0951,115.3802,113.4294,109.9043,91.8500,95.1345
2024-09-20,115.6896,118.3026,115.0812,116.7467,382462400,NVDA,115.6971,115.3179,115.8680,115.3923,113.7112,110.0188,92.2016,95.3391
2024-09-23,115.9489,116.6769,114.5526,116.2381,206228500,NVDA,115.0439,115.3780,115.6093,115.4141,114.0091,110.1363,92.5492,95.5441
2024-09-24,120.5465,121.4741,115.0712,116.2082,354966800,NVDA,114.7657,115.8702,115.4585,115.6154,114.3866,110.3424,92.9250,95.7929
2024-09-25,123.1795,124.6057,121.2846,121.6935,284692900,NVDA,114.5274,116.5663,115.4019,115.9120,114.7626,110.5966,93.3086,96.0654
2024-09-26,123.7081,127.3283,121.4741,126.4607,302582900,NVDA,114.4497,117.2465,115.5227,116.2178,115.1143,110.8562,93.6903,96.3405
2024-09-27,121.0751,123.6981,118.9409,123.6382,271009200,NVDA,114.6402,117.6111,115.5291,116.4083,115.4063,111.0586,94.0632,96.5866
2024-09-30,121.1150,121.1749,117.8338,117.9934,226553700,NVDA,114.7439,117.9448,115.5993,116.5928,115.7145,111.2577,94.4312,96.8307
2024-10-01,116.6869,122.1123,115.4801,121.4441,302094500,NVDA,115.1931,117.8250,115.4691,116.5965,115.9798,111.3652,94.7749,97.0282
2024-10-02,118.5320,119.0605,114.8319,116.1284,221845900,NVDA,115.8239,117.8924,115.3947,116.6724,116.2802,111.5072,95.1265,97.2422
2024-10-03,122.5212,124.0272,120.0180,120.5964,277118000,NVDA,116.6043,118.3332,115.5665,116.9018,116.6092,111.7253,95.4954,97.4937
2024-10-04,124.5857,124.7054,121.5040,124.6057,243678100,NVDA,117.7062,118.9287,115.8188,117.2031,116.9536,111.9799,95.8686,97.7633
2024-10-07,127.3782,130.2904,124.6156,124.6555,346250200,NVDA,118.7664,119.7334,116.1114,117.6021,117.3164,112.2848,96.2582,98.0580
2024-10-08,132.5344,133.1228,129.0736,129.9114,285722500,NVDA,120.0030,120.9525,116.5364,118.1877,117.6982,112.6858,96.6810,98.4010
2024-10-09,132.2950,134.1600,131.0284,133.7511,246191600,NVDA,120.7884,122.0328,117.1135,118.7409,118.0802,113.0741,97.0983,98.7383
2024-10-10,134.4493,134.6388,130.6495,131.5570,242311300,NVDA,121.5698,123.2153,117.4685,119.3570,118.5025,113.4974,97.5271,99.0936
2024-10-11,134.4393,135.4166,133.3023,133.6514,170209500,NVDA,122.3527,124.2842,117.9791,119.9484,118.9018,113.9121,97.9536,99.4453
2024-10-14,137.7005,139.2264,135.9353,136.1048,232347700,NVDA,123.4143,125.5620,118.5937,120.6446,119.3277,114.3831,98.3957,99.8260
2024-10-15,131.2478,138.1992,128.3955,137.5011,377831000,NVDA,124.2127,126.1035,119.2152,121.0604,119.6934,114.7171,98.8051,100.1386
2024-10-16,135.3568,136.2544,131.2279,133.6214,264879700,NVDA,125.3272,126.9848,119.8431,121.6210,120.0119,115.1258,99.2350,100.4890
2024-10-17,136.5636,140.5130,136.5037,138.9671,306435900,NVDA,126.2777,127.8970,120.6016,122.2070,120.3159,115.5503,99.6776,100.8480
2024-10-18,137.6307,138.5283,136.9126,138.2989,176090200,NVDA,127.3747,128.8240,121.2606,122.8119,120.5564,115.9875,100.1286,101.2140
2024-10-21,143.3254,143.3254,137.6307,137.7604,264554500,NVDA,128.7436,130.2051,122.0379,123.6163,120.8447,116.5289,100.6060,101.6330
2024-10-22,143.2057,144.0335,141.4006,142.5276,226311600,NVDA,129.8765,131.4433,122.7276,124.3845,121.1749,117.0571,101.0772,102.0467
2024-10-23,139.1865,142.0489,137.0922,141.6499,285930000,NVDA,130.6769,132.1807,123.1950,124.9650,121.4735,117.4953,101.5126,102.4162
2024-10-24,140.0343,140.9717,138.0895,140.4432,172354900,NVDA,131.4932,132.9287,123.6406,125.5560,121.7271,117.9417,101.9479,102.7905
2024-10-25,141.1612,143.7443,140.4232,140.5529,205122100,NVDA,132.4975,133.7127,124.0134,126.1679,121.9777,118.4015,102.3827,103.1723
2024-10-28,140.1440,142.7569,139.6752,142.6173,173586700,NVDA,133.4489,134.3252,124.3315,126.7160,122.1582,118.8320,102.8101,103.5402
2024-10-29,140.8720,141.8793,138.5283,139.9146,157593600,NVDA,134.6582,134.9487,124.5562,127.2711,122.3604,119.2684,103.2417,103.9117
2024-10-30,138.9671,139.9545,136.4439,139.1666,179418100,NVDA,135.6799,135.3314,124.7975,127.7298,122.5446,119.6585,103.6555,104.2605
2024-10-31,132.4047,137.2418,131.7565,137.2318,270039600,NVDA,136.1741,135.0527,124.8827,127.9131,122.6542,119.9109,104.0380,104.5405
2024-11-01,135.0377,136.9426,134.2099,134.3395,207127800,NVDA,136.6967,135.0513,125.1155,128.1925,122.7988,120.2105,104.4285,104.8440
2024-11-04,135.6859,138.5881,135.2072,136.8428,187528200,NVDA,137.1121,135.1117,125.2490,128.4864,122.9072,120.5169,104.8103,105.1509
2024-11-05,139.5356,139.9943,136.9625,137.0822,160537400,NVDA,137.4622,135.5330,125.5175,128.9197,123.0100,120.8935,105.2106,105.4930
2024-11-06,145.2203,146.0980,141.5801,142.5774,242043900,NVDA,138.1084,136.4556,125.8630,129.5589,123.1470,121.3752,105.6382,105.8883
2024-11-07,148.4816,148.5315,145.7789,145.9983,207323300,NVDA,138.8100,137.6010,126.3273,130.3010,123.3257,121.9120,106.0747,106.3121
2024-11-08,147.2349,149.3692,145.8686,148.3719,175665800,NVDA,139.4498,138.5185,126.9267,130.9651,123.4460,122.4134,106.5037,106.7193
2024-11-11,144.8713,148.4517,143.1858,148.2821,182325600,NVDA,139.8084,139.1235,127.4433,131.5104,123.5905,122.8581,106.9238,107.0989
2024-11-12,147.8931,149.2495,145.6192,146.3872,198634700,NVDA,140.6406,139.9587,128.2472,132.1529,123.8072,123.3539,107.3518,107.5048
2024-11-13,145.8786,148.9304,145.5096,148.6711,191903300,NVDA,141.1667,140.5225,129.0464,132.6911,124.0882,123.7999,107.7682,107.8867
2024-11-14,146.3673,148.6013,145.1605,147.2449,194463300,NVDA,141.6569,141.0792,129.8355,133.2275,124.2944,124.2468,108.1933,108.2696
2024-11-15,141.6000,144.8513,139.7051,144.4823,250132900,NVDA,141.8554,141.1288,130.6166,133.5558,124.4499,124.5904,108.5871,108.6012
2024-11-18,139.7749,141.1712,136.7830,139.1267,221205300,NVDA,141.6778,140.9998,131.2885,133.7997,124.6112,124.8911,108.9561,108.9114
2024-11-19,146.6166,146.7363,140.6127,140.9418,227834900,NVDA,141.8484,141.5348,132.0648,134.3023,124.8454,125.3213,109.3436,109.2866
2024-11-20,145.4996,147.1651,142.3480,147.0155,309871700,NVDA,142.1640,141.9124,132.6431,134.7414,125.0608,125.7209,109.7309,109.6469
2024-11-21,146.2775,152.4809,140.3235,148.9503,400946600,NVDA,142.4762,142.3281,133.1922,135.1938,125.3003,126.1279,110.1128,110.0114
2024-11-22,141.5701,146.7662,140.7224,145.5395,236406200,NVDA,142.4966,142.2559,133.6480,135.4439,125.4367,126.4337,110.4735,110.3254
2024-11-25,135.6560,141.6699,135.4565,141.6100,344941900,NVDA,142.2722,141.6273,134.0318,135.4522,125.5384,126.6163,110.7921,110.5774
2024-11-26,136.5536,138.9272,135.3069,137.3315,190287700,NVDA,142.0563,141.1441,134.4572,135.4954,125.6255,126.8131,111.1147,110.8359
2024-11-27,134.9778,136.8528,131.4473,134.6487,226370900,NVDA,141.8569,140.5569,134.8954,135.4751,125.6651,126.9748,111.4300,111.0761
2024-11-29,137.8800,138.9771,135.6859,136.4140,141863200,NVDA,142.1306,140.3019,135.3020,135.5694,125.6985,127.1907,111.7510,111.3428
2024-12-02,138.2590,140.0742,137.4512,138.4585,171682800,NVDA,142.2917,140.1074,135.7533,135.6749,125.8106,127.4099,112.0800,111.6107
2024-12-03,139.8846,140.1639,137.5808,137.8900,164414000,NVDA,142.5016,140.0862,136.2321,135.8400,125.9207,127.6569,112.4174,111.8920
2024-12-04,144.7516,145.3999,139.9146,141.6200,231224300,NVDA,142.7624,140.5305,136.7162,136.1894,126.0873,127.9955,112.7949,112.2190
2024-12-05,144.6818,146.1579,143.5747,144.7317,172621200,NVDA,142.7355,140.9258,137.1462,136.5225,126.2740,128.3259,113.1820,112.5420
2024-12-06,142.0686,145.3201,140.9416,144.2230,188505600,NVDA,142.4149,141.0347,137.5134,136.7400,126.5181,128.5980,113.5007,112.8358
2024-12-09,138.4481,139.5851,136.7724,138.6076,189308600,NVDA,141.9755,140.7883,137.8609,136.8069,126.6950,128.7931,113.8000,113.0906
2024-12-10,134.7178,141.4502,133.4412,138.6475,210020900,NVDA,141.4678,140.2102,138.1329,136.7250,126.8661,128.9104,114.0793,113.3058
2024-12-11,138.9468,139.8045,134.8575,137.0018,184905200,NVDA,141.0205,140.0899,138.5781,136.8121,127.0236,129.1091,114.3817,113.5609
2024-12-12,136.9819,138.0791,135.4459,136.7226,159211400,NVDA,140.5757,139.7939,138.9471,136.8188,127.1709,129.2650,114.6794,113.7940
2024-12-13,133.8999,139.2360,132.1944,138.5777,231514900,NVDA,139.9523,139.2325,139.1747,136.7043,127.3706,129.3568,114.9545,113.9940
2024-12-16,131.6558,134.0496,130.0799,133.8301,237951100,NVDA,139.4551,138.5110,139.3161,136.5064,127.5674,129.4023,115.2026,114.1698
2024-12-17,130.0500,131.2469,126.5292,128.7534,259410300,NVDA,138.9689,137.7051,139.3695,136.2532,127.7405,129.4152,115.4279,114.3278
2024-12-18,128.5739,136.3436,127.9455,133.5110,277444500,NVDA,138.0667,136.8355,139.2903,135.9520,127.9134,129.3985,115.6421,114.4695
2024-12-19,130.3392,133.6805,129.2122,131.4164,209719200,NVDA,137.3087,136.2168,139.2512,135.7319,128.1823,129.4171,115.8516,114.6275
2024-12-20,134.3488,134.9273,127.8857,129.4715,306528600,NVDA,136.7123,136.0389,139.2492,135.6777,128.3589,129.5148,116.0613,114.8237
2024-12-23,139.3058,139.4255,134.7677,135.9247,176053500,NVDA,136.5991,136.3500,139.3465,135.8200,128.6628,129.7087,116.3214,115.0673
2024-12-24,139.8544,141.5300,138.2885,139.6350,105157000,NVDA,136.8090,136.6838,139.3896,135.9782,128.9916,129.9096,116.5931,115.3139
2024-12-26,139.5651,140.4828,137.3709,139.3357,116205600,NVDA,136.9596,136.9582,139.5560,136.1188,129.3856,130.1008,116.8326,115.5552
2024-12-27,136.6528,138.6575,134.3588,138.1888,170582600,NVDA,137.0433,136.9291,139.5819,136.1398,129.7125,130.2305,117.0627,115.7652
2024-12-30,137.1315,139.9043,133.6706,134.4784,167734700,NVDA,137.0059,136.9484,139.5932,136.1787,130.0974,130.3672,117.3099,115.9778
2024-12-31,133.9398,137.7100,133.4811,137.6701,155659200,NVDA,136.7899,136.6619,139.5194,136.0909,130.3900,130.4379,117.5417,116.1565
2025-01-02,137.9494,138.5179,134.2790,135.6454,198247200,NVDA,136.6932,136.7845,139.4119,136.1637,130.7249,130.5867,117.7904,116.3733
2025-01-03,144.0933,144.5222,139.3657,139.6449,229322500,NVDA,136.6602,137.4806,139.4296,136.4747,131.0786,130.8541,118.0652,116.6492
2025-01-06,149.0404,151.7633,147.4346,148.2026,265377400,NVDA,136.8782,138.5815,139.6267,136.9675,131.4108,131.2142,118.3598,116.9715
2025-01-07,139.7746,152.7307,139.6449,152.6310,351782200,NVDA,136.7635,138.6951,139.6215,137.0776,131.6311,131.3837,118.6028,117.1984
2025-01-08,139.7447,143.5747,137.2013,142.2083,227349900,NVDA,136.8283,138.7951,139.5932,137.1822,131.8033,131.5493,118.8314,117.4227
2025-01-10,135.5556,139.5552,133.8701,137.0916,207602500,NVDA,136.8702,138.4866,139.5014,137.1184,131.9165,131.6286,119.0355,117.6031
2025-01-13,132.8826,133.1420,129.1723,129.6511,204808900,NVDA,136.5670,137.9529,139.3416,136.9523,131.9489,131.6535,119.2384,117.7552
2025-01-14,131.4164,136.0244,129.7109,135.6952,195590500,NVDA,136.2887,137.3303,139.1906,136.7352,131.9941,131.6488,119.4456,117.8911
2025-01-15,135.8848,136.0942,130.9477,133.3015,185217300,NVDA,136.3880,137.1927,139.2602,136.7018,132.0715,131.7327,119.6745,118.0701
2025-01-16,133.2217,138.3882,133.1419,138.2785,209235600,NVDA,136.4663,136.8145,139.2239,136.5654,132.1697,131.7621,119.8901,118.2209
2025-01-17,137.3510,138.1389,135.1068,136.3336,201188800,NVDA,136.8313,136.8656,139.2572,136.5962,132.2531,131.8728,120.1308,118.4112
2025-01-21,140.4628,141.4602,136.7325,138.7972,197749000,NVDA,137.4257,137.2082,139.2758,136.7478,132.3966,132.0429,120.3896,118.6307
2025-01-22,146.6866,147.4047,143.2954,144.2828,237651400,NVDA,138.2431,138.1109,139.3051,137.1375,132.5840,132.3329,120.6947,118.9098
2025-01-23,146.8362,146.8461,143.3453,144.6718,155915500,NVDA,138.8675,138.9419,139.2722,137.5179,132.7998,132.6201,120.9901,119.1877
2025-01-24,142.2482,148.5816,141.5101,147.9832,234657600,NVDA,139.0146,139.2567,139.1724,137.7034,133.0496,132.8107,121.2669,119.4172
2025-01-27,118.1112,128.0652,116.3957,124.4746,818830900,NVDA,137.9274,137.2429,138.6372,136.9351,133.0403,132.5197,121.4319,119.4042
2025-01-28,128.6537,128.6636,115.9469,121.4924,579666400,NVDA,137.3819,136.4249,138.2525,136.6103,133.2498,132.4431,121.6412,119.4962
2025-01-29,123.3775,126.5591,119.7370,126.1702,467120600,NVDA,136.7181,135.1823,137.8024,136.0914,133.4244,132.2636,121.8063,119.5348
2025-01-30,124.3250,124.6741,117.7921,122.7790,392925500,NVDA,136.0778,134.1482,137.3616,135.6299,133.5985,132.1064,121.9883,119.5825
2025-01-31,119.7569,127.5166,118.8792,123.4573,388161100,NVDA,135.3686,132.7776,136.9247,135.0075,133.7706,131.8618,122.1583,119.5842
2025-02-03,116.3558,118.2609,112.7154,114.4508,371235700,NVDA,134.2889,131.2136,136.4563,134.2760,133.8724,131.5548,122.3042,119.5521
2025-02-04,118.3406,120.8840,116.3957,116.6550,256550000,NVDA,133.0013,129.9876,135.8908,133.6511,133.9778,131.2931,122.4770,119.5400
2025-02-05,124.5045,124.6741,120.4451,121.4425,262230800,NVDA,131.7745,129.4654,135.4709,133.2924,134.0570,131.1587,122.6773,119.5894
2025-02-06,128.3445,128.4343,124.8836,127.0878,251483600,NVDA,131.2030,129.3587,135.1123,133.0984,134.1522,131.1030,122.9391,119.6765
2025-02-07,129.5014,130.0301,124.6741,128.8831,228186300,NVDA,130.6909,129.3723,134.8709,132.9573,134.2594,131.0713,123.1902,119.7743
2025-02-10,133.2217,134.6480,129.6212,129.7508,216989100,NVDA,130.5742,129.7389,134.8222,132.9677,134.4270,131.1138,123.4453,119.9081
2025-02-11,132.4538,134.1294,130.6784,132.2343,178902400,NVDA,130.5527,129.9975,134.7402,132.9476,134.5987,131.1404,123.7104,120.0329
2025-02-12,130.7981,131.8952,128.7435,129.6810,160278600,NVDA,130.5218,130.0737,134.6566,132.8633,134.7760,131.1336,123.9524,120.1401
2025-02-13,134.9372,136.1441,130.8280,131.2170,197430000,NVDA,130.4744,130.5369,134.5978,132.9446,134.9499,131.2089,124.1896,120.2873
2025-02-14,138.4880,138.8869,135.1467,136.1241,195479600,NVDA,130.7377,131.2941,134.6023,133.1620,135.1778,131.3531,124.4445,120.4684
2025-02-18,139.0365,143.0660,137.5704,140.9017,219176600,NVDA,130.8220,132.0315,134.5854,133.3924,135.4087,131.5052,124.7089,120.6532
2025-02-19,138.8670,140.9914,136.8622,139.1462,167536000,NVDA,130.7422,132.6825,134.4677,133.6070,135.5919,131.6510,124.9892,120.8344
2025-02-20,139.7447,140.2933,136.4333,139.6649,143903600,NVDA,130.3951,133.3551,134.3689,133.8477,135.7576,131.8113,125.2601,121.0226
2025-02-21,134.0795,141.0912,133.6805,139.6749,228217600,NVDA,129.7573,133.4241,134.2092,133.8568,135.8613,131.8562,125.4878,121.1525
2025-02-24,129.9403,138.2287,129.7409,136.2040,251381100,NVDA,129.1419,133.0923,134.0390,133.7032,135.9499,131.8182,125.6781,121.2399
2025-02-25,126.2998,129.8605,124.1156,129.6411,271428700,NVDA,129.5513,132.4454,133.8706,133.4129,136.0018,131.7090,125.8581,121.2903
2025-02-26,130.9377,133.3813,128.1550,129.6511,322553800,NVDA,129.6655,132.3018,133.7105,133.3158,136.1443,131.6937,126.0621,121.3863
2025-02-27,119.8367,134.6580,119.6971,134.6480,443175800,NVDA,129.4885,131.1147,133.3676,132.7872,136.1573,131.4589,126.2188,121.3708
2025-02-28,124.5943,124.7638,116.0965,117.7123,389091100,NVDA,129.5020,130.4937,133.1814,132.4660,136.1781,131.3230,126.3936,121.4029
2025-03-03,113.7626,123.3775,111.9872,123.1880,411381400,NVDA,129.2022,128.9002,132.8236,131.7325,136.0698,130.9752,126.5117,121.3269
2025-03-04,115.6876,118.9989,109.8229,110.3615,398163300,NVDA,129.1688,127.6419,132.5363,131.1033,135.9529,130.6725,126.6347,121.2708
2025-03-05,116.9942,117.9716,114.2114,117.2734,284337900,NVDA,129.1015,126.6278,132.3047,130.5500,135.7975,130.4016,126.7479,121.2282
2025-03-06,110.2817,115.0492,109.9326,113.2340,321181900,NVDA,128.3904,125.0710,131.9036,129.7551,135.5774,130.0032,126.8288,121.1193
2025-03-07,112.3962,113.1841,107.2796,110.9599,341755500,NVDA,127.5930,123.8639,131.4645,129.0744,135.3569,129.6546,126.9297,121.0325
2025-03-10,106.7011,111.5584,105.1850,109.6134,366487400,NVDA,126.4529,122.2294,130.8124,128.1970,135.0795,129.2001,126.9907,120.8899
2025-03-11,108.4764,111.9473,104.4968,106.7110,354865700,NVDA,125.2157,120.9196,130.1849,127.4237,134.7872,128.7897,127.0575,120.7664
2025-03-12,115.4488,116.4663,112.5960,113.8329,323857500,NVDA,124.3654,120.3985,129.7026,126.9541,134.6293,128.5255,127.1613,120.7135
2025-03-13,115.2893,117.4638,113.5038,116.7356,299033100,NVDA,123.5900,119.9119,129.2753,126.4966,134.4286,128.2634,127.2202,120.6595
2025-03-14,121.3639,121.5734,117.8528,118.3116,277593500,NVDA,122.9113,120.0502,128.9599,126.2953,134.2766,128.1268,127.2962,120.6665
2025-03-17,119.2293,122.5809,117.7331,122.4312,255501500,NVDA,121.9484,119.9720,128.6657,126.0182,134.0926,127.9506,127.3245,120.6522
2025-03-18,115.1396,118.7206,114.2519,117.7032,299686900,NVDA,120.7535,119.5118,128.2095,125.5916,133.8107,127.6969,127.3277,120.5974
2025-03-19,117.2244,120.1470,115.3890,116.9750,273426200,NVDA,119.6714,119.2940,127.6721,125.2635,133.5509,127.4895,127.3629,120.5638
2025-03-20,118.2318,119.8976,116.1770,116.2568,248829700,NVDA,118.5958,119.1928,127.0560,124.9877,133.3413,127.3062,127.4074,120.5406
2025-03-21,117.4039,117.6932,115.1296,116.6458,266498500,NVDA,117.7620,119.0224,126.6086,124.6903,133.1150,127.1101,127.4211,120.5094
2025-03-24,121.1046,121.9126,119.0398,119.5784,228452500,NVDA,117.3202,119.2207,126.2358,124.5497,132.9145,126.9912,127.4461,120.5153
2025-03-25,120.3864,120.9849,118.6208,120.2467,167447200,NVDA,117.0245,119.3317,125.9324,124.3865,132.7169,126.8604,127.4376,120.5140
2025-03-26,113.4738,118.5410,112.4265,118.4313,293463300,NVDA,116.1513,118.7738,125.5442,123.9585,132.4429,126.5953,127.4017,120.4440
2025-03-27,111.1497,114.1621,110.3816,111.0699,236902100,NVDA,115.7170,118.0477,125.1389,123.4562,132.1647,126.2895,127.3547,120.3515
2025-03-28,109.3941,112.5861,108.7956,111.2095,229872500,NVDA,114.9570,117.2236,124.6090,122.9047,131.9346,125.9549,127.2944,120.2425
2025-03-31,108.1074,110.6809,103.3893,104.8655,299212700,NVDA,114.6742,116.3554,124.1068,122.3245,131.6653,125.6015,127.2321,120.1217
2025-04-01,109.8729,109.9228,106.2022,108.2470,222614000,NVDA,114.3835,115.7380,123.5572,121.8362,131.4072,125.2900,127.1572,120.0197
2025-04-02,110.1422,111.6983,106.5214,107.0201,220601200,NVDA,114.0409,115.2051,122.9508,121.3776,131.1133,124.9901,127.0616,119.9215
2025-04-03,101.5439,105.3643,101.3444,103.2496,338769400,NVDA,113.6040,113.9040,122.0479,120.5998,130.6765,124.5258,126.9118,119.7386
2025-04-04,94.0728,99.8781,91.8783,98.6612,532273800,NVDA,112.6878,112.0153,120.9927,119.5595,130.1324,123.9228,126.7291,119.4832
2025-04-07,97.3944,101.4940,86.4021,87.2400,611041300,NVDA,112.2225,110.6228,120.0956,118.6903,129.6340,123.3975,126.5400,119.2634
2025-04-08,96.0578,105.5837,94.2224,103.5489,476243400,NVDA,111.6015,109.2357,119.6545,117.8027,129.1459,122.8561,126.3682,119.0325
2025-04-09,114.0424,114.8105,97.2847,98.6412,612918300,NVDA,111.5312,109.6935,119.3623,117.6553,128.8074,122.6816,126.3073,118.9829
2025-04-10,107.2994,110.5811,98.9006,109.0949,437812400,NVDA,111.1317,109.4655,119.0407,117.2492,128.4216,122.3770,126.2549,118.8666
2025-04-11,110.6509,111.2694,107.2096,108.2271,313417300,NVDA,110.5961,109.5784,118.7673,116.9904,128.0644,122.1448,126.1794,118.7849
2025-04-14,110.4315,114.0025,108.7956,113.8229,264705000,NVDA,110.1562,109.6596,118.5807,116.7332,127.7527,121.9128,126.1013,118.7017
2025-04-15,111.9177,113.3342,110.2220,110.6908,228966900,NVDA,109.9951,109.8747,118.4920,116.5444,127.4742,121.7149,126.0427,118.6342
2025-04-16,104.2271,106.5214,100.1973,104.2870,397016900,NVDA,109.3452,109.3368,118.2097,116.0613,127.0503,121.3686,125.9478,118.4909
2025-04-17,101.2347,104.2072,99.7983,104.1872,292517500,NVDA,108.4954,108.5652,117.7443,115.4799,126.6076,120.9699,125.8342,118.3192
2025-04-21,96.6662,99.1898,94.8009,98.5215,288501100,NVDA,107.4585,107.4320,117.1108,114.7421,126.1115,120.4886,125.7059,118.1037
2025-04-22,98.6412,99.5589,97.0353,98.5315,241004800,NVDA,106.3353,106.5947,116.4935,114.1107,125.6822,120.0560,125.5595,117.9101
2025-04-23,102.4516,104.5364,101.7634,104.2571,247526000,NVDA,105.4386,106.2002,115.8781,113.6535,125.3502,119.7074,125.4443,117.7563
2025-04-24,106.1623,106.2720,102.8506,103.2197,220815000,NVDA,105.0730,106.1965,115.3523,113.3597,125.0463,119.4392,125.3359,117.6409
2025-04-25,110.7308,111.6385,105.4640,106.5812,251064700,NVDA,105.0521,106.6284,114.9510,113.2566,124.8038,119.2668,125.2345,117.5721
2025-04-28,108.4565,110.0924,105.7533,109.4141,207708500,NVDA,105.0052,106.8025,114.4214,113.0684,124.5096,119.0527,125.1040,117.4814
2025-04-29,108.7457,109.9228,107.1697,107.3991,170444300,NVDA,105.0371,106.9876,113.8265,112.8988,124.2144,118.8486,125.0125,117.3945
2025-04-30,108.6460,108.6460,103.8182,104.2072,235044600,NVDA,104.9758,107.1455,113.2187,112.7321,123.9020,118.6466,124.9113,117.3075
2025-05-01,111.3292,114.6509,111.0200,112.7955,236121500,NVDA,105.0351,107.5440,112.6679,112.6771,123.5678,118.5017,124.8276,117.2480
2025-05-02,114.2120,115.1097,113.0848,113.8928,190194800,NVDA,105.6685,108.1790,112.1573,112.7372,123.2631,118.4167,124.7686,117.2178
2025-05-05,113.5337,114.3815,112.3766,112.6260,133163200,NVDA,106.6416,108.6890,111.7464,112.7685,122.9778,118.3200,124.7479,117.1811
2025-05-06,113.2544,114.4514,110.5412,111.1996,158525600,NVDA,107.4346,109.1238,111.4127,112.7875,122.7258,118.2197,124.7104,117.1420
2025-05-07,116.7655,117.3840,111.9976,112.7656,206758800,NVDA,108.4699,109.8516,111.2220,112.9435,122.5463,118.1909,124.7062,117.1383
2025-05-08,117.0747,118.3814,115.5586,117.9525,198428100,NVDA,108.6216,110.5395,110.9447,113.1055,122.3276,118.1688,124.6756,117.1377
2025-05-09,116.3566,117.9326,114.9202,117.0548,132972200,NVDA,109.0744,111.0935,110.8751,113.2330,122.1213,118.1329,124.6461,117.1299
2025-05-12,122.6906,122.6906,119.9774,121.6632,225023300,NVDA,109.6764,112.1980,110.8370,113.6039,122.0092,118.2232,124.6899,117.1852
2025-05-13,129.6031,130.8899,124.1569,124.6656,330430100,NVDA,110.6350,113.8556,111.1538,114.2313,121.9887,118.4485,124.7781,117.3088
2025-05-14,134.9995,135.0993,131.3487,132.8649,281180800,NVDA,111.7891,115.8693,111.5401,115.0458,122.0382,118.7763,124.8893,117.4848
2025-05-15,134.4908,135.9571,132.3263,133.9521,226632600,NVDA,113.3023,117.6428,111.8900,115.8083,122.0974,119.0874,125.0054,117.6540
2025-05-16,135.0594,136.0070,133.1243,135.8773,226542500,NVDA,114.9935,119.3015,112.3856,116.5633,122.1446,119.4037,125.1635,117.8272
2025-05-19,135.2290,135.5282,132.0570,132.0570,193154600,NVDA,116.9216,120.8184,112.8422,117.2953,122.1534,119.7171,125.2561,118.0004
2025-05-20,134.0420,134.2415,132.2864,133.9522,161514200,NVDA,118.6917,122.0778,113.3890,117.9520,122.1007,120.0008,125.3818,118.1600
2025-05-21,131.4684,137.0543,130.2615,132.7253,270608700,NVDA,120.1425,122.9721,113.8489,118.4820,122.0169,120.2278,125.5043,118.2924
2025-05-22,132.4958,133.9123,131.2191,131.8974,187344000,NVDA,121.4592,123.8792,114.1898,119.0316,121.9462,120.4708,125.6659,118.4337
2025-05-23,130.9597,132.3462,128.8351,129.6730,198821300,NVDA,122.4706,124.5535,114.5032,119.4994,121.8893,120.6785,125.8009,118.5584
2025-05-27,135.1591,135.3187,132.9746,133.8125,192953600,NVDA,123.8058,125.5636,114.7791,120.1135,121.8695,120.9652,125.9835,118.7235
2025-05-28,134.4709,136.9047,134.4509,135.6878,304021100,NVDA,125.0920,126.4119,115.0840,120.6765,121.8748,121.2327,126.1324,118.8802
2025-05-29,138.8399,143.1290,137.5631,141.8922,369241900,NVDA,126.6017,127.5955,115.5580,121.3888,121.8837,121.5813,126.3043,119.0788
2025-05-30,134.7901,139.2688,132.5856,138.3710,333170900,NVDA,127.7748,128.2807,115.9093,121.9143,121.7907,121.8429,126.4347,119.2352
2025-06-02,137.0344,137.7725,135.0594,135.1492,197663100,NVDA,128.9159,129.1144,116.2853,122.5073,121.6707,122.1437,126.5408,119.4123
2025-06-03,140.8647,141.6428,137.6030,138.4309,225578800,NVDA,130.2824,130.2335,116.7546,123.2272,121.6816,122.5144,126.6563,119.6257
2025-06-04,141.5630,142.0318,139.1890,141.8323,167120800,NVDA,131.6979,131.3125,117.1637,123.9462,121.6997,122.8916,126.7515,119.8440
2025-06-05,139.6378,143.6378,138.4808,141.8124,231397900,NVDA,132.8415,132.1054,117.5487,124.5616,121.7406,123.2232,126.8285,120.0410
2025-06-06,141.3635,142.9096,141.1540,142.1515,153986200,NVDA,134.0559,132.9871,118.1065,125.2205,121.8254,123.5824,126.8871,120.2531
2025-06-09,142.2712,144.6352,141.5829,142.8298,185114500,NVDA,135.3516,133.8713,118.7290,125.8892,121.9339,123.9525,126.9640,120.4722
2025-06-10,143.5979,143.9270,141.1740,142.3311,155881900,NVDA,136.3970,134.7976,119.4130,126.5836,122.0110,124.3415,127.0413,120.7023
2025-06-11,142.4806,144.6353,141.5229,144.2562,167694000,NVDA,137.0409,135.5293,120.1005,127.2070,122.1036,124.7007,127.1367,120.9190
2025-06-12,144.6453,144.6453,141.5030,141.6227,162365000,NVDA,137.5232,136.3975,120.7960,127.8909,122.1766,125.0957,127.2148,121.1551
2025-06-13,141.6227,143.2288,140.5054,142.1314,180820600,NVDA,137.8798,136.8952,121.4256,128.4294,122.1882,125.4229,127.2924,121.3588
2025-06-16,144.3360,145.8224,142.8497,142.9993,183133700,NVDA,138.3436,137.6038,122.2814,129.0532,122.1647,125.7974,127.3743,121.5874
2025-06-17,143.7674,144.8647,143.4282,144.1365,139108000,NVDA,138.7705,138.1908,123.2753,129.6302,122.1340,126.1533,127.4669,121.8081
2025-06-18,145.1241,145.2937,142.7699,143.6577,161494100,NVDA,139.3246,138.8511,124.2299,130.2378,122.1627,126.5289,127.6062,122.0401
2025-06-20,143.4981,145.8423,142.3010,145.0942,242956200,NVDA,139.9261,139.2937,125.1787,130.7578,122.4166,126.8650,127.7285,122.2536
2025-06-23,143.8173,144.4258,141.6825,142.1514,154308900,NVDA,140.4922,139.7245,125.7742,131.2699,122.5682,127.2007,127.9090,122.4682
2025-06-24,147.5382,147.5980,145.1441,145.2039,187566100,NVDA,141.3211,140.4687,126.5790,131.9079,122.8099,127.6034,128.1171,122.7176
2025-06-25,153.9325,154.0722,148.8948,148.9048,269146500,NVDA,142.2598,141.7509,127.4446,132.7716,123.1059,128.1247,128.3522,123.0282
2025-06-26,154.6408,156.3366,153.6233,155.5984,198145700,NVDA,143.2683,142.9785,128.3288,133.6292,123.4548,128.6498,128.6127,123.3428
2025-06-27,157.3641,158.3217,154.8802,155.6583,263234500,NVDA,144.1945,144.3486,129.2377,134.5600,123.8649,129.2184,128.8686,123.6813
2025-06-30,157.6035,158.2719,155.5785,158.0125,194580300,NVDA,145.3352,145.6110,130.3052,135.4637,124.2575,129.7805,129.1177,124.0188
2025-07-01,152.9250,156.8154,151.1194,155.9077,213143600,NVDA,146.1297,146.3075,131.3391,136.1484,124.5417,130.2388,129.2993,124.3064
2025-07-02,156.8653,157.2145,152.5958,152.6058,171224100,NVDA,146.9297,147.3130,132.5430,136.9609,124.8269,130.7661,129.4896,124.6304
2025-07-03,158.9502,160.5862,157.3841,157.9826,143716100,NVDA,147.7991,148.4213,133.7492,137.8232,125.1214,131.3242,129.6904,124.9719
2025-07-07,157.8529,158.9203,156.9551,157.8130,140139000,NVDA,148.7098,149.3196,134.8572,138.6087,125.3677,131.8495,129.8973,125.2991
2025-07-08,159.6086,159.8280,158.0025,158.9402,138133000,NVDA,149.6221,150.2995,135.9262,139.4322,125.6392,132.3992,130.1190,125.6405
2025-07-09,162.4815,164.0178,160.7657,160.8256,183656400,NVDA,150.6326,151.4597,136.9612,140.3361,125.9561,132.9949,130.3661,126.0070
2025-07-10,163.6986,164.0976,161.2146,163.9180,167704100,NVDA,151.6376,152.6253,138.0660,141.2523,126.2437,133.6029,130.5968,126.3821
2025-07-11,164.5166,167.4793,163.0701,163.3195,193633300,NVDA,152.7394,153.7578,139.1814,142.1646,126.5040,134.2150,130.8409,126.7615
2025-07-14,163.6686,165.0852,161.6237,164.9654,136975800,NVDA,153.6906,154.7017,140.2819,143.0079,126.7503,134.7982,131.0795,127.1288
2025-07-15,170.2824,171.9782,168.7861,170.7712,230627400,NVDA,155.1236,156.1856,141.4610,144.0775,127.0644,135.5009,131.3282,127.5582
2025-07-16,170.9508,171.3299,168.4868,170.6415,158831500,NVDA,156.4543,157.5918,142.5957,145.1313,127.3765,136.2029,131.5670,127.9899
2025-07-17,172.5768,173.7339,170.4121,171.5992,160841100,NVDA,157.8948,159.0189,143.7766,146.2076,127.7615,136.9232,131.8114,128.4336
2025-07-18,171.9882,173.8237,170.8410,173.2152,146456400,NVDA,159.2380,160.2541,144.9513,147.2186,128.1820,137.6175,132.0659,128.8670
2025-07-21,170.9608,172.9559,170.5817,172.3274,123126100,NVDA,160.6111,161.2738,146.0352,148.1497,128.6286,138.2778,132.3152,129.2858
2025-07-22,166.6214,170.9707,164.1774,170.9208,193114300,NVDA,161.7513,161.7831,147.0261,148.8741,128.9854,138.8390,132.5649,129.6573
2025-07-23,170.3622,170.8410,167.5591,169.1153,154082200,NVDA,162.8925,162.6001,148.1062,149.7167,129.4907,139.4633,132.8240,130.0623
2025-07-24,173.3150,173.4048,170.8810,172.0182,128984600,NVDA,163.8617,163.6206,149.1187,150.6422,129.9779,140.1336,133.0780,130.4927
2025-07-25,173.0756,174.2926,172.5369,173.1853,122316800,NVDA,164.7834,164.5211,149.9882,151.5219,130.5710,140.7859,133.3204,130.9164
2025-07-28,176.3176,176.5670,173.5444,173.5943,140023500,NVDA,165.7311,165.6445,150.8145,152.4943,131.1773,141.4895,133.5651,131.3682
2025-07-29,175.0806,178.9412,174.5918,177.5246,154077500,NVDA,166.6049,166.5432,151.6263,153.3800,131.7582,142.1547,133.7778,131.8031
2025-07-30,178.8315,179.4499,175.6094,176.0782,174312200,NVDA,167.9003,167.7135,152.5018,154.3781,132.4437,142.8809,134.0105,132.2711
2025-07-31,177.4349,182.8516,175.4996,182.4526,221685400,NVDA,168.9287,168.6394,153.3459,155.2823,133.0940,143.5652,134.2255,132.7204
2025-08-01,173.2950,176.1081,170.4719,173.6641,204529000,NVDA,169.6460,169.0828,154.1309,155.9887,133.7600,144.1539,134.4197,133.1242
2025-08-04,179.5596,179.7592,174.0931,174.7315,148174600,NVDA,170.7313,170.0806,155.0928,156.9130,134.4708,144.8550,134.6290,133.5862
2025-08-05,177.8239,179.8190,175.4697,179.1806,156407600,NVDA,171.6421,170.8180,155.9993,157.7331,135.0946,145.5078,134.8619,134.0264
2025-08-06,178.9811,179.4599,175.8188,175.8986,137192300,NVDA,172.4671,171.5955,156.9598,158.5663,135.7315,146.1707,135.0800,134.4737
2025-08-07,180.3278,183.4302,178.3626,181.1258,151878400,NVDA,173.2985,172.4271,157.8631,159.4197,136.3211,146.8471,135.2989,134.9300
2025-08-08,182.2531,182.8516,179.9587,181.1059,123396700,NVDA,174.1853,173.3629,158.8188,160.3151,136.9514,147.5482,135.5220,135.4008
2025-08-11,181.6146,183.3903,179.8091,181.6047,138323200,NVDA,175.0826,174.1488,159.6743,161.1504,137.6161,148.2228,135.7134,135.8607
2025-08-12,182.7119,184.0287,179.0210,182.5124,145485700,NVDA,175.7041,174.9643,160.6327,161.9960,138.2710,148.9057,135.9109,136.3269
2025-08-13,181.1458,183.5199,178.9113,182.1732,179871700,NVDA,176.2139,175.5530,161.5149,162.7469,138.9001,149.5441,136.1207,136.7728
2025-08-14,181.5747,182.5723,179.0210,179.3103,129554000,NVDA,176.6638,176.1265,162.3291,163.4853,139.5418,150.1784,136.3284,137.2186
2025-08-15,180.0086,181.4550,177.6045,181.4351,156602200,NVDA,177.0648,176.4962,163.0980,164.1333,140.1309,150.7691,136.5227,137.6444
2025-08-18,181.5647,182.4925,180.1482,180.1582,132008000,NVDA,177.5950,176.9790,163.9366,164.8168,140.7427,151.3789,136.7298,138.0814
2025-08-19,175.2103,182.0535,175.0607,181.9837,185229200,NVDA,178.0244,176.8105,164.6135,165.2244,141.3600,151.8508,136.9015,138.4508
2025-08-20,174.9709,175.5694,168.3871,174.7415,215142700,NVDA,178.2549,176.6353,165.2675,165.6066,141.9982,152.3086,137.0815,138.8142
2025-08-21,174.5519,176.4672,173.3848,174.4223,140040900,NVDA,178.3167,176.4369,165.8866,165.9574,142.6498,152.7491,137.2922,139.1698
2025-08-22,177.5546,178.1531,170.7812,172.1877,172789400,NVDA,178.5407,176.5433,166.5881,166.4122,143.3443,153.2403,137.5048,139.5518
2025-08-25,179.3701,181.4650,176.1381,177.9137,163012800,NVDA,178.6933,176.8126,167.2826,166.9204,144.0393,153.7577,137.7232,139.9480
2025-08-26,181.3253,181.9438,178.3726,179.6195,168688200,NVDA,179.0055,177.2423,168.0766,167.4853,144.7511,154.3036,137.9322,140.3597
2025-08-27,181.1557,182.0436,178.6619,181.5348,235518900,NVDA,179.1217,177.6151,168.8130,168.0214,145.5472,154.8353,138.1119,140.7656
2025-08-28,179.7292,184.0187,175.9785,180.3777,281787800,NVDA,179.2364,177.8164,169.5322,168.4805,146.4038,155.3283,138.2681,141.1533
2025-08-29,173.7539,177.7142,172.7264,177.6743,243257900,NVDA,179.2594,177.4295,170.1048,168.6873,147.1674,155.6931,138.4007,141.4777
2025-09-02,170.3622,171.9583,166.8109,169.5841,231164900,NVDA,178.7995,176.7564,170.6421,168.7530,147.9104,155.9836,138.5281,141.7651
2025-09-03,170.2026,171.9883,168.4669,170.6415,164424900,NVDA,178.4185,176.1323,171.1698,168.8098,148.4720,156.2652,138.6397,142.0481
2025-09-04,171.2401,171.4396,168.9956,170.1527,141670100,NVDA,178.0314,175.6663,171.6439,168.9051,149.1114,156.5617,138.7665,142.3385
2025-09-05,166.6114,168.6165,163.6686,167.6189,224441400,NVDA,177.3456,174.8040,171.8975,168.8152,149.6710,156.7607,138.8677,142.5800
2025-09-08,167.8983,170.5418,166.9406,167.1401,163769100,NVDA,176.6279,174.1463,172.1626,168.7792,150.2457,156.9813,138.9992,142.8320
2025-09-09,170.3423,170.5617,166.3321,168.6763,157548400,NVDA,176.0642,173.7840,172.4222,168.8405,150.8299,157.2458,139.1521,143.1057
2025-09-10,176.8962,178.8514,175.0407,176.2079,226852000,NVDA,175.7734,174.0804,172.8080,169.1564,151.5566,157.6350,139.3035,143.4419
2025-09-11,176.7466,179.8491,176.0582,179.2505,151159300,NVDA,175.5535,174.3343,173.2844,169.4541,152.3118,158.0134,139.4597,143.7733
2025-09-12,177.3950,178.1731,176.0283,177.3451,124911000,NVDA,175.3445,174.6258,173.6950,169.7655,153.1190,158.3972,139.6153,144.1079
2025-09-15,177.3252,178.4225,174.0929,175.2501,147061600,NVDA,175.2103,174.8829,174.0625,170.0620,153.9059,158.7720,139.7940,144.4384
2025-09-16,174.4620,177.0758,173.9632,176.5769,140737800,NVDA,174.8552,174.8428,174.3947,170.2345,154.6260,159.0827,139.9881,144.7371
2025-09-17,169.8830,172.7860,168.0075,172.2274,211843800,NVDA,174.5888,174.3704,174.6002,170.2207,155.2632,159.2966,140.1547,144.9873
2025-09-18,175.8188,176.6767,172.5466,173.5642,191763300,NVDA,174.6312,174.5084,174.8670,170.4403,155.9141,159.6237,140.3589,145.2941
2025-09-19,176.2477,177.6544,174.7613,175.3499,237182100,NVDA,174.7160,174.6740,175.1179,170.6680,156.5920,159.9529,140.5508,145.6021
2025-09-22,183.1712,184.1089,174.2924,174.8810,269637000,NVDA,174.9968,175.4833,175.4910,171.1583,157.3362,160.4127,140.7753,145.9759
2025-09-23,178.0035,181.9840,175.7889,181.5351,192559600,NVDA,174.9285,175.7233,175.7777,171.4268,158.0298,160.7610,140.9659,146.2946
2025-09-24,176.5470,179.3503,174.9808,179.3403,143564100,NVDA,174.6896,175.8018,175.9030,171.6276,158.6820,161.0736,141.1249,146.5956
2025-09-25,177.2653,179.8292,172.7162,174.0630,191586700,NVDA,174.4951,175.9411,176.0293,171.8486,159.3125,161.3943,141.2878,146.9008
2025-09-26,177.7641,179.3403,174.5119,177.7442,148573700,NVDA,174.3968,176.1148,176.1331,172.0806,159.9548,161.7184,141.4663,147.2079
2025-09-29,181.4154,183.5602,179.8890,179.9988,193063500,NVDA,174.7799,176.6196,176.3216,172.4467,160.6364,162.1084,141.6811,147.5483
2025-09-30,186.1341,186.9022,181.0462,181.6448,236981000,NVDA,175.5685,177.5257,176.6251,172.9835,161.3301,162.5842,141.9382,147.9322
2025-10-01,186.7925,187.6903,183.4605,184.7973,173844900,NVDA,176.3980,178.4083,177.0285,173.5250,162.0273,163.0636,142.1774,148.3189
2025-10-02,188.4386,190.5934,187.6105,189.1469,136805800,NVDA,177.2579,179.3635,177.3900,174.1098,162.7481,163.5661,142.4347,148.7181
2025-10-03,187.1716,189.9050,184.9369,188.7378,137596900,NVDA,178.2859,180.1072,177.6671,174.6221,163.3929,164.0335,142.7011,149.1007
2025-10-06,185.0965,186.7825,182.8918,185.0566,157678100,NVDA,179.1458,180.5823,177.9076,175.0328,163.9479,164.4506,142.9683,149.4589
2025-10-07,184.5977,188.6081,183.5602,185.7849,140088000,NVDA,179.8586,180.9648,178.0732,175.4079,164.4438,164.8495,143.2410,149.8085
2025-10-08,188.6580,189.1468,186.0941,186.1241,130168900,NVDA,180.4467,181.6974,178.3447,175.9275,164.9855,165.3210,143.5414,150.1951
2025-10-09,192.1097,194.8332,190.6033,191.7705,182997200,NVDA,181.2148,182.6891,178.6103,176.5621,165.5560,165.8515,143.8503,150.6121
2025-10-10,182.7222,195.1524,181.6149,193.0475,268774400,NVDA,181.4812,182.6922,178.7160,176.8037,166.0310,166.1855,144.0922,150.9316
2025-10-13,187.8699,189.6556,185.5155,187.5207,153482800,NVDA,182.0084,183.1854,179.0075,177.2377,166.5692,166.6149,144.3350,151.2992
2025-10-14,179.5997,184.3583,179.2705,184.3284,205641400,NVDA,182.2653,182.8439,179.0083,177.3303,167.0505,166.8720,144.5337,151.5808
2025-10-15,179.4002,184.4281,176.8663,184.3583,214450500,NVDA,182.7412,182.5159,179.0399,177.4115,167.5196,167.1201,144.7329,151.8576
2025-10-16,181.3755,182.8419,179.3403,181.7945,179723300,NVDA,183.0190,182.4073,179.0877,177.5669,168.0237,167.4024,144.9565,152.1513
2025-10-17,182.7821,183.6600,179.3204,179.7494,173135200,NVDA,183.3457,182.4430,179.1368,177.7714,168.5000,167.7070,145.1848,152.4561
2025-10-20,182.2035,184.7574,181.2956,182.6923,128544700,NVDA,183.2974,182.4202,179.1358,177.9452,168.9773,167.9940,145.4261,152.7521
2025-10-21,180.7270,182.3531,179.3703,182.3531,124240200,NVDA,183.4335,182.2589,179.1181,178.0543,169.3962,168.2462,145.6400,153.0304
2025-10-22,179.8491,183.0016,176.3375,180.7071,162249600,NVDA,183.5986,182.0294,179.0608,178.1247,169.8468,168.4759,145.8187,153.2973
2025-10-23,181.7246,182.5926,179.3603,179.9888,111363700,NVDA,183.8216,182.0004,179.0724,178.2659,170.2937,168.7383,145.9822,153.5801
2025-10-24,185.8148,187.0219,183.0614,183.4006,131296700,NVDA,184.2241,182.3637,179.1572,178.5619,170.7432,169.0764,146.2124,153.9009
2025-10-27,191.0323,191.5411,187.9796,189.5359,153452700,NVDA,184.7050,183.1893,179.3777,179.0510,171.2379,169.5112,146.4688,154.2704
2025-10-28,200.5495,202.6645,191.4513,192.5886,297986200,NVDA,185.4258,184.8426,179.7574,179.8940,171.8470,170.1258,146.7938,154.7308
2025-10-29,206.5452,211.6829,204.2906,207.4829,308829600,NVDA,186.4134,186.9095,180.3841,180.9392,172.4988,170.8470,147.1621,155.2464
2025-10-30,202.4051,205.6673,200.9286,204.6597,178864400,NVDA,187.1117,188.3853,180.9328,181.7810,173.1001,171.4719,147.5170,155.7157
2025-10-31,202.0060,207.4729,201.5870,205.9566,179802200,NVDA,187.8534,189.6825,181.4818,182.5741,173.6842,172.0765,147.8476,156.1763
2025-11-03,206.3855,210.8349,205.0687,207.5827,180267300,NVDA,188.9179,191.2733,182.0585,183.5079,174.3233,172.7559,148.2135,156.6758
2025-11-04,198.2151,203.4825,197.4569,202.5148,188919300,NVDA,189.5988,191.9344,182.4354,184.0847,174.8590,173.2601,148.5178,157.0892
2025-11-05,194.7434,202.4350,194.1848,198.2949,171350300,NVDA,189.9030,192.2019,182.7037,184.5026,175.3902,173.6855,148.7892,157.4638
2025-11-06,187.6305,197.1477,185.9345,195.9505,223029800,NVDA,189.6791,191.7665,182.8332,184.6253,175.8231,173.9616,148.9939,157.7640
2025-11-07,187.7003,187.8699,178.4824,184.4581,264942300,NVDA,189.9280,191.3793,182.9926,184.7459,176.2624,174.2337,149.1982,158.0619
2025-11-10,198.5743,199.4621,193.3268,194.6437,198897100,NVDA,190.4632,192.0645,183.4890,185.2882,176.7969,174.7157,149.4798,158.4650
2025-11-11,192.6983,194.9529,190.8428,194.6936,176483300,NVDA,191.1181,192.1249,183.9358,185.5788,177.2889,175.0718,149.8528,158.8056
2025-11-12,193.3368,195.4218,190.6732,195.2522,154935300,NVDA,191.8150,192.2403,184.3985,185.8830,177.7841,175.4334,150.1762,159.1492
2025-11-13,186.4134,190.9824,183.4106,190.5934,207423100,NVDA,192.0668,191.6854,184.7019,185.9038,178.1729,175.6509,150.4914,159.4205
2025-11-14,189.7155,190.5535,180.1484,182.4229,186591900,NVDA,192.4135,191.4978,185.1640,186.0533,178.5307,175.9294,150.8183,159.7219
2025-11-17,186.1540,188.5483,183.8795,185.5255,173628900,NVDA,192.6110,190.9888,185.5291,186.0572,178.8459,176.1318,151.1503,159.9849
2025-11-18,180.9265,184.3583,179.2206,182.9417,213598900,NVDA,192.6210,190.0305,185.7408,185.8560,179.0815,176.2268,151.4732,160.1933
2025-11-19,186.0742,187.4110,182.3930,184.3483,247246400,NVDA,192.9323,189.6537,185.9244,185.8646,179.3662,176.4218,151.8118,160.4508
2025-11-20,180.2083,195.5315,179.4201,195.4817,343504800,NVDA,192.8565,188.7541,185.9936,185.6428,179.6390,176.4968,152.0904,160.6474
2025-11-21,178.4525,184.1189,172.5167,180.8068,346926200,NVDA,192.4883,187.7730,186.0147,185.3608,179.8549,176.5355,152.3409,160.8246
2025-11-24,182.1137,183.0614,176.0582,179.0610,256618300,NVDA,192.0424,187.2340,186.1105,185.2335,180.0865,176.6459,152.6040,161.0364
2025-11-25,177.3950,177.7342,169.1448,174.4919,320600300,NVDA,190.8847,186.2970,186.1692,184.9261,180.2819,176.6608,152.8248,161.1992
2025-11-26,179.8291,182.4728,177.8140,181.1959,183852000,NVDA,189.5489,185.6810,186.3681,184.7262,180.4842,176.7235,153.0617,161.3846
2025-11-28,176.5770,178.8615,176.0781,178.5821,121332800,NVDA,188.2575,184.8140,186.3833,184.4066,180.6251,176.7206,153.2906,161.5357
2025-12-01,179.4900,179.8691,173.2649,174.3423,188131000,NVDA,187.1317,184.3069,186.4481,184.2138,180.7830,176.7755,153.5134,161.7144
2025-12-02,181.0263,185.2163,179.5698,181.3256,182632200,NVDA,185.8637,183.9945,186.4052,184.0888,180.9481,176.8596,153.7260,161.9066
2025-12-03,179.1608,182.0139,178.6819,180.6472,165138000,NVDA,184.9110,183.5341,186.4284,183.8955,181.1030,176.9052,153.9267,162.0782
2025-12-04,182.9519,184.0892,179.5399,181.1960,167364900,NVDA,184.3214,183.4787,186.5565,183.8585,181.2297,177.0249,154.1471,162.2859
2025-12-05,181.9842,184.2289,180.4877,183.4607,143971100,NVDA,184.0391,183.3363,186.6508,183.7850,181.3401,177.1231,154.3583,162.4819
2025-12-08,185.1168,187.5611,181.9742,182.2136,204378100,NVDA,183.9099,183.5059,186.7979,183.8373,181.4655,177.2814,154.6135,162.7072
2025-12-09,184.5382,185.2864,182.8921,185.1268,144719700,NVDA,183.2081,183.6042,186.8603,183.8648,181.5910,177.4251,154.8865,162.9244
2025-12-10,183.3510,185.0470,181.6150,184.5382,162785400,NVDA,182.7407,183.5801,186.8047,183.8446,181.7149,177.5425,155.1717,163.1276
2025-12-11,180.5076,180.8967,176.2077,179.8591,182136600,NVDA,182.0993,183.2875,186.6790,183.7137,181.8537,177.6012,155.4196,163.3006
2025-12-12,174.6114,182.3932,174.2123,180.6872,204274900,NVDA,181.5092,182.4612,186.4024,183.3568,181.8962,177.5420,155.6934,163.4131
2025-12-15,175.8784,178.0035,174.6214,177.5246,164775600,NVDA,180.8173,181.8343,186.1766,183.0635,181.9219,177.5090,155.9499,163.5371
2025-12-16,177.3051,178.0733,174.4917,175.8485,148588100,NVDA,180.3749,181.4029,186.0207,182.8377,181.9642,177.5050,156.2676,163.6741
2025-12-17,170.5409,175.7188,169.9124,175.6889,222775500,NVDA,179.8556,180.3684,185.7396,182.3555,181.9064,177.3671,156.5418,163.7425
2025-12-18,173.7335,175.7388,171.4189,174.1225,176096000,NVDA,179.2386,179.7365,185.4411,182.0174,181.8929,177.2951,156.8255,163.8419
2025-12-19,180.5675,181.0264,175.9283,176.2576,324925900,NVDA,179.2565,179.8157,185.2103,181.9605,181.9103,177.3599,157.1770,164.0083
2025-12-22,183.2612,183.7301,181.9243,183.4906,129064400,NVDA,179.4970,180.1438,185.2211,182.0115,181.9685,177.4768,157.5313,164.1999
2025-12-23,188.7683,188.8880,182.4730,182.5429,174873600,NVDA,179.8297,180.9652,185.2390,182.2765,182.1233,177.7004,157.9416,164.4443
2025-12-24,188.1697,188.4690,186.1544,187.5012,65528500,NVDA,180.3684,181.6513,185.4104,182.5076,182.2094,177.9077,158.3401,164.6804
2025-12-26,190.0852,192.2402,187.5611,189.4766,139740300,NVDA,180.8812,182.4546,185.6241,182.8047,182.3320,178.1488,158.7133,164.9332
2025-12-29,187.7806,188.3193,185.4760,187.2718,120006100,NVDA,181.4414,182.9618,185.7522,182.9999,182.4200,178.3396,159.0757,165.1605
2025-12-30,187.1022,188.5488,186.4936,187.8006,97687300,NVDA,181.8220,183.3561,185.8386,183.1607,182.4877,178.5131,159.4044,165.3789
2025-12-31,186.0646,190.1151,186.0546,189.1274,120100500,NVDA,182.0739,183.6141,185.9158,183.2746,182.5258,178.6626,159.7386,165.5847
2026-01-02,188.4091,192.4796,187.8205,189.3968,148240500,NVDA,182.5364,184.0707,186.0695,183.4760,182.5938,178.8556,160.1050,165.8118
2026-01-05,187.6808,193.1780,185.7154,191.3123,183529700,NVDA,182.7728,184.4146,186.2261,183.6409,182.6435,179.0304,160.4572,166.0294
2026-01-06,186.8029,191.7214,186.3839,190.0752,176862600,NVDA,183.0137,184.6420,186.3277,183.7649,182.7000,179.1843,160.8001,166.2361
2026-01-07,188.6685,190.9232,186.1245,188.1298,153543200,NVDA,183.1913,185.0255,186.3848,183.9572,182.7710,179.3721,161.1564,166.4593
2026-01-08,184.6080,189.1075,183.2811,188.6685,172457000,NVDA,183.1948,184.9857,186.2563,183.9827,182.8170,179.4758,161.4739,166.6399
2026-01-09,184.4284,185.9050,183.2412,184.6479,131327500,NVDA,183.2487,184.9327,185.9339,184.0002,182.8456,179.5739,161.7941,166.8169
2026-01-12,184.5083,186.6832,182.5927,182.7923,137968500,NVDA,183.4487,184.8922,185.4931,184.0201,182.9386,179.6716,162.1493,166.9929
2026-01-13,185.3762,187.6709,182.9718,184.5681,160128900,NVDA,183.9870,184.9383,185.1525,184.0733,183.0426,179.7845,162.5204,167.1758
2026-01-14,182.7124,184.0294,180.3779,183.8897,159586100,NVDA,184.3287,184.7263,184.7667,184.0199,183.1243,179.8425,162.8870,167.3304
2026-01-15,186.6133,189.2571,185.8950,186.0646,206188600,NVDA,184.7941,184.9061,184.3712,184.1216,183.2148,179.9766,163.2796,167.5223
2026-01-16,185.7952,189.9954,185.6456,188.6386,187967200,NVDA,185.5568,184.9907,184.1228,184.1873,183.2791,180.0918,163.6592,167.7041
2026-01-20,177.6543,181.9542,177.1953,181.4753,223345300,NVDA,185.7528,184.2920,183.7810,183.9311,183.2424,180.0435,163.9967,167.8031
2026-01-21,182.8920,184.9472,177.9835,178.6320,200381000,NVDA,185.8691,184.1587,183.6863,183.8903,183.2597,180.0999,164.4035,167.9533
2026-01-22,184.4085,185.7354,183.5006,184.3187,139636600,NVDA,185.9264,184.1825,183.6204,183.9106,183.3065,180.1853,164.8552,168.1170
2026-01-23,187.2319,189.1574,186.3839,187.0623,142748100,NVDA,185.8496,184.4729,183.3936,184.0409,183.4413,180.3248,165.3043,168.3072
2026-01-26,186.0347,188.6785,185.5558,186.7231,124799600,NVDA,185.7429,184.6216,183.2603,184.1191,183.5980,180.4379,165.7542,168.4836
2026-01-27,188.0799,189.5564,185.2665,186.8029,143711600,NVDA,185.6426,184.9510,183.1552,184.2744,183.7768,180.5892,166.1244,168.6786
2026-01-28,191.0729,191.9009,189.3968,190.8235,148552700,NVDA,185.8072,185.5340,183.2484,184.5410,183.9751,180.7968,166.5433,168.9014
2026-01-29,192.0606,193.0283,185.6256,190.8933,171764400,NVDA,186.0551,186.1556,183.2953,184.8359,184.2296,181.0198,166.9503,169.1318
2026-01-30,190.6838,194.0360,189.0277,190.7636,179489500,NVDA,186.2861,186.5869,183.3859,185.0652,184.4575,181.2112,167.3516,169.3463
2026-02-02,185.1767,189.8557,184.4484,186.7630,165794100,NVDA,186.1245,186.4526,183.4709,185.0696,184.6058,181.2897,167.7179,169.5038
2026-02-03,179.9190,185.8351,175.8186,185.8052,204019600,NVDA,185.7364,185.8303,183.3478,184.8676,184.6361,181.2626,168.0963,169.6074
2026-02-04,173.7834,179.1608,171.5087,179.0411,207014100,NVDA,185.0854,184.6830,183.2193,184.4329,184.6064,181.1145,168.4591,169.6490
2026-02-05,171.4787,176.4072,170.6307,174.5216,206312900,NVDA,184.2259,183.4254,183.0798,183.9249,184.5473,180.9237,168.8332,169.6672
2026-02-06,184.9772,186.5634,174.1924,176.2775,231346200,NVDA,184.2444,183.5732,183.1371,183.9662,184.6238,181.0039,169.2648,169.8195
2026-02-09,189.5963,193.2079,183.5206,183.8298,196387400,NVDA,184.5028,184.1469,183.3811,184.1870,184.7751,181.1741,169.7006,170.0163
2026-02-10,188.0998,192.0306,187.6808,190.9332,136764800,NVDA,184.6823,184.5233,183.5465,184.3404,184.9573,181.3112,170.1102,170.1963
2026-02-11,189.6063,192.8088,188.3293,192.0007,144192700,NVDA,184.8938,185.0074,183.8071,184.5469,185.0952,181.4755,170.5046,170.3894
2026-02-12,186.5036,193.1580,186.0746,192.5794,189932500,NVDA,185.0834,185.1499,183.9474,184.6237,185.1977,181.5751,170.8949,170.5497
2026-02-13,182.3832,187.0623,181.1661,187.0423,161888000,NVDA,184.8719,184.8864,183.9745,184.5358,185.1899,181.5911,171.2630,170.6675
2026-02-17,184.5382,186.7131,178.7617,181.3257,162276900,NVDA,184.8090,184.8533,184.0820,184.5359,185.2552,181.6494,171.6425,170.8055
2026-02-18,187.5411,189.9256,186.3240,188.3093,164749100,NVDA,185.3034,185.1092,184.1738,184.6537,185.3651,181.7661,172.0236,170.9720
2026-02-19,187.4613,187.9901,185.2266,186.6233,126554500,NVDA,185.5319,185.3333,184.2834,184.7638,185.4671,181.8789,172.3898,171.1361
2026-02-20,189.3769,189.8857,185.5059,186.1344,178422300,NVDA,185.7803,185.7184,184.3686,184.9447,185.5832,182.0273,172.7690,171.3176
2026-02-23,191.1028,193.4972,189.1374,190.9532,171584800,NVDA,185.9738,186.2312,184.4999,185.1862,185.6801,182.2070,173.1583,171.5145
2026-02-24,192.3998,193.3176,186.9625,191.0430,175123600,NVDA,186.2921,186.8187,184.6808,185.4691,185.7428,182.4089,173.5364,171.7223
2026-02-25,195.1035,197.1686,193.3376,193.9960,250637100,NVDA,186.6433,187.6077,184.9728,185.8469,185.8259,182.6603,173.9266,171.9549
2026-02-26,184.4584,193.8364,183.8897,193.8165,360807900,NVDA,186.3125,187.3077,185.1697,185.7925,185.7861,182.6959,174.2671,172.0793
2026-02-27,176.7763,182.1637,175.9682,180.8269,311636500,NVDA,185.5483,186.3048,185.1877,185.4389,185.6821,182.5787,174.5375,172.1261
2026-03-02,182.0540,183.0317,174.2323,174.6014,209095300,NVDA,185.1168,185.8999,185.2826,185.3062,185.6517,182.5683,174.7998,172.2249
2026-03-03,179.6297,180.4777,176.5070,178.0733,178099400,NVDA,184.8395,185.3028,185.4644,185.0836,185.6020,182.5101,175.0229,172.2985
2026-03-04,182.6127,184.2688,179.6396,180.0188,177731200,NVDA,184.9742,185.0466,185.6420,184.9867,185.5416,182.5121,175.2635,172.4012
2026-03-05,182.9120,183.6303,177.4647,180.7470,198779700,NVDA,185.4306,184.8433,185.6889,184.9053,185.4496,182.5200,175.5028,172.5058
2026-03-06,177.4049,182.3333,176.4072,179.4201,189021900,NVDA,185.7269,184.1348,185.5718,184.6112,185.3964,182.4187,175.7137,172.5545
2026-03-09,182.2236,182.4830,175.1501,176.4172,177213600,NVDA,185.5892,183.9528,185.4409,184.5175,185.3399,182.4149,175.9546,172.6507
2026-03-10,184.3387,186.0048,181.5851,181.9742,179118500,NVDA,185.3263,183.9896,185.3642,184.5105,185.3873,182.4530,176.2189,172.7670
2026-03-11,185.6057,187.1921,184.0293,185.4860,145280400,NVDA,185.2016,184.1435,185.2747,184.5535,185.4494,182.5154,176.4845,172.8948
2026-03-12,182.7223,184.5182,181.3355,183.6303,155762700,NVDA,184.8574,184.0081,185.1735,184.4817,185.4629,182.5195,176.7433,172.9925
2026-03-13,179.8389,185.6656,179.5297,184.4983,160988400,NVDA,184.5242,183.6111,185.0282,184.2996,185.4334,182.4664,176.9667,173.0607
2026-03-16,182.8022,188.4493,180.9963,182.5527,217307400,NVDA,184.5451,183.5340,184.9630,184.2409,185.4394,182.4731,177.2084,173.1576
2026-03-17,181.5151,184.9772,181.2657,184.6380,182497800,NVDA,184.3940,183.3418,184.8251,184.1340,185.4473,182.4541,177.4217,173.2408
2026-03-18,179.9886,182.9618,179.9188,182.0638,156683100,NVDA,184.0164,183.0224,184.6713,183.9714,185.4487,182.4053,177.6477,173.3079
2026-03-19,178.1528,179.5695,175.3891,177.6040,170968500,NVDA,183.5509,182.5586,184.4983,183.7432,185.4130,182.3211,177.8533,173.3561
2026-03-20,172.3062,177.8535,171.3284,177.5941,241323500,NVDA,182.6974,181.5822,184.1710,183.2947,185.2779,182.1227,178.0105,173.3457
2026-03-23,175.2394,177.9632,174.3614,176.8557,182836300,NVDA,181.9042,180.9781,183.9836,182.9788,185.1200,181.9864,178.1789,173.3645
2026-03-24,174.8004,175.8181,173.5832,174.4313,147667800,NVDA,181.0243,180.3898,183.7911,182.6581,184.8625,181.8441,178.3547,173.3788
2026-03-25,178.2725,180.8067,176.4467,176.6961,162602100,NVDA,180.1827,180.1881,183.6664,182.4861,184.5797,181.7734,178.5393,173.4275
2026-03-26,170.8495,176.1075,170.7497,175.6685,186152200,NVDA,179.5023,179.2987,183.3758,182.0298,184.2642,181.5571,178.6822,173.4018
2026-03-27,167.1380,170.5801,166.6291,169.6123,196212700,NVDA,179.0204,178.1406,183.0643,181.4458,183.9155,181.2716,178.7999,173.3395
2026-03-30,164.7933,169.0636,163.8954,168.3951,185627000,NVDA,178.1573,176.8694,182.6279,180.7928,183.4996,180.9453,178.9114,173.2545
2026-03-31,174.0023,174.2218,166.5792,166.5892,226181300,NVDA,177.8759,176.5963,182.3921,180.5265,183.2574,180.8078,179.0582,173.2619
2026-04-01,175.3492,176.9655,174.3515,175.5986,168132000,NVDA,177.5128,176.4776,182.3460,180.3234,183.0635,180.6997,179.2268,173.2827
2026-04-02,176.9855,177.0852,170.9792,171.7873,143143200,NVDA,177.2164,176.5259,182.2278,180.1925,182.9571,180.6261,179.3901,173.3195
2026-04-06,177.2349,177.3845,175.3592,176.7560,107564300,NVDA,177.2079,176.5935,182.0844,180.0765,182.8524,180.5590,179.5574,173.3585
2026-04-07,177.6938,177.8235,173.2640,175.3292,132534900,NVDA,176.9815,176.6983,181.8936,179.9831,182.6436,180.5023,179.7203,173.4016
2026-04-08,181.6648,184.8375,179.8888,184.0792,147732700,NVDA,176.8478,177.1713,181.8062,180.0490,182.5333,180.5253,179.9111,173.4838
2026-04-09,183.4906,183.6602,180.2081,181.4253,116428500,NVDA,176.7420,177.7731,181.7144,180.1840,182.4348,180.5840,180.1095,173.5834
2026-04-10,188.1998,189.5667,183.8797,183.8897,160459500,NVDA,177.0159,178.7661,181.6570,180.4984,182.4527,180.7348,180.3128,173.7288
2026-04-13,188.8783,189.2275,185.3164,185.6057,133648200,NVDA,177.4679,179.7292,181.5933,180.8270,182.4443,180.8961,180.4875,173.8796
2026-04-14,196.0618,196.0618,190.3349,190.4048,161307000,NVDA,178.1308,181.2847,181.7009,181.4244,182.5434,181.1964,180.6946,174.1003
2026-04-15,198.4165,199.9430,195.2936,196.0918,185338400,NVDA,178.9759,182.9163,181.9657,182.0908,182.7183,181.5374,180.8999,174.3423
2026-04-16,197.8977,199.3942,195.3634,196.9797,134012900,NVDA,179.8714,184.3431,182.3252,182.7107,182.8365,181.8613,181.1013,174.5766
2026-04-17,201.2200,201.2400,198.8156,199.4441,160324400,NVDA,181.0247,185.9504,182.8740,183.4365,183.0466,182.2447,181.3428,174.8417
2026-04-20,201.5992,201.7089,197.3888,199.5239,119381400,NVDA,182.4894,187.4408,183.4764,184.1488,183.2781,182.6279,181.5665,175.1080
2026-04-21,199.4242,202.2876,198.5462,201.6690,107945300,NVDA,183.6986,188.5820,183.7653,184.7478,183.4512,182.9605,181.7689,175.3499
2026-04-22,202.0382,202.0382,198.5462,200.5316,107501000,NVDA,185.0605,189.8636,184.0142,185.4259,183.6976,183.3383,181.9898,175.6155
2026-04-23,199.1847,203.3652,196.7702,201.9983,113561800,NVDA,186.1061,190.7513,184.2359,185.9654,183.8912,183.6521,182.1877,175.8500
2026-04-24,207.7950,210.4689,199.3543,199.5040,214134400,NVDA,187.9534,192.3745,184.5996,186.8215,184.2034,184.1302,182.4142,176.1679
2026-04-27,216.1160,216.3355,206.9071,209.1719,187172400,NVDA,190.4023,194.6356,185.1919,187.9703,184.5696,184.7636,182.6763,176.5654
2026-04-28,212.6839,214.2403,207.7252,209.0123,180275400,NVDA,192.7968,196.3545,185.7979,188.9395,184.8862,185.3164,182.9172,176.9248
2026-04-29,208.7728,212.2349,207.1066,212.2149,123711800,NVDA,194.5353,197.5372,186.2826,189.7172,185.1823,185.7809,183.1427,177.2417
2026-04-30,199.1149,209.8204,198.2468,209.4512,225239200,NVDA,195.7236,197.6874,186.5141,190.0858,185.3439,186.0450,183.2868,177.4593
2026-05-01,197.9974,202.5371,196.6705,200.8210,128647000,NVDA,196.7742,197.7170,186.7248,190.3960,185.5041,186.2816,183.4221,177.6637
2026-05-04,198.0273,201.2699,194.2959,199.0450,125368100,NVDA,197.8138,197.7465,186.8978,190.6953,185.6332,186.5142,183.5493,177.8663
2026-05-05,196.0519,199.7833,195.5829,198.8455,113406600,NVDA,198.7317,197.5851,186.9968,190.9054,185.7483,186.7031,183.6696,178.0472
2026-05-06,207.3560,207.7950,198.1571,199.4341,188362800,NVDA,200.0163,198.5157,187.2959,191.5505,185.9884,187.1121,183.8516,178.3389
2026-05-07,211.0177,213.7115,206.0291,207.8649,168307900,NVDA,201.3927,199.7064,187.6142,192.3139,186.2935,187.5854,184.0736,178.6640
2026-05-08,214.7092,217.3033,212.4045,212.5442,136421400,NVDA,202.7181,201.1352,188.2192,193.1922,186.6945,188.1225,184.2953,179.0227
2026-05-11,218.9396,221.7930,213.4022,213.5519,160685800,NVDA,204.2212,202.8309,189.0625,194.2019,187.1251,188.7328,184.5235,179.4199
2026-05-12,220.2765,223.2397,214.4299,218.0516,159176600,NVDA,205.4319,204.4923,189.8269,195.2244,187.5548,189.3574,184.7595,179.8264
2026-05-13,225.3150,227.3204,221.0647,224.4170,150405400,NVDA,206.7769,206.4755,190.7406,196.4044,188.1025,190.0694,185.0045,180.2790
2026-05-14,235.2024,236.0006,228.7771,229.3258,180782900,NVDA,208.6421,209.2114,191.7924,197.9259,188.7172,190.9632,185.3051,180.8255
2026-05-15,224.8062,230.9721,223.7286,229.2360,180977600,NVDA,209.8214,210.6966,192.6303,198.9800,189.1596,191.6333,185.5349,181.2631
2026-05-18,221.8130,229.4755,217.8720,229.3458,146280900,NVDA,210.8321,211.7553,193.5185,199.8754,189.5451,192.2309,185.7568,181.6666
2026-05-19,220.1069,223.9681,217.4130,219.1191,140948200,NVDA,211.8662,212.5507,194.2761,200.6688,189.8585,192.7829,185.9909,182.0491
2026-05-20,222.9604,225.6143,219.9971,222.6710,184201600,NVDA,212.9123,213.5421,195.0486,201.5430,190.2064,193.3805,186.2079,182.4562
2026-05-21,219.0094,226.8814,217.4330,221.7831,203381800,NVDA,213.9036,214.0628,195.7166,202.2280,190.4956,193.8880,186.4138,182.8199
2026-05-22,214.8389,220.5060,214.3101,220.3962,169275700,NVDA,214.2558,214.1367,196.3590,202.7225,190.7662,194.3029,186.5931,183.1385
2026-05-26,214.3700,217.6824,211.5165,216.0462,187202600,NVDA,214.1685,214.1589,197.0496,203.1793,191.0389,194.7003,186.7633,183.4493
2026-05-27,212.1152,213.6616,208.3039,213.6317,167601200,NVDA,214.1400,213.9643,197.6359,203.5297,191.2994,195.0451,186.9126,183.7345
2026-05-28,213.7614,215.0285,210.7383,210.7982,143996000,NVDA,214.3895,213.9449,198.2808,203.9309,191.5529,195.4157,187.0734,184.0333
2026-05-29,210.6585,217.3632,210.6485,214.0907,289410600,NVDA,214.9666,213.6320,198.8942,204.1948,191.7827,195.7176,187.2131,184.2982
2026-06-01,223.8483,224.3572,215.2081,215.2380,212850700,NVDA,216.2592,214.6049,199.8081,204.9655,192.1532,196.2746,187.4266,184.6917
2026-06-02,222.3118,231.7503,220.8452,226.6619,193362900,NVDA,217.4734,215.3389,200.8082,205.6457,192.4896,196.7902,187.6303,185.0661
2026-06-03,214.2603,222.3119,214.0208,221.2144,160907000,NVDA,218.3838,215.2362,201.5886,205.9836,192.7861,197.1361,187.8016,185.3566
2026-06-04,218.4156,221.3523,210.7342,213.6709,169022200,NVDA,218.9368,215.5390,202.4609,206.4711,193.1260,197.5575,187.9858,185.6855
2026-06-05,204.8708,214.6298,204.1016,214.2902,219655500,NVDA,218.6295,214.5230,202.9929,206.4083,193.3296,197.7023,188.1341,185.8764
2026-06-08,208.4068,210.2348,205.7698,209.9451,138372800,NVDA,218.3143,213.9405,203.7440,206.4867,193.5599,197.9143,188.3013,186.1006
2026-06-09,207.9573,211.1637,199.1172,210.3846,180962500,NVDA,217.7652,213.3707,204.5604,206.5444,193.8124,198.1132,188.4683,186.3181
2026-06-10,200.1960,206.9884,199.6965,204.2015,161746600,NVDA,216.7612,212.1159,205.2685,206.2954,193.9482,198.1544,188.5815,186.4561
2026-06-11,204.6410,205.4301,199.3170,201.2648,158643200,NVDA,215.7275,211.4040,205.8812,206.2305,194.1367,198.2829,188.7079,186.6371
2026-06-12,204.9607,206.8386,203.2126,204.6310,112001800,NVDA,214.2154,210.7904,206.4735,206.1808,194.4097,198.4151,188.8261,186.8194
2026-06-15,212.2125,212.4723,208.1071,208.6865,149936700,NVDA,213.5857,210.9258,207.1780,206.4173,194.7029,198.6883,188.9813,187.0721
2026-06-16,207.1782,211.2536,207.0583,210.9440,125694100,NVDA,212.8540,210.5689,207.7769,206.4471,194.9306,198.8564,189.1186,187.2721
2026-06-17,204.4212,208.9762,202.8530,208.2969,128363500,NVDA,212.0697,209.9834,208.3114,206.3677,195.1025,198.9666,189.2719,187.4428
2026-06-18,210.4545,211.1537,206.2692,207.0983,241272000,NVDA,211.4444,210.0283,208.8872,206.5280,195.3467,199.1941,189.4724,187.6718
2026-06-22,208.4168,213.7508,207.4878,211.2037,122041400,NVDA,210.9148,209.8748,209.3858,206.6020,195.5501,199.3767,189.6635,187.8782
2026-06-23,199.8164,203.5422,199.7765,201.9440,153496200,NVDA,210.1637,208.9169,209.6181,206.3359,195.6375,199.3854,189.8063,187.9970
2026-06-24,198.7776,201.4446,196.3603,199.8963,151810700,NVDA,209.3840,207.9512,209.8161,206.0395,195.7047,199.3734,189.9672,188.1042
2026-06-25,195.5212,200.5756,191.9153,199.8564,149550000,NVDA,208.5543,206.7674,209.8053,205.6270,195.7531,199.2971,190.1053,188.1780
2026-06-26,192.3148,195.3314,191.0063,192.9041,179304100,NVDA,207.4820,205.3910,209.6832,205.1050,195.8244,199.1589,190.2151,188.2192
2026-06-29,194.7521,195.9607,189.5879,193.6333,148835700,NVDA,206.6867,204.3777,209.6203,204.6990,195.9728,199.0716,190.3044,188.2842
2026-06-30,199.8663,200.4058,194.8919,197.0195,166476700,NVDA,205.4876,203.9481,209.5932,204.5095,196.2336,199.0873,190.4200,188.3994
2026-07-01,197.3592,199.6266,193.2338,195.9807,146147600,NVDA,204.2400,203.3206,209.5084,204.2291,196.4924,199.0531,190.5198,188.4886
2026-07-02,194.6122,199.8364,192.1350,196.9197,142068700,NVDA,203.2576,202.4912,209.4122,203.8519,196.5888,198.9652,190.6063,188.5495
2026-07-06,195.3314,197.3292,193.7732,194.2027,108999000,NVDA,202.1034,201.8093,209.2781,203.5178,196.6461,198.8932,190.7106,188.6170
2026-07-07,196.7099,198.1882,190.9264,192.1550,124154600,NVDA,201.6953,201.3237,209.2286,203.2508,196.7322,198.8500,190.8448,188.6975
2026-07-08,203.8918,204.9307,194.8420,194.9618,147419100,NVDA,201.4696,201.5682,209.1505,203.2760,196.8751,198.9498,190.9851,188.8487
2026-07-09,202.5533,204.3613,198.7376,204.2315,132037400,NVDA,201.1994,201.6621,208.8793,203.2476,197.0356,199.0212,191.1167,188.9851
2026-07-10,210.7242,210.7642,201.6943,201.7742,148421000,NVDA,201.7258,202.5251,208.8401,203.5408,197.3190,199.2529,191.2544,189.2014
2026-07-13,203.3025,210.3346,202.7731,208.3069,121411000,NVDA,201.6588,202.5992,208.7307,203.5315,197.5066,199.3331,191.3809,189.3417
2026-07-14,211.5633,212.3124,203.5722,207.9673,124379600,NVDA,201.9890,203.4529,208.9796,203.8464,197.7468,199.5753,191.5560,189.5628
2026-07-15,212.2625,213.5710,205.8097,211.7231,124797200,NVDA,201.9915,204.2919,209.2649,204.1765,197.9949,199.8265,191.7310,189.7887
2026-07-16,207.1682,210.8441,205.6199,209.9351,122986100,NVDA,201.9910,204.5658,209.4477,204.2938,198.1728,199.9719,191.8780,189.9616
2026-07-17,202.5833,206.4190,197.7487,202.4135,144281900,NVDA,201.8991,204.3770,209.5784,204.2267,198.2876,200.0236,191.9838,190.0872
2026-07-20,203.0528,207.5078,202.0539,205.6399,88701500,NVDA,201.5290,204.2509,209.4923,204.1807,198.3941,200.0836,192.0684,190.2162
2026-07-21,207.0583,208.4168,203.7820,207.3080,108685600,NVDA,201.4611,204.5183,209.4131,204.2935,198.5137,200.2217,192.1698,190.3838
2026-07-22,211.8230,214.1504,204.7209,205.5800,137645600,NVDA,202.0614,205.2140,209.3554,204.5888,198.7873,200.4514,192.2867,190.5971
2026-07-23,208.5267,210.6343,205.7298,209.2259,110505300,NVDA,202.5489,205.5295,209.1471,204.7432,199.1048,200.6113,192.3935,190.7755
2026-07-24,206.6088,211.6732,204.5811,207.2181,114836800,NVDA,203.1032,205.6323,208.8738,204.8164,199.3503,200.7301,192.5010,190.9331
2026-07-27,196.2904,208.5167,195.2216,207.9673,154353700,NVDA,203.3020,204.7425,208.2933,204.4820,199.5170,200.6422,192.5595,190.9864
2026-07-28,196.7898,198.4779,192.5246,194.7820,134111500,NVDA,203.4039,203.9851,207.5250,204.1804,199.6587,200.5659,192.6001,191.0441
2026-07-29,189.7976,196.8497,189.7976,195.6311,147680800,NVDA,202.9005,202.6339,206.8249,203.6164,199.7276,200.3527,192.5886,191.0317
2026-07-30,194.8220,197.0295,191.3059,193.2338,129010200,NVDA,202.7736,201.8900,206.2850,203.2715,199.9018,200.2432,192.6491,191.0694
2026-07-31,200.5256,201.7742,194.7321,198.2182,139961200,NVDA,203.0693,201.7600,205.8934,203.1638,200.0848,200.2487,192.7124,191.1635
2026-08-03,206.4090,208.5067,196.6300,197.4690,128406900,NVDA,203.6232,202.2028,205.5624,203.2911,200.3055,200.3707,192.8464,191.3152
2026-08-04,211.7031,212.8219,208.8163,211.0638,134922000,NVDA,204.3728,203.1076,205.4163,203.6209,200.5665,200.5951,193.0079,191.5181
2026-08-05,218.9750,221.9716,216.1581,216.6176,158187400,NVDA,205.1270,204.6188,205.4990,204.2231,200.9290,200.9591,193.1959,191.7913
2026-08-06,218.7452,223.3801,216.7575,221.2824,113940600,NVDA,205.9366,205.9641,205.5865,204.7926,201.3180,201.3113,193.3757,192.0595
2026-08-07,223.7097,224.5088,220.4134,221.2924,105669400,NVDA,206.5858,207.6542,205.8184,205.5344,201.7271,201.7548,193.5833,192.3744
2026-08-10,217.3068,223.8895,216.5277,223.1503,115846600,NVDA,207.2861,208.5735,205.8893,205.9961,202.0850,202.0628,193.7662,192.6225
2026-08-11,217.2569,221.9516,215.9583,221.9217,101273100,NVDA,207.5707,209.4005,206.0213,206.4377,202.4577,202.3637,193.9532,192.8676
2026-08-12,223.8395,224.8484,219.9539,220.7929,108783600,NVDA,208.1496,210.7756,206.0211,207.1201,202.9146,202.7889,194.1638,193.1758
2026-08-13,225.0482,226.9760,223.4600,224.8085,98867200,NVDA,209.0436,212.1349,206.0758,207.8232,203.4420,203.2297,194.3599,193.4929
2026-08-14,224.9083,227.2357,224.2491,226.5165,75680900,NVDA,210.1598,213.3514,206.2888,208.4932,203.9387,203.6590,194.5293,193.8055
2026-08-17,224.7585,227.6653,224.6087,225.7274,93678700,NVDA,211.2451,214.4378,206.4156,209.1310,204.4383,204.0768,194.6504,194.1135
2026-08-18,219.4944,221.3923,218.4456,220.2036,103128200,NVDA,211.8669,214.9194,206.7081,209.5374,204.8505,204.3821,194.7151,194.3661
2026-08-19,217.3168,222.6209,216.5177,221.4222,96797300,NVDA,212.1416,215.1477,206.8863,209.8425,205.3152,204.6382,194.7897,194.5944
2026-08-20,216.6076,219.6143,215.4190,218.1159,92457000,NVDA,212.5457,215.2868,207.0593,210.1078,205.8099,204.8752,194.8627,194.8135
2026-08-21,214.4800,218.4955,214.2603,218.1759,98869300,NVDA,212.9392,215.2099,207.3450,210.2793,206.3067,205.0654,194.9032,195.0091
2026-08-24,208.2470,215.3490,207.0184,215.2891,135187300,NVDA,213.5371,214.5468,207.4171,210.1996,206.6492,205.1284,194.9533,195.1409
2026-08-25,212.8119,214.4900,209.8752,210.7941,122309000,NVDA,214.3382,214.3816,207.5741,210.3020,207.0238,205.2806,195.0437,195.3167
2026-08-26,209.4257,213.3613,208.9961,212.4023,179900000,NVDA,215.3196,213.9096,207.5184,210.2676,207.3482,205.3627,195.1526,195.4571
2026-08-27,227.7252,230.2124,220.6531,222.6109,298909800,NVDA,216.9647,215.2253,207.9293,210.9523,207.8531,205.8055,195.3528,195.7782
2026-08-28,217.3068,229.0037,216.5677,227.1059,195116400,NVDA,217.8038,215.4236,208.1870,211.2015,208.2492,206.0332,195.4464,195.9924
2026-08-31,220.5332,221.0527,215.9683,218.6254,124702700,NVDA,218.5100,215.9102,208.3886,211.5674,208.6379,206.3204,195.5856,196.2366
2026-09-01,217.1970,220.1637,214.8596,216.5077,109756200,NVDA,218.7847,216.0328,208.5642,211.7882,208.9750,206.5357,195.7049,196.4451
2026-09-02,224.1592,227.6952,218.2358,218.5455,157104700,NVDA,219.0439,216.8067,209.0511,212.2733,209.3346,206.8847,195.8936,196.7209
2026-09-03,228.1947,230.1425,224.4988,225.7674,134681600,NVDA,219.5164,217.8913,209.6394,212.8977,209.7277,207.3067,196.0860,197.0341
2026-09-04,230.1025,234.4976,229.3733,230.8317,135352400,NVDA,219.8360,219.0543,210.3310,213.5724,210.0682,207.7581,196.3058,197.3631
2026-09-08,225.4777,233.4488,224.5987,232.8494,122965600,NVDA,220.2446,219.6660,210.9943,214.0393,210.3388,208.1090,196.5285,197.6428
2026-09-09,223.4200,225.9272,223.2102,225.0282,82955500,NVDA,220.5527,220.0235,211.5677,214.4071,210.5940,208.4122,196.7152,197.8993
2026-09-10,218.3600,220.9900,217.2000,220.5300,105768000,NVDA,220.2787,219.8651,211.9375,214.5621,210.7654,208.6092,196.9060,198.1029
2026-09-11,218.2900,222.0000,218.1500,221.2500,86818741,NVDA,219.9408,219.7151,212.3562,214.7083,210.9323,208.8009,197.1052,198.3038
