Date,Close,High,Low,Open,Volume,Ticker,SMA_20,EMA_20,SMA_50,EMA_50,SMA_100,EMA_100,SMA_200,EMA_200
2021-08-19,47.0901,47.3442,46.6397,46.6754,2016800,NVO,,47.0901,,47.0901,,47.0901,,47.0901
2021-08-20,47.5404,47.8169,47.2104,47.2729,1864400,NVO,,47.1329,,47.1077,,47.0990,,47.0945
2021-08-23,47.2372,47.5359,47.1569,47.5359,2794200,NVO,,47.1429,,47.1128,,47.1017,,47.0960
2021-08-24,46.2027,46.8849,46.1626,46.5149,2827000,NVO,,47.0533,,47.0771,,47.0839,,47.0871
2021-08-25,46.2072,46.2250,45.8059,46.0110,1629000,NVO,,46.9728,,47.0430,,47.0665,,47.0783
2021-08-26,46.1804,46.5461,46.1760,46.2964,1410200,NVO,,46.8973,,47.0092,,47.0490,,47.0694
2021-08-27,45.4269,46.0467,45.3556,45.7702,2760200,NVO,,46.7573,,46.9471,,47.0169,,47.0530
2021-08-30,45.6498,45.8862,45.1861,45.2218,2537200,NVO,,46.6518,,46.8962,,46.9898,,47.0391
2021-08-31,44.5753,45.3556,44.1695,45.3466,4786400,NVO,,46.4540,,46.8052,,46.9420,,47.0146
2021-09-01,44.9498,44.9766,44.5128,44.5574,2497400,NVO,,46.3108,,46.7325,,46.9025,,46.9940
2021-09-02,45.3377,45.3689,44.9855,45.2084,1285000,NVO,,46.2181,,46.6778,,46.8716,,46.9775
2021-09-03,44.9855,45.1237,44.5351,44.7447,1978400,NVO,,46.1007,,46.6114,,46.8342,,46.9577
2021-09-07,45.1995,45.3466,45.0791,45.2931,1365400,NVO,,46.0149,,46.5560,,46.8018,,46.9402
2021-09-08,44.9008,45.1505,44.7492,44.8651,1544400,NVO,,45.9088,,46.4911,,46.7642,,46.9199
2021-09-09,44.2721,44.9498,44.2007,44.8294,2361200,NVO,,45.7529,,46.4041,,46.7148,,46.8936
2021-09-10,44.3880,44.7179,44.2542,44.4995,1744400,NVO,,45.6229,,46.3250,,46.6688,,46.8686
2021-09-13,44.4415,45.0479,44.2542,44.9855,1964200,NVO,,45.5104,,46.2512,,46.6247,,46.8445
2021-09-14,44.6020,45.0791,44.5351,44.5975,1933400,NVO,,45.4239,,46.1865,,46.5846,,46.8222
2021-09-15,45.1549,45.2129,44.8562,45.1906,1274200,NVO,,45.3983,,46.1460,,46.5563,,46.8056
2021-09-16,45.6498,45.7479,45.3243,45.4670,1922800,NVO,45.4996,45.4222,,46.1266,,46.5384,,46.7941
2021-09-17,45.2173,45.6097,45.0078,45.3021,3016600,NVO,45.4059,45.4027,,46.0909,,46.5122,,46.7784
2021-09-20,44.4370,44.8160,43.9510,43.9822,2209800,NVO,45.2508,45.3107,,46.0261,,46.4711,,46.7551
2021-09-21,45.3779,45.6721,44.9810,44.9810,1961600,NVO,45.1578,45.3171,,46.0006,,46.4495,,46.7414
2021-09-22,44.9766,45.3422,44.8160,45.0078,1176000,NVO,45.0965,45.2847,,45.9605,,46.4203,,46.7238
2021-09-23,45.5250,45.7167,45.4224,45.5785,1048000,NVO,45.0624,45.3076,,45.9434,,46.4026,,46.7119
2021-09-24,44.9008,45.2976,44.7625,44.8785,1983400,NVO,44.9984,45.2688,,45.9025,,46.3728,,46.6939
2021-09-27,44.1784,44.5396,44.0759,44.5128,1439200,NVO,44.9360,45.1650,,45.8349,,46.3294,,46.6689
2021-09-28,42.5286,43.0815,42.2834,43.0815,3058400,NVO,44.7799,44.9139,,45.7053,,46.2541,,46.6277
2021-09-29,42.8497,43.2331,42.5955,42.9879,1665600,NVO,44.6936,44.7173,,45.5933,,46.1867,,46.5901
2021-09-30,42.8095,43.3312,42.7917,43.1395,2239000,NVO,44.5866,44.5356,,45.4841,,46.1198,,46.5525
2021-10-01,42.7516,42.8452,42.3101,42.6490,1645800,NVO,44.4573,44.3657,,45.3769,,46.0531,,46.5146
2021-10-04,43.2242,43.6077,42.8987,43.4918,1987600,NVO,44.3693,44.2570,,45.2925,,45.9971,,46.4819
2021-10-05,43.4427,43.8351,43.4293,43.7860,2098400,NVO,44.2814,44.1794,,45.2200,,45.9465,,46.4517
2021-10-06,43.0503,43.2777,42.6446,43.2644,1576000,NVO,44.1889,44.0719,,45.1349,,45.8892,,46.4178
2021-10-07,43.8663,44.1427,43.5007,43.5319,1664600,NVO,44.1686,44.0523,,45.0851,,45.8491,,46.3924
2021-10-08,43.8663,44.2007,43.7459,44.1026,1219000,NVO,44.1425,44.0346,,45.0374,,45.8098,,46.3673
2021-10-11,43.8752,44.0045,43.7415,43.8351,843800,NVO,44.1142,44.0194,,44.9918,,45.7715,,46.3425
2021-10-12,43.5363,43.9287,43.3089,43.8574,1344600,NVO,44.0609,43.9734,,44.9347,,45.7273,,46.3146
2021-10-13,44.8562,44.9721,44.2721,44.2721,1804400,NVO,44.0460,44.0575,,44.9316,,45.7100,,46.3001
2021-10-14,44.7848,45.0969,44.7447,45.0211,1288000,NVO,44.0027,44.1268,,44.9259,,45.6917,,46.2850
2021-10-15,45.6320,45.8104,45.0613,45.1326,1877800,NVO,44.0235,44.2701,,44.9536,,45.6905,,46.2785
2021-10-18,46.1180,46.4346,45.9887,46.1047,2803400,NVO,44.1075,44.4461,,44.9992,,45.6990,,46.2769
2021-10-19,46.6620,46.8493,46.0824,46.0824,1751000,NVO,44.1717,44.6571,,45.0644,,45.7181,,46.2807
2021-10-20,46.6174,46.9697,46.2785,46.6620,1277400,NVO,44.2538,44.8438,,45.1253,,45.7359,,46.2841
2021-10-21,46.5550,46.6308,46.2919,46.4747,1571200,NVO,44.3053,45.0068,,45.1814,,45.7521,,46.2868
2021-10-22,47.2684,47.3041,46.9920,47.0098,1240000,NVO,44.4237,45.2222,,45.2632,,45.7821,,46.2965
2021-10-25,47.3398,47.4646,47.1614,47.4334,1313800,NVO,44.5817,45.4239,,45.3447,,45.8130,,46.3069
2021-10-26,47.8659,48.0264,47.0187,47.0187,1564400,NVO,44.8486,45.6564,,45.4435,,45.8536,,46.3224
2021-10-27,47.1213,47.7455,47.0410,47.5984,1412400,NVO,45.0622,45.7960,,45.5093,,45.8787,,46.3304
2021-10-28,47.9997,48.3029,47.5047,47.5047,1797400,NVO,45.3217,46.0058,45.1845,45.6070,,45.9207,,46.3470
2021-10-29,49.1055,49.1991,48.5303,48.7755,2138600,NVO,45.6394,46.3010,45.2248,45.7442,,45.9838,,46.3744
2021-11-01,48.7978,49.0074,48.6061,48.8602,1694600,NVO,45.9180,46.5388,45.2500,45.8639,,46.0395,,46.3985
2021-11-02,49.0698,49.5959,48.9762,49.1188,2353800,NVO,46.1994,46.7799,45.2866,45.9897,,46.0995,,46.4251
2021-11-03,51.5266,51.7005,49.8189,49.8590,4348400,NVO,46.6232,47.2319,45.3931,46.2068,,46.2070,,46.4759
2021-11-04,51.6559,51.6916,51.0807,51.5578,2075400,NVO,47.0127,47.6533,45.5021,46.4205,,46.3149,,46.5274
2021-11-05,50.5724,50.5769,49.9571,50.0775,2355200,NVO,47.3480,47.9313,45.5899,46.5833,,46.3992,,46.5677
2021-11-08,51.1432,51.5311,50.8043,51.3661,1904800,NVO,47.7114,48.2372,45.7042,46.7621,,46.4931,,46.6132
2021-11-09,50.8846,51.1432,50.7642,51.0941,1381800,NVO,48.0788,48.4893,45.8089,46.9238,,46.5801,,46.6557
2021-11-10,50.2558,50.8266,50.1087,50.6661,1934400,NVO,48.3488,48.6576,45.9225,47.0545,,46.6529,,46.6915
2021-11-11,50.5680,50.7731,50.2960,50.7107,2071400,NVO,48.6380,48.8395,46.0349,47.1922,,46.7304,,46.7301
2021-11-12,50.4297,50.5635,49.9527,50.4030,1100000,NVO,48.8778,48.9909,46.1368,47.3192,,46.8037,,46.7669
2021-11-15,50.6036,50.8578,50.5189,50.5368,1118000,NVO,49.1021,49.1445,46.2491,47.4480,,46.8789,,46.8051
2021-11-16,50.8266,51.1209,50.6081,50.6973,1143600,NVO,49.3103,49.3047,46.3617,47.5805,,46.9571,,46.8451
2021-11-17,51.0139,51.3171,50.9425,51.0986,1118200,NVO,49.5302,49.4675,46.4839,47.7151,,47.0374,,46.8866
2021-11-18,51.2903,51.5846,51.0183,51.3929,1773200,NVO,49.7669,49.6411,46.6243,47.8553,,47.1216,,46.9304
2021-11-19,50.7731,51.2591,50.7196,51.1075,1449800,NVO,49.9422,49.7489,46.7520,47.9698,,47.1939,,46.9686
2021-11-22,49.5959,50.3629,49.5781,50.3272,1343000,NVO,50.0550,49.7343,46.8551,48.0335,,47.2415,,46.9948
2021-11-23,48.7889,48.9539,48.2761,48.3920,2005800,NVO,50.1011,49.6443,46.9388,48.0632,,47.2721,,47.0126
2021-11-24,48.6194,48.6284,48.1067,48.4456,1139600,NVO,50.1760,49.5467,47.0081,48.0850,,47.2988,,47.0286
2021-11-26,48.2315,48.6239,48.1557,48.4589,1688600,NVO,50.1876,49.4214,47.0597,48.0907,,47.3173,,47.0406
2021-11-29,48.2850,48.5927,47.7411,47.9060,1329400,NVO,50.1466,49.3132,47.1211,48.0983,,47.3364,,47.0530
2021-11-30,47.6340,48.6417,47.3531,48.3742,2255400,NVO,50.0884,49.1533,47.1850,48.0801,,47.3423,,47.0588
2021-12-01,47.8347,48.4901,47.7188,47.8035,1421000,NVO,50.0267,49.0277,47.2342,48.0705,,47.3521,,47.0665
2021-12-02,47.5493,47.8035,47.3621,47.5003,1583000,NVO,49.8278,48.8869,47.2856,48.0501,,47.3560,,47.0713
2021-12-03,47.7455,48.7933,47.2907,48.7220,1523200,NVO,49.6323,48.7782,47.3300,48.0381,,47.3637,,47.0780
2021-12-06,48.0443,48.3742,47.6519,48.2181,1814600,NVO,49.5059,48.7083,47.3929,48.0384,,47.3772,,47.0876
2021-12-07,49.1188,49.1367,48.5436,48.5481,1346000,NVO,49.4047,48.7474,47.4917,48.0807,,47.4117,,47.1078
2021-12-08,50.5680,50.5903,49.5335,50.1890,2400000,NVO,49.3888,48.9208,47.6525,48.1783,,47.4742,,47.1422
2021-12-09,50.6259,50.9202,50.5412,50.7597,2564200,NVO,49.4073,49.0832,47.8080,48.2743,,47.5366,,47.1769
2021-12-10,50.9871,51.0763,50.5814,50.5814,1186200,NVO,49.4283,49.2645,47.9716,48.3806,,47.6049,,47.2148
2021-12-13,51.5891,51.7808,51.2769,51.3973,1269000,NVO,49.4863,49.4859,48.1483,48.5065,,47.6838,,47.2583
2021-12-14,50.3049,50.5635,50.0418,50.5234,2097000,NVO,49.4713,49.5639,48.2899,48.5770,,47.7357,,47.2887
2021-12-15,51.9279,51.9368,50.4253,50.4387,1635600,NVO,49.5264,49.7890,48.4596,48.7084,,47.8187,,47.3348
2021-12-16,52.2044,52.3248,51.7228,51.8655,1533200,NVO,49.5859,50.0191,48.6427,48.8455,,47.9056,,47.3833
2021-12-17,47.9105,51.9547,47.5181,51.5935,11551400,NVO,49.4169,49.8183,48.7236,48.8088,,47.9057,,47.3885
2021-12-20,46.1626,46.6709,45.5205,46.4301,5956600,NVO,49.1864,49.4701,48.7695,48.7051,,47.8711,,47.3763
2021-12-21,47.3576,47.4735,46.3677,46.7155,5111600,NVO,49.0745,49.2689,48.8392,48.6522,,47.8610,,47.3761
2021-12-22,49.0029,49.1233,48.3653,48.4500,3649800,NVO,49.0852,49.2436,48.9485,48.6660,,47.8836,,47.3923
2021-12-23,48.3475,49.2303,48.3162,48.4456,2411200,NVO,49.0716,49.1582,49.0183,48.6535,,47.8928,,47.4018
2021-12-27,49.7743,50.0195,49.1991,49.3908,2262200,NVO,49.1487,49.2169,49.1181,48.6974,,47.9300,,47.4254
2021-12-28,49.3953,49.9749,49.2036,49.9437,1675400,NVO,49.2042,49.2339,49.1934,48.7248,,47.9590,,47.4450
2021-12-29,49.5647,49.5826,48.7621,49.0029,1343800,NVO,49.3008,49.2654,49.2623,48.7577,,47.9908,,47.4661
2021-12-30,49.6940,50.1711,49.6584,49.7609,1623200,NVO,49.3937,49.3062,49.3230,48.7945,,48.0246,,47.4883
2021-12-31,49.9393,50.3450,49.7966,49.8768,1514600,NVO,49.5132,49.3665,49.3894,48.8394,,48.0625,,47.5127
2022-01-03,48.5080,48.9227,48.0309,48.8914,2312600,NVO,49.5514,49.2847,49.4285,48.8264,,48.0713,,47.5226
2022-01-04,47.3264,47.4022,46.1626,46.3142,5726400,NVO,49.5155,49.0982,49.4296,48.7675,,48.0566,,47.5206
2022-01-05,45.7212,46.9429,45.7212,46.7244,2874400,NVO,49.3456,48.7766,49.3973,48.6481,,48.0103,,47.5027
2022-01-06,45.8639,46.3543,44.7090,44.9097,6665800,NVO,49.1104,48.4992,49.3572,48.5389,,47.9678,,47.4864
2022-01-07,45.2530,45.4581,44.8294,44.8339,7812400,NVO,48.8417,48.1900,49.3198,48.4100,,47.9140,,47.4642
2022-01-10,45.3868,45.4447,44.4281,44.6466,2980200,NVO,48.5617,47.9231,49.2676,48.2915,47.2261,47.8640,,47.4435
2022-01-11,45.1326,45.1727,44.4370,44.9008,2404400,NVO,48.2389,47.6573,49.1881,48.1676,47.2065,47.8099,,47.4205
2022-01-12,44.9230,45.0791,44.6154,44.6466,2445200,NVO,47.9698,47.3969,49.1106,48.0404,47.1803,47.7528,,47.3957
2022-01-13,44.3924,44.9810,44.2230,44.9364,1931200,NVO,47.5930,47.1108,49.0171,47.8973,47.1519,47.6862,,47.3658
2022-01-14,42.9478,43.7415,42.5197,43.2733,4927600,NVO,47.1302,46.7143,48.8455,47.7032,47.1193,47.5924,,47.3218
2022-01-18,42.9790,43.2064,42.5643,42.6579,2290000,NVO,46.8836,46.3585,48.6720,47.5179,47.0870,47.5010,,47.2786
2022-01-19,43.3803,43.9644,43.2376,43.5631,2052800,NVO,46.7445,46.0749,48.5281,47.3557,47.0590,47.4194,,47.2398
2022-01-20,42.5643,43.4293,42.5331,42.7962,4022400,NVO,46.5048,45.7406,48.3566,47.1678,47.0304,47.3233,,47.1933
2022-01-21,42.5197,43.2019,42.4172,42.7873,2700400,NVO,46.1807,45.4338,48.1893,46.9855,46.9991,47.2282,,47.1468
2022-01-24,42.5554,42.6535,40.8031,41.3783,5764800,NVO,45.8911,45.1597,48.0352,46.8118,46.9789,47.1356,,47.1011
2022-01-25,42.4305,42.7471,41.9089,41.9980,5165000,NVO,45.5239,44.8998,47.8725,46.6400,46.9537,47.0425,,47.0546
2022-01-26,41.5120,42.3815,41.3292,42.1496,3709000,NVO,45.1297,44.5771,47.6941,46.4389,46.9154,46.9330,,46.9995
2022-01-27,42.5554,43.1128,42.3592,42.5688,2640600,NVO,44.7793,44.3846,47.5332,46.2866,46.8911,46.8463,,46.9553
2022-01-28,43.1440,43.2153,42.3949,42.7605,1981400,NVO,44.4517,44.2664,47.3795,46.1633,46.8706,46.7730,,46.9174
2022-01-31,44.5307,44.6198,43.7281,43.7994,2890000,NVO,44.1813,44.2916,47.2499,46.0993,46.8669,46.7286,,46.8936
2022-02-01,45.7479,45.8282,44.8829,45.1950,4038200,NVO,44.0433,44.4303,47.1390,46.0855,46.8817,46.7091,,46.8822
2022-02-02,47.5270,47.7856,47.0455,47.4066,4395600,NVO,44.0533,44.7252,47.0741,46.1421,46.9130,46.7253,,46.8886
2022-02-03,46.6531,46.9518,46.3276,46.4079,3937800,NVO,44.0999,44.9088,47.0152,46.1621,46.9352,46.7239,,46.8863
2022-02-04,44.4415,45.5473,44.2230,45.3199,5665000,NVO,44.0288,44.8643,46.9283,46.0946,46.9336,46.6787,,46.8620
2022-02-07,45.3734,45.8237,44.8116,44.9320,2094800,NVO,44.0348,44.9128,46.8634,46.0663,46.9357,46.6529,,46.8471
2022-02-08,45.2798,45.3511,44.8695,45.1549,1945800,NVO,44.0295,44.9477,46.8043,46.0355,46.9320,46.6257,,46.8315
2022-02-09,47.2283,47.2907,46.4792,46.5060,2559600,NVO,44.1343,45.1649,46.7832,46.0823,46.9521,46.6376,,46.8355
2022-02-10,46.3989,47.4334,46.2696,46.6397,1889800,NVO,44.2081,45.2825,46.7585,46.0947,46.9718,46.6329,,46.8311
2022-02-11,44.1026,45.4447,43.7816,45.3645,3747400,NVO,44.1936,45.1701,46.6839,46.0166,46.9590,46.5828,,46.8040
2022-02-14,43.7593,43.9912,43.3758,43.5096,3157800,NVO,44.2342,45.0357,46.6081,45.9280,46.9468,46.5269,,46.7737
2022-02-15,45.1950,45.5607,44.8874,44.8874,1900000,NVO,44.3450,45.0509,46.5570,45.8993,46.9435,46.5005,,46.7580
2022-02-16,46.0021,46.0824,45.2842,45.2887,2010600,NVO,44.4760,45.1415,46.5162,45.9033,46.9546,46.4906,,46.7505
2022-02-17,45.6811,46.1537,45.6320,46.0957,1578200,NVO,44.6319,45.1929,46.4474,45.8946,46.9696,46.4746,,46.7398
2022-02-18,44.9498,45.5295,44.6823,45.4269,1177000,NVO,44.7534,45.1697,46.3351,45.8576,46.9938,46.4444,,46.7220
2022-02-22,44.2498,45.1014,43.7950,44.5039,1595200,NVO,44.8381,45.0821,46.2076,45.7945,47.0078,46.4009,,46.6974
2022-02-23,43.5542,44.2944,43.4784,44.2096,1413000,NVO,44.8943,44.9366,46.0589,45.7067,47.0152,46.3446,,46.6661
2022-02-24,44.1205,44.1740,42.2477,42.6178,2918600,NVO,45.0247,44.8589,45.9095,45.6445,47.0289,46.3005,,46.6408
2022-02-25,45.8148,46.0289,44.8829,44.9453,2675200,NVO,45.1877,44.9499,45.8197,45.6511,47.0548,46.2909,,46.6326
2022-02-28,45.9040,46.0244,45.3288,45.6186,2163000,NVO,45.3257,45.0408,45.6992,45.6611,47.0794,46.2832,,46.6253
2022-03-01,46.1938,46.8359,46.0199,46.3499,2104600,NVO,45.4088,45.1506,45.5790,45.6819,47.1109,46.2815,,46.6211
2022-03-02,46.6709,46.8136,45.4804,45.7836,2701400,NVO,45.4550,45.2954,45.5542,45.7207,47.1389,46.2892,,46.6216
2022-03-03,46.4926,47.8570,46.2027,47.3799,1861400,NVO,45.4033,45.4094,45.5608,45.7510,47.1652,46.2932,,46.6203
2022-03-04,46.4212,46.4435,45.3779,45.3779,2401400,NVO,45.3917,45.5058,45.5421,45.7773,47.1907,46.2957,,46.6183
2022-03-07,44.9676,46.0066,44.8740,45.8059,5455600,NVO,45.4180,45.4545,45.4614,45.7455,47.2050,46.2694,,46.6019
2022-03-08,45.6186,47.1168,44.8027,45.4938,7352800,NVO,45.4302,45.4701,45.4068,45.7406,47.2126,46.2566,,46.5921
2022-03-09,46.8448,47.0945,45.6365,45.8460,5377200,NVO,45.5085,45.6011,45.3482,45.7839,47.2332,46.2682,,46.5946
2022-03-10,46.5773,46.8136,45.9753,46.1314,4426000,NVO,45.4760,45.6940,45.2919,45.8150,47.2426,46.2743,,46.5944
2022-03-11,45.1505,45.9486,44.8428,45.2441,5354200,NVO,45.4135,45.6423,45.2036,45.7889,47.2330,46.2521,,46.5801
2022-03-14,45.3645,46.1492,45.3377,45.5161,1393000,NVO,45.4766,45.6158,45.1170,45.7723,47.2200,46.2345,,46.5680
2022-03-15,45.6811,46.0155,45.2218,45.9085,2286200,NVO,45.5727,45.6220,45.0318,45.7687,47.2106,46.2235,,46.5591
2022-03-16,47.3710,47.6385,46.4079,47.0410,2457800,NVO,45.6815,45.7886,45.0091,45.8315,47.2188,46.2463,,46.5672
2022-03-17,48.9806,49.0207,48.0755,48.1111,1684200,NVO,45.8304,46.0926,45.0422,45.9550,47.2359,46.3004,,46.5912
2022-03-18,49.7029,49.7029,48.4099,48.4857,2721400,NVO,46.0315,46.4364,45.1218,46.1020,47.2595,46.3678,,46.6222
2022-03-21,49.1322,49.6940,48.7710,49.0921,2305600,NVO,46.2406,46.6932,45.1872,46.2208,47.2722,46.4225,,46.6472
2022-03-22,48.8736,49.2080,48.5303,48.9851,1954200,NVO,46.4718,46.9008,45.2596,46.3249,47.2897,46.4711,,46.6693
2022-03-23,48.7666,49.2660,48.6462,48.8736,1622600,NVO,46.7325,47.0785,45.3272,46.4206,47.2974,46.5165,,46.6902
2022-03-24,48.5927,48.6194,47.9283,48.1468,1413000,NVO,46.9561,47.2227,45.3964,46.5058,47.2923,46.5576,,46.7091
2022-03-25,47.9472,48.5144,47.6410,48.4468,1527200,NVO,47.0627,47.2917,45.4569,46.5623,47.2838,46.5851,,46.7214
2022-03-28,48.5774,48.6044,47.9742,48.0147,1057800,NVO,47.1964,47.4142,45.5406,46.6413,47.2788,46.6246,,46.7399
2022-03-29,49.6083,50.2025,49.3697,49.9684,2005000,NVO,47.3671,47.6231,45.6738,46.7577,47.2597,46.6837,,46.7684
2022-03-30,50.6617,51.1929,50.2340,50.2835,2362400,NVO,47.5666,47.9125,45.8274,46.9108,47.2497,46.7624,,46.8072
2022-03-31,49.9909,50.9183,49.9909,50.8102,1668000,NVO,47.7415,48.1105,45.9597,47.0316,47.2439,46.8264,,46.8389
2022-04-01,50.8282,50.9408,50.1395,50.2205,1883000,NVO,47.9619,48.3693,46.1249,47.1805,47.2407,46.9056,,46.8786
2022-04-04,51.2334,51.3279,50.5311,50.7877,2961200,NVO,48.2752,48.6421,46.2992,47.3394,47.2442,46.9913,,46.9219
2022-04-05,51.6835,52.0527,51.4990,51.5260,2003800,NVO,48.5784,48.9317,46.4818,47.5098,47.2585,47.0842,,46.9693
2022-04-06,52.7279,52.7819,51.7150,51.8186,2827400,NVO,48.8726,49.2933,46.6877,47.7144,47.2801,47.1960,,47.0266
2022-04-07,54.8347,54.9923,53.4257,53.4257,4647800,NVO,49.2854,49.8210,46.9542,47.9936,47.3242,47.3473,,47.1043
2022-04-08,54.2720,54.6771,53.9794,54.0199,2578400,NVO,49.7415,50.2449,47.1885,48.2398,47.3608,47.4844,,47.1756
2022-04-11,54.4476,54.9022,53.9974,54.3260,5004400,NVO,50.1957,50.6452,47.4146,48.4833,47.3971,47.6223,,47.2479
2022-04-12,52.8495,53.2321,52.1247,52.5929,5920600,NVO,50.5541,50.8551,47.5810,48.6545,47.4154,47.7258,,47.3037
2022-04-13,53.5157,53.6192,52.7144,53.2006,2903200,NVO,50.8613,51.1085,47.7363,48.8451,47.4377,47.8404,,47.3655
2022-04-14,53.2096,53.8488,53.1286,53.6012,1771600,NVO,51.0728,51.3086,47.8500,49.0163,47.4620,47.9467,,47.4236
2022-04-18,52.3858,53.3807,52.1697,52.7684,1188200,NVO,51.2069,51.4112,47.9646,49.1484,47.4899,48.0346,,47.4730
2022-04-19,51.5035,51.8771,51.0578,51.3324,2391000,NVO,51.3255,51.4200,48.1059,49.2408,47.5171,48.1033,,47.5131
2022-04-20,52.0121,52.4398,51.6970,51.8501,1594000,NVO,51.4824,51.4764,48.2386,49.3495,47.5510,48.1807,,47.5579
2022-04-21,49.8559,51.5935,49.6623,51.5260,4305200,NVO,51.5369,51.3220,48.3302,49.3693,47.5672,48.2139,,47.5807
2022-04-22,49.8334,50.9002,49.6668,50.9002,2365800,NVO,51.5989,51.1803,48.3823,49.3875,47.5827,48.2460,,47.6032
2022-04-25,51.1929,51.2019,49.9729,49.9999,2668600,NVO,51.7612,51.1815,48.4781,49.4583,47.6183,48.3043,,47.6389
2022-04-26,49.4192,50.5311,49.3742,50.2520,2829000,NVO,51.8033,51.0136,48.5845,49.4568,47.6342,48.3264,,47.6566
2022-04-27,50.2205,50.6887,49.7298,49.9549,2137200,NVO,51.8339,50.9381,48.7137,49.4867,47.6609,48.3639,,47.6821
2022-04-28,49.6038,49.9189,48.5819,48.6089,3558200,NVO,51.7810,50.8110,48.8019,49.4913,47.6795,48.3885,,47.7012
2022-04-29,51.3189,52.2777,51.1748,51.5350,6458800,NVO,51.8474,50.8594,48.9082,49.5630,47.7122,48.4465,,47.7372
2022-05-02,51.2469,51.4675,50.4276,51.1974,3401200,NVO,51.8683,50.8963,49.0195,49.6290,47.7335,48.5019,,47.7721
2022-05-03,50.9498,51.4585,50.5941,50.9678,2393200,NVO,51.8541,50.9014,49.1395,49.6808,47.7373,48.5504,,47.8038
2022-05-04,51.2784,51.4089,49.9414,50.5761,3267600,NVO,51.8339,50.9373,49.2801,49.7435,47.7438,48.6044,,47.8383
2022-05-05,50.7742,51.2694,50.4411,50.7967,4392600,NVO,51.7362,50.9218,49.4245,49.7839,47.7417,48.6474,,47.8675
2022-05-06,50.1260,50.6572,49.5903,49.8469,5187400,NVO,51.5008,50.8460,49.5446,49.7973,47.7271,48.6767,,47.8900
2022-05-09,47.8301,48.9645,47.6906,48.6674,4423000,NVO,51.1787,50.5587,49.5849,49.7202,47.7023,48.6599,,47.8894
2022-05-10,48.3658,49.1356,47.8211,48.3703,2776400,NVO,50.8746,50.3499,49.6341,49.6670,47.6667,48.6541,,47.8942
2022-05-11,46.7317,48.2263,46.7047,47.1324,3516800,NVO,50.5687,50.0053,49.6449,49.5519,47.6120,48.6160,,47.8826
2022-05-12,46.9748,47.4520,46.4031,47.0423,4213000,NVO,50.2417,49.7167,49.6510,49.4509,47.6026,48.5835,,47.8736
2022-05-13,47.7356,48.1227,47.1594,47.7176,2968800,NVO,49.9680,49.5280,49.6758,49.3836,47.6183,48.5667,,47.8722
2022-05-16,46.4751,46.9388,45.9889,46.4661,3786400,NVO,49.6724,49.2373,49.6769,49.2695,47.6095,48.5253,,47.8583
2022-05-17,47.8706,48.1452,47.4835,48.1362,2363800,NVO,49.4908,49.1071,49.7350,49.2147,47.5982,48.5124,,47.8584
2022-05-18,46.5922,47.3034,46.4211,47.1008,1984400,NVO,49.2198,48.8676,49.7544,49.1118,47.5806,48.4743,,47.8458
2022-05-19,46.8398,47.2854,46.3941,46.4571,4347200,NVO,49.0690,48.6745,49.7543,49.0227,47.5513,48.4420,,47.8358
2022-05-20,48.5054,48.7169,47.8751,47.9562,4591400,NVO,49.0026,48.6584,49.7929,49.0025,47.5424,48.4432,,47.8425
2022-05-23,48.5459,48.8115,48.2893,48.6044,1647400,NVO,48.8702,48.6476,49.8608,48.9845,47.5322,48.4453,,47.8495
2022-05-24,48.6089,49.0591,48.2983,48.8385,1733200,NVO,48.8297,48.6439,49.9257,48.9698,47.5214,48.4485,,47.8570
2022-05-25,47.3800,48.0912,47.1954,47.9066,4474200,NVO,48.6877,48.5236,49.9597,48.9075,47.4958,48.4273,,47.8523
2022-05-26,47.9877,48.0822,47.3664,47.7131,1896000,NVO,48.6069,48.4725,49.9720,48.8714,47.4906,48.4186,,47.8536
2022-05-27,48.5009,48.5414,47.5375,47.5825,1824400,NVO,48.4660,48.4752,49.9624,48.8569,47.5023,48.4203,,47.8601
2022-05-31,49.6983,50.2430,49.3922,50.1935,4559000,NVO,48.3885,48.5917,49.9623,48.8899,47.5421,48.4456,,47.8784
2022-06-01,49.6668,49.9864,49.5137,49.8739,3973400,NVO,48.3244,48.6941,49.9730,48.9203,47.5801,48.4697,,47.8961
2022-06-02,50.7112,50.7607,49.7208,50.1935,2167200,NVO,48.2960,48.8862,50.0098,48.9906,47.6347,48.5141,,47.9242
2022-06-03,50.6031,50.8417,50.2745,50.5221,1410400,NVO,48.2875,49.0497,50.0465,49.0538,47.6868,48.5555,47.4565,47.9508
2022-06-06,50.4861,50.7922,50.2430,50.7202,2822400,NVO,48.3055,49.1865,50.0844,49.1100,47.7404,48.5937,47.4734,47.9760
2022-06-07,52.1607,52.1967,51.4044,51.4179,2156400,NVO,48.5220,49.4698,50.1686,49.2296,47.8128,48.6644,47.4965,48.0177
2022-06-08,52.2012,52.5704,51.9041,51.9671,2908200,NVO,48.7138,49.7299,50.2411,49.3461,47.8908,48.7344,47.5214,48.0593
2022-06-09,50.7832,51.8816,50.7787,51.7330,1787200,NVO,48.9164,49.8302,50.2646,49.4025,47.9692,48.7750,47.5443,48.0864
2022-06-10,50.1890,50.5896,49.6623,49.9729,2074600,NVO,49.0771,49.8644,50.2552,49.4333,48.0413,48.8030,47.5642,48.1073
2022-06-13,48.4288,49.1536,48.3343,49.0141,2128600,NVO,49.1117,49.7277,50.2239,49.3939,48.0918,48.7956,47.5754,48.1105
2022-06-14,47.7761,48.1317,47.4025,48.0822,2646400,NVO,49.1768,49.5418,50.1629,49.3305,48.1439,48.7754,47.5872,48.1072
2022-06-15,47.8661,48.2668,47.0873,47.6951,2834400,NVO,49.1766,49.3822,50.0955,49.2731,48.1974,48.7574,47.5982,48.1048
2022-06-16,47.5780,47.7941,46.9253,46.9253,2571000,NVO,49.2259,49.2104,50.0134,49.2066,48.2476,48.7340,47.6132,48.0996
2022-06-17,47.5285,48.0012,47.2179,47.6140,2408000,NVO,49.2603,49.0502,49.9094,49.1408,48.2986,48.7101,47.6261,48.0939
2022-06-21,48.5684,48.9150,48.4784,48.6494,1761400,NVO,49.2634,49.0043,49.7841,49.1183,48.3691,48.7073,47.6423,48.0986
2022-06-22,48.3208,48.9555,48.2848,48.3343,3375600,NVO,49.2522,48.9392,49.6651,49.0871,48.4268,48.6997,47.6590,48.1008
2022-06-23,48.8115,48.8250,48.1812,48.1812,4412800,NVO,49.2623,48.9271,49.5524,49.0763,48.4835,48.7019,47.6770,48.1079
2022-06-24,50.4726,50.5086,49.7793,50.3330,2870800,NVO,49.4169,49.0743,49.5048,49.1310,48.5429,48.7370,47.7049,48.1314
2022-06-27,50.8192,51.2154,50.4546,50.7247,1984800,NVO,49.5585,49.2404,49.4509,49.1972,48.5936,48.7782,47.7376,48.1582
2022-06-28,48.7530,49.5047,48.7214,49.1806,2969400,NVO,49.5711,49.1940,49.3618,49.1798,48.6059,48.7777,47.7595,48.1641
2022-06-29,49.5543,50.0629,49.0096,49.0771,2324600,NVO,49.5639,49.2283,49.3051,49.1945,48.6349,48.7931,47.7850,48.1779
2022-06-30,50.1620,50.2430,49.0546,49.3247,2464400,NVO,49.5887,49.3172,49.2783,49.2324,48.6921,48.8202,47.8128,48.1977
2022-07-01,50.2565,50.3510,48.9375,49.3967,1869200,NVO,49.5660,49.4067,49.2432,49.2726,48.7409,48.8486,47.8383,48.2181
2022-07-05,50.0764,50.0764,48.7800,48.7800,5036800,NVO,49.5396,49.4705,49.2476,49.3041,48.7889,48.8729,47.8605,48.2366
2022-07-06,49.7388,50.0044,49.1356,49.1851,3215000,NVO,49.5023,49.4960,49.2457,49.3212,48.8140,48.8901,47.8831,48.2516
2022-07-07,49.4912,49.6758,49.2886,49.3787,2254000,NVO,49.3688,49.4956,49.2117,49.3278,48.8449,48.9020,47.9083,48.2639
2022-07-08,49.0816,49.3202,48.3793,48.4964,1934000,NVO,49.2128,49.4561,49.2049,49.3182,48.8947,48.9055,47.9269,48.2720
2022-07-11,49.3112,49.6983,48.9645,49.0906,1063400,NVO,49.1392,49.4423,49.1867,49.3179,48.9502,48.9136,47.9485,48.2824
2022-07-12,48.9915,49.4282,48.8160,49.3652,1890400,NVO,49.0793,49.3994,49.1745,49.3051,48.9882,48.9151,47.9659,48.2894
2022-07-13,49.5723,49.8334,48.4513,48.4513,2439400,NVO,49.1365,49.4159,49.1396,49.3156,49.0239,48.9281,47.9892,48.3022
2022-07-14,49.2706,49.4237,48.4513,48.5999,1804800,NVO,49.2112,49.4020,49.1000,49.3138,49.0598,48.9349,48.0147,48.3118
2022-07-15,51.4224,51.4449,50.5806,50.8102,3067600,NVO,49.3890,49.5945,49.1095,49.3965,49.1245,48.9842,48.0591,48.3428
2022-07-18,50.8597,52.0932,50.8192,51.5215,3267600,NVO,49.5531,49.7150,49.1011,49.4539,49.1906,49.0213,48.0992,48.3678
2022-07-19,52.1382,52.1472,51.4404,51.7646,1944400,NVO,49.7836,49.9457,49.1284,49.5592,49.2764,49.0830,48.1458,48.4054
2022-07-20,51.1343,51.5800,50.8057,51.4720,1732600,NVO,49.9119,50.0589,49.1486,49.6209,49.3466,49.1236,48.1878,48.4325
2022-07-21,51.9311,52.0212,51.1253,51.2199,1531800,NVO,50.0924,50.2372,49.2306,49.7115,49.4077,49.1792,48.2313,48.4673
2022-07-22,51.5710,52.0482,51.3864,51.6250,1154200,NVO,50.2304,50.3643,49.2947,49.7844,49.4644,49.2266,48.2719,48.4982
2022-07-25,52.1877,52.3723,51.6475,52.0212,1378000,NVO,50.3162,50.5379,49.4038,49.8787,49.5244,49.2852,48.3176,48.5349
2022-07-26,52.5884,52.7774,52.1517,52.2012,1611200,NVO,50.4046,50.7332,49.5161,49.9849,49.5835,49.3506,48.3612,48.5752
2022-07-27,52.6379,52.7639,51.6340,51.6925,2052800,NVO,50.5989,50.9146,49.6141,50.0890,49.6450,49.4157,48.4051,48.6157
2022-07-28,52.3948,52.5884,50.9678,51.6565,1539800,NVO,50.7409,51.0556,49.7325,50.1794,49.7047,49.4747,48.4477,48.6533
2022-07-29,52.2462,52.7774,52.1157,52.7369,2416000,NVO,50.8451,51.1690,49.8200,50.2605,49.7775,49.5296,48.4912,48.6890
2022-08-01,52.2597,52.8585,52.1607,52.6424,2372400,NVO,50.9453,51.2729,49.9334,50.3389,49.8439,49.5837,48.5282,48.7246
2022-08-02,51.5260,52.7774,51.5260,52.5073,1791600,NVO,51.0177,51.2970,50.0271,50.3854,49.8907,49.6221,48.5620,48.7524
2022-08-03,44.9761,51.3459,44.7330,51.2694,12639200,NVO,50.7796,50.6950,49.9565,50.1733,49.8747,49.5301,48.5587,48.7149
2022-08-04,47.0288,48.1272,46.3806,47.6410,10237600,NVO,50.6565,50.3458,49.9262,50.0500,49.8935,49.4806,48.5632,48.6981
2022-08-05,46.4571,46.9343,45.9709,46.8803,5171000,NVO,50.5253,49.9755,49.8831,49.9091,49.9044,49.4207,48.5622,48.6758
2022-08-08,46.1060,46.6867,45.9169,46.2050,3112200,NVO,50.3650,49.6069,49.8577,49.7599,49.9087,49.3551,48.5596,48.6502
2022-08-09,47.0873,47.6726,46.8217,47.1864,4215600,NVO,50.2698,49.3670,49.8397,49.6551,49.9058,49.3102,48.5623,48.6347
2022-08-10,48.3973,49.0276,47.7806,48.2038,4549400,NVO,50.2110,49.2746,49.8376,49.6058,49.9000,49.2921,48.5680,48.6323
2022-08-11,48.9735,49.7073,48.5864,49.3247,3960600,NVO,50.1962,49.2460,49.8231,49.5810,49.8927,49.2858,48.5761,48.6357
2022-08-12,48.6540,48.7943,47.8755,48.6268,4438000,NVO,50.0578,49.1896,49.8028,49.5447,49.8879,49.2733,48.5801,48.6359
2022-08-15,48.1426,48.4911,47.9117,48.2919,2694600,NVO,49.9219,49.0899,49.7515,49.4897,49.8806,49.2509,48.5852,48.6310
2022-08-16,47.6673,48.0792,47.4094,47.9299,3732200,NVO,49.6984,48.9544,49.6927,49.4182,49.8696,49.2195,48.5835,48.6214
2022-08-17,47.4365,48.1426,47.4139,47.8167,3575600,NVO,49.5135,48.8098,49.6318,49.3405,49.8581,49.1842,48.5752,48.6096
2022-08-18,46.5087,47.1695,46.2009,47.1378,3756800,NVO,49.2424,48.5907,49.5187,49.2294,49.8437,49.1313,48.5637,48.5887
2022-08-19,47.3188,47.6357,46.9387,47.2510,3302800,NVO,49.0297,48.4695,49.4211,49.1545,49.8311,49.0954,48.5550,48.5760
2022-08-22,48.6766,49.3465,48.2648,49.1066,4738400,NVO,48.8542,48.4893,49.3789,49.1358,49.8218,49.0871,48.5407,48.5770
2022-08-23,48.2331,48.4503,47.9344,48.2557,3100200,NVO,48.6364,48.4649,49.3398,49.1004,49.7975,49.0702,48.5236,48.5736
2022-08-24,49.7945,49.9530,48.6631,48.7219,5108000,NVO,48.4943,48.5915,49.3671,49.1276,49.7955,49.0845,48.5197,48.5858
2022-08-25,50.4191,50.4236,49.5592,49.7040,3072400,NVO,48.3955,48.7656,49.4200,49.1782,49.7914,49.1109,48.5161,48.6040
2022-08-26,49.1926,50.6047,49.1428,50.4146,2673600,NVO,48.2428,48.8062,49.4465,49.1788,49.7710,49.1126,48.5076,48.6099
2022-08-29,48.6269,49.0478,48.5499,48.8894,2557000,NVO,48.0611,48.7891,49.4675,49.1572,49.7405,49.1029,48.4995,48.6100
2022-08-30,47.9932,48.6585,47.8620,48.5454,7175400,NVO,47.8845,48.7133,49.4768,49.1115,49.6931,49.0810,48.4866,48.6039
2022-08-31,48.0204,48.6133,48.0068,48.4549,13259800,NVO,48.0367,48.6473,49.4658,49.0687,49.6250,49.0600,48.4746,48.5981
2022-09-01,47.3098,47.7352,46.7259,47.5406,3738000,NVO,48.0508,48.5200,49.4456,48.9998,49.5553,49.0253,48.4581,48.5853
2022-09-02,46.2733,47.4048,45.9837,46.9522,6920600,NVO,48.0416,48.3060,49.3948,48.8928,49.4736,48.9708,48.4353,48.5623
2022-09-06,46.8843,47.2464,46.3910,46.7078,1904800,NVO,48.0805,48.1706,49.3231,48.8141,49.4140,48.9295,48.4147,48.5456
2022-09-07,47.4456,47.5361,46.5359,46.6671,1837400,NVO,48.0984,48.1016,49.2556,48.7604,49.3533,48.9001,48.3955,48.5346
2022-09-08,47.8348,47.8665,47.0066,47.1061,2178000,NVO,48.0703,48.0761,49.2372,48.7241,49.2995,48.8790,48.3808,48.5277
2022-09-09,49.1202,49.3103,48.5273,48.7174,3074200,NVO,48.0776,48.1756,49.2286,48.7396,49.2668,48.8838,48.3784,48.5336
2022-09-12,49.4823,49.9122,49.3419,49.3465,2154600,NVO,48.1190,48.3000,49.2150,48.7688,49.2466,48.8956,48.3819,48.5430
2022-09-13,47.9932,49.0161,47.9118,48.9210,1862600,NVO,48.1116,48.2708,49.1697,48.7383,49.2064,48.8778,48.3787,48.5375
2022-09-14,47.5406,48.1969,47.0926,47.8529,2354000,NVO,48.1052,48.2013,49.1190,48.6914,49.1833,48.8513,48.3753,48.5276
2022-09-15,46.7124,47.3370,46.5540,47.1242,2098600,NVO,48.0690,48.0595,49.0585,48.6138,49.1521,48.8089,48.3674,48.5096
2022-09-16,45.9022,46.1421,45.2595,45.8886,2869800,NVO,48.0387,47.8540,48.9867,48.5074,49.0992,48.7514,48.3587,48.4836
2022-09-19,45.8208,45.8479,45.0966,45.4089,2408600,NVO,47.9638,47.6604,48.9215,48.4021,49.0632,48.6933,48.3487,48.4571
2022-09-20,45.0151,45.1328,44.6440,44.7164,2028800,NVO,47.7807,47.4084,48.8355,48.2693,49.0111,48.6205,48.3360,48.4229
2022-09-21,44.9065,45.7891,44.8522,45.6759,2941800,NVO,47.6144,47.1702,48.7538,48.1374,48.9642,48.5470,48.3218,48.3879
2022-09-22,44.4946,44.8794,44.2955,44.7074,2648200,NVO,47.3494,46.9154,48.6523,47.9945,48.8959,48.4667,48.3041,48.3491
2022-09-23,44.3227,44.6169,44.0285,44.2593,3278600,NVO,47.0446,46.6684,48.5533,47.8505,48.8267,48.3847,48.2801,48.3091
2022-09-26,43.1233,43.7705,43.0056,43.2274,3529400,NVO,46.7411,46.3308,48.3873,47.6652,48.7484,48.2805,48.2429,48.2575
2022-09-27,43.4039,43.9017,43.1097,43.6257,3288600,NVO,46.4800,46.0520,48.2382,47.4980,48.6697,48.1839,48.2067,48.2092
2022-09-28,44.9699,45.0785,43.9787,44.0421,2757800,NVO,46.3288,45.9490,48.0949,47.3989,48.6116,48.1203,48.1767,48.1769
2022-09-29,45.4361,45.6759,45.0830,45.4406,3213000,NVO,46.1996,45.9001,47.9809,47.3219,48.5647,48.0671,48.1459,48.1497
2022-09-30,45.0921,45.5854,45.0649,45.3501,2198400,NVO,46.0887,45.8232,47.8441,47.2345,48.5373,48.0082,48.1198,48.1193
2022-10-03,46.4137,46.5766,45.8208,45.9837,2737000,NVO,46.0957,45.8794,47.7410,47.2023,48.5178,47.9766,48.0923,48.1023
2022-10-04,47.6945,47.8077,47.0292,47.1423,2297600,NVO,46.1362,46.0523,47.6511,47.2216,48.5275,47.9710,48.0697,48.0982
2022-10-05,47.9887,48.1697,47.4365,47.6040,1512600,NVO,46.1634,46.2367,47.5591,47.2517,48.5376,47.9714,48.0701,48.0971
2022-10-06,47.8936,48.0294,47.4229,47.4320,2169000,NVO,46.1663,46.3945,47.4642,47.2768,48.5392,47.9698,48.0788,48.0951
2022-10-07,47.0971,47.7036,46.7622,47.5497,2062200,NVO,46.0652,46.4614,47.3583,47.2698,48.5454,47.9526,48.0775,48.0852
2022-10-10,47.0020,47.1423,46.7124,47.1016,1597200,NVO,45.9411,46.5129,47.2534,47.2593,48.5367,47.9337,48.0675,48.0744
2022-10-11,47.2464,47.8031,46.5947,46.8844,2220600,NVO,45.9038,46.5828,47.1531,47.2588,48.5433,47.9201,48.0619,48.0662
2022-10-12,47.0609,47.6130,47.0066,47.3596,1533600,NVO,45.8798,46.6283,47.0638,47.2510,48.5455,47.9031,48.0484,48.0562
2022-10-13,47.4456,47.6719,45.9203,45.9520,1827000,NVO,45.9165,46.7061,47.1132,47.2587,48.5349,47.8941,48.0386,48.0501
2022-10-14,46.9794,47.6266,46.9070,47.4592,1962000,NVO,45.9703,46.7322,47.1122,47.2477,48.5192,47.8759,48.0257,48.0394
2022-10-17,47.9751,48.1290,47.5089,47.5316,1898800,NVO,46.0781,46.8505,47.1426,47.2762,48.5129,47.8779,48.0171,48.0388
2022-10-18,48.2919,48.5454,48.0430,48.5454,1665400,NVO,46.2419,46.9878,47.1863,47.3161,48.5220,47.8861,48.0089,48.0413
2022-10-19,47.3460,48.1245,47.1695,48.1064,1299400,NVO,46.3639,47.0219,47.1915,47.3172,48.5156,47.8754,48.0031,48.0344
2022-10-20,47.0971,47.7805,46.9432,47.1785,1976400,NVO,46.4940,47.0291,47.1655,47.3086,48.5015,47.8600,48.0019,48.0251
2022-10-21,47.1695,47.4320,45.6623,45.9520,3712000,NVO,46.6363,47.0425,47.1294,47.3032,48.4762,47.8463,48.0092,48.0165
2022-10-24,48.2195,48.6042,47.6130,47.7352,3527800,NVO,46.8911,47.1546,47.1207,47.3391,48.4618,47.8537,48.0209,48.0186
2022-10-25,48.9572,48.9889,48.4458,48.8169,2881600,NVO,47.1688,47.3262,47.1370,47.4025,48.4442,47.8756,48.0395,48.0279
2022-10-26,48.7943,49.4596,48.6947,48.8848,4622800,NVO,47.3600,47.4661,47.1595,47.4571,48.4261,47.8938,48.0565,48.0355
2022-10-27,48.2512,49.0251,48.2512,48.7490,2208400,NVO,47.5008,47.5408,47.1758,47.4883,48.4038,47.9008,48.0721,48.0377
2022-10-28,49.3148,49.3691,48.7581,48.9482,2778800,NVO,47.7119,47.7098,47.2319,47.5599,48.3753,47.9288,48.0940,48.0504
2022-10-31,49.2605,49.4189,48.8984,48.9029,2969200,NVO,47.8543,47.8575,47.2708,47.6266,48.3459,47.9552,48.1184,48.0624
2022-11-01,48.1697,49.3872,47.9480,49.0749,2655600,NVO,47.8780,47.8872,47.2606,47.6479,48.3198,47.9595,48.1445,48.0635
2022-11-02,51.2474,52.6097,50.4101,50.5006,4391400,NVO,48.0410,48.2072,47.3209,47.7890,48.3304,48.0246,48.1858,48.0952
2022-11-03,51.5370,51.9625,50.4327,50.5232,4578800,NVO,48.2231,48.5243,47.3558,47.9360,48.3615,48.0941,48.2266,48.1294
2022-11-04,50.8763,51.4646,50.1611,51.4058,3034600,NVO,48.4121,48.7483,47.3649,48.0513,48.3925,48.1492,48.2682,48.1568
2022-11-07,52.0711,52.2748,51.1885,51.3379,2465000,NVO,48.6655,49.0648,47.4225,48.2090,48.4345,48.2269,48.3159,48.1957
2022-11-08,51.9806,52.4105,51.6230,51.8086,4111400,NVO,48.9023,49.3425,47.4896,48.3569,48.4785,48.3012,48.3631,48.2334
2022-11-09,51.6728,52.3110,51.4420,51.8448,2372600,NVO,49.1328,49.5644,47.5632,48.4869,48.5200,48.3680,48.4093,48.2676
2022-11-10,52.2929,52.8179,51.7090,52.7274,2568600,NVO,49.3752,49.8243,47.6486,48.6362,48.5572,48.4457,48.4632,48.3076
2022-11-11,50.4508,51.0482,49.6497,51.0301,3202400,NVO,49.5488,49.8839,47.7114,48.7073,48.5785,48.4854,48.5027,48.3290
2022-11-14,51.7905,52.3200,51.4691,52.0304,2807000,NVO,49.7396,50.0655,47.8218,48.8282,48.6083,48.5508,48.5459,48.3634
2022-11-15,51.4329,51.6773,50.6454,51.4827,2861800,NVO,49.8966,50.1957,47.9127,48.9304,48.6179,48.6079,48.5804,48.3940
2022-11-16,51.3107,51.6819,50.9441,51.2791,1804400,NVO,50.0948,50.3019,47.9900,49.0237,48.6228,48.6614,48.6082,48.4230
2022-11-17,51.1025,51.1931,50.6726,50.7043,1603800,NVO,50.2951,50.3782,48.0554,49.1052,48.6463,48.7098,48.6261,48.4496
2022-11-18,51.3424,51.5370,50.7540,50.7586,2007200,NVO,50.5038,50.4700,48.0998,49.1930,48.6642,48.7619,48.6495,48.4784
2022-11-21,51.3288,51.6366,51.1116,51.2429,2056000,NVO,50.6592,50.5518,48.1368,49.2767,48.6759,48.8127,48.6840,48.5068
2022-11-22,52.2205,52.2702,51.4782,51.4782,1428600,NVO,50.8224,50.7107,48.2213,49.3922,48.6955,48.8802,48.7182,48.5437
2022-11-23,53.3293,53.3519,52.7771,53.0804,2094800,NVO,51.0491,50.9601,48.3371,49.5466,48.7280,48.9683,48.7585,48.5914
2022-11-25,53.7638,53.8996,53.4922,53.5782,1021000,NVO,51.3248,51.2271,48.4781,49.7120,48.7683,49.0633,48.7911,48.6428
2022-11-28,54.8681,55.1623,54.1033,54.3114,3711000,NVO,51.6024,51.5739,48.6574,49.9142,48.8221,49.1782,48.8335,48.7048
2022-11-29,54.9225,55.4475,54.8274,54.8500,4888000,NVO,51.8855,51.8928,48.8395,50.1106,48.8805,49.2920,48.8876,48.7666
2022-11-30,56.3934,56.3934,55.3615,56.0766,2583800,NVO,52.2967,52.3214,49.0670,50.3569,48.9513,49.4326,48.9508,48.8425
2022-12-01,57.0858,57.2126,56.6468,57.0994,1976400,NVO,52.5886,52.7752,49.3106,50.6208,49.0322,49.5841,49.0102,48.9245
2022-12-02,57.4344,57.5158,56.7419,56.7690,1674600,NVO,52.8835,53.2189,49.5694,50.8880,49.1109,49.7396,49.0674,49.0092
2022-12-05,57.5158,57.8372,57.3076,57.5611,1989000,NVO,53.2155,53.6281,49.8333,51.1479,49.1933,49.8936,49.1265,49.0939
2022-12-06,56.9320,57.2895,56.5156,57.0270,2450000,NVO,53.4585,53.9428,50.1095,51.3748,49.2484,50.0329,49.1865,49.1719
2022-12-07,56.6830,57.2895,56.4930,56.9546,1800200,NVO,53.6937,54.2038,50.3750,51.5829,49.3066,50.1646,49.2486,49.2466
2022-12-08,57.8372,57.9005,57.1628,57.2533,1790000,NVO,54.0019,54.5498,50.6324,51.8282,49.3636,50.3166,49.3200,49.3321
2022-12-09,58.3441,59.2221,58.3350,58.9777,3686000,NVO,54.3044,54.9112,50.8905,52.0837,49.4357,50.4755,49.3912,49.4217
2022-12-12,58.7514,58.8102,58.3441,58.6292,1927000,NVO,54.7195,55.2769,51.1637,52.3452,49.5039,50.6394,49.4558,49.5146
2022-12-13,60.1228,60.4034,59.7335,59.8240,3082200,NVO,55.1361,55.7384,51.4379,52.6502,49.5894,50.8272,49.5269,49.6201
2022-12-14,60.9737,61.1864,60.1092,60.4984,4122400,NVO,55.6131,56.2370,51.7035,52.9766,49.6773,51.0281,49.6008,49.7331
2022-12-15,60.5030,60.8650,59.9915,60.8560,3221600,NVO,56.0727,56.6433,51.9538,53.2718,49.7564,51.2157,49.6700,49.8403
2022-12-16,60.2766,60.4939,59.6973,59.8422,4170400,NVO,56.5314,56.9893,52.2014,53.5465,49.8328,51.3952,49.7389,49.9441
2022-12-19,59.1135,59.3172,58.7424,59.1769,3688200,NVO,56.9200,57.1916,52.4418,53.7648,49.9000,51.5480,49.8024,50.0353
2022-12-20,59.8286,60.0051,59.3805,59.6883,2851600,NVO,57.3450,57.4428,52.6983,54.0026,49.9758,51.7120,49.8767,50.1328
2022-12-21,59.9644,60.1907,59.5299,59.7381,3527200,NVO,57.7322,57.6829,52.9527,54.2364,50.0529,51.8754,49.9484,50.2306
2022-12-22,60.4758,60.4803,59.8331,60.0051,2557400,NVO,58.0895,57.9489,53.2210,54.4811,50.1424,52.0457,50.0166,50.3326
2022-12-23,60.6478,60.6478,60.1590,60.4486,2450600,NVO,58.4337,58.2059,53.4850,54.7229,50.2991,52.2160,50.0869,50.4352
2022-12-27,60.3083,60.6433,60.1499,60.5980,2297400,NVO,58.7057,58.4062,53.7516,54.9419,50.4319,52.3763,50.1627,50.5334
2022-12-28,60.4441,60.7021,60.0956,60.1726,2210000,NVO,58.9818,58.6003,54.0010,55.1577,50.5718,52.5360,50.2381,50.6320
2022-12-29,61.1909,61.2769,60.6795,60.8017,2666800,NVO,59.2217,58.8470,54.2589,55.3943,50.7226,52.7074,50.3156,50.7371
2022-12-30,61.2543,61.4896,60.6930,61.2226,1968600,NVO,59.4301,59.0762,54.5371,55.6241,50.8643,52.8767,50.3851,50.8418
2023-01-03,61.9875,62.6483,61.6118,62.1278,3541400,NVO,59.6577,59.3535,54.8349,55.8736,51.0002,53.0571,50.4501,50.9527
2023-01-04,61.9015,62.7614,61.5801,62.7569,2777400,NVO,59.8770,59.5962,55.1296,56.1100,51.1295,53.2322,50.5111,51.0616
2023-01-05,61.6661,62.0735,61.2724,61.3493,3049400,NVO,60.1137,59.7933,55.3985,56.3279,51.2596,53.3992,50.5738,51.1671
2023-01-06,62.7478,62.9334,61.7838,62.0101,2308000,NVO,60.4170,60.0747,55.6743,56.5797,51.4056,53.5843,50.6431,51.2824
2023-01-09,62.1097,62.9334,61.9829,62.7931,2418800,NVO,60.6306,60.2685,55.9406,56.7965,51.5501,53.7532,50.7098,51.3901
2023-01-10,60.4939,61.0913,60.2133,60.6251,2906800,NVO,60.7381,60.2900,56.1855,56.9415,51.6806,53.8866,50.7694,51.4807
2023-01-11,60.0051,60.0232,59.1633,59.2855,3378000,NVO,60.8008,60.2628,56.3993,57.0617,51.8156,54.0078,50.8296,51.5655
2023-01-12,60.4758,60.4984,58.8827,59.4439,2387200,NVO,60.8184,60.2831,56.6236,57.1956,51.9472,54.1359,50.8891,51.6542
2023-01-13,61.6978,61.9331,61.2950,61.3900,2179400,NVO,60.8546,60.4178,56.8941,57.3721,52.0774,54.2856,50.9496,51.7541
2023-01-17,62.9017,63.3588,62.5170,63.1959,3541000,NVO,60.9746,60.6544,57.1272,57.5890,52.2241,54.4562,51.0108,51.8650
2023-01-18,63.2547,63.7933,63.2231,63.2593,4857800,NVO,61.1235,60.9021,57.3616,57.8111,52.3587,54.6305,51.0771,51.9783
2023-01-19,63.6621,63.7481,62.8610,63.3362,3523000,NVO,61.3509,61.1649,57.6173,58.0406,52.4911,54.8093,51.1413,52.0946
2023-01-20,63.8612,63.8657,63.2547,63.5127,2698600,NVO,61.5525,61.4217,57.8531,58.2689,52.6378,54.9885,51.2044,52.2117
2023-01-23,63.8522,64.0423,63.6168,63.9427,2606600,NVO,61.7469,61.6532,58.0905,58.4878,52.7900,55.1641,51.2653,52.3275
2023-01-24,63.3181,65.5267,62.9651,65.5267,3892200,NVO,61.8890,61.8117,58.3234,58.6772,52.9433,55.3255,51.3182,52.4369
2023-01-25,62.8610,63.1506,62.0463,62.0689,3220000,NVO,61.9997,61.9117,58.5348,58.8413,53.0917,55.4747,51.3583,52.5406
2023-01-26,62.2500,62.8293,61.6797,62.7207,2598400,NVO,62.0968,61.9439,58.7708,58.9750,53.2411,55.6089,51.3982,52.6372
2023-01-27,62.4989,62.8248,62.2635,62.4355,2217400,NVO,62.1995,61.9967,58.9849,59.1132,53.4034,55.7453,51.4385,52.7353
2023-01-30,62.9379,63.7119,62.8338,63.6802,2889200,NVO,62.2869,62.0864,59.2150,59.2632,53.5639,55.8878,51.4889,52.8368
2023-01-31,62.8112,62.8700,61.7295,62.3179,3040800,NVO,62.3647,62.1554,59.4451,59.4023,53.7175,56.0249,51.5354,52.9361
2023-02-01,62.9470,63.4403,62.0825,63.2728,4587000,NVO,62.4127,62.2308,59.6819,59.5413,53.8687,56.1619,51.5841,53.0357
2023-02-02,59.8965,61.1230,59.3669,61.0687,8126000,NVO,62.3124,62.0085,59.8530,59.5552,53.9764,56.2359,51.6216,53.1040
2023-02-03,61.9105,62.2002,61.2180,61.4398,3559000,NVO,62.3246,61.9991,60.0647,59.6476,54.1007,56.3483,51.6737,53.1916
2023-02-06,62.4898,62.8338,61.9875,62.2862,3365400,NVO,62.3117,62.0459,60.2700,59.7591,54.2457,56.4699,51.7261,53.2841
2023-02-07,63.1778,63.2411,62.5215,62.6075,2132000,NVO,62.3652,62.1537,60.4670,59.8931,54.4021,56.6027,51.7927,53.3826
2023-02-08,63.1733,63.7707,62.8157,63.7118,2460200,NVO,62.4991,62.2508,60.6552,60.0218,54.5667,56.7328,51.8594,53.4800
2023-02-09,63.1506,63.4358,62.8655,63.1823,2564600,NVO,62.6564,62.3365,60.8209,60.1445,54.7391,56.8599,51.9192,53.5762
2023-02-10,63.1552,63.3588,62.6211,62.8564,2482800,NVO,62.7904,62.4145,60.9855,60.2625,54.9125,56.9846,51.9878,53.6715
2023-02-13,64.7166,64.9339,63.6440,63.6711,3212600,NVO,62.9413,62.6337,61.1520,60.4372,55.1095,57.1377,52.0603,53.7814
2023-02-14,64.6985,64.9837,64.3817,64.6306,1768200,NVO,63.0311,62.8304,61.3042,60.6043,55.3074,57.2874,52.1358,53.8900
2023-02-15,63.7979,64.2550,63.6802,63.8386,1721600,NVO,63.0583,62.9225,61.4315,60.7295,55.5005,57.4163,52.1982,53.9886
2023-02-16,62.7705,63.4131,62.6664,63.2230,1765200,NVO,63.0137,62.9080,61.5366,60.8096,55.6849,57.5223,52.2558,54.0760
2023-02-17,64.1011,64.3364,63.2547,63.3950,2378800,NVO,63.0257,63.0216,61.6800,60.9387,55.8947,57.6526,52.3216,54.1758
2023-02-21,64.5446,64.9474,64.1690,64.4541,1729600,NVO,63.0603,63.1667,61.8372,61.0801,56.1061,57.7891,52.3879,54.2789
2023-02-22,64.3817,64.8117,64.3138,64.5310,1382000,NVO,63.1135,63.2824,61.9681,61.2095,56.3002,57.9196,52.4559,54.3795
2023-02-23,64.6713,65.0923,64.1825,64.7845,1611000,NVO,63.2040,63.4147,62.0946,61.3453,56.4926,58.0533,52.5287,54.4819
2023-02-24,64.0875,64.1644,63.6440,64.0241,1707800,NVO,63.2959,63.4788,62.2014,61.4528,56.6825,58.1728,52.6099,54.5774
2023-02-27,64.8841,65.1330,64.6306,64.8343,1682400,NVO,63.4152,63.6126,62.2966,61.5874,56.8673,58.3057,52.6925,54.6800
2023-02-28,63.8114,64.7076,63.6575,64.7076,2326400,NVO,63.4588,63.6315,62.3533,61.6746,57.0284,58.4147,52.7779,54.7709
2023-03-01,64.6578,65.1013,64.3636,64.5446,2567600,NVO,63.5512,63.7293,62.4364,61.7916,57.1951,58.5384,52.8664,54.8692
2023-03-02,64.9927,65.1330,64.1735,64.3138,1622600,NVO,63.6535,63.8496,62.5308,61.9171,57.3661,58.6662,52.9526,54.9700
2023-03-03,65.5811,65.6580,64.8433,64.9203,2011200,NVO,63.9377,64.0145,62.6601,62.0608,57.5509,58.8031,53.0482,55.0756
2023-03-06,65.5177,66.0518,65.1330,65.9115,2333400,NVO,64.1181,64.1577,62.7739,62.1964,57.7361,58.9361,53.1364,55.1795
2023-03-07,65.1375,65.8979,65.0515,65.7802,2189600,NVO,64.2504,64.2510,62.8774,62.3117,57.9150,59.0589,53.2291,55.2785
2023-03-08,64.0241,64.1644,63.3814,63.8476,8839400,NVO,64.2928,64.2294,62.9483,62.3789,58.0846,59.1572,53.3151,55.3656
2023-03-09,64.2821,65.0380,64.1599,64.5084,2522600,NVO,64.3482,64.2344,63.0210,62.4535,58.2530,59.2587,53.3939,55.4543
2023-03-10,63.9472,65.2326,63.8114,64.7438,2718200,NVO,64.3880,64.2070,63.0938,62.5121,58.4227,59.3515,53.4709,55.5388
2023-03-13,63.6078,64.8524,63.5534,63.9336,2504400,NVO,64.4107,64.1500,63.1571,62.5551,58.5790,59.4358,53.5459,55.6191
2023-03-14,64.6985,64.7528,63.8431,64.3364,2400400,NVO,64.4098,64.2022,63.2272,62.6391,58.7431,59.5400,53.6325,55.7094
2023-03-15,63.8069,64.1147,63.2547,63.5218,3189600,NVO,64.3652,64.1646,63.2783,62.6849,58.9077,59.6245,53.7116,55.7900
2023-03-16,62.8610,62.9289,61.2452,62.9108,5974000,NVO,64.3183,64.0404,63.2957,62.6918,59.0653,59.6886,53.7834,55.8603
2023-03-17,63.1099,63.4901,62.9560,63.2457,3454400,NVO,64.3353,63.9518,63.3199,62.7082,59.2247,59.7563,53.8505,55.9325
2023-03-20,64.9882,65.0696,64.1735,64.3319,2484800,NVO,64.3797,64.0505,63.3863,62.7976,59.3924,59.8599,53.9271,56.0226
2023-03-21,66.6628,66.7261,65.5268,65.6987,2744600,NVO,64.4856,64.2993,63.4646,62.9492,59.5695,59.9946,54.0068,56.1285
2023-03-22,66.3912,67.1290,66.3641,66.6582,2098000,NVO,64.5860,64.4985,63.5503,63.0842,59.7454,60.1213,54.0858,56.2306
2023-03-23,67.6992,68.5682,67.5046,67.7581,2573200,NVO,64.7374,64.8033,63.6944,63.2652,59.9399,60.2714,54.1719,56.3447
2023-03-24,69.6879,70.0939,68.0501,68.4196,3204600,NVO,65.0175,65.2685,63.8880,63.5170,60.1437,60.4578,54.2595,56.4775
2023-03-27,70.5775,70.9151,69.8476,70.0483,2329000,NVO,65.3021,65.7742,64.0901,63.7939,60.3568,60.6582,54.3514,56.6178
2023-03-28,70.8604,71.1067,70.5000,71.0155,1832600,NVO,65.6546,66.2586,64.2733,64.0710,60.5837,60.8602,54.4518,56.7595
2023-03-29,71.4352,71.7135,71.1432,71.2801,1644800,NVO,65.9934,66.7516,64.4440,64.3598,60.7856,61.0696,54.5580,56.9055
2023-03-30,72.1241,72.1332,71.6542,71.7318,2066400,NVO,66.3500,67.2632,64.6214,64.6643,60.9915,61.2885,54.6765,57.0569
2023-03-31,72.6031,72.8769,72.1059,72.3385,2285600,NVO,66.7011,67.7718,64.8002,64.9756,61.2087,61.5126,54.8006,57.2116
2023-04-03,72.8130,72.8358,71.9234,72.2427,2086400,NVO,67.0659,68.2519,64.9792,65.2830,61.4162,61.7364,54.9253,57.3669
2023-04-04,72.3477,73.0411,72.0146,72.4982,3156000,NVO,67.4264,68.6420,65.1491,65.5600,61.6198,61.9465,55.0492,57.5159
2023-04-05,72.0374,72.5667,71.3075,72.3796,2676400,NVO,67.8271,68.9654,65.3235,65.8140,61.8235,62.1463,55.1717,57.6604
2023-04-06,72.7035,73.4107,72.6305,72.7218,2050200,NVO,68.2481,69.3214,65.5204,66.0842,62.0276,62.3554,55.2924,57.8101
2023-04-10,72.4982,72.8404,71.9964,72.8130,1477200,NVO,68.6757,69.6239,65.7254,66.3357,62.2481,62.5562,55.4133,57.9563
2023-04-11,72.2519,72.5393,71.6040,71.9234,1931400,NVO,69.1079,69.8742,65.9204,66.5677,62.4527,62.7482,55.5305,58.0985
2023-04-12,74.6014,75.2447,73.4973,73.5703,3520800,NVO,69.6030,70.3244,66.1537,66.8828,62.6844,62.9829,55.6511,58.2627
2023-04-13,76.4810,76.4856,75.0166,75.9564,7045200,NVO,70.2367,70.9108,66.4271,67.2592,62.9361,63.2502,55.7794,58.4440
2023-04-14,76.9190,77.5030,76.5495,76.9692,3314000,NVO,70.9396,71.4830,66.7065,67.6380,63.1942,63.5209,55.9203,58.6278
2023-04-17,78.0459,78.3333,77.5896,78.0367,3189200,NVO,71.6864,72.1080,67.0695,68.0462,63.4613,63.8085,56.0627,58.8210
2023-04-18,77.4573,78.0824,77.2475,77.5303,3221200,NVO,72.3099,72.6175,67.3804,68.4152,63.7225,64.0788,56.1992,59.0065
2023-04-19,75.2903,75.6918,74.6972,74.7383,3980200,NVO,72.7413,72.8720,67.6365,68.6848,63.9532,64.3008,56.3244,59.1685
2023-04-20,75.4454,75.8150,74.9983,75.5412,2386800,NVO,73.1940,73.1171,67.8818,68.9500,64.1744,64.5215,56.4512,59.3304
2023-04-21,78.7667,78.9127,76.9509,76.9829,3453400,NVO,73.7474,73.6552,68.1937,69.3349,64.4244,64.8036,56.5964,59.5238
2023-04-24,77.7767,78.2056,77.4345,77.9638,2376400,NVO,74.1518,74.0477,68.4862,69.6660,64.6535,65.0605,56.7378,59.7055
2023-04-25,76.9099,77.9546,76.7365,77.8041,2234600,NVO,74.4684,74.3203,68.7613,69.9501,64.8734,65.2951,56.8769,59.8767
2023-04-26,75.2720,75.6279,74.5786,75.5777,2242800,NVO,74.6890,74.4109,68.9724,70.1588,65.0622,65.4927,57.0067,60.0298
2023-04-27,75.7420,75.8423,75.0257,75.5640,2307600,NVO,74.9043,74.5377,69.1933,70.3777,65.2487,65.6956,57.1405,60.1862
2023-04-28,76.2301,76.6863,75.5367,75.9108,2238400,NVO,75.1096,74.6989,69.4419,70.6072,65.4367,65.9042,57.2738,60.3458
2023-05-01,76.3807,76.4126,75.6370,76.0567,2014200,NVO,75.2985,74.8590,69.7141,70.8336,65.6254,66.1117,57.4093,60.5054
2023-05-02,76.2803,76.3533,75.6233,75.6690,2233800,NVO,75.4719,74.9944,69.9577,71.0472,65.8188,66.3130,57.5336,60.6623
2023-05-03,76.5404,76.9920,75.6097,76.0796,3333800,NVO,75.6815,75.1416,70.1976,71.2626,66.0174,66.5156,57.6620,60.8203
2023-05-04,73.1917,74.0129,72.3157,73.6981,5459000,NVO,75.7392,74.9559,70.3738,71.3383,66.1710,66.6478,57.7673,60.9434
2023-05-05,74.4737,74.7063,73.3924,74.0038,2568200,NVO,75.8277,74.9100,70.5699,71.4612,66.3322,66.8027,57.8840,61.0781
2023-05-08,76.8460,77.4437,76.5267,77.1699,3668600,NVO,76.0451,75.0944,70.8250,71.6724,66.5132,67.0016,58.0086,61.2349
2023-05-09,76.8871,77.2794,75.6918,75.6918,3160200,NVO,76.2769,75.2651,71.0651,71.8769,66.6808,67.1974,58.1351,61.3907
2023-05-10,77.2885,77.4528,76.1754,76.2666,2451600,NVO,76.4112,75.4578,71.3346,72.0891,66.8440,67.3972,58.2606,61.5489
2023-05-11,77.0969,77.6261,76.7639,77.4345,2044800,NVO,76.4420,75.6139,71.5834,72.2855,67.0099,67.5893,58.3832,61.7036
2023-05-12,78.1371,78.6207,77.6718,77.6718,2185600,NVO,76.5029,75.8542,71.8463,72.5150,67.1885,67.7981,58.5107,61.8671
2023-05-15,77.2977,77.7722,77.0285,77.5897,1525400,NVO,76.4655,75.9917,72.0806,72.7025,67.3704,67.9862,58.6352,62.0206
2023-05-16,76.4902,76.9646,75.9883,76.1526,1982800,NVO,76.4172,76.0392,72.3001,72.8511,67.5370,68.1546,58.7564,62.1646
2023-05-17,76.2347,76.8825,75.9837,76.8643,1538000,NVO,76.4644,76.0578,72.5220,72.9838,67.6997,68.3146,58.8763,62.3046
2023-05-18,76.8962,76.9601,76.2575,76.5677,1400000,NVO,76.5369,76.1376,72.7795,73.1372,67.8639,68.4846,59.0031,62.4498
2023-05-19,77.8041,78.3105,77.2475,77.5532,2729200,NVO,76.4888,76.2963,73.0499,73.3202,68.0355,68.6691,59.1673,62.6026
2023-05-22,77.7950,78.4473,76.4263,77.7767,6278600,NVO,76.4897,76.4391,73.3269,73.4957,68.2103,68.8498,59.3211,62.7538
2023-05-23,74.5831,76.7593,73.9581,76.7137,4778800,NVO,76.3734,76.2623,73.5464,73.5383,68.3517,68.9633,59.4617,62.8715
2023-05-24,73.8076,74.3277,73.6661,74.1406,3533400,NVO,76.3001,76.0285,73.7286,73.5489,68.4779,69.0593,59.6003,62.9803
2023-05-25,74.1087,74.2501,73.4289,74.1087,3114600,NVO,76.2185,75.8457,73.9346,73.5708,68.6064,69.1593,59.7354,63.0910
2023-05-26,74.3505,75.1306,74.2501,74.6561,1926200,NVO,76.1245,75.7033,74.1644,73.6014,68.7301,69.2621,59.8651,63.2030
2023-05-30,72.9088,73.8304,72.7354,73.8167,2514000,NVO,75.9509,75.4371,74.3604,73.5743,68.8401,69.3343,59.9848,63.2996
2023-05-31,73.2054,73.5019,72.6579,72.9590,1683600,NVO,75.7972,75.2246,74.5247,73.5598,68.9555,69.4109,60.1076,63.3982
2023-06-01,72.0739,72.5849,71.6861,71.9279,2829000,NVO,75.5738,74.9245,74.6329,73.5015,69.0488,69.4637,60.2272,63.4845
2023-06-02,71.6907,71.9006,70.4178,70.7509,3199400,NVO,75.4988,74.6165,74.7389,73.4305,69.1446,69.5078,60.3473,63.5662
2023-06-05,72.0146,72.3979,71.7181,72.3340,1934000,NVO,75.3758,74.3687,74.8252,73.3750,69.2598,69.5574,60.4702,63.6502
2023-06-06,73.3422,73.9262,73.0411,73.7437,3250400,NVO,75.2006,74.2710,74.8983,73.3737,69.3932,69.6323,60.6044,63.7467
2023-06-07,71.8686,72.7309,71.4717,72.5803,2429200,NVO,74.9497,74.0422,74.9241,73.3147,69.5071,69.6766,60.7271,63.8275
2023-06-08,72.7446,72.9316,71.9279,72.1332,1909000,NVO,74.7225,73.9186,74.9618,73.2923,69.6176,69.7374,60.8475,63.9162
2023-06-09,72.1059,72.1925,71.6177,71.8732,2360400,NVO,74.4730,73.7460,74.9752,73.2458,69.7096,69.7843,60.9668,63.9977
2023-06-12,72.4252,73.2419,71.0201,73.0776,3825000,NVO,74.1874,73.6202,74.9812,73.2136,69.8013,69.8366,61.0800,64.0816
2023-06-13,71.9142,73.0137,71.7637,72.6031,1836200,NVO,73.9182,73.4577,74.9675,73.1627,69.8838,69.8777,61.1875,64.1595
2023-06-14,72.5712,72.8632,72.1925,72.3248,1985000,NVO,73.7223,73.3733,74.9626,73.1395,69.9709,69.9311,61.3044,64.2432
2023-06-15,74.1497,74.2957,73.0229,73.2191,2221200,NVO,73.6180,73.4472,74.9987,73.1791,70.0739,70.0146,61.4320,64.3418
2023-06-16,73.5840,74.2273,73.5521,74.1543,2103400,NVO,73.4524,73.4603,75.0296,73.1950,70.1766,70.0853,61.5599,64.4337
2023-06-20,73.7574,74.2273,72.7355,72.8449,3804400,NVO,73.2501,73.4886,75.0507,73.2170,70.2855,70.1580,61.6886,64.5265
2023-06-21,73.2419,74.0174,72.9134,73.6525,3826800,NVO,73.0224,73.4651,75.0656,73.2180,70.3955,70.2191,61.8183,64.6132
2023-06-22,73.0046,73.5612,72.8814,72.9088,1804800,NVO,72.9435,73.4212,75.0806,73.2096,70.5005,70.2742,61.9519,64.6967
2023-06-23,72.5712,72.9043,72.1652,72.3020,1433400,NVO,72.8817,73.3403,75.0400,73.1846,70.5968,70.3197,62.0804,64.7751
2023-06-26,71.7272,72.9636,71.6177,72.7537,2410400,NVO,72.7626,73.1866,74.9449,73.1274,70.6860,70.3476,62.2018,64.8442
2023-06-27,71.1615,71.3531,70.4635,70.9653,2751000,NVO,72.6031,72.9938,74.8298,73.0503,70.7681,70.3637,62.3184,64.9071
2023-06-28,71.5310,72.2108,71.0064,72.2108,2303400,NVO,72.5343,72.8545,74.6995,72.9908,70.8845,70.3868,62.4305,64.9730
2023-06-29,71.6405,71.6725,70.5410,70.6779,2319600,NVO,72.4560,72.7388,74.5831,72.9378,70.9818,70.4116,62.5413,65.0394
2023-06-30,73.8304,73.9444,73.2282,73.2373,2179800,NVO,72.5438,72.8428,74.5540,72.9728,71.0952,70.4793,62.6704,65.1268
2023-07-03,72.7354,73.0548,72.1697,73.0548,1679000,NVO,72.5961,72.8326,74.4998,72.9635,71.1908,70.5240,62.7964,65.2025
2023-07-05,72.9955,73.1962,72.5621,72.6579,1944000,NVO,72.6451,72.8481,74.3843,72.9648,71.2890,70.5729,62.9278,65.2801
2023-07-06,72.2290,72.4663,71.5995,72.1561,2552400,NVO,72.5895,72.7891,74.2734,72.9359,71.3798,70.6057,63.0595,65.3492
2023-07-07,71.6177,72.3340,71.5949,72.1697,2180000,NVO,72.5769,72.6776,74.1675,72.8842,71.4644,70.6258,63.1885,65.4116
2023-07-10,71.6588,71.8093,71.2299,71.3394,1533000,NVO,72.5226,72.5805,74.0953,72.8362,71.5338,70.6462,63.3217,65.4738
2023-07-11,69.4598,70.3312,68.9442,70.1213,4445600,NVO,72.3903,72.2833,73.9696,72.7037,71.5814,70.6227,63.4444,65.5134
2023-07-12,70.6003,70.9106,69.3138,69.4233,3407600,NVO,72.2991,72.1230,73.8570,72.6213,71.6495,70.6223,63.5750,65.5640
2023-07-13,71.5721,71.8093,71.1752,71.8002,2361400,NVO,72.2820,72.0706,73.7609,72.5801,71.7375,70.6411,63.7112,65.6238
2023-07-14,73.0594,73.3742,72.1743,73.0411,2348800,NVO,72.3064,72.1647,73.6964,72.5989,71.8271,70.6890,63.8609,65.6978
2023-07-17,73.4289,73.8395,73.2510,73.7255,2234000,NVO,72.2703,72.2851,73.6342,72.6315,71.9159,70.7432,64.0110,65.7747
2023-07-18,73.1096,73.3696,72.7354,73.0776,1745800,NVO,72.2466,72.3637,73.6326,72.6502,72.0032,70.7901,64.1517,65.8477
2023-07-19,73.1004,73.4380,72.7856,73.1688,1408000,NVO,72.2138,72.4338,73.6051,72.6679,72.0875,70.8359,64.2900,65.9199
2023-07-20,75.0394,75.9792,74.6698,74.6698,3570800,NVO,72.3036,72.6820,73.5690,72.7609,72.1970,70.9191,64.4398,66.0106
2023-07-21,75.5777,75.8013,74.8797,74.9208,2419200,NVO,72.4323,72.9578,73.5428,72.8713,72.3039,71.0113,64.5856,66.1058
2023-07-24,73.9399,74.7930,73.9353,74.7154,2218000,NVO,72.5007,73.0513,73.4758,72.9132,72.4052,71.0693,64.7168,66.1838
2023-07-25,74.0494,74.3550,73.2145,73.2601,2374600,NVO,72.6168,73.1463,73.4149,72.9578,72.4991,71.1283,64.8471,66.2620
2023-07-26,72.2108,72.6031,71.5128,72.5895,3059000,NVO,72.6693,73.0572,73.2963,72.9285,72.5713,71.1498,64.9687,66.3212
2023-07-27,71.4717,72.4252,71.4580,72.3385,2280400,NVO,72.6663,72.9062,73.1798,72.8714,72.6302,71.1561,65.0906,66.3725
2023-07-28,72.0009,72.1287,71.1296,71.4626,2193200,NVO,72.6844,72.8200,73.0900,72.8372,72.6951,71.1729,65.2156,66.4285
2023-07-31,73.4973,73.7756,72.9407,73.3468,2164600,NVO,72.6677,72.8845,73.0353,72.8631,72.7787,71.2189,65.3468,66.4988
2023-08-01,73.7848,73.9399,73.3468,73.6205,2860800,NVO,72.7202,72.9703,72.9730,72.8993,72.8763,71.2697,65.4805,66.5713
2023-08-02,72.2382,73.2099,72.1469,72.8039,1672200,NVO,72.6823,72.9005,72.8617,72.8733,72.9558,71.2889,65.6044,66.6277
2023-08-03,71.8686,72.3568,71.4444,71.7455,1604000,NVO,72.6643,72.8023,72.7432,72.8339,73.0350,71.3004,65.7289,66.6798
2023-08-04,71.4443,72.1424,71.3485,71.6451,3036800,NVO,72.6556,72.6729,72.6804,72.7794,73.1134,71.3032,65.8462,66.7272
2023-08-07,73.6160,73.8578,72.6761,73.0822,2471800,NVO,72.7535,72.7627,72.6766,72.8122,73.2026,71.3490,65.9728,66.7958
2023-08-08,86.3035,87.6767,83.7532,84.9120,17822600,NVO,73.5957,74.0523,72.9205,73.3413,73.4275,71.6451,66.1676,66.9899
2023-08-09,85.5827,86.8875,84.3554,84.4695,7448000,NVO,74.3448,75.1505,73.1451,73.8214,73.6548,71.9211,66.3600,67.1749
2023-08-10,83.0734,85.1812,82.9229,84.3463,6515800,NVO,74.9198,75.9050,73.3484,74.1842,73.8544,72.1420,66.5396,67.3331
2023-08-11,82.8499,83.7851,82.2066,83.2468,4238800,NVO,75.4094,76.5664,73.5413,74.5240,74.0330,72.3540,66.7127,67.4875
2023-08-14,81.8644,83.3335,81.7595,82.6993,4647800,NVO,75.8311,77.0710,73.7371,74.8119,74.1850,72.5423,66.8772,67.6305
2023-08-15,84.4512,84.7843,82.9046,84.1684,4827000,NVO,76.3982,77.7739,73.9923,75.1899,74.3656,72.7782,67.0555,67.7979
2023-08-16,84.2414,85.3363,84.0954,84.1957,3158200,NVO,76.9553,78.3898,74.2369,75.5449,74.5310,73.0052,67.2355,67.9615
2023-08-17,84.2733,85.4230,84.0497,84.7569,3705800,NVO,77.4170,78.9502,74.4555,75.8871,74.6769,73.2283,67.4103,68.1238
2023-08-18,83.9497,84.2293,83.1795,83.7663,2722200,NVO,77.8356,79.4263,74.6971,76.2033,74.8106,73.4406,67.5837,68.2813
2023-08-21,85.2057,85.4349,84.3806,84.9673,2090000,NVO,78.3989,79.9767,74.9463,76.5564,74.9541,73.6736,67.7689,68.4497
2023-08-22,84.8115,85.1599,84.2843,84.5502,2425200,NVO,78.9370,80.4372,75.2005,76.8801,75.0878,73.8941,67.9367,68.6125
2023-08-23,87.1173,87.6445,85.8750,85.8796,3294200,NVO,79.6823,81.0734,75.4943,77.2815,75.2378,74.1560,68.1146,68.7966
2023-08-24,84.9673,86.6451,84.9444,86.0675,3619200,NVO,80.3571,81.4442,75.7554,77.5830,75.3614,74.3700,68.2851,68.9575
2023-08-25,85.4624,85.7742,84.5135,84.6785,2702400,NVO,81.0301,81.8269,76.0132,77.8920,75.4879,74.5897,68.4520,69.1218
2023-08-28,85.9484,86.4068,85.1736,85.3066,2228600,NVO,81.6527,82.2194,76.2492,78.2079,75.6239,74.8146,68.6219,69.2892
2023-08-29,87.2686,87.5024,85.9025,85.9025,3112800,NVO,82.3269,82.7003,76.5228,78.5632,75.7762,75.0612,68.7999,69.4681
2023-08-30,86.2142,86.9523,86.1409,86.6406,2814800,NVO,83.0257,83.0350,76.7720,78.8633,75.9113,75.2821,68.9695,69.6347
2023-08-31,85.0911,85.7833,84.7335,85.7604,3826400,NVO,83.6868,83.2308,77.0090,79.1075,76.0373,75.4763,69.1427,69.7885
2023-09-01,86.7827,87.4336,85.8796,86.1409,2786600,NVO,84.4537,83.5691,77.2845,79.4085,76.1826,75.7002,69.3176,69.9576
2023-09-05,87.1494,88.2221,87.1081,88.0800,3230000,NVO,85.1304,83.9101,77.5761,79.7120,76.3080,75.9269,69.4962,70.1287
2023-09-06,87.6720,87.9333,86.9844,87.6857,2331200,NVO,85.1988,84.2683,77.8950,80.0242,76.4200,76.1595,69.6780,70.3032
2023-09-07,89.5652,90.5554,88.0800,88.0800,6435600,NVO,85.3980,84.7728,78.2631,80.3983,76.5464,76.4250,69.8703,70.4949
2023-09-08,89.5744,89.8999,88.7997,89.1160,3904800,NVO,85.7230,85.2301,78.6239,80.7582,76.6617,76.6853,70.0615,70.6847
2023-09-11,91.4723,92.4899,89.3911,89.5607,7818800,NVO,86.1541,85.8246,79.0206,81.1784,76.8019,76.9782,70.2622,70.8916
2023-09-12,90.1933,90.6150,88.9510,89.9778,7286400,NVO,86.5706,86.2407,79.3478,81.5319,76.9509,77.2398,70.4521,71.0836
2023-09-13,88.3046,89.2856,87.9746,88.2038,6420000,NVO,86.7632,86.4372,79.6592,81.7975,77.0795,77.4589,70.6269,71.2550
2023-09-14,88.4146,89.7257,88.3138,89.1206,4051600,NVO,86.9719,86.6255,79.9676,82.0570,77.1760,77.6759,70.8002,71.4257
2023-09-15,87.2961,88.7859,87.1127,88.7034,4511600,NVO,87.1230,86.6894,80.2689,82.2624,77.2712,77.8664,70.9623,71.5837
2023-09-18,85.5449,86.4847,84.3714,84.9994,4695200,NVO,87.2028,86.5804,80.5475,82.3912,77.3575,78.0184,71.1154,71.7226
2023-09-19,85.7467,86.0079,84.8848,85.0682,3244800,NVO,87.2299,86.5010,80.8292,82.5227,77.4622,78.1715,71.2622,71.8621
2023-09-20,86.8514,88.4009,85.7604,86.8239,6124500,NVO,87.3318,86.5344,81.1771,82.6925,77.5733,78.3434,71.4110,72.0113
2023-09-21,83.6975,85.7054,82.9732,85.1828,7519600,NVO,87.1609,86.2642,81.4390,82.7319,77.6480,78.4494,71.5424,72.1275
2023-09-22,83.7067,84.9353,83.5508,84.1651,2944800,NVO,87.0978,86.0206,81.6817,82.7701,77.7213,78.5535,71.6733,72.2428
2023-09-25,83.5508,83.6150,82.8816,83.3400,3088600,NVO,87.0022,85.7854,81.8915,82.8008,77.7940,78.6524,71.8064,72.3553
2023-09-26,84.1560,85.2378,83.9267,85.0636,2775100,NVO,86.9126,85.6302,82.1061,82.8539,77.8701,78.7614,71.9438,72.4727
2023-09-27,84.0734,84.2476,83.0741,83.7250,2946000,NVO,86.7529,85.4820,82.3253,82.9017,77.9790,78.8666,72.0750,72.5881
2023-09-28,83.9084,85.1736,83.7159,84.3302,4274800,NVO,86.6376,85.3321,82.5415,82.9412,78.0733,78.9664,72.2028,72.7008
2023-09-29,83.3766,84.8711,83.0832,84.8069,2629400,NVO,86.5519,85.1459,82.7083,82.9583,78.1386,79.0538,72.3259,72.8070
2023-10-02,84.1651,85.2561,81.4513,82.6707,7554600,NVO,86.4210,85.0525,82.8800,83.0056,78.2114,79.1550,72.4461,72.9200
2023-10-03,80.4794,82.3314,79.7276,82.1481,4732800,NVO,86.0875,84.6169,83.0108,82.9065,78.2433,79.1812,72.5436,72.9952
2023-10-04,81.6347,82.4781,81.1212,81.9922,4291800,NVO,85.7856,84.3329,83.1625,82.8567,78.2887,79.2298,72.6493,73.0812
2023-10-05,82.5056,82.7440,79.7826,81.5705,4544000,NVO,85.4326,84.1589,83.3684,82.8429,78.3324,79.2947,72.7604,73.1750
2023-10-06,84.4585,84.8527,82.9549,83.0191,4265000,NVO,85.1768,84.1874,83.6281,82.9063,78.4040,79.3969,72.8872,73.2872
2023-10-09,84.4035,84.5135,82.9732,83.5508,3007500,NVO,84.8234,84.2080,83.8762,82.9650,78.4831,79.4961,73.0100,73.3979
2023-10-10,85.2745,85.6687,84.2568,84.4768,3524000,NVO,84.5775,84.3096,84.1117,83.0555,78.5735,79.6105,73.1366,73.5160
2023-10-11,90.6196,90.9680,87.1173,88.4742,11823000,NVO,84.6932,84.9105,84.4484,83.3522,78.7107,79.8285,73.2873,73.6862
2023-10-12,91.8482,93.5810,90.8305,91.2430,10153800,NVO,84.8649,85.5712,84.8406,83.6853,78.8512,80.0665,73.4433,73.8669
2023-10-13,93.6451,95.3505,92.1782,93.1409,14136900,NVO,85.1823,86.3402,85.2762,84.0759,79.0097,80.3354,73.6100,74.0637
2023-10-16,92.7375,93.0309,91.6190,92.8567,6383500,NVO,85.5420,86.9495,85.7020,84.4156,79.1912,80.5810,73.7715,74.2495
2023-10-17,92.7467,93.3609,91.9398,92.7742,4137400,NVO,85.8920,87.5016,86.0846,84.7423,79.3806,80.8219,73.9292,74.4336
2023-10-18,92.2057,92.8017,91.7931,92.4166,2863700,NVO,86.1597,87.9496,86.2027,85.0350,79.5616,81.0473,74.0840,74.6104
2023-10-19,89.5378,90.7296,88.2542,90.5554,5088600,NVO,86.4517,88.1008,86.2818,85.2116,79.7135,81.2154,74.2218,74.7590
2023-10-20,88.2817,90.0603,88.0708,89.3911,3945000,NVO,86.6804,88.1181,86.3859,85.3320,79.8672,81.3554,74.3537,74.8935
2023-10-23,89.0427,89.7761,88.3184,89.0060,2622700,NVO,86.9550,88.2061,86.5098,85.4775,80.0256,81.5076,74.4905,75.0343
2023-10-24,89.4094,89.5836,88.2358,88.3367,3225800,NVO,87.2177,88.3207,86.6607,85.6317,80.1989,81.6641,74.6238,75.1773
2023-10-25,89.3269,90.3812,88.4742,90.0970,2829200,NVO,87.4804,88.4165,86.7582,85.7766,80.3753,81.8158,74.7599,75.3181
2023-10-26,87.2823,88.2083,86.7139,88.0158,3348000,NVO,87.6491,88.3085,86.8190,85.8356,80.5280,81.9240,74.8939,75.4372
2023-10-27,85.7237,86.6406,85.2103,85.9713,3297100,NVO,87.7664,88.0623,86.8480,85.8312,80.6518,81.9993,75.0225,75.5395
2023-10-30,88.3825,89.3085,87.9425,88.6759,4095400,NVO,87.9773,88.0928,86.9367,85.9313,80.8169,82.1257,75.1620,75.6673
2023-10-31,88.5384,88.7401,87.6949,88.6576,3190000,NVO,88.3802,88.1353,87.0033,86.0335,80.9748,82.2527,75.2962,75.7954
2023-11-01,89.5561,89.9595,88.9326,89.3085,3119200,NVO,88.7763,88.2706,87.0982,86.1717,81.1493,82.3973,75.4295,75.9323
2023-11-02,92.5358,93.7460,91.9582,92.8567,5377700,NVO,89.2778,88.6768,87.2066,86.4212,81.3505,82.5980,75.5759,76.0975
2023-11-03,90.0053,90.6196,88.7401,90.4729,4448300,NVO,89.5552,88.8033,87.3074,86.5618,81.5314,82.7447,75.7076,76.2359
2023-11-06,92.6733,93.0584,91.1330,91.5273,3732700,NVO,89.9687,89.1719,87.4516,86.8015,81.7324,82.9413,75.8517,76.3995
2023-11-07,93.2326,93.5168,92.1965,92.3799,4359500,NVO,90.3666,89.5586,87.5973,87.0537,81.9232,83.1451,75.9986,76.5670
2023-11-08,93.2968,94.6628,91.1605,93.4985,7718200,NVO,90.5004,89.9146,87.7178,87.2985,82.1203,83.3461,76.1485,76.7334
2023-11-09,91.7106,93.1959,91.4539,92.4808,4482900,NVO,90.4935,90.0857,87.8278,87.4715,82.2999,83.5118,76.2927,76.8824
2023-11-10,92.7742,92.9759,90.3262,91.8665,5638600,NVO,90.4500,90.3417,87.9814,87.6795,82.4952,83.6952,76.4453,77.0406
2023-11-13,92.3983,93.4893,89.6386,91.1789,8415000,NVO,90.4330,90.5376,88.0937,87.8645,82.6891,83.8675,76.5948,77.1934
2023-11-14,90.9497,91.4906,90.3170,91.4081,5477000,NVO,90.3432,90.5768,88.1697,87.9855,82.8729,84.0078,76.7349,77.3303
2023-11-15,88.4100,90.5921,88.0158,90.1245,7039300,NVO,90.1534,90.3705,88.1845,88.0021,83.0397,84.0949,76.8629,77.4405
2023-11-16,91.2522,91.3439,89.9503,90.7296,5080600,NVO,90.2391,90.4544,88.2182,88.1296,83.2407,84.2367,77.0044,77.5779
2023-11-17,92.9575,93.2509,92.1874,92.8292,3806800,NVO,90.4729,90.6928,88.2859,88.3189,83.4549,84.4094,77.1697,77.7310
2023-11-20,94.9745,95.1121,93.0492,93.0584,4618300,NVO,90.7695,91.1006,88.3559,88.5799,83.6883,84.6186,77.3350,77.9025
2023-11-21,94.2319,95.0021,93.3884,94.7637,4088000,NVO,91.0106,91.3988,88.4367,88.8016,83.8923,84.8089,77.4937,78.0650
2023-11-22,94.6720,95.0846,93.6452,94.4886,2692000,NVO,91.2779,91.7106,88.5641,89.0318,84.1116,85.0042,77.6512,78.2303
2023-11-24,96.6799,96.8999,95.4880,95.5613,4598700,NVO,91.7478,92.1838,88.7294,89.3317,84.3485,85.2354,77.8187,78.4139
2023-11-27,95.2313,96.6707,95.0662,96.1573,4746000,NVO,92.2231,92.4741,88.8881,89.5631,84.5785,85.4334,77.9791,78.5812
2023-11-28,92.9942,93.7460,92.6275,93.3976,5147700,NVO,92.4537,92.5236,89.0371,89.6976,84.7923,85.5831,78.1283,78.7246
2023-11-29,93.5168,93.8010,92.4716,93.1042,2664600,NVO,92.7026,92.6182,89.1925,89.8474,85.0108,85.7402,78.2723,78.8718
2023-11-30,93.3701,93.5076,92.6091,93.0492,2671100,NVO,92.8933,92.6898,89.3228,89.9855,85.2500,85.8913,78.4157,79.0161
2023-12-01,92.0499,93.2967,91.9673,92.6916,4567500,NVO,92.8690,92.6289,89.4899,90.0665,85.4644,86.0132,78.5570,79.1457
2023-12-04,92.5266,92.7375,91.2981,92.2057,2988000,NVO,92.9951,92.6191,89.6663,90.1630,85.6740,86.1422,78.7057,79.2789
2023-12-05,91.3439,91.5731,90.6838,91.1055,2846000,NVO,92.9286,92.4977,89.8221,90.2093,85.8568,86.2452,78.8420,79.3989
2023-12-06,89.4736,91.0047,89.4736,90.9955,3082100,NVO,92.7407,92.2097,89.9285,90.1804,86.0173,86.3092,78.9666,79.4992
2023-12-07,88.7584,89.2077,87.7774,89.1893,3424800,NVO,92.5138,91.8810,90.0222,90.1247,86.1738,86.3577,79.0885,79.5913
2023-12-08,88.6026,88.9785,88.2175,88.3825,3599800,NVO,92.3584,91.5687,90.1161,90.0650,86.3288,86.4021,79.2081,79.6810
2023-12-11,88.6117,89.0151,86.8514,88.4100,5039600,NVO,92.1503,91.2871,90.2208,90.0080,86.4645,86.4459,79.3308,79.7698
2023-12-12,88.2083,88.3184,87.0623,87.1448,3642400,NVO,91.9408,90.9939,90.3016,89.9374,86.5908,86.4808,79.4474,79.8538
2023-12-13,90.6746,90.7021,88.7859,88.8685,5528200,NVO,91.9270,90.9635,90.5056,89.9663,86.7582,86.5638,79.5817,79.9615
2023-12-14,89.8495,90.5188,88.8960,90.3262,5689000,NVO,91.9990,90.8574,90.6698,89.9617,86.9162,86.6289,79.7077,80.0599
2023-12-15,89.0243,89.4186,88.5017,89.4186,5231000,NVO,91.8876,90.6828,90.8002,89.9250,87.0843,86.6763,79.8278,80.1491
2023-12-18,90.7480,91.4998,90.3262,91.2430,4724300,NVO,91.7771,90.6890,90.9260,89.9573,87.2771,86.7569,79.9536,80.2545
2023-12-19,91.6740,92.2332,91.2614,91.5731,3497000,NVO,91.6121,90.7828,91.0714,90.0246,87.4738,86.8543,80.0844,80.3681
2023-12-20,92.8842,94.3144,92.6458,92.7833,5389600,NVO,91.5447,90.9830,91.2236,90.1367,87.6677,86.9737,80.2232,80.4927
2023-12-21,94.8737,94.8737,94.0394,94.3053,3608900,NVO,91.5548,91.3535,91.3087,90.3225,87.8786,87.1301,80.3774,80.6358
2023-12-22,94.1677,94.9470,94.0486,94.5803,2211700,NVO,91.4292,91.6215,91.3551,90.4733,88.0979,87.2695,80.5268,80.7704
2023-12-26,94.1402,94.5528,93.8927,94.0302,1851400,NVO,91.3746,91.8614,91.3650,90.6171,88.3206,87.4056,80.6778,80.9035
2023-12-27,95.0571,95.1763,93.8377,94.1219,2254900,NVO,91.4778,92.1658,91.4114,90.7912,88.5567,87.5571,80.8350,81.0443
2023-12-28,94.8645,96.2581,94.8645,95.8547,2380100,NVO,91.5451,92.4228,91.4537,90.9509,88.7692,87.7018,80.9859,81.1818
2023-12-29,94.8462,95.0571,94.1861,94.9379,2055900,NVO,91.6190,92.6536,91.5065,91.1037,88.8546,87.8432,81.1411,81.3178
2024-01-02,93.6176,94.0944,93.2509,93.2509,2637400,NVO,91.6973,92.7454,91.5881,91.2023,88.9350,87.9576,81.2949,81.4402
2024-01-03,95.0021,95.2038,93.5443,93.5626,4064100,NVO,91.8211,92.9603,91.7226,91.3513,89.0542,88.0971,81.4543,81.5751
2024-01-04,98.6785,99.9163,96.2948,96.3681,9132800,NVO,92.1878,93.5049,91.9153,91.6386,89.2125,88.3066,81.6228,81.7453
2024-01-05,97.1658,98.2752,96.9274,97.6975,3976700,NVO,92.5725,93.8536,92.0704,91.8554,89.3655,88.4820,81.7753,81.8987
2024-01-08,97.5508,97.6792,96.5148,97.3491,2880700,NVO,93.0121,94.2057,92.2349,92.0787,89.4965,88.6616,81.9311,82.0545
2024-01-09,98.0551,98.0734,96.9274,97.3033,3681100,NVO,93.4847,94.5723,92.4503,92.3131,89.6347,88.8476,82.0829,82.2137
2024-01-10,99.6320,99.7237,98.7244,98.8619,4725900,NVO,94.0357,95.0542,92.7285,92.6001,89.7883,89.0612,82.2326,82.3870
2024-01-11,97.8167,99.6504,97.1658,99.3020,5021300,NVO,94.5161,95.3173,92.9172,92.8047,89.9269,89.2346,82.3688,82.5405
2024-01-12,98.2476,98.5319,97.8442,98.0459,3584000,NVO,94.8948,95.5964,93.1114,93.0181,90.0574,89.4130,82.5057,82.6968
2024-01-16,97.5050,98.1376,97.0558,97.9726,3131300,NVO,95.2776,95.7781,93.2703,93.1941,90.1843,89.5733,82.6361,82.8442
2024-01-17,97.8076,98.2018,96.7624,97.4775,2685800,NVO,95.7167,95.9714,93.3758,93.3750,90.2912,89.7363,82.7645,82.9930
2024-01-18,98.6052,98.7427,97.1108,97.4592,3364500,NVO,96.1096,96.2223,93.5478,93.5801,90.4276,89.9120,82.8945,83.1484
2024-01-19,98.0643,98.9353,97.6425,98.2751,3574500,NVO,96.4291,96.3977,93.6556,93.7560,90.5536,90.0734,83.0207,83.2968
2024-01-22,96.7165,97.7434,96.7165,97.4775,2907000,NVO,96.6207,96.4280,93.7253,93.8721,90.6613,90.2049,83.1426,83.4303
2024-01-23,96.6065,96.7165,94.7820,95.0754,8654600,NVO,96.7074,96.4450,93.7915,93.9793,90.7547,90.3317,83.2654,83.5614
2024-01-24,96.4598,98.1284,96.4598,97.7801,2537500,NVO,96.8220,96.4465,93.8865,94.0766,90.8571,90.4530,83.3842,83.6898
2024-01-25,96.8907,96.9366,96.0931,96.9366,2275100,NVO,96.9595,96.4888,93.9688,94.1869,90.9751,90.5805,83.5062,83.8211
2024-01-26,99.0820,99.2011,97.5692,97.6700,5544700,NVO,97.1607,96.7357,94.1025,94.3789,91.0981,90.7489,83.6403,83.9730
2024-01-29,99.9529,99.9529,98.7427,99.1370,3915900,NVO,97.4152,97.0421,94.2825,94.5975,91.2261,90.9311,83.7671,84.1320
2024-01-30,99.9529,100.2372,99.4395,100.1088,5105000,NVO,97.6705,97.3194,94.5134,94.8075,91.3489,91.1098,83.8845,84.2894
2024-01-31,105.1972,106.4625,102.8226,102.8226,12716100,NVO,98.2495,98.0696,94.7923,95.2149,91.5053,91.3887,84.0258,84.4975
2024-02-01,106.1599,106.2241,103.9137,104.5188,6837200,NVO,98.8074,98.8401,95.0563,95.6442,91.6711,91.6812,84.1664,84.7130
2024-02-02,104.2437,105.0689,103.8220,104.2987,5137400,NVO,99.0856,99.3548,95.2417,95.9814,91.7988,91.9300,84.3003,84.9073
2024-02-05,108.4245,108.7362,106.6000,106.7100,8730300,NVO,99.6486,100.2185,95.5256,96.4694,91.9811,92.2566,84.4660,85.1413
2024-02-06,107.8285,108.8279,106.9575,108.4886,6274900,NVO,100.1624,100.9433,95.7887,96.9148,92.1764,92.5650,84.6279,85.3671
2024-02-07,108.7912,109.7172,107.0951,107.2418,6206000,NVO,100.6992,101.6907,96.0309,97.3806,92.3801,92.8863,84.7781,85.6002
2024-02-08,108.5437,108.7637,107.7368,108.2319,4544700,NVO,101.1448,102.3434,96.2972,97.8183,92.5926,93.1963,84.9319,85.8284
2024-02-09,111.1199,111.5325,109.5430,110.0198,5294500,NVO,101.8100,103.1792,96.6597,98.3400,92.8484,93.5513,85.1029,86.0801
2024-02-12,110.5057,110.7991,109.3688,110.4048,4497800,NVO,102.4229,103.8770,96.9995,98.8170,93.0960,93.8870,85.2791,86.3231
2024-02-13,110.0106,110.5240,109.4972,109.7080,4186600,NVO,103.0482,104.4612,97.3323,99.2560,93.3276,94.2063,85.4504,86.5588
2024-02-14,113.0361,113.0820,110.3681,110.4873,5678200,NVO,103.8096,105.2778,97.7520,99.7964,93.6209,94.5791,85.6345,86.8223
2024-02-15,111.6242,112.9078,111.0191,112.5685,4764000,NVO,104.4605,105.8822,98.1340,100.2602,93.9001,94.9167,85.8107,87.0691
2024-02-16,113.6962,114.2738,111.4408,111.7067,6609500,NVO,105.2421,106.6264,98.5810,100.7871,94.2016,95.2885,85.9978,87.3340
2024-02-20,111.3492,114.3839,110.6799,114.2555,5070400,NVO,105.9738,107.0762,99.0185,101.2013,94.4735,95.6066,86.1718,87.5730
2024-02-21,110.8724,110.9274,108.4611,109.1029,4117400,NVO,106.6871,107.4378,99.4608,101.5806,94.7415,95.9089,86.3602,87.8048
2024-02-22,114.1638,114.4847,112.7794,112.8344,3589500,NVO,107.5723,108.0783,99.9720,102.0741,95.0440,96.2703,86.5587,88.0671
2024-02-23,113.1828,113.8429,112.6877,113.3845,3759400,NVO,108.3869,108.5645,100.4634,102.5097,95.3421,96.6052,86.7404,88.3170
2024-02-26,113.2195,113.8429,112.5777,112.9536,4451800,NVO,109.0938,109.0078,100.9637,102.9297,95.6327,96.9342,86.9220,88.5648
2024-02-27,112.0643,112.3668,109.8272,109.9923,7637000,NVO,109.6993,109.2989,101.3915,103.2879,95.9485,97.2338,87.0959,88.7986
2024-02-28,111.4317,111.9909,110.8724,111.8167,3075200,NVO,110.2733,109.5020,101.8231,103.6073,96.2465,97.5150,87.2676,89.0238
2024-02-29,109.8089,110.2765,109.0204,110.1206,5479800,NVO,110.5038,109.5312,102.2388,103.8505,96.5195,97.7584,87.4259,89.2306
2024-03-01,113.8979,114.0813,112.0826,112.5869,5559600,NVO,110.8907,109.9471,102.7018,104.2445,96.8139,98.0780,87.6089,89.4761
2024-03-04,117.3086,118.0604,116.4284,116.7401,6816900,NVO,111.5440,110.6482,103.2145,104.7568,97.1429,98.4588,87.8130,89.7530
2024-03-05,114.2830,116.2817,113.6596,115.7499,4807800,NVO,111.8369,110.9944,103.6425,105.1304,97.4330,98.7722,88.0033,89.9971
2024-03-06,114.3747,114.7689,113.1003,114.0171,3895500,NVO,112.1642,111.3163,104.0325,105.4929,97.6706,99.0811,88.1907,90.2397
2024-03-07,124.6157,126.7794,121.8194,122.3420,19606800,NVO,112.9554,112.5829,104.6414,106.2428,97.9983,99.5868,88.4247,90.5817
2024-03-08,122.0027,123.6164,120.1966,122.7637,12765000,NVO,113.6284,113.4801,105.1987,106.8609,98.2818,100.0307,88.6458,90.8944
2024-03-11,120.3249,122.4153,119.8757,122.2778,5734500,NVO,114.0887,114.1319,105.7040,107.3889,98.5577,100.4325,88.8745,91.1872
2024-03-12,123.8731,123.8822,120.5175,120.6550,6340600,NVO,114.7570,115.0597,106.2842,108.0353,98.8690,100.8967,89.1248,91.5124
2024-03-13,122.3878,124.2306,121.6635,123.0754,6847000,NVO,115.3759,115.7576,106.8350,108.5981,99.1708,101.3223,89.3662,91.8197
2024-03-14,123.3872,124.6157,122.7362,124.5515,3506900,NVO,115.8934,116.4842,107.4304,109.1781,99.5093,101.7592,89.6114,92.1338
2024-03-15,121.3609,122.8554,120.8934,122.7454,3780100,NVO,116.3803,116.9487,107.9576,109.6559,99.8401,102.1473,89.8536,92.4246
2024-03-18,121.8377,122.6262,120.1691,120.6275,3898800,NVO,116.7873,117.4143,108.4208,110.1336,100.1680,102.5373,90.0968,92.7172
2024-03-19,120.4441,121.2143,119.6557,121.0584,4393500,NVO,117.2421,117.7028,108.8864,110.5379,100.4784,102.8918,90.3386,92.9931
2024-03-20,119.5181,120.4991,118.1154,120.2424,4403900,NVO,117.6744,117.8757,109.3257,110.8901,100.7803,103.2211,90.5778,93.2571
2024-03-21,119.0322,120.1691,116.5384,118.2712,6548800,NVO,117.9178,117.9859,109.7453,111.2094,101.0978,103.5342,90.8129,93.5135
2024-03-22,118.9029,119.5770,118.3027,119.3277,3229500,NVO,118.2038,118.0732,110.1307,111.5111,101.4296,103.8385,91.0407,93.7662
2024-03-25,119.1707,120.2789,118.8568,119.1245,3320000,NVO,118.5014,118.1777,110.5578,111.8115,101.7375,104.1421,91.2772,94.0189
2024-03-26,119.5032,120.1958,118.6074,120.1403,4218200,NVO,118.8733,118.3040,110.9829,112.1131,102.0471,104.4463,91.5110,94.2725
2024-03-27,118.2473,118.7736,117.5455,118.5058,3941200,NVO,119.2141,118.2986,111.3977,112.3537,102.3340,104.7196,91.7417,94.5111
2024-03-28,118.5705,120.1958,118.0072,118.5613,3656500,NVO,119.6522,118.3245,111.8130,112.5975,102.5944,104.9938,91.9724,94.7505
2024-04-01,117.7856,119.2261,117.4162,119.2261,3065100,NVO,119.8465,118.2731,112.1966,112.8009,102.8722,105.2472,92.2018,94.9797
2024-04-02,116.7790,116.9822,114.5812,115.4769,4322400,NVO,119.8201,118.1308,112.5709,112.9569,103.1132,105.4755,92.4228,95.1966
2024-04-03,117.2684,118.3212,115.7817,115.7817,3616400,NVO,119.9693,118.0487,112.9819,113.1260,103.3536,105.7090,92.6384,95.4162
2024-04-04,114.4704,117.7209,114.2949,117.1853,4006800,NVO,119.9741,117.7079,113.3392,113.1787,103.5653,105.8825,92.8428,95.6058
2024-04-05,116.2249,116.5112,115.0614,115.1260,4997800,NVO,119.5546,117.5667,113.7345,113.2982,103.8105,106.0873,93.0552,95.8110
2024-04-08,117.7024,117.8594,116.3450,117.2777,3017100,NVO,119.3396,117.5796,114.1507,113.4709,104.0598,106.3173,93.2775,96.0288
2024-04-09,115.3015,117.0376,114.7105,116.5204,3214300,NVO,119.0884,117.3626,114.4751,113.5427,104.2888,106.4952,93.4890,96.2206
2024-04-10,115.3661,115.6709,113.8055,113.9440,3025300,NVO,118.6631,117.1725,114.7834,113.6142,104.5330,106.6709,93.7029,96.4111
2024-04-11,115.8001,116.2434,114.6274,115.8740,2419000,NVO,118.3337,117.0418,115.1003,113.6999,104.8069,106.8517,93.9233,96.6040
2024-04-12,114.9783,117.3331,114.8305,117.0376,3343000,NVO,117.9132,116.8453,115.2959,113.7500,105.0441,107.0126,94.1424,96.7868
2024-04-15,114.4150,116.4004,114.0641,116.1787,2896700,NVO,117.5659,116.6138,115.4610,113.7761,105.2587,107.1592,94.3568,96.9622
2024-04-16,113.9994,114.7382,112.4665,113.6485,3044100,NVO,117.1740,116.3648,115.6562,113.7849,105.4489,107.2946,94.5686,97.1317
2024-04-17,114.9967,115.6247,113.8240,115.3846,3075100,NVO,116.9016,116.2345,115.7876,113.8324,105.6566,107.4471,94.7744,97.3095
2024-04-18,113.3530,114.5997,113.1314,113.8609,2841000,NVO,116.5934,115.9601,115.8981,113.8136,105.8434,107.5641,94.9775,97.4691
2024-04-19,113.3161,115.0060,113.0852,114.0271,5183500,NVO,116.3076,115.7083,115.9886,113.7941,106.0098,107.6780,95.1791,97.6268
2024-04-22,115.6709,116.5851,113.1868,113.2053,3798300,NVO,116.1460,115.7047,116.1311,113.8677,106.2142,107.8363,95.3963,97.8064
2024-04-23,118.7921,118.9029,116.6682,116.8806,3703600,NVO,116.1270,115.9988,116.2846,114.0608,106.4721,108.0532,95.6322,98.0152
2024-04-24,116.5020,117.5732,115.7540,117.4254,3143100,NVO,115.9770,116.0467,116.4045,114.1565,106.7020,108.2205,95.8564,98.1991
2024-04-25,116.1603,116.2157,113.7778,114.2211,3434400,NVO,115.8726,116.0575,116.5275,114.2351,106.9299,108.3777,96.0899,98.3778
2024-04-26,117.1392,118.1088,116.3450,116.4927,3312500,NVO,115.8011,116.1605,116.6096,114.3490,107.1808,108.5512,96.3226,98.5645
2024-04-29,117.1668,118.1734,116.8344,117.5732,1877000,NVO,115.7701,116.2564,116.7204,114.4595,107.4272,108.7218,96.5506,98.7496
2024-04-30,118.4874,120.4728,117.7301,118.2473,7841000,NVO,115.8556,116.4688,116.8162,114.6175,107.6986,108.9152,96.7777,98.9460
2024-05-01,119.3185,120.1681,117.7394,118.0164,5184400,NVO,115.9581,116.7402,116.9756,114.8018,107.9971,109.1212,97.0072,99.1487
2024-05-02,114.5258,118.1457,114.3503,118.1457,8487100,NVO,115.9608,116.5293,117.0487,114.7910,108.2547,109.2282,97.2143,99.3017
2024-05-03,113.6301,114.2949,112.0048,113.5100,5932900,NVO,115.8311,116.2532,117.0380,114.7455,108.5050,109.3154,97.4169,99.4443
2024-05-06,115.0522,115.0983,112.4573,112.6604,3636600,NVO,115.6986,116.1388,117.0754,114.7575,108.7694,109.4290,97.6170,99.5996
2024-05-07,117.5455,118.0164,116.7051,116.9545,4167500,NVO,115.8108,116.2728,117.1619,114.8668,109.0628,109.5897,97.8268,99.7782
2024-05-08,116.9914,118.5982,116.9267,117.7486,4060300,NVO,115.8920,116.3412,117.2605,114.9501,109.3260,109.7363,98.0421,99.9495
2024-05-09,118.8106,118.9399,117.2222,117.6840,2374000,NVO,116.0425,116.5764,117.4080,115.1015,109.6156,109.9160,98.2659,100.1371
2024-05-10,118.5890,120.2973,118.5058,119.2077,3081100,NVO,116.2231,116.7681,117.5836,115.2383,109.9112,110.0877,98.4978,100.3207
2024-05-13,122.2735,123.2801,120.4174,121.4055,6145000,NVO,116.6160,117.2924,117.7511,115.5142,110.2265,110.3290,98.7518,100.5392
2024-05-14,122.7445,122.8183,121.2485,122.0611,2920700,NVO,117.0533,117.8116,117.8599,115.7977,110.5372,110.5749,99.0055,100.7601
2024-05-15,124.3513,124.4713,122.7260,122.7722,3719700,NVO,117.5210,118.4345,118.0612,116.1332,110.8518,110.8477,99.2598,100.9948
2024-05-16,122.8553,123.4370,122.3381,122.9384,2894400,NVO,117.9961,118.8555,118.2308,116.3968,111.1317,111.0854,99.5051,101.2124
2024-05-17,121.7933,121.9780,120.8329,121.8395,2590300,NVO,118.4200,119.1353,118.1744,116.6084,111.4079,111.2975,99.7529,101.4171
2024-05-20,122.7352,123.3909,120.9714,121.3870,2411700,NVO,118.7732,119.4781,118.1890,116.8487,111.6939,111.5240,100.0072,101.6293
2024-05-21,124.8130,125.1085,123.1138,123.1508,3559800,NVO,119.0742,119.9862,118.2788,117.1610,111.9914,111.7871,100.2741,101.8600
2024-05-22,123.7695,124.3420,122.6059,123.3724,2683000,NVO,119.4376,120.3465,118.2767,117.4201,112.2805,112.0244,100.5248,102.0780
2024-05-23,125.1916,126.7153,124.6652,126.0135,4370700,NVO,119.8892,120.8080,118.3328,117.7249,112.5839,112.2851,100.7193,102.3079
2024-05-24,125.6256,126.2351,123.9449,124.2035,2845200,NVO,120.3135,121.2668,118.3776,118.0347,112.9040,112.5493,100.9195,102.5400
2024-05-28,123.8157,124.2866,122.5413,124.1573,3145600,NVO,120.6459,121.5095,118.4267,118.2614,113.1921,112.7724,101.1232,102.7517
2024-05-29,122.5228,122.9476,121.9503,122.2181,3169200,NVO,120.8477,121.6060,118.4404,118.4286,113.4306,112.9655,101.3216,102.9484
2024-05-30,122.6336,124.2774,122.6152,123.6402,2757200,NVO,121.0135,121.7039,118.4842,118.5935,113.6853,113.1569,101.5254,103.1443
2024-05-31,124.9238,125.4594,123.5201,124.7022,3446300,NVO,121.5334,122.0106,118.5923,118.8417,113.9590,113.3899,101.7278,103.3610
2024-06-03,125.2378,126.2259,123.4463,123.6033,4496700,NVO,122.1137,122.3179,118.7164,119.0925,114.2308,113.6245,101.9328,103.5787
2024-06-04,129.2086,129.2824,125.3855,125.9950,5071200,NVO,122.8216,122.9742,118.9225,119.4892,114.5266,113.9331,102.1574,103.8337
2024-06-05,130.2059,131.5080,129.3563,130.5383,3786700,NVO,123.4546,123.6629,119.1432,119.9095,114.8505,114.2554,102.3887,104.0961
2024-06-06,131.4987,131.9974,130.1043,130.3814,4369200,NVO,124.1800,124.4092,119.3831,120.3640,115.1830,114.5968,102.6202,104.3687
2024-06-07,131.9420,132.7269,131.3787,132.1174,3511200,NVO,124.8365,125.1266,119.6570,120.8180,115.5274,114.9403,102.8558,104.6431
2024-06-10,132.6346,132.9208,130.4368,131.2402,3650400,NVO,125.5388,125.8416,119.9383,121.2814,115.8756,115.2907,103.0834,104.9216
2024-06-11,130.9354,131.9974,130.2244,131.0462,4433300,NVO,125.9719,126.3268,120.2013,121.6600,116.1989,115.6005,103.3133,105.1805
2024-06-12,132.2929,133.4380,131.1294,132.5330,3242800,NVO,126.4493,126.8950,120.5116,122.0770,116.5412,115.9310,103.5474,105.4503
2024-06-13,131.5818,131.9697,130.3352,131.8958,2857200,NVO,126.8109,127.3413,120.7978,122.4497,116.8899,116.2409,103.7756,105.7103
2024-06-14,131.5911,132.2190,131.0278,131.3233,2831700,NVO,127.2476,127.7461,121.1402,122.8082,117.2397,116.5449,103.9972,105.9678
2024-06-17,129.6241,131.2494,129.5964,131.1293,3164400,NVO,127.6392,127.9249,121.4082,123.0755,117.5714,116.8039,104.2142,106.2032
2024-06-18,130.0212,130.8616,129.0793,130.2613,2640200,NVO,128.0035,128.1246,121.6546,123.3479,117.9027,117.0656,104.4389,106.4402
2024-06-20,130.1967,132.5976,130.0304,130.6769,3205600,NVO,128.2727,128.3219,121.9525,123.6165,118.2138,117.3256,104.6560,106.6766
2024-06-21,131.0924,131.6465,130.3998,130.6307,3030000,NVO,128.6388,128.5858,122.2670,123.9096,118.5252,117.5982,104.8757,106.9195
2024-06-24,131.3879,131.7388,130.6769,131.0093,2992100,NVO,128.9486,128.8526,122.5788,124.2029,118.8396,117.8713,105.0942,107.1630
2024-06-25,135.6635,136.8085,133.6042,134.3706,6192600,NVO,129.4505,129.5013,122.9925,124.6523,119.1442,118.2236,105.3247,107.4466
2024-06-26,132.6715,134.4722,131.8589,134.4168,4384500,NVO,129.8933,129.8032,123.3576,124.9668,119.4093,118.5097,105.5402,107.6975
2024-06-27,133.4287,134.2321,132.4499,132.8470,2592400,NVO,130.4386,130.1485,123.7462,125.2986,119.7012,118.8052,105.7500,107.9536
2024-06-28,131.8127,134.4445,131.7481,133.5857,2757500,NVO,130.8976,130.3070,124.0825,125.5541,119.9351,119.0627,105.9581,108.1910
2024-07-01,134.2875,134.8139,132.5699,132.5976,3435800,NVO,131.3658,130.6861,124.5012,125.8966,120.1997,119.3642,106.1880,108.4506
2024-07-02,132.0343,132.3945,128.3867,130.8431,6594500,NVO,131.7056,130.8145,124.8756,126.1373,120.4321,119.6151,106.4061,108.6853
2024-07-03,128.2390,130.6861,125.5979,130.5199,7455800,NVO,131.6571,130.5692,125.1270,126.2197,120.6290,119.7859,106.6108,108.8799
2024-07-05,131.4710,131.9235,129.6057,129.6611,3664500,NVO,131.7204,130.6551,125.3805,126.4256,120.8326,120.0173,106.8405,109.1047
2024-07-08,132.1174,132.6900,131.2956,131.3879,2909400,NVO,131.7513,130.7944,125.6928,126.6488,121.0487,120.2569,107.0723,109.3336
2024-07-09,129.6795,130.4737,128.4236,129.9750,4580500,NVO,131.6382,130.6882,125.9632,126.7677,121.2454,120.4435,107.2865,109.5361
2024-07-10,131.8127,131.8589,128.9870,129.1440,3045200,NVO,131.5971,130.7953,126.2567,126.9655,121.4331,120.6686,107.5270,109.7577
2024-07-11,129.0885,131.6188,128.1743,131.3787,3836400,NVO,131.5047,130.6327,126.4951,127.0488,121.6078,120.8353,107.7539,109.9501
2024-07-12,131.2032,132.5053,130.7877,130.8985,2877600,NVO,131.4502,130.6871,126.7494,127.2117,121.7828,121.0406,107.9922,110.1616
2024-07-15,130.5660,132.5053,130.2705,132.2837,2434100,NVO,131.3995,130.6755,126.9744,127.3433,121.9750,121.2292,108.2243,110.3646
2024-07-16,130.0859,131.3417,129.8458,131.1294,2221100,NVO,131.3242,130.6194,127.2856,127.4508,122.1671,121.4046,108.4543,110.5608
2024-07-17,125.0531,126.1612,124.1389,125.9673,6703800,NVO,131.0956,130.0893,127.5141,127.3568,122.2760,121.4769,108.6600,110.7050
2024-07-18,120.0388,124.6375,117.1207,124.6098,9758200,NVO,130.5965,129.1321,127.6138,127.0698,122.3446,121.4484,108.8434,110.7979
2024-07-19,121.4701,123.2801,121.2485,122.4582,4319500,NVO,130.1602,128.4024,127.6923,126.8502,122.4271,121.4488,109.0299,110.9041
2024-07-22,122.9846,123.0584,121.7564,121.8949,3720400,NVO,129.7548,127.8864,127.8121,126.6986,122.5363,121.4792,109.2424,111.0243
2024-07-23,123.0769,124.3605,122.8368,123.3355,2383200,NVO,129.3392,127.4283,127.8975,126.5566,122.6528,121.5109,109.4496,111.1442
2024-07-24,121.5255,122.7260,120.8976,122.3566,2663400,NVO,128.6324,126.8662,127.9562,126.3593,122.7699,121.5112,109.6447,111.2475
2024-07-25,118.0718,120.0295,116.6774,119.2169,5326100,NVO,127.9024,126.0286,127.8722,126.0343,122.8117,121.4431,109.8128,111.3154
2024-07-26,117.0283,118.4412,116.6867,117.1484,3179100,NVO,127.0823,125.1714,127.7578,125.6811,122.8089,121.3556,109.9759,111.3723
2024-07-29,118.2473,119.6140,117.6286,118.2103,3094000,NVO,126.4041,124.5120,127.6358,125.3896,122.8485,121.2941,110.1408,111.4407
2024-07-30,119.3370,121.5902,117.8225,121.0638,4388100,NVO,125.6565,124.0191,127.5654,125.1522,122.8981,121.2553,110.2844,111.5192
2024-07-31,122.4767,122.7168,121.5624,122.5875,3580400,NVO,125.1787,123.8722,127.5791,125.0473,122.8767,121.2795,110.4375,111.6283
2024-08-01,122.3197,124.0558,121.0638,121.9411,3669000,NVO,124.8827,123.7244,127.5708,124.9403,122.8799,121.3001,110.5809,111.7347
2024-08-02,117.7301,120.1681,117.1391,119.8448,4774000,NVO,124.1957,123.1535,127.4291,124.6576,122.8540,121.2294,110.7058,111.7943
2024-08-05,116.3542,117.6655,113.3345,114.4057,5888800,NVO,123.4075,122.5059,127.2808,124.3320,122.7788,121.1329,110.8239,111.8397
2024-08-06,120.1588,121.2208,118.4597,118.8937,6994300,NVO,122.9315,122.2824,127.1801,124.1683,122.7565,121.1136,110.9636,111.9225
2024-08-07,110.1025,114.1564,109.7054,113.2976,13899900,NVO,121.8459,121.1224,126.8697,123.6167,122.6236,120.8956,111.0665,111.9044
2024-08-08,118.3581,118.5151,113.7778,116.2526,10281300,NVO,121.3094,120.8591,126.7605,123.4105,122.5936,120.8453,111.2168,111.9686
2024-08-09,123.2524,124.3420,120.2419,120.4543,7503700,NVO,120.9119,121.0871,126.7751,123.4043,122.6077,120.8930,111.3879,112.0808
2024-08-12,119.9464,121.9226,119.6324,121.4978,3602700,NVO,120.3809,120.9784,126.7214,123.2687,122.6028,120.8742,111.5406,112.1591
2024-08-13,123.3447,123.9726,121.4886,121.4886,3343400,NVO,120.0438,121.2038,126.6898,123.2717,122.6410,120.9231,111.7107,112.2704
2024-08-14,124.1296,124.5267,122.1165,122.5413,1967900,NVO,119.9977,121.4824,126.6676,123.3053,122.6920,120.9866,111.8949,112.3884
2024-08-15,127.0385,127.1493,125.1639,126.1520,2916100,NVO,120.3477,122.0116,126.6242,123.4517,122.7734,121.1065,112.1015,112.5342
2024-08-16,125.0299,125.7529,124.8167,125.5026,2111300,NVO,120.5256,122.2990,126.5207,123.5136,122.8320,121.1842,112.2847,112.6585
2024-08-19,125.3636,126.1792,125.0855,125.1967,1681800,NVO,120.6446,122.5909,126.3980,123.5861,122.8906,121.2669,112.4688,112.7849
2024-08-20,125.8826,126.3739,124.7055,125.3079,2106900,NVO,120.7849,122.9044,126.2768,123.6762,122.9669,121.3583,112.6505,112.9153
2024-08-21,125.0948,125.6602,123.6303,125.4563,2410500,NVO,120.9633,123.1130,126.1260,123.7318,123.0322,121.4323,112.8133,113.0365
2024-08-22,126.8744,128.3667,126.1607,127.2915,2723800,NVO,121.4035,123.4712,126.0448,123.8551,123.1230,121.5401,112.9976,113.1741
2024-08-23,126.9578,127.1247,125.9846,126.5871,2112200,NVO,121.9000,123.8033,125.9381,123.9768,123.2248,121.6474,113.1690,113.3113
2024-08-26,125.4099,125.7992,124.7796,125.3543,1781100,NVO,122.2581,123.9563,125.8147,124.0330,123.3062,121.7219,113.3299,113.4317
2024-08-27,125.2987,125.5953,123.9918,124.1215,2124400,NVO,122.5562,124.0842,125.6888,124.0826,123.4145,121.7927,113.4899,113.5498
2024-08-28,124.6498,125.2894,124.2976,124.8167,2765400,NVO,122.6648,124.1380,125.5893,124.1048,123.4988,121.8493,113.6546,113.6602
2024-08-29,127.4676,127.8013,125.8178,126.4944,2754700,NVO,122.9222,124.4551,125.5383,124.2367,123.5964,121.9605,113.8281,113.7976
2024-08-30,128.9878,129.5254,127.7735,128.1072,2718300,NVO,123.4851,124.8868,125.5141,124.4230,123.7333,122.0997,114.0110,113.9487
2024-09-03,126.2997,128.4872,125.9012,128.4316,2309800,NVO,123.9824,125.0214,125.4182,124.4966,123.8426,122.1829,114.1878,114.0716
2024-09-04,124.6962,125.0484,123.8620,124.2420,1811600,NVO,124.2093,124.9904,125.2844,124.5044,123.9316,122.2326,114.3692,114.1774
2024-09-05,121.3223,122.9629,120.9886,122.3604,2883500,NVO,124.7702,124.6411,124.9976,124.3797,123.9950,122.2146,114.5196,114.2484
2024-09-06,121.5540,124.3532,121.0257,123.9825,2591800,NVO,124.9300,124.3471,124.7752,124.2688,124.0664,122.2015,114.6626,114.3211
2024-09-09,122.2677,123.2224,121.3408,122.3789,1881800,NVO,124.8808,124.1490,124.5520,124.1904,124.1491,122.2028,114.7990,114.4002
2024-09-10,120.2934,120.6086,119.0143,119.7836,2246700,NVO,124.8982,123.7818,124.3216,124.0375,124.2021,122.1650,114.9293,114.4589
2024-09-11,125.3450,125.8919,121.4057,123.4078,3930300,NVO,124.9982,123.9307,124.1428,124.0888,124.3220,122.2280,115.0827,114.5672
2024-09-12,126.6705,126.9578,124.8074,125.3543,2169700,NVO,125.1252,124.1916,124.0355,124.1901,124.4555,122.3160,115.2326,114.6876
2024-09-13,126.9856,127.8106,126.4017,126.8559,2375300,NVO,125.1226,124.4577,124.0104,124.2997,124.5687,122.4084,115.3914,114.8100
2024-09-16,126.8930,128.1165,126.7725,127.9682,1776200,NVO,125.2157,124.6897,123.9189,124.4014,124.6497,122.4972,115.5609,114.9302
2024-09-17,122.3511,125.2801,122.1657,123.8342,3515800,NVO,125.0651,124.4669,123.7235,124.3210,124.7082,122.4943,115.7051,115.0040
2024-09-18,122.4068,123.5283,121.7023,123.1205,2854800,NVO,124.8913,124.2707,123.5781,124.2459,124.7706,122.4926,115.8503,115.0777
2024-09-19,125.0206,125.3172,123.8620,124.8167,2653900,NVO,124.8876,124.3421,123.4422,124.2763,124.8495,122.5427,116.0151,115.1766
2024-09-20,118.1893,120.0153,116.9102,119.6631,9683500,NVO,124.4533,123.7562,123.2242,124.0376,124.8597,122.4565,116.1434,115.2066
2024-09-23,114.6578,116.1131,113.9534,114.9359,7069900,NVO,123.8383,122.8897,122.8933,123.6698,124.8214,122.3020,116.2600,115.2011
2024-09-24,116.2707,117.4015,114.7227,115.2325,4974100,NVO,123.3814,122.2593,122.6074,123.3796,124.7909,122.1826,116.3940,115.2118
2024-09-25,117.6703,118.2820,117.1605,118.0596,2943600,NVO,123.0000,121.8222,122.3591,123.1557,124.8224,122.0932,116.5385,115.2363
2024-09-26,115.2140,116.4375,114.9174,116.4190,4369500,NVO,122.5282,121.1929,122.1623,122.8443,124.8382,121.9570,116.6716,115.2360
2024-09-27,111.9327,112.4703,110.4404,111.7381,9655300,NVO,121.7514,120.3110,122.0002,122.4164,124.8070,121.7585,116.7882,115.2032
2024-09-30,110.3663,110.4126,108.9018,108.9945,6855500,NVO,120.8204,119.3638,121.7781,121.9438,124.7352,121.5329,116.8990,115.1550
2024-10-01,109.3838,110.2273,108.7442,110.1068,3978400,NVO,119.9746,118.4134,121.5061,121.4513,124.6591,121.2924,116.9925,115.0976
2024-10-02,107.9656,108.2530,106.9646,108.1510,5958600,NVO,119.1380,117.4183,121.2039,120.9224,124.5507,121.0285,117.0831,115.0266
2024-10-03,106.6679,107.8266,106.6216,107.7431,4320900,NVO,118.4053,116.3945,120.9067,120.3634,124.4315,120.7441,117.1713,114.9435
2024-10-04,106.7050,106.7421,105.4723,105.8894,6307000,NVO,117.6629,115.4717,120.6794,119.8278,124.2758,120.4661,117.2511,114.8615
2024-10-07,109.1613,109.8843,108.4661,108.5774,4245300,NVO,117.0075,114.8707,120.5221,119.4095,124.1400,120.2422,117.3386,114.8048
2024-10-08,108.6330,109.2725,108.0676,108.8554,3808000,NVO,116.4245,114.2766,120.3298,118.9869,123.9828,120.0123,117.4173,114.7434
2024-10-09,108.4476,108.5959,107.3539,108.0212,3971400,NVO,115.5796,113.7215,120.1120,118.5736,123.8387,119.7833,117.4852,114.6807
2024-10-10,108.9389,109.7823,108.5588,109.3560,2911300,NVO,114.6931,113.2660,119.8412,118.1958,123.7102,119.5686,117.5590,114.6236
2024-10-11,111.2654,111.7474,110.7463,111.1542,4115800,NVO,113.9071,113.0755,119.6202,117.9240,123.5955,119.4042,117.6447,114.5902
2024-10-14,111.0244,111.6640,110.8112,110.8575,2477300,NVO,113.1136,112.8801,119.4860,117.6534,123.4576,119.2382,117.7245,114.5547
2024-10-15,109.1984,110.3848,108.5774,110.2921,3613900,NVO,112.4560,112.5295,119.3429,117.3218,123.3119,119.0394,117.7962,114.5014
2024-10-16,109.4023,109.4301,107.9285,108.4012,3019000,NVO,111.8058,112.2317,119.1278,117.0113,123.1540,118.8486,117.8689,114.4507
2024-10-17,109.5784,110.3663,109.4857,109.9214,2998300,NVO,111.0337,111.9790,119.1173,116.7198,122.9935,118.6650,117.9488,114.4022
2024-10-18,109.4579,109.6248,108.5774,109.1520,3193200,NVO,110.5971,111.7389,118.9393,116.4350,122.8499,118.4827,118.0210,114.3530
2024-10-21,108.7535,109.3374,108.3364,109.3282,3230600,NVO,110.3019,111.4545,118.6493,116.1338,122.7122,118.2901,118.0714,114.2973
2024-10-22,107.9563,108.1232,106.3713,106.5938,4689700,NVO,109.8862,111.1214,118.4095,115.8131,122.5655,118.0854,118.1254,114.2342
2024-10-23,107.2797,107.9285,106.5474,107.8266,3220700,NVO,109.3666,110.7555,118.0882,115.4784,122.3890,117.8715,118.1740,114.1650
2024-10-24,105.5927,106.8348,105.5835,106.7884,4499900,NVO,108.8856,110.2638,117.7175,115.0908,122.1926,117.6283,118.2117,114.0797
2024-10-25,105.0922,105.8430,104.8327,105.5742,4594600,NVO,108.5435,109.7713,117.2786,114.6987,121.9514,117.3801,118.2390,113.9903
2024-10-28,104.1468,104.4805,103.5072,104.1931,5356000,NVO,108.2326,109.2356,116.8609,114.2849,121.6908,117.1180,118.2706,113.8923
2024-10-29,103.7945,104.9902,103.0252,103.4609,8243400,NVO,107.9531,108.7174,116.4295,113.8735,121.4138,116.8542,118.2984,113.7918
2024-10-30,104.9624,105.4444,99.4010,100.9304,11109200,NVO,107.8029,108.3598,116.0111,113.5240,121.1440,116.6187,118.3357,113.7040
2024-10-31,103.7667,103.9614,101.6163,102.1539,8455300,NVO,107.6579,107.9224,115.5846,113.1414,120.8553,116.3642,118.3655,113.6051
2024-11-01,103.7575,104.7585,103.6184,104.6288,4554700,NVO,107.5105,107.5257,115.1222,112.7734,120.5835,116.1146,118.3912,113.5071
2024-11-04,101.6997,102.5710,101.4402,102.1354,6215000,NVO,107.1374,106.9709,114.6171,112.3391,120.2776,115.8291,118.4094,113.3896
2024-11-05,102.0798,102.2374,99.8737,100.0869,6604300,NVO,106.8098,106.5050,114.1505,111.9368,119.9826,115.5569,118.4362,113.2771
2024-11-06,97.6585,100.8007,97.3526,100.3557,12044600,NVO,106.2703,105.6625,113.5977,111.3769,119.6432,115.2024,118.4415,113.1217
2024-11-07,99.7625,99.8645,97.8716,98.3444,8363200,NVO,105.8115,105.1006,113.0999,110.9214,119.3446,114.8967,118.4580,112.9888
2024-11-08,99.3639,99.9850,98.6502,99.3176,5222600,NVO,105.2164,104.5543,112.5378,110.4682,119.0380,114.5891,118.4704,112.8532
2024-11-11,101.1158,102.5247,100.9675,101.6534,4941900,NVO,104.7210,104.2268,111.9804,110.1014,118.7472,114.3223,118.4805,112.7364
2024-11-12,99.2342,99.7440,97.9736,99.0025,5135400,NVO,104.2228,103.7513,111.4391,109.6752,118.4287,114.0236,118.4769,112.6020
2024-11-13,99.0951,99.9108,98.7615,99.0673,3157100,NVO,103.7074,103.3079,110.9271,109.2603,118.1057,113.7279,118.4726,112.4676
2024-11-14,97.6214,99.1786,97.3248,99.0210,4467100,NVO,103.1096,102.7663,110.4530,108.8039,117.7253,113.4090,118.4348,112.3199
2024-11-15,94.3031,94.8592,92.9869,94.2382,8076200,NVO,102.3518,101.9603,109.9080,108.2352,117.3416,113.0307,118.3755,112.1407
2024-11-18,92.5141,93.6172,92.1527,92.9869,8783700,NVO,101.5399,101.0606,109.3130,107.6187,116.9325,112.6244,118.3168,111.9454
2024-11-19,95.1280,95.5822,93.7469,93.7840,5778700,NVO,100.8984,100.4956,108.8096,107.1289,116.5656,112.2779,118.2503,111.7780
2024-11-20,97.5750,98.0107,95.4710,95.8695,7520700,NVO,100.4132,100.2175,108.2542,106.7542,116.1985,111.9868,118.1991,111.6367
2024-11-21,95.1280,95.6749,94.0899,95.6378,6185400,NVO,99.8900,99.7328,107.6234,106.2983,115.8294,111.6529,118.1308,111.4724
2024-11-22,97.3804,98.4741,96.2681,96.3144,6143300,NVO,99.5044,99.5087,107.0313,105.9486,115.5209,111.3703,118.0749,111.3322
2024-11-25,96.9169,98.1775,96.3979,97.6121,4294600,NVO,99.1429,99.2619,106.4318,105.5944,115.1753,111.0841,118.0039,111.1888
2024-11-26,98.3722,99.8274,97.9087,98.8727,6761400,NVO,98.8718,99.1771,105.9522,105.3112,114.8379,110.8324,117.9433,111.0613
2024-11-27,98.3722,98.3722,97.2877,98.0570,3990600,NVO,98.5423,99.1005,105.4715,105.0391,114.5248,110.5857,117.8851,110.9350
2024-11-29,98.9932,99.5493,97.6492,97.7233,2775100,NVO,98.3036,99.0903,104.9510,104.8020,114.1966,110.3561,117.8149,110.8162
2024-12-02,100.7265,101.1621,100.2445,100.9675,4948300,NVO,98.1520,99.2461,104.6017,104.6421,113.9130,110.1654,117.7604,110.7158
2024-12-03,101.2178,102.7750,101.0787,102.6823,4828700,NVO,98.1279,99.4339,104.3329,104.5079,113.6131,109.9882,117.6980,110.6213
2024-12-04,101.0046,102.4413,100.9953,102.1632,4485600,NVO,98.0742,99.5835,104.0276,104.3705,113.3175,109.8103,117.6463,110.5256
2024-12-05,100.8655,101.3290,100.3187,100.6802,3914400,NVO,98.2345,99.7056,103.6915,104.2330,113.0253,109.6332,117.5962,110.4295
2024-12-06,102.6730,103.1735,101.7276,101.8944,6045700,NVO,98.3800,99.9882,103.4407,104.1718,112.8015,109.4954,117.5388,110.3523
2024-12-09,102.9603,103.8038,102.2374,103.5536,4908900,NVO,98.5599,100.2712,103.2612,104.1243,112.6307,109.3660,117.4877,110.2787
2024-12-10,101.2085,103.3960,100.7543,103.3960,4621700,NVO,98.5645,100.3605,103.0781,104.0100,112.4281,109.2045,117.4276,110.1885
2024-12-11,103.5257,104.2951,101.9778,102.3764,6545700,NVO,98.7791,100.6620,102.9609,103.9910,112.2335,109.0920,117.3849,110.1222
2024-12-12,100.6709,103.0438,100.4855,102.7750,3650800,NVO,98.8579,100.6628,102.8150,103.8608,112.0094,108.9252,117.3311,110.0281
2024-12-13,99.1322,99.7440,96.5276,99.2156,6250400,NVO,98.9334,100.5170,102.6643,103.6754,111.7855,108.7313,117.2777,109.9197
2024-12-16,100.1518,101.8481,99.9850,101.3012,5346900,NVO,99.2258,100.4823,102.5332,103.5372,111.6063,108.5614,117.2090,109.8225
2024-12-17,100.1147,101.0231,99.8552,99.8737,5415500,NVO,99.6059,100.4473,102.3523,103.4030,111.4372,108.3942,117.1230,109.7259
2024-12-18,98.2146,101.0695,97.7697,100.4670,3760900,NVO,99.7602,100.2346,102.1439,103.1995,111.2369,108.1926,117.0427,109.6114
2024-12-19,95.8788,97.0930,95.2300,96.6481,5344400,NVO,99.6754,99.8198,101.8925,102.9124,111.0023,107.9488,116.9502,109.4748
2024-12-20,78.7867,80.2049,75.5426,76.6734,53762400,NVO,98.8583,97.8166,101.2895,101.9663,110.5654,107.3713,116.7211,109.1694
2024-12-23,82.2255,82.5870,79.7043,82.3738,18997900,NVO,98.1006,96.3318,100.7087,101.1922,110.1644,106.8734,116.5222,108.9013
2024-12-24,80.9835,82.4758,80.7054,82.4016,4774900,NVO,97.3039,94.8700,100.1079,100.3997,109.7970,106.3607,116.3255,108.6235
2024-12-26,81.2430,81.6230,80.5200,80.7981,6289300,NVO,96.4475,93.5722,99.5488,99.6484,109.4459,105.8633,116.1123,108.3511
2024-12-27,80.9835,82.2811,80.6591,81.3172,6066000,NVO,95.5780,92.3733,98.9804,98.9165,109.0541,105.3706,115.9053,108.0788
2024-12-30,79.4634,80.6498,79.3985,80.6127,6110000,NVO,94.6015,91.1438,98.3781,98.1536,108.7477,104.8576,115.6857,107.7940
2024-12-31,79.7322,79.7600,78.7867,79.1760,4202400,NVO,93.5518,90.0569,97.7836,97.4312,108.3614,104.3601,115.4775,107.5148
2025-01-02,81.1225,82.0401,80.8166,81.4840,4570300,NVO,92.5470,89.2060,97.2310,96.7916,107.9401,103.8999,115.2739,107.2522
2025-01-03,81.2430,81.7435,80.9557,81.0947,3769000,NVO,91.5590,88.4477,96.6967,96.1819,107.5531,103.4513,115.0779,106.9934
2025-01-06,78.8145,80.0288,78.6013,79.8156,10695700,NVO,90.4564,87.5302,96.1274,95.5008,107.1078,102.9634,114.8744,106.7130
2025-01-07,77.2481,78.6106,76.5992,77.9525,9567900,NVO,89.1852,86.5510,95.5605,94.7850,106.6390,102.4542,114.6655,106.4198
2025-01-08,79.3799,79.5282,78.4901,79.2594,9196400,NVO,88.0062,85.8680,95.0463,94.1809,106.1624,101.9973,114.4679,106.1508
2025-01-10,79.9546,80.9001,79.5653,80.8444,6774700,NVO,86.9435,85.3048,94.5624,93.6230,105.7117,101.5608,114.2718,105.8901
2025-01-13,78.4345,78.5272,77.5725,78.2491,7412400,NVO,85.6889,84.6505,94.0552,93.0274,105.2424,101.1029,114.0665,105.6169
2025-01-14,75.2459,77.5632,74.1986,76.8588,13694900,NVO,84.4177,83.7548,93.4609,92.3301,104.7360,100.5908,113.8515,105.3147
2025-01-15,76.8588,77.6930,76.6641,77.2666,9021500,NVO,83.3040,83.0981,92.9227,91.7233,104.2536,100.1209,113.6429,105.0316
2025-01-16,76.9978,77.8505,76.1821,76.6919,6322400,NVO,82.1463,82.5171,92.3875,91.1459,103.7549,99.6630,113.4390,104.7526
2025-01-17,72.9380,74.9679,72.4560,74.0966,21265300,NVO,80.7874,81.6048,91.8123,90.4318,103.2147,99.1338,113.2198,104.4361
2025-01-21,75.1069,75.1811,73.5219,73.8556,8094300,NVO,79.6321,80.9859,91.2728,89.8309,102.7116,98.6580,113.0089,104.1442
2025-01-22,74.6805,75.8206,74.5508,75.7558,5910400,NVO,78.5721,80.3854,90.8133,89.2367,102.2055,98.1832,112.8100,103.8511
2025-01-23,75.1718,75.7465,74.4581,75.3850,6765800,NVO,78.3914,79.8889,90.3215,88.6852,101.7107,97.7276,112.6047,103.5657
2025-01-24,81.5396,83.3934,80.2420,83.3934,27095400,NVO,78.3571,80.0461,89.9650,88.4049,101.2514,97.4070,112.4239,103.3465
2025-01-27,81.1133,81.9938,79.1019,79.4726,10864900,NVO,78.3636,80.1477,89.5649,88.1190,100.7727,97.0844,112.2530,103.1253
2025-01-28,78.9628,80.5108,78.4160,79.7785,9534300,NVO,78.2496,80.0349,89.1595,87.7599,100.2993,96.7255,112.0710,102.8849
2025-01-29,77.8876,79.4077,77.7671,79.3614,6843900,NVO,78.0948,79.8304,88.7353,87.3728,99.8312,96.3525,111.8814,102.6362
2025-01-30,79.1019,80.1493,77.8042,78.4160,5798800,NVO,78.0767,79.7610,88.3650,87.0484,99.4090,96.0109,111.7020,102.4020
2025-01-31,78.2769,79.1946,78.1286,78.6662,6542300,NVO,78.0039,79.6197,88.0444,86.7045,98.9762,95.6597,111.5213,102.1619
2025-02-03,76.6085,77.2851,76.0709,76.1265,5460100,NVO,77.7782,79.3329,87.7263,86.3085,98.5196,95.2825,111.3344,101.9077
2025-02-04,76.5807,77.3407,75.3294,75.6538,9880700,NVO,77.5451,79.0708,87.3554,85.9270,98.0825,94.9121,111.1423,101.6557
2025-02-05,79.4634,81.0298,78.8701,80.1122,14099000,NVO,77.5776,79.1082,86.9931,85.6736,97.6237,94.6062,110.9728,101.4348
2025-02-06,80.7981,82.4480,80.3346,80.3810,10576000,NVO,77.7551,79.2691,86.7065,85.4824,97.1650,94.3328,110.8103,101.2295
2025-02-07,80.1029,82.2811,79.8434,82.2070,8700800,NVO,77.7912,79.3485,86.3610,85.2714,96.6961,94.0510,110.6324,101.0193
2025-02-10,77.7764,79.6395,77.5354,79.4355,9555000,NVO,77.6823,79.1988,85.9782,84.9775,96.2050,93.7287,110.4273,100.7880
2025-02-11,77.6188,78.0915,76.8124,77.4056,5046800,NVO,77.6415,79.0483,85.5631,84.6889,95.7577,93.4097,110.2329,100.5575
2025-02-12,75.8114,76.3397,74.6435,75.0976,6427400,NVO,77.6698,78.7400,85.1119,84.3408,95.2917,93.0613,110.0312,100.3112
2025-02-13,73.0677,74.2820,72.9472,73.7258,10809200,NVO,77.4802,78.1998,84.5934,83.8987,94.7722,92.6653,109.8108,100.0402
2025-02-14,72.1779,73.2902,72.1316,72.8360,9875500,NVO,77.2393,77.6263,84.0224,83.4391,94.3121,92.2596,109.5859,99.7629
2025-02-18,76.3119,76.6363,75.1347,76.0987,8712100,NVO,77.4080,77.5011,83.5243,83.1596,93.9286,91.9439,109.3750,99.5296
2025-02-19,77.3037,77.5169,76.5251,76.8773,5948100,NVO,77.5178,77.4823,83.0503,82.9299,93.5389,91.6539,109.1649,99.3084
2025-02-20,77.6188,77.8598,76.6641,76.8680,5015200,NVO,77.6647,77.4953,82.5854,82.7216,93.1384,91.3760,108.9804,99.0926
2025-02-21,81.6416,82.7075,79.4726,81.9289,15128800,NVO,77.9882,77.8902,82.1647,82.6793,92.8027,91.1833,108.8204,98.9190
2025-02-24,83.9681,84.4594,81.6787,82.3646,10476300,NVO,78.1096,78.4690,81.7849,82.7298,92.5230,91.0404,108.6650,98.7702
2025-02-25,84.3018,86.9435,82.4943,85.5346,11465900,NVO,78.2690,79.0245,81.4467,82.7915,92.2624,90.9069,108.4988,98.6262
2025-02-26,83.0041,84.4594,82.7539,84.3759,7387800,NVO,78.4711,79.4036,81.0363,82.7998,91.9986,90.7505,108.3289,98.4708
2025-02-27,82.6982,83.5973,82.4109,82.4480,6953800,NVO,78.7116,79.7173,80.6769,82.7958,91.7459,90.5910,108.1483,98.3139
2025-02-28,84.0237,84.0886,82.8465,83.2915,5962500,NVO,78.9577,80.1275,80.3747,82.8440,91.5195,90.4610,107.9755,98.1717
2025-03-03,82.8373,84.1071,82.4943,84.0330,4810900,NVO,79.1857,80.3855,80.0284,82.8437,91.2808,90.3100,107.7783,98.0191
2025-03-04,81.1040,82.1699,80.0195,81.8455,5203600,NVO,79.4105,80.4540,79.6482,82.7755,91.0002,90.1277,107.5701,97.8508
2025-03-05,84.2184,85.1823,83.6900,84.8116,8011700,NVO,79.7924,80.8125,79.3683,82.8321,90.7561,90.0107,107.3694,97.7151
2025-03-06,81.6045,82.5221,81.0669,81.5211,5450900,NVO,79.8995,80.8879,79.0828,82.7839,90.4877,89.8442,107.1632,97.5548
2025-03-07,80.7981,82.0772,80.0380,81.9104,5278200,NVO,79.8995,80.8794,79.1230,82.7061,90.2062,89.6651,106.9582,97.3881
2025-03-10,73.1790,74.8010,72.5765,73.9761,12603400,NVO,79.5533,80.1460,78.9421,82.3324,89.8254,89.3386,106.7104,97.1472
2025-03-11,72.4004,73.4756,71.3715,73.1141,7433500,NVO,79.2845,79.4083,78.7704,81.9430,89.4391,89.0032,106.4484,96.9010
2025-03-12,69.3230,69.8328,68.4054,68.8874,10858200,NVO,78.8697,78.4478,78.5320,81.4481,89.0404,88.6135,106.1761,96.6266
2025-03-13,70.3426,71.6866,69.8884,70.4631,8228200,NVO,78.5962,77.6759,78.3192,81.0125,88.6498,88.2517,105.9019,96.3650
2025-03-14,71.5105,71.8813,69.7401,70.2129,6505900,NVO,78.5184,77.0887,78.1601,80.6399,88.2691,87.9202,105.6313,96.1177
2025-03-17,74.2912,74.6713,73.5497,73.8185,5995800,NVO,78.6240,76.8223,78.0513,80.3910,87.9174,87.6503,105.3837,95.9005
2025-03-18,75.0606,76.5343,74.3469,76.2007,5696400,NVO,78.5615,76.6545,77.9301,80.1819,87.5805,87.4010,105.1464,95.6932
2025-03-19,73.2253,74.3654,72.7433,74.2912,6920600,NVO,78.3576,76.3279,77.7697,79.9091,87.2332,87.1203,104.8993,95.4696
2025-03-20,73.0306,73.7444,72.7526,73.4292,4572500,NVO,78.1282,76.0139,77.6540,79.6394,86.8907,86.8413,104.6399,95.2463
2025-03-21,71.2417,71.6403,69.9997,70.4075,5880500,NVO,77.6082,75.5594,77.5339,79.3100,86.5472,86.5324,104.3699,95.0075
2025-03-24,69.8236,70.4446,69.4250,69.4899,8083200,NVO,76.9009,75.0131,77.3428,78.9380,86.1945,86.2015,104.0730,94.7569
2025-03-25,68.2200,70.4909,67.8493,70.3334,8895600,NVO,76.0968,74.3662,77.1081,78.5177,85.8353,85.8455,103.7630,94.4929
2025-03-26,66.4867,67.5341,66.3662,67.2560,7582300,NVO,75.2710,73.6157,76.8691,78.0459,85.4622,85.4621,103.4380,94.2142
2025-03-27,65.0315,65.4764,64.6700,65.0315,7970800,NVO,74.3876,72.7982,76.6649,77.5355,85.0629,85.0576,103.1034,93.9238
2025-03-28,64.2344,65.2076,64.1231,65.0408,5867000,NVO,73.3982,71.9826,76.4124,77.0139,84.6675,84.6452,102.7614,93.6284
2025-03-31,65.4013,65.5802,62.9902,63.7813,6826100,NVO,72.5264,71.3558,76.1804,76.5585,84.2840,84.2642,102.4337,93.3475
2025-04-01,64.0733,65.9287,63.7060,65.9099,6213800,NVO,71.6748,70.6622,76.0031,76.0689,83.9077,83.8643,102.0926,93.0562
2025-04-02,64.2711,64.7232,63.4046,63.5835,7337200,NVO,70.6775,70.0535,75.7864,75.6063,83.5296,83.4764,101.7561,92.7698
2025-04-03,63.1974,64.5536,63.1032,64.4500,8822500,NVO,69.7571,69.4006,75.5568,75.1196,83.1850,83.0748,101.4141,92.4756
2025-04-04,58.9120,61.6622,58.7425,61.4361,10869500,NVO,68.6628,68.4017,75.2316,74.4840,82.7765,82.5963,101.0606,92.1416
2025-04-07,59.9386,61.4832,57.0849,57.8666,14551900,NVO,68.0008,67.5957,74.7995,73.9136,82.3823,82.1477,100.7102,91.8212
2025-04-08,58.0173,61.2666,57.2921,61.1442,8100500,NVO,67.2816,66.6834,74.3376,73.2902,81.9513,81.6698,100.3493,91.4848
2025-04-09,61.3043,61.5021,56.0582,56.9718,13243300,NVO,66.8807,66.1711,73.9845,72.8202,81.5720,81.2665,100.0003,91.1845
2025-04-10,57.6500,59.5619,55.8699,59.4489,9984000,NVO,66.2461,65.3596,73.5797,72.2253,81.1575,80.7989,99.6316,90.8508
2025-04-11,60.9652,61.2195,59.5525,60.0234,11392100,NVO,65.7188,64.9411,73.2170,71.7837,80.7910,80.4061,99.2581,90.5535
2025-04-14,62.2179,62.8677,61.5303,62.6134,8067300,NVO,65.1151,64.6817,72.8958,71.4086,80.4701,80.0460,98.9059,90.2715
2025-04-15,60.7392,62.1143,60.1458,61.8223,5945600,NVO,64.3991,64.3062,72.5784,70.9902,80.1524,79.6637,98.5424,89.9777
2025-04-16,59.2228,60.6638,58.7707,60.5885,6302600,NVO,63.6989,63.8221,72.2312,70.5287,79.7933,79.2589,98.1795,89.6717
2025-04-17,54.7020,55.6250,53.9485,54.5419,32220600,NVO,62.7825,62.9535,71.7360,69.9081,79.3646,78.7726,97.7815,89.3237
2025-04-21,54.9375,55.8510,53.6848,54.8621,13419300,NVO,61.9673,62.1901,71.2188,69.3210,78.9627,78.3006,97.3961,88.9815
2025-04-22,56.4256,56.6799,55.4931,55.5779,11697900,NVO,61.2974,61.6411,70.7453,68.8153,78.5531,77.8675,97.0370,88.6576
2025-04-23,57.7347,58.7990,57.3486,58.1774,9128700,NVO,60.7731,61.2691,70.3444,68.3807,78.1613,77.4688,96.6683,88.3499
2025-04-24,58.9874,59.0910,58.2433,58.8461,7891100,NVO,60.3982,61.0518,69.9718,68.0124,77.7675,77.1028,96.3027,88.0577
2025-04-25,58.4693,58.6483,57.0472,57.1414,7835200,NVO,60.0701,60.8058,69.6250,67.6381,77.3684,76.7339,95.9466,87.7633
2025-04-28,58.9779,59.5713,58.3658,58.5730,6280300,NVO,59.8072,60.6317,69.3432,67.2985,76.9683,76.3822,95.5824,87.4769
2025-04-29,61.3702,61.6057,60.4284,61.4644,10923700,NVO,59.6057,60.7021,69.1270,67.0660,76.5747,76.0850,95.2438,87.2171
2025-04-30,62.5852,62.7641,61.5963,62.6040,9242900,NVO,59.5313,60.8814,68.8525,66.8903,76.1884,75.8177,94.9008,86.9721
2025-05-01,61.7846,64.8268,60.4472,64.8079,16439500,NVO,59.4070,60.9674,68.5421,66.6901,75.7962,75.5398,94.5568,86.7214
2025-05-02,65.2035,65.7969,64.5442,65.6933,13466300,NVO,59.5073,61.3709,68.2938,66.6318,75.4396,75.3351,94.2324,86.5073
2025-05-05,65.0999,65.7309,64.8833,65.1470,8811400,NVO,59.8167,61.7260,67.9629,66.5717,75.0638,75.1324,93.9327,86.2943
2025-05-06,62.4345,64.1581,62.1519,64.0074,10554700,NVO,59.9414,61.7935,67.5323,66.4095,74.6586,74.8810,93.6446,86.0569
2025-05-07,63.6212,65.6179,62.9337,65.3165,14153000,NVO,60.2216,61.9676,67.1187,66.3001,74.2827,74.6580,93.3554,85.8337
2025-05-08,61.0782,62.1237,60.6544,62.0766,12047100,NVO,60.2103,61.8829,66.6801,66.0954,73.8582,74.3891,93.0459,85.5873
2025-05-09,61.9447,63.5176,61.7752,63.1032,13071300,NVO,60.4251,61.8887,66.2651,65.9326,73.4710,74.1427,92.7402,85.3521
2025-05-12,63.8002,63.8096,60.3154,60.3624,18259700,NVO,60.5668,62.0708,65.8606,65.8490,73.1176,73.9379,92.4516,85.1376
2025-05-13,61.5963,62.7547,61.1724,62.7359,10357000,NVO,60.5357,62.0256,65.4358,65.6822,72.7321,73.6935,92.1692,84.9034
2025-05-14,60.6638,62.9431,60.3624,62.6323,10176100,NVO,60.5320,61.8959,65.0270,65.4854,72.3376,73.4355,91.8874,84.6622
2025-05-15,62.3026,62.4439,61.0123,61.4079,9074700,NVO,60.6860,61.9346,64.5887,65.3606,71.9785,73.2150,91.6077,84.4397
2025-05-16,60.6262,60.9370,59.4583,60.6544,19012600,NVO,60.9822,61.8100,64.1691,65.1749,71.6259,72.9657,91.3141,84.2028
2025-05-19,63.1220,63.1315,61.0971,61.5680,11194300,NVO,61.3914,61.9350,63.8156,65.0944,71.4693,72.7708,91.0173,83.9930
2025-05-20,64.2334,65.9287,63.7154,65.4013,12559100,NVO,61.7818,62.1539,63.6367,65.0606,71.2894,72.6018,90.7269,83.7964
2025-05-21,64.2334,65.6933,64.1675,64.3464,8983400,NVO,62.1067,62.3519,63.4733,65.0282,71.1219,72.4360,90.4594,83.6017
2025-05-22,64.2051,64.5348,62.5004,62.5475,7192300,NVO,62.3676,62.5284,63.3710,64.9959,70.9515,72.2731,90.1987,83.4087
2025-05-23,63.4328,63.9414,62.7265,63.3481,6508400,NVO,62.6158,62.6146,63.2328,64.9346,70.7760,72.0980,89.9150,83.2100
2025-05-27,66.3431,67.1531,65.8063,66.6916,9250600,NVO,62.9841,62.9697,63.1294,64.9899,70.6448,71.9840,89.6962,83.0422
2025-05-28,64.6101,65.8157,64.3841,65.3448,7864700,NVO,63.1461,63.1259,62.9358,64.9750,70.4936,71.8380,89.4275,82.8587
2025-05-29,65.4201,65.4578,64.3276,65.2318,8993300,NVO,63.2878,63.3444,62.7430,64.9924,70.3365,71.7109,89.1383,82.6852
2025-05-30,67.3415,67.4074,65.0528,65.7309,11194200,NVO,63.5656,63.7251,62.6253,65.0846,70.1975,71.6244,88.8753,82.5326
2025-06-02,68.5941,68.6130,67.1154,67.5958,16807900,NVO,63.7352,64.1888,62.5366,65.2222,70.0953,71.5644,88.6016,82.3939
2025-06-03,66.7858,67.7747,66.4750,67.4357,8822700,NVO,63.8195,64.4361,62.4475,65.2835,69.9907,71.4698,88.3148,82.2386
2025-06-04,67.8501,68.8861,67.8312,67.9819,6917000,NVO,64.0902,64.7613,62.4080,65.3841,69.8754,71.3981,88.0189,82.0954
2025-06-05,68.4246,69.3664,68.1138,68.8861,5090500,NVO,64.3304,65.1101,62.4121,65.5034,69.7601,71.3392,87.7359,81.9594
2025-06-06,70.2894,70.7886,69.6678,69.8373,9549900,NVO,64.7910,65.6034,62.4881,65.6911,69.6786,71.3184,87.4605,81.8432
2025-06-09,71.0712,72.3803,69.8468,70.6473,10885800,NVO,65.2473,66.1241,62.6089,65.9021,69.6369,71.3135,87.1864,81.7361
2025-06-10,74.7161,75.7615,72.9360,73.4540,13076800,NVO,65.7931,66.9424,62.8186,66.2477,69.6155,71.3809,86.9346,81.6662
2025-06-11,74.1510,75.1870,73.7836,74.4806,9211600,NVO,66.4208,67.6290,62.9936,66.5576,69.5870,71.4358,86.6709,81.5914
2025-06-12,76.3360,76.4396,75.2718,75.9499,10562500,NVO,67.2044,68.4582,63.2388,66.9411,69.6210,71.5328,86.4178,81.5391
2025-06-13,75.1870,76.7033,74.8103,76.6751,7491800,NVO,67.8487,69.0990,63.4571,67.2645,69.6218,71.6052,86.1667,81.4759
2025-06-16,72.5404,73.8213,72.1637,73.3127,8181900,NVO,68.4444,69.4268,63.6440,67.4714,69.6004,71.6237,85.9029,81.3870
2025-06-17,70.0163,71.3725,69.8279,71.1183,8080000,NVO,68.7891,69.4829,63.8661,67.5712,69.5488,71.5919,85.6298,81.2739
2025-06-18,69.7055,70.4684,69.4135,70.2235,5462300,NVO,69.0627,69.5041,64.0614,67.6549,69.4305,71.5545,85.3409,81.1588
2025-06-20,69.4794,70.0540,68.5093,69.5454,8213000,NVO,69.3250,69.5018,64.2907,67.7264,69.3141,71.5134,85.0434,81.0426
2025-06-23,65.6650,65.9758,64.5536,64.8644,15397900,NVO,69.3980,69.1364,64.3779,67.6456,69.1812,71.3976,84.7402,80.8896
2025-06-24,66.6163,66.9082,65.7969,66.1642,7386300,NVO,69.5571,68.8964,64.5572,67.6052,69.0685,71.3029,84.4498,80.7475
2025-06-25,63.4328,64.8739,62.9808,64.8550,13688100,NVO,69.4116,68.3760,64.6066,67.4416,68.9118,71.1471,84.1604,80.5752
2025-06-26,63.7625,64.4029,63.2822,63.6871,8142000,NVO,69.3693,67.9366,64.6375,67.2973,68.7666,71.0009,83.8714,80.4080
2025-06-27,64.5254,64.9304,64.0168,64.7608,5629400,NVO,69.3245,67.6118,64.7132,67.1886,68.6458,70.8726,83.5827,80.2499
2025-06-30,65.0057,65.5049,64.5536,65.3919,7637400,NVO,69.2077,67.3636,64.8288,67.1030,68.5300,70.7564,83.3063,80.0982
2025-07-01,65.7592,66.3243,64.1581,64.4312,6851700,NVO,69.0660,67.2108,65.0500,67.0503,68.3930,70.6575,83.0083,79.9556
2025-07-02,65.7592,66.2395,64.8927,65.5143,7908300,NVO,69.0146,67.0725,65.2664,66.9997,68.2426,70.5605,82.7038,79.8143
2025-07-03,65.1470,65.3636,64.5913,65.2506,4047900,NVO,68.8795,66.8891,65.4408,66.9270,68.0930,70.4533,82.3946,79.6684
2025-07-07,65.2883,65.4955,64.7137,65.3259,7313500,NVO,68.7227,66.7367,65.5919,66.8628,67.9682,70.3510,82.0866,79.5253
2025-07-08,65.5897,66.5032,64.6572,65.4107,9867100,NVO,68.4877,66.6274,65.7240,66.8128,67.8479,70.2567,81.8028,79.3866
2025-07-09,65.6367,65.8063,64.8550,64.9775,5380000,NVO,68.2160,66.5331,65.8673,66.7667,67.7461,70.1652,81.5189,79.2498
2025-07-10,66.8800,67.5769,65.4766,65.5331,6373900,NVO,67.8242,66.5661,66.0253,66.7712,67.6843,70.1002,81.2282,79.1267
2025-07-11,64.9209,65.8251,64.5442,65.6838,6522400,NVO,67.3627,66.4094,66.0964,66.6986,67.6117,69.9976,80.9619,78.9854
2025-07-14,64.9304,65.5049,64.4971,64.6101,6015900,NVO,66.7924,66.2686,66.1433,66.6293,67.4979,69.8973,80.7132,78.8455
2025-07-15,63.3104,65.4484,62.8301,65.4484,7250800,NVO,66.1986,65.9868,66.1738,66.4991,67.3579,69.7669,80.4484,78.6909
2025-07-16,63.1409,64.0827,63.0938,63.4234,5611100,NVO,65.7286,65.7158,66.1325,66.3674,67.2132,69.6357,80.1758,78.5362
2025-07-17,61.4927,62.5475,61.0971,62.3309,9041800,NVO,65.3024,65.3136,66.0604,66.1762,67.0117,69.4744,79.9072,78.3666
2025-07-18,60.5696,61.9636,60.4284,61.8506,8051200,NVO,64.8456,64.8618,66.0231,65.9564,66.7777,69.2981,79.6504,78.1895
2025-07-21,61.1442,61.5303,60.3907,60.9841,8280700,NVO,64.4288,64.5077,65.9735,65.7677,66.5461,69.1366,79.4043,78.0199
2025-07-22,62.8960,63.0749,61.6433,61.7093,8970300,NVO,64.2904,64.3542,66.0099,65.6550,66.3450,69.0130,79.1718,77.8694
2025-07-23,65.9570,66.2866,64.8739,64.9586,11980400,NVO,64.2574,64.5069,66.0901,65.6669,66.1776,68.9525,78.9618,77.7509
2025-07-24,66.6163,67.2285,66.1359,66.5409,10161000,NVO,64.4166,64.7078,66.1465,65.7041,66.0035,68.9063,78.7615,77.6401
2025-07-25,67.5298,67.6240,66.4750,66.8894,7350200,NVO,64.6050,64.9765,66.2651,65.7757,65.8505,68.8790,78.5656,77.5395
2025-07-28,64.9869,67.1343,64.4877,66.8706,7156200,NVO,64.6280,64.9775,66.3516,65.7448,65.6893,68.8019,78.3448,77.4146
2025-07-29,50.8028,52.1496,50.3978,50.8122,110735600,NVO,63.9179,63.6275,66.1216,65.1588,65.3551,68.4455,78.0556,77.1498
2025-07-30,47.1202,48.3823,46.7152,48.2787,65866200,NVO,62.9859,62.0554,65.8515,64.4514,65.0103,68.0232,77.7490,76.8510
2025-07-31,44.3323,46.4326,44.1722,46.1124,50372500,NVO,61.9146,60.3675,65.4757,63.6624,64.6456,67.5541,77.4259,76.5274
2025-08-01,45.3872,46.1784,44.7844,45.4626,34787400,NVO,60.9266,58.9408,65.0988,62.9458,64.3677,67.1151,77.0966,76.2176
2025-08-04,45.9712,46.3479,45.5473,46.2255,20691900,NVO,59.9608,57.7056,64.7335,62.2801,64.1034,66.6965,76.7713,75.9166
2025-08-05,44.4736,45.3966,44.3794,45.0952,21508400,NVO,58.9050,56.4454,64.3389,61.5818,63.8549,66.2564,76.4477,75.6038
2025-08-06,42.7406,43.7861,42.4298,43.2963,37438100,NVO,57.7601,55.1402,63.9250,60.8429,63.5789,65.7907,76.1144,75.2768
2025-08-07,45.9241,46.2443,45.1329,45.6509,40780500,NVO,56.7124,54.2625,63.5167,60.2579,63.3230,65.3973,75.7961,74.9847
2025-08-08,48.1091,48.3163,47.1955,47.7512,23367500,NVO,55.8718,53.6764,63.1866,59.7815,63.0612,65.0550,75.4893,74.7173
2025-08-11,46.9695,47.7512,46.8942,47.4687,16177600,NVO,54.9737,53.0377,62.8176,59.2790,62.7803,64.6969,75.1804,74.4412
2025-08-12,46.8847,47.3839,46.5080,46.5457,10921900,NVO,54.1524,52.4517,62.4085,58.7930,62.5169,64.3442,74.8751,74.1670
2025-08-13,47.9396,48.2598,47.3180,47.3557,19443200,NVO,53.3924,52.0220,61.9954,58.3674,62.2660,64.0193,74.5784,73.9060
2025-08-14,47.9867,47.9867,46.9695,47.5440,12620600,NVO,52.7171,51.6377,61.6194,57.9603,62.0334,63.7018,74.2903,73.6481
2025-08-15,49.3618,49.6820,48.3823,48.4482,17622500,NVO,52.1567,51.4209,61.2497,57.6231,61.8288,63.4179,74.0117,73.4065
2025-08-18,51.1943,52.3753,51.1943,52.0039,32445100,NVO,51.6592,51.3993,60.9051,57.3710,61.6586,63.1758,73.7469,73.1854
2025-08-19,52.1753,52.8420,51.4515,51.9753,25993700,NVO,51.1231,51.4732,60.5428,57.1672,61.5155,62.9580,73.4888,72.9764
2025-08-20,51.7181,52.0324,51.2705,51.7467,14100700,NVO,50.4112,51.4965,60.1557,56.9535,61.3823,62.7354,73.2226,72.7649
2025-08-21,52.8135,53.1944,51.9753,52.1944,12883200,NVO,49.7211,51.6220,59.7177,56.7912,61.2681,62.5389,72.9678,72.5663
2025-08-22,54.2707,54.7755,53.9469,54.0135,17913400,NVO,49.0581,51.8742,59.3201,56.6923,61.1568,62.3752,72.7204,72.3843
2025-08-25,53.6611,55.5660,53.5754,54.6993,16185000,NVO,48.4918,52.0444,58.8666,56.5735,61.0527,62.2027,72.4802,72.1980
2025-08-26,52.7087,52.7373,52.0039,52.4039,12869500,NVO,48.5871,52.1077,58.4170,56.4219,60.9371,62.0147,72.2333,72.0041
2025-08-27,53.7564,53.9374,52.6896,53.0325,11697700,NVO,48.9189,52.2647,58.0413,56.3174,60.8427,61.8511,72.0138,71.8225
2025-08-28,53.4421,54.0612,53.0611,54.0231,9542500,NVO,49.3744,52.3768,57.7098,56.2046,60.7880,61.6846,71.7822,71.6396
2025-08-29,53.7754,53.8421,53.0611,53.3849,9116500,NVO,49.7938,52.5100,57.3912,56.1093,60.7263,61.5280,71.5543,71.4619
2025-09-02,53.6992,54.4612,53.1182,54.0231,11642700,NVO,50.1802,52.6233,57.0756,56.0148,60.6831,61.3730,71.3172,71.2851
2025-09-03,54.0421,54.6231,53.7850,53.9850,9105600,NVO,50.6587,52.7584,56.8432,55.9375,60.6105,61.2278,71.0912,71.1136
2025-09-04,53.4706,53.8135,52.8230,53.3087,8778100,NVO,51.1952,52.8262,56.5802,55.8407,60.5687,61.0742,70.8631,70.9380
2025-09-05,52.6039,53.4135,52.1277,53.1659,15505100,NVO,51.5291,52.8051,56.3637,55.7138,60.4851,60.9065,70.6380,70.7556
2025-09-08,51.6991,52.2896,51.5181,51.7658,12988100,NVO,51.7086,52.6997,56.1224,55.5564,60.3799,60.7241,70.4250,70.5660
2025-09-09,51.7181,51.7181,50.2133,50.5371,20606400,NVO,51.9461,52.6063,55.8663,55.4058,60.2897,60.5458,70.2210,70.3784
2025-09-10,51.7848,52.6134,51.3086,51.6324,16488300,NVO,52.1911,52.5280,55.6018,55.2638,60.2153,60.3723,70.0043,70.1934
2025-09-11,51.7181,52.0229,51.0038,51.0705,11793100,NVO,52.3800,52.4509,55.3210,55.1248,60.1855,60.2010,69.7750,70.0096
2025-09-12,52.2610,52.5753,51.7467,52.4420,10318000,NVO,52.5937,52.4328,55.0511,55.0125,60.1587,60.0437,69.5607,69.8330
2025-09-15,52.9754,54.2707,52.9087,53.8135,13764300,NVO,52.7744,52.4845,54.8076,54.9326,60.1242,59.9038,69.3387,69.6652
2025-09-16,54.4802,54.9850,53.9374,54.4231,17115600,NVO,52.9387,52.6746,54.5915,54.9149,60.0917,59.7964,69.1265,69.5141
2025-09-17,55.4327,56.3375,54.9279,55.0327,16809000,NVO,53.1016,52.9372,54.3883,54.9352,60.0561,59.7100,68.9118,69.3740
2025-09-18,58.9091,59.2901,57.9472,58.8996,24602000,NVO,53.4611,53.5060,54.2538,55.0910,60.0605,59.6941,68.7145,69.2699
2025-09-19,58.4805,59.3568,57.8329,59.3377,12902900,NVO,53.7445,53.9798,54.0858,55.2239,60.0556,59.6701,68.5119,69.1625
2025-09-22,57.8233,58.2139,56.7852,57.1471,10742700,NVO,53.9221,54.3458,53.9438,55.3259,60.0201,59.6335,68.2974,69.0497
2025-09-23,56.7090,57.4614,56.2709,57.4328,11510900,NVO,54.0745,54.5709,53.7794,55.3801,59.9613,59.5756,68.0749,68.9269
2025-09-24,55.9470,56.4328,55.3756,56.0518,11232100,NVO,54.2364,54.7019,53.6321,55.4023,59.9030,59.5037,67.8496,68.7978
2025-09-25,53.3754,54.6231,53.2135,54.4231,18287400,NVO,54.2174,54.5756,53.4368,55.3229,59.7847,59.3824,67.6121,68.6443
2025-09-26,52.9659,53.3564,51.9658,52.9563,17739800,NVO,54.1936,54.4223,53.2663,55.2304,59.6633,59.2553,67.3636,68.4883
2025-09-29,52.8611,52.9944,51.4419,51.5657,19329100,NVO,54.1478,54.2736,53.1121,55.1375,59.5676,59.1287,67.1131,68.3328
2025-09-30,52.8516,52.9277,51.2133,51.4419,19003500,NVO,54.1055,54.1382,52.9463,55.0479,59.4599,59.0044,66.8713,68.1788
2025-10-01,56.3566,56.4042,53.3373,53.3468,24835100,NVO,54.2212,54.3494,52.8155,55.0992,59.4127,58.9520,66.6355,68.0611
2025-10-02,55.9470,56.3090,55.2422,56.0804,11966700,NVO,54.3450,54.5016,52.6153,55.1324,59.3527,58.8925,66.4118,67.9406
2025-10-03,56.7947,57.2424,55.6708,56.1947,15362900,NVO,54.5545,54.7200,52.4188,55.1976,59.2827,58.8509,66.2002,67.8297
2025-10-06,56.8138,58.0043,56.8138,57.2805,13782400,NVO,54.8103,54.9194,52.2045,55.2610,59.2348,58.8106,65.9835,67.7201
2025-10-07,56.2137,56.7566,55.7470,56.6328,9675100,NVO,55.0351,55.0427,52.0291,55.2984,59.1903,58.7592,65.7640,67.6056
2025-10-08,56.7757,57.2709,56.6423,56.9661,9888700,NVO,55.2846,55.2077,52.1485,55.3563,59.1351,58.7199,65.5568,67.4978
2025-10-09,55.8899,56.5756,55.6708,56.1185,8839800,NVO,55.4932,55.2727,52.3239,55.3772,59.0877,58.6638,65.3568,67.3823
2025-10-10,54.2231,56.0042,54.0897,55.8137,15047600,NVO,55.5913,55.1727,52.5217,55.3320,58.9987,58.5759,65.2340,67.2514
2025-10-13,54.7660,55.3660,54.5279,54.5755,8835500,NVO,55.6808,55.1340,52.7093,55.3098,58.9040,58.5005,65.0967,67.1272
2025-10-14,53.9659,54.1659,53.1468,53.6040,7632700,NVO,55.6551,55.0227,52.8692,55.2571,58.8014,58.4107,64.9616,66.9962
2025-10-15,54.0231,54.2326,53.4325,53.7278,8475200,NVO,55.5846,54.9275,53.0602,55.2087,58.6995,58.3238,64.8255,66.8671
2025-10-16,53.4230,54.8136,53.3087,54.3660,8353700,NVO,55.3103,54.7842,53.2738,55.1386,58.5994,58.2267,64.6877,66.7333
2025-10-17,51.7848,51.8515,50.9943,51.3181,14761500,NVO,54.9755,54.4986,53.3911,55.0071,58.4539,58.0992,64.5493,66.5846
2025-10-20,53.0897,53.5564,52.5658,52.7754,7901600,NVO,54.7388,54.3644,53.4907,54.9319,58.3387,58.0000,64.4161,66.4503
2025-10-21,52.1753,52.7373,51.9372,52.6706,10182100,NVO,54.5122,54.1559,53.5948,54.8238,58.2062,57.8846,64.2714,66.3083
2025-10-22,50.8419,51.2133,50.4133,50.9562,12420900,NVO,54.2569,53.8403,53.6739,54.6677,58.0412,57.7452,64.1194,66.1544
2025-10-23,50.6990,50.9181,49.8894,50.0704,9326500,NVO,54.1231,53.5411,53.7291,54.5120,57.8623,57.6057,63.9788,66.0006
2025-10-24,50.4419,51.0038,50.4133,50.8705,8497600,NVO,53.9969,53.2460,53.7782,54.3524,57.6988,57.4638,63.8448,65.8458
2025-10-27,50.3752,50.6990,50.1371,50.2704,10310000,NVO,53.8726,52.9725,53.7985,54.1965,57.5241,57.3234,63.6997,65.6918
2025-10-28,49.5751,50.3657,49.0513,50.2990,12172200,NVO,53.7088,52.6490,53.7661,54.0152,57.3356,57.1700,63.5478,65.5315
2025-10-29,48.9275,50.2990,48.7560,50.1656,9478200,NVO,53.3373,52.2946,53.7011,53.8157,57.1220,57.0068,63.4003,65.3663
2025-10-30,47.6607,48.1369,47.0892,47.5750,21057500,NVO,52.9230,51.8532,53.6200,53.5743,56.8879,56.8217,63.2624,65.1901
2025-10-31,47.1083,47.1178,46.1844,46.4606,20020900,NVO,52.4387,51.4013,53.5059,53.3208,56.6118,56.6294,63.1136,65.0102
2025-11-03,46.7749,47.1559,46.2606,47.0606,11147000,NVO,51.9367,50.9607,53.3560,53.0641,56.3380,56.4342,62.9625,64.8287
2025-11-04,45.9558,47.5273,45.4891,45.6796,28629400,NVO,51.4238,50.4841,53.2019,52.7853,56.0342,56.2267,62.8276,64.6409
2025-11-05,46.1558,46.6701,43.9652,44.7462,37996600,NVO,50.8928,50.0718,53.0708,52.5253,55.7439,56.0273,62.6828,64.4570
2025-11-06,44.2985,47.2035,44.0890,45.4796,43747200,NVO,50.3133,49.5220,52.8817,52.2027,55.4615,55.7951,62.5309,64.2564
2025-11-07,43.5080,44.0699,43.0032,43.8509,19979600,NVO,49.7775,48.9492,52.6830,51.8617,55.1964,55.5517,62.3726,64.0500
2025-11-10,43.7556,44.1652,43.4032,44.0223,14406500,NVO,49.2270,48.4546,52.4826,51.5438,54.9369,55.3182,62.1837,63.8480
2025-11-11,46.8130,47.0797,44.8129,44.8319,27711100,NVO,48.8694,48.2983,52.3448,51.3583,54.7102,55.1497,62.0122,63.6785
2025-11-12,47.8702,48.0321,46.9749,47.1273,24672300,NVO,48.5617,48.2575,52.2214,51.2215,54.5323,55.0056,61.8567,63.5212
2025-11-13,46.8225,47.7083,46.5844,46.8606,18878300,NVO,48.2317,48.1208,52.0884,51.0490,54.3343,54.8436,61.7014,63.3551
2025-11-14,45.9653,46.5844,45.7463,46.1939,12507600,NVO,47.9407,47.9156,51.9557,50.8497,54.1597,54.6677,61.5357,63.1821
2025-11-17,46.1558,46.8511,45.4510,45.6320,13520500,NVO,47.5940,47.7480,51.8448,50.6656,53.9836,54.4992,61.3751,63.0126
2025-11-18,45.2891,45.7367,44.9557,45.3367,17104700,NVO,47.2497,47.5138,51.7162,50.4548,53.7912,54.3168,61.2185,62.8363
2025-11-19,46.6701,47.0416,45.4891,45.7558,16585000,NVO,47.0411,47.4334,51.6139,50.3063,53.6079,54.1654,61.0690,62.6754
2025-11-20,45.3367,47.1749,45.2224,47.1464,15252300,NVO,46.7730,47.2337,51.4863,50.1114,53.4037,53.9906,60.8983,62.5029
2025-11-21,45.3653,45.8606,44.4700,44.7843,18985300,NVO,46.5192,47.0558,51.3484,49.9253,53.1997,53.8198,60.7212,62.3324
2025-11-24,42.8318,43.0699,41.0316,41.3650,73618700,NVO,46.1420,46.6535,51.1455,49.6471,52.9766,53.6022,60.5348,62.1383
2025-11-25,44.8224,44.9653,43.7556,43.7937,30458600,NVO,45.9044,46.4791,50.9524,49.4579,52.7719,53.4283,60.3700,61.9660
2025-11-26,46.3939,46.6987,45.8891,46.2225,17834800,NVO,45.7777,46.4710,50.7716,49.3378,52.5800,53.2890,60.2139,61.8111
2025-11-28,47.0035,47.3464,46.0510,46.7940,15484200,NVO,45.7448,46.5217,50.5335,49.2462,52.3936,53.1646,60.0699,61.6638
2025-12-01,46.1272,47.1368,46.0701,46.6035,11626700,NVO,45.6958,46.4841,50.2864,49.1239,52.1861,53.0252,59.9352,61.5092
2025-12-02,45.1748,45.6986,45.1176,45.5843,11905200,NVO,45.6158,46.3594,50.0334,48.9691,51.9886,52.8698,59.8002,61.3466
2025-12-03,45.3081,45.8225,45.0510,45.3653,11472500,NVO,45.5834,46.2593,49.8054,48.8255,51.7924,52.7200,59.6451,61.1870
2025-12-04,45.7082,45.9463,45.1176,45.6986,18457100,NVO,45.5610,46.2068,49.6006,48.7032,51.6164,52.5812,59.4872,61.0330
2025-12-05,45.5843,46.7844,45.5558,46.6130,15325300,NVO,45.6253,46.1475,49.4448,48.5809,51.4408,52.4426,59.3270,60.8793
2025-12-08,44.5462,44.9272,44.1461,44.9176,14872500,NVO,45.6772,45.9950,49.2764,48.4227,51.2714,52.2863,59.1415,60.7168
2025-12-09,44.1557,44.5652,43.8890,44.0223,10247900,NVO,45.6972,45.8199,49.1023,48.2554,51.1072,52.1253,58.9425,60.5520
2025-12-10,46.7178,47.1464,44.8033,45.1462,16964800,NVO,45.6924,45.9054,48.9796,48.1951,50.9630,52.0182,58.7545,60.4144
2025-12-11,47.8988,48.1369,47.2321,47.5845,15601200,NVO,45.6939,46.0952,48.8105,48.1835,50.8130,51.9366,58.5790,60.2898
2025-12-12,47.7940,48.3369,47.5464,48.1274,12392800,NVO,45.7425,46.2570,48.6474,48.1682,50.6314,51.8546,58.4045,60.1655
2025-12-15,47.9750,48.2512,47.1940,47.5845,11354700,NVO,45.8429,46.4206,48.4710,48.1606,50.4449,51.7778,58.2242,60.0442
2025-12-16,46.6320,47.5940,46.1082,47.4416,14148500,NVO,45.8667,46.4408,48.2674,48.1007,50.2360,51.6759,58.0432,59.9107
2025-12-17,45.4986,46.4320,45.4605,45.8129,10340900,NVO,45.8772,46.3510,48.0531,47.9986,50.0411,51.5535,57.8652,59.7673
2025-12-18,45.3462,46.0130,45.2605,45.7177,8303300,NVO,45.8110,46.2553,47.8245,47.8946,49.9865,51.4306,57.6708,59.6238
2025-12-19,45.8034,46.4796,45.6986,45.8225,10927100,NVO,45.8344,46.2123,47.6228,47.8126,49.9733,51.3192,57.4918,59.4863
2025-12-22,45.8129,45.9272,45.3272,45.4796,16059100,NVO,45.8567,46.1743,47.4546,47.7342,49.9882,51.2102,57.3169,59.3503
2025-12-23,49.1560,50.6704,48.6131,50.1656,67564800,NVO,46.1730,46.4582,47.3424,47.7899,50.0258,51.1695,57.1968,59.2488
2025-12-24,50.0609,51.0800,49.5275,50.3371,19300100,NVO,46.4349,46.8014,47.2643,47.8790,50.0667,51.1475,57.0851,59.1574
2025-12-26,49.9085,50.5085,49.2418,50.4990,13255600,NVO,46.6106,47.0973,47.1820,47.9586,50.1211,51.1230,56.9880,59.0654
2025-12-29,49.0227,49.5180,48.9084,49.1084,16895900,NVO,46.7116,47.2806,47.0940,48.0003,50.1839,51.0814,56.8814,58.9654
2025-12-30,48.7846,49.2132,48.6417,49.0703,11902500,NVO,46.8444,47.4239,47.0340,48.0311,50.2125,51.0359,56.7678,58.8641
2025-12-31,48.4608,48.8227,48.1464,48.6227,10803900,NVO,47.0087,47.5226,46.9414,48.0479,50.2160,50.9849,56.6386,58.7606
2026-01-02,49.8990,49.9180,48.9656,49.1560,12134100,NVO,47.2383,47.7489,46.8959,48.1205,50.2453,50.9634,56.5128,58.6725
2026-01-05,52.4896,52.7849,50.8228,51.3562,30028700,NVO,47.5774,48.2004,46.9288,48.2918,50.3014,50.9936,56.4091,58.6109
2026-01-06,53.5849,55.3851,53.3564,54.4612,32942200,NVO,47.9774,48.7132,46.9865,48.4994,50.3578,51.0450,56.3119,58.5609
2026-01-07,53.8802,55.0231,53.5564,54.1469,17538400,NVO,48.4441,49.2053,47.0553,48.7104,50.4168,51.1011,56.2251,58.5143
2026-01-08,54.6136,55.1565,54.2993,54.3279,17505600,NVO,48.9670,49.7204,47.1401,48.9419,50.4693,51.1707,56.1491,58.4755
2026-01-09,56.0137,57.7567,55.9851,56.6423,29064400,NVO,49.4318,50.3198,47.2689,49.2193,50.5175,51.2666,56.0880,58.4510
2026-01-12,57.0138,57.4328,56.2899,57.2805,19311500,NVO,49.8875,50.9573,47.4306,49.5249,50.5659,51.3804,56.0407,58.4367
2026-01-13,56.8042,57.7472,56.3280,57.6995,16912900,NVO,50.3380,51.5141,47.6134,49.8104,50.6167,51.4878,55.9995,58.4205
2026-01-14,56.1089,56.9090,55.5660,56.0423,16344100,NVO,50.7447,51.9517,47.7935,50.0574,50.6497,51.5793,55.9589,58.3975
2026-01-15,54.4040,55.0898,53.6135,55.0422,25752300,NVO,51.1333,52.1853,47.9460,50.2278,50.6510,51.6352,55.9039,58.3578
2026-01-16,59.3663,59.4330,56.4233,57.0614,43377000,NVO,51.8267,52.8692,48.2143,50.5862,50.7081,51.7883,55.8804,58.3678
2026-01-20,57.7948,59.2235,57.1090,57.3567,30424600,NVO,52.4491,53.3383,48.4470,50.8689,50.7589,51.9072,55.8480,58.3621
2026-01-21,56.4994,57.3090,54.8231,57.1566,30601900,NVO,52.9839,53.6394,48.6911,51.0897,50.7864,51.9982,55.8145,58.3436
2026-01-22,59.2711,59.4711,58.1377,58.5186,20302000,NVO,53.6569,54.1757,49.0063,51.4105,50.8446,52.1422,55.8163,58.3528
2026-01-23,59.2997,61.1093,59.0806,60.3855,28013400,NVO,54.1640,54.6637,49.3172,51.7199,50.8999,52.2839,55.8131,58.3622
2026-01-26,60.9379,60.9569,59.6997,59.8902,20108000,NVO,54.7079,55.2613,49.5997,52.0814,50.9723,52.4553,55.8277,58.3878
2026-01-27,59.8997,60.4712,59.5187,59.8997,13426500,NVO,55.2074,55.7030,49.8403,52.3880,51.0308,52.6027,55.8207,58.4029
2026-01-28,57.4614,58.6329,57.1376,58.5567,16235900,NVO,55.6294,55.8705,50.0531,52.5870,51.0708,52.6989,55.8197,58.3935
2026-01-29,56.5090,57.0804,56.0042,57.0804,15841900,NVO,56.0156,55.9313,50.2639,52.7408,51.1098,52.7744,55.7975,58.3748
2026-01-30,56.6042,57.0614,55.8042,56.4518,12085800,NVO,56.4228,55.9954,50.4729,52.8923,51.1589,52.8502,55.7694,58.3571
2026-02-02,56.1280,56.4804,55.0422,55.1565,16647900,NVO,56.7342,56.0080,50.6897,53.0192,51.2030,52.9151,55.7463,58.3350
2026-02-03,47.9083,55.8518,47.5845,55.5756,69933200,NVO,56.5052,55.2366,50.7144,52.8187,51.1642,52.8160,55.6898,58.2312
2026-02-04,44.9462,46.7654,44.2604,45.6701,46859700,NVO,56.0732,54.2566,50.7066,52.5100,51.0965,52.6601,55.6410,58.0990
2026-02-05,41.2793,43.4985,41.1840,42.9080,54446100,NVO,55.4432,53.0206,50.6249,52.0696,50.9867,52.4348,55.5727,57.9317
2026-02-06,45.3748,45.4701,43.6604,44.1652,36856600,NVO,54.9812,52.2925,50.6758,51.8071,50.9106,52.2950,55.5174,57.8067
2026-02-09,47.0225,48.6608,46.6797,47.7464,30096900,NVO,54.5317,51.7906,50.7198,51.6194,50.8361,52.1906,55.4639,57.6994
2026-02-10,46.7844,48.0607,46.6511,47.6416,15847900,NVO,54.0202,51.3138,50.7276,51.4298,50.7496,52.0835,55.4029,57.5908
2026-02-11,46.4225,46.6320,45.7939,46.4130,12245000,NVO,53.5011,50.8480,50.7160,51.2335,50.6247,51.9714,55.3426,57.4797
2026-02-12,46.6035,47.6893,45.8320,46.5273,11708500,NVO,53.0259,50.4437,50.7255,51.0519,50.5060,51.8651,55.2808,57.3715
2026-02-13,47.2130,47.4702,46.8606,46.9559,10156100,NVO,52.6663,50.1360,50.7663,50.9013,50.3998,51.7730,55.2100,57.2704
2026-02-17,47.0225,47.4797,46.3654,46.7749,9892700,NVO,52.0491,49.8395,50.8005,50.7492,50.3030,51.6789,55.1322,57.1684
2026-02-18,46.8892,47.0130,46.3177,46.5178,11296400,NVO,51.5038,49.5585,50.8242,50.5979,50.2124,51.5841,55.0577,57.0661
2026-02-19,46.1463,46.4511,45.8891,46.4035,8289400,NVO,50.9862,49.2336,50.8354,50.4233,50.1401,51.4764,54.9624,56.9575
2026-02-20,45.1653,45.4796,44.7938,45.4224,12285800,NVO,50.2809,48.8461,50.8478,50.2171,50.0621,51.3514,54.8627,56.8401
2026-02-23,37.7457,39.1362,37.4695,38.2790,98664000,NVO,49.2032,47.7889,50.7196,49.7280,49.9110,51.0820,54.7393,56.6501
2026-02-24,36.7551,37.2123,36.5361,36.6694,43931700,NVO,47.9940,46.7381,50.5203,49.2193,49.7500,50.7983,54.6049,56.4522
2026-02-25,36.3456,36.4218,35.8598,35.9170,55460000,NVO,46.8163,45.7483,50.2893,48.7144,49.5499,50.5121,54.4813,56.2521
2026-02-26,35.8312,36.2598,35.5360,36.0313,35499000,NVO,45.7348,44.8038,50.0500,48.2092,49.3487,50.2214,54.3507,56.0489
2026-02-27,35.6693,36.0598,35.5550,35.7550,24222700,NVO,44.6929,43.9339,49.8039,47.7174,49.1375,49.9332,54.2101,55.8461
2026-03-02,35.9646,36.0408,34.9740,35.0788,22094200,NVO,43.6609,43.1749,49.5905,47.2565,48.9290,49.6566,54.0819,55.6483
2026-03-03,34.9169,35.1931,34.1454,34.6407,34247800,NVO,42.6003,42.3884,49.3789,46.7726,48.7160,49.3648,53.9532,55.4420
2026-03-04,36.6694,36.7646,35.5169,35.8408,26808100,NVO,42.0384,41.8438,49.2054,46.3764,48.5149,49.1134,53.8250,55.2552
2026-03-05,37.2123,37.2599,36.2694,36.4599,21579000,NVO,41.6517,41.4027,49.0336,46.0171,48.3282,48.8777,53.7079,55.0757
2026-03-06,36.7456,37.0028,36.3551,36.7456,15632400,NVO,41.4250,40.9591,48.8522,45.6535,48.1534,48.6375,53.5761,54.8933
2026-03-09,37.8885,37.9838,36.6694,37.3266,23796000,NVO,41.0507,40.6667,48.6269,45.3490,47.9846,48.4246,53.4443,54.7241
2026-03-10,36.8789,37.3552,36.3646,37.3266,20832600,NVO,40.5435,40.3060,48.3632,45.0168,47.8138,48.1960,53.3076,54.5466
2026-03-11,36.9837,37.1361,36.6884,36.8885,13208200,NVO,40.0535,39.9895,48.1047,44.7018,47.6434,47.9740,53.1714,54.3718
2026-03-12,36.2122,37.1647,36.0503,36.8408,17123000,NVO,39.5429,39.6298,47.8485,44.3689,47.4712,47.7411,53.0353,54.1911
2026-03-13,36.1551,36.9551,35.9074,36.5646,11608600,NVO,39.0205,39.2989,47.5959,44.0467,47.3150,47.5116,52.8844,54.0116
2026-03-16,36.7456,36.7551,35.9932,36.1646,11442700,NVO,38.4972,39.0557,47.3616,43.7604,47.1515,47.2984,52.7451,53.8398
2026-03-17,36.6027,37.4028,36.5551,36.8313,12174900,NVO,37.9762,38.8221,47.0957,43.4797,46.9958,47.0866,52.6010,53.6683
2026-03-18,35.6693,35.8979,35.2407,35.6598,26115900,NVO,37.4152,38.5218,46.7593,43.1734,46.8441,46.8606,52.4426,53.4892
2026-03-19,35.3169,35.4788,34.6312,34.6312,21364500,NVO,36.8737,38.2166,46.3939,42.8653,46.6902,46.6320,52.2762,53.3084
2026-03-20,34.7931,35.2407,34.4597,34.7550,26367700,NVO,36.3551,37.8905,46.0122,42.5488,46.5338,46.3975,52.1163,53.1242
2026-03-23,35.0693,35.4407,34.7454,35.0788,15011800,NVO,36.2213,37.6219,45.6213,42.2555,46.3807,46.1732,51.9524,52.9445
2026-03-24,35.1359,35.4312,34.8121,35.0978,16143300,NVO,36.1403,37.3851,45.2037,41.9763,46.2363,45.9547,51.7859,52.7673
2026-03-25,34.6026,35.6122,34.5073,35.3836,16442700,NVO,36.0532,37.1201,44.7555,41.6871,46.0931,45.7299,51.6075,52.5866
2026-03-26,34.6693,35.6598,34.4121,34.5645,20602800,NVO,35.9951,36.8867,44.3128,41.4119,45.9631,45.5108,51.4255,52.4083
2026-03-27,34.3264,34.7550,34.1835,34.5835,14694600,NVO,35.9279,36.6428,43.8772,41.1340,45.8353,45.2894,51.2235,52.2284
2026-03-30,34.8447,35.1805,34.6769,34.6868,17393800,NVO,35.8719,36.4716,43.4860,40.8874,45.7160,45.0825,51.0270,52.0554
2026-03-31,36.2863,36.2863,34.8744,34.9632,18979200,NVO,35.9404,36.4540,43.0244,40.7070,45.6193,44.9084,50.8268,51.8985
2026-04-01,36.0197,36.6220,35.3286,36.3061,24090600,NVO,35.9079,36.4126,42.5889,40.5231,45.5180,44.7323,50.6309,51.7405
2026-04-02,36.5134,36.5134,35.1805,35.6346,14695800,NVO,35.8730,36.4222,42.1892,40.3659,45.4401,44.5696,50.4508,51.5890
2026-04-06,36.2073,36.9479,36.0592,36.5332,11535500,NVO,35.8461,36.4017,41.7279,40.2028,45.3671,44.4040,50.2817,51.4359
2026-04-07,36.4443,36.5727,35.5162,35.9407,13916300,NVO,35.7738,36.4058,41.2708,40.0554,45.2940,44.2464,50.1154,51.2868
2026-04-08,37.1355,37.7082,36.8590,37.5502,13882500,NVO,35.7867,36.4753,40.7947,39.9409,45.1972,44.1056,49.9537,51.1460
2026-04-09,36.9676,37.1750,36.3554,36.7109,11231700,NVO,35.7859,36.5222,40.3361,39.8243,45.0882,43.9642,49.8102,51.0049
2026-04-10,37.0466,37.9353,36.9479,37.8168,11400500,NVO,35.8276,36.5721,39.9278,39.7154,44.9904,43.8272,49.6624,50.8660
2026-04-13,37.5008,37.5304,36.4838,36.6714,12692200,NVO,35.8949,36.6606,39.5476,39.6285,44.9058,43.7020,49.5327,50.7330
2026-04-14,38.8239,38.9128,38.2413,38.6363,19729300,NVO,35.9988,36.8666,39.1920,39.5970,44.8325,43.6054,49.4080,50.6145
2026-04-15,40.2951,40.3445,39.1695,39.2880,19479400,NVO,36.1834,37.1931,38.8754,39.6244,44.7825,43.5398,49.2869,50.5118
2026-04-16,40.4136,40.8875,39.7224,40.7394,16083800,NVO,36.4206,37.4998,38.7255,39.6553,44.7200,43.4779,49.1639,50.4114
2026-04-17,40.0088,40.7690,39.9199,40.4629,13204000,NVO,36.6552,37.7388,38.6267,39.6692,44.6667,43.4092,49.0352,50.3078
2026-04-20,39.9495,40.3346,39.7520,39.9989,10467100,NVO,36.9130,37.9493,38.6001,39.6802,44.6125,43.3407,48.9061,50.2048
2026-04-21,38.9226,39.6928,38.2117,39.6335,25186400,NVO,37.1057,38.0420,38.4711,39.6505,44.5734,43.2532,48.7750,50.0925
2026-04-22,38.6560,38.8338,38.3598,38.6560,17620600,NVO,37.2817,38.1005,38.3038,39.6115,44.5118,43.1622,48.6418,49.9787
2026-04-23,38.0340,38.7054,37.5403,38.6363,12266500,NVO,37.4533,38.0942,38.1287,39.5496,44.4282,43.0606,48.5041,49.8599
2026-04-24,40.6506,40.7098,39.3867,39.5546,25017300,NVO,37.7523,38.3376,38.0133,39.5928,44.3646,43.0129,48.3791,49.7682
2026-04-27,40.6802,41.1442,40.0384,40.2457,19367700,NVO,38.0700,38.5607,37.8948,39.6354,44.3102,42.9667,48.2481,49.6778
2026-04-28,40.6506,41.5491,40.5814,40.7789,16387700,NVO,38.3603,38.7598,37.7636,39.6752,44.2649,42.9209,48.1268,49.5880
2026-04-29,39.7817,40.2655,39.1991,40.2457,16339400,NVO,38.5351,38.8571,37.6188,39.6794,44.2097,42.8587,48.0010,49.4904
2026-04-30,41.6873,42.3192,41.1245,41.3220,25208100,NVO,38.8185,39.1266,37.5147,39.7581,44.1695,42.8355,47.8929,49.4128
2026-05-01,43.3264,43.4843,42.5562,42.7636,26254500,NVO,39.1591,39.5266,37.4583,39.8981,44.1469,42.8452,47.7938,49.3522
2026-05-04,43.8299,44.0175,43.2869,43.5930,18675700,NVO,39.5402,39.9364,37.4316,40.0523,44.1397,42.8647,47.7055,49.2973
2026-05-05,44.3039,44.5507,43.6522,43.9682,21292000,NVO,39.9332,40.3524,37.5628,40.2190,44.1412,42.8932,47.6242,49.2476
2026-05-06,45.1826,46.9501,44.9555,45.7257,30895000,NVO,40.3356,40.8124,37.7313,40.4136,44.1258,42.9386,47.5444,49.2071
2026-05-07,45.2221,46.4860,45.1728,45.9627,16912600,NVO,40.7483,41.2324,37.9089,40.6022,44.0991,42.9838,47.4560,49.1675
2026-05-08,45.4887,45.5578,44.6198,45.3900,12054100,NVO,41.1704,41.6378,38.1020,40.7938,44.0760,43.0334,47.3537,49.1309
2026-05-11,45.8146,47.1870,45.6862,46.1009,17851600,NVO,41.5861,42.0355,38.3049,40.9907,44.0544,43.0885,47.2497,49.0979
2026-05-12,46.4070,46.5156,45.7060,46.3971,14248200,NVO,41.9653,42.4519,38.5138,41.2031,44.0522,43.1542,47.1441,49.0711
2026-05-13,46.4860,46.6143,46.0614,46.4761,9998700,NVO,42.2748,42.8361,38.7452,41.4103,44.0620,43.2201,47.0516,49.0454
2026-05-14,45.2221,46.2490,44.9654,46.1996,13297200,NVO,42.5152,43.0633,38.9162,41.5598,44.0608,43.2598,47.0237,49.0073
2026-05-15,44.1755,44.9259,43.6917,44.8272,16383800,NVO,42.7236,43.1692,39.0555,41.6624,44.0445,43.2779,47.0089,48.9593
2026-05-18,43.7213,44.5211,43.4152,44.0669,15403400,NVO,42.9122,43.2218,39.1950,41.7431,44.0236,43.2867,47.0059,48.9071
2026-05-19,43.7213,44.2742,43.5238,43.8003,9704400,NVO,43.1521,43.2694,39.3117,41.8207,43.9693,43.2953,46.9975,48.8555
2026-05-20,44.5013,44.6791,43.8694,44.1261,10762200,NVO,43.4444,43.3867,39.4641,41.9258,43.9137,43.3192,46.9902,48.8122
2026-05-21,43.8299,44.0274,43.1881,43.6621,11628000,NVO,43.7342,43.4289,39.6010,42.0005,43.8529,43.3293,46.9870,48.7626
2026-05-22,44.3927,44.6100,43.9089,44.0472,10791000,NVO,43.9213,43.5207,39.7646,42.0943,43.8066,43.3504,46.9952,48.7192
2026-05-26,43.6325,44.4224,43.6226,44.1755,9355700,NVO,44.0689,43.5314,39.9142,42.1546,43.7551,43.3559,46.9838,48.6685
2026-05-27,43.9879,44.6593,43.6226,43.6226,11326200,NVO,44.2357,43.5748,40.0590,42.2265,43.7103,43.3685,46.9632,48.6220
2026-05-28,44.9358,45.4690,43.3955,43.4942,14639300,NVO,44.4934,43.7045,40.2257,42.3328,43.6607,43.3995,46.9530,48.5853
2026-05-29,45.0049,45.3110,44.5803,44.9062,10986400,NVO,44.6593,43.8283,40.4124,42.4375,43.5858,43.4313,46.9436,48.5497
2026-06-01,43.5140,44.8173,43.2375,44.8173,12978900,NVO,44.6687,43.7984,40.5763,42.4798,43.4851,43.4329,46.9215,48.4996
2026-06-02,42.3785,43.0795,41.7169,42.9413,17145200,NVO,44.5961,43.6631,40.7280,42.4758,43.3701,43.4120,46.8934,48.4386
2026-06-03,41.4701,42.2304,41.3713,42.1810,11342000,NVO,44.4544,43.4543,40.8561,42.4363,43.2387,43.3736,46.8540,48.3693
2026-06-04,43.1980,43.8102,41.6873,42.5463,16440300,NVO,44.3552,43.4299,41.0173,42.4662,43.1105,43.3701,46.8140,48.3179
2026-06-05,42.4180,43.6621,42.3192,43.4942,10855600,NVO,44.2150,43.3335,41.1736,42.4643,42.9646,43.3513,46.7652,48.2591
2026-06-08,40.5024,41.8749,40.4827,41.6873,20690200,NVO,43.9657,43.0639,41.2903,42.3874,42.8016,43.2948,46.7091,48.1820
2026-06-09,41.6577,41.7762,40.5617,40.5617,14720100,NVO,43.7578,42.9300,41.4369,42.3588,42.6570,43.2624,46.6534,48.1170
2026-06-10,42.2699,43.4745,41.1344,41.1442,16563900,NVO,43.5510,42.8671,41.5854,42.3553,42.5357,43.2428,46.5934,48.0589
2026-06-11,43.4053,43.5535,42.3982,42.4278,12719800,NVO,43.3970,42.9184,41.7278,42.3965,42.3761,43.2460,46.5421,48.0126
2026-06-12,43.3264,44.0373,43.1684,43.3856,14799200,NVO,43.3022,42.9572,41.8739,42.4329,42.2314,43.2476,46.4952,47.9659
2026-06-15,43.3659,44.2249,43.2572,44.1261,10223300,NVO,43.2617,42.9961,42.0110,42.4695,42.1001,43.2499,46.4432,47.9202
2026-06-16,43.0005,43.5535,42.8129,43.4745,7146600,NVO,43.2256,42.9965,42.1468,42.4903,41.9374,43.2450,46.3910,47.8712
2026-06-17,42.9709,44.4322,42.9117,44.4026,9862800,NVO,43.1881,42.9941,42.2774,42.5092,41.7741,43.2396,46.3370,47.8225
2026-06-18,42.6451,43.4448,41.9835,42.9018,8996700,NVO,43.0953,42.9609,42.3876,42.5145,41.5911,43.2278,46.2817,47.7709
2026-06-22,45.3011,45.8639,43.3461,43.4547,17141300,NVO,43.1689,43.1837,42.5542,42.6238,41.4452,43.2688,46.2380,47.7464
2026-06-23,46.8217,46.8316,45.8541,46.2095,17674300,NVO,43.2903,43.5302,42.7497,42.7884,41.3388,43.3392,46.2048,47.7372
2026-06-24,46.8118,47.0488,46.4267,46.5057,15078200,NVO,43.4493,43.8428,42.9359,42.9462,41.2418,43.4080,46.1758,47.7280
2026-06-25,47.0389,47.6314,46.7230,47.2167,12471200,NVO,43.6018,44.1471,43.1003,43.1067,41.1461,43.4799,46.1525,47.7211
2026-06-26,47.4635,47.8881,46.3971,46.5255,20136400,NVO,43.7282,44.4630,43.2436,43.2776,41.0595,43.5587,46.1312,47.7185
2026-06-29,47.7301,47.8683,47.0093,47.1179,9324100,NVO,43.8645,44.7741,43.3899,43.4522,41.0577,43.6413,46.1110,47.7186
2026-06-30,47.3351,48.0066,47.2660,47.8979,8579300,NVO,44.0555,45.0180,43.5365,43.6044,41.0816,43.7145,46.0890,47.7148
2026-07-01,48.1547,48.9248,47.9967,48.4015,11248400,NVO,44.3444,45.3168,43.7006,43.7829,41.1504,43.8024,46.0685,47.7192
2026-07-02,49.7937,50.2578,49.1519,49.1914,12069100,NVO,44.7605,45.7431,43.9180,44.0186,41.1945,43.9211,46.0526,47.7399
2026-07-06,48.6385,48.8557,47.9374,48.6582,12333300,NVO,45.0326,46.0189,44.1176,44.1998,41.2107,44.0145,46.0234,47.7488
2026-07-07,49.0137,49.8036,48.6879,49.6555,12222700,NVO,45.3623,46.3041,44.3372,44.3885,41.2330,44.1135,45.9913,47.7614
2026-07-08,48.2731,48.8458,47.8881,48.1349,9137800,NVO,45.7509,46.4916,44.4897,44.5409,41.2515,44.1958,45.9381,47.7665
2026-07-09,48.2633,48.7570,47.9671,48.0757,5458500,NVO,46.0812,46.6604,44.6414,44.6869,41.2681,44.2764,45.8870,47.7714
2026-07-10,48.8557,49.0137,48.1152,48.5496,6317800,NVO,46.4105,46.8694,44.8055,44.8503,41.2845,44.3671,45.8422,47.7822
2026-07-13,48.6582,49.0433,48.1448,48.5496,7420400,NVO,46.6731,47.0398,44.9830,44.9997,41.3009,44.4520,45.8019,47.7909
2026-07-14,48.4509,48.6484,47.6807,48.1645,6623700,NVO,46.9293,47.1742,45.1183,45.1350,41.3165,44.5312,45.7645,47.7975
2026-07-15,49.9221,50.3565,48.7372,48.7372,10314900,NVO,47.2571,47.4359,45.2502,45.3227,41.3543,44.6380,45.7472,47.8186
2026-07-16,50.8305,51.1168,49.9616,50.2677,9792400,NVO,47.6486,47.7592,45.3902,45.5387,41.4109,44.7606,45.7365,47.8486
2026-07-17,49.6851,50.7515,49.3691,50.4158,9542600,NVO,47.9843,47.9426,45.4978,45.7013,41.5303,44.8581,45.7206,47.8669
2026-07-20,48.9841,49.8628,48.9347,49.8135,7299000,NVO,48.3013,48.0418,45.5738,45.8301,41.6526,44.9398,45.7013,47.8780
2026-07-21,48.7570,49.2112,48.3324,48.7175,5785800,NVO,48.4741,48.1099,45.6445,45.9448,41.7767,45.0154,45.6633,47.8867
2026-07-22,47.5820,48.9150,47.3746,48.8261,8289400,NVO,48.5121,48.0596,45.6864,46.0091,41.8942,45.0662,45.6215,47.8837
2026-07-23,47.5721,48.3126,47.5030,47.7795,8178200,NVO,48.5501,48.0132,45.7216,46.0703,42.0132,45.1158,45.5754,47.8806
2026-07-24,48.1547,48.8952,48.0954,48.2139,10799100,NVO,48.6059,48.0267,45.7565,46.1521,42.1351,45.1760,45.5321,47.8833
2026-07-27,49.0433,49.3296,48.2040,48.5595,6803000,NVO,48.6849,48.1235,45.8077,46.2655,42.2764,45.2526,45.4962,47.8949
2026-07-28,50.3170,50.5836,49.3198,49.3198,9521700,NVO,48.8142,48.3324,45.9096,46.4244,42.4129,45.3529,45.4639,47.9190
2026-07-29,50.9292,51.4624,50.2775,50.3565,8713000,NVO,48.9939,48.5797,46.0446,46.6010,42.5501,45.4633,45.4391,47.9489
2026-07-30,50.9588,50.9687,49.8727,50.0702,10594900,NVO,49.1341,48.8063,46.1894,46.7719,42.6922,45.5721,45.4228,47.9789
2026-07-31,46.4860,46.9896,45.8541,46.8020,26798000,NVO,48.9688,48.5853,46.2447,46.7607,42.7782,45.5902,45.3814,47.9640
2026-08-03,46.4959,46.6045,45.6072,46.4070,11859700,NVO,48.8616,48.3863,46.2846,46.7503,42.8743,45.6082,45.3440,47.9494
2026-08-04,43.7213,48.5299,43.1289,46.9896,47478800,NVO,48.5970,47.9420,46.2824,46.6315,42.9417,45.5708,45.2925,47.9073
2026-08-05,43.9682,45.1431,43.8201,44.2446,22275700,NVO,48.3818,47.5636,46.2739,46.5271,43.0193,45.5391,45.2453,47.8681
2026-08-06,45.3900,45.3999,44.3631,45.0345,13121000,NVO,48.2381,47.3566,46.3090,46.4825,43.1116,45.5361,45.2133,47.8435
2026-08-07,46.6637,46.9007,46.1404,46.5551,12079400,NVO,48.1285,47.2906,46.3626,46.4896,43.2108,45.5584,45.1812,47.8317
2026-08-10,47.1278,47.1377,46.0713,46.4070,10185200,NVO,48.0520,47.2751,46.4064,46.5146,43.3160,45.5895,45.1559,47.8247
2026-08-11,46.5748,47.0685,46.3379,46.8513,7834700,NVO,47.9582,47.2084,46.4378,46.5170,43.4251,45.6090,45.1346,47.8123
2026-08-12,45.8047,45.9627,44.9852,45.2913,9563800,NVO,47.7523,47.0747,46.4836,46.4891,43.5300,45.6129,45.1101,47.7923
2026-08-13,46.1305,46.1996,45.1530,45.3801,10186900,NVO,47.5173,46.9848,46.5587,46.4750,43.6434,45.6231,45.0886,47.7758
2026-08-14,45.3110,46.4564,45.1728,46.3083,10853700,NVO,47.2986,46.8254,46.6355,46.4293,43.7458,45.6170,45.0632,47.7513
2026-08-17,44.8800,45.4500,44.6800,45.1800,14626400,NVO,47.0934,46.6401,46.6691,46.3686,43.8432,45.6024,45.0398,47.7227
2026-08-18,45.7100,46.0650,44.7600,44.9100,10982658,NVO,46.9411,46.5515,46.7350,46.3428,43.9543,45.6045,45.0237,47.7027
