Date,Close,High,Low,Open,Volume,Ticker,SMA_20,EMA_20,SMA_50,EMA_50,SMA_100,EMA_100,SMA_200,EMA_200
2021-06-04,59.5583,59.5867,58.7033,58.8550,3386400,PANW,,59.5583,,59.5583,,59.5583,,59.5583
2021-06-07,59.3950,59.9100,59.0833,59.3333,3096600,PANW,,59.5428,,59.5519,,59.5551,,59.5567
2021-06-08,58.8900,60.4017,58.6017,59.8233,4294800,PANW,,59.4806,,59.5260,,59.5419,,59.5501
2021-06-09,58.7317,59.2833,58.7200,59.2750,2443800,PANW,,59.4093,,59.4948,,59.5259,,59.5419
2021-06-10,60.4083,60.4383,58.5000,58.6700,4842600,PANW,,59.5044,,59.5306,,59.5434,,59.5506
2021-06-11,60.9733,61.2417,60.4083,60.4083,4804200,PANW,,59.6443,,59.5872,,59.5717,,59.5647
2021-06-14,61.2583,61.6383,60.7733,60.8867,4716600,PANW,,59.7980,,59.6528,,59.6051,,59.5816
2021-06-15,60.1400,61.1667,59.9217,61.1667,3421800,PANW,,59.8306,,59.6719,,59.6157,,59.5871
2021-06-16,60.5833,61.0433,59.9917,60.6917,4774200,PANW,,59.9023,,59.7076,,59.6348,,59.5970
2021-06-17,62.0117,62.3150,60.0450,60.4800,8025000,PANW,,60.1032,,59.7980,,59.6819,,59.6211
2021-06-18,61.9517,63.2150,61.5833,62.3000,8628600,PANW,,60.2792,,59.8824,,59.7268,,59.6442
2021-06-21,61.8233,61.9767,60.7183,61.7217,3745200,PANW,,60.4263,,59.9585,,59.7684,,59.6659
2021-06-22,60.9000,62.1283,60.4667,61.6667,5630400,PANW,,60.4714,,59.9955,,59.7908,,59.6782
2021-06-23,61.3983,61.7500,60.9283,60.9567,3542400,PANW,,60.5597,,60.0505,,59.8226,,59.6953
2021-06-24,62.1000,62.6150,61.6750,61.8467,3608400,PANW,,60.7064,,60.1308,,59.8677,,59.7193
2021-06-25,62.5950,63.0633,61.9833,62.4417,11879400,PANW,,60.8862,,60.2275,,59.9217,,59.7479
2021-06-28,63.0783,64.4533,62.9283,63.2583,6169200,PANW,,61.0950,,60.3393,,59.9842,,59.7810
2021-06-29,62.6117,63.4617,62.2117,63.1667,2887800,PANW,,61.2395,,60.4284,,60.0362,,59.8092
2021-06-30,61.8417,62.4133,61.7000,62.2517,6349800,PANW,,61.2968,,60.4838,,60.0720,,59.8294
2021-07-01,61.7817,62.1150,61.0483,61.6667,4441800,PANW,61.1016,61.3430,,60.5347,,60.1058,,59.8488
2021-07-02,62.1367,62.6183,61.8883,62.2333,3691200,PANW,61.2305,61.4186,,60.5975,,60.1461,,59.8716
2021-07-06,65.3167,65.5717,62.9467,62.9683,11936400,PANW,61.5266,61.7898,,60.7826,,60.2484,,59.9258
2021-07-07,64.4983,65.5883,63.8683,65.3167,7186200,PANW,61.8070,62.0478,,60.9283,,60.3326,,59.9713
2021-07-08,64.4183,64.7233,62.9550,63.3550,5632800,PANW,62.0913,62.2735,,61.0652,,60.4135,,60.0155
2021-07-09,65.0400,65.6917,63.9883,64.2633,4876800,PANW,62.3229,62.5370,,61.2210,,60.5051,,60.0655
2021-07-12,64.7550,65.7783,64.6667,65.2500,5292600,PANW,62.5120,62.7483,,61.3596,,60.5893,,60.1122
2021-07-13,64.6667,65.5600,64.5100,64.8333,5396400,PANW,62.6824,62.9310,,61.4893,,60.6700,,60.1575
2021-07-14,64.3833,65.3250,64.3033,65.2850,4089600,PANW,62.8946,63.0693,,61.6028,,60.7435,,60.1995
2021-07-15,64.6400,65.0350,63.8367,64.4400,6755400,PANW,63.0974,63.2189,,61.7219,,60.8207,,60.2437
2021-07-16,64.7167,65.4800,64.5950,64.7700,5623200,PANW,63.2327,63.3615,,61.8394,,60.8979,,60.2882
2021-07-19,64.9067,65.0783,63.6667,63.9817,5548200,PANW,63.3804,63.5087,,61.9596,,60.9772,,60.3342
2021-07-20,66.8317,67.0200,65.1017,65.3383,7317000,PANW,63.6308,63.8252,,62.1507,,61.0932,,60.3988
2021-07-21,65.3033,66.8317,64.8617,66.6967,6529800,PANW,63.8510,63.9659,,62.2743,,61.1765,,60.4476
2021-07-22,66.3933,66.6467,65.1683,65.6400,5304000,PANW,64.1007,64.1971,,62.4359,,61.2798,,60.5068
2021-07-23,66.9367,67.3417,66.0133,66.3250,4001400,PANW,64.3426,64.4580,,62.6124,,61.3919,,60.5708
2021-07-26,66.4983,66.8533,65.6083,66.3283,3081000,PANW,64.5378,64.6523,,62.7648,,61.4930,,60.6298
2021-07-27,66.2517,66.8300,65.0450,66.6667,3318000,PANW,64.6964,64.8047,,62.9015,,61.5872,,60.6857
2021-07-28,66.5767,67.0000,65.8233,66.3417,2911200,PANW,64.8947,64.9734,,63.0456,,61.6860,,60.7443
2021-07-29,66.5000,67.5267,66.3583,66.4833,3296400,PANW,65.1276,65.1188,,63.1811,,61.7813,,60.8016
2021-07-30,66.5083,67.0717,66.2517,66.5000,4379400,PANW,65.3639,65.2511,,63.3116,,61.8749,,60.8584
2021-08-02,66.7200,67.3333,65.7150,66.6667,2771400,PANW,65.5931,65.3910,,63.4452,,61.9709,,60.9167
2021-08-03,66.3883,67.4250,66.0417,66.7550,3391800,PANW,65.6467,65.4860,,63.5607,,62.0584,,60.9711
2021-08-04,67.2217,67.4983,66.4067,66.5650,3049800,PANW,65.7828,65.6513,,63.7042,,62.1606,,61.0333
2021-08-05,67.2733,67.8200,66.8533,67.4750,3381600,PANW,65.9256,65.8058,,63.8442,,62.2618,,61.0954
2021-08-06,64.3933,66.2767,64.0000,66.1167,8619000,PANW,65.8932,65.6713,,63.8657,,62.3040,,61.1282
2021-08-09,64.7467,65.3767,64.4733,64.7183,3585000,PANW,65.8928,65.5832,,63.9003,,62.3524,,61.1642
2021-08-10,62.8333,65.1367,62.8283,64.9917,7237200,PANW,65.8012,65.3213,,63.8584,,62.3619,,61.1808
2021-08-11,60.9133,62.7833,60.8250,62.5983,12457200,PANW,65.6277,64.9015,,63.7429,,62.3333,,61.1782
2021-08-12,61.5000,62.2850,60.9300,60.9300,6524400,PANW,65.4707,64.5776,,63.6550,,62.3168,,61.1814
2021-08-13,62.3400,62.7000,61.6667,61.8167,6534600,PANW,65.3518,64.3645,63.4728,63.6034,,62.3172,,61.1929
2021-08-16,61.7200,62.7667,61.5167,62.0833,4591800,PANW,65.1925,64.1126,63.5160,63.5295,,62.3054,,61.1982
2021-08-17,60.9617,61.7033,60.4467,61.5517,4420800,PANW,64.8990,63.8125,63.5474,63.4288,,62.2788,,61.1958
2021-08-18,60.3933,61.3300,60.1233,61.0000,5523000,PANW,64.6535,63.4869,63.5774,63.3098,,62.2414,,61.1878
2021-08-19,60.4833,60.9117,59.7283,59.9467,7371000,PANW,64.3580,63.2008,63.6125,63.1990,,62.2066,,61.1808
2021-08-20,61.2433,61.5033,60.4967,60.6267,7220400,PANW,64.0733,63.0144,63.6292,63.1223,,62.1876,,61.1814
2021-08-23,62.0950,62.3550,61.2017,61.4517,17323200,PANW,63.8532,62.9268,63.6516,63.0820,,62.1857,,61.1905
2021-08-24,73.6450,74.4850,69.9000,70.6083,66796200,PANW,64.2228,63.9476,63.8993,63.4962,,62.4126,,61.3144
2021-08-25,74.5083,74.9633,72.5833,73.3333,21706200,PANW,64.6194,64.9534,64.1867,63.9281,,62.6522,,61.4457
2021-08-26,76.2400,76.6217,74.5083,74.6667,17068800,PANW,65.1064,66.0283,64.4998,64.4109,,62.9212,,61.5929
2021-08-27,76.8800,77.2383,76.0217,76.6150,8188200,PANW,65.6250,67.0618,64.7972,64.8999,,63.1976,,61.7450
2021-08-30,76.4683,77.4833,76.0950,77.1667,7529400,PANW,66.1124,67.9577,65.0875,65.3535,,63.4604,,61.8915
2021-08-31,76.8400,77.2567,75.8000,77.1950,7592400,PANW,66.6350,68.8036,65.3879,65.8040,,63.7254,,62.0403
2021-09-01,76.7167,77.0517,75.9667,76.1600,8014800,PANW,67.1097,69.5572,65.7042,66.2319,,63.9826,,62.1863
2021-09-02,77.0917,77.9133,76.6450,76.8833,6735000,PANW,67.6007,70.2748,66.0181,66.6578,,64.2422,,62.3346
2021-09-03,78.0367,78.0733,76.4267,76.5000,5675400,PANW,68.2828,71.0140,66.3368,67.1040,,64.5154,,62.4909
2021-09-07,77.1067,78.3417,76.8867,78.3333,5643000,PANW,68.9008,71.5943,66.6270,67.4963,,64.7647,,62.6363
2021-09-08,77.6217,77.9650,76.4167,76.9217,6314400,PANW,69.6402,72.1683,66.9179,67.8934,,65.0193,,62.7854
2021-09-09,77.7500,78.2217,77.2900,77.6183,5544000,PANW,70.4821,72.6999,67.2207,68.2799,,65.2714,,62.9343
2021-09-10,78.3167,79.8333,77.5350,79.1933,8566200,PANW,71.3229,73.2348,67.5502,68.6735,,65.5297,,63.0874
2021-09-13,79.3533,80.9583,76.4317,78.6683,15030000,PANW,72.1736,73.8175,67.9016,69.0923,,65.8034,,63.2492
2021-09-14,80.8050,82.6533,80.2583,81.3183,14788800,PANW,73.1278,74.4830,68.2750,69.5516,,66.1005,,63.4239
2021-09-15,79.9900,80.9983,79.0267,80.7583,7688400,PANW,74.0792,75.0075,68.5684,69.9610,,66.3755,,63.5887
2021-09-16,80.8133,80.8333,79.4800,80.0650,5805000,PANW,75.1002,75.5604,68.8947,70.3866,,66.6614,,63.7601
2021-09-17,79.3950,80.9917,79.1917,80.8333,10078800,PANW,76.0458,75.9256,69.1943,70.7398,,66.9136,,63.9157
2021-09-20,79.0650,79.5550,78.0483,78.2683,6870000,PANW,76.9369,76.2246,69.4748,71.0663,,67.1542,,64.0664
2021-09-21,78.8383,79.6317,78.7517,79.3333,5623800,PANW,77.7741,76.4735,69.7564,71.3711,,67.3856,,64.2134
2021-09-22,79.3283,79.7683,78.3383,79.2433,6874200,PANW,78.0582,76.7454,70.0497,71.6832,,67.6221,,64.3638
2021-09-23,80.5250,80.9617,79.4017,79.6800,6593400,PANW,78.3591,77.1054,70.3725,72.0299,,67.8776,,64.5246
2021-09-24,81.7450,81.8317,80.0217,80.0267,12080400,PANW,78.6343,77.5473,70.7146,72.4109,,68.1522,,64.6960
2021-09-27,81.0067,81.4283,80.3500,80.9300,8248200,PANW,78.8407,77.8767,71.0404,72.7480,,68.4067,,64.8583
2021-09-28,79.3917,80.2000,78.5233,80.0150,7770000,PANW,78.9868,78.0210,71.3301,73.0085,,68.6242,,65.0029
2021-09-29,78.8450,80.0833,78.0900,79.6683,4608000,PANW,79.0871,78.0995,71.5704,73.2374,,68.8266,,65.1406
2021-09-30,79.8333,80.0550,78.7500,78.8183,4668000,PANW,79.2429,78.2646,71.8610,73.4961,,69.0446,,65.2868
2021-10-01,81.0850,81.1967,79.1217,80.0883,5683800,PANW,79.4426,78.5332,72.1548,73.7937,,69.2830,,65.4440
2021-10-04,78.2567,80.8100,77.1883,80.8100,7991400,PANW,79.4536,78.5069,72.3812,73.9687,,69.4607,,65.5715
2021-10-05,79.2650,79.8367,78.5200,78.7467,5410800,PANW,79.5615,78.5791,72.6365,74.1764,,69.6548,,65.7078
2021-10-06,81.0217,81.3317,78.8217,78.8783,5524800,PANW,79.7315,78.8117,72.9319,74.4448,,69.8799,,65.8601
2021-10-07,82.2800,83.7033,81.2367,81.2700,7691400,PANW,79.9580,79.1420,73.2460,74.7521,,70.1255,,66.0235
2021-10-08,82.1317,83.4267,81.7733,82.3333,4675800,PANW,80.1488,79.4267,73.5586,75.0415,,70.3632,,66.1838
2021-10-11,83.3017,83.6017,81.3500,82.0183,4372800,PANW,80.3462,79.7958,73.8945,75.3654,,70.6194,,66.3541
2021-10-12,84.2067,85.0000,83.5467,83.8333,7260600,PANW,80.5163,80.2159,74.2442,75.7121,,70.8885,,66.5318
2021-10-13,84.0817,84.8983,83.5850,84.2017,4833600,PANW,80.7208,80.5840,74.5981,76.0403,,71.1497,,66.7064
2021-10-14,83.8300,85.6850,83.6800,84.5350,5562000,PANW,80.8717,80.8932,74.9303,76.3458,,71.4008,,66.8768
2021-10-15,84.6417,85.4900,83.9000,83.9000,6982800,PANW,81.1340,81.2502,75.2776,76.6711,,71.6630,,67.0535
2021-10-18,85.8617,85.9767,84.6417,85.0000,5368800,PANW,81.4738,81.6894,75.7070,77.0316,,71.9442,,67.2407
2021-10-19,85.4150,86.1600,84.5517,86.0083,4963800,PANW,81.8027,82.0442,76.1204,77.3603,,72.2109,,67.4215
2021-10-20,85.3200,86.5750,84.4183,85.8967,4914000,PANW,82.1023,82.3562,76.5701,77.6725,,72.4705,,67.5996
2021-10-21,84.6667,85.1267,83.0533,85.1267,10770600,PANW,82.3093,82.5762,77.0452,77.9467,,72.7120,,67.7694
2021-10-22,84.0217,85.6450,83.1983,84.5000,6592200,PANW,82.4232,82.7139,77.4956,78.1850,,72.9360,,67.9311
2021-10-25,82.9617,85.3833,82.5217,84.5800,7002600,PANW,82.5209,82.7375,77.9080,78.3723,70.6904,73.1345,,68.0807
2021-10-26,81.0917,83.6017,79.8600,83.2900,14008200,PANW,82.6059,82.5807,78.2955,78.4789,70.9057,73.2921,,68.2102
2021-10-27,82.1433,83.3500,81.4250,81.6783,4931400,PANW,82.7708,82.5391,78.7191,78.6226,71.1332,73.4674,,68.3488
2021-10-28,83.0650,83.3250,82.0850,82.1750,4352400,PANW,82.9324,82.5892,79.1725,78.7969,71.3750,73.6574,,68.4952
2021-10-29,84.8483,85.0417,82.9800,83.1100,4255200,PANW,83.1206,82.8043,79.6598,79.0342,71.6361,73.8790,,68.6580
2021-11-01,84.7183,85.5100,83.8817,85.0850,4322400,PANW,83.4437,82.9866,80.1293,79.2571,71.8792,74.0936,,68.8178
2021-11-02,84.7433,85.4533,83.8333,84.8333,4109400,PANW,83.7176,83.1539,80.5823,79.4722,72.1169,74.3045,,68.9762
2021-11-03,83.1600,84.9283,82.1700,84.7450,6096000,PANW,83.8245,83.1545,80.7726,79.6168,72.3360,74.4799,,69.1174
2021-11-04,82.3050,84.5617,80.8767,83.6500,9615000,PANW,83.8258,83.0736,80.9285,79.7223,72.5576,74.6348,,69.2486
2021-11-05,82.2967,83.2750,81.7533,82.2017,6501600,PANW,83.8340,82.9996,81.0497,79.8232,72.7747,74.7866,,69.3784
2021-11-08,86.2167,86.5683,83.1583,83.3333,8646600,PANW,83.9798,83.3060,81.2364,80.0739,73.0168,75.0129,,69.5459
2021-11-09,85.3867,87.2867,84.7350,86.4017,6715200,PANW,84.0388,83.5041,81.4148,80.2823,73.2511,75.2183,,69.7036
2021-11-10,83.1983,85.1950,82.0400,84.8333,6415800,PANW,83.9946,83.4750,81.5419,80.3966,73.4649,75.3763,,69.8378
2021-11-11,84.6467,84.9883,83.8567,83.9483,4506600,PANW,84.0354,83.5866,81.7005,80.5633,73.7024,75.5599,,69.9852
2021-11-12,85.8633,86.3283,84.5217,85.5850,5287800,PANW,84.0965,83.8034,81.8760,80.7711,73.9470,75.7639,,70.1432
2021-11-15,86.3433,86.9467,85.3417,86.6667,5681400,PANW,84.1206,84.0453,82.0421,80.9897,74.1894,75.9734,,70.3044
2021-11-16,87.5233,87.9950,86.0317,86.6667,7368600,PANW,84.2260,84.3766,82.2504,81.2459,74.4387,76.2021,,70.4757
2021-11-17,85.6267,88.5783,84.6667,87.7400,7539600,PANW,84.2413,84.4956,82.4105,81.4177,74.6642,76.3888,,70.6265
2021-11-18,86.6650,87.0983,83.9183,85.2567,14548800,PANW,84.3413,84.7022,82.5888,81.6235,74.9047,76.5923,,70.7861
2021-11-19,88.3900,90.9817,85.0000,89.5333,22984800,PANW,84.5597,85.0535,82.7903,81.8888,75.1702,76.8259,,70.9612
2021-11-22,89.9933,93.2567,86.8333,87.8283,17510400,PANW,84.9112,85.5239,83.0031,82.2066,75.4523,77.0866,,71.1506
2021-11-23,88.8367,90.9200,86.6000,88.2867,10164000,PANW,85.2985,85.8394,83.1637,82.4666,75.7193,77.3193,,71.3266
2021-11-24,91.6200,91.9883,87.6050,88.8050,7490400,PANW,85.7723,86.3899,83.3963,82.8256,75.9824,77.6025,,71.5285
2021-11-26,88.8733,91.8917,88.4383,90.2267,4044000,PANW,86.0628,86.6265,83.5575,83.0628,76.2261,77.8257,,71.7011
2021-11-29,91.8633,92.2400,89.3167,90.0283,6526200,PANW,86.4135,87.1252,83.8069,83.4079,76.5006,78.1036,,71.9017
2021-11-30,91.1567,92.9983,90.5183,92.0000,8940000,PANW,86.7354,87.5092,84.0487,83.7118,76.7617,78.3621,,72.0933
2021-12-01,88.0267,92.5000,88.0017,91.5850,10772400,PANW,86.8996,87.5584,84.2325,83.8810,76.9945,78.5535,,72.2518
2021-12-02,89.2167,91.1717,87.8333,88.0267,9516000,PANW,87.2024,87.7164,84.4303,84.0902,77.2400,78.7646,,72.4206
2021-12-03,86.8100,90.5517,86.4200,89.2867,11460600,PANW,87.4277,87.6301,84.5560,84.1969,77.4642,78.9240,,72.5638
2021-12-06,83.5367,86.5333,83.0383,86.2783,12423000,PANW,87.4897,87.2402,84.5918,84.1710,77.6532,79.0153,,72.6730
2021-12-07,87.2383,88.7600,85.7300,86.2200,8538000,PANW,87.5408,87.2400,84.7164,84.2913,77.8784,79.1781,,72.8179
2021-12-08,88.4383,88.9067,86.4600,87.0000,4436400,PANW,87.6933,87.3542,84.8974,84.4539,78.1137,79.3615,,72.9734
2021-12-09,87.9217,89.6483,87.5950,88.5183,7080600,PANW,87.9295,87.4082,85.0789,84.5899,78.3246,79.5310,,73.1221
2021-12-10,88.6417,89.8600,87.2683,87.7517,7306200,PANW,88.1293,87.5257,85.2551,84.7488,78.5580,79.7114,,73.2765
2021-12-13,89.1533,90.3317,88.3783,89.9867,6894600,PANW,88.2938,87.6807,85.4164,84.9215,78.7856,79.8984,,73.4345
2021-12-14,85.4167,88.4050,84.2750,87.1500,9262800,PANW,88.2474,87.4651,85.5596,84.9409,78.9704,80.0077,,73.5537
2021-12-15,90.0483,90.1667,85.4167,85.7850,9417000,PANW,88.3737,87.7111,85.7753,85.1412,79.2059,80.2065,,73.7179
2021-12-16,87.2850,90.4917,87.1667,90.0250,7360800,PANW,88.4566,87.6705,85.9006,85.2253,79.4163,80.3466,,73.8528
2021-12-17,88.3567,88.8300,84.8417,85.5483,35245200,PANW,88.5412,87.7359,86.0221,85.3481,79.6341,80.5053,,73.9972
2021-12-20,88.2650,88.7500,86.4167,86.6733,5347800,PANW,88.5349,87.7863,86.1448,85.4625,79.8517,80.6589,,74.1391
2021-12-21,89.6050,89.6400,86.2667,88.8283,6856800,PANW,88.5155,87.9595,86.2708,85.6249,80.0827,80.8361,,74.2930
2021-12-22,92.4600,92.5233,88.4300,88.4300,8374800,PANW,88.6967,88.3881,86.4359,85.8930,80.3401,81.0662,,74.4738
2021-12-23,93.6300,94.4733,92.3333,92.4800,6185400,PANW,88.7972,88.8873,86.6269,86.1964,80.6125,81.3150,,74.6644
2021-12-27,94.7233,95.4450,93.4650,93.7917,4947000,PANW,89.0897,89.4431,86.8447,86.5308,80.8875,81.5805,,74.8640
2021-12-28,94.1183,95.3617,93.4183,95.0500,3754800,PANW,89.2024,89.8884,87.0343,86.8283,81.1560,81.8288,,75.0556
2021-12-29,93.9333,94.2067,92.2417,94.0300,3145200,PANW,89.3413,90.2736,87.1957,87.1070,81.4514,82.0685,,75.2434
2021-12-30,93.5700,94.3333,93.1450,93.9333,3285000,PANW,89.6184,90.5876,87.3588,87.3604,81.7396,82.2963,,75.4258
2021-12-31,92.7933,94.1533,92.7033,93.5700,2845800,PANW,89.7973,90.7976,87.5083,87.5735,82.0392,82.5041,,75.5986
2022-01-03,90.7017,93.4000,89.6400,93.0733,7802400,PANW,89.9918,90.7885,87.6290,87.6961,82.3371,82.6665,,75.7489
2022-01-04,87.3333,90.7217,85.5567,89.5750,9586200,PANW,90.1817,90.4594,87.6952,87.6819,82.5954,82.7589,,75.8641
2022-01-05,84.1433,86.7483,83.6100,85.5417,7494000,PANW,90.0269,89.8579,87.7188,87.5431,82.8134,82.7863,,75.9465
2022-01-06,88.8183,90.1667,82.8350,83.5000,16553400,PANW,90.0459,89.7589,87.8734,87.5931,83.0844,82.9057,,76.0746
2022-01-07,87.5817,91.3667,87.3833,87.8100,13586400,PANW,90.0289,89.5515,87.9821,87.5927,83.3506,82.9983,,76.1891
2022-01-10,87.1017,87.4300,82.0000,85.6317,14975400,PANW,89.9519,89.3182,88.0629,87.5734,83.6177,83.0796,,76.2977
2022-01-11,87.6750,88.2833,85.3067,85.7867,7239000,PANW,89.8780,89.1617,88.1194,87.5774,83.8896,83.1706,,76.4109
2022-01-12,88.6700,89.6333,86.3800,88.1017,6079200,PANW,90.0407,89.1149,88.1984,87.6203,84.1639,83.2795,,76.5329
2022-01-13,83.1000,89.0133,82.6700,88.6700,9814800,PANW,89.6933,88.5420,88.1656,87.4430,84.3739,83.2759,,76.5982
2022-01-14,83.1850,83.5300,81.0667,81.9250,8197200,PANW,89.4883,88.0318,88.1661,87.2760,84.4693,83.2741,,76.6637
2022-01-18,83.7283,86.6667,81.5767,81.6033,9919800,PANW,89.2568,87.6220,88.1945,87.1369,84.5615,83.2831,,76.7340
2022-01-19,86.6017,87.8983,83.7683,84.0617,12321000,PANW,89.1737,87.5248,88.2806,87.1159,84.6652,83.3488,,76.8322
2022-01-20,86.6117,89.4800,86.5133,86.8017,10086600,PANW,89.0240,87.4378,88.2885,87.0961,84.7625,83.4134,,76.9295
2022-01-21,80.6050,86.3017,80.4267,85.9417,15534600,PANW,88.4313,86.7871,88.1929,86.8416,84.8038,83.3578,,76.9661
2022-01-24,84.0350,84.8783,75.9600,79.0867,17531400,PANW,87.9515,86.5250,88.2096,86.7315,84.8758,83.3712,,77.0364
2022-01-25,79.2450,83.2867,79.1900,83.1733,11380800,PANW,87.1776,85.8317,88.1016,86.4379,84.9011,83.2895,,77.0584
2022-01-26,79.3733,83.4650,78.8333,80.6667,11527800,PANW,86.4403,85.2166,87.9718,86.1609,84.9239,83.2120,,77.0814
2022-01-27,80.8700,84.0717,80.7133,80.9150,10009200,PANW,85.7872,84.8026,87.8623,85.9534,84.9522,83.1656,,77.1191
2022-01-28,82.6950,83.3900,80.0317,81.2750,8245800,PANW,85.2434,84.6019,87.7658,85.8256,85.0081,83.1563,,77.1746
2022-01-31,86.2333,86.5267,82.6950,82.6950,10125000,PANW,84.9154,84.7573,87.7779,85.8416,85.0942,83.2172,,77.2648
2022-02-01,85.4767,86.6667,83.8717,86.3100,8433000,PANW,84.6542,84.8258,87.7541,85.8273,85.1715,83.2620,,77.3465
2022-02-02,84.9000,86.3817,84.2333,86.1417,6327000,PANW,84.5325,84.8329,87.6843,85.7909,85.2373,83.2944,,77.4216
2022-02-03,82.0683,84.8700,81.7950,82.9067,6310200,PANW,84.4288,84.5696,87.5258,85.6449,85.2645,83.2701,,77.4679
2022-02-04,85.9167,86.5333,81.3350,81.8617,8936400,PANW,84.2837,84.6979,87.4674,85.6556,85.3156,83.3225,,77.5519
2022-02-07,85.1633,86.9600,84.9200,85.4517,4217400,PANW,84.1628,84.7422,87.3383,85.6363,85.3673,83.3590,,77.6277
2022-02-08,85.5417,86.3250,84.1683,85.0550,7939800,PANW,84.0848,84.8183,87.2717,85.6326,85.4146,83.4022,,77.7064
2022-02-09,89.0817,89.5400,86.4433,86.6667,6468600,PANW,84.1551,85.2244,87.2160,85.7678,85.5115,83.5147,,77.8196
2022-02-10,87.9583,89.6100,86.8333,86.9283,5268600,PANW,84.1195,85.4847,87.1521,85.8537,85.6004,83.6027,,77.9205
2022-02-11,85.0250,89.3333,84.4517,88.6533,7039800,PANW,84.2158,85.4410,87.0920,85.8212,85.6623,83.6308,,77.9912
2022-02-14,86.8367,87.8750,84.3133,84.3133,6825000,PANW,84.3983,85.5739,87.0444,85.8611,85.7374,83.6943,,78.0792
2022-02-15,87.7333,89.2717,86.9667,87.8367,7201200,PANW,84.5986,85.7795,87.0629,85.9345,85.8094,83.7743,,78.1753
2022-02-16,87.7350,88.3300,85.7583,86.4767,5783400,PANW,84.6553,85.9658,87.1469,86.0051,85.8693,83.8527,,78.2704
2022-02-17,83.1900,87.2583,82.8333,86.6050,7322400,PANW,84.4842,85.7014,87.0659,85.8947,85.8912,83.8396,,78.3193
2022-02-18,80.3617,83.4883,80.2333,83.1750,10063800,PANW,84.4720,85.1929,86.9044,85.6777,85.9009,83.7707,,78.3396
2022-02-22,79.2517,81.1617,77.7617,80.1717,19244400,PANW,84.2328,84.6270,86.7310,85.4257,85.9049,83.6812,,78.3487
2022-02-23,79.6017,85.2267,78.6717,84.3667,26037600,PANW,84.2507,84.1484,86.5502,85.1973,85.9026,83.6005,,78.3612
2022-02-24,89.9900,90.1117,77.7500,77.8433,30082800,PANW,84.7815,84.7048,86.5669,85.3853,85.9917,83.7270,,78.4769
2022-02-25,94.9583,95.1650,88.4067,88.5300,22005000,PANW,85.4859,85.6813,86.7577,85.7607,86.1587,83.9494,,78.6409
2022-02-28,99.0417,99.2167,94.8350,96.1467,22711800,PANW,86.3032,86.9537,86.9376,86.2815,86.3565,84.2482,,78.8439
2022-03-01,96.1250,99.8267,95.2817,98.5650,16498800,PANW,86.7978,87.8272,87.1144,86.6675,86.5075,84.4834,,79.0158
2022-03-02,97.0100,97.6433,94.6500,97.2283,10404600,PANW,87.3745,88.7017,87.2875,87.0731,86.6548,84.7315,,79.1949
2022-03-03,95.5683,98.5000,94.8383,97.1317,8665800,PANW,87.9079,89.3557,87.4335,87.4063,86.7892,84.9461,,79.3578
2022-03-04,92.9183,96.2467,91.9183,94.8350,11176800,PANW,88.4504,89.6950,87.4998,87.6224,86.8853,85.1039,,79.4927
2022-03-07,88.9183,93.8500,88.4633,93.2550,13939800,PANW,88.6005,89.6210,87.4290,87.6732,86.9324,85.1795,,79.5865
2022-03-08,87.5250,90.5983,87.0017,88.5000,9468000,PANW,88.7186,89.4214,87.3069,87.6674,86.9669,85.2259,,79.6655
2022-03-09,92.4850,93.5917,89.5017,89.7833,10389600,PANW,89.0658,89.7132,87.2621,87.8564,87.0534,85.3697,,79.7931
2022-03-10,91.9750,93.3250,90.6233,91.6083,6448200,PANW,89.2104,89.9286,87.2192,88.0179,87.1268,85.5005,,79.9143
2022-03-11,91.0050,93.2033,90.8417,93.2033,7053600,PANW,89.3628,90.0311,87.1607,88.1350,87.1782,85.6095,,80.0246
2022-03-14,87.5517,90.8717,85.9250,89.7300,9623400,PANW,89.4891,89.7950,87.0403,88.1121,87.1996,85.6479,,80.0995
2022-03-15,90.0100,90.3283,84.8533,88.2217,7617000,PANW,89.6478,89.8154,86.9846,88.1866,87.2465,85.7343,,80.1981
2022-03-16,92.3200,92.6083,87.9717,90.9500,11625600,PANW,89.8771,90.0540,87.0170,88.3487,87.3230,85.8647,,80.3188
2022-03-17,94.0267,94.5600,90.8333,92.0283,10626600,PANW,90.1917,90.4323,87.1509,88.5713,87.4230,86.0263,,80.4552
2022-03-18,96.1700,96.2533,93.2717,94.5967,13005600,PANW,90.8407,90.9788,87.3914,88.8693,87.5551,86.2272,79.1228,80.6115
2022-03-21,96.2000,96.3750,93.4350,95.8267,9301200,PANW,91.6326,91.4760,87.5390,89.1568,87.7062,86.4247,79.3060,80.7666
2022-03-22,99.5700,101.5350,96.6667,96.6667,14499000,PANW,92.6485,92.2469,87.7788,89.5651,87.8805,86.6850,79.5069,80.9537
2022-03-23,100.6733,103.2900,97.6667,98.1150,11803200,PANW,93.7021,93.0494,88.0502,90.0008,88.0566,86.9620,79.7158,81.1499
2022-03-24,103.6933,103.8317,100.1267,100.8333,11229000,PANW,94.3873,94.0631,88.3706,90.5377,88.2450,87.2933,79.9406,81.3743
2022-03-25,103.7333,104.0750,100.5350,104.0750,13436400,PANW,94.8260,94.9841,88.6719,91.0552,88.4352,87.6188,80.1572,81.5967
2022-03-28,104.2083,104.9150,102.8267,102.8667,7957200,PANW,95.0843,95.8626,89.0940,91.5710,88.6298,87.9473,80.3734,81.8217
2022-03-29,102.7517,103.9600,99.4233,103.7567,15066600,PANW,95.4157,96.5187,89.4854,92.0095,88.8257,88.2405,80.5808,82.0300
2022-03-30,102.6250,104.5983,102.1167,102.2750,8874600,PANW,95.6964,97.1002,89.8633,92.4258,89.0289,88.5253,80.7933,82.2349
2022-03-31,103.7517,105.9817,102.4233,102.5700,9667200,PANW,96.1056,97.7337,90.2063,92.8699,89.2435,88.8268,81.0091,82.4490
2022-04-01,101.8517,105.0217,100.9233,103.5500,8058000,PANW,96.5522,98.1259,90.5111,93.2221,89.3998,89.0848,81.2083,82.6421
2022-04-04,104.6833,104.9600,102.2500,102.6933,6973200,PANW,97.3405,98.7504,90.9927,93.6716,89.5928,89.3936,81.4220,82.8614
2022-04-05,103.5233,105.2067,101.8100,104.6667,7378800,PANW,98.1404,99.2050,91.3824,94.0579,89.7960,89.6734,81.6305,83.0670
2022-04-06,101.1333,102.2750,100.1867,101.2550,8455800,PANW,98.5728,99.3886,91.8202,94.3354,89.9609,89.9004,81.8316,83.2467
2022-04-07,102.7450,103.4783,100.6333,100.6333,6510600,PANW,99.1113,99.7083,92.2876,94.6652,90.1297,90.1547,82.0384,83.4408
2022-04-08,101.3717,102.3700,100.5783,102.0933,5668200,PANW,99.6297,99.8667,92.6977,94.9282,90.2800,90.3768,82.2347,83.6192
2022-04-11,101.8167,103.1583,99.5833,100.3183,7320000,PANW,100.3429,100.0524,93.0801,95.1983,90.4229,90.6034,82.4308,83.8002
2022-04-12,101.9817,104.4383,101.6650,102.5733,5395800,PANW,100.9415,100.2362,93.3951,95.4643,90.5865,90.8287,82.6254,83.9812
2022-04-13,104.8350,105.9467,101.7517,102.5083,7379400,PANW,101.5672,100.6741,93.7822,95.8318,90.7682,91.1060,82.8365,84.1887
2022-04-14,104.4633,105.7767,104.0517,105.0000,5736600,PANW,102.0891,101.0350,94.1735,96.1703,90.9289,91.3705,83.0496,84.3904
2022-04-18,102.9650,104.9717,102.7283,103.5283,3899400,PANW,102.4288,101.2188,94.5914,96.4368,91.0586,91.6001,83.2555,84.5752
2022-04-19,104.7600,105.2700,101.8950,102.6633,4820400,PANW,102.8568,101.5561,94.9683,96.7632,91.2179,91.8607,83.4686,84.7761
2022-04-20,104.3617,106.8167,103.2700,104.9050,4971600,PANW,103.0964,101.8233,95.3523,97.0612,91.3453,92.1083,83.6638,84.9709
2022-04-21,98.6667,106.5600,98.1000,105.1517,10384200,PANW,102.9961,101.5226,95.6148,97.1241,91.4432,92.2381,83.8347,85.1072
2022-04-22,95.2633,99.5300,94.8483,98.4000,8793600,PANW,102.5746,100.9265,95.7384,97.0511,91.4772,92.2980,83.9889,85.2083
2022-04-25,99.9550,100.1250,95.4117,95.4167,10622400,PANW,102.3857,100.8340,95.9783,97.1650,91.5652,92.4497,84.1635,85.3550
2022-04-26,96.7983,99.8083,96.7050,98.8333,5485800,PANW,102.0152,100.4496,96.2138,97.1506,91.6529,92.5358,84.3237,85.4689
2022-04-27,96.4700,98.9283,94.8650,96.3483,6760200,PANW,101.7011,100.0706,96.4065,97.1239,91.7255,92.6137,84.4827,85.5783
2022-04-28,98.1233,99.2750,95.3883,97.9717,4749000,PANW,101.4760,99.8852,96.6143,97.1631,91.8386,92.7228,84.6514,85.7032
2022-04-29,93.5467,98.8117,92.9050,97.6483,7372800,PANW,100.9658,99.2815,96.7305,97.0213,91.9387,92.7391,84.7959,85.7812
2022-05-02,95.3250,95.4783,92.3317,93.0433,6012600,PANW,100.6394,98.9047,96.9732,96.9548,92.0196,92.7903,84.9490,85.8762
2022-05-03,92.9900,95.3717,90.6933,95.2483,9051000,PANW,100.0547,98.3414,97.2258,96.7993,92.0651,92.7943,85.0894,85.9469
2022-05-04,92.2117,93.6517,86.4067,93.1600,15763200,PANW,99.4892,97.7576,97.4850,96.6194,92.1080,92.7827,85.2163,86.0093
2022-05-05,88.2733,92.4283,86.2367,92.0033,10880400,PANW,98.8462,96.8543,97.6584,96.2921,92.1043,92.6934,85.3312,86.0318
2022-05-06,84.1450,88.0500,83.4400,86.5183,11784600,PANW,97.9162,95.6439,97.5415,95.8158,92.0542,92.5241,85.4199,86.0130
2022-05-09,76.5850,82.0200,75.7650,82.0200,18901200,PANW,96.6768,93.8288,97.1740,95.0616,91.9659,92.2085,85.4682,85.9192
2022-05-10,80.6733,82.1450,77.6267,79.9117,12334800,PANW,95.6197,92.5759,96.8067,94.4974,91.8721,91.9801,85.5390,85.8670
2022-05-11,77.7783,83.3000,76.3733,78.8200,12789000,PANW,94.4095,91.1666,96.4397,93.8417,91.7771,91.6989,85.5967,85.7865
2022-05-12,79.7517,81.4450,75.0517,76.7200,12362400,PANW,93.1553,90.0795,96.0946,93.2892,91.6910,91.4623,85.6625,85.7265
2022-05-13,81.8350,83.2633,80.8950,81.5567,9967200,PANW,92.0239,89.2943,95.8199,92.8400,91.6267,91.2717,85.7392,85.6878
2022-05-16,78.0300,84.0783,77.7300,81.9700,11160600,PANW,90.7772,88.2215,95.5221,92.2592,91.5110,91.0094,85.7968,85.6116
2022-05-17,78.8783,81.0733,76.5700,80.4267,9621000,PANW,89.4831,87.3317,95.3213,91.7345,91.3751,90.7692,85.8576,85.5446
2022-05-18,73.1000,79.1667,72.3217,77.7017,15742800,PANW,87.9200,85.9763,95.0328,91.0037,91.1699,90.4193,85.8912,85.4208
2022-05-19,72.7283,74.0717,70.2583,71.2400,24239400,PANW,86.6231,84.7146,94.6377,90.2870,90.9499,90.0690,85.9187,85.2945
2022-05-20,79.7800,82.1617,76.7400,81.3400,35400000,PANW,85.8489,84.2446,94.3938,89.8750,90.8065,89.8653,85.9812,85.2396
2022-05-23,83.3783,84.1583,80.3583,80.6150,17743200,PANW,85.0201,84.1621,94.2413,89.6202,90.7010,89.7368,86.0762,85.2211
2022-05-24,79.5233,82.6067,78.3517,81.9633,13402800,PANW,84.1563,83.7203,94.0807,89.2242,90.5605,89.5346,86.1500,85.1644
2022-05-25,84.2517,85.7700,79.0667,79.0667,13017600,PANW,83.5454,83.7709,93.9655,89.0292,90.4751,89.4300,86.2571,85.1553
2022-05-26,83.6817,84.7750,82.7733,84.0083,10666200,PANW,82.8233,83.7624,93.7928,88.8195,90.4049,89.3161,86.3710,85.1406
2022-05-27,84.4667,86.1667,83.8333,85.2817,7345800,PANW,82.3693,83.8295,93.6016,88.6488,90.3762,89.2201,86.4858,85.1339
2022-05-31,83.7967,84.5283,82.5567,84.0833,13962600,PANW,81.7929,83.8264,93.3541,88.4586,90.3727,89.1127,86.5931,85.1206
2022-06-01,83.6217,87.1250,83.2617,84.5367,8323200,PANW,81.3245,83.8069,93.1025,88.2689,90.3208,89.0040,86.7026,85.1057
2022-06-02,86.2233,86.9350,83.0633,83.1350,7579800,PANW,81.0251,84.0370,92.8356,88.1887,90.3072,88.9489,86.8289,85.1168
2022-06-03,85.4300,86.4300,83.7100,85.0133,5687400,PANW,80.8829,84.1697,92.5307,88.0805,90.2905,88.8792,86.9541,85.1199
2022-06-06,85.6700,86.5817,84.3250,86.0600,3544800,PANW,80.9592,84.3126,92.1703,87.9859,90.2704,88.8157,87.0800,85.1254
2022-06-07,87.8333,88.1500,84.5000,84.6917,5808000,PANW,81.5216,84.6479,91.8523,87.9800,90.2621,88.7962,87.2130,85.1524
2022-06-08,87.4800,89.1367,86.9783,87.5850,4851600,PANW,81.8619,84.9176,91.5177,87.9604,90.3059,88.7702,87.3399,85.1755
2022-06-09,86.0250,88.0783,85.6767,86.7917,5893200,PANW,82.2742,85.0231,91.1832,87.8845,90.3343,88.7158,87.4018,85.1840
2022-06-10,82.5367,84.7033,81.7167,84.4717,9120600,PANW,82.4135,84.7863,90.7814,87.6747,90.3223,88.5935,87.4419,85.1576
2022-06-13,79.6217,80.9617,77.5367,79.0750,9600600,PANW,82.3028,84.2944,90.2988,87.3589,90.2525,88.4158,87.4589,85.1025
2022-06-14,80.2717,81.5517,79.3333,80.2967,6388200,PANW,82.4149,83.9113,89.8672,87.0810,90.1891,88.2545,87.4758,85.0545
2022-06-15,81.1700,82.6467,79.7817,81.1483,6232200,PANW,82.5295,83.6502,89.3969,86.8492,90.1948,88.1142,87.4993,85.0158
2022-06-16,77.7183,79.9750,76.6250,78.9083,8202600,PANW,82.7604,83.0853,88.8808,86.4911,90.1316,87.9084,87.5037,84.9432
2022-06-17,79.2267,80.4417,77.9517,78.0433,8675400,PANW,83.0853,82.7178,88.4427,86.2062,90.1314,87.7365,87.5163,84.8863
2022-06-21,83.2267,83.5583,80.3433,80.4367,11858400,PANW,83.2577,82.7662,88.0523,86.0894,90.1700,87.6472,87.5469,84.8698
2022-06-22,82.3867,84.9333,82.0783,82.2450,7468800,PANW,83.2081,82.7301,87.6726,85.9442,90.1851,87.5430,87.5687,84.8451
2022-06-23,83.8450,84.3450,82.3633,83.0150,6506400,PANW,83.4242,82.8363,87.3132,85.8619,90.1966,87.4698,87.6024,84.8352
2022-06-24,85.1183,85.7650,83.6017,84.9133,21630600,PANW,83.4675,83.0536,86.9759,85.8327,90.1855,87.4232,87.6399,84.8380
2022-06-27,83.6467,85.7650,83.0933,85.7033,8905800,PANW,83.4658,83.1101,86.5522,85.7470,90.1672,87.3484,87.6693,84.8261
2022-06-28,81.9850,84.9167,80.7767,84.2200,6414000,PANW,83.3417,83.0029,86.1026,85.5995,90.1380,87.2422,87.6877,84.7979
2022-06-29,81.9667,82.5000,80.4183,82.0000,4294800,PANW,83.2502,82.9043,85.6826,85.4570,90.1370,87.1377,87.7008,84.7697
2022-06-30,82.3233,83.2583,80.3467,81.3700,8684400,PANW,83.1853,82.8489,85.2339,85.3341,90.1011,87.0424,87.7083,84.7453
2022-07-01,84.7083,85.0717,82.0733,82.5000,7050000,PANW,83.1095,83.0260,84.8408,85.3096,90.0965,86.9962,87.7319,84.7450
2022-07-05,86.8567,87.0683,83.4150,84.0000,8162400,PANW,83.1808,83.3908,84.6046,85.3702,90.1097,86.9934,87.7622,84.7660
2022-07-06,85.8267,87.6117,85.2833,87.5917,8502600,PANW,83.1887,83.6228,84.4159,85.3881,90.0771,86.9703,87.7943,84.7765
2022-07-07,86.2083,87.2567,85.2600,85.8267,7768200,PANW,83.1074,83.8691,84.1410,85.4203,90.0596,86.9552,87.8300,84.7908
2022-07-08,87.3700,87.5817,84.3650,85.3250,4792200,PANW,83.1019,84.2025,83.9524,85.4968,90.0831,86.9634,87.8727,84.8164
2022-07-11,85.9850,86.8300,85.1667,86.4550,3874200,PANW,83.0999,84.3722,83.7427,85.5159,90.0746,86.9441,87.9060,84.8281
2022-07-12,82.0967,87.7867,81.4933,86.7450,8230800,PANW,83.0779,84.1555,83.4222,85.3818,90.0182,86.8481,87.9138,84.8009
2022-07-13,82.2350,83.2800,79.9650,80.6533,6465000,PANW,83.2086,83.9726,83.1959,85.2584,89.9632,86.7567,87.9163,84.7754
2022-07-14,81.6667,81.9633,79.6667,81.6067,9510600,PANW,83.2783,83.7530,82.9228,85.1176,89.9480,86.6559,87.9196,84.7444
2022-07-15,84.8267,85.2967,81.7650,81.7650,6556800,PANW,83.4612,83.8553,82.7595,85.1062,89.9926,86.6197,87.9468,84.7453
2022-07-18,84.3067,86.5283,84.1483,85.9583,4777200,PANW,83.7906,83.8982,82.6014,85.0748,90.0432,86.5739,87.9741,84.7409
2022-07-19,85.6000,85.9333,84.0450,84.7817,4017000,PANW,84.1093,84.0603,82.5479,85.0954,90.1032,86.5546,88.0029,84.7494
2022-07-20,84.0333,85.4483,82.8400,85.1817,9208800,PANW,84.1496,84.0577,82.5457,85.0537,90.0436,86.5047,88.0176,84.7423
2022-07-21,85.7233,85.8200,83.2150,83.6833,10272000,PANW,84.3164,84.2164,82.7285,85.0800,89.9512,86.4892,88.0550,84.7521
2022-07-22,85.1950,87.3350,84.5583,86.5167,4877400,PANW,84.3839,84.3096,82.8189,85.0845,89.8128,86.4636,88.0846,84.7565
2022-07-25,84.2117,85.6667,83.3017,85.3267,4275000,PANW,84.3386,84.3003,82.9476,85.0503,89.6936,86.4190,88.1006,84.7511
2022-07-26,77.5367,83.7633,77.2017,83.6067,14396400,PANW,84.0331,83.6561,82.9033,84.7556,89.4989,86.2431,88.0769,84.6793
2022-07-27,79.6800,80.5717,77.8400,79.2533,7429200,PANW,83.9178,83.2774,82.8602,84.5566,89.3400,86.1132,88.0646,84.6295
2022-07-28,82.0350,82.3967,78.5517,79.6833,7414800,PANW,83.9213,83.1591,82.9403,84.4577,89.2312,86.0324,88.0583,84.6037
2022-07-29,83.1833,83.2200,81.2533,82.0350,7094400,PANW,83.9643,83.1614,83.0264,84.4077,89.1738,85.9760,88.0531,84.5896
2022-08-01,84.6100,85.2967,82.5417,83.2933,7478400,PANW,83.9593,83.2994,83.2566,84.4157,89.1447,85.9489,88.0558,84.5898
2022-08-02,85.1150,86.4117,83.6683,83.7167,5961000,PANW,83.8723,83.4723,83.5043,84.4431,89.0710,85.9324,88.0622,84.5950
2022-08-03,88.1783,88.3883,85.8417,86.3867,6580800,PANW,83.9898,83.9205,83.6723,84.5896,89.0330,85.9769,88.0799,84.6307
2022-08-04,83.6167,85.6667,80.6783,85.1700,16838400,PANW,83.8603,83.8915,83.6770,84.5514,88.9591,85.9302,88.0687,84.6206
2022-08-05,83.5617,83.6667,81.4333,83.0000,10114200,PANW,83.6698,83.8601,83.7578,84.5126,88.9192,85.8833,88.0594,84.6100
2022-08-08,83.5117,85.9650,83.3350,83.9933,6499800,PANW,83.5462,83.8269,83.7430,84.4733,88.8543,85.8363,88.0504,84.5991
2022-08-09,83.3950,84.1400,82.0000,83.1233,8475000,PANW,83.6111,83.7858,83.7373,84.4311,88.7650,85.7880,88.0440,84.5871
2022-08-10,86.9733,87.3167,85.3333,85.7867,6775800,PANW,83.8480,84.0894,83.7874,84.5308,88.6945,85.8114,88.0588,84.6109
2022-08-11,86.0850,89.5150,85.4017,88.3333,7138200,PANW,84.0689,84.2794,83.8332,84.5917,88.5936,85.8168,88.0744,84.6255
2022-08-12,87.8133,88.2700,86.8500,88.0750,5018400,PANW,84.2182,84.6160,83.9170,84.7180,88.5098,85.8564,88.1080,84.6573
2022-08-15,87.9617,88.2267,86.7417,86.7417,5633400,PANW,84.4010,84.9346,83.9518,84.8452,88.3937,85.8981,88.1371,84.6901
2022-08-16,87.4250,87.7267,85.8550,87.6150,7317600,PANW,84.4923,85.1718,83.9917,84.9464,88.2612,85.9283,88.1589,84.7174
2022-08-17,85.7517,86.5333,84.4767,86.2667,6556200,PANW,84.5782,85.2270,83.9933,84.9780,88.0818,85.9248,88.1634,84.7276
2022-08-18,86.3083,86.8583,85.4050,86.2033,6173400,PANW,84.6074,85.3300,83.9628,85.0302,87.9075,85.9324,88.1713,84.7434
2022-08-19,85.5850,86.5083,84.6683,85.5083,6749400,PANW,84.6269,85.3543,83.9249,85.0519,87.7213,85.9255,88.1756,84.7517
2022-08-22,84.6750,85.7300,83.4350,84.3533,19210800,PANW,84.6501,85.2896,83.8979,85.0371,87.5405,85.9008,88.1831,84.7510
2022-08-23,94.9183,95.4333,92.0000,93.2533,36726000,PANW,85.5192,86.2066,84.1455,85.4246,87.4635,86.0793,88.2462,84.8522
2022-08-24,94.1350,95.3333,93.8350,95.0833,9555000,PANW,86.2419,86.9617,84.4358,85.7662,87.3673,86.2388,88.3054,84.9445
2022-08-25,95.9300,96.4650,94.7133,95.0000,7827000,PANW,86.9367,87.8158,84.7490,86.1648,87.3081,86.4307,88.3540,85.0538
2022-08-26,93.4483,96.2500,93.4467,95.6533,7468200,PANW,87.4499,88.3523,84.9945,86.4504,87.1957,86.5697,88.3943,85.1374
2022-08-29,93.1650,94.3933,92.0983,92.5000,8106600,PANW,87.8777,88.8106,85.3035,86.7137,87.0922,86.7003,88.4441,85.2172
2022-08-30,93.2800,94.8133,92.4033,94.0250,6917400,PANW,88.2859,89.2363,85.5845,86.9712,87.0136,86.8306,88.4873,85.2975
2022-08-31,92.8017,95.5000,92.2800,94.4983,7062600,PANW,88.5171,89.5758,85.7760,87.1999,86.9142,86.9488,88.5220,85.3721
2022-09-01,90.8583,92.1733,89.0433,91.4083,8728200,PANW,88.8792,89.6980,85.9455,87.3434,86.8090,87.0263,88.5445,85.4267
2022-09-02,89.8667,92.2550,89.6083,91.3167,7095000,PANW,89.1944,89.7140,86.0659,87.4423,86.6896,87.0825,88.5562,85.4709
2022-09-06,88.4233,89.3100,86.3883,88.9967,8857200,PANW,89.4400,89.5911,86.1320,87.4808,86.5540,87.1091,88.5702,85.5003
2022-09-07,90.0000,90.2317,87.7367,88.4233,6759000,PANW,89.7703,89.6301,86.2591,87.5796,86.4056,87.1663,88.5869,85.5450
2022-09-08,91.2083,91.5300,89.1683,89.9100,5984400,PANW,89.9820,89.7804,86.4435,87.7219,86.2731,87.2463,88.6010,85.6014
2022-09-09,94.1283,94.7083,92.1833,92.6667,7710000,PANW,90.3842,90.1945,86.6868,87.9731,86.1847,87.3826,88.6217,85.6862
2022-09-12,94.6800,95.0000,93.6350,94.3600,7888800,PANW,90.7275,90.6217,86.9339,88.2361,86.0839,87.5271,88.6509,85.7757
2022-09-13,91.4800,92.7200,91.3533,92.3300,8773200,PANW,90.9034,90.7034,87.0693,88.3633,85.9551,87.6054,88.6502,85.8325
2022-09-14,91.0300,91.9800,89.4200,91.8750,11334000,PANW,91.0837,90.7345,87.1528,88.4679,85.8787,87.6732,88.6610,85.8842
2022-09-15,89.8100,90.9800,89.0800,90.5550,10413000,PANW,91.2866,90.6465,87.2325,88.5205,85.8242,87.7155,88.6507,85.9233
2022-09-16,87.0450,88.6200,85.7700,88.3750,14039000,PANW,91.3234,90.3035,87.2492,88.4627,85.6951,87.7022,88.6301,85.9344
2022-09-19,87.6750,87.8800,85.5000,85.5950,7492200,PANW,91.4279,90.0531,87.2553,88.4318,85.6039,87.7017,88.6284,85.9517
2022-09-20,87.5100,88.3500,86.8450,87.4500,7856400,PANW,91.5697,89.8109,87.2858,88.3956,85.5143,87.6979,88.6199,85.9673
2022-09-21,85.5600,88.7150,85.5550,88.2000,5977400,PANW,91.1018,89.4061,87.3551,88.2844,85.3886,87.6556,88.6136,85.9632
2022-09-22,83.0900,85.8700,82.6600,84.7750,7301400,PANW,90.5495,88.8045,87.3722,88.0807,85.2840,87.5652,88.6114,85.9346
2022-09-23,80.7850,82.9700,80.2700,82.1250,6931200,PANW,89.7923,88.0408,87.3545,87.7946,85.1387,87.4309,88.5791,85.8834
2022-09-26,81.5850,83.4100,80.9450,81.0800,7687000,PANW,89.1991,87.4259,87.2897,87.5511,85.0246,87.3151,88.5448,85.8406
2022-09-27,81.8300,83.3700,81.3300,82.8200,5905600,PANW,88.6323,86.8930,87.2402,87.3268,84.9208,87.2065,88.5144,85.8007
2022-09-28,83.4000,83.8600,81.5500,81.8550,6713600,PANW,88.1383,86.5603,87.1962,87.1728,84.8721,87.1312,88.4882,85.7768
2022-09-29,82.7900,83.3900,80.8200,82.4500,5833600,PANW,87.6378,86.2013,87.1713,87.0009,84.8585,87.0452,88.4564,85.7471
2022-09-30,81.8950,83.9350,81.8600,82.3450,6311600,PANW,87.1896,85.7911,87.0947,86.8007,84.9116,86.9432,88.4387,85.7088
2022-10-03,84.8450,85.4800,82.7800,83.0000,7546000,PANW,86.9385,85.7010,87.0877,86.7240,84.9533,86.9017,88.4127,85.7002
2022-10-04,86.9200,87.7250,86.2500,86.7200,6715800,PANW,86.8633,85.8171,87.1419,86.7317,85.0447,86.9020,88.4109,85.7123
2022-10-05,87.8250,88.2850,85.2500,85.3950,4425000,PANW,86.7546,86.0083,87.3477,86.7745,85.1255,86.9203,88.4082,85.7333
2022-10-06,87.3750,89.5000,87.2250,87.6500,4766400,PANW,86.5629,86.1385,87.5016,86.7981,85.1809,86.9293,88.4038,85.7497
2022-10-07,84.9550,86.8900,84.6750,86.0700,5667200,PANW,86.1042,86.0258,87.5600,86.7258,85.2501,86.8902,88.3805,85.7418
2022-10-10,81.5700,85.2400,80.8050,84.7550,6785000,PANW,85.4487,85.6014,87.5277,86.5236,85.2770,86.7849,88.3261,85.7002
2022-10-11,78.6850,80.8050,77.8350,80.6250,9507000,PANW,84.8090,84.9427,87.4092,86.2162,85.3329,86.6245,88.2514,85.6304
2022-10-12,77.6550,78.9000,76.5850,78.0000,6581600,PANW,84.1402,84.2487,87.2600,85.8805,85.3822,86.4468,88.1660,85.5511
2022-10-13,78.9450,79.6650,74.0050,75.4750,10201600,PANW,83.5970,83.7435,87.0753,85.6085,85.3738,86.2983,88.0902,85.4854
2022-10-14,77.4150,80.0050,77.2050,79.5400,6049400,PANW,83.1155,83.1408,86.9513,85.2872,85.3142,86.1224,88.0076,85.4050
2022-10-17,79.2700,80.4700,79.1200,79.4250,5601000,PANW,82.6952,82.7722,86.8655,85.0512,85.3116,85.9867,87.9361,85.3440
2022-10-18,81.6850,83.3950,80.8400,81.6400,6337000,PANW,82.4040,82.6686,86.8289,84.9192,85.2860,85.9015,87.8805,85.3076
2022-10-19,80.0550,81.9600,79.6750,80.5650,4498000,PANW,82.1287,82.4197,86.7621,84.7285,85.2497,85.7857,87.8273,85.2553
2022-10-20,79.2850,81.1150,78.6800,79.7500,6665800,PANW,81.9385,82.1212,86.6084,84.5150,85.1979,85.6570,87.7871,85.1959
2022-10-21,81.0150,81.3350,78.1450,79.0900,14792600,PANW,81.9500,82.0158,86.5070,84.3777,85.1701,85.5651,87.7714,85.1543
2022-10-24,80.6700,81.2800,78.7100,80.7050,8491000,PANW,81.9042,81.8876,86.3641,84.2323,85.1406,85.4682,87.7307,85.1097
2022-10-25,83.0950,83.5400,81.0250,81.4300,8484400,PANW,81.9675,82.0026,86.2668,84.1877,85.1093,85.4212,87.7082,85.0897
2022-10-26,83.3650,84.7900,81.5000,82.0000,4923000,PANW,81.9657,82.1324,86.1856,84.1555,85.0886,85.3805,87.6895,85.0725
2022-10-27,84.0700,85.2450,82.9050,84.8150,5020800,PANW,82.0297,82.3169,86.1519,84.1521,85.0726,85.3545,87.6715,85.0625
2022-10-28,85.5400,85.7400,83.1200,83.9500,3775800,PANW,82.2120,82.6239,86.1366,84.2065,85.0497,85.3582,87.6559,85.0673
2022-10-31,85.7950,86.5000,84.7500,85.1400,6034800,PANW,82.2595,82.9259,86.1408,84.2688,85.0328,85.3668,87.6693,85.0745
2022-11-01,85.3850,88.0500,84.7900,86.9700,4342000,PANW,82.1827,83.1601,86.1550,84.3126,85.0264,85.3672,87.6803,85.0776
2022-11-02,80.8900,85.7800,80.7050,85.7800,9373200,PANW,81.8360,82.9439,85.8744,84.1784,85.0100,85.2785,87.6662,85.0359
2022-11-03,74.8500,77.3450,73.1100,77.1400,22368200,PANW,81.2097,82.1730,85.4887,83.8126,84.9623,85.0720,87.6074,84.9346
2022-11-04,71.1050,75.8900,70.0350,75.4250,20263200,PANW,80.5172,81.1189,84.9922,83.3142,84.8706,84.7954,87.5299,84.7970
2022-11-07,72.2250,72.6650,70.2600,71.4250,10879600,PANW,80.0500,80.2719,84.5677,82.8794,84.7811,84.5465,87.4880,84.6719
2022-11-08,77.0850,77.6850,73.5600,74.6200,11929800,PANW,79.9700,79.9684,84.2461,82.6521,84.7748,84.3988,87.4532,84.5964
2022-11-09,75.7850,77.1450,75.5750,76.6600,7058000,PANW,79.8765,79.5700,83.8962,82.3828,84.7404,84.2282,87.4359,84.5087
2022-11-10,81.7300,83.4050,79.1050,82.4950,11988200,PANW,80.0158,79.7757,83.6748,82.3572,84.7254,84.1787,87.4477,84.4811
2022-11-11,82.6600,84.0600,81.4500,82.0150,8047600,PANW,80.2780,80.0504,83.5108,82.3691,84.7282,84.1487,87.4566,84.4629
2022-11-14,80.8650,82.8950,80.7550,82.8400,7207000,PANW,80.3578,80.1280,83.3308,82.3101,84.6984,84.0836,87.4475,84.4271
2022-11-15,81.1900,83.5250,80.9100,83.2000,9948000,PANW,80.3330,80.2291,83.1861,82.2662,84.6591,84.0263,87.4223,84.3949
2022-11-16,79.5450,80.3000,77.9350,80.0000,11889200,PANW,80.3075,80.1640,82.9770,82.1595,84.6181,83.9376,87.3926,84.3467
2022-11-17,78.2800,78.7550,75.7450,78.0000,16640600,PANW,80.2573,79.9845,82.7185,82.0073,84.5810,83.8256,87.3595,84.2863
2022-11-18,83.7400,86.5000,83.0350,85.6400,26790000,PANW,80.3935,80.3422,82.5107,82.0753,84.5987,83.8239,87.3679,84.2809
2022-11-21,85.3100,86.7850,82.5350,83.2550,13460600,PANW,80.6255,80.8153,82.3233,82.2021,84.6286,83.8533,87.3648,84.2911
2022-11-22,85.8350,86.0350,84.6250,85.6950,7098400,PANW,80.7625,81.2934,82.2104,82.3446,84.6399,83.8925,87.3682,84.3065
2022-11-23,86.5500,87.8150,85.0450,86.0000,5843400,PANW,80.9218,81.7940,82.1208,82.5095,84.6368,83.9452,87.3732,84.3288
2022-11-25,86.3850,87.0100,85.9550,86.5500,2135800,PANW,81.0375,82.2313,82.0523,82.6615,84.6424,83.9935,87.3598,84.3493
2022-11-28,85.6950,86.9450,84.9150,86.0200,4284800,PANW,81.0453,82.5611,82.0253,82.7805,84.6373,84.0272,87.3484,84.3626
2022-11-29,85.2550,86.2250,84.5550,86.0000,4865600,PANW,81.0183,82.8177,81.9769,82.8775,84.6161,84.0515,87.3496,84.3715
2022-11-30,84.9500,85.1400,81.8750,82.7350,16162800,PANW,80.9965,83.0208,81.9257,82.9588,84.6057,84.0693,87.3402,84.3773
2022-12-01,89.2000,89.4850,84.6700,85.5750,10660800,PANW,81.4120,83.6093,81.9985,83.2035,84.6768,84.1709,87.3475,84.4253
2022-12-02,86.3450,88.3200,85.9350,87.5350,6544000,PANW,81.9868,83.8698,82.0636,83.3267,84.7179,84.2139,87.3405,84.4444
2022-12-05,84.9950,86.6150,84.2300,86.1500,7042600,PANW,82.6813,83.9770,82.1478,83.3922,84.7512,84.2294,87.3496,84.4499
2022-12-06,83.3450,85.7900,82.9550,85.1050,5353000,PANW,83.2373,83.9168,82.1830,83.3903,84.7364,84.2119,87.3645,84.4389
2022-12-07,82.3450,84.3750,81.9800,83.8000,4770200,PANW,83.5003,83.7671,82.1933,83.3493,84.7167,84.1749,87.3800,84.4180
2022-12-08,80.3900,82.5300,79.3350,82.4300,8876000,PANW,83.7305,83.4455,82.1331,83.2333,84.6646,84.1000,87.3839,84.3779
2022-12-09,79.4500,80.7250,79.4050,80.1250,4984200,PANW,83.6165,83.0649,82.0663,83.0849,84.6188,84.0079,87.3312,84.3289
2022-12-12,80.8900,80.9150,78.9350,79.6750,6122000,PANW,83.5280,82.8578,82.0462,82.9988,84.5705,83.9461,87.2609,84.2947
2022-12-13,80.3750,84.4950,79.8850,84.1100,7140200,PANW,83.5035,82.6213,81.9568,82.8959,84.5223,83.8754,87.1675,84.2557
2022-12-14,80.1150,81.3450,79.2500,80.3250,3772400,PANW,83.4497,82.3826,81.8207,82.7869,84.4813,83.8010,87.0875,84.2145
2022-12-15,76.2950,79.5650,75.6600,79.0000,9538400,PANW,83.2872,81.8029,81.5901,82.5323,84.4689,83.6523,86.9839,84.1357
2022-12-16,75.5000,76.4500,75.1800,75.7950,9283600,PANW,83.1482,81.2026,81.3526,82.2565,84.4271,83.4909,86.8836,84.0498
2022-12-19,75.2600,76.0450,74.1400,75.9450,6276000,PANW,82.7242,80.6366,81.1587,81.9821,84.3593,83.3279,86.7953,83.9623
2022-12-20,74.6400,75.3500,73.8700,74.3250,7659400,PANW,82.1907,80.0655,81.0201,81.6942,84.2739,83.1559,86.7239,83.8695
2022-12-21,73.7100,74.2750,71.4150,74.1650,8391000,PANW,81.5845,79.4602,80.9206,81.3811,84.1649,82.9688,86.6548,83.7685
2022-12-22,71.5750,72.7400,70.7650,72.7050,8721600,PANW,80.8357,78.7093,80.7990,80.9966,84.0295,82.7432,86.5502,83.6471
2022-12-23,70.6350,71.6600,70.2700,71.5600,5933200,PANW,80.0482,77.9403,80.6328,80.5902,83.8541,82.5034,86.4435,83.5177
2022-12-27,69.6050,70.6700,69.5050,70.2650,5988400,PANW,79.2437,77.1465,80.4766,80.1594,83.7139,82.2480,86.3365,83.3792
2022-12-28,68.6650,69.8150,68.3700,69.5900,6552000,PANW,78.4142,76.3387,80.2645,79.7087,83.5650,81.9791,86.2421,83.2328
2022-12-29,70.1000,70.7950,69.0500,69.2050,7270400,PANW,77.6717,75.7445,80.0328,79.3319,83.4309,81.7438,86.1426,83.1021
2022-12-30,69.7700,69.8950,68.6450,69.2500,6723000,PANW,76.7002,75.1755,79.8271,78.9569,83.2946,81.5067,86.0298,82.9695
2023-01-03,69.2250,71.7250,68.7550,70.6600,7818200,PANW,75.8442,74.6088,79.6259,78.5752,83.1171,81.2635,85.9058,82.8327
2023-01-04,69.2700,70.6200,68.5150,69.8400,8549600,PANW,75.0580,74.1004,79.3910,78.2103,82.9490,81.0260,85.7713,82.6978
2023-01-05,67.5550,68.8400,66.3500,68.8100,11473400,PANW,74.2685,73.4770,79.1287,77.7925,82.7464,80.7593,85.6281,82.5471
2023-01-06,67.4250,68.4900,66.7600,68.0050,7414200,PANW,73.5225,72.9006,78.8153,77.3859,82.5410,80.4952,85.4674,82.3966
2023-01-09,67.5400,69.8450,67.3450,68.5000,8801600,PANW,72.8800,72.3901,78.4988,76.9998,82.3422,80.2387,85.3017,82.2488
2023-01-10,67.0950,68.2500,66.4600,67.2950,9716400,PANW,72.2622,71.8858,78.1593,76.6114,82.1556,79.9784,85.1187,82.0980
2023-01-11,68.3550,68.6250,67.0000,67.7750,6454600,PANW,71.6355,71.5495,77.8156,76.2876,81.9761,79.7483,84.9418,81.9613
2023-01-12,68.3000,68.5800,66.1100,67.8650,7644600,PANW,71.0318,71.2400,77.4657,75.9743,81.8032,79.5216,84.7623,81.8253
2023-01-13,69.4300,69.5900,67.2700,67.2700,8742600,PANW,70.4975,71.0677,77.1466,75.7177,81.6508,79.3217,84.5957,81.7020
2023-01-17,71.0000,71.3350,68.5550,68.6050,10438200,PANW,70.2328,71.0612,76.9488,75.5327,81.4116,79.1569,84.4375,81.5955
2023-01-18,70.8400,72.6450,70.5900,71.8800,8877000,PANW,69.9998,71.0401,76.8686,75.3487,81.1786,78.9922,84.2730,81.4885
2023-01-19,70.3550,71.4600,70.0800,70.4050,5265000,PANW,69.7545,70.9749,76.8536,75.1528,80.9229,78.8212,84.1155,81.3777
2023-01-20,73.0500,73.2450,71.3050,71.4350,14043000,PANW,69.6750,71.1725,76.8701,75.0704,80.7189,78.7069,83.9573,81.2948
2023-01-23,74.6700,75.1000,73.0650,73.1650,8998800,PANW,69.7230,71.5056,76.8218,75.0547,80.5340,78.6270,83.8131,81.2289
2023-01-24,75.5700,76.0800,74.6950,75.4050,10361000,PANW,69.9228,71.8927,76.8175,75.0749,80.3569,78.5665,83.6852,81.1726
2023-01-25,75.8900,76.0950,73.4750,74.0000,12983000,PANW,70.1855,72.2734,76.7007,75.1068,80.1877,78.5135,83.5510,81.1200
2023-01-26,79.5550,79.9900,76.8400,77.3900,13565000,PANW,70.6830,72.9669,76.6386,75.2813,80.0747,78.5341,83.4419,81.1045
2023-01-27,79.8900,80.6150,78.8000,79.0000,8343400,PANW,71.2443,73.6262,76.6191,75.4620,79.9749,78.5609,83.3322,81.0924
2023-01-30,78.8150,79.5750,78.5950,79.1350,6137600,PANW,71.6800,74.1204,76.5716,75.5935,79.8789,78.5660,83.2164,81.0697
2023-01-31,79.3200,79.7750,78.7300,79.2050,4096000,PANW,72.1575,74.6156,76.5671,75.7396,79.7721,78.5809,83.0888,81.0523
2023-02-01,79.8600,80.6450,77.1100,78.6750,10685000,PANW,72.6893,75.1151,76.5987,75.9012,79.6586,78.6062,82.9658,81.0405
2023-02-02,81.2750,82.8300,80.6500,82.5200,12139600,PANW,73.2895,75.7017,76.5494,76.1120,79.5300,78.6591,82.8574,81.0428
2023-02-03,79.8600,81.1950,79.1200,79.4050,4942000,PANW,73.9048,76.0977,76.4404,76.2589,79.3818,78.6828,82.7329,81.0310
2023-02-06,78.1150,80.2700,77.9750,79.5000,6031000,PANW,74.4393,76.2899,76.2860,76.3317,79.2482,78.6716,82.6016,81.0020
2023-02-07,79.8500,80.1050,77.0550,77.9750,7240600,PANW,75.0548,76.6289,76.1520,76.4697,79.1364,78.6949,82.5076,80.9905
2023-02-08,83.0700,84.3300,82.3750,83.0850,11411400,PANW,75.8535,77.2424,76.0857,76.7285,79.0690,78.7816,82.4466,81.0112
2023-02-09,83.0650,84.5000,82.7550,84.0000,6048600,PANW,76.5890,77.7969,76.0331,76.9770,79.0292,78.8664,82.3621,81.0317
2023-02-10,82.6250,83.4000,81.4050,82.8450,4380800,PANW,77.3053,78.2567,75.9805,77.1985,78.9787,78.9408,82.2913,81.0475
2023-02-13,83.1550,83.7050,82.2050,83.1600,4192200,PANW,77.9915,78.7232,75.9446,77.4321,78.9351,79.0243,82.2247,81.0685
2023-02-14,85.0700,85.7400,83.1450,83.9400,6274400,PANW,78.6950,79.3277,75.8620,77.7316,78.9302,79.1440,82.1594,81.1083
2023-02-15,88.6300,88.8000,85.6000,86.0150,11375400,PANW,79.5845,80.2136,75.9077,78.1590,78.9856,79.3318,82.1348,81.1832
2023-02-16,86.0100,87.9650,85.9700,87.3600,7781600,PANW,80.3673,80.7656,75.9280,78.4669,79.0379,79.4641,82.0883,81.2312
2023-02-17,84.6400,85.4000,83.9050,85.2000,7119000,PANW,80.9467,81.1346,75.9539,78.7090,79.0684,79.5666,82.0465,81.2651
2023-02-21,83.4450,84.6000,82.6800,84.2500,18251600,PANW,81.3855,81.3547,75.9759,78.8947,79.0846,79.6434,82.0027,81.2868
2023-02-22,93.8750,94.3950,91.1500,91.1900,42277200,PANW,82.3007,82.5471,76.2456,79.4822,79.1893,79.9252,82.0307,81.4120
2023-02-23,94.3700,94.4950,91.2950,93.8000,24641000,PANW,83.2248,83.6731,76.5440,80.0660,79.3051,80.2112,82.0818,81.5410
2023-02-24,93.3150,93.8600,92.2100,92.5000,12462600,PANW,83.9128,84.5914,76.7925,80.5856,79.4193,80.4707,82.1655,81.6581
2023-02-27,94.2550,96.2350,93.8900,93.9450,8944200,PANW,84.6310,85.5117,77.0701,81.1216,79.5134,80.7437,82.2334,81.7835
2023-02-28,94.1850,95.9150,94.0300,94.2550,8014800,PANW,85.3995,86.3377,77.3515,81.6339,79.5861,81.0098,82.3154,81.9069
2023-03-01,93.4700,94.1000,92.8550,93.4400,6405800,PANW,86.1070,87.0170,77.6950,82.0981,79.6425,81.2566,82.3840,82.0219
2023-03-02,94.9250,95.5150,92.7500,93.2500,7421000,PANW,86.8603,87.7701,78.0835,82.6011,79.7181,81.5272,82.4495,82.1503
2023-03-03,95.7950,96.4200,94.3400,95.0750,9048600,PANW,87.5862,88.5344,78.4942,83.1185,79.8264,81.8097,82.5383,82.2861
2023-03-06,93.9550,95.2000,93.4250,93.8600,8283800,PANW,88.2910,89.0507,78.8805,83.5435,79.9503,82.0502,82.6137,82.4022
2023-03-07,93.6000,94.7350,93.3500,93.8900,6111200,PANW,89.0653,89.4839,79.2783,83.9378,80.0994,82.2790,82.7162,82.5136
2023-03-08,94.1900,94.5750,93.0800,94.0250,10051200,PANW,89.7823,89.9321,79.7306,84.3399,80.2648,82.5148,82.8235,82.6298
2023-03-09,92.2100,94.7150,92.1200,94.1900,5269200,PANW,90.2393,90.1491,80.1621,84.6485,80.3975,82.7068,82.8856,82.7251
2023-03-10,92.8550,93.5000,91.2500,92.4050,10197600,PANW,90.7288,90.4068,80.6271,84.9703,80.5519,82.9078,82.9330,82.8259
2023-03-13,92.9500,94.2450,91.3400,92.0700,11268600,PANW,91.2450,90.6490,81.1128,85.2833,80.6887,83.1066,83.0001,82.9267
2023-03-14,92.2400,94.1100,91.4300,93.3650,9863200,PANW,91.6993,90.8005,81.5556,85.5561,80.7942,83.2875,83.0401,83.0193
2023-03-15,91.9000,92.1850,90.8150,91.0800,5896200,PANW,92.0408,90.9052,81.9982,85.8049,80.9127,83.4580,83.0812,83.1077
2023-03-16,94.8850,95.0000,91.3350,92.2500,8575000,PANW,92.3535,91.2843,82.5114,86.1609,81.0687,83.6843,83.1333,83.2249
2023-03-17,94.5600,95.7300,93.7850,94.8350,7549800,PANW,92.7810,91.5962,83.0172,86.4903,81.2041,83.8997,83.1871,83.3377
2023-03-20,94.7150,95.1000,93.4400,93.9950,6277800,PANW,93.2847,91.8933,83.5604,86.8129,81.3446,84.1138,83.2426,83.4509
2023-03-21,97.2450,97.4600,95.2500,95.6500,9501200,PANW,93.9748,92.4029,84.1568,87.2220,81.4861,84.3738,83.2977,83.5881
2023-03-22,95.4450,97.9050,95.3750,97.1000,7095000,PANW,94.0533,92.6927,84.7149,87.5444,81.6069,84.5931,83.3477,83.7061
2023-03-23,96.9450,98.0600,96.3300,96.7000,7382400,PANW,94.1820,93.0976,85.3119,87.9131,81.7356,84.8377,83.4041,83.8378
2023-03-24,95.7750,96.7900,95.4450,96.4450,4691400,PANW,94.3050,93.3526,85.8603,88.2214,81.8380,85.0542,83.4438,83.9566
2023-03-27,96.2650,97.2900,95.8250,96.0000,4977200,PANW,94.4055,93.6300,86.4196,88.5368,81.9427,85.2762,83.4877,84.0791
2023-03-28,95.3800,96.6550,94.9200,95.9150,4715200,PANW,94.4653,93.7967,86.9386,88.8052,82.0426,85.4763,83.5345,84.1915
2023-03-29,96.0950,96.4500,95.1750,96.3650,4978000,PANW,94.5965,94.0156,87.4405,89.0911,82.1947,85.6866,83.6023,84.3100
2023-03-30,96.7850,97.5550,96.0150,96.9550,4183800,PANW,94.6895,94.2793,87.9594,89.3928,82.4140,85.9064,83.6881,84.4341
2023-03-31,99.8700,100.1500,97.0200,97.2500,8381800,PANW,94.8933,94.8118,88.5497,89.8037,82.7017,86.1829,83.7861,84.5877
2023-04-03,98.1650,99.4550,97.7950,99.0050,5345000,PANW,95.1038,95.1311,89.0520,90.1316,82.9611,86.4201,83.8711,84.7228
2023-04-04,98.2800,99.2450,97.9300,98.6450,3636600,PANW,95.3378,95.4310,89.5242,90.4511,83.1730,86.6550,83.9739,84.8577
2023-04-05,97.0900,98.4000,95.9550,98.3800,5424400,PANW,95.4827,95.5890,89.9546,90.7114,83.3861,86.8616,84.0632,84.9794
2023-04-06,95.9650,96.1550,94.3600,95.9000,5870000,PANW,95.6705,95.6248,90.3561,90.9175,83.5284,87.0419,84.1269,85.0887
2023-04-10,96.3100,96.8550,94.4150,95.0500,4551800,PANW,95.8432,95.6901,90.6912,91.1289,83.6649,87.2254,84.1965,85.2004
2023-04-11,96.4050,96.8500,95.1300,95.3600,3455800,PANW,96.0160,95.7582,91.0215,91.3358,83.8203,87.4072,84.2593,85.3119
2023-04-12,97.6400,98.4050,96.7150,97.5250,5093200,PANW,96.2860,95.9374,91.3980,91.5831,83.9848,87.6098,84.3219,85.4345
2023-04-13,98.9350,99.3300,98.0450,98.2450,4230000,PANW,96.6377,96.2229,91.7903,91.8714,84.1787,87.8341,84.3984,85.5689
2023-04-14,99.7200,99.9350,96.3000,96.9250,7554400,PANW,96.8795,96.5559,92.1875,92.1792,84.3931,88.0694,84.4871,85.7097
2023-04-17,100.5800,101.4800,99.4250,99.9950,4846600,PANW,97.1805,96.9392,92.5736,92.5086,84.5615,88.3172,84.5801,85.8576
2023-04-18,100.0000,101.7200,99.9300,101.5850,3024200,PANW,97.4447,97.2307,92.9764,92.8024,84.7084,88.5485,84.6685,85.9984
2023-04-19,97.6600,99.8450,97.4850,98.9750,4973400,PANW,97.4655,97.2716,93.3673,92.9929,84.8267,88.7289,84.7333,86.1144
2023-04-20,96.1350,96.9500,95.6000,96.5650,6157600,PANW,97.5000,97.1633,93.6930,93.1161,84.9225,88.8756,84.7797,86.2141
2023-04-21,96.6250,97.2100,95.5850,96.1350,4014200,PANW,97.4840,97.1121,93.9641,93.2537,85.0249,89.0291,84.8336,86.3177
2023-04-24,95.9750,97.3700,95.2050,96.5200,3713200,PANW,97.4940,97.0038,94.2223,93.3604,85.1277,89.1666,84.8825,86.4138
2023-04-25,91.2850,94.3050,91.0950,94.0900,7739000,PANW,97.2450,96.4591,94.3955,93.2790,85.1880,89.2085,84.9021,86.4623
2023-04-26,91.8950,92.7450,91.3650,92.3350,5266000,PANW,97.0708,96.0244,94.5703,93.2248,85.2575,89.2617,84.9316,86.5163
2023-04-27,92.5600,93.0650,91.7200,92.6400,5148800,PANW,96.8940,95.6945,94.7201,93.1987,85.2911,89.3271,84.9839,86.5764
2023-04-28,91.2300,91.9950,90.5050,91.9500,7973400,PANW,96.6162,95.2693,94.7721,93.1215,85.3399,89.3647,85.0289,86.6227
2023-05-01,91.6500,92.6200,89.8550,90.3300,7939600,PANW,96.2052,94.9246,94.8849,93.0638,85.4065,89.4100,85.0788,86.6728
2023-05-02,88.4450,91.5600,88.1500,90.6850,13560200,PANW,95.7192,94.3075,94.9610,92.8827,85.4575,89.3909,85.0969,86.6904
2023-05-03,88.8300,90.2700,88.1750,88.5050,6834200,PANW,95.2467,93.7858,95.0687,92.7237,85.5223,89.3798,85.1195,86.7117
2023-05-04,89.5050,90.3500,88.5450,89.3150,5820600,PANW,94.8675,93.3781,94.9813,92.5975,85.6135,89.3823,85.1390,86.7395
2023-05-05,91.9650,92.3650,89.5700,89.6200,6384600,PANW,94.6675,93.2436,94.9332,92.5727,85.7386,89.4334,85.1787,86.7915
2023-05-08,95.7600,96.1000,93.9650,94.0000,7708600,PANW,94.6400,93.4832,94.9821,92.6977,85.8873,89.5587,85.2289,86.8807
2023-05-09,97.9200,98.5300,96.1950,96.3200,7727600,PANW,94.7158,93.9058,95.0554,92.9025,86.0628,89.7242,85.2925,86.9906
2023-05-10,99.7000,100.7600,98.5000,98.5650,5334000,PANW,94.8187,94.4576,95.1657,93.1691,86.2586,89.9218,85.3699,87.1170
2023-05-11,98.5900,100.4200,98.2850,100.2750,6025800,PANW,94.8015,94.8512,95.2681,93.3816,86.4815,90.0934,85.4752,87.2312
2023-05-12,99.6500,99.6850,98.4100,99.3250,6025800,PANW,94.7980,95.3082,95.3626,93.6275,86.7231,90.2827,85.5751,87.3548
2023-05-15,96.5000,99.2750,95.3350,99.1500,13136000,PANW,94.5940,95.4217,95.3767,93.7401,86.9354,90.4058,85.6474,87.4458
2023-05-16,95.7150,96.4000,94.4300,95.1400,9730600,PANW,94.3797,95.4496,95.4119,93.8176,87.1462,90.5109,85.7100,87.5280
2023-05-17,95.7600,96.5600,95.0500,96.1550,6851400,PANW,94.2847,95.4792,95.4551,93.8937,87.3667,90.6149,85.7658,87.6099
2023-05-18,94.8600,95.7450,93.3750,95.5000,10488400,PANW,94.2210,95.4202,95.4685,93.9316,87.5996,90.6989,85.8145,87.6821
2023-05-19,94.3300,96.1900,94.1600,95.4350,8459400,PANW,94.1062,95.3164,95.5109,93.9472,87.8365,90.7708,85.8453,87.7482
2023-05-22,96.0550,96.4850,94.1500,94.7350,11821000,PANW,94.1102,95.3867,95.5749,94.0299,88.1010,90.8755,85.9075,87.8309
2023-05-23,94.8700,96.6000,94.4150,95.7800,19297800,PANW,94.2895,95.3375,95.6133,94.0628,88.3631,90.9546,85.9640,87.9009
2023-05-24,102.1550,103.6900,97.0400,98.1150,34073000,PANW,94.8025,95.9868,95.8116,94.3802,88.6836,91.1764,86.0572,88.0428
2023-05-25,103.9900,104.4350,101.3000,103.1350,12287400,PANW,95.3740,96.7490,96.0534,94.7570,89.0258,91.4301,86.1602,88.2014
2023-05-26,105.8500,108.5250,104.0950,104.1850,12810800,PANW,96.1050,97.6158,96.2727,95.1921,89.3921,91.7156,86.2546,88.3770
2023-05-30,106.2400,109.7500,105.7100,108.0000,11170000,PANW,96.8345,98.4371,96.5063,95.6253,89.7618,92.0032,86.3554,88.5548
2023-05-31,106.6950,108.1300,105.8150,106.1250,11179200,PANW,97.7470,99.2236,96.7459,96.0594,90.1532,92.2942,86.4498,88.7353
2023-06-01,108.3950,109.1400,105.0600,105.5000,8843200,PANW,98.7252,100.0971,96.9689,96.5432,90.5628,92.6130,86.5519,88.9309
2023-06-02,108.6200,109.9650,107.5250,108.5300,9487200,PANW,99.6810,100.9088,97.2324,97.0168,90.9736,92.9300,86.6579,89.1268
2023-06-05,113.3950,115.0900,111.5450,113.2350,27545000,PANW,100.7525,102.0979,97.5614,97.6591,91.4366,93.3352,86.7961,89.3683
2023-06-06,112.3600,113.4300,111.9150,112.6750,10803600,PANW,101.5825,103.0753,97.8931,98.2356,91.8767,93.7119,86.9264,89.5971
2023-06-07,108.1250,112.9550,108.0850,112.8700,14351000,PANW,102.0927,103.5562,98.1303,98.6234,92.2749,93.9974,87.0391,89.7814
2023-06-08,111.4100,111.5200,108.1250,108.3100,10063200,PANW,102.6782,104.3042,98.4509,99.1248,92.6947,94.3422,87.1728,89.9966
2023-06-09,110.0500,112.3900,109.6550,111.4100,9939800,PANW,103.2513,104.8514,98.7300,99.5533,93.0852,94.6532,87.2484,90.1962
2023-06-12,114.5700,114.6450,110.2750,110.4550,10848400,PANW,103.9972,105.7770,99.0857,100.1421,93.5225,95.0476,87.3506,90.4387
2023-06-13,116.8150,117.2500,114.6000,115.7500,11915800,PANW,105.0130,106.8282,99.4246,100.7960,93.9871,95.4786,87.4550,90.7011
2023-06-14,119.2800,119.8150,116.3300,116.3300,11317000,PANW,106.1913,108.0141,99.8469,101.5208,94.4494,95.9499,87.5842,90.9855
2023-06-15,121.9000,122.4300,118.1050,118.1050,12965200,PANW,107.4983,109.3366,100.3193,102.3200,94.9217,96.4638,87.7279,91.2931
2023-06-16,123.2650,123.8500,121.0350,123.7050,109647000,PANW,108.9185,110.6631,100.8428,103.1414,95.3987,96.9945,87.8778,91.6112
2023-06-20,120.8000,122.5250,119.0850,122.1050,15820600,PANW,110.2420,111.6285,101.3395,103.8339,95.8478,97.4659,88.0178,91.9017
2023-06-21,119.4600,121.2150,118.6000,120.6100,10632000,PANW,111.4123,112.3744,101.8025,104.4467,96.2468,97.9014,88.1608,92.1759
2023-06-22,124.5750,124.6300,119.1800,119.4550,12980400,PANW,112.8975,113.5363,102.3659,105.2360,96.6937,98.4296,88.3343,92.4983
2023-06-23,121.9700,124.3250,121.8750,123.4200,11338600,PANW,113.8882,114.3395,102.8525,105.8923,97.1252,98.8958,88.5021,92.7915
2023-06-26,121.9000,125.2750,121.7100,122.9150,9313600,PANW,114.7838,115.0596,103.3118,106.5200,97.5510,99.3513,88.6616,93.0812
2023-06-27,125.7950,126.7550,122.0800,122.1300,14047000,PANW,115.7810,116.0820,103.8333,107.2759,98.0104,99.8749,88.8345,93.4067
2023-06-28,126.7050,127.7100,123.9150,124.3800,7843800,PANW,116.8043,117.0937,104.3558,108.0378,98.4647,100.4062,88.9974,93.7380
2023-06-29,126.6650,127.4450,125.5300,126.4300,5201600,PANW,117.8028,118.0053,104.8891,108.7683,98.9327,100.9262,89.1573,94.0656
2023-06-30,127.7550,128.4150,126.1900,127.7450,6788800,PANW,118.7708,118.9338,105.4910,109.5129,99.4291,101.4575,89.3387,94.4008
2023-07-03,127.3200,127.7200,126.2700,127.5500,3488400,PANW,119.7058,119.7325,106.1147,110.2112,99.9038,101.9696,89.5201,94.7284
2023-07-05,128.9400,129.4400,126.0500,126.5450,7896200,PANW,120.4830,120.6094,106.7610,110.9457,100.3625,102.5037,89.7158,95.0688
2023-07-06,126.7000,127.7700,125.3750,127.0400,6486200,PANW,121.2000,121.1895,107.3755,111.5635,100.7989,102.9828,89.9140,95.3836
2023-07-07,123.7950,126.5400,123.5300,126.0000,7382200,PANW,121.9835,121.4376,108.0257,112.0431,101.2106,103.3949,90.0946,95.6663
2023-07-10,123.7350,125.6250,123.4450,124.4800,8646000,PANW,122.5998,121.6564,108.6625,112.5016,101.6164,103.7977,90.2758,95.9455
2023-07-11,125.1150,125.4950,123.1350,124.2900,5545800,PANW,123.3530,121.9858,109.3136,112.9963,102.0168,104.2198,90.4735,96.2358
2023-07-12,116.3200,125.9400,115.9050,125.5700,35574000,PANW,123.4405,121.4462,109.8154,113.1266,102.2937,104.4594,90.6397,96.4356
2023-07-13,119.5050,121.8500,117.2600,118.1450,18788400,PANW,123.5750,121.2613,110.3725,113.3768,102.6287,104.7574,90.8333,96.6652
2023-07-14,120.6300,121.4150,119.0400,119.2500,11466600,PANW,123.6425,121.2012,111.0162,113.6612,102.9886,105.0717,91.0285,96.9036
2023-07-17,125.0250,125.3850,120.4850,120.4850,11608600,PANW,123.7987,121.5654,111.7401,114.1068,103.4044,105.4668,91.2445,97.1834
2023-07-18,124.1700,125.1100,122.7850,124.9700,6981800,PANW,123.8440,121.8134,112.4334,114.5015,103.7073,105.8372,91.4483,97.4520
2023-07-19,123.0000,125.1250,122.5350,124.4450,6450000,PANW,123.9540,121.9264,113.0541,114.8348,103.9936,106.1770,91.6494,97.7062
2023-07-20,121.0250,123.7650,120.6000,121.9950,5966600,PANW,124.0322,121.8406,113.5594,115.0775,104.2707,106.4710,91.8450,97.9382
2023-07-21,121.9100,123.1950,121.5300,122.2450,14697800,PANW,123.8990,121.8472,114.0392,115.3454,104.5473,106.7768,92.0304,98.1767
2023-07-24,121.6650,122.9950,119.8700,121.9100,5005600,PANW,123.8837,121.8298,114.4785,115.5933,104.8221,107.0716,92.2041,98.4104
2023-07-25,121.4550,123.4250,121.3650,122.5000,4599200,PANW,123.8615,121.7941,114.9358,115.8231,105.1019,107.3564,92.3722,98.6397
2023-07-26,122.5050,124.3250,119.4350,119.8550,7262200,PANW,123.6970,121.8618,115.3929,116.0852,105.3777,107.6564,92.5479,98.8772
2023-07-27,122.6400,124.9150,121.6250,124.0000,6172000,PANW,123.4937,121.9360,115.9157,116.3422,105.6462,107.9531,92.7363,99.1137
2023-07-28,124.2200,124.6450,122.4050,123.7500,4188800,PANW,123.3715,122.1535,116.4858,116.6512,105.9488,108.2752,92.9496,99.3635
2023-07-31,124.9800,126.6700,123.8600,125.0000,4558800,PANW,123.2327,122.4227,117.0702,116.9778,106.2626,108.6060,93.1810,99.6184
2023-08-01,126.5850,127.0150,124.0050,124.9450,4644400,PANW,123.1960,122.8191,117.7047,117.3545,106.5866,108.9620,93.4257,99.8867
2023-08-02,118.0850,124.7000,117.0200,124.5250,12609000,PANW,122.6532,122.3682,118.1798,117.3832,106.8453,109.1426,93.6214,100.0678
2023-08-03,118.7250,119.3750,116.9050,117.4050,7617800,PANW,122.2545,122.0212,118.6332,117.4358,107.1040,109.3324,93.8279,100.2534
2023-08-04,109.1600,112.7500,106.6750,112.2500,30601400,PANW,121.5228,120.7964,118.9190,117.1113,107.2661,109.3290,93.9774,100.3420
2023-08-07,107.6200,109.7250,106.6500,109.5350,17688200,PANW,120.7170,119.5415,119.0283,116.7391,107.4199,109.2951,94.1071,100.4145
2023-08-08,105.7400,106.4500,104.0100,105.4250,15211600,PANW,119.7483,118.2270,119.0633,116.3077,107.5583,109.2247,94.2355,100.4674
2023-08-09,106.7350,106.8950,105.0500,105.6850,7906200,PANW,119.2690,117.1326,119.0810,115.9323,107.6768,109.1754,94.3727,100.5298
2023-08-10,107.0300,109.2100,106.4500,108.1650,8968000,PANW,118.6453,116.1704,119.0968,115.5832,107.8015,109.1330,94.5028,100.5945
2023-08-11,108.9800,110.2250,106.4200,106.4200,8030400,PANW,118.0628,115.4856,119.1425,115.3243,107.9442,109.1299,94.6444,100.6779
2023-08-14,109.6700,110.8850,107.7500,109.2200,8226200,PANW,117.2950,114.9317,119.1680,115.1025,108.0684,109.1406,94.7772,100.7674
2023-08-15,107.8300,109.7700,107.4800,109.2450,5986000,PANW,116.4780,114.2554,119.1522,114.8173,108.1923,109.1147,94.8996,100.8377
2023-08-16,106.9850,108.4700,106.7900,107.9950,5927000,PANW,115.6773,113.5630,119.0240,114.5102,108.2927,109.0725,95.0142,100.8988
2023-08-17,103.7850,106.5000,103.4450,106.5000,10077000,PANW,114.8153,112.6317,118.8525,114.0896,108.3728,108.9678,95.1054,100.9276
2023-08-18,104.8450,105.5700,100.5850,101.0100,22874600,PANW,113.9620,111.8901,118.7869,113.7270,108.4586,108.8862,95.2006,100.9665
2023-08-21,120.4050,123.1500,118.1500,118.2500,40537600,PANW,113.8990,112.7011,118.9668,113.9889,108.7089,109.1143,95.3757,101.1600
2023-08-22,117.2800,121.0450,115.5150,120.8250,12131000,PANW,113.6903,113.1372,119.1114,114.1180,108.9207,109.2760,95.5577,101.3204
2023-08-23,117.8300,118.6250,115.8800,117.7550,6194000,PANW,113.4565,113.5841,119.1766,114.2636,109.1311,109.4453,95.7726,101.4846
2023-08-24,113.7250,119.1000,113.4650,119.0000,6471200,PANW,113.0108,113.5975,119.1148,114.2424,109.2697,109.5301,95.9857,101.6064
2023-08-25,115.3800,116.0100,113.1600,114.8650,5193000,PANW,112.5688,113.7673,119.0368,114.2871,109.4418,109.6459,96.2015,101.7435
2023-08-28,116.2100,116.5400,114.4750,115.3850,4056400,PANW,112.1303,113.9999,118.9230,114.3625,109.6211,109.7759,96.3971,101.8874
2023-08-29,116.9600,117.0950,115.7100,116.3850,9524600,PANW,111.6490,114.2818,118.7969,114.4643,109.8198,109.9182,96.6029,102.0374
2023-08-30,118.9500,119.7000,117.5000,117.9100,6242400,PANW,111.6923,114.7264,118.7599,114.6402,110.0497,110.0970,96.7890,102.2057
2023-08-31,121.6500,121.9150,119.7900,119.7900,7524600,PANW,111.8385,115.3858,118.8037,114.9151,110.3031,110.3258,96.9840,102.3992
2023-09-01,121.3600,122.3850,120.2350,121.6250,4253000,PANW,112.4485,115.9548,118.7394,115.1679,110.5526,110.5443,97.1865,102.5878
2023-09-05,122.5350,122.6250,120.1250,121.3550,4194200,PANW,113.1943,116.5815,118.7507,115.4568,110.8016,110.7817,97.3932,102.7863
2023-09-06,122.6050,122.9650,121.3600,122.5450,3951200,PANW,114.0375,117.1551,118.7648,115.7371,111.0383,111.0158,97.6085,102.9835
2023-09-07,122.7200,123.5200,121.1750,122.0950,3841400,PANW,114.8368,117.6851,118.7033,116.0109,111.2683,111.2476,97.8307,103.1799
2023-09-08,124.3700,124.9450,122.4400,122.5000,4448200,PANW,115.7038,118.3218,118.6566,116.3387,111.5062,111.5075,98.0339,103.3907
2023-09-11,126.5700,127.1150,124.5000,124.9500,4884200,PANW,116.5833,119.1073,118.6547,116.7400,111.7719,111.8057,98.2402,103.6214
2023-09-12,122.8650,126.4550,122.8200,125.9950,5104600,PANW,117.2430,119.4652,118.5569,116.9802,112.0240,112.0247,98.4253,103.8128
2023-09-13,123.1450,123.8850,121.2150,121.6050,3605400,PANW,118.0088,119.8157,118.4734,117.2219,112.2940,112.2449,98.6083,104.0052
2023-09-14,122.9100,124.1600,122.3150,123.9950,3802200,PANW,118.8050,120.1104,118.3528,117.4450,112.5569,112.4561,98.7909,104.1933
2023-09-15,120.1000,122.8450,119.2850,122.6650,7147800,PANW,119.6208,120.1094,118.2208,117.5491,112.7982,112.6075,98.9629,104.3516
2023-09-18,119.9450,121.6300,119.3900,120.1700,3947600,PANW,120.3757,120.0937,118.1438,117.6431,113.0847,112.7528,99.1364,104.5067
2023-09-19,118.0850,119.3950,115.6750,119.1550,7522600,PANW,120.2597,119.9024,118.0308,117.6604,113.3467,112.8584,99.3021,104.6419
2023-09-20,117.6500,119.4400,117.2450,117.5650,3805200,PANW,120.2783,119.6879,117.8815,117.6600,113.5976,112.9533,99.4443,104.7713
2023-09-21,113.7200,116.5900,113.5950,115.8150,6383400,PANW,120.0728,119.1195,117.8295,117.5055,113.8225,112.9684,99.5812,104.8603
2023-09-22,114.2550,115.3650,113.3200,114.2750,4437800,PANW,120.0993,118.6562,117.7245,117.3780,114.0485,112.9939,99.7275,104.9538
2023-09-25,113.2650,113.9750,112.3200,113.7650,4254800,PANW,119.9935,118.1428,117.5772,117.2167,114.2967,112.9993,99.8771,105.0365
2023-09-26,113.3950,113.9000,112.3750,112.9800,4231600,PANW,119.8528,117.6906,117.3446,117.0668,114.5423,113.0071,100.0323,105.1197
2023-09-27,115.9500,116.7650,114.1600,114.4350,5567400,PANW,119.8022,117.5248,117.1802,117.0230,114.8068,113.0654,100.2101,105.2274
2023-09-28,117.5900,118.6500,115.3350,116.2350,4455600,PANW,119.7342,117.5310,117.0720,117.0453,115.0630,113.1550,100.4008,105.3505
2023-09-29,117.2200,119.1700,117.0200,119.0000,4496400,PANW,119.5127,117.5014,116.9959,117.0521,115.2776,113.2355,100.5825,105.4686
2023-10-02,118.3850,119.0950,116.9450,117.5000,5064200,PANW,119.3640,117.5856,116.9254,117.1044,115.4823,113.3375,100.7725,105.5971
2023-10-03,115.8550,118.8050,115.0450,117.3400,4205200,PANW,119.0300,117.4208,116.8092,117.0554,115.6439,113.3873,100.9512,105.6991
2023-10-04,118.2200,118.7850,116.6750,116.6750,4737600,PANW,118.8107,117.4969,116.7445,117.1011,115.8402,113.4830,101.1609,105.8237
2023-10-05,118.3900,118.6500,117.1750,118.2200,3943200,PANW,118.5942,117.5819,116.6622,117.1516,116.0276,113.5802,101.3753,105.9488
2023-10-06,123.3450,124.9550,117.5200,117.6800,8337800,PANW,118.5430,118.1308,116.6763,117.3945,116.2960,113.7735,101.6157,106.1219
2023-10-09,126.3900,128.2450,122.9150,123.0350,7669000,PANW,118.5340,118.9174,116.7197,117.7473,116.6028,114.0234,101.8745,106.3235
2023-10-10,128.3900,129.2750,126.4100,127.1600,7114800,PANW,118.8102,119.8195,116.7879,118.1646,116.9291,114.3079,102.1479,106.5431
2023-10-11,129.6050,130.9400,127.8850,128.5000,6947600,PANW,119.1332,120.7515,116.8483,118.6133,117.2765,114.6108,102.4380,106.7726
2023-10-12,130.3100,132.1700,129.5850,130.0750,5928800,PANW,119.5032,121.6618,117.0928,119.0720,117.6363,114.9216,102.7364,107.0068
2023-10-13,129.7000,132.9500,129.1550,131.1750,6181600,PANW,119.9832,122.4274,117.3123,119.4887,117.9727,115.2143,103.0369,107.2326
2023-10-16,130.7600,132.5850,129.4550,129.8750,4826800,PANW,120.5240,123.2209,117.7443,119.9308,118.3316,115.5221,103.3473,107.4667
2023-10-17,130.8700,132.9100,130.0050,130.4300,5617600,PANW,121.1632,123.9494,118.2093,120.3597,118.6188,115.8260,103.6512,107.6996
2023-10-18,130.6700,132.9250,130.0000,130.0550,5628800,PANW,121.8142,124.5895,118.7079,120.7641,118.8856,116.1200,103.9557,107.9281
2023-10-19,126.5650,132.3400,126.0900,131.7500,7762000,PANW,122.4565,124.7776,119.1045,120.9916,119.0927,116.3268,104.2424,108.1136
2023-10-20,121.5500,126.5000,120.1400,126.5000,9270000,PANW,122.8212,124.4702,119.3949,121.0135,119.2458,116.4302,104.5038,108.2473
2023-10-23,123.0850,124.1600,119.4100,120.6050,4764800,PANW,123.3122,124.3383,119.6770,121.0947,119.4097,116.5620,104.7814,108.3949
2023-10-24,126.0350,126.0950,123.7500,124.3350,4519200,PANW,123.9442,124.4999,120.0043,121.2884,119.5861,116.7496,105.0745,108.5704
2023-10-25,122.3950,127.1600,121.8600,126.0000,5418400,PANW,124.2665,124.2994,120.2956,121.3318,119.7239,116.8614,105.3488,108.7080
2023-10-26,118.5950,123.4700,118.0100,122.3950,5956600,PANW,124.3167,123.7562,120.5278,121.2245,119.7759,116.8957,105.6063,108.8064
2023-10-27,119.3950,121.1950,118.6400,119.3300,4567600,PANW,124.4255,123.3408,120.8400,121.1528,119.8462,116.9452,105.8615,108.9117
2023-10-30,119.2750,121.1100,118.8550,120.3850,3973200,PANW,124.4700,122.9536,121.1286,121.0791,119.9577,116.9913,106.1163,109.0148
2023-10-31,121.5100,122.0200,119.0600,121.2550,4226000,PANW,124.7527,122.8161,121.1507,121.0960,120.0587,117.0808,106.3767,109.1392
2023-11-01,122.4300,123.7250,120.0300,122.5000,4923800,PANW,124.9632,122.7793,121.2537,121.1483,120.1825,117.1867,106.6339,109.2714
2023-11-02,125.1800,126.0400,123.5400,123.7800,6998800,PANW,125.3027,123.0080,121.4007,121.3064,120.2886,117.3450,106.9056,109.4297
2023-11-03,121.7650,123.1250,120.5250,122.2600,15224400,PANW,125.2237,122.8896,121.5615,121.3244,120.3381,117.4326,107.1626,109.5524
2023-11-06,118.5000,123.6450,116.9050,123.3200,10643600,PANW,124.8292,122.4715,121.6239,121.2137,120.3303,117.4537,107.3899,109.6415
2023-11-07,121.0400,121.7100,118.7600,120.9750,8401400,PANW,124.4617,122.3352,121.7205,121.2068,120.3217,117.5247,107.6217,109.7549
2023-11-08,120.5400,122.0000,120.2550,121.7350,5201400,PANW,124.0085,122.1642,121.7921,121.1807,120.2945,117.5844,107.8466,109.8622
2023-11-09,121.2950,123.8700,119.8000,121.1950,6290000,PANW,123.5577,122.0814,121.8390,121.1852,120.2994,117.6579,108.0736,109.9760
2023-11-10,126.7550,126.9900,122.3000,123.0000,8156000,PANW,123.4105,122.5265,121.9411,121.4036,120.3724,117.8380,108.3096,110.1429
2023-11-13,127.8200,128.7000,126.8800,127.1850,8944000,PANW,123.2635,123.0307,122.0703,121.6552,120.4048,118.0357,108.5493,110.3188
2023-11-14,130.5850,130.8350,128.8450,129.7600,8778200,PANW,123.2493,123.7501,122.2313,122.0054,120.4910,118.2842,108.8081,110.5205
2023-11-15,128.0900,132.3750,127.3100,132.2550,19158000,PANW,123.1203,124.1635,122.3410,122.2440,120.5529,118.4784,109.0520,110.6953
2023-11-16,121.1500,122.4000,117.0750,119.9950,31270600,PANW,122.8495,123.8765,122.3096,122.2011,120.5064,118.5313,109.2584,110.7993
2023-11-17,123.7950,126.0150,121.4900,121.5200,15112200,PANW,122.9618,123.8687,122.2981,122.2636,120.4773,118.6355,109.4710,110.9286
2023-11-20,130.2850,130.7250,124.7800,125.0000,13703800,PANW,123.3218,124.4798,122.3724,122.5782,120.5135,118.8662,109.7231,111.1212
2023-11-21,132.0150,132.2800,129.0850,129.7750,8110400,PANW,123.6208,125.1974,122.5554,122.9483,120.5561,119.1266,109.9926,111.3291
2023-11-22,131.5700,134.0500,131.0350,132.5000,5502800,PANW,124.0795,125.8043,122.7239,123.2864,120.5986,119.3730,110.2512,111.5305
2023-11-24,133.0400,133.2050,131.3750,131.4850,3230400,PANW,124.8018,126.4934,122.9265,123.6689,120.6396,119.6436,110.5011,111.7446
2023-11-27,134.5450,134.9700,132.9400,133.0000,6276200,PANW,125.5593,127.2603,123.2154,124.0954,120.7181,119.9387,110.7585,111.9714
2023-11-28,138.9150,139.3450,134.3250,134.3650,12630000,PANW,126.5412,128.3702,123.5948,124.6765,120.8693,120.3144,111.0399,112.2395
2023-11-29,144.4550,146.1650,139.2550,139.7300,15076400,PANW,127.6885,129.9021,124.1222,125.4522,121.0765,120.7925,111.3464,112.5601
2023-11-30,147.5450,148.0800,143.5150,144.3450,17859400,PANW,128.9442,131.5824,124.7201,126.3186,121.3008,121.3222,111.6588,112.9082
2023-12-01,148.0800,148.4250,145.5250,146.1550,12313600,PANW,130.0892,133.1536,125.4073,127.1719,121.6184,121.8521,111.9561,113.2581
2023-12-04,143.3050,147.5000,141.3950,147.1200,9284200,PANW,131.1662,134.1204,125.9883,127.8046,121.8564,122.2769,112.2425,113.5571
2023-12-05,146.3900,146.4050,140.3300,141.2700,6401200,PANW,132.5607,135.2889,126.6508,128.5334,122.1140,122.7544,112.5513,113.8838
2023-12-06,143.6000,148.0750,143.4550,146.9000,6135400,PANW,133.6887,136.0805,127.2549,129.1243,122.2997,123.1672,112.8521,114.1795
2023-12-07,146.8050,147.1850,143.3450,144.0900,8612600,PANW,135.0020,137.1018,127.8720,129.8177,122.5261,123.6352,113.1167,114.5041
2023-12-08,149.2100,149.4550,145.3200,145.3200,4813200,PANW,136.3977,138.2550,128.5044,130.5781,122.7882,124.1417,113.3909,114.8495
2023-12-11,149.9400,150.0550,147.6600,148.9500,8096400,PANW,137.5570,139.3679,129.1588,131.3374,123.0773,124.6525,113.6740,115.1986
2023-12-12,152.7900,153.9400,149.7050,149.7850,9127000,PANW,138.8055,140.6462,129.8469,132.1787,123.3861,125.2097,113.9667,115.5727
2023-12-13,156.9300,158.0950,152.5200,152.5200,10375600,PANW,140.1227,142.1970,130.6684,133.1493,123.7388,125.8378,114.2804,115.9842
2023-12-14,150.2200,159.0000,149.0650,157.5000,13592000,PANW,141.2292,142.9611,131.3084,133.8188,124.0264,126.3207,114.5642,116.3248
2023-12-15,153.6500,154.5250,149.6250,150.5150,18221000,PANW,142.8542,143.9791,132.0136,134.5965,124.3379,126.8618,114.8578,116.6962
2023-12-18,153.7900,154.7100,152.0050,152.1250,6663600,PANW,144.3540,144.9135,132.6225,135.3492,124.6494,127.3951,115.1478,117.0653
2023-12-19,154.3050,155.4400,153.0900,153.7900,7760000,PANW,145.5550,145.8079,133.1808,136.0925,124.9502,127.9279,115.4495,117.4359
2023-12-20,150.4900,154.0000,150.2250,152.7300,6694400,PANW,146.4787,146.2538,133.6228,136.6571,125.2053,128.3747,115.7340,117.7648
2023-12-21,149.7000,152.0550,147.9550,151.3900,5772800,PANW,147.3852,146.5820,134.0247,137.1686,125.4365,128.7970,116.0115,118.0825
2023-12-22,149.1050,150.3750,148.7500,150.1650,4783000,PANW,148.1885,146.8223,134.4006,137.6367,125.7467,129.1991,116.2960,118.3912
2023-12-26,150.4100,150.9950,149.2500,149.4350,3117400,PANW,148.9817,147.1640,134.8148,138.1376,126.0635,129.6191,116.5838,118.7098
2023-12-27,148.7500,150.4450,147.9100,150.2400,4186800,PANW,149.4735,147.3150,135.1746,138.5538,126.4594,129.9980,116.8628,119.0087
2023-12-28,147.7900,148.8300,146.9000,148.4900,3872600,PANW,149.6402,147.3603,135.5130,138.9160,126.8611,130.3503,117.1405,119.2951
2023-12-29,147.4400,148.3600,145.9750,148.3550,4137800,PANW,149.6350,147.3679,135.8484,139.2503,127.2781,130.6887,117.4182,119.5751
2024-01-02,144.4600,146.0600,142.4150,145.9700,5767800,PANW,149.4540,147.0909,136.2063,139.4546,127.6554,130.9614,117.6661,119.8228
2024-01-03,143.2350,144.5600,141.4100,142.3400,4936400,PANW,149.4505,146.7237,136.6400,139.6028,128.0174,131.2044,117.9095,120.0557
2024-01-04,141.6500,143.7400,141.4500,143.0000,5085400,PANW,149.2135,146.2405,137.0113,139.6831,128.3441,131.4113,118.1442,120.2706
2024-01-05,141.4650,143.2250,140.9200,142.0950,3714200,PANW,149.1067,145.7857,137.3199,139.7530,128.6621,131.6104,118.3653,120.4815
2024-01-08,144.7500,145.3700,141.7500,141.7600,5831000,PANW,149.0040,145.6870,137.7670,139.9490,129.0313,131.8706,118.6118,120.7229
2024-01-09,150.2100,150.5000,143.4500,143.8050,7302400,PANW,149.0540,146.1178,138.3993,140.3513,129.4635,132.2337,118.8781,121.0163
2024-01-10,158.0450,158.2450,152.5500,152.6000,10161600,PANW,149.4592,147.2537,139.1723,141.0452,130.0061,132.7448,119.1895,121.3848
2024-01-11,161.7450,162.6850,158.2600,160.2650,10001400,PANW,149.9070,148.6338,140.0217,141.8570,130.5751,133.3191,119.5169,121.7864
2024-01-12,162.6200,165.2000,160.7000,162.2550,6391000,PANW,150.1915,149.9659,140.8439,142.6712,130.9973,133.8993,119.8531,122.1927
2024-01-16,166.0250,166.6500,162.7500,164.1500,7516800,PANW,150.9817,151.4953,141.7158,143.5870,131.4847,134.5355,120.2027,122.6288
2024-01-17,165.0300,166.2350,161.3050,165.2700,7864400,PANW,151.5507,152.7843,142.5128,144.4279,131.9567,135.1393,120.5439,123.0507
2024-01-18,167.8850,169.2950,166.2800,168.2050,7197400,PANW,152.2555,154.2225,143.4352,145.3478,132.4983,135.7877,120.8840,123.4968
2024-01-19,168.8700,170.2000,167.1550,169.7650,6588000,PANW,152.9837,155.6175,144.4426,146.2703,133.0332,136.4428,121.2375,123.9483
2024-01-22,172.8250,175.3000,171.2250,173.1450,7022000,PANW,154.1005,157.2563,145.4783,147.3116,133.5994,137.1633,121.6103,124.4347
2024-01-23,172.0900,173.0000,169.1600,172.7850,6045000,PANW,155.2200,158.6690,146.5093,148.2833,134.1507,137.8549,121.9853,124.9088
2024-01-24,170.1200,173.9950,169.9200,173.9100,5854200,PANW,156.2707,159.7596,147.4858,149.1397,134.6624,138.4938,122.3560,125.3587
2024-01-25,170.0950,172.2300,168.2850,172.2300,6910000,PANW,157.2550,160.7439,148.3526,149.9614,135.1468,139.1196,122.7250,125.8038
2024-01-26,171.2200,172.1500,169.0300,170.0000,4331200,PANW,158.3785,161.7416,149.2206,150.7951,135.6454,139.7552,123.0990,126.2557
2024-01-29,172.6250,172.7450,170.3850,170.9950,5238200,PANW,159.6202,162.7782,150.0614,151.6512,136.1463,140.4061,123.4740,126.7171
2024-01-30,172.9450,173.8150,171.3800,172.4150,3488400,PANW,160.8955,163.7464,150.9585,152.4862,136.6497,141.0504,123.8440,127.1771
2024-01-31,169.2550,171.9950,166.3350,171.1150,4968600,PANW,162.1352,164.2710,151.9206,153.1438,137.1151,141.6089,124.1917,127.5958
2024-02-01,169.9850,170.2250,167.7200,169.5000,4351000,PANW,163.4727,164.8152,152.8444,153.8043,137.5712,142.1709,124.5387,128.0176
2024-02-02,172.5300,173.2150,169.5000,169.7800,5080600,PANW,165.0167,165.5500,153.6893,154.5386,138.0308,142.7720,124.9014,128.4605
2024-02-05,172.2400,172.7500,168.9700,172.1400,5340600,PANW,166.5555,166.1871,154.4938,155.2328,138.5246,143.3555,125.2743,128.8961
2024-02-06,170.7450,173.8750,168.0000,172.7450,5483200,PANW,167.8552,166.6212,155.2773,155.8411,139.0006,143.8979,125.6473,129.3125
2024-02-07,182.2500,183.0700,174.7000,175.7000,13163200,PANW,169.4572,168.1097,156.2615,156.8768,139.5940,144.6574,126.0754,129.8392
2024-02-08,183.5100,185.8600,181.5000,181.6100,5916400,PANW,170.7305,169.5764,157.2408,157.9212,140.2281,145.4267,126.5131,130.3733
2024-02-09,188.4500,190.4200,184.5000,186.5250,7002000,PANW,172.0657,171.3738,158.2315,159.1184,140.9131,146.2787,126.9989,130.9512
2024-02-12,185.9850,188.1500,183.7650,187.7250,5737000,PANW,173.2340,172.7654,159.0621,160.1720,141.5921,147.0649,127.4694,131.4988
2024-02-13,184.1300,187.1900,176.9050,179.5600,15684400,PANW,174.1392,173.8477,159.7938,161.1115,142.2569,147.7989,127.9272,132.0225
2024-02-14,184.1650,187.5850,183.0650,184.4050,6187400,PANW,175.0960,174.8303,160.5155,162.0156,142.9614,148.5190,128.3919,132.5413
2024-02-15,183.4400,184.8950,180.8100,184.0900,5435200,PANW,175.8737,175.6503,161.3182,162.8558,143.6532,149.2105,128.8509,133.0477
2024-02-16,183.2050,185.4950,181.0250,184.7500,6525800,PANW,176.5905,176.3698,162.0545,163.6538,144.3526,149.8837,129.3247,133.5468
2024-02-20,183.0450,184.6450,179.9100,181.4250,20917600,PANW,177.1015,177.0055,162.8434,164.4142,145.0491,150.5403,129.7957,134.0393
2024-02-21,130.9850,137.9900,130.0450,137.6000,87630400,PANW,175.0463,172.6226,162.5270,163.1033,145.1995,150.1531,130.0031,134.0089
2024-02-22,133.9100,138.4050,132.5000,137.0650,38594600,PANW,173.2358,168.9357,162.2210,161.9584,145.3627,149.8315,130.2129,134.0080
2024-02-23,141.0450,142.1600,135.8100,138.4750,30663000,PANW,171.7833,166.2794,162.0431,161.1383,145.6009,149.6575,130.4393,134.0780
2024-02-26,151.3900,156.9400,143.3950,144.2600,43874400,PANW,170.7918,164.8614,162.0151,160.7560,145.9310,149.6918,130.7066,134.2502
2024-02-27,157.3750,163.7850,153.7750,158.7000,42708600,PANW,170.0293,164.1484,162.0240,160.6234,146.3462,149.8439,130.9950,134.4803
2024-02-28,158.0750,158.4250,153.9050,155.6400,15990600,PANW,169.2857,163.5700,162.1811,160.5235,146.7447,150.0069,131.2924,134.7151
2024-02-29,155.2750,160.3450,154.3650,157.8900,16356000,PANW,168.5867,162.7800,162.2136,160.3177,147.1136,150.1112,131.5706,134.9197
2024-03-01,151.2000,155.7650,148.4050,155.7650,22750200,PANW,167.6475,161.6771,162.1618,159.9601,147.3921,150.1328,131.8441,135.0817
2024-03-04,149.7200,151.1900,146.0300,151.0000,14428400,PANW,166.5070,160.5384,162.0701,159.5585,147.6254,150.1246,132.1141,135.2273
2024-03-05,145.5650,148.7750,142.3400,147.9450,14534200,PANW,165.1732,159.1123,161.9716,159.0098,147.7972,150.0343,132.3631,135.3302
2024-03-06,139.4300,150.0000,138.4050,149.4900,23383400,PANW,163.6075,157.2378,161.7662,158.2419,147.8954,149.8243,132.5860,135.3710
2024-03-07,143.2450,144.0650,138.8750,140.0000,16056600,PANW,161.6572,155.9052,161.6490,157.6538,148.0248,149.6941,132.8305,135.4493
2024-03-08,140.1000,144.2250,139.8500,143.0900,11484800,PANW,159.4867,154.3999,161.4428,156.9654,148.1288,149.5041,133.0508,135.4956
2024-03-11,141.6650,143.4000,138.8050,139.1500,9898200,PANW,157.1475,153.1871,161.3011,156.3654,148.2378,149.3488,133.2847,135.5570
2024-03-12,142.3650,143.7200,140.7000,142.6650,8133600,PANW,154.9665,152.1564,161.1926,155.8164,148.3528,149.2105,133.4858,135.6247
2024-03-13,145.0600,146.3950,140.8650,142.8100,10545600,PANW,153.0130,151.4805,161.1450,155.3946,148.4967,149.1284,133.6911,135.7186
2024-03-14,143.7900,146.3700,141.6800,146.1800,9903200,PANW,150.9942,150.7481,161.1316,154.9395,148.6689,149.0226,133.8808,135.7989
2024-03-15,141.0800,143.6450,140.8050,142.1200,13190400,PANW,148.8762,149.8273,161.0885,154.3960,148.8642,148.8654,134.0550,135.8515
2024-03-18,142.6200,143.3150,140.5900,142.6850,7678400,PANW,146.8470,149.1409,161.1079,153.9342,149.0596,148.7417,134.2347,135.9188
2024-03-19,140.2900,142.0700,138.2750,141.5500,10930800,PANW,144.7092,148.2980,161.0844,153.3991,149.2021,148.5743,134.3941,135.9623
2024-03-20,141.0250,141.8600,139.1350,140.8650,6815200,PANW,145.2112,147.6053,161.0099,152.9138,149.3884,148.4248,134.5562,136.0127
2024-03-21,143.8150,145.0700,140.7850,141.9100,7662800,PANW,145.7065,147.2443,160.8820,152.5570,149.6406,148.3336,134.7083,136.0903
2024-03-22,143.3900,145.4450,142.7800,145.4100,7593400,PANW,145.8237,146.8773,160.5889,152.1975,149.8806,148.2357,134.8634,136.1630
2024-03-25,142.5350,143.1500,140.6200,142.8000,5298000,PANW,145.3810,146.4637,160.2047,151.8186,150.1132,148.1228,135.0355,136.2264
2024-03-26,143.3450,144.1200,141.4000,142.9250,5869400,PANW,144.6795,146.1667,159.8192,151.4863,150.3315,148.0282,135.1951,136.2972
2024-03-27,141.1300,145.4500,140.7400,145.2450,6528000,PANW,143.8322,145.6870,159.3213,151.0802,150.5185,147.8916,135.3505,136.3453
2024-03-28,142.0650,142.5300,140.0250,140.6800,6801000,PANW,143.1717,145.3420,158.8620,150.7266,150.6874,147.7762,135.4880,136.4022
2024-04-01,139.7100,142.8350,139.2150,142.5100,6280200,PANW,142.5972,144.8057,158.2985,150.2946,150.8668,147.6165,135.6025,136.4351
2024-04-02,136.7000,137.7800,135.7250,137.7250,7738800,PANW,141.9462,144.0337,157.6551,149.7615,151.0488,147.4003,135.6896,136.4378
2024-04-03,134.7700,136.9400,134.6250,135.7000,8076400,PANW,141.4065,143.1514,156.8940,149.1736,151.1861,147.1502,135.7539,136.4212
2024-04-04,132.6000,136.6950,132.5000,135.8350,9636400,PANW,141.0650,142.1465,156.1042,148.5237,151.3067,146.8621,135.8006,136.3831
2024-04-05,134.5050,134.8500,132.6250,132.8900,7363600,PANW,140.6280,141.4188,155.3919,147.9739,151.4388,146.6174,135.8691,136.3645
2024-04-08,134.2900,134.5600,132.8300,134.0050,7385800,PANW,140.3375,140.7398,154.6758,147.4373,151.5142,146.3733,135.9433,136.3438
2024-04-09,139.5650,139.7550,134.8250,135.4850,11186600,PANW,140.2325,140.6280,154.0427,147.1286,151.6316,146.2385,136.0182,136.3759
2024-04-10,140.5000,141.2500,137.5000,137.5000,7006600,PANW,140.1393,140.6158,153.4002,146.8686,151.7308,146.1248,136.1109,136.4169
2024-04-11,141.9300,142.7450,139.2150,141.3350,6986600,PANW,139.9827,140.7409,152.7799,146.6749,151.8692,146.0418,136.2110,136.4718
2024-04-12,139.5350,141.8800,138.6300,141.2200,5816000,PANW,139.7700,140.6261,152.1855,146.3949,152.0530,145.9129,136.2797,136.5022
2024-04-15,136.0750,139.5900,135.5200,139.5000,6104200,PANW,139.5198,140.1926,151.5073,145.9902,152.1758,145.7181,136.3266,136.4980
2024-04-16,137.5100,138.2500,135.1800,135.2050,7255000,PANW,139.2643,139.9372,150.8069,145.6577,152.2481,145.5556,136.3808,136.5081
2024-04-17,138.6650,140.4400,137.8000,139.0000,6338800,PANW,139.1830,139.8160,150.1354,145.3835,152.3146,145.4191,136.4354,136.5295
2024-04-18,140.5700,142.1850,138.1650,138.8750,7711800,PANW,139.1603,139.8878,149.5319,145.1947,152.4046,145.3231,136.5016,136.5697
2024-04-19,138.8550,142.4400,138.2750,141.2500,9503200,PANW,138.9123,139.7894,148.6640,144.9461,152.4627,145.1950,136.5512,136.5925
2024-04-22,140.8400,141.4850,137.6000,141.0450,5852200,PANW,138.7848,139.8895,147.8106,144.7851,152.5257,145.1088,136.6219,136.6347
2024-04-23,146.7450,147.1100,141.5000,142.1250,8132000,PANW,138.9952,140.5424,146.9765,144.8619,152.6040,145.1412,136.7366,136.7353
2024-04-24,146.9100,147.5000,145.4600,147.0000,5700800,PANW,139.1735,141.1488,146.1950,144.9422,152.6285,145.1762,136.8525,136.8366
2024-04-25,144.3950,145.0750,140.8100,143.0000,5422800,PANW,139.3368,141.4580,145.4003,144.9208,152.5970,145.1607,136.9489,136.9118
2024-04-26,145.7100,147.0650,143.7150,145.0700,4493000,PANW,139.5190,141.8630,144.6312,144.9517,152.5733,145.1716,137.0959,136.9993
2024-04-29,146.7050,151.9450,145.9150,149.0000,5980600,PANW,139.8688,142.3241,143.8965,145.0205,152.6073,145.2020,137.2319,137.0959
2024-04-30,145.4450,147.9750,145.2100,146.4750,6345800,PANW,140.3060,142.6213,143.1413,145.0371,152.5979,145.2068,137.3559,137.1790
2024-05-01,143.6700,146.8550,142.0000,144.4400,6071000,PANW,140.7510,142.7212,142.3538,144.9835,152.5986,145.1764,137.4492,137.2436
2024-05-02,147.6600,147.8900,142.7650,145.3800,6534600,PANW,141.5040,143.1916,142.6873,145.0885,152.6071,145.2255,137.5666,137.3472
2024-05-03,148.1050,148.7450,145.1850,146.8500,6878000,PANW,142.1840,143.6595,142.9712,145.2068,152.5961,145.2826,137.6921,137.4542
2024-05-06,150.2850,150.4850,148.5800,149.4950,5771200,PANW,142.9838,144.2905,143.1560,145.4059,152.5995,145.3816,137.8384,137.5819
2024-05-07,152.7600,154.3250,149.7300,150.2850,9228000,PANW,143.6435,145.0971,143.1834,145.6943,152.5992,145.5277,137.9927,137.7329
2024-05-08,151.5050,152.1350,149.7550,151.4500,6254000,PANW,144.1937,145.7074,143.0660,145.9222,152.5450,145.6461,138.1419,137.8700
2024-05-09,147.8350,150.4950,147.5200,149.4550,6029200,PANW,144.4890,145.9100,142.8612,145.9972,152.5211,145.6894,138.2738,137.9691
2024-05-10,148.7350,150.4850,148.4600,149.1550,4278200,PANW,144.9490,146.1791,142.7304,146.1046,152.4720,145.7497,138.4049,138.0763
2024-05-13,151.1250,152.3300,149.4750,151.0000,4173800,PANW,145.7015,146.6501,142.7289,146.3014,152.4453,145.8562,138.5474,138.2061
2024-05-14,150.7700,151.6500,149.2200,149.4650,5381000,PANW,146.3645,147.0425,142.7499,146.4767,152.4100,145.9535,138.6801,138.3311
2024-05-15,156.1600,156.5700,151.5300,152.0950,7399000,PANW,147.2393,147.9108,142.9618,146.8564,152.4667,146.1556,138.8360,138.5085
2024-05-16,158.3900,158.6900,155.5400,157.2600,7343400,PANW,148.1303,148.9088,143.3410,147.3087,152.5536,146.3979,138.9950,138.7063
2024-05-17,158.9250,159.5000,157.4800,158.5000,6848400,PANW,149.1338,149.8628,143.6546,147.7643,152.6518,146.6459,139.1992,138.9075
2024-05-20,161.8850,162.3400,157.2900,159.2500,15994000,PANW,150.1860,151.0077,144.0903,148.3180,152.7665,146.9477,139.4150,139.1361
2024-05-21,155.8300,159.2500,150.0000,150.5800,27524800,PANW,150.6403,151.4670,144.3736,148.6126,152.8373,147.1236,139.6484,139.3023
2024-05-22,154.2900,156.7250,151.6000,156.0450,9065200,PANW,151.0093,151.7359,144.6121,148.8352,152.9023,147.2655,139.8817,139.4514
2024-05-23,155.7200,157.2200,152.2500,154.8900,7791200,PANW,151.5755,152.1153,144.8253,149.1052,152.9851,147.4329,140.1316,139.6133
2024-05-24,160.8000,161.5550,155.5000,155.7500,9430000,PANW,152.3300,152.9424,145.1655,149.5638,153.1485,147.6976,140.4020,139.8241
2024-05-28,154.0050,160.9250,153.5350,160.0500,9216000,PANW,152.6950,153.0436,145.4240,149.7380,153.2562,147.8225,140.6368,139.9652
2024-05-29,153.4500,155.1600,152.2000,152.8700,5270000,PANW,153.0953,153.0823,145.6406,149.8836,153.3742,147.9339,140.8592,140.0994
2024-05-30,146.5900,152.1750,145.5800,152.0000,9230400,PANW,153.2413,152.4640,145.7666,149.7544,153.4255,147.9073,141.0438,140.1639
2024-05-31,147.4550,149.6300,143.2900,148.7500,14804600,PANW,153.2310,151.9870,145.8952,149.6642,153.4525,147.8984,141.2419,140.2365
2024-06-03,147.2400,148.5000,145.5650,148.2100,4701000,PANW,153.1878,151.5349,145.9637,149.5692,153.4228,147.8853,141.4432,140.3062
2024-06-04,145.0450,147.8950,144.4550,147.2500,5347200,PANW,152.9258,150.9168,145.9968,149.3918,153.2928,147.8291,141.6495,140.3533
2024-06-05,147.7050,148.4750,145.2500,148.1150,7476800,PANW,152.6730,150.6109,146.1002,149.3256,153.1524,147.8266,141.8638,140.4265
2024-06-06,147.9650,150.3300,147.3750,147.5600,5059800,PANW,152.4960,150.3589,146.1926,149.2723,153.0059,147.8294,142.0016,140.5015
2024-06-07,150.9500,151.4750,147.5950,148.2500,5216000,PANW,152.6518,150.4152,146.3890,149.3380,152.8551,147.8912,142.1699,140.6055
2024-06-10,154.5250,154.7300,149.3500,149.7300,5781600,PANW,152.9412,150.8066,146.6382,149.5415,152.7501,148.0225,142.3534,140.7440
2024-06-11,156.4750,157.3000,153.4400,154.3400,5524600,PANW,153.2088,151.3465,146.9735,149.8134,152.6360,148.1899,142.5672,140.9005
2024-06-12,159.8950,160.0500,155.8200,157.5000,4926200,PANW,153.6650,152.1606,147.4374,150.2087,152.5462,148.4217,142.7897,141.0895
2024-06-13,159.8300,162.2450,157.6800,160.0000,5944600,PANW,153.8485,152.8910,147.9386,150.5860,152.4163,148.6476,143.0078,141.2760
2024-06-14,158.6550,161.3100,157.5050,159.8300,4971800,PANW,153.8618,153.4400,148.4597,150.9025,152.2820,148.8458,143.2163,141.4489
2024-06-17,159.7950,160.5850,155.9400,158.0050,5081000,PANW,153.9052,154.0452,148.9655,151.2512,152.1787,149.0626,143.4205,141.6314
2024-06-18,158.5100,160.5700,157.9300,160.0050,4121400,PANW,153.7365,154.4704,149.4499,151.5358,152.0629,149.2496,143.6048,141.7994
2024-06-20,155.5200,160.5500,154.6250,159.7400,6281000,PANW,153.7210,154.5704,149.7690,151.6921,151.9059,149.3738,143.7756,141.9359
2024-06-21,160.1650,160.6950,156.1300,157.9200,14353600,PANW,154.0147,155.1032,150.1623,152.0244,151.7812,149.5875,143.9638,142.1173
2024-06-24,158.3400,163.4000,157.8700,159.3700,6381400,PANW,154.1457,155.4115,150.4905,152.2720,151.6352,149.7608,144.1425,142.2787
2024-06-25,161.3400,163.1950,158.0000,158.6800,5125800,PANW,154.1727,155.9761,150.9266,152.6276,151.5560,149.9901,144.3356,142.4684
2024-06-26,162.6300,163.6900,159.9000,161.0000,4249600,PANW,154.6040,156.6098,151.4577,153.0199,151.4825,150.2404,144.5269,142.6690
2024-06-27,170.4100,172.7050,164.5700,165.0000,11299200,PANW,155.4520,157.9241,152.1157,153.7018,151.4613,150.6398,144.7461,142.9450
2024-06-28,169.5050,172.9500,168.6850,170.0000,8344600,PANW,156.5978,159.0270,152.7325,154.3216,151.4339,151.0134,144.9793,143.2093
2024-07-01,170.4500,171.2650,165.7400,169.0000,4766800,PANW,157.7475,160.1149,153.3301,154.9541,151.4310,151.3983,145.2158,143.4803
2024-07-02,170.2200,171.4050,168.0350,169.6850,4240400,PANW,158.8965,161.0773,153.9574,155.5527,151.3107,151.7710,145.4523,143.7464
2024-07-03,170.6000,171.2200,169.2400,169.7250,2045200,PANW,160.1743,161.9843,154.5526,156.1428,151.1816,152.1438,145.7048,144.0136
2024-07-05,171.0450,172.7750,169.1550,170.4900,4140800,PANW,161.3412,162.8472,155.0386,156.7272,151.0076,152.5181,145.9603,144.2826
2024-07-08,168.8200,170.9750,164.6650,170.0800,5856200,PANW,162.3840,163.4160,155.4768,157.2014,150.8359,152.8409,146.2140,144.5267
2024-07-09,168.0900,169.5000,166.0650,169.5000,3592600,PANW,163.2410,163.8612,155.9507,157.6284,150.6755,153.1429,146.4662,144.7612
2024-07-10,168.5300,169.0050,165.0800,168.5000,4091400,PANW,163.9413,164.3058,156.4071,158.0560,150.5192,153.4476,146.7403,144.9977
2024-07-11,165.5200,170.6250,164.5600,168.5150,5553400,PANW,164.3935,164.4215,156.7834,158.3487,150.3400,153.6866,146.9966,145.2019
2024-07-12,168.2500,169.1000,165.6400,166.0050,3581200,PANW,164.8113,164.7861,157.2395,158.7370,150.1904,153.9750,147.2715,145.4312
2024-07-15,170.4550,171.8450,164.6250,166.3950,5101000,PANW,165.3425,165.3260,157.7752,159.1965,150.0645,154.3013,147.5568,145.6802
2024-07-16,169.2500,170.8450,167.7550,170.3000,3184000,PANW,165.8723,165.6997,158.2070,159.5907,150.4472,154.5974,147.8233,145.9148
2024-07-17,166.0700,167.9350,163.8150,167.4550,4625600,PANW,166.1860,165.7350,158.5663,159.8448,150.7688,154.8245,148.0657,146.1153
2024-07-18,161.9400,165.5000,160.1300,164.6350,5020200,PANW,166.3575,165.3735,158.7994,159.9270,150.9777,154.9654,148.2893,146.2728
2024-07-19,165.4450,168.4500,163.0150,165.9800,6454800,PANW,166.8538,165.3803,159.0531,160.1434,151.1183,155.1730,148.5246,146.4635
2024-07-22,166.8500,169.4350,164.4400,167.2250,5970400,PANW,167.1880,165.5203,159.3600,160.4064,151.2130,155.4042,148.7796,146.6664
2024-07-23,167.7800,170.4450,166.3250,167.4950,5494200,PANW,167.6600,165.7355,159.7589,160.6956,151.3101,155.6492,149.0274,146.8765
2024-07-24,162.1200,168.1350,161.5000,167.0000,4984200,PANW,167.6990,165.3912,160.0266,160.7514,151.3785,155.7774,149.2460,147.0281
2024-07-25,160.0650,164.4250,159.3650,163.2800,4743200,PANW,167.5708,164.8839,160.2054,160.7245,151.4672,155.8623,149.4296,147.1579
2024-07-26,163.4050,164.5800,160.6350,161.6150,3418800,PANW,167.2205,164.7431,160.4581,160.8296,151.6040,156.0116,149.6147,147.3195
2024-07-29,161.0300,164.3650,160.7000,163.7500,3124600,PANW,166.7968,164.3895,160.5555,160.8375,151.7587,156.1110,149.7779,147.4559
2024-07-30,158.7550,163.4150,157.5050,162.6200,5412400,PANW,166.2120,163.8528,160.5628,160.7558,151.9519,156.1634,149.9237,147.5684
2024-07-31,162.3650,163.3100,158.1250,160.3250,4082400,PANW,165.8193,163.7111,160.6316,160.8189,152.1431,156.2862,150.0839,147.7156
2024-08-01,157.8100,162.8200,156.1850,161.7050,6717600,PANW,165.1798,163.1491,160.5501,160.7009,152.3202,156.3164,150.2245,147.8160
2024-08-02,152.8000,154.5000,149.7750,152.9600,7049200,PANW,164.2675,162.1635,160.4895,160.3911,152.4316,156.2467,150.3347,147.8656
2024-08-05,147.0900,150.7000,142.0100,143.6050,8960400,PANW,163.1810,160.7279,160.3455,159.8695,152.4788,156.0654,150.4158,147.8579
2024-08-06,150.9650,152.6700,147.4250,150.0600,6441600,PANW,162.3248,159.7981,160.2504,159.5203,152.5379,155.9644,150.5173,147.8888
2024-08-07,152.1050,157.3900,152.0850,155.5750,7132400,PANW,161.5035,159.0654,160.0765,159.2295,152.6210,155.8880,150.6450,147.9308
2024-08-08,158.6850,158.9050,153.1750,155.8500,4438600,PANW,161.1618,159.0292,160.1701,159.2081,152.7971,155.9434,150.8306,148.0378
2024-08-09,165.7400,166.5700,158.7450,159.0800,5640200,PANW,161.0363,159.6683,160.4159,159.4643,153.0283,156.1374,151.0439,148.2139
2024-08-12,165.5500,166.2150,162.5750,165.3350,4079200,PANW,160.7910,160.2285,160.7951,159.7029,153.2809,156.3237,151.2415,148.3864
2024-08-13,166.6150,168.0400,165.2600,165.6750,6996200,PANW,160.6593,160.8367,161.1783,159.9740,153.5368,156.5275,151.4626,148.5678
2024-08-14,169.9550,172.1650,167.7550,167.9950,5346600,PANW,160.8535,161.7051,161.6326,160.3654,153.7982,156.7934,151.7194,148.7806
2024-08-15,171.6350,172.8900,170.0450,170.2550,6358600,PANW,161.3383,162.6508,162.1644,160.8073,154.0806,157.0873,151.9806,149.0080
2024-08-16,167.0550,170.0650,166.3600,169.2400,9066800,PANW,161.4187,163.0703,162.5514,161.0524,154.3258,157.2847,152.2195,149.1876
2024-08-19,171.6800,172.2400,167.5550,168.0000,16124600,PANW,161.6602,163.8903,163.0257,161.4691,154.6092,157.5698,152.4703,149.4114
2024-08-20,184.0050,187.6850,174.0000,174.3450,25706000,PANW,162.4715,165.8059,163.6868,162.3529,155.0379,158.0932,152.7782,149.7556
2024-08-21,179.8750,184.2950,179.2650,182.1550,10018600,PANW,163.3592,167.1459,164.1938,163.0400,155.4160,158.5245,153.0517,150.0553
2024-08-22,174.7400,179.6800,174.4150,179.6750,6149200,PANW,164.0930,167.8691,164.5591,163.4988,155.7663,158.8456,153.3166,150.3009
2024-08-23,175.3750,177.5700,173.1150,175.6000,7013400,PANW,164.6915,168.5840,164.8687,163.9646,156.1531,159.1730,153.6009,150.5504
2024-08-26,173.5600,177.3200,172.7350,174.8650,6962800,PANW,165.3180,169.0579,165.1433,164.3409,156.5410,159.4578,153.8635,150.7794
2024-08-27,175.0950,175.6700,171.6800,172.1250,3473000,PANW,166.1350,169.6328,165.4721,164.7626,156.9659,159.7675,154.1363,151.0213
2024-08-28,175.2200,176.3900,173.0400,174.7350,3306600,PANW,166.7777,170.1649,165.7806,165.1727,157.3731,160.0735,154.4059,151.2621
2024-08-29,179.1050,183.0250,176.1100,176.4600,5457000,PANW,167.8425,171.0164,166.1925,165.7191,157.8212,160.4503,154.6677,151.5392
2024-08-30,181.3600,181.4850,177.2850,179.2100,5977200,PANW,169.2705,172.0015,166.7093,166.3324,158.2392,160.8644,154.9354,151.8359
2024-09-03,177.5350,182.7500,176.4750,179.7750,5231600,PANW,170.7927,172.5285,167.0567,166.7717,158.6095,161.1945,155.1701,152.0916
2024-09-04,173.0750,174.0200,169.0450,171.6500,6138400,PANW,171.8982,172.5805,167.3514,167.0189,158.9210,161.4298,155.3951,152.3004
2024-09-05,171.8700,172.9300,169.5350,171.6750,3379000,PANW,172.8865,172.5129,167.5620,167.2092,159.2443,161.6365,155.6487,152.4951
2024-09-06,167.9100,173.5150,166.9200,172.5000,4735200,PANW,173.3478,172.0745,167.6676,167.2367,159.5627,161.7607,155.8692,152.6485
2024-09-09,172.0250,172.4650,168.8250,169.4200,4788600,PANW,173.6620,172.0698,167.6999,167.4244,159.9078,161.9640,156.0779,152.8413
2024-09-10,173.7900,174.0550,170.0350,173.5000,4959800,PANW,174.0740,172.2336,167.7856,167.6741,160.2591,162.1982,156.2868,153.0497
2024-09-11,170.8850,173.2400,166.3500,173.2400,6914000,PANW,174.2875,172.1052,167.7943,167.8000,160.5622,162.3702,156.4834,153.2272
2024-09-12,172.5800,173.2000,170.6500,172.0050,3515800,PANW,174.4187,172.1504,167.8415,167.9874,160.8995,162.5724,156.6811,153.4198
2024-09-13,173.4500,176.3000,172.2350,172.5800,3052600,PANW,174.5095,172.2742,167.8985,168.2017,161.2256,162.7878,156.8756,153.6191
2024-09-16,173.0550,174.6350,171.4600,173.2900,3393200,PANW,174.8095,172.3485,167.9387,168.3920,161.4887,162.9911,157.0463,153.8125
2024-09-17,168.9650,173.9700,168.1350,173.6050,4998800,PANW,174.6737,172.0263,167.9416,168.4145,161.7092,163.1094,157.1689,153.9632
2024-09-18,164.8750,168.8750,164.3600,168.4700,5707400,PANW,173.7172,171.3452,167.8773,168.2756,161.9140,163.1443,157.2555,154.0718
2024-09-19,166.8000,169.5900,166.2000,168.9500,4807600,PANW,173.0635,170.9123,167.8427,168.2178,162.1249,163.2167,157.3491,154.1985
2024-09-20,170.0600,170.5250,166.1650,166.5000,7552600,PANW,172.8295,170.8312,167.9335,168.2900,162.3585,163.3522,157.4829,154.3563
2024-09-23,172.0850,172.6750,168.5850,169.8200,4410400,PANW,172.6650,170.9506,168.0102,168.4388,162.6249,163.5252,157.6114,154.5327
2024-09-24,171.7600,172.9350,169.2550,172.5200,4521000,PANW,172.5750,171.0277,168.0363,168.5691,162.9058,163.6882,157.7522,154.7041
2024-09-25,170.2550,172.5000,169.1800,171.7150,3576600,PANW,172.3330,170.9541,168.0564,168.6352,163.1317,163.8183,157.8694,154.8588
2024-09-26,169.3650,172.1350,167.6500,171.7750,5054400,PANW,172.0402,170.8027,168.1223,168.6638,163.3443,163.9281,157.9702,155.0032
2024-09-27,167.8750,169.9800,167.2500,169.4350,3519200,PANW,171.4787,170.5239,168.2410,168.6329,163.5202,164.0062,158.0599,155.1313
2024-09-30,170.9000,171.7150,167.5000,167.5850,5139800,PANW,170.9557,170.5597,168.3501,168.7218,163.7016,164.1428,158.1504,155.2882
2024-10-01,164.6450,170.8900,164.1250,170.8000,5406000,PANW,170.3112,169.9964,168.3060,168.5619,163.8330,164.1527,158.1890,155.3813
2024-10-02,166.0650,168.8100,164.2750,165.2750,4105200,PANW,169.9607,169.6220,168.2717,168.4640,164.0153,164.1906,158.2682,155.4876
2024-10-03,167.9700,168.3450,164.4550,164.9800,4020600,PANW,169.7657,169.4647,168.3887,168.4446,164.2077,164.2654,158.3398,155.6118
2024-10-04,171.1800,171.4800,167.7950,171.0000,4072800,PANW,169.9292,169.6280,168.6110,168.5519,164.4082,164.4023,158.4268,155.7667
2024-10-07,168.9700,172.7800,168.4050,170.3100,4799200,PANW,169.7765,169.5654,168.7223,168.5683,164.5902,164.4928,158.5001,155.8981
2024-10-08,177.5650,178.5000,172.5000,172.7000,6637000,PANW,169.9652,170.3272,169.0530,168.9211,164.8043,164.7516,158.6355,156.1136
2024-10-09,181.4350,181.7800,177.5000,177.5650,4918400,PANW,170.4927,171.3851,169.5066,169.4118,165.0347,165.0820,158.7941,156.3656
2024-10-10,184.7000,184.8950,180.0000,180.0000,4452400,PANW,171.0987,172.6532,169.9533,170.0114,165.2924,165.4705,158.9721,156.6475
2024-10-11,186.6000,189.1650,184.4750,184.5050,4596000,PANW,171.7562,173.9815,170.5291,170.6619,165.5396,165.8889,159.1531,156.9456
2024-10-14,186.9550,188.5650,184.8950,188.4950,2989800,PANW,172.4513,175.2170,171.2122,171.3009,165.8509,166.3060,159.3441,157.2442
2024-10-15,187.2200,188.1600,185.0050,186.5250,7458000,PANW,173.3640,176.3602,172.0148,171.9251,166.1802,166.7202,159.5412,157.5424
2024-10-16,186.6150,187.2700,183.7050,187.2200,6166800,PANW,174.4510,177.3368,172.7278,172.5012,166.4891,167.1141,159.7371,157.8317
2024-10-17,188.0750,189.8650,185.1650,186.0000,3095200,PANW,175.5148,178.3595,173.4472,173.1120,166.7619,167.5292,159.9552,158.1326
2024-10-18,187.4150,188.0000,186.3200,186.6050,2900000,PANW,176.3825,179.2219,174.0218,173.6729,167.0960,167.9230,160.1761,158.4240
2024-10-21,189.2050,192.0000,186.5150,187.4850,4362600,PANW,177.2385,180.1727,174.4911,174.2820,167.4535,168.3444,160.4139,158.7303
2024-10-22,188.0500,189.6350,185.6550,187.3600,3167400,PANW,178.0530,180.9229,174.9411,174.8219,167.8681,168.7346,160.6468,159.0220
2024-10-23,179.0950,187.0750,178.7900,186.7800,5402200,PANW,178.4950,180.7488,175.1907,174.9895,168.1845,168.9398,160.8185,159.2218
2024-10-24,182.2900,183.2550,180.0750,180.3550,2969800,PANW,179.1412,180.8956,175.4374,175.2758,168.5350,169.2041,160.9789,159.4513
2024-10-25,183.2200,186.2000,182.8700,183.8650,2694400,PANW,179.9085,181.1170,175.6691,175.5873,168.9168,169.4817,161.1048,159.6878
2024-10-28,181.1750,184.4550,180.7150,184.0000,3126600,PANW,180.4223,181.1225,175.9515,175.8064,169.2515,169.7132,161.2019,159.9016
2024-10-29,182.6950,183.7350,178.8950,180.8850,4410200,PANW,181.3248,181.2723,176.1718,176.0766,169.5988,169.9703,161.3023,160.1284
2024-10-30,179.7550,183.9400,179.3450,182.1700,2940400,PANW,182.0093,181.1278,176.0868,176.2208,169.8868,170.1640,161.3710,160.3237
2024-10-31,180.1650,184.6900,179.1000,182.3400,4064000,PANW,182.6190,181.0361,176.0926,176.3755,170.1432,170.3621,161.4467,160.5211
2024-11-01,181.3200,182.8850,178.5500,179.5150,5851800,PANW,183.1260,181.0631,176.2242,176.5694,170.3917,170.5791,161.5138,160.7281
2024-11-04,180.5600,181.9400,178.0000,180.3250,3064800,PANW,183.7055,181.0152,176.3279,176.7259,170.5983,170.7767,161.5723,160.9254
2024-11-05,183.1450,184.2450,181.1000,182.2450,2707400,PANW,183.9845,181.2180,176.5196,176.9776,170.8315,171.0216,161.6239,161.1465
2024-11-06,192.5900,193.1000,188.0000,189.0000,5031400,PANW,184.5423,182.3011,176.8695,177.5899,171.1708,171.4487,161.7264,161.4594
2024-11-07,193.5000,193.6050,188.1100,189.2950,4210600,PANW,184.9823,183.3676,177.2351,178.2138,171.5079,171.8854,161.8433,161.7782
2024-11-08,195.7000,196.6050,192.1350,194.5000,4116600,PANW,185.4373,184.5422,177.5670,178.8995,171.8798,172.3570,161.9713,162.1157
2024-11-11,199.0500,200.3450,196.8500,197.8300,3761000,PANW,186.0420,185.9239,177.9208,179.6897,172.3151,172.8855,162.1105,162.4832
2024-11-12,199.0100,199.6550,196.9850,197.8800,3702800,PANW,186.6315,187.1702,178.3503,180.4474,172.7035,173.4029,162.2424,162.8467
2024-11-13,201.1800,204.2650,198.6550,199.6400,3929400,PANW,187.3597,188.5044,178.9124,181.2604,173.1319,173.9529,162.3836,163.2281
2024-11-14,197.1950,201.5800,197.0150,201.0550,4857800,PANW,187.8158,189.3321,179.4189,181.8853,173.4905,174.4131,162.5233,163.5661
2024-11-15,193.5000,196.2500,192.7850,194.7200,4408200,PANW,188.1200,189.7290,179.9307,182.3408,173.7992,174.7911,162.6408,163.8639
2024-11-18,193.4150,196.6900,192.8650,196.5000,4464600,PANW,188.3305,190.0801,180.3585,182.7751,174.0292,175.1599,162.7453,164.1580
2024-11-19,194.0300,194.5150,191.5150,192.6000,4756400,PANW,188.6295,190.4563,180.7633,183.2165,174.2745,175.5335,162.8542,164.4552
2024-11-20,196.4450,197.4550,191.9650,194.7800,11057200,PANW,189.4970,191.0266,181.2745,183.7352,174.5344,175.9476,162.9827,164.7735
2024-11-21,198.8500,202.0000,190.2750,193.1000,14867600,PANW,190.3250,191.7717,181.7999,184.3280,174.8207,176.4011,163.0657,165.1126
2024-11-22,191.6800,197.0050,187.6000,196.3150,12644800,PANW,190.7480,191.7630,182.1645,184.6163,175.0315,176.7037,163.1066,165.3769
2024-11-25,193.1900,198.0800,191.5850,193.9800,8691800,PANW,191.3488,191.8989,182.5672,184.9525,175.2530,177.0302,163.1303,165.6537
2024-11-26,198.2000,198.6100,194.3150,194.7200,5721200,PANW,192.1240,192.4990,183.1519,185.4720,175.5468,177.4494,163.1913,165.9775
2024-11-27,192.1850,196.9650,191.3850,196.8550,9251800,PANW,192.7455,192.4691,183.6981,185.7353,175.7877,177.7412,163.2316,166.2383
2024-11-29,193.9100,194.6100,191.7300,193.1250,2086600,PANW,193.4327,192.6063,184.2403,186.0558,176.0415,178.0613,163.2803,166.5136
2024-12-02,195.0850,196.1550,193.2600,195.1200,4649200,PANW,194.1210,192.8424,184.7408,186.4099,176.3372,178.3984,163.3386,166.7979
2024-12-03,196.2950,197.8750,193.4300,194.0350,5162400,PANW,194.9077,193.1712,185.2250,186.7976,176.6176,178.7528,163.4040,167.0914
2024-12-04,202.2900,203.3900,196.3000,198.2300,5430600,PANW,195.8650,194.0397,185.8356,187.4051,176.9360,179.2189,163.5002,167.4417
2024-12-05,201.5150,203.7500,200.7850,202.0000,3390000,PANW,196.3112,194.7516,186.4608,187.9584,177.2586,179.6604,163.8529,167.7807
2024-12-06,202.9500,204.5800,201.3100,202.5750,3959200,PANW,196.7837,195.5324,187.1325,188.5464,177.6274,180.1216,164.1981,168.1306
2024-12-09,194.4700,205.1150,194.0650,203.5000,5073400,PANW,196.7222,195.4312,187.6644,188.7787,177.9527,180.4057,164.4652,168.3927
2024-12-10,194.8800,198.2200,193.8650,195.7600,3492200,PANW,196.5137,195.3787,188.1440,189.0179,178.2470,180.6923,164.6827,168.6563
2024-12-11,199.2100,199.4250,195.3150,195.3150,3376400,PANW,196.5238,195.7436,188.8353,189.4176,178.5706,181.0590,164.8918,168.9603
2024-12-12,200.1050,201.7000,197.7600,198.5500,3286000,PANW,196.4700,196.1590,189.5161,189.8367,178.8939,181.4362,165.1020,169.2702
2024-12-13,196.5600,201.2500,196.1800,200.2500,3848800,PANW,196.4382,196.1972,190.0879,190.1004,179.2383,181.7357,165.3084,169.5417
2024-12-16,202.5000,203.0000,195.5000,198.1500,6087000,PANW,196.8882,196.7974,190.7143,190.5866,179.6626,182.1468,165.5649,169.8697
2024-12-17,201.2400,207.2400,199.0000,202.3300,5429900,PANW,197.2795,197.2205,191.3597,191.0044,180.0410,182.5249,165.8225,170.1818
2024-12-18,188.7600,202.0000,186.5400,201.0000,6397500,PANW,197.0160,196.4148,191.5836,190.9164,180.3183,182.6484,166.0385,170.3667
2024-12-19,189.3600,195.3000,188.5000,194.4400,5486000,PANW,196.6618,195.7429,191.7421,190.8554,180.6243,182.7813,166.2881,170.5557
2024-12-20,186.7800,192.8600,185.0100,186.5800,13346400,PANW,196.0582,194.8893,191.7837,190.6955,180.8685,182.8605,166.5058,170.7171
2024-12-23,188.2200,189.5200,186.5000,187.3000,3897500,PANW,195.8853,194.2541,191.8161,190.5985,181.1726,182.9666,166.7464,170.8913
2024-12-24,189.5100,189.5100,186.6500,187.9400,1471000,PANW,195.7012,193.8023,191.8672,190.5558,181.5397,183.0962,166.9856,171.0765
2024-12-26,188.5000,189.4800,187.6300,188.5100,2113200,PANW,195.2162,193.2973,191.8928,190.4752,181.9538,183.2032,167.2163,171.2499
2024-12-27,186.1800,187.0100,183.2000,186.3700,2911300,PANW,194.9160,192.6195,191.8841,190.3067,182.3059,183.2621,167.4219,171.3984
2024-12-30,184.2000,185.6100,181.9000,183.8100,2737900,PANW,194.4305,191.8176,191.8066,190.0672,182.6269,183.2807,167.6240,171.5258
2024-12-31,181.9600,185.8100,181.2600,185.3800,3270100,PANW,193.7742,190.8788,191.6975,189.7493,182.8596,183.2545,167.8284,171.6296
2025-01-02,180.7400,184.6300,178.8200,184.5000,4537600,PANW,192.9965,189.9132,191.5282,189.3960,183.0096,183.2047,168.0190,171.7203
2025-01-03,183.2500,184.8000,180.4100,181.2600,4274500,PANW,192.0445,189.2786,191.4322,189.1550,183.1866,183.2056,168.2338,171.8350
2025-01-06,179.5000,182.7900,176.6500,182.3500,7109500,PANW,190.9437,188.3473,191.4403,188.7764,183.3155,183.1323,168.4261,171.9113
2025-01-07,175.5100,178.1700,173.1800,177.5200,6492400,PANW,189.5717,187.1247,191.3047,188.2561,183.3710,182.9813,168.5846,171.9471
2025-01-08,172.8300,173.1100,167.2600,169.3800,11015200,PANW,188.4897,185.7633,191.0969,187.6512,183.3830,182.7803,168.7318,171.9559
2025-01-10,173.4200,175.2400,171.1900,171.8000,5727200,PANW,187.4167,184.5878,190.9418,187.0931,183.4466,182.5950,168.8862,171.9704
2025-01-13,167.8200,170.5300,166.2100,169.7700,7402300,PANW,185.8472,182.9908,190.6443,186.3373,183.4080,182.3024,169.0086,171.9292
2025-01-14,170.5800,170.6600,166.4000,168.3000,4914900,PANW,184.3710,181.8088,190.4608,185.7193,183.2738,182.0703,169.1559,171.9157
2025-01-15,174.1900,175.9500,172.7900,173.3300,7705800,PANW,183.2525,181.0832,190.3413,185.2672,183.2169,181.9142,169.3165,171.9384
2025-01-16,177.1700,178.9500,173.5800,176.0000,6635600,PANW,181.9860,180.7105,190.2583,184.9497,183.2412,181.8203,169.5038,171.9904
2025-01-17,177.1100,181.3500,177.0000,181.1200,5500400,PANW,180.7795,180.3676,190.1893,184.6422,183.2586,181.7270,169.7058,172.0414
2025-01-21,183.5100,186.1500,180.5300,181.0900,6421700,PANW,180.5170,180.6669,190.1966,184.5978,183.3581,181.7623,169.9495,172.1555
2025-01-22,187.7000,188.9700,182.5700,185.2800,5517900,PANW,180.4340,181.3367,190.0988,184.7195,183.4841,181.8799,170.2250,172.3101
2025-01-23,187.3200,187.7500,185.0400,187.0200,5490900,PANW,180.4610,181.9066,189.9752,184.8215,183.6051,181.9876,170.4891,172.4595
2025-01-24,187.7000,190.9300,186.8700,187.8300,3093900,PANW,180.4350,182.4583,189.8152,184.9344,183.6911,182.1007,170.7562,172.6111
2025-01-27,189.3000,192.4300,183.5600,185.0900,6113100,PANW,180.4245,183.1099,189.6202,185.1056,183.7705,182.2433,171.0048,172.7772
2025-01-28,192.9400,197.7400,186.5700,188.6600,8753500,PANW,180.6465,184.0461,189.4988,185.4128,183.9245,182.4551,171.2670,172.9778
2025-01-29,185.4200,193.0100,185.0600,192.9400,6847800,PANW,180.6085,184.1770,189.1836,185.4131,184.0480,182.5138,171.4845,173.1016
2025-01-30,187.4200,189.1400,185.6500,186.0400,4451200,PANW,180.7695,184.4858,188.9881,185.4918,184.2035,182.6110,171.7239,173.2441
2025-01-31,184.4200,189.1600,184.3700,188.8300,4824300,PANW,180.8925,184.4795,188.8065,185.4497,184.3686,182.6468,171.9656,173.3553
2025-02-03,182.7900,184.2400,180.1200,181.5600,6448300,PANW,180.9950,184.3186,188.5940,185.3454,184.4762,182.6496,172.1920,173.4492
2025-02-04,183.4000,184.9000,180.9300,181.3100,5554000,PANW,181.0025,184.2311,188.3814,185.2691,184.5723,182.6645,172.4157,173.5482
2025-02-05,186.8500,187.1100,183.0500,183.9400,3821200,PANW,181.3700,184.4806,188.1895,185.3311,184.7320,182.7474,172.6471,173.6805
2025-02-06,187.3700,188.9700,186.3800,187.7100,3634100,PANW,181.9630,184.7557,187.9599,185.4111,184.8799,182.8389,172.8897,173.8168
2025-02-07,193.9400,197.6600,191.0000,191.2300,6345800,PANW,183.0185,185.6304,188.0051,185.7456,185.0848,183.0587,173.1552,174.0170
2025-02-10,196.4000,198.7400,195.5000,196.5000,5113200,PANW,184.1675,186.6561,188.0693,186.1634,185.3182,183.3229,173.4035,174.2397
2025-02-11,195.4900,199.1800,194.4000,198.1500,5664800,PANW,185.5510,187.4974,188.0151,186.5291,185.5835,183.5638,173.6464,174.4512
2025-02-12,196.7300,197.3300,191.8200,194.0000,4172500,PANW,186.8585,188.3767,188.1060,186.9292,185.9021,183.8246,173.9080,174.6728
2025-02-13,201.8800,202.4100,195.3500,199.1600,13223000,PANW,188.2430,189.6628,188.2654,187.5155,186.2529,184.1821,174.1889,174.9436
2025-02-14,200.0300,201.3300,188.7500,192.0000,13989000,PANW,189.3860,190.6501,188.3643,188.0062,186.5526,184.4959,174.4555,175.1932
2025-02-18,208.2800,208.3500,197.7000,197.7000,9069300,PANW,190.9445,192.3291,188.6040,188.8013,186.9145,184.9669,174.7697,175.5224
2025-02-19,205.1900,208.3900,202.7700,208.1900,5626800,PANW,192.0285,193.5540,188.6620,189.4440,187.2488,185.3673,175.0773,175.8176
2025-02-20,198.8100,203.9700,194.8300,203.8300,5878700,PANW,192.5840,194.0546,188.6079,189.8113,187.5343,185.6335,175.3330,176.0464
2025-02-21,191.0300,199.2600,190.2600,199.1200,5457100,PANW,192.7695,193.7665,188.3695,189.8591,187.7510,185.7404,175.5477,176.1955
2025-02-24,190.3900,193.0000,188.0000,191.6500,4142300,PANW,192.9040,193.4449,188.2879,189.8799,187.9761,185.8325,175.7482,176.3367
2025-02-25,188.0100,189.7400,184.6500,189.2900,5474800,PANW,192.8395,192.9273,188.1505,189.8066,188.1472,185.8756,175.9244,176.4529
2025-02-26,189.5500,192.3100,188.4500,189.3700,2646000,PANW,192.6700,192.6057,187.9573,189.7965,188.3963,185.9483,176.1147,176.5832
2025-02-27,187.5000,193.4000,186.7000,191.3800,4714100,PANW,192.7740,192.1194,187.7052,189.7064,188.6106,185.9791,176.3130,176.6918
2025-02-28,190.4300,191.0100,187.3900,187.8900,5190500,PANW,192.9245,191.9585,187.5826,189.7348,188.8352,186.0672,176.5214,176.8285
2025-03-03,183.6800,193.6600,182.2600,191.5000,5120800,PANW,192.8875,191.1701,187.2062,189.4974,188.9602,186.0199,176.6842,176.8967
2025-03-04,184.3800,186.5900,178.9000,182.2900,5197400,PANW,192.9670,190.5234,186.8690,189.2967,189.1143,185.9875,176.8523,176.9711
2025-03-05,184.2800,185.2700,180.1200,182.4500,4539200,PANW,193.0110,189.9288,186.7794,189.1000,189.1815,185.9536,176.9929,177.0439
2025-03-06,179.3300,184.1300,178.5400,180.3000,4292600,PANW,192.6350,188.9194,186.5788,188.7168,189.1604,185.8225,177.0976,177.0666
2025-03-07,180.9300,182.0000,173.8900,177.9200,4808100,PANW,192.3130,188.1585,186.4618,188.4115,189.1227,185.7256,177.2076,177.1050
2025-03-10,173.8300,177.7400,172.6200,177.6000,6307400,PANW,191.3075,186.7939,186.1740,187.8396,188.9950,185.4901,177.2673,177.0725
2025-03-11,178.9300,182.3900,172.7500,173.7900,5523700,PANW,190.4340,186.0449,185.9624,187.4902,188.9148,185.3601,177.3828,177.0909
2025-03-12,179.4800,184.1600,178.0000,183.6400,4472800,PANW,189.6335,185.4197,185.7820,187.1761,188.8374,185.2437,177.5088,177.1147
2025-03-13,176.3200,178.7700,174.3100,178.3800,3823700,PANW,188.6130,184.5531,185.5848,186.7504,188.7344,185.0670,177.6118,177.1068
2025-03-14,182.3400,183.0500,178.4900,178.8700,3563600,PANW,187.6360,184.3423,185.5476,186.5774,188.6771,185.0130,177.7195,177.1589
2025-03-17,185.0000,186.1600,182.0100,183.5000,3231100,PANW,186.8845,184.4049,185.6084,186.5156,188.6529,185.0127,177.8744,177.2369
2025-03-18,183.1000,184.3500,180.9400,182.9500,2790600,PANW,185.6255,184.2807,185.6556,186.3816,188.5919,184.9749,178.0227,177.2952
2025-03-19,187.5400,189.6700,182.6000,183.1000,3476800,PANW,184.7430,184.5911,185.7414,186.4270,188.5868,185.0257,178.2274,177.3972
2025-03-20,184.0100,188.8500,183.8300,185.5900,4395000,PANW,184.0030,184.5357,185.8316,186.3323,188.6359,185.0056,178.4102,177.4630
2025-03-21,182.3200,183.6000,179.7200,181.7200,8565900,PANW,183.5675,184.3247,185.9678,186.1749,188.6362,184.9524,178.5856,177.5113
2025-03-24,184.7900,186.4900,183.8600,186.0000,3758100,PANW,183.2875,184.3690,186.2070,186.1206,188.6519,184.9492,178.7843,177.5837
2025-03-25,189.9500,190.1000,184.5100,184.7900,5343400,PANW,183.3845,184.9005,186.5376,186.2708,188.7397,185.0482,178.9956,177.7068
2025-03-26,184.9600,191.0000,184.7300,189.6700,3409900,PANW,183.1550,184.9062,186.8804,186.2194,188.7623,185.0464,179.1805,177.7789
2025-03-27,174.4400,183.0900,173.5600,182.7000,7156300,PANW,182.5020,183.9094,186.9576,185.7574,188.7092,184.8364,179.2980,177.7457
2025-03-28,172.7600,174.8900,170.7700,173.9100,6249900,PANW,181.6185,182.8476,186.9290,185.2477,188.6351,184.5973,179.3892,177.6961
2025-03-31,170.6400,171.0200,165.8800,169.5700,5888600,PANW,180.9665,181.6849,186.7984,184.6749,188.5283,184.3209,179.4600,177.6259
2025-04-01,171.3100,171.8900,166.8300,168.5200,4037300,PANW,180.3130,180.6969,186.6824,184.1508,188.4358,184.0632,179.5171,177.5631
2025-04-02,173.1800,174.7400,168.2700,168.2700,3371800,PANW,179.7580,179.9810,186.4758,183.7205,188.3362,183.8477,179.5838,177.5194
2025-04-03,165.1700,168.6900,163.1900,165.4300,7365400,PANW,179.0500,178.5704,186.0252,182.9931,188.0620,183.4779,179.6164,177.3966
2025-04-04,153.5700,160.8400,153.3900,158.9600,9000500,PANW,177.6820,176.1894,185.3502,181.8392,187.6627,182.8856,179.5853,177.1595
2025-04-07,152.4400,159.5900,144.1500,147.5700,9837900,PANW,176.6125,173.9276,184.6450,180.6863,187.2301,182.2828,179.5549,176.9135
2025-04-08,152.5300,161.5000,150.1200,157.7200,13716500,PANW,175.2925,171.8897,183.9096,179.5821,186.7649,181.6936,179.5400,176.6709
2025-04-09,173.0200,174.1100,151.6300,151.6300,10513500,PANW,174.9695,171.9973,183.5112,179.3248,186.5050,181.5218,179.6042,176.6346
2025-04-10,168.2700,170.6600,162.2400,168.9300,6465600,PANW,174.5670,171.6424,183.1682,178.8913,186.1759,181.2594,179.6539,176.5513
2025-04-11,168.3400,168.8400,161.4500,164.7400,6302300,PANW,173.8670,171.3278,182.7866,178.4775,185.8873,181.0036,179.6889,176.4696
2025-04-14,169.9800,173.5300,168.6800,171.6600,5103300,PANW,173.1160,171.1995,182.4978,178.1443,185.6521,180.7853,179.7256,176.4051
2025-04-15,173.5500,174.9400,169.9800,170.5000,4147500,PANW,172.6385,171.4233,182.3130,177.9641,185.4535,180.6420,179.7413,176.3767
2025-04-16,169.7600,173.8500,167.9200,171.5400,5405200,PANW,171.7495,171.2649,182.0402,177.6424,185.2108,180.4266,179.7426,176.3108
2025-04-17,167.6900,171.3700,167.1300,171.1400,4784600,PANW,170.9335,170.9245,181.6570,177.2521,184.9232,180.1743,179.7288,176.2250
2025-04-21,160.0500,165.9500,157.6000,165.0900,4555100,PANW,169.8200,169.8888,181.1106,176.5775,184.5352,179.7758,179.6780,176.0641
2025-04-22,163.6300,165.3600,160.2700,162.4600,4005300,PANW,168.7620,169.2927,180.5044,176.0698,184.2547,179.4561,179.6431,175.9404
2025-04-23,168.3200,172.5200,167.3300,168.7400,4924400,PANW,167.6805,169.2001,179.9428,175.7658,184.0060,179.2356,179.6295,175.8645
2025-04-24,176.0400,176.4500,169.0700,169.3500,4023400,PANW,167.2345,169.8515,179.5538,175.7766,183.7844,179.1723,179.6656,175.8663
2025-04-25,178.9800,179.5000,175.3300,176.4900,3536800,PANW,167.4615,170.7209,179.1988,175.9022,183.6524,179.1685,179.7200,175.8973
2025-04-28,181.5400,182.2000,178.0900,178.6200,3551900,PANW,167.9005,171.7513,178.7920,176.1233,183.5287,179.2155,179.7851,175.9534
2025-04-29,186.6500,187.3100,182.1000,182.9600,5112300,PANW,168.7010,173.1702,178.5244,176.5361,183.4443,179.3627,179.8907,176.0599
2025-04-30,186.9300,187.6300,182.3700,184.9800,6163200,PANW,169.4820,174.4807,178.0974,176.9437,183.3507,179.5125,179.9841,176.1680
2025-05-01,186.2700,189.1600,186.0300,188.6400,4627100,PANW,170.1365,175.6035,177.7190,177.3095,183.1905,179.6464,180.0632,176.2685
2025-05-02,187.7000,191.7000,187.2700,190.0000,3842200,PANW,171.2630,176.7555,177.4968,177.7169,183.0523,179.8058,180.1555,176.3823
2025-05-05,188.1300,190.9800,185.4700,186.0000,3804300,PANW,172.9910,177.8388,177.4388,178.1253,182.9041,179.9707,180.2658,176.4992
2025-05-06,188.6900,190.2700,186.0200,186.8000,3031900,PANW,174.8035,178.8722,177.4048,178.5396,182.8463,180.1433,180.3995,176.6205
2025-05-07,188.1400,189.3100,186.3500,188.8000,3712900,PANW,176.5840,179.7549,177.4074,178.9161,182.7789,180.3017,180.5130,176.7351
2025-05-08,188.5300,188.9800,184.3500,187.6900,3677200,PANW,177.3595,180.5906,177.3870,179.2931,182.6721,180.4646,180.6214,176.8525
2025-05-09,186.9300,189.7900,184.6400,188.7600,3211000,PANW,178.2925,181.1944,177.3756,179.5926,182.5404,180.5926,180.7171,176.9527
2025-05-12,193.5000,193.6700,189.5200,191.6200,4580800,PANW,179.5505,182.3663,177.4370,180.1380,182.5098,180.8482,180.8740,177.1174
2025-05-13,192.0000,195.4200,191.8800,192.7300,5556500,PANW,180.6515,183.2838,177.6034,180.6031,182.4048,181.0691,181.0337,177.2655
2025-05-14,190.9000,192.2000,189.4300,191.8300,5445800,PANW,181.5190,184.0092,177.7338,181.0069,182.3014,181.2637,181.1712,177.4011
2025-05-15,192.9000,194.1900,189.5900,189.7900,5460100,PANW,182.6760,184.8559,177.9062,181.4733,182.3428,181.4942,181.3305,177.5554
2025-05-16,192.9800,193.7900,190.9100,191.0500,4210900,PANW,183.9405,185.6296,178.1792,181.9246,182.3790,181.7216,181.5017,177.7088
2025-05-19,194.3000,194.4000,190.1700,190.4900,4419500,PANW,185.6530,186.4554,178.4466,182.4099,182.4542,181.9707,181.6613,177.8739
2025-05-20,194.4800,194.9300,192.6600,194.6400,9533400,PANW,187.1955,187.2196,178.8596,182.8832,182.5168,182.2184,181.8447,178.0392
2025-05-21,181.2600,185.3000,178.6400,184.7600,19049700,PANW,187.8425,186.6520,178.9062,182.8196,182.4343,182.1994,181.9870,178.0712
2025-05-22,186.1400,187.6500,182.4600,183.0100,7613400,PANW,188.3475,186.6033,179.0394,182.9498,182.4107,182.2774,182.1822,178.1515
2025-05-23,186.7500,187.6500,183.2200,183.6100,4902900,PANW,188.7360,186.6173,179.2480,183.0988,182.4164,182.3660,182.3612,178.2370
2025-05-27,187.4600,189.1000,186.5300,188.6700,5331700,PANW,189.0320,186.6975,179.3504,183.2698,182.4490,182.4669,182.5379,178.3288
2025-05-28,187.8000,189.8400,187.4700,187.7600,3869000,PANW,189.0895,186.8025,179.4064,183.4475,182.5074,182.5725,182.6835,178.4231
2025-05-29,185.8200,189.1500,182.8900,189.0000,4498200,PANW,189.0340,186.7089,179.4608,183.5405,182.5582,182.6368,182.7839,178.4967
2025-05-30,192.4200,192.7300,186.7300,187.0200,11419700,PANW,189.3415,187.2529,179.5584,183.8887,182.6499,182.8305,182.9183,178.6352
2025-06-02,194.8600,195.2900,191.4800,192.1400,4411500,PANW,189.6995,187.9773,179.7754,184.3190,182.8035,183.0687,183.0595,178.7966
2025-06-03,197.1200,198.4500,194.8800,195.0000,4820900,PANW,190.1490,188.8481,180.0714,184.8210,183.0196,183.3470,183.1953,178.9790
2025-06-04,194.0700,197.2500,193.4700,195.2200,3360600,PANW,190.4180,189.3454,180.2570,185.1837,183.2320,183.5593,183.3075,179.1291
2025-06-05,197.1100,199.5000,194.1100,194.1100,3544900,PANW,190.8665,190.0849,180.4002,185.6514,183.4689,183.8276,183.4578,179.3080
2025-06-06,199.6000,200.8800,198.2000,199.0000,3306200,PANW,191.4200,190.9911,180.6930,186.1984,183.7867,184.1400,183.5974,179.5099
2025-06-09,196.3300,199.2000,196.1900,199.0400,2566500,PANW,191.8900,191.4996,181.1308,186.5957,184.0442,184.3813,183.6590,179.6773
2025-06-10,195.9500,197.0400,193.6000,195.6500,2971900,PANW,192.0125,191.9234,181.5946,186.9626,184.2618,184.6104,183.7394,179.8392
2025-06-11,194.3900,197.4400,194.0600,195.7100,3463000,PANW,192.1320,192.1583,182.0696,187.2538,184.4340,184.8041,183.8376,179.9840
2025-06-12,197.6700,199.4000,194.3100,194.5700,4159500,PANW,192.4705,192.6832,182.5968,187.6623,184.6396,185.0589,183.9491,180.1600
2025-06-13,196.2700,199.9500,195.0700,196.3700,3818500,PANW,192.6390,193.0248,183.0586,187.9999,184.7672,185.2809,184.0626,180.3203
2025-06-16,198.1100,199.7400,196.8500,196.8500,4138000,PANW,192.8955,193.5091,183.7174,188.3963,184.8713,185.5349,184.1777,180.4973
2025-06-17,202.0500,202.7500,197.5000,197.9900,4132900,PANW,193.2830,194.3226,184.6870,188.9318,185.0186,185.8619,184.3119,180.7118
2025-06-18,199.7800,202.8900,198.8800,202.2900,3324500,PANW,193.5480,194.8423,185.6338,189.3572,185.1394,186.1375,184.4152,180.9015
2025-06-20,199.2400,201.0500,197.7100,201.0500,8289200,PANW,194.4470,195.2611,186.5680,189.7448,185.2388,186.3970,184.5046,181.0840
2025-06-23,203.3200,203.8700,196.0000,199.5600,4478800,PANW,195.3060,196.0287,187.1740,190.2771,185.3426,186.7321,184.6336,181.3052
2025-06-24,201.6900,204.8000,201.4200,204.0000,4951800,PANW,196.0530,196.5678,187.8424,190.7247,185.5053,187.0283,184.7766,181.5080
2025-06-25,204.3000,204.8100,202.4800,202.8000,3242300,PANW,196.8950,197.3042,188.5616,191.2570,185.6741,187.3703,184.9388,181.7348
2025-06-26,202.3400,206.7400,201.5400,204.5900,5264900,PANW,197.6220,197.7838,189.2088,191.6917,185.8533,187.6667,185.1109,181.9399
2025-06-27,200.5700,203.2600,198.7500,202.3400,5346400,PANW,198.3595,198.0492,189.7492,192.0398,186.0311,187.9222,185.2537,182.1252
2025-06-30,204.6400,204.9100,201.0200,201.2400,4350800,PANW,198.9705,198.6769,190.4468,192.5340,186.2435,188.2533,185.4079,182.3493
2025-07-01,197.5800,204.3500,195.0800,203.9700,6840600,PANW,199.1065,198.5724,191.0446,192.7319,186.3508,188.4380,185.5414,182.5008
2025-07-02,196.9700,197.9200,194.9100,196.4400,3367200,PANW,199.0990,198.4198,191.7830,192.8981,186.4468,188.6069,185.6633,182.6448
2025-07-03,201.8200,202.9800,197.8600,197.8600,2561700,PANW,199.4865,198.7436,192.5468,193.2479,186.5256,188.8686,185.8052,182.8356
2025-07-07,201.4200,202.1900,199.6700,200.8900,3483100,PANW,199.7020,198.9985,193.2088,193.5684,186.5758,189.1171,185.9470,183.0205
2025-07-08,203.9900,204.5100,200.6900,202.0000,3411400,PANW,199.9215,199.4739,193.7678,193.9771,186.6608,189.4116,186.1221,183.2292
2025-07-09,206.0600,206.1800,202.4300,204.8000,3090000,PANW,200.4080,200.1011,194.3094,194.4509,186.7541,189.7413,186.3281,183.4563
2025-07-10,192.0700,205.0000,191.1700,204.0300,9249000,PANW,200.2140,199.3363,194.5200,194.3576,186.6560,189.7874,186.4544,183.5420
2025-07-11,187.3900,193.0000,186.7000,192.9100,7412300,PANW,199.8640,198.1985,194.5348,194.0843,186.5296,189.7399,186.5411,183.5803
2025-07-14,190.7200,191.4400,186.0000,186.8800,5050200,PANW,199.5165,197.4863,194.6106,193.9524,186.3540,189.7593,186.6342,183.6514
2025-07-15,192.2500,193.5200,190.2000,190.7100,3963200,PANW,199.3155,196.9876,194.7302,193.8856,186.2246,189.8087,186.7367,183.7369
2025-07-16,192.5900,193.8800,190.7000,192.9500,3119600,PANW,199.0395,196.5688,194.8280,193.8348,186.1624,189.8637,186.8484,183.8250
2025-07-17,196.2800,197.6000,193.0800,193.1900,4300400,PANW,198.7510,196.5413,194.9910,193.9307,186.2149,189.9908,186.9829,183.9489
2025-07-18,195.7800,197.4400,194.7800,197.1200,2978900,PANW,198.5510,196.4688,195.1328,194.0032,186.2688,190.1054,187.1225,184.0667
2025-07-21,199.8800,203.2000,194.6000,195.9400,7642500,PANW,198.5830,196.7937,195.3676,194.2337,186.3875,190.2990,187.2674,184.2240
2025-07-22,196.7300,201.4300,196.3100,199.8900,3658300,PANW,198.2535,196.7876,195.5316,194.3316,186.4593,190.4263,187.4278,184.3484
2025-07-23,199.2200,199.9000,194.7700,197.8300,3050500,PANW,198.1300,197.0192,195.7774,194.5233,186.5765,190.6005,187.5936,184.4964
2025-07-24,201.1600,201.4500,198.4300,199.0000,2887800,PANW,197.9730,197.4136,195.9306,194.7836,186.6838,190.8096,187.7595,184.6622
2025-07-25,203.2700,205.2700,200.6500,201.3300,3459200,PANW,198.0195,197.9714,196.1560,195.1164,186.8797,191.0563,187.9200,184.8474
2025-07-28,204.5000,204.9500,202.5100,203.7700,2134700,PANW,198.2160,198.5931,196.4280,195.4843,187.0809,191.3225,188.0976,185.0429
2025-07-29,193.8400,210.3900,193.1000,206.0000,13615200,PANW,197.6760,198.1405,196.4468,195.4199,187.1765,191.3724,188.1790,185.1305
2025-07-30,183.0300,186.1200,176.5600,180.2700,42277200,PANW,196.9485,196.7014,196.2478,194.9340,187.2135,191.2072,188.1870,185.1096
2025-07-31,173.6000,183.9400,172.9300,183.9100,29824700,PANW,195.7800,194.5012,195.8338,194.0974,187.1402,190.8585,188.1315,184.9950
2025-08-01,172.8800,176.0300,168.3600,173.1300,16242900,PANW,194.3330,192.4421,195.4018,193.2653,187.1307,190.5025,188.0629,184.8745
2025-08-04,171.0000,174.4800,170.0500,174.4800,11191600,PANW,192.8120,190.4000,195.1966,192.3922,187.0514,190.1163,187.9831,184.7364
2025-08-05,169.0900,171.6800,168.1800,171.5000,8645700,PANW,191.0670,188.3704,194.8556,191.4783,186.9475,189.7000,187.8924,184.5808
2025-08-06,172.8900,173.6300,168.4000,169.2500,9890900,PANW,189.4085,186.8961,194.5784,190.7494,186.9132,189.3671,187.8238,184.4644
2025-08-07,168.1000,173.5000,165.2100,173.5000,14553500,PANW,188.2100,185.1060,194.1912,189.8612,186.7708,188.9460,187.7239,184.3016
2025-08-08,167.0600,170.4600,166.5600,168.8900,9842200,PANW,187.1935,183.3873,193.7764,188.9670,186.5914,188.5126,187.6222,184.1300
2025-08-11,168.1700,170.9000,166.2100,167.2000,10219700,PANW,186.0660,181.9381,193.4234,188.1514,186.4421,188.1098,187.5170,183.9712
2025-08-12,175.4000,175.5800,170.2500,171.2200,11514300,PANW,185.2235,181.3154,193.0830,187.6514,186.3207,187.8581,187.4537,183.8859
2025-08-13,176.8600,180.3900,175.7800,180.1500,11947500,PANW,184.4370,180.8911,192.7230,187.2282,186.2492,187.6403,187.4426,183.8160
2025-08-14,173.5500,177.8500,173.4600,177.0000,8784600,PANW,183.3005,180.1919,192.2516,186.6918,186.1615,187.3613,187.3989,183.7139
2025-08-15,177.0900,177.3600,173.5000,174.3600,9548600,PANW,182.3660,179.8965,191.9120,186.3153,186.0845,187.1579,187.3682,183.6480
2025-08-18,176.1700,178.1900,174.6900,178.0600,17895500,PANW,181.1805,179.5416,191.4932,185.9174,185.9467,186.9403,187.3432,183.5736
2025-08-19,181.5600,189.0000,180.7100,187.8100,27834500,PANW,180.4220,179.7338,191.1324,185.7465,185.9127,186.8338,187.3375,183.5535
2025-08-20,184.4300,187.6500,181.4700,181.9300,13637500,PANW,179.6825,180.1811,190.8944,185.6949,186.0126,186.7862,187.3609,183.5623
2025-08-21,183.3200,184.3500,180.0200,184.1200,8181300,PANW,178.7905,180.4800,190.6418,185.6018,186.1182,186.7175,187.3767,183.5598
2025-08-22,185.8800,187.1100,182.9400,183.6500,6861700,PANW,177.9210,180.9943,190.4716,185.6127,186.2706,186.7009,187.3995,183.5829
2025-08-25,184.5500,186.0700,181.9100,185.1800,5801200,PANW,176.9235,181.3329,190.2092,185.5710,186.4030,186.6583,187.4194,183.5926
2025-08-26,184.2300,186.6600,183.9900,184.2200,8319100,PANW,176.4430,181.6089,189.9684,185.5184,186.5135,186.6103,187.4248,183.5989
2025-08-27,187.6100,188.2100,184.6900,185.0000,5990600,PANW,176.6720,182.1804,189.7584,185.6004,186.7379,186.6301,187.3999,183.6388
2025-08-28,191.0200,191.5700,187.2000,187.4400,6031800,PANW,177.5430,183.0223,189.5378,185.8130,187.1124,186.7170,187.3875,183.7123
2025-08-29,190.5200,192.7900,190.0300,191.3700,5195200,PANW,178.4250,183.7363,189.3526,185.9976,187.4932,186.7923,187.3616,183.7800
2025-09-02,190.5200,191.5900,186.3500,187.2600,7066900,PANW,179.4010,184.3824,189.1782,186.1749,187.8731,186.8661,187.3190,183.8471
2025-09-03,191.5300,192.3500,188.0500,188.9500,5482600,PANW,180.5230,185.0631,188.9424,186.3849,188.0582,186.9585,187.2816,183.9235
2025-09-04,192.3500,194.4800,188.7500,191.5300,5996100,PANW,181.4960,185.7571,188.7556,186.6188,188.2990,187.0652,187.2375,184.0074
2025-09-05,194.4600,196.3400,191.8500,193.6000,5670400,PANW,182.8140,186.5860,188.5588,186.9263,188.5602,187.2117,187.2238,184.1114
2025-09-08,197.3800,197.9000,194.7900,195.1900,5503800,PANW,184.3300,187.6140,188.4596,187.3363,188.8342,187.4130,187.2432,184.2434
2025-09-09,197.5500,198.1300,195.7700,197.6900,4074000,PANW,185.7990,188.5603,188.3992,187.7368,189.0742,187.6137,187.2639,184.3758
2025-09-10,197.3300,202.7200,195.7000,197.8400,6342400,PANW,186.8955,189.3955,188.2530,188.1130,189.3499,187.8061,187.2804,184.5047
2025-09-11,198.3300,200.8000,197.7200,198.0000,4327500,PANW,187.9690,190.2464,188.2680,188.5137,189.6563,188.0145,187.2898,184.6423
2025-09-12,196.2900,199.9500,196.1600,197.1800,4431600,PANW,189.1060,190.8220,188.2544,188.8186,190.0187,188.1784,187.2770,184.7581
2025-09-15,201.2800,202.1100,197.3700,198.0500,6076900,PANW,190.3155,191.8180,188.2436,189.3073,190.3952,188.4378,187.3250,184.9225
2025-09-16,201.3400,202.1200,198.7600,201.5000,5365500,PANW,191.5740,192.7248,188.2420,189.7792,190.7254,188.6933,187.3657,185.0859
2025-09-17,203.1200,204.5100,200.3300,203.0000,4916100,PANW,192.6520,193.7148,188.2246,190.3024,190.9962,188.9790,187.3903,185.2653
2025-09-18,205.6800,207.0300,204.2700,204.6000,5446400,PANW,193.7145,194.8544,188.2170,190.9054,191.2632,189.3097,187.4578,185.4685
2025-09-19,208.1900,209.0200,205.5200,206.4100,8925300,PANW,194.9580,196.1244,188.5394,191.5832,191.5297,189.6836,187.5292,185.6946
2025-09-22,208.1800,209.5100,205.6700,206.8900,5468100,PANW,196.0730,197.2726,188.9552,192.2341,191.7450,190.0499,187.5947,185.9183
2025-09-23,203.2500,208.4900,202.2500,207.1600,7125700,PANW,197.0080,197.8419,189.2058,192.6661,191.9082,190.3112,187.6294,186.0908
2025-09-24,200.7000,205.0000,200.2200,202.6700,5160000,PANW,197.8315,198.1141,189.3748,192.9811,192.0525,190.5170,187.6215,186.2361
2025-09-25,202.2100,203.8400,197.6900,200.0000,7326400,PANW,198.5615,198.5042,189.5672,193.3431,192.1976,190.7485,187.6250,186.3951
2025-09-26,202.3700,203.5500,200.6200,201.4800,5244300,PANW,199.1290,198.8723,189.6890,193.6971,192.3400,190.9786,187.6221,186.5540
2025-09-29,203.9600,204.7400,202.6000,203.0000,5333700,PANW,199.8010,199.3569,189.8526,194.0995,192.4927,191.2357,187.6695,186.7272
2025-09-30,203.6200,206.0700,201.9200,203.6200,4396100,PANW,200.4560,199.7629,189.9274,194.4729,192.6475,191.4809,187.7132,186.8953
2025-10-01,206.8000,207.1900,200.8800,202.1600,5623800,PANW,201.2195,200.4331,190.1288,194.9563,192.8302,191.7843,187.7512,187.0934
2025-10-02,209.3000,209.9000,205.4400,208.4900,4951600,PANW,202.0670,201.2776,190.3304,195.5188,193.0539,192.1311,187.7971,187.3143
2025-10-03,207.1900,212.1000,206.9000,210.1000,4963000,PANW,202.7035,201.8406,190.4510,195.9765,193.1908,192.4293,187.8503,187.5121
2025-10-06,212.5800,213.8500,209.1300,209.3700,7286900,PANW,203.4635,202.8634,190.6372,196.6276,193.3966,192.8283,187.9007,187.7615
2025-10-07,211.0400,214.0200,208.3200,213.2300,4982800,PANW,204.1380,203.6422,190.7680,197.1928,193.5980,193.1890,187.9497,187.9931
2025-10-08,217.7900,217.9400,212.2600,212.6000,5122900,PANW,205.1610,204.9896,191.2470,198.0005,193.8469,193.6761,188.0948,188.2896
2025-10-09,215.1700,217.7500,214.1900,217.0000,4548800,PANW,206.0030,205.9591,191.8898,198.6738,194.0688,194.1017,188.2239,188.5571
2025-10-10,208.5500,217.2900,208.3100,216.0000,5425000,PANW,206.6160,206.2059,192.5888,199.0611,194.2113,194.3878,188.3327,188.7560
2025-10-13,213.2800,214.7200,211.6900,213.4200,4449200,PANW,207.2160,206.8796,193.3968,199.6187,194.3993,194.7619,188.4580,189.0000
2025-10-14,207.5600,210.8000,206.7000,209.7700,4381700,PANW,207.5270,206.9444,194.1280,199.9302,194.6623,195.0154,188.5483,189.1847
2025-10-15,206.7000,210.6000,203.3800,208.0800,4992300,PANW,207.7060,206.9211,194.8802,200.1956,194.8679,195.2467,188.6393,189.3590
2025-10-16,205.5100,210.4400,204.6300,208.0000,3675600,PANW,207.6975,206.7867,195.5326,200.4041,195.0555,195.4500,188.7359,189.5197
2025-10-17,207.8900,208.9800,203.6200,204.0900,4626800,PANW,207.6825,206.8918,196.3284,200.6976,195.2598,195.6963,188.8544,189.7025
2025-10-20,211.8200,212.6100,209.5300,209.5600,4086400,PANW,207.8645,207.3612,197.2236,201.1338,195.5000,196.0156,189.0037,189.9226
2025-10-21,214.4000,215.0900,211.1900,212.0400,3835800,PANW,208.4220,208.0315,198.1482,201.6540,195.7858,196.3796,189.1720,190.1661
2025-10-22,212.4200,215.1700,210.9900,214.0000,4591500,PANW,209.0080,208.4495,198.8886,202.0762,195.9858,196.6973,189.3178,190.3876
2025-10-23,215.0200,216.5100,211.6200,212.0500,4001700,PANW,209.6485,209.0752,199.6518,202.5838,196.1874,197.0601,189.4954,190.6327
2025-10-24,217.1100,218.2300,215.8700,217.0000,3437200,PANW,210.3855,209.8405,200.5230,203.1535,196.3873,197.4571,189.7034,190.8961
2025-10-27,220.2900,221.0900,218.0000,219.7900,5439600,PANW,211.2020,210.8357,201.3870,203.8255,196.6495,197.9093,189.9407,191.1886
2025-10-28,221.3800,223.6100,219.6800,221.1800,4608900,PANW,212.0900,211.8399,202.2912,204.5139,196.8922,198.3740,190.1805,191.4890
2025-10-29,217.1600,219.8100,216.0000,219.3100,4607700,PANW,212.6080,212.3466,203.0032,205.0098,197.0678,198.7460,190.4272,191.7444
2025-10-30,218.2700,221.2700,216.6100,217.5400,3759900,PANW,213.0565,212.9107,203.6800,205.5298,197.2872,199.1326,190.6657,192.0084
2025-10-31,220.2400,221.1700,217.7500,219.9400,3958700,PANW,213.7090,213.6087,204.4184,206.1067,197.5301,199.5506,190.8959,192.2893
2025-11-03,219.2300,220.4700,215.3300,219.9700,5011600,PANW,214.0415,214.1441,205.0854,206.6214,197.7785,199.9403,191.1062,192.5574
2025-11-04,214.5200,218.0000,212.3500,215.7200,6361800,PANW,214.2155,214.1799,205.6848,206.9311,197.9470,200.2290,191.2933,192.7759
2025-11-05,213.1800,215.6000,212.4200,215.2000,4309300,PANW,213.9850,214.0847,206.2638,207.1762,198.1161,200.4855,191.4416,192.9789
2025-11-06,211.3700,213.4100,207.3500,209.8700,5444800,PANW,213.7950,213.8261,206.7390,207.3406,198.2487,200.7010,191.5600,193.1619
2025-11-07,212.2900,212.6400,207.8300,208.2300,5046400,PANW,213.9820,213.6798,207.1644,207.5347,198.3511,200.9305,191.6848,193.3522
2025-11-10,216.5400,216.8200,212.7200,214.2200,4917100,PANW,214.1450,213.9522,207.6848,207.8879,198.5187,201.2396,191.8290,193.5830
2025-11-11,218.2700,218.7500,215.7900,216.9400,3581100,PANW,214.6805,214.3634,208.2398,208.2950,198.7090,201.5768,191.9739,193.8286
2025-11-12,210.0400,220.0300,209.7200,218.1400,4535100,PANW,214.8475,213.9517,208.6100,208.3634,198.7762,201.7444,192.0594,193.9899
2025-11-13,204.7700,211.9900,203.1800,209.8000,5361200,PANW,214.8105,213.0772,208.8584,208.2225,198.8070,201.8043,192.1561,194.0972
2025-11-14,205.2500,206.9300,198.4000,201.9900,5371700,PANW,214.6785,212.3318,209.0742,208.1059,198.8165,201.8726,192.2453,194.2082
2025-11-17,202.9000,207.1900,202.1600,205.0000,4860700,PANW,214.2325,211.4335,209.1846,207.9018,198.8221,201.8929,192.3377,194.2946
2025-11-18,201.0000,203.9900,199.8100,202.5000,5373200,PANW,213.5625,210.4398,209.2536,207.6311,198.8264,201.8752,192.4287,194.3614
2025-11-19,199.9000,202.6000,199.2400,199.3600,7529100,PANW,212.9365,209.4361,209.3050,207.3280,198.7790,201.8361,192.5112,194.4165
2025-11-20,185.0700,199.6900,183.2000,198.1300,16079000,PANW,211.4390,207.1155,209.0398,206.4551,198.6539,201.5041,192.5023,194.3235
2025-11-21,182.9000,186.7500,180.0500,185.0100,8201400,PANW,209.7285,204.8092,208.7720,205.5314,198.5132,201.1357,192.4800,194.2098
2025-11-24,183.8900,186.5800,181.9200,185.4200,16207000,PANW,207.9085,202.8169,208.4242,204.6827,198.3339,200.7942,192.4297,194.1071
2025-11-25,186.2700,186.6900,181.1600,183.5300,6035600,PANW,206.1530,201.2410,208.1228,203.9606,198.1824,200.5066,192.3791,194.0291
2025-11-26,185.3500,187.1500,183.8300,187.1500,5915200,PANW,204.5625,199.7276,207.7674,203.2308,197.9960,200.2065,192.3284,193.9428
2025-11-28,190.1300,190.9200,186.9500,187.2300,4808300,PANW,203.1555,198.8135,207.4564,202.7170,197.8367,200.0069,192.2954,193.9048
2025-12-01,187.7300,189.8700,185.6200,189.5400,6692000,PANW,201.5300,197.7580,207.0472,202.1293,197.7933,199.7638,192.2246,193.8434
2025-12-02,189.8800,192.0800,188.1500,189.4900,5874300,PANW,200.0625,197.0077,206.6812,201.6489,197.8182,199.5681,192.1739,193.8040
2025-12-03,193.6300,194.0000,186.7700,190.0800,5489800,PANW,199.0180,196.6860,206.4888,201.3345,197.8473,199.4505,192.1006,193.8022
2025-12-04,195.6800,196.0000,192.4300,194.0600,4164800,PANW,198.1430,196.5902,206.3884,201.1127,197.8816,199.3759,192.0531,193.8209
2025-12-05,198.8400,199.7400,195.0000,195.6400,4611800,PANW,197.5165,196.8045,206.3210,201.0236,197.9441,199.3652,192.0532,193.8709
2025-12-08,195.3500,199.9000,193.6900,199.3700,4425300,PANW,196.6695,196.6659,206.1806,200.8011,197.9348,199.2857,192.0748,193.8856
2025-12-09,195.0000,196.6600,194.2000,195.0200,3193500,PANW,195.5925,196.5073,206.0014,200.5736,197.9270,199.2009,192.0979,193.8967
2025-12-10,192.9600,195.0000,192.1100,194.4600,4715800,PANW,194.3270,196.1694,205.7882,200.2750,197.8578,199.0773,192.1226,193.8873
2025-12-11,190.3600,192.8400,188.5000,191.3800,5776100,PANW,193.3430,195.6162,205.4594,199.8862,197.7941,198.9047,192.1267,193.8522
2025-12-12,191.6900,193.6600,188.5500,191.0600,5352700,PANW,192.6890,195.2422,205.1072,199.5648,197.7188,198.7618,192.1476,193.8307
2025-12-15,185.8800,191.3400,185.7100,191.3400,6660300,PANW,191.7205,194.3506,204.6810,199.0281,197.5660,198.5067,192.1249,193.7516
2025-12-16,187.0900,188.3300,184.6400,185.1000,5757200,PANW,190.9300,193.6591,204.1712,198.5600,197.4042,198.2806,192.1420,193.6853
2025-12-17,183.4400,188.3300,183.2800,187.5300,5758300,PANW,190.0520,192.6859,203.6192,197.9670,197.1936,197.9868,192.1373,193.5834
2025-12-18,185.8800,186.9200,183.1900,185.7100,7224300,PANW,189.3510,192.0377,202.9810,197.4930,197.1140,197.7470,192.1453,193.5067
2025-12-19,186.8800,188.2700,186.1400,187.8500,19050300,PANW,189.4415,191.5465,202.4152,197.0768,197.1525,197.5318,192.1830,193.4408
2025-12-22,189.4900,190.5200,186.6500,188.4900,4982500,PANW,189.7710,191.3506,202.0340,196.7793,197.3114,197.3726,192.2258,193.4015
2025-12-23,188.1200,189.7200,187.2900,189.0700,3371300,PANW,189.9825,191.0429,201.5308,196.4397,197.4638,197.1894,192.2973,193.3489
2025-12-24,187.2200,187.8400,184.7900,187.4300,1829300,PANW,190.0300,190.6789,201.1240,196.0782,197.6260,196.9920,192.3387,193.2880
2025-12-26,188.4500,188.5800,186.5100,187.3400,2527600,PANW,190.1850,190.4666,200.7590,195.7790,197.8196,196.8228,192.3836,193.2398
2025-12-29,186.8500,189.0300,186.2100,188.1300,2660000,PANW,190.0210,190.1221,200.3858,195.4289,197.9592,196.6253,192.4362,193.1762
2025-12-30,186.8500,187.7500,185.9000,186.2500,2847600,PANW,189.9770,189.8105,199.9650,195.0924,198.1467,196.4318,192.4588,193.1133
2025-12-31,184.2000,186.8600,184.1000,186.7000,3253100,PANW,189.6930,189.2762,199.4126,194.6653,198.3181,196.1896,192.4548,193.0246
2026-01-02,179.3700,184.8100,177.2300,184.8100,6909600,PANW,188.9800,188.3327,198.7120,194.0655,198.4301,195.8565,192.4361,192.8887
2026-01-05,182.1200,185.8400,181.0100,183.0000,6582900,PANW,188.3020,187.7410,198.1060,193.5970,198.4973,195.5845,192.4090,192.7816
2026-01-06,185.8600,186.0500,181.4500,181.7300,5959300,PANW,187.6530,187.5619,197.5228,193.2936,198.5873,195.3919,192.4183,192.7127
2026-01-07,193.9000,196.1900,187.7700,188.0900,7613600,PANW,187.5805,188.1655,197.0586,193.3174,198.7908,195.3624,192.4762,192.7245
2026-01-08,190.8000,193.8900,189.0500,193.6900,6451300,PANW,187.3705,188.4164,196.4688,193.2187,198.9279,195.2720,192.5062,192.7054
2026-01-09,189.0200,192.4200,187.3200,191.9300,5306500,PANW,187.1735,188.4739,195.8216,193.0540,199.0564,195.1482,192.5016,192.6687
2026-01-12,188.8800,189.7500,187.2900,188.3400,4281400,PANW,187.0995,188.5126,195.2560,192.8903,199.1296,195.0241,192.5212,192.6310
2026-01-13,190.8500,193.2000,187.9900,188.0000,5419600,PANW,187.0575,188.7352,194.7076,192.8103,199.1938,194.9415,192.6032,192.6133
2026-01-14,190.9300,192.5900,187.9500,190.7100,5658100,PANW,187.3100,188.9442,194.1214,192.7366,199.2699,194.8620,192.6941,192.5965
2026-01-15,187.7300,194.0700,186.5500,190.6600,6530300,PANW,187.3420,188.8286,193.4914,192.5402,199.2884,194.7208,192.7795,192.5481
2026-01-16,187.6600,189.5000,184.6800,187.6300,7053100,PANW,187.5530,188.7173,192.9542,192.3489,199.3195,194.5810,192.8613,192.4995
2026-01-20,184.0600,188.5200,182.2700,184.2400,7287900,PANW,187.4620,188.2737,192.3718,192.0238,199.3178,194.3726,192.9157,192.4155
2026-01-21,181.4700,185.0800,178.7800,184.4600,6301000,PANW,187.1915,187.6258,191.7738,191.6099,199.2564,194.1171,192.9972,192.3066
2026-01-22,182.2700,183.1000,180.7800,182.4800,7018000,PANW,186.8305,187.1157,191.1734,191.2437,199.1689,193.8825,193.1407,192.2067
2026-01-23,180.1800,184.7200,179.7000,183.0600,5791000,PANW,186.4335,186.4551,190.4462,190.8098,199.0655,193.6112,193.2794,192.0871
2026-01-26,184.2200,185.6200,180.6900,181.3700,5356700,PANW,186.2835,186.2423,189.7652,190.5514,199.0025,193.4252,193.4378,192.0088
2026-01-27,183.5000,189.3900,182.5300,187.3800,5540000,PANW,186.0360,185.9811,189.2344,190.2748,198.9222,193.2287,193.4902,191.9241
2026-01-28,183.7400,186.6800,183.3500,184.5300,4159800,PANW,185.8805,185.7677,188.8138,190.0186,198.8361,193.0408,193.5676,191.8427
2026-01-29,176.2000,182.2100,171.2500,181.0800,12925300,PANW,185.3480,184.8565,188.2328,189.4767,198.6535,192.7073,193.6069,191.6870
2026-01-30,176.9700,178.1000,172.9900,174.7200,7628100,PANW,184.9865,184.1054,187.7142,188.9862,198.4494,192.3957,193.6418,191.5406
2026-02-02,175.4200,177.7300,173.8000,177.4500,4978100,PANW,184.7890,183.2782,187.2026,188.4542,198.2281,192.0595,193.6512,191.3802
2026-02-03,166.2400,174.5500,163.3300,174.1200,9945900,PANW,183.9950,181.6555,186.5294,187.5831,197.9172,191.5483,193.6336,191.1300
2026-02-04,166.7200,167.5600,159.4400,164.8700,10470800,PANW,183.0380,180.2331,186.1624,186.7649,197.6011,191.0566,193.6287,190.8871
2026-02-05,154.7700,166.1900,154.0500,163.6800,12780500,PANW,181.0815,177.8080,185.5998,185.5102,197.1859,190.3381,193.6023,190.5278
2026-02-06,159.3200,159.5500,151.7100,157.6100,9902500,PANW,179.5075,176.0473,185.1084,184.4831,196.7663,189.7238,193.5808,190.2172
2026-02-09,166.0000,166.7500,156.3700,159.8000,20917700,PANW,178.3565,175.0904,184.7030,183.7583,196.4129,189.2541,193.5692,189.9763
2026-02-10,165.5100,168.2800,164.3000,166.3900,30141600,PANW,177.1880,174.1780,184.3062,183.0427,196.0368,188.7839,193.5165,189.7328
2026-02-11,165.3000,168.2800,163.4900,167.2000,43667300,PANW,175.9105,173.3324,183.8096,182.3469,195.6330,188.3189,193.4481,189.4897
2026-02-12,162.8100,167.9500,157.8100,166.2900,19646500,PANW,174.5045,172.3303,183.3112,181.5807,195.1792,187.8137,193.3545,189.2243
2026-02-13,166.9500,170.4900,163.1000,165.0300,12577000,PANW,173.4655,171.8179,182.8526,181.0070,194.7669,187.4006,193.2560,189.0026
2026-02-17,163.5000,166.0100,160.0800,165.6800,16586500,PANW,172.2575,171.0257,182.2500,180.3204,194.3694,186.9273,193.1388,188.7489
2026-02-18,152.3500,155.2800,147.1500,149.5500,26756800,PANW,170.6720,169.2471,181.3834,179.2236,193.8859,186.2426,192.9692,188.3867
2026-02-19,150.9900,152.6800,148.1500,152.4800,13545800,PANW,169.1480,167.5083,180.4264,178.1164,193.3737,185.5445,192.7857,188.0146
2026-02-20,148.7000,158.1700,148.4000,150.3600,25857800,PANW,167.4695,165.7170,179.4934,176.9628,192.8370,184.8149,192.5885,187.6234
2026-02-23,144.1400,148.6300,143.3000,147.7200,20861500,PANW,165.6675,163.6621,178.4762,175.6756,192.2388,184.0095,192.3658,187.1907
2026-02-24,141.6700,147.5200,139.5700,142.9300,23692200,PANW,163.5400,161.5676,177.4504,174.3421,191.6193,183.1711,192.1334,186.7378
2026-02-25,144.8400,145.3600,140.3000,142.7300,11157900,PANW,161.6070,159.9745,176.5400,173.1851,190.9997,182.4121,191.9150,186.3209
2026-02-26,149.4000,151.2900,144.8100,146.9100,12124900,PANW,159.8900,158.9674,175.6942,172.2524,190.4007,181.7584,191.7273,185.9535
2026-02-27,148.9200,148.9900,143.6700,147.1700,9430600,PANW,158.5260,158.0105,174.9550,171.3374,189.8180,181.1081,191.5044,185.5850
2026-03-02,150.1500,151.8600,146.0100,147.9000,8281300,PANW,157.1850,157.2619,174.2162,170.5065,189.1937,180.4951,191.2952,185.2324
2026-03-03,156.0900,156.8300,147.8600,149.0700,10319500,PANW,156.2185,157.1503,173.6692,169.9411,188.6442,180.0118,191.1211,184.9425
2026-03-04,158.5600,160.3000,154.7500,156.0600,9541900,PANW,155.8345,157.2845,173.1228,169.4948,188.0519,179.5870,190.9494,184.6799
2026-03-05,163.1600,164.7000,158.4800,159.1300,9220500,PANW,155.6565,157.8441,172.6484,169.2464,187.5318,179.2617,190.8003,184.4658
2026-03-06,165.0500,165.3600,161.3100,162.3200,7202500,PANW,156.1705,158.5304,172.1596,169.0818,187.0968,178.9803,190.6541,184.2726
2026-03-09,165.1000,167.7600,163.4900,164.0800,9194300,PANW,156.4595,159.1561,171.6992,168.9257,186.6150,178.7054,190.5072,184.0818
2026-03-10,165.5800,167.0000,160.8300,165.5000,6847000,PANW,156.4385,159.7679,171.2664,168.7945,186.1952,178.4455,190.4288,183.8977
2026-03-11,164.9300,169.0800,163.3800,166.6500,5480900,PANW,156.4095,160.2595,170.7960,168.6429,185.7775,178.1779,190.3227,183.7090
2026-03-12,168.1200,168.7400,165.4300,166.2800,7961500,PANW,156.5505,161.0081,170.4214,168.6224,185.4036,177.9787,190.2296,183.5539
2026-03-13,167.0200,171.1700,165.8000,168.9000,6258600,PANW,156.7610,161.5807,170.0248,168.5596,184.9949,177.7617,190.1274,183.3894
2026-03-16,167.4500,168.2800,166.1500,167.7400,5985100,PANW,156.7860,162.1397,169.6898,168.5161,184.5512,177.5575,190.0256,183.2308
2026-03-17,169.1900,172.0300,167.5500,167.9000,5520400,PANW,157.0705,162.8111,169.4862,168.5425,184.0991,177.3918,189.9425,183.0911
2026-03-18,168.9100,171.8100,167.5000,168.0500,5789600,PANW,157.8985,163.3920,169.2220,168.5569,183.6640,177.2239,189.8249,182.9500
2026-03-19,169.7400,171.7000,168.0000,168.8600,6558200,PANW,158.8360,163.9965,168.8996,168.6033,183.2112,177.0757,189.6993,182.8185
2026-03-20,162.9500,169.1900,161.8900,169.1900,16455400,PANW,159.5485,163.8969,168.2806,168.3816,182.6696,176.7960,189.5285,182.6208
2026-03-23,164.0500,166.3500,162.4600,164.4300,7218800,PANW,160.5440,163.9115,167.7456,168.2117,182.1072,176.5436,189.3784,182.4360
2026-03-24,157.2100,162.8000,156.1400,162.0900,7143100,PANW,161.3210,163.2732,167.1094,167.7803,181.4655,176.1607,189.1789,182.1850
2026-03-25,153.2200,160.3100,152.7900,159.7000,6350000,PANW,161.7400,162.3158,166.3962,167.2093,180.8261,175.7065,188.9470,181.8968
2026-03-26,156.3600,159.3900,152.2000,152.2400,6082000,PANW,162.0880,161.7486,165.7064,166.7838,180.2070,175.3234,188.7471,181.6427
2026-03-27,147.0200,149.3700,143.5000,147.5500,11431400,PANW,161.9930,160.3458,164.8282,166.0088,179.4748,174.7629,188.5025,181.2982
2026-03-30,154.3500,159.1600,151.4700,151.9500,12198800,PANW,162.2030,159.7748,164.1606,165.5516,178.8260,174.3587,188.3023,181.0301
2026-03-31,160.3200,161.1200,155.0300,155.0300,7751600,PANW,162.4145,159.8267,163.6138,165.3464,178.2840,174.0807,188.1155,180.8240
2026-04-01,160.6700,161.8000,157.3000,161.4500,7643200,PANW,162.5200,159.9070,163.1460,165.1630,177.7589,173.8151,187.9375,180.6235
2026-04-02,163.2100,163.3100,157.5100,159.9000,4354300,PANW,162.5225,160.2216,162.7808,165.0864,177.2773,173.6051,187.7630,180.4502
2026-04-06,161.9500,164.0800,159.6700,163.3700,4814800,PANW,162.3675,160.3862,162.3744,164.9634,176.7739,173.3743,187.5625,180.2661
2026-04-07,169.8700,170.9800,160.2500,161.5800,8671300,PANW,162.6060,161.2894,162.1682,165.1559,176.3072,173.3049,187.4130,180.1627
2026-04-08,173.7800,179.2700,171.6300,173.9000,12257400,PANW,163.0160,162.4790,161.9594,165.4941,175.8623,173.3144,187.2857,180.0992
2026-04-09,166.9900,174.9800,164.3000,174.1400,10583700,PANW,163.1190,162.9086,161.6292,165.5527,175.4318,173.1891,187.1040,179.9687
2026-04-10,155.7300,167.6000,151.2800,167.6000,15592700,PANW,162.4995,162.2250,161.0690,165.1675,174.9414,172.8434,186.8742,179.7276
2026-04-13,162.5100,162.8000,154.8400,155.5800,8545600,PANW,162.2740,162.2521,160.7952,165.0633,174.5140,172.6388,186.6653,179.5562
2026-04-14,161.5900,165.6400,158.8300,163.3700,7415600,PANW,161.9810,162.1890,160.4876,164.9271,174.1009,172.4200,186.4615,179.3775
2026-04-15,164.1100,165.2300,161.6900,164.4900,7416200,PANW,161.7270,162.3720,160.2614,164.8951,173.7320,172.2554,186.2792,179.2256
2026-04-16,166.9700,170.2500,165.0000,168.6000,7222400,PANW,161.6300,162.8099,160.2760,164.9764,173.4027,172.1508,186.0909,179.1036
2026-04-17,167.8500,170.6200,166.7000,170.4800,7037300,PANW,161.5355,163.2899,160.2986,165.0891,173.2305,172.0656,185.9422,178.9916
2026-04-20,169.5600,170.5400,165.2000,167.0100,4859700,PANW,161.8660,163.8871,160.5944,165.2644,173.0971,172.0160,185.8052,178.8978
2026-04-21,174.9600,177.6300,169.5900,170.4000,5856300,PANW,162.4115,164.9416,160.9072,165.6447,173.0078,172.0743,185.6709,178.8586
2026-04-22,181.2000,181.5200,175.1500,175.5000,5903200,PANW,163.6110,166.4900,161.2112,166.2547,172.9571,172.2550,185.5698,178.8819
2026-04-23,173.2100,175.4900,169.6000,173.3700,6965200,PANW,164.6105,167.1300,161.3652,166.5274,172.8357,172.2739,185.4159,178.8255
2026-04-24,178.5400,179.1000,173.2200,174.0000,5887600,PANW,165.7195,168.2167,161.6300,166.9985,172.7198,172.3980,185.2783,178.8226
2026-04-27,182.9000,184.0200,176.5000,176.8600,7893800,PANW,167.5135,169.6151,162.0318,167.6221,172.6715,172.6059,185.2324,178.8632
2026-04-28,180.9900,186.0000,180.7400,184.1100,6451900,PANW,168.8455,170.6984,162.3126,168.1463,172.5826,172.7720,185.2004,178.8844
2026-04-29,181.5400,182.2500,177.8000,179.6000,4157400,PANW,169.9065,171.7310,162.6734,168.6716,172.4617,172.9456,185.1545,178.9108
2026-04-30,179.3200,180.8500,173.1100,180.8500,5771500,PANW,170.8390,172.4537,163.2128,169.0892,172.2981,173.0718,185.0899,178.9149
2026-05-01,181.0800,183.0400,177.4100,182.0000,4972100,PANW,171.7325,173.2753,163.8146,169.5594,172.1205,173.2304,185.0323,178.9364
2026-05-04,184.5600,187.2700,180.9500,181.6400,4891100,PANW,172.8630,174.3500,164.5318,170.1476,172.0126,173.4547,184.9737,178.9924
2026-05-05,183.9800,186.2400,180.5200,186.0000,5150700,PANW,173.5685,175.2672,165.3286,170.6901,171.9024,173.6632,184.9147,179.0420
2026-05-06,183.6800,184.9800,179.1900,180.4400,5595600,PANW,174.0635,176.0684,166.1688,171.1995,171.8096,173.8615,184.8337,179.0881
2026-05-07,196.5300,199.0900,190.7700,190.7700,10556600,PANW,175.5405,178.0171,167.2026,172.1929,171.8713,174.3104,184.8327,179.2617
2026-05-08,207.8800,208.0900,193.4300,194.8500,11641800,PANW,178.1480,180.8612,168.3722,173.5923,172.0332,174.9751,184.8760,179.5464
2026-05-11,213.6600,214.3000,205.6500,207.7900,9404300,PANW,180.7055,183.9849,169.6670,175.1636,172.3110,175.7412,184.9385,179.8859
2026-05-12,215.6000,216.1600,210.7700,213.6400,8295200,PANW,183.4060,186.9958,170.9760,176.7494,172.5961,176.5305,185.0002,180.2412
2026-05-13,227.7900,228.8500,210.7700,213.0400,9337700,PANW,186.5900,190.8810,172.4100,178.7510,173.0396,177.5455,185.1166,180.7144
2026-05-14,238.2100,239.1500,225.3800,227.5500,10346700,PANW,190.1520,195.3885,174.0030,181.0827,173.5629,178.7468,185.3385,181.2865
2026-05-15,242.8300,245.8000,230.2600,237.8300,11551000,PANW,193.9010,199.9068,175.5964,183.5042,174.1224,180.0158,185.6375,181.8988
2026-05-18,247.5500,248.8500,235.8100,238.9100,8734900,PANW,197.8005,204.4442,177.2464,186.0158,174.7030,181.3531,186.0072,182.5521
2026-05-19,240.1300,248.6000,239.6900,246.9600,11030200,PANW,201.0590,207.8429,178.7470,188.1379,175.2231,182.5170,186.3435,183.1250
2026-05-20,246.6600,250.0000,235.2600,236.2100,8698900,PANW,204.3320,211.5397,180.3686,190.4329,175.8175,183.7871,186.7218,183.7572
2026-05-21,252.9200,253.1000,241.0000,241.3400,6323600,PANW,208.3175,215.4807,182.1284,192.8833,176.4622,185.1561,187.1409,184.4454
2026-05-22,260.5800,261.4100,249.5000,251.1200,6626100,PANW,212.4195,219.7759,183.9776,195.5381,177.1995,186.6496,187.5794,185.2029
2026-05-26,256.7500,259.8400,250.7700,258.1700,7164000,PANW,216.1120,223.2972,185.7722,197.9386,177.8985,188.0378,188.0226,185.9148
2026-05-27,248.4700,251.6400,243.0400,245.6200,8318000,PANW,219.4860,225.6946,187.3926,199.9202,178.5412,189.2344,188.4297,186.5373
2026-05-28,257.7700,259.0000,248.4100,249.2300,5663300,PANW,223.2975,228.7494,189.1642,202.1888,179.3252,190.5916,188.8777,187.2461
2026-05-29,281.6900,283.7100,256.0100,256.3200,14998900,PANW,228.4160,233.7914,191.4198,205.3065,180.3209,192.3955,189.4091,188.1858
2026-06-01,300.4800,302.9500,283.8000,285.4300,13714500,PANW,234.3860,240.1427,194.0346,209.0388,181.4671,194.5358,190.0272,189.3032
2026-06-02,297.1800,299.3300,287.2700,287.4600,20783700,PANW,240.0170,245.5748,196.7192,212.4953,182.4999,196.5684,190.6454,190.3766
2026-06-03,280.4300,288.0000,275.8500,284.0000,14527883,PANW,244.8395,248.8944,199.0468,215.1594,183.3962,198.2290,191.1621,191.2726
