Date,Close,High,Low,Open,Volume,Ticker,SMA_20,EMA_20,SMA_50,EMA_50,SMA_100,EMA_100,SMA_200,EMA_200
2021-09-07,290.0257,290.4410,284.8632,287.2071,6787500,PYPL,,290.0257,,290.0257,,290.0257,,290.0257
2021-09-08,282.0842,293.4277,280.2052,293.2794,11039300,PYPL,,289.2693,,289.7142,,289.8684,,289.9466
2021-09-09,283.7160,286.1786,281.9359,284.2798,4170000,PYPL,,288.7405,,289.4790,,289.7466,,289.8846
2021-09-10,281.1842,285.8126,280.9765,285.4170,3816600,PYPL,,288.0208,,289.1537,,289.5770,,289.7981
2021-09-13,277.3965,284.0226,274.7361,283.5578,4836500,PYPL,,287.0090,,288.6927,,289.3358,,289.6747
2021-09-14,279.1272,280.0470,276.6251,278.7356,4216700,PYPL,,286.2583,,288.3175,,289.1337,,289.5697
2021-09-15,279.3151,282.5985,276.4174,281.0755,4056800,PYPL,,285.5971,,287.9645,,288.9393,,289.4677
2021-09-16,279.8492,280.5612,277.2976,277.9404,3606700,PYPL,,285.0496,,287.6463,,288.7592,,289.3720
2021-09-17,273.2923,279.3843,272.8769,279.0679,8117200,PYPL,,283.9299,,287.0834,,288.4530,,289.2120
2021-09-20,266.9332,269.9891,262.7498,268.5551,7728300,PYPL,,282.3112,,286.2932,,288.0268,,288.9903
2021-09-21,266.5178,269.2959,264.8465,268.7529,4326100,PYPL,,280.8070,,285.5176,,287.6009,,288.7667
2021-09-22,269.3364,270.4539,263.5608,267.4771,5574100,PYPL,,279.7146,,284.8831,,287.2392,,288.5734
2021-09-23,276.0219,276.8625,270.7605,271.4231,5409600,PYPL,,279.3629,,284.5356,,287.0171,,288.4485
2021-09-24,275.0428,275.2604,271.6605,272.9758,3985800,PYPL,,278.9515,,284.1633,,286.7800,,288.3151
2021-09-27,270.3748,273.7274,269.1841,271.7495,4614900,PYPL,,278.1346,,283.6226,,286.4551,,288.1366
2021-09-28,259.2983,268.4463,258.7940,266.9183,8352400,PYPL,,276.3407,,282.6687,,285.9174,,287.8496
2021-09-29,256.1435,261.5433,254.0568,260.6038,6829100,PYPL,,274.4172,,281.6285,,285.3278,,287.5341
2021-09-30,257.3402,260.5642,255.8765,256.7864,5321700,PYPL,,272.7908,,280.6760,,284.7736,,287.2337
2021-10-01,261.7312,262.8883,257.2413,258.5715,4560400,PYPL,,271.7375,,279.9331,,284.3173,,286.9800
2021-10-04,252.1975,259.6742,248.8152,258.9502,7267200,PYPL,271.8464,269.8765,,278.8454,,283.6813,,286.6339
2021-10-05,257.2808,259.8719,250.7932,252.4052,6326600,PYPL,270.2092,268.6770,,277.9997,,283.1585,,286.3418
2021-10-06,261.1477,261.4741,253.2063,253.4634,4615300,PYPL,269.1623,267.9599,,277.3389,,282.7226,,286.0911
2021-10-07,260.6335,265.7296,260.1686,263.0169,5276400,PYPL,268.0082,267.2621,,276.6838,,282.2852,,285.8378
2021-10-08,257.1918,262.5422,256.9347,262.0328,4095900,PYPL,266.8086,266.3031,,275.9194,,281.7883,,285.5528
2021-10-11,252.2371,257.7852,251.8810,255.0853,5031700,PYPL,265.5506,264.9634,,274.9907,,281.2032,,285.2213
2021-10-12,253.0283,255.1249,250.9811,253.1766,4289300,PYPL,264.2457,263.8268,,274.1294,,280.6452,,284.9009
2021-10-13,253.5326,258.3588,251.4409,255.8765,6024100,PYPL,262.9565,262.8464,,273.3217,,280.1084,,284.5888
2021-10-14,263.5114,264.4608,257.3303,258.6159,7850600,PYPL,262.1397,262.9097,,272.9370,,279.7797,,284.3791
2021-10-15,265.3904,266.7463,262.5125,265.7375,5007900,PYPL,261.7446,263.1459,,272.6410,,279.4948,,284.1901
2021-10-18,267.3485,267.4573,261.7905,263.4520,4367100,PYPL,261.7653,263.5462,,272.4335,,279.2542,,284.0226
2021-10-19,268.7035,270.2561,266.8590,268.0211,3985900,PYPL,261.8746,264.0374,,272.2872,,279.0453,,283.8701
2021-10-20,255.5106,270.4935,250.3086,269.9891,31271700,PYPL,261.1833,263.2253,,271.6293,,278.5793,,283.5879
2021-10-21,240.5277,256.1039,240.3002,255.7578,42508900,PYPL,259.4086,261.0636,,270.4096,,277.8258,,283.1595
2021-10-22,237.7487,243.9396,237.1058,241.0419,24170900,PYPL,257.5439,258.8431,,269.1288,,277.0322,,282.7076
2021-10-25,244.1572,252.7019,243.1089,252.1432,23046700,PYPL,256.2330,257.4445,,268.1495,,276.3812,,282.3240
2021-10-26,240.3200,247.1241,238.3519,246.6989,14404300,PYPL,255.2841,255.8136,,267.0582,,275.6671,,281.9061
2021-10-27,232.3489,241.9913,231.3401,241.1606,19043900,PYPL,254.0944,253.5788,,265.6970,,274.8093,,281.4130
2021-10-28,234.2180,235.3158,230.2127,234.3862,14288300,PYPL,252.9383,251.7350,,264.4625,,274.0055,,280.9434
2021-10-29,230.0248,236.2652,229.1545,232.8335,13010800,PYPL,251.3529,249.6673,,263.1120,,273.1346,,280.4367
2021-11-01,228.7292,230.9742,227.6513,230.1336,14054900,PYPL,250.1795,247.6732,,261.7637,,272.2553,,279.9222
2021-11-02,226.9293,230.1939,225.2876,229.9754,12676700,PYPL,248.6620,245.6976,,260.3976,,271.3578,,279.3949
2021-11-03,227.8392,228.3534,222.8251,225.8118,14178000,PYPL,246.9965,243.9968,,259.1208,,270.4960,,278.8820
2021-11-04,225.7030,229.3622,222.5185,229.0556,14158900,PYPL,245.2500,242.2545,,257.8103,,269.6090,,278.3528
2021-11-05,223.2899,227.8787,222.1229,227.4634,16665600,PYPL,243.5549,240.4484,,256.4566,,268.6918,,277.8049
2021-11-08,226.8897,228.4226,223.7547,225.4459,23213900,PYPL,242.2875,239.1571,,255.2971,,267.8640,,277.2983
2021-11-09,203.1544,210.0575,198.4667,210.0575,63995100,PYPL,239.7938,235.7283,,253.2523,,266.5827,,276.5605
2021-11-10,202.3830,205.9038,200.5436,201.8490,23585900,PYPL,237.2364,232.5525,,251.2574,,265.3114,,275.8225
2021-11-11,199.8018,206.0126,199.3370,205.6269,17712100,PYPL,234.0509,229.4334,,249.2396,,264.0142,,275.0660
2021-11-12,206.0027,207.7037,199.2618,201.0084,20954600,PYPL,231.0815,227.2019,,247.5440,,262.8654,,274.3788
2021-11-15,210.1959,211.8465,208.3861,209.8795,17433100,PYPL,228.2239,225.5823,251.8542,246.0794,,261.8225,,273.7402
2021-11-16,213.2914,213.5881,209.4344,212.5200,16697500,PYPL,225.4533,224.4117,250.3195,244.7936,,260.8615,,273.1387
2021-11-17,203.9951,211.6101,201.1073,208.8163,23095600,PYPL,222.8775,222.4673,248.7577,243.1936,,259.7354,,272.4507
2021-11-18,198.2887,205.2115,197.0030,204.7071,19980100,PYPL,220.7656,220.1646,247.0491,241.4326,,258.5186,,271.7128
2021-11-19,191.4747,200.2667,190.9407,199.9601,24607500,PYPL,218.4519,217.4322,245.2549,239.4735,,257.1910,,270.9144
2021-11-22,187.3902,191.7615,182.2426,191.4846,29956600,PYPL,215.6135,214.5711,243.4548,237.4310,,255.8088,,270.0833
2021-11-23,185.9760,188.6858,183.1574,187.0688,20004500,PYPL,212.8963,211.8477,241.5918,235.4132,,254.4260,,269.2464
2021-11-24,186.6287,187.5485,182.7025,184.9376,13359100,PYPL,210.6103,209.4459,239.7381,233.5001,,253.0835,,268.4244
2021-11-26,185.7189,190.8714,184.7695,186.3024,11080400,PYPL,208.1853,207.1862,237.8555,231.6263,,251.7495,,267.6014
2021-11-29,185.1750,187.8056,180.4180,186.8364,16308200,PYPL,205.9429,205.0899,236.0931,229.8047,,250.4312,,266.7813
2021-11-30,182.8509,186.7425,178.5093,184.4134,21144300,PYPL,203.6489,202.9719,234.4115,227.9633,,249.0930,,265.9461
2021-12-01,177.3423,188.2507,177.1742,185.6991,19491300,PYPL,201.1696,200.5310,232.6280,225.9782,,247.6722,,265.0645
2021-12-02,185.0859,186.7177,177.7478,178.1186,20422700,PYPL,199.0319,199.0600,230.9430,224.3746,,246.4329,,264.2687
2021-12-03,181.9015,185.7288,177.3126,185.6596,20737500,PYPL,196.8418,197.4259,229.0605,222.7090,,245.1550,,263.4491
2021-12-06,182.8212,184.0178,177.2236,181.3872,13303400,PYPL,194.8184,196.0349,227.2161,221.1448,,243.9207,,262.6469
2021-12-07,188.9133,190.7013,186.3518,186.5892,17772700,PYPL,192.9196,195.3567,225.5869,219.8808,,242.8314,,261.9132
2021-12-08,195.1734,195.5097,187.9935,189.8330,14433200,PYPL,192.5205,195.3392,224.3044,218.9119,,241.8877,,261.2491
2021-12-09,189.6352,194.2537,189.3286,193.8977,11550700,PYPL,191.8831,194.7960,222.9742,217.7638,,240.8530,,260.5365
2021-12-10,186.4309,192.0087,184.7398,190.8121,11908100,PYPL,191.2146,193.9993,221.5560,216.5350,,239.7753,,259.7992
2021-12-13,184.3244,188.1023,183.2563,185.4321,11812200,PYPL,190.1307,193.0779,220.0079,215.2719,,238.6773,,259.0482
2021-12-14,184.7398,187.0570,180.7642,181.7136,11414200,PYPL,188.8579,192.2838,218.6587,214.0745,,237.6092,,258.3088
2021-12-15,188.5572,188.9924,181.6443,183.0783,11278500,PYPL,187.6212,191.9289,217.2843,213.0738,,236.6379,,257.6147
2021-12-16,186.6683,193.0867,186.1748,192.0246,12326100,PYPL,186.7548,191.4279,215.7947,212.0383,,235.6484,,256.9088
2021-12-17,184.1464,185.7683,179.9828,184.9425,18899800,PYPL,186.0477,190.7344,214.2649,210.9445,,234.6286,,256.1848
2021-12-20,180.6652,182.3722,179.6664,180.5169,10906800,PYPL,185.5072,189.7754,212.7344,209.7571,,233.5600,,255.4334
2021-12-21,187.0540,187.2023,181.0608,181.1597,12515500,PYPL,185.4904,189.5163,211.4307,208.8668,,232.6391,,254.7530
2021-12-22,189.5660,189.6550,185.9651,187.0738,9541600,PYPL,185.6699,189.5210,210.1615,208.1099,,231.7861,,254.1043
2021-12-23,189.8923,190.8279,188.1518,190.3473,7762000,PYPL,185.8331,189.5564,208.8887,207.3955,,230.9566,,253.4654
2021-12-27,189.8923,191.7813,188.9726,190.2681,8351800,PYPL,186.0418,189.5884,207.4163,206.7091,,230.1434,,252.8329
2021-12-28,188.0034,191.8604,187.0243,190.0704,7969400,PYPL,186.1832,189.4374,205.8686,205.9755,,229.3089,,252.1878
2021-12-29,187.8748,189.1605,185.7584,187.9342,7038700,PYPL,186.4344,189.2886,204.2791,205.2657,,228.4885,,251.5479
2021-12-30,189.7638,191.8109,186.8265,187.5188,9634800,PYPL,187.0555,189.3338,202.7003,204.6578,,227.7216,,250.9331
2021-12-31,186.5002,190.1099,186.3222,189.3385,7360400,PYPL,187.1262,189.0640,201.3201,203.9457,,226.9054,,250.2920
2022-01-03,192.7900,193.8383,187.8551,189.2990,12788200,PYPL,187.6706,189.4188,200.3654,203.5082,,226.2298,,249.7198
2022-01-04,189.0320,193.9373,186.1145,193.8384,14198000,PYPL,187.9812,189.3820,199.3910,202.9405,,225.4932,,249.1159
2022-01-05,185.0958,192.1076,185.0859,187.7710,13227600,PYPL,187.7903,188.9738,198.2098,202.2407,,224.6933,,248.4789
2022-01-06,190.1495,192.8494,183.0289,183.4739,14206300,PYPL,187.5391,189.0858,197.2064,201.7666,,224.0092,,247.8985
2022-01-07,185.5310,190.9951,184.2453,187.9243,12627300,PYPL,187.3339,188.7472,196.2700,201.1299,,223.2473,,247.2780
2022-01-10,180.9323,183.7014,175.4435,183.7014,14701600,PYPL,187.0589,188.0029,195.2043,200.3378,,222.4094,,246.6178
2022-01-11,189.4077,190.7231,180.6059,180.9718,12867700,PYPL,187.3131,188.1367,194.3920,199.9092,,221.7559,,246.0486
2022-01-12,185.1354,189.3385,183.2366,187.6078,13588800,PYPL,187.3329,187.8509,193.5201,199.3298,,221.0307,,245.4425
2022-01-13,179.0137,188.7352,178.3609,185.7090,12779900,PYPL,186.8557,187.0092,192.5618,198.5331,,220.1987,,244.7815
2022-01-14,176.4522,179.9927,173.4655,177.1742,14374400,PYPL,186.3449,186.0038,191.5340,197.6672,,219.3324,,244.1016
2022-01-18,172.5359,177.6983,172.0810,175.0083,12721300,PYPL,185.7644,184.7211,190.4707,196.6817,,218.4058,,243.3895
2022-01-19,171.6359,175.3248,170.6964,172.4271,13715700,PYPL,185.3129,183.4749,189.4376,195.6995,,217.4796,,242.6755
2022-01-20,171.3689,177.8961,171.1315,173.0798,13992500,PYPL,184.5287,182.3220,188.3272,194.7453,,216.5666,,241.9660
2022-01-21,161.7363,171.0524,161.4990,169.9052,20051000,PYPL,183.1372,180.3614,187.4988,193.4509,,215.4808,,241.1677
2022-01-24,160.3815,160.6564,150.4027,154.3883,23632200,PYPL,181.6616,178.4586,186.6588,192.1540,,214.3897,,240.3638
2022-01-25,156.4552,159.1353,153.5575,158.0376,13268100,PYPL,179.9898,176.3630,185.7919,190.7541,,213.2425,,239.5289
2022-01-26,155.2487,163.5066,153.7751,160.3023,15966500,PYPL,178.3520,174.3521,184.7768,189.3617,,212.0941,,238.6903
2022-01-27,156.3662,160.7573,154.8135,157.6737,12657000,PYPL,176.7766,172.6392,183.7002,188.0678,217.7772,210.9906,,237.8712
2022-01-28,161.7166,161.8352,155.0608,156.6234,9861700,PYPL,175.3742,171.5989,182.6687,187.0344,216.4941,210.0149,,237.1134
2022-01-31,170.0437,170.2613,161.4199,162.6264,14260000,PYPL,174.5514,171.4508,181.9897,186.3681,215.3737,209.2234,,236.4461
2022-02-01,173.8611,174.2567,168.6492,170.8645,23286900,PYPL,173.6050,171.6804,181.5011,185.8776,214.2751,208.5231,,235.8233
2022-02-02,131.1079,138.3570,127.5871,138.3472,136264000,PYPL,170.7088,167.8163,180.2938,183.7298,212.7744,206.9901,,234.7814
2022-02-03,122.9291,130.0003,122.4841,128.5168,52101200,PYPL,167.6004,163.5414,179.0046,181.3454,211.2297,205.3256,,233.6684
2022-02-04,124.6895,125.3026,120.0611,123.0181,33103500,PYPL,164.3274,159.8412,177.7788,179.1236,209.6853,203.7288,,232.5841
2022-02-07,120.0710,127.9926,119.1710,125.1840,30384500,PYPL,161.0544,156.0535,176.4477,176.8078,208.0929,202.0722,,231.4645
2022-02-08,118.9337,121.9698,117.2425,119.6853,30862700,PYPL,157.9545,152.5183,175.1120,174.5383,206.4837,200.4259,,230.3448
2022-02-09,121.5841,122.6047,118.4886,120.8622,29475600,PYPL,154.5633,149.5722,173.8402,172.4616,204.9666,198.8647,,229.2626
2022-02-10,117.7073,123.8983,117.1733,120.1995,30012600,PYPL,151.1919,146.5375,172.5373,170.3144,203.4744,197.2576,,228.1526
2022-02-11,114.0185,119.5567,113.4647,118.3304,24624900,PYPL,147.9422,143.4404,171.2708,168.1067,201.9494,195.6093,,227.0170
2022-02-14,112.8614,115.3437,111.7537,112.3669,22787000,PYPL,144.7626,140.5281,169.8263,165.9402,200.3846,193.9707,,225.8811
2022-02-15,114.1866,115.1162,112.7526,114.1421,19007600,PYPL,141.8452,138.0194,168.4720,163.9107,198.7663,192.3909,,224.7697
2022-02-16,109.3209,113.5240,109.1626,113.4350,28938700,PYPL,138.7294,135.2862,167.0020,161.7699,197.1091,190.7459,,223.6209
2022-02-17,104.0398,110.1813,103.8321,108.7769,33972200,PYPL,135.3629,132.3104,165.3045,159.5060,195.4457,189.0290,,222.4311
2022-02-18,102.5069,105.5638,101.8937,104.8309,28157400,PYPL,132.4015,129.4719,163.4512,157.2707,193.8778,187.3157,,221.2378
2022-02-22,102.0321,103.9211,100.5882,101.0234,28422200,PYPL,129.4840,126.8586,161.6991,155.1045,192.3367,185.6269,,220.0517
2022-02-23,99.6092,104.3859,99.4855,103.8617,25263600,PYPL,126.6417,124.2634,159.9627,152.9282,190.7594,183.9235,,218.8532
2022-02-24,103.8617,104.0991,93.4578,93.6951,35400600,PYPL,124.0724,122.3204,158.3535,151.0040,189.1807,182.3382,,217.7091
2022-02-25,109.7165,109.8747,103.3771,104.9793,33806900,PYPL,121.7399,121.1200,156.8530,149.3849,187.7559,180.9001,,216.6345
2022-02-28,110.6955,112.2828,107.7286,109.0934,25719300,PYPL,119.1888,120.1272,155.2958,147.8677,186.2900,179.5099,,215.5804
2022-03-01,105.3353,111.5065,104.3968,111.4867,19597700,PYPL,115.9534,118.7185,153.6691,146.1998,184.7319,178.0411,,214.4834
2022-03-02,105.4342,106.0474,102.5464,104.4452,17023500,PYPL,112.5321,117.4533,152.0949,144.6011,183.1799,176.6034,,213.3983
2022-03-03,100.2223,106.5616,99.7476,106.4726,20330800,PYPL,110.9878,115.8123,150.4860,142.8608,181.6102,175.0909,,212.2722
2022-03-04,98.8081,101.2607,97.5323,99.1345,20151600,PYPL,109.7817,114.1928,148.7211,141.1332,180.0759,173.5803,,211.1432
2022-03-07,92.5776,99.2235,92.4688,98.4719,26529900,PYPL,108.1761,112.1342,146.7813,139.2291,178.4714,171.9763,,209.9635
2022-03-08,93.8534,97.5125,91.2326,92.0139,25130900,PYPL,106.8653,110.3932,144.8605,137.4496,176.8746,170.4293,,208.8081
2022-03-09,99.1147,99.6191,96.2170,97.0378,20811300,PYPL,105.8743,109.3190,143.0450,135.9463,175.2306,169.0171,,207.7167
2022-03-10,97.4631,98.2246,95.3368,97.9576,14703200,PYPL,104.6683,108.1899,141.2342,134.4371,173.5514,167.6002,,206.6196
2022-03-11,95.5049,98.7191,94.4665,98.6499,15141700,PYPL,103.5581,106.9818,139.3868,132.9104,171.8329,166.1726,,205.5140
2022-03-14,95.8016,99.5301,93.5863,94.9857,20988900,PYPL,102.6473,105.9170,137.5075,131.4551,170.1039,164.7791,,204.4223
2022-03-15,99.3520,99.4608,94.9907,97.5867,18032900,PYPL,101.9718,105.2918,135.7646,130.1962,168.5423,163.4835,,203.3769
2022-03-16,106.7298,106.7495,100.7663,101.2509,24840500,PYPL,101.5990,105.4287,134.0434,129.2760,167.2044,162.3597,,202.4152
2022-03-17,110.9230,110.9428,105.2958,105.3848,21950800,PYPL,101.6791,105.9520,132.4812,128.5562,165.9361,161.3411,,201.5048
2022-03-18,117.4601,118.0634,109.0143,110.2999,31997800,PYPL,102.3501,107.0480,131.1285,128.1211,164.6691,160.4722,,200.6686
2022-03-21,113.3855,116.2041,111.2593,115.9272,19888900,PYPL,102.8940,107.6516,129.5932,127.5432,163.3998,159.5398,,199.8001
2022-03-22,116.5700,118.0337,113.3855,113.3855,16746100,PYPL,103.6209,108.5010,128.2140,127.1129,162.2420,158.6889,,198.9719
2022-03-23,113.3855,116.0657,112.8317,114.2558,14430600,PYPL,104.3097,108.9662,126.8630,126.5746,161.0337,157.7918,,198.1203
2022-03-24,114.7701,114.9086,112.0702,114.5426,13546700,PYPL,104.8552,109.5189,125.3703,126.1117,159.8811,156.9399,,197.2909
2022-03-25,112.5054,114.9086,110.8538,114.7602,12371500,PYPL,104.9946,109.8033,123.9177,125.5781,158.7189,156.0600,,196.4473
2022-03-28,114.8888,115.8085,111.1208,112.7427,13868000,PYPL,105.2043,110.2877,122.6352,125.1589,157.5985,155.2447,,195.6358
2022-03-29,119.8435,120.2094,115.6800,117.3414,15918400,PYPL,105.9297,111.1977,121.5030,124.9504,156.5185,154.5437,,194.8816
2022-03-30,117.1832,121.4555,116.7283,120.9759,16513300,PYPL,106.5171,111.7678,120.3960,124.6458,155.4333,153.8039,,194.1085
2022-03-31,114.3745,117.5788,114.3152,116.8024,13928300,PYPL,107.2247,112.0161,119.2507,124.2430,154.3442,153.0231,,193.3151
2022-04-01,115.3833,116.9359,113.7712,114.7207,11037800,PYPL,108.0535,112.3367,118.1310,123.8956,153.2291,152.2778,,192.5397
2022-04-04,120.5160,120.9709,115.5909,115.7690,15266400,PYPL,109.4504,113.1157,117.3066,123.7631,152.4027,151.6488,,191.8230
2022-04-05,116.3525,121.5624,115.9104,121.4753,12778700,PYPL,110.5754,113.4240,116.4260,123.4725,151.5424,150.9499,,191.0721
2022-04-06,111.2494,114.2459,109.6373,113.9888,16288900,PYPL,111.1821,113.2169,115.5219,122.9931,150.6569,150.1638,,190.2778
2022-04-07,111.7933,113.0790,108.8857,110.2901,12471300,PYPL,111.8986,113.0813,114.6528,122.5539,149.7148,149.4039,,189.4969
2022-04-08,109.9835,111.9911,109.0341,111.0219,10521800,PYPL,112.6225,112.7863,113.7252,122.0610,148.7127,148.6233,,188.7057
2022-04-11,108.5989,110.1664,107.2440,108.5396,10706600,PYPL,113.2624,112.3875,112.6628,121.5330,147.6657,147.8308,,187.9086
2022-04-12,107.0561,111.4966,106.5616,110.4087,12493600,PYPL,113.6476,111.8797,111.4030,120.9653,146.6964,147.0234,,187.1041
2022-04-13,104.0101,104.7815,101.1619,101.4585,26481900,PYPL,113.5116,111.1302,110.0060,120.3004,145.7536,146.1716,,186.2773
2022-04-14,101.1816,104.5342,100.9344,103.9211,16125800,PYPL,113.0246,110.1827,109.4075,119.5506,144.8506,145.2807,,185.4306
2022-04-18,99.4707,101.8640,98.0416,100.9245,15342400,PYPL,112.1251,109.1626,108.9383,118.7632,143.9714,144.3736,,184.5753
2022-04-19,102.5167,103.7035,98.8081,98.8971,12768100,PYPL,111.5817,108.5296,108.4949,118.1261,143.1369,143.5447,,183.7588
2022-04-20,93.8534,100.8256,93.3885,100.8256,26487000,PYPL,110.4458,107.1319,107.9705,117.1742,142.2091,142.5608,,182.8642
2022-04-21,88.4140,96.5335,87.8305,95.0747,27204100,PYPL,109.1972,105.3492,107.3601,116.0464,141.2361,141.4885,,181.9244
2022-04-22,85.0812,89.2546,85.0317,88.3102,21053000,PYPL,107.7128,103.4189,106.6301,114.8320,140.2351,140.3716,,180.9608
2022-04-25,86.8119,86.9602,83.4889,84.3840,15683400,PYPL,106.4281,101.8373,106.0122,113.7332,139.2747,139.3110,,180.0240
2022-04-26,82.7769,85.9070,82.6483,85.8130,17205300,PYPL,104.8225,100.0220,105.3873,112.5192,138.3291,138.1915,,179.0563
2022-04-27,81.6989,85.6498,81.2143,82.6483,24669800,PYPL,102.9153,98.2770,104.7641,111.3106,137.2952,137.0728,,178.0876
2022-04-28,91.0743,92.1523,83.4395,84.1219,42836600,PYPL,101.6099,97.5910,104.3018,110.5170,136.3869,136.1620,,177.2218
2022-04-29,86.9602,93.4677,86.7822,89.9964,24872400,PYPL,100.2391,96.5786,103.8546,109.5932,135.4283,135.1877,,176.3237
2022-05-02,90.5205,91.4699,85.8625,86.5844,21340500,PYPL,98.9960,96.0016,103.5842,108.8453,134.4444,134.3032,,175.4699
2022-05-03,89.7096,91.2326,89.0470,90.4711,15227600,PYPL,97.4557,95.4024,103.3283,108.0948,133.3898,133.4201,,174.6166
2022-05-04,91.6974,91.8260,86.1592,89.2546,15850600,PYPL,96.2229,95.0495,103.1216,107.4518,132.4104,132.5939,,173.7915
2022-05-05,84.4878,89.7294,83.2417,89.7294,22066500,PYPL,94.8849,94.0436,102.8192,106.5513,131.3909,131.6413,,172.9029
2022-05-06,80.7792,84.4285,80.0078,84.3790,21369300,PYPL,93.3341,92.7803,102.3575,105.5406,130.3555,130.6342,,171.9863
2022-05-09,78.6529,81.2341,77.9804,79.0089,25513700,PYPL,91.7676,91.4349,101.7362,104.4862,129.2946,129.6048,,171.0576
2022-05-10,77.8815,81.3627,75.2904,80.8088,21126300,PYPL,90.2317,90.1441,101.0800,103.4429,128.1879,128.5806,,170.1305
2022-05-11,74.3410,79.5034,74.1926,76.8925,16770200,PYPL,88.5960,88.6390,100.4601,102.3016,127.0646,127.5066,,169.1773
2022-05-12,73.4707,75.7156,71.0388,72.9366,29361000,PYPL,87.0690,87.1944,99.8208,101.1710,125.9578,126.4365,,168.2250
2022-05-13,77.9606,78.3166,75.5277,75.5277,17111400,PYPL,85.9080,86.3150,99.3756,100.2608,124.9308,125.4766,,167.3269
2022-05-16,76.7936,78.1881,75.3477,77.7232,15432300,PYPL,84.7741,85.4082,98.9353,99.3405,123.8282,124.5126,,166.4260
2022-05-17,78.8704,80.3885,76.4574,79.0089,12677400,PYPL,83.5918,84.7856,98.6611,98.5377,122.7212,123.6088,,165.5548
2022-05-18,76.3288,79.0564,75.9233,77.7331,15955300,PYPL,82.7156,83.9802,98.3107,97.6668,121.5856,122.6726,,164.6670
2022-05-19,80.3836,81.4022,75.9827,75.9827,19779300,PYPL,82.3140,83.6376,97.9360,96.9890,120.4905,121.8352,,163.8284
2022-05-20,79.6517,82.8461,76.7046,82.7868,16887400,PYPL,82.0426,83.2580,97.5798,96.3091,119.4070,120.9998,,162.9908
2022-05-23,80.2847,81.1550,78.4056,79.5528,12309200,PYPL,81.7162,82.9748,97.2754,95.6807,118.3311,120.1936,,162.1678
2022-05-24,77.7826,79.1177,76.3486,79.0089,13309600,PYPL,81.4665,82.4803,96.9150,94.9788,117.2113,119.3538,,161.3282
2022-05-25,79.2364,79.8891,76.3980,77.1002,14075400,PYPL,81.3434,82.1714,96.5127,94.3615,116.1386,118.5594,,160.5114
2022-05-26,79.5331,80.4034,78.8714,79.4836,21681900,PYPL,80.7663,81.9201,95.9688,93.7800,115.0061,117.7866,,159.7056
2022-05-27,84.2702,84.4779,79.8495,80.2649,16874100,PYPL,80.6318,82.1439,95.4357,93.4070,113.9584,117.1229,,158.9550
2022-05-31,84.2702,85.6370,82.2231,83.7708,15500000,PYPL,80.3193,82.3464,94.7719,93.0487,112.9502,116.4723,,158.2119
2022-06-01,81.5703,85.8130,80.9473,84.5274,11019100,PYPL,79.9123,82.2725,94.1356,92.5986,111.8644,115.7812,,157.4493
2022-06-02,87.3459,87.6327,81.3132,81.3132,17299800,PYPL,79.6948,82.7557,93.5511,92.3926,110.8826,115.2181,,156.7517
2022-06-03,85.5757,87.1284,84.7548,85.7240,11808300,PYPL,79.7491,83.0243,92.9949,92.1253,109.9290,114.6312,,156.0435
2022-06-06,85.8526,88.0085,85.4471,86.9899,12472000,PYPL,80.0028,83.2936,92.4166,91.8793,108.8934,114.0613,,155.3451
2022-06-07,87.6130,87.8404,83.5878,84.1614,10423800,PYPL,80.4508,83.7050,91.9187,91.7120,107.9182,113.5376,,154.6711
2022-06-08,86.5449,88.3349,85.9317,87.3459,9129600,PYPL,80.8840,83.9755,91.3519,91.5094,106.9935,113.0030,,153.9933
2022-06-09,83.1824,87.1580,83.1428,85.8526,11771500,PYPL,81.3261,83.8999,90.6186,91.1828,106.0608,112.4125,,153.2887
2022-06-10,78.4254,80.5616,77.3870,79.5429,19125000,PYPL,81.5738,83.3785,89.8435,90.6825,105.1197,111.7395,,152.5438
2022-06-13,72.9070,77.2683,72.6498,75.1915,19674400,PYPL,81.3211,82.3813,89.0141,89.9854,104.1324,110.9706,,151.7514
2022-06-14,71.6609,74.2520,70.6669,73.4806,19289300,PYPL,81.0645,81.3603,88.1397,89.2668,103.1353,110.1921,,150.9544
2022-06-15,74.9937,76.2497,71.5916,72.6597,17165600,PYPL,80.8706,80.7539,87.2292,88.7071,102.2679,109.4952,,150.1986
2022-06-16,70.4444,73.2481,69.9301,72.5212,14404300,PYPL,80.5764,79.7721,86.3111,87.9909,101.3686,108.7219,,149.4050
2022-06-17,72.0960,72.8476,69.6928,70.5433,17231100,PYPL,80.1620,79.0410,85.5280,87.3676,100.5250,107.9966,,148.6358
2022-06-21,71.5718,74.1728,71.4828,73.6882,14934800,PYPL,79.7581,78.3297,84.7236,86.7481,99.6882,107.2753,,147.8690
2022-06-22,72.1652,73.7525,70.5918,71.0774,13575700,PYPL,79.3521,77.7426,83.9672,86.1763,98.8462,106.5801,158.3117,147.1157
2022-06-23,72.9960,73.1839,70.7708,72.4619,16986800,PYPL,79.1127,77.2905,83.2551,85.6594,97.9590,105.9150,157.2265,146.3782
2022-06-24,76.8233,77.7925,73.5696,73.9651,29843800,PYPL,78.9921,77.2460,82.6505,85.3129,97.0268,105.3390,156.2002,145.6861
2022-06-27,75.1025,77.5848,74.4893,77.1299,11657200,PYPL,78.7706,77.0419,82.0723,84.9125,96.0392,104.7402,155.1572,144.9838
2022-06-28,71.0279,76.0717,70.8222,74.8453,14995000,PYPL,78.1084,76.4691,81.4693,84.3680,95.4384,104.0727,154.1064,144.2479
2022-06-29,70.6818,71.3543,69.0005,70.4266,11344500,PYPL,77.4290,75.9179,80.8935,83.8313,94.9159,103.4114,153.0728,143.5159
2022-06-30,69.0697,70.1082,66.8347,70.0389,14264700,PYPL,76.8040,75.2657,80.2245,83.2524,94.3597,102.7314,152.0225,142.7752
2022-07-01,70.6125,70.9092,68.8917,69.0697,9727300,PYPL,75.9673,74.8226,79.7597,82.7567,93.8651,102.0954,150.9790,142.0571
2022-07-05,73.5795,73.6635,68.0017,69.4060,12823700,PYPL,75.3675,74.7042,79.4630,82.3968,93.4116,101.5307,149.9477,141.3757
2022-07-06,72.4322,74.5684,71.8290,74.0047,9436600,PYPL,74.6965,74.4878,79.2101,82.0060,92.9201,100.9545,148.9434,140.6897
2022-07-07,74.2124,74.3212,71.9674,72.3729,10739800,PYPL,74.0265,74.4616,78.9581,81.7004,92.4851,100.4250,147.9797,140.0283
2022-07-08,72.6201,73.9355,71.0378,72.3136,11734500,PYPL,73.3302,74.2862,78.7549,81.3443,92.0711,99.8744,147.0103,139.3576
2022-07-11,69.6928,72.4718,69.2972,71.8586,10854700,PYPL,72.6558,73.8487,78.5148,80.8874,91.6394,99.2767,146.0120,138.6644
2022-07-12,70.6422,71.7103,69.6829,69.6829,12294900,PYPL,72.2666,73.5433,78.1062,80.4856,91.2040,98.7097,144.9851,137.9875
2022-07-13,70.5730,71.2752,67.7544,68.4566,12037000,PYPL,72.1499,73.2605,77.7784,80.0969,90.8165,98.1525,143.9628,137.3167
2022-07-14,68.7829,70.0686,67.9522,69.7422,9822500,PYPL,72.0060,72.8340,77.3437,79.6532,90.4640,97.5710,142.9548,136.6348
2022-07-15,73.0949,73.1839,69.4752,69.7521,14155300,PYPL,71.9111,72.8589,77.0114,79.3960,90.1698,97.0863,142.0238,136.0026
2022-07-18,73.3124,75.7156,72.7982,74.2895,14053100,PYPL,72.0545,72.9021,76.6437,79.1574,89.8826,96.6155,141.1097,135.3788
2022-07-19,76.8826,77.0409,73.5003,74.6278,11531800,PYPL,72.2938,73.2812,76.4916,79.0682,89.6554,96.2248,140.2074,134.7967
2022-07-20,79.3550,79.4243,76.0024,76.0321,13929300,PYPL,72.6829,73.8596,76.4631,79.0795,89.4103,95.8907,139.2955,134.2451
2022-07-21,81.8374,83.2021,78.8408,78.9100,17900400,PYPL,73.1666,74.6194,76.5268,79.1876,89.1315,95.6124,138.4437,133.7236
2022-07-22,80.1561,83.5779,79.4638,81.7385,12379700,PYPL,73.5246,75.1467,76.5723,79.2256,88.8261,95.3064,137.5581,133.1906
2022-07-25,80.7495,81.3725,78.1683,79.9583,11219000,PYPL,73.7209,75.6803,76.7004,79.2854,88.5803,95.0181,136.6561,132.6688
2022-07-26,76.1903,79.3353,75.8640,79.1474,13245400,PYPL,73.7753,75.7289,76.7548,79.1640,88.2878,94.6453,135.7339,132.1068
2022-07-27,85.4669,86.0603,80.4627,82.1835,30554900,PYPL,74.4972,76.6563,76.9050,79.4112,88.1403,94.4635,134.8752,131.6427
2022-07-28,84.9131,85.5460,82.4307,84.5966,12476500,PYPL,75.2088,77.4427,77.0674,79.6269,88.0013,94.2744,134.0386,131.1778
2022-07-29,85.5757,86.6537,83.8845,85.5658,12115700,PYPL,76.0341,78.2172,77.2015,79.8602,87.9313,94.1022,133.2014,130.7240
2022-08-01,87.5882,88.2261,84.3296,86.0899,11710200,PYPL,76.8829,79.1097,77.4266,80.1633,87.8686,93.9732,132.3716,130.2948
2022-08-02,88.6415,89.6700,85.9515,86.1493,19673900,PYPL,77.6360,80.0175,77.5918,80.4958,87.7639,93.8676,131.4973,129.8803
2022-08-03,96.8400,100.8226,96.1972,100.0245,53766800,PYPL,78.8564,81.6196,77.9356,81.1367,87.7577,93.9265,130.6545,129.5516
2022-08-04,95.9104,97.3246,93.4281,96.8203,20145900,PYPL,79.9413,82.9807,78.2481,81.7161,87.7617,93.9657,129.7973,129.2168
2022-08-05,94.2687,95.9203,93.3688,94.1896,12281500,PYPL,81.0237,84.0557,78.5778,82.2083,87.7464,93.9717,128.9252,128.8691
2022-08-08,95.1984,97.8488,94.2687,95.2874,19557500,PYPL,82.2990,85.1169,78.8970,82.7177,87.7049,93.9960,128.1236,128.5341
2022-08-09,93.4380,94.7236,92.5776,94.3973,12357200,PYPL,83.4387,85.9094,79.1751,83.1381,87.5720,93.9850,127.3882,128.1849
2022-08-10,97.8191,97.9081,95.2973,97.0082,17077200,PYPL,84.8011,87.0437,79.4461,83.7139,87.4409,94.0609,126.6885,127.8827
2022-08-11,98.0169,100.8256,97.4631,100.0048,16441200,PYPL,86.2628,88.0887,79.7211,84.2748,87.2465,94.1392,125.9578,127.5855
2022-08-12,99.9850,100.6575,98.9070,99.4391,12320900,PYPL,87.6073,89.2217,80.0894,84.8909,87.1125,94.2550,125.2561,127.3109
2022-08-15,100.3905,101.0926,99.3619,99.6092,10125600,PYPL,88.9612,90.2854,80.3502,85.4987,86.9507,94.3765,124.5963,127.0430
2022-08-16,100.9542,101.8937,99.0554,101.4388,14123800,PYPL,90.1647,91.3015,80.6578,86.1048,86.8264,94.5067,123.9300,126.7835
2022-08-17,98.3235,99.8861,97.9279,98.9466,10651100,PYPL,91.1132,91.9702,80.9072,86.5839,86.6619,94.5823,123.2715,126.5003
2022-08-18,98.7587,99.5202,96.0884,97.6629,11268500,PYPL,91.9592,92.6168,81.1301,87.0614,86.5244,94.6650,122.6217,126.2242
2022-08-19,95.4950,97.3444,94.8423,96.8104,11274700,PYPL,92.7262,92.8909,81.3091,87.3921,86.3305,94.6815,121.9645,125.9185
2022-08-22,92.5479,94.2440,92.1029,93.0127,12384400,PYPL,93.3161,92.8582,81.4965,87.5943,86.0575,94.6392,121.2880,125.5864
2022-08-23,92.1721,94.2390,91.3611,92.0040,11397500,PYPL,94.1152,92.7929,81.7714,87.7738,85.8074,94.5904,120.6204,125.2539
2022-08-24,92.7259,94.7138,91.9941,92.0930,8957700,PYPL,94.4781,92.7865,82.1678,87.9680,85.5910,94.5534,119.9676,124.9303
2022-08-25,95.6533,95.6928,92.9138,93.1017,8169100,PYPL,95.0152,93.0595,82.6476,88.2694,85.3937,94.5752,119.3114,124.6390
2022-08-26,91.6776,96.3802,91.6084,95.8263,12286500,PYPL,95.3202,92.9279,82.9813,88.4031,85.1053,94.5178,118.7540,124.3110
2022-08-29,91.6381,92.9336,89.9469,90.0211,11062900,PYPL,95.5227,92.8051,83.4052,88.5299,84.8581,94.4608,118.2003,123.9859
2022-08-30,90.7876,93.4775,89.7491,92.2512,8773000,PYPL,95.6300,92.6129,83.7790,88.6185,84.6535,94.3881,117.6552,123.6556
2022-08-31,92.4095,95.3170,92.2018,94.3825,14585800,PYPL,95.4085,92.5936,84.1958,88.7671,84.4597,94.3489,117.0872,123.3447
2022-09-01,91.6381,91.8359,88.8037,91.2346,10452100,PYPL,95.1949,92.5026,84.5852,88.8797,84.2762,94.2952,116.4944,123.0292
2022-09-02,90.1249,93.0325,89.6107,92.6765,8673500,PYPL,94.9877,92.2761,84.9278,88.9285,84.0915,94.2126,115.8786,122.7018
2022-09-06,90.6046,91.1901,88.8205,90.1546,9198900,PYPL,94.7580,92.1169,85.2034,88.9943,83.9270,94.1412,115.3117,122.3824
2022-09-07,93.9226,94.5011,90.7480,90.8667,9529700,PYPL,94.7822,92.2889,85.5798,89.1875,83.8261,94.1369,114.7898,122.0992
2022-09-08,95.1093,95.3141,92.3402,92.5677,10113300,PYPL,94.6468,92.5575,86.0615,89.4198,83.7654,94.1561,114.3080,121.8306
2022-09-09,95.1687,96.1972,94.6050,95.1390,12020100,PYPL,94.5043,92.8062,86.5512,89.6452,83.7223,94.1762,113.8469,121.5654
2022-09-12,96.5730,98.2048,95.7818,96.2071,11236300,PYPL,94.3338,93.1649,87.1013,89.9169,83.6629,94.2236,113.3999,121.3167
2022-09-13,93.9622,96.2862,92.7655,93.1512,15105400,PYPL,94.0123,93.2409,87.5682,90.0755,83.6640,94.2185,112.9365,121.0445
2022-09-14,96.5829,96.7659,94.4764,95.6928,15117200,PYPL,93.7938,93.5592,88.0283,90.3307,83.7457,94.2653,112.4909,120.8011
2022-09-15,95.3368,97.8884,93.9720,94.0511,15043100,PYPL,93.6444,93.7285,88.4864,90.5270,83.8482,94.2865,112.0417,120.5477
2022-09-16,92.9633,93.9028,90.8370,93.8534,17490500,PYPL,93.3547,93.6556,88.8614,90.6226,83.9097,94.2603,111.5922,120.2732
2022-09-19,93.9819,94.0957,91.6084,91.9743,10977500,PYPL,93.2790,93.6867,89.2887,90.7543,84.0218,94.2548,111.1754,120.0116
2022-09-20,90.6194,92.4787,89.3980,91.1139,15905800,PYPL,93.1826,93.3945,89.7072,90.7490,84.1110,94.1828,110.7031,119.7192
2022-09-21,90.1744,94.5852,90.1249,92.0435,14457900,PYPL,93.0827,93.0879,90.0978,90.7265,84.1020,94.1034,110.2445,119.4252
2022-09-22,86.6932,90.4909,86.1394,89.8530,12996900,PYPL,92.7811,92.4788,90.4202,90.5683,84.0993,93.9567,109.7638,119.0995
2022-09-23,86.0108,86.6635,84.7350,85.9614,12175900,PYPL,92.2989,91.8628,90.7648,90.3896,84.0542,93.7993,109.2493,118.7703
2022-09-26,83.3307,88.0976,83.2021,86.1048,16936400,PYPL,91.8816,91.0503,90.9695,90.1128,83.9904,93.5920,108.6901,118.4176
2022-09-27,84.8043,86.7278,83.6472,84.4087,11627600,PYPL,91.5399,90.4554,91.1994,89.9046,83.9215,93.4180,108.1659,118.0832
2022-09-28,90.1150,90.6392,84.6164,84.8834,14925900,PYPL,91.5063,90.4230,91.4640,89.9129,83.9778,93.3526,107.6844,117.8049
2022-09-29,87.7217,89.5612,86.7427,88.6810,10772500,PYPL,91.2719,90.1657,91.6313,89.8269,84.0472,93.2411,107.2014,117.5055
2022-09-30,85.1208,88.5327,85.0317,86.9800,10641900,PYPL,90.9460,89.6853,91.6970,89.6424,84.1119,93.0803,106.7033,117.1833
2022-10-03,86.2185,87.0888,84.5026,86.5646,10416300,PYPL,90.7507,89.3551,91.8183,89.5081,84.1953,92.9444,106.1916,116.8752
2022-10-04,91.7666,91.9743,88.5129,88.5624,11239500,PYPL,90.8088,89.5848,92.0386,89.5967,84.3695,92.9211,105.7171,116.6254
2022-10-05,92.7952,93.5666,89.9865,90.0161,9803500,PYPL,90.7524,89.8905,92.3707,89.7221,84.5628,92.9186,105.2603,116.3883
2022-10-06,93.3786,94.5160,92.1919,92.1919,8652300,PYPL,90.6659,90.2227,92.5289,89.8655,84.7169,92.9277,104.8239,116.1593
2022-10-07,89.1755,91.7963,88.6959,91.1633,9229600,PYPL,90.3662,90.1230,92.6142,89.8384,84.8408,92.8534,104.3345,115.8908
2022-10-10,83.5878,86.8811,83.3060,86.4163,20930500,PYPL,89.7170,89.5006,92.5744,89.5933,84.8879,92.6700,103.8046,115.5694
2022-10-11,82.1736,83.8845,78.9397,83.1626,16098600,PYPL,89.1276,88.8028,92.4661,89.3024,84.9464,92.4621,103.2660,115.2371
2022-10-12,82.8857,84.2307,81.4121,82.6187,11069300,PYPL,88.4427,88.2392,92.3510,89.0507,84.9714,92.2725,102.7310,114.9152
2022-10-13,83.1131,83.8499,78.4749,78.4768,15397900,PYPL,87.8315,87.7510,92.0765,88.8179,85.0060,92.0911,102.2065,114.5987
2022-10-14,79.5825,84.5768,79.4045,83.3307,11757000,PYPL,87.1625,86.9731,91.7499,88.4557,84.9990,91.8434,101.6650,114.2503
2022-10-17,83.7263,83.8944,81.7187,81.7929,19583300,PYPL,86.6497,86.6639,91.5391,88.2702,85.0584,91.6827,101.1349,113.9466
2022-10-18,84.3493,86.7822,83.6818,86.4539,9921600,PYPL,86.3362,86.4434,91.3221,88.1165,85.1096,91.5375,100.6241,113.6521
2022-10-19,83.5384,84.8142,82.3882,83.4296,8590100,PYPL,86.0044,86.1668,91.1241,87.9369,85.1496,91.3791,100.0778,113.3525
2022-10-20,83.8450,86.6339,83.0736,83.7461,10581900,PYPL,85.8620,85.9456,90.8446,87.7765,85.1454,91.2299,99.5519,113.0589
2022-10-21,83.0142,84.1911,81.4418,82.7017,14423800,PYPL,85.7121,85.6665,90.5446,87.5897,85.1328,91.0672,99.0415,112.7599
2022-10-24,82.4011,83.6670,79.9682,83.6175,13299000,PYPL,85.6657,85.3555,90.1929,87.3862,85.1411,90.8956,98.5028,112.4578
2022-10-25,88.2558,88.6909,85.0120,85.2196,18001400,PYPL,85.8382,85.6317,89.9502,87.4203,85.1502,90.8433,98.0164,112.2170
2022-10-26,87.5734,90.3326,86.9503,87.1283,12101100,PYPL,85.7112,85.8166,89.6826,87.4263,85.1702,90.7786,97.5496,111.9718
2022-10-27,86.3866,88.7206,86.1394,87.5734,10785800,PYPL,85.6444,85.8709,89.4438,87.3856,85.1755,90.6916,97.0345,111.7172
2022-10-28,85.2988,86.4549,83.2615,85.1405,16005700,PYPL,85.6533,85.8164,89.1746,87.3037,85.1524,90.5848,96.5353,111.4544
2022-10-31,82.6582,85.2988,81.5604,84.5669,17709500,PYPL,85.4753,85.5156,88.9179,87.1216,85.1135,90.4278,96.0535,111.1678
2022-11-01,82.1934,85.1900,82.1390,84.0625,10269700,PYPL,84.9966,85.1992,88.7108,86.9283,85.1036,90.2648,95.5822,110.8795
2022-11-02,78.5738,83.2912,78.5144,82.1934,13037400,PYPL,84.2856,84.5682,88.4388,86.6007,85.1051,90.0333,95.1124,110.5581
2022-11-03,75.7057,77.8518,74.4596,77.2881,26962900,PYPL,83.4019,83.7242,88.0984,86.1734,85.1331,89.7496,94.6328,110.2113
2022-11-04,74.3508,74.4794,70.3831,74.1728,41464900,PYPL,82.6607,82.8315,87.6724,85.7098,85.1600,89.4446,94.1477,109.8545
2022-11-07,76.8035,77.3178,75.2805,75.6860,18061500,PYPL,82.3215,82.2574,87.3749,85.3605,85.1781,89.1943,93.7230,109.5256
2022-11-08,80.2352,82.3121,77.1892,77.2881,19481300,PYPL,82.2245,82.0648,87.1468,85.1595,85.2760,89.0169,93.3223,109.2341
2022-11-09,77.8123,79.3649,77.2288,79.1375,14327600,PYPL,81.9709,81.6598,86.8873,84.8714,85.3332,88.7950,92.9291,108.9215
2022-11-10,85.8427,85.9416,82.1934,83.1824,20122100,PYPL,82.1073,82.0582,86.7560,84.9095,85.4759,88.7366,92.5820,108.6919
2022-11-11,90.0260,90.9853,85.5064,85.5658,19916700,PYPL,82.6295,82.8170,86.7238,85.1101,85.6545,88.7621,92.2503,108.5061
2022-11-14,88.5228,90.3623,87.9393,89.1656,10944100,PYPL,82.8694,83.3604,86.6917,85.2440,85.8098,88.7574,91.8844,108.3073
2022-11-15,88.8689,91.5985,88.2953,91.4699,14515700,PYPL,83.0953,83.8850,86.6570,85.3861,85.9302,88.7596,91.4785,108.1139
2022-11-16,86.0800,88.7206,84.5373,88.6316,17049800,PYPL,83.2224,84.0941,86.5002,85.4133,86.0400,88.7065,91.0396,107.8946
2022-11-17,84.6955,86.3767,82.5890,83.6818,11250100,PYPL,83.2649,84.1514,86.2919,85.3852,86.1767,88.6271,90.8075,107.6638
2022-11-18,83.9834,86.3174,83.4988,85.9020,9371700,PYPL,83.3134,84.1354,86.0682,85.3302,86.3097,88.5351,90.6128,107.4282
2022-11-21,79.7407,83.8598,79.6814,83.3307,13839700,PYPL,83.1804,83.7168,85.7315,85.1110,86.4164,88.3610,90.3881,107.1527
2022-11-22,79.0287,79.2759,75.2113,79.2561,17402600,PYPL,82.7190,83.2703,85.4329,84.8725,86.5006,88.1762,90.1828,106.8728
2022-11-23,79.8594,80.0968,77.8666,78.6430,8851700,PYPL,82.3333,82.9455,85.0984,84.6759,86.5634,88.0115,89.9875,106.6040
2022-11-25,79.1968,79.8594,78.5401,79.7111,4634500,PYPL,81.9738,82.5885,84.7756,84.4610,86.6310,87.8369,89.7755,106.3313
2022-11-28,79.0485,82.0055,78.7617,79.0485,11282600,PYPL,81.6613,82.2513,84.4973,84.2488,86.6794,87.6629,89.5822,106.0599
2022-11-29,76.7837,79.8594,76.4079,78.3562,15491100,PYPL,81.3676,81.7306,84.1533,83.9560,86.7210,87.4475,89.3961,105.7686
2022-11-30,77.5452,78.2375,74.4893,76.8431,25747300,PYPL,81.1352,81.3320,83.8918,83.7046,86.7995,87.2514,89.2195,105.4877
2022-12-01,77.6639,79.8555,77.2782,78.2375,15189000,PYPL,81.0897,80.9827,83.6416,83.4677,86.8697,87.0616,89.0369,105.2109
2022-12-02,73.8366,76.2101,73.6981,75.9728,24238400,PYPL,80.9962,80.3021,83.3845,83.0900,86.9024,86.7997,88.8594,104.8987
2022-12-05,72.8081,74.6574,72.0218,73.1938,18317200,PYPL,80.9191,79.5884,83.1205,82.6868,86.9426,86.5226,88.7033,104.5794
2022-12-06,71.4334,73.0256,70.5631,72.5707,14692600,PYPL,80.6506,78.8117,82.8825,82.2455,86.9260,86.2238,88.5479,104.2496
2022-12-07,73.5992,74.5091,70.2268,70.8894,24695600,PYPL,80.3188,78.3153,82.6584,81.9064,86.9289,85.9738,88.4058,103.9446
2022-12-08,73.4014,75.0234,72.9762,74.2618,13151100,PYPL,80.0983,77.8473,82.3241,81.5729,86.8941,85.7249,88.2747,103.6407
2022-12-09,72.7586,73.7673,72.5311,73.1344,11781600,PYPL,79.4440,77.3627,82.0249,81.2273,86.8281,85.4681,88.1192,103.3334
2022-12-12,72.9861,73.2481,71.9971,72.3284,13652800,PYPL,78.5921,76.9458,81.7822,80.9041,86.7396,85.2209,87.9356,103.0314
2022-12-13,72.8872,76.9518,72.2938,76.1903,20069600,PYPL,77.8103,76.5593,81.5155,80.5897,86.6669,84.9767,87.7465,102.7315
2022-12-14,71.8290,73.5152,70.8004,72.8872,18298800,PYPL,76.9583,76.1088,81.1168,80.2461,86.5777,84.7164,87.5790,102.4240
2022-12-15,69.0005,70.8697,68.6742,70.5038,17639900,PYPL,76.1043,75.4318,80.6409,79.8051,86.5058,84.4051,87.3968,102.0914
2022-12-16,68.4961,70.0785,67.6951,68.6346,25735200,PYPL,75.2943,74.7713,80.1433,79.3616,86.3361,84.0901,87.2382,101.7571
2022-12-19,68.1896,68.8324,67.0028,68.2983,15330000,PYPL,74.5046,74.1444,79.7235,78.9235,86.1689,83.7753,87.0851,101.4231
2022-12-20,68.0017,69.3565,67.3786,67.6308,9470900,PYPL,73.9177,73.5594,79.4118,78.4952,85.9931,83.4629,86.9622,101.0906
2022-12-21,68.4467,69.4159,67.3193,68.0511,13861600,PYPL,73.3886,73.0725,79.1373,78.1011,85.8017,83.1656,86.8352,100.7658
2022-12-22,67.8138,68.0590,65.6529,67.7841,16488200,PYPL,72.7863,72.5717,78.8358,77.6977,85.5934,82.8616,86.6787,100.4379
2022-12-23,68.2687,68.4863,66.9632,67.2995,9990400,PYPL,72.2399,72.1618,78.5389,77.3280,85.3077,82.5726,86.5327,100.1178
2022-12-27,67.5764,68.4764,66.9336,68.1994,10323800,PYPL,71.6663,71.7251,78.2988,76.9455,85.0244,82.2756,86.3931,99.7940
2022-12-28,66.8050,68.7038,66.5498,67.3687,8897600,PYPL,71.1674,71.2566,77.9604,76.5479,84.7497,81.9693,86.2481,99.4658
2022-12-29,69.7818,69.9598,67.4676,67.6357,13143000,PYPL,70.7792,71.1161,77.6690,76.2825,84.4956,81.7280,86.1002,99.1704
2022-12-30,70.4345,70.4741,68.2983,68.7137,10175700,PYPL,70.4177,71.0512,77.4070,76.0532,84.2655,81.5043,85.9187,98.8845
2023-01-03,73.7575,74.4300,72.5707,72.8773,27974200,PYPL,70.4138,71.3089,77.2052,75.9632,84.0249,81.3509,85.7329,98.6344
2023-01-04,76.8332,77.6145,74.5981,75.2706,19144700,PYPL,70.6150,71.8350,77.0816,75.9973,83.8131,81.2615,85.5298,98.4175
2023-01-05,75.4288,76.4672,74.8157,76.4475,11113800,PYPL,70.8148,72.1773,76.9422,75.9750,83.5675,81.1460,85.3400,98.1888
2023-01-06,75.6365,76.2101,73.1344,75.9233,14167900,PYPL,70.9166,72.5068,76.6898,75.9617,83.3200,81.0369,85.1353,97.9644
2023-01-09,76.2299,77.8963,75.6860,76.1508,12966100,PYPL,71.0581,72.8613,76.4629,75.9722,83.0727,80.9417,84.9496,97.7481
2023-01-10,77.0606,77.1595,75.6563,76.0519,10436000,PYPL,71.2732,73.2613,76.2764,76.0149,82.8601,80.8648,84.7610,97.5423
2023-01-11,77.6738,78.3166,76.9617,77.8024,10640400,PYPL,71.5076,73.6815,76.1239,76.0800,82.6493,80.8016,84.5868,97.3446
2023-01-12,78.9001,79.4144,76.2497,78.1386,9381900,PYPL,71.8082,74.1785,76.0487,76.1906,82.4833,80.7640,84.4069,97.1610
2023-01-13,78.6034,78.9288,77.1694,77.6590,8624700,PYPL,72.1469,74.5999,75.9769,76.2852,82.3439,80.7212,84.2007,96.9764
2023-01-17,79.2957,79.7754,78.0100,79.2561,11261800,PYPL,72.6617,75.0472,75.9914,76.4033,82.2151,80.6930,84.0113,96.8005
2023-01-18,76.4574,79.8594,76.2704,78.9199,13601900,PYPL,73.0597,75.1815,76.0064,76.4054,82.0524,80.6091,83.8217,96.5980
2023-01-19,75.9035,76.5662,75.1223,75.4199,10023400,PYPL,73.4454,75.2502,76.0374,76.3857,81.8549,80.5159,83.6243,96.3921
2023-01-20,78.2177,78.2276,75.0629,76.1627,12193200,PYPL,73.9563,75.5329,76.0657,76.4575,81.7203,80.4704,83.4128,96.2113
2023-01-23,78.6232,78.8408,75.8145,76.9716,17407300,PYPL,74.4651,75.8272,76.0335,76.5425,81.5902,80.4338,83.2241,96.0363
2023-01-24,78.7023,79.5034,77.2485,78.5045,9491300,PYPL,75.0095,76.1010,76.0513,76.6272,81.4693,80.3995,83.0614,95.8638
2023-01-25,78.2276,78.6726,76.4475,77.6936,9463400,PYPL,75.5075,76.3035,75.8990,76.6899,81.3275,80.3565,82.8936,95.6883
2023-01-26,79.9188,80.0078,77.6896,79.1968,10566000,PYPL,76.1246,76.6478,75.6968,76.8165,81.2103,80.3479,82.7433,95.5314
2023-01-27,80.9275,81.6247,79.4342,79.6715,10889100,PYPL,76.8307,77.0554,75.5449,76.9778,81.1183,80.3593,82.6049,95.3861
2023-01-30,78.7617,80.4627,78.6578,79.9781,10301000,PYPL,77.2797,77.2179,75.3428,77.0477,80.9999,80.3277,82.4634,95.2207
2023-01-31,80.5912,81.5604,78.7320,78.8210,15730300,PYPL,77.7875,77.5392,75.2330,77.1867,80.8666,80.3329,82.3463,95.0751
2023-02-01,81.9956,82.6780,78.7023,80.4429,13221600,PYPL,78.1994,77.9636,75.1790,77.3753,80.7354,80.3658,82.2504,94.9450
2023-02-02,86.0009,87.6476,83.7164,85.7636,16906600,PYPL,78.6578,78.7291,75.2194,77.7135,80.6438,80.4774,82.1831,94.8560
2023-02-03,84.5768,86.8712,84.2603,84.4482,14786900,PYPL,79.1152,79.2860,75.3161,77.9827,80.5238,80.5586,82.0934,94.7537
2023-02-06,81.4220,82.8758,81.2291,82.4110,14175900,PYPL,79.4045,79.4894,75.3640,78.1176,80.3984,80.5757,82.0312,94.6210
2023-02-07,82.3121,82.7472,79.9316,81.1550,13520800,PYPL,79.7086,79.7582,75.4130,78.2820,80.2557,80.6101,82.0007,94.4986
2023-02-08,78.8408,81.6989,78.7419,81.4418,13569300,PYPL,79.7976,79.6709,75.4059,78.3040,80.0907,80.5751,81.9695,94.3428
2023-02-09,77.5551,80.8978,77.2337,80.8286,25473900,PYPL,79.7917,79.4694,75.3760,78.2746,79.9367,80.5153,81.9232,94.1757
2023-02-10,79.9089,81.9363,77.7331,78.4946,37521000,PYPL,79.8421,79.5112,75.4385,78.3387,79.7959,80.5032,81.9089,94.0338
2023-02-13,78.5738,79.8199,77.5749,79.7605,15898500,PYPL,79.8406,79.4219,75.4591,78.3479,79.6755,80.4650,81.8932,93.8799
2023-02-14,76.4079,78.4976,75.4585,78.1287,18802000,PYPL,79.6962,79.1349,75.4340,78.2718,79.5378,80.3847,81.8199,93.7061
2023-02-15,77.0507,77.9210,75.2113,75.6860,14494600,PYPL,79.7259,78.9364,75.4983,78.2239,79.4414,80.3187,81.7704,93.5404
2023-02-16,75.8838,77.8518,75.6959,76.0222,11461800,PYPL,79.7249,78.6457,75.5598,78.1322,79.3401,80.2309,81.6972,93.3647
2023-02-17,73.8366,75.4882,72.7784,75.3596,15855700,PYPL,79.5059,78.1877,75.6078,77.9637,79.2452,80.1042,81.6178,93.1704
2023-02-21,74.4102,74.7365,72.8694,72.8971,14537400,PYPL,79.2952,77.8279,75.6241,77.8244,79.1412,79.9915,81.5314,92.9837
2023-02-22,74.6475,75.4387,74.0591,74.5289,9526700,PYPL,79.0925,77.5250,75.6490,77.6998,78.9866,79.8857,81.4822,92.8012
2023-02-23,74.3607,75.4387,72.8140,75.0530,9292000,PYPL,78.8991,77.2237,75.6810,77.5688,78.8529,79.7763,81.4501,92.6178
2023-02-24,72.7388,73.2135,72.1751,72.6894,12317700,PYPL,78.5401,76.7965,75.6761,77.3794,78.7291,79.6369,81.4205,92.4200
2023-02-27,72.9564,73.7426,72.6498,73.5003,8579300,PYPL,78.1416,76.4308,75.6775,77.2060,78.5965,79.5046,81.3959,92.2263
2023-02-28,72.7883,73.5201,72.3235,72.7190,8607400,PYPL,77.8429,76.0839,75.6966,77.0327,78.4067,79.3716,81.3881,92.0329
2023-03-01,73.0059,73.4014,72.4421,72.8179,7699600,PYPL,77.4636,75.7907,75.7767,76.8748,78.2088,79.2456,81.3858,91.8435
2023-03-02,73.2828,73.5498,71.7993,71.8230,7729100,PYPL,77.0280,75.5519,75.8725,76.7339,78.0079,79.1275,81.3624,91.6589
2023-03-03,75.4486,75.4783,73.2729,73.3421,10040000,PYPL,76.5004,75.5421,76.0177,76.6835,77.8706,79.0546,81.3557,91.4976
2023-03-06,75.9332,76.9024,75.5178,76.0914,9608600,PYPL,76.0682,75.5793,76.1763,76.6541,77.7941,78.9928,81.3410,91.3427
2023-03-07,74.0838,76.5266,73.9651,75.6958,9680400,PYPL,75.7013,75.4369,76.2890,76.5533,77.7132,78.8956,81.3298,91.1710
2023-03-08,75.0036,75.3596,73.5300,74.3311,9467900,PYPL,75.3359,75.3956,76.4328,76.4925,77.6343,78.8186,81.3029,91.0101
2023-03-09,75.0926,78.3908,74.8898,76.1112,17398200,PYPL,75.1485,75.3668,76.5693,76.4376,77.5541,78.7448,81.2801,90.8517
2023-03-10,72.6201,75.1025,72.2938,75.1025,13123800,PYPL,74.9017,75.1052,76.6702,76.2879,77.4845,78.6235,81.2418,90.6703
2023-03-13,71.8092,73.1542,70.3020,71.8211,14049000,PYPL,74.4967,74.7913,76.7703,76.1123,77.3653,78.4886,81.2119,90.4826
2023-03-14,72.4322,73.8465,71.8735,73.2580,12491500,PYPL,74.1896,74.5666,76.8233,75.9680,77.2462,78.3686,81.1779,90.3030
2023-03-15,73.0949,73.1245,70.9785,71.3147,10548700,PYPL,74.0240,74.4264,76.8765,75.8553,77.1417,78.2642,81.1457,90.1318
2023-03-16,73.5300,73.6833,71.7202,72.6251,11641700,PYPL,73.8480,74.3411,76.8719,75.7641,77.0386,78.1705,81.0920,89.9666
2023-03-17,72.1850,74.2371,71.6786,73.1344,27210400,PYPL,73.6630,74.1357,76.7790,75.6238,76.9303,78.0519,81.0315,89.7897
2023-03-20,72.4026,73.3223,71.2257,72.1949,16888500,PYPL,73.5913,73.9707,76.7184,75.4974,76.8303,77.9401,80.9857,89.6167
2023-03-21,75.8739,75.9925,73.2531,73.3223,12327600,PYPL,73.6645,74.1519,76.7232,75.5122,76.7065,77.8991,80.9283,89.4799
2023-03-22,73.5201,76.2645,73.4212,76.0123,11641300,PYPL,73.6081,74.0917,76.6690,75.4341,76.5659,77.8124,80.8681,89.3211
2023-03-23,71.7598,73.6882,70.9191,72.1454,18567600,PYPL,73.4781,73.8696,76.5630,75.2900,76.4197,77.6926,80.7976,89.1464
2023-03-24,73.0652,73.0850,70.7411,71.1268,9176200,PYPL,73.4944,73.7930,76.4708,75.2027,76.2973,77.6009,80.7249,88.9864
2023-03-27,72.4916,74.3410,72.3729,73.9899,11908900,PYPL,73.4712,73.6691,76.3426,75.0964,76.1957,77.4998,80.6546,88.8222
2023-03-28,71.8982,72.7784,71.0675,72.2938,9252400,PYPL,73.4267,73.5004,76.2085,74.9710,76.0927,77.3888,80.5982,88.6538
2023-03-29,73.3619,73.4806,72.1949,72.4026,8746700,PYPL,73.4445,73.4872,76.0899,74.9079,76.0406,77.3091,80.5729,88.5017
2023-03-30,73.5696,74.3509,73.0850,74.1036,8429800,PYPL,73.4588,73.4951,76.0321,74.8554,76.0192,77.2351,80.5762,88.3531
2023-03-31,75.1025,75.1915,73.3026,73.6882,8378600,PYPL,73.4415,73.6482,76.0161,74.8651,76.0268,77.1928,80.5934,88.2213
2023-04-03,74.4596,75.0827,73.8811,74.7909,8911700,PYPL,73.3678,73.7254,75.9409,74.8492,76.0033,77.1387,80.5907,88.0843
2023-04-04,74.4300,74.8552,73.9058,74.6278,8949100,PYPL,73.3851,73.7925,75.8571,74.8328,75.9453,77.0851,80.6106,87.9485
2023-04-05,72.7982,74.2816,72.3086,74.2816,10812700,PYPL,73.2748,73.6978,75.7390,74.7530,75.8951,77.0002,80.6142,87.7977
2023-04-06,74.1333,74.1728,71.4828,72.4619,10524500,PYPL,73.2269,73.7393,75.6571,74.7287,75.7780,76.9434,80.6270,87.6618
2023-04-10,73.6981,74.0294,72.6498,73.6388,7591800,PYPL,73.2808,73.7354,75.5327,74.6883,75.6148,76.8791,80.6346,87.5228
2023-04-11,72.7685,75.5970,72.4026,75.1915,14190900,PYPL,73.3287,73.6433,75.3695,74.6130,75.4572,76.7977,80.6335,87.3760
2023-04-12,72.6894,74.8651,72.5410,73.1245,10422300,PYPL,73.3416,73.5525,75.2480,74.5375,75.2954,76.7164,80.6128,87.2299
2023-04-13,74.6871,74.7267,72.7487,72.8971,8724100,PYPL,73.4212,73.6605,75.1300,74.5434,75.1815,76.6762,80.6107,87.1051
2023-04-14,75.6860,75.8887,74.3212,74.3706,8902700,PYPL,73.5290,73.8534,75.0038,74.5882,75.0914,76.6566,80.6340,86.9914
2023-04-17,76.4771,77.0903,75.7057,75.9876,9717600,PYPL,73.7436,74.1033,74.8133,74.6623,75.0163,76.6530,80.6630,86.8868
2023-04-18,75.5772,77.0804,75.3695,76.8530,7558900,PYPL,73.9023,74.2437,74.6333,74.6982,74.9747,76.6317,80.6955,86.7743
2023-04-19,74.4893,75.1025,73.2828,74.4695,8888300,PYPL,73.8331,74.2671,74.4946,74.6900,74.9293,76.5893,80.7149,86.6520
2023-04-20,72.7685,74.1432,72.6597,73.5794,8847600,PYPL,73.7955,74.1243,74.3038,74.6146,74.8584,76.5137,80.7109,86.5139
2023-04-21,73.3619,73.4212,72.1158,72.5905,8591100,PYPL,73.8756,74.0517,74.1942,74.5655,74.8000,76.4512,80.7155,86.3830
2023-04-24,73.4707,74.0472,72.5707,73.5893,7458400,PYPL,73.8959,73.9964,74.1125,74.5226,74.7443,76.3922,80.7118,86.2546
2023-04-25,70.9883,73.4707,70.9686,73.0850,10255800,PYPL,73.8208,73.7099,73.9341,74.3840,74.6863,76.2852,80.7037,86.1027
2023-04-26,71.2653,71.9625,70.2466,70.4246,9068800,PYPL,73.7891,73.4771,73.7879,74.2617,74.6235,76.1858,80.7115,85.9550
2023-04-27,73.4509,73.5498,72.1553,72.1949,11420100,PYPL,73.7936,73.4746,73.7288,74.2299,74.5814,76.1317,80.7256,85.8306
2023-04-28,75.1618,75.2113,73.1047,73.4212,10718900,PYPL,73.8732,73.6353,73.6910,74.2664,74.5946,76.1124,80.7485,85.7244
2023-05-01,74.2816,75.6563,74.1432,75.1915,6857900,PYPL,73.8321,73.6968,73.6590,74.2670,74.6094,76.0762,80.7760,85.6106
2023-05-02,71.4828,74.2322,71.1367,73.9948,12767000,PYPL,73.6833,73.4860,73.6119,74.1578,74.6099,75.9852,80.7679,85.4700
2023-05-03,70.6422,72.1850,70.5631,71.6114,11865700,PYPL,73.4939,73.2151,73.5365,74.0200,74.5803,75.8794,80.7546,85.3225
2023-05-04,71.0180,72.2443,70.9636,70.9785,10230500,PYPL,73.4049,73.0059,73.4639,73.9022,74.5565,75.7832,80.7253,85.1801
2023-05-05,74.1432,74.2520,72.1356,72.1553,11954200,PYPL,73.4054,73.1142,73.4596,73.9117,74.5703,75.7507,80.6992,85.0703
2023-05-08,74.6871,75.5376,74.0888,74.8750,22864000,PYPL,73.4548,73.2640,73.4986,73.9421,74.5873,75.7296,80.6635,84.9670
2023-05-09,65.1781,68.9115,65.1238,68.7632,68702600,PYPL,73.0753,72.4939,73.3430,73.5984,74.5102,75.5207,80.5886,84.7701
2023-05-10,62.6810,65.8556,62.0876,65.7666,46309100,PYPL,72.5749,71.5594,73.1408,73.1703,74.4187,75.2664,80.4982,84.5503
2023-05-11,63.4722,63.6650,61.9491,62.7502,27903300,PYPL,72.0142,70.7891,72.9502,72.7900,74.3635,75.0329,80.4346,84.3406
2023-05-12,61.0096,63.4722,60.6338,63.3930,28711100,PYPL,71.2803,69.8578,72.7047,72.3280,74.2886,74.7552,80.3123,84.1084
2023-05-15,61.5634,62.0372,60.9008,61.0690,20633500,PYPL,70.5347,69.0678,72.4270,71.9058,74.2223,74.4940,80.1956,83.8841
2023-05-16,60.1294,61.2915,60.0800,61.1184,17517500,PYPL,69.7623,68.2166,72.1109,71.4440,74.1436,74.2095,80.0684,83.6477
2023-05-17,60.7822,61.0393,59.7339,60.4756,19938700,PYPL,69.0769,67.5085,71.8449,71.0259,74.0670,73.9436,79.9343,83.4202
2023-05-18,60.5943,60.9750,59.7932,60.7822,19820500,PYPL,68.4682,66.8500,71.5567,70.6168,73.9948,73.6793,79.7941,83.1931
2023-05-19,60.2481,61.2668,60.0385,61.2173,19398000,PYPL,67.8125,66.2213,71.2598,70.2102,73.9146,73.4133,79.6111,82.9648
2023-05-22,62.3348,62.4535,59.9811,60.2778,20220600,PYPL,67.2557,65.8511,71.0541,69.9014,73.8621,73.1940,79.4433,82.7595
2023-05-23,61.3162,62.6019,61.1580,62.3348,16815500,PYPL,66.7721,65.4192,70.8443,69.5647,73.8073,72.9588,79.2785,82.5461
2023-05-24,61.1184,61.5288,60.5547,60.9701,14790300,PYPL,66.2648,65.0096,70.6180,69.2335,73.7206,72.7243,79.1081,82.3329
2023-05-25,58.7152,61.0591,58.6608,61.0591,24461300,PYPL,65.5280,64.4102,70.3304,68.8210,73.6034,72.4469,78.9345,82.0979
2023-05-26,59.5558,59.9386,58.2998,58.8438,20632500,PYPL,64.7477,63.9478,70.0509,68.4577,73.4614,72.1916,78.7432,81.8736
2023-05-30,61.3657,61.5041,58.8932,60.3668,21356700,PYPL,64.1019,63.7019,69.8345,68.1795,73.3067,71.9772,78.5599,81.6696
2023-05-31,61.3063,62.5178,60.4954,61.1580,27790800,PYPL,63.5931,63.4738,69.6126,67.9100,73.1655,71.7659,78.3665,81.4669
2023-06-01,62.3546,62.9085,61.1481,61.7217,16686200,PYPL,63.1787,63.3672,69.3422,67.6921,73.0327,71.5796,78.1763,81.2768
2023-06-02,63.2546,63.6848,62.8610,63.0370,16438700,PYPL,62.7905,63.3565,69.1369,67.5181,72.9029,71.4147,77.9878,81.0974
2023-06-05,63.7985,64.2633,62.8046,63.3634,13498300,PYPL,62.2733,63.3986,68.9777,67.3723,72.7703,71.2639,77.8152,80.9253
2023-06-06,64.3029,64.4562,63.5216,63.7194,13039200,PYPL,61.7541,63.4847,68.8024,67.2519,72.6366,71.1261,77.6429,80.7599
2023-06-07,63.3337,64.5996,62.8491,64.5304,15511900,PYPL,61.6619,63.4703,68.6193,67.0982,72.4810,70.9718,77.4821,80.5865
2023-06-08,63.5315,63.9815,63.2793,63.4919,13568500,PYPL,61.7044,63.4761,68.4519,66.9584,72.3302,70.8244,77.3370,80.4168
2023-06-09,62.7898,63.3535,61.7415,63.2941,17151700,PYPL,61.6703,63.4108,68.2405,66.7949,72.1652,70.6653,77.1901,80.2414
2023-06-12,63.0271,63.5513,62.4239,62.8986,15945400,PYPL,61.7711,63.3742,68.0296,66.6471,72.0309,70.5141,77.0416,80.0701
2023-06-13,62.8590,63.5315,62.4337,62.8491,19963400,PYPL,61.8359,63.3252,67.7848,66.4986,71.9004,70.3625,76.8777,79.8989
2023-06-14,62.8986,64.3820,62.3299,63.4326,24028100,PYPL,61.9744,63.2845,67.5536,66.3574,71.7472,70.2147,76.7338,79.7297
2023-06-15,65.1237,65.4798,61.9393,62.4239,21527700,PYPL,62.1914,63.4597,67.3674,66.3090,71.6122,70.1139,76.6012,79.5844
2023-06-16,65.6973,66.4094,64.5007,65.2226,29703700,PYPL,62.4466,63.6728,67.2254,66.2850,71.4822,70.0264,76.4758,79.4462
2023-06-20,68.1302,68.4368,66.0435,66.3896,31379200,PYPL,62.8407,64.0973,67.1053,66.3574,71.3812,69.9889,76.3544,79.3336
2023-06-21,67.4379,68.2588,66.4786,68.1846,23910600,PYPL,63.0959,64.4155,66.9801,66.3998,71.2564,69.9384,76.2334,79.2153
2023-06-22,67.8138,67.8879,66.3204,66.7753,16872500,PYPL,63.4207,64.7391,66.8811,66.4552,71.1253,69.8963,76.1218,79.1018
2023-06-23,66.2017,67.4083,65.1237,66.6715,27683800,PYPL,63.6749,64.8784,66.7513,66.4453,70.9997,69.8231,75.9998,78.9735
2023-06-26,65.7072,66.8347,65.6776,66.1325,12224400,PYPL,64.0245,64.9574,66.5717,66.4163,70.8508,69.7416,75.8587,78.8414
2023-06-27,65.4996,66.3600,65.0545,66.1325,16371200,PYPL,64.3217,65.0090,66.3680,66.3804,70.6859,69.6576,75.7107,78.7087
2023-06-28,65.3018,65.7468,64.8963,65.3215,15390600,PYPL,64.5185,65.0369,66.1445,66.3381,70.4789,69.5714,75.5613,78.5753
2023-06-29,65.1336,66.5973,64.8963,65.5688,14894200,PYPL,64.7099,65.0461,65.9356,66.2909,70.2844,69.4835,75.4041,78.4415
2023-06-30,65.9940,66.2363,65.0248,65.3611,16907100,PYPL,64.8918,65.1364,65.7657,66.2792,70.1302,69.4144,75.2643,78.3177
2023-07-03,67.3489,67.8731,66.1028,66.3798,8617900,PYPL,65.0966,65.3471,65.6573,66.3212,69.9805,69.3735,75.1181,78.2085
2023-07-05,68.0907,68.1401,66.2611,67.2896,13980600,PYPL,65.3112,65.6084,65.5519,66.3906,69.8730,69.3481,74.9819,78.1079
2023-07-06,65.4105,67.1017,64.9062,66.9632,17447500,PYPL,65.3665,65.5895,65.3907,66.3521,69.7516,69.2701,74.8441,77.9815
2023-07-07,66.0534,66.9138,65.2523,65.4600,12341800,PYPL,65.5025,65.6337,65.2920,66.3404,69.6130,69.2064,74.7045,77.8628
2023-07-10,68.5159,68.5950,65.9545,66.0633,14872000,PYPL,65.7517,65.9082,65.2370,66.4257,69.5125,69.1928,74.5940,77.7698
2023-07-11,69.8411,69.9499,68.6445,68.8719,14799000,PYPL,66.1043,66.2828,65.1648,66.5597,69.4468,69.2056,74.4923,77.6909
2023-07-12,69.8115,71.0774,69.5049,70.9290,14458500,PYPL,66.4435,66.6188,65.0578,66.6872,69.3744,69.2176,74.4079,77.6125
2023-07-13,71.5916,71.9328,70.2169,70.5829,14536300,PYPL,66.8802,67.0924,65.0040,66.8795,69.3315,69.2646,74.3358,77.5526
2023-07-14,71.3048,72.1751,71.1268,71.8586,12202200,PYPL,67.3005,67.4936,65.0004,67.0531,69.3062,69.3050,74.2757,77.4905
2023-07-17,72.6795,72.9663,71.1664,71.7202,13168800,PYPL,67.6783,67.9875,65.0412,67.2737,69.2888,69.3718,74.2150,77.4426
2023-07-18,73.5498,73.5893,72.4520,72.6696,11903000,PYPL,68.0709,68.5173,65.0918,67.5198,69.2779,69.4546,74.1322,77.4039
2023-07-19,73.4014,74.2124,73.0850,73.6487,12167200,PYPL,68.3344,68.9824,65.0770,67.7505,69.2683,69.5327,74.0606,77.3640
2023-07-20,72.2147,73.8564,71.9971,72.0169,14221100,PYPL,68.5733,69.2902,65.0275,67.9255,69.2630,69.5858,73.9961,77.3128
2023-07-21,72.1850,72.8081,71.0378,71.9279,25515000,PYPL,68.7918,69.5659,65.1677,68.0926,69.2553,69.6373,73.9259,77.2618
2023-07-24,72.8773,73.1542,72.2097,72.2344,8845400,PYPL,69.1256,69.8813,65.3716,68.2802,69.2562,69.7014,73.8315,77.2181
2023-07-25,72.1553,73.4806,72.1356,72.8674,8536000,PYPL,69.4480,70.0979,65.5452,68.4322,69.2477,69.7500,73.7283,77.1678
2023-07-26,72.6201,72.9465,71.6114,72.0861,11332500,PYPL,69.8041,70.3381,65.7775,68.5964,69.2411,69.8069,73.6245,77.1225
2023-07-27,71.2356,74.2272,71.0180,73.5102,11836600,PYPL,70.1007,70.4236,65.9709,68.6999,69.1990,69.8352,73.5348,77.0639
2023-07-28,73.1641,73.3718,72.1553,72.2344,10182300,PYPL,70.5023,70.6846,66.2316,68.8750,69.1713,69.9011,73.4827,77.0251
2023-07-31,74.9838,75.6958,73.9157,74.0739,15661100,PYPL,70.9518,71.0940,66.5156,69.1145,69.1803,70.0017,73.4467,77.0048
2023-08-01,74.6970,75.4387,73.7377,75.3497,14608700,PYPL,71.3192,71.4372,66.7977,69.3335,69.1772,70.0947,73.4058,76.9819
2023-08-02,72.3927,74.1629,71.7004,73.5597,24567800,PYPL,71.5343,71.5282,67.0406,69.4534,69.1502,70.1402,73.3522,76.9362
2023-08-03,63.4722,66.1918,63.3930,65.9644,51260800,PYPL,71.4373,70.7609,67.0633,69.2189,69.0587,70.0082,73.2716,76.8022
2023-08-04,62.0579,64.2535,61.9679,64.0853,25279500,PYPL,71.2376,69.9321,67.0782,68.9380,68.9612,69.8507,73.1633,76.6555
2023-08-07,63.7095,64.0359,61.5140,62.3250,23738000,PYPL,70.9972,69.3394,67.1300,68.7330,68.8740,69.7291,73.0601,76.5267
2023-08-08,62.4931,63.2843,61.8008,63.0667,17683700,PYPL,70.6298,68.6874,67.2055,68.4883,68.7680,69.5858,72.9548,76.3871
2023-08-09,61.3360,62.6909,61.2470,62.4041,13788700,PYPL,70.2061,67.9873,67.2411,68.2078,68.6460,69.4225,72.8423,76.2373
2023-08-10,62.0975,62.3546,61.3904,61.9096,13119100,PYPL,69.7314,67.4263,67.2558,67.9682,68.5451,69.2774,72.7377,76.0966
2023-08-11,60.8613,61.8107,60.7921,61.5832,12419300,PYPL,69.2092,66.8011,67.2469,67.6895,68.4297,69.1108,72.6300,75.9450
2023-08-14,62.5722,62.7403,60.9997,61.4646,22668000,PYPL,68.7038,66.3983,67.2512,67.4888,68.2967,68.9813,72.5016,75.8120
2023-08-15,58.8141,62.0777,58.7449,62.0678,32003500,PYPL,67.9670,65.6760,67.1624,67.1486,68.1497,68.7800,72.3578,75.6428
2023-08-16,59.0218,59.5212,58.6064,58.7844,16592700,PYPL,67.2481,65.0423,67.0669,66.8299,68.0223,68.5867,72.2210,75.4774
2023-08-17,57.9537,58.5421,57.5087,58.3592,20616700,PYPL,66.5350,64.3672,66.9399,66.4818,67.8712,68.3762,72.0842,75.3031
2023-08-18,58.7647,59.1405,56.6582,56.7570,19035900,PYPL,65.8640,63.8336,66.8485,66.1792,67.7339,68.1859,71.9648,75.1385
2023-08-21,58.8537,59.1098,58.1021,58.8042,14133700,PYPL,65.1628,63.3593,66.7550,65.8919,67.6034,68.0011,71.8481,74.9765
2023-08-22,60.3075,60.6388,58.9526,59.2591,17340200,PYPL,64.5704,63.0687,66.7053,65.6729,67.4729,67.8487,71.7568,74.8305
2023-08-23,61.0789,61.6821,60.2580,60.6041,13105400,PYPL,63.9934,62.8792,66.6663,65.4928,67.3480,67.7147,71.6836,74.6937
2023-08-24,60.0404,61.2371,59.9524,61.0096,12846900,PYPL,63.4336,62.6088,66.6100,65.2790,67.1974,67.5627,71.6121,74.5479
2023-08-25,60.5151,60.9206,59.4174,60.3173,11150100,PYPL,62.8011,62.4094,66.5623,65.0921,67.0579,67.4231,71.5306,74.4082
2023-08-28,60.9898,61.2766,60.3569,60.9107,10459300,PYPL,62.1015,62.2742,66.4796,64.9313,66.9235,67.2957,71.4344,74.2747
2023-08-29,61.8107,62.0481,60.8514,60.9503,11627600,PYPL,61.4571,62.2301,66.4019,64.8089,66.8137,67.1871,71.3544,74.1507
2023-08-30,62.7205,62.7700,61.4349,61.6920,12041000,PYPL,60.9735,62.2768,66.2937,64.7270,66.6995,67.0987,71.2388,74.0370
2023-08-31,61.8206,62.7107,61.7613,62.0283,13840200,PYPL,60.8910,62.2333,66.1814,64.6130,66.5807,66.9942,71.0978,73.9154
2023-09-01,62.8689,62.9480,62.0411,62.4337,11715200,PYPL,60.9315,62.2939,66.0825,64.5446,66.4818,66.9125,70.9695,73.8055
2023-09-05,63.0370,63.4722,62.3398,62.6810,12739100,PYPL,60.8979,62.3646,66.0192,64.4855,66.3852,66.8357,70.8403,73.6984
2023-09-06,62.1074,63.1359,61.9887,62.4239,13621300,PYPL,60.8786,62.3401,65.9472,64.3922,66.2594,66.7421,70.7205,73.5830
2023-09-07,60.9701,61.4052,60.4459,61.3162,12712700,PYPL,60.8603,62.2097,65.8566,64.2580,66.1123,66.6278,70.6018,73.4575
2023-09-08,60.3075,61.1283,59.6448,60.9008,15367400,PYPL,60.7708,62.0285,65.7567,64.1031,65.9506,66.5026,70.4835,73.3267
2023-09-11,61.2470,61.5733,60.5943,61.0492,12280100,PYPL,60.7901,61.9541,65.6790,63.9911,65.8073,66.3986,70.3910,73.2065
2023-09-12,62.1173,62.9876,61.0788,61.1975,12224300,PYPL,60.7673,61.9696,65.6014,63.9176,65.6836,66.3138,70.3064,73.0961
2023-09-13,62.1469,62.6217,61.4794,62.1173,9426600,PYPL,60.9340,61.9865,65.4974,63.8482,65.5773,66.2313,70.2179,72.9872
2023-09-14,63.7293,63.8875,62.6118,63.1854,14564700,PYPL,61.1693,62.1525,65.4102,63.8435,65.4810,66.1817,70.1405,72.8951
2023-09-15,63.5018,65.0051,63.2051,63.9469,21843500,PYPL,61.4468,62.2810,65.3720,63.8301,65.3813,66.1287,70.0628,72.8016
2023-09-18,62.2458,62.8145,62.0579,62.6513,14050000,PYPL,61.6208,62.2776,65.2958,63.7680,65.2939,66.0518,69.9901,72.6966
2023-09-19,61.5041,61.7316,60.7743,61.4151,11441800,PYPL,61.7533,62.2040,65.1556,63.6792,65.1963,65.9617,69.9099,72.5852
2023-09-20,60.1888,61.9294,60.1591,61.8700,11138900,PYPL,61.7474,62.0121,64.9625,63.5423,65.0637,65.8474,69.8225,72.4619
2023-09-21,57.9735,59.6399,57.9675,59.2888,15361000,PYPL,61.5921,61.6274,64.7258,63.3239,64.8918,65.6915,69.7432,72.3177
2023-09-22,57.2416,58.5372,57.1971,58.3691,12756700,PYPL,61.4522,61.2097,64.4388,63.0854,64.7214,65.5242,69.6654,72.1677
2023-09-25,58.2108,58.2504,56.8777,56.9054,11493800,PYPL,61.3370,60.9241,64.1769,62.8943,64.5887,65.3794,69.5993,72.0288
2023-09-26,58.2801,58.5718,57.5878,57.6570,11111900,PYPL,61.2015,60.6723,63.8889,62.7133,64.4650,65.2388,69.5227,71.8920
2023-09-27,56.7076,58.9130,55.9065,58.3987,19171000,PYPL,60.9463,60.2947,63.5521,62.4778,64.3219,65.0698,69.4392,71.7409
2023-09-28,57.5383,57.8153,56.3911,56.7768,11387600,PYPL,60.6872,60.0322,63.2348,62.2841,64.1559,64.9207,69.3631,71.5996
2023-09-29,57.8153,58.6757,57.4296,58.2009,10550300,PYPL,60.4870,59.8211,62.9468,62.1088,63.9872,64.7800,69.2872,71.4624
2023-10-02,57.9141,58.9822,57.3653,57.9735,12961500,PYPL,60.2392,59.6395,62.6614,61.9443,63.9145,64.6440,69.2124,71.3276
2023-10-03,56.6680,58.0032,56.4900,57.2515,12014000,PYPL,59.9208,59.3565,62.3372,61.7374,63.8544,64.4861,69.1366,71.1818
2023-10-04,57.9240,58.0081,56.6779,57.4691,11019600,PYPL,59.7116,59.2200,62.0526,61.5879,63.7989,64.3562,69.0812,71.0498
2023-10-05,56.8461,58.0130,56.6285,57.7460,13037200,PYPL,59.5054,58.9939,61.7371,61.4019,63.7573,64.2074,69.0229,70.9085
2023-10-06,57.1329,57.6056,55.2439,56.2032,18348600,PYPL,59.3467,58.8167,61.4551,61.2345,63.7130,64.0674,68.9677,70.7714
2023-10-09,57.3208,57.4493,55.6969,56.3664,10376600,PYPL,59.1504,58.6742,61.1382,61.0810,63.6849,63.9338,68.9143,70.6376
2023-10-10,57.0834,57.8548,56.7768,57.3208,17455200,PYPL,58.8987,58.5227,60.7802,60.9243,63.6479,63.7981,68.8574,70.5027
2023-10-11,57.4296,58.2405,56.9450,57.4691,10866200,PYPL,58.6628,58.4186,60.4348,60.7872,63.6163,63.6720,68.8055,70.3727
2023-10-12,55.7335,57.4642,55.6197,57.4493,13497100,PYPL,58.2630,58.1629,60.1017,60.5890,63.5711,63.5148,68.7428,70.2270
2023-10-13,55.1351,56.2527,54.9176,55.8769,12048500,PYPL,57.8447,57.8745,59.9349,60.3752,63.4991,63.3489,68.6806,70.0768
2023-10-16,56.3713,56.4505,55.1945,55.4912,14267700,PYPL,57.5509,57.7314,59.8212,60.2181,63.4497,63.2107,68.6285,69.9405
2023-10-17,56.5296,56.9548,55.8670,55.8868,10325200,PYPL,57.3022,57.6169,59.6776,60.0735,63.4038,63.0784,68.5622,69.8070
2023-10-18,55.1846,56.4673,55.0906,55.9065,10514500,PYPL,57.0520,57.3853,59.5314,59.8818,63.3685,62.9221,68.4860,69.6615
2023-10-19,54.2055,55.7780,54.0967,55.0461,16298500,PYPL,56.8636,57.0824,59.3888,59.6592,63.3150,62.7495,68.3882,69.5077
2023-10-20,52.8012,53.8693,52.7517,53.3946,20982500,PYPL,56.6416,56.6747,59.2029,59.3902,63.2293,62.5525,68.2680,69.3415
2023-10-23,52.8605,53.5281,52.0693,52.3364,13629400,PYPL,56.3741,56.3114,59.0429,59.1342,63.1449,62.3606,68.1552,69.1775
2023-10-24,53.6418,54.0077,52.9990,53.2858,9733900,PYPL,56.1422,56.0572,58.8643,58.9188,63.0577,62.1879,68.0452,69.0229
2023-10-25,50.9221,52.1979,50.6650,51.9704,22784100,PYPL,55.8529,55.5681,58.7064,58.6052,62.9344,61.9648,67.9187,68.8428
2023-10-26,51.1793,51.6737,50.4969,50.9320,17045600,PYPL,55.5349,55.1501,58.5496,58.3140,62.8082,61.7513,67.7893,68.6671
2023-10-27,49.8343,51.1001,49.6958,50.9419,18382700,PYPL,55.1359,54.6439,58.3872,57.9814,62.6635,61.5153,67.6501,68.4797
2023-10-30,50.4870,50.8776,50.0172,50.3881,13168900,PYPL,54.7645,54.2480,58.2216,57.6875,62.5351,61.2969,67.5080,68.3006
2023-10-31,51.2287,51.3177,50.2397,50.5265,12942500,PYPL,54.4926,53.9604,58.0691,57.4342,62.4120,61.0975,67.3711,68.1308
2023-11-01,51.0902,51.6233,50.5315,51.3375,25259700,PYPL,54.1509,53.6871,57.8848,57.1855,62.2950,60.8994,67.2301,67.9612
2023-11-02,54.4527,54.8187,51.9704,54.4429,35348000,PYPL,54.0312,53.7600,57.7523,57.0783,62.2093,60.7717,67.1201,67.8268
2023-11-03,55.4813,55.6494,54.7672,54.8088,18742100,PYPL,53.9486,53.9239,57.6611,57.0157,62.1355,60.6669,67.0180,67.7040
2023-11-06,54.0176,56.0944,53.5874,56.0252,17246800,PYPL,53.7835,53.9328,57.5311,56.8981,62.0467,60.5353,66.8970,67.5678
2023-11-07,54.0275,54.4330,53.4539,53.8396,13038500,PYPL,53.6307,53.9419,57.3919,56.7855,61.9357,60.4064,66.7740,67.4330
2023-11-08,54.4725,55.2143,52.9594,53.7308,20518500,PYPL,53.4828,53.9924,57.2451,56.6948,61.8235,60.2889,66.6528,67.3041
2023-11-09,53.6814,55.4121,53.5528,55.1846,12568700,PYPL,53.3802,53.9628,57.0643,56.5766,61.6790,60.1581,66.5301,67.1685
2023-11-10,54.1659,54.2203,53.2749,53.7407,9682100,PYPL,53.3318,53.9821,56.9112,56.4821,61.5463,60.0394,66.4013,67.0392
2023-11-13,53.7901,54.1165,53.3847,53.8396,11861100,PYPL,53.2027,53.9638,56.7297,56.3765,61.4061,59.9157,66.2657,66.9073
2023-11-14,56.0549,56.5543,54.8088,54.8780,16775400,PYPL,53.1790,54.1630,56.5900,56.3639,61.3046,59.8392,66.1521,66.7993
2023-11-15,57.6076,57.9092,56.3615,56.3733,15222100,PYPL,53.3001,54.4910,56.5000,56.4127,61.2236,59.7950,66.0372,66.7079
2023-11-16,56.1933,57.6273,55.9263,57.3208,12748600,PYPL,53.3995,54.6532,56.4045,56.4041,61.1305,59.7237,65.9082,66.6033
2023-11-17,55.9164,56.3269,55.7295,56.2418,12138000,PYPL,53.5553,54.7735,56.3167,56.3850,61.0367,59.6483,65.7578,66.4969
2023-11-20,56.3615,56.6038,55.6395,55.9164,11406700,PYPL,53.7303,54.9247,56.2190,56.3840,60.9490,59.5832,65.6167,66.3961
2023-11-21,54.7890,56.0054,54.6654,55.9263,13729000,PYPL,53.7877,54.9118,56.0724,56.3215,60.8369,59.4883,65.4835,66.2806
2023-11-22,55.7186,56.1132,55.0066,55.1747,11451600,PYPL,54.0275,54.9886,55.9438,56.2979,60.7206,59.4136,65.3506,66.1755
2023-11-24,55.1450,55.5109,54.9373,55.3824,6846600,PYPL,54.2258,55.0035,55.7721,56.2526,60.5911,59.3291,65.2321,66.0657
2023-11-27,55.7681,56.3417,55.0956,55.3824,15183800,PYPL,54.5225,55.0763,55.6175,56.2336,60.4947,59.2586,65.1232,65.9633
2023-11-28,57.8251,58.0526,55.5109,55.8472,23957900,PYPL,54.8894,55.3381,55.5290,56.2961,60.4124,59.2302,65.0127,65.8823
2023-11-29,57.3307,59.5361,57.2713,58.5768,19258300,PYPL,55.1945,55.5279,55.4456,56.3366,60.3006,59.1926,64.9065,65.7972
2023-11-30,56.9746,57.4632,56.4208,57.4098,19039400,PYPL,55.4887,55.6657,55.3813,56.3616,60.1719,59.1487,64.8094,65.7094
2023-12-01,58.9921,59.1504,56.8164,56.9944,18435700,PYPL,55.7157,55.9825,55.4017,56.4648,60.0637,59.1456,64.7191,65.6426
2023-12-04,59.1899,59.7141,58.5867,58.7746,14107900,PYPL,55.9011,56.2880,55.4406,56.5717,59.9397,59.1464,64.6356,65.5784
2023-12-05,57.2812,58.8092,56.6878,58.6559,21506500,PYPL,56.0643,56.3825,55.4220,56.5995,59.7995,59.1095,64.5528,65.4958
2023-12-06,58.8735,59.7932,57.1131,57.1922,25245600,PYPL,56.3066,56.6198,55.4339,56.6887,59.6614,59.1048,64.4751,65.4299
2023-12-07,57.8350,58.4976,57.4790,58.4383,17422400,PYPL,56.4747,56.7355,55.4565,56.7336,59.5043,59.0797,64.3911,65.3543
2023-12-08,58.2900,59.0811,56.7669,57.6175,15467500,PYPL,56.7051,56.8836,55.4715,56.7947,59.3531,59.0641,64.3107,65.2840
2023-12-11,58.3889,59.1405,58.3097,58.4482,12082700,PYPL,56.9163,57.0269,55.4830,56.8572,59.2149,59.0507,64.2390,65.2154
2023-12-12,58.2405,58.7350,57.4938,58.7350,13845500,PYPL,57.1388,57.1425,55.4895,56.9114,59.0754,59.0346,64.1654,65.1460
2023-12-13,61.0492,61.2074,57.8944,58.0823,19128100,PYPL,57.3885,57.5146,55.5771,57.0737,58.9572,59.0745,64.1067,65.1053
2023-12-14,61.1876,63.4227,60.5349,62.2458,27947300,PYPL,57.5675,57.8644,55.6424,57.2350,58.8475,59.1164,64.0476,65.0663
2023-12-15,60.5844,61.6821,60.1492,61.6821,24011000,PYPL,57.7871,58.1234,55.7171,57.3664,58.7271,59.1454,63.9841,65.0217
2023-12-18,60.7921,61.0492,60.1838,60.7426,13800100,PYPL,58.0308,58.3776,55.7903,57.5007,58.6227,59.1781,63.9108,64.9796
2023-12-19,62.3151,62.5821,61.0393,61.1085,19929000,PYPL,58.3285,58.7526,55.8902,57.6895,58.5142,59.2402,63.8427,64.9531
2023-12-20,61.0591,63.2595,60.9898,62.2557,17421000,PYPL,58.6420,58.9722,55.9697,57.8216,58.3750,59.2762,63.7776,64.9143
2023-12-21,61.3755,61.7612,60.9107,61.5190,12195100,PYPL,58.9249,59.2011,56.0487,57.9610,58.2417,59.3178,63.7095,64.8791
2023-12-22,61.1580,62.0382,60.9008,61.4843,13175400,PYPL,59.2255,59.3875,56.1571,58.0864,58.1294,59.3542,63.6398,64.8421
2023-12-26,61.8700,61.9937,61.1778,61.2668,9940600,PYPL,59.5306,59.6239,56.2918,58.2348,58.1134,59.4040,63.5860,64.8125
2023-12-27,61.9887,62.1420,61.4250,61.9788,11112300,PYPL,59.7388,59.8491,56.4042,58.3820,58.1127,59.4552,63.5369,64.7844
2023-12-28,62.3843,62.7997,61.7612,61.9294,11233400,PYPL,59.9915,60.0906,56.5213,58.5389,58.0994,59.5132,63.4867,64.7606
2023-12-29,60.7327,62.4634,60.4756,62.3052,16807400,PYPL,60.1794,60.1517,56.6322,58.6250,58.0818,59.5374,63.4249,64.7205
2024-01-02,60.7822,61.4744,59.7635,60.5448,15248400,PYPL,60.2689,60.2118,56.7638,58.7096,58.0763,59.5620,63.3612,64.6813
2024-01-03,57.9834,60.0800,57.7065,60.0305,21245800,PYPL,60.2086,59.9996,56.8674,58.6811,58.0351,59.5307,63.2901,64.6146
2024-01-04,57.8054,58.4136,56.8065,57.3801,16680400,PYPL,60.2348,59.7906,56.9663,58.6467,58.0046,59.4966,63.2172,64.5469
2024-01-05,59.4569,59.7042,57.0043,57.1032,17420200,PYPL,60.2639,59.7588,57.0826,58.6785,57.9734,59.4958,63.1351,64.4962
2024-01-08,61.0591,61.2371,59.3976,59.7339,14264400,PYPL,60.4251,59.8826,57.2854,58.7719,57.9959,59.5267,63.0728,64.4620
2024-01-09,60.3767,61.3360,59.4569,59.6152,14877300,PYPL,60.5295,59.9297,57.4693,58.8348,58.0094,59.5436,63.0159,64.4214
2024-01-10,60.2877,60.7525,59.6251,60.2778,10137900,PYPL,60.6244,59.9638,57.6784,58.8918,58.0328,59.5583,62.9520,64.3803
2024-01-11,60.6734,60.8168,59.4174,59.9811,11900700,PYPL,60.7461,60.0314,57.8821,58.9616,58.0519,59.5804,62.8929,64.3434
2024-01-12,60.3272,61.2252,60.0701,61.1184,9282600,PYPL,60.7100,60.0595,58.0641,59.0152,58.0666,59.5952,62.8350,64.3034
2024-01-16,57.8054,59.5756,57.4543,59.3877,20907100,PYPL,60.5409,59.8449,58.1984,58.9678,58.0416,59.5597,62.7572,64.2388
2024-01-17,59.2295,59.3185,55.8482,56.7867,29527400,PYPL,60.4731,59.7863,58.2939,58.9780,58.0231,59.5532,62.6855,64.1889
2024-01-18,61.4052,61.7810,59.4569,59.8229,25339500,PYPL,60.5038,59.9404,58.4124,59.0732,58.0367,59.5899,62.6171,64.1612
2024-01-19,65.0941,65.4798,61.5733,62.3052,38264600,PYPL,60.6427,60.4313,58.6339,59.3093,58.0825,59.6989,62.5702,64.1705
2024-01-22,63.0370,67.4577,62.5228,67.2718,44006900,PYPL,60.7416,60.6794,58.8141,59.4555,58.1030,59.7650,62.5133,64.1592
2024-01-23,64.0655,65.0051,63.4722,63.8134,19883700,PYPL,60.8761,61.0019,59.0060,59.6363,58.1255,59.8501,62.4696,64.1583
2024-01-24,62.3250,65.2721,62.2656,65.2622,21694100,PYPL,60.9345,61.1279,59.1788,59.7417,58.1216,59.8991,62.4106,64.1400
2024-01-25,60.0404,63.6205,58.2504,62.7601,43452600,PYPL,60.8430,61.0244,59.2963,59.7534,58.1038,59.9019,62.3423,64.0993
2024-01-26,61.0986,61.5793,59.3482,59.6547,18430700,PYPL,60.7985,61.0314,59.4425,59.8062,58.0861,59.9256,62.2839,64.0694
2024-01-29,63.0568,63.0865,60.2283,60.5250,15913900,PYPL,60.8321,61.2243,59.5825,59.9337,58.0863,59.9876,62.2358,64.0593
2024-01-30,62.9777,63.7886,61.3854,62.2063,18786100,PYPL,60.9444,61.3913,59.6899,60.0530,58.0950,60.0468,62.1772,64.0486
2024-01-31,60.6734,62.7008,60.5151,62.3052,15623100,PYPL,60.9389,61.3229,59.7795,60.0774,58.0920,60.0593,62.1021,64.0150
2024-02-01,61.3360,61.3755,59.9732,60.8316,13449400,PYPL,61.1065,61.3242,59.8879,60.1267,58.1023,60.0845,62.0264,63.9883
2024-02-02,61.7316,62.0283,60.3272,61.1085,14618900,PYPL,61.3029,61.3630,59.9953,60.1897,58.1071,60.1171,61.9572,63.9659
2024-02-05,60.8613,61.3934,60.6239,61.3162,10223300,PYPL,61.3731,61.3152,60.1168,60.2160,58.0946,60.1319,61.8891,63.9350
2024-02-06,63.0073,63.0271,60.9404,61.3459,17564300,PYPL,61.4705,61.4764,60.2626,60.3255,58.1032,60.1888,61.8403,63.9257
2024-02-07,62.5425,64.1842,62.1568,63.8282,33211300,PYPL,61.5788,61.5779,60.4105,60.4124,58.0913,60.2354,61.7862,63.9120
2024-02-08,55.5109,57.9438,55.1549,57.3405,68272700,PYPL,61.3399,61.0001,60.4054,60.2202,58.0114,60.1419,61.6964,63.8284
2024-02-09,58.2603,58.5669,55.5406,55.5851,31421400,PYPL,61.2193,60.7392,60.4141,60.1433,57.9716,60.1046,61.6327,63.7730
2024-02-12,59.4273,59.9465,57.7757,57.9636,21768200,PYPL,61.1743,60.6142,60.4560,60.1153,57.9508,60.0912,61.5735,63.7297
2024-02-13,57.6175,58.0823,57.2219,57.2416,19540200,PYPL,61.1649,60.3288,60.4689,60.0173,57.9251,60.0422,61.4944,63.6689
2024-02-14,58.2207,58.3641,56.9944,57.9488,16520600,PYPL,61.1145,60.1280,60.4534,59.9468,57.9275,60.0062,61.4097,63.6147
2024-02-15,59.0416,59.5806,57.4197,58.2108,13321000,PYPL,60.9963,60.0246,60.4505,59.9113,57.9455,59.9870,61.3335,63.5692
2024-02-16,58.4878,59.0910,57.8054,58.2108,12195800,PYPL,60.6660,59.8782,60.4746,59.8555,57.9483,59.9574,61.2685,63.5186
2024-02-20,57.9834,58.3790,57.5482,57.5878,12598700,PYPL,60.4133,59.6977,60.4568,59.7821,57.9453,59.9183,61.2052,63.4636
2024-02-21,56.8461,57.8054,56.5148,57.4394,13377900,PYPL,60.0523,59.4262,60.4370,59.6670,57.9467,59.8574,61.1343,63.3977
2024-02-22,57.7065,57.9933,56.7373,57.1329,17293000,PYPL,59.8214,59.2624,60.4253,59.5901,57.9484,59.8148,61.0522,63.3411
2024-02-23,58.5075,58.7746,57.5878,58.2009,13357000,PYPL,59.7447,59.1905,60.4277,59.5476,57.9553,59.7890,60.9713,63.2930
2024-02-26,58.6757,59.5113,58.0625,58.2801,11065600,PYPL,59.6236,59.1415,60.4364,59.5134,57.9630,59.7669,60.9387,63.2471
2024-02-27,59.4965,59.5756,58.7844,58.9130,11467600,PYPL,59.4456,59.1753,60.4054,59.5128,57.9912,59.7616,60.9228,63.2097
2024-02-28,59.5855,60.2283,58.7844,59.0416,9851600,PYPL,59.2760,59.2143,60.3733,59.5156,58.0079,59.7581,60.9034,63.1737
2024-02-29,59.6745,61.1837,59.3531,59.9316,17117300,PYPL,59.2260,59.2582,60.3551,59.5219,58.0361,59.7564,60.8967,63.1389
2024-03-01,59.8723,60.9602,59.5459,59.8624,17590400,PYPL,59.1528,59.3167,60.3367,59.5356,58.0635,59.7587,60.8883,63.1064
2024-03-04,59.3185,59.9317,58.2108,59.7437,17125200,PYPL,59.0322,59.3168,60.2768,59.5271,58.0835,59.7500,60.8842,63.0687
2024-03-05,57.6273,60.1591,57.2318,58.8537,18056700,PYPL,58.8705,59.1559,60.2082,59.4526,58.0889,59.7080,60.8684,63.0145
2024-03-06,57.4790,58.2702,57.2713,58.1021,17187400,PYPL,58.5941,58.9962,60.1302,59.3752,58.0894,59.6638,60.8529,62.9594
2024-03-07,57.8548,58.4037,57.3109,57.8153,19447900,PYPL,58.3597,58.8875,60.0642,59.3156,58.1107,59.6280,60.8409,62.9086
2024-03-08,58.3592,58.9031,57.5997,58.0724,18283500,PYPL,58.5021,58.8372,59.9940,59.2781,58.1429,59.6029,60.8210,62.8634
2024-03-11,59.4174,59.5558,58.2949,58.3493,11172700,PYPL,58.5599,58.8925,59.9425,59.2835,58.1734,59.5992,60.8115,62.8291
2024-03-12,59.3679,59.8080,58.6420,59.1405,13485100,PYPL,58.5570,58.9377,59.8822,59.2868,58.2017,59.5946,60.8028,62.7947
2024-03-13,61.7612,62.6019,59.1504,59.3185,19983400,PYPL,58.7642,59.2066,59.9028,59.3839,58.2675,59.6375,60.8180,62.7844
2024-03-14,62.3052,63.4919,61.5239,61.8206,19342000,PYPL,58.9684,59.5017,59.9332,59.4984,58.3485,59.6904,60.8317,62.7796
2024-03-15,62.1568,63.1260,61.7415,61.9096,20040000,PYPL,59.1242,59.7546,60.0167,59.6027,58.4421,59.7392,60.8357,62.7734
2024-03-18,63.5216,64.0458,62.4041,62.4239,14219900,PYPL,59.3758,60.1134,60.1310,59.7564,58.5487,59.8141,60.8468,62.7808
2024-03-19,62.3151,63.3436,62.1074,63.0667,9089300,PYPL,59.5924,60.3231,60.1882,59.8567,58.6354,59.8636,60.8466,62.7762
2024-03-20,64.3326,64.6392,62.4189,62.8788,12641400,PYPL,59.9668,60.7049,60.2537,60.0322,58.7695,59.9521,60.8520,62.7917
2024-03-21,65.4105,66.2512,64.3326,64.5798,14022100,PYPL,60.3520,61.1531,60.3543,60.2431,58.9118,60.0602,60.8600,62.8178
2024-03-22,64.0557,66.5083,64.0359,65.7073,10208100,PYPL,60.6294,61.4295,60.4297,60.3927,59.0540,60.1393,60.8588,62.8301
2024-03-25,65.2721,65.6529,64.0853,64.0853,10224300,PYPL,60.9592,61.7955,60.5217,60.5840,59.2019,60.2410,60.8685,62.8544
2024-03-26,65.9347,67.2204,65.7666,66.0039,14826400,PYPL,61.2811,62.1897,60.6338,60.7938,59.3489,60.3537,60.8805,62.8850
2024-03-27,65.8358,67.4577,65.4105,66.9731,10591200,PYPL,61.5936,62.5369,60.7944,60.9916,59.4964,60.4623,60.8957,62.9144
2024-03-28,66.2512,66.9731,65.6974,66.1325,10775800,PYPL,61.9224,62.8907,60.9349,61.1978,59.6144,60.5769,60.9118,62.9476
2024-04-01,64.3128,66.6181,64.2831,66.2611,9840500,PYPL,62.1445,63.0261,60.9930,61.3200,59.7027,60.6509,60.9191,62.9612
2024-04-02,63.9469,64.1249,62.8491,63.2447,10329300,PYPL,62.3759,63.1138,60.9701,61.4230,59.8020,60.7161,60.9244,62.9710
2024-04-03,64.6194,64.7331,63.6996,63.7689,7176100,PYPL,62.7255,63.2572,61.0017,61.5483,59.9079,60.7934,60.9218,62.9874
2024-04-04,63.8282,65.6281,63.6304,65.2622,9933400,PYPL,63.0430,63.3116,60.9970,61.6377,60.0015,60.8535,60.9125,62.9957
2024-04-05,64.4315,64.7479,63.3535,63.9864,8062300,PYPL,63.3718,63.4182,61.0391,61.7473,60.1090,60.9244,60.8940,63.0100
2024-04-08,65.6083,65.9644,64.6095,64.8073,8421400,PYPL,63.7342,63.6268,61.1505,61.8987,60.2234,61.0171,60.8848,63.0359
2024-04-09,66.2611,66.5182,65.6529,66.2116,8446300,PYPL,64.0764,63.8777,61.2537,62.0698,60.3481,61.1210,60.8771,63.0680
2024-04-10,65.1534,65.4600,64.3326,64.4018,8566300,PYPL,64.3657,63.9992,61.2956,62.1907,60.4391,61.2008,60.8718,63.0887
2024-04-11,65.0743,65.6459,63.9666,65.1188,8785500,PYPL,64.5314,64.1016,61.3376,62.3038,60.5138,61.2775,60.8687,63.1085
2024-04-12,63.8776,65.2424,63.4524,64.6589,9934000,PYPL,64.6100,64.0803,61.4017,62.3655,60.5906,61.3290,60.8606,63.1161
2024-04-15,62.8096,64.7479,62.5524,64.3425,11008700,PYPL,64.6426,63.9592,61.4311,62.3829,60.6595,61.3583,60.8481,63.1131
2024-04-16,62.7304,63.5018,62.2261,62.2953,9912700,PYPL,64.6031,63.8422,61.4511,62.3966,60.7232,61.3855,60.8361,63.1093
2024-04-17,62.5623,63.2645,61.8898,63.0766,8000900,PYPL,64.6154,63.7203,61.4851,62.4031,60.8010,61.4088,60.8189,63.1038
2024-04-18,61.4151,63.3238,61.2668,63.1458,9240000,PYPL,64.4695,63.5008,61.4533,62.3643,60.8579,61.4089,60.7893,63.0870
2024-04-19,61.6228,61.7711,61.0442,61.3162,13177900,PYPL,64.2802,63.3219,61.4349,62.3352,60.9227,61.4132,60.7569,63.0725
2024-04-22,62.4931,62.9332,61.7909,62.3447,9958200,PYPL,64.2020,63.2430,61.5745,62.3414,60.9899,61.4345,60.7423,63.0667
2024-04-23,63.7194,63.9864,62.5030,62.6810,9913000,PYPL,64.1244,63.2884,61.6837,62.3955,61.0489,61.4798,60.7307,63.0732
2024-04-24,64.1249,64.3721,63.3139,63.4029,8189100,PYPL,64.0339,63.3680,61.7777,62.4633,61.1168,61.5322,60.7087,63.0837
2024-04-25,63.3931,63.6897,62.2557,62.7700,11711200,PYPL,63.9118,63.3704,61.8932,62.4997,61.1810,61.5690,60.6765,63.0867
2024-04-26,65.2325,65.5688,63.0469,63.4227,14200900,PYPL,63.8608,63.5477,62.0334,62.6069,61.2434,61.6416,60.6536,63.1081
2024-04-29,66.2512,66.8050,65.2721,65.2721,19142400,PYPL,63.9578,63.8052,62.1776,62.7498,61.3140,61.7328,60.6269,63.1394
2024-04-30,67.1709,69.8827,66.4786,69.2280,43903400,PYPL,64.1190,64.1258,62.3513,62.9232,61.4129,61.8405,60.6062,63.1795
2024-05-01,65.4105,67.0522,64.7677,66.2611,17966500,PYPL,64.1585,64.2481,62.4998,63.0207,61.4783,61.9112,60.5699,63.2017
2024-05-02,66.2413,66.6962,65.1040,65.9644,14480600,PYPL,64.2792,64.4379,62.6877,63.1470,61.5624,61.9970,60.5333,63.2319
2024-05-03,64.9754,67.1413,64.0062,66.8940,15435200,PYPL,64.3064,64.4891,62.8331,63.2187,61.6292,62.0559,60.4912,63.2493
2024-05-06,64.8864,65.3710,64.2337,65.2721,11257600,PYPL,64.2703,64.5270,62.9607,63.2841,61.6942,62.1120,60.4545,63.2656
2024-05-07,65.1930,66.0336,65.0446,65.3512,9232200,PYPL,64.2169,64.5904,63.0910,63.3590,61.7637,62.1730,60.4196,63.2847
2024-05-08,63.1063,64.9754,63.0667,64.7381,11183800,PYPL,64.1145,64.4490,63.1632,63.3491,61.7843,62.1915,60.3707,63.2830
2024-05-09,63.7392,63.7590,62.7107,63.1656,8368700,PYPL,64.0477,64.3814,63.2463,63.3644,61.8098,62.2221,60.3286,63.2875
2024-05-10,62.2360,64.2238,62.1865,63.8776,8745800,PYPL,63.9657,64.1771,63.2975,63.3201,61.8263,62.2224,60.2767,63.2770
2024-05-13,63.2447,63.7194,62.4931,62.7354,7311600,PYPL,63.9874,64.0883,63.3650,63.3172,61.8508,62.2426,60.2368,63.2767
2024-05-14,63.8678,64.1447,63.5612,63.6799,7556500,PYPL,64.0443,64.0673,63.4559,63.3388,61.8664,62.2748,60.1903,63.2826
2024-05-15,63.1953,64.8073,62.7799,64.3919,10972600,PYPL,64.0759,63.9843,63.5673,63.3331,61.8877,62.2931,60.1313,63.2817
2024-05-16,63.3931,63.7194,62.7206,62.8887,8113600,PYPL,64.1748,63.9279,63.6856,63.3355,61.9079,62.3148,60.0748,63.2828
2024-05-17,63.7689,63.9963,63.1409,63.3733,8204800,PYPL,64.2821,63.9128,63.8039,63.3525,61.9340,62.3436,60.0317,63.2877
2024-05-20,64.0557,64.3177,63.0667,63.8163,6429000,PYPL,64.3603,63.9264,63.9178,63.3801,61.9559,62.3775,60.0346,63.2953
2024-05-21,63.3931,63.9765,62.9975,63.6799,6576000,PYPL,64.3439,63.8756,63.9973,63.3806,61.9699,62.3976,60.0413,63.2963
2024-05-22,61.5041,63.2051,61.1629,63.0865,14532200,PYPL,64.2129,63.6498,64.0400,63.3070,61.9611,62.3799,60.0303,63.2785
2024-05-23,60.9008,61.9937,60.5448,61.8503,10533400,PYPL,64.0883,63.3880,64.0228,63.2126,61.9628,62.3507,60.0223,63.2548
2024-05-24,60.9602,61.3755,60.5943,61.2668,8176800,PYPL,63.8747,63.1567,63.9959,63.1243,61.9646,62.3231,60.0204,63.2320
2024-05-28,61.4843,62.1766,61.0690,61.6129,11159600,PYPL,63.6363,62.9975,63.9825,63.0600,61.9996,62.3065,60.0174,63.2146
2024-05-29,60.3767,60.9107,60.1789,60.5547,8142800,PYPL,63.2966,62.7479,63.9196,62.9548,62.0253,62.2683,60.0149,63.1863
2024-05-30,61.8206,62.6414,61.4448,62.0777,11867500,PYPL,63.1171,62.6595,63.9097,62.9103,62.0489,62.2594,60.0112,63.1727
2024-05-31,62.2953,62.8590,61.0887,62.0382,14269000,PYPL,62.9198,62.6249,63.8689,62.8862,62.0613,62.2601,60.0286,63.1640
2024-06-03,62.7601,62.8194,61.8898,62.3447,9039800,PYPL,62.8091,62.6377,63.8159,62.8812,62.0851,62.2700,60.0473,63.1600
2024-06-04,62.6315,63.4227,62.3348,62.4436,9046100,PYPL,62.6963,62.6371,63.7875,62.8714,62.1086,62.2772,60.0707,63.1547
2024-06-05,62.8293,63.1062,62.1568,63.0568,8846100,PYPL,62.5781,62.6555,63.7386,62.8698,62.1301,62.2881,60.0910,63.1515
2024-06-06,66.2808,67.0720,63.4623,63.5760,22068800,PYPL,62.7369,63.0007,63.7455,63.0035,62.1897,62.3672,60.1281,63.1826
2024-06-07,66.5578,67.5457,65.4699,65.7666,13195000,PYPL,62.8778,63.3395,63.7600,63.1429,62.2772,62.4502,60.1594,63.2162
2024-06-10,66.3501,66.7456,65.0743,66.2314,11972300,PYPL,63.0835,63.6262,63.7619,63.2687,62.3484,62.5274,60.1857,63.2474
2024-06-11,64.0557,66.4094,63.6947,66.3896,15108700,PYPL,63.1240,63.6671,63.7568,63.2996,62.3749,62.5577,60.2058,63.2554
2024-06-12,62.7304,65.1336,62.2063,64.7380,14137500,PYPL,63.0672,63.5779,63.7325,63.2772,62.3513,62.5611,60.2169,63.2502
2024-06-13,60.8613,62.9233,60.8415,62.4239,11985400,PYPL,62.9505,63.3192,63.6573,63.1825,62.3295,62.5274,60.2163,63.2265
2024-06-14,59.9663,60.9602,59.6449,60.6140,10366000,PYPL,62.7791,62.9999,63.5801,63.0564,62.2885,62.4767,60.2070,63.1940
2024-06-17,59.4668,59.9712,58.8250,59.7042,13558500,PYPL,62.5640,62.6634,63.4808,62.9156,62.2599,62.4171,60.1908,63.1569
2024-06-18,58.4680,59.4471,58.3790,59.2591,13500300,PYPL,62.2847,62.2638,63.3380,62.7412,62.2442,62.3389,60.1740,63.1103
2024-06-20,59.1405,59.3383,58.1416,58.5965,12928500,PYPL,62.0720,61.9664,63.1956,62.6000,62.2246,62.2756,60.1554,63.0708
2024-06-21,59.9415,60.0899,59.0119,59.2591,18848700,PYPL,61.9939,61.7735,63.0913,62.4957,62.1935,62.2294,60.1399,63.0396
2024-06-24,58.8339,59.8921,58.8042,59.3383,10464700,PYPL,61.8906,61.4935,62.9665,62.3521,62.1520,62.1621,60.1235,62.9978
2024-06-25,58.6757,58.9130,58.3196,58.9130,9248800,PYPL,61.7763,61.2252,62.8625,62.2079,62.1321,62.0931,60.1120,62.9548
2024-06-26,57.6175,59.0910,57.3900,59.0811,12599400,PYPL,61.5830,60.8816,62.7586,62.0279,62.0949,62.0045,60.0986,62.9017
2024-06-27,57.7262,57.8449,56.5790,57.8350,11648900,PYPL,61.4505,60.5811,62.6585,61.8592,62.0548,61.9197,60.0810,62.8502
2024-06-28,57.3900,58.1119,57.2614,57.6768,28102000,PYPL,61.2289,60.2772,62.5551,61.6840,62.0201,61.8300,60.0573,62.7958
2024-07-01,57.1724,57.7213,56.4010,57.7164,12237500,PYPL,60.9728,59.9815,62.4702,61.5070,61.9618,61.7378,60.0325,62.7399
2024-07-02,58.3196,58.6163,57.6768,58.1317,13231600,PYPL,60.7508,59.8232,62.4042,61.3821,61.9195,61.6701,60.0054,62.6959
2024-07-03,58.9822,59.3482,58.2455,58.3790,6908300,PYPL,60.5683,59.7431,62.3340,61.2879,61.9542,61.6169,59.9828,62.6590
2024-07-05,59.1009,59.4965,58.1812,58.7251,12243800,PYPL,60.3819,59.6820,62.2416,61.2022,61.9627,61.5671,59.9671,62.6236
2024-07-08,58.4383,59.3679,57.9834,59.0614,10320400,PYPL,59.9898,59.5635,62.1279,61.0938,61.9528,61.5051,59.9518,62.5819
2024-07-09,58.3493,59.0416,57.7757,58.2504,8473600,PYPL,59.5793,59.4479,62.0270,60.9862,61.9601,61.4426,59.9426,62.5398
2024-07-10,58.2504,58.6559,57.5581,58.4383,7697100,PYPL,59.1743,59.3338,61.8873,60.8789,61.9604,61.3794,59.9440,62.4971
2024-07-11,59.3284,60.2580,58.7745,58.8932,13082000,PYPL,58.9380,59.3333,61.7489,60.8181,61.9632,61.3388,59.9544,62.4656
2024-07-12,59.6053,59.8525,59.1207,59.7240,8166200,PYPL,58.7817,59.3592,61.5976,60.7705,61.9744,61.3045,59.9614,62.4371
2024-07-15,59.8031,60.3470,59.1602,59.5855,9443000,PYPL,58.7288,59.4015,61.4854,60.7326,61.9926,61.2747,59.9690,62.4109
2024-07-16,61.1283,61.3360,60.0108,60.1294,9198800,PYPL,58.7869,59.5659,61.3832,60.7481,62.0354,61.2718,59.9911,62.3982
2024-07-17,60.5646,61.1580,59.9860,60.4360,8322100,PYPL,58.8418,59.6611,61.2949,60.7409,62.0640,61.2578,60.0062,62.3799
2024-07-18,59.3383,60.6536,59.2789,59.8822,9102000,PYPL,58.8853,59.6303,61.1840,60.6859,62.0723,61.2198,60.0138,62.3496
2024-07-19,58.6757,59.1701,58.1021,59.1504,9352900,PYPL,58.8621,59.5394,61.0536,60.6071,62.0723,61.1694,60.0176,62.3131
2024-07-22,60.0998,60.1196,58.8636,59.2394,7489500,PYPL,58.8700,59.5928,60.9935,60.5872,62.0784,61.1483,60.0348,62.2911
2024-07-23,59.0515,60.2778,59.0317,60.0503,7572000,PYPL,58.8809,59.5412,60.8998,60.5269,62.0730,61.1067,60.0404,62.2588
2024-07-24,57.4296,59.0020,57.3405,58.8932,11801700,PYPL,58.8186,59.3401,60.8036,60.4055,62.0506,61.0339,60.0434,62.2108
2024-07-25,56.5889,58.0032,56.5691,57.5186,12515700,PYPL,58.7671,59.0781,60.6705,60.2558,62.0177,60.9459,60.0406,62.1548
2024-07-26,57.6471,57.6669,56.3417,56.9647,11323400,PYPL,58.7632,58.9418,60.5461,60.1535,62.0010,60.8806,60.0423,62.1100
2024-07-29,58.2900,58.4482,57.4296,57.8548,12346800,PYPL,58.8082,58.8797,60.4480,60.0804,62.0076,60.8293,60.0483,62.0720
2024-07-30,63.2941,64.3425,61.7415,62.0827,44232800,PYPL,59.1143,59.3001,60.4460,60.2065,62.0658,60.8781,60.0776,62.0841
2024-07-31,65.0545,66.2512,63.4623,64.2831,25825900,PYPL,59.4510,59.8482,60.4717,60.3966,62.1378,60.9608,60.1242,62.1137
2024-08-01,64.5897,66.5578,64.3029,65.0545,19086400,PYPL,59.7314,60.2998,60.4824,60.5610,62.2001,61.0327,60.1715,62.1383
2024-08-02,61.2964,63.3337,60.2185,63.2942,23117100,PYPL,59.8412,60.3947,60.4405,60.5898,62.2189,61.0379,60.1961,62.1299
2024-08-05,59.7932,60.3816,58.0032,60.0305,17445400,PYPL,59.9089,60.3374,60.4063,60.5586,62.2231,61.0132,60.2124,62.1067
2024-08-06,62.0579,62.8788,59.6350,59.9316,14358900,PYPL,60.0943,60.5013,60.4294,60.6174,62.2261,61.0339,60.2468,62.1062
2024-08-07,62.0480,64.2930,61.9492,62.6464,13464400,PYPL,60.2842,60.6486,60.4512,60.6735,62.2235,61.0540,60.2860,62.1056
2024-08-08,63.5711,63.9617,62.4041,62.8491,9761200,PYPL,60.4964,60.9269,60.4929,60.7871,62.2377,61.1038,60.3399,62.1202
2024-08-09,64.0062,64.7776,63.7590,64.0853,8605300,PYPL,60.7164,61.2202,60.5655,60.9134,62.2425,61.1613,60.3956,62.1390
2024-08-12,62.7601,64.4117,62.5870,64.2337,7519500,PYPL,60.8642,61.3668,60.5843,60.9858,62.2470,61.1930,60.4412,62.1452
2024-08-13,64.3919,64.9161,63.0172,63.2941,8638600,PYPL,61.0274,61.6549,60.6262,61.1194,62.2476,61.2563,60.5085,62.1675
2024-08-14,65.4105,65.6578,63.9469,64.3425,8944800,PYPL,61.2697,62.0126,60.6792,61.2877,62.2476,61.3386,60.5797,62.1998
2024-08-15,67.1907,67.3687,66.3105,66.4193,12968300,PYPL,61.6623,62.5058,60.7704,61.5191,62.2789,61.4545,60.6665,62.2494
2024-08-16,67.2105,67.7940,66.6270,66.6270,9526800,PYPL,62.0891,62.9538,60.8580,61.7423,62.2983,61.5684,60.7501,62.2988
2024-08-19,68.6643,68.6939,67.4182,67.4676,9578100,PYPL,62.5173,63.4977,60.9057,62.0138,62.3256,61.7090,60.8373,62.3621
2024-08-20,71.0971,71.7597,68.6643,69.2280,23546000,PYPL,63.1196,64.2214,60.9965,62.3700,62.3782,61.8949,60.9373,62.4491
2024-08-21,70.6719,71.9674,70.0884,71.2702,10455500,PYPL,63.7817,64.8358,61.0829,62.6956,62.4224,62.0687,61.0184,62.5309
2024-08-22,70.7312,72.4421,70.1378,70.9488,11811100,PYPL,64.4888,65.3972,61.2164,63.0107,62.4866,62.2402,61.0947,62.6125
2024-08-23,70.9092,71.2751,70.0587,71.2059,8222200,PYPL,65.1519,65.9222,61.3800,63.3204,62.5562,62.4119,61.1791,62.6950
2024-08-26,71.2455,72.2246,70.8796,71.2751,9063000,PYPL,65.7997,66.4292,61.5877,63.6312,62.6225,62.5868,61.2652,62.7801
2024-08-27,70.8004,71.5521,70.5136,70.9587,9396900,PYPL,66.1750,66.8455,61.8044,63.9124,62.6922,62.7494,61.3468,62.8599
2024-08-28,69.6532,70.8004,69.2527,70.4840,9277700,PYPL,66.4050,67.1129,62.0081,64.1375,62.7444,62.8861,61.4267,62.9275
2024-08-29,72.3531,73.1146,70.4642,70.6125,13181600,PYPL,66.7931,67.6120,62.2858,64.4597,62.8119,63.0736,61.5176,63.0213
2024-08-30,71.6312,72.8773,70.9686,72.6993,9635000,PYPL,67.3099,67.9947,62.5356,64.7409,62.8656,63.2431,61.6068,63.1070
2024-09-03,71.2059,72.1435,70.6125,70.9636,8571300,PYPL,67.8805,68.3006,62.7609,64.9944,62.9261,63.4007,61.6826,63.1876
2024-09-04,71.8092,72.4322,70.8004,70.8153,8369000,PYPL,68.3681,68.6347,63.0204,65.2617,62.9935,63.5672,61.7536,63.2733
2024-09-05,71.2356,73.5794,70.2318,72.8476,11473800,PYPL,68.8274,68.8824,63.2716,65.4960,63.0670,63.7191,61.8288,63.3526
2024-09-06,68.1302,71.2554,67.7940,71.1466,12315800,PYPL,69.0554,68.8108,63.4819,65.5993,63.1202,63.8064,61.8899,63.4001
2024-09-09,68.5852,69.8708,67.4973,69.6157,11869300,PYPL,69.2843,68.7893,63.6990,65.7164,63.1788,63.9011,61.9510,63.4517
2024-09-10,68.0907,68.9708,66.4094,68.5752,12317500,PYPL,69.5509,68.7228,63.9130,65.8095,63.2341,63.9840,62.0175,63.4979
2024-09-11,68.5852,68.9313,67.0127,68.3973,12344900,PYPL,69.7605,68.7097,64.1413,65.9183,63.3058,64.0751,62.0818,63.5485
2024-09-12,69.5840,69.6038,68.2786,68.3775,8369100,PYPL,69.9692,68.7929,64.3666,66.0621,63.3854,64.1842,62.1540,63.6085
2024-09-13,69.3269,69.8411,69.0895,69.2675,7572600,PYPL,70.0760,68.8438,64.5735,66.1901,63.4537,64.2861,62.2218,63.6654
2024-09-16,70.2862,70.4543,69.2972,69.6829,6495000,PYPL,70.2298,68.9811,64.7972,66.3507,63.5194,64.4049,62.2841,63.7313
2024-09-17,70.9785,71.3740,70.3356,71.1367,6187200,PYPL,70.3455,69.1714,65.0480,66.5322,63.5879,64.5351,62.3524,63.8034
2024-09-18,72.3136,73.0553,70.5730,70.6620,13498200,PYPL,70.4063,69.4706,65.3273,66.7589,63.6771,64.6891,62.4291,63.8881
2024-09-19,76.7145,77.3820,73.9849,74.1728,21662400,PYPL,70.7085,70.1605,65.6966,67.1493,63.7919,64.9272,62.5177,64.0157
2024-09-20,75.9134,76.7145,74.6297,76.4574,27274600,PYPL,70.9676,70.7084,66.0283,67.4930,63.8886,65.1448,62.6013,64.1341
2024-09-23,76.8134,77.9309,76.4969,76.6749,12839800,PYPL,71.2628,71.2898,66.3724,67.8585,63.9850,65.3758,62.6990,64.2603
2024-09-24,77.4760,77.9606,76.8134,77.0211,14724800,PYPL,71.5743,71.8790,66.7259,68.2357,64.1057,65.6154,62.7920,64.3918
2024-09-25,76.5068,78.3859,76.4870,77.3672,13822400,PYPL,71.8596,72.3197,67.0334,68.5600,64.2083,65.8311,62.8853,64.5123
2024-09-26,79.1968,79.5429,77.6046,78.0743,13316700,PYPL,72.3368,72.9747,67.4061,68.9772,64.3505,66.0958,62.9899,64.6584
2024-09-27,77.0211,79.7407,76.8727,79.5133,11575300,PYPL,72.5702,73.3601,67.7597,69.2926,64.4719,66.3121,63.0830,64.7814
2024-09-30,77.1694,77.7282,76.3881,77.0112,6846900,PYPL,72.8471,73.7229,68.1296,69.6015,64.5916,66.5271,63.1777,64.9047
2024-10-01,76.6156,78.1386,75.5475,77.3474,10608700,PYPL,73.1176,73.9984,68.4599,69.8766,64.7267,66.7269,63.2555,65.0212
2024-10-02,76.5859,76.9123,75.3398,76.6156,8073300,PYPL,73.3564,74.2448,68.8106,70.1397,64.8552,66.9221,63.3325,65.1363
2024-10-03,76.4574,76.5464,75.2014,75.6860,9121300,PYPL,73.6175,74.4555,69.1912,70.3874,64.9974,67.1109,63.4119,65.2490
2024-10-04,78.4847,78.6529,77.1249,77.2980,10070400,PYPL,74.1353,74.8393,69.6291,70.7050,65.1498,67.3361,63.5003,65.3807
2024-10-07,79.3748,79.6023,77.7480,78.4155,9206600,PYPL,74.6747,75.2712,70.0637,71.0450,65.3049,67.5745,63.5856,65.5199
2024-10-08,80.2649,80.5023,78.6974,79.1078,8618500,PYPL,75.2834,75.7468,70.5032,71.4065,65.4756,67.8258,63.6817,65.6666
2024-10-09,80.7495,81.0956,79.9583,79.9880,6926000,PYPL,75.8917,76.2232,70.8523,71.7729,65.6491,68.0817,63.7785,65.8167
2024-10-10,78.1089,79.1919,77.6639,79.0584,11326100,PYPL,76.3179,76.4028,71.1134,72.0214,65.7925,68.2803,63.8633,65.9390
2024-10-11,79.6221,79.8357,78.2870,78.6628,7744800,PYPL,76.8327,76.7094,71.4140,72.3195,65.9482,68.5049,63.9520,66.0752
2024-10-14,79.7803,80.0869,78.9397,79.4539,5865400,PYPL,77.3074,77.0019,71.7837,72.6120,66.1121,68.7282,64.0410,66.2115
2024-10-15,78.6727,80.1660,77.7826,79.2660,7291600,PYPL,77.6921,77.1610,72.1613,72.8497,66.2838,68.9251,64.1224,66.3355
2024-10-16,79.9286,79.9583,78.5737,78.9298,5434800,PYPL,78.0728,77.4246,72.5187,73.1273,66.4740,69.1430,64.2184,66.4708
2024-10-17,78.9397,80.0078,78.3512,79.8594,8654000,PYPL,78.1841,77.5689,72.8565,73.3553,66.6538,69.3370,64.3092,66.5948
2024-10-18,80.0473,80.0770,78.0694,78.6232,8844300,PYPL,78.3908,77.8049,73.1860,73.6177,66.8395,69.5491,64.4195,66.7287
2024-10-21,79.6715,80.4627,79.1572,79.4292,7450300,PYPL,78.5337,77.9827,73.4993,73.8551,67.0324,69.7495,64.5289,66.8575
2024-10-22,80.0177,80.5220,79.1573,79.1671,7571300,PYPL,78.6608,78.1765,73.8445,74.0968,67.2144,69.9528,64.6317,66.9884
2024-10-23,79.9385,81.3330,79.2067,80.3440,7632100,PYPL,78.8324,78.3443,74.1554,74.3259,67.3908,70.1506,64.7261,67.1173
2024-10-24,80.4924,81.5703,80.0275,80.3391,7398800,PYPL,78.8971,78.5489,74.4571,74.5677,67.5681,70.3554,64.8266,67.2504
2024-10-25,80.7989,81.8868,80.5023,81.1055,7201000,PYPL,79.0860,78.7632,74.7292,74.8120,67.7498,70.5622,64.9292,67.3852
2024-10-28,82.6681,82.7769,80.9770,81.1253,15243500,PYPL,79.3610,79.1351,75.0384,75.1201,67.9482,70.8019,65.0392,67.5372
2024-10-29,79.3946,80.3539,75.9629,77.1793,35206400,PYPL,79.4999,79.1598,75.2530,75.2878,68.0793,70.9720,65.1345,67.6552
2024-10-30,77.3573,78.8309,77.1299,78.1584,14910500,PYPL,79.5385,78.9881,75.3782,75.3689,68.1873,71.0985,65.2323,67.7518
2024-10-31,78.4254,78.9397,77.4364,77.6243,13919300,PYPL,79.6369,78.9345,75.5333,75.4888,68.3081,71.2436,65.3282,67.8580
2024-11-01,76.3980,77.4453,75.6167,77.0062,16473600,PYPL,79.5326,78.6930,75.6466,75.5244,68.4315,71.3456,65.4032,67.9430
2024-11-04,77.2683,77.5749,76.1508,76.4079,10257000,PYPL,79.4272,78.5573,75.7738,75.5928,68.5769,71.4629,65.4641,68.0357
2024-11-05,78.3760,78.5342,76.8806,76.8806,6573900,PYPL,79.3328,78.5400,75.9164,75.7020,68.7520,71.5998,65.5408,68.1386
2024-11-06,80.5121,80.7890,79.1127,80.4479,11546500,PYPL,79.3209,78.7278,76.1106,75.8906,68.9575,71.7763,65.6230,68.2617
2024-11-07,80.4528,81.8275,80.2352,80.7940,7994300,PYPL,79.4381,78.8921,76.3266,76.0695,69.1674,71.9481,65.7136,68.3831
2024-11-08,82.0945,82.1538,80.4528,80.5616,8144200,PYPL,79.5617,79.1971,76.5214,76.3058,69.4036,72.1490,65.8239,68.5195
2024-11-11,85.9811,86.5053,82.4604,83.1428,15459400,PYPL,79.8718,79.8432,76.8084,76.6852,69.6720,72.4229,65.9483,68.6932
2024-11-12,85.4471,86.9503,84.7301,85.9218,10036900,PYPL,80.2105,80.3769,77.0933,77.0288,69.9271,72.6808,66.0603,68.8599
2024-11-13,86.3471,86.9306,85.1306,85.8427,9256600,PYPL,80.5314,80.9455,77.3840,77.3942,70.2022,72.9514,66.1771,69.0339
2024-11-14,84.8438,86.5083,84.5323,86.0998,8468300,PYPL,80.8266,81.3168,77.6562,77.6864,70.4639,73.1869,66.2980,69.1913
2024-11-15,84.8834,85.2493,84.1624,84.4087,8083200,PYPL,81.0684,81.6564,77.9913,77.9686,70.7366,73.4186,66.4157,69.3474
2024-11-18,83.7362,85.8822,83.6422,85.1059,10148100,PYPL,81.2717,81.8545,78.2943,78.1948,70.9967,73.6229,66.5257,69.4906
2024-11-19,83.1626,83.3060,81.5901,82.0747,12442700,PYPL,81.4289,81.9791,78.5957,78.3896,71.2544,73.8118,66.6372,69.6266
2024-11-20,83.8054,84.6559,83.3109,83.5779,6076300,PYPL,81.6223,82.1530,78.9001,78.6020,71.5207,74.0097,66.7412,69.7677
2024-11-21,83.8845,84.5471,83.2813,84.2208,7250100,PYPL,81.7919,82.3179,79.1861,78.8091,71.7764,74.2052,66.8479,69.9082
2024-11-22,85.8130,85.8427,83.6373,83.7461,6786000,PYPL,82.0426,82.6508,79.5158,79.0838,72.0447,74.4351,66.9995,70.0664
2024-11-25,86.8020,87.7613,86.0108,87.0196,12998300,PYPL,82.2493,83.0461,79.8462,79.3865,72.3217,74.6799,67.1422,70.2329
2024-11-26,85.9811,87.2075,85.9416,86.4361,5610400,PYPL,82.5786,83.3257,80.1462,79.6451,72.5971,74.9037,67.2749,70.3896
2024-11-27,85.6152,86.6932,85.3185,86.5844,5477900,PYPL,82.9915,83.5437,80.4123,79.8792,72.8698,75.1158,67.4149,70.5411
2024-11-29,85.8130,86.1196,84.8735,85.4372,4469700,PYPL,83.3609,83.7598,80.5942,80.1119,73.1454,75.3277,67.5529,70.6931
2024-12-02,85.5757,86.5053,84.8933,85.5955,7273500,PYPL,83.8198,83.9328,80.7875,80.3262,73.4079,75.5306,67.6856,70.8412
2024-12-03,84.2010,85.4471,83.6818,85.4471,8189800,PYPL,84.1664,83.9583,80.9352,80.4781,73.6538,75.7023,67.8141,70.9741
2024-12-04,88.3448,89.1459,84.2999,84.7350,15536000,PYPL,84.6648,84.3761,81.1526,80.7866,73.9392,75.9526,67.9659,71.1470
2024-12-05,88.0629,89.2744,87.2965,88.6019,9025600,PYPL,85.0424,84.7272,81.3837,81.0720,74.2086,76.1924,68.1220,71.3153
2024-12-06,88.8887,89.0470,87.5684,88.5030,6955500,PYPL,85.4642,85.1235,81.5776,81.3785,74.4918,76.4439,68.2779,71.4901
2024-12-09,89.0074,92.6270,88.7404,91.2326,10714200,PYPL,85.8098,85.4934,81.8173,81.6777,74.7885,76.6926,68.4304,71.6644
2024-12-10,87.7811,89.0074,87.4003,88.9481,6697500,PYPL,85.8998,85.7113,82.0295,81.9170,75.0796,76.9122,68.5759,71.8248
2024-12-11,89.7491,90.0260,86.8712,87.6426,6657200,PYPL,86.1149,86.0959,82.2922,82.2242,75.3761,77.1664,68.7272,72.0031
2024-12-12,88.4140,90.1645,88.3497,89.4327,4711100,PYPL,86.2183,86.3166,82.5287,82.4669,75.6697,77.3891,68.8714,72.1664
2024-12-13,90.0162,90.1793,88.8294,89.4228,8358100,PYPL,86.4769,86.6690,82.7999,82.7630,75.9956,77.6392,69.0231,72.3440
2024-12-16,90.2931,90.4513,88.5327,89.7887,7402500,PYPL,86.7474,87.0141,83.0361,83.0583,76.3326,77.8897,69.1752,72.5226
2024-12-17,89.8579,90.9853,89.2349,89.8975,8395600,PYPL,87.0534,87.2850,83.2458,83.3249,76.6547,78.1267,69.3279,72.6951
2024-12-18,84.5076,90.0854,84.2366,89.6947,12583700,PYPL,87.1207,87.0205,83.3306,83.3713,76.9169,78.2531,69.4623,72.8127
2024-12-19,85.8229,87.4448,85.2098,85.3284,9522400,PYPL,87.2216,86.9064,83.4321,83.4674,77.1422,78.4030,69.6040,72.9421
2024-12-20,86.1690,87.2569,83.5681,83.9735,22052700,PYPL,87.3358,86.8362,83.5933,83.5734,77.3533,78.5568,69.7456,73.0737
2024-12-23,85.9416,86.2778,85.0218,85.5163,5633100,PYPL,87.3422,86.7510,83.7197,83.6663,77.5668,78.7030,69.8835,73.2018
2024-12-24,87.2767,87.3558,85.6350,85.9416,3276300,PYPL,87.3660,86.8010,83.8696,83.8078,77.8266,78.8728,70.0228,73.3418
2024-12-26,87.1679,87.7514,86.2976,86.6339,4800600,PYPL,87.4253,86.8360,84.0395,83.9396,78.1004,79.0370,70.1618,73.4794
2024-12-27,85.9020,86.6883,85.2523,86.3965,5125000,PYPL,87.4396,86.7470,84.1590,84.0166,78.3388,79.1730,70.2825,73.6030
2024-12-30,84.4878,85.1188,83.7263,84.7449,5855000,PYPL,87.3734,86.5319,84.2699,84.0350,78.5632,79.2782,70.3934,73.7113
2024-12-31,84.4087,84.9526,84.1120,84.7894,4533200,PYPL,87.3150,86.3297,84.3572,84.0497,78.7716,79.3798,70.5046,73.8178
2025-01-02,85.2295,85.9811,83.8845,84.8883,6224500,PYPL,87.3665,86.2249,84.4683,84.0960,78.9838,79.4957,70.6132,73.9313
2025-01-03,86.6339,86.7328,85.3581,85.7735,6132500,PYPL,87.2809,86.2638,84.6006,84.1955,79.2226,79.6370,70.7348,74.0577
2025-01-06,88.5426,89.0964,86.7526,87.0492,7869200,PYPL,87.3049,86.4809,84.7727,84.3660,79.4641,79.8134,70.8558,74.2018
2025-01-07,86.9998,88.9777,86.6339,88.5426,6080800,PYPL,87.2104,86.5303,84.9029,84.4693,79.6800,79.9557,70.9638,74.3292
2025-01-08,86.9701,87.2569,85.8328,87.0888,7400000,PYPL,87.1086,86.5722,85.0263,84.5673,79.8778,80.0946,71.0783,74.4550
2025-01-10,82.4406,86.1295,81.3330,85.8328,11341200,PYPL,86.8416,86.1787,85.0217,84.4839,80.0301,80.1410,71.1642,74.5344
2025-01-13,83.0637,83.1923,80.8879,81.2835,7402400,PYPL,86.5073,85.8820,85.0951,84.4282,80.1741,80.1989,71.2498,74.6193
2025-01-14,86.2185,86.4361,83.8153,84.3494,8958400,PYPL,86.3975,85.9141,85.2724,84.4984,80.3253,80.3181,71.3517,74.7347
2025-01-15,88.6514,89.1953,87.4943,87.7415,10024100,PYPL,86.3293,86.1748,85.4769,84.6613,80.5051,80.4831,71.4637,74.8732
2025-01-16,87.9393,89.3763,87.8701,88.9678,5816400,PYPL,86.2116,86.3428,85.7077,84.7898,80.6771,80.6308,71.5819,75.0032
2025-01-17,90.7974,92.2166,89.0123,89.7590,16499700,PYPL,86.2586,86.7671,85.9783,85.0254,80.8760,80.8321,71.7161,75.1603
2025-01-21,88.7799,91.1930,88.4041,91.1930,12629300,PYPL,86.4722,86.9588,86.1864,85.1727,81.0514,80.9895,71.8369,75.2959
2025-01-22,88.8591,89.3733,88.1569,89.0074,7345700,PYPL,86.6240,87.1397,86.3533,85.3172,81.2320,81.1453,71.9621,75.4308
2025-01-23,88.7404,88.7898,87.2668,88.7700,7540600,PYPL,86.7525,87.2922,86.5190,85.4515,81.4228,81.2957,72.0836,75.5632
2025-01-24,88.1272,89.0311,87.8602,88.6019,6004700,PYPL,86.8618,87.3717,86.6397,85.5564,81.5806,81.4310,72.1962,75.6883
2025-01-27,89.2448,89.2942,86.4262,86.5795,6923800,PYPL,86.9602,87.5501,86.7050,85.7010,81.7567,81.5857,72.3111,75.8232
2025-01-28,87.2174,88.8393,85.9218,88.7700,8666000,PYPL,86.9627,87.5184,86.7404,85.7605,81.9168,81.6972,72.4215,75.9365
2025-01-29,87.7811,88.4289,87.1976,87.1976,5234500,PYPL,87.0567,87.5434,86.7691,85.8398,82.0765,81.8177,72.5350,76.0544
2025-01-30,88.5821,89.9222,87.8602,88.5228,7708500,PYPL,87.2614,87.6424,86.8438,85.9473,82.2500,81.9516,72.6585,76.1790
2025-01-31,87.6031,89.4030,87.5635,88.5821,8331400,PYPL,87.4211,87.6386,86.8982,86.0122,82.4447,82.0635,72.7825,76.2927
2025-02-03,88.5228,88.7206,85.0515,85.5460,11215000,PYPL,87.5858,87.7228,86.9940,86.1107,82.6441,82.1915,72.9114,76.4144
2025-02-04,76.8678,81.7780,76.5266,81.3528,58801900,PYPL,87.0974,86.6890,86.8681,85.7482,82.7319,82.0860,72.9830,76.4189
2025-02-05,78.3265,78.6232,76.8134,77.3474,23631900,PYPL,86.5866,85.8926,86.7585,85.4572,82.8293,82.0116,73.0675,76.4379
2025-02-06,77.7035,78.8606,77.2485,78.8012,14440500,PYPL,86.1218,85.1127,86.6349,85.1531,82.9105,81.9263,73.1479,76.4505
2025-02-07,76.4574,78.6133,76.3782,78.1287,13597300,PYPL,85.5962,84.2883,86.4477,84.8121,82.9818,81.8180,73.2178,76.4506
2025-02-10,77.3771,78.0496,76.7540,77.2980,11815600,PYPL,85.3430,83.6301,86.2592,84.5205,83.0527,81.7300,73.2860,76.4598
2025-02-11,75.3695,76.9914,75.2014,76.9568,15769400,PYPL,84.9583,82.8434,86.0470,84.1617,83.0966,81.6041,73.3423,76.4489
2025-02-12,75.4288,76.0024,74.4695,74.5882,11782500,PYPL,84.4188,82.1373,85.8433,83.8192,83.1278,81.4818,73.4024,76.4388
2025-02-13,75.7453,76.0766,74.8948,75.5277,9958600,PYPL,83.7735,81.5285,85.6419,83.5026,83.1181,81.3682,73.4550,76.4319
2025-02-14,77.1101,77.4661,75.7848,76.0519,10504600,PYPL,83.2321,81.1077,85.4726,83.2519,83.1300,81.2839,73.5093,76.4386
2025-02-18,77.7529,77.8914,76.6462,77.3375,11281200,PYPL,82.5798,80.7882,85.3437,83.0362,83.1394,81.2140,73.5622,76.4517
2025-02-19,77.4958,78.1287,76.6799,77.6342,9082300,PYPL,82.0156,80.4746,85.1267,82.8190,83.1396,81.1403,73.6226,76.4621
2025-02-20,76.7738,77.3079,76.0024,77.2584,9319300,PYPL,81.4114,80.1222,84.9009,82.5819,83.1423,81.0539,73.6753,76.4652
2025-02-21,74.1234,76.6255,73.9256,76.5859,15171700,PYPL,80.6805,79.5509,84.6056,82.2502,83.0916,80.9166,73.7210,76.4419
2025-02-24,74.4201,75.0431,73.1542,74.4151,12873300,PYPL,79.9952,79.0622,84.3138,81.9431,83.0656,80.7880,73.7687,76.4218
2025-02-25,73.2531,76.7125,71.8982,76.2843,20647200,PYPL,79.1956,78.5090,84.0233,81.6023,83.0264,80.6388,73.8090,76.3902
2025-02-26,71.2554,73.6586,70.9785,73.5102,15277600,PYPL,78.3975,77.8181,83.6534,81.1966,82.9728,80.4530,73.8498,76.3391
2025-02-27,69.9499,71.7499,69.8016,71.3543,11661200,PYPL,77.5059,77.0688,83.2841,80.7555,82.9064,80.2450,73.8808,76.2756
2025-02-28,70.2664,70.3356,68.9135,69.7225,13601300,PYPL,76.5901,76.4209,82.8891,80.3442,82.8445,80.0474,73.9210,76.2158
2025-03-03,68.9807,70.7807,68.7335,70.3158,15753700,PYPL,75.6590,75.7124,82.4629,79.8986,82.7495,79.8283,73.9496,76.1438
2025-03-04,66.7358,68.3181,65.6083,68.2390,20180000,PYPL,74.5697,74.8574,82.0004,79.3824,82.6231,79.5690,73.9640,76.0502
2025-03-05,68.7335,68.9214,66.9533,67.2303,14464300,PYPL,74.1629,74.2742,81.6850,78.9648,82.5078,79.3544,73.9917,75.9774
2025-03-06,67.3292,69.0895,66.9128,68.0610,11226900,PYPL,73.6131,73.6128,81.3151,78.5085,82.3736,79.1163,74.0114,75.8913
2025-03-07,69.7027,70.1972,67.0770,67.2204,16388300,PYPL,73.2130,73.2404,80.9858,78.1632,82.2895,78.9299,74.0410,75.8297
2025-03-10,67.4083,69.1983,66.2512,68.2588,15035200,PYPL,72.7606,72.6849,80.6151,77.7414,82.1674,78.7018,74.0578,75.7459
2025-03-11,67.2303,68.1896,66.4242,67.6555,12133100,PYPL,72.2532,72.1655,80.2142,77.3292,82.0419,78.4746,74.0770,75.6612
2025-03-12,67.8632,68.6148,67.1561,68.1104,11545800,PYPL,71.8779,71.7557,79.8281,76.9580,81.9338,78.2645,74.1088,75.5836
2025-03-13,66.1721,68.1500,65.9644,67.5764,9778300,PYPL,71.4151,71.2239,79.4335,76.5350,81.7962,78.0250,74.1351,75.4900
2025-03-14,68.1896,68.3775,66.7753,67.0621,9828700,PYPL,71.0373,70.9349,79.1075,76.2077,81.6887,77.8303,74.1713,75.4173
2025-03-17,68.8818,69.4455,67.2302,67.9126,7971200,PYPL,70.6259,70.7394,78.7970,75.9204,81.5771,77.6531,74.2083,75.3523
2025-03-18,68.1203,68.6939,67.5368,68.3082,7520800,PYPL,70.1443,70.4900,78.4548,75.6146,81.4615,77.4643,74.2470,75.2803
2025-03-19,69.2280,69.7027,68.0610,68.3379,6876400,PYPL,69.7309,70.3698,78.1067,75.3641,81.3537,77.3012,74.2840,75.2201
2025-03-20,68.9016,70.0290,68.4863,68.6692,7453600,PYPL,69.3373,70.2300,77.7138,75.1107,81.2433,77.1349,74.3170,75.1573
2025-03-21,69.4159,69.6335,67.7940,67.8632,14603800,PYPL,69.1019,70.1524,77.3622,74.8873,81.1325,76.9820,74.3503,75.1001
2025-03-24,70.1873,70.8697,69.7274,70.7609,9911000,PYPL,68.8902,70.1557,77.0265,74.7030,81.0264,76.8475,74.3881,75.0512
2025-03-25,70.0785,70.9191,69.7699,70.2169,6690600,PYPL,68.7315,70.1484,76.7793,74.5217,80.9005,76.7134,74.4244,75.0018
2025-03-26,69.1983,70.8301,68.7780,70.1477,7449600,PYPL,68.6287,70.0579,76.5020,74.3129,80.7985,76.5646,74.4389,74.9440
2025-03-27,68.1005,69.1835,67.9423,68.2983,7883100,PYPL,68.5362,69.8715,76.1396,74.0693,80.7060,76.3970,74.4467,74.8759
2025-03-28,64.4315,67.4874,64.2337,67.3094,16536300,PYPL,68.2444,69.3534,75.6552,73.6913,80.5660,76.1601,74.4371,74.7720
2025-03-31,64.5304,64.7084,62.7008,63.5711,11562000,PYPL,68.0219,68.8941,75.1870,73.3321,80.4474,75.9298,74.4394,74.6701
2025-04-01,65.3710,65.6281,63.8875,63.9073,8000600,PYPL,67.9537,68.5585,74.6785,73.0199,80.3284,75.7207,74.4526,74.5776
2025-04-02,66.4094,66.8248,64.3820,64.5304,8123000,PYPL,67.8375,68.3538,74.2311,72.7606,80.2087,75.5363,74.4804,74.4963
2025-04-03,61.0294,63.2348,60.2778,62.4041,18479900,PYPL,67.5225,67.6563,73.6745,72.3006,80.0139,75.2490,74.4857,74.3623
2025-04-04,57.7262,59.5262,56.6878,59.3383,22125000,PYPL,66.9237,66.7106,73.0542,71.7291,79.7866,74.9021,74.4770,74.1968
2025-04-07,57.8845,60.8019,55.2340,56.1142,20263200,PYPL,66.4475,65.8700,72.4494,71.1861,79.5445,74.5651,74.4741,74.0344
2025-04-08,56.7768,60.5844,55.8373,59.1009,16533600,PYPL,65.9248,65.0040,71.8000,70.6211,79.2525,74.2128,74.4623,73.8627
2025-04-09,63.2447,63.4623,55.8868,56.0450,22502000,PYPL,65.6939,64.8364,71.3205,70.3318,79.0305,73.9956,74.4788,73.7571
2025-04-10,59.8921,61.7612,58.2900,61.6129,14398100,PYPL,65.3799,64.3655,70.7628,69.9224,78.7659,73.7164,74.4841,73.6191
2025-04-11,61.8997,62.1173,59.7793,59.8624,12919400,PYPL,65.0654,64.1307,70.2291,69.6078,78.5365,73.4824,74.5002,73.5025
2025-04-14,61.5832,63.1953,61.0096,62.9975,8997500,PYPL,64.7005,63.8881,69.7087,69.2931,78.3035,73.2467,74.5200,73.3839
2025-04-15,61.3162,62.0975,60.9651,61.6722,9140800,PYPL,64.3603,63.6431,69.1646,68.9803,78.0793,73.0105,74.5380,73.2638
2025-04-16,59.5756,60.7822,59.0614,60.6981,9833600,PYPL,63.8776,63.2558,68.8187,68.6115,77.8434,72.7445,74.5489,73.1276
2025-04-17,60.3272,60.7921,59.4688,59.6844,9023700,PYPL,63.4489,62.9768,68.4588,68.2866,77.6086,72.4986,74.5647,73.0003
2025-04-21,59.6201,60.2877,58.7993,59.5756,7354100,PYPL,62.9591,62.6572,68.0971,67.9467,77.3660,72.2436,74.5712,72.8671
2025-04-22,60.7426,61.2272,59.2888,60.0602,9390100,PYPL,62.4869,62.4748,67.7828,67.6642,77.1153,72.0158,74.5800,72.7465
2025-04-23,61.7711,63.8579,61.4843,62.0233,9838900,PYPL,62.0715,62.4078,67.4707,67.4331,76.8650,71.8129,74.5933,72.6373
2025-04-24,64.0557,64.1150,62.0678,62.2063,10877000,PYPL,61.8144,62.5647,67.2444,67.3007,76.6457,71.6593,74.6214,72.5519
2025-04-25,64.6194,64.6985,63.7738,63.7738,8693400,PYPL,61.6403,62.7604,67.0282,67.1955,76.4357,71.5199,74.6528,72.4730
2025-04-28,64.2139,65.0941,63.4227,64.5848,14251500,PYPL,61.6295,62.8988,66.7976,67.0786,76.2198,71.3753,74.6826,72.3908
2025-04-29,65.5886,66.6863,63.6502,65.6380,19706800,PYPL,61.6824,63.1550,66.5672,67.0202,76.0199,71.2607,74.7139,72.3231
2025-04-30,65.1139,65.2622,62.8392,64.4364,10293800,PYPL,61.6695,63.3416,66.3144,66.9454,75.8290,71.1390,74.7414,72.2514
2025-05-01,64.6886,65.3908,64.1348,64.8963,10073000,PYPL,61.5835,63.4699,66.0582,66.8569,75.5925,71.0112,74.7658,72.1761
2025-05-02,66.4984,67.0127,65.2523,65.4056,10081500,PYPL,61.8569,63.7583,65.8527,66.8428,75.3768,70.9219,74.7927,72.1196
2025-05-05,67.7841,68.5950,66.1721,66.2215,12000300,PYPL,62.3598,64.1417,65.7259,66.8797,75.1658,70.8597,74.8288,72.0765
2025-05-06,67.2995,68.1698,67.0522,67.2006,7659400,PYPL,62.8306,64.4424,65.5835,66.8962,74.9487,70.7892,74.8686,72.0289
2025-05-07,67.9324,68.1797,66.9731,67.5813,8103700,PYPL,63.3883,64.7748,65.4771,66.9368,74.7502,70.7327,74.9149,71.9882
2025-05-08,69.7027,70.1636,68.5357,68.5357,11791500,PYPL,63.7112,65.2441,65.4461,67.0453,74.5497,70.7123,74.9629,71.9654
2025-05-09,69.4851,70.5334,69.2379,70.0884,7470500,PYPL,64.1909,65.6480,65.4368,67.1410,74.3604,70.6880,75.0151,71.9408
2025-05-12,71.5125,73.3322,71.0576,72.1652,12513000,PYPL,64.6715,66.2066,65.4617,67.3124,74.1754,70.7043,75.0855,71.9365
2025-05-13,71.4927,71.8488,71.0971,71.6114,8076200,PYPL,65.1670,66.7100,65.5119,67.4764,73.9874,70.7199,75.1600,71.9321
2025-05-14,71.8784,72.5311,71.4433,71.8586,7724000,PYPL,65.6951,67.2022,65.6148,67.6490,73.8076,70.7428,75.2312,71.9315
2025-05-15,70.7807,71.8685,70.6521,71.5422,8116500,PYPL,66.2554,67.5430,65.6557,67.7718,73.6703,70.7436,75.2936,71.9201
2025-05-16,71.3839,71.4235,70.2961,70.6818,8717900,PYPL,66.8082,67.9088,65.7368,67.9134,73.5259,70.7563,75.3341,71.9148
2025-05-19,71.5224,71.7400,70.3257,70.3752,7434900,PYPL,67.4033,68.2530,65.7732,68.0550,73.3795,70.7714,75.3664,71.9109
2025-05-20,71.8092,71.9773,70.9488,71.0971,8403200,PYPL,67.9567,68.5917,65.8612,68.2022,73.2382,70.7920,75.4025,71.9098
2025-05-21,70.8598,72.3966,70.7164,71.4037,8094300,PYPL,68.4111,68.8077,65.9338,68.3064,73.0740,70.7933,75.4503,71.8994
2025-05-22,70.6620,71.1911,70.4939,70.6867,6451000,PYPL,68.7414,68.9843,65.9898,68.3988,72.9089,70.7907,75.5047,71.8871
2025-05-23,69.0796,69.3664,68.6445,68.6939,7683600,PYPL,68.9644,68.9934,66.0479,68.4255,72.7407,70.7568,75.5398,71.8591
2025-05-27,70.6917,71.2010,69.8856,69.9697,8770900,PYPL,69.2883,69.1551,66.0980,68.5144,72.6027,70.7556,75.5830,71.8475
2025-05-28,70.6521,71.2405,70.3158,70.7905,6292100,PYPL,69.5415,69.2977,66.1334,68.5982,72.4652,70.7535,75.6184,71.8356
2025-05-29,70.1477,71.6500,69.4752,71.3642,7058300,PYPL,69.7932,69.3786,66.1739,68.6590,72.3144,70.7415,75.6491,71.8188
2025-05-30,69.5049,70.2961,68.7533,70.1774,14937200,PYPL,70.0340,69.3907,66.1795,68.6921,72.1431,70.7170,75.6828,71.7958
2025-06-02,70.1477,70.1774,68.2885,68.5110,7518200,PYPL,70.2165,69.4628,66.2044,68.7492,71.9591,70.7058,75.7116,71.7794
2025-06-03,70.5433,70.6422,69.0895,70.2169,7316400,PYPL,70.3544,69.5657,66.2269,68.8196,71.7946,70.7025,75.7373,71.7671
2025-06-04,71.9971,72.2641,70.5433,70.7015,7712300,PYPL,70.5893,69.7972,66.2631,68.9442,71.6448,70.7282,75.7613,71.7694
2025-06-05,71.6707,72.7388,71.2850,71.9922,6323600,PYPL,70.7762,69.9757,66.2950,69.0511,71.5371,70.7468,75.7836,71.7684
2025-06-06,72.6201,72.8081,71.8389,72.4570,7240200,PYPL,70.9221,70.2275,66.3634,69.1911,71.4327,70.7839,75.8034,71.7769
2025-06-09,72.7388,73.1542,72.1454,72.8872,6166500,PYPL,71.0848,70.4667,66.4562,69.3302,71.2979,70.8226,75.8116,71.7865
2025-06-10,73.9355,74.4399,72.5114,72.7685,9510700,PYPL,71.2059,70.7971,66.6463,69.5108,71.1507,70.8843,75.8279,71.8079
2025-06-11,73.7871,74.3805,73.1146,74.2717,7706100,PYPL,71.3206,71.0818,66.8314,69.6785,71.0092,70.9418,75.8432,71.8275
2025-06-12,73.9849,74.4765,73.1839,73.2036,8644600,PYPL,71.4260,71.3583,67.0037,69.8474,70.8411,71.0020,75.8586,71.8490
2025-06-13,70.0488,73.3965,69.7531,72.4916,16744400,PYPL,71.3894,71.2336,67.0765,69.8553,70.6538,70.9832,75.8526,71.8311
2025-06-16,71.4631,71.6856,70.2862,70.8400,7195500,PYPL,71.3933,71.2554,67.2851,69.9183,70.4798,70.9927,75.8559,71.8274
2025-06-17,69.8906,71.3048,69.6879,71.1268,7374300,PYPL,71.3117,71.1255,67.5284,69.9172,70.2913,70.9708,75.8571,71.8082
2025-06-18,67.8138,70.4899,66.7753,69.7324,20427700,PYPL,71.1120,70.8101,67.7270,69.8347,70.0882,70.9083,75.8344,71.7684
2025-06-20,69.2774,69.7719,67.7940,68.0709,18497900,PYPL,71.0329,70.6641,67.9770,69.8129,69.8885,70.8760,75.8226,71.7436
2025-06-23,71.2158,71.3513,69.3862,70.2169,11447900,PYPL,71.0605,70.7166,68.1365,69.8679,69.7285,70.8827,75.8227,71.7384
2025-06-24,72.7685,73.1245,71.7499,72.3185,9500900,PYPL,71.2450,70.9121,68.3940,69.9817,69.5784,70.9201,75.8275,71.7486
2025-06-25,72.2641,73.4311,71.6163,73.3223,7851900,PYPL,71.3236,71.0408,68.6013,70.0712,69.4152,70.9467,75.8326,71.7538
2025-06-26,72.3630,72.5707,70.8202,72.4372,10235600,PYPL,71.4092,71.1667,68.8169,70.1610,69.2628,70.9747,75.8538,71.7598
2025-06-27,72.8278,72.9366,72.0515,72.4619,10449500,PYPL,71.5432,71.3249,69.0471,70.2656,69.1058,71.0114,75.8750,71.7705
2025-06-30,73.5003,73.7179,72.8476,73.1245,7738000,PYPL,71.7429,71.5321,69.3256,70.3925,69.0722,71.0607,75.9020,71.7877
2025-07-01,74.4596,74.8602,72.9861,73.1344,8633800,PYPL,71.9585,71.8109,69.6082,70.5520,69.0335,71.1280,75.9314,71.8143
2025-07-02,75.4684,76.0173,74.1728,74.1827,9361500,PYPL,72.2048,72.1593,69.9252,70.7448,69.0111,71.2140,75.9608,71.8506
2025-07-03,75.7453,76.5068,75.6316,75.8640,5263400,PYPL,72.3922,72.5008,70.2253,70.9409,69.0040,71.3037,75.9929,71.8894
2025-07-07,75.3398,75.9826,74.7860,75.3695,5918600,PYPL,72.5756,72.7712,70.4966,71.1134,68.9837,71.3836,76.0182,71.9237
2025-07-08,74.2025,75.6711,73.6882,75.5970,8758400,PYPL,72.6548,72.9075,70.6996,71.2345,68.9720,71.4395,76.0343,71.9464
2025-07-09,74.0047,74.9541,73.5547,74.6574,6755700,PYPL,72.7181,73.0120,70.8873,71.3432,68.9577,71.4902,76.0428,71.9669
2025-07-10,74.8651,75.3794,73.3124,73.6338,6380200,PYPL,72.7645,73.1885,71.1003,71.4813,68.9489,71.5571,76.0335,71.9957
2025-07-11,70.5730,74.3706,70.0093,74.3410,21877700,PYPL,72.6038,72.9394,71.2000,71.4457,68.8836,71.5376,76.0068,71.9815
2025-07-14,73.0751,73.4904,70.7510,70.7708,12993900,PYPL,72.5583,72.9523,71.3592,71.5095,68.8368,71.5680,75.9881,71.9924
2025-07-15,72.1553,73.0949,72.1356,72.9564,7333600,PYPL,72.6637,72.8764,71.5085,71.5349,68.7834,71.5797,75.9615,71.9940
2025-07-16,72.1652,72.7685,70.9389,72.4520,9671100,PYPL,72.6988,72.8087,71.6219,71.5596,68.7373,71.5913,75.9398,71.9957
2025-07-17,73.0454,73.3619,71.5521,71.6707,8522700,PYPL,72.8565,72.8312,71.7271,71.6179,68.7265,71.6201,75.9090,72.0062
2025-07-18,73.3520,73.5300,72.4758,73.2828,9011600,PYPL,73.1334,72.8808,71.8482,71.6859,68.7158,71.6544,75.8907,72.0196
2025-07-21,73.9948,75.3893,73.4212,73.5300,8200400,PYPL,73.3693,72.9869,71.9694,71.7764,68.7233,71.7007,75.8748,72.0392
2025-07-22,75.1618,75.3102,73.9404,73.9404,9094400,PYPL,73.5666,73.1940,72.0786,71.9092,68.7623,71.7692,75.8676,72.0703
2025-07-23,75.8145,76.3782,75.0728,76.0766,9283200,PYPL,73.7189,73.4436,72.2052,72.0623,68.8210,71.8493,75.8637,72.1076
2025-07-24,76.9617,77.8914,76.4969,76.8826,10504300,PYPL,73.9538,73.7787,72.3142,72.2545,68.8879,71.9506,75.8662,72.1559
2025-07-25,77.1200,77.9458,76.6453,76.7343,6888100,PYPL,74.1916,74.0969,72.4267,72.4453,68.9693,72.0529,75.8594,72.2053
2025-07-28,77.3573,78.6232,77.0705,77.6441,15978400,PYPL,74.4181,74.4074,72.5363,72.6379,69.0755,72.1580,75.8493,72.2565
2025-07-29,70.6620,72.4718,69.5346,70.9389,42890700,PYPL,74.2762,74.0507,72.5339,72.5604,69.0948,72.1284,75.8013,72.2406
2025-07-30,68.9412,71.4087,68.7879,71.3938,20790400,PYPL,74.0003,73.5641,72.4851,72.4185,69.1109,72.0652,75.7423,72.2078
2025-07-31,68.0017,69.2824,67.7050,68.7088,16657600,PYPL,73.6269,73.0343,72.4146,72.2453,69.0939,71.9848,75.6917,72.1660
2025-08-01,66.3699,67.5962,65.8358,67.2500,15181100,PYPL,73.1582,72.3996,72.3059,72.0149,69.0835,71.8736,75.6255,72.1083
2025-08-04,67.2599,67.8137,66.5330,67.0770,11756800,PYPL,72.7542,71.9101,72.2339,71.8284,69.0838,71.7822,75.5629,72.0601
2025-08-05,67.0819,67.9126,66.6666,67.7050,10714700,PYPL,72.3981,71.4503,72.1623,71.6423,69.0760,71.6892,75.5049,72.0105
2025-08-06,68.6544,68.8423,67.4567,67.5467,11913000,PYPL,72.1306,71.1840,72.1538,71.5251,69.1008,71.6291,75.4485,71.9771
2025-08-07,67.4676,69.3961,66.9336,69.2280,10129300,PYPL,71.7607,70.8301,72.0893,71.3660,69.0936,71.5467,75.3912,71.9323
2025-08-08,66.9039,67.8533,66.6764,67.6852,9683400,PYPL,71.5773,70.4561,72.0143,71.1910,69.0738,71.4547,75.3255,71.8822
2025-08-11,66.3402,67.7247,66.1622,67.0621,10118600,PYPL,71.2405,70.0642,71.9382,71.0008,69.0560,71.3534,75.2588,71.8271
2025-08-12,67.2204,67.9819,66.4885,66.4984,9747500,PYPL,70.9938,69.7933,71.8925,70.8525,69.0360,71.2716,75.1948,71.7812
2025-08-13,69.8510,69.9499,67.3984,67.4775,12344700,PYPL,70.8781,69.7988,71.8865,70.8132,69.0455,71.2435,75.1444,71.7620
2025-08-14,68.6148,69.0500,67.4775,68.6742,10695400,PYPL,70.6565,69.6861,71.8480,70.7270,69.0375,71.1914,75.0850,71.7307
2025-08-15,68.4665,69.3862,68.3972,68.8027,8128000,PYPL,70.4123,69.5699,71.7773,70.6384,69.0202,71.1375,75.0233,71.6982
2025-08-18,68.7632,69.2132,68.4665,68.5456,8410200,PYPL,70.1507,69.4931,71.7192,70.5648,69.0071,71.0904,74.9538,71.6690
2025-08-19,68.2885,69.5890,68.1698,69.0203,9052800,PYPL,69.8070,69.3783,71.6326,70.4756,68.9980,71.0350,74.8983,71.6354
2025-08-20,67.3292,68.3478,66.9336,68.1797,9992300,PYPL,69.3828,69.1832,71.5244,70.3522,68.9903,70.9616,74.8481,71.5925
2025-08-21,66.8050,67.1215,66.1869,66.9336,7039500,PYPL,68.8749,68.9567,71.3818,70.2131,69.0140,70.8793,74.7900,71.5449
2025-08-22,69.1291,69.3763,67.0720,67.1610,9394100,PYPL,68.4754,68.9731,71.2886,70.1706,69.0600,70.8446,74.7537,71.5209
2025-08-25,68.7137,69.0401,68.2786,68.8818,6460300,PYPL,68.0432,68.9484,71.1832,70.1134,69.0934,70.8024,74.7109,71.4929
2025-08-26,69.4060,69.4752,68.4170,68.6346,9471500,PYPL,67.9804,68.9920,71.1703,70.0857,69.1234,70.7748,74.6661,71.4722
2025-08-27,68.8818,69.3071,67.9334,67.9720,8648200,PYPL,67.9774,68.9815,71.1187,70.0385,69.2019,70.7373,74.6079,71.4464
2025-08-28,69.2873,69.7818,68.7632,69.2280,5882000,PYPL,68.0417,69.0106,71.1066,70.0090,69.3175,70.7086,74.5521,71.4249
2025-08-29,69.4159,69.9203,69.1291,69.2478,5636300,PYPL,68.1940,69.0492,71.1387,69.9858,69.4328,70.6830,74.4887,71.4049
2025-09-02,68.4862,68.6089,67.3984,68.1599,12882500,PYPL,68.2553,68.9956,71.1228,69.9270,69.5499,70.6395,74.4012,71.3759
2025-09-03,68.8719,69.1192,68.0412,68.1500,11808200,PYPL,68.3448,68.9838,71.0760,69.8856,69.6062,70.6045,74.3183,71.3510
2025-09-04,67.7050,69.1291,65.4996,68.9313,14063500,PYPL,68.2974,68.8620,70.9747,69.8001,69.6843,70.5470,74.2251,71.3147
2025-09-05,67.5072,69.1686,67.4182,68.1203,7794300,PYPL,68.2993,68.7330,70.8796,69.7102,69.7404,70.4869,74.1384,71.2768
2025-09-08,67.6456,67.8335,67.0522,67.7050,7954900,PYPL,68.3364,68.6294,70.7852,69.6292,69.8010,70.4306,74.0523,71.2407
2025-09-09,66.9336,67.7445,66.7852,67.4478,8776500,PYPL,68.3661,68.4679,70.6673,69.5235,69.8572,70.3613,73.9682,71.1978
2025-09-10,64.9161,67.2797,64.5155,66.7358,14352500,PYPL,68.2509,68.1297,70.4956,69.3428,69.9106,70.2535,73.8770,71.1353
2025-09-11,66.5281,66.6072,64.9853,65.0249,11154400,PYPL,68.0847,67.9771,70.3370,69.2324,69.9726,70.1797,73.7906,71.0895
2025-09-12,66.1523,67.0028,66.1226,66.4687,7505600,PYPL,67.9616,67.8033,70.1507,69.1116,70.0379,70.1000,73.7020,71.0403
2025-09-15,66.3699,67.4379,66.0662,66.5578,9597900,PYPL,67.8568,67.6668,69.9632,69.0041,70.0942,70.0261,73.6047,70.9939
2025-09-16,66.1127,66.3995,65.3759,66.0979,9353900,PYPL,67.7242,67.5188,69.7786,68.8907,70.1376,69.9486,73.5013,70.9453
2025-09-17,67.8632,68.5060,66.2611,66.3995,18607800,PYPL,67.7030,67.5516,69.6519,68.8504,70.1757,69.9073,73.4107,70.9146
2025-09-18,67.7643,69.5247,67.5764,69.3071,14330500,PYPL,67.7247,67.5719,69.5270,68.8078,70.2072,69.8649,73.3215,70.8833
2025-09-19,67.4676,68.0907,67.1759,68.0017,19774200,PYPL,67.7579,67.5619,69.3791,68.7553,70.2397,69.8174,73.2297,70.8493
2025-09-22,66.9336,67.3588,66.3105,67.0127,13298200,PYPL,67.6481,67.5021,69.3063,68.6838,70.2531,69.7603,73.1365,70.8103
2025-09-23,66.5676,68.2291,66.3797,67.0572,10449000,PYPL,67.5408,67.4131,69.1762,68.6008,70.2677,69.6971,73.0483,70.7681
2025-09-24,67.1116,67.8236,66.6962,66.9039,9180600,PYPL,67.4261,67.3844,69.0753,68.5424,70.2919,69.6459,72.9422,70.7317
2025-09-25,66.0039,66.7457,65.4699,66.5182,10773700,PYPL,67.2822,67.2529,68.9521,68.4429,70.2870,69.5738,72.8319,70.6847
2025-09-26,66.5578,66.8841,65.5886,66.2611,8431600,PYPL,67.1457,67.1867,68.8223,68.3690,70.2747,69.5141,72.7202,70.6436
2025-09-29,68.9115,70.4741,67.1413,67.2105,28497000,PYPL,67.1205,67.3510,68.7335,68.3902,70.2908,69.5021,72.6198,70.6264
2025-09-30,66.3204,69.0599,66.1127,69.0549,21464800,PYPL,67.0122,67.2528,68.5800,68.3091,70.2747,69.4391,72.5124,70.5835
2025-10-01,65.9248,67.0522,65.4897,66.1622,17050100,PYPL,66.8648,67.1263,68.3953,68.2156,70.2369,69.3695,72.3933,70.5372
2025-10-02,68.1698,68.1896,66.2116,66.3303,13461600,PYPL,66.8881,67.2257,68.2424,68.2138,70.2238,69.3458,72.2921,70.5136
2025-10-03,68.4862,68.7632,67.0028,67.3489,12219800,PYPL,66.9370,67.3458,68.0729,68.2245,70.1935,69.3288,72.1845,70.4935
2025-10-06,70.5038,71.0774,68.6860,69.4456,16769900,PYPL,67.0799,67.6465,67.9405,68.3138,70.1836,69.3520,72.0855,70.4936
2025-10-07,73.7871,74.8404,72.2542,73.2531,31977500,PYPL,67.4226,68.2313,67.8691,68.5285,70.2027,69.4399,72.0052,70.5263
2025-10-08,75.2904,75.6563,72.4669,74.4052,17904800,PYPL,67.9413,68.9036,67.9617,68.7937,70.2478,69.5557,71.9591,70.5737
2025-10-09,74.9146,76.4870,74.2055,76.3387,15774400,PYPL,68.3606,69.4761,68.0812,69.0337,70.2831,69.6618,71.9045,70.6169
2025-10-10,69.0697,76.0519,68.9906,75.2706,22326500,PYPL,68.5065,69.4374,68.1025,69.0351,70.2586,69.6501,71.8190,70.6015
2025-10-13,68.1005,70.1477,67.4102,69.9400,20036800,PYPL,68.5931,69.3101,68.1371,68.9985,70.2215,69.6194,71.7298,70.5767
2025-10-14,68.3874,68.9412,66.0336,66.6665,12968500,PYPL,68.7068,69.2222,68.1597,68.9745,70.1968,69.5950,71.6354,70.5549
2025-10-15,67.2303,69.1044,67.0918,68.6198,11247300,PYPL,68.6751,69.0325,68.1627,68.9061,70.1625,69.5482,71.5357,70.5218
2025-10-16,65.3215,67.8434,64.6985,67.3786,19258500,PYPL,68.5530,68.6791,68.0960,68.7655,70.1249,69.4645,71.4328,70.4700
2025-10-17,66.6665,66.9632,64.7282,64.8122,11151500,PYPL,68.5130,68.4874,68.0800,68.6832,70.0846,69.4091,71.3437,70.4322
2025-10-20,68.4368,68.7038,66.9039,66.9286,10016100,PYPL,68.5881,68.4826,68.1106,68.6735,70.0625,69.3898,71.2638,70.4123
2025-10-21,69.2774,69.5840,68.0709,68.2588,9032000,PYPL,68.7236,68.5583,68.1694,68.6972,70.0538,69.3876,71.1841,70.4011
2025-10-22,67.3193,68.6049,67.1610,68.4071,8173400,PYPL,68.7340,68.4403,68.1714,68.6432,70.0319,69.3466,71.0875,70.3704
2025-10-23,68.8917,69.2873,67.2995,67.3193,8199000,PYPL,68.8784,68.4833,68.1522,68.6529,70.0194,69.3376,70.9892,70.3557
2025-10-24,69.0005,70.4642,68.9708,69.3763,8638200,PYPL,69.0005,68.5325,68.1599,68.6666,70.0039,69.3310,70.8992,70.3422
2025-10-27,69.4752,71.0774,69.3565,70.0736,18821300,PYPL,69.0287,68.6223,68.1801,68.6983,69.9787,69.3338,70.8118,70.3336
2025-10-28,72.2147,78.3413,72.0268,75.3695,83722300,PYPL,69.3234,68.9644,68.2491,68.8362,69.9841,69.3909,70.7606,70.3523
2025-10-29,68.9115,71.9279,68.5505,71.8982,38505400,PYPL,69.4727,68.9594,68.2616,68.8391,69.9471,69.3814,70.6899,70.3379
2025-10-30,67.1808,69.9895,67.1511,69.0648,19550800,PYPL,69.4233,68.7900,68.2586,68.7741,69.8915,69.3378,70.5947,70.3065
2025-10-31,68.5060,68.8126,66.8742,67.5171,18370100,PYPL,69.4243,68.7630,68.2926,68.7636,69.8372,69.3213,70.4940,70.2886
2025-11-03,67.5863,69.5741,66.9583,68.7582,14619000,PYPL,69.2784,68.6509,68.2618,68.7174,69.7752,69.2870,70.3922,70.2617
2025-11-04,65.3512,66.5469,65.2226,66.4885,19711800,PYPL,68.8566,68.3366,68.1945,68.5854,69.6888,69.2090,70.2650,70.2129
2025-11-05,67.3094,67.4577,65.1732,65.2919,13606100,PYPL,68.4576,68.2388,68.1526,68.5354,69.6614,69.1714,70.1576,70.1840
2025-11-06,65.5292,67.3193,65.4798,67.0522,11480200,PYPL,67.9883,67.9808,68.0855,68.4175,69.6021,69.0993,70.0410,70.1377
2025-11-07,65.4897,65.7814,64.0655,64.7776,13449300,PYPL,67.8093,67.7435,68.0096,68.3027,69.5581,69.0278,69.9247,70.0914
2025-11-10,65.5193,66.6863,65.0169,66.3204,11129900,PYPL,67.6802,67.5317,67.9316,68.1935,69.5352,68.9583,69.8117,70.0459
2025-11-11,66.6567,67.2006,65.4996,65.5193,10032500,PYPL,67.5937,67.4483,67.8950,68.1332,69.5089,68.9128,69.6987,70.0122
2025-11-12,66.4589,67.2401,66.1622,66.7852,10134000,PYPL,67.5551,67.3541,67.8468,68.0676,69.4614,68.8642,69.5949,69.9768
2025-11-13,64.6095,66.5380,64.4315,65.7765,14185800,PYPL,67.5195,67.0927,67.7849,67.9320,69.3798,68.7799,69.4791,69.9234
2025-11-14,62.1173,63.9370,62.0579,63.4029,21979900,PYPL,67.2921,66.6189,67.6771,67.7039,69.2783,68.6480,69.3468,69.8458
2025-11-17,61.2074,62.4733,60.6140,62.1173,20632700,PYPL,66.9306,66.1035,67.5483,67.4492,69.1668,68.5006,69.2148,69.7598
2025-11-18,60.0305,60.9602,59.8031,60.7129,18446600,PYPL,66.4683,65.5251,67.4102,67.1582,69.0388,68.3329,69.0723,69.6630
2025-11-19,59.5845,60.2288,58.6428,60.0801,25061900,PYPL,66.0815,64.9593,67.3036,66.8612,68.8996,68.1597,68.9859,69.5627
2025-11-20,57.5970,60.1842,57.4929,60.0454,21059300,PYPL,65.5168,64.2582,67.1250,66.4979,68.7310,67.9505,68.8822,69.4436
2025-11-21,60.0405,60.4270,57.5326,57.7308,20849400,PYPL,65.0688,63.8565,67.0028,66.2447,68.5767,67.7939,68.7939,69.3501
2025-11-24,60.0305,60.2982,59.3267,60.0801,21013500,PYPL,64.5965,63.4921,66.8760,66.0010,68.4196,67.6402,68.7118,69.2574
2025-11-25,60.6848,61.4332,60.1891,60.3279,11065200,PYPL,64.0200,63.2247,66.7674,65.7925,68.2730,67.5024,68.6283,69.1721
2025-11-26,61.2894,61.6166,60.6352,60.8632,8335300,PYPL,63.6389,63.0404,66.6359,65.6159,68.1439,67.3794,68.5579,69.0936
2025-11-28,62.1419,62.5037,61.5868,61.6859,7875900,PYPL,63.3870,62.9549,66.5235,65.4797,68.0253,67.2757,68.4915,69.0244
2025-12-01,62.0329,62.6574,61.2894,61.5075,10923300,PYPL,63.0633,62.8670,66.4148,65.3445,67.8969,67.1719,68.4229,68.9549
2025-12-02,62.3501,63.2769,61.6066,62.3699,10834100,PYPL,62.8015,62.8178,66.3231,65.2271,67.8147,67.0764,68.3491,68.8892
2025-12-03,60.7046,63.3711,59.8819,62.3005,24402800,PYPL,62.5692,62.6166,66.2059,65.0497,67.6910,66.9502,68.2639,68.8077
2025-12-04,61.1903,61.5571,59.8571,59.9711,15994300,PYPL,62.2632,62.4807,66.0874,64.8984,67.5814,66.8362,68.1824,68.7319
2025-12-05,61.7355,62.3897,60.9425,61.1308,11152900,PYPL,62.0736,62.4097,66.0021,64.7744,67.4771,66.7352,68.1072,68.6623
2025-12-08,60.5856,61.9635,60.4568,61.8792,12544000,PYPL,61.8284,62.2360,65.8826,64.6101,67.3525,66.6134,68.0395,68.5819
2025-12-09,60.2486,60.9623,59.9612,60.2189,13214700,PYPL,61.5648,62.0467,65.7094,64.4391,67.2214,66.4873,67.9686,68.4990
2025-12-10,60.6253,60.9385,59.6340,59.9612,19985100,PYPL,61.2633,61.9114,65.5955,64.2895,67.0877,66.3713,67.9055,68.4207
2025-12-11,61.1507,61.2498,59.3268,59.5498,14023800,PYPL,60.9978,61.8389,65.5000,64.1664,66.9476,66.2679,67.8550,68.3483
2025-12-12,61.1209,61.6066,60.4667,60.5460,15964000,PYPL,60.8234,61.7705,65.3590,64.0470,66.8007,66.1660,67.8108,68.2764
2025-12-15,60.2090,62.2708,60.0950,61.4183,18187500,PYPL,60.7280,61.6218,65.1935,63.8965,66.6332,66.0480,67.7605,68.1962
2025-12-16,60.7938,61.6027,60.4171,61.1507,17316800,PYPL,60.7073,61.5430,64.9993,63.7748,66.4699,65.9440,67.7196,68.1225
2025-12-17,59.6539,61.8644,59.6043,60.8533,16357800,PYPL,60.6885,61.3630,64.7166,63.6132,66.2929,65.8194,67.6842,68.0382
2025-12-18,58.9203,59.7926,58.3999,59.0690,23734500,PYPL,60.6553,61.1304,64.3892,63.4292,66.1754,65.6828,67.6351,67.9475
2025-12-19,59.2871,59.5894,58.2859,58.4049,31927500,PYPL,60.7398,60.9549,64.0767,63.2667,66.0789,65.5561,67.5949,67.8613
2025-12-22,59.3367,60.0157,59.2375,59.4358,13976100,PYPL,60.7046,60.8007,63.8820,63.1126,65.9923,65.4330,67.5431,67.7765
2025-12-23,58.8906,59.5448,58.4247,59.3069,12153600,PYPL,60.6476,60.6188,63.6978,62.9470,65.9175,65.3034,67.5005,67.6881
2025-12-24,59.5151,59.6192,58.7915,58.8133,5491700,PYPL,60.5891,60.5137,63.5203,62.8125,65.8400,65.1888,67.4619,67.6068
2025-12-26,59.4457,59.5845,59.0145,59.4754,7537800,PYPL,60.4969,60.4120,63.3647,62.6804,65.7637,65.0751,67.4198,67.5256
2025-12-29,58.9699,59.6142,58.6081,59.3268,12910100,PYPL,60.3383,60.2747,63.2376,62.5349,65.6668,64.9542,67.3838,67.4404
2025-12-30,58.5833,59.0789,58.5635,58.9402,11277900,PYPL,60.1659,60.1136,63.0760,62.3799,65.5780,64.8280,67.3358,67.3523
2025-12-31,57.8696,58.5238,57.8300,58.5139,13027300,PYPL,59.9418,59.8999,62.8646,62.2031,65.4876,64.6902,67.2807,67.2580
2026-01-02,57.6317,58.2859,57.1460,58.1571,14693100,PYPL,59.7882,59.6838,62.6317,62.0238,65.4005,64.5505,67.2283,67.1622
2026-01-05,58.7716,59.5795,57.3938,57.5028,17115900,PYPL,59.6672,59.5970,62.4607,61.8963,65.3161,64.4360,67.1760,67.0787
2026-01-06,59.2871,59.4110,58.4644,58.7518,11110800,PYPL,59.5448,59.5675,62.2687,61.7939,65.2104,64.3341,67.1279,67.0012
2026-01-07,57.9985,59.6093,57.7457,59.3416,18044300,PYPL,59.4155,59.4180,62.0486,61.6451,65.1043,64.2086,67.0709,66.9116
2026-01-08,57.7606,58.4842,57.2649,57.5128,13105200,PYPL,59.2911,59.2602,61.8143,61.4928,64.9972,64.0809,67.0087,66.8205
2026-01-09,57.1559,58.3454,56.7792,58.2859,15061500,PYPL,59.1176,59.0598,61.5131,61.3227,64.8811,63.9438,66.9441,66.7244
2026-01-12,56.7891,57.2748,56.2638,57.1063,19898900,PYPL,58.8995,58.8435,61.2707,61.1449,64.7661,63.8021,66.8821,66.6255
2026-01-13,56.0655,56.7990,55.7830,56.7098,15900500,PYPL,58.6468,58.5789,61.0484,60.9457,64.6535,63.6489,66.8219,66.5204
2026-01-14,57.1559,57.2848,55.7781,55.9069,16039900,PYPL,58.4941,58.4434,60.8214,60.7971,64.5570,63.5204,66.7855,66.4272
2026-01-15,56.2439,57.3561,56.1052,57.2352,16405300,PYPL,58.2666,58.2339,60.5945,60.6185,64.4281,63.3763,66.7441,66.3259
2026-01-16,56.3926,56.4719,55.7483,56.2935,15116900,PYPL,58.1035,58.0586,60.4154,60.4528,64.3049,63.2380,66.6992,66.2271
2026-01-20,54.5985,55.5867,54.5340,55.0941,19744400,PYPL,57.8874,57.7290,60.1612,60.2232,64.1569,63.0669,66.6401,66.1114
2026-01-21,55.4014,55.8375,54.6133,55.0346,15117000,PYPL,57.6932,57.5074,59.9586,60.0341,64.0221,62.9151,66.6120,66.0048
2026-01-22,56.6504,57.0469,56.0556,56.0953,14540700,PYPL,57.5588,57.4257,59.7818,59.9014,63.8957,62.7911,66.6066,65.9117
2026-01-23,56.1250,56.4868,55.9168,56.3332,8758900,PYPL,57.4206,57.3019,59.5939,59.7533,63.7628,62.6591,66.5978,65.8143
2026-01-26,56.1052,56.6206,56.0011,56.0754,9971400,PYPL,57.2501,57.1879,59.3829,59.6103,63.6390,62.5293,66.5945,65.7177
2026-01-27,55.0247,56.1349,54.7224,56.0060,14240700,PYPL,57.0290,56.9819,59.1542,59.4305,63.5005,62.3807,66.5534,65.6113
2026-01-28,53.6072,55.0049,53.1760,54.5291,19222700,PYPL,56.7609,56.6605,58.9342,59.2021,63.3595,62.2069,66.5219,65.4919
2026-01-29,52.6457,53.6964,52.0707,53.6468,19463500,PYPL,56.4640,56.2781,58.7447,58.9450,63.2109,62.0176,66.4757,65.3641
2026-01-30,52.2293,52.4871,51.6049,51.9815,18607800,PYPL,56.1820,55.8925,58.5652,58.6816,63.0567,61.8238,66.4289,65.2334
2026-02-02,51.8725,52.9728,51.8646,52.0410,27452900,PYPL,55.8940,55.5097,58.4020,58.4146,62.9061,61.6267,66.3817,65.1004
2026-02-03,41.3354,43.3179,41.0678,42.5101,141690600,PYPL,55.0222,54.1597,58.0370,57.7448,62.6703,61.2249,66.2905,64.8640
2026-02-04,40.6713,41.4742,39.6106,41.2363,58018000,PYPL,54.0914,52.8751,57.6985,57.0753,62.4118,60.8179,66.1922,64.6232
2026-02-05,39.5512,40.6515,38.5401,40.2450,42842800,PYPL,53.1691,51.6062,57.2887,56.3881,62.1457,60.3968,66.0918,64.3738
2026-02-06,40.0666,40.2550,39.0357,39.8981,34921700,PYPL,52.2844,50.5072,56.8894,55.7480,61.8827,59.9942,65.9885,64.1319
2026-02-09,40.7902,40.9092,39.4620,39.8585,26034300,PYPL,51.4661,49.5817,56.4916,55.1614,61.6295,59.6139,65.8836,63.8996
2026-02-10,41.1273,41.9797,40.3937,40.3937,22787700,PYPL,50.6830,48.7766,56.0883,54.6111,61.3621,59.2479,65.7689,63.6731
2026-02-11,40.1063,41.2561,39.6602,41.1372,21538900,PYPL,49.8850,47.9508,55.6476,54.0422,61.0855,58.8688,65.6464,63.4386
2026-02-12,38.7383,39.9328,38.1238,39.9328,28004800,PYPL,48.9641,47.0734,55.1817,53.4421,60.7983,58.4702,65.5190,63.1928
2026-02-13,39.9378,40.0171,38.7473,38.8969,25092400,PYPL,48.1488,46.3938,54.7335,52.9125,60.5283,58.1032,65.3907,62.9614
2026-02-17,40.4532,41.2363,40.0171,40.1459,20342500,PYPL,47.3519,45.8281,54.3284,52.4239,60.2672,57.7537,65.2674,62.7374
2026-02-18,41.0876,41.3949,40.2351,40.4136,17925500,PYPL,46.6763,45.3766,53.9264,51.9794,60.0069,57.4237,65.1494,62.5220
2026-02-19,41.3652,41.4246,40.4929,40.7456,24646900,PYPL,45.9745,44.9946,53.5190,51.5631,59.7605,57.1057,65.0237,62.3115
2026-02-20,41.2859,42.4357,41.1501,41.2115,23174000,PYPL,45.2063,44.6414,53.1330,51.1601,59.5078,56.7924,64.8913,62.1023
2026-02-23,43.6649,45.2905,40.1707,40.6862,75619500,PYPL,44.5833,44.5484,52.8013,50.8661,59.2553,56.5325,64.7731,61.9188
2026-02-24,46.6089,47.5804,42.6538,43.1147,58557200,PYPL,44.1085,44.7446,52.5210,50.6992,59.0582,56.3360,64.6665,61.7665
2026-02-25,46.9063,48.0760,46.0389,46.9658,42794100,PYPL,43.7026,44.9505,52.2361,50.5505,58.8680,56.1493,64.5525,61.6186
2026-02-26,45.1319,47.3127,44.1060,47.0847,48091800,PYPL,43.2788,44.9678,51.9163,50.3380,58.6377,55.9311,64.4307,61.4546
2026-02-27,45.8060,46.0142,45.0229,45.4095,23641200,PYPL,42.9368,45.0476,51.6283,50.1602,58.4109,55.7306,64.3022,61.2989
2026-03-02,45.2311,45.5532,44.2497,44.4282,17355300,PYPL,42.5869,45.0651,51.3170,49.9669,58.1581,55.5227,64.1709,61.1390
2026-03-03,45.9745,46.5494,44.2696,44.3389,22406400,PYPL,42.2920,45.1517,51.0434,49.8104,57.8800,55.3336,64.0414,60.9881
2026-03-04,46.4816,47.0583,45.6663,45.7856,14612800,PYPL,42.5493,45.2783,50.7946,49.6798,57.5919,55.1583,63.9199,60.8438
2026-03-05,47.3665,47.6399,46.2181,46.2181,18317700,PYPL,42.8841,45.4772,50.5562,49.5891,57.3164,55.0040,63.7998,60.7097
2026-03-06,46.7003,47.4560,46.0889,46.8992,15900100,PYPL,43.2415,45.5937,50.3035,49.4758,57.0927,54.8396,63.6757,60.5703
2026-03-09,45.8950,46.2589,44.7019,45.7856,18908300,PYPL,43.5329,45.6224,50.0436,49.3354,56.8707,54.6625,63.5461,60.4242
2026-03-10,44.7615,45.5569,44.5527,45.3481,17575900,PYPL,43.7315,45.5404,49.7485,49.1560,56.6344,54.4664,63.4156,60.2684
2026-03-11,45.3084,45.8751,44.5428,45.1891,13794100,PYPL,43.9406,45.5183,49.4658,49.0051,56.4152,54.2851,63.2888,60.1195
2026-03-12,44.1053,45.8095,44.0854,45.0399,15293100,PYPL,44.1405,45.3837,49.1685,48.8130,56.2030,54.0835,63.1640,59.9602
2026-03-13,44.6422,44.9902,43.9184,43.9512,13962500,PYPL,44.4357,45.3131,48.8897,48.6494,55.9828,53.8965,63.0337,59.8078
2026-03-16,45.1592,45.6365,44.9305,44.9902,14460200,PYPL,44.6968,45.2985,48.6354,48.5126,55.7500,53.7235,62.9062,59.6620
2026-03-17,45.8651,46.7103,45.4814,45.5768,21819800,PYPL,44.9674,45.3524,48.4001,48.4087,55.5159,53.5679,62.7848,59.5247
2026-03-18,44.3340,45.8125,44.2942,45.3531,19662700,PYPL,45.1297,45.2554,48.1114,48.2490,55.2861,53.3851,62.6590,59.3736
2026-03-19,43.9363,44.5826,43.2821,43.9413,22744600,PYPL,45.2582,45.1298,47.8043,48.0798,55.0365,53.1980,62.5279,59.2200
2026-03-20,43.7573,44.2942,43.0812,44.0755,31695500,PYPL,45.3818,44.9991,47.5195,47.9103,54.7841,53.0110,62.3940,59.0661
2026-03-23,45.2288,45.4774,43.7573,44.4632,21262500,PYPL,45.4600,45.0210,47.2689,47.8052,54.5416,52.8569,62.2602,58.9284
2026-03-24,43.9562,45.0051,43.7374,44.6869,19616500,PYPL,45.3274,44.9196,47.0049,47.6542,54.2590,52.6807,62.1216,58.7795
2026-03-25,44.5925,45.6961,43.9462,44.8212,14861200,PYPL,45.2117,44.8884,46.7610,47.5342,54.0158,52.5205,61.9814,58.6383
2026-03-26,44.9405,45.7081,44.2147,44.2246,14613000,PYPL,45.2021,44.8934,46.5385,47.4324,53.7934,52.3704,61.8425,58.5020
2026-03-27,43.3397,44.5328,43.3000,44.4632,17434200,PYPL,45.0788,44.7454,46.2621,47.2719,53.5418,52.1916,61.6895,58.3511
2026-03-30,44.4135,44.7565,43.6678,43.7474,17778200,PYPL,45.0379,44.7138,46.0255,47.1598,53.3100,52.0375,61.5426,58.2124
2026-03-31,44.9703,45.2089,44.0258,44.4831,12695000,PYPL,44.9877,44.7382,45.7971,47.0740,53.1062,51.8976,61.3975,58.0807
2026-04-01,44.3738,45.2388,43.7474,45.0300,15319900,PYPL,44.8823,44.7035,45.5926,46.9681,52.8769,51.7486,61.2692,57.9443
2026-04-02,45.0797,45.1592,43.4242,43.7673,12747700,PYPL,44.7680,44.7393,45.3862,46.8940,52.6724,51.6166,61.1372,57.8163
2026-04-06,45.2189,46.1734,45.0697,45.4615,11006800,PYPL,44.6939,44.7850,45.1575,46.8283,52.4697,51.4899,61.0139,57.6909
2026-04-07,44.6124,45.1990,44.3042,44.8311,10416300,PYPL,44.6298,44.7686,44.9273,46.7414,52.2606,51.3537,60.8979,57.5608
2026-04-08,45.5868,46.0839,45.2934,45.7260,15619000,PYPL,44.6710,44.8465,44.7169,46.6962,52.0499,51.2395,60.7794,57.4417
2026-04-09,45.7160,45.8154,44.6472,45.5470,12716600,PYPL,44.6914,44.9293,44.5307,46.6577,51.8425,51.1301,60.6519,57.3250
2026-04-10,44.9803,45.9149,44.7217,45.6514,13130500,PYPL,44.7352,44.9342,44.3582,46.5919,51.6462,51.0083,60.5130,57.2022
2026-04-13,47.2372,47.6001,44.8013,44.8431,15179300,PYPL,44.8649,45.1535,44.2500,46.6172,51.4974,50.9337,60.3878,57.1030
2026-04-14,47.6946,48.0565,47.4261,47.6648,11045300,PYPL,44.9917,45.3955,44.1593,46.6595,51.3622,50.8695,60.2645,57.0094
2026-04-15,49.2854,49.4693,47.6250,48.2365,13074000,PYPL,45.1627,45.7660,44.1076,46.7625,51.2548,50.8381,60.1468,56.9325
2026-04-16,49.5240,49.6632,48.0724,48.1122,13420600,PYPL,45.4222,46.1239,44.2714,46.8708,51.1542,50.8121,60.0269,56.8588
2026-04-17,50.5183,50.9060,49.4872,50.0559,18758600,PYPL,45.7513,46.5424,44.4683,47.0138,51.0834,50.8063,59.9072,56.7957
2026-04-20,51.1645,51.2143,50.1504,50.3890,13091800,PYPL,46.1217,46.9826,44.7006,47.1766,50.9946,50.8134,59.7857,56.7397
2026-04-21,50.5879,51.9997,50.4636,51.7114,13548100,PYPL,46.3896,47.3260,44.9110,47.3104,50.9002,50.8089,59.6599,56.6785
2026-04-22,50.9259,51.1645,50.4785,50.7072,8569700,PYPL,46.7381,47.6688,45.1137,47.4521,50.8026,50.8113,59.5378,56.6212
2026-04-23,49.4644,50.5879,48.8877,50.4536,11581400,PYPL,46.9817,47.8398,45.2804,47.5311,50.6844,50.7846,59.4141,56.5500
2026-04-24,50.1902,50.2995,49.2755,49.5141,8259300,PYPL,47.2442,48.0637,45.4821,47.6353,50.5649,50.7728,59.2951,56.4867
2026-04-27,49.4842,50.2697,49.1134,50.0888,7992800,PYPL,47.5514,48.1990,45.6970,47.7078,50.4394,50.7473,59.1682,56.4171
2026-04-28,49.3550,50.1902,49.1711,49.4843,9761400,PYPL,47.7985,48.3091,45.8854,47.7724,50.3094,50.7197,59.0621,56.3468
2026-04-29,50.6475,51.5722,48.9374,49.1263,18531700,PYPL,48.0823,48.5318,46.0893,47.8852,50.2089,50.7183,58.9499,56.2901
2026-04-30,49.8521,50.1653,49.1363,49.5161,12519900,PYPL,48.3563,48.6575,46.2646,47.9623,50.0955,50.7011,58.8384,56.2260
2026-05-01,50.1504,50.6177,49.9963,50.2797,8765800,PYPL,48.6098,48.7997,46.4403,48.0481,49.9796,50.6902,58.7283,56.1656
2026-05-04,50.1007,50.7668,49.9317,50.2101,13649500,PYPL,48.8539,48.9236,46.6166,48.1286,49.8748,50.6786,58.6136,56.1052
2026-05-05,46.2231,46.4468,44.2544,45.1095,39099400,PYPL,48.9344,48.6664,46.6677,48.0539,49.7345,50.5903,58.4780,56.0069
2026-05-06,46.0043,47.1875,45.4923,46.4170,19820100,PYPL,48.9553,48.4129,46.6556,47.9735,49.5883,50.4995,58.3380,55.9074
2026-05-07,45.9546,46.8743,45.8850,46.1634,14081600,PYPL,48.9672,48.1788,46.6366,47.8943,49.4363,50.4095,58.1920,55.8083
2026-05-08,45.1095,46.1038,45.0697,45.3581,14073700,PYPL,48.9737,47.8864,46.6362,47.7851,49.2762,50.3046,58.0385,55.7019
2026-05-11,44.8112,45.2587,44.7715,44.9554,18994500,PYPL,48.8524,47.5936,46.6163,47.6685,49.1223,50.1958,57.8777,55.5935
2026-05-12,45.1791,45.4376,44.0954,44.6820,25493000,PYPL,48.7266,47.3636,46.6152,47.5709,48.9661,50.0965,57.7180,55.4899
2026-05-13,44.9703,45.4774,44.3290,44.7019,15923800,PYPL,48.5109,47.1357,46.5951,47.4689,48.8193,49.9949,57.5561,55.3852
2026-05-14,44.7814,45.5271,44.3638,45.0797,9719500,PYPL,48.2737,46.9115,46.5611,47.3635,48.6779,49.8917,57.4267,55.2797
2026-05-15,44.1550,44.9703,44.1252,44.5328,16481200,PYPL,47.9556,46.6490,46.4969,47.2377,48.5266,49.7781,57.3027,55.1690
2026-05-18,44.1302,44.9753,43.9661,44.0158,9478900,PYPL,47.6039,46.4091,46.4455,47.1158,48.3745,49.6663,57.1834,55.0592
2026-05-19,43.5784,44.7615,43.5585,44.1252,13711800,PYPL,47.2534,46.1395,46.3992,46.9771,48.2214,49.5457,57.0694,54.9449
2026-05-20,44.1202,44.1550,42.6835,43.3447,10991400,PYPL,46.9131,45.9472,46.3863,46.8651,48.0674,49.4383,56.9537,54.8372
2026-05-21,44.0457,44.4334,43.5784,43.9363,10925200,PYPL,46.6422,45.7661,46.3611,46.7545,47.9134,49.3315,56.8385,54.7299
2026-05-22,43.9761,44.4533,43.7374,44.0457,10691700,PYPL,46.3315,45.5956,46.3585,46.6455,47.7635,49.2254,56.7151,54.6229
2026-05-26,43.9065,44.1849,43.6132,43.9462,13161000,PYPL,46.0526,45.4347,46.3438,46.5381,47.6167,49.1201,56.5973,54.5162
2026-05-27,43.5088,44.4732,43.3795,44.3121,14170300,PYPL,45.7603,45.2513,46.3108,46.4193,47.4731,49.0090,56.4804,54.4067
2026-05-28,44.2047,44.3240,43.0713,43.4590,17132700,PYPL,45.4381,45.1516,46.2776,46.3325,47.3388,48.9139,56.3697,54.3052
2026-05-29,44.4931,44.9405,44.1699,44.2843,18833300,PYPL,45.1702,45.0889,46.2807,46.2603,47.1961,48.8263,56.2561,54.2076
2026-06-01,44.9305,45.7210,43.9462,44.2743,16231000,PYPL,44.9092,45.0738,46.3006,46.2082,47.0525,48.7492,56.1315,54.1152
2026-06-02,44.2743,44.8808,44.1351,44.3588,11441400,PYPL,44.6179,44.9977,46.3110,46.1324,46.9152,48.6606,56.0097,54.0173
2026-06-03,42.3654,44.2445,42.0721,44.0854,19227300,PYPL,44.4250,44.7470,46.2537,45.9846,46.7613,48.5359,55.8792,53.9014
2026-06-04,42.6447,43.6223,42.6447,43.3130,11255700,PYPL,44.2570,44.5468,46.2275,45.8537,46.6162,48.4193,55.7487,53.7894
2026-06-05,41.1883,42.2965,40.9688,41.7868,23894900,PYPL,44.0187,44.2269,46.1594,45.6707,46.4602,48.2761,55.6131,53.6640
2026-06-08,41.1583,41.3179,40.5548,41.1583,16778100,PYPL,43.8211,43.9347,46.0837,45.4937,46.3111,48.1351,55.4823,53.5396
2026-06-09,41.3578,42.1559,40.9688,41.0636,17585000,PYPL,43.6484,43.6893,46.0441,45.3316,46.1531,48.0009,55.3551,53.4183
2026-06-10,40.5997,41.3628,40.4102,40.8990,14669100,PYPL,43.4195,43.3950,45.9678,45.1460,45.9967,47.8544,55.2124,53.2908
2026-06-11,41.1384,41.1583,40.1010,40.4102,14757100,PYPL,43.2279,43.1801,45.8912,44.9888,45.8441,47.7214,55.0745,53.1699
2026-06-12,41.4277,41.4875,40.7693,41.1933,12304100,PYPL,43.0602,43.0132,45.8323,44.8492,45.7124,47.5967,54.9346,53.0530
2026-06-15,42.3853,43.2332,41.9963,42.2536,22555300,PYPL,42.9717,42.9534,45.7784,44.7526,45.5823,47.4936,54.8022,52.9469
2026-06-16,43.5424,43.8417,42.4751,42.6048,19507100,PYPL,42.9423,43.0095,45.7449,44.7051,45.4512,47.4153,54.6734,52.8533
2026-06-17,41.9763,44.6298,41.9464,43.4826,19133700,PYPL,42.8622,42.9111,45.6921,44.5981,45.3097,47.3076,54.5362,52.7451
2026-06-18,42.4053,42.7105,41.5474,42.0960,27215200,PYPL,42.7765,42.8629,45.6285,44.5121,45.1727,47.2105,54.4058,52.6422
2026-06-22,42.2357,43.2232,41.9713,42.5000,13179000,PYPL,42.6860,42.8032,45.5589,44.4228,45.0448,47.1120,54.2727,52.5387
2026-06-23,41.5973,42.3654,41.5474,42.0262,13930000,PYPL,42.5670,42.6883,45.4912,44.3120,44.9247,47.0028,54.1421,52.4298
2026-06-24,42.3753,43.2731,41.5773,41.5773,15478100,PYPL,42.4905,42.6585,45.3940,44.2361,44.8220,46.9112,54.0165,52.3297
2026-06-25,42.2756,42.8940,42.2207,42.5948,10371600,PYPL,42.4288,42.6221,45.2856,44.1592,44.7225,46.8194,53.8896,52.2297
2026-06-26,44.1809,44.2707,42.1060,42.1758,33246300,PYPL,42.4276,42.7705,45.1835,44.1600,44.6456,46.7671,53.7758,52.1496
2026-06-29,44.2707,44.6298,43.9664,44.5250,16684300,PYPL,42.4165,42.9134,45.0785,44.1644,44.6749,46.7177,53.6726,52.0712
2026-06-30,43.0736,44.4602,42.1559,44.4602,14229600,PYPL,42.3236,42.9286,44.9296,44.1216,44.6989,46.6455,53.5553,51.9817
2026-07-01,43.9614,44.7794,43.4527,43.7519,22969600,PYPL,42.3080,43.0270,44.7855,44.1153,44.7430,46.5924,53.4444,51.9019
2026-07-02,45.3580,45.3779,44.2956,44.2956,14785400,PYPL,42.4576,43.2490,44.6809,44.1640,44.7959,46.5680,53.3393,51.8368
2026-07-06,44.9789,45.0238,43.6721,44.3405,11504700,PYPL,42.5743,43.4138,44.5620,44.1960,44.8378,46.5365,53.2337,51.7685
2026-07-07,45.5375,45.9515,45.2083,45.3181,10213900,PYPL,42.7918,43.6160,44.4834,44.2486,44.8819,46.5167,53.1220,51.7065
2026-07-08,44.4203,45.1684,43.6223,44.9789,9601100,PYPL,42.9549,43.6926,44.3680,44.2553,44.9251,46.4752,53.0053,51.6340
2026-07-09,45.2083,45.2682,43.7120,43.7619,9104900,PYPL,43.1474,43.8370,44.2825,44.2927,44.9898,46.4501,52.8940,51.5701
2026-07-10,46.2059,46.3306,45.6522,45.8368,10639400,PYPL,43.4277,44.0626,44.2195,44.3677,45.0525,46.4453,52.7904,51.5167
2026-07-13,47.5326,48.3107,46.1710,46.7844,20294200,PYPL,43.7474,44.3931,44.1572,44.4919,45.1233,46.4668,52.6952,51.4771
2026-07-14,47.2533,47.2732,46.3156,46.5849,9416000,PYPL,44.0387,44.6655,44.1053,44.6001,45.1849,46.4824,52.5959,51.4350
2026-07-15,55.3832,55.7423,53.3083,54.7099,90995100,PYPL,44.6886,45.6862,44.2099,45.0230,45.3251,46.6586,52.5428,51.4743
2026-07-16,56.5902,57.5279,55.1438,55.2735,33840900,PYPL,45.3410,46.7247,44.3397,45.4766,45.4781,46.8553,52.4930,51.5252
2026-07-17,56.4206,57.0291,55.5528,56.3508,19847300,PYPL,46.0632,47.6481,44.5437,45.9058,45.6057,47.0447,52.4305,51.5739
2026-07-20,56.6800,57.0192,55.1438,56.3508,24700800,PYPL,46.7770,48.5083,44.7572,46.3283,45.7064,47.2355,52.3823,51.6248
2026-07-21,55.7124,56.7698,54.8645,55.9019,15952100,PYPL,47.4508,49.1944,44.9523,46.6963,45.7945,47.4034,52.3312,51.6654
2026-07-22,55.3732,56.2411,55.0989,55.8421,11187000,PYPL,48.1396,49.7828,45.1576,47.0366,45.8969,47.5612,52.2673,51.7023
2026-07-23,55.8620,55.9418,54.7996,55.3383,13945300,PYPL,48.8139,50.3618,45.3786,47.3827,45.9974,47.7256,52.2041,51.7437
2026-07-24,56.0117,56.3408,55.0839,56.1693,11763000,PYPL,49.5007,50.8999,45.5953,47.7211,46.1052,47.8896,52.1317,51.7862
2026-07-27,55.9318,56.4456,55.3433,56.2211,14864400,PYPL,50.0883,51.3791,45.8145,48.0431,46.2048,48.0489,52.0424,51.8274
2026-07-28,58.1763,58.6551,56.3209,56.6201,22908900,PYPL,50.7836,52.0265,46.0824,48.4405,46.3218,48.2494,51.9568,51.8906
2026-07-29,58.2062,59.3235,57.8571,57.9568,18759500,PYPL,51.5402,52.6150,46.3634,48.8234,46.4302,48.4466,51.8733,51.9534
2026-07-30,57.5080,57.7474,56.5154,57.2586,11974400,PYPL,52.2175,53.0810,46.6310,49.1640,46.5382,48.6260,51.8155,52.0087
2026-07-31,57.0690,57.4282,56.4306,56.9693,9773000,PYPL,52.8031,53.4608,46.9008,49.4740,46.6500,48.7932,51.7603,52.0591
2026-08-03,57.7274,58.1065,57.1937,57.9848,9303200,PYPL,53.4405,53.8672,47.1729,49.7977,46.7796,48.9701,51.7070,52.1155
2026-08-04,58.3958,58.4157,57.0391,57.0591,10322200,PYPL,54.0834,54.2985,47.4599,50.1348,46.9105,49.1568,51.6629,52.1780
2026-08-05,57.7873,59.2536,57.7673,58.9225,8523900,PYPL,54.7518,54.6307,47.7362,50.4349,47.0473,49.3277,51.6252,52.2338
2026-08-06,59.6327,59.6427,57.9568,58.1464,10754100,PYPL,55.4730,55.1071,48.0507,50.7956,47.1972,49.5317,51.5900,52.3074
2026-08-07,58.9245,59.8422,58.6651,59.5429,8413900,PYPL,56.1089,55.4707,48.3590,51.1144,47.3349,49.7177,51.5425,52.3732
2026-08-10,58.9245,58.9344,58.1783,58.1913,6707100,PYPL,56.6785,55.7996,48.6534,51.4207,47.4655,49.9000,51.4907,52.4384
2026-08-11,58.8546,59.2935,58.4057,58.4057,9752300,PYPL,57.2586,56.0906,48.9406,51.7122,47.6107,50.0774,51.4484,52.5023
2026-08-12,59.0541,59.1539,57.7474,58.0067,6141400,PYPL,57.4421,56.3728,49.2231,52.0001,47.7619,50.2551,51.3992,52.5675
2026-08-13,60.4407,60.6103,58.8646,59.6028,9568900,PYPL,57.6346,56.7602,49.5464,52.3311,47.9287,50.4568,51.3564,52.6458
2026-08-14,61.5081,62.1565,59.1938,60.3709,15707800,PYPL,57.8890,57.2124,49.9293,52.6910,48.0915,50.6757,51.3165,52.7340
2026-08-17,60.3210,60.9594,60.0018,60.8597,9233700,PYPL,58.0711,57.5085,50.2828,52.9902,48.2551,50.8666,51.2571,52.8095
2026-08-18,60.2811,61.4482,59.8123,60.0567,9911600,PYPL,58.2995,57.7725,50.6647,53.2761,48.4120,51.0531,51.2139,52.8838
2026-08-19,61.0991,61.6777,60.4008,60.4158,9489000,PYPL,58.5858,58.0893,51.0635,53.5829,48.5736,51.2520,51.1835,52.9656
2026-08-20,62.1465,62.5754,60.7998,60.9495,12019600,PYPL,58.9000,58.4757,51.4792,53.9188,48.7617,51.4677,51.1517,53.0569
2026-08-21,61.3983,62.5256,61.3086,62.1365,11479100,PYPL,59.1694,58.7541,51.8952,54.2121,48.9315,51.6644,51.1208,53.1399
2026-08-24,61.5280,62.0268,61.3185,61.4682,8571900,PYPL,59.4492,59.0183,52.3030,54.4990,49.0971,51.8597,51.1017,53.2234
2026-08-25,62.1166,62.2313,60.9195,61.0891,10337000,PYPL,59.6462,59.3133,52.7168,54.7977,49.2745,52.0628,51.0757,53.3119
2026-08-26,61.6577,61.9071,61.1091,61.6727,11415900,PYPL,59.8187,59.5366,53.1022,55.0667,49.4403,52.2528,51.0563,53.3949
2026-08-27,61.3185,62.1565,61.2188,61.8273,9165000,PYPL,60.0093,59.7063,53.4578,55.3119,49.6013,52.4323,51.0355,53.4737
2026-08-28,53.5278,54.6251,52.4903,53.6026,36340500,PYPL,59.8322,59.1179,53.6888,55.2419,49.6905,52.4540,50.9755,53.4743
2026-08-31,52.5352,53.5477,51.7921,53.2584,19870200,PYPL,59.5726,58.4910,53.8914,55.1358,49.7599,52.4556,50.9049,53.4649
2026-09-01,52.2709,52.7896,52.0814,52.0814,10187200,PYPL,59.2664,57.8986,54.0921,55.0234,49.8255,52.4520,50.8340,53.4531
2026-09-02,54.5353,55.0540,52.2210,52.4405,15056400,PYPL,59.1038,57.5783,54.3509,55.0043,49.9210,52.4932,50.7836,53.4638
2026-09-03,56.6800,56.8197,53.8769,54.6750,15209400,PYPL,58.9561,57.4927,54.6369,55.0700,50.0155,52.5761,50.7564,53.4958
2026-09-04,54.9600,56.1400,54.5100,56.1250,13039200,PYPL,58.7579,57.2515,54.8906,55.0657,50.0881,52.6233,50.7252,53.5104
