Date,Close,High,Low,Open,Volume,Ticker,SMA_20,EMA_20,SMA_50,EMA_50,SMA_100,EMA_100,SMA_200,EMA_200
2021-10-06,349.0791,349.3509,342.7511,343.6537,56806500,QQQ,,349.0791,,349.0791,,349.0791,,349.0791
2021-10-07,352.2820,354.9220,351.5832,352.1170,39411200,QQQ,,349.3842,,349.2047,,349.1426,,349.1110
2021-10-08,350.5252,353.5922,349.9914,353.3592,41822300,QQQ,,349.4928,,349.2565,,349.1699,,349.1251
2021-10-11,347.8368,352.5052,347.7494,348.9918,34847200,QQQ,,349.3351,,349.2008,,349.1435,,349.1123
2021-10-12,346.6237,349.7197,345.9831,349.2830,43905100,QQQ,,349.0769,,349.0998,,349.0936,,349.0875
2021-10-13,349.3994,350.0691,346.9051,348.9239,40120800,QQQ,,349.1076,,349.1115,,349.0997,,349.0906
2021-10-14,355.8343,356.0478,352.3209,352.9809,43433900,QQQ,,349.7482,,349.3752,,349.2331,,349.1577
2021-10-15,358.0761,358.1926,356.0186,357.0474,40419900,QQQ,,350.5414,,349.7164,,349.4082,,349.2464
2021-10-18,361.6769,361.8904,356.1835,356.7853,34513500,QQQ,,351.6019,,350.1854,,349.6511,,349.3701
2021-10-19,364.4139,364.4624,361.7255,362.7445,29091000,QQQ,,352.8221,,350.7434,,349.9434,,349.5198
2021-10-20,363.9383,365.4815,362.4630,364.8700,31390300,QQQ,,353.8808,,351.2608,,350.2206,,349.6633
2021-10-21,366.1609,366.3550,362.8416,363.1425,25469300,QQQ,,355.0503,,351.8452,,350.5362,,349.8274
2021-10-22,363.0842,365.8697,361.4245,364.9088,36275800,QQQ,,355.8154,,352.2859,,350.7847,,349.9593
2021-10-25,366.8015,367.7138,362.5601,364.5012,32597800,QQQ,,356.8617,,352.8551,,351.1019,,350.1269
2021-10-26,367.9564,371.4407,366.7821,369.0338,47191300,QQQ,,357.9184,,353.4474,,351.4356,,350.3043
2021-10-27,368.8105,371.8677,368.1408,368.4028,45760500,QQQ,,358.9557,,354.0498,,351.7797,,350.4885
2021-10-28,372.9062,373.1586,369.9363,370.7031,38007000,QQQ,,360.2843,,354.7893,,352.1980,,350.7115
2021-10-29,374.7405,374.9055,369.4899,369.8393,37310100,QQQ,,361.6611,,355.5717,,352.6444,,350.9506
2021-11-01,376.0217,376.1479,373.1004,375.1774,30765300,QQQ,,363.0288,,356.3737,,353.1073,,351.2001
2021-11-02,377.5939,378.0695,375.3616,375.4102,25135300,QQQ,361.6881,364.4159,,357.2058,,353.5922,,351.4627
2021-11-03,381.6024,382.0197,377.0408,378.0792,33748900,QQQ,363.3142,366.0527,,358.1626,,354.1469,,351.7626
2021-11-04,386.4940,387.4451,382.3206,382.8641,40265300,QQQ,365.0248,367.9995,,359.2736,,354.7874,,352.1082
2021-11-05,386.8629,389.1825,385.4653,388.2605,43383800,QQQ,366.8417,369.7960,,360.3555,,355.4226,,352.4540
2021-11-08,386.3387,387.8528,385.6982,386.8337,29256300,QQQ,368.7668,371.3715,,361.3745,,356.0348,,352.7912
2021-11-09,383.6794,387.8042,382.3206,387.4063,50490700,QQQ,370.6196,372.5437,,362.2492,,356.5822,,353.0985
2021-11-10,378.0405,383.7182,376.1188,380.9133,54937400,QQQ,372.0517,373.0672,,362.8684,,357.0071,,353.3467
2021-11-11,379.0886,381.1850,378.7489,381.0103,32243000,QQQ,373.2144,373.6407,,363.5045,,357.4443,,353.6028
2021-11-12,383.0777,383.6115,378.6422,380.2339,34730600,QQQ,374.4644,374.5394,,364.2721,,357.9519,,353.8961
2021-11-15,382.9903,384.5723,380.5542,384.2520,33716900,QQQ,375.5301,375.3443,,365.0061,,358.4477,,354.1856
2021-11-16,385.7175,386.2125,382.0682,382.2623,27872900,QQQ,376.5953,376.3322,,365.8184,,358.9877,,354.4994
2021-11-17,385.9214,387.9499,384.9606,386.0379,28703300,QQQ,377.6945,377.2455,,366.6067,,359.5211,,354.8120
2021-11-18,389.9200,390.4247,385.7467,387.9595,45721500,QQQ,378.8824,378.4526,,367.5210,,360.1230,,355.1614
2021-11-19,392.0941,393.3655,390.7256,391.5505,45191700,QQQ,380.3329,379.7518,,368.4846,,360.7561,,355.5289
2021-11-22,387.5422,396.6751,387.4354,393.6276,61715400,QQQ,381.3699,380.4937,,369.2320,,361.2865,,355.8474
2021-11-23,385.7757,388.4447,381.3500,386.3872,70098700,QQQ,382.2609,380.9968,,369.8807,,361.7715,,356.1452
2021-11-24,387.0181,387.2995,380.9812,383.3008,46954400,QQQ,383.1713,381.5702,,370.5528,,362.2714,,356.4524
2021-11-26,379.6807,385.8340,378.2928,384.4461,51533300,QQQ,383.5100,381.3903,,370.9108,,362.6162,,356.6835
2021-11-29,387.9207,388.9301,383.5047,384.2326,54447100,QQQ,384.1690,382.0122,,371.5778,,363.1172,,356.9943
2021-11-30,382.2236,389.3765,380.2145,387.0375,81332700,QQQ,384.4791,382.0323,,371.9953,,363.4956,,357.2454
2021-12-01,375.7209,388.6875,375.2550,386.5522,77766500,QQQ,384.3855,381.4312,,372.1414,,363.7377,,357.4292
2021-12-02,378.4287,380.2048,373.0227,374.4397,84416600,QQQ,384.2268,381.1453,,372.3880,,364.0286,,357.6381
2021-12-03,371.8484,380.7872,367.7429,379.7875,105349100,QQQ,383.4945,380.2599,,372.3668,,364.1834,,357.7795
2021-12-06,374.8279,376.1867,368.1310,372.3336,67588800,QQQ,382.8928,379.7425,,372.4633,,364.3942,,357.9492
2021-12-07,386.1155,386.7269,381.4180,381.4568,56005300,QQQ,382.8816,380.3495,,372.9987,,364.8243,,358.2294
2021-12-08,387.8430,388.0469,384.5529,386.4454,39204000,QQQ,383.0898,381.0632,,373.5808,,365.2801,,358.5241
2021-12-09,382.1362,388.4157,381.9421,386.6202,49973700,QQQ,383.2946,381.1653,,373.9163,,365.6139,,358.7591
2021-12-10,386.2902,386.5522,381.7771,384.9411,52545800,QQQ,383.6546,381.6534,,374.4016,,366.0234,,359.0330
2021-12-13,380.7095,386.6007,380.3407,386.2805,50166400,QQQ,383.5362,381.5635,,374.6489,,366.3142,,359.2487
2021-12-14,376.7690,378.6033,372.3336,375.8955,75199200,QQQ,383.2252,381.1069,,374.7321,,366.5212,,359.4230
2021-12-15,385.3585,385.7176,372.5763,376.5168,73858000,QQQ,383.2072,381.5118,374.6360,375.1488,,366.8942,,359.6811
2021-12-16,375.4490,386.7463,373.8670,386.3193,82591400,QQQ,382.6836,380.9344,375.1634,375.1606,,367.0636,,359.8380
2021-12-17,373.5760,377.7300,370.5284,372.0425,80492500,QQQ,381.8664,380.2336,375.5892,375.0984,,367.1926,,359.9747
2021-12-20,369.9521,370.7392,366.8229,368.8637,65336800,QQQ,380.7593,379.2544,375.9778,374.8966,,367.2472,,360.0739
2021-12-21,378.2318,378.5428,369.4759,373.2173,48899500,QQQ,380.2938,379.1570,376.5857,375.0274,,367.4647,,360.2546
2021-12-22,382.8380,383.0421,377.2794,377.9402,37042200,QQQ,380.1469,379.5076,377.3100,375.3337,,367.7692,,360.4793
2021-12-23,385.7243,387.1917,383.0227,383.1879,29595500,QQQ,380.0822,380.0997,378.0365,375.7412,,368.1247,,360.7305
2021-12-27,392.0993,392.0993,386.9877,387.0168,32820700,QQQ,380.7031,381.2425,378.7618,376.3827,,368.5994,,361.0427
2021-12-28,390.2820,393.1682,389.4074,392.9933,33113700,QQQ,380.8212,382.1034,379.4059,376.9277,,369.0288,,361.3336
2021-12-29,390.2238,391.6814,387.8526,390.4181,32248500,QQQ,381.2212,382.8768,379.9768,377.4492,,369.4485,,361.6211
2021-12-30,389.0576,392.1867,388.4745,390.0099,23850100,QQQ,381.8880,383.4654,380.4697,377.9044,,369.8368,,361.8941
2021-12-31,386.6281,389.7476,386.1325,388.3871,34752900,QQQ,382.2980,383.7666,380.9235,378.2465,,370.1693,,362.1402
2022-01-03,390.3500,390.6027,385.6854,387.7942,40575900,QQQ,383.2231,384.3936,381.4073,378.7211,,370.5689,,362.4209
2022-01-04,385.2870,390.9331,382.1967,390.8942,58027200,QQQ,383.7460,384.4787,381.8513,378.9786,,370.8604,,362.6484
2022-01-05,373.4506,384.7234,373.1979,383.6058,75739800,QQQ,383.1128,383.4284,381.9843,378.7618,,370.9117,,362.7559
2022-01-06,373.1882,376.4243,369.4079,371.6333,70814300,QQQ,382.3801,382.4531,382.0889,378.5433,,370.9567,,362.8597
2022-01-07,369.1454,374.8791,367.3768,373.1978,72652300,QQQ,381.7305,381.1857,382.0956,378.1747,,370.9209,,362.9222
2022-01-10,369.3885,369.9035,358.8931,364.2477,91770500,QQQ,380.8854,380.0622,382.0253,377.8302,,370.8905,,362.9866
2022-01-11,374.9374,375.1026,366.5799,368.6596,68295700,QQQ,380.5968,379.5741,382.0292,377.7167,,370.9707,,363.1055
2022-01-12,376.4243,379.1939,374.1503,377.5030,54576400,QQQ,380.5796,379.2741,382.0373,377.6660,,371.0787,,363.2380
2022-01-13,367.0075,378.4844,366.0746,377.8041,77994000,QQQ,379.6620,378.1059,381.8255,377.2481,,370.9980,,363.2755
2022-01-14,369.2913,369.6217,364.2865,364.4906,80121200,QQQ,379.3542,377.2664,381.5793,376.9360,,370.9642,,363.3354
2022-01-18,360.0981,365.6082,359.3401,363.4897,75450900,QQQ,378.6803,375.6313,381.0514,376.2757,,370.7491,,363.3032
2022-01-19,356.1430,364.1214,355.8806,361.6531,81791500,QQQ,377.9898,373.7753,380.4370,375.4862,,370.4598,,363.2319
2022-01-20,351.5171,363.3244,350.9826,359.3595,88610700,QQQ,376.6541,371.6555,379.7406,374.5462,,370.0847,,363.1153
2022-01-21,341.7701,351.9642,341.4883,349.3306,143388900,QQQ,374.6007,368.8092,378.9024,373.2609,,369.5241,,362.9029
2022-01-24,343.3347,343.9955,324.7248,336.1531,198685800,QQQ,372.4812,366.3831,378.2083,372.0873,,369.0055,,362.7082
2022-01-25,335.3757,341.1287,332.0425,336.8917,124398400,QQQ,369.6450,363.4300,377.3340,370.6476,,368.3395,,362.4363
2022-01-26,334.8509,346.8137,331.1678,342.9557,146559500,QQQ,366.8735,360.7082,376.3695,369.2439,,367.6764,,362.1618
2022-01-27,331.4788,341.3619,330.4584,339.5447,95255700,QQQ,363.9362,357.9244,375.3392,367.7629,,366.9596,,361.8565
2022-01-28,341.8769,342.0907,328.4176,333.3543,108167900,QQQ,361.5772,356.3961,374.4624,366.7477,,366.4629,,361.6577
2022-01-31,352.8097,353.3927,341.6049,343.2375,94326400,QQQ,359.8863,356.0545,373.8002,366.2011,,366.1925,,361.5696
2022-02-01,355.2100,355.8611,349.0099,354.1507,74433000,QQQ,358.1292,355.9741,373.1060,365.7701,,365.9751,,361.5064
2022-02-02,358.0963,359.6609,354.0147,359.3304,78777100,QQQ,356.7697,356.1762,372.4260,365.4692,,365.8191,,361.4724
2022-02-03,343.5776,351.7212,342.5183,348.4171,95384800,QQQ,355.2761,354.9763,371.5467,364.6107,,365.3786,,361.2944
2022-02-04,347.9119,351.2062,342.0422,344.0927,86318300,QQQ,354.0122,354.3035,370.7895,363.9558,,365.0327,,361.1612
2022-02-07,345.1131,350.8661,343.8594,348.5046,58198100,QQQ,352.8106,353.4282,369.9514,363.2169,,364.6383,,361.0015
2022-02-08,348.9905,350.0789,342.8488,343.9761,64720900,QQQ,351.7907,353.0056,369.3376,362.6590,,364.3284,,360.8820
2022-02-09,356.3859,356.4636,351.9059,353.4996,55766400,QQQ,350.8632,353.3275,368.7069,362.4130,,364.1712,,360.8373
2022-02-10,348.3199,356.1525,346.4832,349.3791,112468500,QQQ,349.4579,352.8506,368.0288,361.8603,,363.8573,,360.7127
2022-02-11,337.2707,349.9137,336.0462,348.3199,101569100,QQQ,347.9711,351.3668,367.2598,360.8960,,363.3308,,360.4795
2022-02-14,337.6886,341.0801,334.1901,336.7168,80254400,QQQ,346.3910,350.0641,366.4450,359.9859,,362.8230,,360.2527
2022-02-15,346.0848,346.3180,341.8964,342.9556,55128800,QQQ,345.6903,349.6851,365.9297,359.4408,,362.4916,,360.1117
2022-02-16,345.9973,347.0177,340.8177,343.8400,58947100,QQQ,345.1830,349.3339,365.3531,358.9136,,362.1650,,359.9713
2022-02-17,335.7061,343.4902,335.2882,342.7905,61801400,QQQ,344.3925,348.0360,364.3449,358.0035,,361.6410,,359.7298
2022-02-18,331.8772,337.0277,329.5741,336.6390,80001500,QQQ,343.8978,346.4971,363.2256,356.9789,,361.0517,,359.4527
2022-02-22,328.5439,334.3359,324.9192,328.9424,85967100,QQQ,343.1583,344.7873,362.1538,355.8638,,360.4079,,359.1452
2022-02-23,320.1282,332.5283,319.8173,331.6926,86215400,QQQ,342.3959,342.4388,360.8305,354.4624,,359.6103,,358.7569
2022-02-24,330.8860,331.4205,309.2830,309.8467,130614100,QQQ,342.1977,341.3385,359.8340,353.5379,,359.0415,,358.4796
2022-02-25,336.0170,336.2211,327.8734,331.6828,78842100,QQQ,342.4246,340.8317,359.0190,352.8508,,358.5856,,358.2561
2022-02-28,337.0180,338.7089,331.6926,332.8490,77515500,QQQ,342.1816,340.4685,358.0522,352.2299,366.3441,358.1585,,358.0448
2022-03-01,331.8578,338.2619,329.3408,335.9976,67407000,QQQ,341.1340,339.6484,357.1804,351.4310,366.1719,357.6377,,357.7842
2022-03-02,337.4261,338.7575,330.6430,333.4029,70609000,QQQ,340.2448,339.4368,356.4574,350.8818,366.0233,357.2375,,357.5816
2022-03-03,332.6061,340.1666,330.7499,340.0597,71089400,QQQ,338.9703,338.7862,355.7105,350.1651,365.8441,356.7497,,357.3331
2022-03-04,327.7859,331.6828,325.4730,330.2542,76936300,QQQ,338.1807,337.7386,354.7015,349.2875,365.6436,356.1762,,357.0391
2022-03-07,315.6968,328.9327,315.4927,327.7762,89933800,QQQ,336.5700,335.6394,353.3587,347.9702,365.3343,355.3746,,356.6278
2022-03-08,314.2295,323.8113,310.9156,314.9097,116153900,QQQ,335.0258,333.6003,351.9288,346.6470,364.9826,354.5599,,356.2059
2022-03-09,325.5411,326.8919,319.8075,322.3925,64723400,QQQ,333.8533,332.8328,350.5977,345.8193,364.6797,353.9852,,355.9008
2022-03-10,321.9260,323.1311,317.4946,321.4887,69362700,QQQ,332.1303,331.7940,349.2305,344.8823,364.3182,353.3504,,355.5627
2022-03-11,315.2498,325.2010,314.7639,324.8900,66228400,QQQ,330.4768,330.2184,347.7311,343.7203,363.8539,352.5959,,355.1616
2022-03-14,309.1956,317.3781,308.4959,314.0157,79802600,QQQ,329.0731,328.2162,346.1338,342.3664,363.3017,351.7365,,354.7042
2022-03-15,318.8940,319.6715,310.2256,311.8291,76471000,QQQ,328.1334,327.3284,344.7791,341.4459,362.8513,351.0862,,354.3479
2022-03-16,330.7207,330.8373,319.1369,322.8006,105243000,QQQ,327.3652,327.6515,343.5865,341.0253,362.4969,350.6829,,354.1128
2022-03-17,334.7246,334.7829,327.5333,328.8258,67810000,QQQ,326.8015,328.3251,342.5753,340.7782,362.2133,350.3669,,353.9199
2022-03-18,341.5758,341.8673,331.9161,333.0726,85446300,QQQ,327.0950,329.5871,341.9378,340.8095,361.9611,350.1928,,353.7970
2022-03-21,340.6261,342.9613,336.2477,340.7429,73799100,QQQ,327.5324,330.6384,341.2866,340.8023,361.6877,350.0034,,353.6660
2022-03-22,347.3203,348.1863,340.7429,341.1223,63345900,QQQ,328.4713,332.2272,340.8501,341.0579,361.4728,349.9502,,353.6028
2022-03-23,342.3288,348.0014,342.2704,344.4499,70615500,QQQ,329.5813,333.1892,340.3089,341.1077,361.1671,349.7993,,353.4907
2022-03-24,349.9376,349.9863,342.0953,344.2456,53555300,QQQ,330.5339,334.7843,339.8089,341.4540,360.9190,349.8020,,353.4553
2022-03-25,349.6458,350.9301,345.3549,349.8793,57584200,QQQ,331.2153,336.1997,339.2733,341.7753,360.6553,349.7990,,353.4174
2022-03-28,355.0556,355.1529,348.4003,349.6360,56833900,QQQ,332.1172,337.9955,339.0343,342.2961,360.4299,349.9030,,353.4337
2022-03-29,361.1660,361.7887,356.1745,358.9378,68073000,QQQ,333.5826,340.2022,338.8718,343.0360,360.2255,350.1261,,353.5106
2022-03-30,357.1767,360.9617,355.6978,359.3076,68757700,QQQ,334.5701,341.8188,338.8133,343.5906,359.9324,350.2657,,353.5471
2022-03-31,352.7496,357.6729,351.9128,357.3226,67011400,QQQ,335.5773,342.8598,338.7455,343.9498,359.5912,350.3149,,353.5392
2022-04-01,352.0782,353.7907,348.9063,353.0123,54527800,QQQ,336.7919,343.7378,338.7567,344.2685,359.2486,350.3498,,353.5247
2022-04-04,359.3270,359.3368,352.6523,352.9150,45950200,QQQ,338.9734,345.2225,339.1078,344.8591,359.0051,350.5276,,353.5824
2022-04-05,351.3485,358.5876,350.2101,357.8773,62738700,QQQ,340.8294,345.8059,339.2681,345.1135,358.7382,350.5438,,353.5602
2022-04-06,343.7202,347.1451,341.0931,346.0457,90077100,QQQ,341.7384,345.6073,339.4350,345.0589,358.3845,350.4087,,353.4623
2022-04-07,344.5374,346.7267,339.2735,342.7276,63777400,QQQ,342.8689,345.5054,339.6287,345.0385,357.9991,350.2924,,353.3734
2022-04-08,339.7212,343.5548,339.0888,342.8056,61956100,QQQ,344.0925,344.9545,339.7936,344.8299,357.5664,350.0831,,353.2376
2022-04-11,331.6843,336.4130,331.3437,335.4984,66107400,QQQ,345.2169,343.6907,339.5897,344.3144,357.0261,349.7188,,353.0231
2022-04-12,330.2831,338.3006,328.9112,336.4227,72790200,QQQ,345.7864,342.4138,339.1392,343.7642,356.4697,349.3339,,352.7969
2022-04-13,336.9968,338.0476,329.9037,330.6237,61367800,QQQ,346.1002,341.8979,338.7749,343.4988,355.9405,349.0896,,352.6397
2022-04-14,329.2908,337.6002,329.0767,337.0845,73519400,QQQ,345.8285,340.6972,338.1988,342.9416,355.3124,348.6976,,352.4073
2022-04-18,329.5437,331.8302,326.7220,328.2399,58560600,QQQ,345.2269,339.6350,337.9181,342.4162,354.7324,348.3183,,352.1798
2022-04-19,336.9093,337.4833,327.8799,328.9015,56515700,QQQ,345.0410,339.3754,337.6981,342.2002,354.2438,348.0923,,352.0279
2022-04-20,331.9956,338.1741,330.7794,337.7168,65500000,QQQ,344.2748,338.6725,337.4357,341.8001,353.6935,347.7736,,351.8286
2022-04-21,325.1263,338.4758,324.2020,335.8682,75801000,QQQ,343.4147,337.3824,336.9584,341.1462,353.1480,347.3251,,351.5629
2022-04-22,316.6125,326.4982,316.1844,325.2819,82562100,QQQ,341.7484,335.4043,336.1630,340.1841,352.4349,346.7170,,351.2151
2022-04-25,320.6797,320.9910,313.7227,314.9877,101755900,QQQ,340.3001,334.0020,335.6102,339.4192,351.8195,346.2014,,350.9113
2022-04-26,308.5757,318.8115,308.3032,318.6267,105819600,QQQ,337.9761,331.5804,335.0363,338.2097,351.1480,345.4563,,350.4900
2022-04-27,308.2059,314.1606,306.4934,308.6729,111204200,QQQ,335.3281,329.3543,334.4466,337.0330,350.4458,344.7187,,350.0693
2022-04-28,319.1521,320.9813,308.9454,313.1584,99450000,QQQ,333.4269,328.3826,333.9080,336.3318,349.9188,344.2124,,349.7616
2022-04-29,304.7906,318.3931,304.1582,314.9584,91977900,QQQ,331.0289,326.1358,333.0838,335.0949,349.2185,343.4318,,349.3142
2022-05-02,309.8794,310.1129,301.2879,304.3820,115511800,QQQ,328.9190,324.5876,332.5673,334.1061,348.4561,342.7674,,348.9218
2022-05-03,310.2103,312.4968,307.4470,309.8989,78185500,QQQ,326.4632,323.2183,332.1340,333.1690,347.6798,342.1227,,348.5366
2022-05-04,320.6992,321.3705,305.4134,310.6870,116083400,QQQ,324.9307,322.9784,331.9771,332.6800,347.0654,341.6985,,348.2596
2022-05-05,304.5474,316.4665,301.2586,316.3887,154607400,QQQ,322.9721,321.2230,331.6654,331.5767,346.2480,340.9628,,347.8247
2022-05-06,300.8987,306.5810,296.8705,302.5528,139572800,QQQ,320.7901,319.2874,331.0657,330.3737,345.4499,340.1694,,347.3577
2022-05-09,289.1255,300.9960,287.7341,295.2846,113387300,QQQ,318.2603,316.4148,330.1279,328.7561,344.5734,339.1587,,346.7783
2022-05-10,292.6380,297.5029,288.5611,296.2867,124124600,QQQ,316.3080,314.1504,329.2403,327.3397,343.6462,338.2375,,346.2396
2022-05-11,283.9589,295.8781,283.0929,290.3807,140326100,QQQ,313.9918,311.2750,328.2823,325.6385,342.7313,337.1626,,345.6199
2022-05-12,283.2875,287.7633,277.2452,279.6874,120910900,QQQ,311.3063,308.6095,327.1995,323.9777,341.8284,336.0958,,344.9997
2022-05-13,293.7861,294.8175,286.1383,287.7341,83684900,QQQ,309.5311,307.1978,326.4231,322.7937,341.0668,335.2580,,344.4901
2022-05-16,290.3806,294.0975,289.1060,292.0445,59190400,QQQ,307.5730,305.5961,325.6750,321.5226,340.1883,334.3693,,343.9517
2022-05-17,297.9019,298.2813,292.4336,296.2283,62715300,QQQ,305.6226,304.8633,325.3191,320.5963,339.3389,333.6472,,343.4935
2022-05-18,283.2778,294.0878,282.0227,293.3970,79477100,QQQ,303.1867,302.8076,324.7001,319.1328,338.3145,332.6498,,342.8943
2022-05-19,281.7599,286.4400,279.8139,281.4777,79920700,QQQ,301.0184,300.8030,323.8245,317.6672,337.2111,331.6421,,342.2860
2022-05-20,280.8842,285.8659,272.6429,285.2141,91764200,QQQ,299.2320,298.9060,323.0036,316.2247,336.1171,330.6370,,341.6750
2022-05-23,285.5546,285.9340,279.5317,281.9253,63648400,QQQ,297.4757,297.6344,322.4097,315.0220,335.0704,329.7442,,341.1166
2022-05-24,279.4831,281.0593,274.6278,280.3490,73491100,QQQ,296.0211,295.9057,321.8155,313.6283,333.9746,328.7490,,340.5034
2022-05-25,283.3946,285.4671,277.7901,277.9945,67144500,QQQ,294.7805,294.7142,321.1055,312.4427,332.9423,327.8509,,339.9351
2022-05-26,291.2466,292.7936,282.3145,282.5966,59462200,QQQ,293.3852,294.3839,320.3160,311.6114,331.9513,327.1260,,339.4507
2022-05-27,300.7527,300.8987,294.2531,294.3699,66985600,QQQ,293.1833,294.9905,319.6366,311.1856,331.1059,326.6038,,339.0656
2022-05-31,299.9548,302.9225,296.1115,300.7235,60968300,QQQ,292.6871,295.4633,318.8041,310.7452,330.3710,326.0761,,338.6764
2022-06-01,297.7364,304.2068,295.5277,302.0857,65341700,QQQ,292.0634,295.6798,317.9463,310.2350,329.6165,325.5149,,338.2691
2022-06-02,305.8902,306.0653,295.2067,296.6176,59291300,QQQ,291.3230,296.6522,317.1177,310.0647,328.9839,325.1263,,337.9469
2022-06-03,297.9311,302.0858,296.6857,300.6847,60914700,QQQ,290.9922,296.7740,316.2298,309.5888,328.2693,324.5878,,337.5487
2022-06-06,298.9235,303.9150,297.3667,302.3582,51785000,QQQ,290.8934,296.9787,315.2095,309.1706,327.5092,324.0796,,337.1644
2022-06-07,301.5019,302.2803,294.5158,295.6055,44900300,QQQ,291.5122,297.4095,314.2466,308.8698,326.7600,323.6325,,336.8095
2022-06-08,299.3322,303.3021,298.4857,300.7041,38342100,QQQ,291.8469,297.5926,313.1322,308.4958,326.0832,323.1513,,336.4366
2022-06-09,291.3147,300.7041,291.1493,297.6489,55900500,QQQ,292.2147,296.9947,311.7351,307.8221,325.3034,322.5209,,335.9877
2022-06-10,281.0398,286.9070,280.5923,285.7199,85963500,QQQ,292.1023,295.4752,310.2124,306.7718,324.5129,321.6995,,335.4409
2022-06-13,267.9726,274.7154,267.1163,272.1954,94442000,QQQ,290.8117,292.8559,308.5169,305.2502,323.6312,320.6356,,334.7696
2022-06-14,268.4591,271.1348,265.9585,270.1618,64697500,QQQ,289.7156,290.5324,306.8445,303.8074,322.8006,319.6024,,334.1098
2022-06-15,275.1630,279.0842,269.1402,271.8743,86051400,QQQ,288.5786,289.0686,305.1612,302.6841,322.1345,318.7224,,333.5233
2022-06-16,264.0611,268.6050,262.0081,268.1477,81910300,QQQ,287.6178,286.6870,303.4154,301.1695,321.3418,317.6400,,332.8321
2022-06-17,267.2720,269.7045,263.2049,264.8298,82703400,QQQ,286.8934,284.8379,301.8865,299.8402,320.6607,316.6426,,332.1797
2022-06-21,274.0152,276.3256,271.6365,271.7437,51633700,QQQ,286.5500,283.8072,300.4760,298.8274,320.0524,315.7985,,331.6010
2022-06-22,273.6154,278.0120,270.9248,271.5194,67472900,QQQ,285.9530,282.8365,299.1539,297.8387,319.4737,314.9632,,331.0240
2022-06-23,277.6905,278.5386,273.2646,276.0917,57457800,QQQ,285.8634,282.3464,298.0740,297.0486,318.8319,314.2251,,330.4933
2022-06-24,287.2051,287.6243,280.2738,280.5078,58422300,QQQ,286.0539,282.8092,297.2125,296.6626,318.1758,313.6901,,330.0626
2022-06-27,285.0993,289.1255,283.9685,288.5601,54151500,QQQ,285.7465,283.0273,296.1745,296.2091,317.4747,313.1239,,329.6152
2022-06-28,276.4134,288.2190,276.2281,285.6356,61609800,QQQ,284.5296,282.3974,295.1170,295.4328,316.6579,312.3970,,329.0858
2022-06-29,276.6667,278.1680,273.7811,276.2768,57302700,QQQ,283.3652,281.8516,294.0594,294.6969,315.9888,311.6894,,328.5643
2022-06-30,273.2351,276.8031,268.8482,273.6933,79313600,QQQ,282.1401,281.0310,292.7860,293.8553,315.2420,310.9280,,328.0137
2022-07-01,275.0387,275.4287,270.0669,271.9387,56675100,QQQ,280.5975,280.4603,291.6468,293.1174,314.5413,310.2173,,327.4866
2022-07-05,279.7473,279.8643,269.7940,271.3148,61829300,QQQ,279.6883,280.3924,290.7392,292.5930,313.8488,309.6139,,327.0116
2022-07-06,281.5410,283.6370,278.4117,280.1275,63194700,QQQ,278.8192,280.5018,290.0378,292.1596,313.1004,309.0580,,326.5591
2022-07-07,287.5657,288.2676,282.3502,282.3502,56620100,QQQ,278.1224,281.1745,289.3755,291.9795,312.4929,308.6324,,326.1712
2022-07-08,287.9265,289.2913,283.8028,284.7387,59895500,QQQ,277.5521,281.8176,288.9626,291.8205,311.9994,308.2224,,325.7906
2022-07-11,281.7751,285.7428,280.8977,285.5186,55273900,QQQ,277.0751,281.8135,288.4339,291.4266,311.4403,307.6987,,325.3526
2022-07-12,279.0454,284.9336,277.4564,283.0229,55797100,QQQ,276.9754,281.5499,287.6318,290.9411,310.7699,307.1313,,324.8919
2022-07-13,278.4702,280.8099,272.9817,273.5472,73939400,QQQ,277.5003,281.2566,287.1054,290.4520,310.0946,306.5638,,324.4300
2022-07-14,279.4647,280.3323,272.7673,275.8772,63741800,QQQ,278.0506,281.0860,286.4971,290.0211,309.5322,306.0271,,323.9826
2022-07-15,284.5340,284.6413,280.8393,282.4478,63818100,QQQ,278.5191,281.4143,285.9836,289.8060,309.0588,305.6015,,323.5900
2022-07-18,282.1260,288.7161,280.9562,287.3123,59519600,QQQ,279.4224,281.4821,285.2121,289.5048,308.5946,305.1367,,323.1775
2022-07-19,290.8023,291.0948,284.1440,285.7427,55172600,QQQ,280.5989,282.3698,284.9372,289.5557,308.3013,304.8528,,322.8553
2022-07-20,295.4135,296.5930,290.4416,291.2215,67769400,QQQ,281.6688,283.6120,284.8275,289.7854,307.9466,304.6659,,322.5823
2022-07-21,299.6541,299.7126,293.2200,295.8716,55049400,QQQ,282.9707,285.1398,285.0381,290.1724,307.5830,304.5667,,322.3541
2022-07-22,294.3995,300.7946,292.5765,298.7279,57127700,QQQ,283.8062,286.0217,285.0733,290.3382,307.1568,304.3653,336.7504,322.0760
2022-07-25,292.7227,294.8967,290.7243,294.4288,40582400,QQQ,284.0821,286.6599,285.2486,290.4317,306.7654,304.1348,336.4687,321.7839
2022-07-26,286.9711,291.2800,286.1619,291.0265,50074100,QQQ,284.1757,286.6895,285.3223,290.2960,306.2609,303.7949,336.1421,321.4375
2022-07-27,299.0984,300.7849,290.9582,291.5237,69304400,QQQ,285.3099,287.8713,285.4285,290.6412,305.9258,303.7019,335.8850,321.2152
2022-07-28,302.0230,302.5982,295.1405,298.8839,55139900,QQQ,286.5777,289.2191,285.6614,291.0875,305.6682,303.6687,335.6559,321.0242
2022-07-29,307.5310,308.4376,302.1400,303.5633,57501000,QQQ,288.2925,290.9631,285.8539,291.7323,305.5865,303.7451,335.4604,320.8900
2022-08-01,307.3458,310.7968,304.6746,305.7665,46358800,QQQ,289.9079,292.5233,286.3353,292.3446,305.5177,303.8164,335.2502,320.7552
2022-08-02,306.4294,310.5433,304.0020,305.0548,48676500,QQQ,291.2420,293.8477,286.8287,292.8970,305.3266,303.8682,335.0031,320.6127
2022-08-03,314.7743,315.5932,308.0477,308.1062,53735700,QQQ,292.9036,295.8407,287.5065,293.7549,305.2551,304.0842,334.7866,320.5546
2022-08-04,316.2463,316.5583,312.7076,314.8523,38973700,QQQ,294.3377,297.7841,288.1203,294.6369,305.2650,304.3250,334.5595,320.5117
2022-08-05,313.6629,315.6906,310.3874,311.1673,53894000,QQQ,295.6245,299.2964,288.8039,295.3830,305.3097,304.5099,334.3057,320.4436
2022-08-08,312.6490,318.2643,311.1867,314.5793,43878500,QQQ,297.1682,300.5681,289.3890,296.0601,305.2472,304.6711,334.0493,320.3660
2022-08-09,309.1103,311.0113,307.4920,310.7578,39764200,QQQ,298.6714,301.3816,289.7463,296.5719,305.0311,304.7590,333.7640,320.2540
2022-08-10,317.7378,318.0303,313.9651,316.4315,51459600,QQQ,300.6348,302.9394,290.0860,297.4019,304.8613,305.0160,333.5373,320.2290
2022-08-11,315.9344,322.0565,315.2325,320.0580,45897700,QQQ,302.4583,304.1770,290.4056,298.1287,304.6049,305.2322,333.2830,320.1862
2022-08-12,322.0858,322.2807,316.9287,317.9816,40928400,QQQ,304.3359,305.8826,290.8926,299.0682,304.4195,305.5659,333.0536,320.2051
2022-08-15,324.6887,325.1859,321.1206,321.1402,38266600,QQQ,306.4640,307.6736,291.2685,300.0729,304.1931,305.9446,332.8330,320.2498
2022-08-16,323.9283,326.0145,320.8867,323.7138,41186900,QQQ,308.1203,309.2217,291.7885,301.0084,304.0091,306.3007,332.5881,320.2864
2022-08-17,320.2336,323.0997,318.1571,320.7990,47842200,QQQ,309.3613,310.2704,292.2147,301.7624,303.7121,306.5766,332.3156,320.2858
2022-08-18,321.0037,322.1832,318.5763,320.1848,41937200,QQQ,310.4288,311.2926,292.6047,302.5169,303.4257,306.8623,332.0405,320.2930
2022-08-19,314.7450,318.6249,313.9846,317.9718,51770600,QQQ,311.4461,311.6214,292.9130,302.9964,303.0226,307.0184,331.7262,320.2378
2022-08-22,306.4587,310.7286,305.6496,310.4946,51098900,QQQ,312.1329,311.1297,293.2158,303.1322,302.4755,307.0073,331.3505,320.1007
2022-08-23,306.2053,309.0324,305.4546,306.2247,39497100,QQQ,313.0946,310.6608,293.7192,303.2527,301.9658,306.9914,330.9491,319.9624
2022-08-24,307.0923,308.9055,305.1230,305.7275,38057100,QQQ,313.4943,310.3209,294.5016,303.4033,301.5092,306.9934,330.5502,319.8343
2022-08-25,312.5223,312.5418,307.8235,308.8666,38098300,QQQ,314.0192,310.5306,295.3828,303.7609,301.1136,307.1029,330.1811,319.7616
2022-08-26,299.7126,313.4290,299.6249,312.2299,69047700,QQQ,313.6283,309.5003,295.8738,303.6022,300.5175,306.9565,329.7613,319.5621
2022-08-29,296.7588,299.4981,295.6572,296.9635,48321900,QQQ,313.0990,308.2868,296.5278,303.3338,299.9716,306.7546,329.3549,319.3352
2022-08-30,293.4539,299.0204,290.9388,298.4063,51184500,QQQ,312.4502,306.8741,297.0514,302.9463,299.4689,306.4912,328.9267,319.0777
2022-08-31,291.7479,297.2461,291.6407,296.3493,50044000,QQQ,311.2989,305.4335,297.4061,302.5072,298.9410,306.1993,328.4701,318.8057
2022-09-01,291.8747,292.2451,285.5868,289.2620,57990700,QQQ,310.0803,304.1422,297.7712,302.0902,298.4626,305.9156,328.0145,318.5378
2022-09-02,287.7509,296.1153,286.1424,294.7407,64666800,QQQ,308.7847,302.5812,297.9724,301.5279,298.0232,305.5559,327.5247,318.2314
2022-09-06,285.6843,289.1451,283.5591,288.2287,57005400,QQQ,307.4364,300.9719,297.9420,300.9066,297.5773,305.1624,327.0235,317.9076
2022-09-07,291.4555,292.4498,285.8987,286.1620,49260400,QQQ,306.5537,300.0656,298.0692,300.5360,297.1218,304.8910,326.5312,317.6444
2022-09-08,292.9665,294.2826,288.0239,289.3888,55649800,QQQ,305.3151,299.3895,298.4002,300.2391,296.7586,304.6549,326.0355,317.3988
2022-09-09,299.3714,299.8686,292.9666,295.2185,56125200,QQQ,304.4870,299.3878,298.8543,300.2051,296.4569,304.5503,325.5947,317.2194
2022-09-12,302.9296,303.2610,300.4339,300.7459,45905700,QQQ,303.5292,299.7251,299.4482,300.3119,296.1171,304.5182,325.1804,317.0772
2022-09-13,286.3179,295.4037,285.4308,294.2143,79562200,QQQ,301.6107,298.4482,299.6738,299.7631,295.6603,304.1578,324.6769,316.7712
2022-09-14,288.5894,289.4668,285.6940,287.4585,54907200,QQQ,299.8437,297.5093,299.8506,299.3250,295.2949,303.8495,324.2215,316.4908
2022-09-15,283.7833,289.0768,282.1845,286.6786,65299400,QQQ,298.0212,296.2020,299.8955,298.7155,294.9666,303.4521,323.7008,316.1653
2022-09-16,282.0480,282.4379,278.4410,280.4882,79920400,QQQ,296.0734,294.8540,299.7851,298.0619,294.5803,303.0283,323.1999,315.8258
2022-09-19,284.2445,284.4007,279.3516,279.4102,52613800,QQQ,294.5484,293.8436,299.7115,297.5200,294.3370,302.6563,322.7425,315.5116
2022-09-20,281.9787,284.2640,279.6837,281.7443,51271100,QQQ,293.3244,292.7136,299.7155,296.9105,294.0747,302.2469,322.2603,315.1779
2022-09-21,276.9296,287.0767,276.7929,282.8186,82931000,QQQ,291.8606,291.2104,299.6732,296.1270,293.6525,301.7455,321.7857,314.7974
2022-09-22,273.5212,276.4120,272.3004,275.4061,62757100,QQQ,290.1821,289.5257,299.5743,295.2405,293.3398,301.1866,321.2791,314.3867
2022-09-23,269.0678,271.3531,265.6594,271.0601,74815200,QQQ,288.0093,287.5773,299.3663,294.2141,292.9317,300.5506,320.6939,313.9357
2022-09-26,267.9544,272.9547,267.1633,268.5990,71176700,QQQ,286.4214,285.7085,299.0347,293.1843,292.5092,299.9052,320.0945,313.4782
2022-09-27,268.0620,273.6579,265.7473,271.3141,69780100,QQQ,284.9866,284.0279,298.7534,292.1991,291.9828,299.2746,319.5241,313.0263
2022-09-28,273.3942,274.6736,266.5677,268.0424,79652100,QQQ,283.9836,283.0151,298.4053,291.4617,291.6712,298.7621,318.9596,312.6319
2022-09-29,265.5129,269.7905,262.5538,269.4096,81216000,QQQ,282.6718,281.3483,297.8073,290.4441,291.3174,298.1037,318.3836,312.1631
2022-09-30,261.0107,268.7553,260.8545,264.6926,78482400,QQQ,281.1286,279.4113,297.0344,289.2898,291.0362,297.3692,317.8048,311.6541
2022-10-03,267.1341,268.7260,261.2744,262.7784,61267400,QQQ,280.0978,278.2421,296.4891,288.4210,290.7812,296.7705,317.2137,311.2111
2022-10-04,275.5330,276.2362,272.4664,272.4664,66696900,QQQ,279.5902,277.9841,296.1453,287.9156,290.6969,296.3499,316.7141,310.8561
2022-10-05,275.3865,277.1737,268.9799,271.7730,55766300,QQQ,278.7868,277.7367,295.9136,287.4242,290.6179,295.9348,316.2232,310.5032
2022-10-06,273.2185,277.5351,272.8962,274.3904,53489400,QQQ,277.7994,277.3064,295.3960,286.8671,290.4123,295.4850,315.7395,310.1322
2022-10-07,262.8077,268.7162,261.4795,268.5893,71354700,QQQ,275.9712,275.9256,294.6117,285.9236,290.1365,294.8379,315.1624,309.6613
2022-10-10,260.1806,263.3937,257.4754,263.0030,60393000,QQQ,273.8338,274.4260,293.6647,284.9141,289.7593,294.1516,314.5491,309.1690
2022-10-11,256.6062,261.3721,254.9264,258.5106,66522500,QQQ,272.3482,272.7289,292.6499,283.8040,289.4926,293.4082,313.9035,308.6460
2022-10-12,256.5183,259.1551,255.8249,257.2410,50580200,QQQ,270.7446,271.1850,291.6517,282.7340,289.2402,292.6777,313.2256,308.1273
2022-10-13,262.5342,263.8526,248.3147,249.1936,112894100,QQQ,269.6822,270.3611,290.6069,281.9418,289.0567,292.0808,312.5869,307.6736
2022-10-14,254.6432,265.4543,254.0572,264.8586,77244300,QQQ,268.3119,268.8642,289.3748,280.8713,288.7476,291.3394,311.9090,307.1459
2022-10-17,263.0518,263.9210,260.5029,260.6005,64576500,QQQ,267.2523,268.3106,288.3626,280.1725,288.5833,290.7793,311.2789,306.7072
2022-10-18,265.1321,270.7281,262.4561,270.0640,69781000,QQQ,266.4100,268.0079,287.4123,279.5827,288.4006,290.2714,310.6715,306.2935
2022-10-19,264.1652,267.2806,261.8018,263.6183,53115400,QQQ,265.7717,267.6419,286.5134,278.9780,288.1298,289.7545,310.0405,305.8743
2022-10-20,262.8175,268.4135,261.6553,263.2765,60605500,QQQ,265.2365,267.1825,285.4149,278.3443,287.7505,289.2211,309.4282,305.4459
2022-10-21,268.9799,269.5170,260.5810,261.7139,77897700,QQQ,265.2321,267.3537,284.4759,277.9771,287.4407,288.8202,308.9058,305.0831
2022-10-24,271.9391,272.8669,265.6106,269.2436,63963600,QQQ,265.4314,267.7904,283.4729,277.7403,287.1827,288.4860,308.3996,304.7533
2022-10-25,277.5645,277.9454,271.4020,272.8767,59014500,QQQ,265.9065,268.7212,282.5304,277.7334,286.8995,288.2697,307.9417,304.4827
2022-10-26,271.4313,277.3398,270.9430,271.9489,63492400,QQQ,265.8084,268.9793,281.4805,277.4862,286.6345,287.9363,307.4519,304.1539
2022-10-27,266.4896,271.7731,265.9720,270.3179,57760300,QQQ,265.8572,268.7422,280.4056,277.0550,286.3102,287.5116,306.9097,303.7791
2022-10-28,274.6443,275.1131,265.6985,265.8645,62651300,QQQ,266.5389,269.3043,279.4784,276.9605,286.0416,287.2568,306.4008,303.4892
2022-10-31,271.4507,273.2184,269.5366,272.3981,47742000,QQQ,266.7547,269.5087,278.6126,276.7444,285.7628,286.9438,305.9230,303.1704
2022-11-01,268.6772,275.4744,268.3158,274.9178,45895900,QQQ,266.4119,269.4295,277.8569,276.4280,285.5364,286.5821,305.4199,302.8272
2022-11-02,259.4677,271.7047,259.3993,268.6478,79803100,QQQ,265.6160,268.4808,276.9222,275.7629,285.3207,286.0452,304.9168,302.3957
2022-11-03,254.3990,258.3153,254.0182,256.8601,70038900,QQQ,264.6750,267.1397,275.8683,274.9251,285.1849,285.4185,304.4080,301.9182
2022-11-04,258.4910,260.3759,253.0219,259.3211,78313200,QQQ,264.4592,266.3160,274.7877,274.2806,285.0852,284.8853,303.9429,301.4861
2022-11-07,261.3330,261.8702,257.4070,259.5361,47333800,QQQ,264.5168,265.8414,274.0201,273.7729,284.9469,284.4189,303.5407,301.0865
2022-11-08,263.2375,266.4701,259.3114,262.8468,63213800,QQQ,264.8483,265.5934,273.3497,273.3597,284.9387,283.9995,303.1402,300.7099
2022-11-09,257.1629,262.2804,256.8797,261.4991,64862100,QQQ,264.8806,264.7905,272.6238,272.7246,284.8376,283.4680,302.7492,300.2766
2022-11-10,276.1385,276.4315,267.4466,269.5561,99256700,QQQ,265.5608,265.8713,272.3117,272.8585,284.8589,283.3229,302.4556,300.0364
2022-11-11,281.2267,281.8908,274.6150,275.9530,66961800,QQQ,266.8900,267.3337,272.0987,273.1866,284.9350,283.2814,302.2044,299.8493
2022-11-14,278.7657,282.4475,277.7890,279.1758,55290700,QQQ,267.6757,268.4225,271.9190,273.4054,284.9457,283.1920,301.8888,299.6395
2022-11-15,282.6233,286.4028,279.2832,285.3773,73985400,QQQ,268.5502,269.7749,271.8578,273.7669,284.8999,283.1807,301.5379,299.4702
2022-11-16,278.7657,282.7112,277.9453,280.6701,48859800,QQQ,269.2802,270.6312,271.6040,273.9629,284.8366,283.0933,301.1556,299.2642
2022-11-17,278.1503,279.6250,274.1560,274.3122,55462100,QQQ,270.0469,271.3473,271.3076,274.1271,284.8539,282.9954,300.7559,299.0541
2022-11-18,278.1601,281.2560,275.7186,281.1583,53588600,QQQ,270.5059,271.9961,270.8834,274.2853,284.8689,282.8997,300.4288,298.8462
2022-11-21,275.2986,277.9257,274.4685,276.7733,40083500,QQQ,270.6739,272.3107,270.3308,274.3250,284.8895,282.7491,300.0658,298.6119
2022-11-22,279.2638,279.4200,273.9021,276.0312,41873400,QQQ,270.7588,272.9729,270.1897,274.5187,284.9318,282.6801,299.7365,298.4193
2022-11-23,282.0666,282.6916,279.1074,279.2832,46390000,QQQ,271.2906,273.8389,270.0593,274.8147,284.9549,282.6680,299.4019,298.2566
2022-11-25,280.2110,281.1778,279.7227,280.4747,15498800,QQQ,271.9767,274.4458,269.9878,275.0263,284.9416,282.6193,299.0210,298.0771
2022-11-28,276.0994,280.2500,275.1716,278.2382,38714200,QQQ,272.0494,274.6033,269.8688,275.0684,284.8270,282.4902,298.6599,297.8584
2022-11-29,274.0095,276.7245,272.6423,276.3241,35618900,QQQ,272.1774,274.5467,269.6641,275.0269,284.6878,282.3223,298.3436,297.6211
2022-11-30,286.5004,286.6079,273.4235,274.2732,74718100,QQQ,273.0685,275.6852,269.7546,275.4768,284.7351,282.4050,298.0877,297.5104
2022-12-01,286.8520,288.8346,284.0784,286.8227,51547300,QQQ,274.4378,276.7487,269.9530,275.9229,284.8131,282.4931,297.7915,297.4044
2022-12-02,285.7094,286.5883,281.6173,281.7931,53583200,QQQ,276.0033,277.6021,270.1968,276.3067,284.8855,282.5568,297.4901,297.2880
2022-12-05,280.9142,284.8597,279.4590,283.5901,41482100,QQQ,277.1244,277.9175,270.4337,276.4874,284.9000,282.5242,297.2161,297.1251
2022-12-06,275.0936,280.8947,273.7068,280.7580,53937600,QQQ,277.8125,277.6486,270.5765,276.4327,284.8056,282.3771,296.9322,296.9059
2022-12-07,273.9704,275.9627,272.2613,273.9118,45614300,QQQ,278.3491,277.2983,270.6947,276.3362,284.7241,282.2106,296.6593,296.6777
2022-12-08,277.2128,278.1797,273.2478,275.3182,42594900,QQQ,279.3516,277.2901,270.7710,276.3705,284.5882,282.1117,296.4447,296.4840
2022-12-09,275.4451,278.9610,275.0056,276.1971,47860500,QQQ,279.3169,277.1144,270.9697,276.3342,284.3885,281.9796,296.1675,296.2746
2022-12-12,278.9023,278.9609,274.5857,275.6209,35732500,QQQ,279.2007,277.2847,271.3275,276.4349,284.1810,281.9187,295.8820,296.1018
2022-12-13,281.9005,289.9381,279.2246,289.7134,80667700,QQQ,279.3574,277.7243,271.6228,276.6493,284.0560,281.9184,295.6064,295.9605
2022-12-14,279.8106,284.5961,276.5683,281.3146,64984400,QQQ,279.2168,277.9230,271.7084,276.7733,283.9268,281.8766,295.3461,295.7998
2022-12-15,270.4155,276.3924,269.2240,275.7283,60554100,QQQ,278.7993,277.2080,271.6090,276.5239,283.7613,281.6497,295.0111,295.5472
2022-12-16,267.8372,271.2749,266.2356,269.7417,68300400,QQQ,278.2837,276.3155,271.5014,276.1833,283.4487,281.3761,294.6872,295.2715
2022-12-19,264.0732,268.1946,262.8397,268.1065,44167900,QQQ,277.5793,275.1496,271.5267,275.7084,283.0692,281.0335,294.3687,294.9610
2022-12-20,263.8676,265.6102,261.3322,262.9083,51064200,QQQ,277.0078,274.0751,271.6004,275.2440,282.6325,280.6936,294.1095,294.6517
2022-12-21,267.6953,268.9973,264.0634,264.9053,46394700,QQQ,276.4293,273.4675,271.8222,274.9480,282.2360,280.4362,293.8769,294.3834
2022-12-22,261.1461,264.8172,256.9366,264.6900,60278400,QQQ,275.3833,272.2941,271.9147,274.4068,281.7832,280.0542,293.5549,294.0527
2022-12-23,261.7335,262.3992,257.9841,259.8833,39373600,QQQ,274.4594,271.2883,271.8987,273.9098,281.2528,279.6914,293.2539,293.7311
2022-12-27,258.0330,261.2342,257.4946,261.1265,38009000,QQQ,273.5561,270.0259,271.9665,273.2871,280.6707,279.2626,292.9678,293.3759
2022-12-28,254.6263,259.8833,254.2641,257.6317,47139000,QQQ,272.5870,268.5593,271.7980,272.5553,280.0803,278.7747,292.6950,292.9904
2022-12-29,260.8329,261.7726,256.7310,257.4261,45893600,QQQ,271.3036,267.8234,271.7120,272.0956,279.5621,278.4194,292.4047,292.6704
2022-12-30,260.6763,260.8035,256.7702,258.0722,37858300,QQQ,269.9948,267.1427,271.6423,271.6478,279.0778,278.0681,292.0545,292.3520
2023-01-03,258.9140,264.4647,256.6135,262.9963,42335300,QQQ,268.6550,266.3590,271.5642,271.1485,278.4896,277.6888,291.6754,292.0193
2023-01-04,260.1476,261.8216,257.0051,261.0286,47754900,QQQ,267.6167,265.7675,271.3875,270.7171,277.9317,277.3414,291.2683,291.7022
2023-01-05,256.0751,258.6498,255.7619,258.4834,45396700,QQQ,266.6658,264.8444,271.0703,270.1429,277.2716,276.9203,290.8455,291.3477
2023-01-06,263.1431,264.2591,254.8611,257.8078,54659700,QQQ,266.1244,264.6824,270.7818,269.8684,276.6561,276.6475,290.4246,291.0670
2023-01-09,264.8466,269.4966,264.2396,265.1305,45568700,QQQ,265.5061,264.6980,270.6501,269.6714,276.0653,276.4138,290.0372,290.8061
2023-01-10,267.0884,267.1961,263.3096,263.8187,35247800,QQQ,265.0883,264.9257,270.6621,269.5701,275.5339,276.2292,289.6230,290.5701
2023-01-11,271.7090,271.8167,267.3723,268.1555,44077000,QQQ,264.7286,265.5717,270.6034,269.6540,275.0409,276.1397,289.2333,290.3825
2023-01-12,273.1774,274.2053,267.9791,272.2669,60600000,QQQ,264.2924,266.2960,270.6379,269.7922,274.6252,276.0810,288.8239,290.2113
2023-01-13,275.0571,275.3018,270.3483,270.6812,44802900,QQQ,264.0548,267.1304,270.7655,269.9986,274.3112,276.0607,288.3934,290.0605
2023-01-17,275.6151,276.8975,273.6963,274.8613,36269700,QQQ,264.3147,267.9385,271.0885,270.2189,274.0053,276.0519,287.9856,289.9168
2023-01-18,272.0321,278.6988,271.8266,277.1521,47754500,QQQ,264.5245,268.3284,271.4411,270.2900,273.6547,275.9723,287.5820,289.7388
2023-01-19,269.3596,271.5426,268.1261,270.4070,44150400,QQQ,264.7888,268.4266,271.6585,270.2535,273.2231,275.8414,287.1684,289.5360
2023-01-20,276.7311,277.0640,269.9078,270.9651,60613600,QQQ,265.4320,269.2175,271.9665,270.5075,272.9933,275.8590,286.7554,289.4086
2023-01-23,282.8789,284.1026,276.7801,277.5730,52799900,QQQ,266.1912,270.5186,272.3593,270.9927,272.8545,275.9980,286.4130,289.3436
2023-01-24,282.3014,283.4565,280.7448,281.2637,44875100,QQQ,267.2489,271.6407,272.8621,271.4362,272.7430,276.1228,286.1059,289.2736
2023-01-25,281.6748,282.2915,275.2626,277.7981,50872000,QQQ,268.2460,272.5964,272.9728,271.8377,272.6422,276.2327,285.7916,289.1980
2023-01-26,287.1667,287.3430,282.4482,285.0914,51596300,QQQ,269.7027,273.9840,273.0916,272.4388,272.5951,276.4493,285.5289,289.1777
2023-01-27,290.0253,291.9832,285.7375,285.8549,56441900,QQQ,271.4726,275.5118,273.3168,273.1285,272.6179,276.7181,285.3206,289.1862
2023-01-30,284.1614,288.1849,283.7894,286.7654,49405800,QQQ,272.6390,276.3355,273.3476,273.5612,272.6027,276.8655,285.0900,289.1362
2023-01-31,288.4198,288.5177,284.0929,284.2005,46705100,QQQ,274.0262,277.4864,273.5406,274.1438,272.5723,277.0943,284.8471,289.1290
2023-02-01,294.5872,297.0444,286.1486,288.2142,67562200,QQQ,275.8099,279.1151,273.8694,274.9455,272.5885,277.4407,284.6736,289.1834
2023-02-02,305.1599,307.0787,300.2749,301.0973,83070600,QQQ,278.0605,281.5955,274.4094,276.1304,272.6464,277.9896,284.5516,289.3423
2023-02-03,299.7366,305.8159,298.1311,298.5227,76170800,QQQ,280.2436,283.3232,274.8981,277.0562,272.6145,278.4202,284.3658,289.4458
2023-02-06,297.2010,299.4722,295.8599,297.1227,40802300,QQQ,281.9465,284.6449,275.2569,277.8462,272.7233,278.7921,284.1918,289.5229
2023-02-07,303.3587,304.4845,295.9578,297.0738,67584000,QQQ,283.8721,286.4272,275.6827,278.8466,272.8710,279.2786,284.0830,289.6606
2023-02-08,297.9646,302.9867,297.2794,302.0469,56720900,QQQ,285.4159,287.5260,276.0378,279.5964,273.0128,279.6486,283.9897,289.7432
2023-02-09,295.3312,302.4874,293.8824,302.3405,49137800,QQQ,286.5970,288.2694,276.4224,280.2134,273.1456,279.9591,283.8630,289.7988
2023-02-10,293.3929,295.2236,290.9945,293.1776,50050100,QQQ,287.6078,288.7573,276.8101,280.7303,273.2371,280.2252,283.7871,289.8346
2023-02-13,298.0919,298.6793,293.6181,294.7928,39636700,QQQ,288.7595,289.6463,277.0419,281.4111,273.3983,280.5789,283.7365,289.9167
2023-02-14,300.2946,301.2441,294.5775,296.5158,64079100,QQQ,289.9935,290.6604,277.3108,282.1516,273.6319,280.9694,283.6422,290.0200
2023-02-15,302.5952,302.7616,297.7983,298.4835,43100600,QQQ,291.5216,291.7971,277.6485,282.9533,273.9226,281.3976,283.6312,290.1451
2023-02-16,296.9172,301.9393,296.7704,297.9745,59498600,QQQ,292.8995,292.2847,277.9686,283.5009,274.2011,281.7049,283.5664,290.2125
2023-02-17,294.8222,295.5760,291.8266,294.7341,58230700,QQQ,293.8041,292.5264,278.3631,283.9449,274.4698,281.9647,283.4895,290.2584
2023-02-21,287.8422,292.4433,287.7052,291.0043,46526700,QQQ,294.0522,292.0803,278.6406,284.0978,274.6676,282.0810,283.3252,290.2343
2023-02-22,288.0576,290.1232,286.4031,288.4198,51389200,QQQ,294.3401,291.6972,278.8575,284.2530,274.8143,282.1994,283.2427,290.2127
2023-02-23,290.5735,291.8559,286.3933,291.6993,69294400,QQQ,294.7850,291.5901,279.1600,284.5009,275.0649,282.3652,283.1911,290.2163
2023-02-24,285.7081,286.8045,283.9460,285.6200,74332000,QQQ,294.7121,291.0299,279.2961,284.5482,275.3118,282.4314,283.1740,290.1714
2023-02-27,287.7542,290.2505,287.1668,288.8604,48995000,QQQ,294.5985,290.7180,279.4132,284.6740,275.5180,282.5368,283.1496,290.1474
2023-02-28,287.3822,289.8883,286.7948,287.1276,48243100,QQQ,294.7595,290.4003,279.5646,284.7802,275.6365,282.6328,283.1667,290.1198
2023-03-01,285.0718,287.7443,284.0929,287.0885,58287000,QQQ,294.5921,289.8928,279.8578,284.7916,275.7334,282.6811,283.1757,290.0696
2023-03-02,287.4311,288.2338,282.3014,282.5853,53565900,QQQ,294.2343,289.6584,280.2497,284.8951,275.8755,282.7751,283.1439,290.0434
2023-03-03,293.3733,293.6083,288.6645,289.1736,60511500,QQQ,293.6450,290.0122,280.8357,285.2276,276.1812,282.9850,283.1588,290.0765
2023-03-06,293.7062,297.6024,293.5104,294.6068,56736300,QQQ,293.3435,290.3640,281.4324,285.5601,276.5164,283.1973,283.1379,290.1126
2023-03-07,290.1036,294.6753,289.4967,293.7551,65955800,QQQ,292.9886,290.3392,281.8806,285.7383,276.8514,283.3340,283.1720,290.1125
2023-03-08,291.5525,292.1496,288.6744,290.5246,50876300,QQQ,292.3983,290.4547,282.4887,285.9663,277.2017,283.4968,283.2210,290.1269
2023-03-09,286.5010,294.6459,285.6885,292.0517,71456700,QQQ,291.8251,290.0782,282.9841,285.9872,277.4414,283.5563,283.2490,290.0908
2023-03-10,282.4775,288.1555,281.3322,286.6675,98593600,QQQ,291.1824,289.3543,283.4730,285.8496,277.7197,283.5349,283.2337,290.0150
2023-03-13,284.5725,288.2730,279.1883,280.6959,97123600,QQQ,290.7414,288.8989,284.0719,285.7995,277.9349,283.5555,283.2591,289.9609
2023-03-14,291.1120,291.6602,287.2745,288.1164,73602500,QQQ,290.3924,289.1097,284.6775,286.0079,278.1947,283.7051,283.2977,289.9723
2023-03-15,292.6391,292.9719,287.0688,288.5079,83631500,QQQ,290.0096,289.4458,285.3167,286.2679,278.4795,283.8820,283.3047,289.9989
2023-03-16,300.3532,300.7154,290.9357,291.7286,98198100,QQQ,289.8976,290.4846,286.1455,286.8203,278.8548,284.2082,283.3027,290.1019
2023-03-17,298.9338,302.6441,296.9857,300.2652,89923700,QQQ,289.9984,291.2893,286.9212,287.2953,279.1544,284.4998,283.2976,290.1898
2023-03-20,299.9947,300.3182,296.1120,298.3181,56359500,QQQ,290.2570,292.1184,287.7996,287.7933,279.4349,284.8066,283.3088,290.2873
2023-03-21,304.2793,304.7303,300.4163,301.9262,49757000,QQQ,291.0789,293.2766,288.6223,288.4398,279.7021,285.1922,283.3008,290.4266
2023-03-22,300.1417,309.0934,299.9751,304.2107,75791900,QQQ,291.6831,293.9304,289.3283,288.8987,279.9892,285.4882,283.3118,290.5232
2023-03-23,303.7009,308.0149,301.0144,303.8676,74576000,QQQ,292.3394,294.8609,290.0605,289.4792,280.3613,285.8489,283.3357,290.6543
2023-03-24,304.8186,304.9166,300.9555,303.2792,57195200,QQQ,293.2950,295.8093,290.7227,290.0808,280.6630,286.2245,283.3523,290.7953
2023-03-27,302.7302,306.5933,301.8772,305.5147,50287400,QQQ,294.0438,296.4684,291.3137,290.5768,280.9758,286.5514,283.3693,290.9140
2023-03-28,301.1223,302.1812,298.8182,302.1518,48585900,QQQ,294.7308,296.9116,291.8351,290.9904,281.3003,286.8399,283.4183,291.0156
2023-03-29,306.6129,307.2306,303.9950,304.8088,53274300,QQQ,295.8078,297.8356,292.4550,291.6030,281.7717,287.2314,283.5462,291.1708
2023-03-30,309.5151,310.1426,306.7012,309.0837,58354800,QQQ,296.9120,298.9479,293.2047,292.3054,282.3229,287.6727,283.7539,291.3533
2023-03-31,314.6625,314.8979,309.4366,309.7406,62138100,QQQ,297.9765,300.4445,294.1107,293.1822,282.8846,288.2071,283.9849,291.5853
2023-04-03,313.8977,314.1625,311.2211,312.5447,47126800,QQQ,298.9861,301.7258,294.8541,293.9946,283.4103,288.7159,284.1786,291.8073
2023-04-04,312.8389,315.3489,311.6231,314.3390,45875400,QQQ,300.1228,302.7842,295.4533,294.7336,283.9063,289.1936,284.4225,292.0166
2023-04-05,309.7504,312.8291,307.9365,311.8878,62795700,QQQ,301.0327,303.4476,296.0022,295.3225,284.4322,289.6006,284.6349,292.1930
2023-04-06,311.8387,312.3289,306.7109,308.1031,46916500,QQQ,302.2996,304.2468,296.6055,295.9702,284.7892,290.0410,284.8240,292.3885
2023-04-10,311.6623,311.7113,307.1325,308.9170,45134700,QQQ,303.7588,304.9530,297.0954,296.5855,285.0935,290.4691,285.0142,292.5803
2023-04-11,309.6621,311.6819,309.1523,311.6231,40113600,QQQ,305.0133,305.4015,297.4882,297.0983,285.4025,290.8492,285.1741,292.7502
2023-04-12,306.9266,312.2015,306.4658,311.6132,62813300,QQQ,305.8041,305.5467,297.9435,297.4838,285.6455,291.1675,285.2727,292.8913
2023-04-13,312.9369,313.4075,307.5051,308.6816,54613800,QQQ,306.8189,306.2506,298.4338,298.0898,285.9872,291.5986,285.4119,293.0908
2023-04-14,312.3486,314.1036,309.4464,311.3877,56278300,QQQ,307.4187,306.8313,298.7890,298.6489,286.3292,292.0095,285.5916,293.2824
2023-04-17,312.6133,312.9663,309.8680,311.9368,43007000,QQQ,308.1027,307.3820,298.9381,299.1966,286.6737,292.4175,285.7713,293.4747
2023-04-18,312.6329,315.1430,311.4368,314.7213,46746900,QQQ,308.7346,307.8821,299.1960,299.7235,287.0471,292.8178,285.9683,293.6653
2023-04-19,312.4858,313.5448,310.1033,310.2308,38960100,QQQ,309.1449,308.3205,299.5017,300.2240,287.3793,293.2073,286.1555,293.8526
2023-04-20,310.1033,313.0349,308.8189,309.5249,62462100,QQQ,309.6430,308.4903,299.6366,300.6114,287.6597,293.5419,286.3073,294.0143
2023-04-21,310.4269,311.2015,307.9659,309.7406,59002300,QQQ,309.9793,308.6748,299.8859,300.9963,287.9618,293.8762,286.4517,294.1776
2023-04-24,309.7798,311.5348,307.6130,310.2014,44043100,QQQ,310.2274,308.7800,300.1748,301.3408,288.2986,294.1911,286.5628,294.3329
2023-04-25,303.9361,308.8189,303.8381,308.1522,57121600,QQQ,310.2877,308.3187,300.3857,301.4425,288.5979,294.3841,286.6429,294.4284
2023-04-26,305.7794,308.7895,305.2598,307.3188,55400500,QQQ,310.5205,308.0769,300.5395,301.6126,288.7907,294.6098,286.7629,294.5414
2023-04-27,314.0938,314.5939,308.8973,309.5347,65430400,QQQ,310.8946,308.6499,300.8154,302.1021,289.0631,294.9956,286.9381,294.7359
2023-04-28,316.2606,316.3489,312.7309,313.8585,59712600,QQQ,311.2318,309.3747,301.0887,302.6573,289.3686,295.4167,287.1271,294.9501
2023-05-01,315.8979,317.3098,314.8194,315.7999,41013400,QQQ,311.2936,309.9960,301.4684,303.1765,289.7185,295.8222,287.3092,295.1585
2023-05-02,313.1428,316.1528,311.4073,315.8293,56519400,QQQ,311.2559,310.2957,301.8348,303.5674,290.0990,296.1652,287.4523,295.3375
2023-05-03,311.0937,316.1725,310.9858,313.5056,59882100,QQQ,311.1686,310.3717,302.2998,303.8625,290.4702,296.4608,287.5971,295.4943
2023-05-04,309.9955,312.0153,308.9660,310.8681,50224500,QQQ,311.1809,310.3359,302.7386,304.1030,290.7980,296.7288,287.6931,295.6386
2023-05-05,316.5843,317.4373,310.0348,312.2506,51806100,QQQ,311.4181,310.9309,303.2588,304.5925,291.2094,297.1220,287.7989,295.8470
2023-05-08,317.3686,317.7118,315.0449,316.1234,36465800,QQQ,311.7035,311.5441,303.8920,305.0935,291.5941,297.5229,287.8875,296.0611
2023-05-09,315.3587,316.5744,315.0449,315.7116,31768800,QQQ,311.9883,311.9074,304.4441,305.4961,291.9286,297.8761,287.9923,296.2531
2023-05-10,318.7903,319.6433,315.3195,317.7902,60446600,QQQ,312.5815,312.5629,305.0722,306.0174,292.3184,298.2903,288.1226,296.4774
2023-05-11,319.8296,320.3688,317.7902,319.3393,44278500,QQQ,312.9261,313.2549,305.7674,306.5591,292.8126,298.7168,288.2869,296.7097
2023-05-12,318.6825,320.7807,316.6333,320.3591,48432800,QQQ,313.2428,313.7719,306.3924,307.0345,293.3210,299.1122,288.3849,296.9284
2023-05-15,320.4081,320.6434,317.6334,319.1531,33375600,QQQ,313.6325,314.4039,306.9331,307.5590,293.8844,299.5339,288.4768,297.1620
2023-05-16,320.7709,322.4769,319.6532,319.6924,40019200,QQQ,314.0394,315.0103,307.4744,308.0771,294.4534,299.9544,288.5430,297.3969
2023-05-17,324.6535,325.2320,320.6532,321.8297,47486100,QQQ,314.6478,315.9287,308.1654,308.7271,295.0230,300.4435,288.6295,297.6681
2023-05-18,330.6834,330.8991,325.0261,325.0457,64213500,QQQ,315.6768,317.3339,308.9480,309.5882,295.7184,301.0423,288.7508,297.9966
2023-05-19,329.9382,331.6050,328.8793,330.8991,61554900,QQQ,316.6524,318.5343,309.8168,310.3862,296.4004,301.6145,288.8266,298.3145
2023-05-22,331.0461,332.0560,329.6735,329.6833,43015900,QQQ,317.7157,319.7259,310.7881,311.1964,297.1306,302.1973,288.9006,298.6402
2023-05-23,326.8498,330.4775,326.4968,329.3304,48216700,QQQ,318.8614,320.4044,311.6337,311.8103,297.8528,302.6855,288.9665,298.9208
2023-05-24,325.1731,326.4085,323.1239,324.8986,62891200,QQQ,319.8311,320.8585,312.3149,312.3343,298.4962,303.1308,289.0292,299.1821
2023-05-25,333.0855,334.3503,330.0951,332.5169,66862800,QQQ,320.7807,322.0230,313.1238,313.1481,299.2203,303.7239,289.1490,299.5194
2023-05-26,341.5960,342.4294,334.0072,334.1052,63007000,QQQ,322.0474,323.8871,313.9487,314.2637,300.0471,304.4739,289.2683,299.9381
2023-05-30,343.1452,347.0180,341.7235,345.8219,72652200,QQQ,323.4098,325.7212,314.8329,315.3963,300.8771,305.2396,289.4044,300.3680
2023-05-31,341.1941,343.7531,339.7430,341.5666,65105400,QQQ,324.8124,327.1948,315.6569,316.4080,301.7283,305.9516,289.4999,300.7742
2023-06-01,345.1356,346.4592,339.8900,340.9391,50488600,QQQ,326.5145,328.9035,316.4740,317.5345,302.5482,306.7275,289.6022,301.2156
2023-06-02,347.7240,348.8809,345.1355,346.8906,53372100,QQQ,328.4009,330.6959,317.4257,318.7184,303.3770,307.5393,289.7211,301.6784
2023-06-05,347.9691,350.5184,346.9397,347.5083,47266200,QQQ,329.9701,332.3410,318.3110,319.8655,304.1858,308.3399,289.8598,302.1390
2023-06-06,347.9103,348.8712,346.0376,347.3612,41390400,QQQ,331.4972,333.8237,319.1729,320.9653,304.9478,309.1235,289.9944,302.5944
2023-06-07,342.0079,350.1458,341.3804,348.1946,69225900,QQQ,332.8297,334.6032,319.9584,321.7905,305.6361,309.7747,290.1307,302.9866
2023-06-08,346.2533,346.7141,342.0765,342.3020,47153900,QQQ,334.2028,335.7127,320.8611,322.7498,306.3481,310.4970,290.3296,303.4171
2023-06-09,347.5769,350.6752,346.1356,347.7044,53196900,QQQ,335.5902,336.8426,321.6803,323.7234,307.0677,311.2313,290.5365,303.8565
2023-06-12,353.4499,353.5480,348.2633,349.2339,44606500,QQQ,337.3285,338.4243,322.5590,324.8892,307.8819,312.0673,290.7683,304.3500
2023-06-13,356.1658,356.9992,352.9989,356.1952,57097800,QQQ,339.1164,340.1140,323.3891,326.1157,308.7499,312.9405,290.9865,304.8656
2023-06-14,358.7543,359.0386,353.3813,356.1757,69525600,QQQ,341.0156,341.8892,324.2862,327.3957,309.5701,313.8477,291.2817,305.4018
2023-06-15,363.0292,364.5097,356.8718,357.4895,71138800,QQQ,342.9344,343.9026,325.2900,328.7931,310.3716,314.8216,291.6131,305.9752
2023-06-16,360.7446,365.5685,360.3034,365.4411,80932000,QQQ,344.4374,345.5066,326.3099,330.0461,311.1561,315.7310,291.9495,306.5202
2023-06-20,360.2282,361.6224,357.2729,359.2955,49204700,QQQ,345.9519,346.9086,327.2777,331.2297,311.9416,316.6121,292.2919,307.0546
2023-06-21,355.3192,359.5213,354.3962,359.0893,53378300,QQQ,347.1656,347.7096,328.1508,332.1744,312.6231,317.3786,292.6091,307.5348
2023-06-22,359.5115,359.6686,353.6697,354.0722,47603000,QQQ,348.7987,348.8336,329.1478,333.2464,313.3180,318.2129,292.9679,308.0520
2023-06-23,355.9474,358.2449,354.2587,355.6234,48922900,QQQ,350.3374,349.5111,330.1283,334.1366,314.0359,318.9601,293.3193,308.5286
2023-06-26,351.1758,358.2056,351.0875,355.4173,52685500,QQQ,351.2419,349.6697,330.8930,334.8048,314.6634,319.5981,293.6179,308.9529
2023-06-27,357.2140,357.9406,351.9908,352.7173,49428100,QQQ,352.0228,350.3882,331.7903,335.6836,315.2897,320.3429,293.9391,309.4331
2023-06-28,357.9111,359.8551,355.3191,355.3977,46498000,QQQ,352.7611,351.1046,332.6963,336.5553,315.8172,321.0869,294.2318,309.9155
2023-06-29,357.1944,358.2548,355.5548,357.6166,46151000,QQQ,353.5611,351.6846,333.5875,337.3647,316.3918,321.8019,294.5031,310.3859
2023-06-30,362.7024,363.7529,360.5522,360.8664,58712500,QQQ,354.4395,352.7339,334.5919,338.3583,317.0468,322.6118,294.8850,310.9065
2023-07-03,363.5566,364.1849,362.2606,363.3406,19432900,QQQ,355.2311,353.7647,335.6609,339.3465,317.6488,323.4226,295.2599,311.4304
2023-07-05,363.5467,365.2453,361.9562,361.9955,34460900,QQQ,356.0100,354.6963,336.7233,340.2955,318.3046,324.2171,295.6587,311.9490
2023-07-06,360.7780,361.2198,357.8914,359.8452,49374700,QQQ,356.6534,355.2755,337.7433,341.0987,318.9591,324.9411,296.0523,312.4348
2023-07-07,359.5802,363.7431,359.3544,360.5522,47133700,QQQ,357.5320,355.6855,338.8562,341.8235,319.6209,325.6270,296.4290,312.9039
2023-07-10,359.6980,360.3755,356.8017,359.3053,48498800,QQQ,358.2042,356.0676,339.9345,342.5245,320.2370,326.3017,296.8176,313.3695
2023-07-11,361.4751,361.9267,357.9896,360.1202,38214100,QQQ,358.8991,356.5826,340.8822,343.2676,320.8488,326.9982,297.2404,313.8482
2023-07-12,366.0406,367.3857,363.5664,365.5693,61975400,QQQ,359.5287,357.4834,341.8778,344.1607,321.4833,327.7713,297.7029,314.3675
2023-07-13,372.2554,373.0802,368.6325,369.2118,46960000,QQQ,360.3331,358.8902,343.0049,345.2624,322.2366,328.6522,298.2189,314.9435
2023-07-14,372.1769,375.8979,371.3030,372.6874,55148500,QQQ,361.0043,360.1556,344.1856,346.3179,323.0102,329.5140,298.7400,315.5130
2023-07-17,375.6525,376.5263,372.4125,372.8936,40868900,QQQ,361.6354,361.6315,345.4768,347.4683,323.8883,330.4277,299.2780,316.1114
2023-07-18,378.7256,380.0904,373.0900,375.0144,55262000,QQQ,362.5345,363.2595,346.8514,348.6941,324.7950,331.3841,299.8046,316.7344
2023-07-19,378.6372,380.9249,377.3118,379.7860,54093000,QQQ,363.4549,364.7241,348.0924,349.8683,325.6756,332.3198,300.3702,317.3504
2023-07-20,369.9090,377.1155,368.8879,375.6526,71941700,QQQ,364.1844,365.2179,349.1432,350.6542,326.5176,333.0641,300.9147,317.8734
2023-07-21,368.7995,373.0115,368.3675,372.2849,60499600,QQQ,364.6488,365.5590,350.2121,351.3658,327.3281,333.7717,301.4230,318.3801
2023-07-24,369.3886,370.7140,367.5330,369.7715,40380100,QQQ,365.3209,365.9237,351.2240,352.0726,328.1481,334.4770,301.8923,318.8876
2023-07-25,371.8922,373.5515,370.0759,370.0955,38894400,QQQ,366.3567,366.4921,352.2653,352.8498,329.0163,335.2179,302.3749,319.4150
2023-07-26,370.6551,372.3438,368.3576,370.8515,47075700,QQQ,367.0288,366.8886,353.3047,353.5481,329.8486,335.9197,302.8620,319.9249
2023-07-27,369.7714,377.7143,368.4852,376.1041,63940200,QQQ,367.6218,367.1632,354.2920,354.1843,330.6126,336.5900,303.3969,320.4209
2023-07-28,376.5067,377.5278,373.3060,373.8165,56902900,QQQ,368.5874,368.0530,355.4067,355.0597,331.4406,337.3804,303.9785,320.9789
2023-07-31,376.7031,377.8813,375.3875,376.8111,44019900,QQQ,369.2874,368.8768,356.4477,355.9084,332.3066,338.1591,304.5790,321.5334
2023-08-01,375.8293,376.5853,373.7675,375.3580,41060600,QQQ,369.9011,369.5390,357.3506,356.6896,333.1493,338.9050,305.1755,322.0737
2023-08-02,367.5820,372.3635,366.3449,372.3635,72687100,QQQ,370.1028,369.3526,358.1035,357.1168,333.9601,339.4729,305.7008,322.5265
2023-08-03,366.9929,369.1136,365.0096,365.1765,47666400,QQQ,370.4136,369.1279,358.8224,357.5041,334.8053,340.0178,306.2625,322.9689
2023-08-04,365.2747,371.2245,364.7740,368.9172,61702800,QQQ,370.6983,368.7609,359.5909,357.8088,335.6123,340.5180,306.7736,323.3899
2023-08-07,368.3675,368.4656,364.7544,367.0813,37230400,QQQ,371.1318,368.7234,360.4548,358.2229,336.3849,341.0695,307.2898,323.8374
2023-08-08,365.2355,365.8835,362.1134,365.8639,44726500,QQQ,371.3198,368.3913,361.0978,358.4979,337.1108,341.5480,307.7952,324.2494
2023-08-09,361.2199,365.6774,360.4639,365.5203,51150900,QQQ,371.0788,367.7083,361.4903,358.6046,337.7195,341.9375,308.2872,324.6172
2023-08-10,361.8875,367.5525,360.3656,364.2242,72035300,QQQ,370.5604,367.1539,361.8651,358.7334,338.3490,342.3326,308.7517,324.9881
2023-08-11,359.5802,361.3082,358.0584,359.3347,48707200,QQQ,369.9305,366.4326,362.2329,358.7666,338.9449,342.6741,309.1899,325.3323
2023-08-14,363.6155,363.7333,358.0682,358.7849,42130800,QQQ,369.3287,366.1643,362.6025,358.9567,339.5382,343.0888,309.6202,325.7132
2023-08-15,359.7569,363.4387,359.0893,362.6434,45539900,QQQ,368.3802,365.5541,362.8431,358.9881,340.1344,343.4189,310.0618,326.0519
2023-08-16,355.9474,360.7485,355.8493,359.2169,53190500,QQQ,367.2458,364.6392,363.0027,358.8689,340.6569,343.6669,310.5091,326.3494
2023-08-17,352.0595,357.6853,351.6471,357.3417,62604300,QQQ,366.3533,363.4411,363.0857,358.6018,341.1293,343.8331,310.8962,326.6052
2023-08-18,351.6177,352.8745,348.2599,348.7999,61191400,QQQ,365.4942,362.3151,363.2779,358.3279,341.6182,343.9873,311.2970,326.8541
2023-08-21,357.2828,357.9603,352.6192,353.0806,50696500,QQQ,364.8889,361.8358,363.4985,358.2870,342.1798,344.2506,311.7400,327.1569
2023-08-22,356.7722,359.8944,356.0849,359.8846,44530200,QQQ,364.1329,361.3536,363.6824,358.2276,342.6813,344.4985,312.2265,327.4516
2023-08-23,362.3981,363.4879,357.7344,357.9504,51770600,QQQ,363.7200,361.4530,363.8613,358.3911,343.2102,344.8530,312.7665,327.7993
2023-08-24,354.6515,365.9620,354.4453,365.8638,66842500,QQQ,362.9641,360.8053,363.8310,358.2445,343.6101,345.0470,313.2473,328.0665
2023-08-25,357.4006,359.0894,352.0596,355.4861,69960500,QQQ,362.0087,360.4810,363.8040,358.2114,344.0451,345.2916,313.7277,328.3584
2023-08-28,360.0908,361.0235,357.6264,360.3166,40910000,QQQ,361.1781,360.4438,363.7452,358.2851,344.5176,345.5847,314.2119,328.6741
2023-08-29,367.9551,368.3085,359.5704,359.8944,58492400,QQQ,360.7844,361.1592,363.8894,358.6643,345.0997,346.0277,314.7659,329.0650
2023-08-30,370.0070,370.5863,367.0616,368.0630,41731500,QQQ,360.9057,362.0019,364.0850,359.1091,345.6813,346.5025,315.2353,329.4723
2023-08-31,371.1165,372.8151,370.0169,370.0856,35730700,QQQ,361.1118,362.8699,364.4009,359.5800,346.2759,346.9899,315.6847,329.8867
2023-09-01,370.7239,373.9050,369.2413,373.4828,39801200,QQQ,361.3843,363.6179,364.6252,360.0170,346.8865,347.4599,316.1445,330.2931
2023-09-05,371.1951,372.4125,368.9958,369.9187,32344200,QQQ,361.5257,364.3395,364.9301,360.4554,347.5292,347.9299,316.5874,330.7000
2023-09-06,367.9256,370.7631,365.9227,370.4194,42998700,QQQ,361.6602,364.6811,365.2651,360.7483,348.0791,348.3258,317.0332,331.0704
2023-09-07,365.2943,366.0700,362.4373,363.4780,52060700,QQQ,361.8639,364.7395,365.4267,360.9266,348.6085,348.6618,317.4689,331.4110
2023-09-08,365.8049,368.0337,364.8428,365.2453,35800100,QQQ,362.0598,364.8410,365.5846,361.1179,349.1405,349.0013,317.9071,331.7532
2023-09-11,370.1151,370.6256,366.8652,368.8289,39936600,QQQ,362.5865,365.3433,365.8430,361.4707,349.7153,349.4194,318.3812,332.1349
2023-09-12,366.0111,370.0955,365.7264,368.4460,41391000,QQQ,362.7063,365.4069,365.9092,361.6488,350.2505,349.7480,318.8149,332.4720
2023-09-13,367.4052,369.0056,365.1176,366.2467,46300700,QQQ,363.0887,365.5972,365.9862,361.8745,350.8235,350.0976,319.2416,332.8196
2023-09-14,370.4096,371.3914,367.0911,369.1529,48039400,QQQ,363.8118,366.0555,366.1234,362.2092,351.4234,350.4998,319.6926,333.1936
2023-09-15,364.0671,369.4769,363.1344,369.0744,69811200,QQQ,364.4122,365.8661,366.1892,362.2821,351.9662,350.7685,320.1324,333.5008
2023-09-18,364.4466,365.5576,362.8439,363.1290,36903500,QQQ,365.0537,365.7309,366.2865,362.3670,352.5713,351.0393,320.5846,333.8087
2023-09-19,363.6699,364.4663,360.6514,363.1292,37621700,QQQ,365.3730,365.5346,366.3660,362.4181,353.1503,351.2894,320.9705,334.1059
2023-09-20,358.4292,365.0857,358.3506,364.7318,45514200,QQQ,365.4559,364.8579,366.3051,362.2616,353.5936,351.4308,321.3284,334.3479
2023-09-21,351.8612,355.5386,351.6941,354.7520,69734800,QQQ,364.9290,363.6202,366.0215,361.8538,353.9496,351.4394,321.6591,334.5221
2023-09-22,351.9104,355.7351,351.5957,353.6015,51589700,QQQ,364.7920,362.5049,365.6146,361.4638,354.3097,351.4487,322.0141,334.6952
2023-09-25,353.5819,353.6704,349.9636,350.9468,39168000,QQQ,364.6010,361.6551,365.2427,361.1547,354.7141,351.4909,322.4065,334.8831
2023-09-26,348.2724,351.5466,347.2892,351.0058,53657700,QQQ,364.0101,360.3806,364.6951,360.6496,355.0859,351.4272,322.7781,335.0163
2023-09-27,349.0885,350.9960,345.4701,349.4228,56066000,QQQ,363.0668,359.3051,364.1023,360.1962,355.4768,351.3809,323.1374,335.1563
2023-09-28,352.0088,354.1326,347.3187,348.1741,56453300,QQQ,362.1669,358.6102,363.5698,359.8751,355.8311,351.3933,323.5202,335.3240
2023-09-29,352.2643,356.8659,351.0353,355.4795,64829600,QQQ,361.2243,358.0059,363.2169,359.5766,356.1800,351.4106,323.8871,335.4926
2023-10-02,355.2042,356.6004,351.9202,352.5298,51625100,QQQ,360.4483,357.7391,362.9450,359.4052,356.5785,351.4857,324.2536,335.6887
2023-10-03,348.9705,354.9584,347.3580,352.7658,60478500,QQQ,359.3370,356.9040,362.5366,358.9960,356.8803,351.4359,324.5994,335.8209
2023-10-04,353.7195,354.5651,349.3441,349.8062,54786700,QQQ,358.6267,356.6007,362.1731,358.7891,357.2192,351.4811,325.0159,335.9990
2023-10-05,352.6773,354.1128,349.1868,353.7097,45897400,QQQ,357.9959,356.2270,361.8136,358.5494,357.5592,351.5048,325.4401,336.1649
2023-10-06,358.5865,359.7762,348.9016,349.6882,75049100,QQQ,357.6350,356.4517,361.5899,358.5508,357.9409,351.6450,325.9127,336.3880
2023-10-09,360.4154,360.9562,354.7323,356.2268,45304800,QQQ,357.1500,356.8292,361.2681,358.6240,358.3374,351.8187,326.3954,336.6271
2023-10-10,362.4113,365.0562,360.2482,360.7496,46968800,QQQ,356.9700,357.3609,360.9822,358.7725,358.7150,352.0284,326.8690,336.8837
2023-10-11,364.9972,365.1840,362.0180,363.7387,38215100,QQQ,356.8496,358.0881,360.7656,359.0166,359.0581,352.2852,327.3882,337.1634
2023-10-12,363.7289,367.4750,361.3396,365.4987,49587900,QQQ,356.5156,358.6253,360.6885,359.2014,359.3960,352.5119,327.8982,337.4277
2023-10-13,359.1568,364.9383,357.7606,364.3582,52469900,QQQ,356.2700,358.6760,360.5318,359.1996,359.6771,352.6434,328.4038,337.6439
2023-10-16,363.2176,364.2696,360.3268,360.4743,44201100,QQQ,356.2086,359.1085,360.4907,359.3572,360.0408,352.8528,328.9468,337.8984
2023-10-17,362.0279,363.7191,357.5640,359.6780,50999100,QQQ,356.1265,359.3865,360.3639,359.4619,360.4093,353.0345,329.4528,338.1385
2023-10-18,357.2788,361.7427,355.9515,359.5403,54280500,QQQ,356.0690,359.1858,360.2047,359.3763,360.6513,353.1186,329.9358,338.3290
2023-10-19,353.9359,359.8844,353.1394,358.6947,72274200,QQQ,356.1727,358.6858,360.0590,359.1630,360.7747,353.1347,330.4109,338.4842
2023-10-20,348.6559,354.0047,348.4297,353.4344,72559700,QQQ,356.0100,357.7306,359.7944,358.7509,360.8298,353.0461,330.8534,338.5855
2023-10-23,349.7079,353.2377,345.2342,347.3383,60665200,QQQ,355.8163,356.9665,359.5970,358.3963,360.9149,352.9799,331.3216,338.6961
2023-10-24,353.1100,353.8769,349.8259,351.5171,47082100,QQQ,356.0582,356.5992,359.3869,358.1890,360.9947,352.9825,331.7714,338.8396
2023-10-25,344.4673,350.8977,343.8872,350.7207,71190500,QQQ,355.8271,355.4438,359.0811,357.6509,360.9621,352.8139,332.1695,338.8955
2023-10-26,337.8992,344.2018,336.6112,343.2677,78621400,QQQ,355.1216,353.7729,358.7201,356.8763,360.8614,352.5186,332.5236,338.8856
2023-10-27,339.5216,342.9924,338.3122,340.6228,63476700,QQQ,354.4845,352.4156,358.4693,356.1957,360.7775,352.2612,332.8626,338.8920
2023-10-30,343.3463,344.6639,340.6424,341.9993,55298500,QQQ,353.8916,351.5519,358.3039,355.6918,360.7909,352.0847,333.2135,338.9363
2023-10-31,344.9884,345.3620,340.8096,343.3759,47671900,QQQ,353.6925,350.9268,358.0580,355.2721,360.7782,351.9441,333.5631,338.9965
2023-11-01,350.9763,351.5367,345.7258,345.8241,58992700,QQQ,353.5553,350.9315,357.9421,355.1036,360.8122,351.9250,333.9400,339.1157
2023-11-02,357.3477,357.5837,354.2603,355.4796,58162400,QQQ,353.7888,351.5426,357.8411,355.1916,360.8512,352.0324,334.3665,339.2971
2023-11-03,361.5461,362.8341,358.4095,358.6357,53280500,QQQ,353.9368,352.4953,357.9790,355.4408,360.9050,352.2208,334.8275,339.5185
2023-11-06,363.0210,363.5814,360.7596,362.3131,38848700,QQQ,354.0671,353.4977,358.0914,355.7381,360.9477,352.4346,335.2589,339.7524
2023-11-07,366.4524,367.3176,362.8636,364.0631,50777400,QQQ,354.2692,354.7315,358.2186,356.1583,360.9819,352.7122,335.6768,340.0180
2023-11-08,366.6884,367.5241,364.4073,366.8260,35663400,QQQ,354.3537,355.8703,358.1933,356.5712,361.0414,352.9890,336.0987,340.2834
2023-11-09,363.8665,368.5172,363.3749,367.3767,53859400,QQQ,354.3606,356.6318,358.0705,356.8573,361.0777,353.2044,336.5097,340.5181
2023-11-10,372.0471,372.1945,365.0562,365.5872,58309800,QQQ,355.0051,358.0999,358.0891,357.4530,361.2450,353.5775,336.9341,340.8318
2023-11-13,370.8868,371.9389,368.9499,370.4739,40733500,QQQ,355.3886,359.3177,358.0924,357.9798,361.3588,353.9202,337.3384,341.1308
2023-11-14,378.8708,379.7852,376.7568,377.2779,67792600,QQQ,356.2307,361.1799,358.2459,358.7990,361.5880,354.4143,337.8119,341.5064
2023-11-15,379.1559,381.2502,377.7990,380.7586,54141400,QQQ,357.3246,362.8919,358.4705,359.5973,361.8678,354.9042,338.2656,341.8810
2023-11-16,379.4803,379.7163,377.1304,378.3889,45343500,QQQ,358.6018,364.4718,358.7542,360.3771,362.0905,355.3909,338.6901,342.2551
2023-11-17,379.5688,380.5816,377.8482,378.7527,46571900,QQQ,360.1474,365.9096,359.0295,361.1297,362.3070,355.8697,339.0621,342.6264
2023-11-20,384.1901,384.8489,379.5787,379.5787,44429600,QQQ,361.8715,367.6506,359.3110,362.0340,362.5770,356.4305,339.4844,343.0400
2023-11-21,381.9581,382.7054,380.2178,382.4891,43337000,QQQ,363.3140,369.0132,359.6299,362.8154,362.7696,356.9360,339.9082,343.4272
2023-11-22,383.5214,386.4810,382.5185,384.0229,44121000,QQQ,365.2667,370.3949,359.9522,363.6274,362.9692,357.4624,340.3090,343.8262
2023-11-24,382.9807,383.7082,381.9876,383.1183,15718800,QQQ,367.5207,371.5936,360.2037,364.3863,363.1635,357.9677,340.7341,344.2157
2023-11-27,382.6464,384.5932,381.7713,382.4891,34139700,QQQ,369.6770,372.6462,360.5752,365.1024,363.3822,358.4564,341.1706,344.5981
2023-11-28,383.6492,384.2293,381.5451,381.8991,35491100,QQQ,371.6921,373.6941,360.9593,365.8297,363.6229,358.9553,341.6219,344.9867
2023-11-29,383.2756,387.5331,382.9315,386.1074,38811700,QQQ,373.6065,374.6067,361.3514,366.5139,363.8587,359.4369,342.0478,345.3677
2023-11-30,382.3120,384.0032,379.3525,383.5411,52834400,QQQ,375.1733,375.3405,361.8291,367.1334,364.0671,359.8898,342.4579,345.7353
2023-12-01,383.4035,383.9934,379.5984,381.2502,40490100,QQQ,376.4761,376.1084,362.4599,367.7715,364.2407,360.3555,342.8620,346.1101
2023-12-04,379.8441,380.1195,376.2455,379.6180,51186900,QQQ,377.3910,376.4642,363.0186,368.2449,364.3166,360.7414,343.2766,346.4458
2023-12-05,380.7979,381.9876,377.7695,377.9465,42933000,QQQ,378.2798,376.8769,363.5629,368.7372,364.4028,361.1385,343.7065,346.7876
2023-12-06,378.5954,383.8262,378.2513,383.7279,41994100,QQQ,378.8870,377.0406,364.1694,369.1238,364.4322,361.4842,344.1603,347.1041
2023-12-07,383.8853,384.7112,380.4734,381.5648,49593500,QQQ,379.7468,377.6925,364.8653,369.7026,364.4838,361.9278,344.6394,347.4701
2023-12-08,385.5960,386.0385,381.9679,382.1547,46687500,QQQ,380.8333,378.4452,365.5371,370.3259,364.5534,362.3965,345.1145,347.8494
2023-12-11,388.8899,389.1554,384.9668,385.1732,41198000,QQQ,381.6754,379.4399,366.2696,371.0539,364.7432,362.9211,345.6304,348.2578
2023-12-12,391.9872,392.1051,387.7986,388.9293,39221200,QQQ,382.7304,380.6349,367.0052,371.8748,364.9751,363.4967,346.1516,348.6929
2023-12-13,396.9721,397.5817,392.1543,392.9212,55408100,QQQ,383.6355,382.1908,367.9653,372.8590,365.2509,364.1595,346.6995,349.1733
2023-12-14,396.6280,399.4892,393.6291,398.1914,55447800,QQQ,384.5091,383.5658,368.8234,373.7911,365.4983,364.8025,347.2573,349.6455
2023-12-15,398.5453,399.7252,396.8049,397.4047,62896600,QQQ,385.4623,384.9924,369.7408,374.7619,365.7772,365.4707,347.8129,350.1320
2023-12-18,401.0556,401.9521,398.6123,398.9374,46610000,QQQ,386.5367,386.5222,370.5902,375.7930,366.0900,366.1753,348.3513,350.6387
2023-12-19,403.1049,403.2231,401.3216,401.5088,35711900,QQQ,387.4824,388.1015,371.4440,376.8641,366.3560,366.9066,348.8983,351.1608
2023-12-20,397.1148,404.3955,396.9375,402.3068,54042400,QQQ,388.2403,388.9599,372.1380,377.6582,366.5601,367.5048,349.4333,351.6181
2023-12-21,401.7354,402.0999,398.4842,401.0359,45568900,QQQ,389.1510,390.1766,372.8728,378.6024,366.8192,368.1826,349.9843,352.1167
2023-12-22,402.3364,403.9028,400.4645,402.9472,34314000,QQQ,390.1187,391.3347,373.6449,379.5332,367.1667,368.8589,350.5634,352.6164
2023-12-26,404.7993,405.4693,403.0949,403.1935,22722500,QQQ,391.2264,392.6171,374.5578,380.5240,367.5448,369.5706,351.1750,353.1357
2023-12-27,405.6234,405.9093,404.2237,405.0813,31980500,QQQ,392.3251,393.8558,375.4059,381.5083,367.9483,370.2845,351.7803,353.6579
2023-12-28,405.4263,407.0232,405.0714,406.7767,27029200,QQQ,393.4326,394.9577,376.2739,382.4462,368.3189,370.9804,352.3519,354.1730
2023-12-29,403.6718,405.7615,401.7595,405.4066,42662100,QQQ,394.5006,395.7876,377.2017,383.2786,368.7032,371.6278,352.9070,354.6656
2024-01-02,396.8407,400.2907,394.5243,400.0443,58026900,QQQ,395.1725,395.8879,378.0598,383.8105,369.0594,372.1270,353.3895,355.0852
2024-01-03,392.6414,395.2733,392.2077,394.2186,47002800,QQQ,395.8123,395.5787,378.9395,384.1568,369.3670,372.5332,353.8580,355.4589
2024-01-04,390.6208,393.8835,390.4040,390.7785,39432800,QQQ,396.3035,395.1065,379.7578,384.4103,369.6774,372.8914,354.3111,355.8088
2024-01-05,391.0840,393.8539,389.6941,390.7883,44922800,QQQ,396.9279,394.7234,380.5173,384.6720,369.9521,373.2517,354.7452,356.1598
2024-01-08,399.1670,399.4528,392.1585,392.3063,42473800,QQQ,397.6920,395.1466,381.6113,385.2404,370.3462,373.7648,355.2403,356.5877
2024-01-09,399.9556,400.8821,395.9733,396.1704,39132900,QQQ,398.4100,395.6046,382.8524,385.8175,370.7862,374.2835,355.7216,357.0192
2024-01-10,402.6663,403.6717,399.3839,400.2710,33962800,QQQ,399.0988,396.2772,384.1153,386.4782,371.2923,374.8455,356.2108,357.4734
2024-01-11,403.5042,405.3278,398.4671,403.9379,54536200,QQQ,399.6747,396.9655,385.3184,387.1459,371.8112,375.4130,356.7147,357.9314
2024-01-12,403.7112,405.3770,402.3213,404.5392,39595000,QQQ,400.0116,397.6079,386.4929,387.7955,372.2755,375.9734,357.2276,358.3870
2024-01-16,403.6718,405.2489,401.0202,402.4790,43903000,QQQ,400.3638,398.1854,387.5468,388.4181,372.7445,376.5218,357.7129,358.8376
2024-01-17,401.3947,401.7692,397.1659,400.3695,54386000,QQQ,400.5063,398.4911,388.4278,388.9270,373.1344,377.0144,358.1723,359.2610
2024-01-18,407.0922,407.6737,403.3169,404.6574,59562500,QQQ,400.8081,399.3102,389.3387,389.6394,373.6588,377.6100,358.6345,359.7369
2024-01-19,415.1652,415.3229,408.7087,409.2903,70325100,QQQ,401.4111,400.8202,390.3816,390.6404,374.2365,378.3536,359.1408,360.2885
2024-01-22,415.7074,418.6646,415.1061,417.3634,44880600,QQQ,402.3407,402.2380,391.3667,391.6234,374.7926,379.0933,359.6551,360.8399
2024-01-23,417.4324,417.6492,414.5639,416.3973,33003800,QQQ,403.1256,403.6851,392.3815,392.6355,375.2874,379.8525,360.1935,361.4030
2024-01-24,419.7488,423.7114,419.2559,421.3358,46948000,QQQ,403.9962,405.2150,393.4992,393.6988,375.7848,380.6425,360.7331,361.9836
2024-01-25,420.2614,422.9129,417.9252,422.2426,44367200,QQQ,404.7693,406.6480,394.4635,394.7404,376.2763,381.4271,361.2761,362.5634
2024-01-26,417.7577,420.1234,417.1071,418.3787,37137000,QQQ,405.3760,407.7060,395.4009,395.6431,376.7466,382.1465,361.8166,363.1126
2024-01-29,422.0357,422.2328,417.5605,418.2111,38694700,QQQ,406.2065,409.0708,396.2642,396.6781,377.2550,382.9364,362.3921,363.6989
2024-01-30,419.2263,421.5724,418.3195,421.0007,36739000,QQQ,406.9842,410.0380,397.0656,397.5623,377.7680,383.6550,362.9236,364.2515
2024-01-31,411.0154,416.8311,410.8379,414.8399,64010600,QQQ,407.6930,410.1311,397.6963,398.0899,378.2252,384.1968,363.4169,364.7168
2024-02-01,415.8552,416.3481,411.8433,412.8093,51008600,QQQ,408.8536,410.6762,398.4220,398.7866,378.7257,384.8237,363.9331,365.2256
2024-02-02,422.8834,424.0958,416.7522,417.7478,59602400,QQQ,410.4668,411.8388,399.1959,399.7316,379.2534,385.5773,364.4844,365.7993
2024-02-05,422.3314,423.4748,418.9306,422.9425,39889200,QQQ,412.0291,412.8381,400.0034,400.6178,379.8166,386.3051,365.0336,366.3618
2024-02-06,421.4836,424.0761,419.1475,423.4748,35846100,QQQ,413.1450,413.6615,400.7626,401.4361,380.3574,387.0017,365.5905,366.9103
2024-02-07,425.8208,426.6488,422.9623,424.2634,37712700,QQQ,414.4382,414.8195,401.6194,402.3924,380.9115,387.7704,366.1675,367.4965
2024-02-08,426.6093,427.3683,425.2589,425.9390,29889900,QQQ,415.6354,415.9423,402.4987,403.3420,381.5370,388.5395,366.7516,368.0847
2024-02-09,430.8086,431.5972,426.9544,427.7430,36943900,QQQ,417.0006,417.3582,403.4418,404.4192,382.2006,389.3765,367.3860,368.7088
2024-02-12,429.1230,432.8687,428.4428,430.7001,33203300,QQQ,418.2712,418.4786,404.3588,405.3879,382.8551,390.1636,368.0027,369.3099
2024-02-13,422.4299,425.1111,419.2559,421.1781,64491700,QQQ,419.2091,418.8550,405.1611,406.0562,383.4951,390.8025,368.5444,369.8385
2024-02-14,427.0333,427.4571,422.7553,425.1013,45092700,QQQ,420.4910,419.6338,406.0337,406.8789,384.2468,391.5200,369.0982,370.4076
2024-02-15,428.3049,428.7682,425.1703,427.7233,38796100,QQQ,421.5517,420.4597,407.0030,407.7191,385.0108,392.2484,369.6603,370.9837
2024-02-16,424.4211,428.7779,423.7113,428.6794,53716500,QQQ,422.0145,420.8369,407.8754,408.3741,385.7192,392.8855,370.2166,371.5154
2024-02-20,421.2175,423.9381,417.4521,422.4299,53999500,QQQ,422.2900,420.8732,408.7279,408.8778,386.4486,393.4465,370.7673,372.0099
2024-02-21,419.5319,419.6207,415.6088,418.4871,49779000,QQQ,422.3950,420.7454,409.4408,409.2956,387.1531,393.9630,371.3149,372.4828
2024-02-22,431.8140,432.8490,427.5162,428.2851,53887800,QQQ,422.9982,421.7996,410.3652,410.1786,387.9511,394.7126,371.8911,373.0731
2024-02-23,430.5424,434.2980,429.5665,433.3714,39853900,QQQ,423.5123,422.6322,411.1982,410.9772,388.7339,395.4221,372.4570,373.6450
2024-02-26,430.3157,432.3364,430.1284,431.3507,33043200,QQQ,424.1402,423.3640,411.9648,411.7356,389.4850,396.1130,373.0318,374.2089
2024-02-27,431.3507,431.7351,428.8174,431.4197,33713200,QQQ,424.6059,424.1246,412.6524,412.5048,390.3088,396.8108,373.5946,374.7774
2024-02-28,429.0540,430.4340,428.0978,429.2117,32938800,QQQ,425.0973,424.5941,413.3009,413.1538,391.0621,397.4493,374.1407,375.3175
2024-02-29,432.7307,433.8051,428.8075,431.9717,42495200,QQQ,426.1831,425.3690,413.9846,413.9215,391.8627,398.1479,374.7109,375.8888
2024-03-01,439.2463,440.2024,433.5587,433.6178,43853000,QQQ,427.3526,426.6906,414.7484,414.9146,392.6693,398.9617,375.3051,376.5192
2024-03-04,437.6790,439.6702,437.4326,439.2463,34325700,QQQ,428.0924,427.7372,415.4399,415.8074,393.4419,399.7284,375.8896,377.1278
2024-03-05,429.8228,434.6529,427.4571,434.6430,57917100,QQQ,428.4670,427.9358,416.0940,416.3570,394.1160,400.3244,376.4155,377.6521
2024-03-06,432.5237,435.6780,430.6508,434.0318,46234500,QQQ,429.0190,428.3727,416.7098,416.9910,394.7913,400.9620,376.9247,378.1981
2024-03-07,439.0886,440.3404,434.5641,436.1019,44526700,QQQ,429.6824,429.3933,417.4448,417.8576,395.5449,401.7169,377.4704,378.8040
2024-03-08,432.7504,442.2331,432.0801,439.4435,72096000,QQQ,429.9894,429.7130,418.0039,418.4416,396.2808,402.3315,377.9790,379.3407
2024-03-11,431.1437,432.3956,429.2215,431.2620,45860000,QQQ,430.0062,429.8493,418.5143,418.9397,396.9601,402.9020,378.5004,379.8562
2024-03-12,437.3242,437.6790,430.2270,433.4503,55300900,QQQ,430.4162,430.5612,419.1522,419.6607,397.7131,403.5836,379.0612,380.4280
2024-03-13,433.9629,436.3483,432.8490,436.3286,37928700,QQQ,430.9929,430.8851,419.7581,420.2215,398.4799,404.1852,379.5656,380.9607
2024-03-14,432.8687,435.7175,430.1580,435.1950,52195200,QQQ,431.2847,431.0741,420.4786,420.7175,399.2692,404.7532,380.0219,381.4772
2024-03-15,427.7232,432.6025,426.5601,429.8425,73069800,QQQ,431.2556,430.7549,421.1803,420.9922,400.0599,405.2081,380.4448,381.9373
2024-03-18,431.8026,435.3164,431.5657,433.0364,47323800,QQQ,431.6247,430.8547,422.0039,421.4162,400.8808,405.7347,380.8979,382.4335
2024-03-19,432.8784,433.2831,427.7064,429.7989,43004100,QQQ,432.2077,431.0475,422.8398,421.8657,401.6785,406.2722,381.3366,382.9355
2024-03-20,438.0110,438.3466,432.3751,434.0728,43653500,QQQ,433.1317,431.7106,423.6167,422.4988,402.6140,406.9007,381.7880,383.4835
2024-03-21,440.0838,443.5087,439.8864,443.0547,39345700,QQQ,433.5451,432.5081,424.4192,423.1884,403.6358,407.5578,382.2486,384.0467
2024-03-22,440.5871,441.6827,438.7216,439.5705,28253900,QQQ,434.0474,433.2775,425.1776,423.8707,404.6465,408.2118,382.7120,384.6093
2024-03-25,438.9881,440.4687,436.7969,437.7938,27789200,QQQ,434.4810,433.8214,425.8873,424.4636,405.6029,408.8212,383.1969,385.1503
2024-03-26,437.5668,441.4261,437.3398,440.5081,34142000,QQQ,434.7918,434.1781,426.5644,424.9774,406.5287,409.3905,383.6535,385.6719
2024-03-27,439.0572,440.7451,436.1949,440.6463,41359200,QQQ,435.2920,434.6428,427.2721,425.5296,407.4095,409.9779,384.1109,386.2031
2024-03-28,438.2479,439.8567,437.8926,439.0079,36839600,QQQ,435.5678,434.9861,428.0092,426.0283,408.2185,410.5377,384.5348,386.7210
2024-04-01,439.1757,441.7222,437.2707,439.1954,38729000,QQQ,435.5643,435.3851,428.6509,426.5439,408.9948,411.1048,384.9499,387.2429
2024-04-02,435.3855,435.7014,432.3455,434.3689,44259700,QQQ,435.4496,435.3852,429.0553,426.8906,409.7184,411.5856,385.3331,387.7219
2024-04-03,436.3627,438.2380,433.2536,433.2634,39949800,QQQ,435.7766,435.4783,429.4684,427.2621,410.4175,412.0763,385.6997,388.2059
2024-04-04,429.6904,441.1497,429.4633,440.5377,57267700,QQQ,435.6350,434.9270,429.7135,427.3573,411.0475,412.4250,386.0444,388.6187
2024-04-05,434.7538,437.4188,430.3024,431.1117,54744600,QQQ,435.4182,434.9105,430.0136,427.6474,411.7564,412.8672,386.4171,389.0777
2024-04-08,434.8821,436.7574,433.5003,435.6816,28144900,QQQ,435.5248,434.9078,430.3061,427.9311,412.3848,413.3031,386.8149,389.5335
2024-04-09,436.4910,437.4879,431.7632,437.2115,39443600,QQQ,435.7922,435.0586,430.6807,428.2668,413.0408,413.7623,387.1998,390.0007
2024-04-10,432.6811,433.5398,430.6182,431.3289,61502200,QQQ,435.5600,434.8322,430.8936,428.4399,413.5789,414.1369,387.5835,390.4254
2024-04-11,439.5902,440.5377,432.2764,434.5465,45474600,QQQ,435.8414,435.2853,431.3009,428.8772,414.1833,414.6410,388.0255,390.9146
2024-04-12,432.5824,436.5009,431.2105,435.3757,53665000,QQQ,435.8271,435.0279,431.7323,429.0225,414.7143,414.9962,388.4024,391.3292
2024-04-15,425.4659,436.4120,424.6270,436.3232,63453600,QQQ,435.7142,434.1172,431.9245,428.8830,415.1732,415.2036,388.7401,391.6689
2024-04-16,425.5055,428.1309,424.1236,425.3080,47619000,QQQ,435.3993,433.2971,431.9769,428.7505,415.5864,415.4076,389.0817,392.0056
2024-04-17,420.3137,427.4992,419.3859,427.4795,56880500,QQQ,434.7711,432.0606,431.9366,428.4197,415.9700,415.5047,389.3698,392.2873
2024-04-18,417.9153,422.6826,417.3428,420.9553,46549400,QQQ,433.7663,430.7134,431.8652,428.0077,416.3139,415.5524,389.6415,392.5423
2024-04-19,409.2689,417.2638,407.7094,416.7407,75231000,QQQ,432.2256,428.6711,431.5342,427.2729,416.5768,415.4280,389.8702,392.7087
2024-04-22,413.3848,415.7142,408.5681,411.8944,47807700,QQQ,430.8655,427.2152,431.2697,426.7283,416.8842,415.3876,390.1332,392.9144
2024-04-23,419.5537,420.7480,413.4342,415.3095,44384700,QQQ,429.8937,426.4856,431.0446,426.4469,417.2432,415.4701,390.4331,393.1795
2024-04-24,420.9750,424.1532,418.6950,422.6430,48440300,QQQ,429.0641,425.9607,430.8816,426.2323,417.6202,415.5791,390.7394,393.4561
2024-04-25,418.9417,419.8004,412.7136,413.7993,57392200,QQQ,428.0584,425.2923,430.8118,425.9464,417.9865,415.6456,391.0268,393.7097
2024-04-26,425.4067,426.9366,421.3797,422.0706,41874900,QQQ,427.4163,425.3032,430.7793,425.9252,418.4065,415.8389,391.3236,394.0251
2024-04-29,427.1340,428.1309,424.4000,427.5091,30022200,QQQ,426.8142,425.4775,430.7559,425.9727,418.8794,416.0626,391.5980,394.3545
2024-04-30,419.0799,426.9465,419.0010,425.5548,43665900,QQQ,425.9989,424.8682,430.6491,425.7023,419.2622,416.1224,391.8325,394.6005
2024-05-01,416.0497,424.5579,415.2009,417.6586,52251700,QQQ,424.9833,424.0284,430.5457,425.3238,419.6368,416.1209,392.0345,394.8139
2024-05-02,421.3599,422.2581,415.1712,419.7806,36559000,QQQ,424.5668,423.7742,430.5823,425.1684,420.0115,416.2247,392.2477,395.0781
2024-05-03,429.8286,430.8156,427.0057,428.8021,48515300,QQQ,424.3205,424.3508,430.5426,425.3511,420.4539,416.4940,392.5036,395.4239
2024-05-06,434.5367,434.6255,430.8550,431.6249,30227200,QQQ,424.3032,425.3209,430.6225,425.7113,420.9103,416.8513,392.8268,395.8130
2024-05-07,434.6058,436.2344,433.8754,434.9808,30996100,QQQ,424.2090,426.2052,430.7083,426.0601,421.3365,417.2029,393.1558,396.1990
2024-05-08,434.3492,435.7507,431.8717,431.9902,24896700,QQQ,424.2924,426.9808,430.7682,426.3852,421.7103,417.5424,393.4806,396.5786
2024-05-09,435.2967,435.8692,432.7699,434.6156,24580100,QQQ,424.0777,427.7728,430.8931,426.7347,422.0970,417.8940,393.7976,396.9639
2024-05-10,436.3232,438.5440,434.7834,436.7970,27116600,QQQ,424.2647,428.5871,430.9649,427.1107,422.4748,418.2589,394.1260,397.3555
2024-05-13,437.3299,438.3268,435.9185,438.2281,22994200,QQQ,424.8579,429.4198,430.9266,427.5114,422.8375,418.6366,394.4638,397.7533
2024-05-14,440.1429,440.6759,436.7180,436.9055,34478300,QQQ,425.5898,430.4410,430.9759,428.0068,423.2079,419.0624,394.7819,398.1751
2024-05-15,447.0225,447.2692,441.1004,442.6105,41464700,QQQ,426.9253,432.0202,431.3199,428.7525,423.7070,419.6161,395.1335,398.6611
2024-05-16,446.1144,448.7892,445.9466,446.8349,34780400,QQQ,428.3352,433.3625,431.5917,429.4334,424.1507,420.1408,395.4850,399.1333
2024-05-17,445.8973,446.8449,443.7061,446.2428,35803700,QQQ,430.1666,434.5563,431.7279,430.0790,424.5864,420.6509,395.8765,399.5986
2024-05-20,449.0065,449.6678,445.9270,446.1145,24474200,QQQ,431.9477,435.9325,432.0530,430.8213,425.0284,421.2123,396.2866,400.0902
2024-05-21,449.8849,450.0724,446.9633,447.1607,23167700,QQQ,433.4643,437.2613,432.4278,431.5689,425.4710,421.7801,396.7097,400.5857
2024-05-22,449.7961,450.8917,447.2002,450.1415,25120000,QQQ,434.9053,438.4551,432.6772,432.2837,425.9147,422.3349,397.1168,401.0753
2024-05-23,447.7727,454.6029,445.9862,454.5732,40899200,QQQ,436.3469,439.3425,432.9534,432.8911,426.3557,422.8386,397.5295,401.5400
2024-05-24,452.0070,453.2704,447.6838,449.3815,29669500,QQQ,437.6769,440.5486,433.3362,433.6407,426.9074,423.4162,397.9834,402.0422
2024-05-28,453.7145,453.7737,450.7633,453.2210,26216800,QQQ,439.0059,441.8025,433.8560,434.4279,427.5181,424.0162,398.4426,402.5563
2024-05-29,450.5166,452.2932,449.4309,449.5691,29739200,QQQ,440.5777,442.6324,434.2303,435.0588,428.1171,424.5409,398.8972,403.0335
2024-05-30,445.6900,449.7270,444.3674,449.5888,30536800,QQQ,442.0598,442.9236,434.4865,435.4758,428.6632,424.9597,399.3076,403.4580
2024-05-31,444.8609,446.6080,437.3102,445.9171,55941300,QQQ,443.2348,443.1081,434.6235,435.8438,429.1201,425.3538,399.7331,403.8699
2024-06-03,447.2495,449.6677,442.0874,448.6709,32997500,QQQ,444.1059,443.5026,434.7669,436.2911,429.5930,425.7874,400.1896,404.3016
2024-06-04,448.4734,449.6677,445.2755,446.9929,23767400,QQQ,444.8027,443.9760,434.9246,436.7688,430.0511,426.2366,400.6717,404.7411
2024-06-05,457.5146,457.5935,448.5129,452.0366,33817400,QQQ,445.9481,445.2654,435.2951,437.5824,430.5912,426.8560,401.2012,405.2662
2024-06-06,457.3566,458.5115,456.1919,458.1956,21966800,QQQ,447.0985,446.4169,435.6909,438.3578,431.1277,427.4600,401.7016,405.7845
2024-06-07,456.9519,459.6958,455.8464,456.9914,25829700,QQQ,448.1813,447.4202,436.0488,439.0870,431.6605,428.0440,402.2025,406.2936
2024-06-10,458.7977,459.1530,455.5405,455.8268,20660800,QQQ,449.3050,448.5038,436.4598,439.8600,432.2345,428.6529,402.6845,406.8161
2024-06-11,461.9463,462.0648,456.0341,457.5245,22053300,QQQ,450.5358,449.7840,436.9152,440.7261,432.7830,429.3122,403.2209,407.3646
2024-06-12,467.9967,470.3162,465.1739,465.8648,34532600,QQQ,451.9285,451.5186,437.5674,441.7956,433.3114,430.0782,403.7739,407.9679
2024-06-13,470.5334,472.1818,468.2633,471.5205,25859000,QQQ,453.1041,453.3295,438.2508,442.9225,433.8596,430.8793,404.3261,408.5905
2024-06-14,472.9714,473.0405,469.8721,470.3360,23372600,QQQ,454.4469,455.2002,439.1165,444.1009,434.4150,431.7128,404.8512,409.2311
2024-06-17,478.7652,480.5418,471.9350,473.2379,37054500,QQQ,456.0903,457.4445,439.9967,445.4603,435.0052,432.6446,405.3950,409.9230
2024-06-18,478.9132,479.5943,477.1563,478.7158,24438600,QQQ,457.5856,459.4891,440.8773,446.7722,435.5917,433.5608,405.9340,410.6094
2024-06-20,475.2218,480.5221,473.3958,480.1075,33918700,QQQ,458.8525,460.9875,441.6519,447.8879,436.1663,434.3858,406.4565,411.2523
2024-06-21,473.9485,476.2779,472.4581,474.9454,37456800,QQQ,460.0601,462.2218,442.4773,448.9098,436.6855,435.1692,406.9702,411.8762
2024-06-24,468.5528,474.4547,468.4144,472.7246,37751000,QQQ,461.0991,462.8248,443.0565,449.6801,437.1787,435.8302,407.4734,412.4401
2024-06-25,473.9109,474.2075,469.6995,470.6387,29014700,QQQ,462.1943,463.8806,443.8831,450.6304,437.8077,436.5843,408.0165,413.0518
2024-06-26,474.8896,475.4334,472.6752,473.0904,22737100,QQQ,463.2531,464.9291,444.8716,451.5817,438.3980,437.3428,408.5619,413.6671
2024-06-27,476.1155,477.5885,473.8318,474.6425,26222100,QQQ,464.5330,465.9945,445.8838,452.5438,438.9303,438.1106,409.0919,414.2885
2024-06-28,473.6440,481.6417,473.0014,476.9064,34881600,QQQ,465.9307,466.7230,446.9504,453.3713,439.4435,438.8142,409.6301,414.8791
2024-07-01,476.4220,476.9855,470.8266,474.5634,24898300,QQQ,467.5088,467.6467,448.1205,454.2752,439.9929,439.5589,410.1751,415.4914
2024-07-02,481.4243,481.4836,474.8007,474.9292,26723600,QQQ,469.2175,468.9588,449.5636,455.3399,440.5489,440.3880,410.7302,416.1475
2024-07-03,485.4380,485.5665,480.6729,480.6729,18064900,QQQ,471.0657,470.5283,451.0047,456.5202,441.1372,441.2800,411.3371,416.8369
2024-07-05,490.4995,490.9345,485.9816,486.2782,28495900,QQQ,472.7150,472.4303,452.4236,457.8527,441.7341,442.2547,411.9673,417.5699
2024-07-08,491.6660,492.2196,489.8470,490.8653,22109400,QQQ,474.4304,474.2623,453.8374,459.1787,442.3595,443.2331,412.6073,418.3072
2024-07-09,492.0912,494.2958,490.5786,493.1786,25614500,QQQ,476.1874,475.9603,455.3004,460.4694,443.0561,444.2006,413.2756,419.0413
2024-07-10,497.2219,497.7755,492.7041,494.0090,28046900,QQQ,478.1086,477.9852,456.7367,461.9107,443.7580,445.2505,414.0024,419.8193
2024-07-11,486.3177,497.5383,485.1315,497.3307,49966600,QQQ,479.3272,478.7788,457.9204,462.8678,444.3381,446.0637,414.6745,420.4809
2024-07-12,489.1748,493.9200,486.4265,486.8911,37109400,QQQ,480.3861,479.7689,459.3223,463.8995,444.9857,446.9174,415.3524,421.1645
2024-07-15,490.4896,495.2942,488.4531,490.9443,31151400,QQQ,481.3839,480.7899,460.8111,464.9422,445.6784,447.7802,416.0635,421.8543
2024-07-16,490.6775,492.7535,487.5239,491.9429,25950600,QQQ,482.2692,481.7316,462.1974,465.9515,446.3899,448.6297,416.7715,422.5391
2024-07-17,476.2737,483.2234,476.2045,482.7094,56268800,QQQ,482.1446,481.2118,463.1263,466.3563,446.8345,449.1771,417.3928,423.0737
2024-07-18,474.0197,480.1687,470.8364,479.9908,49347400,QQQ,481.8999,480.5268,463.9160,466.6568,447.2692,449.6690,418.0016,423.5807
2024-07-19,469.8181,476.1945,468.5330,473.6835,42042900,QQQ,481.6298,479.5069,464.6202,466.7808,447.6642,450.0680,418.5746,424.0407
2024-07-22,476.8174,477.8356,472.2600,475.6706,40300000,QQQ,481.7732,479.2508,465.4696,467.1743,448.1189,450.5977,419.2139,424.5659
2024-07-23,475.1367,478.9033,474.6622,475.9177,23282500,QQQ,482.1024,478.8590,466.2664,467.4866,448.5797,451.0836,419.8209,425.0691
2024-07-24,458.0934,468.7801,457.2334,468.4143,58818600,QQQ,481.3115,476.8813,466.7018,467.1182,448.8334,451.2224,420.3480,425.3977
2024-07-25,453.0418,462.6015,450.4319,458.4296,59256800,QQQ,480.2191,474.6109,467.0161,466.5662,448.9713,451.2585,420.8203,425.6727
2024-07-26,457.6882,460.6144,454.5247,457.3718,39992100,QQQ,479.2978,472.9992,467.3670,466.2181,449.1714,451.3858,421.3067,425.9913
2024-07-29,458.6075,462.5717,456.3535,460.3968,28218500,QQQ,478.5459,471.6285,467.5987,465.9196,449.4593,451.5288,421.7876,426.3158
2024-07-30,452.3102,461.2372,448.9688,460.5353,41317200,QQQ,477.3404,469.7887,467.7226,465.3859,449.6571,451.5443,422.2242,426.5745
2024-07-31,465.6957,467.3961,461.0889,462.5322,44552100,QQQ,476.5539,469.3989,468.1185,465.3981,449.9232,451.8245,422.7340,426.9638
2024-08-01,454.4159,470.1246,450.7779,466.3779,56653900,QQQ,475.0028,467.9719,468.2267,464.9674,450.1399,451.8758,423.2103,427.2369
2024-08-02,443.6304,448.3954,439.3992,445.7460,66323200,QQQ,472.6594,465.6537,468.1016,464.1306,450.2647,451.7125,423.6124,427.4000
2024-08-05,430.4030,437.2441,418.6190,419.8646,87483500,QQQ,469.5962,462.2965,467.7138,462.8080,450.1955,451.2906,423.9543,427.4299
2024-08-06,434.5156,441.9696,429.6023,432.2418,63164400,QQQ,466.7174,459.6507,467.4486,461.6985,450.2010,450.9584,424.3405,427.5004
2024-08-07,429.8098,443.8775,429.4144,441.3961,54929200,QQQ,463.3468,456.8087,467.0047,460.4479,450.1704,450.5396,424.7198,427.5234
2024-08-08,442.9582,443.8677,432.1628,436.0282,47890100,QQQ,461.1789,455.4896,466.7896,459.7621,450.3228,450.3895,425.1913,427.6770
2024-08-09,445.2715,446.9026,440.5262,441.6433,33574000,QQQ,458.9837,454.5165,466.6847,459.1938,450.4575,450.2881,425.6692,427.8520
2024-08-12,446.2304,449.1863,443.4326,446.2403,27795000,QQQ,456.7707,453.7273,466.6955,458.6854,450.5910,450.2078,426.1348,428.0349
2024-08-13,457.3026,457.5695,450.4813,450.6197,40084500,QQQ,455.1020,454.0678,466.9443,458.6312,450.7839,450.3483,426.6989,428.3261
2024-08-14,457.4509,459.8037,453.1703,458.2220,34733700,QQQ,454.1608,454.3900,467.1483,458.5849,450.9576,450.4889,427.2967,428.6159
2024-08-15,469.0075,469.4030,463.0364,463.4121,38280600,QQQ,453.9102,455.7821,467.5590,458.9937,451.2418,450.8556,427.9441,429.0178
2024-08-16,469.6106,470.9748,466.2691,467.2281,38383600,QQQ,453.8999,457.0991,467.8009,459.4100,451.5480,451.2270,428.5755,429.4217
2024-08-19,475.7794,475.8189,467.9695,469.7490,23737700,QQQ,453.8480,458.8782,468.1694,460.0519,451.9301,451.7132,429.2294,429.8830
2024-08-20,474.7809,477.4303,473.0904,474.8699,29209300,QQQ,453.8302,460.3928,468.5260,460.6295,452.2874,452.1700,429.8484,430.3298
2024-08-21,476.9953,478.8440,473.8516,475.5618,25658800,QQQ,454.7753,461.9739,468.8899,461.2713,452.6749,452.6616,430.4467,430.7941
2024-08-22,469.4326,480.0006,468.4044,479.3086,37739600,QQQ,455.5948,462.6843,469.0396,461.5914,452.9774,452.9937,430.9861,431.1786
2024-08-23,474.5239,477.2326,469.8577,473.7725,36061500,QQQ,456.4366,463.8119,469.1702,462.0985,453.3688,453.4200,431.5436,431.6099
2024-08-26,469.9171,474.8996,467.8410,473.9802,27452600,QQQ,457.0021,464.3933,469.1579,462.4052,453.7044,453.7467,432.0609,431.9910
2024-08-27,471.3209,472.3885,466.3285,468.2859,27510000,QQQ,457.9526,465.0531,469.1248,462.7548,454.1207,454.0947,432.5841,432.3824
2024-08-28,465.9725,471.5778,462.5520,470.8561,37372400,QQQ,457.9664,465.1406,468.8690,462.8810,454.4328,454.3299,433.0946,432.7166
2024-08-29,465.2905,472.4775,464.0152,467.8806,41081500,QQQ,458.5102,465.1549,468.5965,462.9755,454.7369,454.5469,433.5608,433.0407
2024-08-30,470.8364,471.4592,465.1421,469.6204,33466500,QQQ,459.8705,465.6960,468.5088,463.2837,455.0804,454.8695,434.0606,433.4168
2024-09-03,456.5414,467.9299,454.1687,467.8014,44985200,QQQ,461.1774,464.8241,468.1607,463.0193,455.3190,454.9026,434.4489,433.6469
2024-09-04,455.3551,459.1513,452.5080,453.4372,32505100,QQQ,462.2194,463.9223,467.8967,462.7188,455.4766,454.9116,434.8299,433.8629
2024-09-05,455.7802,460.0508,452.7155,453.7338,34452400,QQQ,463.5179,463.1469,467.5341,462.4467,455.7086,454.9288,435.2114,434.0810
2024-09-06,443.5710,455.9581,443.0767,455.0782,50624400,QQQ,463.5485,461.2825,466.9077,461.7064,455.8897,454.7039,435.5315,434.1754
2024-09-09,449.2753,450.2639,444.6882,447.8912,32981200,QQQ,463.7487,460.1390,466.3709,461.2189,456.1274,454.5964,435.8569,434.3256
2024-09-10,453.4274,453.9316,447.0707,451.0350,29680300,QQQ,464.1086,459.4998,465.9666,460.9134,456.4585,454.5732,436.2142,434.5157
2024-09-11,463.2737,464.0151,446.1315,454.6630,57843000,QQQ,464.4071,459.8592,465.7036,461.0060,456.9121,454.7455,436.6130,434.8019
2024-09-12,467.8212,468.6318,461.5239,463.3033,40067800,QQQ,464.9256,460.6175,465.4316,461.2732,457.4976,455.0044,437.0372,435.1304
2024-09-13,469.9171,471.0935,466.8623,467.0897,29111800,QQQ,464.9711,461.5031,465.1212,461.6122,458.0629,455.2997,437.4735,435.4765
2024-09-16,467.8409,468.4539,464.5292,467.7915,22585600,QQQ,464.8826,462.1067,464.6680,461.8565,458.5458,455.5481,437.8945,435.7986
2024-09-17,468.0881,472.1512,465.5969,470.8562,30084400,QQQ,464.4981,462.6764,464.1964,462.1008,459.0169,455.7964,438.3186,436.1199
2024-09-18,466.0615,473.3672,465.4585,469.2843,39909200,QQQ,464.0621,462.9988,463.6758,462.2562,459.4881,455.9996,438.7373,436.4178
2024-09-19,477.8455,480.6828,475.0082,477.1040,52782500,QQQ,464.1046,464.4128,463.2883,462.8675,460.0125,456.4322,439.2095,436.8300
2024-09-20,476.9360,478.1717,472.8432,476.9854,34577700,QQQ,464.4798,465.6055,463.1007,463.4192,460.5105,456.8383,439.6950,437.2291
2024-09-23,478.2002,479.2892,476.7747,478.1111,24843000,QQQ,464.6636,466.8050,462.8812,463.9989,461.1017,457.2613,440.1820,437.6367
2024-09-24,480.5069,481.4573,475.3590,479.6060,25952600,QQQ,465.1931,468.1099,462.6815,464.6462,461.7463,457.7216,440.6916,438.0633
2024-09-25,480.9524,482.9027,479.7050,479.8832,26549900,QQQ,465.6747,469.3330,462.4870,465.2857,462.3422,458.1816,441.1769,438.4901
2024-09-26,484.5658,488.7534,480.9326,488.4267,32020200,QQQ,466.6043,470.7837,462.6529,466.0418,462.8896,458.7040,441.6717,438.9485
2024-09-27,481.8730,485.7241,480.6949,485.5854,22851100,QQQ,467.4334,471.8399,462.8099,466.6626,463.3630,459.1628,442.1367,439.3756
2024-09-30,483.1798,483.5164,478.0814,480.9128,30281100,QQQ,468.0506,472.9199,463.0772,467.3103,463.8487,459.6384,442.5926,439.8115
2024-10-01,476.4479,483.1105,472.6167,482.8135,42735400,QQQ,469.0459,473.2559,463.0698,467.6687,464.2697,459.9713,442.9900,440.1761
2024-10-02,477.1211,479.0318,472.9335,475.5470,23744000,QQQ,470.1343,473.6240,463.1095,468.0394,464.6879,460.3109,443.3925,440.5437
2024-10-03,476.7647,479.6951,474.1908,474.9333,25337200,QQQ,471.1835,473.9231,463.4829,468.3815,465.0924,460.6367,443.7836,440.9041
2024-10-04,482.4373,482.9917,477.5568,482.5660,30686600,QQQ,473.1268,474.7340,464.0708,468.9327,465.5434,461.0684,444.1905,441.3173
2024-10-07,477.2697,481.6949,476.0520,480.5267,24975100,QQQ,474.5265,474.9755,464.4624,469.2597,465.9147,461.3892,444.5613,441.6751
2024-10-08,484.3975,485.0805,479.0021,479.8040,28272000,QQQ,476.0750,475.8728,464.9782,469.8533,466.2885,461.8448,444.9977,442.1002
2024-10-09,488.2089,488.7831,483.0610,484.1005,24995000,QQQ,477.3218,477.0477,465.6962,470.5731,466.7094,462.3669,445.4301,442.5590
2024-10-10,487.6545,489.5157,484.6252,485.9320,25750400,QQQ,478.3135,478.0579,466.1354,471.2430,467.1270,462.8676,445.8567,443.0077
2024-10-11,488.4168,489.4365,485.2588,485.8230,20644500,QQQ,479.2384,479.0444,466.8154,471.9165,467.5211,463.3736,446.2747,443.4595
2024-10-14,492.5154,493.8320,490.2978,490.8027,26060100,QQQ,480.4722,480.3274,467.7931,472.7243,467.9474,463.9506,446.7092,443.9476
2024-10-15,485.9320,493.5054,483.7837,492.8421,34784500,QQQ,481.3644,480.8611,468.9037,473.2422,468.3087,464.3859,447.1117,444.3654
2024-10-16,485.9914,486.7636,482.6849,486.2587,22996800,QQQ,482.3608,481.3497,469.9332,473.7422,468.6909,464.8137,447.5233,444.7796
2024-10-17,486.3279,491.5154,486.2685,491.4659,27210700,QQQ,482.7850,481.8239,471.0636,474.2358,469.0341,465.2398,447.9708,445.1930
2024-10-18,489.5158,490.6048,488.3575,489.1099,25335000,QQQ,483.4140,482.5564,471.9947,474.8350,469.3921,465.7205,448.4551,445.6340
2024-10-21,490.4562,491.2581,486.3873,488.3079,30336500,QQQ,484.0268,483.3088,472.8984,475.4476,469.7915,466.2103,448.9543,446.0800
2024-10-22,490.9907,492.4658,487.0407,487.7931,26685800,QQQ,484.5509,484.0404,473.7936,476.0571,470.2445,466.7010,449.4539,446.5269
2024-10-23,483.4669,489.2979,480.1901,488.6445,39346600,QQQ,484.6767,483.9858,474.3169,476.3477,470.6306,467.0330,449.8754,446.8944
2024-10-24,487.3872,488.0604,484.5361,487.1793,22024900,QQQ,484.8177,484.3097,474.9156,476.7806,471.0320,467.4360,450.3125,447.2974
2024-10-25,490.3572,495.2675,489.4761,490.1790,38762100,QQQ,485.2420,484.8857,475.3426,477.3130,471.4508,467.8899,450.7510,447.7258
2024-10-28,490.4363,493.5251,490.1394,493.4657,20477800,QQQ,485.6048,485.4143,475.7591,477.8277,471.7800,468.3364,451.1856,448.1508
2024-10-29,495.1487,496.3268,488.9019,490.7532,28014100,QQQ,486.5398,486.3414,476.1465,478.5069,472.1580,468.8673,451.6428,448.6184
2024-10-30,491.4066,495.3368,490.9215,494.3864,29756000,QQQ,487.2541,486.8238,476.4790,479.0128,472.5025,469.3136,452.0815,449.0442
2024-10-31,479.0021,487.4962,478.9031,487.4467,41245200,QQQ,487.3660,486.0789,476.5192,479.0124,472.7045,469.5055,452.4695,449.3423
2024-11-01,482.5462,485.8330,480.3386,480.6356,33655800,QQQ,487.3714,485.7424,476.7815,479.1510,472.9105,469.7637,452.8468,449.6727
2024-11-04,481.1405,484.4767,479.3981,481.9424,23291600,QQQ,487.5649,485.3041,476.9138,479.2290,473.0420,469.9890,453.1767,449.9858
2024-11-05,487.2784,487.9417,482.6353,482.7244,24353600,QQQ,487.7090,485.4922,477.2610,479.5446,473.2094,470.3314,453.5345,450.3568
2024-11-06,500.5144,501.3361,494.5943,495.5447,43082200,QQQ,488.3243,486.9229,477.8449,480.3670,473.4849,470.9291,453.9499,450.8559
2024-11-07,508.3946,509.1767,503.2467,503.3061,32853100,QQQ,489.3613,488.9678,478.6933,481.4661,473.7812,471.6709,454.3932,451.4284
2024-11-08,508.9887,509.7608,507.2760,507.8997,22924500,QQQ,490.3899,490.8745,479.5673,482.5454,474.0819,472.4099,454.8368,452.0012
2024-11-11,508.6916,510.4141,505.8008,510.2062,24167500,QQQ,491.1987,492.5714,480.3244,483.5708,474.4166,473.1284,455.2915,452.5653
2024-11-12,507.7709,509.5034,504.7218,508.6223,25835300,QQQ,492.2906,494.0190,481.3490,484.5198,474.7548,473.8144,455.7201,453.1146
2024-11-13,507.1176,509.8202,504.8406,507.2661,24567400,QQQ,493.3469,495.2665,482.3842,485.4060,475.1405,474.4738,456.1596,453.6519
2024-11-14,503.5932,507.6521,502.6824,506.7810,28679500,QQQ,494.2102,496.0595,483.3405,486.1192,475.4373,475.0504,456.6225,454.1489
2024-11-15,491.5947,498.2869,489.5355,497.9008,51461100,QQQ,494.3141,495.6343,484.3010,486.3339,475.6044,475.3781,457.0012,454.5214
2024-11-18,495.0101,497.1089,491.7531,493.1391,27080800,QQQ,494.5418,495.5748,485.2157,486.6742,475.7933,475.7668,457.3618,454.9243
2024-11-19,498.4156,498.9007,492.0995,492.4362,24523000,QQQ,494.9131,495.8454,486.1154,487.1346,476.0410,476.2153,457.7422,455.3571
2024-11-20,498.1285,498.4354,491.5847,498.1186,29565500,QQQ,495.6462,496.0628,486.8125,487.5657,476.2581,476.6492,458.1255,455.7827
2024-11-21,499.9204,501.8805,492.5747,501.1677,34526700,QQQ,496.2728,496.4302,487.4545,488.0502,476.4430,477.1100,458.4960,456.2218
2024-11-22,500.7223,501.4549,497.7425,499.3661,23826600,QQQ,496.7911,496.8390,488.0706,488.5472,476.5959,477.5776,458.8665,456.6646
2024-11-25,501.5143,506.3256,499.2076,504.7911,26375200,QQQ,497.3450,497.2842,488.7441,489.0557,476.7060,478.0516,459.2201,457.1109
2024-11-26,504.2070,505.0287,502.1479,502.9893,26557100,QQQ,497.7979,497.9436,489.4665,489.6499,476.8314,478.5695,459.5955,457.5795
2024-11-27,500.2372,503.1477,496.9009,503.0784,24957400,QQQ,498.2394,498.1620,490.1500,490.0651,476.9129,478.9986,459.9845,458.0040
2024-11-29,504.6327,505.2267,500.2471,500.8609,15334000,QQQ,499.5209,498.7782,490.6857,490.6363,476.9870,479.5062,460.3725,458.4679
2024-12-02,510.1271,511.0874,505.5039,505.8900,25147200,QQQ,500.9000,499.8591,491.3495,491.4007,477.2251,480.1126,460.7816,458.9820
2024-12-03,511.6913,511.9685,508.2264,508.8006,18597900,QQQ,502.4275,500.9860,492.0194,492.1964,477.4503,480.7379,461.2180,459.5064
2024-12-04,518.0172,518.2746,514.3938,515.1067,26086200,QQQ,503.9645,502.6080,492.7696,493.2090,477.7256,481.4761,461.7020,460.0886
2024-12-05,516.5818,518.7894,516.1957,518.0668,18169600,QQQ,504.7678,503.9388,493.4822,494.1256,477.9846,482.1712,462.1872,460.6507
2024-12-06,521.2050,521.4426,517.1164,517.2451,23762600,QQQ,505.4084,505.5832,494.2149,495.1875,478.4339,482.9442,462.6342,461.2533
2024-12-09,517.1460,521.0762,515.9976,520.2842,20674400,QQQ,505.8162,506.6844,494.9204,496.0486,478.8652,483.6215,463.0672,461.8094
2024-12-10,515.3839,520.1160,513.9583,518.3737,24350000,QQQ,506.1508,507.5130,495.5645,496.8069,479.3208,484.2504,463.4925,462.3425
2024-12-11,524.6105,525.2936,519.3340,519.7398,32168600,QQQ,506.9928,509.1413,496.5277,497.8972,479.7988,485.0496,463.9588,462.9621
2024-12-12,521.2247,523.6601,520.7496,522.3929,23577500,QQQ,507.6982,510.2921,497.4098,498.8120,480.2596,485.7660,464.4197,463.5418
2024-12-13,525.2144,527.8279,522.0167,525.1451,28780400,QQQ,508.7792,511.7133,498.3788,499.8474,480.9309,486.5471,464.8821,464.1555
2024-12-16,532.7778,533.7481,527.6596,527.7389,31979900,QQQ,510.8384,513.7194,499.3856,501.1388,481.7282,487.4626,465.3498,464.8383
2024-12-17,530.4316,532.0947,528.7783,530.9860,28579100,QQQ,512.6095,515.3111,500.4488,502.2875,482.4556,488.3134,465.8135,465.4909
2024-12-18,511.2952,531.5008,509.8499,529.7881,54703200,QQQ,513.2534,514.9286,500.9868,502.6408,482.9825,488.7685,466.2209,465.9467
2024-12-19,509.0183,516.5323,508.6817,515.9680,46441800,QQQ,513.7979,514.3657,501.4030,502.8909,483.5496,489.1695,466.6034,466.3753
2024-12-20,513.4634,519.5617,504.1873,505.3258,60530000,QQQ,514.4751,514.2798,501.9192,503.3055,484.0273,489.6506,466.9752,466.8438
2024-12-23,518.4659,518.8427,511.7827,515.1738,29672800,QQQ,515.3623,514.6785,502.5201,503.9000,484.6678,490.2212,467.4038,467.3575
2024-12-24,525.4961,525.5853,519.7747,520.4093,17558200,QQQ,516.5614,515.7087,503.1798,504.7469,485.4864,490.9197,467.8756,467.9360
2024-12-26,525.1392,526.7654,521.8770,523.8700,19090500,QQQ,517.6080,516.6068,503.9639,505.5466,486.4338,491.5973,468.3147,468.5052
2024-12-27,518.1584,522.0157,513.4980,521.5794,33839600,QQQ,518.5040,516.7546,504.6072,506.0412,487.2702,492.1233,468.7356,468.9992
2024-12-30,511.2670,514.9854,507.5188,511.1678,34584000,QQQ,518.8357,516.2320,505.1060,506.2461,488.0848,492.5024,469.1276,469.4198
2024-12-31,506.9239,513.2997,505.9621,512.5462,29117000,QQQ,518.6756,515.3455,505.4542,506.2727,488.7245,492.7879,469.5236,469.7930
2025-01-02,505.9323,512.2883,501.4504,509.9680,36389800,QQQ,518.3876,514.4490,505.7637,506.2593,489.3311,493.0482,469.8943,470.1526
2025-01-03,514.2119,515.2729,508.2129,509.0259,29059500,QQQ,518.1974,514.4264,506.2281,506.5712,490.0109,493.4673,470.3009,470.5910
2025-01-06,520.1218,523.4734,517.6330,519.6062,36109700,QQQ,518.3744,514.9688,506.9612,507.1026,490.6391,493.9951,470.7115,471.0838
2025-01-07,510.8406,521.5595,508.9566,521.1629,36690300,QQQ,517.8562,514.5757,507.4303,507.2492,491.1730,494.3287,471.0653,471.4794
2025-01-08,510.9299,512.5659,506.2694,510.7415,30777800,QQQ,517.5453,514.2285,507.8418,507.3935,491.5922,494.6574,471.4170,471.8719
2025-01-10,502.9179,507.2709,499.6755,507.1718,40532500,QQQ,516.9220,513.1513,508.0914,507.2180,491.9253,494.8210,471.7366,472.1809
2025-01-13,501.3016,501.7578,495.4910,496.9784,31694200,QQQ,515.7566,512.0227,508.2144,506.9860,492.1805,494.9493,472.0553,472.4706
2025-01-14,500.8257,505.8629,497.3651,504.4549,33737200,QQQ,514.7367,510.9563,508.4028,506.7444,492.4409,495.0657,472.3642,472.7528
2025-01-15,512.3478,513.4881,507.1520,508.7088,34957600,QQQ,514.0933,511.0889,509.0697,506.9642,492.7945,495.4079,472.7347,473.1467
2025-01-16,508.7583,514.6879,508.6294,514.6086,28229000,QQQ,512.8923,510.8669,509.5940,507.0345,493.1877,495.6723,473.0826,473.5011
2025-01-17,517.3454,519.6558,508.7881,518.4460,51837900,QQQ,512.2380,511.4839,510.3181,507.4389,493.6159,496.1014,473.4924,473.9373
2025-01-21,520.3796,521.5397,515.6795,520.0623,23628000,QQQ,512.6923,512.3311,510.9801,507.9464,494.1206,496.5822,473.9125,474.3995
2025-01-22,527.0330,529.3236,524.8020,525.1094,33593000,QQQ,513.5930,513.7313,511.5105,508.6949,494.6777,497.1852,474.3992,474.9232
2025-01-23,528.1536,528.2725,523.9989,524.5839,23096600,QQQ,514.3275,515.1048,511.9057,509.4579,495.2995,497.7984,474.8662,475.4528
2025-01-24,525.1689,529.2938,523.7014,528.5303,19878300,QQQ,514.6627,516.0633,512.2293,510.0741,495.8983,498.3404,475.3176,475.9475
2025-01-27,509.8788,513.6269,505.8529,506.6958,60771700,QQQ,513.8818,515.4743,512.2530,510.0664,496.2887,498.5689,475.6845,476.2851
2025-01-28,517.4147,518.5947,507.4692,510.8802,33194200,QQQ,513.4956,515.6591,512.4459,510.3546,496.8974,498.9421,476.1082,476.6944
2025-01-29,516.4431,518.1882,512.5462,518.0593,26649000,QQQ,513.4098,515.7338,512.6324,510.5933,497.5083,499.2886,476.4925,477.0899
2025-01-30,518.6443,521.6686,513.8451,519.2988,27431300,QQQ,513.7787,516.0110,512.9334,510.9090,498.1370,499.6719,476.9228,477.5034
2025-01-31,517.8907,527.0430,516.8000,522.4817,38755200,QQQ,514.3270,516.1900,513.4593,511.1828,498.8802,500.0327,477.3849,477.9052
2025-02-03,513.7459,516.4628,506.7454,509.1450,40580800,QQQ,514.7177,515.9572,513.8340,511.2834,499.5249,500.3042,477.8261,478.2619
2025-02-04,520.0523,520.6869,513.8649,514.2615,26046800,QQQ,515.0097,516.3472,514.2668,511.6272,500.1911,500.6953,478.3248,478.6777
2025-02-05,522.4122,522.5709,516.2347,517.4246,21134100,QQQ,515.1242,516.9248,514.7525,512.0502,500.7825,501.1253,478.8473,479.1129
2025-02-06,525.1392,525.3475,521.3117,522.9181,19434500,QQQ,515.8391,517.7072,515.2568,512.5635,501.3557,501.6008,479.4266,479.5708
2025-02-07,518.5154,527.6180,517.7915,525.6746,29605500,QQQ,516.2184,517.7841,515.6127,512.7969,501.8417,501.9358,479.9523,479.9583
2025-02-10,524.7921,525.8927,522.3131,522.7791,20852800,QQQ,517.3121,518.4516,516.0783,513.2673,502.4112,502.3884,480.4785,480.4044
2025-02-11,523.5427,525.4565,521.4009,521.5299,19325500,QQQ,518.4242,518.9364,516.4650,513.6702,502.9657,502.8073,480.9913,480.8337
2025-02-12,523.8500,524.7326,517.5535,517.9006,25009400,QQQ,519.5754,519.4044,516.9372,514.0694,503.5436,503.2240,481.5159,481.2617
2025-02-13,531.3861,531.7034,524.7326,525.5159,28714800,QQQ,520.5273,520.5455,517.4723,514.7485,504.0790,503.7816,482.0458,481.7605
2025-02-14,533.6172,534.3014,531.1580,531.4952,17862600,QQQ,521.7703,521.7904,517.9421,515.4885,504.6458,504.3724,482.5782,482.2764
2025-02-18,534.8268,535.4515,531.5249,535.1838,20565000,QQQ,522.6443,523.0320,518.4048,516.2468,505.2121,504.9755,483.1569,482.7993
2025-02-19,534.9757,536.2548,531.9415,534.0337,19666900,QQQ,523.3741,524.1695,518.7440,516.9813,505.7568,505.5696,483.7515,483.3185
2025-02-20,532.7049,534.5591,527.9751,534.1923,26550800,QQQ,523.6577,524.9824,519.0664,517.5979,506.2743,506.1069,484.3083,483.8099
2025-02-21,521.6487,533.8650,521.2819,533.8451,47093800,QQQ,523.3325,524.6649,519.0753,517.7568,506.6451,506.4147,484.7674,484.1864
2025-02-24,515.4911,524.6137,515.1540,523.4337,39268400,QQQ,522.8486,523.7912,519.0422,517.6679,506.9813,506.5944,485.1721,484.4979
2025-02-25,508.9963,514.9457,505.1490,514.8664,48940000,QQQ,522.8045,522.3822,518.9145,517.3279,507.2395,506.6419,485.5441,484.7417
2025-02-26,510.2258,515.2828,507.0627,511.1877,34457600,QQQ,522.4450,521.2244,518.6268,517.0494,507.5773,506.7129,485.9235,484.9952
2025-02-27,496.0562,514.6978,495.8380,513.7658,52448000,QQQ,521.4257,518.8274,518.1234,516.2261,507.7666,506.5019,486.2273,485.1053
2025-02-28,503.8897,504.4945,492.7443,495.9174,47654000,QQQ,520.6880,517.4048,517.6969,515.7423,508.0379,506.4502,486.5651,485.2922
2025-03-03,492.8633,508.7186,489.4225,507.2114,44587200,QQQ,519.4366,515.0675,516.8986,514.8451,508.1421,506.1811,486.8428,485.3675
2025-03-04,491.3759,499.4970,483.6317,490.0175,67875400,QQQ,518.3181,512.8112,516.1175,513.9247,508.2832,505.8879,487.0989,485.4273
2025-03-05,497.7816,499.3879,487.1221,492.0205,46323700,QQQ,517.2046,511.3798,515.8472,513.2917,508.4170,505.7274,487.3527,485.5503
2025-03-06,484.0878,494.3804,482.1047,489.5316,57574300,QQQ,515.2883,508.7805,515.3486,512.1464,508.3758,505.2989,487.5426,485.5357
2025-03-07,487.6476,489.1251,476.4824,483.0566,54714700,QQQ,513.4138,506.7679,514.8323,511.1857,508.3757,504.9494,487.7514,485.5567
2025-03-10,468.7482,479.8935,464.7125,479.3779,76668000,QQQ,510.9254,503.1470,513.8379,509.5215,508.1790,504.2325,487.8501,485.3895
2025-03-11,467.6277,474.7770,463.0764,468.3714,68760800,QQQ,508.0672,499.7642,512.6806,507.8786,507.9302,503.5077,487.9388,485.2127
2025-03-12,472.9029,477.0080,467.8161,475.1240,46971100,QQQ,505.5352,497.2060,511.6359,506.5070,507.7999,502.9016,488.0543,485.0902
2025-03-13,464.3951,472.2683,462.5012,472.2385,46563300,QQQ,502.5624,494.0811,510.5606,504.8555,507.5839,502.1391,488.1374,484.8843
2025-03-14,475.6198,476.5122,469.1349,469.7398,43563000,QQQ,499.7741,492.3229,509.8476,503.7090,507.4768,501.6140,488.2555,484.7921
2025-03-17,478.7036,481.7477,473.7754,475.5702,41744400,QQQ,497.0284,491.0258,509.2832,502.7284,507.3687,501.1603,488.3804,484.7316
2025-03-18,470.5429,475.5701,468.4308,475.3719,39072300,QQQ,493.8142,489.0751,508.5754,501.4663,507.1696,500.5540,488.4806,484.5904
2025-03-19,476.8394,481.2420,470.8701,472.7938,40430300,QQQ,490.9074,487.9098,507.8280,500.5005,507.0281,500.0845,488.6363,484.5133
2025-03-20,475.2232,480.4686,472.1691,472.8632,36780500,QQQ,488.0333,486.7015,506.9300,499.5092,506.9456,499.5922,488.7881,484.4208
2025-03-21,476.7898,477.5533,468.9266,470.0868,42234900,QQQ,485.7904,485.7576,506.2490,498.6183,506.8397,499.1406,488.9358,484.3449
2025-03-24,487.2527,488.0968,481.0361,484.3529,34567200,QQQ,484.3785,485.8999,505.7755,498.1726,506.8086,498.9052,489.1297,484.3738
2025-03-25,490.0332,490.1921,487.0144,487.9776,26035200,QQQ,483.4303,486.2936,505.5178,497.8534,506.8046,498.7295,489.2923,484.4301
2025-03-26,481.0163,489.7354,479.4672,488.8813,34627100,QQQ,481.9699,485.7910,505.1121,497.1931,506.6633,498.3788,489.4106,484.3962
2025-03-27,478.2755,483.2010,476.9150,479.0600,33469800,QQQ,481.0808,485.0752,504.6611,496.4512,506.5319,497.9807,489.5172,484.3353
2025-03-28,465.6835,477.1831,464.7997,476.4780,46363800,QQQ,479.1705,483.2284,503.7278,495.2447,506.3988,497.3411,489.5517,484.1497
2025-03-31,465.6637,466.5971,454.1541,458.7123,53000300,QQQ,477.8105,481.5556,502.8659,494.0846,506.2299,496.7139,489.5702,483.9657
2025-04-01,469.4174,470.3410,461.1949,464.0549,41156200,QQQ,476.7126,480.3996,501.9073,493.1173,506.1127,496.1733,489.5773,483.8210
2025-04-02,472.8435,476.2298,462.6249,462.8831,49894500,QQQ,475.4657,479.6799,500.9566,492.3222,505.9684,495.7114,489.5889,483.7117
2025-04-03,447.5304,456.8751,447.0140,453.2703,70456300,QQQ,473.6378,476.6181,499.3666,490.5657,505.4385,494.7573,489.4617,483.3517
2025-04-04,419.7348,437.3119,419.7348,435.0974,117088400,QQQ,470.2422,471.2006,497.1982,487.7880,504.5519,493.2717,489.1665,482.7187
2025-04-07,420.7478,440.0627,399.5957,405.8221,161557000,QQQ,467.8422,466.3956,495.1098,485.1590,503.6695,491.8356,488.8757,482.1021
2025-04-08,413.1707,440.0627,406.9443,435.1173,101248100,QQQ,465.1193,461.3266,493.1756,482.3359,502.7143,490.2779,488.5655,481.4162
2025-04-09,462.7640,464.5813,412.5451,412.6842,142876900,QQQ,464.6124,461.4635,492.0826,481.5684,502.2642,489.7330,488.5095,481.2306
2025-04-10,443.0816,452.4262,429.6257,450.4103,108384100,QQQ,463.5467,459.7128,490.6154,480.0591,501.6239,488.8092,488.3822,480.8510
2025-04-11,451.2444,452.6248,438.2652,441.5622,52483800,QQQ,462.3279,458.9063,489.2674,478.9291,501.1004,488.0654,488.2688,480.5564
2025-04-14,454.3031,461.8205,449.4868,461.2346,43941200,QQQ,461.1079,458.4679,487.9956,477.9634,500.7275,487.3968,488.1659,480.2952
2025-04-15,454.8095,459.1691,452.9823,455.3557,35404200,QQQ,460.3212,458.1195,486.8169,477.0554,500.3255,486.7515,488.0594,480.0416
2025-04-16,441.0955,449.4769,434.7201,445.9118,48980600,QQQ,458.5340,456.4981,485.2377,475.6452,499.7523,485.8474,487.8966,479.6541
2025-04-17,441.0160,444.6407,438.2950,444.0647,44837000,QQQ,456.8237,455.0237,483.6098,474.2872,499.1811,484.9597,487.7196,479.2696
2025-04-21,430.1023,436.0308,424.9583,435.1868,44149300,QQQ,454.4893,452.6502,481.7091,472.5544,498.4830,483.8734,487.4630,478.7804
2025-04-22,441.3934,444.4719,434.5810,435.7727,52304400,QQQ,452.1963,451.5781,480.1666,471.3324,497.8897,483.0322,487.2428,478.4084
2025-04-23,451.4034,460.1621,449.7351,454.9883,55801100,QQQ,450.2648,451.5615,478.6989,470.5509,497.3886,482.4059,487.0473,478.1397
2025-04-24,464.1046,464.4124,452.6646,453.3101,45956100,QQQ,449.4193,452.7561,477.5101,470.2981,496.9875,482.0435,486.9095,478.0000
2025-04-25,469.2784,469.8047,462.1582,463.7272,38697100,QQQ,448.9694,454.3296,476.4187,470.2581,496.6779,481.7907,486.7954,477.9133
2025-04-28,469.1295,471.5128,462.7938,469.7451,33550800,QQQ,449.1417,455.7391,475.1735,470.2139,496.3229,481.5400,486.6550,477.8259
2025-04-29,472.2278,473.1116,466.3290,466.9050,30613100,QQQ,449.4699,457.3095,473.9457,470.2928,495.9439,481.3556,486.5845,477.7702
2025-04-30,472.1682,473.8862,459.2188,463.8861,46810600,QQQ,449.6074,458.7246,472.6926,470.3664,495.5487,481.1737,486.4995,477.7144
2025-05-01,478.3351,483.7969,477.4016,480.0530,43316500,QQQ,449.8820,460.5922,471.5598,470.6789,495.1519,481.1175,486.4387,477.7206
2025-05-02,485.4354,487.5010,481.4632,483.1613,39218100,QQQ,451.7773,462.9583,470.6144,471.2576,494.8404,481.2030,486.4125,477.7974
2025-05-05,482.5555,485.6340,480.7382,481.2348,28309500,QQQ,454.9183,464.8247,469.8325,471.7006,494.4539,481.2298,486.4439,477.8447
2025-05-06,478.0669,481.6816,474.8693,476.2297,32786300,QQQ,457.7843,466.0858,469.0840,471.9503,494.0631,481.1671,486.4641,477.8469
2025-05-07,479.9438,482.4264,473.4690,478.7322,38006300,QQQ,461.1229,467.4056,468.5030,472.2638,493.7087,481.1429,486.5148,477.8678
2025-05-08,484.8992,489.2785,480.8078,485.1375,39577600,QQQ,462.2297,469.0717,467.9964,472.7593,493.3116,481.2173,486.5552,477.9377
2025-05-09,484.5813,488.1265,482.8236,486.8058,27767400,QQQ,464.3047,470.5488,467.7669,473.2229,492.9452,481.2839,486.6024,478.0038
2025-05-12,504.3233,504.3630,497.9975,503.4693,45090600,QQQ,466.9586,473.7654,467.7756,474.4425,492.7363,481.7401,486.8336,478.2657
2025-05-13,512.0096,513.7971,504.8894,505.6242,53269600,QQQ,469.8439,477.4077,468.1585,475.9157,492.5286,482.3395,487.1284,478.6015
2025-05-14,515.0781,515.6242,512.1684,513.1814,47014500,QQQ,472.8574,480.9954,468.6326,477.4515,492.3750,482.9878,487.4153,478.9644
2025-05-15,515.6442,518.3056,511.5925,512.9332,50153300,QQQ,476.5848,484.2953,468.9898,478.9492,492.4185,483.6345,487.7005,479.3294
2025-05-16,517.8884,518.0771,513.5090,517.0443,48394600,QQQ,480.4284,487.4946,469.6658,480.4763,492.5072,484.3128,488.0284,479.7131
2025-05-19,518.3850,518.9014,510.6689,510.6689,52536200,QQQ,484.8425,490.4366,470.2806,481.9629,492.5564,484.9875,488.2919,480.0979
2025-05-20,516.6570,517.3124,513.0721,515.8626,42517600,QQQ,488.6057,492.9337,471.2388,483.3234,492.5384,485.6146,488.6031,480.4617
2025-05-21,509.4773,519.3681,507.6898,512.6849,71292800,QQQ,491.5094,494.5093,472.0758,484.3491,492.3782,486.0871,488.9323,480.7504
2025-05-22,510.4306,514.1149,508.7424,510.0930,55607200,QQQ,493.8257,496.0256,472.8263,485.3719,492.2311,486.5692,489.3324,481.0457
2025-05-23,505.7036,508.2856,502.0691,502.6649,58368100,QQQ,495.6470,496.9473,473.6525,486.1692,492.1065,486.9481,489.6884,481.2910
2025-05-27,517.6004,518.0871,511.0165,512.5657,47226300,QQQ,498.0705,498.9143,474.4921,487.4018,492.1699,487.5550,490.1273,481.6523
2025-05-28,515.3065,520.0434,514.7901,518.5538,46637200,QQQ,500.2245,500.4755,475.2242,488.4961,492.2537,488.1046,490.4891,481.9872
2025-05-29,516.3195,522.8240,513.7276,522.6750,58513300,QQQ,502.4320,501.9844,476.1397,489.5872,492.3576,488.6633,490.8443,482.3288
2025-05-30,515.5051,517.0642,508.3750,515.8329,67662800,QQQ,504.2905,503.2721,476.9130,490.6036,492.3705,489.1948,491.1907,482.6589
2025-06-02,519.5767,519.8150,512.3869,513.6481,44762800,QQQ,505.9976,504.8249,477.8001,491.7398,492.3650,489.7964,491.5021,483.0263
2025-06-03,523.6382,525.0682,519.0602,519.9242,44070300,QQQ,508.0517,506.6167,478.7370,492.9907,492.4930,490.4666,491.8330,483.4304
2025-06-04,525.0981,526.1607,522.3175,524.3434,41359300,QQQ,510.4033,508.3768,479.4939,494.2498,492.6347,491.1523,492.1134,483.8450
2025-06-05,521.1457,529.3483,519.0305,526.4983,61031200,QQQ,512.4634,509.5929,480.1162,495.3046,492.8170,491.7463,492.3711,484.2161
2025-06-06,526.2401,528.1070,524.5420,526.3195,42467000,QQQ,514.5304,511.1783,481.0207,496.5177,493.0664,492.4293,492.6234,484.6343
2025-06-09,527.0147,528.6532,525.3364,526.4586,33688700,QQQ,516.6521,512.6866,481.9955,497.7137,493.3283,493.1142,492.8846,485.0560
2025-06-10,530.5002,531.1855,525.2172,527.4813,40664800,QQQ,517.9610,514.3831,483.2918,498.9994,493.5098,493.8545,493.1521,485.5081
2025-06-11,528.7127,533.0524,526.4287,531.9004,53701000,QQQ,518.7961,515.7478,484.5528,500.1647,493.7093,494.5447,493.4485,485.9380
2025-06-12,529.9540,530.9273,527.1537,527.4019,34104900,QQQ,519.5399,517.1008,485.7635,501.3329,493.8354,495.2459,493.7257,486.3760
2025-06-13,523.3007,528.1765,522.0792,524.0156,55814400,QQQ,519.9227,517.6913,486.7726,502.1944,493.8646,495.8015,493.9926,486.7434
2025-06-16,530.5798,531.6523,526.7665,526.8161,37622100,QQQ,520.5573,518.9187,488.4336,503.3075,493.9001,496.4901,494.2889,487.1796
2025-06-17,525.4058,529.6263,524.2439,528.0176,42180900,QQQ,520.9083,519.5366,490.5471,504.1741,493.8726,497.0627,494.5861,487.5600
2025-06-18,525.3165,528.8518,523.7376,526.4188,43983500,QQQ,521.3413,520.0870,492.6384,505.0032,493.8741,497.6222,494.8862,487.9357
2025-06-20,523.1715,529.8548,521.2350,528.5638,61643500,QQQ,522.0260,520.3808,494.8384,505.7157,494.0070,498.1281,495.1479,488.2863
2025-06-23,528.5510,529.0679,520.5976,523.7392,50666100,QQQ,522.9320,521.1589,496.1542,506.6112,494.1184,498.7306,495.5079,488.6869
2025-06-24,536.6336,537.5482,533.1441,533.7604,45442000,QQQ,524.4785,522.6327,498.0252,507.7886,494.3203,499.4811,495.9143,489.1640
2025-06-25,538.0056,540.1430,536.2360,538.9003,44804200,QQQ,525.4988,524.0968,499.7604,508.9735,494.5139,500.2440,496.3254,489.6500
2025-06-26,543.0360,543.4834,538.3635,540.1827,43811400,QQQ,526.8853,525.9005,501.5351,510.3093,494.7654,501.0913,496.8228,490.1812
2025-06-27,544.8951,546.7840,541.3658,544.0700,57577100,QQQ,528.3141,527.7095,503.3368,511.6656,495.0768,501.9588,497.3009,490.7256
2025-06-30,548.4245,549.5777,545.8098,548.0467,45548700,QQQ,529.9600,529.6824,505.4834,513.1072,495.3606,502.8789,497.7758,491.2997
2025-07-01,543.8016,547.4999,541.4851,546.5256,56166700,QQQ,531.1713,531.0271,507.5391,514.3109,495.5745,503.6892,498.1785,491.8221
2025-07-02,547.5894,547.7882,542.9366,542.9764,36538300,QQQ,532.3688,532.6044,509.8888,515.6159,495.7990,504.5585,498.5773,492.3770
2025-07-03,552.9777,553.9520,549.9554,549.9554,26443500,QQQ,533.7628,534.5447,512.1205,517.0811,496.1436,505.5173,498.9926,492.9800
2025-07-07,548.8123,551.1088,546.3765,550.2936,45349300,QQQ,535.1461,535.9035,514.0687,518.3254,496.3838,506.3746,499.3975,493.5356
2025-07-08,549.1204,550.7806,547.8875,550.1543,36153300,QQQ,536.2901,537.1623,515.7690,519.5331,496.6396,507.2211,499.8026,494.0886
2025-07-09,553.0076,554.3796,549.8760,551.2479,43045500,QQQ,537.5898,538.6714,517.4436,520.8458,496.9311,508.1278,500.2374,494.6749
2025-07-10,552.2122,554.0514,549.5279,553.6438,34710900,QQQ,538.6754,539.9610,519.1053,522.0759,497.1394,509.0007,500.6092,495.2474
2025-07-11,550.9695,552.5502,548.8321,550.0748,39618600,QQQ,539.7882,541.0094,520.6801,523.2089,497.3129,509.8318,500.9794,495.8019
2025-07-14,552.9678,553.7035,548.4145,550.7607,36453300,QQQ,540.9389,542.1483,522.2961,524.3760,497.4943,510.6860,501.3532,496.3707
2025-07-15,553.4748,557.5310,553.4151,556.9842,43277700,QQQ,542.4476,543.2270,523.7989,525.5171,497.6793,511.5333,501.7180,496.9389
2025-07-16,554.0414,556.9445,548.3449,554.0316,52314700,QQQ,543.6207,544.2570,525.1710,526.6357,497.8927,512.3750,502.0835,497.5071
2025-07-17,558.5253,559.0323,553.9621,554.7673,40423800,QQQ,545.2767,545.6158,526.6904,527.8863,498.2615,513.2889,502.4533,498.1142
2025-07-18,557.9885,561.4382,556.7159,559.8376,50484700,QQQ,546.9103,546.7942,528.2888,529.0667,498.6864,514.1740,502.8339,498.7100
2025-07-21,560.8813,562.7603,558.7837,558.8135,39595200,QQQ,548.7958,548.1358,529.9076,530.3144,499.2053,515.0989,503.2224,499.3286
2025-07-22,557.9785,561.0604,555.3538,561.0107,43270600,QQQ,550.2671,549.0732,531.3692,531.3992,499.6828,515.9480,503.6300,499.9122
2025-07-23,560.5234,560.5632,556.3181,559.0620,40215300,QQQ,551.4616,550.1637,532.8880,532.5414,500.3275,516.8307,504.0470,500.5153
2025-07-24,561.7166,562.9394,560.0065,561.8358,42275500,QQQ,552.6472,551.2640,534.0359,533.6855,500.9057,517.7195,504.4718,501.1242
2025-07-25,563.0687,564.3909,560.9809,561.6371,30630800,QQQ,553.6488,552.3882,535.0571,534.8378,501.6078,518.6175,504.8750,501.7406
2025-07-28,564.8283,565.7230,563.5657,564.4306,31498700,QQQ,554.6455,553.5730,536.0521,536.0139,502.3423,519.5326,505.3127,502.3683
2025-07-29,563.9534,568.7751,563.2277,567.4330,45463300,QQQ,555.4219,554.5616,537.0183,537.1095,503.0040,520.4122,505.7105,502.9811
2025-07-30,564.7090,567.2939,561.7563,564.8681,43433800,QQQ,556.4673,555.5280,537.9547,538.1919,503.8103,521.2894,506.0930,503.5953
2025-07-31,561.7166,571.2805,560.5832,571.1910,64613600,QQQ,557.1737,556.1174,538.8213,539.1144,504.5509,522.0899,506.4633,504.1736
2025-08-01,550.6514,555.7615,548.4642,555.5726,69400800,QQQ,557.0573,555.5969,539.5012,539.5668,505.3700,522.6555,506.7745,504.6361
2025-08-04,560.8118,561.0305,555.6918,555.7912,47669800,QQQ,557.6573,556.0935,540.5279,540.4000,506.3018,523.4111,507.1160,505.1951
2025-08-05,557.0042,563.2575,556.4673,562.0943,48666600,QQQ,558.0515,556.1802,541.4593,541.0511,507.1428,524.0763,507.4714,505.7106
2025-08-06,564.0131,564.4506,557.3621,557.8393,41823700,QQQ,558.6018,556.9262,542.6255,541.9516,508.1390,524.8671,507.8615,506.2907
2025-08-07,565.9218,569.9780,561.8158,568.3376,44463000,QQQ,559.2873,557.7829,543.5920,542.8916,509.0420,525.6801,508.2594,506.8841
2025-08-08,571.2009,571.4197,566.8266,567.1249,35255500,QQQ,560.2988,559.0608,544.7098,544.0018,509.9670,526.5815,508.6679,507.5240
2025-08-11,569.5108,573.4378,568.2383,571.3401,33112900,QQQ,561.1260,560.0561,545.7737,545.0021,510.9567,527.4316,509.0631,508.1408
2025-08-12,576.6689,576.9671,569.1530,571.8074,42143300,QQQ,562.2857,561.6383,546.9969,546.2440,511.9550,528.4066,509.4915,508.8227
2025-08-13,576.9572,579.9198,575.5653,579.3630,41209300,QQQ,563.4315,563.0972,548.1446,547.4484,512.9723,529.3679,509.9590,509.5006
2025-08-14,576.5098,578.4882,574.5413,574.9092,45425000,QQQ,564.3307,564.3746,549.2020,548.5881,513.9695,530.3015,510.4046,510.1674
2025-08-15,573.9747,576.4601,572.2150,576.4203,49480200,QQQ,565.1300,565.2889,550.1795,549.5836,514.8367,531.1663,510.8227,510.8023
2025-08-18,573.7459,574.4021,571.8868,573.0798,29831000,QQQ,565.7732,566.0943,551.2315,550.5311,515.6739,532.0094,511.2392,511.4286
2025-08-19,565.9617,573.1993,564.9377,573.0303,53752600,QQQ,566.1724,566.0817,552.0260,551.1363,516.5233,532.6818,511.5933,511.9712
2025-08-20,562.6014,565.1365,555.5825,565.0172,76781100,QQQ,566.2763,565.7502,552.7377,551.5859,517.3666,533.2742,511.9493,512.4750
2025-08-21,559.9966,563.1878,557.7099,561.0603,46436900,QQQ,566.1903,565.2023,553.3276,551.9157,518.3097,533.8034,512.3542,512.9478
2025-08-22,568.6359,570.6442,559.9867,561.3785,51502100,QQQ,566.4687,565.5293,554.1261,552.5714,519.3394,534.4931,512.7847,513.5020
2025-08-25,566.9956,569.9483,565.8423,567.0752,34044700,QQQ,566.5770,565.6689,554.8669,553.1371,520.3152,535.1367,513.2140,514.0342
2025-08-26,569.2722,569.5804,565.4844,566.5085,34103000,QQQ,566.8430,566.0121,555.7863,553.7698,521.2795,535.8127,513.6239,514.5839
2025-08-27,570.1471,571.0617,567.0453,568.2582,36927100,QQQ,567.1149,566.4059,556.5777,554.4121,522.5057,536.4926,513.9721,515.1367
2025-08-28,573.7162,574.6308,569.1231,570.7635,46787900,QQQ,567.7149,567.1021,557.5439,555.1691,524.0455,537.2297,514.2987,515.7196
2025-08-29,567.0751,571.6782,565.2259,571.3103,56030400,QQQ,568.5360,567.0996,558.3791,555.6360,525.5087,537.8207,514.5891,516.2306
2025-09-02,562.3229,562.6709,556.2784,558.0381,65876800,QQQ,568.6116,566.6446,559.1621,555.8982,527.0003,538.3059,514.8573,516.6892
2025-09-03,566.7470,568.3675,563.4265,565.9119,54230200,QQQ,569.0987,566.6544,559.9260,556.3237,528.0401,538.8691,515.1522,517.1873
2025-09-04,571.8770,572.2448,565.7131,567.4131,47526300,QQQ,569.4919,567.1518,560.6309,556.9336,529.3281,539.5227,515.4760,517.7315
2025-09-05,572.7021,577.7326,568.1985,577.1063,68342500,QQQ,569.8310,567.6804,561.3248,557.5520,530.5426,540.1797,515.8215,518.2785
2025-09-08,575.4957,577.4543,574.4022,574.9986,46371400,QQQ,570.0457,568.4247,561.9740,558.2556,531.7546,540.8790,516.2410,518.8478
2025-09-09,577.1262,577.5536,573.6764,576.2910,44007600,QQQ,570.4265,569.2534,562.6186,558.9957,532.9777,541.5968,516.6516,519.4277
2025-09-10,577.3151,580.3672,575.1776,580.3374,49308000,QQQ,570.4588,570.0212,563.1964,559.7141,534.3399,542.3041,517.0461,520.0037
2025-09-11,580.6754,581.4707,578.2297,579.8402,44745800,QQQ,570.6447,571.0359,563.9339,560.5361,535.7365,543.0639,517.4588,520.6074
2025-09-12,583.2403,584.4333,580.6952,581.6297,50745900,QQQ,570.9812,572.1982,564.6469,561.4264,537.2679,543.8595,517.8754,521.2306
2025-09-15,588.2310,588.3404,584.8608,585.0099,44360300,QQQ,571.6940,573.7251,565.3520,562.4776,538.7363,544.7381,518.3130,521.8973
2025-09-16,587.7339,589.4041,587.0480,589.1556,36942100,QQQ,572.3934,575.0593,566.1304,563.4681,540.0996,545.5895,518.7441,522.5524
2025-09-17,586.5609,588.3007,580.9637,587.6544,69384800,QQQ,573.4234,576.1547,566.8793,564.3737,541.3241,546.4008,519.1558,523.1893
2025-09-18,591.8499,594.6535,589.5037,591.4423,61069300,QQQ,574.8858,577.6495,567.6561,565.4512,542.5499,547.3008,519.6139,523.8724
2025-09-19,595.8563,596.5523,592.3767,593.8481,58196100,QQQ,576.6788,579.3835,568.5290,566.6435,543.8171,548.2623,520.0700,524.5887
2025-09-22,599.3838,600.0506,594.9247,594.9446,57154800,QQQ,578.2162,581.2883,569.4973,567.9274,545.0887,549.2746,520.5163,525.3329
2025-09-23,595.4025,599.7520,594.1881,599.5529,64635500,QQQ,579.6365,582.6325,570.3460,569.0049,546.3210,550.1881,520.9349,526.0301
2025-09-24,593.3123,597.0946,590.5851,596.7761,49850300,QQQ,580.8385,583.6496,571.1427,569.9581,547.4708,551.0420,521.3113,526.6996
2025-09-25,590.7543,592.3369,585.7478,589.4305,70920200,QQQ,581.8689,584.3262,571.8770,570.7737,548.5240,551.8284,521.6822,527.3370
2025-09-26,593.1829,593.5113,588.2959,591.5704,54337400,QQQ,582.8422,585.1697,572.5701,571.6525,549.6303,552.6473,522.0421,527.9922
2025-09-29,595.9300,599.2345,594.6162,596.3082,48332900,QQQ,584.2850,586.1945,573.3290,572.6045,550.8089,553.5044,522.4360,528.6682
2025-09-30,597.5623,597.9008,593.3123,595.6314,46533800,QQQ,586.0469,587.2772,574.0626,573.5833,551.9851,554.3768,522.8469,529.3537
2025-10-01,600.4288,600.9663,593.5512,594.3772,46899600,QQQ,587.7310,588.5297,574.9116,574.6360,553.1404,555.2887,523.2260,530.0609
2025-10-02,602.8973,604.3206,600.1104,604.2211,43765400,QQQ,589.2820,589.8980,575.7591,575.7443,554.3235,556.2315,523.6344,530.7856
2025-10-03,600.3592,604.4898,598.5776,603.6736,46482100,QQQ,590.6649,590.8943,576.5319,576.7096,555.2839,557.1053,524.0101,531.4779
2025-10-06,604.8680,606.5102,603.1361,605.6045,41962100,QQQ,592.1335,592.2252,577.3679,577.8138,556.2125,558.0511,524.3705,532.2082
2025-10-07,601.6830,606.8587,600.2100,606.1720,58209500,QQQ,593.3614,593.1259,578.1050,578.7499,557.0785,558.9151,524.7268,532.8994
2025-10-08,608.5806,608.8891,602.4295,602.5787,50629800,QQQ,594.9246,594.5978,578.9975,579.9197,558.0079,559.8986,525.2132,533.6525
2025-10-09,607.8441,608.7498,604.6391,608.6204,45551000,QQQ,596.2831,595.8593,579.8602,581.0148,558.9074,560.8480,525.7073,534.3907
2025-10-10,586.7432,610.3124,586.2953,608.5408,97614800,QQQ,596.4582,594.9911,580.3608,581.2394,559.5910,561.3607,526.0737,534.9116
2025-10-13,599.1946,600.1302,594.4370,596.8755,65872600,QQQ,597.0064,595.3915,581.3316,581.9436,560.4164,562.1099,526.4774,535.5513
2025-10-14,595.2034,599.8715,587.3702,592.5260,69203200,QQQ,597.3799,595.3736,582.0195,582.4636,561.2737,562.7652,526.8259,536.1448
2025-10-15,599.4037,603.8628,593.1431,601.1854,62805500,QQQ,598.0220,595.7574,582.8675,583.1279,562.1634,563.4908,527.1972,536.7743
2025-10-16,597.1841,605.4652,592.7152,602.2802,70982000,QQQ,598.2887,595.8933,583.5309,583.6791,563.0782,564.1580,527.5924,537.3754
2025-10-17,601.1057,602.6783,593.5811,595.1537,72024900,QQQ,598.5512,596.3897,584.2346,584.3625,563.9133,564.8896,528.0416,538.0095
2025-10-20,608.6801,609.9342,604.2310,604.3007,45761700,QQQ,599.0160,597.5602,584.9841,585.3161,564.8470,565.7567,528.5503,538.7127
2025-10-21,608.5208,609.8545,606.4704,608.7796,44538200,QQQ,599.6719,598.6041,585.7643,586.2261,565.7690,566.6035,529.0633,539.4073
2025-10-22,602.6584,608.5507,596.9353,607.9635,61478800,QQQ,600.1392,598.9902,586.2841,586.8705,566.6405,567.3175,529.5055,540.0367
2025-10-23,607.7247,608.5110,601.6930,602.0811,42844300,QQQ,600.9877,599.8220,586.8995,587.6883,567.5220,568.1176,529.9435,540.7102
2025-10-24,614.2141,615.5279,612.2533,613.1093,47632500,QQQ,602.0393,601.1927,587.6536,588.7286,568.4278,569.0304,530.4604,541.4415
2025-10-27,625.1528,625.6106,621.1118,621.5995,54098600,QQQ,603.5004,603.4746,588.6771,590.1570,569.4283,570.1418,531.0315,542.2745
2025-10-28,629.9601,631.7119,626.3073,627.4121,61195700,QQQ,605.1203,605.9970,589.8014,591.7179,570.5165,571.3263,531.6667,543.1470
2025-10-29,632.7968,634.0310,627.3026,632.6177,67422800,QQQ,606.7387,608.5494,591.1381,593.3288,571.5820,572.5435,532.3242,544.0390
2025-10-30,623.1223,630.5374,623.0128,629.2136,61628600,QQQ,607.7500,609.9373,592.3485,594.4972,572.5431,573.5451,532.9357,544.8259
2025-10-31,626.1281,631.2341,623.7592,631.2042,66305100,QQQ,609.0384,611.4793,593.6712,595.7376,573.4994,574.5863,533.5046,545.6349
2025-11-03,629.1241,632.8466,626.9045,632.1399,37154300,QQQ,610.2512,613.1597,594.8809,597.0469,574.5035,575.6663,534.1064,546.4656
2025-11-04,616.3541,624.0181,615.5678,620.3652,63830800,QQQ,610.9848,613.4640,595.8681,597.8040,575.3675,576.4720,534.6015,547.1610
2025-11-05,620.3652,623.6697,614.3236,615.5976,48688500,QQQ,611.5740,614.1212,596.8899,598.6888,576.3381,577.3412,535.1014,547.8894
2025-11-06,608.8094,619.1309,607.4459,618.8821,72115100,QQQ,611.6223,613.6153,597.6632,599.0857,577.1204,577.9643,535.5103,548.4956
2025-11-07,606.8885,607.0976,595.8703,605.4652,81835400,QQQ,612.6296,612.9747,598.3266,599.3917,577.9353,578.5371,535.9039,549.0766
2025-11-10,620.3154,621.3904,614.0051,616.0256,55919900,QQQ,613.6856,613.6738,599.3914,600.2122,578.8853,579.3644,536.3797,549.7855
2025-11-11,618.6632,619.8078,614.6322,617.6679,44868800,QQQ,614.8586,614.1490,600.5183,600.9358,579.8402,580.1426,536.9236,550.4708
2025-11-12,618.1755,621.9378,614.9207,621.9179,47444400,QQQ,615.7972,614.5325,601.5468,601.6118,580.7364,580.8957,537.4274,551.1445
2025-11-13,605.5549,615.2294,603.2457,614.6521,71333600,QQQ,616.2157,613.6775,602.2204,601.7665,581.4256,581.3840,537.8730,551.6859
2025-11-14,606.0126,610.4816,594.3772,596.7461,80087300,QQQ,616.4610,612.9475,602.8866,601.9330,582.1057,581.8717,538.3098,552.2265
2025-11-17,600.8369,609.6157,597.0647,603.4646,63850400,QQQ,616.0689,611.7941,603.3934,601.8900,582.6837,582.2472,538.7245,552.7102
2025-11-18,593.5213,599.4932,588.5746,596.8158,83327300,QQQ,615.3189,610.0538,603.7213,601.5618,583.1700,582.4705,539.1234,553.1162
2025-11-19,597.0647,603.3253,591.8094,594.2778,73111500,QQQ,615.0392,608.8168,604.1163,601.3855,583.6564,582.7595,539.5085,553.5535
2025-11-20,582.9311,611.1585,582.0154,608.7597,117743200,QQQ,613.7996,606.3515,604.1614,600.6618,584.0477,582.7629,539.8111,553.8458
2025-11-21,587.3105,594.1881,578.0241,584.7226,103344200,QQQ,612.4544,604.5380,604.2428,600.1382,584.4449,582.8529,540.1219,554.1788
2025-11-24,602.3300,603.8429,592.3767,592.4962,60168100,QQQ,611.3132,604.3277,604.5248,600.2241,584.9384,583.2386,540.5410,554.6579
2025-11-25,606.0425,607.4061,594.5266,600.6877,57560900,QQQ,610.1174,604.4911,604.8910,600.4523,585.5107,583.6902,540.9472,555.1692
2025-11-26,611.3973,613.3083,607.5355,609.6456,42393600,QQQ,609.0474,605.1488,605.3877,600.8815,586.1335,584.2388,541.3865,555.7287
2025-11-28,616.3541,616.4237,612.5420,613.2287,23034400,QQQ,608.7090,606.2160,605.8778,601.4883,586.7669,584.8748,541.8490,556.3320
2025-12-01,614.2838,616.5432,609.6555,610.7603,40957600,QQQ,608.1168,606.9843,606.2463,601.9901,587.3877,585.4571,542.2635,556.9086
2025-12-02,619.0912,620.8330,614.7018,616.5631,54541800,QQQ,607.6151,608.1374,606.6405,602.6607,588.0689,586.1231,542.6909,557.5273
2025-12-03,620.6041,621.3008,615.1398,616.7223,47841600,QQQ,607.8276,609.3247,607.1445,603.3644,588.7452,586.8059,543.1198,558.1550
2025-12-04,620.0268,622.0174,616.6427,622.0075,47067800,QQQ,607.8107,610.3439,607.6788,604.0178,589.4108,587.4638,543.5450,558.7706
2025-12-05,622.5549,625.9788,620.7933,621.4601,53614200,QQQ,608.4980,611.5069,608.3148,604.7447,590.0959,588.1586,543.9943,559.4053
2025-12-08,621.3605,625.8992,618.7826,624.2768,43462400,QQQ,609.2216,612.4453,608.8784,605.3963,590.7242,588.8161,544.4929,560.0217
2025-12-09,622.1270,622.9431,618.0959,620.0965,37156000,QQQ,609.3121,613.3674,609.4023,606.0524,591.3656,589.4757,545.0260,560.6397
2025-12-10,624.6749,626.2675,618.0859,620.9325,55031400,QQQ,609.6127,614.4443,609.9446,606.7827,592.0036,590.1727,545.6044,561.2769
2025-12-11,622.6545,622.8536,614.8313,620.9028,58272800,QQQ,609.8367,615.2262,610.3891,607.4052,592.6503,590.8160,546.1666,561.8876
2025-12-12,610.7504,620.6240,608.5009,619.1708,75158700,QQQ,610.0965,614.7999,610.5461,607.5363,593.1526,591.2107,546.7400,562.3738
2025-12-15,607.6848,615.5279,606.4705,615.4782,49538200,QQQ,610.1801,614.1223,610.6927,607.5422,593.6123,591.5369,547.2590,562.8246
2025-12-16,608.8891,610.6409,604.0717,605.4154,55152800,QQQ,610.5827,613.6239,610.7731,607.5950,594.0705,591.8805,547.8391,563.2830
2025-12-17,597.6021,610.7802,597.4727,610.1929,70654300,QQQ,610.7867,612.0980,610.6915,607.2031,594.3982,591.9938,548.3703,563.6245
2025-12-18,606.2615,610.0636,604.0817,606.9483,78875800,QQQ,611.2465,611.5422,610.6451,607.1662,594.8213,592.2763,548.9127,564.0487
2025-12-19,614.1643,614.7316,609.0085,609.0882,60369800,QQQ,612.8082,611.7919,610.7715,607.4406,595.3159,592.7098,549.5631,564.5474
2025-12-22,617.1083,619.5400,615.6732,619.2410,43703100,QQQ,614.2981,612.2982,611.3788,607.8197,595.8698,593.1929,550.2104,565.0704
2025-12-23,619.9984,620.2974,615.6832,616.1017,41120400,QQQ,615.1815,613.0316,611.7949,608.2973,596.5632,593.7237,550.9666,565.6169
2025-12-24,621.8123,622.1611,619.6097,619.8788,18468700,QQQ,615.9700,613.8678,612.3270,608.8273,597.1732,594.2799,551.7375,566.1761
2025-12-26,621.7725,623.3969,621.0250,622.5398,28959800,QQQ,616.4888,614.6206,612.7744,609.3350,597.8209,594.8243,552.4819,566.7293
2025-12-29,618.7626,620.6662,616.6299,617.9952,32458300,QQQ,616.6092,615.0151,613.2060,609.7047,598.3684,595.2984,553.2537,567.2470
2025-12-30,617.3275,620.0682,617.1182,617.7362,31226800,QQQ,616.7614,615.2353,613.5304,610.0036,598.8825,595.7346,553.9623,567.7453
2025-12-31,612.2249,617.8558,611.9658,617.5468,40746500,QQQ,616.4181,614.9486,613.6013,610.0907,599.2927,596.0611,554.6299,568.1879
2026-01-02,611.0389,620.7359,608.0791,617.9554,61859200,QQQ,615.9398,614.5763,613.6517,610.1279,599.7080,596.3577,555.3323,568.6143
2026-01-05,615.8924,618.7028,614.6267,617.2179,46828400,QQQ,615.7331,614.7016,613.9164,610.3540,600.1002,596.7445,556.0276,569.0847
2026-01-06,621.3040,621.9020,616.4406,617.1282,43137500,QQQ,615.6705,615.3304,614.1879,610.7834,600.5437,597.2309,556.7580,569.6043
2026-01-07,621.9020,625.8087,620.4470,620.9253,44880300,QQQ,615.6976,615.9563,614.3417,611.2194,600.9976,597.7194,557.4836,570.1247
2026-01-08,618.3640,621.3040,615.7031,620.9154,50435900,QQQ,615.5095,616.1856,614.2059,611.4996,601.4415,598.1282,558.1391,570.6047
2026-01-09,624.5231,625.7589,616.9588,619.3008,49688700,QQQ,615.5019,616.9796,614.0972,612.0103,601.9493,598.6509,558.8116,571.1412
2026-01-12,625.0413,626.7156,620.1480,620.1978,37388700,QQQ,615.6212,617.7474,613.9421,612.5213,602.5401,599.1735,559.5317,571.6775
2026-01-13,624.1144,627.3335,621.5831,625.1410,44481400,QQQ,616.2894,618.3538,613.9619,612.9760,603.1552,599.6673,560.2609,572.1993
2026-01-14,617.4471,621.3339,612.4741,620.1280,72598700,QQQ,616.7775,618.2675,613.7883,613.1513,603.7297,600.0194,561.0197,572.6495
2026-01-15,619.6696,627.8617,618.6431,624.4732,53934900,QQQ,617.3166,618.4010,613.5992,613.4069,604.2401,600.4085,561.7897,573.1174
2026-01-16,619.1514,623.9550,616.7794,623.3770,61058100,QQQ,618.3940,618.4725,613.6552,613.6322,604.7616,600.7797,562.5384,573.5754
2026-01-20,605.9962,612.9724,604.9896,608.4578,81988900,QQQ,618.3808,617.2842,613.3678,613.3328,605.1289,600.8830,563.2042,573.8980
2026-01-21,614.1882,618.3141,605.7968,607.4013,79837900,QQQ,618.3820,616.9894,613.4753,613.3663,605.5693,601.1464,564.0375,574.2989
2026-01-22,618.6530,620.3473,615.6831,620.2376,42254800,QQQ,618.4592,617.1478,613.7106,613.5736,606.0186,601.4931,565.0321,574.7402
2026-01-23,620.6064,623.2773,616.5503,617.6265,43645800,QQQ,618.4896,617.4772,613.7165,613.8494,606.5540,601.8716,566.0314,575.1966
2026-01-26,623.3371,625.4798,620.0084,621.0947,35983000,QQQ,618.5658,618.0353,613.8099,614.2215,607.1641,602.2966,567.0822,575.6756
2026-01-27,628.9879,629.8947,625.2107,626.7754,38997200,QQQ,618.9266,619.0784,614.0262,614.8006,607.7865,602.8252,567.9133,576.2061
2026-01-28,631.0707,634.4392,629.6655,633.3031,50691700,QQQ,619.5420,620.2205,614.5365,615.4386,608.3784,603.3845,568.8532,576.7520
2026-01-29,627.2936,631.5192,616.1715,630.5027,79944000,QQQ,620.0403,620.8941,614.9621,615.9035,608.9244,603.8579,569.7335,577.2549
2026-01-30,619.7592,626.1275,617.1979,623.5862,65650700,QQQ,620.4170,620.7861,615.3406,616.0547,609.3670,604.1728,570.5608,577.6778
2026-02-02,624.0148,626.3568,616.5602,616.6001,49020300,QQQ,621.0658,621.0936,615.9504,616.3669,609.8359,604.5657,571.4068,578.1389
2026-02-03,614.4274,627.8417,608.8863,626.1674,81234000,QQQ,620.9926,620.4587,616.2977,616.2908,610.2070,604.7610,572.2735,578.5000
2026-02-04,603.6939,613.0121,598.4318,612.9325,81850700,QQQ,620.1121,618.8620,616.7129,615.7968,610.4372,604.7399,573.0868,578.7507
2026-02-05,595.0036,602.7572,592.7413,598.1728,89354500,QQQ,618.7671,616.5898,616.8668,614.9814,610.5548,604.5471,573.9114,578.9124
2026-02-06,607.5807,609.3347,596.7377,598.1528,78019300,QQQ,618.2280,615.7318,616.9718,614.6912,610.7483,604.6072,574.7423,579.1977
2026-02-09,612.2349,614.3677,603.0163,605.4779,56797600,QQQ,617.6136,615.3988,617.0957,614.5948,610.9933,604.7582,575.5465,579.5264
2026-02-10,609.3945,614.9257,608.9361,613.2215,53938900,QQQ,616.8312,614.8269,617.0556,614.3909,611.2217,604.8500,576.2729,579.8236
2026-02-11,611.0290,615.4241,605.6274,614.2879,58575100,QQQ,616.1770,614.4652,616.9491,614.2591,611.4135,604.9724,576.9817,580.1341
2026-02-12,598.6013,613.7198,597.5349,612.6236,81378900,QQQ,615.2347,612.9544,616.6355,613.6450,611.4409,604.8462,577.6290,580.3178
2026-02-13,599.8770,604.4215,594.3956,598.3920,69237500,QQQ,614.2450,611.7089,616.2512,613.1051,611.4458,604.7478,578.2673,580.5125
2026-02-17,599.2590,601.9001,591.3261,596.3490,69013800,QQQ,613.2504,610.5232,615.8243,612.5621,611.4844,604.6391,578.9027,580.6990
2026-02-18,603.7339,607.7004,598.6811,600.0664,64250700,QQQ,613.1373,609.8766,615.4984,612.2159,611.5886,604.6212,579.5297,580.9282
2026-02-19,601.4216,603.7637,598.7109,600.7639,60960800,QQQ,612.4990,609.0714,615.0758,611.7926,611.6953,604.5578,580.1096,581.1321
2026-02-20,606.7435,608.2783,597.1960,598.0830,74127300,QQQ,611.9035,608.8497,614.7834,611.5946,611.8309,604.6011,580.7306,581.3869
2026-02-23,599.3687,605.9463,597.0167,604.5510,63859100,QQQ,610.8416,607.9467,614.3282,611.1152,611.8653,604.4975,581.3371,581.5659
2026-02-24,605.8068,606.9230,597.6944,600.3554,55023700,QQQ,609.9651,607.7429,613.9509,610.9070,611.9477,604.5234,581.9664,581.8071
2026-02-25,614.5869,614.7364,608.9261,608.9959,55710700,QQQ,609.2451,608.3947,613.7895,611.0513,612.0893,604.7227,582.6148,582.1332
2026-02-26,607.1721,613.5006,601.9300,613.5006,96178900,QQQ,608.0501,608.2783,613.7180,610.8992,612.1321,604.7712,583.2278,582.3824
2026-02-27,605.2288,606.2553,600.1461,600.9334,68125200,QQQ,606.9469,607.9878,613.6688,610.6768,612.1808,604.7803,583.7323,582.6097
2026-03-02,606.0261,607.8498,595.9603,596.8273,75264600,QQQ,606.2602,607.8010,613.6116,610.4944,612.1923,604.8049,584.2024,582.8427
2026-03-03,599.5381,601.9100,589.8610,594.3059,97015500,QQQ,605.0364,607.0141,613.6503,610.0648,612.1709,604.7006,584.6247,583.0088
2026-03-04,608.6769,610.7997,601.3818,602.1093,70943900,QQQ,604.7489,607.1724,613.6986,610.0103,612.1718,604.7794,585.0899,583.2642
2026-03-05,606.8433,610.6802,600.2159,605.3384,89602400,QQQ,604.9063,607.1411,613.5522,609.8861,612.1618,604.8202,585.5346,583.4988
2026-03-06,597.7144,603.9431,596.2992,598.2725,86302300,QQQ,605.0419,606.2433,613.1643,609.4088,612.2715,604.6795,585.9313,583.6403
2026-03-09,605.6971,607.2020,589.3229,592.2130,93068200,QQQ,604.9477,606.1913,612.8783,609.2633,612.3366,604.6997,586.3765,583.8598
2026-03-10,605.7072,611.2084,603.3651,605.7171,64078900,QQQ,604.6213,606.1452,612.5562,609.1238,612.4416,604.7196,586.8576,584.0772
2026-03-11,605.6273,610.3512,602.9764,606.8831,60114800,QQQ,604.4329,606.0959,612.2333,608.9867,612.5038,604.7376,587.3336,584.2916
2026-03-12,595.2328,602.0894,595.0235,600.7141,71836600,QQQ,603.6431,605.0613,611.7627,608.4473,612.4843,604.5494,587.7813,584.4005
2026-03-13,591.7048,601.5512,590.5587,597.6944,63145500,QQQ,603.2983,603.7892,611.2502,607.7908,612.3903,604.2950,588.1518,584.4731
2026-03-16,598.3422,601.8104,597.0765,598.0034,49077200,QQQ,603.2216,603.2705,610.9726,607.4202,612.2869,604.1772,588.5670,584.6111
2026-03-17,601.2623,603.8435,599.8272,601.0929,47106600,QQQ,603.3217,603.0792,610.7770,607.1787,612.2144,604.1195,588.9917,584.7768
2026-03-18,592.8809,601.1128,592.5420,599.4485,56128000,QQQ,602.7791,602.1079,610.3168,606.6180,612.1166,603.8969,589.3786,584.8575
2026-03-19,591.0072,593.7777,585.0874,587.5091,75597600,QQQ,602.2584,601.0507,609.7109,606.0058,611.9494,603.6417,589.7357,584.9186
2026-03-20,580.0844,589.1635,576.5763,589.0539,91964700,QQQ,600.9254,599.0539,608.8745,604.9893,611.6081,603.1752,590.0179,584.8705
2026-03-23,586.7432,593.8080,584.7075,589.2578,89936100,QQQ,600.2941,597.8815,608.2421,604.2738,611.2240,602.8498,590.3262,584.8892
2026-03-24,582.7317,586.6733,580.6861,583.5599,57750900,QQQ,599.1404,596.4386,607.4063,603.4290,610.7517,602.4514,590.6341,584.8677
2026-03-25,586.5635,590.1059,584.4381,587.8807,60475500,QQQ,597.7392,595.4982,606.6367,602.7676,610.2894,602.1368,590.9357,584.8846
2026-03-26,572.5635,583.3803,572.2043,581.3546,81492100,QQQ,596.0088,593.3139,605.6057,601.5831,609.7838,601.5512,591.1635,584.7620
2026-03-27,561.3775,569.7995,560.3697,569.5899,82702200,QQQ,593.8162,590.2723,604.4843,600.0064,609.1363,600.7557,591.3178,584.5293
2026-03-30,557.0867,566.8357,554.4123,566.1672,70602600,QQQ,591.3692,587.1118,603.2327,598.3233,608.4159,599.8909,591.4597,584.2562
2026-03-31,575.9462,577.4031,563.0040,563.0838,95878000,QQQ,590.1896,586.0484,602.3686,597.4458,608.0119,599.4168,591.6897,584.1736
2026-04-01,583.0610,586.4837,579.1793,580.2371,79435100,QQQ,588.9089,585.7639,601.9099,596.8817,607.6388,599.0929,591.9885,584.1625
2026-04-02,583.7296,584.7973,570.6975,572.7431,50941700,QQQ,587.7532,585.5702,601.3007,596.3659,607.3880,598.7887,592.2542,584.1582
2026-04-06,587.2421,589.3475,583.4402,584.9769,35108500,QQQ,587.2296,585.7294,600.6725,596.0081,607.1915,598.5600,592.5634,584.1889
2026-04-07,587.3319,587.7210,577.1637,584.3882,49948200,QQQ,586.3113,585.8820,600.0070,595.6679,606.8617,598.3377,592.8735,584.2201
2026-04-08,604.7945,608.5963,600.8329,607.4089,63086000,QQQ,586.2657,587.6832,599.6361,596.0258,606.7230,598.4656,593.2816,584.4249
2026-04-09,608.8857,609.1951,601.7411,604.6348,37837500,QQQ,586.4286,589.7025,599.2341,596.5301,606.6301,598.6719,593.6833,584.6682
2026-04-10,609.7639,612.3583,608.2770,610.5322,34038500,QQQ,587.1551,591.6131,598.8079,597.0491,606.6722,598.8915,594.0489,584.9180
2026-04-13,616.0703,625.4003,606.8101,608.1772,32972100,QQQ,588.3734,593.9424,598.5835,597.7950,606.7728,599.2317,594.4393,585.2279
2026-04-14,627.2563,627.2563,618.7745,618.8942,49921100,QQQ,589.8191,597.1151,598.7334,598.9503,607.0370,599.7867,594.8604,585.6461
2026-04-15,636.0375,636.4666,626.8572,627.7353,50102400,QQQ,591.5579,600.8220,598.9739,600.4047,607.4622,600.5045,595.3161,586.1475
2026-04-16,639.1010,640.8073,633.9021,637.8437,42320600,QQQ,593.8689,604.4676,599.4673,601.9222,607.8825,601.2688,595.7694,586.6744
2026-04-17,647.4630,648.6106,642.6933,644.2100,53488900,QQQ,596.6917,608.5624,600.3427,603.7081,608.5278,602.1835,596.2878,587.2793
2026-04-20,645.4074,647.3732,641.1466,646.6547,37138500,QQQ,599.9578,612.0715,601.3508,605.3434,609.1088,603.0394,596.7768,587.8577
2026-04-21,642.9527,648.8101,640.8372,647.0239,39580500,QQQ,602.7683,615.0125,602.0582,606.8183,609.5150,603.8298,597.2267,588.4059
2026-04-22,653.7097,653.9293,647.1338,648.7604,37368400,QQQ,606.3172,618.6980,602.8877,608.6572,609.9917,604.8175,597.7512,589.0557
2026-04-23,650.0275,655.5158,644.1402,652.1530,40099800,QQQ,609.4904,621.6817,603.7004,610.2795,610.3780,605.7128,598.2557,589.6624
2026-04-24,662.4609,663.0896,655.1267,657.1024,45563100,QQQ,613.9853,625.5655,604.7290,612.3259,610.8391,606.8365,598.8030,590.3867
2026-04-27,662.8102,663.0098,659.2778,661.9820,32717000,QQQ,619.0569,629.1126,606.0132,614.3056,611.3243,607.9449,599.3560,591.1074
2026-04-28,656.1445,658.2300,652.4125,656.0048,34147900,QQQ,624.0098,631.6871,607.1386,615.9464,611.6949,608.8993,599.8819,591.7545
2026-04-29,660.1559,660.3055,655.1865,657.2222,31724900,QQQ,628.2203,634.3984,608.3565,617.6801,612.0904,609.9143,600.4178,592.4351
2026-04-30,666.3126,667.4702,656.1544,663.9277,40622200,QQQ,632.3829,637.4378,609.6081,619.5872,612.5532,611.0311,600.9820,593.1702
2026-05-01,672.7090,674.5250,667.3704,667.7296,39172600,QQQ,636.8318,640.7970,611.0338,621.6704,613.0548,612.2525,601.5753,593.9616
2026-05-04,671.4417,675.2835,667.4702,673.2179,34542000,QQQ,641.0418,643.7155,612.3278,623.6223,613.5556,613.4245,602.1399,594.7326
2026-05-05,680.1530,681.3106,676.0618,676.5109,37101100,QQQ,645.6829,647.1858,613.9435,625.8392,614.1359,614.7459,602.7507,595.5825
2026-05-06,694.2828,694.4424,685.0126,686.3099,38778500,QQQ,650.1573,651.6712,615.7130,628.5232,614.8319,616.3209,603.4178,596.5646
2026-05-07,693.4545,699.7411,690.2913,695.0910,43779100,QQQ,654.3857,655.6506,617.2903,631.0695,615.5399,617.8483,604.0951,597.5287
2026-05-08,709.7097,709.7097,698.0048,698.4239,44320400,QQQ,659.3830,660.7991,619.3411,634.1535,616.5295,619.6673,604.8411,598.6449
2026-05-11,711.7653,713.0625,707.3946,708.8415,36019100,QQQ,664.1678,665.6530,621.4718,637.1971,617.5703,621.4910,605.5913,599.7705
2026-05-12,705.7282,708.6619,695.1509,706.7061,45873000,QQQ,668.0914,669.4697,623.4659,639.8846,618.5387,623.1591,606.3046,600.8248
2026-05-13,713.1823,715.1182,703.3234,708.4425,40012500,QQQ,671.9486,673.6328,625.7388,642.7590,619.6945,624.9417,607.0464,601.9428
2026-05-14,718.2514,720.4867,712.6933,713.0925,33327500,QQQ,675.9061,677.8822,627.9302,645.7195,620.8144,626.7894,607.8179,603.1001
2026-05-15,707.4147,713.6014,704.0419,708.6221,51792700,QQQ,678.9037,680.6948,629.9417,648.1389,621.7469,628.3860,608.5314,604.1381
2026-05-18,704.3712,710.5479,697.3562,710.0190,49834500,QQQ,681.8519,682.9497,632.0748,650.3441,622.6196,629.8906,609.2447,605.1354
2026-05-19,700.0305,704.9799,693.7639,698.3142,46827500,QQQ,684.7058,684.5764,633.9615,652.2926,623.4199,631.2795,609.9916,606.0796
2026-05-20,711.6257,711.6257,702.2856,703.7824,36779200,QQQ,687.6016,687.1525,636.0798,654.6194,624.3180,632.8706,610.7456,607.1298
2026-05-21,712.9827,715.5871,705.2593,707.4745,36415400,QQQ,690.7493,689.6126,638.2270,656.9081,625.2301,634.4569,611.5255,608.1831
2026-05-22,716.0062,720.5765,714.4197,716.5351,33118600,QQQ,693.4266,692.1262,640.6424,659.2257,626.2026,636.0718,612.2855,609.2560
2026-05-26,728.7191,729.6071,722.6121,724.4083,34254700,QQQ,696.7220,695.6113,643.3827,661.9509,627.3165,637.9064,613.0995,610.4447
2026-05-27,727.8908,731.7525,723.8894,731.3933,35148700,QQQ,700.3094,698.6855,645.9737,664.5368,628.4731,639.6882,613.8829,611.6133
2026-05-28,734.0276,735.0255,724.8572,728.1701,32840000,QQQ,704.0029,702.0514,648.6290,667.2619,629.7030,641.5564,614.7055,612.8313
2026-05-29,736.7318,740.0447,733.6784,736.2628,37541700,QQQ,707.5239,705.3543,651.5060,669.9862,630.9114,643.4410,615.5058,614.0642
2026-06-01,741.1524,744.0562,734.4168,735.4646,33890600,QQQ,710.9461,708.7637,654.5089,672.7771,632.1099,645.3759,616.3268,615.3287
2026-06-02,744.5650,744.8444,737.6498,740.8131,30085200,QQQ,714.6022,712.1733,657.7985,675.5923,633.3365,647.3400,617.1671,616.6147
2026-06-03,742.6193,747.0498,739.4261,745.7126,40270200,QQQ,717.7256,715.0729,660.9160,678.2208,634.5791,649.2268,618.0103,617.8684
2026-06-04,739.0269,741.9108,731.0540,733.9079,40782600,QQQ,719.9628,717.3543,664.0419,680.6053,635.7241,651.0050,618.8367,619.0740
2026-06-05,703.5529,730.1260,702.8145,728.4995,99606600,QQQ,720.4677,716.0398,666.3817,681.5052,636.5092,652.0455,619.5247,619.9146
2026-06-08,714.5394,721.4845,711.5458,716.2756,47401500,QQQ,720.7092,715.8969,669.2213,682.8007,637.4135,653.2830,620.2844,620.8561
2026-06-09,706.3170,724.1088,684.9028,721.4345,91932200,QQQ,720.4367,714.9846,672.1200,683.7229,638.3022,654.3332,621.0160,621.7065
2026-06-10,692.2072,709.7596,691.4488,700.1601,65334300,QQQ,719.7607,712.8153,674.8225,684.0556,639.0276,655.0832,621.6338,622.4080
2026-06-11,715.5871,716.8344,693.5144,697.7952,71798900,QQQ,719.8809,713.0793,677.6153,685.2922,639.9919,656.2813,622.3768,623.3351
2026-06-12,719.7981,722.4624,709.7596,716.0760,51168400,QQQ,719.9583,713.7192,680.3500,686.6453,641.1299,657.5390,623.1294,624.2950
2026-06-15,742.4097,743.1681,735.8038,736.5223,46710200,QQQ,721.7080,716.4516,683.5236,688.8322,642.4121,659.2196,623.9907,625.4702
2026-06-16,728.2999,742.6292,728.0804,740.6634,45348700,QQQ,722.9045,717.5800,686.3448,690.3799,643.5086,660.5876,624.7636,626.4934
2026-06-17,720.9656,734.1074,719.3091,733.6185,51669300,QQQ,723.9512,717.9024,689.0174,691.5794,644.5122,661.7832,625.5331,627.4334
2026-06-18,739.0369,740.2344,730.9443,735.6243,50154600,QQQ,725.3218,719.9152,691.7023,693.4404,645.6692,663.3130,626.4166,628.5439
2026-06-22,737.1818,744.6740,733.6255,741.2476,43518600,QQQ,726.5317,721.5597,694.2682,695.1558,646.7511,664.7757,627.2688,629.6249
2026-06-23,712.9072,722.8568,711.3687,714.9950,53354200,QQQ,726.3768,720.7356,696.3311,695.8519,647.5695,665.7288,627.9740,630.4536
2026-06-24,709.8803,719.1806,703.7167,714.6254,52480400,QQQ,725.4348,719.7018,698.2073,696.4021,648.3954,666.6031,628.6599,631.2439
2026-06-25,715.6343,726.0734,704.5658,725.1444,49668000,QQQ,724.8220,719.3144,699.9748,697.1563,649.3541,667.5740,629.3606,632.0836
2026-06-26,705.7846,714.8152,702.0784,706.3940,47081800,QQQ,723.4099,718.0259,701.3698,697.4946,650.1718,668.3307,630.0039,632.8169
2026-06-29,723.3263,723.8258,704.4359,713.2468,44939100,QQQ,722.7396,718.5307,703.0543,698.5076,651.2608,669.4197,630.7339,633.7175
2026-06-30,735.6335,736.8522,723.1564,723.4262,42121800,QQQ,722.4636,720.1595,704.8177,699.9635,652.5802,670.7308,631.5087,634.7316
2026-07-01,724.4151,731.1581,723.8457,728.4309,40803800,QQQ,721.4561,720.5648,706.3979,700.9224,653.8743,671.7939,632.2146,635.6240
2026-07-02,711.8582,730.0693,706.8235,724.8247,50959800,QQQ,719.9181,719.7356,707.7760,701.3513,654.9171,672.5872,632.8327,636.3825
2026-07-06,722.0676,725.3242,717.7022,719.1806,30220400,QQQ,719.0701,719.9577,709.1431,702.1637,656.0154,673.5671,633.5044,637.2351
2026-07-07,708.6915,715.6043,704.1663,713.4266,42483100,QQQ,719.3271,718.8847,710.3164,702.4197,657.0084,674.2626,634.1150,637.9461
2026-07-08,710.6995,711.5186,700.1804,704.2162,35603200,QQQ,719.1351,718.1052,711.2812,702.7444,658.0051,674.9841,634.7093,638.6701
2026-07-09,722.5272,723.4761,714.3856,717.5823,33654700,QQQ,719.9456,718.5263,712.4755,703.5202,659.2444,675.9256,635.3426,639.5044
2026-07-10,724.7548,725.6339,716.2537,719.9498,26415900,QQQ,721.5730,719.1195,713.8477,704.3529,660.4931,676.8925,635.9695,640.3527
2026-07-13,710.9991,717.9918,709.3408,716.9728,36552400,QQQ,721.3436,718.3461,714.8646,704.6135,661.6105,677.5679,636.5475,641.0557
2026-07-14,718.9409,721.5381,713.5965,719.4703,29448100,QQQ,721.3007,718.4028,715.9171,705.1754,662.7626,678.3871,637.1756,641.8306
2026-07-15,716.9929,723.6060,709.4907,723.0965,32627600,QQQ,720.0299,718.2685,716.8028,705.6388,663.9183,679.1516,637.8068,642.5785
2026-07-16,705.2051,712.8571,701.8786,711.2688,39402000,QQQ,718.8751,717.0244,717.4781,705.6218,664.9029,679.6675,638.3669,643.2017
2026-07-17,694.6062,701.5689,686.0451,690.9300,54109300,QQQ,717.5571,714.8893,717.7672,705.1898,665.8553,679.9633,638.8603,643.7132
2026-07-20,695.3354,705.0653,694.7860,701.4291,29687600,QQQ,715.3721,713.0270,717.7882,704.8034,666.7506,680.2677,639.3492,644.2268
2026-07-21,708.2320,709.3109,702.0684,705.8345,33728300,QQQ,713.9246,712.5704,718.0838,704.9378,667.6871,680.8215,639.8882,644.8637
2026-07-22,704.6157,708.9113,702.8875,702.8875,23692200,QQQ,713.5100,711.8128,717.9819,704.9252,668.6615,681.2926,640.3968,645.4582
2026-07-23,691.2397,697.9327,687.0740,693.9469,44028600,QQQ,712.5780,709.8534,717.5714,704.3885,669.5216,681.4896,640.8512,645.9138
2026-07-24,683.5178,691.9090,681.7696,689.6913,42876700,QQQ,710.9722,707.3453,717.1272,703.5701,670.2965,681.5298,641.2444,646.2879
2026-07-27,681.4100,691.5794,675.2464,690.9600,42681500,QQQ,709.7534,704.8753,716.4917,702.7010,671.1152,681.5274,641.6431,646.6374
2026-07-28,674.7869,678.6928,667.1848,675.5261,51398700,QQQ,707.3265,702.0097,715.6224,701.6064,671.7763,681.3939,641.9741,646.9175
2026-07-29,661.0411,679.3421,660.4518,674.8068,57233300,QQQ,703.5968,698.1079,714.6949,700.0156,672.3183,680.9909,642.2401,647.0580
2026-07-30,682.8384,684.4068,672.5991,674.0576,66753700,QQQ,701.5180,696.6537,714.2643,699.3420,673.1696,681.0275,642.7206,647.4141
2026-07-31,687.2739,695.0458,679.3421,691.3896,50540500,QQQ,700.2888,695.7604,714.0092,698.8687,673.9853,681.1512,643.1609,647.8107
2026-08-03,699.3413,700.8597,685.1061,687.5835,44965100,QQQ,699.1525,696.1014,713.7635,698.8872,674.9217,681.5114,643.6816,648.3234
2026-08-04,723.0965,724.9046,706.7935,707.4228,59778600,QQQ,699.8727,698.6724,713.9658,699.8366,676.0964,682.3348,644.3001,649.0674
2026-08-05,716.5533,727.7816,716.1737,725.4940,33540200,QQQ,700.1654,700.3753,713.9767,700.4922,677.3096,683.0124,644.8969,649.7389
2026-08-06,713.9061,718.5712,707.7625,710.0801,33035900,QQQ,699.7344,701.6640,713.6804,701.0182,678.5316,683.6242,645.4609,650.3774
2026-08-07,722.2774,722.8768,715.7642,719.4004,31070400,QQQ,699.6105,703.6272,713.5682,701.8519,679.7709,684.3896,646.0289,651.0928
2026-08-10,720.1196,723.9157,719.5802,721.6381,26243200,QQQ,700.0665,705.1979,713.2900,702.5683,680.9595,685.0971,646.5869,651.7797
2026-08-11,717.7021,722.5970,714.7552,722.5371,29286100,QQQ,700.0046,706.3888,712.9094,703.1618,682.2077,685.7428,647.1621,652.4356
2026-08-12,722.9467,726.4930,722.1675,726.3232,29066000,QQQ,700.3023,707.9657,712.5453,703.9377,683.5271,686.4795,647.7383,653.1372
2026-08-13,731.3080,733.1960,723.2764,724.3952,31599700,QQQ,701.6074,710.1888,712.2802,705.0110,685.0393,687.3672,648.3237,653.9150
2026-08-14,730.3090,733.6256,727.5619,732.6466,23790600,QQQ,703.3926,712.1050,712.0340,706.0031,686.4750,688.2175,648.8495,654.6752
2026-08-17,729.1102,733.8153,728.5109,732.1870,26452600,QQQ,705.0813,713.7245,711.8356,706.9092,687.9388,689.0273,649.3453,655.4158
2026-08-18,716.7631,721.3783,715.1748,719.4603,48997200,QQQ,705.5079,714.0139,712.0998,707.2957,689.2408,689.5765,649.7651,656.0262
2026-08-19,715.3346,720.7489,711.8682,719.6401,35801700,QQQ,706.0438,714.1397,712.1157,707.6109,690.6685,690.0866,650.2262,656.6164
2026-08-20,710.1899,714.1958,707.7825,711.3488,33396400,QQQ,706.9913,713.7635,712.1932,707.7121,692.1566,690.4846,650.6465,657.1494
2026-08-21,712.6974,714.9250,708.4618,714.4855,33399400,QQQ,708.4503,713.6620,712.6030,707.9076,693.7127,690.9245,651.0643,657.7022
2026-08-24,705.5848,709.0511,701.9686,708.9213,37443100,QQQ,709.6590,712.8927,712.4029,707.8165,695.0091,691.2148,651.5105,658.1786
2026-08-25,709.9802,713.2967,706.7136,710.4796,23869600,QQQ,711.4187,712.6154,712.2066,707.9013,696.2783,691.5864,651.9586,658.6940
2026-08-26,710.6295,712.2778,707.2330,707.6726,20392400,QQQ,713.8981,712.4262,711.5710,708.0083,697.5473,691.9635,652.4677,659.2108
2026-08-27,720.3594,720.5991,713.7863,716.1837,28723500,QQQ,715.7742,713.1818,711.4122,708.4927,698.8785,692.5258,653.0350,659.8193
2026-08-28,715.6843,723.3763,714.3457,718.9908,34105400,QQQ,717.1947,713.4201,711.3065,708.7747,700.1620,692.9844,653.5119,660.3751
2026-08-31,716.0139,716.8331,712.4176,714.4255,32237200,QQQ,718.0283,713.6671,710.8461,709.0586,701.2742,693.4404,653.9986,660.9287
2026-09-01,706.9034,711.5585,703.9264,706.6536,35236100,QQQ,717.2187,713.0230,710.2405,708.9741,702.2544,693.7070,654.4422,661.3862
2026-09-02,708.5017,709.0611,704.3660,706.3639,23476200,QQQ,716.8161,712.5924,710.1524,708.9555,703.2417,694.0000,654.9570,661.8550
2026-09-03,716.9229,718.1716,708.9512,710.1100,29449800,QQQ,716.9669,713.0048,710.2933,709.2680,704.2503,694.4539,655.5115,662.4030
2026-09-04,718.2116,721.1086,715.8141,718.6012,32871100,QQQ,716.7636,713.5007,710.3448,709.6187,705.1598,694.9243,656.0984,662.9583
2026-09-08,717.6122,721.1386,714.8252,720.1596,28341400,QQQ,716.6383,713.8923,710.5814,709.9322,705.9756,695.3736,656.7189,663.5021
2026-09-09,715.5644,718.9509,713.2768,715.6543,26763400,QQQ,716.5314,714.0515,710.4261,710.1531,706.7402,695.7734,657.3114,664.0201
2026-09-10,707.9523,711.3188,706.1242,706.8135,31414400,QQQ,715.7816,713.4706,709.8725,710.0668,707.3451,696.0146,657.9365,664.4573
2026-09-11,714.1359,716.8830,712.8872,714.9350,26649100,QQQ,714.9230,713.5340,709.6669,710.2263,708.0324,696.3734,658.5706,664.9516
2026-09-14,708.4418,712.2079,702.0085,702.5979,35219000,QQQ,713.8297,713.0490,709.5986,710.1563,708.6873,696.6124,659.1012,665.3843
2026-09-15,703.8066,708.7914,702.9076,708.0622,26631700,QQQ,712.5645,712.1688,709.2334,709.9073,709.1882,696.7548,659.5900,665.7666
2026-09-16,703.9864,711.1390,699.2713,707.2630,35688000,QQQ,711.9257,711.3895,709.1393,709.6751,709.7278,696.8980,660.0529,666.1469
2026-09-17,716.1737,717.2925,712.5775,715.2047,37270300,QQQ,711.9676,711.8451,709.2487,709.9300,710.2650,697.2797,660.5520,666.6447
2026-09-18,720.6990,720.9787,714.3357,718.0818,48478700,QQQ,712.4931,712.6884,709.2122,710.3523,710.8438,697.7435,661.0841,667.1825
2026-09-21,741.4700,743.2200,727.8100,727.8900,46730600,QQQ,713.9317,715.4295,709.5465,711.5726,711.6971,698.6094,661.6960,667.9217
2026-09-22,747.4600,748.3500,740.9300,740.9800,40128800,QQQ,716.0255,718.4800,710.2757,712.9800,712.5701,699.5767,662.3303,668.7132
2026-09-23,741.2100,747.1300,738.1900,746.9700,33191800,QQQ,717.5870,720.6448,710.7211,714.0870,713.3191,700.4011,662.9362,669.4345
2026-09-24,741.1000,742.6600,734.6200,735.2900,29000900,QQQ,719.1105,722.5929,711.2032,715.1463,714.0030,701.2070,663.5289,670.1476
2026-09-25,744.5000,745.9200,739.6400,742.8300,30283800,QQQ,720.3175,724.6793,711.9891,716.2975,714.7336,702.0643,664.1446,670.8874
2026-09-28,736.5300,741.4200,731.6300,740.4600,41775000,QQQ,721.3598,725.8079,712.8276,717.0909,715.2974,702.7468,664.7166,671.5406
2026-09-29,737.9300,740.5800,735.3400,740.1500,27052300,QQQ,722.4556,726.9624,713.6795,717.9081,715.7339,703.4435,665.2829,672.2012
2026-09-30,739.7700,745.1000,739.4600,740.1900,29820400,QQQ,724.0989,728.1822,714.3103,718.7655,716.1970,704.1628,665.8685,672.8735
2026-10-01,742.0300,744.6700,736.2500,742.5100,35728900,QQQ,725.7753,729.5010,715.0585,719.6778,716.5202,704.9127,666.5249,673.5616
2026-10-02,749.5800,754.5400,747.5300,751.3100,34467100,QQQ,727.4082,731.4133,716.2254,720.8504,716.8984,705.7972,667.2343,674.3180
2026-10-05,756.2000,756.9150,749.0800,749.3400,25442148,QQQ,729.3076,733.7739,717.6790,722.2367,717.4031,706.7953,667.9709,675.1328
