Date,Close,High,Low,Open,Volume,Ticker,SMA_20,EMA_20,SMA_50,EMA_50,SMA_100,EMA_100,SMA_200,EMA_200
2021-11-10,100.7300,119.4600,95.2000,106.7500,103679500,RIVN,,100.7300,,100.7300,,100.7300,,100.7300
2021-11-11,122.9900,125.0000,108.0100,114.6250,83668200,RIVN,,102.8500,,101.6029,,101.1708,,100.9515
2021-11-12,129.9500,135.2000,125.2500,128.6450,50636800,RIVN,,105.4310,,102.7146,,101.7407,,101.2400
2021-11-15,149.3600,152.5300,127.5100,130.8000,64982300,RIVN,,109.6147,,104.5438,,102.6836,,101.7188
2021-11-16,172.0100,179.4700,153.7800,163.8000,94036600,RIVN,,115.5571,,107.1896,,104.0564,,102.4183
2021-11-17,146.0700,163.0000,140.3500,160.8800,71765600,RIVN,,118.4631,,108.7143,,104.8884,,102.8526
2021-11-18,123.3800,138.7800,120.1500,136.8100,63603600,RIVN,,118.9314,,109.2894,,105.2546,,103.0569
2021-11-19,128.6000,139.9000,125.6000,129.9800,49479400,RIVN,,119.8522,,110.0467,,105.7168,,103.3110
2021-11-22,118.1100,124.9300,106.9100,123.8800,40993900,RIVN,,119.6863,,110.3629,,105.9623,,103.4583
2021-11-23,119.8500,124.0000,113.0000,117.8300,24967900,RIVN,,119.7019,,110.7349,,106.2373,,103.6214
2021-11-24,114.8500,120.0000,113.4500,119.3800,11539200,RIVN,,119.2398,,110.8963,,106.4078,,103.7331
2021-11-26,112.1300,114.5000,106.1400,111.0000,9871200,RIVN,,118.5626,,110.9447,,106.5211,,103.8167
2021-11-29,119.7700,122.2500,113.6000,115.8500,13923900,RIVN,,118.6776,,111.2908,,106.7835,,103.9754
2021-11-30,119.7600,121.4900,114.1000,119.9000,20204900,RIVN,,118.7807,,111.6229,,107.0404,,104.1325
2021-12-01,115.6900,126.7500,113.1000,120.5400,13289700,RIVN,,118.4864,,111.7824,,107.2117,,104.2475
2021-12-02,110.7700,118.4500,107.7500,114.1700,10835500,RIVN,,117.7515,,111.7427,,107.2822,,104.3124
2021-12-03,104.6700,111.8700,100.0000,110.4900,13819200,RIVN,,116.5056,,111.4653,,107.2304,,104.3159
2021-12-06,116.7800,117.4800,100.3200,106.3600,19725400,RIVN,,116.5317,,111.6738,,107.4195,,104.4399
2021-12-07,116.1800,120.2100,112.4000,119.5200,12173300,RIVN,,116.4982,,111.8505,,107.5930,,104.5567
2021-12-08,122.1200,123.4000,112.8200,116.2200,12816000,RIVN,123.1885,117.0337,,112.2532,,107.8807,,104.7315
2021-12-09,115.4000,121.3200,114.4000,119.9500,8474800,RIVN,123.9220,116.8781,,112.3766,,108.0296,,104.8377
2021-12-10,114.6600,118.0100,110.8010,115.7100,8387500,RIVN,123.5055,116.6668,,112.4661,,108.1609,,104.9354
2021-12-13,118.9000,121.6400,113.9500,118.1400,14737500,RIVN,122.9530,116.8795,,112.7185,,108.3735,,105.0743
2021-12-14,117.1400,117.9000,112.7100,114.7700,8057700,RIVN,121.3420,116.9043,,112.8919,,108.5471,,105.1944
2021-12-15,115.0000,116.7390,109.2100,115.4700,10828600,RIVN,118.4915,116.7230,,112.9745,,108.6749,,105.2920
2021-12-16,108.8700,117.0000,107.0600,116.7600,13627600,RIVN,116.6315,115.9751,,112.8136,,108.6788,,105.3276
2021-12-17,97.7000,100.6000,92.6200,99.9200,44475000,RIVN,115.3475,114.2346,,112.2209,,108.4614,,105.2517
2021-12-20,89.9800,96.4000,88.4000,94.8000,16072700,RIVN,113.4165,111.9246,,111.3487,,108.0954,,105.0997
2021-12-21,96.8200,98.4200,92.0500,92.1900,12915100,RIVN,112.3520,110.4861,,110.7789,,107.8721,,105.0173
2021-12-22,96.3400,98.9000,93.3920,96.3880,8644100,RIVN,111.1765,109.1388,,110.2127,,107.6438,,104.9310
2021-12-23,96.8400,97.8220,93.8140,96.3510,5670100,RIVN,110.2760,107.9675,,109.6883,,107.4298,,104.8505
2021-12-27,107.0900,107.4900,96.8000,96.9000,15497000,RIVN,110.0240,107.8839,,109.5864,,107.4231,,104.8728
2021-12-28,102.8700,106.0000,101.0000,105.0400,8821300,RIVN,109.1790,107.4064,,109.3230,,107.3329,,104.8528
2021-12-29,99.3400,102.5800,96.6200,101.1900,8754900,RIVN,108.1580,106.6382,,108.9315,,107.1747,,104.7980
2021-12-30,103.4200,105.2900,98.6600,98.8520,10874700,RIVN,107.5445,106.3317,,108.7154,,107.1003,,104.7843
2021-12-31,103.6900,106.1200,102.2800,102.4400,5814900,RIVN,107.1905,106.0801,,108.5183,,107.0328,,104.7734
2022-01-03,102.7200,106.5500,100.2500,106.1400,8346800,RIVN,107.0930,105.7601,,108.2909,,106.9474,,104.7530
2022-01-04,101.3900,106.8000,99.0140,102.9900,12152200,RIVN,106.3235,105.3439,,108.0203,,106.8373,,104.7195
2022-01-05,90.0100,99.2150,89.2800,98.3200,18645100,RIVN,105.0150,103.8835,,107.3140,,106.5041,,104.5731
2022-01-06,87.3300,92.0300,75.1300,91.8800,39827100,RIVN,103.2755,102.3070,,106.5303,,106.1244,,104.4016
2022-01-07,86.2800,89.2700,81.6210,87.0200,17515900,RIVN,101.8195,100.7806,,105.7362,,105.7315,,104.2212
2022-01-10,81.4400,83.7500,77.6500,83.5200,17289800,RIVN,100.1585,98.9387,,104.7834,,105.2505,,103.9946
2022-01-11,83.5500,86.5800,78.1200,78.9400,19970600,RIVN,98.3910,97.4731,,103.9507,,104.8207,,103.7911
2022-01-12,86.4800,88.0700,82.6300,84.9000,14422800,RIVN,96.8580,96.4261,,103.2656,,104.4576,,103.6189
2022-01-13,80.3100,86.9400,79.8900,86.9400,13677500,RIVN,95.1235,94.8912,,102.3654,,103.9794,,103.3870
2022-01-14,79.9500,81.6900,77.0100,79.5700,15838000,RIVN,93.6775,93.4683,,101.4863,,103.5036,,103.1538
2022-01-18,73.1600,77.8400,72.8550,77.5250,16803700,RIVN,92.4505,91.5341,,100.3755,,102.9027,,102.8553
2022-01-19,69.4000,76.3200,68.9500,74.8200,15068400,RIVN,91.4215,89.4261,,99.1608,,102.2393,,102.5224
2022-01-20,65.0200,72.0800,64.8100,70.8580,18642700,RIVN,89.8315,87.1017,,97.8219,,101.5023,,102.1493
2022-01-21,64.5100,67.1600,60.5100,63.8650,19344700,RIVN,88.2400,84.9501,105.9876,96.5156,,100.7697,,101.7747
2022-01-24,63.9000,64.3000,55.1000,60.1100,24115900,RIVN,86.5930,82.9454,105.2510,95.2365,,100.0397,,101.3979
2022-01-25,59.6100,61.9300,58.0000,61.1050,16557200,RIVN,84.2190,80.7230,103.9834,93.8394,,99.2391,,100.9821
2022-01-26,60.2700,68.0700,59.0100,62.3500,23694100,RIVN,82.0890,78.7751,102.5898,92.5230,,98.4674,,100.5770
2022-01-27,53.9400,61.7000,53.3310,61.3300,23416400,RIVN,79.8190,76.4098,100.6814,91.0099,,97.5857,,100.1129
2022-01-28,57.1200,57.3000,50.0000,53.6000,23965100,RIVN,77.5040,74.5727,98.3836,89.6809,,96.7844,,99.6851
2022-01-31,65.7400,65.9300,57.9200,58.6500,18684900,RIVN,75.6065,73.7315,96.7770,88.7420,,96.1696,,99.3474
2022-02-01,69.6200,71.4600,62.3500,67.2800,24476500,RIVN,73.9515,73.3399,95.7018,87.9921,,95.6439,,99.0516
2022-02-02,64.3200,69.9000,63.5500,69.3900,15610300,RIVN,72.0980,72.4809,94.4162,87.0638,,95.0236,,98.7060
2022-02-03,60.3600,63.9190,59.0000,60.8270,19776300,RIVN,70.6155,71.3265,93.2612,86.0166,,94.3372,,98.3244
2022-02-04,60.8700,62.7800,59.1100,62.0650,14588500,RIVN,69.2925,70.3306,92.0816,85.0305,,93.6745,,97.9518
2022-02-07,58.3600,63.8300,57.5200,60.8750,14782000,RIVN,67.8965,69.1906,90.9518,83.9846,,92.9752,,97.5578
2022-02-08,60.9500,61.5400,56.4400,58.0800,12079200,RIVN,66.8720,68.4058,89.9282,83.0813,,92.3410,,97.1936
2022-02-09,64.5300,65.1200,60.7500,61.8600,13343700,RIVN,65.9210,68.0366,88.8234,82.3538,,91.7903,,96.8685
2022-02-10,64.7200,68.9800,60.6600,61.4550,17665400,RIVN,64.8330,67.7208,87.7226,81.6622,,91.2543,,96.5487
2022-02-11,58.8500,66.4000,57.7000,64.5000,15293400,RIVN,63.7600,66.8759,86.5858,80.7676,,90.6126,,96.1736
2022-02-14,62.6500,66.4000,59.9000,60.3600,26874500,RIVN,62.8950,66.4735,85.6234,80.0571,,90.0589,,95.8400
2022-02-15,66.2900,67.1800,63.8800,65.8000,16267400,RIVN,62.5515,66.4560,84.8558,79.5173,,89.5882,,95.5460
2022-02-16,66.2500,66.4300,63.3400,65.3700,12768300,RIVN,62.3940,66.4364,83.8452,78.9970,,89.1261,,95.2545
2022-02-17,64.7400,71.5000,64.1300,64.6850,22387700,RIVN,62.3800,66.2748,82.8164,78.4379,,88.6432,,94.9508
2022-02-18,66.3700,66.9000,63.0100,65.7730,14965900,RIVN,62.4730,66.2839,81.7014,77.9646,,88.2021,,94.6664
2022-02-22,62.3900,69.1000,59.7600,65.2500,22737000,RIVN,62.3975,65.9130,80.6412,77.3539,,87.6910,,94.3453
2022-02-23,57.5300,63.5000,57.0500,63.4270,22637000,RIVN,62.2935,65.1147,79.4986,76.5764,,87.0938,,93.9790
2022-02-24,63.7100,64.4300,53.5000,54.2400,24082200,RIVN,62.4655,64.9809,78.3948,76.0719,,86.6307,,93.6778
2022-02-25,63.4300,63.9900,60.8100,63.3500,13455200,RIVN,62.9400,64.8332,77.3206,75.5761,,86.1713,,93.3768
2022-02-28,67.5600,68.1500,62.4000,63.4900,19270200,RIVN,63.4620,65.0929,76.3718,75.2618,,85.8027,,93.1199
2022-03-01,61.9100,66.5400,60.8000,65.4300,17204100,RIVN,63.2705,64.7897,75.4326,74.7382,,85.3296,,92.8094
2022-03-02,53.5600,59.1400,53.3000,59.1350,36559800,RIVN,62.4675,63.7202,74.5498,73.9076,,84.7005,,92.4188
2022-03-03,50.9100,56.0000,50.0200,54.3600,28535500,RIVN,61.7970,62.5002,73.7684,73.0058,,84.0314,,92.0058
2022-03-04,47.3900,51.4100,46.6600,51.0100,24392200,RIVN,61.1485,61.0611,72.7798,72.0012,,83.3058,,91.5619
2022-03-07,42.4300,49.4400,42.2800,48.0000,22985200,RIVN,60.2265,59.2868,71.7016,70.8416,,82.4964,,91.0730
2022-03-08,42.2100,45.0600,39.8600,41.8900,25165000,RIVN,59.4190,57.6604,70.6090,69.7188,,81.6987,,90.5868
2022-03-09,43.9500,46.2500,42.6900,43.3900,15784700,RIVN,58.5690,56.3546,69.3462,68.7082,,80.9512,,90.1228
2022-03-10,41.1600,44.1900,39.7700,44.1050,31481100,RIVN,57.4005,54.9075,68.1120,67.6279,,80.1632,,89.6356
2022-03-11,38.0500,41.0000,37.5000,38.3200,42597900,RIVN,56.0670,53.3021,66.8862,66.4680,,79.3293,,89.1223
2022-03-14,35.8300,37.7400,34.9000,37.7400,20756400,RIVN,54.9160,51.6381,65.5344,65.2665,,78.4679,,88.5920
2022-03-15,37.0000,37.3200,33.4600,35.6700,19671300,RIVN,53.6335,50.2440,64.2006,64.1580,,77.6468,,88.0786
2022-03-16,41.5800,42.1000,37.6500,38.5000,23752200,RIVN,52.3980,49.4188,62.9778,63.2726,,76.9326,,87.6160
2022-03-17,42.1300,42.7500,38.5200,40.8400,17167200,RIVN,51.1920,48.7246,61.7926,62.4435,,76.2434,,87.1634
2022-03-18,45.6000,45.7000,42.3320,42.6100,19770600,RIVN,50.2350,48.4271,60.9044,61.7830,,75.6366,,86.7498
2022-03-21,43.5600,46.5500,42.3100,45.6400,13227000,RIVN,49.0945,47.9635,60.0290,61.0683,,75.0014,,86.3201
2022-03-22,46.9300,48.3000,43.1300,43.6500,13110500,RIVN,48.3215,47.8651,59.2420,60.5139,,74.4456,,85.9281
2022-03-23,45.8700,48.0000,44.6300,46.4700,12025100,RIVN,47.7385,47.6751,58.5306,59.9396,,73.8797,,85.5295
2022-03-24,48.6600,48.7000,44.6000,46.2500,12804900,RIVN,46.9860,47.7689,57.8328,59.4973,,73.3803,,85.1627
2022-03-25,46.1600,49.1000,45.2300,48.8700,10825100,RIVN,46.1225,47.6157,57.0264,58.9742,,72.8413,,84.7746
2022-03-28,45.9800,48.1650,44.0000,46.8350,11018400,RIVN,45.0435,47.4599,56.3398,58.4647,,72.3094,,84.3886
2022-03-29,53.8800,54.8300,46.6100,47.3600,26325300,RIVN,44.6420,48.0713,55.8184,58.2849,,71.9445,,84.0850
2022-03-30,52.0100,56.7600,51.8100,52.7350,20271700,RIVN,44.5645,48.4464,55.3954,58.0388,,71.5497,,83.7658
2022-03-31,50.2400,51.9300,49.5500,51.8950,12740900,RIVN,44.5310,48.6173,55.0122,57.7330,,71.1277,,83.4323
2022-04-01,46.4400,50.2600,46.2100,50.1800,15244400,RIVN,44.4835,48.4099,54.6406,57.2901,,70.6389,,83.0642
2022-04-04,46.5300,47.6950,45.6500,46.8000,15532900,RIVN,44.6885,48.2309,54.2810,56.8681,80.1343,70.1615,,82.7006
2022-04-05,42.1900,46.8800,41.8900,46.5300,19576500,RIVN,44.6875,47.6555,53.8468,56.2925,79.5489,69.6076,,82.2976
2022-04-06,40.1000,43.3500,39.5710,43.3000,22212700,RIVN,44.4950,46.9360,53.4566,55.6575,78.7200,69.0233,,81.8777
2022-04-07,39.9800,40.5000,37.6000,40.3600,19428600,RIVN,44.4360,46.2735,53.0508,55.0427,77.8203,68.4482,,81.4608
2022-04-08,38.8000,41.0410,38.3090,39.4900,10675700,RIVN,44.4735,45.5617,52.7480,54.4058,76.7147,67.8611,,81.0363
2022-04-11,39.5000,41.9400,37.1500,37.8400,14206700,RIVN,44.6570,44.9844,52.3956,53.8212,75.3896,67.2995,,80.6230
2022-04-12,38.1500,41.9900,37.6700,40.2300,14264500,RIVN,44.7145,44.3335,51.8438,53.2067,74.3104,66.7222,,80.2004
2022-04-13,41.1500,41.2700,37.3100,38.3050,14068100,RIVN,44.6930,44.0303,51.2744,52.7338,73.4881,66.2159,,79.8118
2022-04-14,40.5900,41.9000,40.2100,40.2500,9206100,RIVN,44.6160,43.7027,50.7998,52.2576,72.6080,65.7084,,79.4216
2022-04-18,38.2300,40.6400,37.3200,40.0200,12841600,RIVN,44.2475,43.1815,50.3572,51.7075,71.8092,65.1643,,79.0117
2022-04-19,39.1500,39.7700,36.6600,38.1900,11382200,RIVN,44.0270,42.7975,49.9228,51.2151,71.0022,64.6492,,78.6151
2022-04-20,36.2300,39.4500,36.1200,38.9700,12648500,RIVN,43.4920,42.1720,49.4802,50.6274,70.2160,64.0864,,78.1933
2022-04-21,33.7600,37.9900,33.3800,37.1900,21534500,RIVN,42.8865,41.3709,48.9364,49.9659,69.4323,63.4859,,77.7512
2022-04-22,33.6100,34.6740,32.4000,33.7800,12670200,RIVN,42.1340,40.6318,48.3180,49.3245,68.5707,62.8943,,77.3120
2022-04-25,33.9000,34.8500,33.0500,33.3700,12433700,RIVN,41.5210,39.9906,47.7016,48.7197,67.7121,62.3201,,76.8800
2022-04-26,30.6800,33.8000,30.5800,33.5100,18830000,RIVN,40.7560,39.1039,47.1382,48.0122,66.8620,61.6936,,76.4203
2022-04-27,31.2200,32.8300,30.7500,31.9200,15143700,RIVN,39.6230,38.3531,46.5096,47.3537,66.0665,61.0902,,75.9706
2022-04-28,32.1800,32.3350,29.4400,31.5700,17179300,RIVN,38.6315,37.7652,45.8274,46.7586,65.3416,60.5177,,75.5348
2022-04-29,30.2400,33.7800,30.1000,32.2700,12877400,RIVN,37.6315,37.0485,45.1072,46.1109,64.4762,59.9181,,75.0841
2022-05-02,31.7400,31.8800,29.3200,29.9400,13888900,RIVN,36.8965,36.5429,44.4472,45.5473,63.6318,59.3601,,74.6529
2022-05-03,31.9900,33.6300,31.1200,31.4500,14738500,RIVN,36.1695,36.1093,43.7596,45.0156,62.7305,58.8182,,74.2284
2022-05-04,33.9200,34.2750,30.5500,31.6000,16040800,RIVN,35.7560,35.9008,43.1902,44.5805,61.9157,58.3251,,73.8273
2022-05-05,30.7100,33.2700,30.0800,33.0500,15878300,RIVN,35.2865,35.4064,42.6538,44.0366,61.0762,57.7783,,73.3982
2022-05-06,28.7900,31.0450,28.7100,30.8700,20691000,RIVN,34.7270,34.7763,41.9554,43.4387,60.1751,57.2043,,72.9544
2022-05-09,22.7800,25.8290,22.4500,25.0000,84388400,RIVN,33.9260,33.6338,41.1424,42.6285,59.2315,56.5226,,72.4551
2022-05-10,22.7900,24.4000,21.0000,23.8700,33317000,RIVN,33.0905,32.6010,40.2470,41.8505,58.3094,55.8546,,71.9610
2022-05-11,20.6000,23.5000,19.2500,22.9050,53073500,RIVN,32.2130,31.4581,39.4208,41.0172,57.4267,55.1565,,71.4499
2022-05-12,24.3000,26.7000,21.6800,22.1900,73921500,RIVN,31.3705,30.7764,38.8356,40.3616,56.6927,54.5455,,70.9807
2022-05-13,26.7000,27.9800,26.1700,26.9700,42674900,RIVN,30.6760,30.3881,38.3514,39.8259,56.0599,53.9941,,70.5401
2022-05-16,24.8600,26.9990,24.3300,26.4700,32135000,RIVN,30.0075,29.8617,37.9008,39.2390,55.3403,53.4172,,70.0856
2022-05-17,27.4900,27.8700,25.7190,25.8500,26958800,RIVN,29.4245,29.6358,37.6020,38.7782,54.6518,52.9038,,69.6618
2022-05-18,27.2900,29.2200,26.3100,27.1650,26828100,RIVN,28.9775,29.4124,37.3036,38.3277,53.9563,52.3966,,69.2402
2022-05-19,29.6100,30.4100,27.4500,27.8250,29571900,RIVN,28.7700,29.4312,37.0168,37.9858,53.1815,51.9453,,68.8458
2022-05-20,28.9200,30.6500,27.2800,30.3000,22757600,RIVN,28.5355,29.3825,36.7720,37.6303,52.4420,51.4894,,68.4486
2022-05-23,27.9900,28.6100,26.7000,28.6100,21521800,RIVN,28.2400,29.2499,36.5708,37.2523,51.7285,51.0241,,68.0460
2022-05-24,26.5300,27.5000,25.5400,27.3850,19068400,RIVN,28.0325,28.9909,36.3848,36.8318,50.9596,50.5390,,67.6329
2022-05-25,27.2500,27.7250,25.7200,26.3900,15742100,RIVN,27.8340,28.8251,36.1898,36.4560,50.1952,50.0779,,67.2311
2022-05-26,29.2300,29.9200,27.0810,27.2300,14536300,RIVN,27.6865,28.8636,35.9428,36.1726,49.4603,49.6650,,66.8530
2022-05-27,30.9600,31.8210,29.5800,29.5900,17473200,RIVN,27.7225,29.0633,35.7194,35.9682,48.7560,49.2946,,66.4958
2022-05-31,31.4000,32.6000,30.0900,32.3450,21305700,RIVN,27.7055,29.2858,35.4354,35.7891,48.1699,48.9403,,66.1466
2022-06-01,30.2500,32.2200,29.9500,31.6500,13533300,RIVN,27.6185,29.3776,35.1692,35.5719,47.5991,48.5702,,65.7894
2022-06-02,31.9400,32.7900,29.1600,29.3900,15150700,RIVN,27.5195,29.6217,34.8694,35.4294,47.0557,48.2409,,65.4526
2022-06-03,30.1900,31.4600,29.8770,30.8500,13756000,RIVN,27.4935,29.6758,34.5558,35.2240,46.5432,47.8834,,65.1017
2022-06-06,28.9800,31.0000,28.6750,30.8500,14661700,RIVN,27.5030,29.6095,34.1622,34.9791,45.9975,47.5091,,64.7423
2022-06-07,29.7200,29.7600,27.4000,28.6000,17555100,RIVN,27.8500,29.6201,33.8334,34.7729,45.4299,47.1568,,64.3938
2022-06-08,29.8000,31.4200,29.6300,29.6900,12660200,RIVN,28.2005,29.6372,33.5098,34.5779,44.9248,46.8131,,64.0496
2022-06-09,28.8700,30.2100,28.7300,29.5000,10777800,RIVN,28.6140,29.5641,33.0096,34.3540,44.4140,46.4578,,63.6996
2022-06-10,28.3600,29.6400,27.7100,28.3300,14376000,RIVN,28.8170,29.4495,32.5366,34.1190,43.9660,46.0995,,63.3479
2022-06-13,26.8100,27.8700,26.3710,27.1600,19542300,RIVN,28.8225,29.1981,32.0680,33.8323,43.5401,45.7175,,62.9844
2022-06-14,27.3000,28.6800,26.0260,26.6900,16104400,RIVN,28.9445,29.0173,31.6852,33.5762,43.1629,45.3528,,62.6293
2022-06-15,29.0800,29.5600,27.1400,27.1800,18559600,RIVN,29.0240,29.0233,31.3362,33.3998,42.8086,45.0306,,62.2955
2022-06-16,26.4200,28.9000,25.8000,27.9500,22035100,RIVN,28.9805,28.7753,31.0208,33.1261,42.4338,44.6620,,61.9385
2022-06-17,26.2400,27.1700,25.5900,26.5450,19308400,RIVN,28.8120,28.5339,30.7436,32.8561,42.1001,44.2972,,61.5833
2022-06-21,29.0700,30.3600,26.9800,26.9800,25618100,RIVN,28.8195,28.5849,30.5254,32.7076,41.7881,43.9957,,61.2598
2022-06-22,28.5600,29.9800,28.2300,28.3500,16135200,RIVN,28.8480,28.5826,30.3206,32.5450,41.5343,43.6901,,60.9344
2022-06-23,29.4700,29.6500,27.7900,28.8600,14175600,RIVN,28.9950,28.6671,30.1200,32.4244,41.2578,43.4085,,60.6213
2022-06-24,29.5000,30.7000,28.8600,29.6800,22063500,RIVN,29.1075,28.7464,29.9470,32.3097,40.8954,43.1331,,60.3117
2022-06-27,28.4400,30.1500,28.0100,29.5700,11869900,RIVN,29.0680,28.7172,29.6928,32.1579,40.4836,42.8421,,59.9945
2022-06-28,26.9900,28.8150,26.8610,28.1100,14406600,RIVN,28.8695,28.5527,29.4208,31.9553,40.1103,42.5282,,59.6661
2022-06-29,26.2700,26.9800,25.6600,26.5300,10857700,RIVN,28.6130,28.3353,29.1816,31.7323,39.7694,42.2063,,59.3338
2022-06-30,25.7400,26.4300,24.8300,25.9300,11633000,RIVN,28.3875,28.0882,28.9134,31.4973,39.4181,41.8802,,58.9996
2022-07-01,25.7000,26.7800,25.2950,25.9100,8544400,RIVN,28.0755,27.8607,28.7028,31.2700,39.0915,41.5598,,58.6682
2022-07-05,26.8600,26.9400,24.4800,25.1800,10455700,RIVN,27.9090,27.7654,28.5648,31.0970,38.7506,41.2687,,58.3517
2022-07-06,29.6600,30.6000,28.0000,28.0000,36729400,RIVN,27.9430,27.9458,28.4858,31.0407,38.4019,41.0388,,58.0662
2022-07-07,31.6300,31.7700,29.6600,30.0000,25560900,RIVN,28.0385,28.2967,28.4404,31.0638,38.0710,40.8525,,57.8032
2022-07-08,31.9900,33.2000,30.5600,31.4250,20009700,RIVN,28.1480,28.6485,28.4666,31.1001,37.8024,40.6770,,57.5463
2022-07-11,29.9300,32.7000,29.4700,32.3500,18678900,RIVN,28.2010,28.7705,28.4408,31.0542,37.4752,40.4642,,57.2716
2022-07-12,30.1500,30.5900,28.9500,29.7300,15862000,RIVN,28.2905,28.9019,28.4002,31.0188,37.1138,40.2600,,57.0017
2022-07-13,30.7600,31.3700,29.3100,29.5000,12542900,RIVN,28.4880,29.0789,28.4106,31.0086,36.7589,40.0718,,56.7406
2022-07-14,30.8300,30.9600,29.4000,30.5400,10947200,RIVN,28.6645,29.2456,28.3924,31.0016,36.4198,39.8888,,56.4828
2022-07-15,31.6000,31.6300,29.9100,31.0500,13762700,RIVN,28.7905,29.4699,28.3846,31.0251,36.0721,39.7247,,56.2352
2022-07-18,31.8000,33.5800,31.7000,32.4500,13577000,RIVN,29.0595,29.6918,28.3422,31.0555,35.7662,39.5678,,55.9920
2022-07-19,31.7100,32.7400,31.5820,32.2200,16245000,RIVN,29.3330,29.8840,28.3622,31.0811,35.5080,39.4122,,55.7504
2022-07-20,32.7400,33.3000,31.7880,31.8900,17831400,RIVN,29.5165,30.1560,28.4412,31.1462,35.1983,39.2801,,55.5215
2022-07-21,34.1300,34.7500,32.7000,32.7800,24446800,RIVN,29.7950,30.5345,28.6682,31.2632,34.9053,39.1781,,55.3086
2022-07-22,32.4800,35.4100,32.0000,35.1200,16935800,RIVN,29.9455,30.7198,28.8620,31.3109,34.5545,39.0454,,55.0815
2022-07-25,32.1700,32.8200,31.2000,32.7000,9878500,RIVN,30.0790,30.8579,29.0934,31.3446,34.2571,38.9093,,54.8535
2022-07-26,31.6900,31.8200,30.8600,31.3340,7838700,RIVN,30.2415,30.9371,29.2412,31.3582,34.0384,38.7663,,54.6230
2022-07-27,32.0100,32.3650,31.0100,32.1700,10371200,RIVN,30.4925,31.0393,29.3474,31.3837,33.8494,38.6325,,54.3980
2022-07-28,33.8450,33.9100,31.9000,32.8000,11384200,RIVN,30.8712,31.3065,29.5271,31.4802,33.7139,38.5377,,54.1935
2022-07-29,34.3000,34.3650,32.9400,33.2750,12381200,RIVN,31.2992,31.5916,29.6633,31.5908,33.6326,38.4538,,53.9956
2022-08-01,34.8100,35.4800,33.8350,34.3000,12399100,RIVN,31.7547,31.8981,29.8137,31.7171,33.5586,38.3817,,53.8047
2022-08-02,35.0100,35.5550,34.0000,34.1800,13829400,RIVN,32.1622,32.1945,29.9217,31.8462,33.4692,38.3149,,53.6176
2022-08-03,36.5900,36.7900,34.4800,35.4400,14243800,RIVN,32.5087,32.6131,30.0751,32.0322,33.4235,38.2808,,53.4482
2022-08-04,36.1800,37.2900,35.6200,36.0000,12410200,RIVN,32.7362,32.9528,30.2389,32.1949,33.4048,38.2392,,53.2764
2022-08-05,35.6700,36.3100,35.1050,36.0900,12314100,RIVN,32.9202,33.2116,30.4217,32.3312,33.4032,38.1883,,53.1012
2022-08-08,38.0900,39.2900,36.0600,36.5600,16294800,RIVN,33.3282,33.6762,30.6385,32.5570,33.4141,38.1863,,52.9518
2022-08-09,36.7000,38.0900,36.2800,37.7400,12904500,RIVN,33.6557,33.9642,30.7879,32.7195,33.3653,38.1569,,52.7901
2022-08-10,37.4000,38.2600,36.7710,38.1900,15370300,RIVN,33.9877,34.2914,30.9167,32.9030,33.3180,38.1419,,52.6370
2022-08-11,38.9500,39.9500,37.7500,38.6050,35949100,RIVN,34.3937,34.7351,31.0677,33.1402,33.2515,38.1579,,52.5008
2022-08-12,38.9000,40.5600,37.3000,39.7300,39044000,RIVN,34.7588,35.1317,31.2407,33.3660,33.2049,38.1726,,52.3655
2022-08-15,37.2800,39.2900,36.4600,37.2400,21310400,RIVN,35.0328,35.3363,31.3475,33.5195,33.1084,38.1549,,52.2154
2022-08-16,38.2300,38.6450,35.8500,36.9600,17280500,RIVN,35.3588,35.6119,31.5083,33.7042,33.0320,38.1564,,52.0762
2022-08-17,36.4200,38.1300,36.2650,37.6500,11716100,RIVN,35.5427,35.6889,31.6571,33.8107,32.9096,38.1220,,51.9204
2022-08-18,35.9000,36.7000,35.0100,36.4600,8882200,RIVN,35.6312,35.7090,31.7807,33.8927,32.8070,38.0780,,51.7610
2022-08-19,34.4500,35.0800,33.7700,34.9600,10999200,RIVN,35.7297,35.5891,31.8737,33.9145,32.6917,38.0062,,51.5888
2022-08-22,33.0600,34.0650,32.9000,33.2500,11006300,RIVN,35.7743,35.3482,31.9575,33.8810,32.4835,37.9082,,51.4044
2022-08-23,32.2100,33.5900,31.9700,33.1800,9766800,RIVN,35.8003,35.0493,32.0345,33.8155,32.2855,37.7954,,51.2134
2022-08-24,32.5600,33.7200,32.4300,32.4700,9434100,RIVN,35.8278,34.8123,32.1495,33.7663,32.1087,37.6917,,51.0278
2022-08-25,32.9000,33.3700,32.5810,32.8900,8968400,RIVN,35.7805,34.6301,32.2615,33.7323,31.9734,37.5969,,50.8474
2022-08-26,32.1100,33.8600,31.4400,32.8200,10728700,RIVN,35.6710,34.3901,32.3221,33.6687,31.8292,37.4882,55.9817,50.6610
2022-08-29,32.3100,33.2600,31.5500,31.6000,8517300,RIVN,35.5460,34.1920,32.4399,33.6154,31.7304,37.3857,55.6396,50.4784
2022-08-30,31.8900,33.0400,31.4450,32.7400,8541000,RIVN,35.3900,33.9728,32.5529,33.5477,31.6483,37.2768,55.1841,50.2934
2022-08-31,32.7100,33.1400,31.7600,32.5500,19332800,RIVN,35.1960,33.8525,32.6257,33.5149,31.5756,37.1864,54.6979,50.1185
2022-09-01,31.9500,32.4300,30.7100,32.2800,10468500,RIVN,34.9845,33.6713,32.6935,33.4535,31.5071,37.0827,54.1109,49.9377
2022-09-02,32.0700,32.5600,30.9000,32.2100,8869500,RIVN,34.8045,33.5188,32.7455,33.3993,31.4328,36.9835,53.4112,49.7599
2022-09-06,33.2200,34.9900,32.0200,32.3900,24795700,RIVN,34.5610,33.4904,32.8199,33.3922,31.3835,36.9089,52.8469,49.5953
2022-09-07,33.2500,34.4000,32.7000,33.2800,15105300,RIVN,34.3885,33.4675,32.9161,33.3866,31.3045,36.8365,52.3963,49.4327
2022-09-08,36.8800,36.9000,34.6000,35.2400,44772000,RIVN,34.3625,33.7925,33.1139,33.5236,31.2674,36.8373,51.9377,49.3078
2022-09-09,37.5500,37.8800,35.2100,36.2800,27096200,RIVN,34.2925,34.1503,33.3395,33.6815,31.2606,36.8515,51.5349,49.1908
2022-09-12,38.7400,38.9900,37.7500,37.8200,20863000,RIVN,34.2845,34.5874,33.5995,33.8799,31.2565,36.8888,51.1293,49.0868
2022-09-13,38.7600,39.5700,36.8500,37.0200,24593700,RIVN,34.3585,34.9848,33.8607,34.0713,31.2818,36.9259,50.7489,48.9841
2022-09-14,40.1000,40.3450,37.7740,38.3000,24685800,RIVN,34.4520,35.4720,34.1255,34.3077,31.3452,36.9888,50.3887,48.8957
2022-09-15,39.6900,40.8600,38.8900,39.8000,24202000,RIVN,34.6155,35.8737,34.3261,34.5188,31.4060,37.0422,49.9883,48.8041
2022-09-16,39.2600,39.8100,38.1700,38.8100,70434800,RIVN,34.7835,36.1962,34.4787,34.7047,31.4595,37.0862,49.5858,48.7091
2022-09-19,37.9400,38.8900,37.0100,38.8200,18345500,RIVN,34.9580,36.3623,34.5977,34.8316,31.5321,37.1031,49.1971,48.6019
2022-09-20,35.7500,38.3400,35.7300,37.7100,17513200,RIVN,35.0925,36.3040,34.7141,34.8676,31.5774,37.0763,48.8220,48.4741
2022-09-21,35.1000,36.6700,34.8400,35.6500,13975000,RIVN,35.2370,36.1893,34.8131,34.8767,31.6066,37.0371,48.4741,48.3410
2022-09-22,33.3300,35.1800,33.1000,34.7580,13544200,RIVN,35.2755,35.9170,34.8645,34.8161,31.6375,36.9637,48.0569,48.1916
2022-09-23,33.5600,33.5830,31.7700,32.7100,16238500,RIVN,35.3085,35.6925,34.9191,34.7668,31.6558,36.8963,47.6438,48.0460
2022-09-26,33.8500,35.0500,33.1800,33.4200,11315900,RIVN,35.3955,35.5170,34.9641,34.7308,31.6743,36.8360,47.2024,47.9048
2022-09-27,33.7900,35.1700,33.1800,34.9200,11482000,RIVN,35.4695,35.3526,35.0039,34.6939,31.6731,36.7757,46.7944,47.7643
2022-09-28,35.0800,35.2500,33.5500,33.8600,11277400,RIVN,35.6290,35.3266,35.0713,34.7091,31.7168,36.7421,46.3965,47.6381
2022-09-29,32.3100,35.7600,32.1400,35.3400,16987900,RIVN,35.6090,35.0393,35.0627,34.6150,31.7520,36.6543,45.9635,47.4856
2022-09-30,32.9100,34.1300,31.6410,31.7500,12381000,RIVN,35.6570,34.8365,35.0383,34.5481,31.8533,36.5802,45.5424,47.3406
2022-10-03,31.8900,32.8500,31.0100,32.7220,13778400,RIVN,35.6480,34.5559,35.0265,34.4439,31.9443,36.4873,45.1268,47.1868
2022-10-04,36.3000,36.3850,33.8000,34.1700,29058700,RIVN,35.8020,34.7220,35.1091,34.5167,32.1013,36.4836,44.7640,47.0785
2022-10-05,36.1300,36.2300,34.6500,36.1700,15778900,RIVN,35.9460,34.8561,35.1979,34.5800,32.2196,36.4766,44.4561,46.9696
2022-10-06,36.7600,37.3900,35.2800,36.4800,17266500,RIVN,35.9400,35.0374,35.2929,34.6654,32.3202,36.4822,44.1900,46.8680
2022-10-07,33.9500,36.0080,33.0100,35.7100,22803600,RIVN,35.7600,34.9339,35.2950,34.6374,32.4111,36.4321,43.8757,46.7394
2022-10-10,31.4800,32.3480,30.1600,32.0000,26171500,RIVN,35.3970,34.6049,35.2386,34.5136,32.4510,36.3340,43.5514,46.5876
2022-10-11,32.3300,33.6850,30.8100,31.4480,20802800,RIVN,35.0755,34.3883,35.1890,34.4279,32.5014,36.2547,43.2288,46.4457
2022-10-12,32.3500,32.9770,31.5650,32.6700,14040200,RIVN,34.6880,34.1941,35.1358,34.3465,32.5288,36.1774,42.8551,46.3055
2022-10-13,32.5000,33.1800,30.3300,30.9500,16135000,RIVN,34.3285,34.0328,35.0540,34.2740,32.5645,36.1046,42.5033,46.1681
2022-10-14,28.7100,33.2500,28.6150,33.0550,22520600,RIVN,33.8010,33.5259,34.9046,34.0558,32.5717,35.9582,42.1501,45.9944
2022-10-17,30.7000,30.8400,29.4000,29.8100,14050600,RIVN,33.4390,33.2567,34.8052,33.9242,32.6134,35.8540,41.7865,45.8422
2022-10-18,31.6400,32.3100,30.9900,32.0960,13668100,RIVN,33.2335,33.1028,34.6762,33.8347,32.6573,35.7706,41.4263,45.7009
2022-10-19,31.5000,31.7600,30.5700,30.9100,10644900,RIVN,33.0535,32.9501,34.5722,33.7431,32.6800,35.6860,41.0702,45.5596
2022-10-20,30.7300,32.1600,30.3700,31.1000,10633200,RIVN,32.9235,32.7387,34.4388,33.6249,32.6777,35.5879,40.7169,45.4120
2022-10-21,31.9200,32.0000,30.0900,30.3900,9941800,RIVN,32.8415,32.6607,34.2982,33.5581,32.6830,35.5153,40.4264,45.2778
2022-10-24,31.3400,31.7900,29.4500,31.4500,11197700,RIVN,32.7160,32.5349,34.1470,33.4711,32.6939,35.4326,40.1465,45.1391
2022-10-25,34.4900,34.7500,31.3250,31.3250,18931400,RIVN,32.7510,32.7211,34.0912,33.5111,32.7194,35.4139,39.8875,45.0331
2022-10-26,34.4400,35.8500,33.9000,34.0000,11335900,RIVN,32.7190,32.8848,34.0154,33.5475,32.7618,35.3946,39.6525,44.9277
2022-10-27,34.5000,35.2200,33.9000,34.3700,8968100,RIVN,32.8285,33.0386,33.9770,33.5848,32.8170,35.3769,39.4073,44.8240
2022-10-28,34.4800,35.0700,34.1000,34.3600,8410900,RIVN,32.9070,33.1759,33.9486,33.6199,32.8647,35.3592,39.1473,44.7211
2022-10-31,34.9700,35.9950,33.9700,34.2800,23372500,RIVN,33.0610,33.3468,33.9590,33.6729,32.9164,35.3514,38.9206,44.6240
2022-11-01,33.4800,36.4460,33.3800,36.1500,10366100,RIVN,32.9200,33.3595,33.9674,33.6653,32.9625,35.3144,38.6882,44.5131
2022-11-02,31.5200,33.7550,31.4600,33.5100,10788300,RIVN,32.6895,33.1843,33.9536,33.5812,32.9941,35.2393,38.4800,44.3839
2022-11-03,32.2400,33.5500,31.0100,31.2800,8075400,RIVN,32.4635,33.0944,33.9472,33.5286,33.0484,35.1799,38.2942,44.2630
2022-11-04,31.9900,33.5000,31.1000,33.4300,8159200,RIVN,32.3655,32.9892,33.9290,33.4683,33.0953,35.1167,38.1291,44.1409
2022-11-07,31.3200,32.9280,31.0100,32.5650,7414000,RIVN,32.3575,32.8302,33.9132,33.3840,33.1177,35.0415,37.9631,44.0133
2022-11-08,31.8500,32.8400,30.3500,31.4500,11768900,RIVN,32.3335,32.7369,33.9040,33.3239,33.1720,34.9783,37.8029,43.8923
2022-11-09,28.0700,31.1500,27.3600,31.0300,28081300,RIVN,32.1195,32.2924,33.8276,33.1178,33.1903,34.8415,37.6452,43.7349
2022-11-10,32.9600,33.5200,31.1300,32.8850,29299900,RIVN,32.1425,32.3560,33.8326,33.1116,33.2292,34.8043,37.5086,43.6277
2022-11-11,34.9000,34.9800,31.9200,33.1850,21051800,RIVN,32.4520,32.5983,33.8916,33.1818,33.2926,34.8062,37.4134,43.5408
2022-11-14,34.3800,35.1500,33.2040,34.3900,12608900,RIVN,32.6360,32.7680,33.9378,33.2288,33.3417,34.7977,37.2997,43.4497
2022-11-15,35.1500,35.7350,33.9200,34.4400,19268200,RIVN,32.8115,32.9948,33.9764,33.3041,33.3982,34.8047,37.1468,43.3671
2022-11-16,33.3200,34.4900,32.8500,34.3550,10069200,RIVN,32.9025,33.0258,33.9778,33.3047,33.4470,34.7753,36.9653,43.2671
2022-11-17,32.0700,32.7550,31.7100,32.2400,7890900,RIVN,32.9695,32.9348,33.8816,33.2563,33.4978,34.7217,36.8040,43.1557
2022-11-18,30.3400,32.6900,29.8100,32.6500,13130200,RIVN,32.8905,32.6876,33.7374,33.1419,33.5385,34.6350,36.6539,43.0282
2022-11-21,28.4200,30.1500,28.4000,29.6800,13508600,RIVN,32.7445,32.2812,33.5310,32.9568,33.5653,34.5119,36.4917,42.8828
2022-11-22,28.9400,29.4700,27.8500,28.5800,10770200,RIVN,32.4670,31.9630,33.3346,32.7992,33.5977,34.4016,36.3446,42.7441
2022-11-23,29.7100,30.1800,28.9500,29.2700,9511300,RIVN,32.2305,31.7484,33.1268,32.6781,33.6262,34.3087,36.1884,42.6144
2022-11-25,29.5300,29.6400,29.1000,29.6400,3907600,RIVN,31.9820,31.5371,32.9236,32.5546,33.6249,34.2140,36.0134,42.4842
2022-11-28,28.6400,29.5600,28.5800,29.1000,7746900,RIVN,31.6900,31.2612,32.7112,32.4011,33.5950,34.1036,35.8330,42.3464
2022-11-29,28.8500,29.4900,28.6650,29.1500,6705700,RIVN,31.3840,31.0316,32.5294,32.2619,33.5636,33.9996,35.6830,42.2122
2022-11-30,32.0400,32.2300,29.0200,29.0500,18375900,RIVN,31.3120,31.1276,32.4552,32.2532,33.5847,33.9608,35.5299,42.1109
2022-12-01,31.4800,32.6000,30.3000,31.9650,12056800,RIVN,31.3100,31.1612,32.3828,32.2228,33.5980,33.9117,35.3559,42.0052
2022-12-02,31.3600,31.6000,30.2500,30.6300,8879100,RIVN,31.2660,31.1801,32.3434,32.1890,33.6040,33.8612,35.1814,41.8992
2022-12-05,29.5300,31.3450,29.4350,31.0100,7560400,RIVN,31.1430,31.0230,32.2628,32.0847,33.5910,33.7754,35.0054,41.7762
2022-12-06,27.8900,29.5400,27.4250,29.5000,13170700,RIVN,30.9715,30.7246,32.1436,31.9202,33.5539,33.6589,34.8130,41.6380
2022-12-07,27.9400,28.2270,27.2700,27.7500,8877300,RIVN,30.7760,30.4594,32.0266,31.7641,33.5153,33.5456,34.6407,41.5017
2022-12-08,28.5800,28.6400,27.5900,28.2600,9582500,RIVN,30.8015,30.2804,31.8966,31.6393,33.4840,33.4473,34.4960,41.3731
2022-12-09,27.2900,29.2750,27.2450,28.3500,11334500,RIVN,30.5180,29.9956,31.7962,31.4687,33.4295,33.3254,34.3139,41.2330
2022-12-12,25.6100,26.9000,25.5200,26.7500,19596900,RIVN,30.0535,29.5779,31.6502,31.2390,33.3443,33.1726,34.1248,41.0775
2022-12-13,24.9600,27.9600,24.6300,27.2000,20597300,RIVN,29.5825,29.1381,31.5116,30.9927,33.2691,33.0099,33.9118,40.9172
2022-12-14,24.5400,25.5800,24.4300,24.9200,14213100,RIVN,29.0520,28.7002,31.2764,30.7397,33.1928,32.8422,33.7249,40.7542
2022-12-15,23.9700,25.0600,23.8600,24.0300,13296000,RIVN,28.5845,28.2497,31.0332,30.4742,33.1156,32.6665,33.5770,40.5872
2022-12-16,22.4800,24.3100,22.3000,23.8900,58554600,RIVN,28.1050,27.7002,30.7476,30.1607,33.0203,32.4648,33.4348,40.4070
2022-12-19,22.0300,22.7400,21.8500,22.5300,18825200,RIVN,27.6895,27.1602,30.5092,29.8419,32.9021,32.2582,33.3080,40.2242
2022-12-20,21.4000,22.4600,21.2900,21.8500,15114700,RIVN,27.3385,26.6116,30.3076,29.5108,32.7731,32.0432,33.2029,40.0369
2022-12-21,21.0300,21.6100,20.7300,21.5750,13435000,RIVN,26.9430,26.0800,30.0816,29.1782,32.6353,31.8251,33.0970,39.8477
2022-12-22,19.7300,20.8100,18.9200,20.6600,24271200,RIVN,26.4440,25.4753,29.8292,28.8077,32.4825,31.5856,32.9759,39.6476
2022-12-23,19.1400,19.7700,18.5220,19.7650,18952000,RIVN,25.9245,24.8719,29.5620,28.4286,32.3080,31.3391,32.8658,39.4435
2022-12-27,17.7400,18.7000,17.6500,18.6500,21663000,RIVN,25.3795,24.1927,29.3426,28.0094,32.1236,31.0699,32.7642,39.2276
2022-12-28,17.7400,18.2600,17.4500,17.7500,20967700,RIVN,24.8240,23.5781,29.0834,27.6067,31.9443,30.8059,32.6738,39.0137
2022-12-29,18.7300,19.0250,18.1400,18.3900,22063000,RIVN,24.1585,23.1164,28.8252,27.2586,31.7507,30.5668,32.5824,38.8119
2022-12-30,18.4300,18.5780,17.9150,18.2500,17181800,RIVN,23.5060,22.6701,28.5638,26.9124,31.5680,30.3264,32.4667,38.6091
2023-01-03,17.3400,18.9900,17.0800,18.9000,25993900,RIVN,22.8050,22.1625,28.2960,26.5370,31.3674,30.0693,32.3427,38.3975
2023-01-04,17.7100,18.0600,16.5600,17.2000,28730200,RIVN,22.2140,21.7384,28.0118,26.1908,31.1550,29.8245,32.2033,38.1916
2023-01-05,16.5600,17.3800,16.5300,17.3500,24201200,RIVN,21.6475,21.2452,27.7162,25.8131,30.9316,29.5619,32.0683,37.9764
2023-01-06,16.4000,16.6550,15.8400,16.0900,22022300,RIVN,21.0705,20.7838,27.3544,25.4440,30.7228,29.3012,31.9156,37.7617
2023-01-09,16.6200,17.2000,16.4700,16.6200,21572200,RIVN,20.4725,20.3872,26.9980,25.0980,30.5067,29.0501,31.7694,37.5513
2023-01-10,16.4500,17.3700,16.0200,16.8200,26468300,RIVN,19.9305,20.0123,26.6370,24.7588,30.3070,28.8006,31.6083,37.3414
2023-01-11,17.0800,17.6950,16.1850,16.5150,33365100,RIVN,19.5040,19.7330,26.2890,24.4577,30.1188,28.5685,31.4629,37.1398
2023-01-12,17.5800,17.7800,16.4800,17.2500,30584200,RIVN,19.1350,19.5279,25.9412,24.1880,29.9501,28.3509,31.3209,36.9451
2023-01-13,16.4500,16.8400,15.8200,16.8200,42771400,RIVN,18.7305,19.2348,25.6006,23.8845,29.7840,28.1153,31.1338,36.7412
2023-01-17,16.9300,17.2800,16.3710,16.6750,25623600,RIVN,18.3785,19.0153,25.3088,23.6118,29.6312,27.8938,30.9584,36.5441
2023-01-18,16.5000,17.7100,16.4600,17.3900,22158100,RIVN,18.0795,18.7757,24.9940,23.3329,29.4706,27.6682,30.7897,36.3446
2023-01-19,15.7900,16.3600,15.2800,16.2320,28441500,RIVN,17.7675,18.4914,24.6700,23.0371,29.2995,27.4330,30.6364,36.1401
2023-01-20,16.2300,16.5100,15.5450,15.9900,23673400,RIVN,17.5090,18.2760,24.3682,22.7702,29.1407,27.2111,30.4849,35.9420
2023-01-23,18.1000,18.3800,16.4400,16.4800,41768300,RIVN,17.3625,18.2593,24.0932,22.5870,28.9986,27.0307,30.3645,35.7645
2023-01-24,18.0500,18.6300,17.6200,17.9300,22660100,RIVN,17.2785,18.2393,23.8928,22.4091,28.8602,26.8529,30.2542,35.5882
2023-01-25,18.6900,18.7650,17.1200,17.4100,26136500,RIVN,17.2560,18.2822,23.6074,22.2633,28.7200,26.6912,30.1478,35.4201
2023-01-26,18.3100,19.8800,18.0100,19.6800,32276700,RIVN,17.2845,18.2849,23.2756,22.1082,28.5836,26.5253,30.0453,35.2498
2023-01-27,19.8300,21.4400,18.1400,18.2200,73907100,RIVN,17.3890,18.4320,22.9846,22.0189,28.4612,26.3927,29.9470,35.0964
2023-01-30,18.0400,19.9490,18.0100,19.8300,34992500,RIVN,17.3545,18.3947,22.6424,21.8628,28.3094,26.2273,29.8464,34.9267
2023-01-31,19.4000,19.4300,17.7720,18.0900,31614400,RIVN,17.4030,18.4904,22.3640,21.7663,28.1709,26.0921,29.7377,34.7722
2023-02-01,19.7100,20.0700,18.2150,19.5000,36443900,RIVN,17.5215,18.6066,22.1168,21.6856,27.9992,25.9657,29.6333,34.6223
2023-02-02,20.8800,22.0900,20.3200,20.4400,39070000,RIVN,17.6800,18.8231,21.9276,21.6540,27.8325,25.8650,29.5465,34.4856
2023-02-03,19.9000,21.3200,19.7450,19.9800,27177300,RIVN,17.8470,18.9257,21.7572,21.5852,27.6441,25.7469,29.4503,34.3404
2023-02-06,20.2200,20.3600,19.6100,19.8000,15772600,RIVN,18.0380,19.0489,21.5828,21.5317,27.4587,25.6374,29.3702,34.1999
2023-02-07,19.9100,20.1900,18.7100,20.1700,28566900,RIVN,18.2025,19.1309,21.3868,21.4681,27.2568,25.5240,29.3010,34.0577
2023-02-08,20.0800,20.3800,19.4500,19.4900,18650900,RIVN,18.3840,19.2213,21.1978,21.4137,27.0607,25.4162,29.2333,33.9187
2023-02-09,19.4200,20.8850,19.2400,20.4900,18834400,RIVN,18.5010,19.2403,21.0134,21.3355,26.8623,25.2975,29.1609,33.7744
2023-02-10,18.8500,19.1600,18.5500,18.9400,17148500,RIVN,18.5645,19.2031,20.8134,21.2380,26.6714,25.1698,29.1018,33.6259
2023-02-13,18.9200,19.0650,18.2800,18.6500,13538600,RIVN,18.6880,19.1761,20.5510,21.1471,26.5031,25.0461,29.0403,33.4796
2023-02-14,19.4900,19.6400,18.1800,18.5700,17274200,RIVN,18.8160,19.2060,20.3112,21.0821,26.3470,24.9360,28.9768,33.3404
2023-02-15,21.1500,21.1500,18.9600,18.9950,27957200,RIVN,19.0485,19.3912,20.1070,21.0848,26.2252,24.8611,28.9314,33.2191
2023-02-16,20.6800,21.6800,20.3200,20.7900,21737700,RIVN,19.2930,19.5139,19.9300,21.0689,26.0964,24.7783,28.8761,33.0943
2023-02-17,20.2200,20.5700,19.5000,20.4000,16589200,RIVN,19.4925,19.5812,19.7766,21.0356,25.9601,24.6880,28.8172,32.9662
2023-02-21,19.0800,19.9300,18.9700,19.6750,13737700,RIVN,19.5415,19.5334,19.5994,20.9589,25.8130,24.5770,28.7430,32.8280
2023-02-22,19.0200,19.5350,18.5720,19.1850,16786900,RIVN,19.5900,19.4845,19.4082,20.8829,25.6524,24.4669,28.6846,32.6906
2023-02-23,18.1800,18.9300,17.5000,18.8900,25995900,RIVN,19.5645,19.3603,19.2260,20.7769,25.5111,24.3424,28.6315,32.5463
2023-02-24,17.3200,17.6300,16.9050,17.5000,20161600,RIVN,19.5150,19.1660,19.0602,20.6413,25.3552,24.2034,28.6042,32.3948
2023-02-27,18.4500,18.6300,17.6000,17.7600,20042500,RIVN,19.4460,19.0978,18.9300,20.5554,25.2208,24.0894,28.5825,32.2560
2023-02-28,19.3000,19.7600,18.5300,18.5300,36331100,RIVN,19.5090,19.1170,18.8252,20.5062,25.0508,23.9946,28.5760,32.1271
2023-03-01,15.7600,17.6800,15.5600,17.6500,87442100,RIVN,19.3270,18.7973,18.6610,20.3201,24.8471,23.8315,28.5333,31.9642
2023-03-02,15.7200,16.1900,15.0800,15.5650,41698200,RIVN,19.1275,18.5042,18.5258,20.1397,24.6367,23.6709,28.4784,31.8026
2023-03-03,16.9200,17.4800,15.7200,16.0200,48011300,RIVN,18.9295,18.3534,18.4236,20.0134,24.4664,23.5372,28.4387,31.6545
2023-03-06,17.1300,17.7400,16.9600,17.1400,32080000,RIVN,18.7910,18.2369,18.3382,19.9003,24.3229,23.4104,28.3869,31.5100
2023-03-07,14.6400,15.9400,14.6100,15.9250,128729000,RIVN,18.5120,17.8943,18.2104,19.6940,24.1460,23.2367,28.3237,31.3421
2023-03-08,15.1300,15.2300,14.2100,14.6550,76217700,RIVN,18.2730,17.6310,18.1184,19.5151,23.9738,23.0762,28.2513,31.1808
2023-03-09,14.5300,15.2600,14.4410,14.8900,40790600,RIVN,17.9955,17.3357,18.0262,19.3196,23.7941,22.9069,28.1793,31.0151
2023-03-10,14.1600,14.9050,14.0000,14.7200,42475700,RIVN,17.7325,17.0332,17.9546,19.1172,23.6486,22.7337,28.1102,30.8474
2023-03-13,13.7300,14.1100,13.1200,13.8010,43513000,RIVN,17.4765,16.7187,17.8744,18.9060,23.4789,22.5554,28.0462,30.6771
2023-03-14,13.2100,14.1100,13.1000,14.0900,36173200,RIVN,17.1910,16.3845,17.7640,18.6826,23.2946,22.3704,27.9760,30.5033
2023-03-15,13.0300,13.3920,12.7950,12.9110,43498100,RIVN,16.8680,16.0650,17.6560,18.4609,23.1099,22.1854,27.8950,30.3294
2023-03-16,13.4600,13.5000,12.9100,13.0800,30325200,RIVN,16.4835,15.8169,17.5784,18.2648,22.9372,22.0126,27.8075,30.1616
2023-03-17,13.0100,13.3200,12.8000,13.2100,36718200,RIVN,16.1000,15.5496,17.4844,18.0587,22.7481,21.8344,27.7155,29.9909
2023-03-20,13.0200,13.0900,12.5800,12.7800,30927600,RIVN,15.7400,15.3087,17.4136,17.8611,22.5649,21.6598,27.6294,29.8220
2023-03-21,13.6100,13.7400,13.1300,13.1800,27341300,RIVN,15.4665,15.1469,17.3578,17.6944,22.3561,21.5004,27.5377,29.6607
2023-03-22,13.2900,13.9490,13.2350,13.8100,23357000,RIVN,15.1800,14.9701,17.2912,17.5217,22.1446,21.3378,27.4532,29.4978
2023-03-23,13.7100,13.9900,13.4100,13.5000,20984200,RIVN,14.9565,14.8501,17.2364,17.3722,21.9367,21.1868,27.3769,29.3407
2023-03-24,13.6200,13.9150,13.2600,13.5900,17770100,RIVN,14.7715,14.7329,17.1672,17.2251,21.7281,21.0369,27.2964,29.1843
2023-03-27,13.3100,13.8400,13.2100,13.8000,16035400,RIVN,14.5145,14.5974,17.0818,17.0715,21.5115,20.8839,27.2139,29.0264
2023-03-28,12.9600,13.4350,12.8800,13.3300,16396700,RIVN,14.1975,14.4414,17.0120,16.9103,21.3063,20.7270,27.1344,28.8665
2023-03-29,14.2400,14.4400,13.1800,13.3200,34237300,RIVN,14.1215,14.4223,16.9582,16.8056,21.1335,20.5986,27.0638,28.7210
2023-03-30,14.4000,14.8400,14.2730,14.5500,24339700,RIVN,14.0555,14.4201,16.9162,16.7113,20.9551,20.4758,27.0017,28.5785
2023-03-31,15.4800,15.6800,14.4100,14.5400,38244700,RIVN,13.9835,14.5211,16.9100,16.6630,20.7900,20.3769,26.9426,28.4481
2023-04-03,15.2300,15.5900,14.6300,15.2800,26714500,RIVN,13.8885,14.5886,16.8900,16.6068,20.6291,20.2750,26.8734,28.3166
2023-04-04,15.3800,15.7950,14.7300,15.2800,21953000,RIVN,13.9255,14.6640,16.8356,16.5587,20.4644,20.1781,26.8182,28.1879
2023-04-05,14.6300,15.1900,14.3800,15.1800,19066500,RIVN,13.9005,14.6607,16.7672,16.4830,20.3300,20.0682,26.7601,28.0530
2023-04-06,14.4700,14.8100,14.3100,14.5700,14752500,RIVN,13.8975,14.6426,16.6828,16.4041,20.1451,19.9573,26.6871,27.9178
2023-04-10,14.8100,14.8450,14.0300,14.3200,14468600,RIVN,13.9300,14.6585,16.6128,16.3416,19.9442,19.8554,26.6184,27.7874
2023-04-11,14.7400,15.0850,14.6500,14.9800,14668600,RIVN,13.9805,14.6663,16.5110,16.2788,19.7478,19.7541,26.5447,27.6576
2023-04-12,14.1900,15.2400,14.1100,15.0600,23278000,RIVN,14.0295,14.6209,16.4340,16.1969,19.5382,19.6439,26.4682,27.5236
2023-04-13,14.3700,14.4850,14.1900,14.4000,13000500,RIVN,14.0965,14.5970,16.3334,16.1252,19.3487,19.5395,26.3978,27.3927
2023-04-14,13.3800,13.9200,13.1610,13.8620,36941100,RIVN,14.0925,14.4811,16.2068,16.0176,19.1618,19.4175,26.3298,27.2533
2023-04-17,13.7300,14.1150,13.3400,13.3900,24478200,RIVN,14.1285,14.4096,16.0638,15.9279,18.9957,19.3049,26.2671,27.1187
2023-04-18,13.4300,13.7300,13.3100,13.7300,19327200,RIVN,14.1490,14.3163,15.9344,15.8299,18.8458,19.1886,26.2055,26.9825
2023-04-19,12.8200,13.0800,12.6600,13.0000,31590500,RIVN,14.1095,14.1738,15.7864,15.7119,18.6846,19.0625,26.1411,26.8416
2023-04-20,12.3500,12.7850,12.0200,12.3200,32712600,RIVN,14.0625,14.0001,15.6352,15.5800,18.5110,18.9295,26.0686,26.6974
2023-04-21,12.2500,12.3800,11.8800,12.3650,20695000,RIVN,13.9895,13.8334,15.4786,15.4494,18.3382,18.7973,25.9815,26.5536
2023-04-24,12.3600,12.4800,12.0800,12.3000,14196600,RIVN,13.9265,13.6931,15.3374,15.3283,18.1754,18.6698,25.8852,26.4124
2023-04-25,12.0000,12.2750,11.9600,12.1900,17876600,RIVN,13.8610,13.5318,15.2004,15.1978,18.0069,18.5377,25.7852,26.2690
2023-04-26,12.0400,12.3300,11.6800,12.1500,22594500,RIVN,13.8150,13.3898,15.0628,15.0739,17.8069,18.4091,25.6958,26.1274
2023-04-27,12.6700,12.7800,12.0800,12.1700,22583400,RIVN,13.7365,13.3212,14.9264,14.9797,17.6188,18.2954,25.6084,25.9935
2023-04-28,12.8200,12.9550,12.4700,12.7000,18185000,RIVN,13.6575,13.2735,14.7598,14.8950,17.4334,18.1870,25.5187,25.8624
2023-05-01,12.6500,12.8300,12.3700,12.8050,12868700,RIVN,13.5160,13.2141,14.5992,14.8069,17.2646,18.0773,25.4278,25.7310
2023-05-02,12.6800,12.8700,12.3500,12.5800,13130200,RIVN,13.3885,13.1632,14.4484,14.7235,17.1125,17.9705,25.3332,25.6011
2023-05-03,12.8100,13.1150,12.5600,12.6800,14620000,RIVN,13.2600,13.1296,14.3230,14.6485,16.9612,17.8683,25.2382,25.4738
2023-05-04,12.9500,13.1500,12.5900,12.8400,13429000,RIVN,13.1760,13.1125,14.2016,14.5819,16.8049,17.7709,25.1444,25.3492
2023-05-05,13.4100,13.6300,13.0950,13.1400,16793100,RIVN,13.1230,13.1408,14.1062,14.5359,16.6661,17.6845,25.0478,25.2304
2023-05-08,13.8700,14.0150,13.2300,13.4300,23002500,RIVN,13.0760,13.2103,14.0372,14.5098,16.5487,17.6090,24.9465,25.1174
2023-05-09,13.8600,14.0850,13.1200,13.3500,34103300,RIVN,13.0320,13.2721,13.9454,14.4843,16.4377,17.5348,24.8534,25.0054
2023-05-10,14.1100,15.7400,14.0450,15.0850,66713400,RIVN,13.0280,13.3519,13.8416,14.4696,16.3334,17.4669,24.7631,24.8969
2023-05-11,13.8400,14.5750,13.7200,14.2100,26179600,RIVN,13.0015,13.3984,13.8032,14.4449,16.2321,17.3951,24.6738,24.7869
2023-05-12,12.9100,13.9700,12.7350,13.8000,31065600,RIVN,12.9780,13.3519,13.7470,14.3848,16.1364,17.3063,24.5783,24.6687
2023-05-15,13.4400,13.5400,12.5500,12.5900,22534000,RIVN,12.9635,13.3603,13.6774,14.3477,16.0505,17.2297,24.4763,24.5570
2023-05-16,13.0800,13.3300,12.9300,13.2200,13799400,RIVN,12.9460,13.3336,13.5964,14.2980,15.9673,17.1476,24.3702,24.4428
2023-05-17,13.4100,13.4550,13.0000,13.0800,16167300,RIVN,12.9755,13.3409,13.5718,14.2632,15.8911,17.0736,24.2632,24.3330
2023-05-18,13.5400,13.5600,13.0500,13.4000,13853200,RIVN,13.0350,13.3598,13.5400,14.2348,15.8292,17.0036,24.1559,24.2256
2023-05-19,13.4700,14.3000,13.2900,13.5200,24278000,RIVN,13.0960,13.3703,13.5188,14.2048,15.7725,16.9336,24.0403,24.1186
2023-05-22,14.2300,14.3600,13.3800,13.4700,20291000,RIVN,13.1895,13.4522,13.5202,14.2058,15.7374,16.8801,23.9305,24.0202
2023-05-23,14.2000,14.7600,14.0000,14.0400,18444200,RIVN,13.2995,13.5234,13.5296,14.2056,15.7020,16.8270,23.8232,23.9225
2023-05-24,14.3800,14.4200,13.6000,13.9500,19055900,RIVN,13.4165,13.6050,13.5530,14.2124,15.6585,16.7786,23.7046,23.8276
2023-05-25,14.5700,14.6600,14.1400,14.2700,16133200,RIVN,13.5115,13.6969,13.5838,14.2264,15.6199,16.7348,23.5940,23.7355
2023-05-26,15.1400,15.4600,14.6500,14.6500,26601700,RIVN,13.6275,13.8343,13.6174,14.2623,15.5979,16.7032,23.4827,23.6499
2023-05-30,14.8700,15.6600,14.4350,15.6000,29933800,RIVN,13.7385,13.9330,13.6546,14.2861,15.5695,16.6669,23.3623,23.5626
2023-05-31,14.7300,15.0100,14.3800,14.7500,49316900,RIVN,13.8410,14.0089,13.6888,14.3035,15.5512,16.6286,23.2414,23.4747
2023-06-01,14.5800,14.9400,14.0200,14.4300,25361800,RIVN,13.9295,14.0633,13.7082,14.3143,15.5330,16.5880,23.1279,23.3862
2023-06-02,14.4800,15.0700,14.4500,15.0000,20138900,RIVN,14.0060,14.1030,13.7320,14.3208,15.5116,16.5463,23.0092,23.2976
2023-06-05,14.3400,14.6700,14.0250,14.5900,17602000,RIVN,14.0525,14.1255,13.7446,14.3216,15.4905,16.5026,22.8988,23.2084
2023-06-06,14.5000,14.9200,14.1100,14.2000,22214400,RIVN,14.0840,14.1612,13.7622,14.3286,15.4647,16.4629,22.7918,23.1218
2023-06-07,13.8200,14.7550,13.8100,14.7000,30942800,RIVN,14.0820,14.1287,13.7724,14.3086,15.4271,16.4106,22.6886,23.0292
2023-06-08,14.0500,14.1650,13.6500,13.8500,17716700,RIVN,14.0790,14.1212,13.7942,14.2985,15.4031,16.3639,22.5935,22.9399
2023-06-09,13.8700,14.8600,13.8300,14.2600,25896700,RIVN,14.0805,14.0973,13.7868,14.2817,15.3725,16.3145,22.5018,22.8496
2023-06-12,14.0000,14.6900,13.6100,14.0300,33762000,RIVN,14.1350,14.0880,13.7788,14.2707,15.3475,16.2686,22.4090,22.7616
2023-06-13,15.2500,15.4600,14.0950,14.2200,46597700,RIVN,14.2255,14.1987,13.7742,14.3091,15.3421,16.2485,22.3208,22.6868
2023-06-14,14.7400,15.3900,14.5200,15.1700,34759600,RIVN,14.3085,14.2502,13.7644,14.3260,15.3272,16.2186,22.2339,22.6078
2023-06-15,15.2400,15.5750,14.3900,14.4800,33097500,RIVN,14.4000,14.3445,13.7616,14.3618,15.2986,16.1992,22.1486,22.5344
2023-06-16,14.8800,16.0900,14.7300,15.3000,92230400,RIVN,14.4670,14.3955,13.7666,14.3821,15.2669,16.1731,22.0635,22.4583
2023-06-20,15.7000,15.8300,15.0600,15.2400,39557100,RIVN,14.5785,14.5197,13.7912,14.4338,15.2370,16.1637,21.9785,22.3910
2023-06-21,14.6200,16.3200,14.4100,15.9500,49422000,RIVN,14.5980,14.5293,13.7874,14.4411,15.2001,16.1332,21.8918,22.3137
2023-06-22,14.1500,14.6500,14.0200,14.4000,25705600,RIVN,14.5955,14.4932,13.7756,14.4297,15.1433,16.0939,21.8022,22.2325
2023-06-23,13.5300,14.0200,13.5000,13.9600,23978200,RIVN,14.5530,14.4014,13.7624,14.3944,15.0982,16.0431,21.7038,22.1459
2023-06-26,13.4500,13.9700,13.3800,13.5900,21634500,RIVN,14.4970,14.3108,13.7440,14.3574,15.0387,15.9918,21.6048,22.0594
2023-06-27,13.9400,13.9500,13.3000,13.7200,27593800,RIVN,14.4370,14.2755,13.7552,14.3410,14.9810,15.9511,21.4901,21.9786
2023-06-28,14.6400,14.8700,13.8200,13.9000,32296400,RIVN,14.4255,14.3102,13.7734,14.3527,14.9186,15.9252,21.3755,21.9055
2023-06-29,16.0100,16.0100,14.6100,14.7400,48833700,RIVN,14.4895,14.4721,13.8250,14.4177,14.8797,15.9269,21.2619,21.8469
2023-06-30,16.6600,16.7500,15.7800,16.2200,40422800,RIVN,14.5935,14.6805,13.9018,14.5057,14.8441,15.9414,21.1514,21.7953
2023-07-03,19.5600,19.7000,17.8000,17.8400,79984800,RIVN,14.8475,15.1452,14.0460,14.7039,14.8406,16.0130,21.0487,21.7730
2023-07-05,20.4300,21.0500,19.4350,20.7050,118923400,RIVN,15.1520,15.6485,14.2096,14.9284,14.8441,16.1005,20.9524,21.7597
2023-07-06,21.6200,21.7700,19.6400,20.0500,98775300,RIVN,15.5080,16.2172,14.3948,15.1908,14.8661,16.2098,20.8642,21.7583
2023-07-07,24.7000,25.6300,22.6000,22.8900,232047300,RIVN,16.0520,17.0251,14.6488,15.5637,14.9246,16.3779,20.7980,21.7876
2023-07-10,25.5100,26.6100,23.5800,25.5200,174169400,RIVN,16.6250,17.8332,14.9182,15.9538,14.9905,16.5587,20.7468,21.8246
2023-07-11,24.8500,25.7400,24.3100,24.8100,94875300,RIVN,17.1740,18.5015,15.1618,16.3027,15.0441,16.7229,20.6956,21.8547
2023-07-12,25.9100,26.2610,23.7100,25.4100,107585800,RIVN,17.7695,19.2070,15.4236,16.6794,15.0917,16.9049,20.6585,21.8950
2023-07-13,25.5200,26.8900,25.1800,25.8200,100021300,RIVN,18.2830,19.8083,15.6810,17.0261,15.1401,17.0755,20.6182,21.9311
2023-07-14,24.8200,25.7900,24.5400,25.3500,55642100,RIVN,18.7870,20.2856,15.9238,17.3318,15.1861,17.2288,20.5731,21.9599
2023-07-17,23.9900,24.5800,23.2400,24.0100,67076000,RIVN,19.2245,20.6384,16.1474,17.5929,15.2352,17.3627,20.5241,21.9801
2023-07-18,24.6900,25.8300,23.7400,23.8900,66356400,RIVN,19.7150,21.0242,16.3822,17.8712,15.2919,17.5078,20.4721,22.0070
2023-07-19,24.8300,26.0300,24.6450,25.3800,56565000,RIVN,20.1715,21.3867,16.6106,18.1441,15.3584,17.6528,20.4347,22.0351
2023-07-20,25.8100,26.1400,23.8500,24.4500,79330300,RIVN,20.7310,21.8080,16.8494,18.4447,15.4433,17.8143,20.3992,22.0727
2023-07-21,25.2700,27.1600,24.3200,26.5000,80944800,RIVN,21.2870,22.1377,17.0776,18.7124,15.5115,17.9619,20.3661,22.1045
2023-07-24,25.8100,26.3700,24.7410,25.2900,59564500,RIVN,21.9010,22.4874,17.3116,18.9907,15.5766,18.1174,20.3137,22.1414
2023-07-25,25.3500,26.5600,25.1900,25.9800,45926600,RIVN,22.4960,22.7601,17.5418,19.2401,15.6725,18.2606,20.2598,22.1733
2023-07-26,27.1500,27.6200,25.4500,25.5000,73715900,RIVN,23.1565,23.1781,17.8266,19.5503,15.7868,18.4366,20.2117,22.2228
2023-07-27,26.0500,28.0600,25.8850,28.0400,66937600,RIVN,23.7270,23.4517,18.0788,19.8052,15.8781,18.5874,20.1722,22.2609
2023-07-28,26.9400,27.4700,26.3300,26.6600,48754300,RIVN,24.2735,23.7839,18.3560,20.0850,15.9762,18.7528,20.1495,22.3074
2023-07-31,27.6400,27.7800,26.6100,27.0100,37941600,RIVN,24.8225,24.1511,18.6406,20.3812,16.1062,18.9287,20.1261,22.3605
2023-08-01,27.3000,27.6350,26.3500,27.1900,40142600,RIVN,25.2095,24.4510,18.9158,20.6526,16.2279,19.0945,20.1008,22.4097
2023-08-02,25.9100,26.4800,24.8400,26.4200,48226700,RIVN,25.4835,24.5900,19.1646,20.8587,16.3417,19.2295,20.0679,22.4445
2023-08-03,26.5000,27.0100,25.3500,25.3700,31646800,RIVN,25.7275,24.7719,19.4100,21.0800,16.4651,19.3734,20.0568,22.4848
2023-08-04,25.2600,26.8300,25.1800,26.8300,33547700,RIVN,25.7555,24.8184,19.6312,21.2439,16.5804,19.4900,20.0296,22.5125
2023-08-07,24.2800,25.7400,23.6300,25.6900,38325800,RIVN,25.6940,24.7671,19.8292,21.3629,16.6911,19.5849,19.9928,22.5300
2023-08-08,24.8000,25.2490,23.6000,23.7800,57613400,RIVN,25.6915,24.7702,20.0338,21.4977,16.8088,19.6881,19.9593,22.5526
2023-08-09,22.3500,25.7300,22.2600,24.8300,84645900,RIVN,25.5135,24.5397,20.1780,21.5312,16.8977,19.7408,19.9174,22.5506
2023-08-10,21.9100,22.9000,21.5100,22.6600,50575800,RIVN,25.3330,24.2893,20.3188,21.5460,16.9867,19.7838,19.8674,22.5442
2023-08-11,21.5700,21.9800,21.2800,21.9800,31238900,RIVN,25.1705,24.0303,20.4556,21.5470,17.0722,19.8192,19.8185,22.5345
2023-08-14,21.5600,21.8000,20.5200,20.9000,33997000,RIVN,25.0490,23.7950,20.5952,21.5475,17.1517,19.8536,19.7539,22.5248
2023-08-15,20.7800,21.8600,20.4500,21.6600,31758200,RIVN,24.8535,23.5079,20.7212,21.5174,17.2266,19.8720,19.6856,22.5075
2023-08-16,21.0400,21.4500,20.2000,20.3750,32188400,RIVN,24.6640,23.2729,20.8552,21.4986,17.2999,19.8951,19.6183,22.4929
2023-08-17,20.9500,21.8000,20.6600,21.0600,34911600,RIVN,24.4210,23.0516,20.9842,21.4771,17.3732,19.9160,19.5506,22.4775
2023-08-18,20.7800,21.1700,20.1800,20.2500,25944000,RIVN,24.1965,22.8353,21.1234,21.4498,17.4479,19.9331,19.4797,22.4606
2023-08-21,21.1800,21.3200,20.7400,20.8600,21257500,RIVN,23.9650,22.6776,21.2660,21.4392,17.5301,19.9578,19.4182,22.4479
2023-08-22,20.0800,21.4700,19.7700,21.3800,30440100,RIVN,23.7015,22.4302,21.3902,21.3859,17.5885,19.9602,19.3610,22.4243
2023-08-23,20.3200,20.4900,19.6100,19.7600,17583100,RIVN,23.3600,22.2293,21.5166,21.3441,17.6477,19.9673,19.3014,22.4034
2023-08-24,19.6400,20.2650,19.4800,20.2000,18934000,RIVN,23.0395,21.9827,21.6044,21.2773,17.6893,19.9609,19.2396,22.3759
2023-08-25,20.0700,20.3250,19.5700,19.9200,17059400,RIVN,22.6960,21.8005,21.7110,21.2299,17.7377,19.9630,19.1834,22.3530
2023-08-28,20.5300,20.7400,19.9800,20.3000,14795200,RIVN,22.3405,21.6795,21.8168,21.2025,17.7892,19.9743,19.1268,22.3348
2023-08-29,22.3100,22.3300,20.3520,20.3800,33698400,RIVN,22.0910,21.7396,21.9654,21.2459,17.8660,20.0205,19.0980,22.3346
2023-08-30,22.8800,22.9200,21.9800,22.0900,22796300,RIVN,21.9395,21.8482,22.1090,21.3100,17.9501,20.0771,19.0476,22.3400
2023-08-31,22.7300,23.4550,22.3650,23.0300,26642500,RIVN,21.7510,21.9322,22.2712,21.3657,18.0293,20.1297,18.9867,22.3439
2023-09-01,23.3100,23.7550,22.4600,23.0000,26403000,RIVN,21.6535,22.0634,22.4544,21.4419,18.1150,20.1926,18.9314,22.3535
2023-09-05,23.3900,23.7100,23.1200,23.1700,18911800,RIVN,21.6090,22.1897,22.6516,21.5183,18.2070,20.2560,18.8726,22.3638
2023-09-06,23.2600,23.4200,22.5010,23.2500,18103700,RIVN,21.5320,22.2917,22.8478,21.5866,18.2959,20.3154,18.8223,22.3727
2023-09-07,23.4200,23.4900,22.4300,22.4900,18546400,RIVN,21.5855,22.3991,23.0374,21.6585,18.3963,20.3769,18.7790,22.3831
2023-09-08,23.1000,23.7400,22.7600,23.4000,19056000,RIVN,21.6450,22.4659,23.2066,21.7151,18.4900,20.4308,18.7428,22.3903
2023-09-11,23.4100,23.9500,22.8900,23.5000,26320100,RIVN,21.7370,22.5558,23.3546,21.7815,18.5898,20.4898,18.7178,22.4004
2023-09-12,23.5800,24.4600,23.0600,23.2100,23942100,RIVN,21.8380,22.6533,23.4930,21.8521,18.6974,20.5510,18.6910,22.4122
2023-09-13,23.2500,23.7600,23.2050,23.5900,15641900,RIVN,21.9615,22.7102,23.5668,21.9069,18.8064,20.6045,18.6587,22.4205
2023-09-14,24.1100,24.1700,23.1900,23.2500,21598400,RIVN,22.1150,22.8435,23.6404,21.9933,18.9250,20.6739,18.6316,22.4373
2023-09-15,24.1800,24.6200,23.6800,24.2400,38433200,RIVN,22.2765,22.9708,23.6916,22.0790,19.0432,20.7433,18.6093,22.4546
2023-09-18,23.7100,24.4210,23.4100,24.0300,20517500,RIVN,22.4230,23.0412,23.6718,22.1430,19.1603,20.8021,18.5836,22.4671
2023-09-19,22.7400,23.5100,21.8100,23.5000,33672800,RIVN,22.5010,23.0125,23.6164,22.1664,19.2673,20.8404,18.5371,22.4699
2023-09-20,22.4000,23.4200,22.3800,22.9600,19550800,RIVN,22.6170,22.9542,23.5674,22.1756,19.3646,20.8713,18.4917,22.4692
2023-09-21,21.5300,22.2000,21.5200,21.8000,20032800,RIVN,22.6775,22.8185,23.4798,22.1502,19.4517,20.8844,18.4425,22.4598
2023-09-22,20.5900,21.9300,20.5800,21.6000,24225700,RIVN,22.7250,22.6063,23.3812,22.0891,19.5311,20.8785,18.3978,22.4412
2023-09-25,21.1300,21.6700,20.0300,20.4000,24477000,RIVN,22.7780,22.4657,23.3074,22.0514,19.6156,20.8835,18.3640,22.4282
2023-09-26,22.2600,22.6700,21.1000,21.5000,37062100,RIVN,22.8645,22.4461,23.2728,22.0596,19.7101,20.9108,18.3356,22.4265
2023-09-27,23.0500,23.3300,21.9900,22.6400,31254100,RIVN,22.9015,22.5036,23.2400,22.0985,19.8111,20.9531,18.3080,22.4327
2023-09-28,23.0800,23.2400,22.2300,23.0200,23054300,RIVN,22.9115,22.5585,23.2050,22.1370,19.9078,20.9952,18.2869,22.4391
2023-09-29,24.2800,24.5000,23.3900,23.4500,35885800,RIVN,22.9890,22.7225,23.1744,22.2210,20.0119,21.0603,18.2803,22.4575
2023-10-02,23.6600,24.8700,23.3700,23.9300,49561600,RIVN,23.0065,22.8117,23.1422,22.2774,20.1099,21.1118,18.2738,22.4694
2023-10-03,21.6900,23.4200,21.5600,23.1800,42257500,RIVN,22.9215,22.7049,23.0598,22.2544,20.1857,21.1232,18.2595,22.4617
2023-10-04,23.6900,23.7400,21.5830,21.7300,48606000,RIVN,22.9430,22.7987,23.0266,22.3107,20.2842,21.1740,18.2581,22.4739
2023-10-05,18.2700,21.3900,18.0100,21.2000,189851600,RIVN,22.6855,22.3674,22.8490,22.1522,20.3378,21.1165,18.2371,22.4321
2023-10-06,18.9200,19.0000,17.6500,17.7250,120814400,RIVN,22.4765,22.0391,22.7064,22.0255,20.3926,21.0730,18.2215,22.3971
2023-10-09,18.7800,18.9700,17.7880,18.3000,51715300,RIVN,22.2450,21.7287,22.5432,21.8982,20.4496,21.0276,18.2084,22.3611
2023-10-10,19.6400,19.9800,19.1100,19.3500,54126000,RIVN,22.0480,21.5298,22.3832,21.8096,20.5119,21.0002,18.2015,22.3340
2023-10-11,19.3700,20.1900,19.1000,19.8200,41638100,RIVN,21.8540,21.3241,22.2246,21.7140,20.5702,20.9679,18.1997,22.3045
2023-10-12,19.3300,19.8900,18.7200,19.3600,37700400,RIVN,21.6150,21.1342,22.0930,21.6205,20.6288,20.9354,18.2006,22.2750
2023-10-13,19.3000,19.4650,18.7800,19.2700,29307500,RIVN,21.3710,20.9595,21.9490,21.5295,20.6795,20.9031,18.2084,22.2453
2023-10-16,19.6600,19.7900,19.1300,19.2000,21031100,RIVN,21.1685,20.8357,21.8370,21.4562,20.7341,20.8784,18.2180,22.2196
2023-10-17,19.9000,20.2200,19.2100,19.2800,34080300,RIVN,21.0265,20.7466,21.7494,21.3951,20.7893,20.8591,18.2239,22.1965
2023-10-18,18.0900,19.7300,17.9000,19.7100,45912200,RIVN,20.8110,20.4936,21.6152,21.2655,20.8245,20.8042,18.2222,22.1557
2023-10-19,17.1600,17.9900,17.0700,17.8000,41423000,RIVN,20.5925,20.1761,21.5114,21.1045,20.8447,20.7321,18.2213,22.1060
2023-10-20,16.7200,17.3900,16.6220,17.0200,30832900,RIVN,20.3990,19.8470,21.4076,20.9326,20.8632,20.6526,18.2163,22.0524
2023-10-23,17.0700,17.6500,16.0900,16.5500,30193300,RIVN,20.1960,19.5825,21.3176,20.7811,20.8866,20.5817,18.2189,22.0028
2023-10-24,17.4300,17.6500,16.9900,17.3000,23001800,RIVN,19.9545,19.3775,21.2350,20.6497,20.9151,20.5193,18.2240,21.9573
2023-10-25,17.0200,17.6000,16.9600,17.3100,21207200,RIVN,19.6530,19.1530,21.1598,20.5074,20.9405,20.4500,18.2260,21.9082
2023-10-26,16.1700,17.0100,15.8800,16.9500,29444900,RIVN,19.3075,18.8689,21.0624,20.3373,20.9588,20.3652,18.2246,21.8511
2023-10-27,16.0100,16.8100,15.9300,16.7100,23930300,RIVN,18.8940,18.5966,20.9636,20.1676,20.9739,20.2790,18.2193,21.7930
2023-10-30,15.7200,16.2500,15.2900,16.0600,28495600,RIVN,18.4970,18.3226,20.8624,19.9932,20.9929,20.1887,18.2100,21.7325
2023-10-31,16.2200,16.4300,15.4500,15.7100,42227100,RIVN,18.2235,18.1224,20.7632,19.8452,21.0146,20.1101,18.2088,21.6777
2023-11-01,16.1300,16.2990,15.8900,16.2500,18125400,RIVN,17.8455,17.9326,20.6842,19.6995,21.0372,20.0313,18.2048,21.6225
2023-11-02,17.5900,17.9000,16.6200,16.6800,42818700,RIVN,17.8115,17.9000,20.6296,19.6168,21.0731,19.9830,18.2103,21.5824
2023-11-03,17.7100,18.4350,17.6300,17.9500,31536000,RIVN,17.7510,17.8819,20.5910,19.5420,21.0977,19.9380,18.2199,21.5438
2023-11-06,17.1800,18.1500,16.8850,18.0100,29082900,RIVN,17.6710,17.8151,20.5332,19.4494,21.1221,19.8833,18.2246,21.5004
2023-11-07,17.4200,17.5300,16.7600,17.1300,45393300,RIVN,17.5600,17.7774,20.4710,19.3698,21.1439,19.8346,18.2212,21.4598
2023-11-08,17.0000,18.7700,16.3300,18.5800,121273500,RIVN,17.4415,17.7034,20.3648,19.2769,21.1651,19.7784,18.2160,21.4154
2023-11-09,15.3300,17.3700,15.3250,16.8800,67877300,RIVN,17.2415,17.4774,20.2138,19.1221,21.1614,19.6903,18.1992,21.3549
2023-11-10,15.4000,15.7600,15.1200,15.4200,48589600,RIVN,17.0465,17.2795,20.0672,18.9761,21.1692,19.6054,18.1846,21.2956
2023-11-13,16.1900,16.3800,15.2800,15.3500,38041900,RIVN,16.8730,17.1758,19.9248,18.8668,21.1896,19.5378,18.1664,21.2448
2023-11-14,16.9000,17.2180,16.5700,16.8500,43215600,RIVN,16.7230,17.1495,19.7950,18.7897,21.2233,19.4855,18.1607,21.2016
2023-11-15,17.2400,17.7500,16.2500,16.5700,52207500,RIVN,16.6805,17.1581,19.6746,18.7289,21.2612,19.4411,18.1499,21.1622
2023-11-16,16.3900,17.1500,15.9300,17.0800,36672200,RIVN,16.6420,17.0850,19.5340,18.6372,21.2857,19.3806,18.1333,21.1147
2023-11-17,16.7000,16.9500,16.3000,16.4800,30199500,RIVN,16.6410,17.0483,19.4060,18.5613,21.3063,19.3276,18.1124,21.0708
2023-11-20,16.9300,17.1600,16.7300,16.8900,23589900,RIVN,16.6340,17.0370,19.2764,18.4973,21.3155,19.2801,18.0976,21.0296
2023-11-21,15.7200,16.9900,15.7150,16.7000,38697300,RIVN,16.5485,16.9116,19.1192,18.3884,21.3061,19.2096,18.0751,20.9767
2023-11-22,15.9800,16.1400,15.7300,15.9680,20168300,RIVN,16.4965,16.8229,18.9738,18.2939,21.2703,19.1456,18.0554,20.9270
2023-11-24,16.4300,16.4700,15.7800,15.9800,15188400,RIVN,16.5095,16.7855,18.8202,18.2208,21.2303,19.0919,18.0372,20.8823
2023-11-27,16.6600,16.7700,16.1000,16.3800,24763900,RIVN,16.5420,16.7735,18.6698,18.1596,21.1807,19.0437,18.0234,20.8402
2023-11-28,17.4200,17.4300,16.1700,16.7100,37881900,RIVN,16.6270,16.8351,18.5440,18.1306,21.1079,19.0116,18.0162,20.8062
2023-11-29,17.3200,18.2700,17.2600,17.7000,47888100,RIVN,16.6820,16.8813,18.4356,18.0988,21.0260,18.9781,18.0082,20.7715
2023-11-30,16.7600,17.5900,16.6900,17.5000,28376600,RIVN,16.7135,16.8697,18.3228,18.0463,20.9451,18.9341,17.9946,20.7316
2023-12-01,18.0300,18.0850,16.6200,16.8050,39709100,RIVN,16.7355,16.9802,18.2528,18.0457,20.8663,18.9162,17.9790,20.7047
2023-12-04,17.7400,18.2500,17.5100,17.7600,31666400,RIVN,16.7370,17.0526,18.1958,18.0337,20.7885,18.8929,17.9643,20.6752
2023-12-05,17.4100,18.0200,17.2910,17.6000,23840400,RIVN,16.7485,17.0866,18.1214,18.0092,20.7144,18.8636,17.9502,20.6427
2023-12-06,18.3800,19.4200,17.4000,17.6500,59282800,RIVN,16.7965,17.2098,18.0438,18.0238,20.6583,18.8540,17.9467,20.6202
2023-12-07,19.1900,19.2300,18.3000,18.9500,37583000,RIVN,16.9060,17.3984,17.9666,18.0695,20.6033,18.8607,17.9476,20.6060
2023-12-08,19.0400,19.5500,18.6200,19.0400,34974800,RIVN,17.0915,17.5547,17.8858,18.1076,20.5454,18.8642,17.9519,20.5904
2023-12-11,18.9500,19.2900,18.7700,19.1100,17753000,RIVN,17.2690,17.6876,17.7792,18.1406,20.4768,18.8659,17.9600,20.5741
2023-12-12,18.2100,18.9100,17.7500,18.9100,33865500,RIVN,17.3700,17.7374,17.6702,18.1433,20.4062,18.8529,17.9588,20.5506
2023-12-13,19.6800,19.6900,17.9400,18.1000,46247700,RIVN,17.5090,17.9224,17.6300,18.2036,20.3449,18.8693,17.9607,20.5419
2023-12-14,22.4300,22.5350,20.3000,20.3150,82961200,RIVN,17.7685,18.3517,17.6048,18.3693,20.3157,18.9398,17.9941,20.5607
2023-12-15,22.8300,22.9950,21.6500,22.7500,59197300,RIVN,18.0905,18.7782,17.6960,18.5443,20.2725,19.0168,18.0296,20.5833
2023-12-18,23.8000,24.1700,22.5200,22.6000,46402300,RIVN,18.4455,19.2565,17.7936,18.7504,20.2500,19.1115,18.0640,20.6153
2023-12-19,24.3500,24.5200,23.8200,23.9600,37545500,RIVN,18.8165,19.7416,17.9050,18.9700,20.2241,19.2153,18.1001,20.6524
2023-12-20,23.1800,24.5650,23.1500,24.0500,38421000,RIVN,19.1895,20.0690,17.9758,19.1351,20.1795,19.2938,18.1428,20.6776
2023-12-21,23.5800,24.1200,23.4000,23.5400,27720800,RIVN,19.5695,20.4034,18.0600,19.3094,20.1423,19.3787,18.1851,20.7065
2023-12-22,23.2100,23.7870,22.8000,23.7300,23996800,RIVN,19.9085,20.6707,18.1376,19.4623,20.1153,19.4545,18.2285,20.7314
2023-12-26,23.5900,24.6150,23.3100,23.4700,30450100,RIVN,20.2550,20.9487,18.2234,19.6242,20.0862,19.5364,18.2756,20.7598
2023-12-27,23.7300,23.8200,23.1400,23.8000,22593300,RIVN,20.5705,21.2136,18.3048,19.7852,20.0709,19.6195,18.3256,20.7894
2023-12-28,23.5400,24.3000,23.5000,23.6800,25289500,RIVN,20.8815,21.4352,18.3776,19.9325,20.0635,19.6971,18.3773,20.8167
2023-12-29,23.4600,23.9300,23.1000,23.6000,21364500,RIVN,21.2165,21.6280,18.4850,20.0708,20.0501,19.7716,18.4294,20.8430
2024-01-02,21.1000,21.9400,20.7600,21.8550,49626300,RIVN,21.3700,21.5777,18.5638,20.1112,20.0376,19.7979,18.4676,20.8456
2024-01-03,20.3200,20.6600,19.6600,20.5300,35634500,RIVN,21.4990,21.4579,18.6358,20.1193,20.0217,19.8083,18.5042,20.8404
2024-01-04,19.5000,20.2950,19.4750,19.9200,28453000,RIVN,21.6035,21.2715,18.6844,20.0951,20.0010,19.8022,18.5366,20.8270
2024-01-05,19.0800,19.9000,19.0000,19.3800,27468400,RIVN,21.6385,21.0628,18.7174,20.0553,19.9762,19.7879,18.5639,20.8097
2024-01-08,19.5800,19.5800,18.8900,19.0600,18745500,RIVN,21.6580,20.9215,18.7686,20.0366,19.9642,19.7837,18.5954,20.7974
2024-01-09,19.2500,19.7590,19.1600,19.5800,18403000,RIVN,21.6685,20.7623,18.8302,20.0058,19.9463,19.7732,18.6231,20.7820
2024-01-10,19.0700,19.3900,18.8800,19.2900,14916700,RIVN,21.6745,20.6012,18.8914,19.9691,19.9275,19.7592,18.6503,20.7650
2024-01-11,18.7900,19.1200,18.2810,18.8800,22677600,RIVN,21.7035,20.4287,18.9528,19.9228,19.9076,19.7400,18.6777,20.7453
2024-01-12,18.0600,18.8650,17.7800,18.4450,29742200,RIVN,21.6225,20.2031,18.9896,19.8498,19.8764,19.7068,18.7032,20.7186
2024-01-16,17.8200,18.0200,17.0750,17.7200,21092800,RIVN,21.3920,19.9761,19.0234,19.7702,19.8538,19.6694,18.7211,20.6898
2024-01-17,16.7600,17.1600,16.2800,17.0500,45224100,RIVN,21.0885,19.6698,19.0068,19.6521,19.8182,19.6118,18.7329,20.6507
2024-01-18,15.7400,17.0100,15.3600,17.0000,54757100,RIVN,20.6855,19.2956,18.9674,19.4987,19.7792,19.5351,18.7342,20.6018
2024-01-19,15.4800,15.8600,15.1600,15.7400,38881400,RIVN,20.2420,18.9322,18.9334,19.3411,19.7333,19.4548,18.7355,20.5508
2024-01-22,16.0300,16.8100,15.4200,15.5400,35812400,RIVN,19.8845,18.6558,18.9056,19.2113,19.6883,19.3870,18.7387,20.5059
2024-01-23,16.0400,16.8600,15.8430,16.6250,32649200,RIVN,19.5075,18.4067,18.8864,19.0869,19.6256,19.3207,18.7458,20.4614
2024-01-24,15.3400,16.4900,15.2500,16.3450,35331500,RIVN,19.1140,18.1146,18.8866,18.9400,19.5502,19.2419,18.7501,20.4105
2024-01-25,15.0000,15.2900,14.5900,15.0000,38654000,RIVN,18.6845,17.8180,18.8786,18.7855,19.4729,19.1579,18.7511,20.3566
2024-01-26,15.2900,15.4800,15.0400,15.1300,25757700,RIVN,18.2625,17.5772,18.8606,18.6484,19.3927,19.0813,18.7538,20.3062
2024-01-29,16.1200,16.1400,15.0300,15.4300,37754800,RIVN,17.8915,17.4384,18.8450,18.5492,19.3200,19.0227,18.7635,20.2646
2024-01-30,15.6600,16.3100,15.6500,16.0000,26006300,RIVN,17.5015,17.2691,18.8134,18.4359,19.2440,18.9561,18.7699,20.2187
2024-01-31,15.3100,16.2500,15.3100,15.6000,31526300,RIVN,17.2120,17.0825,18.7918,18.3133,19.1629,18.8839,18.7796,20.1699
2024-02-01,15.5300,15.7600,14.9700,15.5400,24103600,RIVN,16.9725,16.9346,18.7684,18.2042,19.0872,18.8175,18.7886,20.1237
2024-02-02,15.6000,15.6600,15.0000,15.2500,24617500,RIVN,16.7775,16.8075,18.7418,18.1021,19.0091,18.7538,18.7994,20.0787
2024-02-05,14.9400,15.3500,14.7300,15.3000,29518400,RIVN,16.5705,16.6297,18.7262,17.9781,18.9227,18.6783,18.8100,20.0276
2024-02-06,15.5000,15.5300,14.7350,15.0300,27700700,RIVN,16.3665,16.5221,18.7166,17.8809,18.8452,18.6153,18.8258,19.9825
2024-02-07,15.1700,15.7650,15.1100,15.6400,21062500,RIVN,16.1625,16.3933,18.6914,17.7746,18.7558,18.5471,18.8404,19.9347
2024-02-08,16.1100,16.1200,15.1500,15.2000,58211500,RIVN,16.0145,16.3663,18.6804,17.7093,18.6751,18.4988,18.8591,19.8966
2024-02-09,16.6800,16.8400,16.2700,16.5700,41743400,RIVN,15.9090,16.3962,18.6656,17.6689,18.6048,18.4628,18.8825,19.8646
2024-02-12,16.3300,16.8000,15.8500,15.9600,37615600,RIVN,15.8225,16.3899,18.6458,17.6164,18.5407,18.4206,18.9040,19.8294
2024-02-13,15.3800,15.5800,15.0350,15.5600,37078800,RIVN,15.7005,16.2937,18.6182,17.5287,18.4705,18.3604,18.9175,19.7851
2024-02-14,15.5400,15.8300,15.3700,15.5950,23707300,RIVN,15.6395,16.2219,18.5684,17.4507,18.4106,18.3045,18.9311,19.7429
2024-02-15,16.3500,16.5500,15.5700,15.6000,36312600,RIVN,15.6700,16.2341,18.5406,17.4076,18.3682,18.2658,18.9496,19.7091
2024-02-16,16.3000,16.7300,16.0650,16.2000,25352500,RIVN,15.7110,16.2404,18.5184,17.3641,18.3199,18.2269,18.9677,19.6752
2024-02-20,15.8900,16.5000,15.4600,16.1980,27029100,RIVN,15.7040,16.2070,18.4686,17.3063,18.2562,18.1806,18.9831,19.6376
2024-02-21,15.3900,16.0950,15.1800,15.7000,50643700,RIVN,15.6715,16.1292,18.3926,17.2312,18.1796,18.1254,18.9953,19.5953
2024-02-22,11.4500,12.2500,11.0600,11.9800,191810400,RIVN,15.4770,15.6836,18.2408,17.0045,18.0633,17.9932,18.9855,19.5143
2024-02-23,10.0700,11.0200,10.0600,10.9200,123712600,RIVN,15.2305,15.1489,18.0632,16.7325,17.9212,17.8363,18.9665,19.4203
2024-02-26,10.7000,10.9200,10.0500,10.2100,71793300,RIVN,15.0010,14.7252,17.9130,16.4960,17.7916,17.6950,18.9507,19.3335
2024-02-27,11.1400,11.2500,10.5600,10.9700,62590400,RIVN,14.7520,14.3838,17.7422,16.2859,17.6861,17.5652,18.9359,19.2520
2024-02-28,11.3000,11.5400,10.7700,11.0400,49669900,RIVN,14.5340,14.0901,17.5196,16.0904,17.5622,17.4411,18.9232,19.1729
2024-02-29,11.3200,11.7600,11.0100,11.5100,48676800,RIVN,14.3345,13.8263,17.2894,15.9033,17.4927,17.3199,18.9152,19.0947
2024-03-01,11.3500,11.5900,11.0100,11.2000,30529400,RIVN,14.1255,13.5904,17.0404,15.7248,17.4170,17.2017,18.9048,19.0177
2024-03-04,10.9100,11.0800,10.5500,10.8900,50173400,RIVN,13.8910,13.3352,16.7716,15.5359,17.3383,17.0771,18.8939,18.9370
2024-03-05,10.9300,11.1950,10.6400,10.7300,35772100,RIVN,13.6905,13.1061,16.5266,15.3553,17.2512,16.9554,18.8815,18.8573
2024-03-06,11.0300,11.1250,10.7350,10.9900,25005900,RIVN,13.4670,12.9084,16.2756,15.1857,17.1678,16.8380,18.8690,18.7794
2024-03-07,12.5100,12.7400,11.0450,11.5800,151938500,RIVN,13.3340,12.8704,16.0616,15.0808,17.0996,16.7523,18.8642,18.7170
2024-03-08,12.7800,13.6400,12.4250,13.1300,108217200,RIVN,13.1675,12.8618,15.8454,14.9905,17.0344,16.6737,18.8569,18.6580
2024-03-11,12.6900,13.5200,12.5550,12.8700,57973700,RIVN,12.9680,12.8455,15.6246,14.9003,16.9647,16.5948,18.8494,18.5986
2024-03-12,12.3700,12.8800,11.9700,12.7500,39465900,RIVN,12.7700,12.8002,15.4012,14.8011,16.8894,16.5111,18.8393,18.5366
2024-03-13,11.7100,12.3700,11.6450,11.9500,37043000,RIVN,12.5865,12.6963,15.1662,14.6799,16.8256,16.4161,18.8250,18.4687
2024-03-14,10.6900,11.5900,10.5400,11.5200,60056400,RIVN,12.3440,12.5053,14.9580,14.5234,16.7609,16.3027,18.8028,18.3913
2024-03-15,11.0400,11.2890,10.8740,11.0100,48372700,RIVN,12.0785,12.3657,14.7724,14.3868,16.7041,16.1985,18.7836,18.3181
2024-03-18,11.4000,11.5600,10.7600,11.1900,39248400,RIVN,11.8335,12.2737,14.6104,14.2697,16.6474,16.1034,18.7670,18.2493
2024-03-19,11.2600,11.3800,10.9700,11.1600,28605100,RIVN,11.6020,12.1772,14.4540,14.1516,16.5857,16.0075,18.7504,18.1798
2024-03-20,11.3600,11.4600,10.9600,11.2000,32066100,RIVN,11.4005,12.0994,14.2896,14.0422,16.5291,15.9155,18.7348,18.1119
2024-03-21,11.1700,11.4200,11.0800,11.4000,25258600,RIVN,11.3865,12.0109,14.1280,13.9295,16.4791,15.8215,18.7189,18.0428
2024-03-22,10.8000,11.0700,10.7100,11.0200,29143100,RIVN,11.4230,11.8955,13.9626,13.8068,16.4270,15.7221,18.7004,17.9708
2024-03-25,10.6500,11.1300,10.3600,10.6600,50616100,RIVN,11.4205,11.7769,13.7998,13.6830,16.3763,15.6216,18.6846,17.8979
2024-03-26,10.5200,11.0350,10.5000,10.8500,33932000,RIVN,11.3895,11.6572,13.6490,13.5590,16.3193,15.5206,18.6669,17.8245
2024-03-27,10.9900,11.0700,10.4800,10.6400,34816200,RIVN,11.3740,11.5937,13.5124,13.4582,16.2679,15.4309,18.6525,17.7565
2024-03-28,10.9500,11.4950,10.8800,10.8800,43231900,RIVN,11.3555,11.5324,13.3962,13.3599,16.2015,15.3422,18.6373,17.6888
2024-04-01,11.0900,11.1300,10.7800,10.9900,23816100,RIVN,11.3425,11.4902,13.3032,13.2709,16.1353,15.2580,18.6165,17.6231
2024-04-02,10.5100,10.8000,10.2600,10.7700,43195000,RIVN,11.3225,11.3969,13.2038,13.1626,16.0686,15.1640,18.5953,17.5523
2024-04-03,10.5400,10.8000,10.3700,10.4600,33463200,RIVN,11.3030,11.3153,13.0940,13.0597,15.9998,15.0724,18.5718,17.4826
2024-04-04,10.1300,10.7100,10.1300,10.6300,42058300,RIVN,11.2580,11.2024,12.9758,12.9448,15.9311,14.9745,18.5481,17.4094
2024-04-05,10.1000,10.3650,10.0100,10.1100,37404400,RIVN,11.1375,11.0974,12.8710,12.8333,15.8788,14.8780,18.5201,17.3367
2024-04-08,10.4400,10.4950,10.1600,10.1900,28700500,RIVN,11.0205,11.0348,12.7798,12.7394,15.8292,14.7901,18.4992,17.2680
2024-04-09,10.6300,10.6900,10.3900,10.4500,27147100,RIVN,10.9175,10.9962,12.6866,12.6567,15.7736,14.7077,18.4816,17.2020
2024-04-10,10.2700,10.4200,10.1100,10.2500,30300700,RIVN,10.8125,10.9271,12.5696,12.5631,15.7073,14.6199,18.4653,17.1330
2024-04-11,9.5700,10.3000,9.3800,10.2500,80132300,RIVN,10.7055,10.7978,12.4478,12.4457,15.6306,14.5199,18.4459,17.0578
2024-04-12,9.1300,9.5100,9.0800,9.4800,57909500,RIVN,10.6275,10.6390,12.3242,12.3157,15.5580,14.4131,18.4219,16.9789
2024-04-15,8.4000,9.1700,8.3200,9.1200,82423900,RIVN,10.4955,10.4258,12.1816,12.1621,15.4750,14.2941,18.3907,16.8935
2024-04-16,8.7100,8.8700,8.2600,8.3650,51527100,RIVN,10.3610,10.2623,12.0438,12.0268,15.3928,14.1835,18.3541,16.8121
2024-04-17,8.7400,9.0100,8.7300,8.7500,32606900,RIVN,10.2350,10.1174,11.9198,11.8979,15.3230,14.0757,18.3145,16.7318
2024-04-18,8.8300,9.0800,8.3800,8.7000,30808400,RIVN,10.1085,9.9948,11.7864,11.7776,15.2515,13.9718,18.2609,16.6531
2024-04-19,8.6300,8.8900,8.5700,8.6600,26728600,RIVN,9.9815,9.8648,11.6556,11.6541,15.1735,13.8660,18.2019,16.5733
2024-04-22,8.7900,8.8600,8.3150,8.4600,35054900,RIVN,9.8810,9.7624,11.5092,11.5418,15.0948,13.7655,18.1377,16.4959
2024-04-23,9.0400,9.2400,8.6850,8.7200,33568600,RIVN,9.8005,9.6936,11.3564,11.4437,15.0110,13.6720,18.0594,16.4217
2024-04-24,8.8400,9.2000,8.6930,9.1600,34694500,RIVN,9.7165,9.6123,11.2066,11.3416,14.9262,13.5763,17.9761,16.3462
2024-04-25,8.5200,8.7100,8.4600,8.6200,21892100,RIVN,9.5930,9.5083,11.0694,11.2309,14.8438,13.4761,17.8944,16.2684
2024-04-26,9.0400,9.0400,8.5000,8.5500,28226100,RIVN,9.4975,9.4637,10.9394,11.1450,14.7539,13.3883,17.8101,16.1964
2024-04-29,9.3800,9.4100,9.0200,9.2100,30756600,RIVN,9.4120,9.4557,10.8000,11.0758,14.6703,13.3089,17.7294,16.1286
2024-04-30,8.9000,9.2000,8.9000,9.1100,23045100,RIVN,9.3315,9.4028,10.6520,10.9905,14.5852,13.2216,17.6498,16.0567
2024-05-01,9.2100,9.5500,8.8400,8.8500,27708000,RIVN,9.2650,9.3844,10.5184,10.9207,14.4935,13.1422,17.5759,15.9886
2024-05-02,9.8300,10.1300,9.2150,9.4200,54894000,RIVN,9.2500,9.4269,10.4072,10.8779,14.3999,13.0766,17.5016,15.9273
2024-05-03,10.0700,10.4080,9.9000,10.1300,47152000,RIVN,9.2485,9.4881,10.3796,10.8462,14.3102,13.0171,17.4278,15.8690
2024-05-06,10.3300,10.4950,10.0800,10.2000,30848900,RIVN,9.2430,9.5683,10.3848,10.8260,14.2240,12.9639,17.3504,15.8139
2024-05-07,10.2500,11.2150,10.0700,11.1400,98119500,RIVN,9.2240,9.6332,10.3758,10.8034,14.1444,12.9101,17.2753,15.7585
2024-05-08,10.2700,10.2800,9.2500,9.5100,67612800,RIVN,9.2240,9.6939,10.3584,10.7825,14.0503,12.8578,17.1976,15.7039
2024-05-09,10.2200,10.4700,10.0400,10.2500,31407500,RIVN,9.2565,9.7440,10.3368,10.7604,13.9282,12.8056,17.1219,15.6494
2024-05-10,9.9900,10.4100,9.8400,10.2000,32543800,RIVN,9.2995,9.7674,10.3102,10.7302,13.7998,12.7498,17.0361,15.5930
2024-05-13,10.9000,11.1900,10.0250,10.0400,65312700,RIVN,9.4245,9.8753,10.3012,10.7369,13.6708,12.7132,16.9604,15.5463
2024-05-14,11.1900,12.1300,11.1100,11.4800,60966800,RIVN,9.5485,10.0005,10.3068,10.7546,13.5392,12.6831,16.8816,15.5030
2024-05-15,10.2000,11.1400,10.1400,11.0600,64347700,RIVN,9.6215,10.0195,10.2922,10.7329,13.4094,12.6339,16.7944,15.4502
2024-05-16,10.1300,10.4100,10.0800,10.2400,34749700,RIVN,9.6865,10.0300,10.2742,10.7092,13.2749,12.5843,16.7086,15.3973
2024-05-17,10.5000,10.5100,9.8900,10.0700,23884000,RIVN,9.7800,10.0748,10.2340,10.7010,13.1478,12.5430,16.6315,15.3486
2024-05-20,10.2800,10.6000,10.2100,10.4300,21629700,RIVN,9.8545,10.0943,10.1840,10.6845,13.0147,12.4982,16.5504,15.2981
2024-05-21,10.0500,10.3500,9.9800,10.2400,23584300,RIVN,9.9050,10.0901,10.1312,10.6596,12.8779,12.4497,16.4744,15.2459
2024-05-22,10.7000,10.7400,9.9400,10.0200,37629900,RIVN,9.9980,10.1482,10.0978,10.6612,12.7495,12.4151,16.4065,15.2007
2024-05-23,9.9500,10.5500,9.8900,10.5500,37322200,RIVN,10.0695,10.1293,10.0626,10.6333,12.6144,12.3663,16.3322,15.1484
2024-05-24,10.4400,10.4600,10.0200,10.0600,25691300,RIVN,10.1395,10.1589,10.0576,10.6257,12.5078,12.3281,16.2727,15.1016
2024-05-28,10.4200,10.6750,10.3100,10.4400,22960300,RIVN,10.1915,10.1838,10.0452,10.6177,12.4088,12.2903,16.2152,15.0550
2024-05-29,10.2200,10.3500,9.9700,10.2200,19353800,RIVN,10.2575,10.1872,10.0216,10.6021,12.3160,12.2493,16.1585,15.0069
2024-05-30,10.9700,11.2290,10.2550,10.3000,48930900,RIVN,10.3455,10.2618,10.0158,10.6165,12.2349,12.2240,16.1055,14.9667
2024-05-31,10.9200,11.1000,10.4700,10.8400,39955800,RIVN,10.4000,10.3245,10.0070,10.6284,12.1483,12.1982,16.0562,14.9265
2024-06-03,11.4000,11.4200,10.6400,11.1280,35600500,RIVN,10.4665,10.4269,10.0116,10.6587,12.0698,12.1824,16.0080,14.8914
2024-06-04,11.2200,11.5500,11.1200,11.3050,26634700,RIVN,10.5110,10.5024,10.0200,10.6807,11.9913,12.1633,15.9594,14.8548
2024-06-05,11.4500,11.5100,11.0910,11.2600,24804600,RIVN,10.5710,10.5927,10.0360,10.7109,11.9179,12.1492,15.9127,14.8210
2024-06-06,11.7400,11.8100,11.1450,11.2700,28721400,RIVN,10.6445,10.7019,10.0604,10.7512,11.8547,12.1411,15.8655,14.7903
2024-06-07,11.5200,11.9000,11.3500,11.5100,24524500,RIVN,10.7095,10.7798,10.0710,10.7814,11.7917,12.1288,15.8227,14.7578
2024-06-10,11.8700,11.9700,11.3810,11.4300,23122700,RIVN,10.8035,10.8837,10.0894,10.8240,11.7428,12.1237,15.7805,14.7290
2024-06-11,11.8300,11.9000,11.5200,11.7600,18333600,RIVN,10.8500,10.9738,10.1042,10.8635,11.7037,12.1179,15.7414,14.7002
2024-06-12,11.8000,12.4600,11.7300,12.2500,35059900,RIVN,10.8805,11.0525,10.1300,10.9002,11.6669,12.1116,15.7001,14.6713
2024-06-13,11.1100,11.8900,11.0700,11.8300,28689800,RIVN,10.9260,11.0580,10.1414,10.9085,11.6177,12.0917,15.6530,14.6359
2024-06-14,10.8800,11.2350,10.8100,10.9200,21323700,RIVN,10.9635,11.0410,10.1564,10.9073,11.5661,12.0677,15.5958,14.5985
2024-06-17,10.9600,11.1050,10.6500,10.8800,21250300,RIVN,10.9865,11.0333,10.1736,10.9094,11.5223,12.0458,15.5362,14.5623
2024-06-18,11.0200,11.2100,10.7100,10.8300,20047800,RIVN,11.0235,11.0320,10.1852,10.9137,11.4825,12.0255,15.4777,14.5271
2024-06-20,10.3300,10.8680,10.2800,10.7700,31233700,RIVN,11.0375,10.9652,10.1792,10.8908,11.4329,11.9919,15.4128,14.4853
2024-06-21,10.3200,10.4300,10.1500,10.3300,31931500,RIVN,11.0185,10.9037,10.1802,10.8685,11.3749,11.9588,15.3474,14.4439
2024-06-24,11.0100,11.1300,10.3100,10.3200,31892100,RIVN,11.0715,10.9138,10.2090,10.8740,11.3284,11.9400,15.2862,14.4097
2024-06-25,11.9600,12.0400,11.0700,11.1200,61226700,RIVN,11.1475,11.0135,10.2656,10.9166,11.2949,11.9404,15.2289,14.3853
2024-06-26,14.7400,16.3500,14.1700,16.3300,261980400,RIVN,11.3635,11.3684,10.3924,11.0665,11.2870,11.9959,15.1871,14.3888
2024-06-27,14.4700,14.6680,13.4300,13.9600,96798100,RIVN,11.5760,11.6638,10.5076,11.2000,11.2757,12.0448,15.1424,14.3896
2024-06-28,13.4200,15.1200,13.2100,14.4900,88110300,RIVN,11.6985,11.8310,10.6012,11.2871,11.2605,12.0721,15.0916,14.3800
2024-07-01,13.9200,14.5100,13.3100,13.4600,74020600,RIVN,11.8485,12.0300,10.7030,11.3903,11.2447,12.1087,15.0449,14.3754
2024-07-02,14.8900,15.1800,13.9500,14.2700,88608900,RIVN,12.0230,12.3024,10.8282,11.5276,11.2419,12.1637,14.9988,14.3805
2024-07-03,14.6500,15.3100,14.5300,14.8000,52620500,RIVN,12.1945,12.5260,10.9454,11.6500,11.2273,12.2130,14.9512,14.3832
2024-07-05,14.7900,14.8600,14.0300,14.5800,37013100,RIVN,12.3615,12.7416,11.0604,11.7731,11.2084,12.2640,14.9066,14.3873
2024-07-08,15.4900,15.7700,14.4500,14.8200,56415300,RIVN,12.5490,13.0033,11.1934,11.9189,11.2000,12.3279,14.8703,14.3982
2024-07-09,15.7100,16.1700,15.3500,15.5000,49900600,RIVN,12.7585,13.2611,11.3372,12.0676,11.2033,12.3949,14.8369,14.4113
2024-07-10,16.3700,16.7400,15.4600,15.8500,55804600,RIVN,12.9835,13.5572,11.4838,12.2363,11.2116,12.4736,14.8111,14.4308
2024-07-11,16.7600,17.2300,16.3300,16.7600,59239100,RIVN,13.2300,13.8622,11.6314,12.4137,11.2157,12.5585,14.7920,14.4540
2024-07-12,18.1100,18.8550,16.7500,16.7500,97340600,RIVN,13.5455,14.2668,11.8156,12.6371,11.2338,12.6684,14.7769,14.4903
2024-07-15,17.5000,17.9400,17.0200,17.7600,51315400,RIVN,13.8650,14.5747,11.9814,12.8278,11.2499,12.7641,14.7531,14.5203
2024-07-16,17.9400,18.3500,17.2700,17.7200,43966200,RIVN,14.2180,14.8952,12.1436,13.0283,11.2754,12.8666,14.7275,14.5543
2024-07-17,17.1900,18.4900,16.9400,17.4950,46766400,RIVN,14.5295,15.1138,12.2860,13.1915,11.3328,12.9522,14.6981,14.5805
2024-07-18,16.9000,17.4800,16.4500,17.4200,36840900,RIVN,14.8235,15.2839,12.4174,13.3369,11.4011,13.0303,14.6612,14.6036
2024-07-19,16.7500,17.0250,16.3300,16.5000,25909000,RIVN,15.1445,15.4235,12.5474,13.4707,11.4616,13.1040,14.6266,14.6250
2024-07-22,17.2200,17.4450,16.8400,17.0400,25562300,RIVN,15.4895,15.5946,12.6864,13.6178,11.5224,13.1855,14.6043,14.6508
2024-07-23,17.5000,17.5600,16.5500,17.1100,23464300,RIVN,15.8140,15.7761,12.8320,13.7700,11.5844,13.2709,14.5733,14.6791
2024-07-24,16.2700,16.9550,16.0500,16.8500,38344400,RIVN,16.0295,15.8231,12.9576,13.8681,11.6339,13.3303,14.5633,14.6950
2024-07-25,16.2500,16.9000,15.8500,15.9900,27203600,RIVN,16.1050,15.8638,13.0646,13.9615,11.6829,13.3881,14.5500,14.7105
2024-07-26,16.2100,16.9000,16.1400,16.3200,21540000,RIVN,16.1920,15.8967,13.1650,14.0496,11.7359,13.4440,14.5371,14.7254
2024-07-29,16.3000,16.5500,16.0050,16.3000,18306700,RIVN,16.3360,15.9351,13.2870,14.1379,11.7896,13.5006,14.5204,14.7410
2024-07-30,16.2200,16.6500,16.1200,16.4000,20761400,RIVN,16.4510,15.9623,13.4088,14.2195,11.8415,13.5544,14.5046,14.7558
2024-07-31,16.4100,17.0500,16.3400,16.3600,27488600,RIVN,16.5270,16.0049,13.5270,14.3054,11.8805,13.6110,14.4900,14.7722
2024-08-01,15.2400,16.4500,14.9000,16.4000,31250800,RIVN,16.5565,15.9321,13.6262,14.3421,11.9051,13.6432,14.4697,14.7769
2024-08-02,14.7200,15.0100,14.2600,14.5200,26970000,RIVN,16.5530,15.8166,13.7196,14.3569,11.9254,13.6646,14.4450,14.7763
2024-08-05,14.6100,15.0500,12.9600,12.9600,38816900,RIVN,16.5090,15.7017,13.7978,14.3668,11.9478,13.6833,14.4186,14.7747
2024-08-06,14.8000,15.1500,14.5100,15.1200,31713700,RIVN,16.4635,15.6158,13.8948,14.3838,11.9787,13.7054,14.4021,14.7749
2024-08-07,13.7850,14.6650,13.3050,13.4850,49387400,RIVN,16.3342,15.4415,13.9617,14.3603,12.0096,13.7070,14.3853,14.7651
2024-08-08,14.7200,15.3380,13.8000,13.9000,32646800,RIVN,16.2322,15.3728,14.0477,14.3744,12.0464,13.7270,14.3753,14.7646
2024-08-09,13.9500,14.6550,13.8300,14.6400,24823900,RIVN,16.0242,15.2373,14.1223,14.3578,12.0719,13.7314,14.3597,14.7565
2024-08-12,13.3900,14.0000,13.3500,13.9700,25841500,RIVN,15.8187,15.0613,14.1707,14.3199,12.0932,13.7247,14.3395,14.7429
2024-08-13,13.5400,13.8650,13.4050,13.5100,24632100,RIVN,15.5987,14.9164,14.2231,14.2893,12.1150,13.7210,14.3221,14.7309
2024-08-14,13.2500,13.7700,13.2000,13.5800,16869600,RIVN,15.4017,14.7577,14.2601,14.2485,12.1358,13.7117,14.3075,14.7162
2024-08-15,13.7600,14.1300,12.9200,13.0300,38490900,RIVN,15.2447,14.6627,14.3109,14.2294,12.1654,13.7127,14.2962,14.7067
2024-08-16,13.2100,13.7700,13.0100,13.5500,37750200,RIVN,15.0677,14.5244,14.3461,14.1894,12.1910,13.7027,14.2837,14.6918
2024-08-19,13.5300,13.5900,13.1400,13.3300,21051300,RIVN,14.8832,14.4297,14.3819,14.1635,12.2211,13.6993,14.2702,14.6802
2024-08-20,13.2000,13.6900,13.1900,13.4900,23709800,RIVN,14.6682,14.3125,14.4155,14.1257,12.2432,13.6894,14.2556,14.6655
2024-08-21,13.0700,13.3500,12.8500,13.3100,24317300,RIVN,14.5082,14.1942,14.4395,14.0843,12.2644,13.6771,14.2330,14.6496
2024-08-22,12.8100,13.2100,12.7700,13.1600,20573300,RIVN,14.3362,14.0624,14.4591,14.0344,12.2816,13.6600,14.2085,14.6313
2024-08-23,13.9600,14.0800,12.8900,12.9200,39766900,RIVN,14.2237,14.0526,14.5023,14.0314,12.3161,13.6659,14.1924,14.6246
2024-08-26,14.3600,14.7200,13.7200,13.9500,33109800,RIVN,14.1267,14.0819,14.5673,14.0443,12.3543,13.6796,14.1771,14.6220
2024-08-27,14.4800,14.5500,13.9400,14.3500,20302300,RIVN,14.0397,14.1198,14.6393,14.0614,12.3978,13.6955,14.1645,14.6206
2024-08-28,13.8300,14.5100,13.5900,14.4200,28459100,RIVN,13.9107,14.0922,14.6967,14.0523,12.4351,13.6982,14.1570,14.6127
2024-08-29,14.0900,14.6400,13.9300,13.9900,20853200,RIVN,13.8532,14.0920,14.7581,14.0538,12.4716,13.7059,14.1504,14.6075
2024-08-30,14.1300,14.3400,13.7700,14.2000,22865400,RIVN,13.8237,14.0956,14.8341,14.0568,12.5066,13.7143,14.1401,14.6028
2024-09-03,13.1500,13.9800,13.1250,13.9400,21395100,RIVN,13.7507,14.0056,14.8907,14.0212,12.5354,13.7031,14.1214,14.5883
2024-09-04,13.2800,13.8000,13.0100,13.1100,18070200,RIVN,13.6747,13.9365,14.9361,13.9922,12.5725,13.6948,14.1016,14.5753
2024-09-05,13.7400,13.9600,13.2800,13.4000,20258900,RIVN,13.6725,13.9178,14.9717,13.9823,12.6186,13.6957,14.0883,14.5670
2024-09-06,13.2300,14.0650,13.0800,13.7500,25712800,RIVN,13.5980,13.8523,14.9415,13.9528,12.6669,13.6864,14.0710,14.5537
2024-09-09,13.0800,13.6950,13.0100,13.2900,21409800,RIVN,13.5545,13.7787,14.9137,13.9186,12.7106,13.6744,14.0517,14.5390
2024-09-10,13.2300,13.4900,12.8100,13.1000,24465200,RIVN,13.5465,13.7264,14.9099,13.8916,12.7555,13.6656,14.0393,14.5260
2024-09-11,13.9300,13.9900,12.9600,13.2100,27551100,RIVN,13.5660,13.7458,14.9101,13.8931,12.8065,13.6709,14.0290,14.5201
2024-09-12,13.7200,13.9700,13.5100,13.7700,16401400,RIVN,13.5895,13.7434,14.8867,13.8863,12.8574,13.6718,14.0155,14.5121
2024-09-13,13.5000,14.0800,13.3900,13.8300,23786600,RIVN,13.5765,13.7202,14.8637,13.8711,12.9045,13.6684,13.9997,14.5020
2024-09-16,13.2000,13.5900,13.1900,13.3700,18831300,RIVN,13.5760,13.6707,14.8319,13.8448,12.9461,13.6592,13.9786,14.4891
2024-09-17,13.1000,13.5400,13.0500,13.4790,18816800,RIVN,13.5545,13.6163,14.7841,13.8156,12.9887,13.6481,13.9575,14.4753
2024-09-18,12.9000,13.5950,12.8200,13.1400,30971200,RIVN,13.5395,13.5481,14.7279,13.7797,13.0325,13.6333,13.9382,14.4596
2024-09-19,13.1500,13.6500,13.0900,13.3500,29977400,RIVN,13.5435,13.5102,14.6635,13.7550,13.0736,13.6237,13.9138,14.4466
2024-09-20,11.7100,13.1500,11.6500,13.1400,77632800,RIVN,13.4885,13.3387,14.5625,13.6748,13.0969,13.5858,13.8836,14.4193
2024-09-23,11.9100,12.1800,11.4100,11.8500,35701000,RIVN,13.3860,13.2027,14.4385,13.6056,13.1270,13.5526,13.8561,14.3944
2024-09-24,11.8400,12.1200,11.7300,12.0500,32304400,RIVN,13.2600,13.0729,14.3253,13.5364,13.1533,13.5187,13.8234,14.3689
2024-09-25,11.0300,11.6000,10.9800,11.4300,53125000,RIVN,13.0875,12.8783,14.1871,13.4381,13.1653,13.4694,13.7826,14.3357
2024-09-26,11.1700,11.3500,10.9500,11.2000,38408200,RIVN,12.9545,12.7156,14.0667,13.3491,13.1763,13.4239,13.7433,14.3042
2024-09-27,11.6000,11.8400,11.3400,11.4200,35828100,RIVN,12.8300,12.6094,13.9607,13.2805,13.1890,13.3878,13.7065,14.2773
2024-09-30,11.2200,11.5400,11.1400,11.3700,27646300,RIVN,12.6845,12.4771,13.8501,13.1997,13.1987,13.3448,13.6716,14.2469
2024-10-01,10.4400,11.2100,10.4300,11.2000,50162000,RIVN,12.5490,12.2830,13.7145,13.0915,13.2004,13.2873,13.6254,14.2090
2024-10-02,10.6400,10.8000,10.3000,10.3000,29933000,RIVN,12.4170,12.1266,13.5773,12.9954,13.2046,13.2349,13.5664,14.1735
2024-10-03,10.7800,10.8000,10.4400,10.4500,21102700,RIVN,12.2690,11.9983,13.4675,12.9085,13.2125,13.1863,13.5062,14.1397
2024-10-04,10.4400,10.4700,9.8250,10.0500,76581600,RIVN,12.1295,11.8499,13.3513,12.8117,13.2079,13.1319,13.4394,14.1029
2024-10-07,10.4900,10.5700,10.2500,10.3800,29217100,RIVN,12.0000,11.7204,13.2369,12.7206,13.2009,13.0796,13.3701,14.0670
2024-10-08,10.4700,10.7600,10.3300,10.4200,22441900,RIVN,11.8620,11.6013,13.1203,12.6324,13.2036,13.0279,13.3065,14.0312
2024-10-09,10.4200,10.9400,10.3700,10.4700,35090500,RIVN,11.6865,11.4888,13.0043,12.5456,13.2065,12.9763,13.2407,13.9952
2024-10-10,10.2600,10.5150,10.1800,10.3600,24184400,RIVN,11.5135,11.3718,12.8813,12.4560,13.2041,12.9225,13.1760,13.9581
2024-10-11,10.5000,10.5700,10.0800,10.0800,24732700,RIVN,11.3635,11.2887,12.7865,12.3793,13.2063,12.8745,13.1105,13.9237
2024-10-14,10.3500,10.5500,10.2600,10.3500,20180400,RIVN,11.2210,11.1993,12.6991,12.2997,13.2093,12.8245,13.0436,13.8881
2024-10-15,10.1500,10.4700,10.1000,10.2800,22528400,RIVN,11.0735,11.0994,12.6099,12.2154,13.2038,12.7716,12.9767,13.8509
2024-10-16,10.2400,10.2900,10.1100,10.2000,17753000,RIVN,10.9405,11.0176,12.5187,12.1379,13.2067,12.7214,12.9106,13.8150
2024-10-17,10.1200,10.2700,9.9300,10.1500,27876200,RIVN,10.7890,10.9321,12.4454,12.0588,13.2035,12.6699,12.8557,13.7782
2024-10-18,10.0400,10.2650,10.0100,10.1700,18480900,RIVN,10.7055,10.8471,12.3518,11.9796,13.1997,12.6178,12.8043,13.7410
2024-10-21,10.0300,10.1700,9.9600,10.0500,17320000,RIVN,10.6115,10.7693,12.2734,11.9032,13.1978,12.5666,12.7569,13.7041
2024-10-22,10.4900,10.5300,10.0050,10.0700,25223600,RIVN,10.5440,10.7427,12.2154,11.8478,13.1930,12.5255,12.7140,13.6721
2024-10-23,10.1600,10.5800,10.0100,10.4200,21311300,RIVN,10.5005,10.6872,12.1478,11.7816,13.1854,12.4786,12.6669,13.6372
2024-10-24,10.4300,10.8300,10.2600,10.3900,33208400,RIVN,10.4635,10.6627,12.0914,11.7286,13.1757,12.4381,12.6228,13.6053
2024-10-25,10.4500,10.6300,10.3300,10.4200,22770900,RIVN,10.4060,10.6424,12.0252,11.6784,13.1680,12.3987,12.5797,13.5739
2024-10-28,10.8600,11.1150,10.5400,10.5400,31831700,RIVN,10.3880,10.6632,11.9782,11.6463,13.1621,12.3682,12.5400,13.5469
2024-10-29,10.4700,10.8900,10.2800,10.7100,23459900,RIVN,10.3895,10.6448,11.9170,11.6002,13.1494,12.3306,12.5021,13.5162
2024-10-30,10.3900,10.5800,10.2800,10.3300,19962400,RIVN,10.3770,10.6205,11.8608,11.5527,13.1381,12.2922,12.4649,13.4851
2024-10-31,10.1000,10.5890,10.0100,10.3800,25679400,RIVN,10.3430,10.5709,11.8014,11.4958,13.1204,12.2488,12.4316,13.4515
2024-11-01,10.1800,10.4400,10.1300,10.2100,20118900,RIVN,10.3300,10.5337,11.7488,11.4442,13.1039,12.2078,12.4038,13.4189
2024-11-04,10.2900,10.5490,10.2500,10.2800,20363100,RIVN,10.3200,10.5105,11.6754,11.3989,13.0888,12.1699,12.3779,13.3878
2024-11-05,10.5900,10.6200,10.1710,10.2900,18141200,RIVN,10.3260,10.5181,11.6000,11.3672,13.0836,12.1386,12.3507,13.3599
2024-11-06,9.7100,10.2400,9.5000,10.1000,69491200,RIVN,10.2905,10.4411,11.5046,11.3022,13.0719,12.0905,12.3190,13.3236
2024-11-07,10.0500,10.2400,9.8100,9.9500,57094100,RIVN,10.2800,10.4039,11.4290,11.2531,13.0628,12.0501,12.2926,13.2910
2024-11-08,10.5900,10.7200,9.8300,10.1200,58725000,RIVN,10.2845,10.4216,11.3590,11.2271,13.0585,12.0212,12.2705,13.2642
2024-11-11,11.0400,11.2500,10.2500,10.6700,46358500,RIVN,10.3190,10.4805,11.2972,11.2198,13.0656,12.0017,12.2493,13.2420
2024-11-12,10.5800,10.8700,10.5000,10.8350,32265800,RIVN,10.3405,10.4900,11.2458,11.1947,13.0682,11.9736,12.2216,13.2155
2024-11-13,12.0300,13.1000,11.4600,11.7500,119810200,RIVN,10.4300,10.6366,11.2208,11.2274,13.0784,11.9747,12.2034,13.2037
2024-11-14,10.3100,11.9900,10.2200,11.9800,80485000,RIVN,10.4395,10.6055,11.1522,11.1914,13.0619,11.9417,12.1784,13.1750
2024-11-15,10.0600,10.0700,9.5500,10.0700,79212600,RIVN,10.4405,10.5536,11.0888,11.1471,13.0151,11.9045,12.1511,13.1440
2024-11-18,10.0700,10.7200,9.8500,10.0500,51529300,RIVN,10.4425,10.5075,11.0286,11.1048,12.9711,11.8682,12.1234,13.1134
2024-11-19,10.1700,10.3180,9.9000,10.0650,33654300,RIVN,10.4265,10.4754,10.9674,11.0682,12.9386,11.8345,12.0996,13.0841
2024-11-20,10.0500,10.4700,9.9100,10.0900,24955400,RIVN,10.4210,10.4349,10.8898,11.0282,12.8999,11.7992,12.0723,13.0539
2024-11-21,10.0200,10.3900,9.9200,10.0200,35472300,RIVN,10.4005,10.3953,10.8158,10.9887,12.8512,11.7640,12.0466,13.0237
2024-11-22,10.2400,10.5700,10.0000,10.0300,30576400,RIVN,10.3900,10.3806,10.7506,10.9593,12.8071,11.7338,12.0172,12.9960
2024-11-25,11.6000,11.8400,10.4800,10.5200,90465300,RIVN,10.4270,10.4967,10.7186,10.9845,12.7752,11.7311,11.9918,12.9821
2024-11-26,11.5500,12.2700,11.2200,12.2400,81743600,RIVN,10.4810,10.5970,10.6876,11.0066,12.7358,11.7275,11.9679,12.9679
2024-11-27,12.2200,12.4500,11.6200,11.7450,49064100,RIVN,10.5725,10.7516,10.6740,11.0542,12.7009,11.7373,11.9521,12.9604
2024-11-29,12.2300,12.6300,11.9300,12.2300,26168000,RIVN,10.6790,10.8924,10.6556,11.1003,12.6595,11.7471,11.9356,12.9532
2024-12-02,11.8700,12.4700,11.5150,12.2700,40288500,RIVN,10.7635,10.9855,10.6588,11.1305,12.6106,11.7495,11.9132,12.9424
2024-12-03,11.8800,12.0390,11.5500,11.6800,22966500,RIVN,10.8430,11.0707,10.6582,11.1599,12.5483,11.7521,11.8911,12.9318
2024-12-04,11.9600,12.2800,11.7100,11.8300,26924900,RIVN,10.9115,11.1554,10.6606,11.1913,12.4929,11.7562,11.8714,12.9221
2024-12-05,12.3400,12.8500,12.0500,12.0850,44397900,RIVN,11.0430,11.2682,10.6868,11.2363,12.4369,11.7677,11.8562,12.9163
2024-12-06,13.0000,13.5200,12.5000,12.6100,46944500,RIVN,11.1905,11.4331,10.7234,11.3055,12.3950,11.7922,11.8639,12.9172
2024-12-09,14.4500,14.9900,13.4200,13.5350,77982900,RIVN,11.3835,11.7205,10.7804,11.4288,12.3705,11.8448,11.8858,12.9324
2024-12-10,14.0600,14.5100,13.7700,14.4800,36388500,RIVN,11.5345,11.9433,10.8372,11.5320,12.3436,11.8886,11.9026,12.9437
2024-12-11,13.7600,14.3300,13.2300,14.2100,37842800,RIVN,11.6935,12.1163,10.9036,11.6194,12.3090,11.9257,11.9157,12.9518
2024-12-12,14.2000,14.3100,13.4800,13.7000,32741800,RIVN,11.8020,12.3147,10.9748,11.7206,12.2760,11.9707,11.9302,12.9642
2024-12-13,14.3700,14.4100,13.7520,14.0200,32046000,RIVN,12.0050,12.5105,11.0466,11.8245,12.2570,12.0182,11.9455,12.9782
2024-12-16,15.3400,15.4900,13.8800,14.1100,56008800,RIVN,12.2690,12.7800,11.1446,11.9623,12.2479,12.0840,11.9654,13.0017
2024-12-17,14.7000,15.4600,14.5800,15.3450,30935800,RIVN,12.5005,12.9628,11.2288,12.0697,12.2328,12.1358,11.9844,13.0186
2024-12-18,13.0600,14.5300,12.8000,14.4800,56880100,RIVN,12.6450,12.9721,11.2806,12.1085,12.2004,12.1541,11.9950,13.0190
2024-12-19,13.0600,13.7500,12.8000,13.4700,38905300,RIVN,12.7955,12.9804,11.3334,12.1458,12.1689,12.1721,12.0052,13.0194
2024-12-20,13.8300,14.1700,12.7300,12.9400,41955200,RIVN,12.9860,13.0614,11.4048,12.2119,12.1431,12.2049,12.0118,13.0275
2024-12-23,13.7500,14.2200,13.7100,13.8000,20009800,RIVN,13.1615,13.1269,11.4698,12.2722,12.1282,12.2355,12.0166,13.0347
2024-12-24,14.0600,14.3700,13.7400,13.8200,15903800,RIVN,13.2845,13.2158,11.5440,12.3423,12.1216,12.2716,12.0235,13.0449
2024-12-26,14.0400,14.3500,13.6900,13.9300,18967300,RIVN,13.4090,13.2943,11.6218,12.4089,12.1159,12.3066,12.0318,13.0548
2024-12-27,13.6500,14.1000,13.3100,13.9200,21598000,RIVN,13.4805,13.3282,11.6900,12.4576,12.1044,12.3332,12.0415,13.0607
2024-12-30,13.5800,13.6500,13.0200,13.3500,18630100,RIVN,13.5480,13.3522,11.7592,12.5016,12.1023,12.3579,12.0560,13.0659
2024-12-31,13.3000,14.7200,13.2900,13.7250,40649100,RIVN,13.6195,13.3472,11.8244,12.5329,12.0881,12.3766,12.0673,13.0682
2025-01-02,13.2500,13.7900,12.7600,13.3500,30449400,RIVN,13.6880,13.3379,11.8888,12.5610,12.0811,12.3939,12.0765,13.0700
2025-01-03,16.4900,16.6500,13.7100,13.9100,124581800,RIVN,13.9145,13.6381,12.0088,12.7151,12.1121,12.4750,12.1027,13.1040
2025-01-06,15.7150,16.6400,15.5300,16.4650,58377100,RIVN,14.0833,13.8359,12.1199,12.8327,12.1339,12.5391,12.1244,13.1300
2025-01-07,14.9500,16.3450,14.8100,15.9300,35938000,RIVN,14.1808,13.9420,12.2103,12.9158,12.1509,12.5869,12.1433,13.1481
2025-01-08,14.2100,14.7600,13.9800,14.5650,33065300,RIVN,14.1688,13.9676,12.2855,12.9665,12.1553,12.6190,12.1604,13.1587
2025-01-10,13.8500,14.1550,13.7600,14.0000,23209000,RIVN,14.1583,13.9564,12.3453,13.0012,12.1618,12.6434,12.1764,13.1656
2025-01-13,13.4900,13.6300,13.0100,13.5400,28042700,RIVN,14.1448,13.9119,12.4057,13.0203,12.1614,12.6602,12.1912,13.1688
2025-01-14,13.3400,14.1200,13.0800,13.8700,30031800,RIVN,14.1018,13.8575,12.4647,13.0329,12.1628,12.6736,12.2030,13.1705
2025-01-15,13.9400,14.2100,13.7450,13.8950,28674500,RIVN,14.0803,13.8653,12.5415,13.0684,12.1715,12.6987,12.2179,13.1781
2025-01-16,14.4400,14.6600,13.9500,14.0300,38996400,RIVN,14.0352,13.9201,12.6267,13.1222,12.1877,12.7332,12.2347,13.1907
2025-01-17,14.2100,15.3400,14.1900,14.6750,65184000,RIVN,14.0108,13.9477,12.7051,13.1649,12.1902,12.7624,12.2532,13.2008
2025-01-21,13.2900,14.0600,12.9900,13.8400,44540100,RIVN,14.0222,13.8850,12.7591,13.1698,12.1795,12.7729,12.2669,13.2017
2025-01-22,12.6900,13.1400,12.6600,13.1000,35488200,RIVN,14.0037,13.7712,12.8187,13.1510,12.1616,12.7712,12.2797,13.1966
2025-01-23,12.4900,12.7700,12.1700,12.6000,39181600,RIVN,13.9367,13.6492,12.8675,13.1251,12.1482,12.7657,12.2917,13.1896
2025-01-24,12.7700,13.1900,12.4800,12.7100,31519400,RIVN,13.8877,13.5655,12.9111,13.1111,12.1351,12.7658,12.3033,13.1854
2025-01-27,12.8500,13.5600,12.6900,12.7900,32343300,RIVN,13.8272,13.4973,12.9473,13.1009,12.1223,12.7674,12.3144,13.1821
2025-01-28,12.7100,12.8900,12.4100,12.8800,23184600,RIVN,13.7607,13.4223,12.9899,13.0856,12.1179,12.7663,12.3266,13.1774
2025-01-29,12.4200,12.6100,12.2200,12.3400,21378100,RIVN,13.6992,13.3269,12.9977,13.0595,12.1093,12.7594,12.3409,13.1699
2025-01-30,12.5100,12.8100,12.3400,12.5700,17914700,RIVN,13.6457,13.2491,13.0417,13.0379,12.0970,12.7545,12.3578,13.1633
2025-01-31,12.5600,12.9900,12.3800,12.4500,20333600,RIVN,13.6088,13.1835,13.0917,13.0192,12.0903,12.7506,12.3786,13.1573
2025-02-03,12.3900,12.5550,11.8900,12.0200,21909900,RIVN,13.5658,13.1079,13.1381,12.9945,12.0834,12.7435,12.3970,13.1497
2025-02-04,12.8700,12.9800,12.3100,12.3500,18953000,RIVN,13.3848,13.0852,13.1921,12.9896,12.0798,12.7460,12.4176,13.1469
2025-02-05,12.7700,13.0750,12.7150,12.8100,13827200,RIVN,13.2375,13.0552,13.2465,12.9810,12.0682,12.7465,12.4374,13.1431
2025-02-06,12.8000,13.2200,12.6500,12.8800,21519500,RIVN,13.1300,13.0309,13.3021,12.9739,12.0590,12.7475,12.4582,13.1397
2025-02-07,12.4800,12.8610,12.4050,12.8200,16701800,RIVN,13.0435,12.9784,13.3469,12.9545,12.0488,12.7422,12.4766,13.1331
2025-02-10,12.9900,13.0900,12.5500,12.6600,22456300,RIVN,13.0005,12.9795,13.3747,12.9559,12.0467,12.7471,12.4964,13.1317
2025-02-11,12.4400,12.9400,12.3600,12.7900,25126200,RIVN,12.9480,12.9282,13.3925,12.9357,12.0401,12.7411,12.5144,13.1248
2025-02-12,12.4800,12.7300,12.2500,12.3250,21507200,RIVN,12.9050,12.8855,13.3977,12.9178,12.0359,12.7359,12.5342,13.1184
2025-02-13,13.3000,13.3300,12.5780,12.6700,27587500,RIVN,12.8730,12.9250,13.4191,12.9328,12.0374,12.7471,12.5555,13.1202
2025-02-14,14.0300,14.1900,13.4700,13.4750,33953000,RIVN,12.8525,13.0302,13.4623,12.9758,12.0606,12.7725,12.5787,13.1293
2025-02-18,14.4400,14.4500,13.5400,13.7800,39963200,RIVN,12.8640,13.1645,13.5135,13.0333,12.0859,12.8055,12.6064,13.1423
2025-02-19,13.9300,14.4100,13.8000,14.3300,28841200,RIVN,12.8960,13.2374,13.5529,13.0684,12.1068,12.8278,12.6300,13.1502
2025-02-20,13.6100,14.0500,13.2800,13.9300,53113600,RIVN,12.9420,13.2729,13.5783,13.0897,12.1326,12.8432,12.6489,13.1547
2025-02-21,12.9700,13.3600,12.5500,12.7100,70455100,RIVN,12.9660,13.2440,13.5777,13.0850,12.1506,12.8458,12.6634,13.1529
2025-02-24,11.9600,12.7200,11.7100,12.4950,56949900,RIVN,12.9255,13.1217,13.5279,13.0409,12.1542,12.8282,12.6716,13.1410
2025-02-25,11.4500,12.1850,11.3800,11.9300,36379100,RIVN,12.8555,12.9625,13.4757,12.9785,12.1565,12.8009,12.6776,13.1242
2025-02-26,11.4000,12.0200,11.3300,11.5200,29864400,RIVN,12.7900,12.8137,13.4285,12.9166,12.1661,12.7732,12.6832,13.1070
2025-02-27,11.6000,12.2600,11.4400,11.5000,31121300,RIVN,12.7490,12.6981,13.3765,12.8649,12.1757,12.7500,12.6901,13.0921
2025-02-28,11.8400,12.1050,11.3200,11.5700,30926800,RIVN,12.7155,12.6164,13.3259,12.8247,12.1863,12.7319,12.6994,13.0796
2025-03-03,11.5100,12.4200,11.3900,12.0000,27909700,RIVN,12.6630,12.5110,13.2493,12.7732,12.1970,12.7077,12.7024,13.0640
2025-03-04,11.2600,11.5800,10.8500,11.1500,31774700,RIVN,12.6065,12.3919,13.1805,12.7138,12.2047,12.6791,12.7028,13.0460
2025-03-05,11.4200,11.4900,11.0600,11.4000,19063300,RIVN,12.5340,12.2993,13.1477,12.6631,12.2142,12.6541,12.7089,13.0298
2025-03-06,11.0300,11.3500,10.9400,10.9700,23164800,RIVN,12.4470,12.1784,13.1071,12.5991,12.2203,12.6220,12.7134,13.0099
2025-03-07,11.1700,11.2600,10.6600,10.9000,27898100,RIVN,12.3655,12.0824,13.0539,12.5430,12.2294,12.5932,12.7167,12.9916
2025-03-10,10.9600,11.6300,10.7900,10.9700,29226300,RIVN,12.2895,11.9755,12.9981,12.4809,12.2340,12.5609,12.7201,12.9714
2025-03-11,10.7900,11.0900,10.4800,10.9800,25110900,RIVN,12.1795,11.8626,12.9327,12.4146,12.2384,12.5258,12.7238,12.9497
2025-03-12,11.0600,11.3300,10.8650,11.0650,22142000,RIVN,12.1105,11.7862,12.8731,12.3615,12.2475,12.4968,12.7257,12.9309
2025-03-13,10.6100,11.0900,10.5400,11.0000,25293800,RIVN,12.0170,11.6741,12.8123,12.2928,12.2512,12.4594,12.7289,12.9078
2025-03-14,10.7500,10.8050,10.5800,10.7350,19902000,RIVN,11.8895,11.5861,12.7557,12.2323,12.2575,12.4256,12.7305,12.8863
2025-03-17,11.0200,11.1450,10.7350,10.7500,22395400,RIVN,11.7390,11.5322,12.7101,12.1848,12.2673,12.3977,12.7335,12.8678
2025-03-18,11.2000,11.7350,10.9600,11.0000,32767000,RIVN,11.5770,11.5006,12.6691,12.1462,12.2790,12.3740,12.7384,12.8512
2025-03-19,11.3600,11.6900,11.2100,11.2400,20744300,RIVN,11.4485,11.4872,12.5665,12.1153,12.2877,12.3539,12.7403,12.8363
2025-03-20,10.8800,11.1800,10.8300,11.0750,29439100,RIVN,11.3120,11.4294,12.4698,12.0669,12.2949,12.3248,12.7401,12.8169
2025-03-21,11.6000,11.6200,10.7150,10.8000,36684600,RIVN,11.2435,11.4456,12.4028,12.0486,12.3066,12.3104,12.7412,12.8048
2025-03-24,12.1900,12.2600,11.7400,11.8350,33462400,RIVN,11.2550,11.5165,12.3624,12.0541,12.3240,12.3080,12.7460,12.7987
2025-03-25,12.3600,12.3700,11.8700,12.2000,22158000,RIVN,11.3005,11.5968,12.3326,12.0661,12.3390,12.3091,12.7505,12.7943
2025-03-26,12.1000,12.6650,11.9500,12.5600,27753600,RIVN,11.3355,11.6448,12.3048,12.0674,12.3553,12.3049,12.7524,12.7874
2025-03-27,13.0200,13.3000,12.0300,12.1400,62257100,RIVN,11.4065,11.7757,12.2984,12.1048,12.3816,12.3191,12.7599,12.7897
2025-03-28,12.4100,13.0400,12.1700,12.9950,35943500,RIVN,11.4350,11.8361,12.2678,12.1168,12.4047,12.3209,12.7626,12.7859
2025-03-31,12.4500,12.5900,11.6850,12.0300,29697100,RIVN,11.4820,11.8946,12.2280,12.1298,12.4274,12.3234,12.7657,12.7826
2025-04-01,13.2800,13.4900,12.4050,12.4650,45477400,RIVN,11.5830,12.0265,12.2094,12.1749,12.4573,12.3424,12.7730,12.7875
2025-04-02,12.4900,13.0000,12.2100,12.8100,54692600,RIVN,11.6365,12.0707,12.1934,12.1873,12.4763,12.3453,12.7799,12.7846
2025-04-03,11.5300,12.4000,11.4400,11.7750,38259500,RIVN,11.6615,12.0192,12.1702,12.1615,12.4945,12.3292,12.7832,12.7721
2025-04-04,11.2100,11.3700,10.3600,11.2300,34797900,RIVN,11.6635,11.9421,12.1446,12.1242,12.5061,12.3070,12.7844,12.7565
2025-04-07,11.2100,11.9750,10.4700,10.5700,40512200,RIVN,11.6760,11.8724,12.1134,12.0884,12.5123,12.2853,12.7854,12.7412
2025-04-08,10.8000,12.1750,10.5550,11.5510,41876000,RIVN,11.6765,11.7703,12.0724,12.0378,12.5099,12.2559,12.7877,12.7218
2025-04-09,11.7700,11.9800,10.6700,10.7800,43372900,RIVN,11.7120,11.7702,12.0536,12.0273,12.5218,12.2462,12.7950,12.7124
2025-04-10,11.4600,11.6800,10.9400,11.4750,25430700,RIVN,11.7545,11.7407,12.0344,12.0051,12.5161,12.2307,12.7972,12.6999
2025-04-11,11.4700,11.4900,10.9300,11.4100,22906900,RIVN,11.7905,11.7149,12.0136,11.9841,12.5277,12.2156,12.7948,12.6877
2025-04-14,12.0300,12.1100,11.5200,11.6400,26872000,RIVN,11.8410,11.7449,12.0030,11.9859,12.5474,12.2119,12.7812,12.6811
2025-04-15,11.9100,12.1000,11.6500,11.9000,21002700,RIVN,11.8765,11.7606,11.9934,11.9829,12.5658,12.2060,12.7684,12.6734
2025-04-16,11.4900,12.1450,11.1700,11.6400,33313100,RIVN,11.8830,11.7349,11.9658,11.9636,12.5790,12.1918,12.7588,12.6617
2025-04-17,11.6000,11.6900,11.3450,11.5300,16103300,RIVN,11.9190,11.7220,11.9424,11.9493,12.5945,12.1801,12.7472,12.6511
2025-04-21,11.1500,11.5500,10.8500,11.4850,24615700,RIVN,11.8965,11.6675,11.9094,11.9180,12.6058,12.1597,12.7285,12.6362
2025-04-22,11.3600,11.7400,11.2500,11.3200,23025700,RIVN,11.8550,11.6383,11.8870,11.8961,12.6170,12.1438,12.7120,12.6235
2025-04-23,11.8000,12.2400,11.7700,11.7700,27987800,RIVN,11.8270,11.6537,11.8632,11.8923,12.6190,12.1370,12.6971,12.6153
2025-04-24,12.0900,12.2710,11.7100,11.8700,19788600,RIVN,11.8265,11.6952,11.8562,11.9001,12.6244,12.1361,12.6801,12.6101
2025-04-25,12.6200,12.6500,12.0200,12.0350,24483100,RIVN,11.8065,11.7833,11.8590,11.9283,12.6284,12.1457,12.6646,12.6102
2025-04-28,13.1900,13.3200,12.7500,12.7600,33541000,RIVN,11.8455,11.9173,11.8568,11.9778,12.6380,12.1663,12.6487,12.6159
2025-04-29,13.3000,13.3500,12.9300,13.1500,18419200,RIVN,11.8880,12.0490,11.8422,12.0296,12.6523,12.1888,12.6314,12.6227
2025-04-30,13.6600,13.8100,12.7300,12.8900,48760500,RIVN,11.9070,12.2024,11.8266,12.0936,12.6701,12.2179,12.6092,12.6331
2025-05-01,13.7600,14.1600,13.7000,13.7200,31917000,RIVN,11.9705,12.3507,11.8232,12.1589,12.6881,12.2485,12.5905,12.6443
2025-05-02,13.8300,14.0500,13.6100,14.0500,27224000,RIVN,12.0855,12.4916,11.8276,12.2245,12.7030,12.2798,12.5699,12.6561
2025-05-05,13.5500,13.7500,13.1300,13.7000,25460100,RIVN,12.2025,12.5924,11.8392,12.2764,12.7085,12.3049,12.5517,12.6650
2025-05-06,13.5000,13.7250,13.2340,13.3800,35961300,RIVN,12.3170,12.6788,11.8700,12.3244,12.6990,12.3286,12.5347,12.6733
2025-05-07,12.7200,13.8200,12.5200,13.4500,56926300,RIVN,12.4130,12.6828,11.8954,12.3399,12.6856,12.3363,12.5146,12.6737
2025-05-08,13.6800,13.9700,12.8450,12.9200,50103700,RIVN,12.5085,12.7777,11.9410,12.3925,12.6848,12.3630,12.4969,12.6837
2025-05-09,14.2600,14.6900,13.6500,13.7100,50580800,RIVN,12.6485,12.9189,11.9942,12.4657,12.6854,12.4005,12.4807,12.6994
2025-05-12,14.6400,14.9800,14.5200,14.8200,35622500,RIVN,12.8070,13.0828,12.0502,12.5510,12.6881,12.4449,12.4725,12.7187
2025-05-13,14.8700,15.1500,14.6100,14.7200,35004700,RIVN,12.9490,13.2530,12.1174,12.6419,12.6834,12.4929,12.4656,12.7401
2025-05-14,14.8200,15.0300,14.2150,14.6550,47996500,RIVN,13.0945,13.4023,12.1886,12.7273,12.6846,12.5390,12.4587,12.7608
2025-05-15,15.3000,15.5600,14.6100,14.6400,55059200,RIVN,13.2850,13.5830,12.2662,12.8282,12.7070,12.5936,12.4537,12.7861
2025-05-16,15.8100,15.8300,15.3500,15.3800,32231900,RIVN,13.4955,13.7951,12.3618,12.9452,12.7345,12.6573,12.4517,12.8162
2025-05-19,16.2900,16.4300,15.2450,15.4400,43922000,RIVN,13.7525,14.0327,12.4642,13.0763,12.7591,12.7293,12.4511,12.8508
2025-05-20,16.9200,17.1500,16.2200,16.3100,63759100,RIVN,14.0305,14.3077,12.5834,13.2271,12.7908,12.8123,12.4595,12.8912
2025-05-21,16.3400,17.0800,16.0250,16.7100,46878400,RIVN,14.2575,14.5012,12.6944,13.3491,12.8136,12.8821,12.4676,12.9256
2025-05-22,15.9100,16.3500,15.7300,16.1900,28115800,RIVN,14.4485,14.6354,12.7914,13.4496,12.8323,12.9421,12.4741,12.9553
2025-05-23,15.6300,15.8700,15.4000,15.6100,21795000,RIVN,14.5990,14.7301,12.8918,13.5351,12.8521,12.9953,12.4782,12.9819
2025-05-27,15.3700,15.9800,14.8700,15.9400,36961400,RIVN,14.7080,14.7911,12.9842,13.6070,12.8700,13.0423,12.4861,13.0056
2025-05-28,15.4800,15.8000,15.3250,15.4000,23048100,RIVN,14.8170,14.8567,13.0734,13.6805,12.8918,13.0906,12.4899,13.0303
2025-05-29,15.0050,15.6900,14.9600,15.6700,25175200,RIVN,14.8843,14.8708,13.1495,13.7324,12.9093,13.1285,12.4952,13.0499
2025-05-30,14.5300,14.9800,14.4100,14.9650,40113300,RIVN,14.9228,14.8384,13.2129,13.7637,12.8897,13.1563,12.5009,13.0646
2025-06-02,14.1000,14.5000,13.8450,14.4000,27357400,RIVN,14.9363,14.7680,13.2773,13.7769,12.8736,13.1749,12.5037,13.0749
2025-06-03,14.3700,14.6800,14.1900,14.1900,22945600,RIVN,14.9773,14.7301,13.3327,13.8002,12.8678,13.1986,12.5093,13.0878
2025-06-04,14.0100,14.5300,13.8700,14.3700,26241100,RIVN,15.0028,14.6615,13.3691,13.8084,12.8658,13.2147,12.5106,13.0970
2025-06-05,13.7800,14.2700,13.6130,14.0250,34888200,RIVN,15.0558,14.5776,13.3975,13.8073,12.8651,13.2259,12.5134,13.1038
2025-06-06,14.0000,14.1350,13.6900,13.9150,24451500,RIVN,15.0718,14.5226,13.4355,13.8148,12.8702,13.2412,12.5158,13.1127
2025-06-09,14.4000,14.5500,13.9950,14.1500,27172700,RIVN,15.0788,14.5109,13.4631,13.8378,12.8808,13.2641,12.5218,13.1255
2025-06-10,14.4000,14.7350,14.2700,14.5900,19586300,RIVN,15.0668,14.5003,13.5029,13.8598,12.8854,13.2866,12.5284,13.1382
2025-06-11,14.2000,14.8000,14.0650,14.6050,20827200,RIVN,15.0332,14.4717,13.5379,13.8732,12.8830,13.3047,12.5354,13.1488
2025-06-12,13.9100,14.1300,13.8800,13.9800,14829200,RIVN,14.9878,14.4182,13.5505,13.8746,12.8800,13.3167,12.5351,13.1563
2025-06-13,13.4200,13.7400,13.3500,13.5750,26990400,RIVN,14.8938,14.3232,13.5691,13.8568,12.8813,13.3188,12.5304,13.1590
2025-06-16,13.7600,14.1400,13.4500,13.6300,26498600,RIVN,14.7912,14.2695,13.6137,13.8530,12.8920,13.3275,12.5268,13.1649
2025-06-17,13.3900,13.6900,13.2600,13.4750,21409600,RIVN,14.6462,14.1858,13.6573,13.8348,12.9010,13.3287,12.5246,13.1672
2025-06-18,13.7700,13.9100,13.3600,13.4400,15930900,RIVN,14.4887,14.1462,13.7085,13.8323,12.9110,13.3375,12.5230,13.1732
2025-06-20,13.5700,14.0300,13.3850,13.9300,28260200,RIVN,14.3502,14.0913,13.7639,13.8220,12.9182,13.3421,12.5202,13.1771
2025-06-23,13.6500,13.9300,13.4300,13.5300,22204000,RIVN,14.2372,14.0493,13.8015,13.8153,12.9276,13.3482,12.5227,13.1818
2025-06-24,13.8100,13.9800,13.6900,13.8350,17736500,RIVN,14.1462,14.0265,13.8485,13.8150,12.9415,13.3573,12.5254,13.1881
2025-06-25,13.7600,13.9100,13.5320,13.8850,14584900,RIVN,14.0657,14.0011,13.8943,13.8129,12.9540,13.3653,12.5255,13.1938
2025-06-26,13.9100,14.1400,13.6600,13.7900,17763100,RIVN,13.9872,13.9924,13.9319,13.8167,12.9675,13.3761,12.5289,13.2009
2025-06-27,13.6000,13.9510,13.3800,13.9450,27501900,RIVN,13.9170,13.9551,13.9657,13.8082,12.9796,13.3805,12.5315,13.2049
2025-06-30,13.7400,13.8250,13.5600,13.6000,18768700,RIVN,13.8775,13.9346,14.0107,13.8055,12.9883,13.3876,12.5340,13.2102
2025-07-01,13.4700,13.5500,12.9700,13.5450,30282100,RIVN,13.8460,13.8903,14.0481,13.7924,12.9953,13.3893,12.5317,13.2128
2025-07-02,12.8700,13.3300,12.8300,13.3000,42320400,RIVN,13.7710,13.7932,14.0825,13.7562,12.9960,13.3790,12.5275,13.2094
2025-07-03,13.0700,13.4550,12.8900,12.9700,21513400,RIVN,13.7240,13.7243,14.1167,13.7293,13.0019,13.3729,12.5253,13.2080
2025-07-07,12.7500,12.9200,12.4440,12.8800,34462300,RIVN,13.6725,13.6315,14.1357,13.6909,12.9995,13.3605,12.5231,13.2034
2025-07-08,13.1300,13.3700,12.7800,12.7900,28302900,RIVN,13.6290,13.5837,14.1565,13.6689,13.0064,13.3560,12.5232,13.2027
2025-07-09,13.2000,13.3200,13.0600,13.1900,16207100,RIVN,13.5690,13.5472,14.1681,13.6505,13.0136,13.3529,12.5247,13.2027
2025-07-10,13.3200,13.4950,13.1950,13.2150,20665200,RIVN,13.5150,13.5255,14.1707,13.6375,13.0138,13.3522,12.5256,13.2038
2025-07-11,13.0300,13.4400,13.0000,13.1800,21163700,RIVN,13.4565,13.4784,14.1653,13.6137,13.0038,13.3458,12.5322,13.2021
2025-07-14,12.7500,12.8800,12.5500,12.8510,28208300,RIVN,13.3985,13.4090,14.1471,13.5798,12.9869,13.3340,12.5364,13.1976
2025-07-15,12.6300,13.0300,12.6200,12.8000,27878300,RIVN,13.3590,13.3348,14.1245,13.5426,12.9739,13.3201,12.5403,13.1920
2025-07-16,12.3900,12.7000,11.9600,12.7000,41553000,RIVN,13.2905,13.2448,14.0957,13.4974,12.9617,13.3017,12.5471,13.1840
2025-07-17,12.9000,13.4900,12.6900,12.7400,52110700,RIVN,13.2660,13.2120,14.0827,13.4740,12.9610,13.2937,12.5558,13.1812
2025-07-18,13.7000,13.8600,12.8000,13.0300,48648400,RIVN,13.2625,13.2585,14.0867,13.4828,12.9784,13.3018,12.5663,13.1863
2025-07-21,13.7000,14.1500,13.6200,13.9150,35627000,RIVN,13.2690,13.3005,14.1063,13.4913,13.0009,13.3097,12.5787,13.1914
2025-07-22,14.1200,14.5100,13.6200,13.6500,45193500,RIVN,13.2925,13.3786,14.1151,13.5160,13.0281,13.3257,12.5971,13.2007
2025-07-23,14.0200,14.2400,13.7700,14.2100,38372200,RIVN,13.3030,13.4396,14.1103,13.5358,13.0523,13.3395,12.6140,13.2088
2025-07-24,13.8200,13.8900,13.4100,13.7850,39294600,RIVN,13.3060,13.4759,14.0939,13.5469,13.0721,13.3490,12.6292,13.2149
2025-07-25,14.0100,14.4700,13.8010,13.8900,51134500,RIVN,13.3110,13.5267,14.0767,13.5651,13.0971,13.3621,12.6470,13.2228
2025-07-28,13.7800,14.0700,13.7100,14.0450,22639700,RIVN,13.3200,13.5509,14.0559,13.5735,13.1223,13.3703,12.6635,13.2284
2025-07-29,13.0600,13.8300,13.0550,13.7700,38882200,RIVN,13.2860,13.5041,14.0111,13.5534,13.1387,13.3642,12.6764,13.2267
2025-07-30,13.0300,13.1800,12.8500,13.1100,37652100,RIVN,13.2640,13.4590,13.9555,13.5328,13.1587,13.3576,12.6895,13.2247
2025-07-31,12.8700,13.1300,12.8000,12.9950,37911500,RIVN,13.2640,13.4029,13.8871,13.5068,13.1757,13.3479,12.7025,13.2212
2025-08-01,12.3800,12.7000,12.3100,12.6500,42548400,RIVN,13.2295,13.3054,13.7963,13.4627,13.1899,13.3287,12.7119,13.2128
2025-08-04,12.4100,12.8400,12.3500,12.5600,45497100,RIVN,13.2125,13.2202,13.7177,13.4214,13.2061,13.3106,12.7222,13.2048
2025-08-05,12.1500,12.5200,12.0620,12.4800,67997400,RIVN,13.1635,13.1182,13.6425,13.3715,13.2169,13.2876,12.7322,13.1943
2025-08-06,11.6400,12.2600,11.5700,11.6750,67072700,RIVN,13.0855,12.9775,13.5627,13.3036,13.2273,13.2549,12.7392,13.1789
2025-08-07,12.0700,12.1900,11.7150,11.7700,33230100,RIVN,13.0230,12.8910,13.4967,13.2552,13.2405,13.2315,12.7490,13.1678
2025-08-08,11.7900,12.2850,11.7800,12.0800,31601200,RIVN,12.9610,12.7862,13.4229,13.1978,13.2481,13.2029,12.7577,13.1541
2025-08-11,11.9300,12.3300,11.8300,11.8800,40349800,RIVN,12.9200,12.7046,13.3614,13.1481,13.2555,13.1777,12.7672,13.1420
2025-08-12,11.9700,12.1050,11.5800,12.0800,33584100,RIVN,12.8870,12.6347,13.3102,13.1019,13.2616,13.1538,12.7746,13.1303
2025-08-13,12.2800,12.3450,11.9050,12.0000,25094800,RIVN,12.8815,12.6009,13.2738,13.0696,13.2756,13.1365,12.7852,13.1218
2025-08-14,12.0600,12.2100,11.7900,12.0650,38053200,RIVN,12.8395,12.5494,13.2276,13.0300,13.2802,13.1152,12.7934,13.1113
2025-08-15,12.2400,12.4500,12.0100,12.0300,51961800,RIVN,12.7665,12.5199,13.1922,12.9991,13.2807,13.0979,12.8023,13.1026
2025-08-18,12.4100,12.4800,12.0700,12.2800,38394400,RIVN,12.7020,12.5094,13.1648,12.9760,13.2812,13.0842,12.8101,13.0957
2025-08-19,12.2500,12.5000,12.0700,12.4500,48702000,RIVN,12.6085,12.4847,13.1298,12.9475,13.2827,13.0677,12.8190,13.0873
2025-08-20,12.0700,12.3250,11.8800,12.1750,45077400,RIVN,12.5110,12.4452,13.0832,12.9131,13.2731,13.0480,12.8274,13.0772
2025-08-21,12.1200,12.1500,11.8400,12.0400,42737000,RIVN,12.4260,12.4143,13.0376,12.8820,13.2702,13.0296,12.8375,13.0676
2025-08-22,13.0900,13.1100,12.1600,12.1700,64603100,RIVN,12.3800,12.4786,13.0154,12.8901,13.2766,13.0308,12.8520,13.0679
2025-08-25,13.1100,13.4900,12.9100,13.0500,46841300,RIVN,12.3465,12.5388,12.9994,12.8988,13.2749,13.0324,12.8661,13.0683
2025-08-26,13.2100,13.2600,12.8400,13.1100,53099500,RIVN,12.3540,12.6027,12.9952,12.9110,13.2822,13.0359,12.8792,13.0697
2025-08-27,13.2200,13.5000,13.1350,13.2500,38969800,RIVN,12.3635,12.6615,12.9844,12.9231,13.2991,13.0395,12.8968,13.0712
2025-08-28,13.6400,13.6600,13.0900,13.3400,31625800,RIVN,12.4020,12.7547,12.9894,12.9512,13.3234,13.0514,12.9147,13.0769
2025-08-29,13.5700,13.8850,13.3100,13.6500,39634100,RIVN,12.4615,12.8323,12.9854,12.9755,13.3470,13.0617,12.9296,13.0818
2025-09-02,13.8700,13.9500,12.9800,13.3000,51257800,RIVN,12.5345,12.9311,12.9914,13.0105,13.3777,13.0777,12.9438,13.0896
2025-09-03,14.4400,15.0300,13.8500,13.9000,77654700,RIVN,12.6490,13.0748,13.0072,13.0666,13.4043,13.1047,12.9631,13.1030
2025-09-04,13.7000,14.3700,13.3800,14.3600,82734000,RIVN,12.7520,13.1344,13.0050,13.0914,13.4267,13.1165,12.9714,13.1090
2025-09-05,14.2100,14.5700,13.6600,13.7400,87135100,RIVN,12.8590,13.2368,13.0140,13.1353,13.4541,13.1381,12.9909,13.1199
2025-09-08,13.9900,14.3250,13.8200,14.2350,54560700,RIVN,12.9690,13.3086,13.0156,13.1688,13.4737,13.1550,13.0106,13.1286
2025-09-09,13.9400,14.2000,13.6850,14.0000,30599700,RIVN,13.0695,13.3687,13.0224,13.1991,13.4940,13.1705,13.0299,13.1367
2025-09-10,13.9100,14.2700,13.7300,13.9400,32445400,RIVN,13.1665,13.4202,13.0258,13.2269,13.5182,13.1852,13.0486,13.1444
2025-09-11,13.9700,14.6300,13.9500,13.9700,40471700,RIVN,13.2510,13.4726,13.0358,13.2561,13.5419,13.2007,13.0682,13.1526
2025-09-12,13.4600,14.0400,12.5700,14.0000,67199600,RIVN,13.3210,13.4714,13.0476,13.2641,13.5650,13.2058,13.0854,13.1556
2025-09-15,13.6000,13.7700,13.3800,13.6300,30818500,RIVN,13.3890,13.4836,13.0582,13.2773,13.5874,13.2136,13.1022,13.1601
2025-09-16,14.3200,14.6500,13.7300,13.7700,62422900,RIVN,13.4845,13.5633,13.0896,13.3181,13.6126,13.2356,13.1158,13.1716
2025-09-17,14.1100,14.6300,13.9600,14.3850,47865900,RIVN,13.5775,13.6154,13.1092,13.3492,13.6328,13.2529,13.1286,13.1809
2025-09-18,14.6800,14.9400,14.0740,14.2900,48669500,RIVN,13.7080,13.7168,13.1388,13.4014,13.6534,13.2811,13.1409,13.1959
2025-09-19,14.3800,14.7700,14.0200,14.7200,68671900,RIVN,13.8210,13.7799,13.1600,13.4398,13.6653,13.3029,13.1516,13.2076
2025-09-22,15.2400,15.4300,14.1100,14.3050,74244700,RIVN,13.9285,13.9190,13.2042,13.5104,13.6847,13.3412,13.1685,13.2279
2025-09-23,15.5300,15.7000,14.9900,15.2450,53832600,RIVN,14.0495,14.0724,13.2598,13.5896,13.7034,13.3846,13.1867,13.2508
2025-09-24,15.7900,15.9500,15.0640,15.5100,50644500,RIVN,14.1785,14.2360,13.3230,13.6759,13.7237,13.4322,13.2059,13.2760
2025-09-25,15.7400,16.0500,15.1400,15.5000,44793600,RIVN,14.3045,14.3792,13.3900,13.7568,13.7428,13.4779,13.2229,13.3005
2025-09-26,15.5900,16.1700,15.5700,15.8100,36800700,RIVN,14.4020,14.4945,13.4438,13.8287,13.7632,13.5197,13.2358,13.3233
2025-09-29,15.2500,15.7900,15.0000,15.7500,46005200,RIVN,14.4860,14.5665,13.4748,13.8844,13.7807,13.5540,13.2398,13.3425
2025-09-30,14.6800,15.5100,14.5500,15.2500,48572400,RIVN,14.5265,14.5773,13.4944,13.9156,13.8003,13.5763,13.2429,13.3558
2025-10-01,14.6100,15.0600,14.5900,14.7850,27345900,RIVN,14.5350,14.5804,13.5042,13.9429,13.8096,13.5968,13.2472,13.3683
2025-10-02,13.5300,14.1500,13.2100,14.1300,75952400,RIVN,14.5265,14.4804,13.4944,13.9267,13.8023,13.5955,13.2438,13.3699
2025-10-03,13.6500,13.7300,13.2200,13.5250,45879700,RIVN,14.4985,14.4013,13.4910,13.9158,13.7924,13.5965,13.2402,13.3727
2025-10-06,13.5000,13.9000,13.4600,13.7300,29514100,RIVN,14.4740,14.3155,13.4808,13.8995,13.7787,13.5946,13.2310,13.3739
2025-10-07,13.2600,13.7200,13.2300,13.5300,31711000,RIVN,14.4400,14.2149,13.4704,13.8744,13.7631,13.5880,13.2238,13.3728
2025-10-08,13.1300,13.4000,13.0500,13.2800,26798600,RIVN,14.4010,14.1116,13.4718,13.8452,13.7414,13.5789,13.2242,13.3704
2025-10-09,13.0900,13.1700,12.8600,13.0800,27776400,RIVN,14.3570,14.0143,13.4730,13.8156,13.7142,13.5692,13.2243,13.3676
2025-10-10,12.8000,13.2000,12.6700,13.1200,25834700,RIVN,14.3240,13.8987,13.4716,13.7758,13.6793,13.5540,13.2192,13.3620
2025-10-13,13.0600,13.1200,12.8000,12.9900,21988800,RIVN,14.2970,13.8188,13.4852,13.7477,13.6407,13.5442,13.2157,13.3590
2025-10-14,13.1200,13.2700,12.6100,12.8600,25298100,RIVN,14.2370,13.7522,13.4994,13.7231,13.6085,13.5358,13.2110,13.3566
2025-10-15,13.4100,13.6380,13.1850,13.2500,36082900,RIVN,14.2020,13.7196,13.5246,13.7108,13.5835,13.5333,13.2079,13.3571
2025-10-16,12.9100,13.4200,12.8100,13.4200,28327500,RIVN,14.1135,13.6425,13.5500,13.6794,13.5563,13.5210,13.2042,13.3527
2025-10-17,13.0300,13.2150,12.8700,12.9000,24003800,RIVN,14.0460,13.5842,13.5692,13.6540,13.5329,13.5113,13.2014,13.3495
2025-10-20,13.0800,13.1500,12.6600,12.8000,35626600,RIVN,13.9380,13.5362,13.5950,13.6314,13.5089,13.5027,13.2003,13.3468
2025-10-21,13.2000,13.5600,12.9000,13.0700,27959900,RIVN,13.8215,13.5042,13.6204,13.6145,13.4909,13.4967,13.2001,13.3453
2025-10-22,12.9200,13.2500,12.7200,13.0900,41848600,RIVN,13.6780,13.4485,13.6394,13.5873,13.4748,13.4853,13.1822,13.3411
2025-10-23,13.0900,13.1900,12.7100,12.7700,26000500,RIVN,13.5455,13.4144,13.6556,13.5678,13.4647,13.4775,13.1691,13.3386
2025-10-24,12.9800,13.2700,12.9350,13.2150,28316100,RIVN,13.4150,13.3730,13.6740,13.5447,13.4508,13.4676,13.1593,13.3350
2025-10-27,13.4100,13.6650,12.9700,13.1700,48280800,RIVN,13.3230,13.3765,13.6974,13.5395,13.4448,13.4665,13.1553,13.3358
2025-10-28,13.5000,13.6300,13.2100,13.4100,41866300,RIVN,13.2640,13.3883,13.7192,13.5379,13.4420,13.4672,13.1535,13.3374
2025-10-29,13.7100,13.8800,13.4500,13.5000,34922200,RIVN,13.2190,13.4189,13.7484,13.5447,13.4391,13.4720,13.1546,13.3411
2025-10-30,12.9900,13.5800,12.9900,13.5500,39850400,RIVN,13.1920,13.3781,13.7668,13.5229,13.4250,13.4624,13.1529,13.3376
2025-10-31,13.5700,13.5900,12.8950,13.0800,44821400,RIVN,13.1880,13.3964,13.7958,13.5248,13.4167,13.4646,13.1510,13.3399
2025-11-03,13.1900,13.5900,13.1550,13.5500,38765500,RIVN,13.1725,13.3767,13.7978,13.5116,13.4066,13.4591,13.1448,13.3384
2025-11-04,12.5000,12.9800,12.3900,12.9600,55207800,RIVN,13.1345,13.2932,13.7856,13.4720,13.3925,13.4401,13.1362,13.3301
2025-11-05,15.4200,15.8500,13.2600,13.3350,197650600,RIVN,13.2490,13.4958,13.8298,13.5483,13.4125,13.4793,13.1469,13.3509
2025-11-06,15.2200,15.6100,14.4800,15.2600,88735300,RIVN,13.3555,13.6600,13.8698,13.6139,13.4271,13.5138,13.1595,13.3695
2025-11-07,15.2300,15.3750,14.2500,15.0600,65782100,RIVN,13.4770,13.8095,13.9016,13.6773,13.4455,13.5478,13.1732,13.3880
2025-11-10,16.4100,16.7500,15.0100,15.5400,104369900,RIVN,13.6445,14.0572,13.9584,13.7844,13.4719,13.6045,13.1914,13.4181
2025-11-11,18.0200,18.1300,16.2000,16.3800,109217400,RIVN,13.8895,14.4346,14.0414,13.9505,13.5164,13.6919,13.2173,13.4638
2025-11-12,17.5200,17.7100,16.4000,17.5550,72372100,RIVN,14.0950,14.7284,14.1030,14.0905,13.5551,13.7677,13.2413,13.5042
2025-11-13,16.3900,17.7100,16.2100,17.2400,58775100,RIVN,14.2690,14.8867,14.1568,14.1807,13.5809,13.8196,13.2612,13.5329
2025-11-14,15.1100,15.8700,15.0700,15.7000,60069200,RIVN,14.3730,14.9079,14.1748,14.2171,13.5944,13.8452,13.2742,13.5486
2025-11-17,14.8700,15.2400,14.5300,15.0100,58303200,RIVN,14.4625,14.9043,14.1924,14.2427,13.6040,13.8655,13.2857,13.5618
2025-11-18,14.9900,15.3300,14.4000,14.6800,40761500,RIVN,14.5520,14.9125,14.2134,14.2720,13.6179,13.8877,13.2987,13.5760
2025-11-19,14.7200,14.9300,14.3300,14.8300,51911000,RIVN,14.6420,14.8942,14.2296,14.2896,13.6277,13.9042,13.3080,13.5874
2025-11-20,14.6600,15.6300,14.5900,14.9350,45539400,RIVN,14.7205,14.8719,14.2434,14.3041,13.6396,13.9192,13.3174,13.5980
2025-11-21,14.8600,15.1200,13.9500,14.7350,40498600,RIVN,14.8145,14.8707,14.2714,14.3259,13.6595,13.9378,13.3277,13.6106
2025-11-24,15.1700,15.2500,14.6800,15.0300,42345100,RIVN,14.9025,14.8992,14.3028,14.3590,13.6805,13.9622,13.3412,13.6261
2025-11-25,15.5600,15.6650,14.8950,15.1150,30087700,RIVN,15.0055,14.9622,14.3276,14.4061,13.7086,13.9939,13.3540,13.6453
2025-11-26,16.1800,16.4800,15.5070,15.6100,35451200,RIVN,15.1290,15.0781,14.3690,14.4757,13.7391,14.0371,13.3727,13.6706
2025-11-28,16.8600,17.0550,16.2600,16.3900,18543000,RIVN,15.3225,15.2478,14.4126,14.5692,13.7757,14.0930,13.3946,13.7023
2025-12-01,17.1600,17.7900,16.5120,16.5500,43381000,RIVN,15.5020,15.4300,14.4682,14.6708,13.8141,14.1538,13.4139,13.7367
2025-12-02,17.2300,17.6700,17.0400,17.2300,34438900,RIVN,15.7040,15.6014,14.5080,14.7712,13.8561,14.2147,13.4299,13.7715
2025-12-03,17.5300,17.9000,16.9000,17.2000,31993600,RIVN,15.9555,15.7851,14.5480,14.8794,13.9039,14.2803,13.4454,13.8089
2025-12-04,18.0600,18.1700,17.3700,17.6100,39172100,RIVN,16.0875,16.0017,14.5934,15.0041,13.9582,14.3552,13.4660,13.8512
2025-12-05,17.9500,18.6000,17.9100,18.0800,40574600,RIVN,16.2240,16.1873,14.6376,15.1196,14.0138,14.4264,13.4877,13.8920
2025-12-08,17.6100,17.7100,17.0400,17.5650,41828700,RIVN,16.3430,16.3228,14.6780,15.2173,14.0609,14.4894,13.5109,13.9289
2025-12-09,17.7100,17.7950,17.3700,17.4700,21450700,RIVN,16.4080,16.4549,14.7272,15.3150,14.1010,14.5532,13.5397,13.9666
2025-12-10,17.5000,18.4100,17.4550,17.6300,48017200,RIVN,16.3820,16.5544,14.7836,15.4007,14.1390,14.6115,13.5699,14.0017
2025-12-11,16.4300,17.4150,15.7300,17.4150,97129800,RIVN,16.3275,16.5426,14.8200,15.4411,14.1621,14.6475,13.5951,14.0259
2025-12-12,18.4200,19.6000,16.7300,16.8200,103734200,RIVN,16.4290,16.7214,14.9178,15.5579,14.2061,14.7222,13.6292,14.0696
2025-12-15,18.7000,19.5800,18.3700,18.6100,64341000,RIVN,16.6085,16.9098,15.0188,15.6811,14.2549,14.8010,13.6635,14.1157
2025-12-16,17.9000,18.9700,17.6400,18.6300,46207200,RIVN,16.7600,17.0041,15.1068,15.7681,14.2938,14.8624,13.6954,14.1533
2025-12-17,17.6300,18.4100,17.6000,18.1000,32172700,RIVN,16.8920,17.0637,15.1942,15.8411,14.3323,14.9172,13.7273,14.1879
2025-12-18,20.2800,20.3300,18.2600,18.2600,67245400,RIVN,17.1700,17.3700,15.3372,16.0152,14.4045,15.0234,13.7716,14.2486
2025-12-19,22.4500,22.6400,20.3100,20.3100,106165100,RIVN,17.5595,17.8538,15.5244,16.2676,14.4987,15.1704,13.8287,14.3302
2025-12-22,21.7500,22.6900,21.6250,22.4700,38448500,RIVN,17.9040,18.2249,15.7034,16.4826,14.5875,15.3007,13.8816,14.4040
2025-12-23,21.1800,21.7000,20.6900,21.6900,38763700,RIVN,18.2045,18.5063,15.8658,16.6668,14.6755,15.4172,13.9327,14.4714
2025-12-24,21.1300,21.4850,20.8300,21.1100,10629600,RIVN,18.4830,18.7562,16.0260,16.8418,14.7627,15.5303,13.9844,14.5377
2025-12-26,20.9000,21.5500,20.7700,21.2200,20503000,RIVN,18.7190,18.9604,16.1758,17.0009,14.8502,15.6366,14.0336,14.6010
2025-12-29,20.6700,21.0400,20.3300,20.6400,20707600,RIVN,18.9095,19.1232,16.3310,17.1448,14.9405,15.7363,14.0839,14.6614
2025-12-30,19.5900,20.6800,19.2800,20.6800,38607700,RIVN,19.0310,19.1677,16.4622,17.2407,15.0157,15.8126,14.1281,14.7104
2025-12-31,19.7100,19.9150,19.3000,19.6200,21573800,RIVN,19.1550,19.2193,16.5948,17.3376,15.0949,15.8898,14.1715,14.7601
2026-01-02,19.4100,20.7100,18.9000,19.7800,42740200,RIVN,19.2490,19.2375,16.7190,17.4188,15.1697,15.9595,14.2126,14.8064
2026-01-05,19.5900,20.0000,19.1600,19.4700,31071500,RIVN,19.3255,19.2710,16.8524,17.5040,15.2459,16.0314,14.2537,14.8540
2026-01-06,19.5300,20.1000,18.8800,19.6400,34687800,RIVN,19.4045,19.2957,16.9812,17.5834,15.3184,16.1006,14.2970,14.9005
2026-01-07,20.0600,20.5800,18.6900,19.4600,42136800,RIVN,19.5270,19.3685,17.1228,17.6805,15.3984,16.1791,14.3393,14.9519
2026-01-08,19.8900,20.9500,19.7000,19.9050,36672600,RIVN,19.6360,19.4182,17.2524,17.7672,15.4749,16.2525,14.3778,15.0010
2026-01-09,19.2200,20.1700,19.0350,19.9450,32467400,RIVN,19.7220,19.3993,17.3668,17.8242,15.5430,16.3113,14.4121,15.0430
2026-01-12,19.1500,19.4450,18.5300,18.7250,29279100,RIVN,19.8580,19.3756,17.4756,17.8762,15.6120,16.3675,14.4473,15.0839
2026-01-13,18.8500,19.1500,18.6450,19.1000,24788400,RIVN,19.8795,19.3255,17.5928,17.9143,15.6798,16.4167,14.4765,15.1213
2026-01-14,17.5000,18.2500,17.0650,18.2450,53011100,RIVN,19.8195,19.1516,17.6714,17.8981,15.7336,16.4381,14.5019,15.1450
2026-01-15,17.0600,17.5700,16.8750,17.4800,29245400,RIVN,19.7775,18.9524,17.7488,17.8652,15.7733,16.4504,14.5250,15.1641
2026-01-16,16.6700,17.2400,16.5800,17.1950,26925000,RIVN,19.7295,18.7351,17.8322,17.8184,15.8089,16.4548,14.5419,15.1790
2026-01-20,16.1600,16.3000,15.8600,16.2250,29808100,RIVN,19.5235,18.4898,17.8470,17.7533,15.8384,16.4489,14.5603,15.1888
2026-01-21,16.4700,16.6600,16.1000,16.4200,23601500,RIVN,19.2245,18.2975,17.8720,17.7030,15.8709,16.4494,14.5850,15.2016
2026-01-22,16.3200,16.9800,16.2200,16.5300,20350000,RIVN,18.9530,18.1091,17.8938,17.6488,15.8977,16.4468,14.6105,15.2127
2026-01-23,15.9500,16.3500,15.7700,16.3300,20442100,RIVN,18.6915,17.9035,17.8846,17.5821,15.9215,16.4370,14.6342,15.2200
2026-01-26,15.7500,15.8800,15.5600,15.8210,17863800,RIVN,18.4225,17.6984,17.8392,17.5103,15.9403,16.4234,14.6590,15.2253
2026-01-27,15.2700,15.8150,15.1150,15.8150,21218500,RIVN,18.1410,17.4671,17.7942,17.4224,15.9486,16.4005,14.6765,15.2257
2026-01-28,15.2000,15.4950,15.1300,15.4300,19042100,RIVN,17.8675,17.2512,17.7704,17.3353,15.9636,16.3767,14.6952,15.2255
2026-01-29,15.1700,15.5550,14.8620,15.3350,23475000,RIVN,17.6465,17.0530,17.7716,17.2504,15.9732,16.3529,14.7137,15.2249
2026-01-30,14.7500,15.2700,14.5000,15.1000,25350700,RIVN,17.3985,16.8337,17.7692,17.1523,15.9808,16.3211,14.7273,15.2202
2026-02-02,14.4400,14.7500,14.3900,14.6950,19269300,RIVN,17.1500,16.6057,17.7582,17.0460,15.9858,16.2839,14.7399,15.2124
2026-02-03,14.4100,14.8000,13.9200,14.4500,25673300,RIVN,16.8910,16.3966,17.7520,16.9426,15.9908,16.2468,14.7545,15.2045
2026-02-04,14.3700,14.6250,14.1000,14.5600,23370800,RIVN,16.6330,16.2036,17.7462,16.8417,15.9948,16.2096,14.7684,15.1961
2026-02-05,13.7300,14.3400,13.5800,14.1100,29469100,RIVN,16.3165,15.9680,17.7236,16.7197,15.9975,16.1605,14.7813,15.1816
2026-02-06,14.8000,14.9900,13.8200,13.8350,31308200,RIVN,16.0620,15.8568,17.7162,16.6444,16.0095,16.1336,14.7985,15.1778
2026-02-09,14.6900,15.0950,14.3300,14.8200,31858800,RIVN,15.8355,15.7456,17.6988,16.5677,16.0132,16.1050,14.8129,15.1729
2026-02-10,14.9600,15.5950,14.8400,14.9300,37616400,RIVN,15.6260,15.6708,17.6744,16.5047,16.0217,16.0823,14.8273,15.1708
2026-02-11,14.7600,15.2400,14.3150,15.1600,27135500,RIVN,15.4215,15.5841,17.6324,16.4363,16.0225,16.0561,14.8380,15.1667
2026-02-12,14.0000,14.8300,13.9400,14.7600,38024300,RIVN,15.2465,15.4332,17.5692,16.3407,16.0187,16.0154,14.8420,15.1551
2026-02-13,17.7300,18.4800,16.4000,17.7700,127927300,RIVN,15.2800,15.6519,17.5792,16.3952,16.0436,16.0493,14.8642,15.1807
2026-02-17,16.4700,17.6600,16.3800,17.3900,55972100,RIVN,15.2700,15.7299,17.5580,16.3982,16.0530,16.0577,14.8782,15.1935
2026-02-18,16.1500,17.0860,16.0730,16.4950,30101700,RIVN,15.2695,15.7699,17.5198,16.3884,16.0566,16.0595,14.8902,15.2031
2026-02-19,15.5900,15.9600,15.0700,15.9300,28703600,RIVN,15.2255,15.7527,17.4726,16.3571,16.0551,16.0502,14.8990,15.2069
2026-02-20,15.2700,15.4200,15.0100,15.3350,20860500,RIVN,15.1730,15.7068,17.4258,16.3145,16.0519,16.0348,14.9076,15.2075
2026-02-23,14.9600,15.3550,14.6950,15.0850,17459800,RIVN,15.1235,15.6356,17.3708,16.2614,16.0490,16.0135,14.9149,15.2051
2026-02-24,15.1200,15.3500,14.7350,15.0950,21025300,RIVN,15.0920,15.5865,17.3232,16.2166,16.0534,15.9958,14.9269,15.2042
2026-02-25,15.2500,15.7050,15.1800,15.3000,19283200,RIVN,15.0910,15.5545,17.2996,16.1787,16.0598,15.9810,14.9347,15.2047
2026-02-26,15.6100,15.7700,15.1300,15.1800,23469700,RIVN,15.1115,15.5598,17.2434,16.1564,16.0806,15.9737,14.9415,15.2087
2026-02-27,15.3300,15.5400,14.9100,15.3400,34214300,RIVN,15.1195,15.5379,17.1760,16.1240,16.0974,15.9609,14.9449,15.2099
2026-03-02,15.0100,15.2200,14.7000,15.0000,20187700,RIVN,15.1325,15.4876,17.1182,16.0803,16.1125,15.9421,14.9456,15.2079
2026-03-03,15.1000,15.6000,14.5600,14.7300,25283000,RIVN,15.1655,15.4507,17.0676,16.0419,16.1309,15.9254,14.9470,15.2069
2026-03-04,14.9200,15.3350,14.8350,14.9800,23847600,RIVN,15.1910,15.4002,16.9604,15.9979,16.1488,15.9055,14.9451,15.2040
2026-03-05,15.1900,15.2800,14.5500,14.6150,27696900,RIVN,15.2320,15.3801,16.8152,15.9662,16.1698,15.8913,14.9420,15.2039
2026-03-06,15.3700,15.6200,14.8000,14.8200,24930200,RIVN,15.3140,15.3792,16.6876,15.9428,16.1955,15.8810,14.9374,15.2055
2026-03-09,15.8700,15.9700,15.0520,15.1150,25666200,RIVN,15.3675,15.4259,16.5814,15.9399,16.2236,15.8808,14.9322,15.2121
2026-03-10,16.5400,17.5550,16.5000,16.7000,51139300,RIVN,15.4600,15.5320,16.4896,15.9635,16.2578,15.8939,14.9332,15.2253
2026-03-11,16.6500,16.8700,16.1350,16.5450,21360700,RIVN,15.5445,15.6385,16.4046,15.9904,16.2902,15.9088,14.9369,15.2395
2026-03-12,15.3000,16.7900,15.2400,16.6000,37373900,RIVN,15.5715,15.6063,16.2972,15.9633,16.3141,15.8968,14.9352,15.2401
2026-03-13,14.8600,15.5550,14.8100,15.2700,30983100,RIVN,15.6145,15.5352,16.2026,15.9201,16.3324,15.8762,14.9327,15.2363
2026-03-16,15.3300,15.4500,14.8500,15.0350,25041500,RIVN,15.4945,15.5156,16.1150,15.8969,16.3549,15.8654,14.9319,15.2373
2026-03-17,15.8200,16.0700,15.2900,15.3100,22536900,RIVN,15.4620,15.5446,16.0432,15.8939,16.3811,15.8645,14.9360,15.2431
2026-03-18,15.5300,16.0380,15.5000,15.6500,19144700,RIVN,15.4310,15.5432,15.9620,15.8796,16.4072,15.8579,14.9410,15.2459
2026-03-19,16.1200,17.1200,15.5450,16.5600,78928100,RIVN,15.4575,15.5982,15.8938,15.8891,16.4375,15.8631,14.9511,15.2546
2026-03-20,14.9100,16.0500,14.8100,15.9600,51016900,RIVN,15.4395,15.5326,15.7908,15.8507,16.4568,15.8442,14.9538,15.2512
2026-03-23,15.7700,16.3200,15.3100,15.3500,37348000,RIVN,15.4800,15.5552,15.7084,15.8475,16.4804,15.8427,14.9626,15.2564
2026-03-24,16.1000,16.1300,15.3650,15.4720,19443600,RIVN,15.5290,15.6071,15.6460,15.8574,16.5064,15.8478,14.9742,15.2648
2026-03-25,15.6200,16.5200,15.5450,16.2600,20330900,RIVN,15.5475,15.6083,15.5754,15.8481,16.5255,15.8433,14.9823,15.2683
2026-03-26,15.2100,15.7000,15.1300,15.4200,16862800,RIVN,15.5275,15.5704,15.5026,15.8231,16.5477,15.8308,14.9863,15.2677
2026-03-27,14.7700,15.2350,14.7000,15.1800,22351500,RIVN,15.4995,15.4942,15.4480,15.7818,16.5597,15.8098,14.9882,15.2628
2026-03-30,14.4900,14.9930,14.2400,14.9000,19715400,RIVN,15.4735,15.3985,15.3966,15.7311,16.5727,15.7836,14.9896,15.2551
2026-03-31,15.0500,15.1600,14.4300,14.5600,24085900,RIVN,15.4710,15.3653,15.3642,15.7044,16.5982,15.7691,14.9953,15.2530
2026-04-01,14.9400,15.8200,14.8700,15.5350,22177900,RIVN,15.4720,15.3248,15.3398,15.6744,16.5934,15.7527,15.0029,15.2499
2026-04-02,15.4000,15.4800,14.6200,14.9400,20720100,RIVN,15.4825,15.3320,15.3184,15.6637,16.5952,15.7457,15.0111,15.2514
2026-04-06,15.2900,15.6900,14.9000,15.3900,22766800,RIVN,15.4785,15.3280,15.2978,15.6490,16.5958,15.7367,15.0206,15.2518
2026-04-07,14.6900,15.2000,14.4250,15.1000,27778900,RIVN,15.4195,15.2672,15.2726,15.6114,16.5786,15.7160,15.0252,15.2462
2026-04-08,15.1400,15.6200,14.8650,15.4900,31904800,RIVN,15.3495,15.2551,15.2604,15.5929,16.5498,15.7046,15.0331,15.2451
2026-04-09,15.2400,15.4300,14.8650,15.0400,16625000,RIVN,15.2790,15.2537,15.2598,15.5791,16.5270,15.6954,15.0410,15.2451
2026-04-10,15.4300,15.8700,15.3000,15.3700,19334300,RIVN,15.2855,15.2705,15.2644,15.5732,16.5174,15.6901,15.0491,15.2469
2026-04-13,15.9000,15.9900,15.2500,15.4000,22415800,RIVN,15.3375,15.3304,15.2790,15.5860,16.5253,15.6943,15.0598,15.2534
2026-04-14,15.9900,16.7100,15.8000,16.3200,29182500,RIVN,15.3705,15.3932,15.3038,15.6019,16.5365,15.7001,15.0702,15.2608
2026-04-15,16.4100,16.4900,15.9050,16.0100,23475200,RIVN,15.4000,15.4901,15.3432,15.6336,16.5507,15.7142,15.0843,15.2722
2026-04-16,16.8900,17.0350,16.3700,16.6400,29131700,RIVN,15.4680,15.6234,15.3928,15.6828,16.5724,15.7375,15.1000,15.2883
2026-04-17,17.2300,17.7750,17.0900,17.1150,32234700,RIVN,15.5235,15.7764,15.4500,15.7435,16.5981,15.7670,15.1188,15.3076
2026-04-20,16.9200,17.1500,16.7600,17.0300,19620300,RIVN,15.6240,15.8853,15.5138,15.7897,16.6187,15.7898,15.1391,15.3237
2026-04-21,17.1500,17.4850,16.8450,17.0700,21364000,RIVN,15.6930,16.0058,15.5608,15.8430,16.6385,15.8168,15.1595,15.3418
2026-04-22,17.7400,18.0700,17.2550,17.4000,26160200,RIVN,15.7750,16.1709,15.6218,15.9174,16.6603,15.8549,15.1844,15.3657
2026-04-23,16.9500,17.7800,16.7200,17.5100,24269300,RIVN,15.8415,16.2451,15.6616,15.9579,16.6680,15.8765,15.2035,15.3815
2026-04-24,16.5200,17.0700,16.2600,16.9500,23800400,RIVN,15.9070,16.2713,15.6968,15.9799,16.6646,15.8893,15.2201,15.3928
2026-04-27,16.7200,16.9950,16.5000,16.5200,21176000,RIVN,16.0045,16.3140,15.7512,16.0090,16.6602,15.9057,15.2371,15.4060
2026-04-28,16.1400,16.5350,15.9600,16.4900,16286300,RIVN,16.0870,16.2975,15.7194,16.0141,16.6493,15.9104,15.2527,15.4133
2026-04-29,16.0600,16.1400,15.8750,16.0000,16223600,RIVN,16.1375,16.2749,15.7112,16.0159,16.6346,15.9133,15.2692,15.4197
2026-04-30,16.4000,16.6850,15.8800,16.2200,31193600,RIVN,16.2105,16.2868,15.7162,16.0310,16.6180,15.9230,15.2881,15.4295
2026-05-01,15.0200,16.0250,15.0100,15.5750,53434700,RIVN,16.1915,16.1661,15.7048,15.9913,16.5887,15.9051,15.3012,15.4254
2026-05-04,14.5100,15.1600,14.3900,15.1600,48844400,RIVN,16.1525,16.0084,15.6896,15.9332,16.5577,15.8775,15.3093,15.4163
2026-05-05,14.6000,15.0700,14.4800,14.6500,28211000,RIVN,16.1480,15.8743,15.6824,15.8809,16.5266,15.8522,15.3138,15.4082
2026-05-06,14.4800,14.7850,14.4200,14.6800,24738800,RIVN,16.1150,15.7415,15.6696,15.8260,16.4964,15.8250,15.3177,15.3989
2026-05-07,14.1800,14.6400,14.1150,14.5820,26127600,RIVN,16.0620,15.5928,15.6482,15.7615,16.4739,15.7924,15.3180,15.3868
2026-05-08,14.2200,14.3450,13.8400,14.2700,31623100,RIVN,16.0015,15.4620,15.6204,15.7010,16.4319,15.7613,15.3190,15.3752
2026-05-11,14.0800,14.3450,14.0000,14.1200,26215700,RIVN,15.9105,15.3304,15.5954,15.6374,16.3857,15.7280,15.3203,15.3623
2026-05-12,13.9500,14.1900,13.6400,14.0100,22253000,RIVN,15.8085,15.1989,15.5742,15.5713,16.3462,15.6928,15.3200,15.3483
2026-05-13,14.2700,14.6800,13.8700,13.9100,29255400,RIVN,15.7015,15.1105,15.5576,15.5202,16.3126,15.6646,15.3224,15.3375
2026-05-14,14.5200,14.8300,14.1950,14.2500,21303700,RIVN,15.5830,15.0542,15.5496,15.4810,16.2550,15.6420,15.3297,15.3294
2026-05-15,13.7900,14.1450,13.6600,14.0500,42196700,RIVN,15.4110,14.9338,15.5216,15.4147,16.1684,15.6053,15.3335,15.3141
2026-05-18,13.3500,13.7900,13.1400,13.7700,29544100,RIVN,15.2325,14.7830,15.4812,15.3337,16.0844,15.5606,15.3359,15.2945
2026-05-19,12.9000,13.2550,12.6500,13.2300,41231800,RIVN,15.0200,14.6037,15.4218,15.2383,16.0016,15.5079,15.3385,15.2707
2026-05-20,13.7300,13.7800,12.7740,13.0700,44632400,RIVN,14.8195,14.5205,15.3656,15.1791,15.9276,15.4727,15.3451,15.2554
2026-05-21,14.1500,14.2500,13.5600,13.6300,25002800,RIVN,14.6795,14.4852,15.3156,15.1388,15.8601,15.4465,15.3551,15.2444
2026-05-22,14.2200,14.4000,14.0750,14.1650,27073400,RIVN,14.5645,14.4599,15.2940,15.1027,15.7956,15.4222,15.3680,15.2342
2026-05-26,14.3900,14.6990,14.1550,14.3550,22915400,RIVN,14.4480,14.4533,15.2846,15.0748,15.7436,15.4018,15.3796,15.2258
2026-05-27,14.7000,14.8600,14.4500,14.4500,23273900,RIVN,14.3760,14.4768,15.2720,15.0601,15.6935,15.3879,15.3942,15.2206
2026-05-28,15.2000,15.2700,14.4900,14.6100,23145700,RIVN,14.3330,14.5456,15.2596,15.0656,15.6514,15.3842,15.4105,15.2204
2026-05-29,16.3000,16.6000,15.1100,15.2300,59451500,RIVN,14.3280,14.7127,15.2750,15.1140,15.6185,15.4023,15.4322,15.2311
2026-06-01,16.9500,17.2000,15.9000,16.1400,43483500,RIVN,14.4245,14.9258,15.2916,15.1860,15.5927,15.4330,15.4555,15.2482
2026-06-02,17.2900,17.6900,16.6700,16.9900,39250200,RIVN,14.5635,15.1510,15.3392,15.2685,15.5650,15.4697,15.4817,15.2685
2026-06-03,18.2700,18.4300,16.9150,17.0600,51857200,RIVN,14.7470,15.4480,15.3892,15.3862,15.5488,15.5252,15.5118,15.2984
2026-06-04,18.1200,18.5500,17.7500,17.9700,35162000,RIVN,14.9290,15.7025,15.4296,15.4934,15.5378,15.5766,15.5404,15.3265
2026-06-05,16.3500,18.0000,16.2350,17.9600,35945400,RIVN,15.0375,15.7642,15.4442,15.5270,15.5098,15.5919,15.5609,15.3366
2026-06-08,16.8400,17.6000,16.3700,16.7100,22634400,RIVN,15.1685,15.8666,15.4768,15.5785,15.4897,15.6166,15.5847,15.3516
2026-06-09,15.7300,16.9200,15.2400,16.8600,39837500,RIVN,15.2510,15.8536,15.4960,15.5844,15.4720,15.6189,15.6028,15.3554
2026-06-10,14.7600,15.8000,14.6450,15.6720,25074600,RIVN,15.2915,15.7494,15.5014,15.5521,15.4490,15.6018,15.6111,15.3494
2026-06-11,15.5400,15.6400,14.4820,14.7300,29012100,RIVN,15.3550,15.7295,15.5112,15.5516,15.4377,15.6006,15.6233,15.3513
2026-06-12,16.7600,16.7750,15.4350,15.6750,31778500,RIVN,15.4670,15.8276,15.5476,15.5990,15.4437,15.6236,15.6410,15.3654
2026-06-15,16.6800,17.0950,16.5400,17.0300,20193200,RIVN,15.6115,15.9088,15.5732,15.6414,15.4458,15.6445,15.6583,15.3784
2026-06-16,15.9300,16.5600,15.7300,16.5350,25457700,RIVN,15.7405,15.9108,15.5860,15.6527,15.4419,15.6502,15.6698,15.3839
2026-06-17,16.2600,16.9450,15.9700,15.9950,34148200,RIVN,15.9085,15.9441,15.6174,15.6765,15.4450,15.6622,15.6832,15.3926
2026-06-18,16.5200,16.6060,16.0300,16.4550,31711700,RIVN,16.0480,15.9989,15.6450,15.7096,15.4527,15.6792,15.6965,15.4039
2026-06-22,15.1000,16.3600,15.0750,16.3400,27347500,RIVN,16.0955,15.9133,15.6422,15.6857,15.4510,15.6677,15.6998,15.4008
2026-06-23,14.8900,15.2950,14.8100,14.9700,24290300,RIVN,16.1290,15.8159,15.6314,15.6545,15.4479,15.6523,15.7057,15.3958
2026-06-24,14.6400,15.2600,14.3550,14.8700,23138200,RIVN,16.1415,15.7039,15.6062,15.6147,15.4426,15.6323,15.7079,15.3882
2026-06-25,14.8600,14.8800,14.3500,14.6400,26739700,RIVN,16.1495,15.6235,15.5836,15.5851,15.4437,15.6170,15.7122,15.3830
2026-06-26,15.6300,15.7200,14.5400,14.5650,42591500,RIVN,16.1710,15.6241,15.5680,15.5869,15.4556,15.6173,15.7207,15.3854
2026-06-29,16.8100,16.8800,15.5700,15.7950,38775800,RIVN,16.1965,15.7371,15.5664,15.6349,15.4796,15.6409,15.7352,15.3996
2026-06-30,17.3500,17.5500,16.3900,16.6050,31373700,RIVN,16.2165,15.8907,15.5688,15.7021,15.5094,15.6747,15.7521,15.4190
2026-07-01,17.1800,17.8000,17.0700,17.2800,26987000,RIVN,16.2110,16.0135,15.5740,15.7601,15.5439,15.7045,15.7707,15.4365
2026-07-02,18.6300,19.7900,17.8100,17.9750,78212500,RIVN,16.2290,16.2627,15.6036,15.8726,15.5822,15.7625,15.7958,15.4683
2026-07-06,20.1400,20.2000,18.3900,18.5500,42436300,RIVN,16.3300,16.6319,15.6516,16.0400,15.6367,15.8491,15.8249,15.5148
2026-07-07,16.4900,18.0900,16.3800,17.6720,91175900,RIVN,16.3370,16.6184,15.6424,16.0576,15.6520,15.8618,15.8368,15.5245
2026-07-08,16.6600,16.7900,15.4310,15.6700,110859000,RIVN,16.3280,16.6224,15.6452,16.0812,15.6710,15.8776,15.8467,15.5358
2026-07-09,18.1200,18.2300,16.3800,16.5320,84068800,RIVN,16.4475,16.7650,15.6732,16.1612,15.7122,15.9220,15.8654,15.5615
2026-07-10,17.4800,18.7900,17.4800,18.4400,40150500,RIVN,16.5835,16.8331,15.7000,16.2129,15.7097,15.9529,15.8766,15.5806
2026-07-13,17.3100,17.7950,17.0500,17.5000,24217300,RIVN,16.6720,16.8785,15.7250,16.2559,15.7181,15.9798,15.8855,15.5978
2026-07-14,17.5000,17.6500,16.7000,17.3500,31269400,RIVN,16.7090,16.9377,15.7470,16.3047,15.7316,16.0099,15.8941,15.6167
2026-07-15,17.8000,18.7850,17.6750,17.8100,29115800,RIVN,16.7650,17.0198,15.8026,16.3634,15.7537,16.0453,15.9044,15.6385
2026-07-16,17.0900,17.7700,16.5900,17.7000,41104800,RIVN,16.8230,17.0265,15.8542,16.3918,15.7719,16.0660,15.9119,15.6529
2026-07-17,17.4550,17.4950,16.4900,16.6900,28927500,RIVN,16.8827,17.0673,15.9113,16.4335,15.7969,16.0935,15.9229,15.6708
2026-07-20,17.2400,17.9900,17.0650,17.5200,15882300,RIVN,16.9187,17.0838,15.9665,16.4652,15.8181,16.1162,15.9357,15.6864
2026-07-21,17.7600,17.7750,17.1300,17.3800,25632000,RIVN,17.0517,17.1482,16.0381,16.5159,15.8432,16.1488,15.9515,15.7071
2026-07-22,17.1800,17.9400,16.9900,17.5900,21196700,RIVN,17.1662,17.1512,16.0973,16.5420,15.8589,16.1692,15.9697,15.7217
2026-07-23,16.4600,17.0200,16.3600,16.9600,30050300,RIVN,17.2572,17.0854,16.1449,16.5388,15.8702,16.1749,15.9838,15.7291
2026-07-24,15.8400,16.6050,15.6800,16.5200,27457400,RIVN,17.3062,16.9668,16.1827,16.5114,15.8785,16.1683,15.9955,15.7302
2026-07-27,16.4800,16.7900,16.2500,16.4400,35152600,RIVN,17.3487,16.9204,16.2269,16.5101,15.8922,16.1745,16.0116,15.7376
2026-07-28,16.6900,16.7200,15.8800,16.2570,16119900,RIVN,17.3427,16.8985,16.2703,16.5172,15.9099,16.1847,16.0294,15.7471
2026-07-29,16.3300,16.9300,16.1400,16.7000,18465800,RIVN,17.2917,16.8443,16.3211,16.5099,15.9214,16.1876,16.0456,15.7529
2026-07-30,16.8300,16.8900,16.1550,16.5700,26866500,RIVN,17.2742,16.8430,16.3907,16.5224,15.9360,16.2003,16.0657,15.7636
2026-07-31,15.2200,17.1800,15.1450,16.9700,54522300,RIVN,17.1037,16.6884,16.4371,16.4713,15.9295,16.1809,16.0765,15.7582
2026-08-03,15.3550,15.7850,15.1000,15.4000,22327700,RIVN,16.8645,16.5614,16.4696,16.4276,15.9176,16.1645,16.0877,15.7542
2026-08-04,15.7600,15.9500,15.4700,15.6300,23356500,RIVN,16.8280,16.4851,16.5018,16.4014,15.9087,16.1565,16.0994,15.7543
2026-08-05,15.5600,15.6900,15.3000,15.6250,17681100,RIVN,16.7730,16.3970,16.5286,16.3684,15.9113,16.1447,16.1127,15.7523
2026-08-06,15.3800,15.8700,15.3000,15.3900,13934600,RIVN,16.6360,16.3001,16.5484,16.3296,15.9165,16.1296,16.1244,15.7486
2026-08-07,16.0000,16.1650,15.5800,15.6400,17681100,RIVN,16.5620,16.2715,16.5744,16.3167,15.9232,16.1270,16.1390,15.7511
2026-08-10,16.3900,16.4600,15.9100,16.1300,18181200,RIVN,16.5160,16.2828,16.5982,16.3196,15.9289,16.1322,16.1550,15.7575
2026-08-11,16.3600,16.4900,15.9400,16.4600,15414100,RIVN,16.4590,16.2902,16.5994,16.3212,15.9372,16.1367,16.1722,15.7635
2026-08-12,15.9300,16.5900,15.8600,16.5400,14781700,RIVN,16.3655,16.2559,16.5790,16.3058,15.9353,16.1326,16.1864,15.7651
2026-08-13,15.8200,16.1200,15.7200,15.8600,12165500,RIVN,16.3020,16.2144,16.5496,16.2868,15.9444,16.1264,16.2006,15.7657
2026-08-14,15.3600,15.9000,15.3200,15.8100,17231800,RIVN,16.1972,16.1330,16.4914,16.2504,15.9403,16.1113,16.2103,15.7617
2026-08-17,14.8700,15.3600,14.7200,15.2400,43729600,RIVN,16.0787,16.0127,16.4264,16.1963,15.9280,16.0867,16.2172,15.7528
2026-08-18,14.7800,14.8500,14.4000,14.5900,22724800,RIVN,15.9297,15.8953,16.3950,16.1407,15.9196,16.0608,16.2225,15.7431
2026-08-19,15.7300,15.7400,14.9200,15.0200,21869577,RIVN,15.8572,15.8796,16.3728,16.1246,15.9248,16.0542,16.2362,15.7430
