Date,Close,High,Low,Open,Volume,Ticker,SMA_20,EMA_20,SMA_50,EMA_50,SMA_100,EMA_100,SMA_200,EMA_200
2021-07-16,15.3000,16.1900,15.2200,16.1000,14214600,SOFI,,15.3000,,15.3000,,15.3000,,15.3000
2021-07-19,15.1700,15.5300,14.8700,15.0000,14780900,SOFI,,15.2876,,15.2949,,15.2974,,15.2987
2021-07-20,15.0600,15.2900,14.9390,15.1800,11683000,SOFI,,15.2659,,15.2857,,15.2927,,15.2963
2021-07-21,16.5600,16.6500,15.1040,15.1400,27892400,SOFI,,15.3892,,15.3357,,15.3178,,15.3089
2021-07-22,16.0500,16.6000,15.7100,16.4900,18833300,SOFI,,15.4521,,15.3637,,15.3323,,15.3163
2021-07-23,15.7000,16.0490,15.4400,15.8900,10370000,SOFI,,15.4757,,15.3769,,15.3396,,15.3201
2021-07-26,15.5100,16.0900,15.4800,15.7600,8994900,SOFI,,15.4790,,15.3821,,15.3430,,15.3220
2021-07-27,14.9200,15.5000,14.7200,15.4900,16735400,SOFI,,15.4258,,15.3640,,15.3346,,15.3180
2021-07-28,15.3700,15.4790,15.0800,15.1200,10131600,SOFI,,15.4204,,15.3642,,15.3353,,15.3185
2021-07-29,15.6000,16.2400,15.5100,15.8750,12748300,SOFI,,15.4375,,15.3734,,15.3405,,15.3213
2021-07-30,15.4400,15.7900,15.3500,15.3550,6653700,SOFI,,15.4378,,15.3761,,15.3425,,15.3225
2021-08-02,15.7300,16.3200,15.4100,15.5800,15097600,SOFI,,15.4656,,15.3899,,15.3502,,15.3265
2021-08-03,15.1100,16.0490,15.0100,15.7700,16166800,SOFI,,15.4317,,15.3790,,15.3454,,15.3244
2021-08-04,16.3900,16.5800,15.2000,15.2300,25718500,SOFI,,15.5230,,15.4186,,15.3661,,15.3350
2021-08-05,16.0600,16.7300,15.8800,16.6050,14501500,SOFI,,15.5741,,15.4438,,15.3799,,15.3422
2021-08-06,16.7100,16.9400,16.0600,16.0600,13993700,SOFI,,15.6823,,15.4934,,15.4062,,15.3558
2021-08-09,16.9100,17.3200,16.5600,16.9900,15571300,SOFI,,15.7992,,15.5490,,15.4360,,15.3713
2021-08-10,16.9900,17.2700,16.5600,17.0200,12830200,SOFI,,15.9126,,15.6055,,15.4667,,15.3874
2021-08-11,16.9000,17.2700,16.5150,17.1600,17104700,SOFI,,16.0067,,15.6562,,15.4951,,15.4024
2021-08-12,17.4600,17.5200,16.7400,16.9700,35861400,SOFI,15.9470,16.1451,,15.7270,,15.5340,,15.4229
2021-08-13,14.9900,15.5300,14.9100,15.3500,59983500,SOFI,15.9315,16.0351,,15.6981,,15.5233,,15.4186
2021-08-16,14.2900,15.1400,14.1800,15.0050,26155000,SOFI,15.8875,15.8689,,15.6429,,15.4988,,15.4074
2021-08-17,13.7500,14.7000,13.5600,14.0800,31925000,SOFI,15.8220,15.6671,,15.5686,,15.4642,,15.3909
2021-08-18,14.2200,14.5800,13.8500,13.9800,20754500,SOFI,15.7050,15.5293,,15.5157,,15.4396,,15.3792
2021-08-19,13.8200,14.1200,13.7700,13.9900,15576700,SOFI,15.5935,15.3665,,15.4492,,15.4075,,15.3637
2021-08-20,14.0400,14.2700,13.9000,13.9800,17618000,SOFI,15.5105,15.2402,,15.3940,,15.3804,,15.3505
2021-08-23,14.4300,14.5000,14.2200,14.2650,13277100,SOFI,15.4565,15.1630,,15.3562,,15.3616,,15.3414
2021-08-24,14.7600,14.9300,14.4700,14.4800,13649900,SOFI,15.4485,15.1246,,15.3328,,15.3497,,15.3356
2021-08-25,14.8500,15.0800,14.5100,14.8000,13785300,SOFI,15.4225,15.0985,,15.3139,,15.3398,,15.3308
2021-08-26,14.3600,14.7900,14.2000,14.7630,16743800,SOFI,15.3605,15.0281,,15.2765,,15.3204,,15.3211
2021-08-27,14.0400,14.4100,14.0400,14.3100,19756400,SOFI,15.2905,14.9340,,15.2280,,15.2950,,15.3084
2021-08-30,14.1900,14.3800,14.0110,14.1790,15445700,SOFI,15.2135,14.8632,,15.1873,,15.2732,,15.2972
2021-08-31,14.1800,14.2500,13.9700,14.1800,14530700,SOFI,15.1670,14.7981,,15.1478,,15.2515,,15.2861
2021-09-01,14.5700,14.6900,14.1100,14.1430,16856500,SOFI,15.0760,14.7764,,15.1251,,15.2380,,15.2790
2021-09-02,15.0600,15.2000,14.4000,14.6000,19534100,SOFI,15.0260,14.8034,,15.1226,,15.2345,,15.2768
2021-09-03,15.1600,15.5300,14.9200,15.0200,18793200,SOFI,14.9485,14.8374,,15.1240,,15.2330,,15.2756
2021-09-07,15.8400,16.1300,15.4600,15.5000,21664600,SOFI,14.8950,14.9328,,15.1521,,15.2450,,15.2813
2021-09-08,15.4700,16.0060,15.1350,15.8100,15621400,SOFI,14.8190,14.9840,,15.1646,,15.2495,,15.2831
2021-09-09,15.6900,15.8400,15.2600,15.3100,18395800,SOFI,14.7585,15.0512,,15.1852,,15.2582,,15.2872
2021-09-10,15.2900,15.9100,15.2300,15.7700,17029500,SOFI,14.6500,15.0740,,15.1893,,15.2588,,15.2872
2021-09-13,15.0100,15.3900,14.6700,15.3300,20253100,SOFI,14.6510,15.0679,,15.1823,,15.2539,,15.2845
2021-09-14,14.5000,15.3300,14.3800,15.0220,24475700,SOFI,14.6615,15.0138,,15.1555,,15.2390,,15.2767
2021-09-15,15.4500,15.5000,14.6310,14.8400,34832000,SOFI,14.7465,15.0553,,15.1670,,15.2432,,15.2784
2021-09-16,15.5000,15.6600,15.2300,15.4710,24121300,SOFI,14.8105,15.0977,,15.1801,,15.2482,,15.2806
2021-09-17,15.0900,15.5800,15.0600,15.5200,55126300,SOFI,14.8740,15.0970,,15.1766,,15.2451,,15.2787
2021-09-20,14.5700,14.9100,14.4200,14.5800,27954600,SOFI,14.9005,15.0468,,15.1528,,15.2317,,15.2716
2021-09-21,15.1700,15.2800,14.5600,14.6200,23601500,SOFI,14.9375,15.0585,,15.1535,,15.2305,,15.2706
2021-09-22,16.8400,17.0850,15.6100,15.8600,55383300,SOFI,15.0415,15.2282,,15.2196,,15.2624,,15.2862
2021-09-23,17.1400,17.3500,16.6700,17.2000,29369500,SOFI,15.1560,15.4103,,15.2949,,15.2996,,15.3047
2021-09-24,17.6400,17.7900,16.6200,16.8600,22923000,SOFI,15.3200,15.6226,15.3770,15.3869,,15.3459,,15.3279
2021-09-27,17.7000,18.0800,16.8500,17.6600,35517600,SOFI,15.5030,15.8205,15.4250,15.4776,,15.3925,,15.3515
2021-09-28,17.0400,17.6700,16.7950,17.4000,25569500,SOFI,15.6455,15.9366,15.4624,15.5389,,15.4252,,15.3683
2021-09-29,16.0100,17.1700,16.0100,16.3500,38323200,SOFI,15.7370,15.9436,15.4814,15.5573,,15.4367,,15.3747
2021-09-30,15.8800,16.0600,15.3000,15.9000,38688800,SOFI,15.8025,15.9375,15.4678,15.5700,,15.4455,,15.3797
2021-10-01,16.4500,16.4900,15.7500,15.8800,18850300,SOFI,15.8720,15.9863,15.4758,15.6045,,15.4654,,15.3904
2021-10-04,16.0900,16.6800,15.8800,16.2900,21849700,SOFI,15.9185,15.9962,15.4836,15.6235,,15.4778,,15.3974
2021-10-05,16.2500,16.7600,16.0800,16.1450,13941200,SOFI,15.9390,16.0204,15.4984,15.6481,,15.4931,,15.4058
2021-10-06,16.6200,16.6400,15.9200,16.0000,11896400,SOFI,15.9965,16.0775,15.5324,15.6862,,15.5154,,15.4179
2021-10-07,16.4000,17.0900,16.3400,16.9370,15267800,SOFI,16.0320,16.1082,15.5530,15.7142,,15.5329,,15.4277
2021-10-08,16.2100,16.6500,16.1700,16.5270,11054400,SOFI,16.0780,16.1179,15.5652,15.7336,,15.5463,,15.4355
2021-10-11,18.3900,18.5100,16.8300,16.9000,69669600,SOFI,16.2470,16.3343,15.6242,15.8378,,15.6026,,15.4649
2021-10-12,18.9700,19.0200,17.8400,18.1700,47239700,SOFI,16.4705,16.5853,15.6890,15.9607,,15.6693,,15.4997
2021-10-13,18.9200,19.3100,18.4900,19.0000,31335900,SOFI,16.6440,16.8077,15.7652,16.0767,,15.7337,,15.5338
2021-10-14,19.6200,19.8100,18.9450,19.8000,33917700,SOFI,16.8500,17.0755,15.8298,16.2157,,15.8106,,15.5744
2021-10-15,19.3800,19.8600,19.3200,19.5600,22190300,SOFI,17.0645,17.2950,15.8962,16.3397,,15.8813,,15.6123
2021-10-18,20.8500,21.0000,19.1200,19.1800,48421800,SOFI,17.3785,17.6336,15.9790,16.5166,,15.9797,,15.6644
2021-10-19,20.2200,21.0800,20.1850,21.0400,26292200,SOFI,17.6310,17.8799,16.0452,16.6619,,16.0637,,15.7098
2021-10-20,21.0500,21.1900,19.8700,20.3650,25757100,SOFI,17.8415,18.1818,16.1264,16.8339,,16.1624,,15.7629
2021-10-21,20.9900,21.7750,20.7650,20.8900,24771700,SOFI,18.0340,18.4492,16.2082,16.9969,,16.2580,,15.8149
2021-10-22,20.5800,21.0600,20.2000,20.8600,18994500,SOFI,18.1810,18.6522,16.2706,17.1374,,16.3436,,15.8623
2021-10-25,20.6900,21.0800,20.1000,20.6200,15053100,SOFI,18.3305,18.8463,16.3846,17.2767,,16.4297,,15.9103
2021-10-26,19.9600,20.9700,19.4600,20.9450,26725500,SOFI,18.4765,18.9523,16.4980,17.3820,,16.4996,,15.9506
2021-10-27,19.2500,20.4800,19.1400,20.0000,17585700,SOFI,18.6385,18.9807,16.6080,17.4552,,16.5540,,15.9835
2021-10-28,19.9100,20.2000,19.4800,19.5550,15070700,SOFI,18.8400,19.0692,16.7218,17.5515,,16.6205,,16.0225
2021-10-29,20.0900,20.1600,19.6900,19.8000,11538000,SOFI,19.0220,19.1664,16.8472,17.6510,,16.6892,,16.0630
2021-11-01,22.6200,22.8100,20.2800,20.5300,52780200,SOFI,19.3485,19.4953,17.0188,17.8459,,16.8066,,16.1283
2021-11-02,22.6800,22.9300,21.6000,22.6700,35482300,SOFI,19.6700,19.7986,17.1838,18.0355,,16.9229,,16.1935
2021-11-03,22.9600,23.6300,22.4400,22.6700,26468800,SOFI,19.9870,20.0997,17.3478,18.2286,,17.0425,,16.2608
2021-11-04,23.2900,23.5500,22.8300,23.1800,18496800,SOFI,20.3315,20.4035,17.5166,18.4271,,17.1662,,16.3307
2021-11-05,22.5700,23.2190,22.2400,22.8900,19635300,SOFI,20.6495,20.6099,17.6808,18.5895,,17.2732,,16.3928
2021-11-08,22.7400,23.0700,22.4450,22.6300,16884900,SOFI,20.8670,20.8127,17.8548,18.7523,,17.3814,,16.4560
2021-11-09,22.1400,23.2500,21.6100,23.1400,24573000,SOFI,21.0255,20.9391,18.0138,18.8852,,17.4757,,16.5125
2021-11-10,20.4200,21.8500,19.8500,21.1400,46108800,SOFI,21.1005,20.8897,18.1386,18.9454,,17.5340,,16.5514
2021-11-11,22.9700,24.6500,22.6000,23.9900,72680100,SOFI,21.2680,21.0878,18.3066,19.1032,,17.6416,,16.6153
2021-11-12,22.7600,23.6000,22.1700,23.1700,29275500,SOFI,21.4370,21.2471,18.4606,19.2466,,17.7430,,16.6764
2021-11-15,22.9200,24.1200,22.7500,22.9750,30384300,SOFI,21.5405,21.4064,18.6158,19.3906,,17.8455,,16.7385
2021-11-16,21.6700,22.6300,21.4200,22.6000,41386800,SOFI,21.6130,21.4315,18.7324,19.4800,,17.9212,,16.7876
2021-11-17,21.1200,22.0400,21.0250,21.8500,18998300,SOFI,21.6165,21.4018,18.8454,19.5443,,17.9846,,16.8307
2021-11-18,20.5700,21.3200,20.2000,21.2000,25447500,SOFI,21.5955,21.3226,18.9430,19.5846,,18.0358,,16.8679
2021-11-19,20.3700,21.1000,19.9400,20.1100,25321200,SOFI,21.5850,21.2319,19.0446,19.6154,,18.0820,,16.9028
2021-11-22,18.7500,20.6000,18.3200,20.5200,39766000,SOFI,21.4880,20.9955,19.1194,19.5814,,18.0952,,16.9211
2021-11-23,17.8100,18.6550,17.3800,18.5340,31341700,SOFI,21.3805,20.6921,19.1856,19.5120,,18.0896,,16.9300
2021-11-24,18.3300,18.5800,17.3510,17.4500,28778600,SOFI,21.3345,20.4672,19.2432,19.4656,,18.0943,,16.9439
2021-11-26,18.2100,18.3200,17.8000,17.8750,13253100,SOFI,21.2495,20.2522,19.2974,19.4164,,18.0966,,16.9565
2021-11-29,18.4300,18.6900,17.8700,18.5800,23366900,SOFI,21.1665,20.0787,19.3642,19.3777,,18.1032,,16.9712
2021-11-30,17.2000,18.5400,17.1300,18.2500,67190100,SOFI,20.8955,19.8045,19.4168,19.2923,,18.0853,,16.9735
2021-12-01,16.3900,17.9100,16.2300,17.4120,34471500,SOFI,20.5810,19.4793,19.4412,19.1785,,18.0518,,16.9676
2021-12-02,16.4300,16.6250,15.9600,16.4100,27033800,SOFI,20.2545,19.1889,19.4330,19.0707,,18.0196,,16.9623
2021-12-03,15.1900,16.4400,14.6200,16.4300,64350700,SOFI,19.8495,18.8081,19.3940,18.9185,,17.9636,,16.9447
2021-12-06,15.7200,15.8400,14.5000,15.0600,34134800,SOFI,19.5070,18.5140,19.3556,18.7931,17.3663,17.9192,,16.9325
2021-12-07,16.6200,16.7200,16.1200,16.1400,30846600,SOFI,19.2010,18.3336,19.3340,18.7079,17.3795,17.8935,,16.9294
2021-12-08,16.9400,17.1650,16.2500,16.7900,25262600,SOFI,18.9410,18.2009,19.3320,18.6385,17.3972,17.8746,,16.9295
2021-12-09,15.6600,16.9100,15.5500,16.6600,32398900,SOFI,18.7030,17.9589,19.3250,18.5217,17.4032,17.8307,,16.9168
2021-12-10,15.0100,15.8700,14.8700,15.7900,41344200,SOFI,18.3050,17.6780,19.3076,18.3840,17.3877,17.7749,,16.8979
2021-12-13,14.5800,15.2500,14.0200,14.8900,40507500,SOFI,17.8960,17.3830,19.2702,18.2348,17.3730,17.7116,,16.8748
2021-12-14,14.4800,14.7200,14.1600,14.2700,26707800,SOFI,17.4740,17.1065,19.2380,18.0876,17.3608,17.6476,,16.8510
2021-12-15,15.1600,15.2800,14.0300,14.4400,33540400,SOFI,17.1485,16.9211,19.2162,17.9728,17.3573,17.5984,,16.8342
2021-12-16,14.2700,15.4400,14.1800,15.3560,43018000,SOFI,16.8060,16.6686,19.1692,17.8276,17.3508,17.5324,,16.8086
2021-12-17,14.6500,14.7700,13.6600,14.0800,44408700,SOFI,16.5100,16.4764,19.1342,17.7030,17.3436,17.4754,,16.7872
2021-12-20,14.5900,15.2100,14.2800,14.4800,31658600,SOFI,16.2210,16.2967,19.1018,17.5809,17.3335,17.4182,,16.7653
2021-12-21,14.9700,15.1700,14.7200,14.8700,27695600,SOFI,16.0320,16.1704,19.0334,17.4785,17.3288,17.3698,,16.7474
2021-12-22,14.9900,15.3700,14.7300,14.8600,24332100,SOFI,15.8910,16.0580,18.9538,17.3809,17.3214,17.3226,,16.7299
2021-12-23,15.0900,15.1900,14.7300,14.9810,19824000,SOFI,15.7290,15.9658,18.8772,17.2911,17.3212,17.2784,,16.7136
2021-12-27,15.3900,15.4900,14.8500,15.1100,19826700,SOFI,15.5880,15.9109,18.7926,17.2165,17.3112,17.2410,,16.7005
2021-12-28,14.8500,15.4900,14.6700,15.2800,24049700,SOFI,15.4090,15.8099,18.7020,17.1237,17.2991,17.1937,,16.6820
2021-12-29,14.4700,14.8330,14.1800,14.8310,20899600,SOFI,15.2725,15.6823,18.5744,17.0196,17.2767,17.1397,,16.6600
2021-12-30,15.9500,16.3500,14.5000,14.5050,41348700,SOFI,15.2505,15.7078,18.4890,16.9777,17.2671,17.1162,,16.6530
2021-12-31,15.8100,16.4900,15.7400,15.9250,30798200,SOFI,15.2195,15.7175,18.3842,16.9319,17.2553,17.0903,,16.6446
2022-01-03,15.6800,16.1300,15.4500,16.1000,27500900,SOFI,15.2440,15.7139,18.2780,16.8828,17.2431,17.0624,,16.6350
2022-01-04,15.0500,15.8610,14.5900,15.6100,34175900,SOFI,15.2105,15.6507,18.1674,16.8109,17.2190,17.0225,,16.6192
2022-01-05,14.1000,15.2300,14.0400,14.8800,35103100,SOFI,15.0845,15.5030,18.0356,16.7046,17.2101,16.9647,,16.5941
2022-01-06,13.7800,14.2700,13.0100,14.0160,46269400,SOFI,14.9265,15.3389,17.9120,16.5899,17.2050,16.9016,,16.5661
2022-01-07,13.7400,14.4000,13.6200,13.8210,28716200,SOFI,14.8305,15.1866,17.8018,16.4782,17.2049,16.8390,,16.5380
2022-01-10,13.3700,13.4900,12.8200,13.4550,37040300,SOFI,14.7485,15.0136,17.6710,16.3563,17.1964,16.7703,,16.5065
2022-01-11,13.9400,14.1400,13.2500,13.2950,24517400,SOFI,14.7165,14.9114,17.5480,16.2615,17.1976,16.7143,,16.4810
2022-01-12,13.8600,14.4200,13.7500,14.3000,24842400,SOFI,14.6855,14.8113,17.3728,16.1673,17.1958,16.6577,,16.4549
2022-01-13,13.0900,14.0400,13.0550,14.0000,29900800,SOFI,14.5820,14.6473,17.1810,16.0467,17.1824,16.5871,,16.4214
2022-01-14,13.2000,13.3200,12.6600,12.9520,32460700,SOFI,14.5285,14.5095,16.9858,15.9350,17.1668,16.5200,,16.3894
2022-01-18,12.0600,13.1100,12.0200,12.8000,50314700,SOFI,14.3990,14.2762,16.7612,15.7831,17.1389,16.4317,,16.3463
2022-01-19,13.7100,14.3900,13.3700,14.3700,186755800,SOFI,14.3550,14.2223,16.5840,15.7018,17.1324,16.3778,,16.3200
2022-01-20,15.0000,16.4700,14.0100,14.2700,268936000,SOFI,14.3565,14.2963,16.4292,15.6743,17.1420,16.3505,,16.3069
2022-01-21,13.8900,14.9850,13.6400,14.9850,135687400,SOFI,14.3015,14.2576,16.2642,15.6043,17.1390,16.3018,,16.2829
2022-01-24,13.3000,13.3500,11.8300,13.0100,136949000,SOFI,14.2120,14.1664,16.1218,15.5139,17.1302,16.2424,,16.2532
2022-01-25,12.7600,13.4500,12.5800,12.7460,72818300,SOFI,14.0805,14.0325,15.9176,15.4059,17.1121,16.1734,,16.2184
2022-01-26,12.5800,13.8600,12.4500,13.1400,83654000,SOFI,13.9670,13.8942,15.7140,15.2951,17.0873,16.1022,,16.1822
2022-01-27,11.3600,12.7900,11.2700,12.7200,83981800,SOFI,13.8115,13.6528,15.4828,15.1408,17.0493,16.0083,,16.1342
2022-01-28,11.1000,11.3400,10.5100,11.3400,78767700,SOFI,13.5690,13.4097,15.2714,14.9823,17.0019,15.9111,,16.0841
2022-01-31,12.4800,12.4950,11.0500,11.2000,73077100,SOFI,13.4025,13.3211,15.0986,14.8842,16.9720,15.8432,,16.0483
2022-02-01,13.2700,13.5500,12.3700,12.6820,89022400,SOFI,13.2820,13.3163,14.9526,14.8209,16.9478,15.7922,,16.0206
2022-02-02,12.1600,13.0600,11.9000,13.0300,73581200,SOFI,13.1375,13.2062,14.7884,14.7165,16.9165,15.7203,,15.9822
2022-02-03,11.5700,12.2200,11.3800,11.7700,55485600,SOFI,13.0110,13.0503,14.6448,14.5931,16.8821,15.6381,,15.9383
2022-02-04,11.8900,12.0750,11.1600,11.5400,46870800,SOFI,12.9165,12.9398,14.5264,14.4871,16.8560,15.5639,,15.8980
2022-02-07,11.7200,12.4000,11.6620,11.9320,37906200,SOFI,12.8155,12.8236,14.3942,14.3786,16.8187,15.4878,,15.8565
2022-02-08,12.1300,12.1500,11.5300,11.7200,32936100,SOFI,12.7535,12.7576,14.2726,14.2904,16.7850,15.4213,,15.8194
2022-02-09,12.8600,12.9900,12.1900,12.4100,47536700,SOFI,12.6995,12.7673,14.1612,14.2343,16.7627,15.3706,,15.7899
2022-02-10,12.3900,13.4100,12.2900,12.4250,57391400,SOFI,12.6260,12.7314,14.0650,14.1620,16.7409,15.3116,,15.7561
2022-02-11,12.4000,13.2500,12.2900,12.7250,76947100,SOFI,12.5915,12.6998,13.9852,14.0929,16.7132,15.2539,,15.7227
2022-02-14,12.0000,12.8700,11.9200,12.5880,73358600,SOFI,12.5315,12.6332,13.8966,14.0108,16.6648,15.1895,,15.6857
2022-02-15,12.5800,12.6370,11.9700,12.2600,51170300,SOFI,12.5575,12.6281,13.8444,13.9547,16.6192,15.1378,,15.6548
2022-02-16,13.0800,13.2800,12.6030,12.6100,58488200,SOFI,12.5260,12.6712,13.7916,13.9204,16.5736,15.0971,,15.6291
2022-02-17,12.1800,13.1700,12.1500,12.9100,44690000,SOFI,12.3850,12.6244,13.7028,13.8522,16.5184,15.0393,,15.5948
2022-02-18,11.3900,12.2300,11.1700,12.1740,59994500,SOFI,12.2600,12.5068,13.5918,13.7556,16.4619,14.9670,,15.5530
2022-02-22,10.2600,11.1600,10.1900,11.0300,76018700,SOFI,12.1080,12.2928,13.4838,13.6185,16.4044,14.8738,,15.5003
2022-02-23,9.8200,10.6900,9.8200,10.6790,62010000,SOFI,11.9610,12.0573,13.3800,13.4696,16.3438,14.7737,,15.4438
2022-02-24,10.3300,10.3800,8.8200,8.8600,76026500,SOFI,11.8485,11.8928,13.2950,13.3465,16.2826,14.6858,,15.3929
2022-02-25,10.6700,10.7200,9.9700,10.4700,46588100,SOFI,11.8140,11.7764,13.2188,13.2415,16.2284,14.6062,,15.3459
2022-02-28,11.4500,11.7600,10.6700,10.6800,64380500,SOFI,11.8315,11.7453,13.1446,13.1712,16.1804,14.5437,,15.3072
2022-03-01,11.2000,11.9800,11.2000,11.9600,107850300,SOFI,11.7675,11.6933,13.0832,13.0939,16.1262,14.4775,,15.2663
2022-03-02,11.5800,13.0000,11.5100,12.9500,147527000,SOFI,11.6830,11.6826,13.0218,13.0346,16.0780,14.4201,,15.2296
2022-03-03,10.6900,11.5100,10.6140,11.4900,70875700,SOFI,11.6095,11.5880,12.9438,12.9426,16.0228,14.3463,,15.1844
2022-03-04,10.0000,11.0100,9.9200,10.6420,63130700,SOFI,11.5310,11.4368,12.8444,12.8272,15.9389,14.2602,,15.1329
2022-03-07,9.6200,10.2200,9.5900,9.9750,54287700,SOFI,11.4175,11.2638,12.7370,12.7015,15.8454,14.1683,,15.0780
2022-03-08,9.7200,10.0890,9.2800,9.5100,50878200,SOFI,11.3175,11.1167,12.6296,12.5845,15.7534,14.0802,,15.0247
2022-03-09,9.8700,10.0900,9.6450,9.9600,53891100,SOFI,11.2045,10.9980,12.5192,12.4781,15.6559,13.9969,,14.9734
2022-03-10,9.4100,9.8200,9.1800,9.7100,47638400,SOFI,11.0320,10.8468,12.4104,12.3578,15.5562,13.9060,,14.9180
2022-03-11,8.5500,9.5370,8.5200,9.5100,71568500,SOFI,10.8400,10.6280,12.2920,12.2084,15.4332,13.8000,,14.8547
2022-03-14,7.9300,8.4500,7.7350,8.4500,75632700,SOFI,10.6165,10.3711,12.1316,12.0407,15.3103,13.6837,,14.7858
2022-03-15,8.2000,8.2900,7.7900,7.9600,52317400,SOFI,10.4265,10.1643,11.9794,11.8900,15.1818,13.5752,,14.7202
2022-03-16,8.5700,8.7600,8.0500,8.0800,84406700,SOFI,10.2260,10.0125,11.8372,11.7598,15.0576,13.4760,,14.6590
2022-03-17,8.9100,9.0800,8.3800,8.5500,67654100,SOFI,10.0175,9.9075,11.7144,11.6481,14.9409,13.3856,,14.6018
2022-03-18,9.8700,9.9750,8.8200,8.9200,66667100,SOFI,9.9020,9.9039,11.6298,11.5784,14.8327,13.3160,,14.5548
2022-03-21,9.5700,9.9300,9.3300,9.8200,39791700,SOFI,9.8110,9.8721,11.5456,11.4996,14.7288,13.2418,,14.5052
2022-03-22,9.7200,10.0600,9.2500,9.5600,56998400,SOFI,9.7840,9.8576,11.4652,11.4298,14.6335,13.1721,,14.4575
2022-03-23,9.3700,9.7800,9.3250,9.6000,38946300,SOFI,9.7615,9.8112,11.3852,11.3490,14.5281,13.0968,,14.4069
2022-03-24,9.4700,9.5090,9.0700,9.4000,30175800,SOFI,9.7185,9.7787,11.2958,11.2753,14.4219,13.0250,,14.3578
2022-03-25,9.0100,9.4200,8.9100,9.4200,42524700,SOFI,9.6355,9.7055,11.1988,11.1865,14.2858,12.9455,,14.3046
2022-03-28,9.2500,9.2800,8.8400,9.0300,33300900,SOFI,9.5255,9.6621,11.1220,11.1106,14.1515,12.8723,,14.2543
2022-03-29,10.1400,10.2100,9.2200,9.2500,72805100,SOFI,9.4725,9.7076,11.0608,11.0725,14.0233,12.8182,,14.2134
2022-03-30,9.7700,10.5700,9.6320,10.0300,59785700,SOFI,9.3820,9.7136,11.0150,11.0214,13.8881,12.7578,,14.1691
2022-03-31,9.4500,9.8700,9.4200,9.8200,33702800,SOFI,9.3200,9.6885,10.9298,10.9598,13.7569,12.6923,,14.1222
2022-04-01,9.3300,9.6200,9.2100,9.4700,29654500,SOFI,9.2865,9.6543,10.8164,10.8959,13.6228,12.6258,,14.0745
2022-04-04,9.7700,10.0300,9.4000,9.4200,34363300,SOFI,9.2940,9.6653,10.7340,10.8517,13.4991,12.5692,,14.0317
2022-04-05,9.1200,10.0950,9.0900,9.8300,47197100,SOFI,9.2640,9.6134,10.6504,10.7838,13.3861,12.5009,,13.9828
2022-04-06,8.7500,9.0300,8.4600,8.9800,56769400,SOFI,9.2080,9.5312,10.5702,10.7041,13.2439,12.4266,,13.9307
2022-04-07,8.1200,8.3850,7.6400,8.2750,109248300,SOFI,9.1435,9.3968,10.4810,10.6027,13.0975,12.3414,,13.8729
2022-04-08,7.8700,8.1000,7.7800,8.0700,39037800,SOFI,9.1095,9.2514,10.4112,10.4956,12.9470,12.2528,,13.8132
2022-04-11,7.7200,7.9300,7.5600,7.7000,37461600,SOFI,9.0990,9.1055,10.3436,10.3867,12.8075,12.1631,,13.7526
2022-04-12,7.4800,8.0900,7.3700,7.8100,58650300,SOFI,9.0630,8.9507,10.2436,10.2727,12.6711,12.0703,,13.6901
2022-04-13,7.6100,7.6800,7.2400,7.4500,39309500,SOFI,9.0150,8.8230,10.1304,10.1683,12.5415,11.9820,,13.6296
2022-04-14,7.2600,7.6600,7.2200,7.6600,42198000,SOFI,8.9325,8.6742,10.0324,10.0543,12.4104,11.8885,,13.5663
2022-04-18,7.1300,7.3150,6.9700,7.2600,50207800,SOFI,8.7955,8.5271,9.9436,9.9396,12.2942,11.7943,,13.5022
2022-04-19,7.4100,7.5800,7.0500,7.1100,39488900,SOFI,8.6875,8.4207,9.8540,9.8404,12.1902,11.7074,,13.4416
2022-04-20,6.9500,7.3600,6.9300,7.3600,56574300,SOFI,8.5490,8.2806,9.7586,9.7270,12.0764,11.6132,,13.3770
2022-04-21,6.6000,7.1100,6.4800,7.0300,66530900,SOFI,8.4105,8.1206,9.6480,9.6044,11.9603,11.5140,,13.3096
2022-04-22,6.3900,6.6800,6.3200,6.6000,45591900,SOFI,8.2565,7.9558,9.5186,9.4784,11.8399,11.4125,,13.2407
2022-04-25,6.5500,6.6100,6.2300,6.2700,37571500,SOFI,8.1335,7.8219,9.4018,9.3635,11.7334,11.3162,,13.1742
2022-04-26,6.2900,6.5000,6.1400,6.5000,49526100,SOFI,7.9855,7.6760,9.2796,9.2430,11.6324,11.2167,,13.1057
2022-04-27,6.1500,6.4600,6.0900,6.2500,42697500,SOFI,7.7860,7.5307,9.1626,9.1217,11.5296,11.1164,,13.0364
2022-04-28,6.4500,6.5400,6.0200,6.3000,46069000,SOFI,7.6200,7.4277,9.0400,9.0169,11.4422,11.0240,,12.9709
2022-04-29,6.1200,6.7500,6.1000,6.3700,33526800,SOFI,7.4535,7.3032,8.9008,8.9033,11.3462,10.9268,14.3562,12.9027
2022-05-02,6.3300,6.3400,6.0100,6.1050,43738400,SOFI,7.3035,7.2105,8.7838,8.8024,11.2433,10.8358,14.3114,12.8373
2022-05-03,6.4000,6.4200,6.1800,6.2800,27381700,SOFI,7.1350,7.1333,8.6840,8.7082,11.1379,10.7480,14.2675,12.7733
2022-05-04,7.1400,7.1700,6.2000,6.3600,77128300,SOFI,7.0360,7.1340,8.6216,8.6467,11.0527,10.6765,14.2279,12.7172
2022-05-05,6.8300,7.1100,6.5700,7.0500,46638700,SOFI,6.9400,7.1050,8.5618,8.5754,10.9709,10.6004,14.1793,12.6587
2022-05-06,6.4400,6.8700,6.3450,6.8200,50526800,SOFI,6.8560,7.0417,8.4840,8.4917,10.8895,10.5180,14.1312,12.5968
2022-05-09,5.9700,6.3900,5.7900,6.2300,51638700,SOFI,6.7610,6.9396,8.3900,8.3928,10.8044,10.4279,14.0826,12.5308
2022-05-10,5.2500,5.8000,4.8200,5.7500,125633800,SOFI,6.6375,6.7787,8.2660,8.2696,10.7053,10.3254,14.0313,12.4584
2022-05-11,5.4900,5.6100,4.9500,5.2100,76698100,SOFI,6.5380,6.6560,8.1518,8.1606,10.6175,10.2296,13.9841,12.3891
2022-05-12,5.6600,5.7900,5.0500,5.3100,66310000,SOFI,6.4405,6.5611,8.0334,8.0625,10.5276,10.1392,13.9356,12.3221
2022-05-13,6.7500,6.8600,6.0100,6.0800,74842000,SOFI,6.4150,6.5791,7.9546,8.0110,10.4492,10.0720,13.8913,12.2667
2022-05-16,6.9100,7.2350,6.8350,7.0200,60528400,SOFI,6.4040,6.6106,7.8928,7.9679,10.3686,10.0094,13.8487,12.2134
2022-05-17,7.0500,7.3400,6.9600,7.0900,54578600,SOFI,6.3860,6.6525,7.8414,7.9319,10.2892,9.9508,13.8053,12.1620
2022-05-18,7.2300,7.5600,6.8000,6.9300,54156900,SOFI,6.4000,6.7075,7.7916,7.9043,10.2106,9.8969,13.7659,12.1129
2022-05-19,7.7500,7.9900,7.1500,7.2500,57737200,SOFI,6.4575,6.8068,7.7492,7.8983,10.1342,9.8544,13.7227,12.0695
2022-05-20,7.4900,8.0400,7.1300,8.0200,56792900,SOFI,6.5125,6.8718,7.7108,7.8823,10.0606,9.8076,13.6798,12.0239
2022-05-23,7.2700,7.4900,7.1000,7.3600,33054600,SOFI,6.5485,6.9097,7.6852,7.8583,9.9886,9.7574,13.6326,11.9766
2022-05-24,6.7200,7.1500,6.6200,7.0700,38264600,SOFI,6.5700,6.8917,7.6610,7.8136,9.8963,9.6972,13.5817,11.9243
2022-05-25,7.0100,7.1600,6.6780,6.7400,35566800,SOFI,6.6130,6.9029,7.6372,7.7821,9.8083,9.6440,13.5318,11.8754
2022-05-26,7.1400,7.3900,6.9050,7.0700,35132100,SOFI,6.6475,6.9255,7.6086,7.7569,9.7229,9.5944,13.4830,11.8283
2022-05-27,7.5500,7.6800,7.1900,7.2900,38264400,SOFI,6.7190,6.9850,7.5814,7.7488,9.6479,9.5539,13.4335,11.7857
2022-05-31,7.4800,7.7000,7.2600,7.4950,61518900,SOFI,6.7765,7.0321,7.5336,7.7383,9.5817,9.5129,13.3959,11.7429
2022-06-01,7.0500,7.6200,6.9500,7.4950,36804600,SOFI,6.8090,7.0338,7.4832,7.7113,9.5144,9.4641,13.3597,11.6962
2022-06-02,7.4200,7.4200,6.9550,7.0400,28783000,SOFI,6.8230,7.0706,7.4372,7.6999,9.4512,9.4236,13.3281,11.6536
2022-06-03,6.9800,7.2500,6.8900,7.1500,29389200,SOFI,6.8305,7.0620,7.3894,7.6716,9.3873,9.3752,13.2919,11.6071
2022-06-06,6.8600,7.2650,6.7700,7.0800,39384000,SOFI,6.8515,7.0427,7.3372,7.6398,9.3165,9.3254,13.2571,11.5599
2022-06-07,6.8600,6.9000,6.6710,6.7500,26378400,SOFI,6.8960,7.0253,7.2942,7.6092,9.2465,9.2766,13.2212,11.5131
2022-06-08,6.6600,6.9700,6.6100,6.7800,30467700,SOFI,6.9665,6.9905,7.2424,7.5720,9.1822,9.2248,13.1823,11.4648
2022-06-09,6.1100,6.6900,6.1100,6.6800,35450400,SOFI,6.9975,6.9067,7.1618,7.5147,9.1113,9.1631,13.1391,11.4116
2022-06-10,5.9400,6.2500,5.8500,5.9700,37492800,SOFI,7.0115,6.8146,7.0852,7.4529,9.0501,9.0993,13.0945,11.3571
2022-06-13,5.6100,5.7380,5.3450,5.6100,51080200,SOFI,6.9545,6.6999,7.0084,7.3806,8.9691,9.0302,13.0508,11.2999
2022-06-14,5.9250,6.0380,5.7200,5.7500,39077700,SOFI,6.9053,6.6261,6.9403,7.3236,8.8784,8.9687,13.0102,11.2465
2022-06-15,5.9400,6.1700,5.6820,5.9500,59845400,SOFI,6.8498,6.5608,6.8637,7.2693,8.7988,8.9087,12.9689,11.1937
2022-06-16,5.4700,5.8400,5.4400,5.7100,32073700,SOFI,6.7618,6.4569,6.7907,7.1987,8.7205,8.8406,12.9254,11.1367
2022-06-17,5.7000,5.8500,5.5100,5.5700,53969200,SOFI,6.6593,6.3848,6.7297,7.1400,8.6499,8.7784,12.8810,11.0826
2022-06-21,5.7200,5.9790,5.7200,5.8200,32297200,SOFI,6.5708,6.3215,6.6817,7.0843,8.5813,8.7179,12.8343,11.0292
2022-06-22,5.6000,5.8200,5.5400,5.6200,34436600,SOFI,6.4873,6.2528,6.6363,7.0261,8.5237,8.6561,12.7865,10.9752
2022-06-23,5.7800,5.9200,5.6250,5.6500,28993800,SOFI,6.4403,6.2077,6.5975,6.9772,8.4705,8.5992,12.7362,10.9235
2022-06-24,6.1300,6.1800,5.7900,5.8800,87590000,SOFI,6.3963,6.2003,6.5705,6.9440,8.4070,8.5503,12.6895,10.8758
2022-06-27,5.9300,6.2100,5.8500,6.1000,26805000,SOFI,6.3358,6.1746,6.5369,6.9042,8.3336,8.4984,12.6407,10.8266
2022-06-28,5.5600,5.9700,5.5000,5.9300,31351800,SOFI,6.2363,6.1161,6.5029,6.8515,8.2676,8.4402,12.5921,10.7742
2022-06-29,5.5400,5.5500,5.3400,5.5200,32700600,SOFI,6.1393,6.0612,6.4711,6.8001,8.2073,8.3828,12.5447,10.7221
2022-06-30,5.2700,5.5100,5.2300,5.4300,27760700,SOFI,6.0503,5.9858,6.4283,6.7401,8.1411,8.3212,12.4986,10.6679
2022-07-01,5.4100,5.4850,5.1700,5.2600,21703300,SOFI,5.9497,5.9310,6.3975,6.6879,8.0780,8.2635,12.4484,10.6156
2022-07-05,5.8400,5.8400,5.1400,5.3300,28258400,SOFI,5.8928,5.9223,6.3823,6.6547,8.0151,8.2155,12.4001,10.5680
2022-07-06,5.9000,6.1000,5.7800,5.8000,25041500,SOFI,5.8447,5.9202,6.3725,6.6251,7.9455,8.1697,12.3541,10.5216
2022-07-07,6.2600,6.2800,5.8500,5.9000,30799700,SOFI,5.8148,5.9526,6.3667,6.6107,7.8842,8.1318,12.3126,10.4792
2022-07-08,6.1900,6.3700,5.9300,6.0000,26898900,SOFI,5.7913,5.9752,6.3647,6.5942,7.8221,8.0934,12.2677,10.4365
2022-07-11,6.0100,6.0900,5.8200,6.0350,18679700,SOFI,5.7863,5.9785,6.3619,6.5713,7.7622,8.0521,12.2135,10.3925
2022-07-12,6.0400,6.2300,5.9000,6.0200,18008300,SOFI,5.7913,5.9844,6.3537,6.5505,7.6968,8.0123,12.1580,10.3492
2022-07-13,5.9500,6.0600,5.7500,5.8500,25769500,SOFI,5.8082,5.9811,6.3503,6.5270,7.6255,7.9715,12.0996,10.3054
2022-07-14,5.9100,5.9700,5.7600,5.8800,17285100,SOFI,5.8075,5.9743,6.3419,6.5028,7.5628,7.9306,12.0406,10.2617
2022-07-15,6.2900,6.3000,5.9300,6.0400,22335800,SOFI,5.8250,6.0044,6.3397,6.4944,7.5118,7.8981,11.9869,10.2221
2022-07-18,6.3500,6.5950,6.3100,6.3300,20005800,SOFI,5.8690,6.0373,6.3239,6.4887,7.4727,7.8675,11.9386,10.1836
2022-07-19,6.6200,6.6300,6.2700,6.4800,21273600,SOFI,5.9150,6.0928,6.3197,6.4939,7.4407,7.8428,11.8923,10.1482
2022-07-20,6.9700,7.0800,6.6600,6.6900,24765700,SOFI,5.9775,6.1763,6.3303,6.5126,7.4071,7.8255,11.8449,10.1165
2022-07-21,7.0400,7.1500,6.9000,6.9750,19858400,SOFI,6.0495,6.2586,6.3517,6.5333,7.3708,7.8100,11.7996,10.0859
2022-07-22,6.6200,7.0600,6.5200,7.0500,21258200,SOFI,6.0915,6.2930,6.3791,6.5367,7.3225,7.7864,11.7515,10.0514
2022-07-25,6.4600,6.6100,6.3700,6.5700,14153800,SOFI,6.1080,6.3089,6.3985,6.5336,7.2751,7.7601,11.7007,10.0157
2022-07-26,6.1400,6.3700,6.1200,6.3700,16325700,SOFI,6.1185,6.2928,6.4081,6.5182,7.2207,7.7280,11.6494,9.9771
2022-07-27,6.4400,6.4700,6.1900,6.2500,17437400,SOFI,6.1625,6.3068,6.4019,6.5151,7.1782,7.7025,11.6005,9.9419
2022-07-28,6.3000,6.5600,6.0900,6.4500,21965900,SOFI,6.2005,6.3062,6.3897,6.5067,7.1412,7.6748,11.5401,9.9057
2022-07-29,6.3100,6.3700,6.1500,6.2700,19058700,SOFI,6.2525,6.3066,6.3749,6.4990,7.1081,7.6477,11.4768,9.8699
2022-08-01,6.3600,6.4100,6.1400,6.2700,21109900,SOFI,6.3000,6.3116,6.3575,6.4935,7.0745,7.6222,11.4140,9.8350
2022-08-02,6.4100,6.6300,6.3100,6.3400,49460900,SOFI,6.3285,6.3210,6.3307,6.4903,7.0399,7.5982,11.3479,9.8009
2022-08-03,8.2300,8.4200,7.0500,7.2800,147719800,SOFI,6.4450,6.5028,6.3455,6.5585,7.0281,7.6107,11.2922,9.7853
2022-08-04,8.2300,8.5200,7.8600,8.1700,61791900,SOFI,6.5435,6.6673,6.3647,6.6240,7.0249,7.6230,11.2291,9.7698
2022-08-05,7.9600,8.2600,7.8200,8.0200,43574400,SOFI,6.6320,6.7904,6.3895,6.6764,7.0252,7.6297,11.1678,9.7518
2022-08-08,7.9800,8.4900,7.8800,8.1400,56810700,SOFI,6.7305,6.9037,6.4089,6.7276,7.0230,7.6366,11.1024,9.7342
2022-08-09,7.3900,7.7600,7.2500,7.7000,50017000,SOFI,6.7980,6.9500,6.4139,6.7535,7.0112,7.6317,11.0344,9.7108
2022-08-10,7.8100,7.9500,7.5100,7.7800,51807800,SOFI,6.8910,7.0319,6.4191,6.7950,7.0002,7.6353,10.9706,9.6919
2022-08-11,7.4200,8.1400,7.3650,8.0800,65326100,SOFI,6.9665,7.0689,6.4179,6.8195,6.9757,7.6310,10.9042,9.6693
2022-08-12,7.6500,7.7000,7.3000,7.5300,35779800,SOFI,7.0345,7.1242,6.4299,6.8520,6.9565,7.6314,10.8427,9.6492
2022-08-15,7.6200,7.7000,7.3900,7.5700,38003000,SOFI,7.0980,7.1715,6.4339,6.8822,6.9355,7.6312,10.7845,9.6290
2022-08-16,7.5800,7.8090,7.1900,7.5000,56783500,SOFI,7.1460,7.2104,6.4459,6.9095,6.9176,7.6301,10.7229,9.6087
2022-08-17,6.8800,7.4500,6.8200,7.4300,75554900,SOFI,7.1415,7.1789,6.4463,6.9084,6.8917,7.6153,10.6568,9.5815
2022-08-18,6.6800,6.9600,6.6200,6.9500,38842700,SOFI,7.1235,7.1314,6.4427,6.8994,6.8684,7.5968,10.5771,9.5526
2022-08-19,6.3300,6.5300,6.2700,6.5200,47048200,SOFI,7.1090,7.0551,6.4361,6.8771,6.8392,7.5717,10.4954,9.5206
2022-08-22,6.1000,6.3300,6.0100,6.1500,41817600,SOFI,7.0910,6.9641,6.4359,6.8466,6.7988,7.5425,10.4111,9.4865
2022-08-23,6.1700,6.2500,6.0100,6.1500,55901700,SOFI,7.0925,6.8885,6.4405,6.8201,6.7628,7.5154,10.3255,9.4535
2022-08-24,6.4500,6.8700,6.3700,6.6950,114014000,SOFI,7.0930,6.8467,6.4573,6.8056,6.7328,7.4943,10.2449,9.4236
2022-08-25,6.6900,6.7200,6.3900,6.6300,53630800,SOFI,7.1125,6.8318,6.4726,6.8010,6.7064,7.4783,10.1646,9.3964
2022-08-26,6.1800,6.8900,6.1200,6.8600,74661000,SOFI,7.1060,6.7697,6.4774,6.7767,6.6705,7.4526,10.0848,9.3644
2022-08-29,6.0000,6.2260,5.9700,6.0900,55367700,SOFI,7.0880,6.6964,6.4880,6.7462,6.6393,7.4239,10.0127,9.3310
2022-08-30,5.9100,6.1300,5.8100,6.0800,38113900,SOFI,7.0630,6.6215,6.4922,6.7134,6.6109,7.3939,9.9274,9.2969
2022-08-31,5.9200,6.0800,5.8700,5.9700,32515900,SOFI,6.9475,6.5547,6.4962,6.6823,6.5889,7.3647,9.8432,9.2633
2022-09-01,5.8500,5.8600,5.6100,5.8150,34316400,SOFI,6.8285,6.4876,6.5012,6.6497,6.5687,7.3347,9.7579,9.2294
2022-09-02,5.7400,6.0000,5.7000,5.9900,29739700,SOFI,6.7175,6.4164,6.5004,6.6140,6.5489,7.3031,9.6782,9.1946
2022-09-06,5.6500,5.7900,5.5700,5.7500,28734800,SOFI,6.6010,6.3434,6.4908,6.5762,6.5306,7.2704,9.6009,9.1594
2022-09-07,5.8200,5.8500,5.5700,5.6000,25290200,SOFI,6.5225,6.2936,6.4886,6.5465,6.5127,7.2417,9.5271,9.1261
2022-09-08,6.1900,6.1900,5.6800,5.6900,38945300,SOFI,6.4415,6.2837,6.5012,6.5326,6.5020,7.2208,9.4562,9.0969
2022-09-09,6.3300,6.3400,6.1700,6.2300,30872900,SOFI,6.3870,6.2881,6.5170,6.5246,6.4940,7.2032,9.3941,9.0694
2022-09-12,6.4100,6.4900,6.2900,6.3500,28634000,SOFI,6.3250,6.2997,6.5398,6.5201,6.4840,7.1875,9.3371,9.0429
2022-09-13,5.8400,6.1400,5.7900,6.0200,44931900,SOFI,6.2360,6.2559,6.5484,6.4934,6.4729,7.1608,9.2747,9.0111
2022-09-14,6.1700,6.1900,5.9000,6.0600,62819300,SOFI,6.1655,6.2477,6.5550,6.4808,6.4686,7.1412,9.2145,8.9828
2022-09-15,6.4100,6.6500,6.1000,6.1300,58733500,SOFI,6.1420,6.2632,6.5652,6.4780,6.4688,7.1267,9.1544,8.9572
2022-09-16,6.0500,6.2700,6.0100,6.2350,44028900,SOFI,6.1105,6.2429,6.5610,6.4612,6.4638,7.1054,9.0986,8.9283
2022-09-19,6.0800,6.1000,5.8900,5.9500,30714100,SOFI,6.0980,6.2274,6.5588,6.4463,6.4617,7.0851,9.0471,8.8999
2022-09-20,5.8900,6.1200,5.8800,6.0000,27278200,SOFI,6.0875,6.1952,6.5564,6.4244,6.4591,7.0614,8.9944,8.8700
2022-09-21,5.6900,6.0400,5.6900,5.8900,36073900,SOFI,6.0635,6.1471,6.5494,6.3956,6.4515,7.0343,8.9469,8.8383
2022-09-22,5.3600,5.7900,5.3600,5.7200,41535300,SOFI,6.0090,6.0722,6.5376,6.3550,6.4439,7.0011,8.8951,8.8037
2022-09-23,5.3100,5.3700,5.1600,5.2600,40071900,SOFI,5.9400,5.9996,6.5256,6.3140,6.4337,6.9676,8.8385,8.7690
2022-09-26,5.0800,5.5100,5.0800,5.3000,65463200,SOFI,5.8850,5.9120,6.5014,6.2657,6.4205,6.9302,8.7792,8.7323
2022-09-27,5.0800,5.3300,5.0000,5.2300,35622200,SOFI,5.8390,5.8328,6.4760,6.2192,6.3999,6.8936,8.7263,8.6959
2022-09-28,5.2500,5.2800,5.0400,5.0800,29843200,SOFI,5.8060,5.7773,6.4486,6.1811,6.3841,6.8611,8.6775,8.6616
2022-09-29,4.8400,5.1600,4.7900,5.1200,56776400,SOFI,5.7520,5.6880,6.4060,6.1286,6.3681,6.8210,8.6288,8.6236
2022-09-30,4.8800,5.0900,4.8100,4.8200,33884400,SOFI,5.7035,5.6110,6.3628,6.0796,6.3572,6.7826,8.5808,8.5863
2022-10-03,5.1300,5.2200,4.8100,4.9400,33619400,SOFI,5.6730,5.5652,6.3330,6.0424,6.3560,6.7499,8.5307,8.5520
2022-10-04,5.4000,5.4600,5.2500,5.2650,37930500,SOFI,5.6605,5.5495,6.3118,6.0172,6.3551,6.7231,8.4863,8.5206
2022-10-05,5.2800,5.3200,5.0700,5.2700,36209300,SOFI,5.6335,5.5238,6.2946,5.9883,6.3513,6.6946,8.4395,8.4883
2022-10-06,5.2900,5.4700,5.1700,5.2700,28449200,SOFI,5.5885,5.5016,6.2716,5.9609,6.3367,6.6668,8.3930,8.4565
2022-10-07,5.0100,5.1500,4.9600,5.1300,27856200,SOFI,5.5225,5.4547,6.2458,5.9236,6.3177,6.6340,8.3432,8.4222
2022-10-10,4.9700,5.0350,4.9100,5.0100,22211500,SOFI,5.4505,5.4086,6.2190,5.8862,6.2969,6.6010,8.2931,8.3879
2022-10-11,5.0000,5.1700,4.7700,4.9500,35828900,SOFI,5.4085,5.3697,6.1918,5.8514,6.2746,6.5693,8.2426,8.3542
2022-10-12,5.0800,5.1200,4.8800,4.9800,26339800,SOFI,5.3540,5.3421,6.1652,5.8212,6.2479,6.5398,8.1911,8.3216
2022-10-13,5.0900,5.2200,4.8400,4.8900,32629000,SOFI,5.2880,5.3181,6.1024,5.7925,6.2239,6.5111,8.1423,8.2894
2022-10-14,4.8100,5.2800,4.8100,5.1900,35776200,SOFI,5.2260,5.2697,6.0340,5.7540,6.1993,6.4774,8.0940,8.2548
2022-10-17,5.0700,5.1000,4.8500,4.9500,33347900,SOFI,5.1755,5.2507,5.9762,5.7272,6.1828,6.4495,8.0396,8.2231
2022-10-18,5.2500,5.3500,5.1500,5.2500,37401900,SOFI,5.1435,5.2506,5.9216,5.7084,6.1652,6.4258,7.9868,8.1935
2022-10-19,4.9900,5.2200,4.9700,5.2100,35412300,SOFI,5.1085,5.2258,5.8736,5.6803,6.1437,6.3974,7.9333,8.1617
2022-10-20,5.0100,5.1900,4.9600,4.9750,30718900,SOFI,5.0910,5.2052,5.8176,5.6540,6.1183,6.3699,7.8831,8.1303
2022-10-21,5.1500,5.1600,4.9000,4.9700,33980000,SOFI,5.0830,5.2000,5.7722,5.6342,6.0950,6.3457,7.8384,8.1007
2022-10-24,5.1700,5.2000,4.9700,5.1400,32703200,SOFI,5.0875,5.1971,5.7226,5.6160,6.0762,6.3224,7.7953,8.0715
2022-10-25,5.6600,5.6800,5.1900,5.2000,49264000,SOFI,5.1165,5.2412,5.6834,5.6177,6.0586,6.3093,7.7549,8.0475
2022-10-26,5.5400,5.7700,5.5000,5.5250,37510600,SOFI,5.1310,5.2697,5.6426,5.6147,6.0442,6.2941,7.7158,8.0225
2022-10-27,5.3500,5.6600,5.3440,5.6200,26942700,SOFI,5.1565,5.2773,5.6120,5.6043,6.0291,6.2754,7.6728,7.9960
2022-10-28,5.4500,5.4700,5.2900,5.3700,28751000,SOFI,5.1850,5.2938,5.5874,5.5983,6.0150,6.2591,7.6308,7.9706
2022-10-31,5.4400,5.6700,5.3600,5.5600,61549200,SOFI,5.2005,5.3077,5.5696,5.5921,6.0028,6.2428,7.5925,7.9454
2022-11-01,5.7300,6.4700,5.6700,6.4600,159097200,SOFI,5.2170,5.3479,5.5622,5.5975,5.9990,6.2327,7.5552,7.9234
2022-11-02,5.1200,5.7000,5.0300,5.6750,106803800,SOFI,5.2090,5.3262,5.5412,5.5787,5.9908,6.2106,7.5205,7.8955
2022-11-03,5.3600,5.3900,5.0100,5.0300,55484100,SOFI,5.2125,5.3294,5.5194,5.5702,5.9883,6.1938,7.4787,7.8703
2022-11-04,5.1800,5.5100,5.0600,5.4950,53554200,SOFI,5.2210,5.3152,5.4892,5.5549,5.9809,6.1737,7.4296,7.8435
2022-11-07,5.1800,5.2850,5.1200,5.2300,39915100,SOFI,5.2315,5.3023,5.4692,5.5402,5.9733,6.1541,7.3861,7.8170
2022-11-08,5.1000,5.3000,5.0500,5.1800,48009700,SOFI,5.2365,5.2830,5.4512,5.5229,5.9696,6.1332,7.3451,7.7900
2022-11-09,4.9800,5.0600,4.9400,5.0300,45924000,SOFI,5.2315,5.2542,5.4326,5.5016,5.9624,6.1103,7.3062,7.7620
2022-11-10,5.3400,5.4400,5.0900,5.2700,69817600,SOFI,5.2440,5.2624,5.4210,5.4953,5.9586,6.0951,7.2700,7.7379
2022-11-11,5.9500,6.0000,5.3200,5.3200,84353300,SOFI,5.3010,5.3278,5.4230,5.5131,5.9621,6.0922,7.2429,7.7201
2022-11-14,5.8600,6.0500,5.7200,5.8900,47833200,SOFI,5.3405,5.3785,5.4254,5.5267,5.9629,6.0876,7.2167,7.7016
2022-11-15,5.8500,6.1300,5.8000,6.1000,59806400,SOFI,5.3705,5.4234,5.4294,5.5394,5.9601,6.0829,7.1836,7.6832
2022-11-16,5.5300,5.7700,5.4700,5.7700,43267800,SOFI,5.3975,5.4336,5.4236,5.5390,5.9561,6.0720,7.1449,7.6618
2022-11-17,5.3800,5.5100,5.2800,5.3400,34036700,SOFI,5.4160,5.4285,5.4074,5.5328,5.9543,6.0583,7.1110,7.6391
2022-11-18,5.1800,5.4900,5.1600,5.4800,36633900,SOFI,5.4175,5.4048,5.3844,5.5189,5.9507,6.0409,7.0790,7.6146
2022-11-21,4.8700,5.1900,4.8000,5.1300,99355000,SOFI,5.4025,5.3539,5.3536,5.4935,5.9467,6.0177,7.0439,7.5873
2022-11-22,4.6400,4.9000,4.6000,4.9000,76694100,SOFI,5.3515,5.2859,5.3296,5.4600,5.9390,5.9904,7.0085,7.5580
2022-11-23,4.6600,4.7080,4.5300,4.6700,58395300,SOFI,5.3075,5.2263,5.2994,5.4287,5.9272,5.9641,6.9712,7.5291
2022-11-25,4.6000,4.6700,4.5100,4.6700,28016500,SOFI,5.2700,5.1666,5.2632,5.3962,5.9142,5.9370,6.9299,7.5000
2022-11-28,4.4500,4.6300,4.4100,4.5400,46991100,SOFI,5.2200,5.0984,5.2312,5.3591,5.8961,5.9076,6.8902,7.4696
2022-11-29,4.5600,4.5700,4.4420,4.4600,40676700,SOFI,5.1760,5.0471,5.2008,5.3277,5.8798,5.8809,6.8510,7.4407
2022-11-30,4.8300,4.8500,4.5200,4.5500,49235500,SOFI,5.1310,5.0264,5.1796,5.3082,5.8680,5.8601,6.8151,7.4147
2022-12-01,4.7400,4.9100,4.6700,4.8600,34842000,SOFI,5.1120,4.9992,5.1606,5.2859,5.8550,5.8379,6.7759,7.3881
2022-12-02,4.7000,4.7000,4.5200,4.6000,23866400,SOFI,5.0790,4.9707,5.1474,5.2629,5.8425,5.8154,6.7340,7.3613
2022-12-05,4.5300,4.7300,4.4700,4.7000,28384800,SOFI,5.0465,4.9287,5.1318,5.2342,5.8287,5.7899,6.6958,7.3332
2022-12-06,4.3200,4.5500,4.2600,4.5400,41048400,SOFI,5.0035,4.8707,5.1166,5.1983,5.8090,5.7608,6.6604,7.3032
2022-12-07,4.3000,4.3700,4.2400,4.3000,21933400,SOFI,4.9635,4.8164,5.1010,5.1631,5.7885,5.7319,6.6306,7.2733
2022-12-08,4.4000,4.4300,4.2500,4.3500,19767400,SOFI,4.9345,4.7767,5.0840,5.1332,5.7663,5.7055,6.6035,7.2447
2022-12-09,4.3400,4.4000,4.3100,4.3600,16804200,SOFI,4.8845,4.7351,5.0740,5.1021,5.7400,5.6785,6.5736,7.2158
2022-12-12,4.4500,4.4800,4.2700,4.3100,23353200,SOFI,4.8095,4.7080,5.0654,5.0765,5.7141,5.6542,6.5425,7.1883
2022-12-13,4.4300,4.7700,4.3500,4.6900,33682400,SOFI,4.7380,4.6815,5.0514,5.0512,5.6922,5.6299,6.5074,7.1608
2022-12-14,4.7000,4.9200,4.5300,4.5700,68775700,SOFI,4.6805,4.6833,5.0374,5.0374,5.6746,5.6115,6.4749,7.1364
2022-12-15,4.6300,4.7600,4.5000,4.5800,37157400,SOFI,4.6355,4.6782,5.0244,5.0214,5.6595,5.5921,6.4401,7.1114
2022-12-16,4.6400,4.6800,4.5000,4.5800,31419300,SOFI,4.5985,4.6745,5.0114,5.0065,5.6415,5.5732,6.4099,7.0868
2022-12-19,4.4300,4.6600,4.4000,4.6600,27122400,SOFI,4.5610,4.6513,4.9998,4.9838,5.6228,5.5506,6.3820,7.0604
2022-12-20,4.5700,4.7600,4.4500,4.5300,34033400,SOFI,4.5460,4.6435,4.9918,4.9676,5.6054,5.5312,6.3568,7.0356
2022-12-21,4.6400,4.7300,4.5600,4.6500,24848900,SOFI,4.5460,4.6432,4.9846,4.9548,5.5882,5.5135,6.3314,7.0118
2022-12-22,4.5800,4.6250,4.3700,4.5800,30665900,SOFI,4.5420,4.6372,4.9746,4.9401,5.5699,5.4950,6.3049,6.9876
2022-12-23,4.6100,4.6200,4.4610,4.5500,19435300,SOFI,4.5425,4.6346,4.9650,4.9271,5.5337,5.4775,6.2809,6.9639
2022-12-27,4.3900,4.5800,4.3500,4.5500,24110700,SOFI,4.5395,4.6113,4.9566,4.9061,5.4953,5.4560,6.2601,6.9383
2022-12-28,4.3700,4.4300,4.2400,4.3800,35043300,SOFI,4.5300,4.5883,4.9426,4.8850,5.4594,5.4345,6.2423,6.9127
2022-12-29,4.5900,4.6300,4.3200,4.4000,33261900,SOFI,4.5180,4.5885,4.9294,4.8735,5.4255,5.4177,6.2243,6.8896
2022-12-30,4.6100,4.6500,4.4500,4.4900,28240200,SOFI,4.5115,4.5905,4.9218,4.8631,5.3977,5.4018,6.2045,6.8670
2023-01-03,4.5000,4.7500,4.4300,4.6500,29303200,SOFI,4.5015,4.5819,4.9116,4.8489,5.3646,5.3839,6.1824,6.8434
2023-01-04,4.7700,4.8800,4.4950,4.5400,48731400,SOFI,4.5135,4.5998,4.9040,4.8458,5.3381,5.3717,6.1569,6.8228
2023-01-05,4.6300,4.7300,4.5600,4.6600,30512000,SOFI,4.5290,4.6027,4.8932,4.8373,5.3079,5.3570,6.1322,6.8010
2023-01-06,4.6200,4.6950,4.4900,4.6600,31589500,SOFI,4.5450,4.6043,4.8724,4.8288,5.2779,5.3425,6.1067,6.7793
2023-01-09,4.8200,5.0000,4.6700,4.6700,50435000,SOFI,4.5660,4.6249,4.8580,4.8285,5.2503,5.3321,6.0840,6.7598
2023-01-10,5.1200,5.1300,4.7800,4.8000,42334400,SOFI,4.6050,4.6720,4.8534,4.8399,5.2327,5.3279,6.0622,6.7434
2023-01-11,5.1500,5.1900,4.9800,5.1500,41602100,SOFI,4.6400,4.7176,4.8474,4.8521,5.2174,5.3244,6.0429,6.7276
2023-01-12,5.3600,5.3800,4.9900,5.1900,49408800,SOFI,4.6865,4.7787,4.8458,4.8720,5.2077,5.3251,6.0235,6.7140
2023-01-13,5.4400,5.4900,5.1900,5.2250,32477100,SOFI,4.7235,4.8417,4.8400,4.8943,5.2011,5.3274,6.0000,6.7013
2023-01-17,5.6400,5.7200,5.3600,5.4500,37801400,SOFI,4.7740,4.9177,4.8504,4.9235,5.1958,5.3336,5.9793,6.6907
2023-01-18,5.5600,5.7000,5.4800,5.6500,38396700,SOFI,4.8200,4.9789,4.8544,4.9485,5.1869,5.3380,5.9599,6.6795
2023-01-19,5.4100,5.5300,5.3100,5.4100,32006500,SOFI,4.8690,5.0200,4.8590,4.9666,5.1741,5.3395,5.9403,6.6669
2023-01-20,5.6700,5.7500,5.4310,5.4850,31135600,SOFI,4.9240,5.0819,4.8688,4.9942,5.1690,5.3460,5.9198,6.6569
2023-01-23,5.8700,5.8900,5.6300,5.7100,39018500,SOFI,4.9855,5.1569,4.8842,5.0285,5.1677,5.3564,5.9035,6.6491
2023-01-24,5.7900,6.0000,5.7300,5.7750,32563800,SOFI,5.0460,5.2172,4.9004,5.0584,5.1665,5.3650,5.8887,6.6406
2023-01-25,5.7900,5.8700,5.5400,5.6400,30127800,SOFI,5.1050,5.2718,4.9094,5.0871,5.1652,5.3734,5.8771,6.6321
2023-01-26,5.7100,5.9400,5.6500,5.9000,29992300,SOFI,5.1710,5.3135,4.9046,5.1115,5.1638,5.3801,5.8663,6.6229
2023-01-27,5.9400,6.0400,5.6300,5.6900,48503500,SOFI,5.2495,5.3732,4.9062,5.1440,5.1658,5.3911,5.8574,6.6161
2023-01-30,6.6800,7.0050,6.3700,6.5900,164184300,SOFI,5.3540,5.4976,4.9228,5.2042,5.1761,5.4167,5.8534,6.6168
2023-01-31,6.9300,6.9500,6.5100,6.6600,68287100,SOFI,5.4700,5.6341,4.9508,5.2719,5.1872,5.4466,5.8500,6.6199
2023-02-01,7.3800,7.4700,6.8600,6.9300,75445300,SOFI,5.6140,5.8003,4.9908,5.3546,5.1991,5.4849,5.8506,6.6274
2023-02-02,7.7200,8.2400,7.4500,7.6700,106231100,SOFI,5.7615,5.9832,5.0416,5.4473,5.2130,5.5292,5.8535,6.6383
2023-02-03,7.4600,7.9850,7.3100,7.4000,55989100,SOFI,5.9030,6.1238,5.0934,5.5262,5.2235,5.5674,5.8538,6.6465
2023-02-06,7.4100,7.6400,7.2600,7.3500,41269900,SOFI,6.0425,6.2463,5.1488,5.6001,5.2392,5.6039,5.8561,6.6541
2023-02-07,7.3800,7.4500,7.1400,7.3700,40804000,SOFI,6.1705,6.3543,5.2032,5.6699,5.2513,5.6391,5.8600,6.6613
2023-02-08,7.2000,7.4950,7.1900,7.3200,25636300,SOFI,6.2745,6.4348,5.2552,5.7299,5.2592,5.6700,5.8640,6.6667
2023-02-09,6.8900,7.3650,6.8400,7.2700,50352400,SOFI,6.3615,6.4782,5.3040,5.7754,5.2676,5.6941,5.8657,6.6689
2023-02-10,6.8100,6.8900,6.6400,6.7600,37285300,SOFI,6.4340,6.5098,5.3490,5.8160,5.2749,5.7162,5.8683,6.6703
2023-02-13,6.7600,6.9000,6.6800,6.7500,23626800,SOFI,6.5000,6.5336,5.3876,5.8530,5.2836,5.7369,5.8714,6.6712
2023-02-14,6.7400,6.8200,6.4300,6.6600,28449700,SOFI,6.5550,6.5533,5.4276,5.8878,5.2941,5.7568,5.8728,6.6719
2023-02-15,7.2500,7.2900,6.8000,6.8200,35683800,SOFI,6.6395,6.6196,5.4786,5.9412,5.3130,5.7863,5.8785,6.6776
2023-02-16,6.9800,7.2800,6.9500,7.0740,30458000,SOFI,6.7180,6.6539,5.5276,5.9820,5.3297,5.8100,5.8817,6.6806
2023-02-17,6.6200,6.9600,6.5100,6.8900,30999500,SOFI,6.7655,6.6507,5.5736,6.0070,5.3451,5.8260,5.8828,6.6800
2023-02-21,6.4200,6.5700,6.3300,6.4600,26332900,SOFI,6.7930,6.6287,5.6160,6.0232,5.3585,5.8378,5.8792,6.6774
2023-02-22,6.5400,6.5800,6.3700,6.4000,22778900,SOFI,6.8305,6.6203,5.6588,6.0434,5.3714,5.8517,5.8778,6.6761
2023-02-23,6.5500,6.6900,6.3900,6.6500,19210200,SOFI,6.8685,6.6136,5.7030,6.0633,5.3885,5.8655,5.8783,6.6748
2023-02-24,6.3800,6.4500,6.3100,6.3800,16954200,SOFI,6.9020,6.5913,5.7416,6.0757,5.4035,5.8757,5.8804,6.6719
2023-02-27,6.4200,6.5000,6.3420,6.4500,19082100,SOFI,6.9260,6.5750,5.7814,6.0892,5.4164,5.8865,5.8862,6.6694
2023-02-28,6.6000,6.7000,6.4500,6.4600,17430600,SOFI,6.9220,6.5774,5.8194,6.1093,5.4284,5.9006,5.8918,6.6687
2023-03-01,6.4400,6.6200,6.4300,6.5800,19827300,SOFI,6.8975,6.5643,5.8556,6.1222,5.4400,5.9113,5.8957,6.6664
2023-03-02,6.4500,6.5100,6.2300,6.3000,18003500,SOFI,6.8510,6.5534,5.8918,6.1351,5.4516,5.9220,5.8942,6.6643
2023-03-03,6.7200,6.7900,6.4600,6.4800,25456400,SOFI,6.8010,6.5693,5.9376,6.1580,5.4687,5.9378,5.8932,6.6648
2023-03-06,6.6800,6.9700,6.6700,6.8000,26214300,SOFI,6.7620,6.5798,5.9798,6.1785,5.4858,5.9525,5.8914,6.6650
2023-03-07,6.5100,6.7100,6.4200,6.7100,28344300,SOFI,6.7170,6.5732,6.0172,6.1915,5.5009,5.9635,5.8878,6.6634
2023-03-08,6.4700,6.6000,6.3820,6.4800,16558600,SOFI,6.6715,6.5634,6.0550,6.2024,5.5148,5.9735,5.8814,6.6615
2023-03-09,6.0900,6.5550,6.0650,6.4200,27793300,SOFI,6.6160,6.5183,6.0846,6.1980,5.5248,5.9758,5.8744,6.6558
2023-03-10,5.5800,5.9200,5.2100,5.9000,86809700,SOFI,6.5505,6.4289,6.1084,6.1738,5.5325,5.9680,5.8659,6.6451
2023-03-13,5.4900,5.5700,5.1000,5.4600,59761300,SOFI,6.4845,6.3395,6.1308,6.1470,5.5367,5.9585,5.8598,6.6336
2023-03-14,5.5500,5.7400,5.4300,5.6900,36750400,SOFI,6.4240,6.2643,6.1500,6.1235,5.5397,5.9504,5.8525,6.6228
2023-03-15,5.4100,5.4600,5.2750,5.3350,34260500,SOFI,6.3575,6.1829,6.1660,6.0956,5.5439,5.9397,5.8438,6.6108
2023-03-16,5.4500,5.5400,5.2800,5.3500,25128700,SOFI,6.2675,6.1131,6.1850,6.0702,5.5483,5.9300,5.8333,6.5992
2023-03-17,5.4600,5.5400,5.3300,5.4700,27173200,SOFI,6.1915,6.0509,6.1988,6.0463,5.5514,5.9207,5.8232,6.5879
2023-03-20,5.2200,5.5400,5.1900,5.4700,33271400,SOFI,6.1215,5.9718,6.2106,6.0139,5.5519,5.9069,5.8141,6.5743
2023-03-21,5.5700,5.6000,5.3200,5.3500,29210300,SOFI,6.0790,5.9335,6.2296,5.9965,5.5510,5.9002,5.8048,6.5643
2023-03-22,5.5600,6.0300,5.5400,5.7900,62273300,SOFI,6.0300,5.8980,6.2444,5.9794,5.5512,5.8934,5.7977,6.5543
2023-03-23,5.7800,5.8800,5.5700,5.6500,35687800,SOFI,5.9915,5.8867,6.2576,5.9716,5.5555,5.8912,5.7923,6.5466
2023-03-24,5.7400,5.8300,5.6400,5.6750,18657400,SOFI,5.9595,5.8728,6.2694,5.9625,5.5584,5.8882,5.7867,6.5386
2023-03-27,5.7600,5.8800,5.7300,5.8200,24284700,SOFI,5.9265,5.8620,6.2774,5.9545,5.5616,5.8857,5.7822,6.5308
2023-03-28,5.5900,5.7900,5.5100,5.7400,23185400,SOFI,5.8760,5.8361,6.2804,5.9402,5.5602,5.8798,5.7796,6.5214
2023-03-29,5.7500,5.9200,5.6500,5.6900,28461800,SOFI,5.8415,5.8279,6.2826,5.9328,5.5665,5.8772,5.7787,6.5138
2023-03-30,5.7200,5.9300,5.6200,5.8700,25094700,SOFI,5.8050,5.8176,6.2858,5.9244,5.5701,5.8741,5.7792,6.5059
2023-03-31,6.0700,6.1700,5.6700,5.7500,41786800,SOFI,5.7725,5.8417,6.2990,5.9301,5.5790,5.8780,5.7799,6.5015
2023-04-03,6.0300,6.2750,5.9400,6.1400,32121400,SOFI,5.7400,5.8596,6.3062,5.9341,5.5875,5.8810,5.7804,6.4968
2023-04-04,5.8900,6.1000,5.8350,6.1000,19465200,SOFI,5.7090,5.8625,6.3066,5.9323,5.5954,5.8812,5.7825,6.4908
2023-04-05,5.7400,5.8700,5.5800,5.8700,30541900,SOFI,5.6725,5.8508,6.3056,5.9248,5.6030,5.8784,5.7827,6.4833
2023-04-06,5.7500,5.8100,5.6100,5.7000,25308100,SOFI,5.6555,5.8412,6.3048,5.9179,5.6071,5.8759,5.7828,6.4760
2023-04-10,5.9100,5.9200,5.6600,5.6900,21151200,SOFI,5.6720,5.8478,6.3088,5.9176,5.6067,5.8765,5.7844,6.4704
2023-04-11,5.9700,6.0200,5.8600,5.9100,26455400,SOFI,5.6960,5.8594,6.3094,5.9197,5.6078,5.8784,5.7853,6.4654
2023-04-12,5.8200,6.0600,5.6700,6.0600,35905000,SOFI,5.7095,5.8557,6.2922,5.9158,5.6075,5.8772,5.7838,6.4590
2023-04-13,5.8600,5.9800,5.8240,5.9100,20527100,SOFI,5.7320,5.8561,6.2708,5.9136,5.6108,5.8769,5.7834,6.4530
2023-04-14,5.9200,6.0300,5.7700,5.9900,24086000,SOFI,5.7555,5.8622,6.2416,5.9138,5.6162,5.8777,5.7852,6.4477
2023-04-17,5.9600,6.0000,5.8100,5.8900,24908100,SOFI,5.7805,5.8715,6.2064,5.9156,5.6240,5.8794,5.7873,6.4429
2023-04-18,5.9800,6.0200,5.8950,6.0000,17036300,SOFI,5.8185,5.8818,6.1768,5.9182,5.6351,5.8814,5.7909,6.4383
2023-04-19,6.0800,6.1000,5.8700,5.9000,18337500,SOFI,5.8440,5.9007,6.1502,5.9245,5.6495,5.8853,5.7942,6.4347
2023-04-20,5.9200,6.0450,5.8800,5.9800,18844900,SOFI,5.8620,5.9025,6.1210,5.9243,5.6621,5.8860,5.7946,6.4296
2023-04-21,5.9400,5.9900,5.8500,5.9000,16723200,SOFI,5.8700,5.9061,6.0958,5.9250,5.6755,5.8871,5.7948,6.4247
2023-04-24,5.8300,5.9500,5.7900,5.9200,20058000,SOFI,5.8745,5.8989,6.0746,5.9212,5.6893,5.8859,5.7927,6.4188
2023-04-25,5.7500,5.8400,5.7200,5.7750,21036200,SOFI,5.8740,5.8847,6.0534,5.9145,5.7012,5.8832,5.7905,6.4122
2023-04-26,5.6700,5.8800,5.6600,5.8100,24210900,SOFI,5.8780,5.8642,6.0316,5.9049,5.7096,5.8790,5.7888,6.4048
2023-04-27,6.0600,6.1900,5.7500,5.7700,43199900,SOFI,5.8935,5.8829,6.0180,5.9110,5.7228,5.8826,5.7889,6.4013
2023-04-28,6.2300,6.3000,5.9400,6.1500,55605100,SOFI,5.9190,5.9159,5.9976,5.9235,5.7381,5.8895,5.7903,6.3996
2023-05-01,5.4700,6.5400,5.4600,6.5200,125423700,SOFI,5.8890,5.8735,5.9674,5.9057,5.7475,5.8812,5.7881,6.3904
2023-05-02,4.9050,5.3000,4.7200,5.2600,115499500,SOFI,5.8327,5.7812,5.9331,5.8665,5.7533,5.8618,5.7812,6.3756
2023-05-03,4.8500,5.0790,4.7500,4.9700,64212800,SOFI,5.7807,5.6925,5.9017,5.8266,5.7588,5.8418,5.7737,6.3604
2023-05-04,4.8950,4.9150,4.5900,4.7800,59715600,SOFI,5.7385,5.6166,5.8688,5.7901,5.7638,5.8230,5.7650,6.3458
2023-05-05,5.1600,5.1700,4.9900,5.0100,40980200,SOFI,5.7090,5.5731,5.8410,5.7654,5.7720,5.8099,5.7560,6.3340
2023-05-08,5.4700,5.4900,5.1800,5.1800,39933900,SOFI,5.6870,5.5633,5.8228,5.7538,5.7822,5.8032,5.7481,6.3254
2023-05-09,5.4100,5.5500,5.3400,5.3500,26785200,SOFI,5.6590,5.5487,5.8026,5.7403,5.7920,5.7954,5.7421,6.3163
2023-05-10,5.4800,5.6000,5.3800,5.5800,28624400,SOFI,5.6420,5.5421,5.7802,5.7301,5.7998,5.7892,5.7372,6.3080
2023-05-11,5.1400,5.4400,5.1200,5.4400,36075600,SOFI,5.6060,5.5038,5.7542,5.7070,5.8049,5.7763,5.7322,6.2964
2023-05-12,5.0200,5.2200,4.9250,5.1700,44765900,SOFI,5.5610,5.4578,5.7256,5.6800,5.8087,5.7613,5.7251,6.2837
2023-05-15,4.7700,4.8400,4.4500,4.6800,103290700,SOFI,5.5015,5.3923,5.6866,5.6443,5.8121,5.7417,5.7174,6.2686
2023-05-16,4.7600,4.8200,4.6100,4.7900,38510800,SOFI,5.4405,5.3320,5.6482,5.6097,5.8140,5.7223,5.7097,6.2536
2023-05-17,4.9600,4.9800,4.6900,4.7600,42730500,SOFI,5.3845,5.2966,5.6172,5.5842,5.8172,5.7072,5.7027,6.2407
2023-05-18,5.0700,5.1350,4.9200,4.9800,35183400,SOFI,5.3420,5.2750,5.5892,5.5640,5.8221,5.6945,5.6960,6.2291
2023-05-19,4.9300,5.1300,4.9100,5.0700,26196400,SOFI,5.2915,5.2422,5.5660,5.5392,5.8253,5.6794,5.6795,6.2162
2023-05-22,5.2600,5.3400,4.9200,4.9900,42509300,SOFI,5.2630,5.2439,5.5596,5.5282,5.8340,5.6711,5.6646,6.2067
2023-05-23,5.2900,5.4900,5.2200,5.2400,43878300,SOFI,5.2400,5.2483,5.5556,5.5189,5.8432,5.6636,5.6513,6.1975
2023-05-24,5.3100,5.3300,5.1300,5.2000,23887800,SOFI,5.2220,5.2541,5.5508,5.5107,5.8504,5.6566,5.6379,6.1887
2023-05-25,5.2100,5.4000,5.0900,5.3900,24474900,SOFI,5.1795,5.2499,5.5468,5.4989,5.8564,5.6477,5.6270,6.1790
2023-05-26,5.4100,5.4800,5.2200,5.2400,26982900,SOFI,5.1385,5.2652,5.5460,5.4954,5.8655,5.6430,5.6150,6.1713
2023-05-30,6.0300,6.0500,5.5900,5.8100,68003300,SOFI,5.1665,5.3380,5.5574,5.5164,5.8781,5.6507,5.6081,6.1699
2023-05-31,6.9400,7.0200,6.1000,6.2000,152429200,SOFI,5.2682,5.4906,5.5918,5.5722,5.9012,5.6762,5.6045,6.1776
2023-06-01,6.8200,7.2600,6.6300,6.7100,108760600,SOFI,5.3668,5.6172,5.6168,5.6211,5.9232,5.6988,5.6005,6.1840
2023-06-02,7.0300,7.1100,6.7100,7.1100,63585600,SOFI,5.4735,5.7518,5.6462,5.6764,5.9453,5.7252,5.5978,6.1924
2023-06-05,7.2500,7.6000,7.0750,7.1200,69556200,SOFI,5.5780,5.8944,5.6756,5.7381,5.9666,5.7554,5.5996,6.2029
2023-06-06,7.6500,7.7550,7.1400,7.1800,56839700,SOFI,5.6870,6.0616,5.7138,5.8131,5.9916,5.7929,5.6045,6.2173
2023-06-07,7.7400,8.0000,7.6400,7.8600,60872200,SOFI,5.8035,6.2215,5.7534,5.8886,6.0154,5.8315,5.6115,6.2325
2023-06-08,8.1200,8.2000,7.6600,7.6900,66988400,SOFI,5.9355,6.4023,5.8040,5.9761,6.0422,5.8768,5.6216,6.2512
2023-06-09,8.1800,8.8100,8.1100,8.2500,84928700,SOFI,6.0875,6.5716,5.8526,6.0626,6.0676,5.9224,5.6317,6.2704
2023-06-12,9.1600,9.3000,8.4000,8.4600,117905100,SOFI,6.2945,6.8181,5.9214,6.1840,6.1036,5.9865,5.6452,6.2992
2023-06-13,9.5400,9.6100,8.8900,9.5400,108293500,SOFI,6.5330,7.0773,5.9908,6.3156,6.1449,6.0569,5.6595,6.3314
2023-06-14,9.7400,10.2300,9.2900,9.7900,128420300,SOFI,6.7820,7.3309,6.0650,6.4499,6.1856,6.1298,5.6773,6.3653
2023-06-15,9.5500,9.5800,8.8800,9.1800,97639300,SOFI,7.0115,7.5423,6.1382,6.5715,6.2224,6.1975,5.6950,6.3970
2023-06-16,8.6000,9.1800,8.5000,8.9100,107556900,SOFI,7.1880,7.6430,6.1954,6.6510,6.2505,6.2451,5.7085,6.4190
2023-06-20,8.5900,8.6400,8.2000,8.3100,49114900,SOFI,7.3710,7.7332,6.2522,6.7271,6.2785,6.2915,5.7218,6.4406
2023-06-21,8.6300,8.7700,8.3400,8.5100,37733600,SOFI,7.5395,7.8186,6.3066,6.8017,6.3077,6.3378,5.7357,6.4623
2023-06-22,8.4900,8.6900,8.3500,8.5400,30149500,SOFI,7.6995,7.8825,6.3570,6.8679,6.3332,6.3805,5.7495,6.4825
2023-06-23,8.2800,8.2900,7.7100,7.9100,62332800,SOFI,7.8480,7.9204,6.4062,6.9233,6.3492,6.4181,5.7626,6.5004
2023-06-26,8.2000,8.6600,8.1400,8.2400,33526600,SOFI,7.9975,7.9470,6.4530,6.9734,6.3619,6.4534,5.7745,6.5173
2023-06-27,8.6400,8.7200,8.3200,8.3300,39402300,SOFI,8.1590,8.0130,6.5074,7.0387,6.3745,6.4967,5.7868,6.5384
2023-06-28,8.8700,9.0900,8.5800,8.5900,36374400,SOFI,8.3010,8.0946,6.5656,7.1105,6.3860,6.5437,5.7995,6.5616
2023-06-29,8.7100,9.2800,8.6000,9.0700,42722400,SOFI,8.3895,8.1532,6.6202,7.1733,6.3985,6.5866,5.8110,6.5830
2023-06-30,8.3400,9.4100,8.3200,8.9200,98384600,SOFI,8.4655,8.1710,6.6654,7.2190,6.4078,6.6213,5.8235,6.6005
2023-07-03,8.5200,8.6400,8.3500,8.3600,26842000,SOFI,8.5400,8.2043,6.7174,7.2700,6.4192,6.6589,5.8352,6.6196
2023-07-05,8.3800,8.6800,8.3100,8.4900,26954600,SOFI,8.5965,8.2210,6.7662,7.3136,6.4310,6.6930,5.8451,6.6371
2023-07-06,8.1000,8.2600,7.8550,8.2300,38013800,SOFI,8.6190,8.2095,6.8116,7.3444,6.4431,6.7208,5.8553,6.6517
2023-07-07,8.0500,8.3000,8.0300,8.0900,22783900,SOFI,8.6345,8.1943,6.8576,7.3721,6.4555,6.7471,5.8652,6.6656
2023-07-10,8.7100,8.7200,8.0400,8.1000,38750100,SOFI,8.6640,8.2434,6.9184,7.4245,6.4750,6.7860,5.8793,6.6859
2023-07-11,9.0700,9.2000,8.7500,8.8100,52586400,SOFI,8.7085,8.3221,6.9786,7.4891,6.4983,6.8312,5.8962,6.7096
2023-07-12,9.2000,9.3900,9.0000,9.3400,41158600,SOFI,8.7105,8.4057,7.0380,7.5562,6.5178,6.8781,5.9154,6.7344
2023-07-13,9.1600,9.2400,8.7700,8.9200,43361100,SOFI,8.6915,8.4776,7.1118,7.6191,6.5396,6.9233,5.9346,6.7586
2023-07-14,9.0800,9.4500,8.9400,9.2200,38590700,SOFI,8.6585,8.5349,7.1953,7.6763,6.5642,6.9660,5.9546,6.7817
2023-07-17,9.4800,9.8050,8.9900,9.0400,48308500,SOFI,8.6550,8.6250,7.2879,7.7471,6.5948,7.0158,5.9766,6.8085
2023-07-18,9.5700,9.7400,9.4330,9.5500,33812300,SOFI,8.7035,8.7150,7.3814,7.8186,6.6251,7.0664,5.9982,6.8360
2023-07-19,9.8500,10.1300,9.6450,9.7600,50051500,SOFI,8.7665,8.8231,7.4752,7.8982,6.6581,7.1215,6.0233,6.8660
2023-07-20,9.5700,9.9900,9.3700,9.6300,41587700,SOFI,8.8135,8.8942,7.5572,7.9638,6.6900,7.1700,6.0467,6.8929
2023-07-21,9.4300,9.7000,9.2600,9.6750,34514200,SOFI,8.8605,8.9452,7.6376,8.0213,6.7201,7.2148,6.0682,6.9181
2023-07-24,9.4500,9.5600,9.2950,9.4400,26643500,SOFI,8.9190,8.9933,7.7170,8.0773,6.7486,7.2590,6.0885,6.9433
2023-07-25,9.3300,9.7800,9.3100,9.4000,38811100,SOFI,8.9755,9.0254,7.8008,8.1264,6.7775,7.3000,6.1087,6.9671
2023-07-26,9.5200,9.5400,9.2100,9.2600,34922300,SOFI,9.0195,9.0725,7.8908,8.1811,6.8082,7.3440,6.1299,6.9925
2023-07-27,9.0900,9.7300,8.9400,9.7100,45958200,SOFI,9.0305,9.0741,7.9772,8.2167,6.8319,7.3786,6.1503,7.0133
2023-07-28,9.5500,9.6000,9.1600,9.3600,58205300,SOFI,9.0725,9.1195,8.0730,8.2690,6.8606,7.4216,6.1732,7.0386
2023-07-31,11.4500,11.7000,10.3000,10.3900,210958900,SOFI,9.2280,9.3414,8.2028,8.3938,6.9100,7.5013,6.2054,7.0825
2023-08-01,10.3500,11.1000,10.3100,11.0600,88881800,SOFI,9.3195,9.4375,8.3084,8.4705,6.9488,7.5577,6.2318,7.1150
2023-08-02,10.0800,10.2800,9.7200,10.1200,62865900,SOFI,9.4045,9.4987,8.4114,8.5336,6.9887,7.6077,6.2567,7.1445
2023-08-03,10.0500,10.1700,9.8600,9.9200,37651500,SOFI,9.5020,9.5512,8.5072,8.5931,7.0334,7.6560,6.2829,7.1734
2023-08-04,9.5000,10.1000,9.4700,10.0800,42557600,SOFI,9.5745,9.5463,8.5914,8.6286,7.0735,7.6926,6.3051,7.1965
2023-08-07,9.3900,9.5700,9.1600,9.5000,31682000,SOFI,9.6085,9.5314,8.6730,8.6585,7.1119,7.7262,6.3258,7.2184
2023-08-08,9.3100,9.4500,9.0100,9.0300,28127800,SOFI,9.6205,9.5103,8.7550,8.6840,7.1509,7.7575,6.3474,7.2392
2023-08-09,8.9900,9.2700,8.8000,9.2700,43368300,SOFI,9.6100,9.4608,8.8266,8.6960,7.1863,7.7819,6.3673,7.2566
2023-08-10,8.7200,9.2400,8.7200,9.0900,37657800,SOFI,9.5880,9.3902,8.8804,8.6970,7.2189,7.8005,6.3851,7.2712
2023-08-11,8.6500,8.7000,8.4200,8.5300,26970300,SOFI,9.5665,9.3197,8.9146,8.6951,7.2532,7.8173,6.4025,7.2849
2023-08-14,8.6800,8.7100,8.3600,8.5200,27735500,SOFI,9.5265,9.2588,8.9518,8.6945,7.2843,7.8344,6.4176,7.2988
2023-08-15,8.3700,8.6000,8.3400,8.6000,23709300,SOFI,9.4665,9.1742,8.9786,8.6818,7.3124,7.8450,6.4318,7.3094
2023-08-16,8.2600,8.4300,8.2100,8.2300,23398900,SOFI,9.3870,9.0871,8.9988,8.6653,7.3372,7.8532,6.4463,7.3189
2023-08-17,8.1100,8.4100,8.0800,8.3500,29582400,SOFI,9.3140,8.9940,9.0080,8.6435,7.3609,7.8583,6.4596,7.3268
2023-08-18,8.2200,8.2900,7.8900,7.9200,27366300,SOFI,9.2535,8.9203,9.0176,8.6269,7.3855,7.8655,6.4735,7.3356
2023-08-21,8.2900,8.3300,8.0800,8.2500,22676600,SOFI,9.1955,8.8603,9.0210,8.6137,7.4125,7.8739,6.4863,7.3451
2023-08-22,8.1500,8.4700,8.1100,8.4000,23128900,SOFI,9.1365,8.7926,9.0204,8.5955,7.4365,7.8794,6.5015,7.3532
2023-08-23,8.4300,8.4700,8.0600,8.0800,21855700,SOFI,9.0820,8.7581,9.0058,8.5890,7.4636,7.8903,6.5168,7.3639
2023-08-24,8.1200,8.5000,8.0800,8.4800,26080600,SOFI,9.0335,8.6973,8.9774,8.5706,7.4841,7.8948,6.5315,7.3714
2023-08-25,8.2900,8.4300,8.0600,8.1200,24163700,SOFI,8.9705,8.6585,8.9484,8.5596,7.5067,7.9026,6.5471,7.3805
2023-08-28,8.2300,8.4200,8.1700,8.3800,17488700,SOFI,8.8095,8.6177,8.9220,8.5467,7.5301,7.9091,6.5627,7.3890
2023-08-29,8.4600,8.5800,8.1600,8.1800,24487400,SOFI,8.7150,8.6027,8.9192,8.5433,7.5573,7.9200,6.5801,7.3996
2023-08-30,8.7400,8.7800,8.3600,8.4600,26123600,SOFI,8.6480,8.6158,8.9222,8.5510,7.5872,7.9363,6.5971,7.4130
2023-08-31,8.6600,8.8700,8.5200,8.7800,26175600,SOFI,8.5785,8.6200,8.9228,8.5553,7.6147,7.9506,6.6107,7.4254
2023-09-01,8.7900,8.9250,8.7200,8.7700,17738800,SOFI,8.5430,8.6362,8.9288,8.5645,7.6429,7.9672,6.6253,7.4390
2023-09-05,8.7500,8.8750,8.6200,8.7500,18906300,SOFI,8.5110,8.6470,8.9382,8.5718,7.6722,7.9827,6.6398,7.4520
2023-09-06,8.5400,8.8100,8.4300,8.7300,23909700,SOFI,8.4725,8.6368,8.9450,8.5705,7.6990,7.9938,6.6549,7.4628
2023-09-07,8.5700,8.5800,8.2200,8.3500,19320700,SOFI,8.4515,8.6305,8.9436,8.5705,7.7255,8.0052,6.6708,7.4739
2023-09-08,8.5500,8.6700,8.4500,8.5400,15045300,SOFI,8.4430,8.6228,8.9372,8.5697,7.7514,8.0160,6.6877,7.4846
2023-09-11,8.9000,8.9200,8.6400,8.6500,19320600,SOFI,8.4555,8.6492,8.9410,8.5826,7.7806,8.0335,6.7078,7.4986
2023-09-12,9.0000,9.1880,8.7900,8.7900,25495600,SOFI,8.4715,8.6826,8.9542,8.5990,7.8098,8.0526,6.7296,7.5136
2023-09-13,8.8000,9.0900,8.7700,9.0000,16819200,SOFI,8.4930,8.6938,8.9598,8.6069,7.8386,8.0674,6.7503,7.5264
2023-09-14,9.0500,9.1800,8.8600,8.8900,23642000,SOFI,8.5325,8.7277,8.9732,8.6243,7.8697,8.0869,6.7726,7.5415
2023-09-15,9.0700,9.1400,8.8800,9.0000,30508400,SOFI,8.5805,8.7603,8.9926,8.6417,7.9021,8.1063,6.7957,7.5568
2023-09-18,8.6700,9.0700,8.6300,9.0500,22678700,SOFI,8.6030,8.7517,9.0050,8.6429,7.9313,8.1175,6.8162,7.5678
2023-09-19,8.6200,8.8700,8.5400,8.6500,18091600,SOFI,8.6195,8.7392,9.0032,8.6420,7.9608,8.1274,6.8352,7.5783
2023-09-20,8.3200,8.7900,8.3100,8.6700,21643900,SOFI,8.6280,8.6992,8.9882,8.6293,7.9834,8.1313,6.8531,7.5857
2023-09-21,7.9500,8.1500,7.9100,8.1100,29542000,SOFI,8.6040,8.6279,8.9632,8.6027,8.0006,8.1277,6.8693,7.5893
2023-09-22,7.5400,8.0500,7.4400,8.0300,38736100,SOFI,8.5750,8.5243,8.9308,8.5610,8.0213,8.1160,6.8844,7.5888
2023-09-25,7.5100,7.6550,7.4000,7.4600,23107800,SOFI,8.5360,8.4277,8.8994,8.5198,8.0474,8.1040,6.9003,7.5880
2023-09-26,7.4000,7.5900,7.3700,7.4000,22544900,SOFI,8.4945,8.3298,8.8578,8.4759,8.0729,8.0901,6.9158,7.5862
2023-09-27,7.6000,7.6570,7.3900,7.4800,28227000,SOFI,8.4515,8.2603,8.8184,8.4415,8.0999,8.0804,6.9318,7.5863
2023-09-28,7.7700,7.8400,7.5300,7.6000,23539600,SOFI,8.4030,8.2136,8.7768,8.4152,8.1260,8.0742,6.9490,7.5881
2023-09-29,7.9900,8.3000,7.9100,7.9200,28779300,SOFI,8.3695,8.1923,8.7452,8.3985,8.1512,8.0726,6.9667,7.5921
2023-10-02,7.8400,8.1600,7.8000,8.0800,20000300,SOFI,8.3220,8.1588,8.7134,8.3766,8.1755,8.0680,6.9837,7.5946
2023-10-03,7.2800,7.7500,7.1800,7.7100,36674900,SOFI,8.2485,8.0751,8.6700,8.3336,8.1935,8.0524,6.9966,7.5915
2023-10-04,7.4700,7.4900,7.1400,7.4100,23978900,SOFI,8.1950,8.0174,8.6328,8.2998,8.2168,8.0408,7.0108,7.5902
2023-10-05,7.6500,7.7100,7.3000,7.4200,17072900,SOFI,8.1490,7.9824,8.5954,8.2743,8.2431,8.0331,7.0259,7.5908
2023-10-06,7.9900,8.0300,7.5000,7.5100,23371300,SOFI,8.1210,7.9832,8.5734,8.2631,8.2753,8.0322,7.0437,7.5948
2023-10-09,8.1800,8.2000,7.7700,7.7800,17191900,SOFI,8.0850,8.0019,8.5460,8.2599,8.3095,8.0352,7.0617,7.6006
2023-10-10,8.3600,8.5300,8.2100,8.2500,20874200,SOFI,8.0530,8.0360,8.4842,8.2638,8.3435,8.0416,7.0803,7.6082
2023-10-11,8.5900,8.7250,8.4500,8.4500,22512700,SOFI,8.0425,8.0888,8.4490,8.2766,8.3787,8.0525,7.1004,7.6180
2023-10-12,8.3900,8.6650,8.2800,8.6400,22155400,SOFI,8.0095,8.1175,8.4152,8.2810,8.4133,8.0591,7.1193,7.6256
2023-10-13,8.1200,8.4750,8.0650,8.4400,21977600,SOFI,7.9620,8.1177,8.3766,8.2747,8.4419,8.0603,7.1379,7.6306
2023-10-16,8.2500,8.3500,8.0800,8.2400,16675200,SOFI,7.9410,8.1303,8.3516,8.2737,8.4715,8.0641,7.1573,7.6367
2023-10-17,8.2500,8.3600,8.0800,8.1000,18473600,SOFI,7.9225,8.1417,8.3288,8.2728,8.5009,8.0678,7.1756,7.6428
2023-10-18,7.7700,8.2600,7.6900,8.1900,26281300,SOFI,7.8950,8.1063,8.2980,8.2531,8.5265,8.0619,7.1914,7.6441
2023-10-19,7.6300,7.9800,7.5900,7.7500,26767700,SOFI,7.8790,8.0609,8.2708,8.2287,8.5487,8.0533,7.2071,7.6440
2023-10-20,7.3700,7.6800,7.3200,7.5500,27271700,SOFI,7.8705,7.9951,8.2438,8.1950,8.5621,8.0398,7.2201,7.6412
2023-10-23,7.2600,7.5000,6.9700,7.2800,29748000,SOFI,7.8580,7.9251,8.2160,8.1583,8.5653,8.0244,7.2332,7.6374
2023-10-24,7.3800,7.5750,7.2600,7.4000,23335900,SOFI,7.8570,7.8732,8.1900,8.1278,8.5709,8.0116,7.2470,7.6349
2023-10-25,7.0800,7.2700,7.0200,7.2400,31058500,SOFI,7.8310,7.7977,8.1642,8.0867,8.5714,7.9932,7.2583,7.6294
2023-10-26,6.9000,7.1700,6.7950,7.0400,47046900,SOFI,7.7875,7.7122,8.1370,8.0402,8.5679,7.9715,7.2672,7.6221
2023-10-27,6.8700,7.0800,6.8500,7.0700,45332100,SOFI,7.7315,7.6320,8.1122,7.9943,8.5601,7.9497,7.2758,7.6146
2023-10-30,6.9400,7.8800,6.6800,7.6000,125927200,SOFI,7.6865,7.5661,8.0866,7.9529,8.5521,7.9297,7.2837,7.6079
2023-10-31,7.5500,7.5700,7.0300,7.0400,63310400,SOFI,7.7000,7.5645,8.0718,7.9371,8.5464,7.9222,7.2943,7.6073
2023-11-01,7.5800,7.7500,7.3500,7.6400,42359700,SOFI,7.7055,7.5660,8.0604,7.9231,8.5404,7.9154,7.3040,7.6071
2023-11-02,8.1700,8.2000,7.8800,7.9000,45933900,SOFI,7.7315,7.6235,8.0552,7.9328,8.5305,7.9204,7.3170,7.6127
2023-11-03,8.0100,8.4800,8.0000,8.2800,41604100,SOFI,7.7325,7.6603,8.0530,7.9358,8.5152,7.9222,7.3300,7.6166
2023-11-06,7.4900,8.0600,7.3700,8.0500,46262100,SOFI,7.6980,7.6441,8.0370,7.9184,8.4927,7.9137,7.3391,7.6153
2023-11-07,7.4200,7.6000,7.3300,7.5000,34068100,SOFI,7.6510,7.6228,8.0208,7.8988,8.4714,7.9039,7.3469,7.6134
2023-11-08,7.3100,7.3950,7.1200,7.3800,28150800,SOFI,7.5870,7.5930,7.9978,7.8757,8.4585,7.8921,7.3545,7.6104
2023-11-09,6.8500,7.1700,6.5700,7.1600,86607400,SOFI,7.5100,7.5222,7.9600,7.8355,8.4411,7.8715,7.3598,7.6028
2023-11-10,6.9400,6.9500,6.7400,6.9200,29494800,SOFI,7.4510,7.4668,7.9256,7.8004,8.4242,7.8530,7.3659,7.5962
2023-11-13,7.0400,7.1100,6.7200,6.8500,33982500,SOFI,7.3905,7.4261,7.8906,7.7706,8.4097,7.8369,7.3714,7.5907
2023-11-14,7.4800,7.5300,7.2200,7.3900,38408700,SOFI,7.3520,7.4313,7.8652,7.7592,8.4017,7.8299,7.3754,7.5896
2023-11-15,7.3700,7.5000,7.2200,7.3900,40095900,SOFI,7.3320,7.4254,7.8418,7.7439,8.3934,7.8208,7.3776,7.5874
2023-11-16,6.7100,7.2900,6.6310,7.2800,73603100,SOFI,7.2860,7.3573,7.8046,7.7034,8.3741,7.7988,7.3743,7.5787
2023-11-17,6.8300,6.8800,6.6500,6.8000,30785400,SOFI,7.2590,7.3071,7.7702,7.6691,8.3537,7.7796,7.3698,7.5712
2023-11-20,6.6150,6.7800,6.5600,6.7700,44558700,SOFI,7.2267,7.2412,7.7245,7.6278,8.3328,7.7565,7.3656,7.5617
2023-11-21,6.7200,6.7250,6.4100,6.5400,46170200,SOFI,7.1937,7.1915,7.6789,7.5922,8.3165,7.7360,7.3622,7.5533
2023-11-22,6.9000,7.0300,6.7100,6.8000,36549600,SOFI,7.1847,7.1638,7.6409,7.5650,8.3003,7.7194,7.3598,7.5468
2023-11-24,6.8600,6.9500,6.7900,6.9000,13457600,SOFI,7.1827,7.1348,7.5971,7.5374,8.2851,7.7024,7.3581,7.5400
2023-11-27,7.0300,7.2000,6.8600,6.8700,40258600,SOFI,7.1908,7.1248,7.5563,7.5175,8.2744,7.6891,7.3588,7.5349
2023-11-28,7.3400,7.3500,7.0000,7.0400,36138300,SOFI,7.2108,7.1453,7.5297,7.5105,8.2673,7.6822,7.3614,7.5330
2023-11-29,7.3500,7.7300,7.3100,7.4400,45648300,SOFI,7.2007,7.1648,7.5043,7.5042,8.2537,7.6756,7.3644,7.5312
2023-11-30,7.2900,7.4000,7.1000,7.3900,41877900,SOFI,7.1862,7.1768,7.4837,7.4958,8.2359,7.6680,7.3671,7.5288
2023-12-01,7.8300,7.9300,7.1700,7.2600,68877800,SOFI,7.1692,7.2390,7.4813,7.5089,8.2222,7.6712,7.3700,7.5318
2023-12-04,7.9600,8.2500,7.6500,7.7100,45245600,SOFI,7.1667,7.3076,7.4897,7.5266,8.2102,7.6769,7.3749,7.5360
2023-12-05,7.9900,8.0300,7.7500,7.8900,30468400,SOFI,7.1917,7.3726,7.4993,7.5448,8.1993,7.6831,7.3818,7.5405
2023-12-06,7.8900,8.4500,7.8600,8.1400,51458700,SOFI,7.2152,7.4219,7.5091,7.5583,8.1834,7.6872,7.3891,7.5440
2023-12-07,7.9600,8.1400,7.8800,7.9800,30489200,SOFI,7.2477,7.4731,7.5163,7.5741,8.1674,7.6926,7.3962,7.5482
2023-12-08,8.1300,8.2200,7.8800,7.9500,34626600,SOFI,7.3117,7.5357,7.5235,7.5959,8.1501,7.7013,7.4041,7.5539
2023-12-11,8.0700,8.2700,8.0000,8.1200,24365600,SOFI,7.3682,7.5866,7.5251,7.6145,8.1351,7.7086,7.4126,7.5591
2023-12-12,7.9500,8.0950,7.8250,8.0700,26087100,SOFI,7.4137,7.6212,7.5273,7.6276,8.1203,7.7134,7.4202,7.5630
2023-12-13,8.9400,8.9600,7.8400,7.9800,75424700,SOFI,7.4867,7.7468,7.5605,7.6791,8.1152,7.7376,7.4319,7.5767
2023-12-14,9.4700,9.8400,9.0900,9.1100,92753900,SOFI,7.5917,7.9109,7.6005,7.7493,8.1166,7.7719,7.4471,7.5955
2023-12-15,9.3500,9.5700,9.1400,9.5300,52727300,SOFI,7.7237,8.0480,7.6345,7.8121,8.1149,7.8032,7.4616,7.6130
2023-12-18,9.6600,9.7900,9.2100,9.3000,48816300,SOFI,7.8652,8.2015,7.6679,7.8846,8.1206,7.8400,7.4763,7.6333
2023-12-19,9.9400,9.9950,9.6600,9.7800,51836700,SOFI,8.0315,8.3671,7.7031,7.9652,8.1245,7.8816,7.4926,7.6563
2023-12-20,9.3100,10.1600,9.2300,9.9100,75814700,SOFI,8.1610,8.4569,7.7221,8.0179,8.1031,7.9098,7.5066,7.6727
2023-12-21,9.6400,9.6700,9.3900,9.5300,41803000,SOFI,8.2980,8.5695,7.7431,8.0815,8.0960,7.9441,7.5224,7.6923
2023-12-22,9.7100,9.8800,9.5850,9.7700,29139400,SOFI,8.4405,8.6782,7.7695,8.1454,8.0923,7.9791,7.5405,7.7124
2023-12-26,9.9600,9.9900,9.7450,9.8300,26013700,SOFI,8.5870,8.8002,7.8063,8.2165,8.0914,8.0183,7.5624,7.7348
2023-12-27,10.3200,10.4900,10.0000,10.0100,44253700,SOFI,8.7360,8.9450,7.8477,8.2990,8.0996,8.0639,7.5866,7.7605
2023-12-28,10.2800,10.3900,10.1850,10.2800,26416400,SOFI,8.8825,9.0721,7.8883,8.3767,8.1085,8.1078,7.6102,7.7856
2023-12-29,9.9500,10.2990,9.8100,10.2500,38251100,SOFI,9.0155,9.1557,7.9319,8.4384,8.1149,8.1442,7.6329,7.8071
2024-01-02,9.6500,9.8150,9.5200,9.7100,38035000,SOFI,9.1065,9.2028,7.9723,8.4859,8.1215,8.1741,7.6539,7.8254
2024-01-03,8.3100,9.0300,8.2800,8.9100,82970700,SOFI,9.1240,9.1178,7.9911,8.4790,8.1174,8.1767,7.6682,7.8302
2024-01-04,8.4200,8.5850,8.1700,8.3500,37398900,SOFI,9.1455,9.0513,8.0143,8.4767,8.1151,8.1816,7.6842,7.8361
2024-01-05,8.2200,8.5000,8.1600,8.2700,39718000,SOFI,9.1620,8.9721,8.0311,8.4666,8.1105,8.1823,7.6974,7.8399
2024-01-08,8.5300,8.6200,8.2300,8.2500,32042200,SOFI,9.1905,8.9300,8.0601,8.4691,8.1121,8.1892,7.7123,7.8468
2024-01-09,8.3200,8.5200,8.2800,8.4000,26168200,SOFI,9.2000,8.8719,8.0885,8.4633,8.1127,8.1918,7.7250,7.8515
2024-01-10,8.4800,8.6000,8.1400,8.3300,39487200,SOFI,9.2205,8.8346,8.1207,8.4639,8.1164,8.1975,7.7387,7.8578
2024-01-11,8.1700,8.4300,8.0600,8.4100,46166600,SOFI,9.2315,8.7713,8.1453,8.4524,8.1159,8.1970,7.7507,7.8609
2024-01-12,7.8900,8.3000,7.8100,8.1700,49259900,SOFI,9.1790,8.6874,8.1521,8.4304,8.1119,8.1909,7.7622,7.8612
2024-01-16,7.7200,7.8500,7.6100,7.7700,38223300,SOFI,9.0915,8.5952,8.1549,8.4025,8.1076,8.1816,7.7721,7.8598
2024-01-17,7.5300,7.5800,7.3700,7.5300,41129900,SOFI,9.0005,8.4938,8.1421,8.3683,8.0986,8.1687,7.7811,7.8565
2024-01-18,7.4100,7.6300,7.2300,7.6200,47079900,SOFI,8.8880,8.3906,8.1301,8.3307,8.0915,8.1536,7.7878,7.8520
2024-01-19,7.4900,7.5000,7.2100,7.4500,40056300,SOFI,8.7655,8.3048,8.1301,8.2977,8.0835,8.1405,7.7951,7.8484
2024-01-22,7.9200,8.3300,7.7200,7.8300,69046700,SOFI,8.6960,8.2682,8.1401,8.2829,8.0804,8.1361,7.8053,7.8491
2024-01-23,7.7500,8.1400,7.7300,8.1000,45600700,SOFI,8.6015,8.2188,8.1489,8.2620,8.0733,8.1285,7.8153,7.8482
2024-01-24,7.5600,7.9400,7.5300,7.8900,41431000,SOFI,8.4940,8.1561,8.1631,8.2345,8.0615,8.1172,7.8244,7.8453
2024-01-25,7.6500,7.7500,7.5500,7.6600,49509400,SOFI,8.3785,8.1079,8.1773,8.2116,8.0514,8.1080,7.8331,7.8433
2024-01-26,7.6200,7.8300,7.5200,7.6900,72566000,SOFI,8.2435,8.0614,8.1889,8.1884,8.0397,8.0983,7.8413,7.8411
2024-01-29,9.1600,9.4500,8.6200,8.8200,286380900,SOFI,8.1875,8.1660,8.2225,8.2265,8.0438,8.1193,7.8580,7.8542
2024-01-30,8.4000,9.4000,8.3800,9.0300,119356000,SOFI,8.1100,8.1883,8.2431,8.2333,8.0424,8.1249,7.8707,7.8597
2024-01-31,7.8300,8.3400,7.8100,8.0900,110241400,SOFI,8.0190,8.1542,8.2655,8.2175,8.0350,8.1190,7.8803,7.8594
2024-02-01,7.7300,7.9600,7.5700,7.9300,76525400,SOFI,7.9900,8.1138,8.2835,8.1983,8.0268,8.1113,7.8891,7.8581
2024-02-02,7.8800,7.9500,7.4700,7.5800,53319100,SOFI,7.9630,8.0915,8.3088,8.1859,8.0166,8.1068,7.8986,7.8583
2024-02-05,7.5800,7.7600,7.4500,7.7000,42003000,SOFI,7.9310,8.0428,8.3260,8.1621,8.0024,8.0963,7.9061,7.8555
2024-02-06,7.8000,7.8800,7.5300,7.5900,44063700,SOFI,7.8945,8.0197,8.3440,8.1479,7.9924,8.0905,7.9155,7.8550
2024-02-07,7.6600,7.8300,7.5700,7.8200,37544900,SOFI,7.8615,7.9854,8.3600,8.1288,7.9785,8.0819,7.9241,7.8530
2024-02-08,8.0800,8.1400,7.6600,7.7000,49560500,SOFI,7.8415,7.9944,8.3810,8.1269,7.9686,8.0819,7.9354,7.8553
2024-02-09,8.1300,8.3500,8.0800,8.1850,40417500,SOFI,7.8395,8.0073,8.3968,8.1270,7.9632,8.0829,7.9473,7.8580
2024-02-12,8.3300,8.5000,8.1050,8.1200,44804100,SOFI,7.8615,8.0381,8.4164,8.1349,7.9603,8.0877,7.9606,7.8627
2024-02-13,8.0200,8.2050,7.7800,7.8400,62894400,SOFI,7.8765,8.0364,8.4310,8.1304,7.9573,8.0864,7.9704,7.8643
2024-02-14,8.4200,8.4300,8.1000,8.1500,44248000,SOFI,7.9210,8.0729,8.4428,8.1418,7.9620,8.0930,7.9813,7.8698
2024-02-15,8.5300,8.5500,8.3400,8.5000,40691500,SOFI,7.9770,8.1164,8.4542,8.1570,7.9719,8.1017,7.9966,7.8764
2024-02-16,8.3600,8.5800,8.2700,8.4400,50370000,SOFI,8.0205,8.1396,8.4616,8.1650,7.9804,8.1068,8.0139,7.8812
2024-02-20,8.5100,8.5200,8.2100,8.2900,39814900,SOFI,8.0500,8.1749,8.4740,8.1785,7.9915,8.1148,8.0322,7.8875
2024-02-21,8.1100,8.3500,8.1000,8.3400,38941600,SOFI,8.0680,8.1687,8.4770,8.1758,7.9966,8.1147,8.0483,7.8897
2024-02-22,8.1600,8.3500,8.1400,8.2400,30401200,SOFI,8.0980,8.1679,8.4776,8.1752,8.0005,8.1156,8.0633,7.8924
2024-02-23,8.1700,8.3700,8.1100,8.1700,27447600,SOFI,8.1240,8.1681,8.4796,8.1750,8.0023,8.1166,8.0768,7.8951
2024-02-26,8.5400,8.6900,8.1650,8.1900,46576100,SOFI,8.1700,8.2035,8.4914,8.1893,8.0093,8.1250,8.0924,7.9016
2024-02-27,9.1500,9.1700,8.7000,8.7500,66939300,SOFI,8.1695,8.2937,8.4956,8.2270,8.0280,8.1453,8.1108,7.9140
2024-02-28,8.8600,9.1800,8.8300,9.0400,42120700,SOFI,8.1925,8.3476,8.4834,8.2518,8.0419,8.1595,8.1294,7.9234
2024-02-29,8.9800,9.1390,8.8200,9.0700,29742200,SOFI,8.2500,8.4078,8.4760,8.2804,8.0552,8.1757,8.1492,7.9339
2024-03-01,8.9900,9.0400,8.7700,8.9900,26375300,SOFI,8.3130,8.4633,8.4626,8.3082,8.0652,8.1919,8.1703,7.9444
2024-03-04,8.5800,9.1300,8.5700,9.0500,35426400,SOFI,8.3480,8.4744,8.4354,8.3189,8.0692,8.1995,8.1894,7.9507
2024-03-05,7.2700,8.2000,7.2600,8.0700,187827900,SOFI,8.3325,8.3597,8.3946,8.2777,8.0583,8.1811,8.2009,7.9440
2024-03-06,7.4000,7.6200,7.0500,7.3700,131025300,SOFI,8.3125,8.2683,8.3498,8.2433,8.0464,8.1657,8.2126,7.9385
2024-03-07,7.4700,7.5790,7.1800,7.5000,83118900,SOFI,8.3030,8.1923,8.3050,8.2130,8.0372,8.1519,8.2253,7.9339
2024-03-08,7.7100,7.8300,7.4700,7.5200,76914800,SOFI,8.2845,8.1463,8.2600,8.1933,8.0331,8.1431,8.2375,7.9317
2024-03-11,7.6800,7.9500,7.6100,7.8050,59023000,SOFI,8.2620,8.1019,8.2072,8.1731,8.0274,8.1340,8.2495,7.9292
2024-03-12,7.4800,7.6900,7.3800,7.6800,49576500,SOFI,8.2195,8.0427,8.1512,8.1459,8.0197,8.1210,8.2603,7.9247
2024-03-13,7.3800,7.5600,7.3600,7.4300,42118300,SOFI,8.1875,7.9796,8.0998,8.1159,8.0158,8.1063,8.2712,7.9193
2024-03-14,7.0500,7.3500,6.9900,7.3300,69575100,SOFI,8.1190,7.8910,8.0478,8.0741,8.0100,8.0854,8.2794,7.9106
2024-03-15,7.0300,7.0500,6.9100,7.0300,52914300,SOFI,8.0440,7.8090,8.0222,8.0332,8.0066,8.0645,8.2844,7.9019
2024-03-18,7.0800,7.1100,6.8600,7.0650,47168400,SOFI,7.9800,7.7396,7.9954,7.9958,8.0048,8.0450,8.2851,7.8937
2024-03-19,6.9200,7.0300,6.8150,6.9200,50479000,SOFI,7.9005,7.6615,7.9694,7.9536,8.0002,8.0228,8.2856,7.8840
2024-03-20,7.3600,7.3700,6.8700,6.9250,61455100,SOFI,7.8630,7.6328,7.9460,7.9303,8.0030,8.0096,8.2872,7.8788
2024-03-21,7.4400,7.5700,7.3600,7.5500,56091900,SOFI,7.8270,7.6145,7.9284,7.9111,8.0084,7.9983,8.2882,7.8744
2024-03-22,7.3000,7.4090,7.2400,7.3200,23292600,SOFI,7.7835,7.5845,7.9048,7.8871,8.0127,7.9845,8.2864,7.8687
2024-03-25,7.4500,7.5970,7.2500,7.2800,27430900,SOFI,7.7290,7.5717,7.8904,7.8700,8.0178,7.9739,8.2850,7.8645
2024-03-26,7.2000,7.4600,7.1650,7.3500,39576600,SOFI,7.6315,7.5363,7.8766,7.8437,8.0143,7.9586,8.2804,7.8579
2024-03-27,7.3600,7.3700,7.1700,7.2800,34738800,SOFI,7.5565,7.5195,7.8694,7.8247,8.0121,7.9468,8.2763,7.8530
2024-03-28,7.3000,7.4700,7.2900,7.3300,30108100,SOFI,7.4725,7.4986,7.8648,7.8042,8.0034,7.9339,8.2670,7.8475
2024-04-01,7.2200,7.3400,7.1200,7.3100,31681900,SOFI,7.3840,7.4721,7.8610,7.7813,7.9955,7.9198,8.2554,7.8412
2024-04-02,7.2000,7.2200,6.9700,7.0500,29678800,SOFI,7.3150,7.4462,7.8552,7.7585,7.9926,7.9056,8.2427,7.8348
2024-04-03,7.5400,7.5800,7.2300,7.3100,50638600,SOFI,7.3285,7.4551,7.8476,7.7499,7.9938,7.8983,8.2326,7.8319
2024-04-04,7.3100,7.7100,7.2700,7.6500,49594100,SOFI,7.3240,7.4413,7.8388,7.7326,7.9938,7.8867,8.2262,7.8267
2024-04-05,7.4000,7.4600,7.2500,7.3000,29257900,SOFI,7.3205,7.4373,7.8356,7.7196,7.9993,7.8770,8.2202,7.8225
2024-04-08,7.7600,7.7700,7.5000,7.5100,56858200,SOFI,7.3230,7.4681,7.8378,7.7212,8.0075,7.8747,8.2159,7.8218
2024-04-09,7.8900,7.9400,7.7300,7.8200,46334200,SOFI,7.3335,7.5083,7.8432,7.7278,8.0160,7.8750,8.2129,7.8225
2024-04-10,7.5600,7.8000,7.4800,7.6500,53826100,SOFI,7.3375,7.5132,7.8112,7.7212,8.0168,7.8688,8.2093,7.8199
2024-04-11,7.6400,7.6400,7.4300,7.5700,28651700,SOFI,7.3505,7.5253,7.7960,7.7180,8.0195,7.8642,8.2065,7.8181
2024-04-12,7.3300,7.6000,7.3000,7.5600,36704100,SOFI,7.3645,7.5067,7.7860,7.7028,8.0257,7.8537,8.1999,7.8133
2024-04-15,7.1200,7.4200,7.0800,7.3300,33759400,SOFI,7.3690,7.4698,7.7738,7.6800,8.0286,7.8391,8.1912,7.8064
2024-04-16,7.2000,7.2850,6.9700,7.0450,34200500,SOFI,7.3750,7.4441,7.7602,7.6611,8.0345,7.8265,8.1836,7.8003
2024-04-17,7.1600,7.3400,7.1200,7.2300,29625600,SOFI,7.3870,7.4171,7.7518,7.6415,8.0389,7.8133,8.1777,7.7940
2024-04-18,7.1300,7.3800,7.0700,7.1600,34419100,SOFI,7.3755,7.3897,7.7384,7.6214,8.0412,7.7998,8.1708,7.7873
2024-04-19,7.1100,7.2800,7.0500,7.0800,36870000,SOFI,7.3590,7.3631,7.7274,7.6014,8.0437,7.7861,8.1644,7.7806
2024-04-22,7.2500,7.2900,7.1050,7.1700,31327400,SOFI,7.3565,7.3523,7.7108,7.5876,8.0459,7.7755,8.1602,7.7753
2024-04-23,7.5800,7.5900,7.2200,7.2400,40321500,SOFI,7.3630,7.3740,7.6998,7.5873,8.0483,7.7716,8.1578,7.7734
2024-04-24,7.6000,7.6800,7.4600,7.6050,39726800,SOFI,7.3830,7.3955,7.6852,7.5878,8.0508,7.7682,8.1523,7.7717
2024-04-25,7.5900,7.6000,7.2600,7.4200,47658800,SOFI,7.3945,7.4141,7.6766,7.5879,8.0538,7.7647,8.1449,7.7699
2024-04-26,7.8700,7.9000,7.5800,7.6980,88631000,SOFI,7.4230,7.4575,7.6656,7.5989,8.0542,7.7668,8.1382,7.7708
2024-04-29,7.0450,7.4500,7.0000,7.3700,149660200,SOFI,7.4142,7.4182,7.6359,7.5772,8.0450,7.7525,8.1276,7.7636
2024-04-30,6.7800,6.8900,6.6100,6.8800,78411600,SOFI,7.3932,7.3574,7.6043,7.5460,8.0329,7.7332,8.1161,7.7538
2024-05-01,6.9200,7.1800,6.6500,6.7000,68347700,SOFI,7.3622,7.3158,7.5725,7.5214,8.0232,7.7171,8.1033,7.7455
2024-05-02,6.9900,7.1100,6.8600,7.0300,45473400,SOFI,7.3462,7.2847,7.5501,7.5006,8.0135,7.7027,8.0904,7.7380
2024-05-03,6.9600,7.2400,6.8800,7.1300,56618000,SOFI,7.3242,7.2538,7.5261,7.4794,8.0018,7.6880,8.0760,7.7303
2024-05-06,7.1600,7.2700,7.0300,7.0550,50016600,SOFI,7.2942,7.2449,7.5059,7.4668,7.9927,7.6776,8.0639,7.7246
2024-05-07,7.0600,7.1900,7.0300,7.1200,31025600,SOFI,7.2527,7.2273,7.4763,7.4509,7.9838,7.6653,8.0521,7.7180
2024-05-08,7.0500,7.0850,6.9300,6.9800,29637600,SOFI,7.2272,7.2104,7.4343,7.4352,7.9649,7.6531,8.0401,7.7113
2024-05-09,7.0600,7.1300,6.9900,7.0800,22463500,SOFI,7.1982,7.1961,7.3983,7.4205,7.9408,7.6414,8.0287,7.7049
2024-05-10,6.9400,7.0900,6.9200,7.0500,29080800,SOFI,7.1787,7.1717,7.3575,7.4016,7.9167,7.6275,8.0158,7.6973
2024-05-13,7.1100,7.3200,7.0000,7.0300,55264000,SOFI,7.1783,7.1658,7.3199,7.3902,7.8912,7.6173,8.0059,7.6914
2024-05-14,7.4700,7.6400,7.2000,7.2100,74991900,SOFI,7.1918,7.1948,7.2977,7.3933,7.8665,7.6143,7.9955,7.6892
2024-05-15,7.2700,7.6300,7.2100,7.6300,35185400,SOFI,7.1973,7.2019,7.2977,7.3885,7.8461,7.6075,7.9746,7.6850
2024-05-16,7.1200,7.3000,7.1100,7.2300,28905000,SOFI,7.1967,7.1941,7.2921,7.3779,7.8209,7.5979,7.9585,7.6794
2024-05-17,7.2800,7.4200,7.1200,7.1500,36606000,SOFI,7.2053,7.2023,7.2883,7.3741,7.7966,7.5916,7.9445,7.6754
2024-05-20,7.1900,7.2900,7.1700,7.2500,20605800,SOFI,7.2023,7.2011,7.2779,7.3669,7.7689,7.5836,7.9302,7.6706
2024-05-21,7.0800,7.2000,7.0500,7.1500,24500700,SOFI,7.1773,7.1896,7.2659,7.3556,7.7365,7.5737,7.9181,7.6647
2024-05-22,7.0200,7.1400,6.9700,7.0600,28018400,SOFI,7.1483,7.1734,7.2567,7.3425,7.7039,7.5627,7.9062,7.6583
2024-05-23,6.8300,7.0700,6.7700,7.0400,53003900,SOFI,7.1102,7.1407,7.2457,7.3224,7.6727,7.5482,7.8938,7.6501
2024-05-24,6.9200,7.0000,6.8700,6.8700,21665900,SOFI,7.0628,7.1197,7.2431,7.3066,7.6454,7.5357,7.8835,7.6428
2024-05-28,6.8900,7.0500,6.8700,6.9900,31435900,SOFI,7.0550,7.0978,7.2403,7.2903,7.6312,7.5230,7.8743,7.6353
2024-05-29,6.8500,6.8500,6.6850,6.7800,26240400,SOFI,7.0585,7.0742,7.2357,7.2730,7.6155,7.5096,7.8653,7.6275
2024-05-30,6.9100,6.9300,6.8100,6.8400,21823400,SOFI,7.0580,7.0586,7.2355,7.2588,7.6024,7.4978,7.8565,7.6204
2024-05-31,6.9000,6.9900,6.7600,6.9500,28216900,SOFI,7.0535,7.0435,7.2263,7.2447,7.5861,7.4859,7.8491,7.6132
2024-06-03,6.7700,6.9900,6.7500,6.9700,31596700,SOFI,7.0440,7.0174,7.2129,7.2261,7.5706,7.4717,7.8417,7.6048
2024-06-04,6.7200,6.8600,6.7100,6.7500,27546400,SOFI,7.0220,6.9891,7.2013,7.2062,7.5530,7.4569,7.8347,7.5960
2024-06-05,6.9100,6.9400,6.7200,6.7700,32061500,SOFI,7.0145,6.9816,7.1905,7.1946,7.5404,7.4460,7.8282,7.5892
2024-06-06,7.0800,7.0900,6.8400,6.9000,26131000,SOFI,7.0160,6.9910,7.1881,7.1901,7.5323,7.4388,7.8221,7.5841
2024-06-07,6.9900,7.0500,6.8650,6.9200,26082300,SOFI,7.0125,6.9909,7.1807,7.1823,7.5250,7.4299,7.8163,7.5782
2024-06-10,7.0300,7.0700,6.8800,6.9000,20795000,SOFI,7.0170,6.9946,7.1753,7.1763,7.5200,7.4220,7.8093,7.5727
2024-06-11,7.0000,7.0380,6.9000,7.0000,20066600,SOFI,7.0115,6.9951,7.1709,7.1694,7.5159,7.4136,7.8037,7.5671
2024-06-12,7.0700,7.4280,7.0500,7.1700,57027300,SOFI,6.9915,7.0022,7.1683,7.1655,7.5117,7.4068,7.7976,7.5621
2024-06-13,6.8000,7.1300,6.7700,7.1000,51888300,SOFI,6.9680,6.9830,7.1535,7.1512,7.5005,7.3948,7.7905,7.5545
2024-06-14,6.4600,6.7650,6.4300,6.7100,75531400,SOFI,6.9350,6.9332,7.1365,7.1241,7.4876,7.3763,7.7805,7.5436
2024-06-17,6.4600,6.4900,6.3000,6.4600,45193300,SOFI,6.8940,6.8881,7.1177,7.0980,7.4766,7.3581,7.7691,7.5328
2024-06-18,6.4200,6.6000,6.3900,6.4600,28420200,SOFI,6.8555,6.8435,7.0909,7.0714,7.4643,7.3396,7.7579,7.5218
2024-06-20,6.3200,6.4500,6.2600,6.4200,31396900,SOFI,6.8175,6.7937,7.0595,7.0420,7.4513,7.3194,7.7455,7.5098
2024-06-21,6.3200,6.3500,6.2000,6.3000,34388900,SOFI,6.7825,6.7486,7.0347,7.0136,7.4229,7.2996,7.7334,7.4980
2024-06-24,6.5400,6.5700,6.3000,6.3200,32286900,SOFI,6.7680,6.7287,7.0127,6.9951,7.4043,7.2845,7.7234,7.4884
2024-06-25,6.4500,6.5400,6.4100,6.5400,19277800,SOFI,6.7445,6.7021,6.9951,6.9737,7.3905,7.2680,7.7128,7.4781
2024-06-26,6.4600,6.4800,6.3600,6.4000,18400200,SOFI,6.7230,6.6791,6.9819,6.9535,7.3778,7.2520,7.7023,7.4680
2024-06-27,6.5400,6.5400,6.3600,6.4100,18808000,SOFI,6.7075,6.6658,6.9687,6.9373,7.3644,7.2379,7.6905,7.4587
2024-06-28,6.6100,6.6500,6.5300,6.6000,30002000,SOFI,6.6925,6.6605,6.9577,6.9245,7.3547,7.2255,7.6786,7.4503
2024-07-01,6.4300,6.6700,6.4150,6.6000,30828100,SOFI,6.6690,6.6386,6.9437,6.9051,7.3410,7.2097,7.6667,7.4402
2024-07-02,6.4500,6.4800,6.2900,6.4300,26977400,SOFI,6.6530,6.6206,6.9305,6.8873,7.3289,7.1947,7.6537,7.4303
2024-07-03,6.5200,6.5500,6.4150,6.4800,15364300,SOFI,6.6430,6.6110,6.9159,6.8729,7.3133,7.1813,7.6410,7.4212
2024-07-05,6.4700,6.5100,6.3800,6.4800,15639700,SOFI,6.6210,6.5976,6.8937,6.8571,7.2967,7.1672,7.6300,7.4118
2024-07-08,6.3500,6.5300,6.3500,6.4850,22763700,SOFI,6.5845,6.5740,6.8687,6.8372,7.2769,7.1511,7.6186,7.4012
2024-07-09,6.3800,6.3800,6.1500,6.3500,40392200,SOFI,6.5540,6.5555,6.8445,6.8192,7.2605,7.1358,7.6089,7.3911
2024-07-10,6.5700,6.6200,6.3200,6.4200,37482300,SOFI,6.5310,6.5569,6.8185,6.8095,7.2420,7.1246,7.6020,7.3829
2024-07-11,6.7700,6.9300,6.6800,6.8000,46656300,SOFI,6.5195,6.5772,6.8130,6.8079,7.2244,7.1176,7.5982,7.3768
2024-07-12,6.9700,7.0000,6.8100,6.8900,37128300,SOFI,6.5145,6.6146,6.8168,6.8143,7.2105,7.1146,7.5955,7.3727
2024-07-15,7.3300,7.4300,7.0100,7.0600,57035700,SOFI,6.5410,6.6827,6.8250,6.8345,7.1987,7.1189,7.5951,7.3723
2024-07-16,7.7500,7.8200,7.3450,7.4400,63079500,SOFI,6.6055,6.7844,6.8402,6.8704,7.1951,7.1314,7.5959,7.3761
2024-07-17,7.8400,7.9100,7.5720,7.5720,65800500,SOFI,6.6745,6.8849,6.8578,6.9084,7.1919,7.1454,7.5962,7.3807
2024-07-18,7.5300,8.0600,7.4900,7.8700,56454300,SOFI,6.7300,6.9464,6.8652,6.9328,7.1855,7.1531,7.5939,7.3822
2024-07-19,7.4700,7.6100,7.3100,7.5000,33123300,SOFI,6.7875,6.9962,6.8734,6.9539,7.1748,7.1593,7.5921,7.3830
2024-07-22,7.5400,7.6400,7.3300,7.5900,38964600,SOFI,6.8485,7.0480,6.8832,6.9769,7.1587,7.1669,7.5934,7.3846
2024-07-23,7.4300,7.6600,7.4200,7.5000,23486300,SOFI,6.8930,7.0844,6.8906,6.9946,7.1444,7.1721,7.5932,7.3851
2024-07-24,7.1000,7.5000,7.0900,7.3300,34636100,SOFI,6.9255,7.0859,6.8938,6.9988,7.1256,7.1706,7.5904,7.3822
2024-07-25,7.2700,7.4100,7.0000,7.0000,35574200,SOFI,6.9660,7.1034,6.8970,7.0094,7.1084,7.1726,7.5868,7.3811
2024-07-26,7.4100,7.5000,7.2900,7.4800,29482400,SOFI,7.0095,7.1326,6.8958,7.0251,7.0967,7.1773,7.5830,7.3814
2024-07-29,7.3300,7.5200,7.2300,7.4600,65272600,SOFI,7.0455,7.1514,6.8970,7.0371,7.0973,7.1803,7.5778,7.3809
2024-07-30,7.4200,7.9500,7.1000,7.5800,90519300,SOFI,7.0950,7.1770,6.9030,7.0521,7.0975,7.1851,7.5720,7.3813
2024-07-31,7.5400,7.8300,7.2600,7.4800,66168200,SOFI,7.1495,7.2116,6.9082,7.0712,7.0982,7.1921,7.5677,7.3828
2024-08-01,7.1600,7.6600,7.0700,7.5700,50282600,SOFI,7.1815,7.2067,6.9076,7.0747,7.0927,7.1915,7.5629,7.3806
2024-08-02,6.6500,6.9500,6.5900,6.9000,63300900,SOFI,7.1905,7.1536,6.8990,7.0580,7.0824,7.1808,7.5549,7.3734
2024-08-05,6.5400,6.7900,6.0100,6.0300,65657400,SOFI,7.2000,7.0952,6.8894,7.0377,7.0730,7.1681,7.5464,7.3651
2024-08-06,6.4300,6.6200,6.3900,6.6200,41670300,SOFI,7.2025,7.0318,6.8814,7.0139,7.0635,7.1535,7.5397,7.3558
2024-08-07,6.3200,6.7500,6.3100,6.6000,32106700,SOFI,7.1900,6.9641,6.8694,6.9867,7.0562,7.1369,7.5331,7.3455
2024-08-08,6.6400,6.7100,6.4100,6.4600,27594800,SOFI,7.1835,6.9332,6.8644,6.9731,7.0523,7.1271,7.5295,7.3384
2024-08-09,6.6400,6.7300,6.5500,6.6200,19048600,SOFI,7.1670,6.9053,6.8602,6.9600,7.0479,7.1175,7.5264,7.3315
2024-08-12,6.4800,6.6700,6.4700,6.6200,26316800,SOFI,7.1245,6.8648,6.8516,6.9412,7.0435,7.1048,7.5219,7.3230
2024-08-13,6.6400,6.6500,6.4900,6.5000,26015000,SOFI,7.0690,6.8434,6.8464,6.9294,7.0363,7.0956,7.5197,7.3162
2024-08-14,6.6100,6.7800,6.5600,6.7500,22578400,SOFI,7.0075,6.8211,6.8432,6.9169,7.0280,7.0860,7.5182,7.3092
2024-08-15,6.9100,6.9600,6.6900,6.7400,36188900,SOFI,6.9765,6.8296,6.8470,6.9166,7.0241,7.0825,7.5184,7.3052
2024-08-16,7.0000,7.0800,6.8900,6.9000,24474900,SOFI,6.9530,6.8458,6.8488,6.9199,7.0196,7.0809,7.5187,7.3022
2024-08-19,7.4600,7.5000,7.0900,7.1100,51562200,SOFI,6.9490,6.9043,6.8564,6.9410,7.0222,7.0884,7.5183,7.3038
2024-08-20,7.3700,7.5150,7.2800,7.3900,42987600,SOFI,6.9460,6.9487,6.8640,6.9579,7.0223,7.0940,7.5172,7.3044
2024-08-21,7.3000,7.4350,7.1300,7.4000,38849700,SOFI,6.9560,6.9821,6.8694,6.9713,7.0223,7.0981,7.5129,7.3044
2024-08-22,7.1900,7.3400,7.1800,7.3200,29843200,SOFI,6.9520,7.0019,6.8732,6.9799,7.0220,7.0999,7.5088,7.3032
2024-08-23,7.5200,7.5600,7.1850,7.2100,52448400,SOFI,6.9575,7.0513,6.8822,7.0010,7.0252,7.1082,7.5089,7.3054
2024-08-26,7.6700,7.7900,7.5500,7.6100,31511400,SOFI,6.9745,7.1102,6.8996,7.0273,7.0265,7.1193,7.5102,7.3090
2024-08-27,7.7700,7.8900,7.5400,7.5800,27703700,SOFI,6.9920,7.1730,6.9258,7.0564,7.0311,7.1322,7.5125,7.3136
2024-08-28,7.4900,7.7300,7.4000,7.7000,33583100,SOFI,6.9895,7.2032,6.9464,7.0734,7.0320,7.1393,7.5157,7.3154
2024-08-29,8.0300,8.3000,7.6400,7.6500,84954500,SOFI,7.0330,7.2820,6.9786,7.1109,7.0347,7.1569,7.5211,7.3225
2024-08-30,7.9900,8.2300,7.8100,8.1100,40858700,SOFI,7.1000,7.3494,7.0120,7.1454,7.0357,7.1734,7.5259,7.3291
2024-09-03,7.5300,7.9200,7.4800,7.8900,43359200,SOFI,7.1495,7.3666,7.0362,7.1605,7.0354,7.1805,7.5261,7.3311
2024-09-04,7.4800,7.7600,7.4100,7.4100,34795200,SOFI,7.2020,7.3774,7.0550,7.1730,7.0338,7.1864,7.5267,7.3326
2024-09-05,7.2600,7.6400,7.2400,7.5500,37429500,SOFI,7.2490,7.3662,7.0712,7.1764,7.0331,7.1879,7.5294,7.3319
2024-09-06,7.0100,7.4000,6.9200,7.2900,46372000,SOFI,7.2675,7.3323,7.0822,7.1699,7.0320,7.1844,7.5303,7.3287
2024-09-09,7.0800,7.2100,7.0100,7.0400,33004200,SOFI,7.2895,7.3083,7.0930,7.1664,7.0308,7.1823,7.5327,7.3262
2024-09-10,7.0500,7.1690,6.7500,7.1600,57932200,SOFI,7.3180,7.2837,7.1018,7.1618,7.0297,7.1797,7.5343,7.3234
2024-09-11,7.3100,7.3500,6.9500,7.0200,42877800,SOFI,7.3515,7.2862,7.1194,7.1676,7.0315,7.1823,7.5364,7.3233
2024-09-12,7.4600,7.5100,7.2400,7.2900,39028500,SOFI,7.3940,7.3027,7.1396,7.1791,7.0350,7.1878,7.5394,7.3247
2024-09-13,7.7400,7.7400,7.5200,7.5200,45043900,SOFI,7.4355,7.3444,7.1640,7.2011,7.0399,7.1987,7.5429,7.3288
2024-09-16,8.0600,8.0800,7.6300,7.7400,44920400,SOFI,7.4885,7.4125,7.1958,7.2348,7.0447,7.2157,7.5465,7.3361
2024-09-17,8.1200,8.2800,8.0600,8.2000,49071800,SOFI,7.5215,7.4799,7.2312,7.2695,7.0499,7.2336,7.5504,7.3439
2024-09-18,8.1100,8.5300,8.0400,8.1000,63736800,SOFI,7.5585,7.5399,7.2658,7.3024,7.0551,7.2510,7.5545,7.3515
2024-09-19,8.1900,8.4600,8.1300,8.4400,58745600,SOFI,7.6030,7.6018,7.2982,7.3372,7.0583,7.2696,7.5563,7.3598
2024-09-20,8.0500,8.2200,8.0100,8.1350,36453900,SOFI,7.6460,7.6445,7.3238,7.3652,7.0684,7.2850,7.5567,7.3667
2024-09-23,7.9200,8.1300,7.9100,8.1200,31400000,SOFI,7.6660,7.6707,7.3428,7.3870,7.0798,7.2976,7.5564,7.3722
2024-09-24,7.8300,7.9700,7.5800,7.9600,47198600,SOFI,7.6740,7.6859,7.3528,7.4043,7.0889,7.3082,7.5561,7.3768
2024-09-25,7.7300,7.8800,7.7100,7.8500,26123100,SOFI,7.6720,7.6901,7.3524,7.4171,7.0963,7.3165,7.5549,7.3803
2024-09-26,7.7600,7.8700,7.6800,7.8300,27429400,SOFI,7.6855,7.6968,7.3508,7.4305,7.1043,7.3253,7.5531,7.3841
2024-09-27,7.9500,8.0950,7.8200,7.8200,33376700,SOFI,7.6815,7.7209,7.3592,7.4509,7.1122,7.3377,7.5525,7.3897
2024-09-30,7.8600,8.0700,7.8100,7.9000,28296700,SOFI,7.6750,7.7341,7.3670,7.4670,7.1202,7.3480,7.5520,7.3944
2024-10-01,7.6300,7.9000,7.6130,7.8800,34573700,SOFI,7.6800,7.7242,7.3688,7.4734,7.1260,7.3536,7.5455,7.3967
2024-10-02,7.7900,7.8300,7.5700,7.6000,27871200,SOFI,7.6955,7.7305,7.3760,7.4858,7.1333,7.3622,7.5371,7.4006
2024-10-03,7.8300,7.8600,7.6540,7.7500,28729000,SOFI,7.7240,7.7400,7.3906,7.4993,7.1422,7.3715,7.5295,7.4049
2024-10-04,8.3900,8.4050,7.9000,8.0300,58014300,SOFI,7.7930,7.8019,7.4130,7.5342,7.1550,7.3917,7.5231,7.4147
2024-10-07,8.2700,8.5200,8.1600,8.3600,40480600,SOFI,7.8525,7.8465,7.4302,7.5631,7.1630,7.4091,7.5148,7.4232
2024-10-08,8.4100,8.6000,8.2550,8.3200,40451800,SOFI,7.9205,7.9001,7.4518,7.5963,7.1744,7.4289,7.5103,7.4330
2024-10-09,8.5900,8.6600,8.3000,8.4100,32950100,SOFI,7.9845,7.9658,7.4752,7.6352,7.1891,7.4519,7.5050,7.4446
2024-10-10,8.6300,8.7600,8.4610,8.5100,46015000,SOFI,8.0430,8.0291,7.4970,7.6742,7.2026,7.4752,7.4996,7.4563
2024-10-11,9.0100,9.0700,8.6300,8.6500,42833300,SOFI,8.1065,8.1225,7.5340,7.7266,7.2208,7.5056,7.4949,7.4718
2024-10-14,10.0400,10.0700,9.3750,9.6200,116449900,SOFI,8.2055,8.3051,7.6018,7.8174,7.2504,7.5558,7.4935,7.4974
2024-10-15,10.1800,10.4900,10.0300,10.1600,87195400,SOFI,8.3085,8.4837,7.6746,7.9100,7.2820,7.6077,7.4930,7.5241
2024-10-16,10.0400,10.3250,9.9100,10.2300,48045000,SOFI,8.4050,8.6319,7.7468,7.9935,7.3141,7.6559,7.4934,7.5491
2024-10-17,9.8700,10.0300,9.6200,10.0100,50293900,SOFI,8.4890,8.7498,7.8178,8.0671,7.3436,7.6998,7.4945,7.5722
2024-10-18,10.1800,10.1800,9.8810,9.9100,31400300,SOFI,8.5955,8.8860,7.8886,8.1500,7.3765,7.7489,7.5039,7.5981
2024-10-21,10.4000,10.5400,10.1900,10.2600,50814300,SOFI,8.7195,9.0302,7.9638,8.2382,7.4120,7.8014,7.5138,7.6260
2024-10-22,10.5800,10.6200,10.3200,10.3200,36501700,SOFI,8.8570,9.1778,8.0458,8.3300,7.4487,7.8564,7.5256,7.6554
2024-10-23,10.4200,10.6500,10.1750,10.5500,38130400,SOFI,8.9915,9.2961,8.1214,8.4120,7.4839,7.9072,7.5350,7.6829
2024-10-24,10.9300,11.3000,10.7800,10.9100,72141300,SOFI,9.1500,9.4517,8.2078,8.5108,7.5255,7.9670,7.5481,7.7152
2024-10-25,10.9900,11.3400,10.8900,11.2100,58331300,SOFI,9.3020,9.5982,8.2894,8.6080,7.5682,8.0269,7.5606,7.7478
2024-10-28,11.1900,11.3150,11.0200,11.2100,69753400,SOFI,9.4685,9.7498,8.3732,8.7092,7.6110,8.0895,7.5757,7.7821
2024-10-29,10.4700,10.8000,9.7700,10.7500,164917900,SOFI,9.6105,9.8184,8.4334,8.7783,7.6449,8.1366,7.5886,7.8088
2024-10-30,11.2200,11.5000,10.4600,10.4700,95149900,SOFI,9.7820,9.9519,8.5104,8.8740,7.6872,8.1977,7.6061,7.8427
2024-10-31,11.1700,11.3250,10.8800,11.1600,59129200,SOFI,9.9490,10.0679,8.5878,8.9641,7.7286,8.2566,7.6243,7.8758
2024-11-01,11.0400,11.2200,10.8100,11.2100,41742300,SOFI,10.0815,10.1605,8.6648,9.0455,7.7690,8.3117,7.6425,7.9073
2024-11-04,10.9100,11.1300,10.6310,10.8800,41321700,SOFI,10.2135,10.2319,8.7326,9.1186,7.8074,8.3631,7.6596,7.9372
2024-11-05,11.4200,11.5500,10.9500,10.9600,53857800,SOFI,10.3640,10.3450,8.8076,9.2089,7.8536,8.4237,7.6771,7.9719
2024-11-06,11.8100,12.1950,11.6300,12.0700,63197700,SOFI,10.5250,10.4845,8.8884,9.3109,7.9071,8.4907,7.6974,8.0101
2024-11-07,11.9000,12.1400,11.8500,11.9150,55627600,SOFI,10.6885,10.6194,8.9766,9.4124,7.9615,8.5582,7.7191,8.0488
2024-11-08,13.0100,13.0100,11.9350,12.0000,83464200,SOFI,10.8885,10.8470,9.0762,9.5535,8.0274,8.6464,7.7459,8.0981
2024-11-11,14.1100,14.4400,13.5700,13.6100,106393400,SOFI,11.0920,11.1578,9.1986,9.7322,8.1053,8.7546,7.7783,8.1579
2024-11-12,13.8200,14.0100,13.3700,13.4900,61125000,SOFI,11.2740,11.4113,9.3244,9.8925,8.1803,8.8549,7.8016,8.2143
2024-11-13,13.5000,14.2800,13.3900,13.9550,55166000,SOFI,11.4470,11.6103,9.4448,10.0339,8.2499,8.9469,7.8271,8.2669
2024-11-14,13.4000,13.7300,13.0100,13.6100,46251400,SOFI,11.6235,11.7807,9.5676,10.1659,8.3194,9.0350,7.8550,8.3180
2024-11-15,13.6300,13.6950,13.0800,13.2200,48186500,SOFI,11.7960,11.9568,9.7000,10.3018,8.3911,9.1260,7.8845,8.3708
2024-11-18,13.9300,14.3000,13.7000,13.8000,47566500,SOFI,11.9725,12.1448,9.8370,10.4441,8.4650,9.2212,7.9147,8.4261
2024-11-19,14.4200,14.4300,13.6700,13.7600,38330700,SOFI,12.1645,12.3614,9.9844,10.6000,8.5431,9.3241,7.9489,8.4858
2024-11-20,14.6700,14.8850,14.2900,14.6500,45618800,SOFI,12.3770,12.5813,10.1316,10.7596,8.6255,9.4300,7.9833,8.5473
2024-11-21,15.0100,15.5500,14.6700,14.8600,60802800,SOFI,12.5810,12.8126,10.2826,10.9263,8.7111,9.5405,8.0200,8.6116
2024-11-22,15.6000,15.7500,15.0800,15.2700,50055400,SOFI,12.8115,13.0781,10.4398,11.1096,8.8019,9.6605,8.0576,8.6811
2024-11-25,15.7000,16.0900,15.5200,16.0880,49778700,SOFI,13.0370,13.3278,10.5926,11.2896,8.8942,9.7800,8.0955,8.7510
2024-11-26,15.4900,15.8400,15.2450,15.5000,38184400,SOFI,13.2880,13.5337,10.7400,11.4543,8.9856,9.8931,8.1313,8.8180
2024-11-27,16.1200,16.1600,15.5700,15.6700,48218600,SOFI,13.5330,13.7800,10.9002,11.6373,9.0830,10.0164,8.1718,8.8907
2024-11-29,16.4100,16.6100,16.1700,16.3600,31524900,SOFI,13.7950,14.0305,11.0646,11.8244,9.1814,10.1430,8.2117,8.9655
2024-12-02,15.9100,16.6100,15.7400,16.4900,52367900,SOFI,14.0385,14.2095,11.2218,11.9847,9.2728,10.2572,8.2486,9.0346
2024-12-03,15.8800,16.1500,15.6200,15.8900,43795800,SOFI,14.2870,14.3686,11.3810,12.1374,9.3619,10.3686,8.2862,9.1027
2024-12-04,16.3200,16.4300,15.8900,16.1300,40638300,SOFI,14.5320,14.5544,11.5508,12.3014,9.4518,10.4864,8.3253,9.1745
2024-12-05,15.6500,16.2000,15.6200,16.0100,50857000,SOFI,14.7240,14.6588,11.7092,12.4328,9.5308,10.5887,8.3630,9.2390
2024-12-06,16.0200,16.0500,14.8500,15.7700,57220500,SOFI,14.9300,14.7884,11.8744,12.5734,9.6126,10.6962,8.4023,9.3064
2024-12-09,15.5700,15.9600,15.2300,15.6800,59642800,SOFI,15.0580,14.8629,12.0268,12.6909,9.6930,10.7927,8.4393,9.3688
2024-12-10,15.2900,16.1200,15.1350,15.4900,49585500,SOFI,15.1170,14.9035,12.1754,12.7929,9.7712,10.8818,8.4730,9.4277
2024-12-11,15.9400,16.0000,15.1600,15.5000,47600800,SOFI,15.2230,15.0022,12.3416,12.9163,9.8552,10.9819,8.5070,9.4925
2024-12-12,15.9000,16.4800,15.7300,15.9200,48071000,SOFI,15.3430,15.0877,12.5038,13.0333,9.9399,11.0793,8.5422,9.5562
2024-12-13,16.2500,16.3600,15.7900,16.0400,41622300,SOFI,15.4855,15.1984,12.6722,13.1594,10.0314,11.1817,8.5785,9.6228
2024-12-16,16.8800,17.0400,16.2000,16.5350,55457600,SOFI,15.6480,15.3586,12.8420,13.3053,10.1275,11.2946,8.6180,9.6951
2024-12-17,16.6600,17.1700,16.1700,17.1500,53985200,SOFI,15.7845,15.4825,13.0098,13.4369,10.2200,11.4008,8.6584,9.7644
2024-12-18,15.2400,17.1900,14.9320,16.8900,76625700,SOFI,15.8255,15.4594,13.1464,13.5076,10.2991,11.4768,8.6982,9.8188
2024-12-19,15.0300,15.9900,14.9200,15.7200,44149600,SOFI,15.8435,15.4185,13.2752,13.5673,10.3752,11.5472,8.7364,9.8707
2024-12-20,15.3500,15.5300,14.5800,14.7200,52746600,SOFI,15.8605,15.4120,13.4096,13.6372,10.4533,11.6225,8.7758,9.9252
2024-12-23,15.6300,15.7900,15.1650,15.5000,34576400,SOFI,15.8620,15.4328,13.5420,13.7154,10.5380,11.7018,8.8154,9.9820
2024-12-24,16.0200,16.0300,15.5700,15.7300,15731500,SOFI,15.8780,15.4887,13.6616,13.8057,10.6317,11.7874,8.8571,10.0421
2024-12-26,16.6000,16.6800,15.8800,15.9800,36815400,SOFI,15.9335,15.5945,13.7900,13.9153,10.7323,11.8827,8.9027,10.1073
2024-12-27,15.9800,16.4650,15.7800,16.3900,31003000,SOFI,15.9265,15.6312,13.9088,13.9963,10.8278,11.9638,8.9457,10.1657
2024-12-30,15.6300,15.8800,15.4200,15.5700,31036000,SOFI,15.8875,15.6311,14.0240,14.0604,10.9209,12.0364,8.9886,10.2201
2024-12-31,15.4000,15.9000,15.3500,15.7900,29262500,SOFI,15.8620,15.6091,14.1284,14.1129,11.0085,12.1030,9.0304,10.2717
2025-01-02,14.1300,15.1100,13.7500,15.0000,76412600,SOFI,15.7745,15.4682,14.2030,14.1136,11.0834,12.1431,9.0657,10.3101
2025-01-03,14.8400,14.8550,14.1200,14.3000,40925300,SOFI,15.7005,15.4084,14.2882,14.1421,11.1670,12.1965,9.1053,10.3551
2025-01-06,15.2900,15.4800,14.8900,15.2000,32859000,SOFI,15.6825,15.3971,14.3856,14.1871,11.2535,12.2578,9.1449,10.4042
2025-01-07,14.9100,15.6190,14.7100,15.3100,38956300,SOFI,15.6270,15.3507,14.4652,14.2154,11.3365,12.3103,9.1823,10.4491
2025-01-08,14.5500,14.8400,14.3250,14.6400,28712100,SOFI,15.5760,15.2745,14.5364,14.2285,11.4129,12.3547,9.2185,10.4899
2025-01-10,14.1500,14.2800,13.8100,14.2000,33470100,SOFI,15.5190,15.1674,14.5956,14.2255,11.4844,12.3902,9.2520,10.5263
2025-01-13,14.0700,14.0850,13.6000,13.6400,32197100,SOFI,15.4255,15.0629,14.6676,14.2194,11.5505,12.4235,9.2864,10.5615
2025-01-14,14.5000,14.8600,14.2300,14.3000,34100800,SOFI,15.3555,15.0093,14.7332,14.2304,11.6218,12.4646,9.3221,10.6007
2025-01-15,15.5100,15.5500,14.9900,15.3600,38873100,SOFI,15.3185,15.0570,14.8200,14.2806,11.7039,12.5249,9.3631,10.6496
2025-01-16,16.3000,16.3800,15.5700,15.7000,43586900,SOFI,15.2895,15.1753,14.9252,14.3597,11.7950,12.5997,9.4085,10.7058
2025-01-17,16.5000,16.7300,16.1800,16.4200,40496500,SOFI,15.2815,15.3015,15.0370,14.4437,11.8848,12.6769,9.4550,10.7635
2025-01-21,17.9000,18.1000,16.8900,17.0000,67982600,SOFI,15.4145,15.5490,15.1666,14.5792,11.9871,12.7803,9.5068,10.8345
2025-01-22,17.5900,18.0600,17.2650,18.0600,51349800,SOFI,15.5425,15.7434,15.2822,14.6973,12.0853,12.8756,9.5582,10.9017
2025-01-23,18.0300,18.2100,17.2800,17.4000,43826700,SOFI,15.6765,15.9611,15.4048,14.8280,12.1907,12.9776,9.6114,10.9726
2025-01-24,17.9200,18.4200,17.8600,18.1500,55232000,SOFI,15.7910,16.1477,15.5030,14.9492,12.2896,13.0755,9.6622,11.0417
2025-01-27,16.0800,16.9800,15.5500,15.9300,107334200,SOFI,15.7940,16.1412,15.5424,14.9936,12.3705,13.1350,9.7031,11.0919
2025-01-28,16.1700,16.2500,15.2200,16.1200,51829100,SOFI,15.7725,16.1440,15.5894,15.0397,12.4569,13.1951,9.7462,11.1424
2025-01-29,15.9900,16.3400,15.7600,16.1000,41382700,SOFI,15.7730,16.1293,15.6392,15.0770,12.5420,13.2504,9.7879,11.1906
2025-01-30,16.4400,16.6700,16.1100,16.2500,35552200,SOFI,15.8135,16.1589,15.7000,15.1304,12.6338,13.3136,9.8335,11.2429
2025-01-31,15.7800,16.5700,15.5900,16.4400,47846900,SOFI,15.8325,16.1228,15.7430,15.1559,12.7215,13.3624,9.8768,11.2880
2025-02-03,15.4000,15.7700,14.8900,14.9800,42781900,SOFI,15.8960,16.0540,15.7724,15.1655,12.8047,13.4028,9.9178,11.3289
2025-02-04,15.2900,15.6200,15.2000,15.4900,29013200,SOFI,15.9185,15.9812,15.7898,15.1704,12.8871,13.4402,9.9584,11.3683
2025-02-05,15.4900,15.5600,15.2200,15.2400,27706300,SOFI,15.9285,15.9344,15.8062,15.1829,12.9689,13.4807,10.0002,11.4094
2025-02-06,14.8000,15.5500,14.6800,15.5300,46886900,SOFI,15.9230,15.8264,15.8020,15.1679,13.0423,13.5069,10.0387,11.4431
2025-02-07,14.9100,15.2800,14.8300,14.9000,32161400,SOFI,15.9410,15.7391,15.7882,15.1578,13.1140,13.5347,10.0770,11.4776
2025-02-10,15.1300,15.4000,15.0000,15.0300,30509900,SOFI,15.9900,15.6811,15.7768,15.1567,13.1847,13.5662,10.1147,11.5139
2025-02-11,14.8300,15.2500,14.7900,14.9900,30455200,SOFI,16.0280,15.6001,15.7636,15.1439,13.2518,13.5913,10.1509,11.5469
2025-02-12,14.7700,14.8500,14.4200,14.5800,33663600,SOFI,16.0415,15.5210,15.7366,15.1292,13.3184,13.6146,10.1868,11.5790
2025-02-13,15.1900,15.3550,14.7750,14.9600,36477800,SOFI,16.0255,15.4895,15.7122,15.1316,13.3884,13.6458,10.2234,11.6149
2025-02-14,16.2100,16.4200,15.2400,15.4100,63312400,SOFI,16.0210,15.5581,15.7182,15.1739,13.4700,13.6966,10.2692,11.6607
2025-02-18,16.8300,17.1100,16.4300,16.4700,53815000,SOFI,16.0375,15.6792,15.7372,15.2388,13.5591,13.7586,10.3194,11.7121
2025-02-19,16.1800,16.8100,16.1000,16.7650,35555700,SOFI,15.9515,15.7269,15.7344,15.2757,13.6426,13.8066,10.3657,11.7565
2025-02-20,15.5600,16.0800,15.0630,16.0100,51063600,SOFI,15.8500,15.7110,15.7326,15.2869,13.7209,13.8413,10.4086,11.7944
2025-02-21,14.6700,15.5600,14.5800,15.5600,54725300,SOFI,15.6820,15.6119,15.7056,15.2627,13.7900,13.8577,10.4471,11.8230
2025-02-24,14.3600,14.8170,13.8100,14.8000,52266100,SOFI,15.5040,15.4927,15.6814,15.2273,13.8541,13.8677,10.4831,11.8483
2025-02-25,13.9200,14.2700,13.4200,14.1100,63198000,SOFI,15.3960,15.3429,15.6540,15.1760,13.9147,13.8687,10.5174,11.8689
2025-02-26,14.4700,14.7350,14.1350,14.1800,51329600,SOFI,15.3110,15.2597,15.6246,15.1483,13.9831,13.8806,10.5545,11.8947
2025-02-27,14.0700,14.7400,14.0000,14.7300,41470300,SOFI,15.2150,15.1464,15.5880,15.1061,14.0459,13.8843,10.5896,11.9164
2025-02-28,14.4700,14.5400,13.7300,13.8000,38926400,SOFI,15.1165,15.0820,15.5524,15.0811,14.1123,13.8959,10.6272,11.9418
2025-03-03,13.5700,14.9050,13.4400,14.6500,58992200,SOFI,15.0060,14.9380,15.4862,15.0218,14.1641,13.8895,10.6595,11.9580
2025-03-04,13.0900,13.5700,12.2350,13.0000,77982800,SOFI,14.8905,14.7620,15.4148,14.9461,14.2123,13.8737,10.6876,11.9693
2025-03-05,13.4300,13.4900,12.8400,13.1200,41038000,SOFI,14.7975,14.6352,15.3786,14.8866,14.2625,13.8649,10.7184,11.9838
2025-03-06,12.4500,13.2500,12.4100,13.0000,49835800,SOFI,14.6455,14.4270,15.3270,14.7911,14.3011,13.8369,10.7451,11.9884
2025-03-07,12.5900,12.6400,11.8200,12.3200,52630300,SOFI,14.5350,14.2521,15.2718,14.7048,14.3407,13.8122,10.7716,11.9944
2025-03-10,11.1800,12.1700,10.9300,12.0700,71705200,SOFI,14.3485,13.9595,15.1828,14.5665,14.3624,13.7600,10.7916,11.9863
2025-03-11,11.2600,11.4970,10.8500,11.0600,54907900,SOFI,14.1550,13.7024,15.0876,14.4369,14.3746,13.7105,10.8125,11.9791
2025-03-12,11.9200,12.1200,11.4400,11.8600,54143700,SOFI,14.0095,13.5327,14.9940,14.3382,14.3920,13.6751,10.8370,11.9785
2025-03-13,11.3900,12.0900,11.3100,12.0000,38157700,SOFI,13.8405,13.3286,14.9022,14.2226,14.4055,13.6298,10.8598,11.9727
2025-03-14,12.0900,12.1200,11.6100,11.6900,37484500,SOFI,13.6855,13.2106,14.8314,14.1389,14.4277,13.5993,10.8856,11.9738
2025-03-17,12.3200,12.4700,11.9600,12.0800,45612600,SOFI,13.4910,13.1258,14.7698,14.0676,14.4491,13.5740,10.9128,11.9773
2025-03-18,11.9500,12.1400,11.7900,12.1000,36336100,SOFI,13.2470,13.0138,14.7262,13.9846,14.4646,13.5419,10.9383,11.9770
2025-03-19,12.7300,12.9100,11.9600,12.0000,46771900,SOFI,13.0745,12.9868,14.6840,13.9354,14.4861,13.5258,10.9674,11.9845
2025-03-20,12.6400,12.9400,12.4900,12.6400,40485900,SOFI,12.9285,12.9538,14.6310,13.8846,14.5083,13.5082,10.9961,11.9910
2025-03-21,12.8700,12.9100,12.3700,12.4100,40043900,SOFI,12.8385,12.9458,14.5902,13.8448,14.5277,13.4956,11.0266,11.9998
2025-03-24,13.7200,13.7600,13.1400,13.3000,58817600,SOFI,12.8065,13.0195,14.5736,13.8399,14.5550,13.5000,11.0616,12.0169
2025-03-25,13.5400,13.9000,13.4450,13.7300,35685500,SOFI,12.7875,13.0691,14.5614,13.8281,14.5785,13.5008,11.0947,12.0320
2025-03-26,13.0700,13.5480,12.9250,13.5300,48480600,SOFI,12.7175,13.0692,14.5414,13.7984,14.6045,13.4923,11.1247,12.0424
2025-03-27,12.2000,12.7000,12.0300,12.6100,58870900,SOFI,12.6240,12.9864,14.4954,13.7357,14.6143,13.4667,11.1507,12.0439
2025-03-28,11.8500,12.2450,11.6900,12.0250,51302400,SOFI,12.4930,12.8782,14.4222,13.6618,14.6211,13.4347,11.1748,12.0420
2025-03-31,11.6300,11.7400,10.9800,11.3150,62839200,SOFI,12.3960,12.7593,14.3288,13.5821,14.6270,13.3990,11.1980,12.0379
2025-04-01,11.9100,12.1600,11.4800,11.5900,48664100,SOFI,12.3370,12.6784,14.2370,13.5165,14.6370,13.3695,11.2222,12.0366
2025-04-02,12.3100,12.4990,11.5500,11.5500,55622200,SOFI,12.2810,12.6433,14.1252,13.4692,14.6459,13.3485,11.2497,12.0393
2025-04-03,10.6400,11.4160,10.5600,11.1400,73382300,SOFI,12.1905,12.4525,13.9862,13.3582,14.6342,13.2949,11.2706,12.0254
2025-04-04,9.5700,10.2200,8.8800,9.9800,89686000,SOFI,12.0395,12.1780,13.8170,13.2097,14.6109,13.2211,11.2862,12.0010
2025-04-07,9.8600,10.6450,8.6000,8.7400,92561300,SOFI,11.9735,11.9572,13.6558,13.0783,14.5794,13.1545,11.3034,11.9797
2025-04-08,9.5000,10.5800,9.2400,10.4900,67136200,SOFI,11.8855,11.7232,13.5242,12.9380,14.5333,13.0822,11.3193,11.9550
2025-04-09,11.3900,11.6490,9.3100,9.4000,94205900,SOFI,11.8590,11.6915,13.4286,12.8773,14.5090,13.0487,11.3446,11.9494
2025-04-10,10.5200,11.0100,10.1600,10.9400,55996900,SOFI,11.8155,11.5799,13.3192,12.7849,14.4792,12.9986,11.3645,11.9352
2025-04-11,10.7100,10.7300,10.0700,10.4800,42788100,SOFI,11.7465,11.4971,13.2046,12.7035,14.4523,12.9533,11.3858,11.9230
2025-04-14,10.8200,11.2000,10.5110,11.1200,47271800,SOFI,11.6715,11.4326,13.1054,12.6296,14.4242,12.9110,11.4076,11.9120
2025-04-15,10.9400,11.0500,10.7200,10.8200,38606000,SOFI,11.6210,11.3857,13.0162,12.5634,14.3943,12.8720,11.4296,11.9023
2025-04-16,10.6600,10.9000,10.4100,10.7200,39224300,SOFI,11.5175,11.3166,12.9236,12.4887,14.3567,12.8282,11.4499,11.8900
2025-04-17,10.9800,11.0450,10.5900,10.6800,46861000,SOFI,11.4345,11.2845,12.8334,12.4296,14.3198,12.7916,11.4726,11.8809
2025-04-21,10.6900,11.1500,10.4900,10.9300,54164900,SOFI,11.3255,11.2279,12.7512,12.3613,14.2766,12.7500,11.4938,11.8691
2025-04-22,11.2700,11.4300,10.8050,10.8700,52908900,SOFI,11.2030,11.2319,12.6784,12.3185,14.2333,12.7207,11.5176,11.8631
2025-04-23,11.7400,12.3500,11.6400,12.0200,56643400,SOFI,11.1130,11.2803,12.6106,12.2959,14.1937,12.7013,11.5439,11.8619
2025-04-24,12.3100,12.3600,11.7600,11.8000,61837700,SOFI,11.0750,11.3784,12.5602,12.2964,14.1619,12.6935,11.5737,11.8663
2025-04-25,12.8800,13.0500,12.4000,12.5000,70647900,SOFI,11.1090,11.5214,12.5224,12.3193,14.1295,12.6972,11.6062,11.8764
2025-04-28,13.2000,13.3800,12.7700,13.2400,95228400,SOFI,11.1765,11.6812,12.4826,12.3538,14.0974,12.7072,11.6394,11.8896
2025-04-29,13.2700,14.5050,13.2300,14.1300,171099300,SOFI,11.2585,11.8325,12.4238,12.3898,14.0710,12.7183,11.6719,11.9033
2025-04-30,12.5100,12.8200,12.0500,12.7850,86413300,SOFI,11.2885,11.8971,12.3374,12.3945,14.0373,12.7142,11.6996,11.9094
2025-05-01,12.5100,12.9200,12.4600,12.8400,70285300,SOFI,11.2985,11.9554,12.2640,12.3990,13.9992,12.7101,11.7255,11.9153
2025-05-02,12.7000,12.9300,12.5800,12.6850,50789300,SOFI,11.4015,12.0264,12.2068,12.4108,13.9697,12.7099,11.7502,11.9231
2025-05-05,12.8600,13.0500,12.4300,12.4800,51937900,SOFI,11.5660,12.1057,12.1706,12.4284,13.9381,12.7129,11.7753,11.9325
2025-05-06,12.7300,12.8300,12.4350,12.5700,40465200,SOFI,11.7095,12.1652,12.1380,12.4402,13.9097,12.7132,11.8013,11.9404
2025-05-07,13.0100,13.2800,12.5600,12.7000,51029800,SOFI,11.8850,12.2457,12.1198,12.4626,13.8869,12.7191,11.8290,11.9510
2025-05-08,13.2600,13.4700,13.1000,13.3190,52579800,SOFI,11.9785,12.3423,12.0956,12.4939,13.8601,12.7298,11.8576,11.9641
2025-05-09,13.1800,13.4650,12.8700,13.3000,53262000,SOFI,12.1115,12.4220,12.0778,12.5208,13.8329,12.7388,11.8864,11.9762
2025-05-12,14.0400,14.2000,13.6800,14.0400,74278200,SOFI,12.2780,12.5761,12.0692,12.5803,13.8108,12.7645,11.9211,11.9967
2025-05-13,14.2900,14.4600,14.0500,14.2400,70382900,SOFI,12.4515,12.7394,12.0836,12.6474,13.7849,12.7947,11.9562,12.0195
2025-05-14,14.0300,14.7800,13.9400,14.4400,77903700,SOFI,12.6060,12.8623,12.1024,12.7016,13.7586,12.8192,11.9893,12.0395
2025-05-15,13.5700,13.9500,13.3300,13.9100,66129800,SOFI,12.7515,12.9297,12.1052,12.7357,13.7419,12.8341,12.0205,12.0548
2025-05-16,13.9200,13.9700,13.5600,13.7000,58250800,SOFI,12.8985,13.0240,12.1346,12.7821,13.7308,12.8556,12.0530,12.0733
2025-05-19,13.7300,13.8600,13.3600,13.3950,57180000,SOFI,13.0505,13.0912,12.1574,12.8193,13.7146,12.8729,12.0839,12.0898
2025-05-20,13.2700,13.6600,13.2250,13.6600,54429600,SOFI,13.1505,13.1083,12.1992,12.8370,13.6910,12.8807,12.1145,12.1015
2025-05-21,12.8000,13.3200,12.7400,13.0800,71853700,SOFI,13.2035,13.0789,12.2300,12.8355,13.6588,12.8791,12.1452,12.1085
2025-05-22,13.1900,13.2800,12.7800,12.8000,56734700,SOFI,13.2475,13.0895,12.2554,12.8494,13.6247,12.8853,12.1785,12.1193
2025-05-23,13.0900,13.2100,12.7450,12.8000,44155300,SOFI,13.2580,13.0895,12.2894,12.8588,13.5958,12.8893,12.2118,12.1289
2025-05-27,13.3900,13.4800,13.0910,13.4100,46060200,SOFI,13.2675,13.1181,12.3154,12.8797,13.5734,12.8993,12.2471,12.1415
2025-05-28,13.3200,13.4300,13.1300,13.3900,56645000,SOFI,13.2700,13.1374,12.3354,12.8969,13.5526,12.9076,12.2805,12.1532
2025-05-29,13.1700,13.6000,13.0700,13.5000,50198700,SOFI,13.3030,13.1405,12.3598,12.9077,13.5430,12.9128,12.3132,12.1633
2025-05-30,13.3000,13.3200,12.8600,13.0700,60735700,SOFI,13.3425,13.1557,12.3712,12.9230,13.5276,12.9205,12.3473,12.1746
2025-06-02,13.6700,13.6900,13.0900,13.2800,53500300,SOFI,13.3910,13.2047,12.3918,12.9523,13.5114,12.9353,12.3824,12.1895
2025-06-03,13.6600,13.8250,13.4900,13.7100,54104400,SOFI,13.4310,13.2480,12.4076,12.9801,13.4989,12.9496,12.4177,12.2041
2025-06-04,13.4600,13.6890,13.2300,13.6700,54412400,SOFI,13.4675,13.2682,12.4024,12.9989,13.4880,12.9598,12.4504,12.2166
2025-06-05,13.6700,14.3200,13.4600,13.4800,70633900,SOFI,13.5005,13.3065,12.4050,13.0252,13.4832,12.9738,12.4838,12.2311
2025-06-06,14.2400,14.4900,13.9300,14.0000,63286700,SOFI,13.5495,13.3954,12.4284,13.0729,13.4849,12.9989,12.5177,12.2511
2025-06-09,14.1000,14.4300,13.9700,14.3850,62639300,SOFI,13.5955,13.4625,12.4664,13.1131,13.4809,13.0207,12.5513,12.2695
2025-06-10,14.3900,14.4800,13.9600,14.1700,57460300,SOFI,13.6130,13.5508,12.5172,13.1632,13.4697,13.0478,12.5868,12.2906
2025-06-11,15.0600,15.1700,14.4900,14.5200,79569800,SOFI,13.6515,13.6946,12.5858,13.2376,13.4573,13.0877,12.6262,12.3181
2025-06-12,14.9000,15.2000,14.6600,14.8700,78524700,SOFI,13.6950,13.8094,12.6456,13.3028,13.4413,13.1235,12.6630,12.3438
2025-06-13,14.0900,14.7100,13.9700,14.3900,76753100,SOFI,13.7210,13.8361,12.6812,13.3337,13.4032,13.1427,12.6951,12.3612
2025-06-16,14.9000,14.9300,14.2800,14.3000,65414100,SOFI,13.7700,13.9374,12.7664,13.3951,13.3763,13.1775,12.7308,12.3865
2025-06-17,14.4300,14.9400,14.2300,14.8200,72249500,SOFI,13.8050,13.9843,12.8636,13.4357,13.3403,13.2023,12.7655,12.4068
2025-06-18,15.3600,15.4200,14.3600,14.3800,84597000,SOFI,13.9095,14.1153,12.9736,13.5111,13.3147,13.2450,12.8021,12.4362
2025-06-20,15.2000,15.6400,15.0000,15.5650,87552800,SOFI,14.0295,14.2186,13.0876,13.5774,13.3059,13.2837,12.8382,12.4637
2025-06-23,15.3600,15.4500,14.6400,15.0200,60990900,SOFI,14.1380,14.3273,13.1670,13.6473,13.2978,13.3248,12.8773,12.4925
2025-06-24,15.8500,15.9500,15.5100,15.7350,64207300,SOFI,14.2760,14.4724,13.2736,13.7337,13.2964,13.3748,12.9192,12.5259
2025-06-25,16.0800,16.2850,15.9100,16.0200,68438900,SOFI,14.4105,14.6255,13.3810,13.8257,13.2928,13.4284,12.9633,12.5613
2025-06-26,16.7700,16.8100,16.0600,16.2500,73896800,SOFI,14.5830,14.8297,13.5000,13.9411,13.3027,13.4946,13.0121,12.6031
2025-06-27,17.1800,17.5200,16.8400,16.9200,92297000,SOFI,14.7835,15.0535,13.6248,14.0681,13.3205,13.5676,13.0626,12.6487
2025-06-30,18.2100,18.9200,17.5900,17.7300,149080200,SOFI,15.0290,15.3542,13.7758,14.2306,13.3497,13.6595,13.1184,12.7040
2025-07-01,17.6400,18.4760,17.3500,18.0000,93556500,SOFI,15.2275,15.5719,13.9090,14.3643,13.3712,13.7383,13.1700,12.7531
2025-07-02,18.1200,18.2900,17.5200,17.5250,67100700,SOFI,15.4505,15.8145,14.0576,14.5116,13.4044,13.8251,13.2233,12.8065
2025-07-03,18.5700,18.6400,18.0800,18.3100,44667700,SOFI,15.7060,16.0770,14.2036,14.6707,13.4410,13.9190,13.2775,12.8639
2025-07-07,19.2400,19.2900,18.4000,18.5000,80137800,SOFI,15.9845,16.3782,14.3536,14.8499,13.4821,14.0244,13.3334,12.9273
2025-07-08,19.9500,20.8900,19.6600,19.8000,111492400,SOFI,16.2700,16.7184,14.5064,15.0499,13.5333,14.1417,13.3925,12.9972
2025-07-09,20.2200,20.2500,19.6200,20.1700,64252100,SOFI,16.5760,17.0519,14.6532,15.2527,13.5878,14.2621,13.4531,13.0691
2025-07-10,20.9700,21.3200,20.2400,20.3900,86494100,SOFI,16.9050,17.4250,14.8086,15.4769,13.6456,14.3949,13.5170,13.1477
2025-07-11,21.2000,21.8600,20.7500,20.7700,92365600,SOFI,17.2120,17.7845,14.9672,15.7013,13.6955,14.5297,13.5827,13.2278
2025-07-14,21.3300,21.4400,20.4200,21.3700,67028200,SOFI,17.5335,18.1222,15.1436,15.9220,13.7405,14.6643,13.6498,13.3084
2025-07-15,20.9600,21.6000,20.8600,21.2450,61495400,SOFI,17.8770,18.3925,15.3126,16.1196,13.7883,14.7890,13.7154,13.3846
2025-07-16,21.3900,21.5900,20.7700,20.9700,59992000,SOFI,18.2015,18.6779,15.4864,16.3263,13.8466,14.9197,13.7837,13.4642
2025-07-17,22.0900,22.2000,21.4200,21.5000,49837600,SOFI,18.5845,19.0029,15.6710,16.5523,13.9208,15.0617,13.8554,13.5501
2025-07-18,21.8100,22.7400,21.3500,22.3050,59729100,SOFI,18.9070,19.2702,15.8526,16.7585,13.9953,15.1953,13.9247,13.6322
2025-07-21,21.1600,22.0400,21.0900,21.9500,48699000,SOFI,19.2050,19.4502,16.0156,16.9311,14.0677,15.3134,13.9912,13.7071
2025-07-22,20.9800,21.1000,19.8200,20.7900,63655900,SOFI,19.4860,19.5959,16.1700,17.0899,14.1328,15.4257,14.0579,13.7795
2025-07-23,21.5600,21.6500,20.8600,21.2100,49653700,SOFI,19.7715,19.7830,16.3376,17.2652,14.2077,15.5471,14.1268,13.8569
2025-07-24,21.5100,22.0100,21.3700,21.7500,46110300,SOFI,20.0430,19.9475,16.4870,17.4316,14.2781,15.6652,14.1952,13.9331
2025-07-25,21.2000,21.5800,21.1650,21.5200,40134900,SOFI,20.2645,20.0667,16.6252,17.5794,14.3544,15.7748,14.2592,14.0054
2025-07-28,21.0200,21.2200,20.7700,21.2200,59105900,SOFI,20.4565,20.1575,16.7650,17.7143,14.4337,15.8787,14.3230,14.0752
2025-07-29,22.4000,25.1100,22.2550,23.1100,236127400,SOFI,20.6660,20.3711,16.9416,17.8981,14.5234,16.0078,14.3929,14.1580
2025-07-30,21.8700,21.9800,20.4320,20.8300,183424700,SOFI,20.8775,20.5139,17.1006,18.0539,14.6176,16.1239,14.4593,14.2348
2025-07-31,22.5800,23.8050,22.4850,22.6750,120095300,SOFI,21.1005,20.7106,17.2776,18.2314,14.7175,16.2517,14.5291,14.3178
2025-08-01,21.2300,21.7600,20.6000,21.7000,89388500,SOFI,21.2335,20.7601,17.4368,18.3489,14.8180,16.3503,14.5902,14.3866
2025-08-04,21.8100,21.8400,20.7000,21.5100,59741200,SOFI,21.3620,20.8601,17.6170,18.4847,14.9235,16.4584,14.6490,14.4604
2025-08-05,21.5400,22.1200,21.3200,22.0000,48936500,SOFI,21.4415,20.9248,17.7840,18.6045,15.0197,16.5591,14.7058,14.5309
2025-08-06,21.4600,21.5600,21.0200,21.4700,36720500,SOFI,21.5035,20.9758,17.9514,18.7165,15.1204,16.6561,14.7629,14.5998
2025-08-07,22.0800,22.4300,21.6800,21.7900,53034200,SOFI,21.5590,21.0810,18.1252,18.8484,15.2203,16.7635,14.8240,14.6743
2025-08-08,22.1000,22.5850,21.9500,22.3000,49146100,SOFI,21.6040,21.1780,18.3008,18.9759,15.3181,16.8692,14.8836,14.7481
2025-08-11,22.4200,23.1400,21.7150,22.1000,58462600,SOFI,21.6585,21.2963,18.4858,19.1110,15.4228,16.9791,14.9437,14.8245
2025-08-12,23.6500,23.7300,22.5200,22.6200,56583300,SOFI,21.7930,21.5205,18.6928,19.2890,15.5320,17.1112,15.0090,14.9123
2025-08-13,23.8100,24.5000,23.0900,24.1800,68665800,SOFI,21.9140,21.7385,18.8956,19.4663,15.6437,17.2438,15.0760,15.0008
2025-08-14,23.2900,23.9500,22.7400,23.4200,52370500,SOFI,21.9740,21.8863,19.0882,19.6162,15.7479,17.3636,15.1378,15.0833
2025-08-15,23.7700,23.8600,22.6100,23.2900,44765000,SOFI,22.0720,22.0657,19.2944,19.7791,15.8484,17.4904,15.2017,15.1697
2025-08-18,24.2300,24.2300,23.4100,23.6900,45472900,SOFI,22.2255,22.2718,19.5056,19.9536,15.9553,17.6239,15.2669,15.2599
2025-08-19,22.7500,24.9100,22.6900,24.6100,82575000,SOFI,22.3140,22.3173,19.6758,20.0633,16.0521,17.7254,15.3283,15.3344
2025-08-20,22.5200,22.7200,21.2100,22.4200,87818300,SOFI,22.3620,22.3366,19.8442,20.1596,16.1553,17.8203,15.3848,15.4059
2025-08-21,23.3300,23.3690,22.3100,22.4400,53440700,SOFI,22.4530,22.4313,20.0230,20.2840,16.2701,17.9294,15.4456,15.4848
2025-08-22,25.0200,25.2500,22.9000,23.1600,101606500,SOFI,22.6440,22.6778,20.2222,20.4697,16.4040,18.0698,15.5155,15.5796
2025-08-25,26.1500,26.3800,24.8100,25.1800,90233000,SOFI,22.9005,23.0085,20.4472,20.6925,16.5464,18.2298,15.5917,15.6848
2025-08-26,25.6200,26.6050,25.5000,26.2050,125930100,SOFI,23.0615,23.2572,20.6778,20.8857,16.6795,18.3762,15.6627,15.7837
2025-08-27,24.9600,25.8100,24.8800,25.6150,54456400,SOFI,23.2160,23.4194,20.8790,21.0455,16.8227,18.5066,15.7284,15.8750
2025-08-28,26.0400,26.3300,25.0000,25.0200,68314800,SOFI,23.3890,23.6690,21.1112,21.2413,16.9874,18.6557,15.7991,15.9761
2025-08-29,25.5400,26.4200,25.2100,26.1600,54432500,SOFI,23.6045,23.8472,21.3148,21.4099,17.1442,18.7921,15.8618,16.0713
2025-09-02,24.9100,25.2800,23.7000,24.5000,76177300,SOFI,23.7595,23.9484,21.5090,21.5472,17.2983,18.9132,15.9158,16.1592
2025-09-03,24.4900,25.1100,24.3900,25.0600,48252800,SOFI,23.9070,24.0000,21.6916,21.6626,17.4293,19.0236,15.9691,16.2421
2025-09-04,25.3800,25.5400,24.2410,24.3300,51599700,SOFI,24.1030,24.1314,21.8822,21.8084,17.5779,19.1495,16.0285,16.3331
2025-09-05,25.6000,25.9700,24.1800,25.7700,71312300,SOFI,24.2790,24.2713,22.0726,21.9570,17.7268,19.2772,16.0895,16.4253
2025-09-08,25.9600,26.1000,25.0500,25.8100,55972700,SOFI,24.4720,24.4321,22.2564,22.1140,17.8782,19.4096,16.1512,16.5201
2025-09-09,25.9700,26.1900,25.5500,26.0200,49113000,SOFI,24.6495,24.5786,22.4322,22.2652,18.0285,19.5395,16.2114,16.6142
2025-09-10,25.5200,26.8550,25.3000,26.2900,63942200,SOFI,24.7430,24.6682,22.5784,22.3929,18.1771,19.6579,16.2669,16.7028
2025-09-11,25.9600,26.6000,25.6200,25.7600,54719200,SOFI,24.8505,24.7912,22.7448,22.5328,18.3269,19.7827,16.3233,16.7949
2025-09-12,26.5500,26.6900,25.7700,26.0000,61305200,SOFI,25.0135,24.9587,22.9134,22.6903,18.4855,19.9167,16.3810,16.8920
2025-09-15,27.6700,27.7700,26.9350,27.2500,66929400,SOFI,25.2085,25.2170,23.0954,22.8856,18.6495,20.0702,16.4414,16.9992
2025-09-16,27.4200,27.8800,26.6300,27.7900,67268500,SOFI,25.3680,25.4268,23.2590,23.0634,18.8063,20.2158,16.5000,17.1029
2025-09-17,27.1400,27.4600,26.1300,27.2500,73319900,SOFI,25.5875,25.5899,23.4028,23.2233,18.9546,20.3529,16.5582,17.2028
2025-09-18,28.1100,28.5770,27.0800,27.5900,71508300,SOFI,25.8670,25.8299,23.5606,23.4149,19.1069,20.5065,16.6182,17.3113
2025-09-19,29.5100,29.6300,28.2400,28.2650,74760900,SOFI,26.1760,26.1804,23.7314,23.6539,19.2700,20.6848,16.6837,17.4327
2025-09-22,29.8100,30.3000,28.9700,29.3000,64448300,SOFI,26.4155,26.5261,23.9036,23.8953,19.4354,20.8655,16.7532,17.5558
2025-09-23,29.0900,30.1400,28.8500,29.8050,47417500,SOFI,26.5625,26.7703,24.0588,24.0991,19.6012,21.0283,16.8192,17.6706
2025-09-24,28.4400,29.6700,28.3500,29.5000,46087500,SOFI,26.7035,26.9293,24.2084,24.2693,19.7605,21.1751,16.8798,17.7778
2025-09-25,28.1200,28.6700,27.0600,27.7600,49863500,SOFI,26.8615,27.0427,24.3430,24.4203,19.9147,21.3126,16.9422,17.8807
2025-09-26,27.9800,28.4800,27.5600,28.3700,36585300,SOFI,26.9585,27.1320,24.4608,24.5599,20.0659,21.4447,17.0020,17.9812
2025-09-29,27.5500,28.6300,27.1100,28.3600,60395300,SOFI,27.0590,27.1718,24.5756,24.6772,20.2141,21.5656,17.0619,18.0764
2025-09-30,26.4200,27.6100,25.7000,27.4700,94402900,SOFI,27.1345,27.1002,24.6808,24.7455,20.3482,21.6617,17.1175,18.1594
2025-10-01,25.7600,27.3300,25.6400,26.7300,81148100,SOFI,27.1980,26.9725,24.7764,24.7853,20.4732,21.7428,17.1666,18.2350
2025-10-02,25.9700,26.3500,25.4500,26.3300,65256700,SOFI,27.2275,26.8771,24.8646,24.8317,20.6011,21.8265,17.2170,18.3120
2025-10-03,25.2400,26.1800,24.8400,26.1000,78751700,SOFI,27.2095,26.7212,24.9392,24.8478,20.7131,21.8941,17.2619,18.3809
2025-10-06,26.3600,27.1400,25.3100,25.7700,97325600,SOFI,27.2295,26.6868,25.0424,24.9071,20.8338,21.9826,17.3093,18.4603
2025-10-07,28.1400,28.8400,26.6800,27.1000,121607800,SOFI,27.3380,26.8252,25.1848,25.0338,20.9749,22.1045,17.3667,18.5566
2025-10-08,28.0200,28.7100,27.6450,28.4900,84643200,SOFI,27.4630,26.9390,25.2972,25.1509,21.1194,22.2216,17.4306,18.6508
2025-10-09,28.4500,28.6900,27.7500,28.0400,66863900,SOFI,27.5875,27.0829,25.4288,25.2803,21.2647,22.3450,17.4977,18.7483
2025-10-10,26.1900,29.8000,26.1300,28.5500,106425800,SOFI,27.5695,26.9978,25.5010,25.3160,21.3893,22.4211,17.5519,18.8223
2025-10-13,27.1400,27.4300,26.4700,27.0700,62676100,SOFI,27.5430,27.0114,25.6192,25.3875,21.5280,22.5146,17.6095,18.9051
2025-10-14,27.8700,28.3500,25.7500,26.5100,75502500,SOFI,27.5655,27.0931,25.7404,25.4849,21.6787,22.6206,17.6687,18.9943
2025-10-15,28.0300,29.0900,27.5600,28.2000,67849600,SOFI,27.6100,27.1824,25.8702,25.5847,21.8271,22.7277,17.7259,19.0842
2025-10-16,26.6000,28.4400,26.2500,28.0700,73472500,SOFI,27.5345,27.1269,25.9730,25.6245,21.9622,22.8044,17.7790,19.1590
2025-10-17,26.5400,26.9200,26.0100,26.1000,48123300,SOFI,27.3860,27.0710,26.0622,25.6604,22.0937,22.8784,17.8335,19.2324
2025-10-20,28.6800,28.9300,27.0600,27.2000,71880800,SOFI,27.3295,27.2242,26.1938,25.7788,22.2473,22.9933,17.8999,19.3264
2025-10-21,28.7500,29.0700,28.1500,28.5600,56408100,SOFI,27.3125,27.3696,26.3204,25.8953,22.4031,23.1072,17.9730,19.4202
2025-10-22,27.1900,28.8000,26.3800,28.4900,72894600,SOFI,27.2500,27.3525,26.3912,25.9461,22.5420,23.1881,18.0348,19.4975
2025-10-23,28.0800,28.5950,27.1990,27.3300,51151800,SOFI,27.2480,27.4217,26.4766,26.0298,22.6861,23.2850,18.0987,19.5829
2025-10-24,29.0100,29.8700,28.7000,28.8450,53154700,SOFI,27.2995,27.5730,26.5910,26.1467,22.8396,23.3983,18.1693,19.6767
2025-10-27,30.0000,30.2000,29.2700,30.0000,82986500,SOFI,27.4220,27.8042,26.7156,26.2978,23.0050,23.5291,18.2465,19.7794
2025-10-28,31.6600,31.9800,28.8000,30.9900,183013600,SOFI,27.6840,28.1714,26.8642,26.5081,23.1849,23.6901,18.3341,19.8977
2025-10-29,30.9000,32.5650,30.1400,31.4950,95429700,SOFI,27.9410,28.4312,27.0272,26.6803,23.3515,23.8328,18.4182,20.0071
2025-10-30,29.0300,30.9150,28.9800,30.4350,70598700,SOFI,28.0940,28.4883,27.1574,26.7724,23.5008,23.9358,18.4909,20.0969
2025-10-31,29.6800,29.8600,28.4900,29.6900,66924000,SOFI,28.3160,28.6018,27.2844,26.8865,23.6537,24.0495,18.5617,20.1923
2025-11-03,30.6300,31.2200,29.3300,29.6600,90431700,SOFI,28.5295,28.7949,27.3966,27.0333,23.8094,24.1798,18.6334,20.2961
2025-11-04,29.3700,30.7900,28.6900,29.2950,71481000,SOFI,28.5910,28.8497,27.4610,27.1249,23.9541,24.2826,18.6977,20.3864
2025-11-05,30.0700,30.3700,29.0100,29.5200,57853300,SOFI,28.6935,28.9659,27.5500,27.2404,24.1139,24.3972,18.7586,20.4828
2025-11-06,27.1600,30.8590,27.1300,30.1250,88016900,SOFI,28.6290,28.7939,27.5940,27.2372,24.2365,24.4519,18.8064,20.5492
2025-11-07,28.2100,28.2400,25.6600,26.5250,78769400,SOFI,28.7300,28.7383,27.6374,27.2754,24.3743,24.5263,18.8573,20.6254
2025-11-10,30.5400,30.9700,28.8400,29.0600,93548100,SOFI,28.9000,28.9099,27.7374,27.4034,24.5261,24.6454,18.9204,20.7241
2025-11-11,30.9500,30.9900,29.8560,30.2450,64599400,SOFI,29.0540,29.1042,27.8582,27.5425,24.6836,24.7702,18.9948,20.8258
2025-11-12,32.2100,32.7300,30.9600,31.1800,102911700,SOFI,29.2630,29.4000,28.0126,27.7255,24.8521,24.9176,19.0750,20.9391
2025-11-13,28.3900,31.7500,28.1500,31.7300,117242200,SOFI,29.3525,29.3038,28.0728,27.7516,24.9775,24.9863,19.1370,21.0133
2025-11-14,27.8200,29.0700,26.5300,27.0000,87118500,SOFI,29.4165,29.1625,28.1172,27.7543,25.0949,25.0424,19.1938,21.0810
2025-11-17,27.0400,27.9500,26.5500,27.7100,75957500,SOFI,29.3345,28.9603,28.1388,27.7263,25.1976,25.0820,19.2502,21.1403
2025-11-18,26.2400,27.0000,25.7100,26.5100,66837600,SOFI,29.2090,28.7013,28.1442,27.6680,25.2882,25.1049,19.3044,21.1910
2025-11-19,26.7200,26.8500,25.5600,26.4750,63026400,SOFI,29.1855,28.5126,28.1682,27.6308,25.3733,25.1369,19.3615,21.2460
2025-11-20,24.9100,28.5750,24.7450,27.8800,98241000,SOFI,29.0270,28.1695,28.1472,27.5241,25.4460,25.1324,19.4086,21.2825
2025-11-21,25.1900,25.4450,23.5200,24.6300,90228900,SOFI,28.8360,27.8857,28.1200,27.4326,25.5167,25.1336,19.4606,21.3214
2025-11-24,27.4000,27.6100,25.6550,25.8300,63707200,SOFI,28.7060,27.8395,28.1146,27.4313,25.6050,25.1784,19.5230,21.3819
2025-11-25,28.3300,28.4500,26.6300,26.9800,56810400,SOFI,28.5395,27.8862,28.1328,27.4665,25.6959,25.2408,19.5890,21.4510
2025-11-26,28.4900,29.2500,28.3100,28.7100,56355000,SOFI,28.4190,27.9437,28.1598,27.5067,25.7813,25.3052,19.6573,21.5210
2025-11-28,29.7200,29.7500,28.4550,28.7900,26903900,SOFI,28.4535,28.1129,28.1920,27.5935,25.8763,25.3926,19.7320,21.6026
2025-12-01,29.0300,29.7000,28.6700,28.8300,47130600,SOFI,28.4210,28.2002,28.1824,27.6498,25.9569,25.4646,19.8012,21.6765
2025-12-02,29.5100,30.4200,29.3150,29.3900,59744800,SOFI,28.3650,28.3249,28.1764,27.7228,26.0400,25.5447,19.8678,21.7545
2025-12-03,29.0700,29.9300,29.0200,29.4250,52091100,SOFI,28.3500,28.3959,28.1760,27.7756,26.1174,25.6145,19.9290,21.8273
2025-12-04,29.6000,29.7000,28.4800,29.0350,63446300,SOFI,28.3265,28.5106,28.1992,27.8471,26.2038,25.6935,19.9961,21.9046
2025-12-05,27.7800,27.9300,26.9300,27.3650,138363300,SOFI,28.3575,28.4410,28.1924,27.8445,26.2677,25.7348,20.0572,21.9631
2025-12-08,27.6100,27.8300,27.0500,27.7300,65462200,SOFI,28.3275,28.3619,28.1850,27.8353,26.3229,25.7719,20.1219,22.0192
2025-12-09,26.8300,27.4500,26.5500,27.2400,57832100,SOFI,28.1420,28.2160,28.1706,27.7959,26.3731,25.7929,20.1842,22.0671
2025-12-10,27.0900,27.6800,26.4800,26.6500,61267500,SOFI,27.9490,28.1087,28.1840,27.7682,26.4324,25.8185,20.2501,22.1171
2025-12-11,27.0700,27.2800,26.5550,26.8400,42165600,SOFI,27.6920,28.0098,28.2102,27.7408,26.4933,25.8433,20.3131,22.1664
2025-12-12,27.2800,27.5000,26.2000,27.1450,55003200,SOFI,27.6365,27.9403,28.2364,27.7227,26.5505,25.8718,20.3791,22.2173
2025-12-15,25.8200,27.4800,25.7900,27.4350,50190000,SOFI,27.5365,27.7384,28.2480,27.6481,26.5936,25.8708,20.4359,22.2531
2025-12-16,26.5800,26.7400,25.7200,25.7400,44364700,SOFI,27.5135,27.6280,28.2524,27.6062,26.6474,25.8848,20.5009,22.2962
2025-12-17,25.2700,26.8350,25.1700,26.6400,49987000,SOFI,27.4650,27.4035,28.1950,27.5146,26.6899,25.8726,20.5618,22.3257
2025-12-18,26.2900,26.7150,25.9500,26.1800,45162700,SOFI,27.4435,27.2974,28.1604,27.4666,26.7288,25.8809,20.6261,22.3652
2025-12-19,27.2400,27.3700,26.2800,26.6200,43950600,SOFI,27.5600,27.2920,28.1362,27.4577,26.7825,25.9078,20.7001,22.4137
2025-12-22,27.3500,27.6200,27.1000,27.5950,36160700,SOFI,27.6680,27.2975,28.1594,27.4535,26.8302,25.9364,20.7739,22.4628
2025-12-23,27.1900,27.3400,26.8250,27.0700,26377300,SOFI,27.6575,27.2872,28.1604,27.4432,26.8898,25.9612,20.8539,22.5099
2025-12-24,27.4800,27.5400,27.0300,27.1700,14424700,SOFI,27.6150,27.3056,28.1526,27.4446,26.9465,25.9913,20.9350,22.5593
2025-12-26,27.0700,27.5500,27.0300,27.5400,24735600,SOFI,27.5440,27.2832,28.1334,27.4299,27.0018,26.0126,21.0108,22.6042
2025-12-29,26.8200,27.4100,26.7400,26.8700,26021100,SOFI,27.3990,27.2391,28.1378,27.4060,27.0554,26.0286,21.0879,22.6461
2025-12-30,26.5600,27.1400,26.5400,27.0300,28429400,SOFI,27.2755,27.1744,28.1382,27.3728,27.1002,26.0391,21.1603,22.6851
2025-12-31,26.1800,26.9000,26.0600,26.6800,34070300,SOFI,27.1090,27.0797,28.0882,27.3260,27.1410,26.0419,21.2296,22.7199
2026-01-02,27.4600,27.5050,25.7900,26.6600,55065600,SOFI,27.0285,27.1159,28.0624,27.3313,27.1914,26.0700,21.3071,22.7670
2026-01-05,29.2800,29.8600,27.6000,27.8100,73826300,SOFI,27.0125,27.3220,28.1042,27.4077,27.2477,26.1336,21.3899,22.8318
2026-01-06,26.9800,29.3000,26.0300,29.2300,120271300,SOFI,26.9725,27.2894,28.0822,27.3909,27.2794,26.1503,21.4616,22.8731
2026-01-07,27.0000,27.1800,26.3650,26.8650,43444900,SOFI,26.9420,27.2619,28.0420,27.3756,27.3165,26.1672,21.5322,22.9142
2026-01-08,27.7200,28.0550,26.5700,27.0000,50496100,SOFI,26.9865,27.3055,27.9964,27.3891,27.3560,26.1979,21.6022,22.9620
2026-01-09,27.4000,28.3750,27.2300,27.8050,43777000,SOFI,27.0020,27.3145,27.9112,27.3895,27.3877,26.2217,21.6715,23.0061
2026-01-12,26.6000,27.3160,26.2000,27.2900,49134000,SOFI,26.9785,27.2465,27.8252,27.3586,27.4262,26.2292,21.7392,23.0419
2026-01-13,27.1400,27.2000,26.2200,26.7000,45562900,SOFI,26.9715,27.2363,27.7874,27.3500,27.4724,26.2472,21.8139,23.0827
2026-01-14,26.6700,27.0850,25.9200,27.0000,40864200,SOFI,27.0140,27.1824,27.7272,27.3233,27.5058,26.2556,21.8880,23.1184
2026-01-15,26.4400,27.3300,26.2100,26.8100,47958300,SOFI,27.0070,27.1117,27.6434,27.2887,27.5200,26.2593,21.9620,23.1514
2026-01-16,26.1300,26.7800,26.0100,26.5400,40832300,SOFI,27.0500,27.0182,27.5786,27.2433,27.5198,26.2567,22.0331,23.1811
2026-01-20,25.4900,26.3400,25.2100,25.4400,37001100,SOFI,27.0100,26.8726,27.4870,27.1745,27.5185,26.2415,22.0990,23.2040
2026-01-21,25.6400,26.0500,24.9500,25.5000,50248300,SOFI,26.9300,26.7552,27.4566,27.1143,27.5253,26.2296,22.1740,23.2283
2026-01-22,26.0900,26.3900,26.0000,26.1800,35356300,SOFI,26.8670,26.6919,27.4142,27.0742,27.5258,26.2268,22.2566,23.2568
2026-01-23,25.8500,26.1300,25.6000,26.0000,34264200,SOFI,26.8000,26.6117,27.3204,27.0262,27.5289,26.2194,22.3365,23.2826
2026-01-26,25.8000,26.4000,25.7700,25.9000,36320300,SOFI,26.7160,26.5344,27.2174,26.9781,27.5378,26.2111,22.4180,23.3076
2026-01-27,25.4600,25.9300,25.2100,25.9000,38768100,SOFI,26.6355,26.4321,27.0824,26.9185,27.5475,26.1962,22.4884,23.3290
2026-01-28,24.6000,25.7900,24.5700,25.5000,48776100,SOFI,26.5245,26.2576,27.0066,26.8276,27.5397,26.1646,22.5588,23.3417
2026-01-29,24.3600,25.1200,24.0500,24.8650,67935300,SOFI,26.4145,26.0769,26.9374,26.7308,27.5273,26.1289,22.6270,23.3518
2026-01-30,22.8100,25.4700,22.3100,25.4300,131667900,SOFI,26.2460,25.7657,26.8528,26.5771,27.4958,26.0631,22.6870,23.3464
2026-02-02,22.0800,23.0000,21.8600,22.5100,64063800,SOFI,25.9770,25.4147,26.7696,26.4007,27.4569,25.9843,22.7427,23.3338
2026-02-03,21.7600,23.3600,21.0200,23.0500,92380200,SOFI,25.6010,25.0667,26.6704,26.2187,27.4193,25.9006,22.7982,23.3182
2026-02-04,20.7500,21.7650,20.0700,21.4900,85930900,SOFI,25.2895,24.6555,26.5872,26.0043,27.3672,25.7986,22.8470,23.2926
2026-02-05,19.4600,20.4000,19.1940,20.2300,87454700,SOFI,24.9125,24.1607,26.4726,25.7476,27.2963,25.6731,22.8909,23.2545
2026-02-06,20.8600,21.1600,20.0400,20.2900,67020900,SOFI,24.5695,23.8464,26.3418,25.5560,27.2282,25.5778,22.9388,23.2306
2026-02-09,21.3500,21.5900,20.8000,21.2900,64079400,SOFI,24.2670,23.6086,26.2022,25.3910,27.1675,25.4941,22.9869,23.2119
2026-02-10,21.1800,22.0000,21.0500,21.0900,55796600,SOFI,23.9960,23.3773,26.0560,25.2259,27.1079,25.4086,23.0312,23.1917
2026-02-11,20.5500,21.1000,20.1400,21.1000,52565000,SOFI,23.6665,23.1081,25.8726,25.0425,27.0323,25.3124,23.0696,23.1654
2026-02-12,19.3000,20.7900,19.0400,20.7900,63515100,SOFI,23.2980,22.7454,25.6780,24.8173,26.9302,25.1934,23.1001,23.1270
2026-02-13,19.6100,19.8700,19.1500,19.2800,43139300,SOFI,22.9565,22.4468,25.4800,24.6131,26.8282,25.0828,23.1318,23.0920
2026-02-17,19.5100,19.8400,19.1100,19.4100,49681800,SOFI,22.6255,22.1671,25.2888,24.4130,26.7324,24.9725,23.1668,23.0563
2026-02-18,19.5400,20.0100,19.2250,19.4700,59588800,SOFI,22.3280,21.9169,25.0876,24.2219,26.6434,24.8649,23.2019,23.0213
2026-02-19,19.3000,19.4800,18.9700,19.3300,53391100,SOFI,22.0110,21.6677,24.9180,24.0289,26.5552,24.7547,23.2349,22.9843
2026-02-20,19.0200,19.1900,18.5150,19.0850,68549800,SOFI,21.6575,21.4155,24.7462,23.8325,26.4656,24.6411,23.2657,22.9449
2026-02-23,18.2200,18.7550,17.5800,18.7300,82932900,SOFI,21.2760,21.1112,24.5740,23.6124,26.3723,24.5140,23.2932,22.8978
2026-02-24,18.6600,18.7100,17.8900,18.0000,62839300,SOFI,20.9190,20.8777,24.4054,23.4181,26.2947,24.3981,23.3214,22.8557
2026-02-25,19.2900,19.6200,18.9300,19.2800,67462500,SOFI,20.6105,20.7265,24.2498,23.2563,26.2300,24.2969,23.3516,22.8202
2026-02-26,19.1000,19.5600,18.9700,19.1900,69888000,SOFI,20.3355,20.5716,24.0862,23.0933,26.1613,24.1940,23.3812,22.7832
2026-02-27,17.7600,18.2100,17.3100,18.1600,115602700,SOFI,20.0055,20.3038,23.9250,22.8841,26.0865,24.0666,23.3998,22.7332
2026-03-02,18.3900,18.4100,16.8000,17.1450,74612700,SOFI,19.7845,20.1216,23.7612,22.7079,26.0068,23.9542,23.4203,22.6900
2026-03-03,18.6100,19.0400,17.6900,18.0000,71879300,SOFI,19.6110,19.9776,23.6280,22.5472,25.9115,23.8484,23.4432,22.6494
2026-03-04,18.7000,19.2800,18.6100,19.0600,62745900,SOFI,19.4580,19.8559,23.4762,22.3963,25.8183,23.7464,23.4689,22.6101
2026-03-05,19.2500,19.4800,18.6400,18.6500,68834400,SOFI,19.3830,19.7982,23.3164,22.2729,25.7263,23.6574,23.4955,22.5767
2026-03-06,18.9000,19.2450,18.1200,18.4850,76383800,SOFI,19.3550,19.7127,23.1474,22.1407,25.6534,23.5632,23.5214,22.5401
2026-03-09,18.7900,18.9450,17.7700,18.3300,75562800,SOFI,19.2515,19.6248,22.9794,22.0093,25.5699,23.4687,23.5490,22.5028
2026-03-10,18.2900,19.0250,18.0400,18.9200,62077100,SOFI,19.0985,19.4977,22.7956,21.8634,25.4741,23.3661,23.5764,22.4608
2026-03-11,18.5300,18.8500,17.9700,18.3900,59435000,SOFI,18.9660,19.4055,22.6248,21.7327,25.3791,23.2703,23.6031,22.4217
2026-03-12,17.7000,18.5500,17.6200,18.2200,63114900,SOFI,18.8235,19.2431,22.4424,21.5745,25.2901,23.1600,23.6262,22.3747
2026-03-13,17.7600,18.1500,17.5300,17.8000,56401700,SOFI,18.7465,19.1018,22.2664,21.4249,25.2023,23.0531,23.6480,22.3288
2026-03-16,17.6300,18.0700,17.4700,18.0000,66832200,SOFI,18.6475,18.9617,22.0954,21.2761,25.0918,22.9457,23.6696,22.2821
2026-03-17,17.3700,18.2550,16.4800,17.7200,160394800,SOFI,18.5405,18.8101,21.8936,21.1229,24.9780,22.8353,23.6906,22.2332
2026-03-18,17.1800,18.0300,17.1600,17.4300,80507500,SOFI,18.4225,18.6548,21.6516,20.9683,24.8779,22.7233,23.7100,22.1829
2026-03-19,17.0800,17.2950,16.5800,16.7500,72088500,SOFI,18.3115,18.5048,21.4536,20.8158,24.7679,22.6116,23.7270,22.1321
2026-03-20,16.9000,17.4080,16.6700,16.9150,78470700,SOFI,18.2055,18.3520,21.2516,20.6623,24.6468,22.4985,23.7432,22.0801
2026-03-23,17.1500,17.4100,16.8400,17.1550,71455700,SOFI,18.1520,18.2375,21.0402,20.5245,24.5183,22.3926,23.7617,22.0310
2026-03-24,16.7000,17.0700,16.4900,16.9950,55320700,SOFI,18.0540,18.0911,20.8262,20.3746,24.3687,22.2798,23.7768,21.9780
2026-03-25,16.5600,17.3400,16.5200,17.0400,45542800,SOFI,17.9175,17.9453,20.6254,20.2250,24.2253,22.1666,23.7884,21.9241
2026-03-26,15.8700,16.4900,15.8050,16.2750,59196200,SOFI,17.7560,17.7476,20.4000,20.0542,24.0937,22.0419,23.7973,21.8638
2026-03-27,15.2300,15.6900,15.1500,15.6700,54978600,SOFI,17.6295,17.5079,20.1712,19.8650,23.9492,21.9070,23.8015,21.7978
2026-03-30,15.1500,15.5650,14.9350,15.4300,61936600,SOFI,17.4675,17.2833,19.9454,19.6801,23.7944,21.7732,23.8019,21.7317
2026-03-31,15.8800,16.0250,15.3100,15.4500,51654300,SOFI,17.3310,17.1497,19.7404,19.5311,23.6595,21.6565,23.8068,21.6734
2026-04-01,15.6300,16.3200,15.4400,16.2750,57772600,SOFI,17.1775,17.0049,19.5432,19.3781,23.5151,21.5372,23.8145,21.6133
2026-04-02,15.8500,15.8900,14.9300,15.1900,53233600,SOFI,17.0075,16.8949,19.3474,19.2397,23.4020,21.4246,23.8193,21.5560
2026-04-06,16.2700,16.4250,15.8800,15.8900,42632700,SOFI,16.8760,16.8354,19.1510,19.1233,23.2826,21.3225,23.8285,21.5034
2026-04-07,16.1100,16.3550,15.9100,16.1600,41359100,SOFI,16.7420,16.7663,18.9562,19.0051,23.1383,21.2193,23.8322,21.4497
2026-04-08,16.4900,17.8500,16.2600,17.6800,64323300,SOFI,16.6520,16.7400,18.7700,18.9065,22.9937,21.1256,23.8387,21.4004
2026-04-09,16.2700,16.4700,15.9150,16.3900,43999800,SOFI,16.5390,16.6952,18.5862,18.8031,22.8343,21.0295,23.8432,21.3493
2026-04-10,16.2200,16.4900,16.0950,16.3000,31786000,SOFI,16.4650,16.6500,18.4186,18.7018,22.7126,20.9342,23.8451,21.2983
2026-04-13,17.0500,17.0600,15.9600,16.0000,50542200,SOFI,16.4295,16.6881,18.2724,18.6370,22.6049,20.8573,23.8499,21.2560
2026-04-14,17.9100,18.0750,17.4000,17.5300,57502600,SOFI,16.4435,16.8045,18.1744,18.6085,22.5136,20.7989,23.8556,21.2227
2026-04-15,18.7900,18.8200,18.1700,18.4700,71398000,SOFI,16.5145,16.9936,18.1086,18.6156,22.4391,20.7592,23.8637,21.1985
2026-04-16,19.0300,19.6200,18.6500,19.6200,72544300,SOFI,16.6070,17.1875,18.0540,18.6319,22.3622,20.7249,23.8678,21.1769
2026-04-17,19.4300,20.1300,19.3900,19.6000,73610400,SOFI,16.7245,17.4011,18.0276,18.6632,22.3074,20.6993,23.8767,21.1595
2026-04-20,19.5000,19.6450,19.0900,19.2600,52582100,SOFI,16.8545,17.6010,18.0284,18.6960,22.2505,20.6755,23.8836,21.1430
2026-04-21,18.8300,19.7700,18.6900,19.5100,65672700,SOFI,16.9385,17.7180,17.9878,18.7012,22.1648,20.6390,23.8849,21.1200
2026-04-22,19.0600,19.4480,18.9100,19.2900,45964800,SOFI,17.0565,17.8458,17.9420,18.7153,22.0721,20.6077,23.8840,21.0995
2026-04-23,18.3200,18.9000,17.9300,18.7700,51760700,SOFI,17.1445,17.8910,17.8848,18.6998,21.9704,20.5624,23.8759,21.0719
2026-04-24,18.4400,18.5750,18.1670,18.4400,41206300,SOFI,17.2730,17.9433,17.8426,18.6896,21.8576,20.5204,23.8670,21.0457
2026-04-27,18.7600,19.1700,18.3900,18.4800,47554300,SOFI,17.4495,18.0211,17.8318,18.6924,21.7549,20.4855,23.8559,21.0229
2026-04-28,18.3600,18.8700,18.2700,18.3950,67972700,SOFI,17.6100,18.0533,17.8068,18.6793,21.6434,20.4434,23.8417,20.9964
2026-04-29,15.5250,16.5900,15.5000,16.5500,200480800,SOFI,17.5923,17.8125,17.7271,18.5556,21.5080,20.3460,23.8127,20.9420
2026-04-30,16.1000,16.3700,15.5400,15.7700,94742400,SOFI,17.6158,17.6494,17.6583,18.4593,21.3730,20.2620,23.7884,20.8938
2026-05-01,16.4300,16.7950,15.8750,16.2350,79288500,SOFI,17.6448,17.5333,17.6009,18.3798,21.2595,20.1861,23.7636,20.8494
2026-05-04,16.2000,16.7800,16.1300,16.4700,66311900,SOFI,17.6413,17.4063,17.5445,18.2943,21.1454,20.1072,23.7341,20.8031
2026-05-05,16.0200,16.3100,15.9400,16.1700,53952900,SOFI,17.6368,17.2743,17.5005,18.2051,21.0373,20.0262,23.7052,20.7555
2026-05-06,16.3000,16.5050,15.9900,16.2000,55998000,SOFI,17.6273,17.1815,17.4533,18.1304,20.9294,19.9524,23.6809,20.7112
2026-05-07,16.0000,16.4600,15.8300,16.2600,58428800,SOFI,17.6138,17.0690,17.3875,18.0468,20.8187,19.8742,23.6560,20.6643
2026-05-08,15.7500,16.0500,15.5200,16.0300,55866400,SOFI,17.5903,16.9434,17.3205,17.9568,20.7034,19.7925,23.6269,20.6154
2026-05-11,16.2600,16.3200,15.7700,15.8000,70912400,SOFI,17.5508,16.8783,17.2905,17.8902,20.6078,19.7226,23.6007,20.5721
2026-05-12,15.9000,16.3300,15.5500,16.0700,62891600,SOFI,17.4503,16.7851,17.2407,17.8122,20.5010,19.6469,23.5742,20.5256
2026-05-13,15.3100,15.7100,15.2150,15.7100,59964500,SOFI,17.2763,16.6446,17.1747,17.7141,20.4014,19.5610,23.5456,20.4737
2026-05-14,16.0200,16.0650,15.2300,15.3100,68804300,SOFI,17.1258,16.5851,17.1211,17.6476,20.2987,19.4909,23.5137,20.4294
2026-05-15,15.6100,15.8400,15.3800,15.7000,50125000,SOFI,16.9348,16.4923,17.0483,17.5677,20.1824,19.4140,23.4824,20.3814
2026-05-18,15.7100,16.3200,15.3400,15.4800,66933500,SOFI,16.7453,16.4178,16.9845,17.4949,20.0660,19.3407,23.4481,20.3350
2026-05-19,15.2300,15.6400,14.9200,15.6050,63763200,SOFI,16.5653,16.3046,16.9133,17.4060,19.9464,19.2593,23.4181,20.2842
2026-05-20,15.6900,15.7200,15.0300,15.3650,44624100,SOFI,16.3968,16.2461,16.8613,17.3387,19.8285,19.1886,23.3875,20.2384
2026-05-21,15.6500,15.7850,15.3500,15.6200,48956400,SOFI,16.2633,16.1893,16.8037,17.2725,19.7143,19.1185,23.3580,20.1928
2026-05-22,15.6200,15.9300,15.3600,15.7000,58168200,SOFI,16.1223,16.1351,16.7621,17.2077,19.6023,19.0492,23.3288,20.1473
2026-05-26,15.9800,16.9500,15.8600,16.4800,80583400,SOFI,15.9832,16.1203,16.7265,17.1596,19.4965,18.9885,23.2983,20.1058
2026-05-27,16.1700,16.6900,16.0100,16.0500,66232300,SOFI,15.8737,16.1251,16.6973,17.1208,19.3964,18.9327,23.2687,20.0667
2026-05-28,16.9700,17.0800,15.8200,16.0200,69767900,SOFI,15.9460,16.2055,16.6893,17.1149,19.2915,18.8938,23.2414,20.0358
2026-05-29,18.2200,18.5900,17.6800,18.2600,150700700,SOFI,16.0520,16.3974,16.7101,17.1582,19.1809,18.8804,23.2143,20.0178
2026-06-01,18.5800,18.7950,17.6900,18.1500,96709700,SOFI,16.1595,16.6053,16.7401,17.2139,19.0969,18.8745,23.1881,20.0035
2026-06-02,17.7400,18.2300,17.4600,18.0300,77220100,SOFI,16.2365,16.7133,16.7569,17.2346,19.0043,18.8520,23.1604,19.9810
2026-06-03,16.6800,17.4650,16.5800,17.3800,74026300,SOFI,16.2695,16.7102,16.7475,17.2128,18.8939,18.8090,23.1249,19.9481
2026-06-04,17.1500,17.2300,16.5850,16.6600,61361000,SOFI,16.3120,16.7520,16.7565,17.2104,18.7914,18.7762,23.0895,19.9203
2026-06-05,16.0300,16.9900,15.6800,16.7300,81749100,SOFI,16.3135,16.6833,16.7459,17.1641,18.6857,18.7218,23.0559,19.8816
2026-06-08,16.5000,16.6600,15.9550,16.1800,79276100,SOFI,16.3510,16.6658,16.7585,17.1380,18.5793,18.6778,23.0258,19.8479
2026-06-09,16.4700,17.1000,15.6510,16.4000,79913900,SOFI,16.3615,16.6472,16.7833,17.1118,18.4773,18.6341,22.9915,19.8143
2026-06-10,15.8700,16.7200,15.8300,16.2050,86446300,SOFI,16.3600,16.5732,16.7977,17.0631,18.3716,18.5793,22.9458,19.7750
2026-06-11,16.6700,16.6900,15.6550,15.8200,68062000,SOFI,16.4280,16.5824,16.8135,17.0477,18.2770,18.5415,22.8984,19.7442
2026-06-12,16.5800,16.9050,16.2300,16.8200,50311700,SOFI,16.4560,16.5822,16.8325,17.0294,18.1879,18.5027,22.8532,19.7127
2026-06-15,17.1300,17.4300,17.0100,17.2800,76628800,SOFI,16.5320,16.6343,16.8581,17.0333,18.1028,18.4755,22.8140,19.6870
2026-06-16,17.7100,18.0800,17.1120,17.2000,106005600,SOFI,16.6320,16.7368,16.8869,17.0599,18.0190,18.4603,22.7724,19.6673
2026-06-17,17.4200,18.7000,17.3600,17.8100,122836000,SOFI,16.7415,16.8018,16.9131,17.0740,17.9347,18.4397,22.7318,19.6449
2026-06-18,17.9100,17.9900,17.2650,17.8250,80961100,SOFI,16.8525,16.9074,16.9415,17.1068,17.8558,18.4293,22.6968,19.6277
2026-06-22,17.1000,18.0600,17.0700,17.5900,75634800,SOFI,16.9250,16.9257,16.9581,17.1065,17.7722,18.4029,22.6598,19.6025
2026-06-23,17.2900,17.6800,16.7200,16.7350,89307200,SOFI,17.0085,16.9604,16.9795,17.1137,17.6991,18.3809,22.6194,19.5795
2026-06-24,17.3100,18.4300,17.1800,17.2200,119994800,SOFI,17.0750,16.9937,16.9847,17.1214,17.6286,18.3597,22.5779,19.5569
2026-06-25,17.3000,17.5750,16.8200,17.4000,88508100,SOFI,17.1315,17.0229,16.9725,17.1284,17.5735,18.3387,22.5346,19.5345
2026-06-26,17.8800,17.9700,16.9900,17.0000,90629000,SOFI,17.1770,17.1045,16.9543,17.1579,17.5315,18.3296,22.4942,19.5180
2026-06-29,18.1900,18.3000,17.5000,18.1900,76797600,SOFI,17.1755,17.2079,16.9375,17.1984,17.4958,18.3269,22.4575,19.5048
2026-06-30,17.9300,18.2400,17.7150,18.1000,74330600,SOFI,17.1430,17.2767,16.9075,17.2270,17.4676,18.3190,22.4174,19.4891
2026-07-01,18.4400,18.8300,17.9600,18.1400,81179900,SOFI,17.1780,17.3875,16.8863,17.2746,17.4574,18.3214,22.3768,19.4787
2026-07-02,18.2400,19.1900,17.7650,18.7000,81161600,SOFI,17.2560,17.4687,16.8745,17.3125,17.4312,18.3198,22.3297,19.4664
2026-07-06,18.6100,19.1200,18.3100,18.3500,80885300,SOFI,17.3290,17.5774,16.8655,17.3634,17.4038,18.3255,22.2856,19.4578
2026-07-07,17.7500,18.7500,17.7000,18.6000,77716400,SOFI,17.4150,17.5938,16.8541,17.3785,17.3695,18.3141,22.2387,19.4408
2026-07-08,17.7300,17.7500,17.0800,17.3400,90231100,SOFI,17.4765,17.6068,16.8399,17.3923,17.3413,18.3026,22.1868,19.4238
2026-07-09,18.6200,18.6300,17.7100,17.7500,70443100,SOFI,17.5840,17.7033,16.8371,17.4404,17.3345,18.3089,22.1323,19.4158
2026-07-10,18.7800,19.7400,18.6200,19.1050,91658700,SOFI,17.7295,17.8058,16.8455,17.4930,17.3262,18.3182,22.0772,19.4095
2026-07-13,18.1300,19.2400,18.0450,18.9950,97671600,SOFI,17.8025,17.8367,16.8976,17.5180,17.3124,18.3145,22.0224,19.3968
2026-07-14,18.5500,18.8400,18.1400,18.2100,89343000,SOFI,17.9010,17.9046,16.9466,17.5584,17.3025,18.3191,21.9729,19.3883
2026-07-15,17.8700,18.9800,17.7600,18.7900,71186629,SOFI,17.9380,17.9013,16.9754,17.5706,17.2882,18.3102,21.9217,19.3732
