Date,Close,High,Low,Open,Volume,Ticker,SMA_20,EMA_20,SMA_50,EMA_50,SMA_100,EMA_100,SMA_200,EMA_200
2021-09-07,40.9500,41.0800,40.3100,40.4900,15708600,UBER,,40.9500,,40.9500,,40.9500,,40.9500
2021-09-08,40.0700,41.3400,39.8300,40.8500,16219900,UBER,,40.8662,,40.9155,,40.9326,,40.9412
2021-09-09,40.3500,40.9500,39.8400,40.1000,14260300,UBER,,40.8170,,40.8933,,40.9210,,40.9354
2021-09-10,39.8900,40.8300,39.8650,40.6200,14230600,UBER,,40.7287,,40.8540,,40.9006,,40.9250
2021-09-13,40.0700,41.1900,39.2600,40.2600,28868800,UBER,,40.6660,,40.8232,,40.8842,,40.9165
2021-09-14,39.0100,40.1000,38.5500,39.9000,36717300,UBER,,40.5083,,40.7521,,40.8471,,40.8975
2021-09-15,38.4800,39.0000,38.0800,39.0000,30368800,UBER,,40.3151,,40.6630,,40.8002,,40.8734
2021-09-16,39.5200,39.6700,38.0900,38.3000,25374000,UBER,,40.2394,,40.6182,,40.7748,,40.8600
2021-09-17,39.7500,40.2250,39.2900,39.9000,32165000,UBER,,40.1928,,40.5841,,40.7545,,40.8489
2021-09-20,39.7900,40.2200,38.7300,38.8800,35417600,UBER,,40.1544,,40.5530,,40.7354,,40.8384
2021-09-21,44.3600,45.0000,42.1800,42.3400,106631700,UBER,,40.5550,,40.7023,,40.8072,,40.8734
2021-09-22,44.8700,46.6200,44.6100,44.9000,56455100,UBER,,40.9659,,40.8657,,40.8877,,40.9132
2021-09-23,45.4800,45.8400,44.7100,45.3500,26232800,UBER,,41.3958,,41.0467,,40.9786,,40.9586
2021-09-24,46.6300,47.0450,45.2910,45.4600,29458300,UBER,,41.8943,,41.2656,,41.0905,,41.0151
2021-09-27,47.2500,47.4300,46.1900,46.7700,23034800,UBER,,42.4044,,41.5003,,41.2125,,41.0771
2021-09-28,45.9800,47.0000,45.7600,46.7000,23707900,UBER,,42.7449,,41.6760,,41.3069,,41.1259
2021-09-29,44.5200,46.5300,44.3000,46.0000,24599500,UBER,,42.9140,,41.7875,,41.3705,,41.1597
2021-09-30,44.8000,45.3650,43.8600,44.7100,16650600,UBER,,43.0936,,41.9057,,41.4384,,41.1959
2021-10-01,47.0500,47.2500,45.7900,45.9150,25428300,UBER,,43.4704,,42.1074,,41.5495,,41.2541
2021-10-04,45.7200,46.8300,45.2000,46.4700,21588200,UBER,42.7270,43.6846,,42.2491,,41.6321,,41.2986
2021-10-05,45.6100,46.0800,45.3450,45.9100,12433900,UBER,42.9600,43.8680,,42.3809,,41.7109,,41.3415
2021-10-06,47.0100,47.1800,45.0000,45.3300,24868700,UBER,43.3070,44.1672,,42.5624,,41.8158,,41.3979
2021-10-07,47.9100,48.2380,46.8900,47.6400,25961600,UBER,43.6850,44.5237,,42.7721,,41.9365,,41.4627
2021-10-08,47.7700,48.8800,47.6050,48.0800,17980400,UBER,44.0790,44.8329,,42.9681,,42.0520,,41.5254
2021-10-11,46.2900,47.8700,46.2800,47.7000,16336800,UBER,44.3900,44.9716,,43.0984,,42.1359,,41.5728
2021-10-12,46.7200,47.0500,46.1550,46.3300,12404200,UBER,44.7755,45.1382,,43.2404,,42.2267,,41.6241
2021-10-13,46.4100,47.0000,45.9400,46.2600,13754400,UBER,45.1720,45.2593,,43.3647,,42.3096,,41.6717
2021-10-14,47.2800,47.9400,46.8400,46.9800,18514000,UBER,45.5600,45.4517,,43.5182,,42.4080,,41.7275
2021-10-15,48.3600,48.8400,47.3400,47.9100,20581700,UBER,45.9905,45.7287,,43.7081,,42.5258,,41.7935
2021-10-18,47.0700,47.9500,46.7500,47.6800,19806700,UBER,46.3545,45.8565,,43.8400,,42.6158,,41.8460
2021-10-19,47.0500,47.6900,46.7400,47.2000,16500200,UBER,46.4890,45.9701,,43.9658,,42.7036,,41.8978
2021-10-20,46.0000,47.5400,45.9300,47.1500,15570900,UBER,46.5455,45.9730,,44.0456,,42.7689,,41.9386
2021-10-21,46.4700,47.5400,45.5200,45.9700,15741000,UBER,46.5950,46.0203,,44.1407,,42.8422,,41.9837
2021-10-22,45.5100,46.5000,45.2300,46.0000,19259200,UBER,46.5390,45.9717,,44.1944,,42.8950,,42.0188
2021-10-25,45.7200,46.0700,45.0170,45.6700,12955500,UBER,46.4625,45.9477,,44.2542,,42.9510,,42.0556
2021-10-26,46.0200,47.6900,45.8600,46.2800,19491800,UBER,46.4645,45.9546,,44.3235,,43.0117,,42.0950
2021-10-27,44.7300,46.5500,44.1650,46.4700,26999800,UBER,46.4750,45.8380,,44.3394,,43.0458,,42.1212
2021-10-28,44.6200,45.4120,44.3830,45.0000,14768800,UBER,46.4660,45.7220,,44.3504,,43.0769,,42.1461
2021-10-29,43.8200,44.8000,43.5700,44.4900,18283200,UBER,46.3045,45.5408,,44.3296,,43.0916,,42.1628
2021-11-01,44.3600,45.0250,43.6500,44.0700,20983900,UBER,46.2365,45.4284,,44.3308,,43.1168,,42.1846
2021-11-02,42.8900,44.3500,42.3310,44.3400,28002600,UBER,46.1005,45.1866,,44.2743,,43.1123,,42.1916
2021-11-03,45.7200,46.2600,44.7100,45.3300,38499600,UBER,46.0360,45.2374,,44.3310,,43.1639,,42.2268
2021-11-04,45.2700,46.5300,44.9900,45.5400,31903000,UBER,45.9040,45.2405,,44.3678,,43.2056,,42.2570
2021-11-05,47.1900,48.7400,46.6100,47.5000,45641500,UBER,45.8750,45.4262,,44.4785,,43.2845,,42.3061
2021-11-08,45.8900,47.6450,45.8200,47.0800,25257900,UBER,45.8550,45.4704,,44.5338,,43.3361,,42.3418
2021-11-09,45.5100,45.9800,43.6800,45.9100,33588900,UBER,45.7945,45.4741,,44.5721,,43.3792,,42.3733
2021-11-10,43.3800,45.2500,42.6000,44.9000,33712200,UBER,45.6430,45.2747,,44.5254,,43.3792,,42.3833
2021-11-11,43.2800,43.7200,42.4400,43.3200,27307800,UBER,45.4430,45.0847,,44.4765,,43.3772,,42.3922
2021-11-12,45.1200,45.1300,43.5700,43.5700,29804600,UBER,45.2810,45.0881,,44.5018,,43.4117,,42.4194
2021-11-15,43.6100,45.2600,43.5600,45.1100,19690000,UBER,45.1080,44.9473,44.5426,44.4668,,43.4156,,42.4312
2021-11-16,45.7600,46.6600,44.8610,45.5400,46219700,UBER,45.0435,45.0247,44.6388,44.5175,,43.4621,,42.4644
2021-11-17,44.1100,45.6400,43.9000,45.3600,25036400,UBER,44.9490,44.9376,44.7196,44.5015,,43.4749,,42.4807
2021-11-18,45.0000,45.3250,43.5750,44.5300,27839900,UBER,44.8755,44.9435,44.8126,44.5211,,43.5051,,42.5058
2021-11-19,44.2300,44.7200,43.5000,43.9300,21465500,UBER,44.8115,44.8756,44.8994,44.5097,,43.5195,,42.5230
2021-11-22,42.6000,44.4000,41.8050,43.9600,31355200,UBER,44.6555,44.6589,44.9500,44.4348,,43.5012,,42.5237
2021-11-23,42.6800,43.1400,41.6000,42.3800,18099400,UBER,44.4885,44.4704,45.0234,44.3660,,43.4850,,42.5253
2021-11-24,42.0800,42.3700,41.2400,42.0000,17118200,UBER,44.3560,44.2427,45.0954,44.2763,,43.4572,,42.5208
2021-11-26,40.5200,40.6200,38.7700,39.6100,35453600,UBER,44.1510,43.8882,45.1154,44.1290,,43.3990,,42.5009
2021-11-29,39.7000,41.2500,38.7800,41.0600,27724400,UBER,43.9450,43.4893,45.1144,43.9553,,43.3258,,42.4731
2021-11-30,38.0000,39.9500,37.0350,39.2500,55268500,UBER,43.6270,42.9665,45.0786,43.7218,,43.2203,,42.4286
2021-12-01,36.0200,39.5000,35.8000,39.4500,47316400,UBER,43.2835,42.3050,44.9118,43.4197,,43.0777,,42.3648
2021-12-02,38.1200,38.3950,36.4500,36.5500,32267000,UBER,42.9035,41.9064,44.7768,43.2119,,42.9795,,42.3226
2021-12-03,35.8500,37.8400,35.2600,37.4200,47392700,UBER,42.4325,41.3296,44.5842,42.9232,,42.8384,,42.2581
2021-12-06,38.4900,38.6900,35.4400,35.9500,36689200,UBER,41.9975,41.0592,44.4214,42.7494,,42.7523,,42.2207
2021-12-07,38.0800,40.2200,37.7600,39.4000,40443300,UBER,41.6070,40.7754,44.2380,42.5662,,42.6597,,42.1795
2021-12-08,38.8100,39.4100,38.0100,38.3000,29688600,UBER,41.2720,40.5882,44.0946,42.4189,,42.5835,,42.1459
2021-12-09,37.5400,38.7000,37.4750,38.4400,22994800,UBER,40.9800,40.2979,43.9550,42.2276,,42.4836,,42.1001
2021-12-10,36.6700,37.8700,36.6100,37.4100,25760600,UBER,40.6495,39.9524,43.7924,42.0097,,42.3685,,42.0461
2021-12-13,35.7300,36.3080,34.8800,36.1800,38394700,UBER,40.1800,39.5503,43.5660,41.7634,,42.2371,,41.9832
2021-12-14,37.2600,38.4500,35.2100,35.2500,45491700,UBER,39.8625,39.3322,43.3968,41.5868,,42.1385,,41.9362
2021-12-15,37.8300,38.3750,36.2400,36.9100,37612600,UBER,39.4660,39.1891,43.2412,41.4395,,42.0532,,41.8954
2021-12-16,37.7000,38.5770,37.1250,38.2500,31478400,UBER,39.1455,39.0473,43.0550,41.2928,,41.9670,,41.8536
2021-12-17,39.6800,40.0000,36.7400,37.2000,51048100,UBER,38.8795,39.1075,42.8904,41.2296,,41.9217,,41.8320
2021-12-20,39.7000,40.1490,38.0800,38.4500,28153700,UBER,38.6530,39.1640,42.7290,41.1696,,41.8777,,41.8108
2021-12-21,41.9700,42.0800,39.8200,39.8200,28385200,UBER,38.6215,39.4312,42.6426,41.2010,,41.8795,,41.8124
2021-12-22,43.0200,43.2300,41.4500,41.9500,27675700,UBER,38.6385,39.7730,42.5686,41.2723,,41.9021,,41.8244
2021-12-23,43.9100,44.3500,42.7600,43.0300,21763400,UBER,38.7300,40.1670,42.5186,41.3758,,41.9419,,41.8451
2021-12-27,42.9600,44.2400,42.8200,43.4400,28285000,UBER,38.8520,40.4330,42.4322,41.4379,,41.9620,,41.8562
2021-12-28,42.5400,43.7400,42.3000,42.6000,21481000,UBER,38.9940,40.6337,42.3158,41.4811,,41.9735,,41.8630
2021-12-29,42.4600,42.9300,41.8150,42.7200,15908600,UBER,39.2170,40.8076,42.2236,41.5195,,41.9831,,41.8690
2021-12-30,42.6600,43.3400,42.2000,42.2900,13516300,UBER,39.5490,40.9840,42.1358,41.5642,,41.9965,,41.8768
2021-12-31,41.9300,43.1200,41.9300,42.5300,13746900,UBER,39.7395,41.0741,42.0544,41.5786,,41.9952,,41.8774
2022-01-03,43.9500,44.4050,41.8900,42.4800,26089000,UBER,40.1445,41.3480,42.0040,41.6716,,42.0339,,41.8980
2022-01-04,44.4200,44.8000,42.5800,44.2300,30845300,UBER,40.4410,41.6406,41.9822,41.7793,,42.0812,,41.9231
2022-01-05,43.2400,45.9000,42.8600,44.2900,28498700,UBER,40.6990,41.7929,41.9326,41.8366,,42.1041,,41.9362
2022-01-06,42.0300,44.0800,40.9700,43.1100,32434300,UBER,40.8600,41.8155,41.8528,41.8442,,42.1026,,41.9371
2022-01-07,41.5100,42.6500,41.2000,42.0000,24875800,UBER,41.0585,41.7864,41.7884,41.8311,,42.0909,,41.9329
2022-01-10,42.6000,42.8100,40.1600,41.4800,29783800,UBER,41.3550,41.8639,41.7480,41.8613,,42.1010,,41.9395
2022-01-11,43.6200,44.1700,42.1900,42.3600,22161000,UBER,41.7495,42.0311,41.7440,41.9302,,42.1311,,41.9562
2022-01-12,43.0400,44.1000,42.5350,43.9900,18993900,UBER,42.0385,42.1272,41.7176,41.9737,,42.1491,,41.9670
2022-01-13,42.8700,43.9200,42.7250,43.3400,17190100,UBER,42.2905,42.1980,41.7172,42.0089,,42.1633,,41.9760
2022-01-14,41.5100,42.7200,40.3550,42.4000,25817800,UBER,42.4810,42.1324,41.6330,41.9893,,42.1504,,41.9714
2022-01-18,38.4100,40.9600,38.3700,40.9600,36873700,UBER,42.4175,41.7779,41.4958,41.8490,,42.0763,,41.9359
2022-01-19,37.8600,38.8900,37.1150,38.2100,35552500,UBER,42.3255,41.4048,41.3092,41.6925,,41.9928,,41.8954
2022-01-20,37.8200,39.6400,37.7500,38.2900,21720100,UBER,42.1180,41.0634,41.1478,41.5407,,41.9102,,41.8548
2022-01-21,35.9400,37.6000,35.8450,37.4100,41836800,UBER,41.7640,40.5754,40.9564,41.3210,,41.7920,,41.7960
2022-01-24,36.2800,36.4200,33.5100,34.9100,49261600,UBER,41.3825,40.1663,40.8144,41.1233,,41.6828,,41.7411
2022-01-25,34.8200,36.0900,34.5150,35.4700,29577000,UBER,40.9755,39.6572,40.6452,40.8762,,41.5469,,41.6722
2022-01-26,34.8000,36.6800,34.4500,36.0700,29495900,UBER,40.5885,39.1946,40.4388,40.6379,,41.4133,,41.6038
2022-01-27,34.0900,35.7900,33.9400,35.3700,26086700,UBER,40.1700,38.7084,40.2484,40.3811,42.3955,41.2683,,41.5291
2022-01-28,35.2100,35.2200,32.8100,34.1700,28007100,UBER,39.7975,38.3752,40.0374,40.1783,42.3381,41.1484,,41.4662
2022-01-31,37.4000,37.5400,35.3000,35.3400,22899300,UBER,39.5710,38.2824,39.9032,40.0694,42.3114,41.0741,,41.4257
2022-02-01,38.6100,38.7050,37.2000,37.6300,19669900,UBER,39.3040,38.3136,39.7754,40.0121,42.2940,41.0253,,41.3977
2022-02-02,37.1700,38.6200,37.0300,38.5300,19591100,UBER,38.9415,38.2047,39.6342,39.9007,42.2668,40.9490,,41.3556
2022-02-03,34.5400,36.7400,34.3000,36.0800,32192100,UBER,38.5065,37.8556,39.4730,39.6904,42.2115,40.8221,,41.2878
2022-02-04,37.0500,37.3550,34.3600,35.0000,33082100,UBER,38.2575,37.7789,39.3604,39.5869,42.1919,40.7474,,41.2457
2022-02-07,37.5400,39.0500,36.9850,36.9850,30303200,UBER,38.0590,37.7562,39.2696,39.5066,42.1825,40.6839,,41.2088
2022-02-08,38.3400,38.5700,36.9500,37.2500,25857600,UBER,37.8460,37.8118,39.2260,39.4609,42.1707,40.6375,,41.1802
2022-02-09,40.1900,40.4000,38.1600,38.8100,52614100,UBER,37.6745,38.0383,39.2358,39.4895,42.1751,40.6286,,41.1704
2022-02-10,37.7500,42.5600,37.3500,41.0000,113915000,UBER,37.4100,38.0108,39.2308,39.4213,42.1547,40.5716,,41.1364
2022-02-11,35.2900,38.6500,34.4800,37.9600,72568400,UBER,37.0310,37.7517,39.2162,39.2592,42.0640,40.4670,,41.0782
2022-02-14,34.5900,35.9900,34.3200,35.2000,44556700,UBER,36.6850,37.4506,39.1456,39.0761,41.9612,40.3506,,41.0136
2022-02-15,37.0900,37.2100,35.1100,35.4400,38183500,UBER,36.6190,37.4162,39.1704,38.9983,41.8773,40.2861,,40.9746
2022-02-16,36.5800,37.3900,36.2700,36.6300,33165900,UBER,36.5550,37.3366,39.1322,38.9034,41.7768,40.2127,,40.9309
2022-02-17,35.7100,37.4300,35.4100,36.1300,28432100,UBER,36.4495,37.1817,39.0848,38.7782,41.6614,40.1235,,40.8789
2022-02-18,34.6800,36.3250,34.6700,35.5200,28199900,UBER,36.3865,36.9434,39.0022,38.6175,41.5484,40.0157,,40.8172
2022-02-22,33.6800,35.1000,33.2800,34.2100,28731300,UBER,36.2565,36.6326,38.9250,38.4238,41.4400,39.8903,,40.7462
2022-02-23,32.3900,34.2100,32.3000,33.8900,27254800,UBER,36.1350,36.2286,38.8394,38.1872,41.3159,39.7417,,40.6631
2022-02-24,34.8700,34.9500,29.7100,29.9700,42978100,UBER,36.1385,36.0992,38.8222,38.0571,41.1941,39.6453,,40.6054
2022-02-25,34.9800,35.2720,34.0100,34.8400,23691500,UBER,36.1830,35.9926,38.7766,37.9365,41.0867,39.5529,,40.5495
2022-02-28,36.0300,36.3100,34.9850,35.2600,44865200,UBER,36.2240,35.9961,38.7406,37.8617,40.9909,39.4831,,40.5045
2022-03-01,33.8900,35.6000,33.6500,35.4500,31436200,UBER,36.0485,35.7956,38.6644,37.7059,40.8597,39.3724,,40.4387
2022-03-02,34.0400,34.2200,32.9700,34.0000,26112500,UBER,35.8200,35.6284,38.5516,37.5622,40.7210,39.2668,,40.3750
2022-03-03,31.7200,34.2910,31.4150,34.2200,38337600,UBER,35.5475,35.2561,38.3920,37.3331,40.5605,39.1173,,40.2889
2022-03-04,29.8300,31.7300,29.2700,31.5000,52098700,UBER,35.3120,34.7394,38.1492,37.0388,40.3959,38.9334,,40.1848
2022-03-07,28.5700,31.9380,28.5500,31.4800,60265800,UBER,34.8880,34.1518,37.8602,36.7067,40.2144,38.7282,,40.0692
2022-03-08,30.7400,31.5700,28.2780,28.5100,55014700,UBER,34.5480,33.8269,37.5968,36.4727,40.0577,38.5700,,39.9764
2022-03-09,31.5000,32.7300,31.2000,31.7500,33734500,UBER,34.2060,33.6053,37.3676,36.2777,39.8999,38.4300,,39.8921
2022-03-10,30.4100,31.1450,29.8400,30.8600,30785900,UBER,33.7170,33.3010,37.1250,36.0476,39.7204,38.2712,,39.7977
2022-03-11,30.7600,31.3900,30.4200,31.3000,29454700,UBER,33.3675,33.0590,36.8910,35.8403,39.5573,38.1225,,39.7078
2022-03-14,29.2700,30.5500,28.8000,30.5100,41897400,UBER,33.0665,32.6981,36.6232,35.5826,39.3795,37.9472,,39.6039
2022-03-15,29.8000,30.4100,29.0600,29.5200,33060500,UBER,32.8270,32.4221,36.3806,35.3558,39.2175,37.7859,,39.5064
2022-03-16,32.6100,32.6350,30.2700,30.5300,34688800,UBER,32.6030,32.4400,36.1538,35.2482,39.0789,37.6834,,39.4378
2022-03-17,32.8500,32.9200,31.5700,32.3400,27278600,UBER,32.4165,32.4790,35.9224,35.1541,38.9523,37.5877,,39.3722
2022-03-18,33.3600,33.4200,32.3300,32.5200,35827800,UBER,32.2990,32.5629,35.7248,35.0838,38.8287,37.5039,,39.3124
2022-03-21,31.9800,32.8200,31.2500,32.8200,35200600,UBER,32.1640,32.5074,35.5238,34.9620,38.6883,37.3946,,39.2394
2022-03-22,33.3500,33.6000,31.8400,31.9300,21852800,UBER,32.1475,32.5877,35.3606,34.8988,38.5745,37.3145,,39.1808
2022-03-23,33.0600,33.6800,32.5700,32.7100,19024700,UBER,32.1810,32.6327,35.1698,34.8267,38.4589,37.2302,,39.1199
2022-03-24,34.7000,34.9500,33.4400,34.7400,52533600,UBER,32.1725,32.8295,34.9914,34.8217,38.3677,37.1801,,39.0759
2022-03-25,34.0600,34.9200,33.5500,34.5500,28078800,UBER,32.1265,32.9467,34.8118,34.7919,38.2647,37.1183,,39.0260
2022-03-28,34.7700,34.9100,33.7300,34.1400,22175200,UBER,32.0635,33.1204,34.6498,34.7910,38.1835,37.0718,,38.9837
2022-03-29,37.1900,37.4500,35.5700,35.5700,37969000,UBER,32.2285,33.5080,34.5634,34.8851,38.0982,37.0742,,38.9658
2022-03-30,36.5800,37.0890,36.2050,36.6600,22306500,UBER,32.3555,33.8005,34.5268,34.9516,38.0113,37.0644,,38.9421
2022-03-31,35.6800,36.7300,35.3700,36.5000,20608700,UBER,32.5535,33.9795,34.4832,34.9801,37.8962,37.0370,,38.9096
2022-04-01,35.9800,36.4800,35.4000,35.6800,16793300,UBER,32.8610,34.1701,34.4464,35.0193,37.7971,37.0160,,38.8805
2022-04-04,36.5100,36.9300,36.2150,36.4000,20217800,UBER,33.2580,34.3929,34.4578,35.0778,37.7071,37.0060,,38.8569
2022-04-05,34.9600,36.6100,34.7200,36.3500,20984200,UBER,33.4690,34.4469,34.4314,35.0732,37.6229,36.9655,,38.8181
2022-04-06,33.4100,34.0000,32.5500,33.8550,28854800,UBER,33.5645,34.3482,34.4032,35.0080,37.5242,36.8951,,38.7643
2022-04-07,32.2700,33.3400,31.0200,33.3400,34581000,UBER,33.6575,34.1502,34.3526,34.9006,37.3957,36.8035,,38.6997
2022-04-08,32.0500,32.5510,31.5800,31.9200,17991000,UBER,33.7220,33.9502,34.3118,34.7888,37.2801,36.7094,,38.6335
2022-04-11,32.0400,32.6900,31.1100,31.3600,19680300,UBER,33.8605,33.7683,34.2484,34.6810,37.1429,36.6169,,38.5679
2022-04-12,31.9900,33.0950,31.7100,32.4000,32619800,UBER,33.9700,33.5989,34.1402,34.5755,37.0217,36.5253,,38.5025
2022-04-13,32.6300,33.1100,31.9300,32.0000,20186400,UBER,33.9710,33.5067,34.0206,34.4992,36.8980,36.4482,,38.4440
2022-04-14,32.6800,33.4650,32.6400,32.8600,18763000,UBER,33.9625,33.4279,33.9308,34.4278,36.7825,36.3735,,38.3867
2022-04-18,31.7900,32.6050,31.4200,32.5500,24413800,UBER,33.8840,33.2719,33.8758,34.3244,36.6744,36.2828,,38.3210
2022-04-19,33.8000,33.9900,31.9700,32.1600,23319600,UBER,33.9750,33.3222,33.8108,34.3038,36.5856,36.2336,,38.2761
2022-04-20,33.2100,34.3200,33.1800,33.9900,21330500,UBER,33.9680,33.3115,33.7242,34.2609,36.4969,36.1737,,38.2257
2022-04-21,31.6800,34.4100,31.3700,34.2500,32937100,UBER,33.8990,33.1561,33.5910,34.1597,36.4085,36.0848,,38.1605
2022-04-22,30.8300,32.2250,30.8000,31.6200,22748900,UBER,33.7055,32.9346,33.4038,34.0291,36.3198,35.9807,,38.0876
2022-04-25,32.4400,32.5000,30.4600,30.5900,29416300,UBER,33.6245,32.8875,33.2976,33.9668,36.2642,35.9106,,38.0314
2022-04-26,31.3300,32.2000,31.0000,32.0400,26981900,UBER,33.4525,32.7392,33.2184,33.8634,36.2173,35.8199,,37.9647
2022-04-27,30.6800,31.9800,30.1600,31.1000,30762600,UBER,33.1270,32.5431,33.1402,33.7386,36.1429,35.7181,,37.8922
2022-04-28,32.8200,32.8700,30.9800,31.0000,30251600,UBER,32.9390,32.5694,33.0548,33.7026,36.1126,35.6607,,37.8417
2022-04-29,31.4800,33.1500,31.4100,32.5200,24948600,UBER,32.7290,32.4657,32.9528,33.6154,36.0425,35.5779,,37.7784
2022-05-02,30.3900,31.3500,29.5100,31.2400,45651000,UBER,32.4495,32.2680,32.8464,33.4889,35.9656,35.4752,,37.7049
2022-05-03,29.4700,30.5900,28.8500,30.1500,58340700,UBER,32.0975,32.0015,32.7422,33.3313,35.8722,35.3563,,37.6230
2022-05-04,28.1000,28.4000,25.9000,27.4100,115601800,UBER,31.7545,31.6299,32.6306,33.1262,35.7778,35.2126,,37.5282
2022-05-05,26.8300,28.8300,26.2000,27.8700,52804200,UBER,31.4255,31.1728,32.5194,32.8792,35.6794,35.0466,,37.4218
2022-05-06,26.0700,26.8400,24.7500,26.8400,56575100,UBER,31.1155,30.6868,32.3434,32.6122,35.5828,34.8689,,37.3088
2022-05-09,23.0500,26.0650,22.8000,25.4100,58095900,UBER,30.6655,29.9595,32.1048,32.2372,35.4407,34.6348,,37.1670
2022-05-10,23.6700,24.5500,22.8000,23.8500,47982500,UBER,30.2470,29.3605,31.8576,31.9013,35.2991,34.4177,,37.0327
2022-05-11,22.5700,24.1500,22.5000,23.2800,51137700,UBER,29.7760,28.7138,31.6312,31.5353,35.1478,34.1831,,36.8887
2022-05-12,23.2900,24.0600,21.6900,22.1500,63999300,UBER,29.3090,28.1972,31.4162,31.2120,34.9839,33.9674,,36.7534
2022-05-13,24.3900,24.8710,23.6800,23.8800,53577600,UBER,28.8945,27.8346,31.2696,30.9445,34.8308,33.7777,,36.6304
2022-05-16,23.5900,24.4600,23.4000,24.3100,27285200,UBER,28.4845,27.4304,31.1448,30.6560,34.6470,33.5760,,36.5007
2022-05-17,24.2000,24.9000,23.5900,24.3200,33859400,UBER,28.0045,27.1227,31.0574,30.4029,34.4588,33.3903,,36.3783
2022-05-18,22.4600,24.1880,22.3400,23.9800,35747300,UBER,27.4670,26.6787,30.8918,30.0914,34.2443,33.1739,,36.2398
2022-05-19,23.2400,23.8100,22.2000,22.2900,36461200,UBER,27.0450,26.3512,30.7266,29.8227,34.0471,32.9772,,36.1104
2022-05-20,23.3500,24.1000,22.4100,23.8100,32104700,UBER,26.6710,26.0653,30.5854,29.5689,33.8552,32.7865,,35.9835
2022-05-23,23.7800,23.8300,22.7100,23.3200,35204800,UBER,26.2380,25.8477,30.4458,29.3419,33.6684,32.6082,,35.8620
2022-05-24,21.5500,23.7400,21.4100,23.6900,40726100,UBER,25.7490,25.4384,30.2914,29.0363,33.4573,32.3892,,35.7196
2022-05-25,22.0400,22.3550,21.2750,21.7100,31270800,UBER,25.3170,25.1147,30.1362,28.7619,33.2584,32.1843,,35.5835
2022-05-26,23.1000,23.2800,21.9250,22.1500,30199400,UBER,24.8310,24.9229,29.9460,28.5399,33.0499,32.0044,,35.4593
2022-05-27,23.6700,24.1300,23.3300,23.4900,29710200,UBER,24.4405,24.8035,29.7624,28.3489,32.8424,31.8394,,35.3420
2022-05-31,23.2000,23.9000,23.0340,23.5000,33194800,UBER,24.0810,24.6508,29.5592,28.1470,32.6420,31.6683,,35.2212
2022-06-01,22.9400,23.8700,22.5650,23.5300,26383600,UBER,23.7545,24.4879,29.3784,27.9428,32.4511,31.4954,,35.0990
2022-06-02,24.7400,24.8300,22.9400,23.0700,30691100,UBER,23.5865,24.5119,29.2062,27.8172,32.2834,31.3617,,34.9959
2022-06-03,24.1500,24.4950,23.7250,24.1700,24283600,UBER,23.4525,24.4774,29.0280,27.6734,32.0989,31.2189,,34.8880
2022-06-06,24.7300,25.4350,24.2800,24.8600,29834700,UBER,23.3855,24.5015,28.8286,27.5580,31.9100,31.0904,,34.7869
2022-06-07,25.3000,25.7000,24.0700,24.2000,27453700,UBER,23.4980,24.5775,28.6534,27.4694,31.7326,30.9757,,34.6925
2022-06-08,25.8300,26.5500,25.3000,25.7000,31225300,UBER,23.6060,24.6968,28.4746,27.4051,31.5622,30.8738,,34.6043
2022-06-09,25.4400,26.6900,25.3550,25.9400,42063600,UBER,23.7495,24.7676,28.2396,27.3281,31.4015,30.7662,,34.5131
2022-06-10,23.7200,24.9710,23.6500,24.8000,29868000,UBER,23.7710,24.6678,27.9824,27.1866,31.2546,30.6267,,34.4057
2022-06-13,21.5700,22.5850,21.3430,22.2200,33130300,UBER,23.6300,24.3728,27.7002,26.9663,31.0917,30.4473,,34.2780
2022-06-14,21.0900,21.9520,20.8940,21.7200,43006300,UBER,23.5050,24.0601,27.4024,26.7359,30.9244,30.2621,,34.1468
2022-06-15,22.0300,22.3900,21.2400,21.3400,36073700,UBER,23.3965,23.8668,27.1128,26.5513,30.7853,30.0990,,34.0262
2022-06-16,20.4700,21.4000,20.1550,21.0400,55312400,UBER,23.2970,23.5433,26.8230,26.3128,30.6272,29.9084,,33.8913
2022-06-17,21.8100,21.9600,20.3700,20.3700,46728400,UBER,23.2255,23.3782,26.5910,26.1363,30.4971,29.7480,,33.7711
2022-06-21,21.7600,22.4600,21.6900,22.0000,35257700,UBER,23.1460,23.2241,26.3808,25.9646,30.3667,29.5898,,33.6516
2022-06-22,21.5000,22.2100,21.3000,21.4100,32314400,UBER,23.0320,23.0599,26.1698,25.7896,30.2408,29.4296,36.3181,33.5307
2022-06-23,22.3700,22.4400,21.3900,21.6300,27010500,UBER,23.0730,22.9942,25.9764,25.6555,30.1124,29.2898,36.2252,33.4197
2022-06-24,23.0300,23.1900,22.3000,22.4800,38140100,UBER,23.1225,22.9976,25.7972,25.5525,29.9687,29.1659,36.1400,33.3163
2022-06-27,22.8600,23.6400,22.3450,23.4500,27153400,UBER,23.1105,22.9845,25.6018,25.4469,29.8112,29.0410,36.0526,33.2122
2022-06-28,22.0800,23.4600,22.0400,22.9700,24350100,UBER,23.0310,22.8984,25.3898,25.3149,29.6603,28.9032,35.9635,33.1015
2022-06-29,21.4700,22.1500,21.0800,22.1100,30704800,UBER,22.9445,22.7623,25.1834,25.1641,29.5296,28.7560,35.8705,32.9857
2022-06-30,20.4600,21.1260,19.8950,21.1100,30882500,UBER,22.8205,22.5431,24.9166,24.9796,29.3637,28.5917,35.7778,32.8611
2022-07-01,21.3400,21.3700,20.4300,20.7000,20693300,UBER,22.6505,22.4285,24.6792,24.8369,29.2017,28.4481,35.6921,32.7465
2022-07-05,22.5200,22.5500,20.8300,21.1700,24500300,UBER,22.5690,22.4372,24.4960,24.7460,29.0435,28.3307,35.6071,32.6447
2022-07-06,21.5000,22.0800,21.3200,21.5000,32689400,UBER,22.4075,22.3479,24.3094,24.6187,28.8566,28.1955,35.5158,32.5338
2022-07-07,22.7400,22.7590,21.6100,21.6400,23121900,UBER,22.2795,22.3853,24.1154,24.5451,28.7065,28.0874,35.4306,32.4364
2022-07-08,22.3400,22.9600,21.8320,22.4300,20231300,UBER,22.1050,22.3810,23.9356,24.4586,28.5770,27.9736,35.3205,32.3359
2022-07-11,21.1900,22.2500,21.1400,21.9500,17546900,UBER,21.8925,22.2675,23.7458,24.3304,28.4430,27.8393,35.2021,32.2250
2022-07-12,21.5700,21.7800,20.9750,21.2800,17373500,UBER,21.7850,22.2011,23.5208,24.2222,28.2878,27.7151,35.0825,32.1190
2022-07-13,21.5000,21.6100,20.7200,20.9300,18994900,UBER,21.7815,22.1343,23.3212,24.1154,28.1370,27.5921,34.9569,32.0133
2022-07-14,20.6500,21.4650,20.5910,21.2500,31561700,UBER,21.7595,21.9930,23.1264,23.9795,27.9864,27.4546,34.8239,31.9002
2022-07-15,21.6700,21.7800,20.7650,21.0000,24503600,UBER,21.7415,21.9622,22.9704,23.8889,27.8563,27.3401,34.7023,31.7984
2022-07-18,22.5800,23.2000,22.1100,22.1700,30935900,UBER,21.8470,22.0210,22.8600,23.8376,27.7453,27.2458,34.5926,31.7067
2022-07-19,22.6700,23.0800,22.1900,22.7500,23148900,UBER,21.8900,22.0829,22.7768,23.7918,27.6481,27.1552,34.4820,31.6168
2022-07-20,24.1200,24.2200,22.8050,22.8900,27844600,UBER,22.0080,22.2769,22.7378,23.8047,27.5406,27.0951,34.3673,31.5422
2022-07-21,24.2300,24.2500,23.6000,24.0200,18425400,UBER,22.1445,22.4629,22.7614,23.8214,27.4331,27.0384,34.2599,31.4695
2022-07-22,23.3000,24.8100,23.0850,24.3300,20209400,UBER,22.1910,22.5426,22.7540,23.8009,27.3058,26.9643,34.1483,31.3882
2022-07-25,23.3500,23.5400,22.6300,23.2700,12923000,UBER,22.2070,22.6195,22.7696,23.7832,27.2004,26.8928,34.0300,31.3082
2022-07-26,22.5500,23.1500,22.4500,23.1500,24402800,UBER,22.1915,22.6129,22.7548,23.7349,27.0855,26.8068,33.9032,31.2210
2022-07-27,23.0900,23.3200,22.4900,23.0000,28384300,UBER,22.2420,22.6583,22.7288,23.7096,26.9992,26.7332,33.7798,31.1401
2022-07-28,23.3100,23.4200,22.1400,22.8900,22886100,UBER,22.3340,22.7204,22.7232,23.6939,26.9340,26.6654,33.6649,31.0622
2022-07-29,23.4500,23.4850,22.3900,23.1800,29406600,UBER,22.4835,22.7899,22.7082,23.6844,26.8828,26.6017,33.5486,30.9865
2022-08-01,24.6000,24.6200,22.8850,23.4300,46960700,UBER,22.6465,22.9623,22.7510,23.7203,26.8214,26.5621,33.4395,30.9229
2022-08-02,29.2500,29.4300,27.1000,28.4900,107926300,UBER,22.9830,23.5611,22.8712,23.9371,26.7989,26.6153,33.3494,30.9063
2022-08-03,30.1900,31.4300,29.3600,29.7200,62061200,UBER,23.4175,24.1924,23.0080,24.1823,26.7967,26.6861,33.2585,30.8992
2022-08-04,31.8500,32.2300,29.6000,29.7800,55573600,UBER,23.8730,24.9217,23.1694,24.4830,26.8076,26.7883,33.1824,30.9086
2022-08-05,32.0100,32.6300,31.0400,31.2000,39963600,UBER,24.3565,25.5968,23.3786,24.7782,26.8350,26.8917,33.1072,30.9196
2022-08-08,31.8500,32.9550,31.6600,32.3300,28064900,UBER,24.8895,26.1923,23.5748,25.0555,26.8555,26.9899,33.0365,30.9288
2022-08-09,31.0600,31.5500,30.7200,31.3700,27042900,UBER,25.3640,26.6559,23.7340,25.2910,26.8400,27.0705,32.9594,30.9301
2022-08-10,32.8000,33.1900,32.2300,32.4400,31318100,UBER,25.9290,27.2411,23.9166,25.5855,26.8395,27.1840,32.8959,30.9487
2022-08-11,32.2400,33.3600,32.0420,33.1600,24624600,UBER,26.5085,27.7172,24.0974,25.8464,26.8283,27.2841,32.8285,30.9616
2022-08-12,32.4700,32.7600,31.7000,32.5900,21950700,UBER,27.0485,28.1698,24.2880,26.1062,26.8332,27.3868,32.7607,30.9766
2022-08-15,32.4900,32.9100,31.9300,32.1000,14149200,UBER,27.5440,28.5813,24.4430,26.3565,26.8246,27.4878,32.6995,30.9917
2022-08-16,32.3800,32.7250,31.3300,32.0800,28072300,UBER,28.0295,28.9430,24.6076,26.5927,26.8178,27.5847,32.6383,31.0055
2022-08-17,30.7200,31.7100,30.4400,31.6500,24239400,UBER,28.3595,29.1123,24.7274,26.7546,26.7780,27.6468,32.5728,31.0026
2022-08-18,30.1500,30.6200,29.8600,30.5600,20831600,UBER,28.6555,29.2111,24.8244,26.8877,26.7389,27.6964,32.5018,30.9941
2022-08-19,29.0100,29.5700,28.6300,29.5000,24180900,UBER,28.9410,29.1920,24.8880,26.9710,26.6813,27.7224,32.4324,30.9744
2022-08-22,28.0000,28.8050,27.8700,28.3400,20233100,UBER,29.1735,29.0784,24.9392,27.0113,26.5894,27.7279,32.3438,30.9448
2022-08-23,27.8100,28.6750,27.7500,28.0600,24298300,UBER,29.4365,28.9576,25.0210,27.0426,26.5017,27.7295,32.2565,30.9136
2022-08-24,28.7100,29.2200,27.8500,27.9300,20022500,UBER,29.7175,28.9340,25.1638,27.1080,26.4320,27.7489,32.1641,30.8917
2022-08-25,29.6200,29.6400,28.8100,28.8900,15470900,UBER,30.0330,28.9994,25.3344,27.2065,26.3684,27.7860,32.0827,30.8790
2022-08-26,28.5800,29.7100,28.3600,29.5100,16490800,UBER,30.2895,28.9594,25.4654,27.2604,26.2891,27.8017,31.9981,30.8562
2022-08-29,28.7400,29.1900,28.0600,28.1000,17245100,UBER,30.4965,28.9385,25.6308,27.3184,26.2269,27.8203,31.9249,30.8351
2022-08-30,28.7100,29.2900,28.1200,29.1800,24409300,UBER,30.4695,28.9168,25.7688,27.3730,26.1799,27.8379,31.8520,30.8140
2022-08-31,28.7600,29.8800,28.7500,29.1100,20740700,UBER,30.3980,28.9018,25.9088,27.4274,26.1448,27.8561,31.7702,30.7935
2022-09-01,28.9200,28.9500,27.6900,28.1700,17828100,UBER,30.2515,28.9036,26.0572,27.4859,26.1135,27.8772,31.6968,30.7749
2022-09-02,29.0500,29.6350,28.6500,29.5000,14604400,UBER,30.1035,28.9175,26.1908,27.5473,26.0836,27.9004,31.6132,30.7577
2022-09-06,28.8900,29.3700,28.2800,29.3400,20422800,UBER,29.9555,28.9149,26.3080,27.5999,26.0526,27.9200,31.5371,30.7391
2022-09-07,30.0300,30.1500,28.8200,28.9100,20632200,UBER,29.9040,29.0211,26.4514,27.6952,26.0266,27.9618,31.4623,30.7321
2022-09-08,30.6800,30.9000,29.2900,29.4200,29393500,UBER,29.7980,29.1791,26.6234,27.8123,26.0066,28.0156,31.3945,30.7316
2022-09-09,31.7800,32.0500,30.8900,31.0000,28055900,UBER,29.7750,29.4268,26.8296,27.9679,26.0065,28.0902,31.3404,30.7420
2022-09-12,32.5000,32.6200,31.8500,31.9500,29349900,UBER,29.7765,29.7195,27.0704,28.1456,25.9935,28.1775,31.2895,30.7595
2022-09-13,31.3200,31.7800,30.2200,30.6900,29364700,UBER,29.7180,29.8719,27.2700,28.2701,25.9746,28.2397,31.2357,30.7651
2022-09-14,33.0500,33.1400,31.1000,31.2500,34493400,UBER,29.7515,30.1746,27.4806,28.4575,25.9883,28.3350,31.1984,30.7878
2022-09-15,33.1300,34.3250,32.7400,32.9500,41849100,UBER,29.8720,30.4561,27.7132,28.6408,26.0113,28.4299,31.1655,30.8111
2022-09-16,31.9300,32.1450,30.8800,30.9600,50970700,UBER,29.9610,30.5964,27.8970,28.7697,26.0062,28.4992,31.1352,30.8222
2022-09-19,31.4900,31.9800,31.0600,31.4400,22867600,UBER,30.0850,30.6815,28.0800,28.8764,26.0078,28.5585,31.1125,30.8289
2022-09-20,31.4900,32.5600,31.1900,31.4900,23652400,UBER,30.2595,30.7585,28.2860,28.9789,26.0159,28.6165,31.0794,30.8355
2022-09-21,30.4700,31.6750,30.3500,31.4500,22328400,UBER,30.3925,30.7310,28.4640,29.0374,25.9924,28.6532,31.0525,30.8318
2022-09-22,28.5800,30.1900,28.5300,30.1900,29038100,UBER,30.3860,30.5262,28.6056,29.0195,25.9634,28.6518,31.0029,30.8094
2022-09-23,27.8200,28.3400,27.3600,28.0100,26472600,UBER,30.2960,30.2685,28.7490,28.9724,25.9377,28.6353,30.9516,30.7797
2022-09-26,26.8900,28.1600,26.8200,27.7100,24953800,UBER,30.2115,29.9467,28.8534,28.8908,25.9119,28.6007,30.8920,30.7410
2022-09-27,27.5700,28.4900,27.1600,27.6700,22392800,UBER,30.1530,29.7203,28.9532,28.8390,25.9066,28.5803,30.8422,30.7094
2022-09-28,28.0400,28.1600,27.1900,27.4300,21290400,UBER,30.1195,29.5603,29.0606,28.8076,25.9187,28.5696,30.7990,30.6829
2022-09-29,26.4200,27.7200,26.0000,27.6600,26160700,UBER,30.0025,29.2612,29.1066,28.7140,25.9222,28.5271,30.7525,30.6404
2022-09-30,26.5000,27.3100,26.1600,26.1600,23894900,UBER,29.8815,28.9983,29.1520,28.6272,25.9567,28.4869,30.6987,30.5992
2022-10-03,26.7200,26.9000,25.9600,26.7600,19940800,UBER,29.7650,28.7813,29.2204,28.5524,25.9872,28.4519,30.6431,30.5606
2022-10-04,29.1900,29.2500,27.6000,27.6250,25462200,UBER,29.7800,28.8202,29.3372,28.5774,26.0534,28.4665,30.6006,30.5470
2022-10-05,29.1800,29.6500,28.3100,28.4800,21458500,UBER,29.7375,28.8545,29.4698,28.6010,26.1123,28.4807,30.5481,30.5334
2022-10-06,29.7300,30.2400,28.9600,29.2000,25399500,UBER,29.6900,28.9379,29.6026,28.6453,26.1657,28.5054,30.4982,30.5254
2022-10-07,28.0700,28.8600,27.9200,28.8300,19690200,UBER,29.5045,28.8552,29.6978,28.6227,26.2105,28.4968,30.4287,30.5010
2022-10-10,27.5300,28.4500,27.2300,28.2400,13413500,UBER,29.2560,28.7290,29.7794,28.5799,26.2438,28.4776,30.3513,30.4714
2022-10-11,24.6600,26.0500,22.9400,25.5450,92468800,UBER,28.9230,28.3415,29.7806,28.4262,26.2658,28.4021,30.2550,30.4136
2022-10-12,25.9800,26.1150,24.5600,25.0500,30945900,UBER,28.5695,28.1166,29.7152,28.3302,26.2932,28.3541,30.1701,30.3695
2022-10-13,25.0000,26.0250,24.1900,24.4700,32838500,UBER,28.1630,27.8198,29.6114,28.1996,26.3097,28.2877,30.0824,30.3160
2022-10-14,24.7100,26.0700,24.6600,25.6500,22540000,UBER,27.8020,27.5236,29.4686,28.0628,26.3190,28.2168,29.9937,30.2603
2022-10-17,25.9400,26.2650,25.0800,25.2600,25074900,UBER,27.5245,27.3728,29.3472,27.9795,26.3629,28.1717,29.9101,30.2173
2022-10-18,27.6100,27.7100,26.4950,27.0700,25643300,UBER,27.3305,27.3954,29.2624,27.9650,26.4186,28.1606,29.8385,30.1913
2022-10-19,27.5300,27.7300,26.8500,27.0600,15428500,UBER,27.1835,27.4082,29.1918,27.9480,26.4629,28.1481,29.7564,30.1649
2022-10-20,27.8700,28.6800,27.2400,27.3200,20835300,UBER,27.1480,27.4522,29.0932,27.9449,26.5049,28.1426,29.6736,30.1420
2022-10-21,28.0200,28.4350,27.1600,27.5000,20651600,UBER,27.1580,27.5062,29.0088,27.9479,26.5531,28.1402,29.5975,30.1209
2022-10-24,27.6500,27.9800,26.5100,27.7100,19194200,UBER,27.1960,27.5199,28.9124,27.9362,26.6002,28.1305,29.5256,30.0963
2022-10-25,28.3600,28.5450,27.3300,28.0000,17366400,UBER,27.2355,27.5999,28.8298,27.9528,26.6364,28.1350,29.4599,30.0790
2022-10-26,28.2000,28.9800,27.8650,28.1700,17315900,UBER,27.2435,27.6571,28.7462,27.9625,26.6769,28.1363,29.3879,30.0603
2022-10-27,27.8200,28.7600,27.6600,28.4000,16768600,UBER,27.3135,27.6726,28.6882,27.9569,26.7078,28.1301,29.3089,30.0380
2022-10-28,27.5000,27.8800,26.4900,27.8100,27116700,UBER,27.3635,27.6562,28.6352,27.9390,26.7298,28.1176,29.2312,30.0128
2022-10-31,26.5700,27.7300,26.3000,27.6100,37327000,UBER,27.3560,27.5527,28.5864,27.8853,26.7372,28.0869,29.1497,29.9785
2022-11-01,29.7500,31.0000,29.1200,30.0700,87994000,UBER,27.3840,27.7620,28.6214,27.9584,26.7803,28.1199,29.0909,29.9763
2022-11-02,28.8100,30.1600,28.6300,29.5700,37083500,UBER,27.3655,27.8618,28.6414,27.9918,26.8312,28.1335,29.0429,29.9647
2022-11-03,28.7300,29.5200,27.7100,28.0300,28033200,UBER,27.3155,27.9445,28.6418,28.0208,26.9028,28.1453,28.9972,29.9524
2022-11-04,28.3900,29.7250,28.0400,29.4400,22304200,UBER,27.3315,27.9869,28.6172,28.0353,26.9758,28.1502,28.9501,29.9368
2022-11-07,27.6900,28.8250,27.6150,28.7050,19204100,UBER,27.3395,27.9586,28.5994,28.0217,27.0324,28.1411,28.9088,29.9145
2022-11-08,27.4400,28.3300,26.8200,27.5700,27033900,UBER,27.4785,27.9092,28.5734,27.9989,27.1021,28.1272,28.8646,29.8899
2022-11-09,26.5500,28.0050,26.4400,27.3100,21186300,UBER,27.5070,27.7798,28.5302,27.9421,27.1495,28.0960,28.8233,29.8566
2022-11-10,28.8500,29.3200,28.1000,28.3800,35196900,UBER,27.6995,27.8817,28.5320,27.9777,27.2204,28.1109,28.7935,29.8466
2022-11-11,29.1500,30.4350,28.7000,28.9500,35861100,UBER,27.9215,28.0025,28.5366,28.0237,27.2969,28.1315,28.7688,29.8397
2022-11-14,29.0700,29.7000,28.7900,28.8500,24426200,UBER,28.0780,28.1042,28.5370,28.0647,27.3639,28.1501,28.7381,29.8320
2022-11-15,31.5700,31.8150,30.0000,30.2500,43066500,UBER,28.2760,28.4342,28.5906,28.2022,27.4493,28.2178,28.7090,29.8493
2022-11-16,30.0400,31.1600,29.8300,30.9500,26540200,UBER,28.4015,28.5872,28.5908,28.2742,27.5211,28.2539,28.6661,29.8512
2022-11-17,28.8800,29.5000,28.4000,29.1000,22684100,UBER,28.4520,28.6151,28.5548,28.2980,27.5891,28.2663,28.6247,29.8415
2022-11-18,28.9600,29.4050,28.7000,29.2100,15676300,UBER,28.4990,28.6479,28.4984,28.3239,27.6640,28.2800,28.5968,29.8328
2022-11-21,28.2500,28.7100,28.0100,28.5200,16159400,UBER,28.5290,28.6100,28.4134,28.3210,27.7419,28.2794,28.5528,29.8170
2022-11-22,28.0800,28.3300,27.3120,28.2700,20368600,UBER,28.5150,28.5595,28.3486,28.3116,27.8093,28.2755,28.5055,29.7997
2022-11-23,28.7900,28.9400,28.1400,28.3600,12964900,UBER,28.5445,28.5815,28.2634,28.3304,27.8720,28.2856,28.4577,29.7897
2022-11-25,28.5000,28.8800,28.2400,28.7100,5200400,UBER,28.5785,28.5737,28.1708,28.3370,27.9420,28.2899,28.3993,29.7769
2022-11-28,27.7600,28.6550,27.7300,28.1100,11120000,UBER,28.5915,28.4962,28.0874,28.3144,27.9922,28.2794,28.3493,29.7568
2022-11-29,27.7600,28.2300,27.5800,28.0500,15007800,UBER,28.6510,28.4261,28.0128,28.2926,28.0464,28.2691,28.3117,29.7369
2022-11-30,29.1400,29.1400,27.6400,27.8000,18177000,UBER,28.6205,28.4941,27.9658,28.3259,28.1259,28.2864,28.2844,29.7310
2022-12-01,28.3400,29.6000,28.3000,29.2200,18066600,UBER,28.5970,28.4794,27.9232,28.3264,28.1936,28.2874,28.2407,29.7171
2022-12-02,28.7500,28.7800,27.1900,27.3800,15980500,UBER,28.5980,28.5052,27.9266,28.3430,28.2661,28.2966,28.2015,29.7075
2022-12-05,27.7000,28.8600,27.6500,28.4100,17486300,UBER,28.5635,28.4285,27.9242,28.3178,28.3366,28.2848,28.1615,29.6875
2022-12-06,26.9200,27.8600,26.7000,27.7000,19772900,UBER,28.5250,28.2848,27.9248,28.2630,28.3891,28.2577,28.1227,29.6600
2022-12-07,26.4000,26.8700,26.0200,26.6100,21193900,UBER,28.4730,28.1053,27.9014,28.1899,28.4273,28.2210,28.0863,29.6276
2022-12-08,26.4500,27.0300,26.2760,26.5200,14909600,UBER,28.4680,27.9477,27.8696,28.1217,28.4651,28.1859,28.0566,29.5959
2022-12-09,26.5500,26.9600,26.2400,26.4000,14253500,UBER,28.3530,27.8146,27.8722,28.0601,28.4894,28.1535,28.0150,29.5656
2022-12-12,27.0300,27.2300,26.1100,26.4200,16483600,UBER,28.2470,27.7398,27.8828,28.0197,28.5174,28.1312,27.9752,29.5404
2022-12-13,26.9800,28.4550,26.9100,28.0300,27635400,UBER,28.1425,27.6675,27.8880,27.9789,28.5542,28.1084,27.9300,29.5149
2022-12-14,27.4700,27.8200,26.7700,27.0700,19427300,UBER,27.9375,27.6487,27.8536,27.9590,28.5954,28.0958,27.8979,29.4946
2022-12-15,26.2400,27.1100,25.8800,26.9800,19377800,UBER,27.7475,27.5145,27.7948,27.8915,28.6323,28.0591,27.8589,29.4622
2022-12-16,25.9700,26.4500,25.6600,26.0600,22684200,UBER,27.6020,27.3674,27.7196,27.8162,28.6611,28.0177,27.8301,29.4275
2022-12-19,24.9500,26.0200,24.6900,26.0200,35616100,UBER,27.4015,27.1372,27.6572,27.7038,28.6775,27.9569,27.8057,29.3829
2022-12-20,24.9600,25.2800,24.6100,24.7200,28536500,UBER,27.2370,26.9298,27.6058,27.5962,28.6926,27.8976,27.7877,29.3389
2022-12-21,25.3600,25.6700,24.8710,25.1500,20444500,UBER,27.1010,26.7803,27.6198,27.5085,28.7002,27.8473,27.7608,29.2993
2022-12-22,24.6400,25.1000,24.0420,24.9300,23752700,UBER,26.8935,26.5765,27.5930,27.3960,28.6541,27.7838,27.7265,29.2529
2022-12-23,24.6400,24.7250,24.1620,24.4600,11610000,UBER,26.7005,26.3921,27.5858,27.2879,28.5986,27.7216,27.6976,29.2070
2022-12-27,24.4000,24.7000,23.9000,24.2900,15258600,UBER,26.5325,26.2023,27.5796,27.1747,28.5241,27.6558,27.6658,29.1592
2022-12-28,24.5900,24.7200,24.0200,24.2100,15669200,UBER,26.3740,26.0488,27.5526,27.0733,28.4499,27.5951,27.6424,29.1137
2022-12-29,24.9100,25.3750,24.2900,24.7500,17828300,UBER,26.1625,25.9403,27.4986,26.9885,28.3805,27.5419,27.6180,29.0719
2022-12-30,24.7300,24.8500,24.2400,24.4200,20474100,UBER,25.9820,25.8251,27.4426,26.8999,28.3172,27.4862,27.5786,29.0287
2023-01-03,25.3600,25.7500,25.0200,25.3700,22155300,UBER,25.8125,25.7808,27.3924,26.8395,28.2428,27.4441,27.5411,28.9922
2023-01-04,25.9100,25.9700,25.3200,25.7300,14816000,UBER,25.7230,25.7931,27.3502,26.8031,28.1795,27.4138,27.5039,28.9615
2023-01-05,25.5500,26.0100,25.5500,25.7300,9942000,UBER,25.6545,25.7699,27.3082,26.7539,28.1103,27.3769,27.4717,28.9276
2023-01-06,26.4000,26.5400,25.4000,25.8600,19443800,UBER,25.6545,25.8299,27.2690,26.7400,28.0494,27.3575,27.4370,28.9024
2023-01-09,27.4000,28.0500,27.1500,27.3000,24962100,UBER,25.7020,25.9795,27.2530,26.7659,27.9996,27.3584,27.4087,28.8875
2023-01-10,28.0400,28.2500,27.1500,27.4000,15413700,UBER,25.7765,26.1757,27.2574,26.8159,27.9728,27.3719,27.3754,28.8791
2023-01-11,28.3500,28.5200,27.9200,28.2400,15421700,UBER,25.8425,26.3828,27.2744,26.8761,27.9548,27.3912,27.3468,28.8738
2023-01-12,29.0300,29.1850,28.2000,28.8500,17513400,UBER,25.9450,26.6349,27.3236,26.9605,27.9550,27.4237,27.3181,28.8754
2023-01-13,29.4400,29.5000,28.6600,28.6800,16940700,UBER,26.0435,26.9020,27.3174,27.0578,27.9694,27.4636,27.2794,28.8810
2023-01-17,29.2000,29.7800,28.9550,29.4400,20816500,UBER,26.1915,27.1209,27.3252,27.1418,27.9833,27.4980,27.2425,28.8841
2023-01-18,28.9600,30.0900,28.8850,29.9500,25257200,UBER,26.3410,27.2961,27.3298,27.2131,27.9858,27.5269,27.2089,28.8849
2023-01-19,29.0300,29.2850,28.3400,28.4700,15651500,UBER,26.5450,27.4612,27.3426,27.2843,27.9799,27.5567,27.1741,28.8863
2023-01-20,30.3600,30.3900,29.1200,29.3000,23008700,UBER,26.8150,27.7373,27.3960,27.4049,27.9977,27.6122,27.1434,28.9010
2023-01-23,30.5300,31.1100,30.2650,30.6300,22041100,UBER,27.0735,28.0032,27.4578,27.5275,28.0156,27.6700,27.1212,28.9172
2023-01-24,29.9300,31.2000,28.5100,28.5100,14464400,UBER,27.3380,28.1867,27.5254,27.6217,28.0278,27.7147,27.1039,28.9273
2023-01-25,30.2900,30.4000,28.8000,29.2200,14488100,UBER,27.6205,28.3871,27.5542,27.7263,28.0431,27.7657,27.0940,28.9409
2023-01-26,30.0200,30.6470,29.3100,30.5300,25383600,UBER,27.9015,28.5426,27.5716,27.8163,28.0541,27.8104,27.0838,28.9516
2023-01-27,30.3600,30.5970,29.5000,29.7000,18224000,UBER,28.1900,28.7157,27.5974,27.9160,28.0672,27.8609,27.0754,28.9656
2023-01-30,29.6300,30.5400,29.5900,30.2000,17969700,UBER,28.4260,28.8027,27.5586,27.9833,28.0746,27.8959,27.0636,28.9722
2023-01-31,30.9300,30.9600,29.7400,29.7500,15611500,UBER,28.7360,29.0053,27.5764,28.0988,28.0836,27.9560,27.0551,28.9917
2023-02-01,31.4900,31.8500,30.6400,30.8800,21206400,UBER,29.0425,29.2420,27.6286,28.2318,28.0917,28.0260,27.0491,29.0166
2023-02-02,33.0500,33.4700,32.4200,32.4200,32045500,UBER,29.3995,29.6046,27.7104,28.4208,28.1044,28.1254,27.0554,29.0567
2023-02-03,33.0900,33.9500,32.1500,32.1700,25804900,UBER,29.7765,29.9366,27.8072,28.6039,28.1103,28.2237,27.0519,29.0968
2023-02-06,33.9000,34.2100,32.9000,33.5300,33594900,UBER,30.1515,30.3140,27.9236,28.8116,28.1361,28.3362,27.0554,29.1446
2023-02-07,34.9000,35.0600,33.4100,33.6600,59374000,UBER,30.5265,30.7508,28.0458,29.0503,28.1546,28.4661,27.0715,29.2019
2023-02-08,36.8300,37.5800,34.5000,37.4300,109597800,UBER,30.9660,31.3298,28.2124,29.3554,28.1916,28.6317,27.1015,29.2778
2023-02-09,35.8900,37.3600,35.6500,36.8900,44068500,UBER,31.3430,31.7641,28.3750,29.6117,28.2312,28.7755,27.1187,29.3436
2023-02-10,34.3000,35.3990,34.0500,34.4000,41936400,UBER,31.6065,32.0056,28.5058,29.7955,28.2593,28.8849,27.1336,29.3929
2023-02-13,33.4400,34.5200,33.3500,34.5000,35043700,UBER,31.8065,32.1422,28.5918,29.9384,28.2788,28.9751,27.1474,29.4332
2023-02-14,35.2300,35.3600,32.7240,33.1100,38856500,UBER,32.1080,32.4363,28.7296,30.1459,28.3264,29.0989,27.1594,29.4908
2023-02-15,36.2300,36.2400,34.7150,35.0100,31443800,UBER,32.4715,32.7976,28.8792,30.3845,28.4029,29.2401,27.1832,29.5579
2023-02-16,36.2200,36.7300,35.4520,35.6000,28202700,UBER,32.8310,33.1235,29.0496,30.6134,28.4869,29.3784,27.2123,29.6242
2023-02-17,34.7700,36.2300,34.5700,35.9600,27946700,UBER,33.0515,33.2803,29.2066,30.7764,28.5657,29.4851,27.2388,29.6754
2023-02-21,34.2000,34.3900,33.4900,33.7800,24696800,UBER,33.2350,33.3679,29.3626,30.9106,28.6320,29.5785,27.2693,29.7204
2023-02-22,34.5400,35.1700,34.2200,34.3500,23294000,UBER,33.4655,33.4796,29.5244,31.0530,28.6970,29.6767,27.3079,29.7684
2023-02-23,34.4700,34.8000,33.7000,34.7900,23661700,UBER,33.6745,33.5739,29.6828,31.1870,28.7775,29.7717,27.3499,29.8151
2023-02-24,33.4000,33.9200,33.0200,33.7000,19101000,UBER,33.8435,33.5573,29.8102,31.2738,28.8465,29.8435,27.4016,29.8508
2023-02-27,33.5500,33.8500,33.0600,33.6750,19079100,UBER,34.0030,33.5566,29.9416,31.3630,28.9148,29.9169,27.4510,29.8876
2023-02-28,33.2600,34.0000,33.1650,33.7500,17144000,UBER,34.1845,33.5284,30.0574,31.4374,28.9555,29.9831,27.5045,29.9212
2023-03-01,32.9900,33.5800,32.8900,33.4300,14404700,UBER,34.2875,33.4771,30.1924,31.4983,28.9936,30.0426,27.5530,29.9517
2023-03-02,33.6900,33.8000,32.2300,32.5400,17967400,UBER,34.3975,33.4974,30.3468,31.5842,29.0332,30.1149,27.5995,29.9889
2023-03-03,34.5700,34.5900,33.8000,34.0000,14990400,UBER,34.4735,33.5995,30.5392,31.7013,29.0982,30.2031,27.6544,30.0345
2023-03-06,33.8800,35.1100,33.8500,34.5850,18903000,UBER,34.5130,33.6262,30.7176,31.7868,29.1617,30.2759,27.7028,30.0728
2023-03-07,34.1400,35.0000,33.6000,33.8500,25538400,UBER,34.5250,33.6752,30.8932,31.8791,29.2565,30.3524,27.7612,30.1132
2023-03-08,34.0100,34.6300,33.5200,34.0100,16174300,UBER,34.4805,33.7071,31.0806,31.9626,29.3368,30.4248,27.8150,30.1520
2023-03-09,32.3200,34.5200,32.2800,34.4100,27629700,UBER,34.2550,33.5750,31.2342,31.9766,29.4100,30.4624,27.8599,30.1736
2023-03-10,31.1100,32.0350,30.7700,32.0000,32553600,UBER,34.0160,33.3402,31.3684,31.9427,29.4740,30.4752,27.8965,30.1829
2023-03-13,30.8200,31.0850,29.9700,30.5850,24302600,UBER,33.8420,33.1002,31.4930,31.8986,29.5228,30.4820,27.9429,30.1892
2023-03-14,32.3600,33.4200,32.1600,32.9400,34241800,UBER,33.7880,33.0297,31.6420,31.9167,29.5703,30.5192,27.9945,30.2108
2023-03-15,31.9700,32.2350,31.3850,31.8300,28434900,UBER,33.6250,32.9288,31.7868,31.9188,29.6147,30.5479,28.0388,30.2283
2023-03-16,32.7300,32.9000,31.5500,31.5900,20044700,UBER,33.4500,32.9098,31.9342,31.9506,29.6633,30.5911,28.0841,30.2532
2023-03-17,31.7800,32.4700,31.5100,32.3800,27102500,UBER,33.2280,32.8022,32.0516,31.9439,29.7009,30.6147,28.1270,30.2684
2023-03-20,31.9300,32.3600,31.4600,31.6000,14157800,UBER,33.0860,32.7192,32.1792,31.9434,29.7437,30.6407,28.1720,30.2850
2023-03-21,32.8600,33.1400,32.2300,32.3300,19780200,UBER,33.0190,32.7326,32.3084,31.9793,29.7887,30.6847,28.2126,30.3106
2023-03-22,31.5200,32.7200,31.5000,32.5800,24636400,UBER,32.8680,32.6171,32.3908,31.9613,29.8219,30.7012,28.2494,30.3226
2023-03-23,31.1800,32.2000,30.7500,31.8800,16806900,UBER,32.7035,32.4802,32.4536,31.9307,29.8555,30.7107,28.2817,30.3311
2023-03-24,30.7500,31.1500,30.2900,30.9400,14775300,UBER,32.5710,32.3154,32.5016,31.8844,29.8880,30.7115,28.3089,30.3353
2023-03-27,30.6200,31.0400,30.1400,31.0300,17918000,UBER,32.4245,32.1540,32.5334,31.8348,29.9285,30.7097,28.3329,30.3381
2023-03-28,30.0700,30.8600,29.9800,30.5300,23087300,UBER,32.2650,31.9555,32.5460,31.7656,29.9317,30.6970,28.3560,30.3355
2023-03-29,30.8700,30.9000,30.2000,30.6200,18917500,UBER,32.1590,31.8521,32.5794,31.7305,29.9523,30.7004,28.3918,30.3408
2023-03-30,31.1900,31.8500,30.8800,31.5000,16261300,UBER,32.0340,31.7891,32.6240,31.7093,29.9769,30.7101,28.4399,30.3492
2023-03-31,31.7000,31.8450,31.2100,31.4200,14824600,UBER,31.8905,31.7806,32.6774,31.7089,30.0100,30.7297,28.4929,30.3627
2023-04-03,31.4600,31.7550,31.1670,31.5000,23529100,UBER,31.7695,31.7500,32.6994,31.6991,30.0477,30.7442,28.5401,30.3736
2023-04-04,31.3900,32.1300,31.2850,31.9400,15146900,UBER,31.6320,31.7158,32.7166,31.6870,30.0872,30.7570,28.5947,30.3837
2023-04-05,31.1200,31.2350,30.4700,30.9500,17243300,UBER,31.4875,31.6590,32.7404,31.6648,30.1329,30.7642,28.6412,30.3910
2023-04-06,31.1800,31.4900,30.5000,30.9300,14486900,UBER,31.4305,31.6134,32.7582,31.6458,30.1562,30.7724,28.6883,30.3989
2023-04-10,31.7400,31.7850,30.6100,30.9600,16463100,UBER,31.4620,31.6255,32.7926,31.6495,30.1821,30.7916,28.7395,30.4122
2023-04-11,31.1200,31.8000,30.8800,31.7500,16906500,UBER,31.4770,31.5773,32.8078,31.6287,30.2026,30.7981,28.7833,30.4193
2023-04-12,30.5900,31.4500,30.4000,31.1900,15964900,UBER,31.3885,31.4833,32.8270,31.5880,30.1928,30.7939,28.8211,30.4210
2023-04-13,31.4400,31.5900,30.6900,30.8350,15079600,UBER,31.3620,31.4792,32.8372,31.5822,30.2068,30.8067,28.8640,30.4311
2023-04-14,31.4800,31.6200,30.9300,31.3100,11851900,UBER,31.2995,31.4792,32.8370,31.5782,30.2328,30.8201,28.9110,30.4416
2023-04-17,32.0800,32.1900,31.6300,32.1900,25206200,UBER,31.3145,31.5365,32.8176,31.5978,30.2640,30.8450,28.9640,30.4579
2023-04-18,31.7300,32.9300,31.6100,32.3700,18698600,UBER,31.3045,31.5549,32.7904,31.6030,30.2988,30.8625,29.0204,30.4705
2023-04-19,32.0400,32.3700,31.1600,31.3500,13822000,UBER,31.2635,31.6011,32.7532,31.6202,30.3384,30.8859,29.0739,30.4861
2023-04-20,31.5000,32.0400,31.4000,31.5200,12747100,UBER,31.2625,31.5915,32.6852,31.6154,30.3655,30.8980,29.1188,30.4962
2023-04-21,30.8300,31.4600,29.7100,31.3600,40543100,UBER,31.2450,31.5189,32.5652,31.5846,30.3888,30.8967,29.1654,30.4995
2023-04-24,30.6800,31.0600,30.2300,30.6800,14596200,UBER,31.2415,31.4390,32.4610,31.5492,30.4180,30.8924,29.2051,30.5013
2023-04-25,29.5900,30.4700,29.5540,30.3400,20399200,UBER,31.1900,31.2629,32.3668,31.4723,30.4363,30.8666,29.2414,30.4923
2023-04-26,29.6800,30.1200,29.4650,29.7000,14277100,UBER,31.1705,31.1122,32.2916,31.4021,30.4417,30.8431,29.2838,30.4842
2023-04-27,29.7000,30.1700,29.2200,30.0700,27293700,UBER,31.1120,30.9777,32.1810,31.3353,30.4553,30.8205,29.3245,30.4764
2023-04-28,31.0500,31.2700,29.4150,29.6200,28516100,UBER,31.1050,30.9846,32.0774,31.3241,30.4783,30.8250,29.3722,30.4821
2023-05-01,32.7400,33.0000,31.7600,32.0000,49867100,UBER,31.1570,31.1518,32.0078,31.3796,30.5287,30.8629,29.4327,30.5046
2023-05-02,36.5200,36.6250,34.2300,35.0200,102993500,UBER,31.4100,31.6630,32.0428,31.5812,30.6247,30.9749,29.5069,30.5644
2023-05-03,37.8400,38.3500,36.3500,36.7500,68580800,UBER,31.7325,32.2513,32.1156,31.8267,30.7391,31.1109,29.5832,30.6368
2023-05-04,37.4900,37.8000,36.6850,37.4800,44819400,UBER,32.0510,32.7502,32.1746,32.0488,30.8495,31.2372,29.6573,30.7050
2023-05-05,37.7500,37.9500,36.8700,37.4800,24682900,UBER,32.3795,33.2264,32.2402,32.2723,30.9615,31.3662,29.7255,30.7751
2023-05-08,38.8300,38.9300,37.4800,37.8200,30992100,UBER,32.7340,33.7601,32.3488,32.5295,31.0795,31.5140,29.7985,30.8552
2023-05-09,38.1900,38.5800,37.9050,38.4900,19387000,UBER,33.0875,34.1820,32.4416,32.7515,31.1916,31.6462,29.8729,30.9282
2023-05-10,38.7900,38.9500,38.1700,38.6000,19531500,UBER,33.4975,34.6208,32.5522,32.9883,31.3048,31.7876,29.9501,31.0065
2023-05-11,38.4200,39.1800,38.3400,38.6400,16515600,UBER,33.8465,34.9827,32.6608,33.2013,31.4266,31.9190,30.0295,31.0802
2023-05-12,38.4500,39.2300,38.2000,38.6400,21626000,UBER,34.1950,35.3129,32.7560,33.4071,31.5514,32.0483,30.1063,31.1536
2023-05-15,38.1400,38.4800,37.9900,38.3400,17826600,UBER,34.4980,35.5821,32.8274,33.5927,31.6833,32.1689,30.1804,31.2231
2023-05-16,37.4400,38.1500,37.4400,37.9300,21829100,UBER,34.7835,35.7591,32.8986,33.7436,31.8081,32.2733,30.2504,31.2849
2023-05-17,37.8400,37.9550,37.3600,37.7300,19534400,UBER,35.0735,35.9573,32.9726,33.9042,31.9329,32.3835,30.3166,31.3502
2023-05-18,39.2500,39.4900,37.7600,37.9800,27828100,UBER,35.4610,36.2708,33.0774,34.1139,32.0790,32.5195,30.3666,31.4288
2023-05-19,39.1800,39.4900,38.9150,39.2500,19785500,UBER,35.8785,36.5479,33.2146,34.3126,32.2244,32.6514,30.4115,31.5059
2023-05-22,39.1700,40.5000,39.0760,39.1300,27581600,UBER,36.3030,36.7976,33.3758,34.5030,32.3721,32.7805,30.4481,31.5821
2023-05-23,38.6600,39.6500,38.5100,38.9900,18679400,UBER,36.7565,36.9750,33.5326,34.6661,32.5128,32.8969,30.4814,31.6526
2023-05-24,37.9600,38.6600,37.7700,38.0500,22074700,UBER,37.1705,37.0688,33.6446,34.7952,32.6433,32.9972,30.5119,31.7153
2023-05-25,37.9500,38.5850,37.5250,38.4800,18634200,UBER,37.5830,37.1527,33.7642,34.9189,32.7755,33.0952,30.5464,31.7774
2023-05-26,38.4500,38.7600,38.2200,38.2400,14427900,UBER,37.9530,37.2763,33.8786,35.0574,32.9064,33.2013,30.5746,31.8438
2023-05-30,37.5600,39.0600,37.5600,38.7300,18143200,UBER,38.1940,37.3033,33.9942,35.1556,33.0229,33.2876,30.6012,31.9006
2023-05-31,37.9300,38.0500,37.0700,37.2500,34506300,UBER,38.2645,37.3630,34.1142,35.2644,33.1467,33.3795,30.6285,31.9606
2023-06-01,38.4800,38.5000,37.2650,37.5000,17115300,UBER,38.2965,37.4694,34.2266,35.3905,33.2675,33.4805,30.6585,32.0255
2023-06-02,39.7300,39.8900,39.0000,39.0000,21219000,UBER,38.4085,37.6847,34.3908,35.5606,33.3908,33.6043,30.6952,32.1022
2023-06-05,40.4200,40.7900,39.5000,39.5000,24218600,UBER,38.5420,37.9452,34.5756,35.7512,33.5146,33.7392,30.7437,32.1849
2023-06-06,40.2500,40.7300,39.9300,40.2490,14570100,UBER,38.6130,38.1647,34.7656,35.9276,33.6336,33.8682,30.7942,32.2652
2023-06-07,38.9900,40.2500,38.6100,40.2400,23653900,UBER,38.6530,38.2433,34.9330,36.0477,33.7332,33.9696,30.8441,32.3321
2023-06-08,40.2600,40.6300,39.0400,39.1800,20301800,UBER,38.7265,38.4354,35.1368,36.2129,33.8414,34.0941,30.9054,32.4110
2023-06-09,40.9900,41.0000,40.0200,40.0500,21980700,UBER,38.8550,38.6787,35.3392,36.4002,33.9593,34.2307,30.9713,32.4963
2023-06-12,41.7400,41.7450,41.0600,41.2600,15987700,UBER,39.0195,38.9702,35.5502,36.6097,34.0871,34.3794,31.0365,32.5883
2023-06-13,41.4100,41.8300,40.8900,41.7500,16659600,UBER,39.1830,39.2026,35.7444,36.7979,34.2109,34.5186,31.0954,32.6761
2023-06-14,41.2700,41.5900,40.5700,41.3000,15077600,UBER,39.3745,39.3995,35.9406,36.9733,34.3200,34.6523,31.1589,32.7616
2023-06-15,43.3600,43.7500,40.9400,41.0200,41477800,UBER,39.6505,39.7767,36.1800,37.2237,34.4483,34.8247,31.2320,32.8671
2023-06-16,43.5200,43.6650,42.5300,43.0700,27986400,UBER,39.8640,40.1332,36.4280,37.4706,34.5842,34.9969,31.3060,32.9731
2023-06-20,42.1700,43.4700,42.0200,42.7700,19931300,UBER,40.0135,40.3272,36.6478,37.6549,34.7030,35.1390,31.3731,33.0646
2023-06-21,42.6600,43.2180,41.7700,42.5000,21916500,UBER,40.1880,40.5493,36.8662,37.8512,34.8294,35.2879,31.4418,33.1601
2023-06-22,42.8100,43.8700,42.2100,42.3000,19542100,UBER,40.3955,40.7646,37.1000,38.0457,34.9539,35.4368,31.5106,33.2561
2023-06-23,43.3400,43.7550,42.3300,42.5900,23186600,UBER,40.6645,41.0099,37.3550,38.2533,35.0910,35.5933,31.5828,33.3564
2023-06-26,44.4200,45.0400,43.6800,43.7500,33693000,UBER,40.9880,41.3347,37.6146,38.4951,35.2259,35.7681,31.6548,33.4665
2023-06-27,43.8300,44.8300,43.7500,44.6900,29652100,UBER,41.2570,41.5723,37.8616,38.7043,35.3493,35.9278,31.7205,33.5696
2023-06-28,44.2400,45.2400,43.3200,43.5000,28187400,UBER,41.5910,41.8264,38.1048,38.9214,35.4612,36.0924,31.7828,33.6758
2023-06-29,42.5800,44.2800,42.1100,44.0900,28595300,UBER,41.8235,41.8982,38.3218,39.0649,35.5561,36.2208,31.8332,33.7644
2023-06-30,43.1700,43.4300,42.9200,43.1100,17589200,UBER,42.0580,42.0193,38.5444,39.2259,35.6488,36.3584,31.8925,33.8580
2023-07-03,43.0900,43.4000,42.5800,43.1700,7578100,UBER,42.2260,42.1213,38.7762,39.3774,35.7307,36.4917,31.9427,33.9498
2023-07-05,43.6600,43.8800,42.8900,42.8900,15730400,UBER,42.3880,42.2678,39.0328,39.5454,35.7990,36.6337,31.9953,34.0465
2023-07-06,42.1100,43.0000,41.8700,42.9900,17983600,UBER,42.4810,42.2528,39.2614,39.6459,35.8612,36.7421,32.0462,34.1267
2023-07-07,42.9100,43.1200,41.9410,42.0700,14937600,UBER,42.6770,42.3154,39.5278,39.7739,35.9473,36.8643,32.1033,34.2141
2023-07-10,42.7800,43.2000,42.4400,42.5800,15821800,UBER,42.8030,42.3596,39.7898,39.8918,36.0407,36.9814,32.1598,34.2993
2023-07-11,44.3600,44.6700,41.7460,42.1000,32165000,UBER,42.9715,42.5501,40.0830,40.0670,36.1320,37.1275,32.2292,34.3994
2023-07-12,44.5200,45.2200,43.9700,45.0000,21830100,UBER,43.1105,42.7377,40.3524,40.2417,36.2149,37.2739,32.3089,34.5001
2023-07-13,45.6400,45.9350,44.6220,45.2100,21193200,UBER,43.3220,43.0141,40.6104,40.4534,36.3091,37.4396,32.3980,34.6110
2023-07-14,44.7500,46.4000,44.5600,45.9050,22054800,UBER,43.4960,43.1795,40.7750,40.6219,36.4089,37.5843,32.4873,34.7119
2023-07-17,45.5100,45.6500,44.5000,44.6800,21937900,UBER,43.6035,43.4014,40.9284,40.8136,36.5220,37.7413,32.5770,34.8193
2023-07-18,47.4100,47.7500,45.3400,45.3400,42599100,UBER,43.7980,43.7832,41.1268,41.0722,36.6507,37.9327,32.6739,34.9446
2023-07-19,47.1200,47.9000,46.5500,47.1000,21990900,UBER,44.0455,44.1010,41.3142,41.3094,36.7772,38.1147,32.7774,35.0657
2023-07-20,46.5700,47.5000,45.8600,46.0700,23085300,UBER,44.2410,44.3361,41.4690,41.5157,36.9089,38.2821,32.8777,35.1802
2023-07-21,47.2300,47.3400,46.2800,46.5500,20181200,UBER,44.4620,44.6117,41.6498,41.7398,37.0457,38.4593,32.9803,35.3001
2023-07-24,47.3200,47.5500,46.8400,47.0600,16669800,UBER,44.6610,44.8697,41.8204,41.9586,37.1863,38.6347,33.0709,35.4197
2023-07-25,47.1700,47.7300,46.9300,47.2000,14188200,UBER,44.7985,45.0887,41.9954,42.1630,37.3281,38.8038,33.1609,35.5366
2023-07-26,47.3100,47.5550,46.6200,47.0500,16666200,UBER,44.9725,45.3003,42.1726,42.3648,37.4643,38.9722,33.2488,35.6538
2023-07-27,46.6100,48.0900,46.3550,48.0000,17992000,UBER,45.0910,45.4250,42.3420,42.5313,37.5847,39.1234,33.3415,35.7628
2023-07-28,48.1400,48.4300,46.7100,47.1400,17154600,UBER,45.3690,45.6836,42.5560,42.7513,37.7273,39.3020,33.4445,35.8859
2023-07-31,49.4600,49.4900,48.1500,48.8500,38736800,UBER,45.6835,46.0433,42.7884,43.0144,37.8805,39.5031,33.5685,36.0210
2023-08-01,46.6500,49.0300,46.0100,48.6700,82097500,UBER,45.8615,46.1010,42.9364,43.1569,38.0069,39.6447,33.6719,36.1268
2023-08-02,46.9600,47.7050,45.6700,46.0550,36303800,UBER,46.0265,46.1828,43.0920,43.3061,38.1533,39.7895,33.7817,36.2346
2023-08-03,45.9100,47.8500,45.7900,46.2200,25248800,UBER,46.2165,46.1569,43.2268,43.4082,38.3013,39.9107,33.8877,36.3308
2023-08-04,45.2000,46.3800,45.0200,46.0000,25657600,UBER,46.3310,46.0657,43.3576,43.4784,38.4451,40.0154,33.9840,36.4191
2023-08-07,44.9500,45.5300,44.3800,45.0100,22122500,UBER,46.4395,45.9595,43.4974,43.5362,38.5710,40.1132,34.0707,36.5040
2023-08-08,45.1600,45.2400,44.0850,44.5000,14742200,UBER,46.4795,45.8833,43.6416,43.5998,38.7029,40.2131,34.1588,36.5901
2023-08-09,44.1100,45.4600,43.8400,45.2500,20113000,UBER,46.4590,45.7144,43.7548,43.6198,38.8167,40.2903,34.2400,36.6649
2023-08-10,44.6000,45.1800,44.0900,44.1300,16908200,UBER,46.4070,45.6083,43.8956,43.6583,38.9449,40.3756,34.3229,36.7439
2023-08-11,43.7100,44.3000,43.3100,44.0000,16181100,UBER,46.3550,45.4275,44.0112,43.6603,39.0627,40.4416,34.4032,36.8132
2023-08-14,44.8500,44.8850,42.9500,43.5000,15828800,UBER,46.3220,45.3725,44.1386,43.7070,39.1826,40.5289,34.4857,36.8932
2023-08-15,44.0800,44.8800,44.0100,44.7000,13404700,UBER,46.1555,45.2494,44.2256,43.7216,39.3082,40.5992,34.5651,36.9647
2023-08-16,43.6500,44.3300,43.4000,43.9800,14980800,UBER,45.9820,45.0971,44.2902,43.7188,39.4329,40.6597,34.6442,37.0312
2023-08-17,43.9700,44.8600,43.9100,44.1800,21326600,UBER,45.8520,44.9897,44.3646,43.7286,39.5651,40.7252,34.7266,37.1002
2023-08-18,44.6900,44.8400,43.1900,43.2700,17138000,UBER,45.7250,44.9612,44.4786,43.7663,39.7058,40.8037,34.8172,37.1758
2023-08-21,44.6300,45.3000,44.0100,44.9800,15362100,UBER,45.5905,44.9297,44.5660,43.8002,39.8514,40.8795,34.8916,37.2499
2023-08-22,44.3500,45.1800,44.0200,44.9400,13593100,UBER,45.4495,44.8745,44.6332,43.8218,39.9862,40.9482,34.9693,37.3206
2023-08-23,45.1400,45.6150,44.0000,44.0000,14625800,UBER,45.3410,44.8997,44.7012,43.8735,40.1257,41.0312,35.0513,37.3984
2023-08-24,44.6800,45.7200,44.6400,45.2400,18129600,UBER,45.2445,44.8788,44.7666,43.9051,40.2555,41.1035,35.1328,37.4708
2023-08-25,43.9600,44.8400,43.0800,44.7100,19132500,UBER,45.0355,44.7913,44.8204,43.9072,40.3805,41.1600,35.2141,37.5354
2023-08-28,44.1500,44.5200,43.7100,44.1100,10424100,UBER,44.7700,44.7302,44.8362,43.9168,40.5081,41.2192,35.2977,37.6012
2023-08-29,45.3500,45.5850,44.1200,44.2100,11335400,UBER,44.7050,44.7893,44.8728,43.9730,40.6504,41.3010,35.3917,37.6783
2023-08-30,46.5100,46.7500,45.3000,45.3500,19869400,UBER,44.6825,44.9531,44.9596,44.0725,40.8037,41.4042,35.4800,37.7662
2023-08-31,47.2300,47.5700,46.5200,46.6900,19263800,UBER,44.7485,45.1700,45.0510,44.1963,40.9586,41.5195,35.5704,37.8604
2023-09-01,47.0400,47.7000,46.8300,47.5100,14614500,UBER,44.8405,45.3481,45.1356,44.3078,41.1178,41.6289,35.6602,37.9517
2023-09-05,46.5500,47.1400,46.3000,46.8700,16461700,UBER,44.9205,45.4625,45.1998,44.3957,41.2774,41.7263,35.7351,38.0373
2023-09-06,45.9000,46.8500,45.6100,46.3400,14262700,UBER,44.9575,45.5042,45.2294,44.4547,41.4220,41.8090,35.8144,38.1155
2023-09-07,46.2700,46.6800,45.2500,45.5000,14972200,UBER,45.0655,45.5771,45.2782,44.5259,41.5699,41.8973,35.9014,38.1966
2023-09-08,47.2400,47.2500,46.2700,46.3400,15956900,UBER,45.1975,45.7355,45.3382,44.6323,41.7215,42.0031,35.9928,38.2866
2023-09-11,48.9400,48.9700,47.6500,47.7400,19007300,UBER,45.4590,46.0407,45.4654,44.8013,41.8936,42.1405,36.0962,38.3926
2023-09-12,47.9200,49.1880,47.9000,48.3400,18809000,UBER,45.6125,46.2197,45.5604,44.9236,42.0524,42.2549,36.1954,38.4874
2023-09-13,48.1600,48.3600,47.2800,47.5100,12691800,UBER,45.8165,46.4045,45.6618,45.0505,42.2190,42.3718,36.2923,38.5837
2023-09-14,48.3200,48.6950,47.8050,48.6300,13068200,UBER,46.0500,46.5869,45.7550,45.1787,42.3939,42.4896,36.3914,38.6805
2023-09-15,47.5200,48.4900,47.2700,48.1900,16130100,UBER,46.2275,46.6758,45.8632,45.2705,42.5623,42.5892,36.4902,38.7685
2023-09-18,46.5100,47.3480,46.4800,47.3000,15025500,UBER,46.3185,46.6600,45.9352,45.3191,42.7315,42.6669,36.5839,38.8455
2023-09-19,47.5900,47.7550,46.2100,46.4000,19180200,UBER,46.4665,46.7486,46.0314,45.4082,42.9106,42.7644,36.6762,38.9325
2023-09-20,46.5500,47.5400,46.4000,46.8650,22582000,UBER,46.5765,46.7296,46.0752,45.4530,43.0791,42.8393,36.7672,39.0083
2023-09-21,44.6000,45.7900,43.9300,45.7900,27865700,UBER,46.5495,46.5268,46.0768,45.4195,43.2146,42.8742,36.8465,39.0640
2023-09-22,44.4100,45.3450,44.0300,45.1600,16158700,UBER,46.5360,46.3252,46.0522,45.3799,43.3313,42.9046,36.9300,39.1172
2023-09-25,44.9100,45.1100,44.1100,44.1400,9175400,UBER,46.5835,46.1904,46.0554,45.3615,43.4152,42.9443,37.0200,39.1748
2023-09-26,44.2700,45.3890,44.0450,44.5000,11283600,UBER,46.5895,46.0075,46.0306,45.3187,43.4795,42.9706,37.1093,39.2255
2023-09-27,45.1400,45.4730,44.4400,44.5100,16835100,UBER,46.5790,45.9249,45.9852,45.3117,43.5560,43.0135,37.2028,39.2844
2023-09-28,46.1400,46.5800,44.9200,44.9200,22199200,UBER,46.5605,45.9454,45.9656,45.3442,43.6399,43.0754,37.3007,39.3526
2023-09-29,45.9900,46.9200,45.8500,46.7500,14247000,UBER,46.4985,45.9496,45.9540,45.3695,43.7115,43.1331,37.3955,39.4186
2023-10-02,45.6800,46.2900,45.1020,45.5700,14976700,UBER,46.4305,45.9240,45.9230,45.3817,43.7864,43.1836,37.4890,39.4809
2023-10-03,44.5100,45.6050,44.3250,45.3600,11033400,UBER,46.3285,45.7893,45.8668,45.3475,43.8436,43.2098,37.5742,39.5310
2023-10-04,44.9400,45.4850,44.1800,44.7900,12476100,UBER,46.2805,45.7084,45.8222,45.3315,43.9088,43.2441,37.6677,39.5848
2023-10-05,44.6100,44.9300,43.6500,44.8400,14518800,UBER,46.1975,45.6038,45.7682,45.3032,43.9704,43.2712,37.7609,39.6348
2023-10-06,45.7800,45.9450,44.0600,44.0600,14754800,UBER,46.1245,45.6206,45.7516,45.3219,44.0468,43.3208,37.8651,39.6959
2023-10-09,45.4500,45.6000,44.5800,45.1500,11422300,UBER,45.9500,45.6043,45.6978,45.3269,44.1269,43.3630,37.9675,39.7532
2023-10-10,46.6300,47.2750,45.5500,45.7500,14538600,UBER,45.8855,45.7020,45.6412,45.3780,44.2148,43.4277,38.0739,39.8216
2023-10-11,46.6400,47.2100,46.2650,46.9000,12985500,UBER,45.8095,45.7914,45.6410,45.4275,44.2887,43.4913,38.1839,39.8895
2023-10-12,45.9500,47.0400,45.6000,46.5400,15983600,UBER,45.6910,45.8065,45.6208,45.4480,44.3564,43.5400,38.2904,39.9498
2023-10-13,43.4800,46.2900,42.7000,45.8200,28195100,UBER,45.4890,45.5849,45.5722,45.3708,44.3995,43.5388,38.3858,39.9849
2023-10-16,44.7100,45.0000,43.4650,43.7650,20447100,UBER,45.3990,45.5016,45.5624,45.3449,44.4600,43.5620,38.4864,40.0319
2023-10-17,44.3800,45.2600,44.0500,44.4100,17337800,UBER,45.2385,45.3948,45.5510,45.3071,44.5242,43.5782,38.5838,40.0752
2023-10-18,43.0000,44.2000,42.9100,43.9000,15388000,UBER,45.0610,45.1667,45.5078,45.2166,44.5747,43.5667,38.6751,40.1043
2023-10-19,42.7200,43.2700,42.1850,43.0200,16090000,UBER,44.9670,44.9337,45.4800,45.1187,44.6174,43.5500,38.7619,40.1303
2023-10-20,42.9600,43.3500,42.2600,42.7200,13966100,UBER,44.8945,44.7457,45.4472,45.0340,44.6714,43.5383,38.8472,40.1585
2023-10-23,43.0400,43.9700,42.2500,42.5300,11277100,UBER,44.8010,44.5833,45.4338,44.9558,44.7225,43.5284,38.9346,40.1871
2023-10-24,44.1900,44.3250,43.3850,43.5000,17566500,UBER,44.7970,44.5458,45.4206,44.9258,44.7796,43.5415,39.0236,40.2270
2023-10-25,42.3500,43.4900,42.0650,43.3000,16495900,UBER,44.6575,44.3367,45.3860,44.8248,44.8058,43.5179,39.0983,40.2481
2023-10-26,40.6200,42.3000,40.0900,42.1400,23465500,UBER,44.3815,43.9827,45.3254,44.6599,44.8078,43.4605,39.1612,40.2518
2023-10-27,41.2300,42.1450,40.8000,41.2100,17098600,UBER,44.1435,43.7205,45.2706,44.5254,44.8176,43.4164,39.2256,40.2615
2023-10-30,42.7300,43.0000,42.0100,42.0100,21292700,UBER,43.9960,43.6262,45.2314,44.4550,44.8550,43.4028,39.2941,40.2861
2023-10-31,43.2800,43.5300,42.2000,42.8200,18414000,UBER,43.9345,43.5932,45.2044,44.4089,44.8852,43.4004,39.3633,40.3159
2023-11-01,43.8300,44.0000,42.9100,43.2500,18989300,UBER,43.8790,43.6158,45.1940,44.3862,44.9136,43.4089,39.4365,40.3508
2023-11-02,46.4800,46.8600,45.2500,45.3500,25816900,UBER,43.9725,43.8886,45.2208,44.4683,44.9610,43.4697,39.5241,40.4118
2023-11-03,47.7500,48.1500,46.6300,46.9200,21960700,UBER,44.0710,44.2563,45.2822,44.5970,45.0244,43.5544,39.6177,40.4848
2023-11-06,48.1400,48.3000,47.4300,47.9400,27843100,UBER,44.2055,44.6262,45.3658,44.7360,45.0931,43.6452,39.7066,40.5610
2023-11-07,49.9200,50.0400,46.6800,47.0000,81365400,UBER,44.3700,45.1304,45.4812,44.9393,45.1587,43.7695,39.8035,40.6541
2023-11-08,49.5000,50.3000,48.9000,50.0400,37726700,UBER,44.5130,45.5465,45.5642,45.1181,45.2185,43.8830,39.9014,40.7422
2023-11-09,50.0500,50.6800,49.0200,49.3000,29962300,UBER,44.7180,45.9754,45.6350,45.3115,45.2973,44.0051,40.0001,40.8348
2023-11-10,51.5800,52.1000,49.9000,50.0100,27228600,UBER,45.1230,46.5092,45.7220,45.5573,45.3865,44.1551,40.1080,40.9417
2023-11-13,52.2400,52.4200,50.7200,51.1700,21026900,UBER,45.4995,47.0550,45.8260,45.8194,45.4808,44.3152,40.2174,41.0541
2023-11-14,53.8800,54.3100,52.3900,52.9000,30621900,UBER,45.9745,47.7050,45.9726,46.1355,45.5862,44.5046,40.3386,41.1817
2023-11-15,53.7600,54.2600,53.1600,53.9200,22419700,UBER,46.5125,48.2817,46.1298,46.4345,45.6796,44.6879,40.4528,41.3069
2023-11-16,54.4200,54.5100,53.1500,53.5000,20810800,UBER,47.0975,48.8663,46.2928,46.7477,45.7855,44.8806,40.5674,41.4374
2023-11-17,54.4400,54.5100,54.0100,54.1300,16119500,UBER,47.6715,49.3971,46.4368,47.0493,45.8875,45.0699,40.6743,41.5667
2023-11-20,54.7500,55.3550,53.7600,53.8300,28511600,UBER,48.2570,49.9069,46.5530,47.3513,46.0092,45.2616,40.7826,41.6979
2023-11-21,54.8500,55.0800,53.8900,54.2300,34115500,UBER,48.7900,50.3777,46.6916,47.6454,46.1260,45.4514,40.8874,41.8288
2023-11-22,55.3700,55.8200,54.9600,55.1000,18459700,UBER,49.4410,50.8531,46.8358,47.9483,46.2488,45.6478,40.9897,41.9635
2023-11-24,55.3200,55.9360,55.0700,55.1500,10696800,UBER,50.1760,51.2785,46.9758,48.2374,46.3654,45.8394,41.0822,42.0964
2023-11-27,56.0600,56.4550,55.2900,55.4700,19101900,UBER,50.9175,51.7339,47.1466,48.5442,46.5049,46.0417,41.1830,42.2354
2023-11-28,56.2100,56.4500,55.6900,55.9800,20457500,UBER,51.5915,52.1602,47.3406,48.8448,46.6379,46.2431,41.2926,42.3744
2023-11-29,56.4000,57.1300,56.1450,56.4900,23496200,UBER,52.2475,52.5640,47.5168,49.1411,46.7741,46.4442,41.4074,42.5140
2023-11-30,56.3800,56.7700,55.5300,56.6100,32769800,UBER,52.8750,52.9274,47.7134,49.4249,46.8943,46.6410,41.5131,42.6519
2023-12-01,57.3500,57.8650,56.2500,56.6700,28539900,UBER,53.4185,53.3486,47.9684,49.7357,47.0226,46.8530,41.6187,42.7982
2023-12-04,58.6300,60.9200,58.5700,60.0100,85417300,UBER,53.9625,53.8516,48.2528,50.0845,47.1525,47.0862,41.7308,42.9557
2023-12-05,57.9700,58.6600,57.7010,58.0100,39170600,UBER,54.4540,54.2438,48.5140,50.3938,47.2847,47.3018,41.8468,43.1051
2023-12-06,59.7500,59.9800,58.3600,58.3700,33835000,UBER,54.9455,54.7682,48.8236,50.7607,47.4271,47.5483,41.9745,43.2707
2023-12-07,60.9800,60.9950,59.5250,59.6700,34410200,UBER,55.5195,55.3598,49.1404,51.1614,47.5628,47.8142,42.1067,43.4470
2023-12-08,61.7000,62.2500,60.5100,60.5100,28852100,UBER,56.1020,55.9637,49.4516,51.5747,47.7086,48.0892,42.2429,43.6286
2023-12-11,62.4600,62.9900,60.9400,61.5300,30389700,UBER,56.6460,56.5824,49.7810,52.0016,47.8675,48.3738,42.3882,43.8160
2023-12-12,62.7200,63.0250,61.8300,62.0650,27144300,UBER,57.1700,57.1669,50.1218,52.4219,48.0224,48.6579,42.5340,44.0041
2023-12-13,61.9700,62.8800,61.4500,62.7100,41661700,UBER,57.5745,57.6243,50.4710,52.7963,48.1689,48.9215,42.6776,44.1828
2023-12-14,62.5000,62.8100,60.6100,62.0100,44818100,UBER,58.0115,58.0887,50.8222,53.1769,48.3222,49.1903,42.8251,44.3651
2023-12-15,61.8600,63.5300,61.4100,62.1600,364261200,UBER,58.3835,58.4479,51.1672,53.5174,48.4677,49.4412,42.9660,44.5392
2023-12-18,61.7300,62.4900,61.3300,62.0100,28614000,UBER,58.7480,58.7604,51.4862,53.8395,48.6189,49.6846,43.1018,44.7102
2023-12-19,62.1200,62.7000,61.6900,61.8800,26813800,UBER,59.1165,59.0804,51.8196,54.1642,48.7587,49.9308,43.2430,44.8834
2023-12-20,60.6800,62.2800,60.6200,61.4900,28286100,UBER,59.4080,59.2327,52.1006,54.4197,48.8709,50.1437,43.3757,45.0406
2023-12-21,61.4600,61.7600,60.8250,61.2400,19999600,UBER,59.7125,59.4449,52.3970,54.6958,49.0190,50.3678,43.5129,45.2040
2023-12-22,61.7100,62.2350,61.2800,61.7000,14715600,UBER,60.0320,59.6606,52.7122,54.9709,49.1665,50.5924,43.6599,45.3682
2023-12-26,61.9800,62.2000,61.3140,61.7100,16077200,UBER,60.3280,59.8815,53.0822,55.2457,49.3272,50.8179,43.8142,45.5335
2023-12-27,63.2800,63.4300,62.0000,62.0000,20806000,UBER,60.6815,60.2052,53.4536,55.5608,49.5080,51.0646,43.9765,45.7101
2023-12-28,63.1400,63.5300,62.8350,63.4500,13795600,UBER,61.0185,60.4847,53.8288,55.8580,49.6899,51.3037,44.1304,45.8835
2023-12-29,61.5700,63.1400,61.3000,62.3600,21615400,UBER,61.2780,60.5880,54.2002,56.0820,49.8540,51.5070,44.2784,46.0396
2024-01-02,58.3800,60.9100,57.9300,60.7300,41978600,UBER,61.3295,60.3777,54.5134,56.1721,49.9967,51.6431,44.4067,46.1624
2024-01-03,58.2500,58.8950,57.3300,57.4800,31800600,UBER,61.3105,60.1751,54.8192,56.2536,50.1332,51.7740,44.5390,46.2827
2024-01-04,57.8000,58.9850,57.7300,58.2500,20370700,UBER,61.3020,59.9489,55.1144,56.3143,50.2741,51.8933,44.6684,46.3973
2024-01-05,57.5800,58.5100,57.2200,58.1100,17886300,UBER,61.1935,59.7233,55.3822,56.3639,50.4014,52.0059,44.7920,46.5086
2024-01-08,59.0100,59.1600,57.8500,58.0900,21213000,UBER,61.0950,59.6554,55.7154,56.4677,50.5507,52.1446,44.9294,46.6330
2024-01-09,60.3000,60.5400,58.4500,58.5000,22319900,UBER,61.0250,59.7168,56.1090,56.6180,50.7172,52.3061,45.0750,46.7689
2024-01-10,62.4100,62.6100,60.2800,60.2800,30788900,UBER,61.0225,59.9733,56.5326,56.8451,50.9016,52.5062,45.2333,46.9246
2024-01-11,63.4700,63.6100,61.8600,62.9900,28888900,UBER,61.0600,60.3063,56.9474,57.1049,51.0894,52.7233,45.3976,47.0892
2024-01-12,63.2000,64.9200,63.0000,63.2000,26374700,UBER,61.1215,60.5819,57.3458,57.3439,51.2751,52.9307,45.5632,47.2495
2024-01-16,63.6500,64.0000,62.9200,63.0000,19511800,UBER,61.1790,60.8741,57.7422,57.5912,51.4681,53.1430,45.7271,47.4127
2024-01-17,63.1200,63.4200,61.6800,62.9500,19971600,UBER,61.2420,61.0880,58.0750,57.8080,51.6479,53.3406,45.8868,47.5690
2024-01-18,64.8800,65.0000,63.3850,64.0000,24149900,UBER,61.3995,61.4491,58.4176,58.0854,51.8499,53.5691,46.0527,47.7412
2024-01-19,65.1100,65.3850,64.4100,64.9000,20339400,UBER,61.5490,61.7978,58.7570,58.3608,52.0614,53.7976,46.2209,47.9141
2024-01-22,64.5500,65.6100,64.1500,65.4400,17851700,UBER,61.7425,62.0599,59.0496,58.6036,52.2654,54.0105,46.3867,48.0796
2024-01-23,64.3200,64.8100,63.6900,64.5000,13619600,UBER,61.8855,62.2751,59.3460,58.8277,52.4551,54.2147,46.5527,48.2412
2024-01-24,63.7600,64.3970,63.2200,64.0000,17238100,UBER,61.9880,62.4166,59.6202,59.0212,52.6276,54.4037,46.7156,48.3956
2024-01-25,66.0000,66.0300,63.7100,64.2800,21963000,UBER,62.1890,62.7578,59.9086,59.2948,52.8153,54.6333,46.8869,48.5708
2024-01-26,65.5200,66.0450,65.2900,65.6500,13099600,UBER,62.3010,63.0209,60.1742,59.5390,53.0001,54.8489,47.0589,48.7394
2024-01-29,66.9800,67.1000,65.5600,65.6000,15902000,UBER,62.4930,63.3980,60.4362,59.8308,53.2044,55.0891,47.2409,48.9209
2024-01-30,66.8400,67.6900,66.2200,66.9000,17562100,UBER,62.7565,63.7258,60.6978,60.1056,53.4138,55.3218,47.4179,49.0992
2024-01-31,65.2700,66.2500,64.8450,65.7000,17026400,UBER,63.1010,63.8728,60.9148,60.3082,53.6038,55.5188,47.5868,49.2601
2024-02-01,66.7300,66.8500,65.5900,66.1200,12504200,UBER,63.5250,64.1449,61.1606,60.5600,53.7987,55.7408,47.7601,49.4340
2024-02-02,68.0700,68.2500,66.5100,66.9800,18671800,UBER,64.0385,64.5188,61.4270,60.8545,53.9900,55.9849,47.9418,49.6194
2024-02-05,68.9900,69.9900,67.8550,68.2400,26079500,UBER,64.6090,64.9446,61.7098,61.1735,54.2007,56.2425,48.1265,49.8121
2024-02-06,70.4700,70.6800,68.4400,69.0600,34464000,UBER,65.1820,65.4708,62.0118,61.5381,54.4238,56.5242,48.3214,50.0177
2024-02-07,70.6500,71.9000,67.2400,67.5950,43367000,UBER,65.6995,65.9641,62.3184,61.8954,54.6471,56.8039,48.5205,50.2230
2024-02-08,71.6100,73.0500,71.1950,71.9300,21618200,UBER,66.1595,66.5018,62.6294,62.2764,54.8880,57.0971,48.7251,50.4358
2024-02-09,70.9100,72.0400,69.6900,71.4300,20858700,UBER,66.5315,66.9216,62.9234,62.6150,55.1320,57.3706,48.9317,50.6395
2024-02-12,69.1200,71.3800,68.7350,71.0000,19554900,UBER,66.8275,67.1310,63.1778,62.8701,55.3473,57.6033,49.1289,50.8234
2024-02-13,68.9900,69.5500,66.7100,67.8950,22857100,UBER,67.0945,67.3080,63.4300,63.1101,55.5717,57.8288,49.3254,51.0042
2024-02-14,79.1500,79.2000,74.3100,74.6000,69846700,UBER,67.8960,68.4358,63.8660,63.7391,55.9172,58.2510,49.5659,51.2842
2024-02-15,81.3900,81.8650,78.2800,79.0000,40330200,UBER,68.7215,69.6696,64.3212,64.4313,56.2870,58.7092,49.8091,51.5838
2024-02-16,78.4100,80.8800,78.1100,80.5500,24457500,UBER,69.3865,70.5020,64.7300,64.9795,56.6220,59.0993,50.0186,51.8507
2024-02-20,76.6000,78.4200,75.8200,78.2300,24203100,UBER,69.9890,71.0828,65.0670,65.4352,56.9453,59.4458,50.2124,52.0970
2024-02-21,76.4400,77.4900,75.8750,76.3200,15073500,UBER,70.5950,71.5930,65.3762,65.8667,57.2583,59.7824,50.4071,52.3392
2024-02-22,78.0300,79.7200,77.5100,79.5900,16766400,UBER,71.3085,72.2060,65.7028,66.3437,57.5772,60.1437,50.6085,52.5948
2024-02-23,78.2000,78.9700,77.7200,78.5000,15648800,UBER,71.9185,72.7769,66.0176,66.8087,57.8993,60.5012,50.8054,52.8496
2024-02-26,78.3600,78.5000,77.3000,78.2800,16617300,UBER,72.5605,73.3086,66.3304,67.2617,58.2261,60.8549,51.0062,53.1034
2024-02-27,78.7500,79.7500,77.8130,78.6400,13707300,UBER,73.1490,73.8268,66.6660,67.7122,58.5685,61.2092,51.2060,53.3586
2024-02-28,77.7300,78.6600,77.4200,78.6000,11853100,UBER,73.6935,74.1986,66.9706,68.1050,58.8964,61.5364,51.4026,53.6011
2024-02-29,79.5000,79.6800,77.9300,78.3500,19405500,UBER,74.4050,74.7035,67.3234,68.5519,59.2453,61.8921,51.6078,53.8588
2024-03-01,81.0300,81.4700,79.3200,79.5000,18528700,UBER,75.1200,75.3060,67.7094,69.0412,59.5978,62.2711,51.8223,54.1292
2024-03-04,81.3000,82.1400,80.7900,81.9400,15989200,UBER,75.7815,75.8768,68.0930,69.5220,59.9563,62.6479,52.0416,54.3995
2024-03-05,79.0900,80.8500,77.4300,80.8300,19761600,UBER,76.2865,76.1829,68.4612,69.8972,60.2809,62.9735,52.2478,54.6452
2024-03-06,78.6400,80.9900,78.5300,80.1700,13734700,UBER,76.6950,76.4169,68.8048,70.2401,60.6009,63.2837,52.4448,54.8840
2024-03-07,79.4100,80.0750,78.2600,79.4000,13873300,UBER,77.1330,76.7019,69.1588,70.5997,60.9355,63.6030,52.6459,55.1280
2024-03-08,78.7000,81.9800,78.2100,79.9400,16414900,UBER,77.4875,76.8922,69.4932,70.9173,61.2877,63.9020,52.8436,55.3626
2024-03-11,77.4700,78.8900,76.5300,78.7000,13781400,UBER,77.8155,76.9473,69.7770,71.1743,61.6153,64.1707,53.0376,55.5825
2024-03-12,78.3200,78.4800,77.4800,78.0100,11303800,UBER,78.2755,77.0780,70.0806,71.4545,61.9547,64.4508,53.2394,55.8088
2024-03-13,78.2500,79.6910,77.9300,78.0000,12065100,UBER,78.7385,77.1896,70.4142,71.7210,62.3072,64.7241,53.4409,56.0321
2024-03-14,77.6500,78.4800,76.9000,78.3400,12737200,UBER,78.6635,77.2335,70.7996,71.9535,62.6565,64.9800,53.6369,56.2472
2024-03-15,76.0700,77.8400,75.7700,77.0000,24554900,UBER,78.3975,77.1227,71.1560,72.1149,62.9876,65.1996,53.8295,56.4444
2024-03-18,75.7000,77.0000,73.6600,77.0000,18936700,UBER,78.2620,76.9872,71.5140,72.2555,63.3142,65.4076,54.0183,56.6360
2024-03-19,77.0800,77.1800,74.1900,75.3800,13035200,UBER,78.2860,76.9960,71.9040,72.4447,63.6431,65.6387,54.2113,56.8394
2024-03-20,78.6400,78.9500,76.7500,77.0900,11490400,UBER,78.3960,77.1526,72.2966,72.6877,64.0060,65.8962,54.4059,57.0564
2024-03-21,80.2500,81.2300,79.0900,79.6000,16191100,UBER,78.5070,77.4476,72.6956,72.9842,64.4023,66.1804,54.6050,57.2871
2024-03-22,80.2300,80.4500,79.2000,79.8000,8872400,UBER,78.6085,77.7126,73.0520,73.2684,64.7923,66.4586,54.8049,57.5154
2024-03-25,79.4100,81.0400,79.3900,79.9900,10254300,UBER,78.6610,77.8742,73.3708,73.5092,65.1591,66.7151,55.0070,57.7333
2024-03-26,77.9100,80.1800,77.7800,79.8000,12438300,UBER,78.6190,77.8776,73.6650,73.6818,65.5054,66.9368,55.1953,57.9340
2024-03-27,78.1100,79.0000,76.8500,78.9600,13157000,UBER,78.6380,77.8998,73.9542,73.8555,65.8482,67.1580,55.3809,58.1348
2024-03-28,76.9900,78.0500,76.8950,77.9000,13421900,UBER,78.5125,77.8131,74.2316,73.9784,66.1533,67.3527,55.5571,58.3224
2024-04-01,76.4000,77.7800,76.0000,77.0000,12201800,UBER,78.2810,77.6785,74.4620,74.0734,66.4398,67.5319,55.7321,58.5023
2024-04-02,76.9800,77.3300,74.9700,75.6600,15838800,UBER,78.0650,77.6120,74.6994,74.1873,66.7282,67.7189,55.9107,58.6861
2024-04-03,76.8100,78.8500,76.5400,76.8400,19883100,UBER,77.9510,77.5356,74.9446,74.2902,66.9971,67.8990,56.0779,58.8665
2024-04-04,74.9200,77.6700,74.4800,77.2400,17191300,UBER,77.7650,77.2865,75.1566,74.3149,67.2513,68.0380,56.2349,59.0262
2024-04-05,77.1600,78.3950,74.9200,75.3400,21572000,UBER,77.6525,77.2745,75.4246,74.4265,67.5224,68.2186,56.4099,59.2067
2024-04-08,75.0300,76.8600,73.9500,76.7000,22867600,UBER,77.4690,77.0607,75.6052,74.4501,67.7569,68.3535,56.5717,59.3641
2024-04-09,75.1400,75.5000,73.3300,74.7700,13756300,UBER,77.3525,76.8778,75.7976,74.4772,67.9859,68.4879,56.7333,59.5211
2024-04-10,74.3500,75.3050,73.5350,74.4000,12533900,UBER,77.1540,76.6370,75.9450,74.4722,68.1906,68.6040,56.8884,59.6686
2024-04-11,76.1800,76.5600,74.7050,74.8000,13653600,UBER,77.0505,76.5935,76.1318,74.5392,68.4148,68.7540,57.0472,59.8329
2024-04-12,75.2800,75.8200,74.4900,75.0500,11590800,UBER,76.9320,76.4684,76.3320,74.5682,68.6234,68.8832,57.2044,59.9866
2024-04-15,73.4000,76.6800,72.8800,76.3800,16093400,UBER,76.7985,76.1762,76.4654,74.5224,68.8130,68.9727,57.3502,60.1201
2024-04-16,74.1300,74.7000,72.7000,73.3900,14513100,UBER,76.7200,75.9813,76.5866,74.5070,69.0068,69.0748,57.5080,60.2595
2024-04-17,71.9400,75.6150,71.0400,75.0000,15363100,UBER,76.4630,75.5964,76.6456,74.4064,69.1777,69.1315,57.6518,60.3757
2024-04-18,71.3000,72.8550,70.6400,72.2600,20426000,UBER,76.0960,75.1872,76.6622,74.2845,69.3370,69.1745,57.7929,60.4844
2024-04-19,69.2000,71.1500,68.3800,71.1500,23186000,UBER,75.5435,74.6170,76.6332,74.0851,69.4758,69.1750,57.9206,60.5711
2024-04-22,68.9800,70.8900,68.4800,70.4800,26804900,UBER,74.9810,74.0802,76.5806,73.8849,69.6050,69.1711,58.0549,60.6548
2024-04-23,70.8000,71.1400,69.6200,70.0200,16814200,UBER,74.5505,73.7678,76.5784,73.7640,69.7509,69.2034,58.1944,60.7558
2024-04-24,69.3600,70.2200,67.3650,70.1500,27515600,UBER,74.1230,73.3480,76.5832,73.5913,69.8805,69.2065,58.3273,60.8414
2024-04-25,69.3100,70.2900,67.3800,67.8600,20545200,UBER,73.6830,72.9634,76.5896,73.4234,70.0098,69.2085,58.4520,60.9256
2024-04-26,69.0500,70.1500,68.7000,69.9750,16187600,UBER,73.2860,72.5907,76.3876,73.2519,70.1268,69.2054,58.5747,61.0065
2024-04-29,67.4000,68.6600,67.2000,68.5000,20102600,UBER,72.8360,72.0964,76.1078,73.0224,70.2145,69.1696,58.6835,61.0701
2024-04-30,66.2700,68.5990,66.0700,67.2250,22707300,UBER,72.3005,71.5415,75.8650,72.7576,70.2975,69.1122,58.7911,61.1218
2024-05-01,67.7900,69.4100,65.8600,66.0400,21266700,UBER,71.8495,71.1842,75.6888,72.5628,70.3779,69.0860,58.9025,61.1882
2024-05-02,68.5700,69.0360,67.6250,68.4000,18229300,UBER,71.5320,70.9352,75.5314,72.4062,70.4538,69.0758,59.0083,61.2616
2024-05-03,69.2300,70.3390,69.0300,69.8450,15557700,UBER,71.1355,70.7728,75.3554,72.2816,70.5291,69.0789,59.1189,61.3409
2024-05-06,71.5100,73.8200,70.8320,71.0000,25001900,UBER,70.9595,70.8430,75.2216,72.2514,70.6196,69.1270,59.2436,61.4421
2024-05-07,70.4300,72.6400,69.8000,72.6400,24427300,UBER,70.7240,70.8037,75.0630,72.1799,70.6967,69.1528,59.3596,61.5315
2024-05-08,66.4000,67.2000,63.8350,64.5000,84220000,UBER,70.3265,70.3843,74.8160,71.9533,70.7410,69.0983,59.4550,61.5800
2024-05-09,67.9300,68.5700,66.7500,66.8100,27965500,UBER,69.9140,70.1505,74.6200,71.7955,70.7953,69.0752,59.5588,61.6432
2024-05-10,66.9900,67.9000,66.4000,67.8200,18924400,UBER,69.4995,69.8495,74.3698,71.6071,70.8466,69.0339,59.6572,61.6964
2024-05-13,66.0200,67.0640,64.7200,67.0000,18983100,UBER,69.1305,69.4848,74.0696,71.3880,70.8895,68.9742,59.7542,61.7394
2024-05-14,65.3200,66.1000,64.7500,65.8500,19462300,UBER,68.6900,69.0882,73.7500,71.1500,70.9215,68.9018,59.8401,61.7750
2024-05-15,66.6200,66.6600,65.2200,66.0000,16308700,UBER,68.4240,68.8531,73.5006,70.9724,70.9809,68.8566,59.9259,61.8232
2024-05-16,66.0500,67.3300,66.0000,66.9700,19923500,UBER,68.1615,68.5861,73.2488,70.7793,71.0268,68.8011,60.0229,61.8653
2024-05-17,65.6700,66.6400,65.5200,66.5000,15703300,UBER,67.9850,68.3084,72.9740,70.5790,71.0664,68.7391,60.1165,61.9031
2024-05-20,64.6500,65.8700,64.3050,65.6400,15864400,UBER,67.7685,67.9600,72.6930,70.3464,71.0931,68.6581,60.2102,61.9305
2024-05-21,63.9700,64.6500,63.8100,64.1300,16592500,UBER,67.4270,67.5800,72.4230,70.0964,71.1000,68.5653,60.3040,61.9508
2024-05-22,65.4800,66.0900,64.5200,64.8200,22562100,UBER,67.2330,67.3800,72.1662,69.9154,71.1234,68.5042,60.4067,61.9859
2024-05-23,63.6000,65.8000,63.2500,65.5600,20115000,UBER,66.9475,67.0200,71.8732,69.6677,71.1437,68.4071,60.4989,62.0019
2024-05-24,64.2600,64.7600,63.6200,63.7800,10385900,UBER,66.7080,66.7571,71.6054,69.4556,71.2025,68.3249,60.5996,62.0244
2024-05-28,63.5200,64.6100,63.1000,64.6100,14213300,UBER,66.5140,66.4488,71.3544,69.2229,71.2552,68.2298,60.6942,62.0393
2024-05-29,64.9300,65.3650,62.9100,63.0100,16987900,UBER,66.4470,66.3042,71.1390,69.0545,71.3265,68.1644,60.8003,62.0681
2024-05-30,64.1200,65.4100,63.7200,64.7900,12689100,UBER,66.2635,66.0962,70.8798,68.8610,71.3919,68.0844,60.8967,62.0885
2024-05-31,64.5600,64.6300,63.1400,64.2000,17322400,UBER,66.0630,65.9499,70.5982,68.6923,71.4474,68.0146,60.9991,62.1131
2024-06-03,63.7900,64.9600,62.9350,64.7800,14922200,UBER,65.7910,65.7442,70.2690,68.5001,71.4823,67.9309,61.0998,62.1298
2024-06-04,64.5500,65.1900,63.7000,64.0600,12689200,UBER,65.4430,65.6304,69.9554,68.3452,71.5037,67.8640,61.2027,62.1538
2024-06-05,65.8200,66.2800,64.2100,64.9400,19513500,UBER,65.2125,65.6485,69.6836,68.2462,71.5272,67.8235,61.3083,62.1903
2024-06-06,68.9000,69.6900,67.3300,67.4500,25871500,UBER,65.3375,65.9582,69.5034,68.2718,71.5842,67.8448,61.4297,62.2571
2024-06-07,69.3100,69.7100,68.1100,68.9000,13932600,UBER,65.4065,66.2774,69.3274,68.3125,71.6408,67.8738,61.5545,62.3273
2024-06-10,68.6000,69.6910,66.5600,69.2800,19152300,UBER,65.4870,66.4986,69.1596,68.3238,71.6956,67.8882,61.6718,62.3897
2024-06-11,69.5900,69.6000,67.7600,68.6000,12741200,UBER,65.6655,66.7930,69.0234,68.3734,71.7427,67.9219,61.7963,62.4613
2024-06-12,73.1500,73.6000,71.0000,71.3100,24435500,UBER,66.0570,67.3984,68.9468,68.5608,71.8231,68.0254,61.9423,62.5677
2024-06-13,70.8600,73.1600,70.2400,73.1600,17109400,UBER,66.2690,67.7281,68.8278,68.6509,71.8862,68.0816,62.0758,62.6502
2024-06-14,70.0600,71.0000,69.3200,70.9100,11601100,UBER,66.4695,67.9502,68.7306,68.7062,71.9436,68.1207,62.1994,62.7239
2024-06-17,70.4900,70.8300,69.8300,69.9100,14760500,UBER,66.7105,68.1921,68.5972,68.7761,72.0109,68.1677,62.3193,62.8012
2024-06-18,70.3300,71.2100,69.8900,70.6000,9511600,UBER,66.9945,68.3957,68.5032,68.8371,72.0542,68.2105,62.4348,62.8761
2024-06-20,70.3000,71.1200,69.7300,70.5100,10662400,UBER,67.3110,68.5771,68.4064,68.8944,72.1020,68.2518,62.5511,62.9500
2024-06-21,70.2100,70.2500,69.2300,70.0400,20757700,UBER,67.5475,68.7326,68.3236,68.9460,72.1343,68.2906,62.6694,63.0222
2024-06-24,70.5400,71.2300,69.7500,69.8300,12479300,UBER,67.8945,68.9047,68.2108,69.0085,72.1713,68.3352,62.7926,63.0970
2024-06-25,71.3800,72.9400,70.2200,71.8600,18888700,UBER,68.2505,69.1404,68.1328,69.1015,72.2324,68.3955,62.9181,63.1794
2024-06-26,70.8500,71.6000,70.5500,70.9400,10232600,UBER,68.6170,69.3033,68.0818,69.1701,72.2736,68.4441,63.0362,63.2558
2024-06-27,70.3400,71.3200,70.0700,70.9800,9650500,UBER,68.8875,69.4020,68.0060,69.2160,72.2963,68.4816,63.1432,63.3262
2024-06-28,72.6800,73.2600,70.7700,70.8100,21375900,UBER,69.3155,69.7142,68.0208,69.3518,72.3332,68.5647,63.2670,63.4193
2024-07-01,71.1000,72.5800,69.4000,72.2000,13438700,UBER,69.6425,69.8462,68.0168,69.4204,72.3395,68.6149,63.3817,63.4957
2024-07-02,70.6700,71.2600,68.8800,71.2500,14319000,UBER,69.9865,69.9246,68.0462,69.4694,72.3397,68.6556,63.4934,63.5671
2024-07-03,71.3000,72.1400,70.5000,70.6600,7869800,UBER,70.3240,70.0556,68.0926,69.5412,72.3366,68.7080,63.6123,63.6441
2024-07-05,71.0600,71.4180,70.3850,70.9900,6599200,UBER,70.5860,70.1513,68.0978,69.6007,72.3381,68.7546,63.7351,63.7179
2024-07-08,71.2500,71.7800,70.7500,71.3100,7231100,UBER,70.7035,70.2559,68.1356,69.6654,72.3594,68.8040,63.8534,63.7928
2024-07-09,71.3200,72.2800,71.1300,71.4000,8757900,UBER,70.8040,70.3573,68.1758,69.7303,72.3827,68.8538,63.9772,63.8677
2024-07-10,69.2700,71.5000,68.3800,71.5000,14638800,UBER,70.8375,70.2537,68.1802,69.7122,72.2839,68.8621,64.1006,63.9215
2024-07-11,73.5300,73.6450,68.8500,69.5100,26702500,UBER,71.0345,70.5657,68.3028,69.8620,72.2053,68.9545,64.2462,64.0171
2024-07-12,72.4300,73.8000,72.1100,72.1100,14683700,UBER,70.9985,70.7433,68.4260,69.9627,72.1455,69.0233,64.3838,64.1008
2024-07-15,72.2900,73.2500,70.7610,73.0600,13472600,UBER,71.0700,70.8906,68.5160,70.0539,72.1024,69.0880,64.5239,64.1823
2024-07-16,74.3000,75.4000,73.1100,73.1100,17529000,UBER,71.2820,71.2153,68.6306,70.2205,72.0810,69.1912,64.6697,64.2829
2024-07-17,68.6200,73.4100,68.5550,73.3800,27884400,UBER,71.1885,70.9681,68.6184,70.1577,71.9869,69.1799,64.7821,64.3261
2024-07-18,66.2600,69.3410,65.8100,69.0000,21988900,UBER,70.9850,70.5197,68.5134,70.0048,71.8675,69.1221,64.8834,64.3453
2024-07-19,67.3100,67.4400,66.1000,66.7800,12809600,UBER,70.8355,70.2140,68.4510,69.8992,71.7570,69.0862,64.9916,64.3748
2024-07-22,67.7300,68.7800,67.0850,67.5300,13408000,UBER,70.7115,69.9775,68.4776,69.8141,71.6468,69.0593,65.1077,64.4082
2024-07-23,67.5200,69.1000,67.2800,68.0500,9539800,UBER,70.5605,69.7434,68.4694,69.7241,71.5447,69.0289,65.2206,64.4392
2024-07-24,66.1400,67.7900,65.7800,67.2700,15187100,UBER,70.2985,69.4002,68.4524,69.5836,71.4111,68.9717,65.3282,64.4561
2024-07-25,65.7400,69.3700,64.4000,66.0000,22596900,UBER,70.0430,69.0516,68.4468,69.4328,71.2582,68.9077,65.4280,64.4689
2024-07-26,64.4000,66.2600,64.1800,66.1000,17379400,UBER,69.7460,68.6086,68.4284,69.2355,71.0892,68.8184,65.5228,64.4682
2024-07-29,63.7600,65.2550,63.7200,64.8350,16907000,UBER,69.3000,68.1469,68.3712,69.0208,70.9359,68.7182,65.6084,64.4611
2024-07-30,63.0900,64.7700,62.6100,64.1500,16506200,UBER,68.8995,67.6653,68.3120,68.7882,70.7804,68.6068,65.6907,64.4475
2024-07-31,64.4700,65.1820,63.6600,63.8800,18209700,UBER,68.5895,67.3609,68.2880,68.6188,70.6310,68.5249,65.7833,64.4477
2024-08-01,61.0200,65.0000,60.7600,64.8600,18967900,UBER,68.0755,66.7570,68.2154,68.3208,70.4542,68.3763,65.8710,64.4136
2024-08-02,58.9900,59.5800,56.8600,59.3800,27654600,UBER,67.4720,66.0173,68.1158,67.9549,70.2694,68.1904,65.9424,64.3597
2024-08-05,58.4800,58.6500,54.8400,55.5300,32063700,UBER,66.8335,65.2995,67.9758,67.5834,70.0710,67.9981,66.0129,64.3011
2024-08-06,64.8700,65.8200,60.5000,62.5500,53336900,UBER,66.5110,65.2586,68.0012,67.4770,69.9372,67.9362,66.1222,64.3068
2024-08-07,65.5400,68.4000,65.4900,65.5600,31493600,UBER,66.3245,65.2854,68.0268,67.4010,69.8161,67.8887,66.2363,64.3191
2024-08-08,69.0100,69.1650,65.9500,66.5250,21779100,UBER,66.0985,65.6401,68.1366,67.4641,69.7455,67.9109,66.3666,64.3658
2024-08-09,68.5400,69.3800,67.7500,69.1400,12770300,UBER,65.9040,65.9163,68.2088,67.5063,69.6739,67.9234,66.4941,64.4073
2024-08-12,69.2600,69.3100,68.0200,68.6100,10826100,UBER,65.7525,66.2347,68.3116,67.5751,69.5957,67.9498,66.6194,64.4556
2024-08-13,71.0600,71.1900,69.3800,69.7700,15472500,UBER,65.5905,66.6943,68.4416,67.7117,69.5199,68.0114,66.7630,64.5213
2024-08-14,71.9300,72.0000,70.6100,71.6000,12337000,UBER,65.7560,67.1929,68.6044,67.8771,69.4367,68.0890,66.9195,64.5950
2024-08-15,72.7300,73.4200,72.2900,72.5100,13711300,UBER,66.0795,67.7203,68.7680,68.0675,69.3617,68.1809,67.0770,64.6760
2024-08-16,72.0400,73.3500,71.7550,72.5000,11548300,UBER,66.3160,68.1317,68.8924,68.2232,69.2880,68.2573,67.2236,64.7492
2024-08-19,74.1800,74.2200,71.7950,72.0000,13821300,UBER,66.6385,68.7077,68.9980,68.4568,69.2507,68.3746,67.3781,64.8431
2024-08-20,73.3100,74.4800,73.2800,74.2700,10246500,UBER,66.9280,69.1460,69.0780,68.6472,69.2027,68.4724,67.5255,64.9273
2024-08-21,73.4800,74.2900,73.0600,73.7200,9290200,UBER,67.2950,69.5588,69.1756,68.8367,69.1676,68.5715,67.6605,65.0124
2024-08-22,73.3100,74.1200,72.6700,73.5500,9571900,UBER,67.6735,69.9160,69.2500,69.0121,69.1367,68.6653,67.7883,65.0950
2024-08-23,74.3000,74.4550,72.3500,72.8500,13065600,UBER,68.1685,70.3336,69.2730,69.2195,69.1099,68.7769,67.9191,65.1866
2024-08-26,72.6100,74.3000,72.1100,74.3000,10999900,UBER,68.6110,70.5504,69.3080,69.3524,69.0679,68.8528,68.0325,65.2604
2024-08-27,72.5600,73.0900,71.8000,72.4900,7294100,UBER,69.0845,70.7418,69.3580,69.4782,69.0443,68.9262,68.1478,65.3331
2024-08-28,71.8500,72.5500,71.0200,72.5000,9529400,UBER,69.4535,70.8473,69.3852,69.5712,68.9912,68.9841,68.2568,65.3979
2024-08-29,72.2400,73.2800,72.1300,72.5000,9300800,UBER,70.0145,70.9799,69.4234,69.6759,68.9633,69.0486,68.3601,65.4660
2024-08-30,73.1300,73.4190,72.0600,72.8900,12676900,UBER,70.7215,71.1847,69.4800,69.8113,68.9432,69.1294,68.4646,65.5423
2024-09-03,71.8900,73.6100,71.2100,72.5700,13053300,UBER,71.3920,71.2519,69.5136,69.8929,68.9186,69.1841,68.5546,65.6054
2024-09-04,71.5600,72.6900,71.3000,71.5200,7995800,UBER,71.7265,71.2812,69.5340,69.9582,68.8724,69.2311,68.6436,65.6647
2024-09-05,71.2500,72.6200,70.9200,71.0800,8890900,UBER,72.0120,71.2782,69.5314,70.0089,68.8321,69.2711,68.7278,65.7202
2024-09-06,69.5800,72.0200,68.7290,71.1300,11449800,UBER,72.0405,71.1165,69.5060,69.9921,68.7939,69.2772,68.8035,65.7586
2024-09-09,69.8000,71.1900,69.6330,70.9500,8804600,UBER,72.1035,70.9911,69.4952,69.9845,68.7506,69.2876,68.8787,65.7989
2024-09-10,68.9900,70.4600,67.6400,70.0000,20227200,UBER,72.0900,70.8005,69.4214,69.9455,68.7211,69.2817,68.9494,65.8306
2024-09-11,70.1100,70.2200,67.1200,68.8300,14671900,UBER,72.0425,70.7348,69.4016,69.9520,68.7092,69.2981,69.0231,65.8732
2024-09-12,68.0900,70.4900,67.8500,70.0600,16357900,UBER,71.8505,70.4829,69.3500,69.8790,68.6981,69.2742,69.0870,65.8953
2024-09-13,72.4800,72.7550,70.9400,72.4000,30376500,UBER,71.8380,70.6731,69.3736,69.9810,68.7331,69.3376,69.1691,65.9608
2024-09-16,71.5200,72.5000,71.0400,72.3600,12016700,UBER,71.8120,70.7538,69.3828,70.0413,68.7403,69.3809,69.2456,66.0161
2024-09-17,72.7800,73.7300,71.3100,71.9700,14639800,UBER,71.7420,70.9467,69.4134,70.1487,68.7745,69.4482,69.3275,66.0834
2024-09-18,73.5000,74.7400,72.1920,72.7700,11720900,UBER,71.7515,71.1899,69.4570,70.2802,68.8164,69.5284,69.4131,66.1572
2024-09-19,75.2800,76.4600,74.5600,74.9800,17698400,UBER,71.8415,71.5794,69.5772,70.4762,68.8787,69.6423,69.5028,66.2480
2024-09-20,73.9400,75.0500,73.4510,74.8200,17472700,UBER,71.8730,71.8042,69.5854,70.6121,68.9441,69.7274,69.5793,66.3245
2024-09-23,74.7100,75.2700,73.7800,75.1100,8285300,UBER,71.8935,72.0810,69.6310,70.7728,69.0285,69.8261,69.6630,66.4079
2024-09-24,77.4400,77.5100,75.9700,76.0000,16099200,UBER,72.1350,72.5914,69.7340,71.0342,69.1250,69.9768,69.7515,66.5177
2024-09-25,77.1400,78.2800,77.0800,77.5100,12552600,UBER,72.3640,73.0246,69.7908,71.2737,69.2107,70.1187,69.8323,66.6234
2024-09-26,76.6900,78.4500,75.1300,78.3600,14788600,UBER,72.6060,73.3737,69.9522,71.4861,69.2853,70.2488,69.9072,66.7236
2024-09-27,75.7500,77.0800,75.7000,77.0300,7580100,UBER,72.7815,73.6000,70.1420,71.6533,69.3277,70.3577,69.9737,66.8134
2024-09-30,75.1600,75.7200,74.2550,75.3200,12991100,UBER,72.8830,73.7486,70.2990,71.7908,69.3750,70.4528,70.0359,66.8964
2024-10-01,74.2400,75.7700,73.8400,75.7700,8980500,UBER,73.0005,73.7954,70.4292,71.8868,69.4534,70.5278,70.0972,66.9695
2024-10-02,72.8700,74.3100,72.7900,74.0900,11323400,UBER,73.0660,73.7072,70.5362,71.9254,69.5028,70.5742,70.1491,67.0282
2024-10-03,72.9400,73.2100,71.9000,72.5600,11096300,UBER,73.1505,73.6342,70.6722,71.9652,69.5623,70.6211,70.2045,67.0870
2024-10-04,74.2800,74.3200,73.2200,74.1100,10750300,UBER,73.3855,73.6957,70.8430,72.0560,69.6449,70.6935,70.2672,67.1586
2024-10-07,74.5900,75.7400,73.7300,74.2550,15328800,UBER,73.6250,73.7808,71.0468,72.1553,69.7376,70.7707,70.3296,67.2326
2024-10-08,76.1700,77.0200,75.0600,75.2500,17800300,UBER,73.9840,74.0084,71.2950,72.3128,69.8331,70.8776,70.4070,67.3215
2024-10-09,77.8700,77.9600,75.9550,76.0000,17251100,UBER,74.3720,74.3762,71.5906,72.5307,69.9513,71.0161,70.4891,67.4264
2024-10-10,77.9200,78.2400,76.9000,77.6500,15033600,UBER,74.8635,74.7137,71.8596,72.7421,70.0738,71.1528,70.5701,67.5309
2024-10-11,86.3400,87.0000,81.8600,82.0000,57290500,UBER,75.5565,75.8209,72.3660,73.2753,70.2907,71.4535,70.6919,67.7180
2024-10-14,84.9400,86.1800,84.1800,85.6400,14752400,UBER,76.2275,76.6894,72.8850,73.7327,70.5004,71.7206,70.8002,67.8894
2024-10-15,83.2000,84.7700,82.6500,84.7700,14858500,UBER,76.7485,77.3095,73.3794,74.1040,70.6776,71.9479,70.9005,68.0417
2024-10-16,81.9000,83.4800,81.6200,82.9300,12398500,UBER,77.1685,77.7467,73.7200,74.4097,70.8606,72.1449,71.0022,68.1796
2024-10-17,79.9000,80.8800,79.4100,79.9200,27373200,UBER,77.3995,77.9517,74.0072,74.6250,71.0170,72.2985,71.1098,68.2962
2024-10-18,79.1600,80.5500,78.8000,80.5300,14186700,UBER,77.6605,78.0668,74.2102,74.8029,71.1734,72.4344,71.2143,68.4043
2024-10-21,80.4600,80.5700,79.5500,79.9400,11238700,UBER,77.9480,78.2947,74.4486,75.0247,71.3287,72.5933,71.3276,68.5243
2024-10-22,80.4100,81.2500,79.9800,80.4700,10754000,UBER,78.0965,78.4962,74.6716,75.2359,71.4916,72.7481,71.4418,68.6426
2024-10-23,79.8300,80.3200,79.3600,80.0550,8689900,UBER,78.2310,78.6232,74.8470,75.4161,71.6443,72.8883,71.5459,68.7539
2024-10-24,78.3800,78.6000,77.1400,78.0050,15220900,UBER,78.3155,78.6001,74.9760,75.5323,71.7902,72.9971,71.6363,68.8497
2024-10-25,77.6200,78.8400,76.9600,78.2600,11727400,UBER,78.4090,78.5067,75.0738,75.6142,71.9209,73.0886,71.7123,68.9369
2024-10-28,77.6900,78.3800,77.4700,78.2000,9311900,UBER,78.5355,78.4289,75.1868,75.6956,72.0396,73.1797,71.7834,69.0240
2024-10-29,79.2100,79.9900,77.7700,77.8500,14469600,UBER,78.7840,78.5033,75.2874,75.8334,72.1427,73.2991,71.8635,69.1254
2024-10-30,79.4300,80.0750,78.8200,79.2300,14997700,UBER,79.1120,78.5916,75.4098,75.9744,72.2439,73.4205,71.9424,69.2279
2024-10-31,72.0500,74.9900,69.8700,74.5000,64047100,UBER,79.0675,77.9686,75.3812,75.8205,72.2784,73.3934,71.9870,69.2560
2024-11-01,73.2500,74.1500,72.2500,73.9400,33542200,UBER,79.0160,77.5192,75.3800,75.7197,72.3150,73.3906,72.0289,69.2957
2024-11-04,73.2500,74.2200,72.6600,72.7500,14949100,UBER,78.9490,77.1126,75.3590,75.6229,72.3160,73.3878,72.0696,69.3351
2024-11-05,74.1500,74.3400,73.2400,73.5500,12274600,UBER,78.8480,76.8304,75.3898,75.5651,72.3489,73.4029,72.1176,69.3830
2024-11-06,74.3600,74.6200,70.7410,73.4550,26410700,UBER,78.6725,76.5952,75.4258,75.5179,72.3919,73.4218,72.1678,69.4325
2024-11-07,73.1300,76.4000,72.7400,76.1000,24305900,UBER,78.4330,76.2651,75.4514,75.4242,72.4183,73.4161,72.2146,69.4693
2024-11-08,72.0400,73.5600,71.5550,73.4400,20152600,UBER,77.7180,75.8628,75.4474,75.2915,72.4354,73.3888,72.2448,69.4949
2024-11-11,71.6500,73.0000,71.3400,72.6500,22682200,UBER,77.0535,75.4615,75.4178,75.1487,72.4489,73.3544,72.2755,69.5163
2024-11-12,71.3700,72.6800,71.2000,71.9700,19439700,UBER,76.4620,75.0719,75.4074,75.0005,72.4605,73.3151,72.2974,69.5348
2024-11-13,71.1600,72.0800,70.5500,71.5300,15006000,UBER,75.9250,74.6993,75.3994,74.8499,72.4667,73.2724,72.3190,69.5509
2024-11-14,71.4400,72.7500,70.7600,71.1600,17372200,UBER,75.5020,74.3889,75.4032,74.7162,72.4673,73.2361,72.3499,69.5697
2024-11-15,73.2500,73.6300,71.7600,72.1000,23980900,UBER,75.2065,74.2804,75.4766,74.6587,72.4913,73.2364,72.3825,69.6064
2024-11-18,69.3300,72.0400,67.8000,72.0400,45212500,UBER,74.6500,73.8090,75.4672,74.4497,72.4812,73.1590,72.3888,69.6036
2024-11-19,69.1300,69.6000,68.2000,68.5100,22289100,UBER,74.0860,73.3633,75.4700,74.2411,72.4457,73.0793,72.3895,69.5989
2024-11-20,69.6000,70.3300,68.9500,69.2900,16656600,UBER,73.5745,73.0049,75.4598,74.0591,72.4307,73.0104,72.3851,69.5989
2024-11-21,69.6400,70.8700,68.8000,70.2500,25657700,UBER,73.1375,72.6845,75.4908,73.8858,72.4204,72.9436,72.3801,69.5993
2024-11-22,71.5100,71.5400,69.3500,70.0000,14874100,UBER,72.8320,72.5726,75.4714,73.7926,72.4225,72.9152,72.3796,69.6183
2024-11-25,73.4200,73.5500,71.8300,72.6000,17446600,UBER,72.6185,72.6533,75.5094,73.7780,72.4461,72.9252,72.3921,69.6561
2024-11-26,71.5600,73.5000,71.3400,73.4900,13704900,UBER,72.2360,72.5492,75.4850,73.6910,72.4492,72.8982,72.4043,69.6751
2024-11-27,71.6200,72.7000,71.0100,72.0600,12967800,UBER,71.8455,72.4607,75.4474,73.6098,72.4522,72.8729,72.4175,69.6944
2024-11-29,71.9600,72.4400,71.5200,71.7000,7348700,UBER,71.8410,72.4130,75.3810,73.5451,72.4791,72.8548,72.3815,69.7170
2024-12-02,73.0700,73.4400,71.4700,71.9300,11574600,UBER,71.8320,72.4756,75.3636,73.5265,72.4745,72.8591,72.3399,69.7504
2024-12-03,71.2700,73.2500,71.2500,73.0600,12760500,UBER,71.7330,72.3608,75.2948,73.4380,72.4629,72.8276,72.3042,69.7655
2024-12-04,72.1600,72.4000,70.6500,71.4000,17263100,UBER,71.6335,72.3416,75.1892,73.3879,72.4616,72.8144,72.2820,69.7893
2024-12-05,65.2300,72.0300,64.2800,71.9300,77320400,UBER,71.1770,71.6643,74.9510,73.0680,72.3709,72.6642,72.2260,69.7439
2024-12-06,66.0900,67.1000,65.2000,66.4500,36413200,UBER,70.8250,71.1335,74.7390,72.7943,72.3456,72.5340,72.1663,69.7076
2024-12-09,65.7400,66.1700,65.0600,65.5000,27602900,UBER,70.5100,70.6198,74.5388,72.5177,72.3404,72.3995,72.1040,69.6681
2024-12-10,64.9600,65.7600,64.6400,65.6700,23672900,UBER,70.1755,70.0808,74.3348,72.2213,72.3169,72.2522,72.0370,69.6212
2024-12-11,61.1800,64.6950,60.2300,64.5000,71089500,UBER,69.6660,69.2331,74.0736,71.7883,72.2514,72.0329,71.9491,69.5373
2024-12-12,61.4100,63.5400,61.2500,63.1650,45673200,UBER,69.1785,68.4880,73.8444,71.3813,72.1903,71.8226,71.8675,69.4564
2024-12-13,59.9300,62.2600,59.7400,61.8600,47325300,UBER,68.6030,67.6730,73.5842,70.9322,72.1282,71.5871,71.7697,69.3616
2024-12-16,60.2500,61.3000,60.1200,60.3100,38612400,UBER,67.9530,66.9660,73.3036,70.5133,72.0733,71.3626,71.6658,69.2709
2024-12-17,61.0300,61.0400,59.3300,59.4200,35025500,UBER,67.5380,66.4007,73.0324,70.1414,72.0396,71.1580,71.5644,69.1889
2024-12-18,61.2300,63.9400,60.8500,61.3900,46736700,UBER,67.1430,65.9082,72.7336,69.7920,72.0143,70.9614,71.4751,69.1097
2024-12-19,60.2100,62.3100,59.9800,61.8500,27811400,UBER,66.6735,65.3655,72.3804,69.4162,71.9855,70.7485,71.3830,69.0212
2024-12-20,60.7300,61.3900,59.7500,60.0850,26377700,UBER,66.2280,64.9241,72.0366,69.0756,71.9481,70.5501,71.2896,68.9387
2024-12-23,61.8700,62.2200,60.7600,60.8800,16093600,UBER,65.7460,64.6332,71.5472,68.7930,71.9566,70.3782,71.2054,68.8684
2024-12-24,61.7100,61.9800,60.8800,61.9700,7882500,UBER,65.1605,64.3548,71.0826,68.5152,71.9838,70.2066,71.1266,68.7971
2024-12-26,61.5600,61.9700,61.1600,61.6000,12659000,UBER,64.6605,64.0886,70.6498,68.2425,72.0146,70.0353,71.0428,68.7251
2024-12-27,61.1300,61.2600,60.0200,61.1860,13483600,UBER,64.1360,63.8069,70.2344,67.9636,71.9772,69.8590,70.9572,68.6495
2024-12-30,60.7700,61.3700,60.1200,60.5100,17709200,UBER,63.5765,63.5176,69.8518,67.6815,71.9295,69.6790,70.8728,68.5711
2024-12-31,60.3200,61.1000,60.1700,61.0000,14487300,UBER,62.9390,63.2131,69.4750,67.3928,71.8426,69.4937,70.7941,68.4890
2025-01-02,63.1700,63.3900,61.3100,62.1900,25899100,UBER,62.5340,63.2090,69.1292,67.2272,71.7889,69.3685,70.7314,68.4361
2025-01-03,64.5900,65.2200,63.4400,63.6900,28553800,UBER,62.1555,63.3405,68.8128,67.1238,71.7422,69.2738,70.6690,68.3978
2025-01-06,66.3100,67.3500,66.0400,66.9700,32980700,UBER,62.2095,63.6233,68.5424,67.0918,71.6947,69.2151,70.6073,68.3771
2025-01-07,66.1500,68.8400,65.9500,68.4900,35347800,UBER,62.2125,63.8640,68.2978,67.0549,71.6369,69.1545,70.5368,68.3549
2025-01-08,64.9100,66.6800,64.1200,66.4000,24523300,UBER,62.1710,63.9636,68.0436,66.9708,71.5587,69.0704,70.4602,68.3206
2025-01-10,65.9700,66.6000,63.9600,64.5000,30728800,UBER,62.2215,64.1547,67.8092,66.9315,71.4980,69.0090,70.3930,68.2972
2025-01-13,65.7000,67.1950,65.0200,65.1550,23960100,UBER,62.4475,64.3018,67.5390,66.8833,71.4132,68.9435,70.3320,68.2714
2025-01-14,64.8400,66.8100,64.6200,66.1600,25735800,UBER,62.6190,64.3531,67.2472,66.8031,71.3285,68.8622,70.2656,68.2373
2025-01-15,67.0200,67.2450,66.0100,66.0100,22704800,UBER,62.9735,64.6071,67.1466,66.8116,71.2639,68.8257,70.2158,68.2251
2025-01-16,68.5800,69.5800,67.6400,67.7500,29013100,UBER,63.3900,64.9855,67.0532,66.8810,71.2166,68.8209,70.1767,68.2287
2025-01-17,67.3400,69.0200,67.2300,68.8000,27139200,UBER,63.7055,65.2097,66.9350,66.8990,71.1470,68.7916,70.1285,68.2198
2025-01-21,67.7400,68.1800,66.8500,68.0000,21423600,UBER,64.0310,65.4507,66.8068,66.9320,71.0983,68.7707,70.0831,68.2151
2025-01-22,67.8200,68.4300,67.5000,68.3900,18130000,UBER,64.4115,65.6763,66.6760,66.9668,71.0509,68.7519,70.0476,68.2111
2025-01-23,68.3000,68.3700,67.2400,67.6000,15355400,UBER,64.7900,65.9262,66.5794,67.0191,71.0154,68.7430,70.0033,68.2120
2025-01-24,68.5600,69.3100,68.4000,68.6900,14360300,UBER,65.1245,66.1770,66.5098,67.0795,70.9786,68.7393,69.9710,68.2155
2025-01-27,68.7700,69.4100,67.3700,67.6400,20904600,UBER,65.4775,66.4240,66.4522,67.1458,70.9350,68.7399,69.9391,68.2210
2025-01-28,68.0700,69.6750,67.1620,68.3300,24988500,UBER,65.8030,66.5808,66.3862,67.1820,70.8968,68.7267,69.9077,68.2195
2025-01-29,66.7500,68.0600,65.8200,67.8000,29592600,UBER,66.0840,66.5969,66.2980,67.1651,70.8487,68.6875,69.8606,68.2049
2025-01-30,66.5900,67.2220,63.4200,63.4200,33246500,UBER,66.3750,66.5962,66.2010,67.1425,70.8021,68.6460,69.8171,68.1888
2025-01-31,66.8500,67.8700,66.3330,67.0900,19776000,UBER,66.7015,66.6204,66.0730,67.1311,70.7748,68.6104,69.7844,68.1755
2025-02-03,67.2900,68.8500,65.1780,65.3000,25290000,UBER,66.9075,66.6842,66.0322,67.1373,70.7497,68.5843,69.7502,68.1667
2025-02-04,69.7500,70.1900,67.6900,67.6900,33786200,UBER,67.1655,66.9761,66.0446,67.2398,70.7573,68.6074,69.7392,68.1824
2025-02-05,64.4800,66.7500,63.5000,66.5000,78975900,UBER,67.0740,66.7384,65.9422,67.1315,70.7010,68.5256,69.7051,68.1456
2025-02-06,69.9900,70.0500,65.5400,65.6700,45940200,UBER,67.2660,67.0481,65.9492,67.2436,70.7200,68.5546,69.7091,68.1639
2025-02-07,74.6000,76.7750,70.1300,70.3600,81813200,UBER,67.7505,67.7673,66.0110,67.5321,70.7412,68.6743,69.7372,68.2280
2025-02-10,78.6300,78.9900,76.8000,77.1000,42551700,UBER,68.3835,68.8019,66.1152,67.9673,70.8123,68.8715,69.7763,68.3315
2025-02-11,76.9500,79.2000,76.6000,78.9100,27329600,UBER,68.9460,69.5779,66.2230,68.3196,70.8540,69.0315,69.8142,68.4172
2025-02-12,79.3500,80.1000,74.1500,74.9700,33142400,UBER,69.6715,70.5086,66.3776,68.7522,70.9125,69.2358,69.8644,68.5260
2025-02-13,80.2900,80.5300,78.5100,79.1200,21754700,UBER,70.3350,71.4401,66.5442,69.2046,70.9626,69.4547,69.9206,68.6431
2025-02-14,79.4200,80.3500,78.8700,80.3500,15405700,UBER,70.8770,72.2001,66.6712,69.6052,71.0174,69.6520,69.9807,68.7503
2025-02-18,81.4900,81.5100,79.7500,79.8500,18943200,UBER,71.5845,73.0849,66.8756,70.0713,71.0852,69.8864,70.0568,68.8771
2025-02-19,81.1600,81.9000,79.2600,80.7900,14973400,UBER,72.2555,73.8539,67.0556,70.5061,71.1224,70.1097,70.1237,68.9993
2025-02-20,81.2600,81.8400,80.0600,81.2300,14770300,UBER,72.9275,74.5593,67.3762,70.9279,71.1636,70.3305,70.1871,69.1213
2025-02-21,78.8900,82.1000,78.3600,81.2600,21774300,UBER,73.4570,74.9717,67.6322,71.2401,71.1856,70.5000,70.2354,69.2185
2025-02-24,76.4200,78.8800,74.8500,78.6500,24368400,UBER,73.8500,75.1096,67.8458,71.4432,71.1923,70.6172,70.2600,69.2901
2025-02-25,74.9500,76.3700,73.5300,76.3600,19559200,UBER,74.1590,75.0944,68.0456,71.5808,71.1902,70.7030,70.2826,69.3465
2025-02-26,75.8700,76.4900,75.3100,75.3300,10328900,UBER,74.5490,75.1683,68.3394,71.7490,71.2065,70.8053,70.3299,69.4114
2025-02-27,74.2100,77.6900,73.7100,75.9500,22535900,UBER,74.9220,75.0770,68.5954,71.8455,71.2199,70.8727,70.3613,69.4591
2025-02-28,76.0100,76.1100,73.5800,74.2800,17752000,UBER,75.3930,75.1659,68.9170,72.0088,71.2506,70.9745,70.4064,69.5243
2025-03-03,74.4400,77.7400,73.6800,77.0600,16999500,UBER,75.7725,75.0968,69.2008,72.1041,71.2522,71.0431,70.4485,69.5732
2025-03-04,75.2600,76.6800,71.6000,72.9300,24241200,UBER,76.1710,75.1123,69.4854,72.2279,71.2589,71.1266,70.4982,69.6298
2025-03-05,76.4800,76.9400,74.9300,75.6500,13122300,UBER,76.5075,75.2426,69.7904,72.3946,71.2620,71.2326,70.5475,69.6980
2025-03-06,74.9600,77.2200,74.7250,75.3150,16504900,UBER,77.0315,75.2157,70.0854,72.4952,71.2329,71.3064,70.5921,69.7503
2025-03-07,76.2700,76.7000,73.7800,73.9900,18610400,UBER,77.3455,75.3161,70.3962,72.6433,71.2164,71.4047,70.6451,69.8152
2025-03-10,73.0600,75.4900,71.9700,74.9400,22120100,UBER,77.2685,75.1012,70.6200,72.6596,71.0836,71.4375,70.6871,69.8475
2025-03-11,70.6500,74.2500,69.5700,71.4400,26668200,UBER,76.8695,74.6773,70.7988,72.5808,70.9407,71.4219,70.7205,69.8555
2025-03-12,71.2000,72.4200,69.5500,72.3100,17315000,UBER,76.5820,74.3461,70.9916,72.5267,70.8207,71.4175,70.7491,69.8688
2025-03-13,69.5100,72.0000,69.3600,71.6800,15272200,UBER,76.0900,73.8855,71.1592,72.4084,70.6968,71.3797,70.7787,69.8653
2025-03-14,71.5500,71.7900,70.3300,70.5500,13537300,UBER,75.6530,73.6631,71.3748,72.3747,70.6133,71.3831,70.8151,69.8820
2025-03-17,72.7300,73.8100,71.7750,72.0200,20577800,UBER,75.3185,73.5742,71.6230,72.3886,70.5490,71.4098,70.8612,69.9104
2025-03-18,71.5500,72.6750,70.4800,72.2000,16137500,UBER,74.8215,73.3814,71.7906,72.3557,70.4599,71.4125,70.8943,69.9267
2025-03-19,73.0200,73.7850,70.7300,71.9200,15042100,UBER,74.4145,73.3470,71.9592,72.3818,70.3860,71.4444,70.9388,69.9575
2025-03-20,74.3500,75.5400,72.4600,72.5600,17851400,UBER,74.0690,73.4425,72.1200,72.4590,70.3312,71.5019,70.9877,70.0012
2025-03-21,75.8400,76.0000,72.7700,73.7200,26551400,UBER,73.9165,73.6709,72.3138,72.5916,70.3058,71.5878,71.0480,70.0593
2025-03-24,76.5100,77.5840,75.4400,76.9700,18126300,UBER,73.9210,73.9413,72.5458,72.7452,70.2947,71.6853,71.1078,70.1235
2025-03-25,75.6100,76.7100,75.0500,76.6000,16065900,UBER,73.9540,74.1002,72.7386,72.8576,70.2739,71.7630,71.1567,70.1780
2025-03-26,74.1800,75.6400,73.2250,75.5500,11828600,UBER,73.8695,74.1078,72.9082,72.9094,70.2236,71.8109,71.1831,70.2179
2025-03-27,74.8600,75.6200,73.5300,73.8950,11866800,UBER,73.9020,74.1794,73.1086,72.9859,70.1779,71.8712,71.2109,70.2641
2025-03-28,72.7500,74.9200,72.3810,74.5000,11277900,UBER,73.7390,74.0433,73.2232,72.9767,70.1849,71.8886,71.2316,70.2888
2025-03-31,72.8600,73.3000,70.5000,71.4000,16033100,UBER,73.6600,73.9306,73.3088,72.9721,70.1810,71.9079,71.2480,70.3144
2025-04-01,72.9900,73.0700,70.8300,72.6000,16889200,UBER,73.5465,73.8410,73.4218,72.9728,70.1784,71.9293,71.2472,70.3410
2025-04-02,74.5000,75.4100,72.0000,72.0000,14806900,UBER,73.4475,73.9038,73.5570,73.0327,70.1819,71.9802,71.2654,70.3824
2025-04-03,69.8500,72.4360,69.7670,71.7200,23290800,UBER,73.1920,73.5177,73.5976,72.9079,70.1368,71.9380,71.2643,70.3771
2025-04-04,64.6200,67.5590,63.9400,66.6950,34938700,UBER,72.6095,72.6703,73.5240,72.5829,70.0517,71.7931,71.2350,70.3198
2025-04-07,65.6400,67.5870,60.6300,62.5200,32841700,UBER,72.2385,72.0008,73.4656,72.3106,69.9877,71.6713,71.2115,70.2732
2025-04-08,65.0700,70.0700,63.5000,69.3100,24045200,UBER,71.9595,71.3407,73.3916,72.0266,69.9219,71.5405,71.1854,70.2215
2025-04-09,72.6800,73.4000,64.9500,65.0000,30148800,UBER,72.0335,71.4682,73.4838,72.0523,69.9350,71.5631,71.1977,70.2459
2025-04-10,70.9400,72.8700,68.3400,71.7500,22373900,UBER,72.1050,71.4179,73.5676,72.0087,69.9328,71.5508,71.1997,70.2528
2025-04-11,72.2800,72.4000,69.3300,70.4600,16274600,UBER,72.1415,71.5000,73.6814,72.0193,69.9412,71.5652,71.2042,70.2730
2025-04-14,73.1000,73.6500,72.2300,73.5200,12483200,UBER,72.1600,71.6524,73.8064,72.0617,69.9397,71.5956,71.2155,70.3011
2025-04-15,74.0200,74.7200,73.1000,73.1000,13790200,UBER,72.2835,71.8779,73.9410,72.1385,69.9866,71.6436,71.2339,70.3381
2025-04-16,73.0600,74.8000,72.0520,73.5750,15990800,UBER,72.2855,71.9905,74.0072,72.1746,70.0259,71.6717,71.2358,70.3652
2025-04-17,75.2400,75.9100,73.7600,73.9800,21893400,UBER,72.3300,72.3000,74.2224,72.2948,70.0823,71.7423,71.2565,70.4137
2025-04-21,72.9200,75.4400,71.2710,74.4400,20634600,UBER,72.1840,72.3590,74.2810,72.3193,70.1151,71.7656,71.2677,70.4387
2025-04-22,74.4400,75.5600,73.3500,73.8500,16599300,UBER,72.0805,72.5572,74.2778,72.4025,70.1444,71.8186,71.2834,70.4785
2025-04-23,73.7700,77.5800,73.2300,76.9250,22750200,UBER,71.9885,72.6727,74.1806,72.4561,70.1479,71.8572,71.2970,70.5112
2025-04-24,78.1000,78.3800,73.8600,74.1550,22188500,UBER,72.1845,73.1896,74.2036,72.6775,70.2133,71.9809,71.3312,70.5867
2025-04-25,77.7500,80.5510,77.4700,78.5650,20047800,UBER,72.3290,73.6239,74.1716,72.8764,70.2746,72.0951,71.3634,70.6580
2025-04-28,78.3300,78.7800,77.0400,78.1050,13324200,UBER,72.6080,74.0721,74.1324,73.0902,70.3383,72.2186,71.4087,70.7344
2025-04-29,79.4200,79.7300,78.0300,78.3300,12172200,UBER,72.9360,74.5814,74.1324,73.3385,70.4018,72.3612,71.4381,70.8208
2025-04-30,81.0100,81.2190,77.3000,77.7700,17762800,UBER,73.3370,75.1937,74.1228,73.6393,70.4992,72.5324,71.4810,70.9222
2025-05-01,80.8900,81.9200,80.6700,81.0000,18698500,UBER,73.6565,75.7362,74.1174,73.9237,70.5865,72.6979,71.5240,71.0213
2025-05-02,84.2800,84.9200,81.8000,82.0900,22401800,UBER,74.3780,76.5499,74.1778,74.3298,70.7770,72.9273,71.5739,71.1533
2025-05-05,85.4300,86.5700,82.9700,83.0500,25339000,UBER,75.4185,77.3956,74.3086,74.7651,70.9704,73.1749,71.6580,71.2953
2025-05-06,85.8300,86.5300,83.1010,83.5000,30378900,UBER,76.4280,78.1989,74.4968,75.1990,71.1713,73.4254,71.7558,71.4400
2025-05-07,83.6500,85.1700,80.1200,83.1300,49238800,UBER,77.3570,78.7180,74.6708,75.5304,71.3582,73.6279,71.8375,71.5614
2025-05-08,82.3000,84.0000,82.0000,83.8700,24293100,UBER,77.8380,79.0592,74.7994,75.7959,71.5694,73.7996,71.9104,71.6683
2025-05-09,82.8100,84.1220,82.3200,82.8500,19105400,UBER,78.4315,79.4164,74.9714,76.0710,71.7834,73.9781,71.9868,71.7792
2025-05-12,88.1000,88.3100,82.2200,84.6150,39104600,UBER,79.2225,80.2434,75.2132,76.5427,72.0651,74.2577,72.0966,71.9416
2025-05-13,91.7200,92.1700,86.9300,87.4100,36770800,UBER,80.1535,81.3364,75.5588,77.1379,72.3798,74.6035,72.2265,72.1384
2025-05-14,90.4100,91.6500,89.6800,90.5800,30640100,UBER,80.9730,82.2006,75.8618,77.6583,72.6736,74.9165,72.3566,72.3202
2025-05-15,90.1600,91.1130,89.2420,89.6600,20481600,UBER,81.8280,82.9586,76.1354,78.1486,72.9629,75.2183,72.4886,72.4977
2025-05-16,91.7900,92.9000,89.7100,90.5500,21909600,UBER,82.6555,83.7997,76.4720,78.6836,73.2787,75.5465,72.6321,72.6896
2025-05-19,92.4600,92.5450,90.5600,90.8800,19252100,UBER,83.6325,84.6245,76.7958,79.2238,73.5960,75.8814,72.7720,72.8864
2025-05-20,91.8700,93.6000,90.6100,93.3500,20851300,UBER,84.5040,85.3145,77.1720,79.7197,73.8960,76.1980,72.9263,73.0753
2025-05-21,88.6700,91.0400,88.0000,90.6400,25035100,UBER,85.2490,85.6341,77.5324,80.0707,74.1656,76.4450,73.0747,73.2304
2025-05-22,88.0000,89.2600,87.8800,88.4500,16496000,UBER,85.7440,85.8594,77.8684,80.3817,74.4300,76.6738,73.2223,73.3774
2025-05-23,87.7500,88.4900,86.7000,87.2050,17929700,UBER,86.2440,86.0395,78.2332,80.6706,74.6962,76.8931,73.3367,73.5204
2025-05-27,89.0000,89.7150,87.8900,89.1700,17446900,UBER,86.7775,86.3214,78.5822,80.9973,74.9785,77.1329,73.4540,73.6744
2025-05-28,88.2600,89.8800,88.1200,89.2900,13810300,UBER,87.2195,86.5061,78.8928,81.2821,75.2579,77.3532,73.5502,73.8196
2025-05-29,84.3000,87.8700,82.9600,87.5800,38116300,UBER,87.3840,86.2960,79.1478,81.4004,75.4692,77.4908,73.6290,73.9238
2025-05-30,84.1600,84.6500,82.5400,84.5300,29050900,UBER,87.5475,86.0925,79.3706,81.5087,75.6649,77.6228,73.7035,74.0257
2025-06-02,83.6400,84.7600,82.6400,84.4800,17047000,UBER,87.5155,85.8590,79.5564,81.5922,75.8382,77.7420,73.7664,74.1214
2025-06-03,82.5300,83.7900,81.8600,83.5750,25668400,UBER,87.3705,85.5419,79.6902,81.6290,76.0020,77.8368,73.8194,74.2050
2025-06-04,83.4500,84.7100,82.9900,83.1900,20080500,UBER,87.2515,85.3427,79.8290,81.7004,76.1874,77.9480,73.8730,74.2970
2025-06-05,84.6700,85.7500,83.0800,83.4000,33304500,UBER,87.3025,85.2786,80.0102,81.8169,76.3744,78.0811,73.9362,74.4002
2025-06-06,85.6000,86.6900,85.0300,85.4000,28172700,UBER,87.4675,85.3092,80.2386,81.9652,76.5734,78.2300,73.9933,74.5117
2025-06-09,87.1200,87.8600,86.2000,86.3200,22780800,UBER,87.6830,85.4817,80.4838,82.1674,76.7962,78.4060,74.0623,74.6371
2025-06-10,86.3900,88.3800,85.6000,88.2900,24494800,UBER,87.5975,85.5682,80.7566,82.3330,76.9899,78.5641,74.1269,74.7541
2025-06-11,86.5800,87.6000,85.9400,87.5900,15364200,UBER,87.3405,85.6646,81.0310,82.4995,77.1699,78.7228,74.1932,74.8717
2025-06-12,85.6200,86.7900,84.8700,86.1100,18776100,UBER,87.1010,85.6603,81.2836,82.6219,77.3527,78.8594,74.2498,74.9787
2025-06-13,83.9300,85.5700,83.3750,84.8100,18003000,UBER,86.7895,85.4955,81.4722,82.6732,77.5146,78.9598,74.3064,75.0678
2025-06-16,85.1200,86.0200,84.7100,84.8500,12254200,UBER,86.4560,85.4598,81.7776,82.7692,77.6876,79.0818,74.3692,75.1678
2025-06-17,84.7600,85.4800,84.2400,84.5700,13677800,UBER,86.0710,85.3931,82.1804,82.8472,77.8522,79.1942,74.4338,75.2632
2025-06-18,83.4400,86.4800,82.3100,85.1700,25976700,UBER,85.6495,85.2071,82.5364,82.8705,78.0010,79.2783,74.4898,75.3446
2025-06-20,83.7800,85.3700,83.6200,84.4700,27472100,UBER,85.4050,85.0712,82.9106,82.9061,78.1511,79.3675,74.5431,75.4285
2025-06-23,85.2400,85.2450,82.4700,83.0300,18407500,UBER,85.2670,85.0873,83.1618,82.9977,78.3228,79.4837,74.6098,75.5261
2025-06-24,91.6500,92.4800,87.9100,87.9900,38925100,UBER,85.4620,85.7123,83.5760,83.3370,78.5718,79.7247,74.7103,75.6866
2025-06-25,90.9000,92.8900,90.6000,91.5650,17400800,UBER,85.5570,86.2064,83.9484,83.6336,78.8149,79.9459,74.8085,75.8380
2025-06-26,93.1200,94.3800,90.8800,91.3000,23657800,UBER,85.8000,86.8648,84.3488,84.0056,79.0776,80.2068,74.9262,76.0099
2025-06-27,91.5300,92.5100,89.9700,92.1000,24731200,UBER,86.1615,87.3091,84.6990,84.3007,79.3200,80.4310,75.0349,76.1643
2025-06-30,93.3000,93.3850,91.5200,91.6850,16155300,UBER,86.6185,87.8797,85.1038,84.6536,79.5555,80.6859,75.1564,76.3348
2025-07-01,92.1300,93.2400,90.3100,92.8500,17124000,UBER,87.0430,88.2845,85.4416,84.9468,79.8320,80.9125,75.2665,76.4920
2025-07-02,92.0500,94.1000,91.5500,91.8800,13604000,UBER,87.5190,88.6431,85.8242,85.2253,80.0526,81.1330,75.3863,76.6468
2025-07-03,93.6300,94.1100,92.6100,92.6300,8112600,UBER,88.0280,89.1180,86.2080,85.5549,80.2429,81.3805,75.4921,76.8158
2025-07-07,96.6800,97.1200,93.5400,93.5400,29817200,UBER,88.6285,89.8382,86.6662,85.9912,80.4234,81.6835,75.6179,77.0135
2025-07-08,97.4800,97.6000,95.1100,96.8900,20586800,UBER,89.2225,90.5660,87.0538,86.4417,80.6287,81.9963,75.7414,77.2171
2025-07-09,96.6400,97.7150,96.1000,97.5000,14858900,UBER,89.6985,91.1445,87.4316,86.8417,80.8016,82.2862,75.8571,77.4104
2025-07-10,96.4000,97.4500,95.1200,96.0700,15644400,UBER,90.1990,91.6450,87.7930,87.2165,80.9627,82.5657,75.9627,77.5993
2025-07-11,95.3900,96.8350,95.2700,96.1250,12453500,UBER,90.6395,92.0017,88.1124,87.5370,81.1224,82.8197,76.0699,77.7763
2025-07-14,93.8900,95.4800,93.5600,95.1900,14300200,UBER,91.0530,92.1815,88.3700,87.7862,81.2464,83.0389,76.1658,77.9367
2025-07-15,92.2100,95.1600,91.8500,95.0000,18488400,UBER,91.4670,92.1842,88.5964,87.9597,81.3569,83.2205,76.2397,78.0787
2025-07-16,90.7500,92.7500,89.8100,92.6500,17636000,UBER,91.7485,92.0476,88.7258,88.0691,81.4518,83.3696,76.3077,78.2048
2025-07-17,90.5000,91.4000,89.9000,91.2050,16903600,UBER,92.0355,91.9002,88.8272,88.1644,81.5679,83.5108,76.3768,78.3271
2025-07-18,90.5900,91.1700,89.4050,90.8000,14223500,UBER,92.3930,91.7755,88.9224,88.2595,81.7096,83.6510,76.4510,78.4491
2025-07-21,91.1600,91.9300,90.5300,90.8500,12150600,UBER,92.7620,91.7168,89.0726,88.3733,81.8717,83.7997,76.5310,78.5756
2025-07-22,91.7900,92.2600,89.8800,91.4800,11561800,UBER,93.0895,91.7238,89.2624,88.5073,82.0309,83.9579,76.6187,78.7071
2025-07-23,89.9400,92.7000,89.8650,92.7000,18617900,UBER,93.0040,91.5539,89.4050,88.5634,82.1882,84.0763,76.7041,78.8189
2025-07-24,90.8700,93.6100,90.8700,91.0500,23446200,UBER,93.0025,91.4888,89.4604,88.6539,82.3368,84.2109,76.7937,78.9388
2025-07-25,91.2900,91.3800,89.5000,90.4900,13864100,UBER,92.9110,91.4699,89.4518,88.7573,82.5053,84.3510,76.8788,79.0617
2025-07-28,90.6000,92.3500,90.2400,91.3100,11606100,UBER,92.8645,91.3870,89.4556,88.8295,82.6587,84.4748,76.9588,79.1765
2025-07-29,87.1100,89.1600,86.3600,88.8850,24966200,UBER,92.5550,90.9797,89.3946,88.7621,82.7650,84.5270,77.0135,79.2554
2025-07-30,87.6400,87.8050,86.4750,87.2400,16862800,UBER,92.3305,90.6616,89.3116,88.7181,82.8918,84.5886,77.0624,79.3389
2025-07-31,87.7500,88.8400,86.6100,87.5250,16922400,UBER,92.1155,90.3843,89.2174,88.6801,83.0066,84.6512,77.1115,79.4226
2025-08-01,86.9100,87.0550,85.4200,86.5050,15732500,UBER,91.7795,90.0534,89.1182,88.6107,83.1451,84.6959,77.1144,79.4971
2025-08-04,88.4300,88.5900,87.4100,87.7000,15138900,UBER,91.3670,89.8988,89.1134,88.6036,83.3229,84.7699,77.1318,79.5859
2025-08-05,89.3900,90.9550,89.0500,89.3700,25856000,UBER,90.9625,89.8504,89.1412,88.6345,83.5048,84.8614,77.1628,79.6835
2025-08-06,89.2200,90.9600,86.3000,90.9500,40169800,UBER,90.5915,89.7903,89.1706,88.6574,83.7019,84.9477,77.1994,79.7784
2025-08-07,92.6700,92.7400,89.1600,90.7200,28522200,UBER,90.4050,90.0646,89.2440,88.8148,83.9131,85.1006,77.2632,79.9067
2025-08-08,89.5600,94.3100,88.9100,92.9600,26212500,UBER,90.1135,90.0165,89.2700,88.8440,84.0814,85.1889,77.3152,80.0027
2025-08-11,90.5800,91.4300,88.9200,89.8100,16668900,UBER,89.9480,90.0702,89.3956,88.9121,84.2717,85.2957,77.3658,80.1080
2025-08-12,91.7300,92.5550,91.1400,91.1900,12509000,UBER,89.9240,90.2283,89.5470,89.0226,84.4588,85.4231,77.4224,80.2236
2025-08-13,90.8300,92.2000,89.9100,92.0500,16867300,UBER,89.9280,90.2856,89.6908,89.0935,84.6236,85.5301,77.4774,80.3291
2025-08-14,91.4000,92.3200,90.1050,90.3500,14525100,UBER,89.9730,90.3917,89.8682,89.1839,84.7792,85.6464,77.5425,80.4393
2025-08-15,92.6000,93.9000,90.8600,91.6500,15841800,UBER,90.0735,90.6020,90.0512,89.3179,84.9401,85.7841,77.6174,80.5603
2025-08-18,93.9800,94.4000,91.8900,92.2200,16471300,UBER,90.2145,90.9237,90.2374,89.5007,85.1238,85.9464,77.6989,80.6938
2025-08-19,95.3200,96.5950,93.8500,94.0000,21177300,UBER,90.3910,91.3424,90.4318,89.7289,85.3352,86.1320,77.7794,80.8394
2025-08-20,93.7300,94.9600,91.4400,94.8300,15194800,UBER,90.5805,91.5698,90.5640,89.8858,85.5239,86.2824,77.8509,80.9676
2025-08-21,94.2300,95.0000,92.8100,93.6200,12864100,UBER,90.7485,91.8232,90.7208,90.0562,85.7387,86.4398,77.9618,81.0996
2025-08-22,96.7900,97.5400,94.2900,94.4600,15584900,UBER,91.0235,92.2962,90.9250,90.3203,85.9780,86.6448,78.0795,81.2557
2025-08-25,95.1600,97.5000,95.1250,95.6600,10938100,UBER,91.2515,92.5689,91.1158,90.5101,86.1997,86.8134,78.1891,81.3941
2025-08-26,96.5300,96.8200,94.3600,94.8800,17163400,UBER,91.7225,92.9462,91.3678,90.7461,86.4200,87.0058,78.3010,81.5447
2025-08-27,95.3300,96.9500,95.3300,96.5000,11364300,UBER,92.1070,93.1732,91.5720,90.9259,86.6748,87.1706,78.4058,81.6818
2025-08-28,95.9600,96.1100,94.0800,96.0250,12024300,UBER,92.5175,93.4386,91.7960,91.1233,86.9882,87.3447,78.5200,81.8239
2025-08-29,93.7500,96.1500,91.6100,95.9950,19310000,UBER,92.8595,93.4683,92.0022,91.2263,87.2693,87.4715,78.6285,81.9426
2025-09-02,92.8100,93.5370,91.9200,92.2600,12883300,UBER,93.0785,93.4056,92.1828,91.2884,87.5467,87.5772,78.7343,82.0507
2025-09-03,92.9400,94.7650,92.1800,92.7500,12052200,UBER,93.2560,93.3612,92.3368,91.3532,87.7493,87.6834,78.8422,82.1591
2025-09-04,91.9800,93.1250,90.9300,93.1100,15960100,UBER,93.3940,93.2297,92.3434,91.3778,87.9597,87.7685,78.9463,82.2568
2025-09-05,90.9900,92.5300,88.8400,92.5300,20384500,UBER,93.3100,93.0164,92.3452,91.3626,88.1468,87.8323,79.0440,82.3437
2025-09-08,94.3600,94.5600,91.3800,91.3800,18906600,UBER,93.5500,93.1444,92.3700,91.4801,88.3594,87.9616,79.1496,82.4632
2025-09-09,95.4500,95.4800,92.7700,94.5000,11850200,UBER,93.7935,93.3639,92.4484,91.6358,88.5737,88.1098,79.2802,82.5925
2025-09-10,94.2100,96.1000,93.7100,95.5100,15944200,UBER,93.9175,93.4445,92.4666,91.7367,88.7852,88.2306,79.4056,82.7081
2025-09-11,94.6800,96.3200,94.0000,94.5500,16190100,UBER,94.1100,93.5622,92.5176,91.8522,88.9796,88.3583,79.5310,82.8272
2025-09-12,95.8900,96.2700,93.7100,94.4900,13659200,UBER,94.3345,93.7839,92.5944,92.0105,89.2093,88.5075,79.6622,82.9572
2025-09-15,98.8500,98.8600,95.5200,95.8000,18652400,UBER,94.6470,94.2664,92.6988,92.2787,89.4534,88.7123,79.7989,83.1153
2025-09-16,97.8300,99.7000,97.0200,99.4200,17257900,UBER,94.8395,94.6058,92.7218,92.4964,89.6940,88.8928,79.9210,83.2617
2025-09-17,92.9500,97.2400,92.1200,96.0700,44094000,UBER,94.7210,94.4481,92.6312,92.5142,89.8425,88.9732,80.0279,83.3581
2025-09-18,94.7000,95.0500,93.2100,93.9300,23075200,UBER,94.7695,94.4721,92.5924,92.5999,90.0120,89.0866,80.1433,83.4710
2025-09-19,98.5100,98.8300,94.9000,95.0000,38735000,UBER,94.9835,94.8566,92.6346,92.8317,90.2138,89.2732,80.2761,83.6206
2025-09-22,99.3900,101.9900,98.5000,99.0000,29820100,UBER,95.1135,95.2884,92.7146,93.0889,90.4135,89.4735,80.4077,83.7775
2025-09-23,97.8000,100.1800,97.6450,99.8600,15101100,UBER,95.2455,95.5276,92.7928,93.2736,90.5814,89.6384,80.5403,83.9171
2025-09-24,97.7800,99.8600,96.9300,98.8900,12523400,UBER,95.3080,95.7421,92.9042,93.4504,90.7503,89.7996,80.6684,84.0550
2025-09-25,97.6000,97.8700,95.9000,97.3000,11255800,UBER,95.4215,95.9190,93.0412,93.6131,90.8835,89.9541,80.8303,84.1898
2025-09-26,98.4500,98.5300,97.0300,97.7950,10356100,UBER,95.5460,96.1601,93.2002,93.8028,91.0137,90.1223,80.9921,84.3317
2025-09-29,99.5700,100.2600,98.5850,99.3200,16320900,UBER,95.8370,96.4848,93.3798,94.0289,91.1511,90.3094,81.1612,84.4833
2025-09-30,97.9700,99.7500,96.6500,99.5900,16793400,UBER,96.0950,96.6263,93.5160,94.1835,91.2943,90.4611,81.3263,84.6175
2025-10-01,96.6100,99.0850,96.5700,97.4750,16608500,UBER,96.2785,96.6247,93.6124,94.2786,91.4374,90.5829,81.5034,84.7368
2025-10-02,96.6100,97.2100,94.7600,97.0800,16046400,UBER,96.5100,96.6233,93.7458,94.3701,91.5754,90.7022,81.6794,84.8550
2025-10-03,96.6000,98.3000,96.4600,96.9500,10556400,UBER,96.7905,96.6211,93.8604,94.4575,91.6604,90.8190,81.8628,84.9718
2025-10-06,100.1000,101.2950,96.8900,96.9600,22760900,UBER,97.0775,96.9524,94.0366,94.6788,91.7442,91.0028,82.0620,85.1223
2025-10-07,97.8000,100.6900,97.0000,100.1300,12583600,UBER,97.1950,97.0332,94.1806,94.8012,91.8181,91.1374,82.2459,85.2485
2025-10-08,99.2800,99.6100,97.2000,97.9400,10071200,UBER,97.4485,97.2471,94.4240,94.9768,91.9093,91.2986,82.4361,85.3881
2025-10-09,96.0000,100.1700,95.8300,99.9650,13435700,UBER,97.5145,97.1284,94.5912,95.0170,91.9514,91.3917,82.6151,85.4937
2025-10-10,93.4000,96.4500,93.3300,96.3000,17021100,UBER,97.3900,96.7733,94.7042,94.9535,91.9608,91.4315,82.7784,85.5724
2025-10-13,94.0800,95.2500,93.4300,95.0000,11031400,UBER,97.1515,96.5168,94.8476,94.9193,91.9829,91.4839,82.9395,85.6570
2025-10-14,94.2500,95.1800,92.4600,93.7800,11178000,UBER,96.9725,96.3009,94.9640,94.8930,92.0387,91.5387,83.1022,85.7425
2025-10-15,94.5200,96.9900,93.7900,95.8600,14347100,UBER,97.0510,96.1313,95.0666,94.8784,92.1039,91.5977,83.2670,85.8299
2025-10-16,92.5200,95.4600,91.1800,94.4400,17214800,UBER,96.9420,95.7874,95.1326,94.7859,92.1516,91.6160,83.4239,85.8964
2025-10-17,92.3000,92.8300,91.4600,92.0000,14282100,UBER,96.6315,95.4552,95.1252,94.6884,92.1846,91.6295,83.5816,85.9602
2025-10-20,93.7000,94.5000,92.8500,93.0000,11274900,UBER,96.3470,95.2881,95.2080,94.6497,92.2390,91.6705,83.7485,86.0372
2025-10-21,93.0300,94.5500,92.9700,93.5900,10503300,UBER,96.1085,95.0730,95.2570,94.5862,92.3263,91.6975,83.8978,86.1067
2025-10-22,92.2100,93.4150,91.4210,92.7700,11351400,UBER,95.8300,94.8003,95.2666,94.4930,92.4068,91.7076,84.0359,86.1675
2025-10-23,94.6100,95.7000,92.4000,92.5000,17121600,UBER,95.6805,94.7822,95.3422,94.4976,92.5165,91.7651,84.1774,86.2515
2025-10-24,94.0700,95.2600,93.9000,95.1500,12014600,UBER,95.4615,94.7144,95.3956,94.4808,92.6319,91.8107,84.3170,86.3293
2025-10-27,96.4200,96.6600,94.5300,94.9100,11748300,UBER,95.3040,94.8768,95.4720,94.5568,92.7616,91.9020,84.4745,86.4297
2025-10-28,95.4300,97.7300,95.4100,96.7700,17138300,UBER,95.1770,94.9295,95.5010,94.5911,92.8692,91.9719,84.6218,86.5192
2025-10-29,95.7600,96.8900,94.5300,96.2400,14532900,UBER,95.1345,95.0086,95.5098,94.6369,92.9708,92.0469,84.7721,86.6112
2025-10-30,96.4900,97.6200,94.5600,95.4100,13556600,UBER,95.1285,95.1497,95.5650,94.7096,93.0645,92.1349,84.9304,86.7095
2025-10-31,96.5000,98.4500,96.1500,97.4600,15333400,UBER,95.1235,95.2783,95.6104,94.7798,93.1656,92.2213,85.0778,86.8069
2025-11-03,99.7200,100.3500,96.7800,97.6600,28836500,UBER,95.1045,95.7013,95.6690,94.9735,93.2970,92.3698,85.2335,86.9354
2025-11-04,94.6700,95.0300,90.0800,91.9700,48787300,UBER,94.9480,95.6031,95.6592,94.9616,93.3875,92.4153,85.3701,87.0123
2025-11-05,92.7500,95.4400,92.5200,95.0100,20150800,UBER,94.6215,95.3314,95.5836,94.8749,93.4757,92.4220,85.4952,87.0694
2025-11-06,92.1200,92.7700,90.8200,92.0000,18316200,UBER,94.4275,95.0255,95.5194,94.7669,93.5457,92.4160,85.6167,87.1197
2025-11-07,91.9900,93.1700,90.2980,91.6100,16489900,UBER,94.3570,94.7364,95.4400,94.6580,93.6180,92.4075,85.7351,87.1682
2025-11-10,94.1000,94.3100,92.2500,92.9900,13310200,UBER,94.3580,94.6758,95.4470,94.6361,93.7246,92.4411,85.8628,87.2371
2025-11-11,93.6000,94.1600,92.9700,93.6500,13276300,UBER,94.3255,94.5734,95.4628,94.5955,93.8228,92.4640,85.9870,87.3004
2025-11-12,93.5700,95.1800,92.7600,94.1100,16004600,UBER,94.2780,94.4778,95.4754,94.5552,93.9061,92.4859,86.1145,87.3628
2025-11-13,91.7800,94.0600,91.3500,93.7000,16367500,UBER,94.2410,94.2209,95.4714,94.4464,93.9074,92.4719,86.2396,87.4068
2025-11-14,91.6200,92.6200,89.6200,90.0600,12475600,UBER,94.2070,93.9732,95.4840,94.3356,93.9146,92.4551,86.3648,87.4487
2025-11-17,92.1100,92.5800,90.7400,91.3100,16922500,UBER,94.1275,93.7957,95.4390,94.2483,93.9045,92.4482,86.4911,87.4951
2025-11-18,90.8600,92.9230,89.3300,92.1000,17439400,UBER,94.0190,93.5161,95.3472,94.1154,93.8978,92.4168,86.6089,87.5286
2025-11-19,89.5300,91.0800,88.8900,90.6000,18256200,UBER,93.8850,93.1365,95.2536,93.9356,93.8601,92.3596,86.7078,87.5485
2025-11-20,83.3600,90.5400,82.9400,90.2000,41734000,UBER,93.3225,92.2054,95.0272,93.5209,93.7724,92.1814,86.8022,87.5068
2025-11-21,83.8700,84.0000,81.5100,83.9700,33783100,UBER,92.8125,91.4116,94.7868,93.1424,93.6906,92.0168,86.8716,87.4706
2025-11-24,83.6900,84.5200,83.0300,84.1500,24883200,UBER,92.1760,90.6762,94.4836,92.7717,93.5912,91.8519,86.9171,87.4330
2025-11-25,83.6900,84.2650,82.3900,83.8000,18482200,UBER,91.5890,90.0108,94.2008,92.4156,93.4613,91.6903,86.9424,87.3958
2025-11-26,85.6600,86.3550,83.6500,84.1100,20448700,UBER,91.0840,89.5965,94.0550,92.1507,93.3431,91.5709,86.9859,87.3785
2025-11-28,87.5400,87.6200,86.2400,86.5100,9069400,UBER,90.6365,89.4006,93.9118,91.9698,93.2521,91.4911,87.0269,87.3801
2025-12-01,86.5700,87.6100,85.4750,86.9900,17517200,UBER,90.1400,89.1310,93.6730,91.7581,93.1538,91.3936,87.0583,87.3720
2025-12-02,87.5700,88.4400,85.6300,86.0300,18930400,UBER,89.5325,88.9824,93.4366,91.5938,93.0756,91.3179,87.0990,87.3740
2025-12-03,90.6800,91.3800,88.9520,89.8450,21335800,UBER,89.3330,89.1440,93.2942,91.5580,93.0435,91.3053,87.1450,87.4069
2025-12-04,90.9900,91.0000,89.4500,90.1800,13145300,UBER,89.2450,89.3198,93.1584,91.5357,93.0313,91.2990,87.1941,87.4425
2025-12-05,91.3200,92.7500,90.4600,90.7200,11154600,UBER,89.2050,89.5103,93.0328,91.5273,93.0370,91.2995,87.2444,87.4811
2025-12-08,92.5700,92.7800,90.7700,90.7700,12646900,UBER,89.2340,89.8017,92.9152,91.5682,93.0577,91.3246,87.3128,87.5318
2025-12-09,89.0700,92.0100,88.9050,91.8100,17117500,UBER,88.9825,89.7320,92.7052,91.4702,93.0425,91.2800,87.3761,87.5471
2025-12-10,84.1600,88.7500,82.7200,88.6400,51202000,UBER,88.5105,89.2014,92.4290,91.1835,92.9725,91.1390,87.4221,87.5134
2025-12-11,85.4400,85.7450,83.3400,84.0550,23346300,UBER,88.1040,88.8431,92.2056,90.9583,92.9090,91.0261,87.4700,87.4927
2025-12-12,85.1100,86.4500,84.5180,85.5000,16211600,UBER,87.7705,88.4876,91.9756,90.7289,92.8607,90.9090,87.5245,87.4690
2025-12-15,81.8600,83.6200,81.1650,83.4600,32070900,UBER,87.2825,87.8564,91.6808,90.3811,92.7706,90.7298,87.5537,87.4132
2025-12-16,80.9200,82.0500,80.2600,81.7450,24465100,UBER,86.7230,87.1958,91.2972,90.0101,92.6669,90.5355,87.5861,87.3486
2025-12-17,79.1400,81.3000,78.7800,80.8100,28007500,UBER,86.1370,86.4286,90.9240,89.5838,92.5523,90.3099,87.6055,87.2669
2025-12-18,79.6900,80.7100,79.5500,80.3600,18681800,UBER,85.6450,85.7868,90.5322,89.1958,92.4781,90.0996,87.6216,87.1915
2025-12-19,79.3100,79.9900,78.3100,79.7700,34353300,UBER,85.4425,85.1700,90.1984,88.8082,92.3948,89.8859,87.6433,87.1131
2025-12-22,81.2600,82.2500,80.9000,81.3200,20570400,UBER,85.3120,84.7976,89.9556,88.5122,92.3299,89.7151,87.6683,87.0549
2025-12-23,80.9700,81.4200,80.3500,81.0100,10445500,UBER,85.1760,84.4331,89.6934,88.2164,92.2705,89.5420,87.7078,86.9943
2025-12-24,81.1500,81.4100,80.5800,81.0100,4310700,UBER,85.0490,84.1204,89.4314,87.9393,92.1977,89.3758,87.7603,86.9362
2025-12-26,81.2600,81.5000,80.6800,81.2000,6741600,UBER,84.8290,83.8480,89.1662,87.6773,92.1164,89.2151,87.8106,86.8797
2025-12-29,81.5000,82.2000,80.7850,80.9100,12072600,UBER,84.5270,83.6244,88.9458,87.4351,92.0392,89.0623,87.8706,86.8262
2025-12-30,82.1200,82.5000,81.5300,81.7400,9500700,UBER,84.3045,83.4811,88.7422,87.2267,91.9337,88.9248,87.9234,86.7793
2025-12-31,81.7100,82.5450,81.4200,82.0000,8428400,UBER,84.0115,83.3124,88.5024,87.0103,91.8552,88.7820,87.9683,86.7289
2026-01-02,82.8600,83.6600,81.4700,82.0400,13095100,UBER,83.6205,83.2693,88.2990,86.8476,91.7780,88.6647,88.0249,86.6904
2026-01-05,80.7400,82.8400,79.5750,81.6100,24036800,UBER,83.1080,83.0284,88.0696,86.6080,91.6681,88.5078,88.0635,86.6312
2026-01-06,85.5400,85.6500,81.0900,81.1800,27508700,UBER,82.8190,83.2676,87.8882,86.5662,91.6152,88.4490,88.1194,86.6203
2026-01-07,86.1900,87.7400,85.6550,86.2400,25293400,UBER,82.5000,83.5460,87.7306,86.5514,91.5631,88.4043,88.1712,86.6161
2026-01-08,87.5900,88.2400,85.3500,85.7600,15499200,UBER,82.4260,83.9311,87.5540,86.5921,91.5130,88.3881,88.2266,86.6257
2026-01-09,85.4400,87.2800,84.8840,87.2700,15881500,UBER,82.4900,84.0748,87.3542,86.5470,91.4276,88.3298,88.2757,86.6139
2026-01-12,84.6700,85.4800,83.7700,84.6400,12687800,UBER,82.4515,84.1315,87.1324,86.4734,91.3211,88.2573,88.3282,86.5946
2026-01-13,85.4100,85.9400,83.7000,84.2100,14809300,UBER,82.4665,84.2533,86.9108,86.4317,91.2379,88.2009,88.3809,86.5828
2026-01-14,84.6500,85.9900,83.5000,85.3700,15510800,UBER,82.6060,84.2910,86.6738,86.3618,91.1421,88.1306,88.4404,86.5636
2026-01-15,84.3800,86.3500,82.7300,85.8100,18892900,UBER,82.7790,84.2995,86.3670,86.2841,91.0180,88.0563,88.4980,86.5419
2026-01-16,84.8500,85.0000,83.0000,84.1500,20738900,UBER,83.0645,84.3519,86.1706,86.2278,90.9149,87.9928,88.5573,86.5250
2026-01-20,83.7200,83.8100,82.3500,83.0600,19429300,UBER,83.2660,84.2918,85.9900,86.1295,90.7868,87.9082,88.6034,86.4971
2026-01-21,84.2600,85.6100,82.9500,84.3900,21171900,UBER,83.5135,84.2887,85.8328,86.0562,90.6761,87.8360,88.6755,86.4749
2026-01-22,82.5600,85.4300,81.5100,83.5000,19457200,UBER,83.5785,84.1241,85.6442,85.9191,90.5421,87.7315,88.7652,86.4359
2026-01-23,82.3100,83.5600,81.4700,82.6500,14703800,UBER,83.6455,83.9513,85.4084,85.7775,90.4277,87.6241,88.8485,86.3948
2026-01-26,81.9800,83.3300,81.9100,82.3500,16556400,UBER,83.6870,83.7636,85.1760,85.6286,90.3194,87.5124,88.9331,86.3509
2026-01-27,81.2400,82.0850,79.8600,81.9500,19993700,UBER,83.6860,83.5232,84.9294,85.4565,90.2024,87.3882,88.9759,86.3001
2026-01-28,79.7800,81.8470,79.7350,81.1600,19317300,UBER,83.6000,83.1667,84.6894,85.2339,90.0804,87.2375,89.0201,86.2352
2026-01-29,81.7000,82.0800,79.9600,80.4400,26857800,UBER,83.5790,83.0270,84.4910,85.0953,89.9875,87.1279,89.0672,86.1901
2026-01-30,80.0500,82.1000,79.4200,80.9100,24344100,UBER,83.4960,82.7435,84.2498,84.8975,89.8444,86.9877,89.1019,86.1290
2026-02-02,80.8400,81.8900,79.1900,79.8000,18434500,UBER,83.3950,82.5622,84.0494,84.7383,89.6983,86.8660,89.1360,86.0763
2026-02-03,77.9300,80.6800,77.3000,80.4800,29490800,UBER,83.2545,82.1211,83.8174,84.4713,89.5355,86.6890,89.1604,85.9953
2026-02-04,73.9200,77.7130,71.8800,75.6250,63045000,UBER,82.6735,81.3400,83.6286,84.0576,89.3279,86.4362,89.1538,85.8751
2026-02-05,75.2100,77.2200,73.2200,73.2600,33111500,UBER,82.1245,80.7562,83.4554,83.7106,89.1211,86.2139,89.1652,85.7690
2026-02-06,74.7700,75.8600,72.6700,75.4900,24470200,UBER,81.4835,80.1861,83.2770,83.3600,88.8803,85.9873,89.1669,85.6596
2026-02-09,73.9100,74.8150,73.5100,74.7600,17959100,UBER,80.9070,79.5884,83.0814,82.9894,88.6411,85.7481,89.1676,85.5427
2026-02-10,73.5000,75.0500,73.4700,74.3800,18958700,UBER,80.3485,79.0085,82.8382,82.6173,88.4466,85.5056,89.1446,85.4228
2026-02-11,71.0100,74.0860,70.6500,73.7600,28045000,UBER,79.6285,78.2468,82.5076,82.1621,88.2097,85.2185,89.1109,85.2794
2026-02-12,71.2200,72.6300,69.4500,72.1900,33541400,UBER,78.9570,77.5775,82.2006,81.7330,87.9368,84.9413,89.0753,85.1395
2026-02-13,69.9900,71.4200,69.0200,71.0600,26526700,UBER,78.2375,76.8549,81.8490,81.2725,87.6428,84.6453,89.0282,84.9888
2026-02-17,70.5300,70.9800,69.7000,70.6600,20286100,UBER,77.5215,76.2525,81.4460,80.8512,87.3701,84.3658,88.9758,84.8449
2026-02-18,72.7700,73.2700,70.1150,70.2600,18235600,UBER,76.9740,75.9209,81.0816,80.5343,87.1200,84.1361,88.9352,84.7248
2026-02-19,72.9400,74.1050,71.7600,71.8700,15897800,UBER,76.4080,75.6370,80.7140,80.2365,86.8734,83.9144,88.8785,84.6075
2026-02-20,73.8600,74.5850,72.5600,72.6500,20242200,UBER,75.9730,75.4677,80.3398,79.9864,86.6275,83.7153,88.8206,84.5006
2026-02-23,70.7200,73.1100,70.1500,72.9900,22921600,UBER,75.3935,75.0156,79.9728,79.6230,86.3390,83.4580,88.7451,84.3634
2026-02-24,71.3800,72.1400,69.9500,70.6200,19581100,UBER,74.8635,74.6693,79.7172,79.2998,86.0731,83.2188,88.6837,84.2343
2026-02-25,72.8300,73.1600,71.9200,72.3200,19820800,UBER,74.4430,74.4942,79.4650,79.0461,85.8353,83.0131,88.6364,84.1208
2026-02-26,74.8000,76.1000,72.8300,73.1500,22449200,UBER,74.1940,74.5233,79.2588,78.8795,85.6172,82.8505,88.5963,84.0280
2026-02-27,75.4200,75.7800,73.6580,73.9000,20427900,UBER,73.8800,74.6087,79.1300,78.7439,85.4054,82.7033,88.5329,83.9424
2026-03-02,75.9500,76.4950,73.1500,73.5000,25779100,UBER,73.6750,74.7364,79.0306,78.6343,85.1639,82.5696,88.4541,83.8629
2026-03-03,76.3600,77.3050,74.0200,74.5000,21892500,UBER,73.4510,74.8911,78.9750,78.5451,84.9495,82.4466,88.3838,83.7882
2026-03-04,76.6500,77.0400,75.0130,76.2950,19818600,UBER,73.3870,75.0586,78.9142,78.4708,84.7232,82.3319,88.3163,83.7172
2026-03-05,75.4400,78.2500,75.1350,76.5900,17894000,UBER,73.4630,75.0949,78.8368,78.3520,84.5176,82.1954,88.2345,83.6348
2026-03-06,75.1300,75.5700,74.1900,74.7300,14771200,UBER,73.4590,75.0982,78.7142,78.2256,84.3349,82.0555,88.1479,83.5502
2026-03-09,73.8400,74.5400,71.9400,74.1200,21208900,UBER,73.4125,74.9784,78.5716,78.0536,84.1325,81.8928,88.0577,83.4536
2026-03-10,72.3600,74.1200,72.1800,73.9700,17581500,UBER,73.3350,74.7290,78.3958,77.8303,83.9136,81.7040,87.9762,83.3432
2026-03-11,74.9700,75.6000,73.5500,74.5400,21010800,UBER,73.4085,74.7520,78.2700,77.7182,83.7181,81.5707,87.9110,83.2599
2026-03-12,72.9700,75.8500,72.5900,74.8700,17082700,UBER,73.5065,74.5823,78.0994,77.5320,83.5226,81.4004,87.8371,83.1575
2026-03-13,73.3300,74.8700,72.6900,73.2950,16400700,UBER,73.6120,74.4630,77.9236,77.3672,83.3329,81.2406,87.7588,83.0597
2026-03-16,74.6600,75.3800,74.0000,74.0000,15997300,UBER,73.8455,74.4818,77.7826,77.2610,83.1425,81.1103,87.6908,82.9761
2026-03-17,77.7900,79.2300,77.3100,77.3900,33146100,UBER,74.2085,74.7968,77.6812,77.2818,82.9901,81.0445,87.6582,82.9245
2026-03-18,76.6600,77.6800,76.4800,77.4300,13692700,UBER,74.4030,74.9743,77.5996,77.2574,82.8346,80.9577,87.6207,82.8622
2026-03-19,75.3400,77.8450,75.3200,76.4800,13791600,UBER,74.5230,75.0091,77.3956,77.1822,82.6419,80.8464,87.5792,82.7873
2026-03-20,73.8900,74.9800,73.0400,74.9800,26161200,UBER,74.5245,74.9025,77.1496,77.0531,82.4401,80.7087,87.5360,82.6988
2026-03-23,75.1200,75.8200,74.4400,75.2700,14154700,UBER,74.7445,74.9232,76.9002,76.9773,82.2271,80.5980,87.4944,82.6234
2026-03-24,72.3400,75.0100,72.1450,74.6300,14404200,UBER,74.7925,74.6772,76.6382,76.7954,81.9962,80.4345,87.4327,82.5211
2026-03-25,73.0800,73.8400,72.1900,73.0000,11569300,UBER,74.8050,74.5251,76.4064,76.6497,81.7694,80.2889,87.3701,82.4271
2026-03-26,70.5500,72.7650,70.2000,72.7400,15412900,UBER,74.5925,74.1465,76.1092,76.4105,81.5100,80.0960,87.2873,82.3089
2026-03-27,69.1800,70.3800,68.4600,70.1100,13869700,UBER,74.2805,73.6735,75.7998,76.1270,81.2368,79.8799,87.2012,82.1783
2026-03-30,69.9100,70.5000,68.8400,69.7100,13873500,UBER,73.9785,73.3151,75.5104,75.8832,80.9387,79.6824,87.1179,82.0562
2026-03-31,71.9300,72.0500,70.2100,70.7100,15886600,UBER,73.7570,73.1832,75.2520,75.7281,80.7113,79.5289,87.0494,81.9555
2026-04-01,71.7100,72.7000,70.8100,72.4300,13035000,UBER,73.5100,73.0429,75.0118,75.5706,80.5009,79.3741,86.9883,81.8535
2026-04-02,71.8400,71.9700,69.7800,70.9100,12758500,UBER,73.3300,72.9283,74.7634,75.4243,80.2981,79.2249,86.9219,81.7539
2026-04-06,72.1700,72.7800,71.4050,71.6200,7751400,UBER,73.1820,72.8561,74.5556,75.2966,80.0999,79.0852,86.8590,81.6585
2026-04-07,71.7300,72.5600,71.1100,71.7800,9686300,UBER,73.0765,72.7488,74.3440,75.1568,79.8762,78.9396,86.8004,81.5597
2026-04-08,72.3800,75.4300,72.0700,75.0000,13559900,UBER,73.0775,72.7137,74.1520,75.0479,79.6640,78.8097,86.7434,81.4684
2026-04-09,71.8100,72.3500,70.0150,72.1500,16500000,UBER,72.9195,72.6277,73.9634,74.9209,79.4464,78.6711,86.6763,81.3723
2026-04-10,70.4800,72.8800,70.0400,72.3200,11818200,UBER,72.7950,72.4231,73.7774,74.7468,79.2334,78.5089,86.5704,81.2639
2026-04-13,72.3400,72.8100,69.8200,70.0700,12690600,UBER,72.7455,72.4152,73.5902,74.6524,79.0406,78.3867,86.4776,81.1751
2026-04-14,72.9100,73.9500,72.2400,73.1650,16750300,UBER,72.6580,72.4623,73.4474,74.5840,78.8486,78.2782,86.3766,81.0929
2026-04-15,77.2800,77.9300,73.7940,73.8600,19696000,UBER,72.6325,72.9211,73.3762,74.6898,78.7128,78.2585,86.3053,81.0549
2026-04-16,76.4800,78.0500,76.3650,77.5100,12771700,UBER,72.6235,73.2601,73.3472,74.7600,78.5823,78.2233,86.2212,81.0094
2026-04-17,77.1200,78.7200,76.6100,77.4150,16966600,UBER,72.7125,73.6277,73.4112,74.8525,78.5199,78.2014,86.1462,80.9707
2026-04-20,77.4900,77.7050,75.7000,76.6700,11507400,UBER,72.8925,73.9955,73.4568,74.9560,78.4561,78.1873,86.0734,80.9361
2026-04-21,77.2600,78.7600,77.0380,78.0000,11698100,UBER,72.9995,74.3064,73.5066,75.0463,78.3918,78.1690,85.9915,80.8995
2026-04-22,75.5800,77.9700,75.1000,77.7000,14133000,UBER,73.1615,74.4277,73.5400,75.0672,78.3107,78.1177,85.8860,80.8466
2026-04-23,74.7000,77.1770,73.7500,76.6600,18671000,UBER,73.2425,74.4537,73.5640,75.0528,78.2011,78.0500,85.7721,80.7854
2026-04-24,74.6400,74.7700,73.5300,74.7700,13007200,UBER,73.4470,74.4714,73.6366,75.0366,78.0721,77.9825,85.6621,80.7243
2026-04-27,76.2700,76.9500,74.6700,74.6750,14670000,UBER,73.8015,74.6427,73.7376,75.0850,77.9691,77.9486,85.5615,80.6799
2026-04-28,74.1100,76.6600,74.0900,75.7000,14039000,UBER,74.0115,74.5920,73.8200,75.0468,77.8345,77.8726,85.4551,80.6146
2026-04-29,74.4700,74.7300,72.7800,73.6700,11751800,UBER,74.1385,74.5804,73.8988,75.0242,77.6724,77.8052,85.3580,80.5534
2026-04-30,74.6100,75.0200,73.0400,74.3200,16067000,UBER,74.2835,74.5832,73.9356,75.0079,77.5086,77.7419,85.2700,80.4943
2026-05-01,75.1200,75.6600,74.5810,75.1100,10867400,UBER,74.4475,74.6343,73.9792,75.0123,77.3466,77.6900,85.1918,80.4408
2026-05-04,73.9300,75.3210,73.5200,74.9250,13868400,UBER,74.5355,74.5672,73.9806,74.9699,77.1602,77.6156,85.1090,80.3760
2026-05-05,72.9500,74.8000,72.6700,74.2500,27424000,UBER,74.5965,74.4132,74.0252,74.8907,76.9990,77.5232,85.0208,80.3021
2026-05-06,79.1700,80.1100,76.7000,77.4600,35783000,UBER,74.9360,74.8662,74.1810,75.0585,76.9491,77.5558,84.9608,80.2909
2026-05-07,76.7300,80.8300,76.3000,79.8250,26972300,UBER,75.1820,75.0437,74.2590,75.1240,76.8620,77.5394,84.8855,80.2555
2026-05-08,75.4500,77.0500,74.4020,77.0500,16230600,UBER,75.4305,75.0824,74.2720,75.1368,76.7654,77.4980,84.8131,80.2076
2026-05-11,76.1500,77.0160,75.1000,75.5000,18996400,UBER,75.6210,75.1841,74.2866,75.1765,76.7083,77.4714,84.7395,80.1673
2026-05-12,76.3600,76.8300,74.4100,76.2000,17241000,UBER,75.7935,75.2961,74.2948,75.2230,76.6627,77.4493,84.6648,80.1294
2026-05-13,74.7000,76.0500,74.0200,75.6000,14055200,UBER,75.6645,75.2393,74.2616,75.2024,76.6183,77.3949,84.5853,80.0754
2026-05-14,74.6900,75.2900,72.8750,74.6650,17329500,UBER,75.5750,75.1870,74.2224,75.1823,76.5683,77.3413,84.5232,80.0218
2026-05-15,75.0900,75.5650,73.6300,74.3100,16394100,UBER,75.4735,75.1778,74.2154,75.1787,76.5261,77.2968,84.4605,79.9727
2026-05-18,75.0800,75.9700,74.2300,74.8900,17776200,UBER,75.3530,75.1685,74.2144,75.1749,76.4643,77.2529,84.3971,79.9240
2026-05-19,74.0900,76.0100,73.9600,75.4900,17419900,UBER,75.1945,75.0657,74.2194,75.1323,76.3955,77.1902,84.3330,79.8660
2026-05-20,74.6000,74.8940,72.5300,73.8000,12764800,UBER,75.1455,75.0214,74.2642,75.1114,76.3300,77.1389,84.2639,79.8136
2026-05-21,73.6100,74.6100,72.9000,74.2450,13238700,UBER,75.0910,74.8870,74.2370,75.0526,76.2535,77.0691,84.1850,79.7518
2026-05-22,71.8200,74.9700,71.3200,73.8500,19689000,UBER,74.9500,74.5949,74.2140,74.9258,76.1567,76.9651,84.0980,79.6729
2026-05-26,70.1200,71.8300,69.9000,71.7400,23281200,UBER,74.6425,74.1687,74.1498,74.7373,76.0367,76.8296,83.9852,79.5779
2026-05-27,70.7300,70.9400,69.6000,69.8500,23148200,UBER,74.4735,73.8412,74.0712,74.5802,75.9269,76.7088,83.8911,79.4898
2026-05-28,70.9200,71.1400,69.5800,70.1700,19139100,UBER,74.2960,73.5630,73.9338,74.4366,75.8075,76.5942,83.7928,79.4045
2026-05-29,70.4000,72.2400,69.9600,70.6500,50294700,UBER,74.0855,73.2618,73.8086,74.2783,75.7041,76.4715,83.6861,79.3150
2026-06-01,73.7700,74.5550,71.3300,71.3300,24119800,UBER,74.0180,73.3102,73.7772,74.2584,75.5864,76.4180,83.6008,79.2598
2026-06-02,71.6200,73.1300,71.3150,72.6000,16657700,UBER,73.9025,73.1492,73.7318,74.1549,75.4407,76.3230,83.5019,79.1838
2026-06-03,71.6900,71.8750,70.3550,71.1500,17348400,UBER,73.8395,73.0102,73.6632,74.0583,75.2817,76.2313,83.3974,79.1092
2026-06-04,72.2100,73.5400,71.7250,72.6500,17576600,UBER,73.4915,72.9340,73.6606,73.9858,75.1494,76.1516,83.2885,79.0405
2026-06-05,70.7100,72.5300,70.3100,71.8400,18532300,UBER,73.1905,72.7222,73.6132,73.8573,75.0098,76.0439,83.1655,78.9577
2026-06-08,70.0600,70.9350,69.9700,70.4100,18636000,UBER,72.9210,72.4687,73.6034,73.7084,74.8563,75.9254,83.0471,78.8691
2026-06-09,70.3800,71.4500,69.5000,70.2750,20029600,UBER,72.6325,72.2697,73.6274,73.5779,74.7136,75.8156,82.9279,78.7847
2026-06-10,68.6100,70.3750,68.6100,69.7000,21908800,UBER,72.2450,71.9212,73.6014,73.3831,74.5559,75.6729,82.7870,78.6834
2026-06-11,69.5500,69.5650,67.1900,68.2250,24995400,UBER,71.9875,71.6954,73.5538,73.2328,74.4029,75.5516,82.6589,78.5925
2026-06-12,68.8500,70.2300,67.4000,70.0200,19678100,UBER,71.6955,71.4244,73.4966,73.0609,74.2542,75.4189,82.5205,78.4956
2026-06-15,72.8500,73.4800,70.4600,70.6200,24748700,UBER,71.5835,71.5601,73.5168,73.0526,74.1401,75.3681,82.4081,78.4394
2026-06-16,73.2500,74.2850,72.7700,73.2800,17514600,UBER,71.4920,71.7211,73.5384,73.0604,74.0470,75.3261,82.2946,78.3878
2026-06-17,70.9100,73.2700,70.8900,72.8800,16144400,UBER,71.3330,71.6438,73.5220,72.9760,73.9330,75.2387,82.1804,78.3134
2026-06-18,71.6400,72.4900,70.7800,71.9700,27203300,UBER,71.1850,71.6435,73.5072,72.9236,73.8296,75.1674,82.0745,78.2470
2026-06-22,71.4300,72.4500,70.8500,71.4600,21887100,UBER,71.0760,71.6231,73.4996,72.8651,73.7315,75.0934,81.9670,78.1791
2026-06-23,69.6700,71.5550,69.5650,71.0800,20733900,UBER,70.9685,71.4371,73.4834,72.7398,73.6304,74.9860,81.8554,78.0945
2026-06-24,73.8500,75.7400,69.7000,70.3000,34823300,UBER,71.1550,71.6669,73.5136,72.7833,73.5519,74.9635,81.7697,78.0522
2026-06-25,72.2500,74.5500,72.1100,74.2600,14682100,UBER,71.2310,71.7225,73.5004,72.7624,73.4739,74.9098,81.6592,77.9945
2026-06-26,76.2000,76.3900,72.4500,72.7000,64581200,UBER,71.4950,72.1489,73.4788,72.8972,73.4275,74.9353,81.5629,77.9767
2026-06-29,75.5000,77.7600,74.2000,76.0000,26220700,UBER,71.7500,72.4680,73.4592,72.9993,73.4032,74.9465,81.4694,77.9520
2026-06-30,72.1600,75.0300,71.8200,74.7800,27806100,UBER,71.6695,72.4387,73.3600,72.9664,73.3856,74.8913,81.3568,77.8944
2026-07-01,72.6600,73.8000,71.6600,72.2300,12648000,UBER,71.7215,72.4598,73.2634,72.9543,73.3601,74.8472,81.2406,77.8423
2026-07-02,74.4300,74.5100,72.3300,72.7900,14087900,UBER,71.8585,72.6474,73.2068,73.0122,73.3567,74.8389,81.1185,77.8083
2026-07-06,72.4200,74.5600,71.8600,74.1550,15821500,UBER,71.8690,72.6258,73.1436,72.9890,73.3418,74.7910,80.9915,77.7547
2026-07-07,74.3300,74.8500,73.3200,73.5900,15615600,UBER,72.0500,72.7881,73.1362,73.0416,73.3501,74.7819,80.8984,77.7206
2026-07-08,73.6000,74.7700,72.5800,73.5100,12612900,UBER,72.2270,72.8654,73.1154,73.0635,73.3760,74.7585,80.7929,77.6796
2026-07-09,74.3500,74.3600,72.3100,72.5000,9895500,UBER,72.4255,73.0068,73.0770,73.1139,73.4073,74.7504,80.6721,77.6465
2026-07-10,74.5400,76.2100,74.4800,74.9800,9766800,UBER,72.7220,73.1528,73.0856,73.1698,73.4528,74.7462,80.5478,77.6156
2026-07-13,74.2600,76.3000,73.8700,75.0700,12458500,UBER,72.9575,73.2583,73.0814,73.2126,73.4901,74.7366,80.4301,77.5822
2026-07-14,72.0800,74.2000,71.2400,73.5600,18703500,UBER,73.1190,73.1460,73.0308,73.1682,73.4832,74.6840,80.3016,77.5275
2026-07-15,72.6700,73.9630,72.2000,72.5300,13876600,UBER,73.1100,73.1007,72.9818,73.1486,73.4805,74.6441,80.1770,77.4791
2026-07-16,74.0400,75.4000,72.6200,73.6750,17903600,UBER,73.1495,73.1902,72.9840,73.1836,73.4823,74.6321,80.0549,77.4449
2026-07-17,72.4600,73.4600,71.7200,73.2600,18317900,UBER,73.2270,73.1206,72.9742,73.1552,73.4997,74.5891,79.9194,77.3953
2026-07-20,72.1700,73.4100,71.5900,72.5000,14948000,UBER,73.2535,73.0301,72.8342,73.1166,73.5076,74.5412,79.7904,77.3433
2026-07-21,71.5500,72.9900,71.4300,72.1700,11769000,UBER,73.2595,72.8891,72.7306,73.0552,73.4948,74.4820,79.6651,77.2857
2026-07-22,70.3300,71.4700,69.9600,71.4700,15001000,UBER,73.2925,72.6454,72.6282,72.9483,73.4501,74.3998,79.5337,77.2165
2026-07-23,68.9100,71.0800,68.3500,70.1700,23649300,UBER,73.0455,72.2896,72.4834,72.7899,73.3850,74.2911,79.3952,77.1338
2026-07-24,65.9400,70.0700,65.5600,69.3900,27966300,UBER,72.7300,71.6849,72.2750,72.5213,73.2849,74.1257,79.2244,77.0224
2026-07-27,68.1800,68.3400,65.4100,66.3800,25722900,UBER,72.3290,71.3511,72.1446,72.3511,73.2031,74.0080,79.0763,76.9344
2026-07-28,70.7400,70.9000,68.7600,69.1100,20969300,UBER,72.0910,71.2929,72.0656,72.2879,73.1440,73.9432,78.9336,76.8728
2026-07-29,71.2000,71.7900,69.6600,70.1000,12052100,UBER,72.0430,71.2841,71.9878,72.2452,73.1016,73.8889,78.8096,76.8164
2026-07-30,70.3700,70.6000,68.6900,70.6000,14183500,UBER,71.9285,71.1970,71.8936,72.1717,73.0540,73.8192,78.6945,76.7522
2026-07-31,70.3600,70.5000,69.5000,69.9600,11993900,UBER,71.7250,71.1173,71.8190,72.1006,73.0192,73.7507,78.5759,76.6886
2026-08-03,71.6100,71.9490,71.0150,71.2300,12953300,UBER,71.6845,71.1642,71.7592,72.0814,73.0117,73.7083,78.4627,76.6381
2026-08-04,71.9900,72.2900,71.1400,71.3100,20046000,UBER,71.5675,71.2429,71.7268,72.0778,72.9819,73.6743,78.3500,76.5918
2026-08-05,68.1800,69.4200,66.7350,69.0000,50131900,UBER,71.2965,70.9512,71.6540,71.9249,72.9340,73.5655,78.2283,76.5081
2026-08-06,70.4700,71.3700,68.1700,68.6300,31510100,UBER,71.1025,70.9053,71.6610,71.8679,72.9054,73.5042,78.1192,76.4481
2026-08-07,75.0200,75.4200,71.2300,71.2900,33069600,UBER,71.1265,71.2972,71.7468,71.9915,72.9090,73.5342,78.0258,76.4338
2026-08-10,78.0300,78.1000,75.3900,75.4300,27263300,UBER,71.3150,71.9384,71.8890,72.2283,72.9114,73.6233,77.9508,76.4497
2026-08-11,78.5400,78.9890,77.4650,78.0000,18711700,UBER,71.6380,72.5672,72.0518,72.4758,72.9302,73.7206,77.8824,76.4705
2026-08-12,75.3600,78.5600,74.8800,78.2000,19192500,UBER,71.7725,72.8331,72.0836,72.5889,72.9304,73.7531,77.7862,76.4595
2026-08-13,75.8800,76.0350,74.5300,75.6300,13239300,UBER,71.8645,73.1233,72.1688,72.7180,72.9503,73.7952,77.6952,76.4537
2026-08-14,75.9500,77.4400,75.3700,77.0900,10195700,UBER,72.0390,73.3925,72.2540,72.8447,72.9586,73.8379,77.5929,76.4487
2026-08-17,74.9900,77.5300,74.6500,77.0900,18084900,UBER,72.1800,73.5447,72.3096,72.9289,72.9851,73.8607,77.4907,76.4342
2026-08-18,74.6600,77.2800,74.6300,75.1850,15895600,UBER,72.3355,73.6509,72.3886,72.9968,73.0009,73.8765,77.3852,76.4165
2026-08-19,78.0400,79.3100,73.9700,74.9000,19059800,UBER,72.7210,74.0689,72.5482,73.1945,73.0758,73.9590,77.2929,76.4327
2026-08-20,78.5500,80.1500,78.0900,78.4700,17575800,UBER,73.2030,74.4957,72.7116,73.4045,73.1695,74.0499,77.2032,76.4538
2026-08-21,78.8000,80.2200,77.8500,79.7250,12754300,UBER,73.8460,74.9056,72.9154,73.6161,73.2584,74.1439,77.0986,76.4771
2026-08-24,79.2900,79.5200,77.9000,79.0000,12105700,UBER,74.4015,75.3232,73.1102,73.8386,73.3320,74.2458,77.0217,76.5051
2026-08-25,80.3500,80.4300,78.6100,79.3800,14177100,UBER,74.8820,75.8019,73.3402,74.0940,73.4184,74.3667,76.9597,76.5433
2026-08-26,78.4900,82.3650,78.4150,81.5600,14524000,UBER,75.2465,76.0579,73.4530,74.2664,73.4849,74.4484,76.8915,76.5627
2026-08-27,76.9500,77.6900,76.2000,77.6600,14389100,UBER,75.5755,76.1429,73.5270,74.3716,73.5327,74.4979,76.8163,76.5666
2026-08-28,78.8200,78.9950,76.7200,77.0000,10702700,UBER,75.9985,76.3978,73.6852,74.5461,73.6036,74.5835,76.7399,76.5890
2026-08-31,75.6500,78.2930,75.3400,78.1700,18505900,UBER,76.2005,76.3266,73.7654,74.5894,73.6363,74.6046,76.6502,76.5796
2026-09-01,75.2400,76.1100,74.6200,75.2700,11220600,UBER,76.3630,76.2231,73.8416,74.6149,73.6706,74.6172,76.5585,76.5663
2026-09-02,76.4500,77.2400,75.3600,76.0500,13014700,UBER,76.7765,76.2447,73.9772,74.6868,73.7303,74.6535,76.4819,76.5652
2026-09-03,75.9600,78.3540,75.1900,77.3350,14420700,UBER,77.0510,76.2176,74.0194,74.7368,73.7665,74.6794,76.4036,76.5591
2026-09-04,75.7600,76.8600,75.2100,76.1500,14114922,UBER,77.0880,76.1740,74.0896,74.7769,73.7950,74.7008,76.3218,76.5512
