Date,Close,High,Low,Open,Volume,Ticker,SMA_20,EMA_20,SMA_50,EMA_50,SMA_100,EMA_100,SMA_200,EMA_200
2021-06-16,212.2700,217.8100,208.5000,209.1120,3092600,ZS,,212.2700,,212.2700,,212.2700,,212.2700
2021-06-17,215.1400,217.0000,208.0200,209.0100,1708000,ZS,,212.5433,,212.3826,,212.3268,,212.2986
2021-06-18,218.6000,219.9500,214.1000,215.5700,2049800,ZS,,213.1202,,212.6264,,212.4511,,212.3613
2021-06-21,216.4100,218.1000,211.5100,216.5500,1480100,ZS,,213.4335,,212.7748,,212.5295,,212.4015
2021-06-22,219.6100,221.1200,216.4200,216.6600,1502200,ZS,,214.0217,,213.0428,,212.6697,,212.4733
2021-06-23,218.8600,221.0400,218.4100,219.5500,1385400,ZS,,214.4825,,213.2709,,212.7922,,212.5368
2021-06-24,219.6400,222.3160,218.8900,220.1900,1320400,ZS,,214.9737,,213.5207,,212.9278,,212.6075
2021-06-25,218.8400,222.0000,216.7500,220.9100,1907700,ZS,,215.3419,,213.7293,,213.0449,,212.6695
2021-06-28,221.2700,223.9400,219.6800,220.5600,1571200,ZS,,215.9065,,214.0250,,213.2078,,212.7551
2021-06-29,221.4400,221.8900,218.2500,220.0000,919800,ZS,,216.4335,,214.3158,,213.3708,,212.8415
2021-06-30,216.0600,220.8000,215.3700,220.8000,1633700,ZS,,216.3979,,214.3842,,213.4241,,212.8735
2021-07-01,213.7200,217.4800,211.1910,214.9800,1063000,ZS,,216.1429,,214.3581,,213.4299,,212.8820
2021-07-02,214.7800,218.6000,214.0000,215.3400,837500,ZS,,216.0131,,214.3747,,213.4566,,212.9008
2021-07-06,225.0000,225.6950,217.0000,217.0650,2754400,ZS,,216.8690,,214.7914,,213.6852,,213.0212
2021-07-07,227.9000,231.5900,223.2700,227.0000,2624000,ZS,,217.9196,,215.3054,,213.9667,,213.1693
2021-07-08,227.1700,227.5000,220.0000,222.0200,1742000,ZS,,218.8006,,215.7707,,214.2282,,213.3086
2021-07-09,227.7900,228.3600,224.0000,227.1700,910000,ZS,,219.6567,,216.2421,,214.4967,,213.4527
2021-07-12,227.9700,236.4600,227.5000,232.5200,1541000,ZS,,220.4484,,216.7020,,214.7635,,213.5971
2021-07-13,227.1800,234.7600,226.3100,230.0000,1511300,ZS,,221.0895,,217.1129,,215.0094,,213.7323
2021-07-14,224.5100,231.0000,223.2500,229.9100,1426600,ZS,220.7080,221.4153,,217.4030,,215.1975,,213.8395
2021-07-15,219.3100,227.2500,218.3400,227.1500,1354800,ZS,221.0600,221.2148,,217.4777,,215.2789,,213.8940
2021-07-16,221.1600,223.4350,217.8800,221.7400,1489500,ZS,221.3610,221.2096,,217.6221,,215.3954,,213.9663
2021-07-19,223.0100,223.5500,216.4500,217.5000,1289300,ZS,221.5815,221.3810,,217.8334,,215.5462,,214.0562
2021-07-20,229.1100,230.2100,221.6800,227.0800,1747100,ZS,222.2165,222.1171,,218.2757,,215.8148,,214.2060
2021-07-21,231.0600,232.6050,226.3600,228.8800,1263700,ZS,222.7890,222.9688,,218.7770,,216.1167,,214.3737
2021-07-22,235.5900,237.4500,230.6500,232.0000,1265100,ZS,223.6255,224.1708,,219.4363,,216.5023,,214.5848
2021-07-23,238.7200,240.2900,234.7000,237.1400,1309600,ZS,224.5795,225.5565,,220.1926,,216.9422,,214.8250
2021-07-26,234.5200,237.3150,230.8800,235.7300,850600,ZS,225.3635,226.4102,,220.7544,,217.2903,,215.0210
2021-07-27,233.0300,238.0000,228.7300,236.2000,1032200,ZS,225.9515,227.0406,,221.2358,,217.6020,,215.2002
2021-07-28,236.8400,238.5000,231.3600,234.6100,819100,ZS,226.7215,227.9739,,221.8477,,217.9829,,215.4155
2021-07-29,237.0300,239.5000,234.8700,235.0150,808500,ZS,227.7700,228.8364,,222.4431,,218.3601,,215.6306
2021-07-30,235.9100,239.0900,235.2500,235.9700,955000,ZS,228.8795,229.5101,,222.9712,,218.7076,,215.8323
2021-08-02,239.0400,242.1100,229.5000,237.0000,1837700,ZS,230.0925,230.4177,,223.6014,,219.1102,,216.0633
2021-08-03,243.0700,244.8700,238.3200,239.5100,1039700,ZS,230.9960,231.6227,,224.3649,,219.5847,,216.3320
2021-08-04,247.9300,248.8350,242.9900,243.6300,1212200,ZS,231.9975,233.1757,,225.2890,,220.1460,,216.6464
2021-08-05,247.6700,249.7100,245.6200,248.0000,979900,ZS,233.0225,234.5561,,226.1667,,220.6910,,216.9551
2021-08-06,242.0500,247.4300,237.8600,247.0000,1405800,ZS,233.7355,235.2698,,226.7895,,221.1140,,217.2048
2021-08-09,245.0400,245.5800,239.8850,241.5000,701000,ZS,234.5890,236.2003,,227.5052,,221.5878,,217.4818
2021-08-10,240.5000,247.6700,238.0700,246.7100,1051100,ZS,235.2550,236.6098,,228.0148,,221.9623,,217.7108
2021-08-11,237.6700,243.3340,235.3000,241.5790,1174900,ZS,235.9130,236.7108,,228.3935,,222.2733,,217.9094
2021-08-12,242.9400,244.2000,235.1800,235.1800,767600,ZS,237.0945,237.3040,,228.9639,,222.6825,,218.1584
2021-08-13,245.1500,246.9900,242.4000,244.0000,870300,ZS,238.2940,238.0513,,229.5987,,223.1274,,218.4270
2021-08-16,243.4300,245.2000,237.3000,244.0000,973000,ZS,239.3150,238.5635,,230.1411,,223.5295,,218.6758
2021-08-17,241.4700,243.4300,237.0000,243.4300,1053400,ZS,239.9330,238.8403,,230.5854,,223.8847,,218.9026
2021-08-18,242.5400,244.8400,237.5800,242.1500,860800,ZS,240.5070,239.1927,,231.0542,,224.2541,,219.1378
2021-08-19,244.8800,245.6300,241.6900,242.0000,1108500,ZS,240.9715,239.7343,,231.5964,,224.6626,,219.3940
2021-08-20,246.4000,250.0000,243.6400,246.6500,1140400,ZS,241.3555,240.3692,,232.1769,,225.0930,,219.6627
2021-08-23,250.8100,252.6500,246.2300,248.9900,1148100,ZS,242.1700,241.3635,,232.9076,,225.6023,,219.9726
2021-08-24,257.9700,259.8400,255.6300,258.9740,1663600,ZS,243.4170,242.9451,,233.8904,,226.2432,,220.3507
2021-08-25,263.0300,263.5500,256.9700,258.3500,1458100,ZS,244.7265,244.8579,232.2208,235.0332,,226.9717,,220.7753
2021-08-26,266.9700,270.9000,262.5490,263.0000,1713400,ZS,246.2235,246.9639,233.3148,236.2856,,227.7637,,221.2350
2021-08-27,273.7300,275.0000,266.7700,268.6680,1315300,ZS,248.1145,249.5130,234.4866,237.7540,,228.6739,,221.7573
2021-08-30,278.1700,279.2900,272.5700,275.6500,1503900,ZS,250.0710,252.2423,235.6780,239.3389,,229.6540,,222.3187
2021-08-31,278.3400,279.1400,273.1100,276.7600,1593800,ZS,251.8345,254.7278,236.9166,240.8684,,230.6181,,222.8761
2021-09-01,276.7100,279.5300,275.5600,276.1400,1489400,ZS,253.2735,256.8213,238.0586,242.2739,,231.5308,,223.4117
2021-09-02,282.2000,284.7900,276.3500,277.1100,1591200,ZS,255.0000,259.2383,239.3254,243.8397,,232.5342,,223.9967
2021-09-03,287.4000,288.8700,281.3800,282.5500,1786400,ZS,257.2675,261.9204,240.6806,245.5479,,233.6206,,224.6276
2021-09-07,282.9050,293.4400,280.0500,293.4400,1991100,ZS,259.1607,263.9189,241.9619,247.0129,,234.5966,,225.2075
2021-09-08,280.6600,283.9900,277.2000,282.2550,2558200,ZS,261.1687,265.5133,243.1497,248.3324,,235.5087,,225.7592
2021-09-09,280.2200,284.2500,278.6300,280.4200,3115400,ZS,263.2963,266.9139,244.3253,249.5829,,236.3941,,226.3011
2021-09-10,270.6400,289.0300,269.5200,289.0300,4536200,ZS,264.6813,267.2688,245.4169,250.4087,,237.0722,,226.7423
2021-09-13,267.8400,269.5500,260.1200,267.6000,2936100,ZS,265.8158,267.3232,246.4993,251.0922,,237.6815,,227.1512
2021-09-14,275.8000,276.0000,269.0700,269.9400,2291100,ZS,267.4343,268.1305,247.7197,252.0612,,238.4363,,227.6353
2021-09-15,273.4400,278.0300,270.1600,275.8700,1429300,ZS,269.0328,268.6362,248.6885,252.8996,,239.1295,,228.0911
2021-09-16,274.3900,274.6400,266.7100,273.2500,2276200,ZS,270.6253,269.1842,249.6183,253.7423,,239.8277,,228.5518
2021-09-17,275.6600,276.5100,269.6700,273.3300,4428500,ZS,272.1643,269.8009,250.5881,254.6018,,240.5372,,229.0205
2021-09-20,269.9800,275.0000,267.2800,268.0030,1911700,ZS,273.3433,269.8180,251.4319,255.2049,,241.1203,,229.4281
2021-09-21,272.3300,275.7400,269.4800,272.2300,1227800,ZS,274.4193,270.0572,252.3191,255.8765,,241.7383,,229.8549
2021-09-22,277.7000,279.1700,271.1500,273.9600,1717300,ZS,275.4058,270.7851,253.3295,256.7323,,242.4504,,230.3310
2021-09-23,280.0200,281.9000,276.3600,279.9400,1699800,ZS,276.2553,271.6646,254.4397,257.6455,,243.1943,,230.8254
2021-09-24,279.9900,280.4000,271.3000,280.0000,1126200,ZS,276.9063,272.4575,255.6533,258.5218,,243.9230,,231.3146
2021-09-27,272.7300,279.5730,271.2100,277.7000,1630600,ZS,276.8563,272.4835,256.6847,259.0790,,244.4934,,231.7267
2021-09-28,258.7400,268.0000,256.0100,267.9900,3149000,ZS,275.8848,271.1746,257.3993,259.0657,,244.7755,,231.9955
2021-09-29,258.8800,265.4200,256.8000,263.4100,2244000,ZS,274.9118,270.0036,257.9947,259.0584,,245.0548,,232.2630
2021-09-30,262.2200,263.5200,258.3000,260.4100,1355300,ZS,274.1873,269.2623,258.6179,259.1824,,245.3947,,232.5611
2021-10-01,263.1600,264.8500,257.0970,263.1700,1135300,ZS,273.2353,268.6812,259.1693,259.3384,,245.7465,,232.8656
2021-10-04,251.8600,261.3500,248.3300,261.3500,2245600,ZS,271.4583,267.0792,259.4321,259.0451,,245.8676,,233.0546
2021-10-05,258.5000,260.0000,252.5000,253.4500,1506500,ZS,270.2380,266.2621,259.9117,259.0237,,246.1177,,233.3077
2021-10-06,264.2500,265.6150,255.1050,256.2800,1900600,ZS,269.4175,266.0705,260.5361,259.2287,,246.4768,,233.6156
2021-10-07,269.8800,274.2400,265.5800,266.0200,1706700,ZS,268.9005,266.4333,261.1969,259.6464,,246.9402,,233.9765
2021-10-08,266.6600,272.3000,266.0000,272.3000,1230200,ZS,268.7015,266.4549,261.7895,259.9214,,247.3307,,234.3017
2021-10-11,267.7000,271.1700,262.0200,263.6000,1224400,ZS,268.6945,266.5735,262.4253,260.2265,,247.7340,,234.6340
2021-10-12,277.7200,278.3400,266.7650,270.0800,1889200,ZS,268.7905,267.6350,263.1989,260.9125,,248.3278,,235.0627
2021-10-13,286.6400,287.9700,279.3200,279.7800,1960900,ZS,269.4505,269.4450,264.0703,261.9214,,249.0865,,235.5759
2021-10-14,293.8900,294.4400,288.6600,290.0000,1544100,ZS,270.4255,271.7731,264.9895,263.1751,,249.9737,,236.1562
2021-10-15,292.7000,294.9900,291.6100,294.5000,1433200,ZS,271.2775,273.7662,265.8901,264.3329,,250.8197,,236.7188
2021-10-18,301.3100,301.3300,291.6000,292.5100,1766300,ZS,272.8440,276.3894,267.0753,265.7830,,251.8195,,237.3615
2021-10-19,298.0300,303.6100,297.4100,301.5000,1587600,ZS,274.1290,278.4504,268.1351,267.0476,,252.7346,,237.9652
2021-10-20,297.6700,301.7700,294.4000,300.2080,789000,ZS,275.1275,280.2808,269.2785,268.2485,,253.6244,,238.5592
2021-10-21,305.6900,305.7700,298.4110,298.7000,1205100,ZS,276.4110,282.7008,270.6389,269.7168,,254.6554,,239.2272
2021-10-22,307.8700,309.6900,304.0100,305.7300,941500,ZS,277.8050,285.0978,271.9375,271.2130,,255.7092,,239.9102
2021-10-25,311.2000,314.1060,305.5700,308.0000,1139000,ZS,279.7285,287.5837,273.2585,272.7811,,256.8080,,240.6196
2021-10-26,315.3200,316.0000,307.8900,313.8800,1814600,ZS,282.5575,290.2253,274.6963,274.4493,,257.9667,,241.3629
2021-10-27,310.1000,319.8400,309.0100,316.2000,1419200,ZS,285.1185,292.1181,276.0689,275.8474,,258.9990,,242.0468
2021-10-28,316.3400,316.9900,308.2400,310.9400,1351300,ZS,287.8245,294.4250,277.5449,277.4353,,260.1345,,242.7860
2021-10-29,318.8600,319.9900,314.0000,315.9500,1084900,ZS,290.6095,296.7521,279.0245,279.0598,,261.2973,,243.5430
2021-11-01,318.6800,321.5000,315.1300,319.4600,1472400,ZS,293.9505,298.8405,280.4701,280.6135,,262.4336,,244.2906
2021-11-02,325.8700,326.2000,317.3830,318.5100,1585400,ZS,297.3190,301.4147,281.9713,282.3883,,263.6898,,245.1024
2021-11-03,327.5000,329.0000,321.3100,328.5000,1298800,ZS,300.4815,303.8990,283.3619,284.1574,,264.9534,,245.9222
2021-11-04,331.9000,333.8800,325.1600,329.0000,1413700,ZS,303.5825,306.5658,284.7393,286.0296,258.4801,266.2790,,246.7777
2021-11-05,338.4900,338.5400,332.1100,333.9500,1888000,ZS,307.1740,309.6062,286.1697,288.0869,259.7423,267.7090,,247.6903
2021-11-08,350.1700,351.9000,339.3700,340.5500,1944000,ZS,311.2975,313.4694,287.6985,290.5215,261.0926,269.3419,,248.7100
2021-11-09,352.6100,356.4500,347.7200,353.4000,2009400,ZS,315.0420,317.1971,289.1873,292.9564,262.4327,270.9907,,249.7438
2021-11-10,337.1100,350.6140,333.7300,348.2700,2229100,ZS,317.5655,319.0936,290.3627,294.6879,263.6397,272.3000,,250.6131
2021-11-11,343.6200,348.2700,342.2300,343.1700,1680900,ZS,320.0520,321.4294,291.7009,296.6068,264.8798,273.7123,,251.5386
2021-11-12,349.0700,349.5700,343.1600,346.7600,1330200,ZS,322.8705,324.0618,293.0383,298.6642,266.1819,275.2045,,252.5090
2021-11-15,345.8000,352.9100,341.8300,352.9100,1235700,ZS,325.0950,326.1321,294.2063,300.5126,267.4435,276.6025,,253.4373
2021-11-16,353.7500,355.4100,345.6100,345.8000,1426600,ZS,327.8810,328.7624,295.6232,302.6004,268.7926,278.1301,,254.4355
2021-11-17,356.0000,358.1300,345.7400,352.7500,1655200,ZS,330.7975,331.3565,297.1300,304.6945,270.1399,279.6721,,255.4460
2021-11-18,365.6500,369.9000,358.1200,358.2600,1772200,ZS,333.7955,334.6225,298.8386,307.0849,271.5819,281.3746,,256.5426
2021-11-19,368.7800,376.1100,367.5400,372.5000,1824500,ZS,336.8410,337.8756,300.8014,309.5043,273.1091,283.1054,,257.6594
2021-11-22,343.8600,368.0000,342.2200,367.0700,2518400,ZS,338.4740,338.4456,302.3218,310.8516,274.4105,284.3085,,258.5171
2021-11-23,336.1100,345.5790,330.6600,336.6000,2671300,ZS,339.5135,338.2231,303.5280,311.8421,275.6238,285.3343,,259.2892
2021-11-24,342.4700,343.7050,328.4750,334.7700,1462800,ZS,341.1320,338.6276,304.9086,313.0432,276.7985,286.4657,,260.1168
2021-11-26,336.9000,347.6500,335.3800,343.0400,839700,ZS,342.1600,338.4631,306.1588,313.9788,277.8885,287.4644,,260.8809
2021-11-29,355.9200,358.3600,342.2700,342.2700,2288000,ZS,344.0130,340.1256,307.7640,315.6235,279.1760,288.8199,,261.8265
2021-11-30,346.9700,358.8200,343.6900,355.8800,3887400,ZS,345.4275,340.7775,309.3038,316.8528,280.3678,289.9714,,262.6737
2021-12-01,318.2100,373.7400,314.7000,371.0600,5676000,ZS,345.0445,338.6282,310.2214,316.9060,281.2702,290.5306,,263.2263
2021-12-02,331.9700,334.7400,316.5100,318.2200,2609800,ZS,345.2680,337.9941,311.3068,317.4968,282.3181,291.3512,,263.9103
2021-12-03,313.3500,330.0000,300.5400,330.0000,2632000,ZS,344.3405,335.6470,311.9734,317.3342,283.2065,291.7868,,264.4023
2021-12-06,274.3600,304.1670,265.3300,301.9400,7468600,ZS,341.1340,329.8102,311.8608,315.6489,283.7570,291.4417,,264.5014
2021-12-07,297.7600,300.4400,285.0100,286.0000,4002800,ZS,338.5135,326.7578,312.3614,314.9474,284.5230,291.5668,,264.8323
2021-12-08,311.8100,313.4100,293.2000,298.3800,3206300,ZS,336.4735,325.3342,313.4228,314.8243,285.4110,291.9677,,265.2997
2021-12-09,303.0400,317.7800,300.2650,313.0000,3579700,ZS,334.7700,323.2109,314.3060,314.3622,286.1504,292.1869,,265.6753
2021-12-10,305.7500,311.8700,300.5000,303.5000,1929400,ZS,332.8765,321.5480,315.1766,314.0245,286.8973,292.4555,,266.0740
2021-12-13,308.5400,320.9900,304.1700,311.1000,2417100,ZS,330.8500,320.3091,316.0842,313.8094,287.6268,292.7740,,266.4966
2021-12-14,284.3400,287.8300,272.5200,285.4400,5116800,ZS,327.7770,316.8835,316.7338,312.6537,288.0830,292.6070,,266.6741
2021-12-15,307.2400,309.0400,281.5570,282.9700,2972400,ZS,325.4515,315.9651,317.7086,312.4414,288.8101,292.8968,,267.0777
2021-12-16,295.2500,307.1900,291.7800,305.0000,3188400,ZS,322.4140,313.9922,318.3286,311.7673,289.4324,292.9434,,267.3581
2021-12-17,304.8700,307.0700,285.0000,286.7100,9125500,ZS,319.3750,313.1234,319.0284,311.4968,290.1126,293.1795,,267.7313
2021-12-20,305.9400,308.4900,294.5400,298.4500,2154400,ZS,316.2330,312.4393,319.8140,311.2789,290.8018,293.4322,,268.1115
2021-12-21,319.4200,320.6850,300.1100,307.8800,3284700,ZS,315.0110,313.1041,320.8484,311.5981,291.6369,293.9468,,268.6220
2021-12-22,322.0100,322.4800,314.0200,319.0800,1292300,ZS,314.3060,313.9523,321.7342,312.0064,292.4666,294.5025,,269.1533
2021-12-23,323.0000,326.2400,316.7500,322.0000,940900,ZS,313.3325,314.8140,322.4614,312.4375,293.2659,295.0668,,269.6890
2021-12-27,329.8900,332.5000,326.3900,326.8500,1242500,ZS,312.9820,316.2498,323.1814,313.1220,294.0855,295.7564,,270.2881
2021-12-28,324.6600,332.0500,321.6500,331.5500,949600,ZS,311.4190,317.0508,323.8206,313.5744,294.8554,296.3288,,270.8291
2021-12-29,323.1800,326.0000,317.0000,326.0000,1068400,ZS,310.2295,317.6345,324.2580,313.9511,295.6667,296.8605,,271.3500
2021-12-30,324.5900,329.6800,323.0050,323.1800,1192000,ZS,310.5485,318.2969,324.7892,314.3683,296.4622,297.4096,,271.8797
2021-12-31,321.3300,326.0000,321.0000,324.4600,940800,ZS,310.0165,318.5858,325.2624,314.6413,297.2705,297.8832,,272.3718
2022-01-03,301.8300,323.5500,300.5000,322.6000,2576000,ZS,309.4405,316.9900,325.1852,314.1389,297.9121,297.9614,,272.6649
2022-01-04,281.5800,298.1900,270.7200,297.9650,3827700,ZS,309.8015,313.6176,324.6594,312.8621,298.2985,297.6370,,272.7536
2022-01-05,262.3300,280.3700,256.4000,275.0100,3437700,ZS,308.0300,308.7331,323.6820,310.8805,298.4702,296.9379,,272.6499
2022-01-06,260.2100,266.3200,252.3500,261.0000,2439600,ZS,305.4500,304.1118,322.5798,308.8934,298.6380,296.2106,,272.5261
2022-01-07,261.5300,268.3600,254.3510,258.3800,1696000,ZS,303.3745,300.0564,321.6084,307.0360,298.8386,295.5238,,272.4167
2022-01-10,275.6500,276.0200,249.0100,254.5000,4333300,ZS,301.8695,297.7320,320.7946,305.8052,299.1697,295.1303,,272.4489
2022-01-11,277.5300,281.3700,267.3300,270.4500,1517900,ZS,300.3190,295.8080,319.9680,304.6963,299.4962,294.7818,,272.4994
2022-01-12,273.9800,288.6100,272.8800,283.1100,1881000,ZS,299.8010,293.7291,319.0740,303.4918,299.7721,294.3699,,272.5141
2022-01-13,250.4700,277.2700,250.3200,274.6500,3137300,ZS,296.9625,289.6092,317.5660,301.4125,299.7687,293.5005,,272.2948
2022-01-14,254.7400,257.7000,247.4400,248.0000,2071300,ZS,294.9370,286.2883,316.1108,299.5822,299.7364,292.7330,,272.1201
2022-01-18,259.2000,266.4600,245.3000,251.4900,3172400,ZS,292.6535,283.7085,314.6568,297.9986,299.6981,292.0690,,271.9916
2022-01-19,253.1100,267.4900,252.9800,258.8800,2433700,ZS,290.0120,280.7944,312.9492,296.2382,299.5595,291.2975,,271.8037
2022-01-20,250.6700,264.3350,250.2400,256.5100,2179000,ZS,286.5745,277.9254,310.9592,294.4513,299.3289,290.4930,,271.5934
2022-01-21,241.9400,256.5100,241.1100,249.3270,2761500,ZS,282.5710,274.4982,308.7458,292.3920,298.9665,289.5316,,271.2983
2022-01-24,243.2000,244.2100,220.0710,234.9900,4143300,ZS,278.5810,271.5174,306.8676,290.4629,298.6151,288.6141,,271.0188
2022-01-25,228.8800,241.5000,225.6100,239.8400,3005500,ZS,273.5305,267.4567,304.5728,288.0479,298.1369,287.4313,,270.5995
2022-01-26,226.8500,241.9600,224.4200,236.9100,3335900,ZS,268.6400,263.5894,302.1284,285.6480,297.5834,286.2316,,270.1642
2022-01-27,223.0800,235.5500,220.9300,229.8600,2697200,ZS,263.6350,259.7314,299.6740,283.1943,296.9402,284.9811,,269.6957
2022-01-28,238.7000,238.9400,220.6700,226.5100,2803900,ZS,259.3405,257.7284,297.3730,281.4494,296.4981,284.0647,,269.3872
2022-01-31,257.1100,257.3300,240.0000,240.3600,2759500,ZS,256.1295,257.6695,295.3952,280.4950,296.2626,283.5309,,269.2651
2022-02-01,261.0900,264.6250,253.4900,260.0000,1959900,ZS,254.0925,257.9952,293.3040,279.7340,296.0713,283.0865,,269.1837
2022-02-02,257.5000,263.5700,251.9450,261.7200,1791900,ZS,252.8885,257.9481,291.0784,278.8621,295.9399,282.5799,,269.0675
2022-02-03,245.0200,259.1300,244.2600,249.2600,1835200,ZS,252.0230,256.7168,289.1016,277.5349,295.7117,281.8361,,268.8282
2022-02-04,258.9800,263.2800,243.5200,247.4300,2010000,ZS,251.9615,256.9324,287.5590,276.8073,295.5435,281.3835,,268.7302
2022-02-07,262.9200,271.4300,258.7000,260.1650,1557700,ZS,252.0310,257.5026,285.9680,276.2627,295.4383,281.0179,,268.6724
2022-02-08,270.7100,273.7500,259.0800,260.5700,2017500,ZS,251.7840,258.7605,284.6442,276.0449,295.4015,280.8138,,268.6927
2022-02-09,280.8500,281.2500,270.1200,276.0000,2173400,ZS,251.9500,260.8642,283.1428,276.2334,295.4534,280.8145,,268.8136
2022-02-10,284.1000,290.4700,274.2100,276.5200,2104400,ZS,252.4560,263.0772,281.8854,276.5419,295.5946,280.8796,,268.9657
2022-02-11,273.0000,288.5200,269.4350,285.0700,2015000,ZS,253.5825,264.0222,280.9812,276.4030,295.6013,280.7235,,269.0059
2022-02-14,274.4300,283.4500,272.5000,273.5200,2134300,ZS,254.5670,265.0134,279.8304,276.3256,295.5686,280.5989,,269.0599
2022-02-15,285.8200,287.2700,275.5000,280.2400,2136500,ZS,255.8980,266.9950,279.2798,276.6979,295.6266,280.7023,,269.2266
2022-02-16,280.8700,286.8900,277.2500,284.1100,1863100,ZS,257.2860,268.3164,279.4100,276.8615,295.6354,280.7056,,269.3425
2022-02-17,261.9400,280.9030,259.3800,280.9030,2325200,ZS,257.8495,267.7091,278.6936,276.2764,295.5275,280.3340,,269.2688
2022-02-18,255.2200,264.5200,253.2000,264.5200,2221200,ZS,258.5135,266.5197,277.5618,275.4506,295.4923,279.8367,,269.1290
2022-02-22,254.8100,263.0000,251.0000,251.5600,1680800,ZS,259.0940,265.4045,276.5972,274.6412,295.4516,279.3411,,268.9866
2022-02-23,239.4000,265.4500,239.1100,262.5000,3024600,ZS,259.6200,262.9279,275.2702,273.2592,295.2234,278.5502,,268.6922
2022-02-24,263.3800,264.7900,227.4800,227.6200,6517500,ZS,261.4465,262.9709,274.3670,272.8718,295.2256,278.2498,,268.6393
2022-02-25,221.8500,228.0000,206.0000,224.4900,12093100,ZS,261.3850,259.0547,273.1172,270.8709,294.9255,277.1330,,268.1737
2022-02-28,239.1500,244.9470,227.1600,228.4200,6713600,ZS,261.4075,257.1590,271.7554,269.6270,294.7320,276.3808,,267.8849
2022-03-01,247.8300,260.8660,241.3100,245.1000,5707900,ZS,260.9435,256.2705,270.8070,268.7722,294.5678,275.8155,,267.6854
2022-03-02,254.4100,257.5400,242.1100,253.2600,2968400,ZS,260.6095,256.0933,269.7978,268.2089,294.4131,275.3916,,267.5533
2022-03-03,242.0300,256.4100,238.3800,252.9800,2799400,ZS,259.8360,254.7539,268.5196,267.1823,294.1668,274.7310,,267.2993
2022-03-04,225.5000,244.0000,223.0400,242.3600,3613100,ZS,258.8600,251.9679,266.6412,265.5477,293.7448,273.7561,,266.8834
2022-03-07,204.3700,229.9700,204.3600,228.3700,4379300,ZS,256.1295,247.4347,264.2884,263.1486,293.0113,272.3821,,266.2614
2022-03-08,198.6300,203.9200,190.1300,203.5000,4389600,ZS,252.9150,242.7867,261.8010,260.6185,292.1312,270.9217,,265.5884
2022-03-09,212.3500,213.5700,199.1200,203.8400,3050600,ZS,249.9970,239.8879,259.4502,258.7256,291.3158,269.7619,,265.0587
2022-03-10,208.4100,213.5100,204.8700,212.1300,2305100,ZS,246.3750,236.8900,257.1252,256.7524,290.4729,268.5470,,264.4950
2022-03-11,201.1400,211.6700,200.5000,211.0200,1893600,ZS,242.2270,233.4853,254.6844,254.5715,289.4712,267.2122,,263.8646
2022-03-14,189.5300,203.5800,186.0000,200.0000,2968400,ZS,238.0535,229.2991,251.9832,252.0209,288.3862,265.6739,,263.1250
2022-03-15,196.6100,197.2150,186.2400,190.8500,2215800,ZS,234.1625,226.1858,249.4888,249.8479,287.3756,264.3063,,262.4632
2022-03-16,207.0300,208.8800,195.1300,200.6000,3084200,ZS,230.2230,224.3614,247.5928,248.1688,286.3890,263.1721,,261.9116
2022-03-17,214.8300,216.3300,202.5600,204.4100,1865900,ZS,226.9210,223.4537,246.2578,246.8614,285.4586,262.2149,,261.4431
2022-03-18,222.7100,224.7500,212.1200,213.8100,5406800,ZS,224.9595,223.3829,245.4654,245.9143,284.5737,261.4326,,261.0577
2022-03-21,220.8600,221.1600,210.9280,217.5900,2374100,ZS,223.2415,223.1426,244.6784,244.9317,283.6291,260.6292,,260.6577
2022-03-22,232.3900,234.8600,218.7500,219.7000,2641700,ZS,222.1205,224.0233,244.0956,244.4399,282.8520,260.0700,,260.3765
2022-03-23,233.3800,238.4700,224.6500,229.4600,1880100,ZS,221.8195,224.9144,243.2502,244.0062,282.0224,259.5415,,260.1078
2022-03-24,235.7900,236.1100,226.1400,233.3000,1624900,ZS,220.4400,225.9502,242.4154,243.6840,281.1917,259.0711,,259.8659
2022-03-25,230.3200,237.6200,224.6100,237.5200,1899300,ZS,220.8635,226.3664,241.5422,243.1599,280.3081,258.5018,,259.5719
2022-03-28,237.9300,239.3600,229.7500,231.6000,2227200,ZS,220.8025,227.4677,241.2914,242.9548,279.4287,258.0944,,259.3565
2022-03-29,243.9900,247.9500,236.4100,242.1700,1878600,ZS,220.6105,229.0412,241.0764,242.9954,278.5936,257.8151,,259.2036
2022-03-30,239.9000,247.2400,237.4000,242.4100,1226600,ZS,219.8850,230.0754,240.6904,242.8740,277.6736,257.4604,268.0768,259.0116
2022-03-31,241.2800,246.8200,236.4400,240.5500,1705300,ZS,219.8475,231.1425,240.4538,242.8115,276.7015,257.1400,268.2219,258.8351
2022-04-01,246.2100,253.3500,240.0000,240.0000,2174100,ZS,220.8830,232.5775,240.3646,242.9448,275.6619,256.9236,268.3772,258.7095
2022-04-04,252.1100,253.7400,247.2100,247.6700,1279700,ZS,223.2700,234.4377,240.5680,243.3042,274.6569,256.8282,268.5448,258.6438
2022-04-05,238.6100,252.0000,235.5600,251.0000,2509300,ZS,225.2690,234.8351,240.4762,243.1201,273.6719,256.4675,268.6558,258.4445
2022-04-06,226.0700,233.9500,222.6600,233.8900,2143700,ZS,225.9550,234.0003,240.4200,242.4515,272.4964,255.8655,268.6881,258.1224
2022-04-07,231.9600,239.9500,224.4200,224.6400,2768500,ZS,227.1325,233.8060,240.5222,242.0401,271.3253,255.3922,268.7536,257.8620
2022-04-08,226.7900,233.2800,225.9700,231.0300,1271500,ZS,228.4150,233.1378,240.5964,241.4420,270.1352,254.8258,268.7893,257.5529
2022-04-11,224.3200,228.2500,220.2400,223.7100,1643200,ZS,230.1545,232.2980,240.3088,240.7706,268.8409,254.2217,268.8167,257.2222
2022-04-12,223.0000,236.0900,221.1000,228.4800,2014300,ZS,231.4740,231.4125,239.6266,240.0737,267.5109,253.6035,268.8254,256.8817
2022-04-13,241.2300,243.5000,222.3700,225.1400,3102600,ZS,233.1840,232.3475,239.2294,240.1190,266.2667,253.3584,268.9243,256.7259
2022-04-14,230.8400,240.6100,230.0000,240.0100,1729700,ZS,233.9845,232.2039,238.6962,239.7551,264.8873,252.9125,268.9982,256.4684
2022-04-18,223.5700,229.3200,219.3600,228.0700,1617700,ZS,234.0275,231.3816,238.2672,239.1204,263.6844,252.3315,269.0475,256.1410
2022-04-19,228.7900,231.3600,219.0700,222.0000,1143400,ZS,234.4240,231.1348,237.6634,238.7153,262.6112,251.8653,269.1175,255.8689
2022-04-20,221.7100,230.8600,219.3600,230.4000,1179400,ZS,233.8900,230.2372,236.8392,238.0484,261.4036,251.2682,269.1011,255.5290
2022-04-21,211.4700,230.9000,210.5100,224.7700,1958400,ZS,232.7945,228.4499,235.6544,237.0061,260.1493,250.4801,269.0189,255.0906
2022-04-22,206.4700,215.5000,204.9100,211.9900,1517200,ZS,231.3285,226.3565,234.1668,235.8087,258.6548,249.6086,268.9154,254.6068
2022-04-25,216.7900,217.2200,204.1200,204.9200,1836700,ZS,230.6520,225.4454,232.8206,235.0628,257.3530,248.9587,268.8604,254.2305
2022-04-26,207.3100,215.5500,207.0500,215.5500,1620600,ZS,229.1210,223.7183,231.5068,233.9745,256.2440,248.1340,268.7571,253.7636
2022-04-27,204.7600,211.3000,203.7300,204.8400,1461900,ZS,227.1595,221.9127,230.1134,232.8288,254.9719,247.2751,268.6450,253.2760
2022-04-28,213.5900,215.7400,202.6600,208.9000,1555800,ZS,225.8440,221.1201,228.6688,232.0743,253.9743,246.6081,268.5904,252.8811
2022-04-29,202.7400,217.4000,202.2600,212.1200,1912600,ZS,223.9170,219.3696,227.1062,230.9240,253.2581,245.7394,268.5076,252.3822
2022-05-02,208.2300,208.5000,200.0100,201.3100,1267000,ZS,222.0180,218.3087,226.0320,230.0340,252.3628,244.9967,268.4429,251.9429
2022-05-03,204.7000,210.6600,200.4390,207.3200,1263000,ZS,219.6475,217.0126,225.0216,229.0405,251.2917,244.1987,268.3514,251.4728
2022-05-04,208.9300,209.3600,192.7300,205.3400,2252500,ZS,218.1635,216.2428,224.1040,228.2519,250.3506,243.5003,268.2505,251.0495
2022-05-05,190.4100,206.8400,185.7000,206.2000,2497200,ZS,216.3805,213.7826,223.1242,226.7679,249.1972,242.4490,268.0472,250.4461
2022-05-06,172.9400,186.8800,171.9100,186.8000,3173000,ZS,213.4295,209.8928,221.3154,224.6570,247.8412,241.0726,267.7340,249.6749
2022-05-09,153.0900,169.5900,152.3650,167.6300,4232700,ZS,209.7445,204.4830,219.9402,221.8504,246.5287,239.3304,267.3058,248.7139
2022-05-10,150.2900,161.7170,143.8200,159.1400,3626400,ZS,206.0430,199.3218,218.1630,219.0441,244.9592,237.5672,266.8847,247.7345
2022-05-11,136.5700,150.3100,135.9600,144.9900,3949500,ZS,201.7215,193.3454,215.9378,215.8099,243.3724,235.5673,266.4024,246.6284
2022-05-12,137.6300,144.6050,127.6200,132.3400,4260100,ZS,196.5415,188.0392,213.6022,212.7440,241.7000,233.6279,265.9063,245.5439
2022-05-13,153.2300,155.0400,141.9400,142.2300,3011000,ZS,192.6610,184.7240,211.8262,210.4101,240.1729,232.0359,265.4873,244.6253
2022-05-16,140.0800,152.9200,139.7300,149.8700,2391100,ZS,188.4865,180.4722,210.1178,207.6521,238.3795,230.2150,265.0082,243.5851
2022-05-17,141.7800,147.4600,137.0200,145.1900,2824000,ZS,184.1360,176.7872,208.8660,205.0688,236.5772,228.4638,264.5219,242.5721
2022-05-18,128.0900,140.4850,125.1200,138.5500,3788200,ZS,179.4550,172.1494,207.4552,202.0501,234.6281,226.4762,263.9470,241.4330
2022-05-19,132.3000,137.0000,125.8000,126.7200,3104100,ZS,175.4965,168.3542,205.8542,199.3148,232.6522,224.6113,263.3688,240.3471
2022-05-20,136.8900,144.9000,131.9100,139.4300,3807000,ZS,172.0175,165.3576,204.4238,196.8667,230.7745,222.8742,262.8149,239.3176
2022-05-23,138.1700,138.3900,130.4000,135.9600,2635400,ZS,168.0865,162.7683,203.1644,194.5649,228.9244,221.1969,262.2955,238.3112
2022-05-24,127.8100,136.0100,125.9000,136.0100,2539000,ZS,164.1115,159.4390,201.9300,191.9471,226.9566,219.3477,261.7094,237.2117
2022-05-25,132.5800,134.5900,126.5700,127.7900,2476000,ZS,160.5025,156.8810,200.6494,189.6189,225.0691,217.6295,261.1698,236.1706
2022-05-26,142.1300,145.7900,129.9300,130.5600,5940400,ZS,156.9295,155.4761,199.3514,187.7566,223.4721,216.1345,260.6921,235.2348
2022-05-27,160.0000,162.6400,150.2200,156.4600,6763600,ZS,154.7925,155.9070,198.2548,186.6681,222.2563,215.0229,260.2774,234.4862
2022-05-31,153.0900,161.0700,151.0500,160.5000,3645300,ZS,152.0355,155.6387,196.8624,185.3514,221.1639,213.7965,259.8171,233.6763
2022-06-01,148.9400,158.2900,146.1600,155.1800,2213000,ZS,149.2475,155.0007,195.4240,183.9235,220.0512,212.5122,259.3446,232.8332
2022-06-02,160.8400,161.0900,148.2700,148.9000,3603900,ZS,146.8430,155.5568,193.9930,183.0182,219.0443,211.4890,258.9415,232.1168
2022-06-03,156.9300,163.3500,154.6200,157.5200,2420000,ZS,145.1690,155.6876,192.4640,181.9952,217.8571,210.4086,258.5134,231.3687
2022-06-06,158.5700,162.8550,154.5100,160.4100,2028200,ZS,144.4505,155.9621,190.9196,181.0765,216.6675,209.3821,258.0819,230.6443
2022-06-07,162.8100,164.9600,155.2000,155.5000,1613900,ZS,144.9365,156.6143,189.5694,180.3602,215.5558,208.4599,257.6639,229.9694
2022-06-08,165.5700,169.8700,162.0000,162.0000,2280900,ZS,145.7005,157.4672,188.1222,179.7802,214.7068,207.6106,257.2377,229.3286
2022-06-09,160.4200,167.2900,159.2000,163.9100,1968800,ZS,146.8930,157.7484,186.4508,179.0210,213.7636,206.6761,256.7500,228.6429
2022-06-10,153.6100,158.6300,150.4000,155.5000,2228200,ZS,147.6920,157.3543,184.7250,178.0244,212.7077,205.6253,256.2029,227.8963
2022-06-13,140.9800,149.3600,139.7800,146.0000,2306800,ZS,147.0795,155.7948,182.7190,176.5717,211.5864,204.3452,255.5729,227.0315
2022-06-14,142.1100,146.4440,139.8100,142.3300,1545700,ZS,147.1810,154.4915,180.6370,175.2203,210.5008,203.1128,254.9148,226.1865
2022-06-15,148.2500,151.1800,143.4900,145.2900,1427400,ZS,147.5045,153.8971,178.5598,174.1626,209.5639,202.0264,254.2652,225.4110
2022-06-16,136.0300,142.7650,133.3150,141.6000,2679500,ZS,147.9015,152.1955,176.5082,172.6672,208.4922,200.7196,253.5537,224.5216
2022-06-17,144.2200,145.8400,137.1400,138.2000,3506000,ZS,148.4975,151.4359,174.8712,171.5517,207.6456,199.6008,252.8912,223.7226
2022-06-21,150.2500,153.8500,146.5000,146.5000,2091700,ZS,149.1655,151.3230,173.2370,170.7163,206.8796,198.6235,252.2315,222.9915
2022-06-22,149.1100,155.0000,147.1010,147.8400,2191700,ZS,149.7125,151.1122,171.6834,169.8690,206.1399,197.6431,251.5400,222.2564
2022-06-23,162.7600,164.1850,149.9200,151.6200,3006500,ZS,151.4600,152.2215,170.4522,169.5902,205.3805,196.9523,250.9393,221.6644
2022-06-24,170.8200,171.9600,163.4900,165.9000,3083000,ZS,153.3720,153.9928,169.4086,169.6384,204.5176,196.4348,250.3901,221.1585
2022-06-27,164.2300,171.7400,163.0000,170.0000,1896400,ZS,154.4770,154.9678,167.8686,169.4263,203.5490,195.7971,249.8102,220.5920
2022-06-28,154.9200,166.5200,153.3300,163.5500,2141100,ZS,154.2230,154.9632,166.3502,168.8575,202.5232,194.9877,249.2316,219.9386
2022-06-29,154.9500,156.1500,150.9000,153.6800,1796800,ZS,154.3160,154.9620,164.9778,168.3121,201.6225,194.1948,248.6671,219.2919
2022-06-30,149.5100,154.3850,145.8000,154.3600,2472400,ZS,154.3445,154.4427,163.3922,167.5747,200.5278,193.3100,248.0357,218.5976
2022-07-01,155.3700,157.5500,147.4000,149.6500,1838700,ZS,154.0710,154.5310,162.0654,167.0961,199.4523,192.5587,247.4453,217.9685
2022-07-05,166.3100,167.0200,151.6100,154.6900,2763800,ZS,154.5400,155.6528,161.1622,167.0653,198.4083,192.0389,246.9049,217.4544
2022-07-06,163.7500,167.8800,161.4460,165.8600,1502600,ZS,154.7990,156.4240,160.3078,166.9353,197.2373,191.4788,246.3453,216.9201
2022-07-07,167.4300,168.7400,162.9100,163.0300,1876200,ZS,155.0300,157.4722,159.3206,166.9547,196.0706,191.0025,245.8326,216.4276
2022-07-08,166.8900,170.2450,161.6300,164.0000,1473900,ZS,155.0960,158.3691,158.5122,166.9521,195.0095,190.5251,245.3054,215.9347
2022-07-11,162.4200,165.4900,157.5100,165.1500,1726700,ZS,155.1960,158.7549,157.6654,166.7744,193.8894,189.9685,244.7290,215.4022
2022-07-12,150.9200,168.6800,148.4900,163.9600,3581600,ZS,155.0615,158.0087,156.4120,166.1527,192.5404,189.1953,244.0835,214.7606
2022-07-13,148.9500,153.7000,144.0700,146.6520,1562200,ZS,155.4600,157.1460,155.3362,165.4781,191.2212,188.3984,243.4283,214.1058
2022-07-14,146.0600,148.9500,143.2900,148.1100,1701300,ZS,155.6575,156.0902,154.0928,164.7166,190.0624,187.5600,242.7949,213.4287
2022-07-15,149.3200,149.9230,145.3700,147.1600,1600900,ZS,155.7110,155.4454,152.9852,164.1128,189.0034,186.8027,242.2478,212.7908
2022-07-18,150.8200,157.4000,150.0450,153.6700,2301300,ZS,156.4505,155.0049,151.8230,163.5915,187.9635,186.0902,241.7075,212.1742
2022-07-19,155.8400,156.0600,148.8900,153.4800,1325600,ZS,157.0315,155.0844,151.1316,163.2875,187.1279,185.4912,241.1756,211.6137
2022-07-20,162.9500,165.8500,156.0000,156.6700,1990400,ZS,157.6665,155.8335,150.9318,163.2743,186.1236,185.0448,240.6746,211.1294
2022-07-21,164.6400,166.3900,159.0700,163.0100,1321300,ZS,158.4430,156.6722,151.1628,163.3278,185.5515,184.6408,240.2385,210.6669
2022-07-22,159.9300,168.5000,158.5400,165.1300,1057900,ZS,158.3015,156.9825,151.3556,163.1946,184.7593,184.1515,239.7456,210.1620
2022-07-25,156.0900,158.8900,154.1100,157.9900,1265800,ZS,157.5650,156.8975,151.7460,162.9160,183.8419,183.5958,239.2048,209.6240
2022-07-26,141.9500,151.1200,140.7200,149.4500,3747800,ZS,156.4510,155.4739,151.8324,162.0938,182.7173,182.7711,238.5652,208.9506
2022-07-27,148.7100,150.8900,141.9800,144.4900,2139900,ZS,156.1405,154.8297,151.7420,161.5689,181.7841,182.0966,237.9754,208.3512
2022-07-28,153.0600,154.6000,144.3300,149.0500,2279100,ZS,156.0460,154.6612,152.0016,161.2352,181.0597,181.5217,237.4022,207.8010
2022-07-29,155.0600,155.3600,150.4900,154.1400,1624100,ZS,156.3235,154.6992,152.2672,160.9931,180.5666,180.9977,236.7889,207.2763
2022-08-01,153.5000,157.4100,149.0800,152.0000,1723000,ZS,156.2300,154.5850,152.7754,160.6992,180.1153,180.4532,236.1232,206.7412
2022-08-02,157.7800,160.4300,150.3000,150.4500,1825700,ZS,155.8035,154.8893,153.2850,160.5847,179.5696,180.0042,235.4427,206.2540
2022-08-03,165.2900,165.5200,159.6700,160.0000,2057300,ZS,155.8805,155.8798,153.8530,160.7693,179.1384,179.7128,234.8056,205.8464
2022-08-04,161.9900,164.2400,156.7500,162.1300,2942400,ZS,155.6085,156.4617,154.3294,160.8171,178.7469,179.3619,234.1090,205.4100
2022-08-05,163.4200,164.5000,157.8500,158.6100,1632800,ZS,155.4350,157.1244,155.0416,160.9192,178.4858,179.0462,233.4360,204.9922
2022-08-08,168.1500,176.2200,163.4200,164.7800,2234000,ZS,155.7215,158.1745,155.7530,161.2028,178.2012,178.8304,232.7884,204.6256
2022-08-09,163.4100,167.6150,161.3500,166.3200,1072000,ZS,156.3460,158.6731,156.1786,161.2893,177.7650,178.5251,232.0770,204.2155
2022-08-10,180.4100,181.9900,171.3670,171.3800,3303200,ZS,157.9190,160.7433,156.5868,162.0392,177.4208,178.5624,231.4397,203.9786
2022-08-11,178.7100,188.0600,178.1800,184.2500,2574800,ZS,159.5515,162.4544,157.0992,162.6929,176.9808,178.5653,230.7772,203.7272
2022-08-12,182.6400,184.2800,179.3350,182.1800,1667700,ZS,161.2175,164.3768,157.7732,163.4752,176.5986,178.6460,230.1138,203.5174
2022-08-15,181.7100,183.4300,177.5400,180.3200,1131400,ZS,162.7620,166.0276,158.1906,164.1902,176.0918,178.7067,229.4719,203.3004
2022-08-16,178.6000,181.3600,173.9000,179.1200,1512700,ZS,163.9000,167.2250,158.6240,164.7553,175.5440,178.7046,228.7832,203.0546
2022-08-17,174.3500,176.3550,171.6100,175.0000,1583500,ZS,164.4700,167.9036,158.9396,165.1316,174.9296,178.6183,228.0606,202.7690
2022-08-18,175.3100,176.7200,172.8600,175.0100,1141000,ZS,165.0035,168.6089,159.1896,165.5308,174.3795,178.5528,227.3438,202.4958
2022-08-19,166.2200,172.8200,163.3300,172.8200,2554700,ZS,165.3180,168.3814,159.2026,165.5578,173.6624,178.3086,226.5455,202.1348
2022-08-22,163.0000,165.7100,159.7050,162.4100,1771800,ZS,165.6635,167.8689,159.2542,165.4575,172.8525,178.0055,225.7230,201.7454
2022-08-23,165.3500,172.2500,164.6500,167.8100,2384700,ZS,166.8335,167.6290,159.4890,165.4533,172.1070,177.7549,224.8903,201.3833
2022-08-24,165.6500,167.0800,163.9070,165.6100,1153200,ZS,167.6805,167.4405,159.9824,165.4610,171.3507,177.5152,224.0261,201.0277
2022-08-25,167.7200,169.4250,164.8000,169.3800,1657800,ZS,168.4135,167.4671,160.4946,165.5496,170.5658,177.3212,223.1138,200.6963
2022-08-26,161.1900,168.3550,160.4600,167.5200,1983700,ZS,168.7200,166.8693,160.7534,165.3786,169.6566,177.0018,222.1567,200.3032
2022-08-29,158.5300,162.6600,157.0010,158.3200,1215600,ZS,168.9715,166.0751,161.2034,165.1100,168.8558,176.6360,221.2638,199.8875
2022-08-30,160.8800,162.7500,156.1800,160.2500,1778100,ZS,169.1265,165.5803,161.5366,164.9441,168.2039,176.3240,220.3501,199.4994
2022-08-31,159.2400,168.2900,158.3400,163.6900,1792400,ZS,168.8240,164.9765,161.7164,164.7205,167.4767,175.9857,219.4010,199.0988
2022-09-01,145.5700,156.1300,142.6600,156.1300,2846900,ZS,168.0030,163.1283,161.6456,163.9695,166.6645,175.3834,218.3998,198.5662
2022-09-02,145.1200,150.1590,143.7500,148.2300,1982100,ZS,167.0880,161.4132,161.2928,163.2303,165.8725,174.7841,217.3567,198.0344
2022-09-06,145.0300,146.0000,142.1100,144.7200,1840500,ZS,165.9320,159.8529,160.7770,162.5165,165.0928,174.1949,216.3018,197.5070
2022-09-07,147.7100,148.2900,142.0600,146.2500,2254300,ZS,165.1470,158.6964,160.4466,161.9359,164.1576,173.6705,215.2121,197.0115
2022-09-08,154.2500,154.5500,145.5000,145.5300,4145100,ZS,163.8390,158.2729,160.4332,161.6345,163.3917,173.2859,214.1395,196.5860
2022-09-09,188.0000,188.7900,173.0900,174.9500,11398000,ZS,164.3035,161.1041,161.0942,162.6684,163.0360,173.5773,213.3602,196.5006
2022-09-12,193.6000,194.2100,185.7100,188.5100,5398500,ZS,164.8515,164.1989,161.9760,163.8814,162.6841,173.9738,212.6477,196.4717
2022-09-13,181.2200,188.7000,179.7500,185.3000,4251900,ZS,164.8270,165.8200,162.4930,164.5614,162.2792,174.1173,211.8414,196.3200
2022-09-14,182.9800,183.7800,177.6100,182.1500,2408900,ZS,165.0460,167.4543,162.8264,165.2837,161.9943,174.2928,211.0718,196.1872
2022-09-15,175.9900,182.7880,174.8400,179.2100,2584000,ZS,165.1280,168.2672,163.0712,165.7035,161.6895,174.3264,210.1722,195.9863
2022-09-16,169.4900,172.7400,165.1100,171.6500,6490200,ZS,164.8370,168.3837,163.1124,165.8520,161.2165,174.2306,209.2848,195.7226
2022-09-19,174.5700,175.3700,166.5100,167.0000,2591700,ZS,165.2545,168.9728,163.2660,166.1939,160.8891,174.2373,208.5666,195.5121
2022-09-20,172.6800,177.7600,171.7000,173.5300,2170400,ZS,165.7385,169.3259,163.4712,166.4482,160.5683,174.2065,207.7701,195.2849
2022-09-21,171.8800,179.8900,171.7400,173.0200,1901800,ZS,166.0650,169.5692,163.8904,166.6613,160.1512,174.1604,207.0628,195.0521
2022-09-22,162.5600,173.6600,162.5000,171.1500,2068700,ZS,165.9105,168.9016,164.1626,166.5004,159.7494,173.9307,206.5038,194.7288
2022-09-23,158.6900,162.5600,156.0600,160.2600,1987900,ZS,165.4590,167.9291,164.4152,166.1941,159.2540,173.6289,205.8084,194.3702
2022-09-26,159.7600,164.3800,158.7800,158.7800,1628700,ZS,165.3875,167.1511,164.6240,165.9418,158.8046,173.3543,205.0482,194.0258
2022-09-27,163.2100,166.4000,159.9900,163.9100,1718300,ZS,165.6215,166.7757,164.8718,165.8347,158.3474,173.1534,204.3490,193.7192
2022-09-28,168.7800,169.5400,162.6350,164.0000,1723100,ZS,166.0165,166.9666,165.1306,165.9502,158.1311,173.0668,203.6642,193.4710
2022-09-29,165.8900,167.7800,162.7000,164.6800,1422800,ZS,166.3490,166.8641,165.1894,165.9478,158.0606,172.9247,202.9509,193.1966
2022-09-30,164.3700,171.5300,164.1300,166.5600,1339200,ZS,167.2890,166.6265,165.1840,165.8860,158.1734,172.7553,202.3511,192.9097
2022-10-03,170.5100,171.9100,163.2100,165.0550,2364300,ZS,168.5585,166.9964,165.3956,166.0673,158.3756,172.7108,201.6674,192.6869
2022-10-04,176.0000,178.7400,174.2900,175.7680,1683700,ZS,170.1070,167.8539,165.7938,166.4568,158.7699,172.7760,201.0712,192.5208
2022-10-05,180.1500,181.9400,171.6100,171.9900,1552500,ZS,171.7290,169.0249,166.5578,166.9938,159.1951,172.9220,200.4476,192.3977
2022-10-06,182.9200,185.9900,180.7000,181.1800,2059900,ZS,173.1625,170.3483,167.2420,167.6183,159.4920,173.1200,199.8325,192.3034
2022-10-07,170.0900,179.7450,169.8300,178.0000,2536100,ZS,172.2670,170.3237,167.5826,167.7153,159.7921,173.0600,199.0858,192.0824
2022-10-10,157.1800,170.3260,154.1440,169.4900,3376600,ZS,170.4460,169.0719,167.6250,167.3021,159.9461,172.7455,198.2616,191.7351
2022-10-11,148.7300,153.9100,145.2300,151.4900,4441300,ZS,168.8215,167.1346,167.5296,166.5738,160.1525,172.2700,197.3903,191.3072
2022-10-12,147.6300,149.4300,143.5100,148.8300,2369200,ZS,167.0540,165.2770,167.3266,165.8309,160.3058,171.7820,196.4790,190.8726
2022-10-13,145.1300,146.7000,136.9900,141.2800,3135200,ZS,165.5110,163.3582,166.9234,165.0191,160.3882,171.2543,195.5813,190.4174
2022-10-14,135.3100,148.7200,134.4400,148.1000,2982700,ZS,163.8020,160.6870,166.3898,163.8541,160.3596,170.5425,194.6420,189.8691
2022-10-17,145.2800,146.5900,138.9300,141.1300,2595000,ZS,162.3375,159.2196,166.0270,163.1257,160.5343,170.0423,193.7454,189.4254
2022-10-18,149.6900,152.5000,146.6800,151.1000,2059400,ZS,161.1880,158.3121,165.6578,162.5988,160.7054,169.6392,192.8872,189.0301
2022-10-19,148.7700,151.2100,146.0000,147.9100,1594500,ZS,160.0325,157.4033,165.3650,162.0565,160.7718,169.2260,192.1220,188.6295
2022-10-20,150.2300,154.8800,148.8490,149.2800,1709500,ZS,159.4160,156.7201,164.7614,161.5927,160.6741,168.8498,191.4652,188.2474
2022-10-21,150.4800,150.9200,142.7100,148.9800,2140900,ZS,159.0055,156.1258,164.1968,161.1569,160.6480,168.4861,190.9060,187.8716
2022-10-24,148.6700,151.4600,144.3000,151.3600,1375200,ZS,158.4510,155.4157,163.5174,160.6672,160.6453,168.0937,190.3483,187.4815
2022-10-25,157.0900,157.5800,150.6200,150.6200,1928300,ZS,158.1450,155.5752,163.0250,160.5269,160.6078,167.8758,189.8261,187.1791
2022-10-26,151.0300,158.6790,149.2100,151.4500,1865900,ZS,157.2575,155.1423,162.4736,160.1545,160.5488,167.5422,189.2030,186.8194
2022-10-27,153.7700,156.9050,151.1600,153.2900,1447800,ZS,156.6515,155.0116,162.0620,159.9041,160.5008,167.2695,188.5842,186.4906
2022-10-28,153.9600,155.0000,148.2800,152.8500,1230000,ZS,156.1310,154.9115,161.6350,159.6710,160.4123,167.0059,187.9841,186.1669
2022-10-31,154.1000,156.5900,151.3500,152.7300,1125300,ZS,155.3105,154.8342,161.3926,159.4525,160.2976,166.7504,187.5022,185.8478
2022-11-01,150.3900,159.5500,149.1100,159.0000,1935900,ZS,154.0300,154.4109,161.1404,159.0972,160.1973,166.4264,186.9805,185.4950
2022-11-02,138.0900,150.0350,137.8500,149.9900,2763200,ZS,151.9270,152.8566,160.5952,158.2733,160.0421,165.8653,186.3749,185.0233
2022-11-03,131.0700,135.6000,129.3700,135.3800,3009800,ZS,149.3345,150.7816,159.9036,157.2065,159.9430,165.1763,185.7647,184.4865
2022-11-04,121.0000,132.6400,117.4100,132.0000,4324200,ZS,146.8800,147.9453,158.9692,155.7867,159.7319,164.3015,185.1164,183.8547
2022-11-07,117.3600,122.6200,115.6100,121.5900,3390600,ZS,144.8890,145.0324,158.0926,154.2798,159.4230,163.3720,184.4935,183.1931
2022-11-08,119.9300,123.1860,114.7700,119.7100,2239500,ZS,143.4490,142.6417,157.3206,152.9327,159.2620,162.5117,183.8771,182.5636
2022-11-09,116.2500,118.5160,114.2100,117.5500,2388200,ZS,141.8800,140.1282,156.4280,151.4942,158.9823,161.5956,183.3140,181.9038
2022-11-10,133.1200,133.3100,125.6000,126.6000,3476900,ZS,141.2795,139.4608,155.9056,150.7736,158.8110,161.0318,182.8453,181.4184
2022-11-11,142.1900,143.3800,132.1400,134.7900,2900100,ZS,141.6235,139.7207,155.8380,150.4370,158.7418,160.6587,182.4409,181.0280
2022-11-14,136.8500,141.9400,132.5000,140.4900,2066400,ZS,141.2020,139.4473,155.6726,149.9042,158.4827,160.1872,181.9316,180.5885
2022-11-15,147.2600,151.7300,143.4200,143.7500,3075400,ZS,141.0805,140.1914,155.7172,149.8005,158.2471,159.9312,181.3824,180.2568
2022-11-16,140.3500,146.1400,139.3750,144.6600,1545200,ZS,140.6595,140.2065,155.5700,149.4299,158.0083,159.5435,180.7787,179.8598
2022-11-17,136.7500,139.4700,133.6300,134.6300,1751500,ZS,139.9855,139.8773,155.2200,148.9326,157.8266,159.0921,180.1749,179.4308
2022-11-18,138.7300,142.9900,137.0200,142.9900,1736500,ZS,139.3980,139.7680,154.2346,148.5325,157.6644,158.6889,179.6435,179.0258
2022-11-21,135.9200,139.4000,134.8950,136.8800,1242000,ZS,138.7605,139.4015,153.0810,148.0379,157.5285,158.2380,179.0282,178.5969
2022-11-22,136.7600,137.3300,131.6000,134.6800,1203000,ZS,137.7440,139.1500,152.1918,147.5956,157.3424,157.8127,178.3974,178.1806
2022-11-23,140.0800,141.1000,133.7900,137.4000,1349400,ZS,137.1965,139.2385,151.3338,147.3009,157.0801,157.4616,177.7442,177.8015
2022-11-25,138.7500,139.4630,136.3600,138.4300,603300,ZS,136.4455,139.1920,150.5890,146.9656,156.8301,157.0911,177.0337,177.4129
2022-11-28,136.7200,139.3900,135.4200,137.6200,1515000,ZS,135.5835,138.9566,149.9336,146.5638,156.5230,156.6877,176.2968,177.0080
2022-11-29,134.8500,137.5600,133.6100,136.6500,1906300,ZS,134.6210,138.5655,149.1392,146.1044,156.2026,156.2552,175.6061,176.5885
2022-11-30,133.4500,133.5300,122.1300,126.9900,5204100,ZS,133.7740,138.0783,148.3546,145.6082,155.9129,155.8037,174.9012,176.1593
2022-12-01,144.5000,144.8700,134.5100,135.6400,7077700,ZS,134.0945,138.6899,147.8070,145.5647,155.8487,155.5798,174.1946,175.8443
2022-12-02,128.9900,132.6200,126.4000,127.2900,9665100,ZS,133.9905,137.7661,147.1356,144.9147,155.6491,155.0533,173.4352,175.3781
2022-12-05,120.7900,130.9800,119.0000,128.6900,4946600,ZS,133.9800,136.1493,146.3776,143.9687,155.3964,154.3748,172.7294,174.8349
2022-12-06,115.9700,121.9600,115.3500,121.5000,3230700,ZS,133.9105,134.2275,145.5018,142.8707,155.0629,153.6143,172.0332,174.2492
2022-12-07,114.2400,117.0000,111.4750,115.9700,3162600,ZS,133.6260,132.3239,144.5224,141.7479,154.6971,152.8346,171.3303,173.6521
2022-12-08,119.5300,119.6100,112.2200,114.3100,2577300,ZS,133.7900,131.1054,143.5374,140.8766,154.3340,152.1751,170.7310,173.1136
2022-12-09,117.2100,120.3800,116.8000,118.2800,1678800,ZS,132.9945,129.7821,142.5638,139.9485,153.8766,151.4828,170.0001,172.5573
2022-12-12,121.2400,122.2500,117.6200,117.6200,1957000,ZS,131.9470,128.9685,141.7012,139.2148,153.4426,150.8839,169.4971,172.0467
2022-12-13,123.7600,129.8700,120.8500,128.4200,2602300,ZS,131.2925,128.4725,140.7662,138.6088,153.0809,150.3468,168.9201,171.5662
2022-12-14,123.1400,126.9100,121.3950,123.2900,1959300,ZS,130.0865,127.9646,139.7090,138.0022,152.7514,149.8080,168.2967,171.0844
2022-12-15,117.1700,124.4800,117.1200,120.0000,2578400,ZS,128.9275,126.9366,138.4494,137.1852,152.5036,149.1617,167.6105,170.5479
2022-12-16,114.2100,117.1600,112.5500,115.5100,3000200,ZS,127.8005,125.7245,137.0752,136.2842,152.1586,148.4696,166.9714,169.9873
2022-12-19,112.2700,113.9600,110.4600,113.4100,2202900,ZS,126.4775,124.4431,135.9188,135.3425,151.7507,147.7528,166.4052,169.4130
2022-12-20,113.5400,113.9700,109.4000,110.8200,1692700,ZS,125.3585,123.4047,135.0460,134.4875,151.3355,147.0753,165.9511,168.8571
2022-12-21,112.7700,114.4700,108.5900,112.9000,2337300,ZS,124.1590,122.3919,134.3268,133.6358,150.9282,146.3960,165.5218,168.2990
2022-12-22,109.3600,110.9500,107.1100,110.0000,1859400,ZS,122.6230,121.1508,133.5614,132.6838,150.4440,145.6626,165.0068,167.7125
2022-12-23,108.7800,109.1100,106.2400,108.0500,1467700,ZS,121.1245,119.9726,132.8344,131.7464,149.8789,144.9323,164.5086,167.1261
2022-12-27,107.5700,109.3400,105.9000,107.3400,1689200,ZS,119.6670,118.7914,132.2796,130.7983,149.3347,144.1924,164.0408,166.5335
2022-12-28,107.8600,109.8300,105.7400,107.8500,1749200,ZS,118.3175,117.7503,131.5312,129.8988,148.7791,143.4730,163.6324,165.9497
2022-12-29,111.8700,112.8100,108.0000,109.3500,1773600,ZS,117.2385,117.1903,130.7748,129.1918,148.2163,142.8472,163.2088,165.4116
2022-12-30,111.9000,112.1900,109.4000,109.8300,1556400,ZS,115.6085,116.6864,130.0374,128.5137,147.7012,142.2343,162.7331,164.8792
2023-01-03,110.1900,116.6700,108.1800,114.7200,2510900,ZS,114.6685,116.0677,129.2366,127.7951,146.9990,141.5998,162.2099,164.3350
2023-01-04,111.5900,114.0800,108.9300,111.9300,1617000,ZS,114.2085,115.6413,128.4588,127.1596,146.3278,141.0056,161.6543,163.8102
2023-01-05,104.3900,109.9650,104.0000,109.4200,3931100,ZS,113.6295,114.5697,127.5732,126.2667,145.5453,140.2805,161.0719,163.2189
2023-01-06,103.9600,105.3650,100.9600,105.2200,2613100,ZS,113.1155,113.5593,126.5106,125.3919,144.7678,139.5613,160.4298,162.6293
2023-01-09,104.7500,109.6860,104.5000,106.1100,2961300,ZS,112.3765,112.7203,125.5850,124.5824,144.0293,138.8719,159.7866,162.0534
2023-01-10,104.9700,105.5800,101.1000,102.4700,2912500,ZS,111.7645,111.9822,124.6090,123.8133,143.3355,138.2006,159.1325,161.4854
2023-01-11,108.0500,108.3000,103.4000,105.5600,2376800,ZS,111.1050,111.6077,123.6908,123.1951,142.6629,137.6036,158.5212,160.9537
2023-01-12,104.6600,105.0800,99.6400,103.7300,5220700,ZS,110.1500,110.9460,122.7020,122.4683,142.0473,136.9512,157.8549,160.3935
2023-01-13,107.3000,107.5900,102.6100,102.6100,3053700,ZS,109.3580,110.5988,121.8402,121.8734,141.4903,136.3641,157.1714,159.8653
2023-01-17,113.5100,115.0100,104.3400,105.1900,4049800,ZS,109.1750,110.8760,121.3486,121.5455,140.9719,135.9115,156.5395,159.4040
2023-01-18,113.0300,118.8900,112.6450,115.4100,3122800,ZS,109.1160,111.0812,120.9878,121.2115,140.4457,135.4584,155.8982,158.9426
2023-01-19,110.3700,112.9900,108.7000,111.2100,1896900,ZS,109.0210,111.0134,120.7752,120.7864,139.8722,134.9616,155.2190,158.4593
2023-01-20,117.1200,117.2600,110.4000,111.2500,2579400,ZS,109.2000,111.5950,120.7704,120.6426,139.4315,134.6083,154.5441,158.0479
2023-01-23,123.7600,124.4400,117.2800,117.7100,2922900,ZS,109.7495,112.7536,120.8470,120.7648,139.0838,134.3935,153.9698,157.7068
2023-01-24,122.6500,126.4250,121.8000,122.0200,1382500,ZS,110.4140,113.6961,120.9750,120.8388,138.7015,134.1610,153.4527,157.3579
2023-01-25,119.9100,120.1200,114.3700,119.6600,2570200,ZS,110.9705,114.2879,120.7108,120.8023,138.3082,133.8788,152.8924,156.9853
2023-01-26,125.1900,125.2800,120.6400,122.9100,2301100,ZS,111.8515,115.3262,120.3708,120.9744,138.1044,133.7067,152.3845,156.6689
2023-01-27,127.5200,128.9250,123.0700,123.8700,2962800,ZS,112.8345,116.4875,120.1842,121.2311,137.9284,133.5842,151.9004,156.3789
2023-01-30,122.6000,126.0700,122.4000,125.1300,2607900,ZS,113.3710,117.0697,119.6910,121.2848,137.7041,133.3667,151.3984,156.0428
2023-01-31,124.1600,124.9200,121.4700,122.7300,2087800,ZS,113.9840,117.7449,119.3672,121.3975,137.4686,133.1844,150.8131,155.7256
2023-02-01,131.5200,131.9100,123.9100,125.0500,2453400,ZS,115.0505,119.0568,119.2626,121.7945,137.2413,133.1514,150.3165,155.4847
2023-02-02,141.3500,142.4100,135.8500,136.2100,3471700,ZS,116.5385,121.1800,119.3150,122.5614,136.7748,133.3138,149.9054,155.3441
2023-02-03,134.9900,138.8100,133.1400,135.8000,3066900,ZS,118.0685,122.4952,119.2964,123.0488,136.1887,133.3470,149.4364,155.1415
2023-02-06,133.0500,137.1000,132.3900,133.1120,2014400,ZS,119.5230,123.5005,119.2222,123.4410,135.7070,133.3411,148.9931,154.9217
2023-02-07,138.0600,138.5030,130.3600,132.8100,1935800,ZS,121.1885,124.8871,119.1818,124.0143,135.2578,133.4345,148.6261,154.7539
2023-02-08,137.6300,143.6300,137.4600,142.5700,1695100,ZS,122.8215,126.1007,119.1594,124.5482,134.8742,133.5176,148.2819,154.5836
2023-02-09,139.0600,143.3500,139.0100,140.1000,2238400,ZS,124.3720,127.3349,119.2062,125.1173,134.5699,133.6274,147.8932,154.4291
2023-02-10,133.8700,137.4150,131.9300,136.5600,1862000,ZS,125.8325,127.9573,119.1866,125.4606,134.1629,133.6322,147.5260,154.2245
2023-02-13,133.8700,135.4100,131.0700,134.6700,1349600,ZS,127.1610,128.5204,119.1950,125.7903,133.7748,133.6369,147.1716,154.0220
2023-02-14,136.1900,138.5000,131.0700,132.2300,1563300,ZS,128.2950,129.2508,119.0288,126.1982,133.4179,133.6874,146.7846,153.8446
2023-02-15,142.7700,143.0200,136.2500,136.5700,1770200,ZS,129.7820,130.5384,119.3044,126.8480,133.2200,133.8673,146.4847,153.7344
2023-02-16,132.9300,138.5050,132.9000,138.1000,3620400,ZS,130.9100,130.7662,119.5472,127.0865,132.9624,133.8487,146.1082,153.5274
2023-02-17,132.3500,132.5000,127.9000,132.0400,2066200,ZS,131.6715,130.9170,119.8748,127.2930,132.6883,133.8190,145.7465,153.3166
2023-02-21,127.8400,131.3500,127.3420,130.2100,1502200,ZS,131.8755,130.6240,120.1468,127.3144,132.3346,133.7006,145.3410,153.0631
2023-02-22,132.1600,133.4500,129.6000,131.1000,1886000,ZS,132.3510,130.7702,120.3994,127.5044,131.9684,133.6701,145.0498,152.8551
2023-02-23,133.5000,134.4250,130.7100,134.0000,1437000,ZS,133.0305,131.0302,120.7252,127.7396,131.6445,133.6668,144.8526,152.6626
2023-02-24,130.8800,132.4900,129.5600,130.0800,1659300,ZS,133.3150,131.0159,120.9180,127.8627,131.3096,133.6116,144.7415,152.4458
2023-02-27,131.8400,135.1600,131.4800,133.1200,1294700,ZS,133.5310,131.0944,121.0796,128.0187,130.9229,133.5765,144.6493,152.2408
2023-02-28,131.1500,133.1600,130.0000,131.1600,2240300,ZS,133.9585,131.0997,121.2398,128.1415,130.4744,133.5285,144.6222,152.0309
2023-03-01,128.4400,131.7000,126.5000,131.1500,1756400,ZS,134.1725,130.8464,121.4652,128.1532,129.9573,133.4277,144.5762,151.7962
2023-03-02,134.1300,134.7400,128.9200,129.9300,5529000,ZS,134.3030,131.1591,121.8636,128.3876,129.4694,133.4416,144.4807,151.6204
2023-03-03,119.2400,122.4700,116.6000,119.5000,12153800,ZS,133.1975,130.0240,122.0030,128.0288,128.9609,133.1604,144.3765,151.2982
2023-03-06,119.8100,125.7500,119.5100,120.6900,5783600,ZS,132.4385,129.0512,122.1284,127.7065,128.5872,132.8960,144.2667,150.9849
2023-03-07,117.8800,122.1700,117.3800,119.7000,3749300,ZS,131.6800,127.9873,122.2306,127.3212,128.2787,132.5987,144.2156,150.6555
2023-03-08,114.9500,118.6900,113.8600,117.0300,3398100,ZS,130.5245,126.7456,122.3424,126.8360,127.9519,132.2492,144.1289,150.3002
2023-03-09,110.4500,117.1800,110.2200,114.2900,3317900,ZS,129.1655,125.1937,122.3758,126.1934,127.6051,131.8175,143.9967,149.9037
2023-03-10,105.4500,110.8500,104.3600,110.0000,3647900,ZS,127.4850,123.3133,122.3334,125.3800,127.3065,131.2954,143.8331,149.4614
2023-03-13,109.8600,111.5100,103.5400,105.5500,3334400,ZS,126.2845,122.0320,122.3734,124.7713,126.9523,130.8709,143.7433,149.0673
2023-03-14,107.9700,111.7500,107.0000,111.5200,2693300,ZS,124.9895,120.6928,122.2954,124.1125,126.5351,130.4174,143.6203,148.6584
2023-03-15,107.6700,108.2500,105.1400,107.2200,2287700,ZS,123.5635,119.4525,122.2108,123.4677,126.1241,129.9670,143.4480,148.2505
2023-03-16,108.1300,108.5900,105.3300,106.3500,2997100,ZS,121.8315,118.3742,122.1696,122.8662,125.7031,129.5346,143.1886,147.8513
2023-03-17,105.4900,108.2800,104.2420,107.7700,2705600,ZS,120.4595,117.1471,122.0476,122.1848,125.2532,129.0585,142.9506,147.4298
2023-03-20,105.4600,105.8600,102.6200,104.6200,2194700,ZS,119.1150,116.0341,122.0690,121.5289,124.8211,128.5912,142.7332,147.0122
2023-03-21,113.0200,114.1900,105.9500,105.9500,3787900,ZS,118.3740,115.7470,122.2502,121.1952,124.3804,128.2828,142.4941,146.6740
2023-03-22,108.8600,113.7600,108.8000,113.0200,2009200,ZS,117.2090,115.0911,122.3324,120.7115,123.9587,127.8982,142.2538,146.2977
2023-03-23,112.5600,113.7400,110.2830,111.1000,1836100,ZS,116.1620,114.8501,122.4842,120.3918,123.5466,127.5945,142.0237,145.9620
2023-03-24,111.9300,113.0600,110.5300,112.1700,1788200,ZS,115.2145,114.5720,122.5618,120.0600,123.1263,127.2843,141.7693,145.6234
2023-03-27,111.8700,115.0000,111.6000,113.1600,1715000,ZS,114.2160,114.3146,122.7060,119.7388,122.7040,126.9791,141.5008,145.2876
2023-03-28,110.2500,112.7150,109.3900,111.7600,1327700,ZS,113.1710,113.9275,122.7650,119.3667,122.3026,126.6478,141.2500,144.9389
2023-03-29,110.7000,112.0200,108.7500,111.8100,1923800,ZS,112.2840,113.6201,122.7088,119.0268,122.0287,126.3320,141.0354,144.5982
2023-03-30,112.2200,113.8200,110.8200,112.9000,1282800,ZS,111.1885,113.4868,122.6926,118.7599,121.8402,126.0525,140.8916,144.2761
2023-03-31,116.8300,117.7800,112.4800,112.9000,1896300,ZS,111.0680,113.8052,122.8218,118.6842,121.7985,125.8699,140.7652,144.0030
2023-04-03,112.9000,116.1400,112.0800,115.6100,1865600,ZS,110.7225,113.7190,122.7374,118.4574,121.7539,125.6131,140.5885,143.6935
2023-04-04,110.5100,113.3100,109.9600,113.1300,2289700,ZS,110.3540,113.4134,122.4724,118.1457,121.6597,125.3140,140.4609,143.3633
2023-04-05,101.3000,108.5000,99.9100,108.5000,5590200,ZS,109.6715,112.2597,122.0454,117.4851,121.5102,124.8385,140.2463,142.9448
2023-04-06,103.7400,103.9200,98.7100,100.6600,2865900,ZS,109.3360,111.4483,121.7220,116.9461,121.2164,124.4207,140.0137,142.5547
2023-04-10,104.9500,106.7080,100.0810,102.4600,2559200,ZS,109.3110,110.8294,121.3172,116.4756,120.8440,124.0351,139.7929,142.1805
2023-04-11,105.9600,106.0350,103.7790,104.3300,2153300,ZS,109.1160,110.3657,120.8860,116.0633,120.5351,123.6772,139.5089,141.8201
2023-04-12,105.8700,108.7600,104.7900,108.2100,2993100,ZS,109.0110,109.9375,120.5514,115.6635,120.1212,123.3246,139.1842,141.4624
2023-04-13,107.3900,109.9000,107.0100,107.0100,2108100,ZS,108.9970,109.6949,120.2160,115.3391,119.7916,123.0091,138.9000,141.1233
2023-04-14,105.4500,107.0000,103.6770,106.1000,2260200,ZS,108.8630,109.2906,119.6946,114.9513,119.4786,122.6614,138.6526,140.7684
2023-04-17,105.5900,105.8000,103.1600,105.4900,1653700,ZS,108.8680,108.9382,118.9794,114.5842,119.1472,122.3233,138.4058,140.4184
2023-04-18,103.5600,107.3700,103.4400,107.1200,2108100,ZS,108.7730,108.4260,118.3508,114.1518,118.8236,121.9518,138.1761,140.0516
2023-04-19,102.9600,103.8300,101.5600,102.0000,1694200,ZS,108.2700,107.9054,117.7490,113.7129,118.4856,121.5757,137.9140,139.6825
2023-04-20,100.4900,101.9000,99.7500,101.3400,2630400,ZS,107.8515,107.1992,116.9976,113.1944,118.0897,121.1582,137.5849,139.2926
2023-04-21,101.7100,102.2500,99.5210,100.6500,1977100,ZS,107.3090,106.6764,116.2792,112.7440,117.7193,120.7730,137.2747,138.9186
2023-04-24,100.6600,102.7650,99.2900,101.8200,1691600,ZS,106.7455,106.1034,115.5112,112.2701,117.3587,120.3748,136.9409,138.5379
2023-04-25,92.3200,98.2400,92.2700,98.1000,4814500,ZS,105.7680,104.7907,114.6802,111.4878,116.9334,119.8192,136.5680,138.0780
2023-04-26,93.0700,94.9500,92.5800,93.7300,2294000,ZS,104.9090,103.6744,113.8642,110.7655,116.5296,119.2895,136.2213,137.6302
2023-04-27,93.4200,94.6700,92.3600,94.2000,2011400,ZS,104.0450,102.6978,113.0088,110.0853,116.0188,118.7773,135.9338,137.1903
2023-04-28,90.1000,92.3700,87.7800,91.1700,4304300,ZS,102.9390,101.4980,111.9554,109.3016,115.6299,118.2094,135.6395,136.7217
2023-05-01,88.7400,89.4800,87.3500,89.4800,3218400,ZS,101.5345,100.2830,111.0716,108.4952,115.3094,117.6258,135.3529,136.2443
2023-05-02,87.0000,88.3800,84.9300,86.6000,5006600,ZS,100.2395,99.0179,110.1646,107.6523,115.0197,117.0194,135.0413,135.7543
2023-05-03,87.3700,88.5000,85.7000,86.5300,2743400,ZS,99.0825,97.9086,109.3552,106.8569,114.7510,116.4323,134.7241,135.2729
2023-05-04,87.7400,89.2100,86.9250,88.1000,2006500,ZS,98.4045,96.9402,108.4668,106.1072,114.4331,115.8641,134.3836,134.7999
2023-05-05,89.4600,91.6100,89.0000,89.0200,3337100,ZS,97.6905,96.2278,107.5860,105.4544,114.1556,115.3413,134.0161,134.3488
2023-05-08,107.9200,109.9000,103.6200,107.4900,14225300,ZS,97.8390,97.3413,107.1268,105.5511,114.0224,115.1943,133.7325,134.0858
2023-05-09,110.0450,114.4500,108.3200,108.7900,6070300,ZS,98.0432,98.5512,106.6909,105.7273,113.8852,115.0923,133.4831,133.8466
2023-05-10,116.7900,119.7100,111.2700,111.5600,6938600,ZS,98.5892,100.2882,106.4037,106.1611,113.8217,115.1260,133.2866,133.6769
2023-05-11,115.4200,118.8400,114.2500,117.5400,3060400,ZS,98.9907,101.7293,106.1433,106.5242,113.8042,115.1318,133.1539,133.4952
2023-05-12,114.3300,116.8500,113.1600,114.9200,2431500,ZS,99.4347,102.9294,105.7473,106.8303,113.8054,115.1159,132.9820,133.3045
2023-05-15,120.8100,121.7900,114.5000,114.6000,3947600,ZS,100.1957,104.6323,105.7787,107.3786,113.8908,115.2287,132.8208,133.1802
2023-05-16,118.3500,120.6300,118.3100,119.7800,2030400,ZS,100.9352,105.9388,105.7495,107.8088,113.9389,115.2905,132.6372,133.0326
2023-05-17,118.7700,119.1850,116.8750,119.0700,2315600,ZS,101.7257,107.1608,105.7673,108.2387,113.9989,115.3594,132.4636,132.8907
2023-05-18,123.9600,124.1500,118.1620,118.9100,2447300,ZS,102.8992,108.7607,105.9475,108.8552,114.1449,115.5297,132.2945,132.8018
2023-05-19,125.2700,126.6700,123.5000,123.9400,2477400,ZS,104.0772,110.3330,106.2439,109.4989,114.3098,115.7226,132.0944,132.7269
2023-05-22,128.8600,130.8700,125.1400,125.5500,2513900,ZS,105.4872,112.0975,106.7121,110.2582,114.5227,115.9827,131.9287,132.6884
2023-05-23,124.4700,130.0000,124.3900,127.5000,2988200,ZS,107.0947,113.2758,107.0043,110.8155,114.6888,116.1508,131.7340,132.6066
2023-05-24,126.5300,128.1850,123.2100,124.1000,2704500,ZS,108.7677,114.5381,107.3755,111.4317,114.8354,116.3563,131.5259,132.5462
2023-05-25,126.6900,128.5600,125.2450,128.0100,1899600,ZS,110.4312,115.6955,107.7559,112.0301,114.9833,116.5609,131.3423,132.4879
2023-05-26,130.6200,134.8200,126.0100,126.7600,2740100,ZS,112.4572,117.1168,108.2057,112.7591,115.1876,116.8393,131.0933,132.4693
2023-05-30,134.7200,137.6500,133.5200,134.5600,2669700,ZS,114.7562,118.7933,108.7903,113.6203,115.4189,117.1934,130.8734,132.4917
2023-05-31,135.4800,136.0100,131.5700,133.7300,4069900,ZS,117.1802,120.3825,109.3907,114.4776,115.7298,117.5555,130.6376,132.5215
2023-06-01,135.0900,137.5000,128.1200,131.9200,4506800,ZS,119.5662,121.7832,109.8321,115.2859,116.0411,117.9027,130.4045,132.5470
2023-06-02,142.3900,147.5800,140.1620,141.8000,8018300,ZS,122.2987,123.7458,110.5027,116.3488,116.4175,118.3876,130.2234,132.6450
2023-06-05,148.0500,149.5800,140.5500,142.2750,3836000,ZS,125.2282,126.0605,111.2125,117.5920,116.8483,118.9750,130.0919,132.7982
2023-06-06,152.9900,153.5500,147.0830,147.9300,3536800,ZS,127.4817,128.6252,112.0337,118.9802,117.2977,119.6486,129.9803,132.9991
2023-06-07,144.9200,155.3300,143.3500,154.9100,3660600,ZS,129.2255,130.1771,112.6947,119.9974,117.7003,120.1490,129.8738,133.1178
2023-06-08,148.8200,151.5000,146.1700,146.4100,2849300,ZS,130.8270,131.9526,113.4661,121.1277,118.1155,120.7167,129.8029,133.2740
2023-06-09,150.8400,153.9000,149.2350,150.8100,2720600,ZS,132.5980,133.7514,114.2689,122.2929,118.4888,121.3132,129.7304,133.4488
2023-06-12,155.9800,156.0250,150.4700,152.1200,2220000,ZS,134.6805,135.8684,115.1441,123.6140,118.9183,121.9997,129.6820,133.6730
2023-06-13,157.5900,159.8600,154.4000,158.7900,2545900,ZS,136.5195,137.9371,115.9593,124.9463,119.3905,122.7045,129.6314,133.9110
2023-06-14,157.5500,159.2500,154.7600,157.0000,1932400,ZS,138.4795,139.8050,116.8523,126.2249,119.7948,123.3945,129.6132,134.1462
2023-06-15,158.3400,160.0200,154.5650,155.0900,2174000,ZS,140.4580,141.5703,117.8089,127.4843,120.1406,124.0865,129.6122,134.3869
2023-06-16,154.0100,162.6700,153.6600,160.2300,3208300,ZS,141.9605,142.7550,118.8631,128.5246,120.4542,124.6790,129.5779,134.5822
2023-06-20,148.6600,155.0000,147.0850,152.1100,2575400,ZS,143.1300,143.3174,119.7615,129.3142,120.7417,125.1539,129.5250,134.7222
2023-06-21,144.8500,148.9100,143.3700,148.6600,2386400,ZS,143.9295,143.4633,120.5595,129.9234,120.9383,125.5439,129.5214,134.8230
2023-06-22,144.8400,146.4400,142.7900,144.3000,1425700,ZS,144.9480,143.5945,121.3371,130.5084,121.1115,125.9260,129.5200,134.9227
2023-06-23,142.7000,143.9000,141.8200,142.5500,1500800,ZS,145.7565,143.5093,122.0737,130.9865,121.3125,126.2582,129.5083,135.0001
2023-06-26,141.7100,145.3700,140.3490,142.0000,1197200,ZS,146.5075,143.3379,122.7601,131.4070,121.4880,126.5641,129.4783,135.0668
2023-06-27,144.6600,145.7110,140.5900,142.6900,1641300,ZS,147.2095,143.4638,123.5443,131.9267,121.6194,126.9225,129.4304,135.1623
2023-06-28,144.1100,148.2000,142.7200,143.9600,1841100,ZS,147.6790,143.5254,124.3147,132.4045,121.6470,127.2628,129.2109,135.2513
2023-06-29,144.8400,145.4400,142.5920,144.8200,1212500,ZS,148.1470,143.6506,125.1403,132.8922,121.7455,127.6109,128.9671,135.3467
2023-06-30,146.3000,150.1020,146.1800,146.4600,1374300,ZS,148.7075,143.9029,126.0071,133.4180,121.8780,127.9810,128.7925,135.4557
2023-07-03,146.5900,147.6100,145.1950,146.4300,720500,ZS,148.9175,144.1588,126.9291,133.9345,121.9633,128.3495,128.6106,135.5665
2023-07-05,146.9700,148.0500,144.3300,145.9400,920300,ZS,148.8635,144.4265,127.8343,134.4457,122.0567,128.7182,128.4655,135.6800
2023-07-06,141.7400,143.7700,138.6000,143.7700,2491000,ZS,148.3010,144.1707,128.6559,134.7318,122.0835,128.9760,128.3267,135.7403
2023-07-07,143.1800,144.0100,141.4200,142.3700,1719800,ZS,148.2140,144.0763,129.6731,135.0631,122.1766,129.2573,128.1698,135.8143
2023-07-10,154.2700,154.3400,143.1800,143.2700,4102800,ZS,148.4865,145.0472,130.8971,135.8163,122.3806,129.7526,128.0777,135.9979
2023-07-11,147.3900,156.2050,147.3500,155.0000,4015800,ZS,148.3140,145.2703,131.9765,136.2702,122.4926,130.1019,127.9553,136.1113
2023-07-12,137.6800,151.7000,136.4400,151.3600,7991700,ZS,147.3990,144.5474,132.9281,136.3255,122.4417,130.2519,127.8309,136.1269
2023-07-13,145.1400,145.9000,139.0900,139.1300,4037700,ZS,146.7765,144.6038,134.0561,136.6711,122.5638,130.5467,127.7631,136.2166
2023-07-14,145.4300,148.8700,144.3800,145.0900,2498800,ZS,146.1705,144.6825,135.2247,137.0146,122.6946,130.8415,127.6915,136.3083
2023-07-17,151.8200,153.0000,145.3750,145.4300,2328000,ZS,145.8445,145.3623,136.5137,137.5952,122.9344,131.2569,127.6345,136.4626
2023-07-18,154.8100,156.6800,150.4400,151.7500,2187200,ZS,145.8845,146.2621,137.8551,138.2703,123.1609,131.7233,127.5647,136.6452
2023-07-19,161.0400,163.1350,155.9300,156.4400,3362700,ZS,146.5035,147.6695,139.2867,139.1632,123.4363,132.3038,127.5404,136.8879
2023-07-20,147.9000,158.8200,146.6500,158.2200,4150500,ZS,146.6560,147.6914,140.0863,139.5058,123.6065,132.6126,127.4581,136.9975
2023-07-21,149.0100,152.0700,146.2570,149.7900,4006200,ZS,146.8645,147.8170,140.8656,139.8786,123.7782,132.9373,127.3506,137.1170
2023-07-24,148.3300,149.9400,144.3500,149.2400,1567100,ZS,147.1460,147.8659,141.4964,140.2100,123.9500,133.2421,127.2122,137.2286
2023-07-25,155.2100,156.3750,151.1000,153.8300,2895500,ZS,147.8210,148.5653,142.2922,140.7982,124.2177,133.6771,127.0875,137.4075
2023-07-26,156.6200,158.6500,153.1000,153.6800,1848100,ZS,148.4190,149.3324,143.1380,141.4187,124.4426,134.1315,126.9560,137.5987
2023-07-27,155.2500,160.8200,154.5600,159.5350,1862500,ZS,148.9760,149.8960,143.8268,141.9611,124.8027,134.5496,126.8818,137.7743
2023-07-28,157.4900,159.8200,156.1300,157.8400,1215900,ZS,149.6085,150.6192,144.6096,142.5701,125.1795,135.0039,126.8834,137.9705
2023-07-31,160.3800,162.5100,158.2300,158.2300,1502200,ZS,150.3125,151.5488,145.4418,143.2685,125.6045,135.5064,126.9416,138.1935
2023-08-01,162.8000,164.2900,156.3500,159.0000,1796600,ZS,151.1230,152.6204,146.2186,144.0344,126.0830,136.0469,127.0175,138.4383
2023-08-02,150.5400,159.0100,148.3300,159.0000,3135900,ZS,151.3015,152.4222,146.7240,144.2896,126.4839,136.3339,127.0445,138.5587
2023-08-03,150.7700,152.4050,149.0900,150.0000,1500400,ZS,151.7530,152.2649,147.1622,144.5437,126.9371,136.6197,127.1218,138.6802
2023-08-04,146.1600,149.0000,142.3100,147.7200,3200100,ZS,151.9020,151.6835,147.5960,144.6071,127.3001,136.8086,127.1262,138.7546
2023-08-07,145.3400,146.2900,142.0550,146.0000,1810700,ZS,151.4555,151.0793,147.9722,144.6358,127.6738,136.9776,127.1045,138.8202
2023-08-08,138.6900,141.6600,137.0250,141.6600,2532100,ZS,151.0205,149.8994,148.2122,144.4027,127.9840,137.0115,127.0541,138.8189
2023-08-09,140.3000,141.7500,136.8210,138.5100,1619000,ZS,151.1515,148.9852,148.4058,144.2418,128.3057,137.0766,127.0044,138.8336
2023-08-10,144.3000,146.8800,142.2400,143.0300,1886400,ZS,151.1095,148.5390,148.5974,144.2440,128.6938,137.2197,126.9735,138.8880
2023-08-11,142.9500,146.0000,142.5100,142.6600,1101300,ZS,150.9855,148.0067,148.7468,144.1933,129.0687,137.3331,126.9449,138.9284
2023-08-14,144.9100,145.2700,141.5900,142.3700,1075600,ZS,150.6400,147.7118,148.9432,144.2214,129.3876,137.4832,126.8840,138.9879
2023-08-15,142.7100,144.2200,140.9400,144.2100,1147700,ZS,150.0350,147.2354,148.9496,144.1621,129.7261,137.5867,126.8424,139.0250
2023-08-16,140.1300,142.4500,139.4200,142.0000,898700,ZS,148.9895,146.5587,148.7912,144.0040,130.0018,137.6370,126.7742,139.0360
2023-08-17,135.6500,140.3300,134.7690,140.0000,1594800,ZS,148.3770,145.5198,148.4444,143.6764,130.2390,137.5977,126.6827,139.0023
2023-08-18,136.2100,136.6550,131.5900,132.5900,1783100,ZS,147.7370,144.6331,148.2702,143.3836,130.4824,137.5702,126.5932,138.9745
2023-08-21,142.7800,146.6900,140.6700,141.2300,2411300,ZS,147.4595,144.4566,148.1494,143.3599,130.8077,137.6734,126.5552,139.0124
2023-08-22,141.9000,144.7000,141.1000,144.0000,1098400,ZS,146.7940,144.2131,147.9706,143.3027,131.1197,137.7571,126.5742,139.0411
2023-08-23,145.4700,146.3500,140.5000,142.3500,1093300,ZS,146.2365,144.3328,147.7604,143.3877,131.4522,137.9098,126.6462,139.1051
2023-08-24,139.7400,147.8600,139.6650,147.6500,1138200,ZS,145.4610,143.8954,147.4034,143.2446,131.6813,137.9460,126.7399,139.1114
2023-08-25,142.7600,143.3500,139.2000,139.6100,1038000,ZS,144.7245,143.7873,147.1076,143.2256,131.9799,138.0414,126.8669,139.1477
2023-08-28,141.3400,145.8700,140.5900,145.3200,1171400,ZS,143.7725,143.5542,146.7676,143.1517,132.2882,138.1067,126.9740,139.1695
2023-08-29,144.3900,145.6500,139.5100,140.7000,1015800,ZS,142.8520,143.6338,146.5752,143.2002,132.7191,138.2311,127.1147,139.2214
2023-08-30,147.2800,147.3300,143.3600,144.9000,1081400,ZS,142.6890,143.9811,146.5476,143.3602,133.1545,138.4103,127.1855,139.3016
2023-08-31,156.0500,156.7800,148.9700,149.0800,2408300,ZS,142.9530,145.1305,146.7716,143.8579,133.6655,138.7596,127.2548,139.4683
2023-09-01,158.3800,159.1540,155.8000,158.2250,1905300,ZS,143.5640,146.3924,147.0424,144.4274,134.1897,139.1481,127.3624,139.6565
2023-09-05,162.7400,163.4800,158.0500,159.0600,6451600,ZS,144.4340,147.9493,147.4432,145.1455,134.7584,139.6153,127.4398,139.8861
2023-09-06,158.3500,165.3700,153.5700,159.1600,6287300,ZS,145.4170,148.9398,147.7760,145.6633,135.2680,139.9863,127.5298,140.0699
2023-09-07,161.0200,162.6800,155.4000,156.4700,2859100,ZS,146.4530,150.0903,148.1032,146.2656,135.8237,140.4028,127.6512,140.2783
2023-09-08,160.7700,163.4700,160.3400,160.5100,1647200,ZS,147.2765,151.1074,148.4364,146.8344,136.3756,140.8061,127.7614,140.4822
2023-09-11,165.0500,167.5000,162.0400,162.2700,2097800,ZS,148.3815,152.4353,148.8406,147.5487,136.9905,141.2862,127.9070,140.7267
2023-09-12,160.2200,164.7700,159.5100,163.3000,1323700,ZS,149.1470,153.1767,149.1190,148.0456,137.5631,141.6611,128.0243,140.9206
2023-09-13,158.4000,160.8970,158.2600,160.2200,907100,ZS,149.9315,153.6741,149.3552,148.4517,138.1422,141.9926,128.1159,141.0946
2023-09-14,159.2300,159.7400,156.7000,159.7400,1152400,ZS,150.8865,154.2033,149.6004,148.8743,138.7174,142.3339,128.2183,141.2750
2023-09-15,156.1000,158.7200,154.6000,158.3300,1603700,ZS,151.9090,154.3839,149.8876,149.1577,139.2718,142.6065,128.3152,141.4225
2023-09-18,154.7200,156.0800,153.0100,154.7300,1448800,ZS,152.8345,154.4159,150.1184,149.3758,139.8958,142.8464,128.4146,141.5548
2023-09-19,155.0500,156.0400,151.7600,153.9000,1858100,ZS,153.4480,154.4763,150.1340,149.5983,140.5156,143.0880,128.5226,141.6891
2023-09-20,154.2300,158.2000,154.2200,155.2900,878500,ZS,154.0645,154.4529,150.2708,149.7800,141.1237,143.3086,128.5712,141.8139
2023-09-21,148.7900,153.4700,147.6200,151.7300,1682400,ZS,154.2305,153.9135,150.4930,149.7412,141.7106,143.4172,128.6702,141.8833
2023-09-22,151.7100,154.5500,148.1700,149.0400,1644000,ZS,154.8290,153.7037,150.6244,149.8184,142.3403,143.5814,128.8248,141.9811
2023-09-25,148.9700,151.0150,147.1300,151.0000,1076300,ZS,155.1395,153.2528,150.6952,149.7851,142.9600,143.6881,128.9898,142.0506
2023-09-26,148.0300,150.8500,146.5900,147.6400,1077100,ZS,155.4740,152.7554,150.6194,149.7163,143.5666,143.7741,129.1588,142.1101
2023-09-27,148.8700,150.8000,146.6400,149.6200,953400,ZS,155.6980,152.3854,150.5006,149.6831,144.1779,143.8750,129.3055,142.1774
2023-09-28,150.9200,152.4500,146.7100,148.4300,1017000,ZS,155.8800,152.2458,150.2982,149.7316,144.7925,144.0145,129.4740,142.2644
2023-09-29,155.5900,159.3900,153.5500,153.8700,2298600,ZS,155.8570,152.5643,150.4520,149.9613,145.2692,144.2437,129.6458,142.3970
2023-10-02,160.8900,163.0500,158.3500,159.0500,2284900,ZS,155.9825,153.3572,150.6896,150.3899,145.7776,144.5733,129.8314,142.5810
2023-10-03,151.4600,159.7700,150.2000,158.5600,2377000,ZS,155.4185,153.1766,150.7522,150.4319,146.1243,144.7097,129.9730,142.6693
2023-10-04,155.1200,155.4000,151.8000,152.7400,1366700,ZS,155.2570,153.3616,150.7504,150.6157,146.5213,144.9159,130.1628,142.7932
2023-10-05,153.3000,155.2400,149.6250,154.9300,1057800,ZS,154.8710,153.3558,150.6840,150.7210,146.9110,145.0819,130.3582,142.8978
2023-10-06,163.5900,163.6000,150.7000,150.7000,2549300,ZS,155.0120,154.3305,150.8508,151.2257,147.3388,145.4484,130.6148,143.1037
2023-10-09,168.8600,172.2400,165.5000,165.6900,3370900,ZS,155.2025,155.7142,151.0782,151.9172,147.8439,145.9120,130.8914,143.3599
2023-10-10,171.8800,173.9500,167.8700,169.0200,1927700,ZS,155.7855,157.2538,151.3082,152.7001,148.3750,146.4262,131.1870,143.6437
2023-10-11,173.0500,175.1900,171.3600,173.1000,1797500,ZS,156.5180,158.7582,151.5132,153.4981,148.8659,146.9534,131.5054,143.9363
2023-10-12,170.6500,176.3100,170.0100,174.0400,1870400,ZS,157.0890,159.8908,151.9154,154.1707,149.3197,147.4226,131.8148,144.2021
2023-10-13,168.5200,172.3800,167.2100,170.7800,1379200,ZS,157.7100,160.7126,152.2704,154.7334,149.7163,147.8404,132.1195,144.4441
2023-10-16,172.2100,173.4200,168.4500,169.3100,1349800,ZS,158.5845,161.8076,152.7914,155.4188,150.1937,148.3230,132.4413,144.7204
2023-10-17,172.2900,175.3600,169.8000,170.2100,1536400,ZS,159.4465,162.8059,153.3304,156.0804,150.6513,148.7976,132.7434,144.9947
2023-10-18,170.4000,174.4400,170.1600,171.3800,1205000,ZS,160.2550,163.5292,153.9646,156.6420,151.0884,149.2253,133.0359,145.2475
2023-10-19,169.0700,177.6900,168.4900,175.0100,1903800,ZS,161.2690,164.0569,154.5400,157.1293,151.4729,149.6183,133.3303,145.4845
2023-10-20,162.1900,168.5700,159.0820,168.5700,2665600,ZS,161.7930,163.8791,154.8978,157.3278,151.7476,149.8672,133.5833,145.6508
2023-10-23,162.4800,165.1500,158.0900,160.1000,1281500,ZS,162.4685,163.7458,155.2884,157.5298,152.0176,150.1170,133.8737,145.8182
2023-10-24,164.7900,167.5000,163.1000,164.4700,1087300,ZS,163.3065,163.8453,155.6860,157.8145,152.3146,150.4076,134.1779,146.0070
2023-10-25,157.6100,163.9900,157.5300,162.8800,1389900,ZS,163.7435,163.2514,155.9840,157.8065,152.4668,150.5502,134.4422,146.1224
2023-10-26,154.6100,161.1000,153.0800,159.0300,1397100,ZS,163.9280,162.4284,156.2736,157.6812,152.5324,150.6306,134.6904,146.2069
2023-10-27,154.3700,157.0860,153.8850,156.2400,1089700,ZS,163.8670,161.6610,156.6480,157.5513,152.5462,150.7046,134.9220,146.2881
2023-10-30,156.8100,158.3900,155.0800,156.0600,1215600,ZS,163.6630,161.1990,157.0600,157.5222,152.6651,150.8255,135.1827,146.3928
2023-10-31,158.6900,159.2250,155.3700,157.3900,769600,ZS,164.0245,160.9600,157.3782,157.5680,152.7638,150.9813,135.4397,146.5152
2023-11-01,156.6500,159.9000,152.6000,159.6000,1522300,ZS,164.1010,160.5495,157.6732,157.5320,152.8219,151.0935,135.6554,146.6160
2023-11-02,159.1900,161.8470,157.5300,160.0000,1426700,ZS,164.3955,160.4201,157.9476,157.5971,152.8540,151.2538,135.8862,146.7411
2023-11-03,164.3700,166.0900,155.5100,158.4400,2640800,ZS,164.4345,160.7962,158.4402,157.8627,152.9218,151.5136,136.1562,146.9165
2023-11-06,163.4700,167.0600,159.8000,166.6000,1481200,ZS,164.1650,161.0509,158.8544,158.0826,152.9810,151.7503,136.3879,147.0813
2023-11-07,171.3900,172.8000,164.4600,166.6800,1969900,ZS,164.1405,162.0356,159.4554,158.6044,153.1115,152.1392,136.6261,147.3231
2023-11-08,173.9600,176.4600,171.8800,172.0000,1690900,ZS,164.1860,163.1712,160.0468,159.2066,153.3110,152.5713,136.8826,147.5882
2023-11-09,170.7000,176.1600,170.4050,174.7700,1431900,ZS,164.1885,163.8883,160.5152,159.6573,153.5314,152.9303,137.1366,147.8181
2023-11-10,175.0400,175.0800,168.4000,170.6500,1910300,ZS,164.5145,164.9503,160.8950,160.2606,153.8333,153.3681,137.3858,148.0890
2023-11-13,178.1700,178.9400,175.0500,175.6300,1467500,ZS,164.8125,166.2093,161.2908,160.9629,154.1666,153.8592,137.6391,148.3883
2023-11-14,187.0900,188.5100,181.6200,181.7500,2469700,ZS,165.5525,168.1980,161.7778,161.9875,154.6105,154.5173,137.9615,148.7734
2023-11-15,184.5600,189.5390,183.4650,188.0000,1954000,ZS,166.2605,169.7563,162.3020,162.8727,155.0390,155.1122,138.2635,149.1295
2023-11-16,186.1800,189.3000,183.1400,183.7200,1701300,ZS,167.1160,171.3204,162.8052,163.7867,155.4542,155.7274,138.5368,149.4982
2023-11-17,187.4700,189.7100,185.5200,186.0300,1293800,ZS,168.3800,172.8585,163.3392,164.7155,155.8878,156.3560,138.7674,149.8760
2023-11-20,191.9600,193.4900,188.8700,188.8700,1569100,ZS,169.8540,174.6777,163.8774,165.7839,156.3590,157.0610,139.0523,150.2947
2023-11-21,191.3600,191.9000,188.8800,190.1700,1323800,ZS,171.1825,176.2665,164.5002,166.7869,156.8096,157.7402,139.3438,150.7033
2023-11-22,190.6400,193.0700,189.1800,193.0300,1410900,ZS,172.8340,177.6354,165.1450,167.7223,157.2501,158.3917,139.6067,151.1007
2023-11-24,193.0900,194.2500,188.5600,189.8900,975400,ZS,174.7580,179.1072,165.8222,168.7171,157.7113,159.0788,139.8840,151.5185
2023-11-27,191.9100,195.0700,190.4300,191.9900,6317800,ZS,176.6350,180.3266,166.5384,169.6266,158.2130,159.7289,140.1483,151.9204
2023-11-28,193.8500,194.1100,182.6000,183.7500,11013400,ZS,178.4870,181.6145,167.3210,170.5765,158.7197,160.4045,140.4482,152.3376
2023-11-29,199.8400,207.7810,196.8000,197.2700,6120300,ZS,180.5445,183.3503,168.2168,171.7241,159.1754,161.1854,140.7780,152.8103
2023-11-30,197.5300,205.6890,195.7100,200.6300,3350400,ZS,182.5885,184.7007,169.0828,172.7361,159.6768,161.9051,141.0847,153.2553
2023-12-01,198.0300,198.9900,194.7500,197.8900,2475100,ZS,184.5305,185.9702,170.0676,173.7280,160.2803,162.6205,141.3610,153.7008
2023-12-04,198.2600,198.9600,193.1900,196.9600,1599800,ZS,186.2250,187.1406,170.9986,174.6901,160.8115,163.3262,141.6877,154.1442
2023-12-05,198.9100,199.2100,194.2870,196.1700,1526100,ZS,187.9970,188.2615,171.9974,175.6399,161.3463,164.0308,142.0205,154.5896
2023-12-06,197.9100,203.8900,197.4800,200.0000,2149200,ZS,189.3230,189.1804,172.9950,176.5132,161.8072,164.7017,142.3708,155.0207
2023-12-07,200.0500,200.5600,195.7030,197.9100,1313300,ZS,190.6275,190.2156,174.0186,177.4362,162.2596,165.4017,142.7103,155.4687
2023-12-08,198.8000,202.7300,197.5900,198.0000,2034800,ZS,192.0325,191.0332,174.9762,178.2740,162.6372,166.0630,143.0368,155.8999
2023-12-11,205.4700,207.5100,200.0650,200.3800,2314300,ZS,193.5540,192.4081,175.9738,179.3405,163.2129,166.8434,143.4097,156.3931
2023-12-12,210.7600,211.5900,205.1000,207.0000,2304500,ZS,195.1835,194.1559,176.9712,180.5727,163.8304,167.7130,143.8043,156.9341
2023-12-13,215.4500,216.0350,210.0500,212.3400,2375400,ZS,196.6015,196.1839,178.2510,181.9404,164.5016,168.6583,144.2258,157.5163
2023-12-14,216.4000,221.1300,213.4000,218.7500,3111900,ZS,198.1935,198.1093,179.4766,183.2918,165.1135,169.6037,144.6656,158.1022
2023-12-15,221.6600,223.5300,218.4400,219.4100,3354600,ZS,199.9675,200.3522,180.8438,184.7964,165.7639,170.6345,145.1033,158.7346
2023-12-18,222.5500,224.0900,219.6000,221.6600,2488000,ZS,201.7215,202.4663,182.0230,186.2769,166.4369,171.6625,145.6198,159.3696
2023-12-19,224.0400,224.9500,221.0100,221.4900,1544300,ZS,203.3255,204.5209,183.1266,187.7578,167.1024,172.6997,146.1410,160.0131
2023-12-20,218.7300,224.6190,217.7400,222.5500,1582700,ZS,204.6940,205.8742,184.0636,188.9724,167.6859,173.6112,146.6452,160.5973
2023-12-21,221.3300,221.8800,218.0420,221.6800,1250500,ZS,206.2285,207.3461,185.0292,190.2414,168.2712,174.5561,147.1771,161.2017
2023-12-22,221.6800,222.0700,219.3690,221.6700,913300,ZS,207.6580,208.7113,186.0498,191.4742,168.9826,175.4893,147.7333,161.8034
2023-12-26,224.5900,224.6900,221.4600,222.2250,770000,ZS,209.2920,210.2235,187.1712,192.7729,169.7208,176.4616,148.3290,162.4282
2023-12-27,225.0200,227.2900,224.0000,225.1600,840800,ZS,210.8505,211.6327,188.2274,194.0375,170.5094,177.4231,148.9048,163.0510
2023-12-28,224.4400,225.2700,222.9100,225.0200,575300,ZS,212.0805,212.8525,189.2704,195.2297,171.3004,178.3541,149.4871,163.6618
2023-12-29,221.5600,225.9100,220.8700,224.0300,805200,ZS,213.2820,213.6817,190.2936,196.2623,172.1291,179.2097,150.0566,164.2379
2024-01-02,212.3700,218.1700,210.6150,218.1000,2083500,ZS,213.9990,213.5568,191.1596,196.8940,172.8498,179.8663,150.5778,164.7168
2024-01-03,210.2400,215.7050,206.6700,208.5300,2095500,ZS,214.5980,213.2409,192.1206,197.4174,173.5092,180.4678,151.1015,165.1698
2024-01-04,210.3300,212.4500,209.0100,210.3300,1096400,ZS,215.1690,212.9637,193.0776,197.9237,174.1830,181.0591,151.6259,165.6192
2024-01-05,209.8100,212.2000,209.0530,209.9400,1125300,ZS,215.7640,212.6633,193.9780,198.3899,174.8320,181.6285,152.1098,166.0589
2024-01-08,218.1000,219.3500,212.5100,213.2800,1633200,ZS,216.6665,213.1811,195.1878,199.1628,175.5859,182.3507,152.6560,166.5767
2024-01-09,226.2600,228.1500,215.9600,215.9600,2445800,ZS,218.0395,214.4267,196.6208,200.2254,176.4472,183.2202,153.2245,167.1706
2024-01-10,225.4000,230.2340,224.6600,228.3100,1880200,ZS,219.0360,215.4718,198.0414,201.2127,177.3447,184.0554,153.7919,167.7500
2024-01-11,228.5200,229.9100,224.0000,226.0000,1397100,ZS,219.9240,216.7145,199.4756,202.2836,178.2678,184.9359,154.3751,168.3546
2024-01-12,230.7700,233.8090,229.6300,230.9800,1564900,ZS,220.6900,218.0531,200.9172,203.4007,179.1477,185.8435,154.9777,168.9757
2024-01-16,232.1800,233.2800,228.7800,230.0000,1517400,ZS,221.4790,219.3985,202.4278,204.5293,180.0505,186.7610,155.5851,169.6046
2024-01-17,225.3300,230.3300,221.5000,228.9000,2349600,ZS,221.6625,219.9634,203.7506,205.3450,180.8491,187.5248,156.1507,170.1591
2024-01-18,227.9100,231.3700,224.9300,230.3100,1909800,ZS,221.9305,220.7202,205.0214,206.2299,181.7308,188.3245,156.7061,170.7337
2024-01-19,231.2900,231.3600,226.8380,229.0000,1545400,ZS,222.2930,221.7269,206.3778,207.2126,182.6161,189.1753,157.2980,171.3362
2024-01-22,240.8500,241.7700,235.0800,239.6800,2513500,ZS,223.3990,223.5481,207.7670,208.5318,183.6112,190.1986,157.9497,172.0279
2024-01-23,242.5900,244.9950,238.9500,242.5200,1974400,ZS,224.4620,225.3616,209.1396,209.8674,184.5932,191.2360,158.6562,172.7300
2024-01-24,241.3800,246.3800,240.6700,245.0000,1554100,ZS,225.4470,226.8872,210.5532,211.1032,185.5342,192.2290,159.3444,173.4131
2024-01-25,238.3000,245.0000,236.8400,244.7000,1477900,ZS,226.1325,227.9741,211.8184,212.1697,186.3567,193.1413,160.0111,174.0588
2024-01-26,236.8300,239.8400,234.2900,236.8800,1204700,ZS,226.7230,228.8176,212.9916,213.1368,187.1412,194.0064,160.6655,174.6833
2024-01-29,245.0500,245.1100,238.0200,238.6900,1377900,ZS,227.7535,230.3635,214.1508,214.3883,187.9643,195.0171,161.3614,175.3835
2024-01-30,241.1200,245.8200,240.9000,243.4100,2037800,ZS,228.7315,231.3879,215.2820,215.4366,188.7920,195.9301,162.0300,176.0376
2024-01-31,235.6700,239.5850,232.3100,238.0000,1568800,ZS,229.8965,231.7957,216.2718,216.2300,189.5385,196.7170,162.6811,176.6310
2024-02-01,238.0600,240.3600,235.4200,236.6100,1033500,ZS,231.2875,232.3923,217.2836,217.0861,190.3114,197.5357,163.3435,177.2422
2024-02-02,244.0000,245.1100,237.0630,239.6200,1362000,ZS,232.9710,233.4978,218.3244,218.1416,191.1009,198.4558,164.0457,177.9065
2024-02-05,232.0500,239.4500,226.1900,233.4500,4761900,ZS,234.0830,233.3599,219.1382,218.6870,191.8192,199.1210,164.6911,178.4452
2024-02-06,234.7300,236.3200,228.5200,235.2500,1660800,ZS,234.9145,233.4904,220.0200,219.3161,192.5825,199.8261,165.3623,179.0052
2024-02-07,244.6600,245.5600,237.0900,241.6300,2234500,ZS,235.8345,234.5542,221.0514,220.3100,193.4368,200.7139,166.0771,179.6585
2024-02-08,249.4100,251.3200,243.7700,244.6400,1669700,ZS,237.0350,235.9690,222.2014,221.4512,194.3699,201.6782,166.8208,180.3526
2024-02-09,254.9300,259.6100,252.4000,253.8400,2505500,ZS,238.3555,237.7748,223.4230,222.7641,195.3720,202.7327,167.6339,181.0946
2024-02-12,253.8600,256.4200,251.2800,253.7000,1511900,ZS,239.5100,239.3068,224.5034,223.9835,196.3601,203.7451,168.4378,181.8187
2024-02-13,242.8000,247.6700,237.5700,242.3300,3434400,ZS,240.0410,239.6394,225.4088,224.7214,197.2458,204.5185,169.1847,182.4254
2024-02-14,253.2700,253.5400,246.1000,247.6600,1586600,ZS,241.4380,240.9376,226.5136,225.8410,198.2906,205.4839,170.0006,183.1304
2024-02-15,253.1600,255.0000,247.0000,255.0000,1185300,ZS,242.7005,242.1016,227.6116,226.9123,199.3051,206.4279,170.8227,183.8272
2024-02-16,252.7500,254.6800,248.6100,253.4100,1258400,ZS,243.7735,243.1158,228.6884,227.9256,200.3429,207.3452,171.6514,184.5130
2024-02-20,249.0400,251.9400,240.9600,251.9400,2061300,ZS,244.1830,243.6800,229.7110,228.7536,201.3530,208.1708,172.4598,185.1550
2024-02-21,213.9200,216.5050,202.4400,213.0000,7801300,ZS,242.7495,240.8457,229.9884,228.1719,202.0035,208.2847,173.0907,185.4413
2024-02-22,226.1500,229.3400,218.9100,224.5100,3659900,ZS,241.9880,239.4461,230.5354,228.0926,202.7558,208.6385,173.7741,185.8463
2024-02-23,235.2300,240.7000,228.3200,229.8800,3217300,ZS,241.8345,239.0446,231.1306,228.3725,203.5522,209.1650,174.4107,186.3377
2024-02-26,241.7000,246.0000,236.9150,239.9900,2728800,ZS,242.0780,239.2975,231.7494,228.8951,204.3603,209.8093,175.0689,186.8886
2024-02-27,242.4900,251.5500,242.0200,244.0000,2401800,ZS,241.9500,239.6015,232.2902,229.4283,205.2706,210.4564,175.6974,187.4418
2024-02-28,237.2900,242.4700,236.5000,240.1000,2010400,ZS,241.7585,239.3814,232.7080,229.7366,206.0923,210.9878,176.3068,187.9378
2024-02-29,241.9700,243.9400,235.8410,240.5000,6757300,ZS,242.0735,239.6279,233.1142,230.2163,206.9790,211.6013,176.9450,188.4755
2024-03-01,219.2300,227.3000,215.0000,227.0000,11834200,ZS,241.1320,237.6853,233.0478,229.7855,207.5354,211.7524,177.4371,188.7815
2024-03-04,214.2200,221.6200,212.6300,220.1200,4141500,ZS,239.6430,235.4505,232.8514,229.1751,207.9890,211.8012,177.9164,189.0346
2024-03-05,206.3600,210.0550,199.2900,209.9400,5002100,ZS,238.3585,232.6799,232.6040,228.2803,208.3338,211.6935,178.3544,189.2070
2024-03-06,202.4200,217.1700,200.8100,214.6200,4348100,ZS,236.7430,229.7980,232.2258,227.2662,208.6275,211.5098,178.7467,189.3385
2024-03-07,201.2700,202.8900,197.0200,202.5800,3349400,ZS,234.5735,227.0811,231.8176,226.2468,208.9337,211.3071,179.1267,189.4572
2024-03-08,198.6900,204.5500,197.8800,201.1400,2845100,ZS,232.0375,224.3772,231.2996,225.1661,209.2354,211.0572,179.4758,189.5490
2024-03-11,200.7400,201.8500,195.6610,196.7000,1825900,ZS,229.3280,222.1260,230.8140,224.2082,209.5207,210.8529,179.8572,189.6604
2024-03-12,201.2400,205.3400,199.0000,203.2000,2305000,ZS,226.6970,220.1369,230.3500,223.3075,209.8102,210.6626,180.2307,189.7756
2024-03-13,201.4300,204.4300,199.1100,200.1700,1753200,ZS,224.6285,218.3553,229.9474,222.4496,210.1205,210.4797,180.6044,189.8916
2024-03-14,198.8300,202.1300,197.1600,201.4300,1220700,ZS,221.9065,216.4957,229.6766,221.5233,210.4181,210.2491,180.9455,189.9805
2024-03-15,194.0300,199.7300,193.4700,198.7900,2665900,ZS,218.9500,214.3561,229.3524,220.4451,210.7365,209.9279,181.2420,190.0208
2024-03-18,195.9400,197.3530,191.2500,194.0000,2591000,ZS,216.1095,212.6022,229.0646,219.4841,211.0711,209.6509,181.5443,190.0797
2024-03-19,195.2400,196.0000,190.3500,193.4400,2085200,ZS,213.4195,210.9487,228.7732,218.5334,211.3756,209.3655,181.8451,190.1311
2024-03-20,197.3000,197.8850,193.8500,196.2600,1696800,ZS,212.5885,209.6488,228.3572,217.7007,211.7725,209.1266,182.1196,190.2024
2024-03-21,198.0700,202.6100,196.4300,199.5500,1701900,ZS,211.1845,208.5461,227.7934,216.9309,212.2071,208.9077,182.3697,190.2807
2024-03-22,194.9500,199.0000,193.2700,197.5000,1633200,ZS,209.1705,207.2512,227.1844,216.0689,212.6129,208.6313,182.5795,190.3271
2024-03-25,194.0700,195.7700,192.6600,194.8400,1214000,ZS,206.7890,205.9958,226.4954,215.2062,212.9855,208.3429,182.8253,190.3644
2024-03-26,195.6300,196.0100,192.5100,195.8400,1483300,ZS,204.4460,205.0086,225.7926,214.4385,213.3549,208.0912,183.0593,190.4168
2024-03-27,193.4800,197.7700,192.5500,197.3900,1319800,ZS,202.2555,203.9107,225.0186,213.6166,213.7232,207.8019,183.2725,190.4473
2024-03-28,192.6300,194.1800,190.7500,191.2900,1628200,ZS,199.7885,202.8363,224.3646,212.7936,214.0576,207.5014,183.4558,190.4690
2024-04-01,192.1300,193.7800,189.5910,192.5000,1336400,ZS,198.4335,201.8167,223.6490,211.9833,214.3352,207.1971,183.6285,190.4855
2024-04-02,188.7400,190.0200,185.6700,186.8100,1661900,ZS,197.1595,200.5713,222.7980,211.0718,214.5879,206.8316,183.7845,190.4681
2024-04-03,186.3100,189.0800,185.8400,187.3400,1614800,ZS,196.1570,199.2130,221.7072,210.1007,214.7371,206.4252,183.9243,190.4268
2024-04-04,182.0100,188.6800,181.1250,188.0500,2496800,ZS,195.1365,197.5747,220.4956,208.9991,214.8176,205.9417,184.0643,190.3430
2024-04-05,183.3400,185.2500,181.3700,182.1800,1809700,ZS,194.2400,196.2190,219.3348,207.9929,214.9440,205.4942,184.2377,190.2733
2024-04-08,183.7100,184.3600,181.2400,183.3200,1081000,ZS,193.4910,195.0276,218.2430,207.0406,215.0307,205.0628,184.4320,190.2080
2024-04-09,188.5000,188.6200,184.8300,185.5100,1782600,ZS,192.8790,194.4060,217.2764,206.3135,215.1340,204.7348,184.6503,190.1910
2024-04-10,183.9500,185.3600,181.7100,184.0000,1555100,ZS,192.0145,193.4102,216.0544,205.4365,215.1026,204.3232,184.8566,190.1289
2024-04-11,184.7800,185.7200,182.8800,185.3700,1123300,ZS,191.1820,192.5882,214.9276,204.6265,215.1048,203.9362,185.0719,190.0757
2024-04-12,181.4100,183.8700,180.4200,182.4900,1205600,ZS,190.3110,191.5236,213.8424,203.7160,215.0571,203.4902,185.2557,189.9895
2024-04-15,174.8500,181.7500,173.7400,181.7300,2267700,ZS,189.3520,189.9357,212.5782,202.5840,214.9309,202.9231,185.4094,189.8388
2024-04-16,174.3200,176.2100,173.0000,174.0700,1499200,ZS,188.2710,188.4485,211.1846,201.4756,214.7545,202.3567,185.5568,189.6844
2024-04-17,172.9600,176.1700,172.7200,175.3700,1298400,ZS,187.1570,186.9734,210.0028,200.3574,214.5705,201.7745,185.6901,189.5180
2024-04-18,172.9700,178.3600,172.7100,178.3600,1660500,ZS,185.9405,185.6397,208.7676,199.2833,214.3938,201.2042,185.8220,189.3533
2024-04-19,169.2100,172.1850,167.1800,172.0000,2285500,ZS,184.4975,184.0750,207.2586,198.1040,214.1550,200.5706,185.9332,189.1529
2024-04-22,170.9700,172.1600,166.7600,170.0000,1307900,ZS,183.2985,182.8269,205.6898,197.0399,213.9456,199.9845,186.0793,188.9720
2024-04-23,176.9200,178.2500,171.2100,171.2100,2180100,ZS,182.4410,182.2643,204.1296,196.2509,213.7763,199.5277,186.2480,188.8521
2024-04-24,177.4600,181.8000,176.0400,179.1400,1372100,ZS,181.5325,181.8068,202.6016,195.5140,213.5525,199.0908,186.3640,188.7387
2024-04-25,174.8100,176.4200,172.2500,173.6800,1078700,ZS,180.5990,181.1404,201.2418,194.7021,213.3253,198.6099,186.5011,188.6001
2024-04-26,177.0500,179.9000,175.0840,176.5100,1341800,ZS,179.8200,180.7509,199.7174,194.0098,213.1155,198.1830,186.6979,188.4852
2024-04-29,179.0400,179.9700,177.1000,177.8400,1296200,ZS,179.1655,180.5879,198.2350,193.4228,212.9233,197.8039,186.8674,188.3912
2024-04-30,172.9400,178.5300,172.0050,177.9200,1653800,ZS,178.3755,179.8595,196.6388,192.6195,212.6636,197.3116,187.0050,188.2375
2024-05-01,172.3100,177.0150,170.9560,173.0000,1132700,ZS,177.6755,179.1405,195.1042,191.8231,212.4076,196.8165,187.1074,188.0790
2024-05-02,176.3700,176.4000,171.3800,175.1900,1013500,ZS,177.3935,178.8767,194.3532,191.2171,212.1708,196.4116,187.2152,187.9625
2024-05-03,177.1100,178.6400,171.5000,177.7700,2492900,ZS,177.0820,178.7084,193.3724,190.6639,211.9539,196.0294,187.2956,187.8545
2024-05-06,178.1400,178.8600,175.8800,178.0000,1303800,ZS,176.8035,178.6543,192.2306,190.1727,211.6806,195.6752,187.4468,187.7578
2024-05-07,176.8900,178.8900,173.5400,176.8800,1352300,ZS,176.2230,178.4863,190.9344,189.6518,211.3419,195.3032,187.5862,187.6497
2024-05-08,171.0000,175.4800,164.4100,175.4600,3862000,ZS,175.5755,177.7733,189.5046,188.9204,210.8974,194.8219,187.6995,187.4840
2024-05-09,171.9600,174.1400,169.5700,171.8400,2012500,ZS,174.9345,177.2196,188.1980,188.2553,210.4530,194.3692,187.7833,187.3296
2024-05-10,174.6200,175.1660,171.7500,173.0000,1405600,ZS,174.5950,176.9721,186.8510,187.7206,209.9826,193.9782,187.8733,187.2031
2024-05-13,175.0000,176.9500,173.6600,176.2600,966900,ZS,174.6025,176.7842,185.9664,187.2217,209.5071,193.6023,187.9720,187.0817
2024-05-14,176.8200,178.2300,175.3100,175.8700,1228900,ZS,174.7275,176.7876,185.2184,186.8138,209.0349,193.2700,188.0687,186.9796
2024-05-15,181.1300,183.2750,178.4250,180.0000,1506400,ZS,175.1360,177.2012,184.7138,186.5909,208.6589,193.0296,188.1724,186.9214
2024-05-16,179.3100,181.9900,178.9000,179.7700,1736300,ZS,175.4530,177.4020,184.2516,186.3054,208.2387,192.7580,188.2550,186.8456
2024-05-17,178.8600,180.5200,177.8550,179.9300,1466400,ZS,175.9355,177.5409,183.8034,186.0134,207.8105,192.4827,188.3966,186.7662
2024-05-20,180.6000,181.1000,178.0400,178.8600,1242500,ZS,176.4170,177.8322,183.4416,185.8011,207.3706,192.2474,188.5457,186.7048
2024-05-21,176.9800,178.9900,174.3500,178.0500,1788200,ZS,176.4200,177.7511,182.9664,185.4552,206.8902,191.9451,188.6998,186.6081
2024-05-22,174.1600,176.8500,172.7500,176.3700,1630000,ZS,176.2550,177.4091,182.4248,185.0122,206.3874,191.5929,188.8439,186.4842
2024-05-23,171.9100,176.0000,170.8300,176.0000,1300700,ZS,176.1100,176.8853,181.8344,184.4984,205.8909,191.2032,189.0100,186.3392
2024-05-24,171.6400,173.7700,170.8200,171.0000,1291100,ZS,175.8395,176.3858,181.2906,183.9942,205.4836,190.8158,189.1667,186.1929
2024-05-28,164.1600,172.6900,161.2900,170.4550,4265100,ZS,175.0955,175.2214,180.6932,183.2164,205.0228,190.2879,189.2660,185.9737
2024-05-29,164.3700,166.6000,160.7700,160.8900,2026300,ZS,174.6670,174.1880,180.0618,182.4773,204.5632,189.7747,189.3731,185.7587
2024-05-30,156.6500,163.0000,155.2500,162.5000,5120300,ZS,173.8840,172.5177,179.2900,181.4645,204.0316,189.1188,189.4318,185.4691
2024-05-31,169.9600,183.7000,163.4400,183.0000,10109800,ZS,173.5635,172.2741,178.7432,181.0133,203.5502,188.7394,189.5681,185.3148
2024-06-03,169.0200,172.0900,166.1700,170.3500,3573800,ZS,173.1590,171.9642,178.1622,180.5430,202.9778,188.3489,189.7125,185.1526
2024-06-04,169.1400,170.8100,166.1200,168.7500,2314400,ZS,172.7090,171.6952,177.6460,180.0958,202.4152,187.9685,189.8800,184.9933
2024-06-05,174.5700,176.8000,170.8900,172.1000,2857500,ZS,172.5930,171.9690,177.2560,179.8791,201.8757,187.7032,190.0718,184.8896
2024-06-06,178.9300,180.1800,173.6300,174.3900,2741700,ZS,172.9895,172.6319,176.9220,179.8419,201.3573,187.5295,190.2525,184.8303
2024-06-07,180.9900,181.8140,176.5000,178.5000,2128200,ZS,173.4410,173.4280,176.6722,179.8869,200.8454,187.4000,190.4480,184.7921
2024-06-10,183.9100,188.2450,181.0100,181.0500,2980300,ZS,173.9055,174.4262,176.4978,180.0447,200.4312,187.3309,190.6402,184.7833
2024-06-11,187.6500,189.1400,184.3350,184.5000,2385000,ZS,174.5380,175.6856,176.4082,180.3429,200.0286,187.3372,190.8797,184.8118
2024-06-12,188.8300,193.2700,187.1000,190.2900,2785200,ZS,175.1385,176.9375,176.4100,180.6758,199.6040,187.3668,191.1101,184.8518
2024-06-13,181.0500,189.1600,179.7700,189.1500,2705600,ZS,175.1345,177.3292,176.3048,180.6904,199.0060,187.2417,191.3086,184.8140
2024-06-14,184.2200,186.0000,182.1600,185.0100,2529300,ZS,175.3800,177.9854,176.3490,180.8288,198.4223,187.1819,191.5078,184.8081
2024-06-17,184.3800,185.5800,180.7600,183.0000,1790400,ZS,175.6560,178.5944,176.3698,180.9681,197.8523,187.1264,191.6933,184.8038
2024-06-18,179.4100,183.5100,178.8900,183.5100,2294300,ZS,175.5965,178.6721,176.2838,180.9070,197.2634,186.9736,191.8101,184.7501
2024-06-20,178.5800,179.9070,175.0500,179.6100,2021000,ZS,175.6765,178.6633,176.0854,180.8157,196.6809,186.8074,191.9111,184.6887
2024-06-21,179.5500,180.2400,176.2410,179.0000,3194500,ZS,175.9460,178.7478,175.9974,180.7661,196.0259,186.6637,191.9951,184.6376
2024-06-24,181.0600,181.4200,177.0200,177.9200,1647500,ZS,176.4035,178.9680,175.9230,180.7776,195.4253,186.5527,192.1087,184.6020
2024-06-25,182.5200,183.5600,179.8100,181.1500,1490100,ZS,176.9475,179.3063,175.9452,180.8460,194.8938,186.4728,192.2162,184.5813
2024-06-26,178.9200,182.0100,177.7200,182.0100,2047100,ZS,177.6855,179.2695,176.0266,180.7704,194.3024,186.3233,192.3069,184.5250
2024-06-27,189.2000,191.9700,179.7100,179.8400,3186300,ZS,178.9270,180.2153,176.3242,181.1010,193.7544,186.3802,192.4277,184.5715
2024-06-28,192.1900,193.9600,189.0000,189.8800,3002600,ZS,180.7040,181.3557,176.7088,181.5359,193.3558,186.4953,192.5875,184.6473
2024-07-01,198.6200,199.2100,191.7900,193.0000,3074200,ZS,182.1370,182.9999,177.2218,182.2058,192.9947,186.7354,192.7886,184.7863
2024-07-02,196.6600,199.3750,194.7080,197.6000,1725000,ZS,183.5190,184.3009,177.7708,182.7727,192.5147,186.9319,192.9758,184.9045
2024-07-03,198.4000,200.3600,196.9900,196.9900,855400,ZS,184.9820,185.6437,178.3194,183.3855,192.0046,187.1590,193.1873,185.0387
2024-07-05,201.6500,203.7500,197.5100,198.0000,1693400,ZS,186.3360,187.1681,178.8140,184.1018,191.4718,187.4459,193.4219,185.2040
2024-07-08,201.6300,201.9200,195.4600,200.7700,1912100,ZS,187.4710,188.5454,179.2974,184.7891,190.9495,187.7268,193.6548,185.3675
2024-07-09,197.3600,202.8870,194.5900,201.3200,1559300,ZS,188.2895,189.3849,179.7484,185.2821,190.4951,187.9176,193.8705,185.4868
2024-07-10,197.3700,197.9500,191.1600,197.7500,1909200,ZS,188.9625,190.1454,180.1548,185.7561,189.9361,188.1048,194.1134,185.6050
2024-07-11,195.9200,203.4200,194.3800,198.3000,1472400,ZS,189.3760,190.6953,180.4924,186.1547,189.3637,188.2595,194.3344,185.7077
2024-07-12,201.9000,202.9900,195.8000,196.1600,2406200,ZS,190.0295,191.7624,181.0716,186.7722,188.8552,188.5296,194.5991,185.8688
2024-07-15,204.4700,208.1400,200.0200,202.6500,2555300,ZS,191.2005,192.9727,181.7148,187.4662,188.4095,188.8453,194.8813,186.0539
2024-07-16,203.1200,205.4800,197.3300,201.9400,2058900,ZS,192.1455,193.9391,182.2498,188.0801,188.3015,189.1279,195.1525,186.2237
2024-07-17,194.9300,199.8200,193.0800,199.0900,2055000,ZS,192.6730,194.0335,182.6062,188.3487,187.9893,189.2428,195.3726,186.3103
2024-07-18,190.3700,196.7100,188.3000,194.9600,1757400,ZS,193.2210,193.6846,182.8508,188.4280,187.5407,189.2651,195.5465,186.3507
2024-07-19,188.5400,191.9700,186.5000,188.9600,1624900,ZS,193.7190,193.1946,183.0838,188.4324,187.0091,189.2508,195.6847,186.3725
2024-07-22,188.4100,194.8200,186.2700,191.0600,1615400,ZS,194.1620,192.7389,183.4320,188.4315,186.4683,189.2341,195.8695,186.3928
2024-07-23,191.0700,192.6300,188.0850,188.2700,1293900,ZS,194.6625,192.5800,183.8142,188.5350,186.0061,189.2705,196.0492,186.4393
2024-07-24,181.8200,190.3180,181.3600,189.7000,1611100,ZS,194.6275,191.5552,183.9582,188.2716,185.4046,189.1230,196.1918,186.3934
2024-07-25,182.0000,187.1000,178.2900,182.1100,1776900,ZS,194.7815,190.6452,184.0982,188.0257,185.0323,188.9819,196.2839,186.3496
2024-07-26,181.3600,184.7800,179.6050,184.7800,1026900,ZS,194.3895,189.7609,184.1890,187.7643,184.7037,188.8310,196.3464,186.3000
2024-07-29,181.1500,183.7400,180.6700,182.5100,927100,ZS,193.8375,188.9408,184.1894,187.5049,184.4516,188.6789,196.3927,186.2487
2024-07-30,176.7500,183.0330,173.6500,182.2400,1152500,ZS,192.7440,187.7798,184.1382,187.0831,184.1949,188.4427,196.4112,186.1542
2024-07-31,179.3500,181.6600,177.6200,180.1500,1137500,ZS,191.8785,186.9769,184.1480,186.7799,183.9757,188.2626,196.4547,186.0865
2024-08-01,174.4400,180.3800,172.8100,178.6200,1187000,ZS,190.6805,185.7830,184.0248,186.2960,183.7332,187.9889,196.4843,185.9706
2024-08-02,169.5200,169.7400,164.4700,168.2600,2166300,ZS,189.0740,184.2341,183.8756,185.6381,183.4210,187.6232,196.4709,185.8070
2024-08-05,165.2300,168.6200,155.9700,156.5100,2147800,ZS,187.2540,182.4242,183.6970,184.8378,183.0609,187.1797,196.4356,185.6022
2024-08-06,165.7500,168.6200,164.1600,168.6200,1328800,ZS,185.6735,180.8362,183.5738,184.0892,182.7041,186.7554,196.4123,185.4047
2024-08-07,166.2000,174.7700,166.0600,171.1400,1362100,ZS,184.1150,179.4422,183.4650,183.3877,182.3778,186.3484,196.3980,185.2136
2024-08-08,171.7100,173.5000,168.0300,168.4300,1305500,ZS,182.9045,178.7058,183.6160,182.9297,182.1546,186.0585,196.4456,185.0792
2024-08-09,174.3600,174.9800,171.1100,171.7100,895900,ZS,181.5275,178.2920,183.8158,182.5937,181.9388,185.8268,196.5050,184.9726
2024-08-12,172.5500,175.8200,171.8000,175.0000,787500,ZS,179.9315,177.7451,184.1338,182.1998,181.7119,185.5639,196.5438,184.8490
2024-08-13,178.4900,180.2700,173.0920,174.3400,1572600,ZS,178.7000,177.8160,184.3044,182.0543,181.5238,185.4239,196.6482,184.7857
2024-08-14,183.9800,184.2000,179.0000,179.4500,1514300,ZS,178.1525,178.4031,184.6036,182.1298,181.3829,185.3953,196.7950,184.7777
2024-08-15,190.3400,191.6200,184.9800,186.8100,1583700,ZS,178.1510,179.5399,185.0276,182.4518,181.3368,185.4932,196.9749,184.8330
2024-08-16,192.9000,193.1560,188.3800,189.8000,1699700,ZS,178.3690,180.8123,185.3942,182.8615,181.3251,185.6398,197.1553,184.9133
2024-08-19,195.5000,196.6000,192.6100,193.2000,1462100,ZS,178.7235,182.2111,185.7256,183.3572,181.3238,185.8351,197.3394,185.0186
2024-08-20,197.1500,199.5520,195.0800,196.3800,1429100,ZS,179.0275,183.6339,186.0488,183.8981,181.3605,186.0592,197.5419,185.1393
2024-08-21,200.4700,200.6000,195.8000,197.2700,1133600,ZS,179.9600,185.2373,186.3800,184.5479,181.4389,186.3445,197.7483,185.2919
2024-08-22,197.7800,202.6400,197.4300,200.5000,1175500,ZS,180.7490,186.4319,186.5826,185.0668,181.4954,186.5710,197.9153,185.4161
2024-08-23,199.4300,199.9800,196.2800,199.5500,937200,ZS,181.6525,187.6698,186.7946,185.6301,181.6023,186.8256,198.0951,185.5556
2024-08-26,197.8200,201.9500,197.5600,200.1000,1173000,ZS,182.4860,188.6365,187.1300,186.1081,181.7174,187.0433,198.2273,185.6776
2024-08-27,197.2200,198.4050,195.0100,196.0000,678200,ZS,183.5095,189.4540,187.3900,186.5439,181.8695,187.2448,198.3436,185.7925
2024-08-28,193.9700,197.5400,193.2200,196.4400,905000,ZS,184.2405,189.8841,187.5818,186.8351,181.9758,187.3780,198.4599,185.8738
2024-08-29,197.2500,200.9250,195.8000,195.9400,1182700,ZS,185.3810,190.5856,187.9386,187.2435,182.1112,187.5735,198.5710,185.9870
2024-08-30,199.9800,200.4100,197.5700,198.5000,1435000,ZS,186.9040,191.4803,188.3666,187.7430,182.2260,187.8192,198.6800,186.1263
2024-09-03,193.1900,200.7500,190.4700,199.9900,4816300,ZS,188.3020,191.6431,188.6394,187.9566,182.3184,187.9255,198.7105,186.1965
2024-09-04,157.1300,163.4800,156.0000,158.7400,10904800,ZS,187.8710,188.3561,188.1608,186.7477,182.0419,187.3157,198.5734,185.9073
2024-09-05,162.2500,163.4900,155.8800,156.7400,4742700,ZS,187.6735,185.8698,187.7554,185.7870,181.8503,186.8193,198.4537,185.6719
2024-09-06,156.7800,164.8800,155.2800,163.2700,3611300,ZS,186.9270,183.0994,187.3126,184.6495,181.6696,186.2245,198.3003,185.3844
2024-09-09,159.1600,161.2000,157.2050,158.0000,2381400,ZS,186.1670,180.8194,186.7118,183.6499,181.5180,185.6886,198.1363,185.1235
2024-09-10,155.9000,160.1900,153.4500,160.0000,2478900,ZS,185.3345,178.4462,185.9860,182.5617,181.3474,185.0987,197.9590,184.8327
2024-09-11,161.7100,162.2300,154.6650,155.7100,2635600,ZS,184.4955,176.8522,185.2478,181.7440,181.2348,184.6356,197.8143,184.6026
2024-09-12,166.7100,168.7200,162.0000,162.9800,2851500,ZS,183.6320,175.8863,184.6488,181.1544,181.2098,184.2806,197.6824,184.4246
2024-09-13,170.0600,171.7800,166.9800,167.2200,1992200,ZS,182.6180,175.3314,184.0820,180.7193,181.2007,183.9990,197.5732,184.2817
2024-09-16,171.7800,172.3900,168.7400,170.0000,1297300,ZS,181.5620,174.9932,183.4846,180.3688,181.1493,183.7570,197.4628,184.1573
2024-09-17,170.3200,173.4700,169.5500,172.4100,1692400,ZS,180.3030,174.5481,182.8584,179.9747,181.0779,183.4910,197.3152,184.0196
2024-09-18,168.5200,171.2200,166.1400,170.0000,1473400,ZS,178.8715,173.9740,182.2816,179.5255,181.0150,183.1945,197.1702,183.8654
2024-09-19,172.5800,174.7750,169.3800,172.7800,1632100,ZS,177.4770,173.8413,181.7858,179.2531,180.9703,182.9843,197.0429,183.7531
2024-09-20,172.7100,173.6300,169.7200,171.5400,2181600,ZS,176.2235,173.7335,181.3216,178.9965,180.9070,182.7809,196.9152,183.6432
2024-09-23,174.7900,174.9000,171.6450,173.0000,1536400,ZS,174.9915,173.8341,180.7794,178.8316,180.9255,182.6226,196.7946,183.5551
2024-09-24,174.1500,175.6900,171.9700,175.0000,696400,ZS,173.8080,173.8642,180.1730,178.6480,180.9439,182.4549,196.6758,183.4615
2024-09-25,171.7500,174.0900,171.3000,173.8900,1341100,ZS,172.5345,173.6629,179.5456,178.3775,180.8977,182.2429,196.5343,183.3450
2024-09-26,170.9300,174.5400,169.3400,174.5400,1401500,ZS,171.3825,173.4026,179.0656,178.0854,180.8359,182.0189,196.3949,183.2215
2024-09-27,171.7700,173.8300,171.3000,171.3300,953300,ZS,170.1085,173.2471,178.6936,177.8377,180.7722,181.8159,196.2264,183.1075
2024-09-30,170.9400,172.7100,169.3100,170.0000,1181400,ZS,168.6565,173.0274,178.3416,177.5672,180.7127,181.6006,196.0273,182.9864
2024-10-01,166.9900,171.4000,165.4200,170.6500,1393300,ZS,167.3465,172.4524,177.9132,177.1525,180.6726,181.3112,195.7850,182.8273
2024-10-02,169.6900,170.1300,165.9200,166.7800,1257600,ZS,167.9745,172.1893,177.4856,176.8598,180.6499,181.0811,195.5515,182.6966
2024-10-03,169.6300,170.9100,167.0010,167.5900,1491500,ZS,168.3435,171.9456,177.2418,176.5763,180.6000,180.8544,195.2913,182.5665
2024-10-04,173.9300,176.5600,171.6600,174.8800,1747900,ZS,169.2010,172.1346,177.0804,176.4725,180.5893,180.7172,195.0482,182.4806
2024-10-07,172.1300,173.8200,169.9400,173.3900,2047000,ZS,169.8495,172.1341,176.8958,176.3022,180.5424,180.5472,194.7887,182.3776
2024-10-08,176.9300,177.4000,172.8130,172.9700,1765900,ZS,170.9010,172.5909,176.8114,176.3268,180.5004,180.4756,194.5797,182.3234
2024-10-09,185.9700,186.4200,177.0390,177.3800,2669600,ZS,172.1140,173.8651,176.9958,176.7050,180.5670,180.5844,194.4029,182.3597
2024-10-10,195.5000,196.1900,185.0990,185.5700,3374400,ZS,173.5535,175.9255,177.3188,177.4421,180.7334,180.8797,194.2720,182.4904
2024-10-11,198.2600,203.0300,195.3000,195.3300,2827700,ZS,174.9635,178.0526,177.7952,178.2584,180.9100,181.2239,194.1403,182.6474
2024-10-14,196.7400,199.4060,195.0900,199.2900,1245100,ZS,176.2115,179.8324,178.3396,178.9832,181.1076,181.5311,193.9989,182.7876
2024-10-15,195.1600,198.5850,194.2700,196.3800,1389300,ZS,177.4535,181.2922,178.9382,179.6176,181.3176,181.8010,193.8525,182.9107
2024-10-16,191.5500,195.7500,190.4100,195.2000,1397000,ZS,178.6050,182.2691,179.4542,180.0855,181.5140,181.9941,193.7025,182.9967
2024-10-17,188.7600,193.2200,188.6700,192.9400,1128200,ZS,179.4140,182.8873,179.9054,180.4257,181.6852,182.1280,193.5844,183.0540
2024-10-18,190.0100,191.6100,187.5400,189.2900,1131100,ZS,180.2790,183.5656,180.2714,180.8016,181.9437,182.2841,193.4833,183.1232
2024-10-21,187.9600,192.2500,186.8400,188.5600,1562100,ZS,180.9375,183.9841,180.5434,181.0823,182.1796,182.3965,193.3714,183.1713
2024-10-22,186.1600,188.3100,185.4300,186.3300,907800,ZS,181.5380,184.1914,180.8156,181.2814,182.4747,182.4710,193.2532,183.2011
2024-10-23,181.0100,186.6200,180.7800,185.5000,1079300,ZS,182.0010,183.8884,180.8660,181.2708,182.5852,182.4421,193.0677,183.1793
2024-10-24,183.9300,185.4600,182.0000,182.5100,1085300,ZS,182.6510,183.8923,180.8650,181.3751,182.7343,182.4716,192.8561,183.1867
2024-10-25,184.9600,188.6300,183.8600,185.3800,926800,ZS,183.3105,183.9940,180.7574,181.5156,182.8925,182.5209,192.6539,183.2044
2024-10-28,187.0000,188.5600,185.5000,186.6500,905100,ZS,184.1135,184.2803,180.6394,181.7307,183.0168,182.6095,192.4463,183.2422
2024-10-29,189.8500,190.4400,185.0300,186.9800,1294600,ZS,185.2565,184.8108,180.5264,182.0491,183.1260,182.7529,192.2417,183.3079
2024-10-30,186.7800,192.1000,186.2200,189.3200,708500,ZS,186.1110,184.9983,180.3190,182.2346,183.1839,182.8327,192.0147,183.3425
2024-10-31,180.7900,187.0000,180.6500,186.5000,1786600,ZS,186.6690,184.5975,179.9254,182.1780,183.1527,182.7922,191.7920,183.3171
2024-11-01,182.5900,183.9380,179.6300,181.1500,1239000,ZS,187.1020,184.4063,179.6216,182.1941,183.1021,182.7882,191.5654,183.3098
2024-11-04,184.9000,186.2000,180.4200,181.9400,832900,ZS,187.7405,184.4533,179.3310,182.3003,183.0628,182.8300,191.3334,183.3256
2024-11-05,186.9100,188.0300,183.6900,185.8500,992100,ZS,188.2395,184.6873,179.1128,182.4810,183.1214,182.9108,191.0637,183.3613
2024-11-06,193.0300,196.1530,190.8500,192.3300,1745600,ZS,188.5925,185.4818,179.0290,182.8947,183.2095,183.1112,190.8159,183.4575
2024-11-07,196.7100,197.7100,192.9000,193.5900,1876000,ZS,188.6530,186.5512,179.0838,183.4365,183.3328,183.3805,190.5926,183.5894
2024-11-08,195.7300,197.1000,192.5000,196.6500,1062300,ZS,188.5265,187.4254,179.0534,183.9186,183.4960,183.6250,190.3797,183.7102
2024-11-11,199.5400,200.4300,195.0500,196.7500,1712100,ZS,188.6665,188.5791,179.0446,184.5312,183.7056,183.9402,190.1933,183.8677
2024-11-12,209.0400,209.3100,199.5400,200.0000,2260900,ZS,189.3605,190.5278,179.3616,185.4923,184.0005,184.4372,190.0132,184.1182
2024-11-13,209.8500,217.8400,208.5400,210.0000,2711200,ZS,190.2755,192.3680,180.4160,186.4475,184.2884,184.9404,189.8569,184.3742
2024-11-14,208.5000,210.4600,205.6700,209.8500,1165200,ZS,191.2625,193.9044,181.3410,187.3123,184.5482,185.4070,189.7210,184.6143
2024-11-15,201.4700,205.5350,198.3300,204.6700,1347400,ZS,191.8355,194.6249,182.2348,187.8675,184.7737,185.7250,189.5381,184.7820
2024-11-18,202.8500,204.6300,200.6700,203.2700,1131300,ZS,192.5800,195.4083,183.1086,188.4551,184.9102,186.0641,189.3323,184.9618
2024-11-19,204.3600,204.9700,198.6800,199.6300,1096200,ZS,193.4900,196.2608,184.0778,189.0788,185.0319,186.4264,189.1939,185.1548
2024-11-20,200.9400,205.9900,198.8400,204.0000,1212300,ZS,194.4865,196.7064,184.8624,189.5439,185.0551,186.7138,189.0249,185.3118
2024-11-21,207.3000,210.7100,202.3500,202.4300,1836300,ZS,195.6550,197.7154,185.6742,190.2403,185.1615,187.1215,188.8381,185.5306
2024-11-22,210.9600,212.9800,207.5400,210.0000,2035700,ZS,196.9550,198.9768,186.4922,191.0528,185.2871,187.5935,188.6459,185.7837
2024-11-25,210.4200,216.3000,208.7500,214.1600,1758200,ZS,198.1260,200.0666,187.2650,191.8123,185.3748,188.0455,188.4233,186.0288
2024-11-26,210.3000,211.9900,207.8150,210.6900,1277400,ZS,199.1485,201.0412,188.0646,192.5373,185.4615,188.4862,188.2055,186.2703
2024-11-27,204.9600,209.5600,202.2500,209.5600,1559100,ZS,200.0575,201.4144,188.7934,193.0245,185.5375,188.8124,188.0163,186.4563
2024-11-29,206.5900,207.8500,204.4750,206.0000,943500,ZS,201.3475,201.9073,189.4736,193.5565,185.6297,189.1645,187.7829,186.6566
2024-12-02,208.5100,212.3450,206.1700,207.5500,5485600,ZS,202.6435,202.5362,190.1896,194.1429,185.7556,189.5475,187.5597,186.8741
2024-12-03,198.6400,202.7340,194.6400,195.9000,7979700,ZS,203.3305,202.1651,190.6666,194.3192,185.7230,189.7276,187.2891,186.9911
2024-12-04,206.3600,208.6850,196.3000,201.0000,3586100,ZS,204.3030,202.5646,191.3108,194.7914,185.7419,190.0570,187.0757,187.1839
2024-12-05,205.6100,212.0000,202.5500,205.6300,2577500,ZS,204.9320,202.8546,191.9880,195.2157,185.7668,190.3649,187.0342,187.3672
2024-12-06,211.9900,215.1410,206.2700,207.4800,2458500,ZS,205.6960,203.7247,192.8092,195.8735,185.9374,190.7932,186.9634,187.6122
2024-12-09,206.1300,216.7000,204.7400,213.6600,2027000,ZS,206.2160,203.9538,193.4964,196.2757,186.0950,191.0969,186.8179,187.7965
2024-12-10,201.3900,207.0500,200.1500,205.2800,1806500,ZS,206.3085,203.7096,194.1054,196.4763,186.2235,191.3007,186.6163,187.9317
2024-12-11,207.9200,209.3700,204.0000,204.5500,1543400,ZS,206.2525,204.1106,194.9240,196.9250,186.4186,191.6298,186.4435,188.1306
2024-12-12,206.3600,209.3900,205.1100,207.6200,937500,ZS,206.0780,204.3248,195.6574,197.2950,186.5715,191.9215,186.2888,188.3120
2024-12-13,198.5400,206.7800,197.4600,206.3600,1888000,ZS,205.5800,203.7739,196.2356,197.3439,186.7387,192.0525,186.0717,188.4138
2024-12-16,204.4100,204.6500,197.8600,200.0000,1484700,ZS,205.7270,203.8345,196.8452,197.6210,186.9628,192.2972,185.9976,188.5729
2024-12-17,200.4500,202.5000,198.0000,201.7600,2355800,ZS,205.6070,203.5121,197.4116,197.7319,187.1537,192.4587,185.9287,188.6911
2024-12-18,185.6900,200.8000,185.5000,200.0000,4302200,ZS,204.6735,201.8148,197.5868,197.2597,187.1991,192.3246,185.8254,188.6612
2024-12-19,183.2100,190.8000,182.5600,190.1100,2708300,ZS,203.7870,200.0429,197.5316,196.7087,187.2637,192.1441,185.7293,188.6070
2024-12-20,187.3800,188.6700,179.1100,180.8400,3264800,ZS,202.7910,198.8369,197.3692,196.3429,187.3440,192.0498,185.6599,188.5948
2024-12-23,185.9400,188.0600,184.3150,187.8200,1265600,ZS,201.5400,197.6086,197.1228,195.9349,187.4590,191.9288,185.5961,188.5684
2024-12-24,187.2600,187.5900,184.6800,185.9800,654200,ZS,200.3820,196.6230,196.9332,195.5947,187.6364,191.8364,185.5287,188.5554
2024-12-26,187.6300,188.5000,185.8700,186.0000,806500,ZS,199.2485,195.7666,196.7826,195.2824,187.8604,191.7531,185.4607,188.5462
2024-12-27,184.5600,185.9300,181.2600,185.2600,1256100,ZS,198.2285,194.6993,196.6428,194.8619,188.0485,191.6106,185.3763,188.5065
2024-12-30,183.1300,184.4050,180.1000,181.5300,1032400,ZS,197.0555,193.5974,196.5302,194.4018,188.2178,191.4427,185.2978,188.4530
2024-12-31,180.4100,184.2000,179.7230,184.1150,920800,ZS,195.6505,192.3415,196.3382,193.8531,188.3048,191.2242,185.2297,188.3730
2025-01-02,181.6600,184.4800,180.1800,184.0500,855100,ZS,194.8015,191.3242,196.2122,193.3750,188.3778,191.0348,185.1583,188.3062
2025-01-03,185.8400,186.5700,182.6200,182.6200,1051900,ZS,193.7755,190.8019,196.2058,193.0795,188.5107,190.9320,185.1113,188.2816
2025-01-06,188.7100,190.2500,185.1550,187.0000,1155800,ZS,192.9305,190.6027,196.3598,192.9081,188.6129,190.8880,185.0684,188.2859
2025-01-07,183.9000,190.5750,182.0200,188.9000,2198600,ZS,191.5260,189.9643,196.3592,192.5549,188.6121,190.7496,184.9975,188.2423
2025-01-08,187.2800,190.0000,181.8800,181.8800,1686800,ZS,190.5835,189.7087,196.4056,192.3480,188.5815,190.6809,184.9592,188.2327
2025-01-10,189.9800,192.6150,183.3600,183.7800,2212000,ZS,190.0130,189.7345,196.4652,192.2551,188.5523,190.6670,184.9387,188.2501
2025-01-13,186.4900,189.1900,185.3100,187.8700,1357000,ZS,188.9415,189.4255,196.3980,192.0291,188.4622,190.5843,184.8930,188.2326
2025-01-14,184.6900,189.1000,183.3330,187.8000,1121200,ZS,187.8580,188.9745,196.3562,191.7413,188.3376,190.4676,184.8491,188.1973
2025-01-15,189.9900,191.1400,186.2000,187.2300,1710800,ZS,187.4305,189.0712,196.5402,191.6726,188.2328,190.4581,184.8359,188.2151
2025-01-16,187.5500,193.1350,187.5100,190.8700,1962100,ZS,186.5875,188.9263,196.6394,191.5109,188.1305,190.4005,184.8130,188.2085
2025-01-17,187.5800,192.8100,187.0500,192.8100,1304400,ZS,185.9440,188.7981,196.6930,191.3568,188.0120,190.3447,184.8072,188.2023
2025-01-21,191.8100,192.2300,188.4000,190.0200,1203600,ZS,186.2500,189.0850,196.7910,191.3745,187.9519,190.3737,184.8347,188.2382
2025-01-22,192.9300,194.1300,190.7000,193.3200,1194300,ZS,186.7360,189.4512,196.7890,191.4355,187.9090,190.4243,184.8893,188.2849
2025-01-23,192.7000,193.1100,188.9800,191.2100,1049200,ZS,187.0020,189.7606,196.7088,191.4851,187.8963,190.4694,184.9361,188.3288
2025-01-24,193.4700,196.9500,193.3250,193.6200,1183700,ZS,187.3785,190.1139,196.6636,191.5630,187.8585,190.5288,184.9849,188.3799
2025-01-27,191.2400,198.0000,188.1800,188.2900,1725400,ZS,187.5775,190.2211,196.4976,191.5503,187.7711,190.5429,184.9986,188.4084
2025-01-28,204.6800,205.5700,189.2000,191.7400,2830700,ZS,188.4300,191.5981,196.4104,192.0652,187.8860,190.8228,185.1022,188.5703
2025-01-29,201.6300,204.0000,199.9200,203.8700,1758700,ZS,189.2835,192.5536,196.2460,192.4403,188.3310,191.0368,185.1865,188.7003
2025-01-30,202.8300,205.0000,199.5750,200.0000,804500,ZS,190.2685,193.5323,196.1326,192.8477,188.7368,191.2704,185.2936,188.8408
2025-01-31,202.5900,208.1300,200.7540,204.8600,1105500,ZS,191.3775,194.3949,196.1550,193.2298,189.1949,191.4945,185.4323,188.9777
2025-02-03,200.0000,202.3700,196.9600,198.8800,1149300,ZS,192.2945,194.9287,196.0980,193.4953,189.6033,191.6629,185.5607,189.0873
2025-02-04,203.7300,203.8600,198.2000,199.0600,1073900,ZS,193.1890,195.7669,196.0854,193.8966,190.0816,191.9019,185.7145,189.2330
2025-02-05,204.9900,205.3150,201.1600,203.1600,1244200,ZS,194.0030,196.6453,196.1664,194.3317,190.5144,192.1611,185.8746,189.3898
2025-02-06,204.2300,205.6200,201.7300,204.9800,1268200,ZS,195.0195,197.3677,196.1050,194.7198,190.8896,192.4000,186.0497,189.5375
2025-02-07,205.5300,210.2300,204.4200,207.0200,1479900,ZS,195.9320,198.1450,195.9964,195.1438,191.2443,192.6600,186.2225,189.6966
2025-02-10,212.5300,212.6900,207.4800,209.2900,1356400,ZS,197.0595,199.5150,196.0386,195.8256,191.6518,193.0535,186.4006,189.9238
2025-02-11,209.2400,211.3010,207.0600,210.0000,1682400,ZS,198.1970,200.4412,196.0174,196.3516,192.0410,193.3740,186.5595,190.1160
2025-02-12,211.1400,211.3700,204.6400,206.7700,1368100,ZS,199.5195,201.4602,196.1410,196.9316,192.4672,193.7258,186.7411,190.3252
2025-02-13,214.8400,215.0000,207.6300,212.5900,2100700,ZS,200.7620,202.7344,196.3060,197.6339,192.8898,194.1439,186.9301,190.5691
2025-02-14,212.7000,215.0000,210.2700,214.5000,1761900,ZS,202.0195,203.6835,196.3898,198.2247,193.2897,194.5114,187.0984,190.7893
2025-02-18,216.8700,217.1000,210.7200,213.2600,1924500,ZS,203.4840,204.9394,196.7544,198.9559,193.7105,194.9541,187.3180,191.0488
2025-02-19,214.6700,215.8900,210.3150,214.7700,1613900,ZS,204.6270,205.8661,196.9206,199.5721,194.1157,195.3445,187.5298,191.2839
2025-02-20,206.9700,212.9700,201.3370,212.7000,2558500,ZS,205.3290,205.9712,196.9478,199.8622,194.4679,195.5748,187.6828,191.4400
2025-02-21,198.5600,207.3000,196.9500,207.3000,1989600,ZS,205.6220,205.2654,196.6792,199.8112,194.7442,195.6339,187.7901,191.5108
2025-02-24,197.0500,200.9800,190.7550,200.0900,1312000,ZS,205.8010,204.4830,196.4976,199.7029,194.9970,195.6619,187.8846,191.5659
2025-02-25,193.0400,195.6100,189.0200,194.5400,1491400,ZS,205.8910,203.3932,196.3306,199.4416,195.2180,195.6100,187.9654,191.5806
2025-02-26,195.8200,198.2000,194.3350,194.8000,1018600,ZS,205.4480,202.6719,196.0886,199.2996,195.5063,195.6141,188.0895,191.6228
2025-02-27,192.0300,199.9900,191.6700,197.8000,1188200,ZS,204.9680,201.6584,195.8020,199.0145,195.7297,195.5432,188.1898,191.6268
2025-02-28,196.2300,196.5090,191.0000,191.7300,2542800,ZS,204.6380,201.1414,195.7558,198.9053,195.9957,195.5568,188.2979,191.6726
2025-03-03,188.7900,199.7000,187.4000,198.4000,1812800,ZS,203.9480,199.9651,195.4434,198.5086,196.1443,195.4228,188.3668,191.6439
2025-03-04,193.8200,196.7540,183.8350,187.1500,2558600,ZS,203.6390,199.3798,195.3108,198.3247,196.3612,195.3910,188.4518,191.6656
2025-03-05,196.4500,197.3100,189.5600,191.4200,3504700,ZS,203.2750,199.1008,195.5260,198.2512,196.5564,195.4120,188.5284,191.7132
2025-03-06,202.1600,211.2200,199.1200,200.7100,6523500,ZS,203.1335,199.3922,195.9050,198.4045,196.7183,195.5456,188.6427,191.8172
2025-03-07,208.7600,209.1400,198.0000,204.9250,4346500,ZS,203.3600,200.2843,196.3326,198.8106,196.8509,195.8073,188.7922,191.9857
2025-03-10,194.6900,204.6000,192.7400,203.4700,3057300,ZS,202.8180,199.7515,196.5076,198.6490,196.8152,195.7852,188.8626,192.0126
2025-03-11,199.3600,204.4150,195.2000,196.4050,2431700,ZS,202.1595,199.7143,196.7496,198.6769,196.8414,195.8560,188.9745,192.0858
2025-03-12,197.7900,203.9700,195.1600,202.9400,2217000,ZS,201.5870,199.5310,196.9528,198.6421,196.8677,195.8943,189.0927,192.1425
2025-03-13,189.5800,196.4950,186.6700,196.1800,2491900,ZS,200.5090,198.5833,197.0532,198.2867,196.8480,195.7692,189.1810,192.1170
2025-03-14,197.8100,198.0000,192.0000,192.7700,1581000,ZS,199.6575,198.5096,197.3468,198.2680,196.9385,195.8096,189.3119,192.1737
2025-03-17,202.6500,204.4600,196.6600,197.7100,1850800,ZS,199.1550,198.9040,197.7916,198.4399,197.0649,195.9451,189.5043,192.2779
2025-03-18,201.5900,202.9270,196.7500,199.7000,1611400,ZS,198.3910,199.1598,198.1902,198.5634,197.2012,196.0569,189.6904,192.3706
2025-03-19,203.9500,206.6700,199.5660,199.5660,1925100,ZS,197.8550,199.6160,198.5524,198.7747,197.3791,196.2132,189.9269,192.4858
2025-03-20,203.5500,205.3900,200.9000,202.6100,952300,ZS,197.6840,199.9906,198.8492,198.9619,197.6045,196.3585,190.0949,192.5959
2025-03-21,205.2000,206.5000,197.2300,200.5300,1826400,ZS,198.0160,200.4868,199.2752,199.2066,197.8172,196.5335,190.2758,192.7213
2025-03-24,209.8700,210.1800,206.6000,208.0000,1573800,ZS,198.6570,201.3804,199.7270,199.6247,198.0663,196.7976,190.4794,192.8919
2025-03-25,215.7300,216.3900,211.2000,211.6800,2311600,ZS,199.7915,202.7470,200.2420,200.2563,198.3536,197.1725,190.6852,193.1192
2025-03-26,211.5500,216.0000,209.6300,215.2500,1675700,ZS,200.5780,203.5854,200.7432,200.6992,198.5706,197.4572,190.8483,193.3026
2025-03-27,209.4500,212.0000,205.1200,210.3500,1624800,ZS,201.4490,204.1440,201.2384,201.0424,198.7973,197.6947,190.9906,193.4632
2025-03-28,207.1400,209.8830,203.5040,208.5200,2428400,ZS,201.9945,204.4293,201.5814,201.2815,199.0608,197.8817,191.1067,193.5993
2025-03-31,198.4200,203.4950,192.2060,202.3200,3491000,ZS,202.4760,203.8570,201.7988,201.1693,199.2191,197.8924,191.1606,193.6473
2025-04-01,201.0700,201.6700,195.7170,200.0000,1911000,ZS,202.8385,203.5915,202.0686,201.1654,199.3808,197.9553,191.2218,193.7211
2025-04-02,207.0400,208.1600,198.0000,198.0400,1717400,ZS,203.3680,203.9200,202.3732,201.3958,199.5821,198.1352,191.3517,193.8537
2025-04-03,192.2100,202.8200,188.6600,202.8200,3898100,ZS,202.8705,202.8047,202.3588,201.0355,199.5739,198.0179,191.3917,193.8373
2025-04-04,174.6700,186.3400,172.8500,184.5700,5710500,ZS,201.1660,200.1252,201.9982,200.0016,199.3535,197.5556,191.3431,193.6466
2025-04-07,180.0550,186.2350,164.7800,166.8800,5738300,ZS,200.4342,198.2138,201.7299,199.2194,199.1967,197.2090,191.3464,193.5113
2025-04-08,177.0400,189.2150,174.7900,186.5800,2975300,ZS,199.3182,196.1972,201.4459,198.3496,198.9717,196.8096,191.3387,193.3475
2025-04-09,202.1200,203.1600,177.2750,177.7500,4509500,ZS,199.5347,196.7613,201.3947,198.4975,198.9025,196.9148,191.4515,193.4347
2025-04-10,195.3600,198.8300,189.2680,195.6300,3911100,ZS,199.8237,196.6278,201.2693,198.3744,198.7576,196.8840,191.5230,193.4539
2025-04-11,198.0800,199.1400,190.7600,195.1750,2313800,ZS,199.8372,196.7662,201.1743,198.3629,198.6534,196.9077,191.6008,193.4999
2025-04-14,199.4400,202.4750,196.2900,202.0000,1745900,ZS,199.6767,197.0208,201.1113,198.4051,198.6331,196.9578,191.7034,193.5590
2025-04-15,204.6400,205.0000,199.2750,199.6800,1771200,ZS,199.8292,197.7464,201.2041,198.6496,198.6510,197.1099,191.7806,193.6693
2025-04-16,202.8700,206.7950,199.4000,203.1200,1664800,ZS,199.7752,198.2344,201.1869,198.8151,198.6361,197.2240,191.8340,193.7608
2025-04-17,201.0900,203.0000,199.1000,202.8700,1785100,ZS,199.6522,198.5064,201.1089,198.9043,198.6376,197.3006,191.8464,193.8338
2025-04-21,193.7000,199.2900,191.4600,198.8800,1581700,ZS,199.0772,198.0486,200.8983,198.7002,198.5016,197.2293,191.8316,193.8324
2025-04-22,196.5200,198.6930,194.3500,196.9500,1445700,ZS,198.4097,197.9030,200.7181,198.6147,198.3572,197.2152,191.8222,193.8592
2025-04-23,200.5900,207.2300,199.5300,202.0000,2186000,ZS,197.6527,198.1589,200.4793,198.6922,198.2589,197.2820,191.8169,193.9262
2025-04-24,210.1400,212.3550,201.6970,202.2400,2642900,ZS,197.5822,199.3000,200.4973,199.1411,198.2573,197.5367,191.8594,194.0875
2025-04-25,215.5800,217.1500,209.3750,209.9000,2885000,ZS,197.8887,200.8505,200.5861,199.7858,198.3635,197.8939,191.9505,194.3013
2025-04-28,219.8600,221.5000,216.4300,219.3400,2910800,ZS,198.5247,202.6609,200.6865,200.5730,198.4962,198.3289,192.0630,194.5557
2025-04-29,223.8500,224.7000,219.8800,220.7400,2386600,ZS,199.7962,204.6789,200.9095,201.4858,198.6496,198.8343,192.2026,194.8471
2025-04-30,226.1700,226.6000,217.7600,218.9200,2247000,ZS,201.0512,206.7257,201.0955,202.4538,198.9249,199.3756,192.3240,195.1588
2025-05-01,227.0600,230.7900,226.5450,228.5000,3165000,ZS,202.0522,208.6623,201.3433,203.4188,199.1319,199.9238,192.4369,195.4762
2025-05-02,230.4700,231.9300,228.8300,230.9200,1748100,ZS,203.9652,210.7392,201.8133,204.4796,199.3805,200.5287,192.5737,195.8244
2025-05-05,232.9800,235.6700,227.9400,228.6600,2214500,ZS,206.8807,212.8574,202.5017,205.5973,199.5904,201.1713,192.7639,196.1941
2025-05-06,233.1000,235.0000,228.6800,229.6000,1992700,ZS,209.5330,214.7852,203.2227,206.6758,199.8601,201.8035,192.9776,196.5614
2025-05-07,233.5400,235.0000,230.0500,232.5000,1657500,ZS,212.3580,216.5714,204.0327,207.7293,200.1816,202.4320,193.2026,196.9293
2025-05-08,233.1500,234.5400,230.6450,233.9400,2185300,ZS,213.9095,218.1503,204.7793,208.7262,200.4339,203.0402,193.4263,197.2897
2025-05-09,233.0600,235.0000,227.6900,233.3400,2579600,ZS,215.7945,219.5703,205.5999,209.6805,200.7009,203.6347,193.6362,197.6456
2025-05-12,241.4800,241.7400,236.6200,237.2600,2553400,ZS,217.9645,221.6569,206.5049,210.9275,201.1303,204.3841,193.9345,198.0818
2025-05-13,245.0000,247.2800,240.0200,240.0200,2870700,ZS,220.2425,223.8801,207.6291,212.2637,201.5362,205.1884,194.2495,198.5487
2025-05-14,244.4500,247.0000,243.4700,244.2200,2692900,ZS,222.2330,225.8391,208.6417,213.5259,201.9762,205.9658,194.5650,199.0054
2025-05-15,245.9200,246.5000,241.5800,243.4300,3097700,ZS,224.3855,227.7516,209.6311,214.7963,202.5785,206.7570,194.8888,199.4722
2025-05-16,251.5000,253.5900,246.6800,247.7700,3083700,ZS,226.9060,230.0133,210.6179,216.2356,203.2614,207.6430,195.2626,199.9899
2025-05-19,252.5700,253.7200,247.3000,248.4800,2046900,ZS,229.8495,232.1616,211.4941,217.6605,203.9133,208.5327,195.6287,200.5131
2025-05-20,251.9500,252.2800,248.9500,250.7900,1985100,ZS,232.6210,234.0462,212.6393,219.0052,204.5734,209.3924,196.0162,201.0249
2025-05-21,248.7200,253.9400,247.7100,249.6050,2566700,ZS,235.0275,235.4437,213.6265,220.1705,205.1880,210.1712,196.4122,201.4995
2025-05-22,252.8200,254.5900,247.7000,249.1000,2173300,ZS,237.1615,237.0986,214.7271,221.4508,205.8399,211.0157,196.8502,202.0101
2025-05-23,254.1000,255.8670,248.6100,249.9000,2004000,ZS,239.0875,238.7178,216.0175,222.7312,206.5353,211.8689,197.2919,202.5284
2025-05-27,257.3000,259.4000,256.1400,257.7000,1758700,ZS,240.9595,240.4875,217.2073,224.0868,207.2770,212.7685,197.7474,203.0734
2025-05-28,253.6500,256.0000,252.5000,256.0000,2223400,ZS,242.4495,241.7411,218.2273,225.2462,208.0094,213.5780,198.1571,203.5767
2025-05-29,251.1100,255.1600,248.7400,255.0000,4203600,ZS,243.6965,242.6334,219.2177,226.2604,208.7039,214.3212,198.5409,204.0496
2025-05-30,275.7000,276.4900,262.6100,262.8300,9946300,ZS,246.1285,245.7826,220.6527,228.1993,209.6025,215.5366,199.0566,204.7626
2025-06-02,293.1800,293.5300,276.3500,276.6200,5827300,ZS,249.2640,250.2966,222.4453,230.7475,210.6472,217.0741,199.6301,205.6423
2025-06-03,295.0300,298.0000,290.2200,292.7200,4123600,ZS,252.3665,254.5569,224.2419,233.2684,211.7585,218.6178,200.1853,206.5318
2025-06-04,296.8500,303.4200,294.1250,295.4800,3231500,ZS,255.5540,258.5848,225.9815,235.7618,212.8542,220.1670,200.7179,207.4305
2025-06-05,300.8800,303.7270,298.3300,299.3100,2503900,ZS,258.9210,262.6130,227.6845,238.3155,213.9632,221.7652,201.2578,208.3603
2025-06-06,303.0300,306.7750,302.1020,302.6300,3016200,ZS,262.4150,266.4622,229.5141,240.8533,215.1286,223.3745,201.7954,209.3023
2025-06-09,299.9000,305.5000,299.5900,303.6050,2294100,ZS,265.7570,269.6467,231.3231,243.1688,216.2807,224.8898,202.3092,210.2038
2025-06-10,297.9700,303.9600,296.2050,300.0000,1637000,ZS,268.5815,272.3442,233.1397,245.3179,217.3605,226.3369,202.7967,211.0771
2025-06-11,299.8600,302.9800,296.2200,297.4000,2007400,ZS,271.3245,274.9647,235.1685,247.4568,218.4836,227.7928,203.3071,211.9605
2025-06-12,301.4300,306.4900,300.1000,300.1000,1827400,ZS,274.1735,277.4852,237.1757,249.5734,219.6221,229.2510,203.8171,212.8507
2025-06-13,301.9500,305.6100,300.5000,301.9500,2066600,ZS,276.9750,279.8152,239.0739,251.6274,220.7235,230.6906,204.3377,213.7373
2025-06-16,305.0200,309.1850,303.5500,304.0600,2567400,ZS,279.6510,282.2157,241.3301,253.7212,221.8444,232.1625,204.8767,214.6456
2025-06-17,307.3100,307.9900,299.5200,303.1350,2885300,ZS,282.3880,284.6056,243.9829,255.8227,222.9905,233.6505,205.4434,215.5676
2025-06-18,305.4100,308.6600,302.3850,306.3250,2019900,ZS,285.0610,286.5870,246.4900,257.7673,224.1099,235.0715,205.9842,216.4615
2025-06-20,302.9400,308.4000,300.2600,305.4900,3365500,ZS,287.7720,288.1444,249.0080,259.5388,225.2269,236.4154,206.4990,217.3220
2025-06-23,310.4600,311.7110,298.4300,302.4600,3054900,ZS,290.6540,290.2697,251.1748,261.5357,226.2847,237.8817,207.0854,218.2488
2025-06-24,308.4600,314.6400,306.3500,311.8800,2257100,ZS,293.3720,292.0021,253.4368,263.3759,227.3530,239.2793,207.8420,219.1464
2025-06-25,311.9800,316.4400,310.9130,310.9300,2047200,ZS,296.1060,293.9048,255.7148,265.2819,228.4445,240.7189,208.5907,220.0701
2025-06-26,313.8500,317.1800,311.6620,314.3300,1878600,ZS,299.1160,295.8043,258.0030,267.1866,229.5571,242.1670,209.3760,221.0033
2025-06-27,315.3200,317.2600,312.5500,314.7050,2548900,ZS,302.3265,297.6630,260.2166,269.0741,230.7103,243.6156,210.1568,221.9417
2025-06-30,313.9400,314.3300,306.1100,306.5850,2523100,ZS,304.2385,299.2132,262.4380,270.8336,231.8124,245.0082,210.9470,222.8571
2025-07-01,307.3200,316.8200,301.8500,314.5000,4228500,ZS,304.9455,299.9852,264.5626,272.2644,232.8357,246.2421,211.6751,223.6976
2025-07-02,309.3300,312.4550,305.5300,307.0800,1632800,ZS,305.6605,300.8752,266.8752,273.7180,233.8867,247.4913,212.3882,224.5496
2025-07-03,314.7700,316.4500,308.1050,310.4900,1367900,ZS,306.5565,302.1985,269.2402,275.3279,234.9791,248.8236,213.1117,225.4473
2025-07-07,315.4500,316.0150,309.6770,312.8600,1733400,ZS,307.2850,303.4606,271.5374,276.9013,236.0083,250.1429,213.8301,226.3429
2025-07-08,312.4400,318.4600,307.1600,316.7800,1815300,ZS,307.7555,304.3158,273.5834,278.2950,237.0403,251.3765,214.5407,227.1996
2025-07-09,316.5000,317.2800,311.5000,315.0000,1681500,ZS,308.5855,305.4762,275.6018,279.7932,238.0939,252.6661,215.2806,228.0881
2025-07-10,296.1800,316.0000,296.0600,315.9400,3561200,ZS,308.4960,304.5908,277.1282,280.4358,238.9073,253.5277,215.8986,228.7657
2025-07-11,289.7400,298.7000,289.0000,297.3900,2273500,ZS,307.9900,303.1764,278.4460,280.8007,239.6777,254.2448,216.4837,229.3724
2025-07-14,291.1400,295.0000,286.7000,288.2000,1780600,ZS,307.4755,302.0301,279.7454,281.2061,240.4204,254.9754,217.0655,229.9870
2025-07-15,288.9000,292.1700,287.3300,291.6000,1534800,ZS,306.8230,300.7796,280.9822,281.5079,241.1627,255.6472,217.6392,230.5732
2025-07-16,287.7600,291.6500,284.5400,289.8250,1666100,ZS,305.9600,299.5397,282.1280,281.7531,241.9706,256.2831,218.2193,231.1422
2025-07-17,286.2900,289.0500,285.5400,287.5900,2163300,ZS,304.9090,298.2778,283.1942,281.9310,242.8479,256.8773,218.7961,231.6909
2025-07-18,288.7200,289.6700,284.6100,286.6350,1819100,ZS,304.0745,297.3675,284.3066,282.1972,243.7646,257.5078,219.3808,232.2584
2025-07-21,288.4300,293.6500,285.8000,290.2150,1348300,ZS,303.3490,296.5163,285.4044,282.4416,244.7185,258.1202,219.9683,232.8173
2025-07-22,285.7100,289.2400,283.4700,288.4900,1160100,ZS,302.1115,295.4872,286.4556,282.5698,245.6174,258.6665,220.5619,233.3436
2025-07-23,283.3700,286.3100,280.0000,285.0750,1249100,ZS,300.8570,294.3331,287.4618,282.6012,246.5308,259.1557,221.1303,233.8414
2025-07-24,284.3000,286.3350,281.1900,283.6000,1036700,ZS,299.4730,293.3776,288.3182,282.6678,247.4115,259.6536,221.7036,234.3435
2025-07-25,286.1850,289.3100,283.9900,284.2450,1005400,ZS,298.0897,292.6926,289.1419,282.8057,248.3855,260.1789,222.2649,234.8593
2025-07-28,289.0400,290.0000,285.6500,288.1100,1166600,ZS,296.7757,292.3447,290.0337,283.0502,249.3377,260.7505,222.8494,235.3984
2025-07-29,290.0700,293.6340,286.5500,290.8400,1963100,ZS,295.5822,292.1281,290.9167,283.3255,250.2739,261.3310,223.4151,235.9424
2025-07-30,287.7300,290.8600,283.4000,290.7600,1056900,ZS,294.6027,291.7092,291.6413,283.4982,251.1296,261.8538,223.9239,236.4577
2025-07-31,285.5600,292.0000,282.2500,291.1000,1779900,ZS,293.4143,291.1236,292.3011,283.5791,251.8976,262.3232,224.3742,236.9463
2025-08-01,280.2700,283.6950,274.3000,281.4500,3244100,ZS,291.6893,290.0899,292.8675,283.4493,252.7534,262.6786,224.7843,237.3774
2025-08-04,285.8600,286.1800,278.1100,281.9400,2271400,ZS,290.2097,289.6871,293.6103,283.5438,253.6184,263.1376,225.2299,237.8598
2025-08-05,281.9600,287.1200,281.6800,286.3500,999800,ZS,288.6857,288.9511,294.1931,283.4817,254.4601,263.5104,225.6639,238.2986
2025-08-06,289.3200,289.4400,282.1100,283.3500,996500,ZS,287.3267,288.9863,294.8975,283.7107,255.4575,264.0214,226.1527,238.8063
2025-08-07,272.5000,291.0700,265.8800,291.0700,3192400,ZS,286.1427,287.4162,295.2015,283.2711,256.2044,264.1893,226.5714,239.1415
2025-08-08,269.6950,274.8300,268.2600,273.6300,1673600,ZS,285.1405,285.7284,295.5224,282.7387,256.8748,264.2984,226.9699,239.4455
2025-08-11,271.1800,276.2300,267.1100,268.8300,1281000,ZS,284.1425,284.3429,295.9238,282.2854,257.5707,264.4346,227.3860,239.7613
2025-08-12,275.4300,275.6300,269.5100,272.6100,1123800,ZS,283.4690,283.4940,295.9184,282.0165,258.2855,264.6524,227.8323,240.1162
2025-08-13,277.7700,280.0000,274.8130,279.0500,1269300,ZS,282.9695,282.9489,295.6102,281.8500,259.0277,264.9121,228.3161,240.4909
2025-08-14,270.9900,276.8200,269.7200,274.7100,1014800,ZS,282.2045,281.8099,295.1294,281.4241,259.6856,265.0325,228.7514,240.7944
2025-08-15,274.9700,275.5600,270.5180,271.4200,877400,ZS,281.5170,281.1585,294.6918,281.1710,260.3366,265.2292,229.2015,241.1344
2025-08-18,277.0300,277.3350,273.9000,275.4700,969800,ZS,280.9470,280.7653,294.2148,281.0086,260.9496,265.4629,229.6516,241.4916
2025-08-19,274.9200,282.5500,273.9100,280.3500,1151200,ZS,280.4075,280.2086,293.6526,280.7699,261.5833,265.6502,230.0770,241.8242
2025-08-20,273.8050,277.5000,270.3600,274.2600,1043600,ZS,279.9292,279.5988,293.1307,280.4967,262.2269,265.8117,230.5121,242.1424
2025-08-21,270.3500,273.5000,268.7800,273.5000,805900,ZS,279.2317,278.7179,292.5783,280.0988,262.8590,265.9015,230.9599,242.4231
2025-08-22,272.5150,276.7900,269.1400,270.4000,882600,ZS,278.5482,278.1272,292.0314,279.8014,263.5999,266.0325,231.4095,242.7225
2025-08-25,269.6600,275.4650,269.1300,273.9500,820500,ZS,277.5792,277.3208,291.3960,279.4037,264.2858,266.1043,231.8333,242.9905
2025-08-26,267.6800,271.7700,265.8600,269.1000,1246400,ZS,276.4597,276.4026,290.7106,278.9440,264.8922,266.1355,232.2372,243.2362
2025-08-27,273.0700,273.7700,267.5100,269.5600,1031500,ZS,275.7267,276.0852,290.0716,278.7136,265.7008,266.2729,232.6374,243.5331
2025-08-28,280.4200,283.6500,272.9300,272.9300,1698900,ZS,275.4697,276.4980,289.5338,278.7805,266.7583,266.5530,233.0559,243.9001
2025-08-29,277.0500,284.7000,274.6700,282.9400,1494200,ZS,275.3087,276.5506,288.9666,278.7127,267.7283,266.7609,233.4625,244.2299
2025-09-02,274.5700,280.9800,268.5400,279.7100,5561400,ZS,274.7443,276.3620,288.3992,278.5502,268.7036,266.9155,233.8377,244.5318
2025-09-03,270.5800,274.5000,260.4000,272.5000,6038300,ZS,274.1753,275.8113,287.6016,278.2376,269.3882,266.9881,234.1454,244.7910
2025-09-04,268.2500,270.0000,262.9000,269.8700,2091400,ZS,273.1217,275.0912,286.7974,277.8460,270.1171,267.0130,234.4374,245.0244
2025-09-05,274.2000,274.2000,267.0000,269.6200,1621100,ZS,273.2068,275.0063,286.0418,277.7030,270.8783,267.1554,234.7659,245.3148
2025-09-08,281.6000,281.7600,273.7340,275.0000,1839700,ZS,273.8020,275.6343,285.3968,277.8558,271.6999,267.4414,235.1665,245.6758
2025-09-09,282.2900,284.3400,279.0000,281.3500,1634400,ZS,274.3575,276.2682,284.7362,278.0297,272.4764,267.7354,235.5637,246.0401
2025-09-10,278.7900,288.8900,276.3100,284.3000,1836000,ZS,274.5255,276.5083,284.0332,278.0595,273.2356,267.9543,235.9359,246.3660
2025-09-11,286.6600,292.9400,281.4500,282.0500,1946700,ZS,274.9700,277.4752,283.6200,278.3968,274.0913,268.3247,236.3645,246.7669
2025-09-12,283.1900,288.5300,282.4600,286.9000,1357300,ZS,275.5800,278.0194,283.0972,278.5848,274.9862,268.6191,236.7439,247.1293
2025-09-15,285.6600,289.5800,283.6100,284.6700,1268500,ZS,276.1145,278.7471,282.5150,278.8622,275.8776,268.9565,237.1174,247.5127
2025-09-16,281.9600,285.6500,277.0720,285.6000,1846000,ZS,276.3610,279.0531,281.8452,278.9837,276.6913,269.2140,237.4751,247.8555
2025-09-17,279.4600,286.7900,277.0600,281.9600,1297800,ZS,276.5880,279.0919,281.1856,279.0024,277.3845,269.4169,237.8209,248.1700
2025-09-18,291.1100,291.7300,281.9400,282.4500,2161300,ZS,277.4533,280.2364,280.6778,279.4772,278.1398,269.8465,238.2517,248.5972
2025-09-19,294.2700,294.6500,289.2450,292.6700,2050000,ZS,278.6493,281.5730,280.6396,280.0573,278.8839,270.3301,238.6901,249.0517
2025-09-22,291.5700,294.4600,286.5100,293.8200,1070700,ZS,279.6020,282.5251,280.6762,280.5088,279.5611,270.7507,239.1054,249.4748
2025-09-23,289.2900,293.5700,287.3300,290.9700,1011300,ZS,280.5835,283.1693,280.6392,280.8531,280.1923,271.1178,239.5586,249.8709
2025-09-24,284.4200,291.2500,283.0800,289.2900,1031200,ZS,281.4205,283.2885,280.5496,280.9930,280.7659,271.3812,239.9489,250.2147
2025-09-25,286.6600,287.7500,279.4200,281.5700,852600,ZS,282.1000,283.6096,280.5276,281.2153,281.3278,271.6838,240.3542,250.5773
2025-09-26,294.6500,296.8800,285.7000,287.0000,1541600,ZS,282.8115,284.6610,280.6948,281.7421,281.9445,272.1386,240.7675,251.0159
2025-09-29,296.9000,300.8100,293.5100,297.1100,1418600,ZS,283.8040,285.8266,280.8584,282.3365,282.5825,272.6289,241.2213,251.4724
2025-09-30,299.6600,300.2100,291.5700,295.8400,1886200,ZS,285.0585,287.1441,281.0830,283.0159,283.2437,273.1642,241.7127,251.9519
2025-10-01,304.5300,305.9100,297.1350,298.6100,1921100,ZS,286.7560,288.7999,281.4594,283.8596,283.9575,273.7853,242.1957,252.4751
2025-10-02,307.5800,307.7900,302.1500,306.0000,1247400,ZS,288.7225,290.5885,281.9436,284.7898,284.7027,274.4545,242.7018,253.0234
2025-10-03,305.4100,309.7900,301.7100,308.0700,977600,ZS,290.2830,292.0001,282.3658,285.5984,285.3420,275.0675,243.2362,253.5446
2025-10-06,305.2400,311.0000,303.7700,307.4000,981200,ZS,291.4650,293.2610,282.7469,286.3687,285.9444,275.6649,243.7403,254.0590
2025-10-07,292.7500,305.5000,287.7440,305.4900,1782900,ZS,291.9880,293.2123,282.8211,286.6189,286.4274,276.0032,244.2018,254.4440
2025-10-08,313.8900,315.0000,294.9200,297.3000,2129600,ZS,293.7430,295.1816,283.2975,287.6884,287.1071,276.7535,244.8428,255.0355
2025-10-09,315.2100,316.0400,309.7000,312.5450,1026100,ZS,295.1705,297.0891,283.8471,288.7677,287.7442,277.5150,245.5028,255.6343
2025-10-10,309.8800,319.8900,309.5210,315.4400,1511000,ZS,296.5050,298.3073,284.3335,289.5956,288.3173,278.1559,246.1153,256.1740
2025-10-13,313.0400,319.8900,312.4200,315.0000,1125500,ZS,297.8740,299.7104,284.9889,290.5150,288.9282,278.8467,246.7508,256.7398
2025-10-14,301.8000,307.3290,299.4800,306.6600,1537500,ZS,298.8660,299.9094,285.3077,290.9575,289.4590,279.3012,247.3235,257.1882
2025-10-15,302.3500,306.2050,298.6400,305.8000,1103100,ZS,300.0105,300.1418,285.7155,291.4043,289.9543,279.7576,247.8971,257.6376
2025-10-16,299.2400,309.6700,296.2200,303.7800,1090900,ZS,300.4170,300.0560,285.9139,291.7116,290.4057,280.1434,248.4705,258.0515
2025-10-17,300.2500,301.1200,295.2400,296.9700,836800,ZS,300.7160,300.0744,286.4689,292.0464,290.8352,280.5415,249.0561,258.4714
2025-10-20,305.9000,307.1900,301.2700,301.2700,880700,ZS,301.4325,300.6293,287.1930,292.5897,291.3577,281.0437,249.6836,258.9433
2025-10-21,310.3700,311.2900,303.7800,305.7400,748500,ZS,302.4865,301.5569,287.9768,293.2870,291.9503,281.6244,250.3271,259.4551
2025-10-22,307.9200,311.3400,302.5800,308.9800,1171400,ZS,303.6615,302.1629,288.6266,293.8608,292.2725,282.1451,250.9375,259.9373
2025-10-23,318.7700,319.2060,307.9950,308.0000,1397100,ZS,305.2670,303.7446,289.4466,294.8376,292.5284,282.8704,251.5878,260.5227
2025-10-24,323.0000,327.3950,321.0000,321.3800,1063900,ZS,306.6845,305.5784,290.4868,295.9420,292.8081,283.6650,252.2833,261.1444
2025-10-27,326.3300,327.7100,321.7400,325.8000,1295800,ZS,308.1560,307.5548,291.5140,297.1337,293.1029,284.5099,252.9786,261.7930
2025-10-28,328.9800,329.3000,323.7990,327.0950,1086700,ZS,309.6220,309.5953,292.5530,298.3826,293.3839,285.3904,253.6736,262.4615
2025-10-29,320.9600,323.0000,317.1800,321.3700,1210700,ZS,310.4435,310.6776,293.4738,299.2680,293.5632,286.0948,254.3459,263.0436
2025-10-30,322.0400,327.8500,319.1800,320.9600,913200,ZS,311.1665,311.7597,294.4385,300.1610,293.7846,286.8066,255.0327,263.6306
2025-10-31,331.1400,333.2700,324.4200,326.0850,1632000,ZS,312.4530,313.6055,295.6543,301.3759,294.1163,287.6845,255.7384,264.3023
2025-11-03,336.2700,336.9900,329.6100,331.7300,1088000,ZS,314.0045,315.7640,296.9294,302.7443,294.4804,288.6466,256.4820,265.0184
2025-11-04,328.3000,335.7000,325.1000,329.2300,1067500,ZS,315.7820,316.9579,298.1022,303.7465,294.7491,289.4318,257.1856,265.6481
2025-11-05,323.9000,328.0000,317.4000,327.2100,1419100,ZS,316.2825,317.6191,299.2266,304.5368,294.9686,290.1143,257.8461,266.2277
2025-11-06,317.9200,322.3700,309.5800,319.8500,1242500,ZS,316.4180,317.6477,300.1236,305.0616,295.0976,290.6649,258.4710,266.7421
2025-11-07,320.0100,320.6300,313.0000,315.9500,1503100,ZS,316.9245,317.8727,300.9154,305.6478,295.2246,291.2460,259.1076,267.2721
2025-11-10,328.9000,331.6600,321.5800,323.9800,1027900,ZS,317.7175,318.9229,301.9524,306.5597,295.4595,291.9916,259.7847,267.8853
2025-11-11,331.2900,333.2600,328.2100,328.9000,1457300,ZS,319.1920,320.1007,303.0868,307.5295,295.7430,292.7698,260.4850,268.5162
2025-11-12,317.0800,333.9000,315.9000,332.0000,1080400,ZS,319.9285,319.8131,304.0168,307.9040,295.8092,293.2512,261.0470,268.9994
2025-11-13,308.6000,316.8500,307.2000,315.3000,1169100,ZS,320.3965,318.7451,304.8238,307.9313,295.8106,293.5551,261.5818,269.3935
2025-11-14,299.4500,307.0000,292.1800,303.7600,2170400,ZS,320.3565,316.9075,305.3288,307.5987,295.6853,293.6719,262.0649,269.6925
2025-11-17,294.9200,304.8000,292.1900,299.2250,1053300,ZS,319.8075,314.8135,305.5952,307.1015,295.4960,293.6966,262.5266,269.9436
2025-11-18,293.1100,297.9990,289.6800,294.9200,1184100,ZS,318.9445,312.7465,305.8116,306.5528,295.2739,293.6850,262.9921,270.1741
2025-11-19,291.8100,297.1700,289.4300,292.6900,1409300,ZS,318.1390,310.7525,306.0720,305.9747,295.0526,293.6479,263.4325,270.3893
2025-11-20,279.7300,298.4850,278.3800,295.0000,1455100,ZS,316.1870,307.7980,305.9334,304.9455,294.7767,293.3723,263.8062,270.4823
2025-11-21,275.0100,280.0000,269.0900,278.0200,1525100,ZS,313.7875,304.6753,305.7698,303.7715,294.4335,293.0086,264.1601,270.5273
2025-11-24,280.3500,285.2900,277.7500,279.0000,2162400,ZS,311.4885,302.3586,305.6636,302.8530,294.0893,292.7580,264.5342,270.6251
2025-11-25,289.7300,291.8000,278.0700,278.8000,3319500,ZS,309.5260,301.1559,305.8190,302.3384,293.8321,292.6980,264.9202,270.8152
2025-11-26,251.9700,270.0900,251.5300,270.0900,9823400,ZS,306.0765,296.4715,305.2692,300.3632,293.2274,291.8915,265.1339,270.6277
2025-11-28,251.5000,256.3300,249.6800,252.4150,2888200,ZS,302.5495,292.1885,304.4770,298.4470,292.5774,291.0917,265.3357,270.4373
2025-12-01,243.2800,248.3200,241.9100,247.1000,3585000,ZS,298.1565,287.5306,303.4572,296.2836,292.0484,290.1449,265.4779,270.1671
2025-12-02,241.6800,245.4200,240.2000,244.4000,3212800,ZS,293.4270,283.1639,302.4594,294.1423,291.5678,289.1852,265.6228,269.8837
2025-12-03,243.6600,243.9300,237.7700,240.7300,2226800,ZS,289.1950,279.4016,301.5468,292.1626,291.0930,288.2837,265.7567,269.6227
2025-12-04,241.8500,244.3790,240.0200,243.4200,1695600,ZS,285.0925,275.8252,300.6954,290.1895,290.6225,287.3643,265.8926,269.3464
2025-12-05,242.6800,245.7600,241.1800,243.7200,1772600,ZS,281.3305,272.6685,299.8158,288.3264,290.1717,286.4794,266.0712,269.0810
2025-12-08,244.8800,249.6400,243.4600,243.5000,2077300,ZS,277.5740,270.0220,298.8204,286.6226,289.7576,285.6557,266.3028,268.8402
2025-12-09,243.0100,244.7200,241.2900,244.0100,1518200,ZS,273.2795,267.4494,297.7426,284.9123,289.3005,284.8112,266.5326,268.5832
2025-12-10,243.2900,245.1200,238.8500,242.2400,1692700,ZS,268.8795,265.1485,296.6152,283.2801,288.8491,283.9890,266.7838,268.3316
2025-12-11,242.0800,243.4900,237.8700,241.2000,1294300,ZS,265.1295,262.9515,295.3662,281.6644,288.4128,283.1591,267.0151,268.0703
2025-12-12,236.2800,243.0650,233.9380,241.8000,1880900,ZS,261.5135,260.4114,293.9402,279.8846,287.9419,282.2308,267.2364,267.7540
2025-12-15,230.3100,237.6700,230.0600,237.5000,1820000,ZS,258.0565,257.5446,292.4382,277.9405,287.4020,281.2027,267.4068,267.3814
2025-12-16,232.7800,233.9830,228.6600,233.0000,2247800,ZS,254.9495,255.1861,290.9890,276.1695,286.8680,280.2438,267.6267,267.0371
2025-12-17,226.4300,234.8200,226.2400,232.7900,1730100,ZS,251.6155,252.4474,289.6626,274.2189,286.2419,279.1782,267.7898,266.6331
2025-12-18,231.0900,231.6450,228.2300,228.5850,1505900,ZS,248.5795,250.4134,288.0066,272.5276,285.6521,278.2260,267.9630,266.2794
2025-12-19,232.5500,233.4100,229.1300,231.1100,3695000,ZS,246.2205,248.7121,286.3534,270.9599,285.1002,277.3215,268.1149,265.9438
2025-12-22,232.0500,234.9310,228.4050,233.8200,1553000,ZS,244.0725,247.1252,284.7968,269.4340,284.5651,276.4250,268.2314,265.6066
2025-12-23,229.3200,231.6900,227.7000,230.0000,1093100,ZS,241.5210,245.4295,283.1224,267.8609,284.0557,275.4922,268.4045,265.2455
2025-12-24,229.6000,229.9300,226.7800,229.2600,606800,ZS,238.5145,243.9219,281.6784,266.3605,283.4931,274.5835,268.5557,264.8908
2025-12-26,230.5200,231.0600,228.6250,229.4300,553900,ZS,237.4420,242.6455,280.2418,264.9549,282.9787,273.7109,268.7194,264.5488
2025-12-29,228.0200,230.7600,227.3500,229.1300,1223100,ZS,236.2680,241.2526,278.8174,263.5065,282.3657,272.8062,268.9116,264.1854
2025-12-30,227.4200,228.7500,226.5000,227.6500,736100,ZS,235.4750,239.9352,277.3608,262.0914,281.9149,271.9074,269.0596,263.8195
2025-12-31,224.9200,227.4000,224.8780,226.8800,993700,ZS,234.6370,238.5052,275.7412,260.6337,281.4671,270.9770,269.1710,263.4325
2026-01-02,220.5700,226.7200,217.2340,226.7200,1694800,ZS,233.4825,236.7971,273.9452,259.0625,280.9610,269.9788,269.2659,263.0060
2026-01-05,222.7600,227.7040,221.6300,221.7000,1312700,ZS,232.5280,235.4602,272.2420,257.6389,280.4343,269.0438,269.3599,262.6055
2026-01-06,222.0300,223.4290,218.8900,222.6100,1535200,ZS,231.4955,234.1812,270.3072,256.2425,279.8769,268.1128,269.4523,262.2018
2026-01-07,231.1600,231.4800,222.1800,223.0150,2135400,ZS,230.8095,233.8934,268.4704,255.2589,279.4786,267.3811,269.5821,261.8929
2026-01-08,220.3200,230.7900,219.3800,230.6500,2006600,ZS,229.6750,232.6007,266.3502,253.8887,278.9321,266.4492,269.6344,261.4793
2026-01-09,216.7300,221.5100,215.3280,220.7400,1592800,ZS,228.3470,231.0892,264.1052,252.4315,278.3291,265.4647,269.6394,261.0340
2026-01-12,216.6300,217.0150,213.4900,215.0800,1380900,ZS,227.0745,229.7122,262.0186,251.0275,277.7462,264.4976,269.6648,260.5922
2026-01-13,216.8450,219.5800,212.5000,216.5300,1505700,ZS,226.1028,228.4867,259.9147,249.6870,277.1766,263.5540,269.7017,260.1569
2026-01-14,214.2700,221.7900,209.4100,216.9300,2184000,ZS,225.3008,227.1327,257.5773,248.2981,276.6158,262.5781,269.7374,259.7003
2026-01-15,210.5800,218.0100,210.4090,214.2900,1570700,ZS,224.1908,225.5563,255.0635,246.8190,275.9965,261.5484,269.7982,259.2115
2026-01-16,213.9800,215.2000,208.8800,211.4000,1875100,ZS,223.5683,224.4538,252.7771,245.5312,275.4397,260.6065,269.8627,258.7615
2026-01-20,206.3200,210.4600,205.5900,209.2700,1697700,ZS,222.3298,222.7268,250.4255,243.9935,274.8261,259.5315,269.8592,258.2396
2026-01-21,208.6600,211.6350,204.6700,206.3200,1679800,ZS,221.1353,221.3871,248.2403,242.6079,274.1820,258.5241,269.9414,257.7463
2026-01-22,208.3100,211.3650,207.3700,211.2100,1236700,ZS,219.9483,220.1416,246.0063,241.2628,273.4609,257.5298,270.1096,257.2544
2026-01-23,209.6200,210.6500,207.3200,209.1400,1510300,ZS,218.9633,219.1396,243.6207,240.0219,272.7866,256.5811,270.2574,256.7804
2026-01-26,214.5500,216.7000,211.0080,212.2000,1420900,ZS,218.2108,218.7025,241.2859,239.0230,272.1864,255.7488,270.4450,256.3602
2026-01-27,219.6700,229.0000,219.1250,224.0000,3415600,ZS,217.6683,218.7946,239.3377,238.2641,271.6773,255.0344,270.5327,255.9952
2026-01-28,213.9500,221.9460,213.2200,221.1600,1425000,ZS,216.9648,218.3332,237.4447,237.3106,271.1343,254.2208,270.6257,255.5768
2026-01-29,200.6300,210.6600,197.4700,209.5100,3090400,ZS,215.6253,216.6472,235.4683,235.8722,270.3986,253.1596,270.6384,255.0301
2026-01-30,200.0100,203.5000,199.0000,200.4950,1569100,ZS,214.3798,215.0627,233.5701,234.4658,269.5827,252.1071,270.6413,254.4826
2026-02-02,200.6100,203.2000,198.0000,199.7600,1418200,ZS,213.3818,213.6863,231.7201,233.1381,268.7659,251.0874,270.6211,253.9466
2026-02-03,188.0500,198.5000,183.9100,198.2300,3162800,ZS,211.6463,211.2447,229.6449,231.3700,267.8585,249.8391,270.5470,253.2909
2026-02-04,185.7900,188.2300,177.6600,186.5000,2407500,ZS,209.8343,208.8205,227.7661,229.5825,266.8498,248.5708,270.4705,252.6192
2026-02-05,169.3900,188.2300,169.1800,187.1100,3189500,ZS,206.7458,205.0652,225.6537,227.2220,265.7118,247.0029,270.3490,251.7911
2026-02-06,167.3300,172.5100,162.9400,171.6000,4527200,ZS,204.0963,201.4713,223.3933,224.8733,264.5285,245.4252,270.2030,250.9507
2026-02-09,170.1800,171.2800,162.8730,167.9850,2651700,ZS,201.7688,198.4912,221.0023,222.7285,263.4107,243.9352,270.0510,250.1470
2026-02-10,174.3400,176.8390,169.3300,171.7600,2409200,ZS,199.6542,196.1911,219.4497,220.8309,262.3595,242.5571,269.8720,249.3927
2026-02-11,171.0000,175.8700,165.3600,175.6200,2670100,ZS,197.3620,193.7919,217.8397,218.8767,261.1584,241.1401,269.6491,248.6126
2026-02-12,170.9000,173.9900,163.0000,171.9900,2499300,ZS,195.1935,191.6118,216.3921,216.9953,259.9247,239.7492,269.4043,247.8394
2026-02-13,177.7200,179.9000,172.4300,174.3400,2434100,ZS,193.5505,190.2887,215.1129,215.4551,258.7862,238.5209,269.1736,247.1417
2026-02-17,172.5900,176.8500,169.6100,175.8250,2038100,ZS,191.4810,188.6031,213.6915,213.7741,257.6192,237.2154,268.9057,246.3999
2026-02-18,172.1300,172.6500,164.3900,167.3450,2542100,ZS,189.7715,187.0343,212.2971,212.1410,256.4963,235.9265,268.6311,245.6609
2026-02-19,168.9900,172.1000,166.3000,169.6400,3337100,ZS,187.7880,185.3158,210.8233,210.4488,255.3196,234.6011,268.3237,244.8980
2026-02-20,159.7500,172.6000,159.6600,167.0000,3268400,ZS,185.3600,182.8809,209.1207,208.4606,253.9706,233.1189,267.9575,244.0507
2026-02-23,143.2800,157.6100,141.5600,157.4400,5737100,ZS,182.0430,179.1094,207.1261,205.9045,252.4344,231.3399,267.5084,243.0480
2026-02-24,149.3600,151.1500,142.0000,143.8300,4687100,ZS,178.7835,176.2761,205.2475,203.6871,250.9314,229.7165,267.0875,242.1158
2026-02-25,155.7000,155.7900,147.1700,149.8000,3414400,ZS,175.5850,174.3165,203.5199,201.8052,249.4431,228.2508,266.7003,241.2560
2026-02-26,167.3600,167.5900,158.0000,159.5150,6407900,ZS,173.2555,173.6540,202.1415,200.4544,248.0409,227.0451,266.3718,240.5207
2026-02-27,146.9900,151.0000,140.5600,144.9500,11093300,ZS,170.5735,171.1146,200.4751,198.3578,246.4567,225.4598,265.8993,239.5900
2026-03-02,148.5800,152.6500,145.2500,146.1900,4407800,ZS,168.0020,168.9684,198.7911,196.4057,244.8901,223.9375,265.4172,238.6844
2026-03-03,154.6700,156.1400,144.4000,146.1750,3123900,ZS,165.7050,167.6067,197.3559,194.7690,243.5093,222.5658,264.9683,237.8485
2026-03-04,156.2100,159.2400,153.8000,154.9500,1996000,ZS,164.1130,166.5213,195.8583,193.2569,241.9325,221.2518,264.5198,237.0362
2026-03-05,161.9600,163.7700,155.6140,155.9300,2918700,ZS,162.9215,166.0869,194.4465,192.0296,240.4000,220.0778,264.0721,236.2891
2026-03-06,164.0600,166.1000,158.3300,161.2850,2534900,ZS,162.6550,165.8938,193.0867,190.9327,238.9418,218.9685,263.6295,235.5704
2026-03-09,162.6200,166.3000,160.7000,163.1200,2421800,ZS,162.4195,165.5820,191.7527,189.8224,237.4376,217.8527,263.1829,234.8446
2026-03-10,156.6100,164.1100,154.4400,163.5200,3082100,ZS,161.7410,164.7275,190.2929,188.5200,235.9857,216.6400,262.7223,234.0661
2026-03-11,153.8100,160.5000,151.8200,157.9700,2514200,ZS,160.7145,163.6878,188.7587,187.1588,234.5003,215.3958,262.2273,233.2675
2026-03-12,151.6100,157.4900,150.3300,152.2600,2298100,ZS,159.7450,162.5375,187.2305,185.7647,233.0240,214.1327,261.7148,232.4550
2026-03-13,153.7600,156.2000,151.0000,152.5700,2106100,ZS,158.8880,161.7016,185.7573,184.5096,231.5591,212.9372,261.1971,231.6720
2026-03-16,153.6900,155.4500,151.7400,155.2600,2032300,ZS,157.6865,160.9386,184.3327,183.3010,230.0370,211.7640,260.6973,230.8961
2026-03-17,156.0000,158.7800,152.6700,153.3700,2314400,ZS,156.8570,160.4682,183.0413,182.2304,228.4933,210.6598,260.2218,230.1508
2026-03-18,155.9900,158.6800,153.4300,153.8200,1517700,ZS,156.0500,160.0417,181.7059,181.2014,226.9740,209.5772,259.6232,229.4129
2026-03-19,155.4000,161.9000,153.8500,156.3500,1857700,ZS,155.3705,159.5997,180.3733,180.1896,225.3403,208.5044,258.9343,228.6765
2026-03-20,151.4700,153.7500,148.2800,152.7500,5082800,ZS,154.9565,158.8254,178.7795,179.0633,223.6250,207.3750,258.2165,227.9082
2026-03-23,151.8000,154.5100,150.1700,152.3850,1603400,ZS,155.3825,158.1563,177.4091,177.9941,221.8797,206.2745,257.4913,227.1509
2026-03-24,139.4100,149.9700,139.3000,149.9700,3419300,ZS,154.8850,156.3710,175.8627,176.4810,219.9840,204.9504,256.6839,226.2779
2026-03-25,139.4400,144.9400,138.8500,142.0900,2996900,ZS,154.0720,154.7585,174.3189,175.0285,218.1688,203.6532,255.8660,225.4138
2026-03-26,141.5000,145.0000,137.6000,139.1800,1936700,ZS,152.7790,153.4958,172.8120,173.7136,216.3634,202.4224,255.0740,224.5789
2026-03-27,133.1600,135.7100,128.0000,133.7900,4301800,ZS,152.0875,151.5590,171.1898,172.1233,214.3836,201.0509,254.2499,223.6692
2026-03-30,137.2600,141.4200,134.6600,135.2600,2936700,ZS,151.5215,150.1972,169.7234,170.7561,212.3935,199.7877,253.4369,222.8094
2026-03-31,140.2900,142.6100,136.1100,139.4200,1937500,ZS,150.8025,149.2537,168.2496,169.5613,210.5134,198.6096,252.6312,221.9883
2026-04-01,136.6700,139.5000,132.5800,139.4500,2734900,ZS,149.8255,148.0552,166.8566,168.2715,208.6411,197.3830,251.8048,221.1394
2026-04-02,138.5600,139.1600,134.1000,136.3800,1562900,ZS,148.6555,147.1509,165.4546,167.1063,206.8475,196.2182,250.9725,220.3177
2026-04-06,139.5200,140.7350,137.6550,139.6200,1365700,ZS,147.4285,146.4242,164.0788,166.0245,205.0426,195.0955,250.1336,219.5138
2026-04-07,142.0900,142.7000,136.2550,138.7150,1986000,ZS,146.4020,146.0114,162.7282,165.0859,203.1745,194.0459,249.3170,218.7434
2026-04-08,137.8500,150.5000,136.9700,148.5100,2564600,ZS,145.4640,145.2341,161.1942,164.0178,201.2401,192.9331,248.4915,217.9385
2026-04-09,122.2300,133.5000,120.7650,133.1000,7343500,ZS,143.8850,143.0432,159.2454,162.3791,199.2916,191.5330,247.5504,216.9861
2026-04-10,118.0500,123.3800,114.6250,122.6600,5478000,ZS,142.2070,140.6629,157.3274,160.6407,197.3861,190.0779,246.5983,216.0017
2026-04-13,122.6200,122.9600,117.9600,119.0500,3786200,ZS,140.6500,138.9446,155.7672,159.1497,195.6178,188.7421,245.6515,215.0725
2026-04-14,122.6800,126.0000,120.7900,123.5400,2905400,ZS,139.0995,137.3956,154.2206,157.7195,193.8954,187.4339,244.6957,214.1532
2026-04-15,131.0100,131.3200,122.7700,125.2000,3860500,ZS,137.8500,136.7874,152.8286,156.6721,192.2744,186.3166,243.7741,213.3259
2026-04-16,134.3300,138.0000,132.7900,134.9600,2968800,ZS,136.7670,136.5534,151.7542,155.7959,190.6996,185.2872,242.8761,212.5399
2026-04-17,134.6800,139.0000,133.5000,138.1400,2457100,ZS,135.7310,136.3750,150.7320,154.9678,189.2491,184.2851,242.0129,211.7652
2026-04-20,134.8000,137.2000,132.6000,133.8900,1944600,ZS,134.8975,136.2250,150.0402,154.1769,187.8470,183.3052,241.1402,210.9993
2026-04-21,139.6100,144.7150,135.5800,135.9500,2855600,ZS,134.2880,136.5473,149.4858,153.6057,186.4396,182.4399,240.2644,210.2890
2026-04-22,142.6600,142.7500,136.7500,137.3900,2465200,ZS,134.4505,137.1295,148.9354,153.1764,184.9689,181.6522,239.4005,209.6161
2026-04-23,132.9700,137.9900,130.3400,136.6900,3054800,ZS,134.1270,136.7334,148.1080,152.3840,183.7789,180.6882,238.5031,208.8534
2026-04-24,135.5000,135.7000,130.4200,133.3200,2319000,ZS,133.8270,136.6159,147.3980,151.7219,182.6189,179.7934,237.5981,208.1235
2026-04-27,134.1100,138.0000,133.6850,135.3500,2045700,ZS,133.8745,136.3772,146.6622,151.0313,181.5272,178.8888,236.7878,207.3871
2026-04-28,136.0700,138.3550,134.5000,135.2700,2168800,ZS,133.8150,136.3480,145.8292,150.4445,180.4711,178.0409,236.0194,206.6775
2026-04-29,134.7300,135.7150,131.7400,135.1200,1339200,ZS,133.5370,136.1939,145.0720,149.8283,179.3818,177.1832,235.2374,205.9616
2026-04-30,130.6800,132.9000,127.7900,132.9000,2376900,ZS,133.2375,135.6688,144.2430,149.0774,178.2701,176.2624,234.4463,205.2125
2026-05-01,139.8100,140.9900,131.9650,135.3500,2867500,ZS,133.3000,136.0632,143.6594,148.7139,177.2414,175.5405,233.7065,204.5617
2026-05-04,142.2000,144.9700,139.4200,140.4000,2166600,ZS,133.4340,136.6476,143.3084,148.4585,176.2146,174.8803,232.9861,203.9412
2026-05-05,141.3600,144.0000,138.9550,143.5200,2043500,ZS,133.3975,137.0964,143.2700,148.1801,175.1981,174.2166,232.2493,203.3185
2026-05-06,138.8300,139.8600,134.7400,138.6900,2268700,ZS,133.4465,137.2615,143.0594,147.8134,174.1535,173.5158,231.5013,202.6768
2026-05-07,152.7900,153.4600,147.1600,148.0000,3379000,ZS,134.9745,138.7404,143.0012,148.0086,173.2606,173.1054,230.8367,202.1804
2026-05-08,152.1300,152.1950,145.1100,149.3400,3522200,ZS,136.6785,140.0156,142.6966,148.1702,172.4191,172.6901,230.1805,201.6824
2026-05-11,148.8700,153.4500,147.6600,150.7300,2541200,ZS,137.9910,140.8589,142.7342,148.1977,171.6047,172.2184,229.5033,201.1569
2026-05-12,146.1700,150.5850,145.6800,149.3500,2323700,ZS,139.1655,141.3647,142.6860,148.1182,170.7386,171.7026,228.8033,200.6098
2026-05-13,152.4300,153.9500,143.0300,144.6900,4811400,ZS,140.2365,142.4185,142.6412,148.2872,169.9986,171.3209,228.1202,200.1304
2026-05-14,153.7000,158.0380,146.3900,153.5000,3996800,ZS,141.2050,143.4930,142.5910,148.4995,169.2247,170.9720,227.4384,199.6684
2026-05-15,161.0500,162.7300,152.1200,156.8900,4162600,ZS,142.5235,145.1651,142.5728,148.9917,168.5097,170.7755,226.8050,199.2841
2026-05-18,174.6900,178.2600,162.1000,163.3600,6203300,ZS,144.5180,147.9770,142.7854,149.9995,167.9361,170.8530,226.2506,199.0394
2026-05-19,175.2500,182.9700,173.9500,178.1100,4323700,ZS,146.3000,150.5744,143.0380,150.9897,167.3954,170.9401,225.7255,198.8027
2026-05-20,174.4500,174.8600,168.0900,168.1200,2647100,ZS,147.8895,152.8483,143.3948,151.9097,166.8439,171.0096,225.1685,198.5604
2026-05-21,171.0100,174.3730,168.6800,171.2600,2596000,ZS,149.7915,154.5780,143.7388,152.6587,166.2487,171.0096,224.6137,198.2863
2026-05-22,182.3700,183.0200,173.7920,174.7830,4003800,ZS,152.1350,157.2248,144.3540,153.8239,165.7922,171.2346,224.0790,198.1279
2026-05-26,184.6000,191.2500,181.8750,184.9600,10720400,ZS,154.6595,159.8320,144.9708,155.0308,165.3640,171.4992,223.6395,197.9933
2026-05-27,126.4100,139.6000,125.6600,137.1600,31831500,ZS,154.1765,156.6489,144.4252,153.9084,164.3789,170.6064,222.9230,197.2810
2026-05-28,130.0400,133.2500,122.3100,126.5500,16251700,ZS,153.9420,154.1147,143.9060,152.9724,163.4736,169.8031,222.2173,196.6120
2026-05-29,139.7300,139.9000,130.3650,131.7000,11010100,ZS,154.3945,152.7448,143.5808,152.4531,162.6433,169.2076,221.5388,196.0460
2026-06-01,155.7100,157.7000,143.7500,144.5000,10359600,ZS,155.1895,153.0272,143.5870,152.5808,161.9801,168.9403,220.9285,195.6446
2026-06-02,144.1500,151.0400,140.0000,149.0600,8572200,ZS,155.2870,152.1817,143.4406,152.2502,161.1100,168.4494,220.2943,195.1322
2026-06-03,134.3700,142.4700,133.5300,141.9000,7737700,ZS,154.9375,150.4854,143.0920,151.5490,160.2505,167.7746,219.5913,194.5276
2026-06-04,135.2600,137.5000,132.5000,135.6900,4378800,ZS,154.7590,149.0353,143.0090,150.9102,159.4358,167.1307,218.8825,193.9379
2026-06-05,130.7800,137.2100,128.9800,133.7550,4617900,ZS,153.6585,147.2967,142.8358,150.1208,158.5773,166.4109,218.1618,193.3095
2026-06-08,129.2500,132.0700,127.7370,130.8000,3460500,ZS,152.5145,145.5780,142.5908,149.3023,157.7014,165.6750,217.4390,192.6721
2026-06-09,125.8400,130.1450,120.8510,128.1100,4774100,ZS,151.3630,143.6982,142.4444,148.3822,156.8171,164.8862,216.7165,192.0071
2026-06-10,124.7300,128.8300,122.2150,124.0000,3928400,ZS,150.2910,141.8917,142.1938,147.4547,155.9586,164.0911,215.9775,191.3376
2026-06-11,126.1100,126.3500,119.9000,122.0000,3810600,ZS,148.9750,140.3887,141.9102,146.6176,155.0799,163.3390,215.2598,190.6886
2026-06-12,129.5200,130.0000,119.5000,124.6800,4752000,ZS,147.7660,139.3536,141.7672,145.9472,154.3119,162.6693,214.5690,190.0800
2026-06-15,130.4200,132.8000,127.5000,129.6100,3487763,ZS,146.2345,138.5027,141.6044,145.3382,153.5295,162.0307,213.8557,189.4863
